"logicalRoot","relativePath","filename","extension","byteSize","sizeMB","modifiedAt","gitTracked","gitIgnored","ignoreRule","sha256Status","sha256"
"GRIDLY_SOURCE_DATA_REPO","Audit-Output/LP028-roadway-asset-promotion-report.txt","LP028-roadway-asset-promotion-report.txt",".txt","7275","0.007","2026-07-18T21:52:58.7790138Z","False","False",,"NOT_CALCULATED",
"GRIDLY_SOURCE_DATA_REPO","Audit-Output/LP028-roadway-runtime-path-audit.txt","LP028-roadway-runtime-path-audit.txt",".txt","136898","0.131","2026-07-18T21:18:57.1208898Z","False","False",,"NOT_CALCULATED",
"GRIDLY_SOURCE_DATA_REPO","Audit-Output/LP028-roadway-source-inventory.txt","LP028-roadway-source-inventory.txt",".txt","40198","0.038","2026-07-18T21:14:55.9513913Z","False","False",,"NOT_CALCULATED",
"GRIDLY_SOURCE_DATA_REPO","Audit-Output/LP028-verified-roadway-package-audit.csv","LP028-verified-roadway-package-audit.csv",".csv","83284","0.079","2026-07-18T21:24:15.4693905Z","False","False",,"CALCULATED","828161dbd60b012cf3a0ca6aa8837e0f447f56b2358c46e25277a8e508fbdb5a"
"GRIDLY_SOURCE_DATA_REPO","Audit-Output/LP028-verified-roadway-package-audit.txt","LP028-verified-roadway-package-audit.txt",".txt","330496","0.315","2026-07-18T21:24:16.8491411Z","False","False",,"NOT_CALCULATED",
"GRIDLY_SOURCE_DATA_REPO","Census/austin-county-2025.geojson","austin-county-2025.geojson",".geojson","128085","0.122","2026-06-26T22:15:02.1691517Z","False","False",,"CALCULATED","647708ffe3a8d287e3620f8a0a5c8b288a2ef53fb7db1e7e35b6f466e022f5a3"
"GRIDLY_SOURCE_DATA_REPO","Census/austin-county-2025-wgs84.geojson","austin-county-2025-wgs84.geojson",".geojson","128088","0.122","2026-06-26T22:15:02.5634543Z","False","False",,"CALCULATED","d5a551256e5499287ac1105c4f22cefb64cf0a0d632034e907ceb7f99a2b0c65"
"GRIDLY_SOURCE_DATA_REPO","Census/brazoria-county-2025.geojson","brazoria-county-2025.geojson",".geojson","125919","0.12","2026-06-26T22:08:32.4377656Z","False","False",,"CALCULATED","a29aa02e75ed03ea03bf59bb8740dfd3f8d9bb8eecbed10c5f8b83f3ae24293e"
"GRIDLY_SOURCE_DATA_REPO","Census/brazoria-county-2025-wgs84.geojson","brazoria-county-2025-wgs84.geojson",".geojson","125922","0.12","2026-06-26T22:08:32.8413736Z","False","False",,"CALCULATED","75323185a0bb51c3ed8a47c3a9cf738832f5a223e32d65d2c460404b965f1144"
"GRIDLY_SOURCE_DATA_REPO","Census/brazos-county-2025.geojson","brazos-county-2025.geojson",".geojson","151848","0.145","2026-06-26T22:18:06.7743828Z","False","False",,"CALCULATED","30c2d55d37845fe22335c28b81a3d9a0ff793b503ba78d761cb228838afc19d1"
"GRIDLY_SOURCE_DATA_REPO","Census/brazos-county-2025-wgs84.geojson","brazos-county-2025-wgs84.geojson",".geojson","151851","0.145","2026-06-26T22:18:07.1880899Z","False","False",,"CALCULATED","290a02386f4dacb21f7ffb3301e2fce4e04c6b05f2dda10530116fcb343ada8f"
"GRIDLY_SOURCE_DATA_REPO","Census/calhoun-county-2025.geojson","calhoun-county-2025.geojson",".geojson","70144","0.067","2026-06-26T23:01:45.7566523Z","False","False",,"CALCULATED","e9c2069266cb4db1a8df6e9b9dafc1ec3f9115287df655555eb31ef94070a3bd"
"GRIDLY_SOURCE_DATA_REPO","Census/calhoun-county-2025-wgs84.geojson","calhoun-county-2025-wgs84.geojson",".geojson","70147","0.067","2026-06-26T23:01:46.1228224Z","False","False",,"CALCULATED","044742a4dbd8662863eaccd6c302a77a768703cce71bb316dac498f891c1cafa"
"GRIDLY_SOURCE_DATA_REPO","Census/chambers-county-2025.geojson","chambers-county-2025.geojson",".geojson","146445","0.14","2026-06-26T16:38:48.4678755Z","False","False",,"CALCULATED","56255fbe4e341802a0d875ff54fba21d1c38797e7eb5f45b4c7519540bcac0ff"
"GRIDLY_SOURCE_DATA_REPO","Census/chambers-county-2025-wgs84.geojson","chambers-county-2025-wgs84.geojson",".geojson","146448","0.14","2026-06-26T16:45:04.9125751Z","False","False",,"CALCULATED","5bf60d7c1d656794a278254465da0bb15273540a4481c560fa3250049293d749"
"GRIDLY_SOURCE_DATA_REPO","Census/colorado-county-2025.geojson","colorado-county-2025.geojson",".geojson","78781","0.075","2026-06-26T22:54:15.0835560Z","False","False",,"CALCULATED","e265e3ff37d9db69132651ab78e6fab8d3a98c58cdf270ccd1f1aa45783303ba"
"GRIDLY_SOURCE_DATA_REPO","Census/colorado-county-2025-wgs84.geojson","colorado-county-2025-wgs84.geojson",".geojson","78784","0.075","2026-06-26T22:54:15.4806321Z","False","False",,"CALCULATED","6c56ac55bc50c829e935bdafe67b69b59eda7e9d7478a34b1b85115a953c3edd"
"GRIDLY_SOURCE_DATA_REPO","Census/desktop.ini","desktop.ini",".ini","66","0","2026-06-26T16:32:10.1229105Z","False","False",,"NOT_CALCULATED",
"GRIDLY_SOURCE_DATA_REPO","Census/fayette-county-2025.geojson","fayette-county-2025.geojson",".geojson","28907","0.028","2026-06-26T22:55:57.8171004Z","False","False",,"CALCULATED","c35b741e0c36d59750194608333ecabc87d87c5ce39b24c0eaeb53fbfbcb7198"
"GRIDLY_SOURCE_DATA_REPO","Census/fayette-county-2025-wgs84.geojson","fayette-county-2025-wgs84.geojson",".geojson","28910","0.028","2026-06-26T22:55:58.2121136Z","False","False",,"CALCULATED","7abd1020a19c7d9c2b7c4461f26fa9d09663c4230a4a6036f24a4b540619b2fc"
"GRIDLY_SOURCE_DATA_REPO","Census/fort-bend-county-2025.geojson","fort-bend-county-2025.geojson",".geojson","130237","0.124","2026-06-26T22:10:46.4628038Z","False","False",,"CALCULATED","a03d93d53c778179daa4570ffc318a8153d072529125e9a6cd65bd75c19f3c0a"
"GRIDLY_SOURCE_DATA_REPO","Census/fort-bend-county-2025-wgs84.geojson","fort-bend-county-2025-wgs84.geojson",".geojson","130240","0.124","2026-06-26T22:10:46.8563544Z","False","False",,"CALCULATED","18d9b9d8678f2981abf01906266ad913799ff5163bd215d1687f9739aa1029e9"
"GRIDLY_SOURCE_DATA_REPO","Census/galveston-county-2025.geojson","galveston-county-2025.geojson",".geojson","138655","0.132","2026-06-26T22:06:24.3636874Z","False","False",,"CALCULATED","5b074d739227030d6f575d715bf7a03b39135272e4703473ef85017f326408a7"
"GRIDLY_SOURCE_DATA_REPO","Census/galveston-county-2025-wgs84.geojson","galveston-county-2025-wgs84.geojson",".geojson","138658","0.132","2026-06-26T22:06:24.7781231Z","False","False",,"CALCULATED","218c5d55f71fc66858d6eab44a56f54cfd901c74323d05aa5da69118fc168157"
"GRIDLY_SOURCE_DATA_REPO","Census/grimes-county-2025.geojson","grimes-county-2025.geojson",".geojson","78507","0.075","2026-06-26T22:19:56.6601967Z","False","False",,"CALCULATED","ec30c9bb9d55ca3685536a7c75269fecf15cb2689b320a92d90707dfe97552c8"
"GRIDLY_SOURCE_DATA_REPO","Census/grimes-county-2025-wgs84.geojson","grimes-county-2025-wgs84.geojson",".geojson","78510","0.075","2026-06-26T22:19:57.0369386Z","False","False",,"CALCULATED","67cc770866661a8c5463a09a0b4da25fbbe66c9ed8a63b3deb76d83348a8d154"
"GRIDLY_SOURCE_DATA_REPO","Census/hardin-county-2025.geojson","hardin-county-2025.geojson",".geojson","124475","0.119","2026-06-26T21:43:09.9795051Z","False","False",,"CALCULATED","0e88ae9bb3d524c7214a59feb2ea332fea711440b1bd907057e92ac7b833bee7"
"GRIDLY_SOURCE_DATA_REPO","Census/hardin-county-2025-wgs84.geojson","hardin-county-2025-wgs84.geojson",".geojson","124478","0.119","2026-06-26T21:43:10.3881247Z","False","False",,"CALCULATED","1074fc150fd2c7d1e0dd5b4e1b5c309176d912f6955e7a94f77d38fc2a28b6ab"
"GRIDLY_SOURCE_DATA_REPO","Census/harris-county-2025.geojson","harris-county-2025.geojson",".geojson","291869","0.278","2026-06-26T22:28:13.2915811Z","False","False",,"CALCULATED","dd8c61e072d9d1d4ebeb3a59dd48f9b9938167dbe1cd11a80a1a448948920358"
"GRIDLY_SOURCE_DATA_REPO","Census/harris-county-2025-wgs84.geojson","harris-county-2025-wgs84.geojson",".geojson","291872","0.278","2026-06-26T22:28:13.7709717Z","False","False",,"CALCULATED","bff86efafb05e8f388a8d44384bac83e120da350ad0c0eb988ffb7c4fb77e72d"
"GRIDLY_SOURCE_DATA_REPO","Census/jackson-county-2025.geojson","jackson-county-2025.geojson",".geojson","44370","0.042","2026-06-26T22:59:02.7603871Z","False","False",,"CALCULATED","7e47657ac3acd1adfb0d6805750386bd42f01732d49bb12a625cc9705d5bacbe"
"GRIDLY_SOURCE_DATA_REPO","Census/jackson-county-2025-wgs84.geojson","jackson-county-2025-wgs84.geojson",".geojson","44373","0.042","2026-06-26T22:59:03.1175286Z","False","False",,"CALCULATED","608204e127a06bf8ed258695e54dbd183872998830db5637bc10b539a2a10118"
"GRIDLY_SOURCE_DATA_REPO","Census/jasper-county-2025.geojson","jasper-county-2025.geojson",".geojson","102651","0.098","2026-06-26T22:02:13.0106902Z","False","False",,"CALCULATED","4df5d2938fdeff65ed34d9ee87d1190b6175cd80c4f040550fe8cf1ddf898f17"
"GRIDLY_SOURCE_DATA_REPO","Census/jasper-county-2025-wgs84.geojson","jasper-county-2025-wgs84.geojson",".geojson","102654","0.098","2026-06-26T22:02:13.4631022Z","False","False",,"CALCULATED","59ba29fdff1aa6e8e3b35f8e2e886101912639041d4b9f1b91dfe7ee4c88f764"
"GRIDLY_SOURCE_DATA_REPO","Census/jefferson-county-2025.geojson","jefferson-county-2025.geojson",".geojson","88063","0.084","2026-06-26T21:08:04.2647612Z","False","False",,"CALCULATED","8ea31b7447458c73cb3325c62b9f2f4cec2e84abb0e37dcfebda9c84cc417049"
"GRIDLY_SOURCE_DATA_REPO","Census/jefferson-county-2025-wgs84.geojson","jefferson-county-2025-wgs84.geojson",".geojson","88066","0.084","2026-06-26T21:08:04.6060855Z","False","False",,"CALCULATED","672e5decc1ad9bbd5f7a1f128335751e2c9939edb30ed41fb1018d41e2fee255"
"GRIDLY_SOURCE_DATA_REPO","Census/lavaca-county-2025.geojson","lavaca-county-2025.geojson",".geojson","24617","0.023","2026-06-26T22:57:39.7715244Z","False","False",,"CALCULATED","64378528109cf28be745ff16324a7a70682339e1eaba2b29b6f5155032fb47cf"
"GRIDLY_SOURCE_DATA_REPO","Census/lavaca-county-2025-wgs84.geojson","lavaca-county-2025-wgs84.geojson",".geojson","24620","0.023","2026-06-26T22:57:40.1152101Z","False","False",,"CALCULATED","11cd71a97dba1fd5de6061feff641426ac1f3d205d220c3d636eb9b200a290ed"
"GRIDLY_SOURCE_DATA_REPO","Census/matagorda-county-2025.geojson","matagorda-county-2025.geojson",".geojson","65970","0.063","2026-06-26T23:00:22.0613879Z","False","False",,"CALCULATED","1821744e7f9fc45b003ba7ae7d2f93f3ebaeccb8858338138e719aa4e253b461"
"GRIDLY_SOURCE_DATA_REPO","Census/matagorda-county-2025-wgs84.geojson","matagorda-county-2025-wgs84.geojson",".geojson","65973","0.063","2026-06-26T23:00:22.4849580Z","False","False",,"CALCULATED","78eece5350dcf582f25287ba74bcde35724166f94ec0629f352a0f80b151b899"
"GRIDLY_SOURCE_DATA_REPO","Census/montgomery-county-2025.geojson","montgomery-county-2025.geojson",".geojson","156064","0.149","2026-06-29T17:01:56.3549609Z","False","False",,"CALCULATED","a36ee4fc165e9aad9354f14d5b366ff213c077df1745fc59682a748040534074"
"GRIDLY_SOURCE_DATA_REPO","Census/montgomery-county-2025-wgs84.geojson","montgomery-county-2025-wgs84.geojson",".geojson","156067","0.149","2026-06-29T17:01:57.1589215Z","False","False",,"CALCULATED","b10393ebd549755a10195b3d3619ee06363b9061ab2d5902867097bbe546fa00"
"GRIDLY_SOURCE_DATA_REPO","Census/newton-county-2025.geojson","newton-county-2025.geojson",".geojson","81281","0.078","2026-06-26T22:03:43.3650979Z","False","False",,"CALCULATED","0db30e62a773c054a2f75bb021b6fceb7cc6bd2520ccf2da0011442bb5068ee5"
"GRIDLY_SOURCE_DATA_REPO","Census/newton-county-2025-wgs84.geojson","newton-county-2025-wgs84.geojson",".geojson","81284","0.078","2026-06-26T22:03:43.7418761Z","False","False",,"CALCULATED","ce61f1aa493c4fc9bff747f1dbffb2b17d6e813c82ef53b60121ad63c167358c"
"GRIDLY_SOURCE_DATA_REPO","Census/orange-county-2025.geojson","orange-county-2025.geojson",".geojson","56066","0.053","2026-06-26T22:00:20.4400705Z","False","False",,"CALCULATED","322ab10fcef82ec8df739afd62b4ca4fb791cf4d50de9fadb80bd98be0083c09"
"GRIDLY_SOURCE_DATA_REPO","Census/orange-county-2025-wgs84.geojson","orange-county-2025-wgs84.geojson",".geojson","56069","0.053","2026-06-26T22:00:20.8245979Z","False","False",,"CALCULATED","392de9ff3b02ce1ea3aefec83b7479bae9982bb7d6cf5bb1435c339a15d36ee9"
"GRIDLY_SOURCE_DATA_REPO","Census/polk-county-2025.geojson","polk-county-2025.geojson",".geojson","80954","0.077","2026-06-26T21:44:59.3893447Z","False","False",,"CALCULATED","da6ac9881fbf963a80ac442e937efadf9a6f32ffbd596919041659f8ed352861"
"GRIDLY_SOURCE_DATA_REPO","Census/polk-county-2025-wgs84.geojson","polk-county-2025-wgs84.geojson",".geojson","80957","0.077","2026-06-26T21:44:59.7572359Z","False","False",,"CALCULATED","3cec1bf5eb0cb064475b363704362151c0ec2b83923685221beb2fd4f7afcd67"
"GRIDLY_SOURCE_DATA_REPO","Census/TIGER2025/ROADS/tl_2025_48287_roads.zip","tl_2025_48287_roads.zip",".zip","641258","0.612","2026-08-03T21:23:40.2480501Z","False","False",,"CALCULATED","1f6c7612c657c753af9d3b368b4a4645783bac3f8f33743041580e05755cae83"
"GRIDLY_SOURCE_DATA_REPO","Census/TIGER2025/ROADS/tl_2025_48331_roads.zip","tl_2025_48331_roads.zip",".zip","914104","0.872","2026-08-03T21:23:41.4148296Z","False","False",,"CALCULATED","206968665a8a72eea15a180eaecb378ee5a262637c5f53bcc11ce3101b0715d4"
"GRIDLY_SOURCE_DATA_REPO","Census/TIGER2025/ROADS/tl_2025_48395_roads.zip","tl_2025_48395_roads.zip",".zip","896203","0.855","2026-08-03T21:23:42.1147259Z","False","False",,"CALCULATED","452d5d544600a9de1d9d2ea1a1ec8ccd826201e4400368ddeae2fd6f197c5397"
"GRIDLY_SOURCE_DATA_REPO","Census/TIGER2025/tl_2025_48051_roads.zip","tl_2025_48051_roads.zip",".zip","666613","0.636","2026-08-03T20:52:26.6495739Z","False","False",,"CALCULATED","0c675f46360c1eb177d2857f3316d6eec121e65903812a5bd205dd58dbb1f7e1"
"GRIDLY_SOURCE_DATA_REPO","Census/TIGER2025/tl_2025_48455_roads.zip","tl_2025_48455_roads.zip",".zip","911563","0.869","2026-08-03T20:52:27.8467326Z","False","False",,"CALCULATED","7b0ca6fcc65ab91192f7493e9410b67cdabcc03eeffe2fac468f2350788e1a6a"
"GRIDLY_SOURCE_DATA_REPO","Census/TIGER2025/tl_2025_48469_roads.zip","tl_2025_48469_roads.zip",".zip","771084","0.735","2026-08-03T20:52:28.5339032Z","False","False",,"CALCULATED","6875d5e71454133e588434a9e106a6f218bace36ed5d075cdd621d2b98c2fa48"
"GRIDLY_SOURCE_DATA_REPO","Census/tl_2025_us_county.zip","tl_2025_us_county.zip",".zip","83989800","80.099","2026-06-19T14:59:35.5566107Z","False","False",,"CALCULATED","9c6e9d9076abce2670d1de255de3710c35ecca00a7005d88e012dec52d95f763"
"GRIDLY_SOURCE_DATA_REPO","Census/tl_2025_us_county/tl_2025_us_county.cpg","tl_2025_us_county.cpg",".cpg","5","0","2026-06-26T16:36:00.4680979Z","False","False",,"CALCULATED","3ad3031f5503a4404af825262ee8232cc04d4ea6683d42c5dd0a2f2a27ac9824"
"GRIDLY_SOURCE_DATA_REPO","Census/tl_2025_us_county/tl_2025_us_county.dbf","tl_2025_us_county.dbf",".dbf","993755","0.948","2026-06-26T16:36:00.5247295Z","False","False",,"CALCULATED","966a258724c861daa722dfa64038df494fac089781c695a88615d9786e61a5cb"
"GRIDLY_SOURCE_DATA_REPO","Census/tl_2025_us_county/tl_2025_us_county.prj","tl_2025_us_county.prj",".prj","165","0","2026-06-26T16:36:00.5515775Z","False","False",,"CALCULATED","0b9041e921d9ebb43247d314608fe9e38a0b008ee793067fc1806199ea1fb9dd"
"GRIDLY_SOURCE_DATA_REPO","Census/tl_2025_us_county/tl_2025_us_county.shp","tl_2025_us_county.shp",".shp","132270192","126.143","2026-06-26T16:36:03.0129450Z","False","False",,"CALCULATED","d2add252ccd38f1c46efaba677efe0d20cdd9bf1f3ff7af7ce84fe06a3205df7"
"GRIDLY_SOURCE_DATA_REPO","Census/tl_2025_us_county/tl_2025_us_county.shp.ea.iso.xml","tl_2025_us_county.shp.ea.iso.xml",".xml","42065","0.04","2026-06-26T16:36:03.0319705Z","False","False",,"NOT_CALCULATED",
"GRIDLY_SOURCE_DATA_REPO","Census/tl_2025_us_county/tl_2025_us_county.shp.iso.xml","tl_2025_us_county.shp.iso.xml",".xml","50716","0.048","2026-06-26T16:36:03.0507889Z","False","False",,"NOT_CALCULATED",
"GRIDLY_SOURCE_DATA_REPO","Census/tl_2025_us_county/tl_2025_us_county.shx","tl_2025_us_county.shx",".shx","25980","0.025","2026-06-26T16:36:03.0684007Z","False","False",,"CALCULATED","b570cb996fa7620e36ebeae8964f0b606fd8d7df700b33f6950c7e268ea281fe"
"GRIDLY_SOURCE_DATA_REPO","Census/tyler-county-2025.geojson","tyler-county-2025.geojson",".geojson","71341","0.068","2026-06-26T22:05:03.9767759Z","False","False",,"CALCULATED","0892bfa9bc48f7661802d3c4a077978d4aee82746f201742c8eaf5430452fdfc"
"GRIDLY_SOURCE_DATA_REPO","Census/tyler-county-2025-wgs84.geojson","tyler-county-2025-wgs84.geojson",".geojson","71344","0.068","2026-06-26T22:05:04.4022171Z","False","False",,"CALCULATED","3b4978ceb1c0f6ec11e8ab48cb3fe469160297985d1d52e0ea2c69aedda14e19"
"GRIDLY_SOURCE_DATA_REPO","Census/walker-county-2025.geojson","walker-county-2025.geojson",".geojson","76859","0.073","2026-06-26T21:34:30.4940721Z","False","False",,"CALCULATED","256fb4690e3ce59c83749052582d7c4172d767f84c80ebda54f3d57881d71a63"
"GRIDLY_SOURCE_DATA_REPO","Census/walker-county-2025-wgs84.geojson","walker-county-2025-wgs84.geojson",".geojson","76862","0.073","2026-06-26T21:34:30.8817272Z","False","False",,"CALCULATED","c0806f8383340b5fe58939967ba4d71050f83d8d46b7ba7c8f972717b803c52c"
"GRIDLY_SOURCE_DATA_REPO","Census/waller-county-2025.geojson","waller-county-2025.geojson",".geojson","67837","0.065","2026-06-26T22:13:34.1768260Z","False","False",,"CALCULATED","81a8352e567f9f49b62a342e2cbf7818bbac740bd6c31e5e98f8695581b33eb8"
"GRIDLY_SOURCE_DATA_REPO","Census/waller-county-2025-wgs84.geojson","waller-county-2025-wgs84.geojson",".geojson","67840","0.065","2026-06-26T22:13:34.5492761Z","False","False",,"CALCULATED","6870da1816eaace0f28bd7048a22f1fb3e6da9b4e1a79f3962ad0fc1f4b3904e"
"GRIDLY_SOURCE_DATA_REPO","Census/washington-county-2025.geojson","washington-county-2025.geojson",".geojson","127101","0.121","2026-06-26T22:16:32.7945737Z","False","False",,"CALCULATED","1ada737b75608ef3cda800fb0efefa8bc26eeff8d08bcde1f8051f2c9097b8b5"
"GRIDLY_SOURCE_DATA_REPO","Census/washington-county-2025-wgs84.geojson","washington-county-2025-wgs84.geojson",".geojson","127104","0.121","2026-06-26T22:16:33.1941480Z","False","False",,"CALCULATED","eb777d28624f87d6f97ac40042fba5e273000a366288c59720250f5b1ffb2824"
"GRIDLY_SOURCE_DATA_REPO","Census/wharton-county-2025.geojson","wharton-county-2025.geojson",".geojson","94690","0.09","2026-06-26T22:52:19.8667944Z","False","False",,"CALCULATED","a3b251ee016de0affd5feb2091d56fa5b2bac6aab2b0d0dc9262e9810e0e87fb"
"GRIDLY_SOURCE_DATA_REPO","Census/wharton-county-2025-wgs84.geojson","wharton-county-2025-wgs84.geojson",".geojson","94693","0.09","2026-06-26T22:52:20.2886359Z","False","False",,"CALCULATED","1d9f25ac36406b33facaa279226ab17a6aad622038a812e32224ef482b11ee5f"
"GRIDLY_SOURCE_DATA_REPO","Community-Packages/austin/package-manifest.json","package-manifest.json",".json","439","0","2026-06-27T17:42:56.9334982Z","False","False",,"CALCULATED","c78619614832bd06068789742086a1918982951ebb5e57ecaf9e3655bd892200"
"GRIDLY_SOURCE_DATA_REPO","Community-Packages/brazoria/package-manifest.json","package-manifest.json",".json","442","0","2026-06-27T17:42:56.9078377Z","False","False",,"CALCULATED","16218cf4287b70fde9d8e6dd2badfee9cca78aa5283eaad33f6a042094e77abb"
"GRIDLY_SOURCE_DATA_REPO","Community-Packages/brazos/package-manifest.json","package-manifest.json",".json","440","0","2026-06-27T17:42:56.9570591Z","False","False",,"CALCULATED","0bbe45355ed6e9684bfb76f5f03af464aad28851a68d0d24ac56811511f6a955"
"GRIDLY_SOURCE_DATA_REPO","Community-Packages/BUILD-SYSTEM-STATUS.md","BUILD-SYSTEM-STATUS.md",".md","2663","0.003","2026-06-27T17:41:17.0551421Z","False","False",,"NOT_CALCULATED",
"GRIDLY_SOURCE_DATA_REPO","Community-Packages/calhoun/package-manifest.json","package-manifest.json",".json","440","0","2026-06-27T17:42:57.0377622Z","False","False",,"CALCULATED","6c616b10fc55709589f637347bae7a2b6a2f87abcd9a4c7e66f7961b834fc485"
"GRIDLY_SOURCE_DATA_REPO","Community-Packages/chambers/package-manifest.json","package-manifest.json",".json","436","0","2026-06-27T17:42:56.8104257Z","False","False",,"CALCULATED","c8e92cefe071c562bb166cdab785d4c4e57362bc0c7731195c71c53342b67205"
"GRIDLY_SOURCE_DATA_REPO","Community-Packages/colorado/package-manifest.json","package-manifest.json",".json","441","0","2026-06-27T17:42:56.9833078Z","False","False",,"CALCULATED","c4e7b737dc5631caf13d3e48c4256535c639fd3d148f92b3908822e52a7f24dd"
"GRIDLY_SOURCE_DATA_REPO","Community-Packages/COMMUNITY-PACKAGE-SPEC.md","COMMUNITY-PACKAGE-SPEC.md",".md","2411","0.002","2026-06-26T20:45:10.7525505Z","False","False",,"NOT_CALCULATED",
"GRIDLY_SOURCE_DATA_REPO","Community-Packages/county-manifest.json","county-manifest.json",".json","18190","0.017","2026-06-29T17:08:26.9473462Z","False","False",,"CALCULATED","b7ac08cbe8159c42a92deb66be553ca8af73b9aaac953c35651781ec64f732f7"
"GRIDLY_SOURCE_DATA_REPO","Community-Packages/fayette/package-manifest.json","package-manifest.json",".json","440","0","2026-06-27T17:42:56.9912439Z","False","False",,"CALCULATED","5b89ccbd74c5b573b60c7c3719583939da698753607ee92df339f4667dad9205"
"GRIDLY_SOURCE_DATA_REPO","Community-Packages/fort-bend/package-manifest.json","package-manifest.json",".json","443","0","2026-06-27T17:42:56.9176020Z","False","False",,"CALCULATED","2c4cae7d39f04b5b3b8c259f6c7a04f9881e36579ec6e6e0ac0220ad087dd6e1"
"GRIDLY_SOURCE_DATA_REPO","Community-Packages/galveston/package-manifest.json","package-manifest.json",".json","443","0","2026-06-27T17:42:56.8998048Z","False","False",,"CALCULATED","ed0c4c6d87f06758e49cc08d5dcd52156a9b494e0de30de8ae1959736e4bdb31"
"GRIDLY_SOURCE_DATA_REPO","Community-Packages/grimes/package-manifest.json","package-manifest.json",".json","439","0","2026-06-27T17:42:56.9657242Z","False","False",,"CALCULATED","76838b31860b35d771e2c0d4fe59f236b600a4baad8addddc70838b84a2e37e7"
"GRIDLY_SOURCE_DATA_REPO","Community-Packages/hardin/package-manifest.json","package-manifest.json",".json","398","0","2026-06-27T17:42:56.8287706Z","False","False",,"CALCULATED","e21cb595a7b439526add0211d605ef7dacb182140daf53982340a23722cff23e"
"GRIDLY_SOURCE_DATA_REPO","Community-Packages/harris/package-manifest.json","package-manifest.json",".json","455","0","2026-06-27T17:42:56.8556280Z","False","False",,"CALCULATED","d2ce35139f486502b1ceaec84dbb0166f466286f7d38e898aae613a927db4661"
"GRIDLY_SOURCE_DATA_REPO","Community-Packages/jackson/package-manifest.json","package-manifest.json",".json","440","0","2026-06-27T17:42:57.0096327Z","False","False",,"CALCULATED","281284e25af88cb610262fccc01f2c8d52e083e508fff09b96fcfb7d260d77ae"
"GRIDLY_SOURCE_DATA_REPO","Community-Packages/jasper/package-manifest.json","package-manifest.json",".json","439","0","2026-06-27T17:42:56.8747441Z","False","False",,"CALCULATED","a415a7a5d4a94ff94164f79fbcfbadd13389b62d5e9ec3b053b5a86f3333f99e"
"GRIDLY_SOURCE_DATA_REPO","Community-Packages/jefferson/package-manifest.json","package-manifest.json",".json","452","0","2026-06-27T17:42:56.8190709Z","False","False",,"CALCULATED","872fbded9e6225308d2c23fac7d31c46f32a6573a5ea75dc72a49401f0575a09"
"GRIDLY_SOURCE_DATA_REPO","Community-Packages/lavaca/package-manifest.json","package-manifest.json",".json","439","0","2026-06-27T17:42:57.0001283Z","False","False",,"CALCULATED","aba6a193309ed730e7ffa6199bcb164aaa48d20e389624c34d39e16111b0d126"
"GRIDLY_SOURCE_DATA_REPO","Community-Packages/liberty/package-manifest.json","package-manifest.json",".json","632","0.001","2026-06-27T17:42:56.7752517Z","False","False",,"CALCULATED","f5c3a4051c31246e7d031eb5fffd71ed358f1596a708e50bc45b762554ccf212"
"GRIDLY_SOURCE_DATA_REPO","Community-Packages/matagorda/package-manifest.json","package-manifest.json",".json","442","0","2026-06-27T17:42:57.0328599Z","False","False",,"CALCULATED","1c89a2986a7879aa13201cbe8c12af37cc75c2f3f03326318d488490c0fb7b2b"
"GRIDLY_SOURCE_DATA_REPO","Community-Packages/montgomery/package-manifest.json","package-manifest.json",".json","493","0","2026-06-27T17:42:56.7923173Z","False","False",,"CALCULATED","95c97f0a082e311752a713e23a52f3c0ce2a5e32dee4dd1839c33084dec913f5"
"GRIDLY_SOURCE_DATA_REPO","Community-Packages/newton/package-manifest.json","package-manifest.json",".json","439","0","2026-06-27T17:42:56.8824685Z","False","False",,"CALCULATED","bfa7057e80d6e7ea01118bfe13d8aa93fda83450c8affc1d67e014576cd5a48a"
"GRIDLY_SOURCE_DATA_REPO","Community-Packages/orange/package-manifest.json","package-manifest.json",".json","439","0","2026-06-27T17:42:56.8641882Z","False","False",,"CALCULATED","7515897ecad8b3507cffa9717f4a68dd4bb86f82583069b3726f05e66b671905"
"GRIDLY_SOURCE_DATA_REPO","Community-Packages/polk/package-manifest.json","package-manifest.json",".json","396","0","2026-06-27T17:42:56.8386122Z","False","False",,"CALCULATED","314be047a5d6c93fdd1ddc8677f34d069d3ffbfbe4d53882c7a843739d9b78d9"
"GRIDLY_SOURCE_DATA_REPO","Community-Packages/san-jacinto/package-manifest.json","package-manifest.json",".json","577","0.001","2026-06-27T17:42:56.8013759Z","False","False",,"CALCULATED","740760dbf96c6fea82c0e90dc67857367f6280aece571db2c1d11ddc06d6b7e6"
"GRIDLY_SOURCE_DATA_REPO","Community-Packages/tyler/package-manifest.json","package-manifest.json",".json","438","0","2026-06-27T17:42:56.8900417Z","False","False",,"CALCULATED","f55877cbb34750bae6b7dc0505a2439851fd54172d00b8a0f74fbb8d6af06aee"
"GRIDLY_SOURCE_DATA_REPO","Community-Packages/walker/package-manifest.json","package-manifest.json",".json","398","0","2026-06-27T17:42:56.8462480Z","False","False",,"CALCULATED","8308cf70fca11a92ba904f310ae9f7b3457af9776541793cb9874ac3bcb22182"
"GRIDLY_SOURCE_DATA_REPO","Community-Packages/waller/package-manifest.json","package-manifest.json",".json","440","0","2026-06-27T17:42:56.9237455Z","False","False",,"CALCULATED","19df87177825adb679a690088bc6a45df1068b98a327493aa20372b8e619e9d2"
"GRIDLY_SOURCE_DATA_REPO","Community-Packages/washington/package-manifest.json","package-manifest.json",".json","444","0","2026-06-27T17:42:56.9452402Z","False","False",,"CALCULATED","706ee3fb6c6628df1290bbe29e5fc23825d54ad82ebdc8078d42a2f683ec4372"
"GRIDLY_SOURCE_DATA_REPO","Community-Packages/wharton/package-manifest.json","package-manifest.json",".json","441","0","2026-06-27T17:42:56.9743533Z","False","False",,"CALCULATED","ce867bdde761dd68c2e33febbe83ced08434726422dd6e043c54c4a12b325958"
"GRIDLY_SOURCE_DATA_REPO","Crossing-Packages/austin/austin-crossings.geojson","austin-crossings.geojson",".geojson","428599","0.409","2026-06-28T20:51:17.5944180Z","False","False",,"CALCULATED","70124c64f69bf2f4ba5ac0890bfe998acf716fe38521a24a85749c6de8f945a6"
"GRIDLY_SOURCE_DATA_REPO","Crossing-Packages/austin/package-manifest.json","package-manifest.json",".json","317","0","2026-06-28T20:51:17.5961700Z","False","False",,"CALCULATED","5e4f6585edb15d90a33d349e86a592fa83b603b0b0138ac41714f235b0fe47cc"
"GRIDLY_SOURCE_DATA_REPO","Crossing-Packages/austin/Production/austin-production-crossings.geojson","austin-production-crossings.geojson",".geojson","461418","0.44","2026-06-28T20:51:17.9270285Z","False","False",,"CALCULATED","e9ff1b0368cb50f1dbfde1823f05389811988d5dffc2d15e3ceef66eeb935624"
"GRIDLY_SOURCE_DATA_REPO","Crossing-Packages/austin/Production/production-certification.json","production-certification.json",".json","812","0.001","2026-06-28T20:51:17.9270285Z","False","False",,"CALCULATED","ecac36fdd2629e3400b0de463bdc2d6a118d1787e96e2aa164e282a809895c54"
"GRIDLY_SOURCE_DATA_REPO","Crossing-Packages/austin/Production/production-package-manifest.json","production-package-manifest.json",".json","676","0.001","2026-06-28T20:51:17.9325272Z","False","False",,"CALCULATED","5a541c803057cb004656e58e268d2ad00b293efe49793981fff334158eaf6545"
"GRIDLY_SOURCE_DATA_REPO","Crossing-Packages/brazoria/brazoria-crossings.geojson","brazoria-crossings.geojson",".geojson","664997","0.634","2026-06-28T20:51:23.9263352Z","False","False",,"CALCULATED","a952f9f20d79a3e501b72a1ac46cf48e49b23cc01f823321bfc7423353ffc38d"
"GRIDLY_SOURCE_DATA_REPO","Crossing-Packages/brazoria/package-manifest.json","package-manifest.json",".json","323","0","2026-06-28T20:51:23.9263352Z","False","False",,"CALCULATED","a01018fa6655acc5e9f04c8f9c251b76aeb9904866a42019c90a4a09d8eb83f3"
"GRIDLY_SOURCE_DATA_REPO","Crossing-Packages/brazoria/Production/brazoria-production-crossings.geojson","brazoria-production-crossings.geojson",".geojson","715981","0.683","2026-06-28T20:51:24.2695248Z","False","False",,"CALCULATED","bd55de8ce594875f6b01c70df3739d505e69e560e4e10448a2539bbb453c3102"
"GRIDLY_SOURCE_DATA_REPO","Crossing-Packages/brazoria/Production/production-certification.json","production-certification.json",".json","984","0.001","2026-06-28T20:51:24.2739107Z","False","False",,"CALCULATED","34543fbfab9254671850b1f2801d29756d837e280eb37cbf8fcec575867f10dd"
"GRIDLY_SOURCE_DATA_REPO","Crossing-Packages/brazoria/Production/production-package-manifest.json","production-package-manifest.json",".json","850","0.001","2026-06-28T20:51:24.2756614Z","False","False",,"CALCULATED","98ae3728fa12be7c615f6e33e0eda8223f73bc40ee3eeb09fcf2f1d1e46eb211"
"GRIDLY_SOURCE_DATA_REPO","Crossing-Packages/brazos/brazos-crossings.geojson","brazos-crossings.geojson",".geojson","364611","0.348","2026-06-28T20:51:29.5946516Z","False","False",,"CALCULATED","0ac814541e0c445b90cbc66ba06fa35d03495e8711d0bf2bf20ca402d6646000"
"GRIDLY_SOURCE_DATA_REPO","Crossing-Packages/brazos/package-manifest.json","package-manifest.json",".json","316","0","2026-06-28T20:51:29.5946516Z","False","False",,"CALCULATED","0216ffcef7a2ff54c81e84d317649914ff41bdffc5a2e156efbf46fb9da32e29"
"GRIDLY_SOURCE_DATA_REPO","Crossing-Packages/brazos/Production/brazos-production-crossings.geojson","brazos-production-crossings.geojson",".geojson","392844","0.375","2026-06-28T20:51:29.7734037Z","False","False",,"CALCULATED","6993763f5c53dfa0d82a4f0a423ce44186622c61e6b659d00a90e02935844825"
"GRIDLY_SOURCE_DATA_REPO","Crossing-Packages/brazos/Production/production-certification.json","production-certification.json",".json","861","0.001","2026-06-28T20:51:29.7769659Z","False","False",,"CALCULATED","f3fdfc0079ef87d47cc89d113288e1e8a59aecfe7690f2571f1a3ab98a9b655a"
"GRIDLY_SOURCE_DATA_REPO","Crossing-Packages/brazos/Production/production-package-manifest.json","production-package-manifest.json",".json","726","0.001","2026-06-28T20:51:29.7790089Z","False","False",,"CALCULATED","1a383d2a5537d0909bec9df7ff8d95d0a4b8ffa3c1bd384ae83f65bd3387cb11"
"GRIDLY_SOURCE_DATA_REPO","Crossing-Packages/calhoun/calhoun-crossings.geojson","calhoun-crossings.geojson",".geojson","313782","0.299","2026-06-28T20:51:35.4268336Z","False","False",,"CALCULATED","a2a9bf295b9507db56a0331dd5d61f8909868db7caf1b6d698a99169a0138b78"
"GRIDLY_SOURCE_DATA_REPO","Crossing-Packages/calhoun/package-manifest.json","package-manifest.json",".json","319","0","2026-06-28T20:51:35.4293065Z","False","False",,"CALCULATED","6b65abab606df2be253e34eb2fdee53a8b055dd1dacbf07c62d8eeac2d70669f"
"GRIDLY_SOURCE_DATA_REPO","Crossing-Packages/calhoun/Production/calhoun-production-crossings.geojson","calhoun-production-crossings.geojson",".geojson","337973","0.322","2026-06-28T20:51:35.5832714Z","False","False",,"CALCULATED","312a0f59863929871500ccaca6e1108dc6a909a232c3616f1b416d348c28d7c9"
"GRIDLY_SOURCE_DATA_REPO","Crossing-Packages/calhoun/Production/production-certification.json","production-certification.json",".json","868","0.001","2026-06-28T20:51:35.5832714Z","False","False",,"CALCULATED","9e082d22c4c586e886fa6557425dc5f2978c764c106af8065c60e064296a71a9"
"GRIDLY_SOURCE_DATA_REPO","Crossing-Packages/calhoun/Production/production-package-manifest.json","production-package-manifest.json",".json","734","0.001","2026-06-28T20:51:35.5991729Z","False","False",,"CALCULATED","c5c4947b57fd3eb833b592305507c78fda0d752c6a828be364a57f49220d5ae6"
"GRIDLY_SOURCE_DATA_REPO","Crossing-Packages/chambers/chambers-crossings.geojson","chambers-crossings.geojson",".geojson","63614","0.061","2026-06-28T20:51:41.0069739Z","False","False",,"CALCULATED","a91c873897d2146903e5047a1603f63e730f9c6e854d0b0c6fa1728bc29a21b3"
"GRIDLY_SOURCE_DATA_REPO","Crossing-Packages/chambers/package-manifest.json","package-manifest.json",".json","322","0","2026-06-28T20:51:41.0069739Z","False","False",,"CALCULATED","20f2e184b8509baebefb9c026364255d705f75b52e2d205cd63e6b955af0abb5"
"GRIDLY_SOURCE_DATA_REPO","Crossing-Packages/chambers/Production/chambers-production-crossings.geojson","chambers-production-crossings.geojson",".geojson","68498","0.065","2026-06-28T20:51:41.0647137Z","False","False",,"CALCULATED","ece0cbace2e0f117c652ddcf323ea0c35822b61b42ccbd1827e79af041ed55be"
"GRIDLY_SOURCE_DATA_REPO","Crossing-Packages/chambers/Production/production-certification.json","production-certification.json",".json","818","0.001","2026-06-28T20:51:41.0647137Z","False","False",,"CALCULATED","236c2b807c0f2df2b750fa32ca4b052c3d2e17b3b313823b2abc5dc1891b63f8"
"GRIDLY_SOURCE_DATA_REPO","Crossing-Packages/chambers/Production/production-package-manifest.json","production-package-manifest.json",".json","685","0.001","2026-06-28T20:51:41.0746755Z","False","False",,"CALCULATED","73243f010b2dd642cb0100bf17497a3736e2de7eb6bfc2240fc58b0a80f73377"
"GRIDLY_SOURCE_DATA_REPO","Crossing-Packages/colorado/colorado-crossings.geojson","colorado-crossings.geojson",".geojson","461807","0.44","2026-06-28T20:51:46.3809637Z","False","False",,"CALCULATED","2c416c7eba73415cef3e14460a29a217e42fee3aa4adfec98d6fcf5815f2bca2"
"GRIDLY_SOURCE_DATA_REPO","Crossing-Packages/colorado/package-manifest.json","package-manifest.json",".json","323","0","2026-06-28T20:51:46.3832794Z","False","False",,"CALCULATED","3ccc78d62b25661350ec2d383f6a39e02f55a99e4de86d0d40dec5b49203d80a"
"GRIDLY_SOURCE_DATA_REPO","Crossing-Packages/colorado/Production/colorado-production-crossings.geojson","colorado-production-crossings.geojson",".geojson","497156","0.474","2026-06-28T20:51:46.6337688Z","False","False",,"CALCULATED","bb4ce441e24adf1eddbf8ce2d611eff4a3f2caa38f92a3143af0da7d260e317f"
"GRIDLY_SOURCE_DATA_REPO","Crossing-Packages/colorado/Production/production-certification.json","production-certification.json",".json","822","0.001","2026-06-28T20:51:46.6337688Z","False","False",,"CALCULATED","3c60de6cd2c8428437fcade92e269aeb97ff9924f3a47abaadbdfa448a53929f"
"GRIDLY_SOURCE_DATA_REPO","Crossing-Packages/colorado/Production/production-package-manifest.json","production-package-manifest.json",".json","688","0.001","2026-06-28T20:51:46.6399965Z","False","False",,"CALCULATED","74c841ea242d733a0d4ab38769a01ea14047bcdf7872dca683d1ee2684f14a8b"
"GRIDLY_SOURCE_DATA_REPO","Crossing-Packages/crossing-manifest.json","crossing-manifest.json",".json","11401","0.011","2026-06-28T20:53:49.6758679Z","False","False",,"CALCULATED","1514085ecedb787d0ae13f4df3056b709978b614a09c69abd9b997ae0d7a3554"
"GRIDLY_SOURCE_DATA_REPO","Crossing-Packages/fayette/fayette-crossings.geojson","fayette-crossings.geojson",".geojson","643966","0.614","2026-06-28T20:51:51.9257173Z","False","False",,"CALCULATED","5c9b13da990ca0912cf043289693a3b28dd88532e2a1d3bbf5fd39937b784b32"
"GRIDLY_SOURCE_DATA_REPO","Crossing-Packages/fayette/package-manifest.json","package-manifest.json",".json","320","0","2026-06-28T20:51:51.9317497Z","False","False",,"CALCULATED","7f1760ec0ee33d89eb81929d6f24b41bcf2fa5c98d9bdf96ed7b83aefbb424b0"
"GRIDLY_SOURCE_DATA_REPO","Crossing-Packages/fayette/Production/fayette-production-crossings.geojson","fayette-production-crossings.geojson",".geojson","693297","0.661","2026-06-28T20:51:52.2306685Z","False","False",,"CALCULATED","12f929c282f2182f8c0ca1d4f966fc260e93ff263cd81894bd7161887c38506e"
"GRIDLY_SOURCE_DATA_REPO","Crossing-Packages/fayette/Production/production-certification.json","production-certification.json",".json","869","0.001","2026-06-28T20:51:52.2466257Z","False","False",,"CALCULATED","f84fe6dee2a70aded293b570f24867e72cb102bce7e4adfdbe5e2b7d6ab6b56a"
"GRIDLY_SOURCE_DATA_REPO","Crossing-Packages/fayette/Production/production-package-manifest.json","production-package-manifest.json",".json","734","0.001","2026-06-28T20:51:52.2506602Z","False","False",,"CALCULATED","72762e4855c74e7e1a2b03272dc535af266053518d71f17e6224f2ccd8d1fbba"
"GRIDLY_SOURCE_DATA_REPO","Crossing-Packages/fort-bend/fort-bend-crossings.geojson","fort-bend-crossings.geojson",".geojson","741931","0.708","2026-06-28T20:51:57.5350944Z","False","False",,"CALCULATED","5a9689a1ecf5024ed1b8b0700452ba32cb7afc652bc1bc6df3b8957f944d3ff7"
"GRIDLY_SOURCE_DATA_REPO","Crossing-Packages/fort-bend/package-manifest.json","package-manifest.json",".json","326","0","2026-06-28T20:51:57.5350944Z","False","False",,"CALCULATED","ad86095e3d4462e5e0772e39b728a9e1a6e673060fadd8c1c00a43e718d9c5ce"
"GRIDLY_SOURCE_DATA_REPO","Crossing-Packages/fort-bend/Production/fort-bend-production-crossings.geojson","fort-bend-production-crossings.geojson",".geojson","798817","0.762","2026-06-28T20:51:57.8256689Z","False","False",,"CALCULATED","c7a6d57b92ceec190ac067515eecffd53db1d7fcc64f9a33c22249f0e7b8c049"
"GRIDLY_SOURCE_DATA_REPO","Crossing-Packages/fort-bend/Production/production-certification.json","production-certification.json",".json","931","0.001","2026-06-28T20:51:57.8276780Z","False","False",,"CALCULATED","ab95a774206b66b2dd4dd201a72559ad0bc492044ffd9da4ce4ecf168e2118e2"
"GRIDLY_SOURCE_DATA_REPO","Crossing-Packages/fort-bend/Production/production-package-manifest.json","production-package-manifest.json",".json","798","0.001","2026-06-28T20:51:57.8296922Z","False","False",,"CALCULATED","288ea58797db415564c538000d990d4c6fd1a30fd39428ebe67ab980aa0950a8"
"GRIDLY_SOURCE_DATA_REPO","Crossing-Packages/galveston/galveston-crossings.geojson","galveston-crossings.geojson",".geojson","611279","0.583","2026-06-28T20:52:02.9491305Z","False","False",,"CALCULATED","8451f743a5d3e05856678e2769f6a8a55971b74a27b10f6f85f59549518c2e20"
"GRIDLY_SOURCE_DATA_REPO","Crossing-Packages/galveston/package-manifest.json","package-manifest.json",".json","326","0","2026-06-28T20:52:02.9652103Z","False","False",,"CALCULATED","4cd79b6643882828822d7b721a02a14faefe060968f42bc2258cec19718f243f"
"GRIDLY_SOURCE_DATA_REPO","Crossing-Packages/galveston/Production/galveston-production-crossings.geojson","galveston-production-crossings.geojson",".geojson","658622","0.628","2026-06-28T20:52:03.2991352Z","False","False",,"CALCULATED","6df2218dd1686abfdf74aa73aa1fa33ef79c7d5036eadd0d18495265eea6fc57"
"GRIDLY_SOURCE_DATA_REPO","Crossing-Packages/galveston/Production/production-certification.json","production-certification.json",".json","932","0.001","2026-06-28T20:52:03.3078254Z","False","False",,"CALCULATED","54792b808c6e51d0ff17203b36a2791c7f82964531425fec1c287198b24eaa47"
"GRIDLY_SOURCE_DATA_REPO","Crossing-Packages/galveston/Production/production-package-manifest.json","production-package-manifest.json",".json","799","0.001","2026-06-28T20:52:03.3108091Z","False","False",,"CALCULATED","dd69cbf7885bd19d63307714e2ddc9c118470197f498716c0da8de337b2786a4"
"GRIDLY_SOURCE_DATA_REPO","Crossing-Packages/grimes/grimes-crossings.geojson","grimes-crossings.geojson",".geojson","461512","0.44","2026-06-28T20:52:08.7146049Z","False","False",,"CALCULATED","f264a39a6f8ff75778e71e6ba1397b7716dc9c141a30cddf72e62746a63d33ab"
"GRIDLY_SOURCE_DATA_REPO","Crossing-Packages/grimes/package-manifest.json","package-manifest.json",".json","317","0","2026-06-28T20:52:08.7164593Z","False","False",,"CALCULATED","f4b994caa4c00fddb4e7d3ffe5866420e83c3f844f767e039680e2796922678b"
"GRIDLY_SOURCE_DATA_REPO","Crossing-Packages/grimes/Production/grimes-production-crossings.geojson","grimes-production-crossings.geojson",".geojson","496605","0.474","2026-06-28T20:52:08.9339212Z","False","False",,"CALCULATED","d99185952a6c70588ba7e697f2f4a3991c98401a5a09c5c7be3c17ea3de520a4"
"GRIDLY_SOURCE_DATA_REPO","Crossing-Packages/grimes/Production/production-certification.json","production-certification.json",".json","915","0.001","2026-06-28T20:52:08.9479825Z","False","False",,"CALCULATED","f9931ff9f1261a77b26b76489fe3fdcbb2b2841eb15e804efdde097ae42a8788"
"GRIDLY_SOURCE_DATA_REPO","Crossing-Packages/grimes/Production/production-package-manifest.json","production-package-manifest.json",".json","779","0.001","2026-06-28T20:52:08.9492046Z","False","False",,"CALCULATED","ca1f78ed522a1c171afc4758f2e6cb69231b9b232b5f7195eebe69a404967ba1"
"GRIDLY_SOURCE_DATA_REPO","Crossing-Packages/hardin/hardin-crossings.geojson","hardin-crossings.geojson",".geojson","347711","0.332","2026-06-28T20:52:14.1967230Z","False","False",,"CALCULATED","562ec410762d919d7c79d2a2e5cd104877f6559e15f31da74f44f7b7133da9e3"
"GRIDLY_SOURCE_DATA_REPO","Crossing-Packages/hardin/package-manifest.json","package-manifest.json",".json","316","0","2026-06-28T20:52:14.1967230Z","False","False",,"CALCULATED","f1d7f271c0bafab3f1bbeb6fa0e83f6e5d21db9b3be4b4a2d7f63b84721e2c72"
"GRIDLY_SOURCE_DATA_REPO","Crossing-Packages/hardin/Production/hardin-production-crossings.geojson","hardin-production-crossings.geojson",".geojson","374129","0.357","2026-06-28T20:52:14.4103710Z","False","False",,"CALCULATED","1d29f2bd997fab4af0e7cec36bd4b78ef26365ce035d45812c6f68b36546e479"
"GRIDLY_SOURCE_DATA_REPO","Crossing-Packages/hardin/Production/production-certification.json","production-certification.json",".json","810","0.001","2026-06-28T20:52:14.4137685Z","False","False",,"CALCULATED","6fd851bc9aba37579e042b330902544e4f440616ee2b3968ac666ee112cf7d5c"
"GRIDLY_SOURCE_DATA_REPO","Crossing-Packages/hardin/Production/production-package-manifest.json","production-package-manifest.json",".json","675","0.001","2026-06-28T20:52:14.4170162Z","False","False",,"CALCULATED","79993c57edd3a8be1cb023bf60c7c595665fde4fd61aeae6e8313b1f18c142a0"
"GRIDLY_SOURCE_DATA_REPO","Crossing-Packages/harris/harris-crossings.geojson","harris-crossings.geojson",".geojson","4908400","4.681","2026-06-28T20:52:19.8792738Z","False","False",,"CALCULATED","efb7cca90a23cd9c99170f9bf25bcce7de7b0dfacead83d1f6dae3f688da67ec"
"GRIDLY_SOURCE_DATA_REPO","Crossing-Packages/harris/package-manifest.json","package-manifest.json",".json","318","0","2026-06-28T20:52:19.8792738Z","False","False",,"CALCULATED","91ad859907627d51b21e387f5cacba51a28755c69f1fb0c52730dffc29d8accf"
"GRIDLY_SOURCE_DATA_REPO","Crossing-Packages/harris/Production/harris-production-crossings.geojson","harris-production-crossings.geojson",".geojson","5288422","5.043","2026-06-28T20:52:22.0460347Z","False","False",,"CALCULATED","b6bca59e135bd4ae48c09f4e63614f6d838c82a868f2767287f94d08510fa713"
"GRIDLY_SOURCE_DATA_REPO","Crossing-Packages/harris/Production/production-certification.json","production-certification.json",".json","979","0.001","2026-06-28T20:52:22.0480462Z","False","False",,"CALCULATED","30e2a57db3dd254ec12f58d351388a67023a1c76597675022645a32e2831c158"
"GRIDLY_SOURCE_DATA_REPO","Crossing-Packages/harris/Production/production-package-manifest.json","production-package-manifest.json",".json","842","0.001","2026-06-28T20:52:22.0527729Z","False","False",,"CALCULATED","fbd84b51d5229f3faad168da81859dfb1430fcbd7aaee24c0e5167a38cdacfd5"
"GRIDLY_SOURCE_DATA_REPO","Crossing-Packages/jackson/jackson-crossings.geojson","jackson-crossings.geojson",".geojson","313176","0.299","2026-06-28T20:52:27.3439967Z","False","False",,"CALCULATED","a37bd59b852f962f4095b41de467cc96d95f4f0b0da6e7d80bfcaaec5e074768"
"GRIDLY_SOURCE_DATA_REPO","Crossing-Packages/jackson/package-manifest.json","package-manifest.json",".json","319","0","2026-06-28T20:52:27.3543913Z","False","False",,"CALCULATED","08d912464295315cfbbaa64d8c8bd8765d351bb6d764d5884bccaa9c900100c1"
"GRIDLY_SOURCE_DATA_REPO","Crossing-Packages/jackson/Production/jackson-production-crossings.geojson","jackson-production-crossings.geojson",".geojson","336964","0.321","2026-06-28T20:52:27.4964015Z","False","False",,"CALCULATED","6260f436cdbd08d6e249a2b944e3d0daafbf84e55374b8882ceeb6caee9c0e77"
"GRIDLY_SOURCE_DATA_REPO","Crossing-Packages/jackson/Production/production-certification.json","production-certification.json",".json","815","0.001","2026-06-28T20:52:27.4981550Z","False","False",,"CALCULATED","bd4192d19f6cc23fb1ac543eedbfd2d5494d57c8546eb26dafa54ee97c8f2d1f"
"GRIDLY_SOURCE_DATA_REPO","Crossing-Packages/jackson/Production/production-package-manifest.json","production-package-manifest.json",".json","681","0.001","2026-06-28T20:52:27.5001633Z","False","False",,"CALCULATED","36579131f5bdff3735cdca5dc24854113745853be087b349af347f104d84f635"
"GRIDLY_SOURCE_DATA_REPO","Crossing-Packages/jasper/jasper-crossings.geojson","jasper-crossings.geojson",".geojson","447275","0.427","2026-06-28T20:52:32.8103483Z","False","False",,"CALCULATED","08b7a09c7495a9ce8b81ac3327fef9a3b50d74f102b894192a456ac4ff594586"
"GRIDLY_SOURCE_DATA_REPO","Crossing-Packages/jasper/package-manifest.json","package-manifest.json",".json","317","0","2026-06-28T20:52:32.8123633Z","False","False",,"CALCULATED","83e571c7c1051fb931f3c244eca518d9fb565b929cbbbcf4cc55fbe1bf1af6bb"
"GRIDLY_SOURCE_DATA_REPO","Crossing-Packages/jasper/Production/jasper-production-crossings.geojson","jasper-production-crossings.geojson",".geojson","481660","0.459","2026-06-28T20:52:32.9953476Z","False","False",,"CALCULATED","3d5e0d12dd50ea096bf62c88191eae832c19cdc1c6b38132b4877d1c3f999df4"
"GRIDLY_SOURCE_DATA_REPO","Crossing-Packages/jasper/Production/production-certification.json","production-certification.json",".json","864","0.001","2026-06-28T20:52:33.0028771Z","False","False",,"CALCULATED","750d4f472e9a0fb2ffe026c4948577767a437e3e5985eb55e1a8072bd1107efd"
"GRIDLY_SOURCE_DATA_REPO","Crossing-Packages/jasper/Production/production-package-manifest.json","production-package-manifest.json",".json","728","0.001","2026-06-28T20:52:33.0048980Z","False","False",,"CALCULATED","f5e500c768482cbd95385cfc2170aff841a6ba5b11f0a1a47059e8551c5f78b2"
"GRIDLY_SOURCE_DATA_REPO","Crossing-Packages/jefferson/jefferson-crossings.geojson","jefferson-crossings.geojson",".geojson","1601368","1.527","2026-06-28T20:52:38.2182332Z","False","False",,"CALCULATED","3024db877d59b70860dd82e582e0c5879161587b0fb708658aa22e9c231465ac"
"GRIDLY_SOURCE_DATA_REPO","Crossing-Packages/jefferson/package-manifest.json","package-manifest.json",".json","326","0","2026-06-28T20:52:38.2209080Z","False","False",,"CALCULATED","706fce93a10cb5d81c3517674d04005fd35e11c4a63b344ebfa5617a125e9ca2"
"GRIDLY_SOURCE_DATA_REPO","Crossing-Packages/jefferson/Production/jefferson-production-crossings.geojson","jefferson-production-crossings.geojson",".geojson","1724470","1.645","2026-06-28T20:52:38.8715040Z","False","False",,"CALCULATED","836859bf7440a69c054038da033223866e129f5d01af609e66b9503c0e40c798"
"GRIDLY_SOURCE_DATA_REPO","Crossing-Packages/jefferson/Production/production-certification.json","production-certification.json",".json","932","0.001","2026-06-28T20:52:38.8744707Z","False","False",,"CALCULATED","8a65a237c2a2cb5879a6b835b3d1d7e0ea5bc23454e204e6397236d17d627904"
"GRIDLY_SOURCE_DATA_REPO","Crossing-Packages/jefferson/Production/production-package-manifest.json","production-package-manifest.json",".json","799","0.001","2026-06-28T20:52:38.8765348Z","False","False",,"CALCULATED","1ccd13a2e3b09f40e300e445f5e74d61743a6ae2ee41fc9b2417b6841264d462"
"GRIDLY_SOURCE_DATA_REPO","Crossing-Packages/lavaca/lavaca-crossings.geojson","lavaca-crossings.geojson",".geojson","165207","0.158","2026-06-28T20:52:44.2612935Z","False","False",,"CALCULATED","610fd09e80e564d0d24c0649333f735c2d8d3acec183bb8b9cc7ccb5b8d12906"
"GRIDLY_SOURCE_DATA_REPO","Crossing-Packages/lavaca/package-manifest.json","package-manifest.json",".json","316","0","2026-06-28T20:52:44.2612935Z","False","False",,"CALCULATED","969f361841af5ab10641bc969306555b8d15a587bb1280dc83a316d5073a40ac"
"GRIDLY_SOURCE_DATA_REPO","Crossing-Packages/lavaca/Production/lavaca-production-crossings.geojson","lavaca-production-crossings.geojson",".geojson","177770","0.17","2026-06-28T20:52:44.3532320Z","False","False",,"CALCULATED","6258a6b13099725523c538062adabd0263c6afef8534840d95401332ba564b4b"
"GRIDLY_SOURCE_DATA_REPO","Crossing-Packages/lavaca/Production/production-certification.json","production-certification.json",".json","809","0.001","2026-06-28T20:52:44.3556432Z","False","False",,"CALCULATED","599ac3768eb1440a848223b81e3615b2594b22e373e67bfdc262350ee3272bab"
"GRIDLY_SOURCE_DATA_REPO","Crossing-Packages/lavaca/Production/production-package-manifest.json","production-package-manifest.json",".json","674","0.001","2026-06-28T20:52:44.3587270Z","False","False",,"CALCULATED","ce2be2bdeb585e0466060f8df72e330212a9832db6338478eb1d801e0ce50bc6"
"GRIDLY_SOURCE_DATA_REPO","Crossing-Packages/liberty/liberty-crossings.geojson","liberty-crossings.geojson",".geojson","487064","0.465","2026-06-28T20:52:49.5729473Z","False","False",,"CALCULATED","5d3ed23c13cd9dc5e394f923fca0df5e56c9c96b735ec7efe66aec6cf97d3b90"
"GRIDLY_SOURCE_DATA_REPO","Crossing-Packages/liberty/package-manifest.json","package-manifest.json",".json","320","0","2026-06-28T20:52:49.5749634Z","False","False",,"CALCULATED","66351aea00c0205a1682d050c128f8e9d1c15c4273138e5d186c2d337bd25cf8"
"GRIDLY_SOURCE_DATA_REPO","Crossing-Packages/liberty/Production/liberty-production-crossings.geojson","liberty-production-crossings.geojson",".geojson","524285","0.5","2026-06-28T20:52:49.7919679Z","False","False",,"CALCULATED","e1fff757f544faa8a52e000fd6260fe969469ea6ed44701af077c62de3d58048"
"GRIDLY_SOURCE_DATA_REPO","Crossing-Packages/liberty/Production/production-certification.json","production-certification.json",".json","978","0.001","2026-06-28T20:52:49.7939826Z","False","False",,"CALCULATED","c4bc3bce77c0502565b7281549f50497154c3a4a26fbb359f886ec047f240585"
"GRIDLY_SOURCE_DATA_REPO","Crossing-Packages/liberty/Production/production-package-manifest.json","production-package-manifest.json",".json","843","0.001","2026-06-28T20:52:49.7968068Z","False","False",,"CALCULATED","754c1aeef661ec6ef5e27cdef6b0d7c0adac0b6b3dcca80a4703bc0a4d454439"
"GRIDLY_SOURCE_DATA_REPO","Crossing-Packages/matagorda/matagorda-crossings.geojson","matagorda-crossings.geojson",".geojson","339527","0.324","2026-06-28T20:52:55.1630754Z","False","False",,"CALCULATED","35f048dd8f90a920fb8be276f351c17a6f2f6e8e20a6da371de4eb276a871ab2"
"GRIDLY_SOURCE_DATA_REPO","Crossing-Packages/matagorda/package-manifest.json","package-manifest.json",".json","325","0","2026-06-28T20:52:55.1655781Z","False","False",,"CALCULATED","6ac153553a2f68f6ac6809e7f45e6c8dc2d5d17a40709f29c9558e578a4d3501"
"GRIDLY_SOURCE_DATA_REPO","Crossing-Packages/matagorda/Production/matagorda-production-crossings.geojson","matagorda-production-crossings.geojson",".geojson","365441","0.349","2026-06-28T20:52:55.3212331Z","False","False",,"CALCULATED","bc8b6b9f479a9c327ccf0967a1769c0aa3886d468abf64ea763d301cc1310ab5"
"GRIDLY_SOURCE_DATA_REPO","Crossing-Packages/matagorda/Production/production-certification.json","production-certification.json",".json","825","0.001","2026-06-28T20:52:55.3212331Z","False","False",,"CALCULATED","eecc1dc3c718a56320a3d580eb02bb8478487198105796ed0743986ce2ba1b55"
"GRIDLY_SOURCE_DATA_REPO","Crossing-Packages/matagorda/Production/production-package-manifest.json","production-package-manifest.json",".json","693","0.001","2026-06-28T20:52:55.3258301Z","False","False",,"CALCULATED","b47c876ad2a7fb843b849b5b5898b750e5e548e8dc4caeca307138c4659ad168"
"GRIDLY_SOURCE_DATA_REPO","Crossing-Packages/montgomery/montgomery-crossings.geojson","montgomery-crossings.geojson",".geojson","721181","0.688","2026-06-28T20:53:00.5399738Z","False","False",,"CALCULATED","33cbbddfd25fe91b0b4239f6bb15185910d9795cd6b4c80e7dd5231ee84bedeb"
"GRIDLY_SOURCE_DATA_REPO","Crossing-Packages/montgomery/package-manifest.json","package-manifest.json",".json","329","0","2026-06-28T20:53:00.5419783Z","False","False",,"CALCULATED","80d72233f2c7f2434086806db41fd7774201b6432b4f11e8cce03d5d7fed2fae"
"GRIDLY_SOURCE_DATA_REPO","Crossing-Packages/montgomery/Production/montgomery-production-crossings.geojson","montgomery-production-crossings.geojson",".geojson","776473","0.741","2026-06-28T20:53:00.8493676Z","False","False",,"CALCULATED","b2abd1070a9c59e50a33dc3ed0a06dc62ce8ec8b427add3d18a77cc77b1c0894"
"GRIDLY_SOURCE_DATA_REPO","Crossing-Packages/montgomery/Production/production-certification.json","production-certification.json",".json","885","0.001","2026-06-28T20:53:00.8493676Z","False","False",,"CALCULATED","c5cf5902bc200871c19130479b690fb2f61c46a530647506f1082bce48650063"
"GRIDLY_SOURCE_DATA_REPO","Crossing-Packages/montgomery/Production/production-package-manifest.json","production-package-manifest.json",".json","753","0.001","2026-06-28T20:53:00.8493676Z","False","False",,"CALCULATED","28ebbb57f91225dd8f0fe1963956f66e9789e85d115ce0dbf4159a20aa29c17a"
"GRIDLY_SOURCE_DATA_REPO","Crossing-Packages/newton/newton-crossings.geojson","newton-crossings.geojson",".geojson","110264","0.105","2026-06-28T20:53:06.2297684Z","False","False",,"CALCULATED","4ed8ec948e090bd6bb355b206905f6ca4d82f1bb6126c23c9c5022bb96e5dd69"
"GRIDLY_SOURCE_DATA_REPO","Crossing-Packages/newton/package-manifest.json","package-manifest.json",".json","316","0","2026-06-28T20:53:06.2340041Z","False","False",,"CALCULATED","16c2fe49850cb2e8d8144122897e61f9bdcb9f78315c92d67cef7d257124f077"
"GRIDLY_SOURCE_DATA_REPO","Crossing-Packages/newton/Production/newton-production-crossings.geojson","newton-production-crossings.geojson",".geojson","118712","0.113","2026-06-28T20:53:06.3135029Z","False","False",,"CALCULATED","635619eef83cff7fe65ce16e37d4f3076d85a81429f1aa096f35a6a43cc08fe2"
"GRIDLY_SOURCE_DATA_REPO","Crossing-Packages/newton/Production/production-certification.json","production-certification.json",".json","862","0.001","2026-06-28T20:53:06.3155104Z","False","False",,"CALCULATED","10599d5a023a940e298de074074861b88261c1d37425a10e33b31be87b218521"
"GRIDLY_SOURCE_DATA_REPO","Crossing-Packages/newton/Production/production-package-manifest.json","production-package-manifest.json",".json","727","0.001","2026-06-28T20:53:06.3175949Z","False","False",,"CALCULATED","5f3a2188f292e309dd0a84a13e412bb640965ec530f49456a2fdb0599740aec1"
"GRIDLY_SOURCE_DATA_REPO","Crossing-Packages/orange/orange-crossings.geojson","orange-crossings.geojson",".geojson","629737","0.601","2026-06-28T20:53:11.5653561Z","False","False",,"CALCULATED","5b20c9df2d0ce56f291a6f1a4628a9743b9a5d6739d3611e8ce850a01dcac868"
"GRIDLY_SOURCE_DATA_REPO","Crossing-Packages/orange/package-manifest.json","package-manifest.json",".json","317","0","2026-06-28T20:53:11.5733090Z","False","False",,"CALCULATED","b4041a308aa3b26715ec22b7ffb71ff28099f826a0cd9a0176981ebf0a99ea5e"
"GRIDLY_SOURCE_DATA_REPO","Crossing-Packages/orange/Production/orange-production-crossings.geojson","orange-production-crossings.geojson",".geojson","678340","0.647","2026-06-28T20:53:11.8526011Z","False","False",,"CALCULATED","d37f1bb2f802f8fd222f573e844b481bf58e4c14731c5e8c7d6e1b4aaaa22cd4"
"GRIDLY_SOURCE_DATA_REPO","Crossing-Packages/orange/Production/production-certification.json","production-certification.json",".json","864","0.001","2026-06-28T20:53:11.8570309Z","False","False",,"CALCULATED","20225e4db1e6a1778b19f9597470e3d43d3947e7fee6d71e8f1b09aa606fbb0e"
"GRIDLY_SOURCE_DATA_REPO","Crossing-Packages/orange/Production/production-package-manifest.json","production-package-manifest.json",".json","728","0.001","2026-06-28T20:53:11.8570309Z","False","False",,"CALCULATED","70e9db863b1e2393586a215c24c32342b84dd99a1c303886582e8a57e97e9796"
"GRIDLY_SOURCE_DATA_REPO","Crossing-Packages/polk/package-manifest.json","package-manifest.json",".json","310","0","2026-06-28T20:53:17.2401062Z","False","False",,"CALCULATED","04c196e2769642f3fe71534d4a6afe1e8b1ff527ee1110e55e9cb6588df862be"
"GRIDLY_SOURCE_DATA_REPO","Crossing-Packages/polk/polk-crossings.geojson","polk-crossings.geojson",".geojson","270781","0.258","2026-06-28T20:53:17.2244386Z","False","False",,"CALCULATED","4d340a416da74e034faeaf330b8e53b355f5c6f008c1ac9476bc4fb8cdcf2219"
"GRIDLY_SOURCE_DATA_REPO","Crossing-Packages/polk/Production/polk-production-crossings.geojson","polk-production-crossings.geojson",".geojson","291501","0.278","2026-06-28T20:53:17.3529891Z","False","False",,"CALCULATED","2bbd3e16dd60606463ad5fbb35ae66522e915af961df908524b4b047da1f44cb"
"GRIDLY_SOURCE_DATA_REPO","Crossing-Packages/polk/Production/production-certification.json","production-certification.json",".json","852","0.001","2026-06-28T20:53:17.3682130Z","False","False",,"CALCULATED","617edf7857c30b01053de3df9d580d423b35d3ea26beeacda25da1604daa1c84"
"GRIDLY_SOURCE_DATA_REPO","Crossing-Packages/polk/Production/production-package-manifest.json","production-package-manifest.json",".json","715","0.001","2026-06-28T20:53:17.3702284Z","False","False",,"CALCULATED","27b06e7219e1efe06b0f7a5573ad204f4099dada91d0ad7b7fe9f562c940e6d4"
"GRIDLY_SOURCE_DATA_REPO","Crossing-Packages/production-crossing-manifest.json","production-crossing-manifest.json",".json","12263","0.012","2026-06-28T20:56:18.6146273Z","False","False",,"CALCULATED","090c20b0d8dade2ada80ac672ac54d43b55d9ee5162695867bee04ea68b61d97"
"GRIDLY_SOURCE_DATA_REPO","Crossing-Packages/san-jacinto/package-manifest.json","package-manifest.json",".json","331","0","2026-06-28T20:53:22.5998149Z","False","False",,"CALCULATED","40211f4c7e5b08be46ad4688361e285d01808a2b58b0f641cf975e2e4f2362ea"
"GRIDLY_SOURCE_DATA_REPO","Crossing-Packages/san-jacinto/Production/production-certification.json","production-certification.json",".json","833","0.001","2026-06-28T20:53:22.6671198Z","False","False",,"CALCULATED","34ad27b3eb1273b96a7735cde3ecc70fa7504d185c1bdfe5c73f5d4d678ddd7b"
"GRIDLY_SOURCE_DATA_REPO","Crossing-Packages/san-jacinto/Production/production-package-manifest.json","production-package-manifest.json",".json","703","0.001","2026-06-28T20:53:22.6776173Z","False","False",,"CALCULATED","6c46a12d165dd6f877da5c804853b7cb2bd6bf1ab5ae9a589e26582f0aa2681a"
"GRIDLY_SOURCE_DATA_REPO","Crossing-Packages/san-jacinto/Production/san-jacinto-production-crossings.geojson","san-jacinto-production-crossings.geojson",".geojson","54964","0.052","2026-06-28T20:53:22.6671198Z","False","False",,"CALCULATED","e03a0fc9ef0ab52d303b449a4ce2bc187d0a66a85773041aaa2a0b09dfbeface"
"GRIDLY_SOURCE_DATA_REPO","Crossing-Packages/san-jacinto/san-jacinto-crossings.geojson","san-jacinto-crossings.geojson",".geojson","51052","0.049","2026-06-28T20:53:22.5998149Z","False","False",,"CALCULATED","99226aba46f60317a53c29336c76a9e1fa20e7c553294d4c7f03dcca890724c8"
"GRIDLY_SOURCE_DATA_REPO","Crossing-Packages/Texas/fra-crossings-tx.geojson","fra-crossings-tx.geojson",".geojson","68200491","65.041","2026-06-27T16:27:04.9539405Z","False","False",,"CALCULATED","e30bdd2502552fa5e578b2feefc5e2f599c0e8206067e4a87c65dadfa760113c"
"GRIDLY_SOURCE_DATA_REPO","Crossing-Packages/Texas/package-manifest.json","package-manifest.json",".json","340","0","2026-06-27T16:41:08.5129401Z","False","False",,"CALCULATED","8e95bb81dc049a2901fffe8ea1df10dfce7da7fb737c0c341056a8cd3817099e"
"GRIDLY_SOURCE_DATA_REPO","Crossing-Packages/tyler/package-manifest.json","package-manifest.json",".json","312","0","2026-06-28T20:53:28.0064471Z","False","False",,"CALCULATED","2057a890dc8ee49e263a2a3527cdeda035f5990e10c517ac2358284626a28493"
"GRIDLY_SOURCE_DATA_REPO","Crossing-Packages/tyler/Production/production-certification.json","production-certification.json",".json","694","0.001","2026-06-28T20:53:28.0932526Z","False","False",,"CALCULATED","697ee0939150b7ddcf32c83052dcd1b020c0483ea41712112a131847fa454215"
"GRIDLY_SOURCE_DATA_REPO","Crossing-Packages/tyler/Production/production-package-manifest.json","production-package-manifest.json",".json","559","0.001","2026-06-28T20:53:28.0976880Z","False","False",,"CALCULATED","a330894ad80f445d46b0789095b5772795fcb9937084f256a6615e69aeabfe57"
"GRIDLY_SOURCE_DATA_REPO","Crossing-Packages/tyler/Production/tyler-production-crossings.geojson","tyler-production-crossings.geojson",".geojson","342","0","2026-06-28T20:53:28.0932526Z","False","False",,"CALCULATED","f7844d9cc3c0e8c21e5e97b6ae707b2bdfd416aa52a363ef8c0a60fe3e65d5c0"
"GRIDLY_SOURCE_DATA_REPO","Crossing-Packages/tyler/tyler-crossings.geojson","tyler-crossings.geojson",".geojson","286","0","2026-06-28T20:53:28.0064471Z","False","False",,"CALCULATED","3921f8fec0bbc2ae1829d5f2f1c252c5927359960ddf630c500dc119e1ea5b41"
"GRIDLY_SOURCE_DATA_REPO","Crossing-Packages/walker/package-manifest.json","package-manifest.json",".json","316","0","2026-06-28T20:53:33.3034943Z","False","False",,"CALCULATED","c759b105e69ae6eeb972e1f551387322ab73043393312a166dd2989adeb73b01"
"GRIDLY_SOURCE_DATA_REPO","Crossing-Packages/walker/Production/production-certification.json","production-certification.json",".json","861","0.001","2026-06-28T20:53:33.4068017Z","False","False",,"CALCULATED","8cc93092b3cdc1af142fdf5497462f00107fcf2d3931a017595d5d983e554883"
"GRIDLY_SOURCE_DATA_REPO","Crossing-Packages/walker/Production/production-package-manifest.json","production-package-manifest.json",".json","726","0.001","2026-06-28T20:53:33.4098012Z","False","False",,"CALCULATED","087488f11f9d61407e57edb753c9df8967ef449b426f91d3f2041f125049a5ab"
"GRIDLY_SOURCE_DATA_REPO","Crossing-Packages/walker/Production/walker-production-crossings.geojson","walker-production-crossings.geojson",".geojson","164521","0.157","2026-06-28T20:53:33.4044241Z","False","False",,"CALCULATED","1939d356247fc43cfb1a06aec3fd1ad39a607c40c97a001c809be774d092b630"
"GRIDLY_SOURCE_DATA_REPO","Crossing-Packages/walker/walker-crossings.geojson","walker-crossings.geojson",".geojson","152799","0.146","2026-06-28T20:53:33.3034943Z","False","False",,"CALCULATED","14419af33d97e185dd93f49e0f75f066b86f2bc5ad9a92295e6e09c907014259"
"GRIDLY_SOURCE_DATA_REPO","Crossing-Packages/waller/package-manifest.json","package-manifest.json",".json","316","0","2026-06-28T20:53:38.8074513Z","False","False",,"CALCULATED","7dbb020da6ae81e2aa34b8063a3eea6f9056c3340c94a6a2655ffcb48adbfeaa"
"GRIDLY_SOURCE_DATA_REPO","Crossing-Packages/waller/Production/production-certification.json","production-certification.json",".json","861","0.001","2026-06-28T20:53:38.9003164Z","False","False",,"CALCULATED","7f367ac91884e2e514126510a4004f6df8a692a7a15ca44e98be7b4b191c7e84"
"GRIDLY_SOURCE_DATA_REPO","Crossing-Packages/waller/Production/production-package-manifest.json","production-package-manifest.json",".json","726","0.001","2026-06-28T20:53:38.9163109Z","False","False",,"CALCULATED","5f9e4c5581084eb6e4357239196d72a21d2fa85f2e192548bf0b993415fbc832"
"GRIDLY_SOURCE_DATA_REPO","Crossing-Packages/waller/Production/waller-production-crossings.geojson","waller-production-crossings.geojson",".geojson","210092","0.2","2026-06-28T20:53:38.9003164Z","False","False",,"CALCULATED","5246360ae90f20b0e9fb2b04d2da55eda0605edc45955d3a213d74adadc6340b"
"GRIDLY_SOURCE_DATA_REPO","Crossing-Packages/waller/waller-crossings.geojson","waller-crossings.geojson",".geojson","195121","0.186","2026-06-28T20:53:38.8074513Z","False","False",,"CALCULATED","2f7ab3bbace921edf15e84bedeae19f6f6af32ebbadc93cd4eb291cbc7eab326"
"GRIDLY_SOURCE_DATA_REPO","Crossing-Packages/washington/package-manifest.json","package-manifest.json",".json","328","0","2026-06-28T20:53:44.1541658Z","False","False",,"CALCULATED","ef4af726cd3752b41cb5a976092169891cd154b6254fcb5b7c4cde2beeb556ff"
"GRIDLY_SOURCE_DATA_REPO","Crossing-Packages/washington/Production/production-certification.json","production-certification.json",".json","881","0.001","2026-06-28T20:53:44.2711350Z","False","False",,"CALCULATED","ab3ccd13525f43598d2a8638e66aabadc612d7c582c1703f22357c76ff189217"
"GRIDLY_SOURCE_DATA_REPO","Crossing-Packages/washington/Production/production-package-manifest.json","production-package-manifest.json",".json","750","0.001","2026-06-28T20:53:44.2741242Z","False","False",,"CALCULATED","b15ee58e631e2cc5e0cfa121c9666b94cee031d6b90da1bd9ce2a70154aefad5"
"GRIDLY_SOURCE_DATA_REPO","Crossing-Packages/washington/Production/washington-production-crossings.geojson","washington-production-crossings.geojson",".geojson","187928","0.179","2026-06-28T20:53:44.2691320Z","False","False",,"CALCULATED","4b45535326b07f634f04146ca43452ce9879f372da9b18faf90835ab2aa7666e"
"GRIDLY_SOURCE_DATA_REPO","Crossing-Packages/washington/washington-crossings.geojson","washington-crossings.geojson",".geojson","174655","0.167","2026-06-28T20:53:44.1541658Z","False","False",,"CALCULATED","0ad18b0cbbfb531a658e99f7c4a22ce356b78e469ef9353925efa281185adea7"
"GRIDLY_SOURCE_DATA_REPO","Crossing-Packages/wharton/package-manifest.json","package-manifest.json",".json","319","0","2026-06-28T20:53:49.6718433Z","False","False",,"CALCULATED","eea55b556a0315d593d4b18dd2db8eef3b439e3f8ddc76e06573ad9a3ae75080"
"GRIDLY_SOURCE_DATA_REPO","Crossing-Packages/wharton/Production/production-certification.json","production-certification.json",".json","815","0.001","2026-06-28T20:53:49.8401908Z","False","False",,"CALCULATED","2c36f6c01377c933109d274c08f7bdf41adcb7f63a0e89eb1a8eb4497f75c8f9"
"GRIDLY_SOURCE_DATA_REPO","Crossing-Packages/wharton/Production/production-package-manifest.json","production-package-manifest.json",".json","681","0.001","2026-06-28T20:53:49.8401908Z","False","False",,"CALCULATED","858409a55eaf9be8c5ccfbc5e2e009546f6aae564cf0dae8b9ac1258be5b6ccb"
"GRIDLY_SOURCE_DATA_REPO","Crossing-Packages/wharton/Production/wharton-production-crossings.geojson","wharton-production-crossings.geojson",".geojson","328105","0.313","2026-06-28T20:53:49.8401908Z","False","False",,"CALCULATED","a6efff23870d4885a715964933a5578a67e69059b007e0d758869c53350648f1"
"GRIDLY_SOURCE_DATA_REPO","Crossing-Packages/wharton/wharton-crossings.geojson","wharton-crossings.geojson",".geojson","304872","0.291","2026-06-28T20:53:49.6703300Z","False","False",,"CALCULATED","0126a49afd6fa4dfd27d903878f59861a8c9b68d3c9f3726bd15a63f4e813b25"
"GRIDLY_SOURCE_DATA_REPO","Documentation/DATA-PLATFORM-ARCHITECTURE.md","DATA-PLATFORM-ARCHITECTURE.md",".md","2266","0.002","2026-06-27T16:44:44.0975156Z","False","False",,"NOT_CALCULATED",
"GRIDLY_SOURCE_DATA_REPO","Documentation/DATASET-CATALOG.md","DATASET-CATALOG.md",".md","2039","0.002","2026-06-27T16:36:09.6531214Z","False","False",,"NOT_CALCULATED",
"GRIDLY_SOURCE_DATA_REPO","Documentation/PLACE-DOWNLOADS-HERE.txt","PLACE-DOWNLOADS-HERE.txt",".txt","59","0","2026-06-26T14:15:34.4757651Z","False","False",,"NOT_CALCULATED",
"GRIDLY_SOURCE_DATA_REPO","Documentation/SOURCE-INVENTORY.txt.txt","SOURCE-INVENTORY.txt.txt",".txt","683","0.001","2026-06-26T15:22:54.3980840Z","False","False",,"NOT_CALCULATED",
"GRIDLY_SOURCE_DATA_REPO","DriveTexas/PLACE-DOWNLOADS-HERE.txt","PLACE-DOWNLOADS-HERE.txt",".txt","56","0","2026-06-26T14:15:34.5174016Z","False","False",,"NOT_CALCULATED",
"GRIDLY_SOURCE_DATA_REPO","FRA/fra-manifest.json","fra-manifest.json",".json","536","0.001","2026-06-27T16:27:04.9610448Z","False","False",,"CALCULATED","068655ae3a54466c0de0de453ae4599d2b8775f56680a4249622b73c3980e2e9"
"GRIDLY_SOURCE_DATA_REPO","FRA/PLACE-DOWNLOADS-HERE.txt","PLACE-DOWNLOADS-HERE.txt",".txt","49","0","2026-06-26T14:15:34.5464983Z","False","False",,"NOT_CALCULATED",
"GRIDLY_SOURCE_DATA_REPO","FRA/Processed/fra-crossings-tx.geojson","fra-crossings-tx.geojson",".geojson","68200491","65.041","2026-06-27T16:27:04.9539405Z","False","False",,"CALCULATED","e30bdd2502552fa5e578b2feefc5e2f599c0e8206067e4a87c65dadfa760113c"
"GRIDLY_SOURCE_DATA_REPO","FRA/Raw/fra-crossings-tx-raw.geojson","fra-crossings-tx-raw.geojson",".geojson","68229691","65.069","2026-06-27T16:05:12.4870034Z","False","False",,"CALCULATED","d5da727edfefc95e2d36b6d73a3653cfea71d7a46ee9322efc8f23d38c1bdbb9"
"GRIDLY_SOURCE_DATA_REPO","FRA/Raw/fra-crossings-tx-raw-test.geojson","fra-crossings-tx-raw-test.geojson",".geojson","68229691","65.069","2026-06-27T16:26:01.3045546Z","False","False",,"CALCULATED","2088d96ccdd142e5ccd97c69a71f295b257fd37596a58612516b682be0a3be2b"
"GRIDLY_SOURCE_DATA_REPO","FRA/Validation/fra-validation.json","fra-validation.json",".json","252","0","2026-06-27T16:27:04.9582103Z","False","False",,"CALCULATED","9e6218ee5ad45bba660ded45fe17f96b4b648434107035b8a526c6e2646426be"
"GRIDLY_SOURCE_DATA_REPO","National-Address-Database/extracted/NAD_r23.gdb/a00000001.gdbindexes","a00000001.gdbindexes",".gdbindexes","110","0","2024-04-19T17:20:28.0000000Z","False","False",,"NOT_CALCULATED",
"GRIDLY_SOURCE_DATA_REPO","National-Address-Database/extracted/NAD_r23.gdb/a00000001.gdbtable","a00000001.gdbtable",".gdbtable","384","0","2026-07-01T01:50:52.0000000Z","False","False",,"NOT_CALCULATED",
"GRIDLY_SOURCE_DATA_REPO","National-Address-Database/extracted/NAD_r23.gdb/a00000001.gdbtablx","a00000001.gdbtablx",".gdbtablx","5152","0.005","2026-07-01T01:50:52.0000000Z","False","False",,"NOT_CALCULATED",
"GRIDLY_SOURCE_DATA_REPO","National-Address-Database/extracted/NAD_r23.gdb/a00000001.TablesByName.atx","a00000001.TablesByName.atx",".atx","4118","0.004","2025-12-29T15:02:42.0000000Z","False","False",,"NOT_CALCULATED",
"GRIDLY_SOURCE_DATA_REPO","National-Address-Database/extracted/NAD_r23.gdb/a00000002.gdbtable","a00000002.gdbtable",".gdbtable","2055","0.002","2024-04-19T17:20:28.0000000Z","False","False",,"NOT_CALCULATED",
"GRIDLY_SOURCE_DATA_REPO","National-Address-Database/extracted/NAD_r23.gdb/a00000002.gdbtablx","a00000002.gdbtablx",".gdbtablx","5152","0.005","2024-04-19T17:20:28.0000000Z","False","False",,"NOT_CALCULATED",
"GRIDLY_SOURCE_DATA_REPO","National-Address-Database/extracted/NAD_r23.gdb/a00000003.gdbindexes","a00000003.gdbindexes",".gdbindexes","42","0","2024-04-19T17:20:28.0000000Z","False","False",,"NOT_CALCULATED",
"GRIDLY_SOURCE_DATA_REPO","National-Address-Database/extracted/NAD_r23.gdb/a00000003.gdbtable","a00000003.gdbtable",".gdbtable","1038","0.001","2025-10-16T17:52:30.0000000Z","False","False",,"NOT_CALCULATED",
"GRIDLY_SOURCE_DATA_REPO","National-Address-Database/extracted/NAD_r23.gdb/a00000003.gdbtablx","a00000003.gdbtablx",".gdbtablx","5152","0.005","2025-10-16T17:52:30.0000000Z","False","False",,"NOT_CALCULATED",
"GRIDLY_SOURCE_DATA_REPO","National-Address-Database/extracted/NAD_r23.gdb/a00000004.CatItemsByPhysicalName.atx","a00000004.CatItemsByPhysicalName.atx",".atx","4118","0.004","2025-12-29T15:02:42.0000000Z","False","False",,"NOT_CALCULATED",
"GRIDLY_SOURCE_DATA_REPO","National-Address-Database/extracted/NAD_r23.gdb/a00000004.CatItemsByType.atx","a00000004.CatItemsByType.atx",".atx","4118","0.004","2025-10-16T19:06:02.0000000Z","False","False",,"NOT_CALCULATED",
"GRIDLY_SOURCE_DATA_REPO","National-Address-Database/extracted/NAD_r23.gdb/a00000004.FDO_UUID.atx","a00000004.FDO_UUID.atx",".atx","4118","0.004","2025-10-16T19:06:02.0000000Z","False","False",,"NOT_CALCULATED",
"GRIDLY_SOURCE_DATA_REPO","National-Address-Database/extracted/NAD_r23.gdb/a00000004.freelist","a00000004.freelist",".freelist","4440","0.004","2026-06-30T15:17:44.0000000Z","False","False",,"NOT_CALCULATED",
"GRIDLY_SOURCE_DATA_REPO","National-Address-Database/extracted/NAD_r23.gdb/a00000004.gdbindexes","a00000004.gdbindexes",".gdbindexes","310","0","2024-04-19T17:20:28.0000000Z","False","False",,"NOT_CALCULATED",
"GRIDLY_SOURCE_DATA_REPO","National-Address-Database/extracted/NAD_r23.gdb/a00000004.gdbtable","a00000004.gdbtable",".gdbtable","2106394","2.009","2026-06-30T15:17:44.0000000Z","False","False",,"NOT_CALCULATED",
"GRIDLY_SOURCE_DATA_REPO","National-Address-Database/extracted/NAD_r23.gdb/a00000004.gdbtablx","a00000004.gdbtablx",".gdbtablx","5152","0.005","2026-06-30T15:17:44.0000000Z","False","False",,"NOT_CALCULATED",
"GRIDLY_SOURCE_DATA_REPO","National-Address-Database/extracted/NAD_r23.gdb/a00000004.horizon","a00000004.horizon",".horizon","32","0","2024-04-19T17:20:28.0000000Z","False","False",,"NOT_CALCULATED",
"GRIDLY_SOURCE_DATA_REPO","National-Address-Database/extracted/NAD_r23.gdb/a00000004.spx","a00000004.spx",".spx","4118","0.004","2024-04-19T17:20:28.0000000Z","False","False",,"NOT_CALCULATED",
"GRIDLY_SOURCE_DATA_REPO","National-Address-Database/extracted/NAD_r23.gdb/a00000005.CatItemTypesByName.atx","a00000005.CatItemTypesByName.atx",".atx","12310","0.012","2024-04-19T17:23:36.0000000Z","False","False",,"NOT_CALCULATED",
"GRIDLY_SOURCE_DATA_REPO","National-Address-Database/extracted/NAD_r23.gdb/a00000005.CatItemTypesByParentTypeID.atx","a00000005.CatItemTypesByParentTypeID.atx",".atx","4118","0.004","2024-04-19T17:23:36.0000000Z","False","False",,"NOT_CALCULATED",
"GRIDLY_SOURCE_DATA_REPO","National-Address-Database/extracted/NAD_r23.gdb/a00000005.CatItemTypesByUUID.atx","a00000005.CatItemTypesByUUID.atx",".atx","4118","0.004","2024-04-19T17:23:36.0000000Z","False","False",,"NOT_CALCULATED",
"GRIDLY_SOURCE_DATA_REPO","National-Address-Database/extracted/NAD_r23.gdb/a00000005.gdbindexes","a00000005.gdbindexes",".gdbindexes","296","0","2024-04-19T17:20:28.0000000Z","False","False",,"NOT_CALCULATED",
"GRIDLY_SOURCE_DATA_REPO","National-Address-Database/extracted/NAD_r23.gdb/a00000005.gdbtable","a00000005.gdbtable",".gdbtable","2071","0.002","2024-04-19T17:23:38.0000000Z","False","False",,"NOT_CALCULATED",
"GRIDLY_SOURCE_DATA_REPO","National-Address-Database/extracted/NAD_r23.gdb/a00000005.gdbtablx","a00000005.gdbtablx",".gdbtablx","5152","0.005","2024-04-19T17:23:36.0000000Z","False","False",,"NOT_CALCULATED",
"GRIDLY_SOURCE_DATA_REPO","National-Address-Database/extracted/NAD_r23.gdb/a00000006.CatRelsByDestinationID.atx","a00000006.CatRelsByDestinationID.atx",".atx","4118","0.004","2025-12-29T15:10:14.0000000Z","False","False",,"NOT_CALCULATED",
"GRIDLY_SOURCE_DATA_REPO","National-Address-Database/extracted/NAD_r23.gdb/a00000006.CatRelsByOriginID.atx","a00000006.CatRelsByOriginID.atx",".atx","4118","0.004","2025-12-29T15:10:14.0000000Z","False","False",,"NOT_CALCULATED",
"GRIDLY_SOURCE_DATA_REPO","National-Address-Database/extracted/NAD_r23.gdb/a00000006.CatRelsByType.atx","a00000006.CatRelsByType.atx",".atx","4118","0.004","2025-12-29T15:10:14.0000000Z","False","False",,"NOT_CALCULATED",
"GRIDLY_SOURCE_DATA_REPO","National-Address-Database/extracted/NAD_r23.gdb/a00000006.FDO_UUID.atx","a00000006.FDO_UUID.atx",".atx","4118","0.004","2025-12-29T15:10:14.0000000Z","False","False",,"NOT_CALCULATED",
"GRIDLY_SOURCE_DATA_REPO","National-Address-Database/extracted/NAD_r23.gdb/a00000006.gdbindexes","a00000006.gdbindexes",".gdbindexes","318","0","2024-04-19T17:20:28.0000000Z","False","False",,"NOT_CALCULATED",
"GRIDLY_SOURCE_DATA_REPO","National-Address-Database/extracted/NAD_r23.gdb/a00000006.gdbtable","a00000006.gdbtable",".gdbtable","1431","0.001","2025-12-29T15:10:14.0000000Z","False","False",,"NOT_CALCULATED",
"GRIDLY_SOURCE_DATA_REPO","National-Address-Database/extracted/NAD_r23.gdb/a00000006.gdbtablx","a00000006.gdbtablx",".gdbtablx","5152","0.005","2025-12-29T15:10:14.0000000Z","False","False",,"NOT_CALCULATED",
"GRIDLY_SOURCE_DATA_REPO","National-Address-Database/extracted/NAD_r23.gdb/a00000007.CatRelTypesByBackwardLabel.atx","a00000007.CatRelTypesByBackwardLabel.atx",".atx","12310","0.012","2024-04-19T17:23:36.0000000Z","False","False",,"NOT_CALCULATED",
"GRIDLY_SOURCE_DATA_REPO","National-Address-Database/extracted/NAD_r23.gdb/a00000007.CatRelTypesByDestItemTypeID.atx","a00000007.CatRelTypesByDestItemTypeID.atx",".atx","4118","0.004","2024-04-19T17:23:36.0000000Z","False","False",,"NOT_CALCULATED",
"GRIDLY_SOURCE_DATA_REPO","National-Address-Database/extracted/NAD_r23.gdb/a00000007.CatRelTypesByForwardLabel.atx","a00000007.CatRelTypesByForwardLabel.atx",".atx","12310","0.012","2024-04-19T17:23:36.0000000Z","False","False",,"NOT_CALCULATED",
"GRIDLY_SOURCE_DATA_REPO","National-Address-Database/extracted/NAD_r23.gdb/a00000007.CatRelTypesByName.atx","a00000007.CatRelTypesByName.atx",".atx","12310","0.012","2024-04-19T17:23:36.0000000Z","False","False",,"NOT_CALCULATED",
"GRIDLY_SOURCE_DATA_REPO","National-Address-Database/extracted/NAD_r23.gdb/a00000007.CatRelTypesByOriginItemTypeID.atx","a00000007.CatRelTypesByOriginItemTypeID.atx",".atx","4118","0.004","2024-04-19T17:23:36.0000000Z","False","False",,"NOT_CALCULATED",
"GRIDLY_SOURCE_DATA_REPO","National-Address-Database/extracted/NAD_r23.gdb/a00000007.CatRelTypesByUUID.atx","a00000007.CatRelTypesByUUID.atx",".atx","4118","0.004","2024-04-19T17:23:36.0000000Z","False","False",,"NOT_CALCULATED",
"GRIDLY_SOURCE_DATA_REPO","National-Address-Database/extracted/NAD_r23.gdb/a00000007.gdbindexes","a00000007.gdbindexes",".gdbindexes","602","0.001","2024-04-19T17:20:28.0000000Z","False","False",,"NOT_CALCULATED",
"GRIDLY_SOURCE_DATA_REPO","National-Address-Database/extracted/NAD_r23.gdb/a00000007.gdbtable","a00000007.gdbtable",".gdbtable","3626","0.003","2024-04-19T17:23:36.0000000Z","False","False",,"NOT_CALCULATED",
"GRIDLY_SOURCE_DATA_REPO","National-Address-Database/extracted/NAD_r23.gdb/a00000007.gdbtablx","a00000007.gdbtablx",".gdbtablx","5152","0.005","2024-04-19T17:23:36.0000000Z","False","False",,"NOT_CALCULATED",
"GRIDLY_SOURCE_DATA_REPO","National-Address-Database/extracted/NAD_r23.gdb/a00000009.EditingTemplatesByDatasetGUID.atx","a00000009.EditingTemplatesByDatasetGUID.atx",".atx","4118","0.004","2024-04-19T17:20:28.0000000Z","False","False",,"NOT_CALCULATED",
"GRIDLY_SOURCE_DATA_REPO","National-Address-Database/extracted/NAD_r23.gdb/a00000009.EditingTemplatesByName.atx","a00000009.EditingTemplatesByName.atx",".atx","4118","0.004","2024-04-19T17:23:36.0000000Z","False","False",,"NOT_CALCULATED",
"GRIDLY_SOURCE_DATA_REPO","National-Address-Database/extracted/NAD_r23.gdb/a00000009.EditingTemplatesByType.atx","a00000009.EditingTemplatesByType.atx",".atx","4118","0.004","2024-04-19T17:23:36.0000000Z","False","False",,"NOT_CALCULATED",
"GRIDLY_SOURCE_DATA_REPO","National-Address-Database/extracted/NAD_r23.gdb/a00000009.FDO_GlobalID.atx","a00000009.FDO_GlobalID.atx",".atx","4118","0.004","2024-04-19T17:20:28.0000000Z","False","False",,"NOT_CALCULATED",
"GRIDLY_SOURCE_DATA_REPO","National-Address-Database/extracted/NAD_r23.gdb/a00000009.gdbindexes","a00000009.gdbindexes",".gdbindexes","378","0","2024-04-19T17:23:38.0000000Z","False","False",,"NOT_CALCULATED",
"GRIDLY_SOURCE_DATA_REPO","National-Address-Database/extracted/NAD_r23.gdb/a00000009.gdbtable","a00000009.gdbtable",".gdbtable","334","0","2024-04-19T17:23:38.0000000Z","False","False",,"NOT_CALCULATED",
"GRIDLY_SOURCE_DATA_REPO","National-Address-Database/extracted/NAD_r23.gdb/a00000009.gdbtablx","a00000009.gdbtablx",".gdbtablx","32","0","2024-04-19T17:20:28.0000000Z","False","False",,"NOT_CALCULATED",
"GRIDLY_SOURCE_DATA_REPO","National-Address-Database/extracted/NAD_r23.gdb/a0000000a.EditingTemplateRelsByDestinationID.atx","a0000000a.EditingTemplateRelsByDestinationID.atx",".atx","4118","0.004","2024-04-19T17:20:28.0000000Z","False","False",,"NOT_CALCULATED",
"GRIDLY_SOURCE_DATA_REPO","National-Address-Database/extracted/NAD_r23.gdb/a0000000a.EditingTemplateRelsByOriginID.atx","a0000000a.EditingTemplateRelsByOriginID.atx",".atx","4118","0.004","2024-04-19T17:20:28.0000000Z","False","False",,"NOT_CALCULATED",
"GRIDLY_SOURCE_DATA_REPO","National-Address-Database/extracted/NAD_r23.gdb/a0000000a.EditingTemplateRelsByType.atx","a0000000a.EditingTemplateRelsByType.atx",".atx","4118","0.004","2024-04-19T17:23:36.0000000Z","False","False",,"NOT_CALCULATED",
"GRIDLY_SOURCE_DATA_REPO","National-Address-Database/extracted/NAD_r23.gdb/a0000000a.gdbindexes","a0000000a.gdbindexes",".gdbindexes","344","0","2024-04-19T17:23:38.0000000Z","False","False",,"NOT_CALCULATED",
"GRIDLY_SOURCE_DATA_REPO","National-Address-Database/extracted/NAD_r23.gdb/a0000000a.gdbtable","a0000000a.gdbtable",".gdbtable","127","0","2024-04-19T17:23:38.0000000Z","False","False",,"NOT_CALCULATED",
"GRIDLY_SOURCE_DATA_REPO","National-Address-Database/extracted/NAD_r23.gdb/a0000000a.gdbtablx","a0000000a.gdbtablx",".gdbtablx","32","0","2024-04-19T17:20:28.0000000Z","False","False",,"NOT_CALCULATED",
"GRIDLY_SOURCE_DATA_REPO","National-Address-Database/extracted/NAD_r23.gdb/a0000000b.gdbindexes","a0000000b.gdbindexes",".gdbindexes","116","0","2026-07-01T01:50:52.0000000Z","False","False",,"NOT_CALCULATED",
"GRIDLY_SOURCE_DATA_REPO","National-Address-Database/extracted/NAD_r23.gdb/a0000000b.gdbtable","a0000000b.gdbtable",".gdbtable","34158923037","32576.488","2026-07-01T01:50:52.0000000Z","False","False",,"NOT_CALCULATED",
"GRIDLY_SOURCE_DATA_REPO","National-Address-Database/extracted/NAD_r23.gdb/a0000000b.gdbtablx","a0000000b.gdbtablx",".gdbtablx","489663776","466.98","2026-07-01T01:50:38.0000000Z","False","False",,"NOT_CALCULATED",
"GRIDLY_SOURCE_DATA_REPO","National-Address-Database/extracted/NAD_r23.gdb/a0000000b.horizon","a0000000b.horizon",".horizon","32","0","2026-06-30T15:50:10.0000000Z","False","False",,"NOT_CALCULATED",
"GRIDLY_SOURCE_DATA_REPO","National-Address-Database/extracted/NAD_r23.gdb/a0000000b.spx","a0000000b.spx",".spx","1183248406","1128.434","2026-07-01T01:50:52.0000000Z","False","False",,"NOT_CALCULATED",
"GRIDLY_SOURCE_DATA_REPO","National-Address-Database/extracted/NAD_r23.gdb/gdb","gdb","","4","0","2024-04-19T17:20:28.0000000Z","False","False",,"NOT_CALCULATED",
"GRIDLY_SOURCE_DATA_REPO","National-Address-Database/extracted/NAD_r23.gdb/timestamps","timestamps","","400","0","2026-06-30T15:17:44.0000000Z","False","False",,"NOT_CALCULATED",
"GRIDLY_SOURCE_DATA_REPO","National-Address-Database/gridly-28-counties/gridly_nad_28_counties.gpkg","gridly_nad_28_counties.gpkg",".gpkg","1605632","1.531","2026-07-30T20:50:51.1878620Z","False","False",,"CALCULATED","2f9a9386fc829efd0a5e680d628b8d4d5df3f6b766d85ead96a3b25f74d8373e"
"GRIDLY_SOURCE_DATA_REPO","National-Address-Database/gridly-28-counties/gridly_nad_28_counties_export.log","gridly_nad_28_counties_export.log",".log","736","0.001","2026-07-30T20:45:22.6873128Z","False","False",,"NOT_CALCULATED",
"GRIDLY_SOURCE_DATA_REPO","National-Address-Database/gridly-28-counties/liberty_county_test.gpkg","liberty_county_test.gpkg",".gpkg","1605632","1.531","2026-07-30T20:52:01.7901332Z","False","False",,"CALCULATED","9496cf9232c6d970156f29da4870c52240f3246076f416a73aed275a398fd4db"
"GRIDLY_SOURCE_DATA_REPO","National-Address-Database/NAD_r23.zip","NAD_r23.zip",".zip","9733944292","9283.013","2026-07-29T22:38:39.6783092Z","False","False",,"CALCULATED","611dc018fc110f2069a7bfa086559689c1d85ba18818d6efbc2281e34999b4c1"
"GRIDLY_SOURCE_DATA_REPO","National-Address-Database/reports/lp104.3-extracted-gdb-schema.txt","lp104.3-extracted-gdb-schema.txt",".txt","12734","0.012","2026-07-30T18:08:26.4694961Z","False","False",,"NOT_CALCULATED",
"GRIDLY_SOURCE_DATA_REPO","National-Address-Database/reports/lp104.3-extracted-liberty-count.txt","lp104.3-extracted-liberty-count.txt",".txt","12728","0.012","2026-07-30T19:06:39.0137494Z","False","False",,"NOT_CALCULATED",
"GRIDLY_SOURCE_DATA_REPO","National-Address-Database/reports/lp104.3-extracted-target-count.txt","lp104.3-extracted-target-count.txt",".txt","12720","0.012","2026-07-30T19:52:41.4014307Z","False","False",,"NOT_CALCULATED",
"GRIDLY_SOURCE_DATA_REPO","National-Address-Database/reports/lp104.3-extracted-texas-count.txt","lp104.3-extracted-texas-count.txt",".txt","12734","0.012","2026-07-30T18:36:46.3982446Z","False","False",,"NOT_CALCULATED",
"GRIDLY_SOURCE_DATA_REPO","National-Address-Database/reports/nad_r23_inventory.json","nad_r23_inventory.json",".json","11374","0.011","2026-07-30T01:11:09.7029127Z","False","False",,"CALCULATED","b145d75f613eb605eef4d6e4b0755b71f5ceab047ac0ee2eb42c1c8c3eaf2a41"
"GRIDLY_SOURCE_DATA_REPO","National-Address-Database/reports/nad_r23_layer_schema.txt","nad_r23_layer_schema.txt",".txt","12754","0.012","2026-07-30T01:14:03.1551825Z","False","False",,"NOT_CALCULATED",
"GRIDLY_SOURCE_DATA_REPO","National-Address-Database/reports/nad_r23_schema.txt","nad_r23_schema.txt",".txt","348","0","2026-07-30T01:13:26.1846689Z","False","False",,"NOT_CALCULATED",
"GRIDLY_SOURCE_DATA_REPO","NOAA/PLACE-DOWNLOADS-HERE.txt","PLACE-DOWNLOADS-HERE.txt",".txt","50","0","2026-06-26T14:15:34.5810243Z","False","False",,"NOT_CALCULATED",
"GRIDLY_SOURCE_DATA_REPO","OpenStreetMap/Community-Packages/austin-roads-raw.geojson","austin-roads-raw.geojson",".geojson","4071991","3.883","2026-06-26T22:16:31.4837478Z","False","False",,"CALCULATED","e6059a1e6938c7aaac0df3036a70159e196ee8233b80eeb914a54800cb112882"
"GRIDLY_SOURCE_DATA_REPO","OpenStreetMap/Community-Packages/brazoria-roads-raw.geojson","brazoria-roads-raw.geojson",".geojson","19641351","18.731","2026-06-26T22:10:44.1852690Z","False","False",,"CALCULATED","0f03be5d5f4b08c04a6a34de5c832f005f22f065f041cd07bb1244b5f36e822c"
"GRIDLY_SOURCE_DATA_REPO","OpenStreetMap/Community-Packages/brazos-roads-raw.geojson","brazos-roads-raw.geojson",".geojson","10227980","9.754","2026-06-26T22:19:54.9823470Z","False","False",,"CALCULATED","67f68febdbd73c5227ff02010f5753f160474a8394f5f8cc49b919830faea1bd"
"GRIDLY_SOURCE_DATA_REPO","OpenStreetMap/Community-Packages/calhoun-roads-raw.geojson","calhoun-roads-raw.geojson",".geojson","1480766","1.412","2026-06-26T23:03:12.0791175Z","False","False",,"CALCULATED","9592bc8a6e87db2ec3d49cb2dc9e8e47bc4394c1ed03fb2fb1bb2710372d1571"
"GRIDLY_SOURCE_DATA_REPO","OpenStreetMap/Community-Packages/chambers-roads-raw.geojson","chambers-roads-raw.geojson",".geojson","3551212","3.387","2026-06-26T17:03:09.0307728Z","False","False",,"CALCULATED","d52a6758dd099eef2df30602857cc3b66120297696deae3f663a038359194f8e"
"GRIDLY_SOURCE_DATA_REPO","OpenStreetMap/Community-Packages/colorado-roads-raw.geojson","colorado-roads-raw.geojson",".geojson","3948474","3.766","2026-06-26T22:55:56.6320651Z","False","False",,"CALCULATED","b4be937b805bc7a48debceb46540e16899aa5348bbf86ef3877c133d321969bf"
"GRIDLY_SOURCE_DATA_REPO","OpenStreetMap/Community-Packages/fayette-roads-raw.geojson","fayette-roads-raw.geojson",".geojson","5885576","5.613","2026-06-26T22:57:38.4595192Z","False","False",,"CALCULATED","a9c88f30f37bd01130b64a392d79781fd96c6104c47087185e90905d9048a7e2"
"GRIDLY_SOURCE_DATA_REPO","OpenStreetMap/Community-Packages/fort-bend-roads-raw.geojson","fort-bend-roads-raw.geojson",".geojson","39832423","37.987","2026-06-26T22:13:30.5303351Z","False","False",,"CALCULATED","ae80e62512c7d5e2b3f21ad830652b8f6883843ba9d7a6fa2430960f11ecba0b"
"GRIDLY_SOURCE_DATA_REPO","OpenStreetMap/Community-Packages/galveston-roads-raw.geojson","galveston-roads-raw.geojson",".geojson","16901472","16.118","2026-06-26T22:08:30.3590399Z","False","False",,"CALCULATED","ae4828946c1bb1c95b8c8eeb4a415f7746478bf852ab2378a543d34235a8e73b"
"GRIDLY_SOURCE_DATA_REPO","OpenStreetMap/Community-Packages/grimes-roads-raw.geojson","grimes-roads-raw.geojson",".geojson","3047682","2.906","2026-06-26T22:21:20.2140729Z","False","False",,"CALCULATED","5668b232d6fcc2b3a38a376ca763990542d2da86c49c6305d0725b5819d8069d"
"GRIDLY_SOURCE_DATA_REPO","OpenStreetMap/Community-Packages/hardin-roads-raw.geojson","hardin-roads-raw.geojson",".geojson","5621625","5.361","2026-06-26T21:44:57.9966960Z","False","False",,"CALCULATED","835e951951bc42ebb5b4591709998c99fbdd17ea6e3069357adaf00910230805"
"GRIDLY_SOURCE_DATA_REPO","OpenStreetMap/Community-Packages/harris-roads-raw.geojson","harris-roads-raw.geojson",".geojson","183680032","175.171","2026-06-26T22:44:53.5878824Z","False","False",,"CALCULATED","c729a0ec205c07922eb971ba15960df8f9b54e5a2765fd62b87428df5262579c"
"GRIDLY_SOURCE_DATA_REPO","OpenStreetMap/Community-Packages/jackson-roads-raw.geojson","jackson-roads-raw.geojson",".geojson","2264521","2.16","2026-06-26T23:00:20.9545194Z","False","False",,"CALCULATED","49da2e8444bbf4f86f64380ab4b95d756b3f90cd3cb8f718bb2727cb632b3a65"
"GRIDLY_SOURCE_DATA_REPO","OpenStreetMap/Community-Packages/jasper-roads-raw.geojson","jasper-roads-raw.geojson",".geojson","2930321","2.795","2026-06-26T22:03:42.1126879Z","False","False",,"CALCULATED","f9555c3b29be520e1ad957384da088625c608a6e82f155eff6f8d3d5974114f6"
"GRIDLY_SOURCE_DATA_REPO","OpenStreetMap/Community-Packages/jefferson-roads-raw.geojson","jefferson-roads-raw.geojson",".geojson","9999931","9.537","2026-06-26T21:09:48.6875206Z","False","False",,"CALCULATED","018bff84830040e8da312fa850ea6a1cb7c2bfb08f511454690d26ab06b01b12"
"GRIDLY_SOURCE_DATA_REPO","OpenStreetMap/Community-Packages/lavaca-roads-raw.geojson","lavaca-roads-raw.geojson",".geojson","3248644","3.098","2026-06-26T22:59:01.6040586Z","False","False",,"CALCULATED","5cf394bee57a47a3388dd149fdd688026fd503ed0f5e858c54aacc939d4cf98c"
"GRIDLY_SOURCE_DATA_REPO","OpenStreetMap/Community-Packages/matagorda-roads-raw.geojson","matagorda-roads-raw.geojson",".geojson","3564355","3.399","2026-06-26T23:01:44.5950330Z","False","False",,"CALCULATED","1f66a230132d469f1eca8dea8a0f5f6646e8a16f17c8466e92e3dbe9a8a8f95d"
"GRIDLY_SOURCE_DATA_REPO","OpenStreetMap/Community-Packages/montgomery-roads-raw.geojson","montgomery-roads-raw.geojson",".geojson","35232470","33.6","2026-06-29T17:08:20.0582794Z","False","False",,"CALCULATED","3f5ca248794a856b7fb8bfa17a09496304d4b4a2a2e2c4660bdb9ad0d690f4ac"
"GRIDLY_SOURCE_DATA_REPO","OpenStreetMap/Community-Packages/newton-roads-raw.geojson","newton-roads-raw.geojson",".geojson","1849763","1.764","2026-06-26T22:05:02.8929768Z","False","False",,"CALCULATED","b3a6483d6865a35c0276e0130294fd39fb6a6a6180e57c6ef4f6462c91acf966"
"GRIDLY_SOURCE_DATA_REPO","OpenStreetMap/Community-Packages/orange-roads-raw.geojson","orange-roads-raw.geojson",".geojson","3981759","3.797","2026-06-26T22:02:11.7605268Z","False","False",,"CALCULATED","e743ae11bdad0d8de1158acaed44f776e3dbf3f19124c9e97f871b1bea6aaa31"
"GRIDLY_SOURCE_DATA_REPO","OpenStreetMap/Community-Packages/polk-roads-raw.geojson","polk-roads-raw.geojson",".geojson","4199038","4.005","2026-06-26T21:46:34.0134218Z","False","False",,"CALCULATED","56e16e2a46ae49eadb28e70f642e82a70dba2380f26803975ac32aea363b6d51"
"GRIDLY_SOURCE_DATA_REPO","OpenStreetMap/Community-Packages/tyler-roads-raw.geojson","tyler-roads-raw.geojson",".geojson","2732104","2.606","2026-06-26T22:06:23.2176690Z","False","False",,"CALCULATED","ddcb87fdbdc39bd26a6aeb76e7eb637eca2023bbca7c25ca17d1c912012eea79"
"GRIDLY_SOURCE_DATA_REPO","OpenStreetMap/Community-Packages/walker-roads-raw.geojson","walker-roads-raw.geojson",".geojson","4345450","4.144","2026-06-26T21:36:01.9083602Z","False","False",,"CALCULATED","697bc04613b30f95739c0537ce4ef280709ce0d3e4e0aad8c00712eca67277ec"
"GRIDLY_SOURCE_DATA_REPO","OpenStreetMap/Community-Packages/waller-roads-raw.geojson","waller-roads-raw.geojson",".geojson","5881023","5.609","2026-06-26T22:15:00.7395529Z","False","False",,"CALCULATED","4ca08f5b881c5a0cdd6e052bdf4c93e054a00614fcd9b5ef35debfa1d09942a0"
"GRIDLY_SOURCE_DATA_REPO","OpenStreetMap/Community-Packages/washington-roads-raw.geojson","washington-roads-raw.geojson",".geojson","6502578","6.201","2026-06-26T22:18:05.3827513Z","False","False",,"CALCULATED","967357585eabfefd5c2bace524ad371ee4c53cad9671fa4bf30604121005e65a"
"GRIDLY_SOURCE_DATA_REPO","OpenStreetMap/Community-Packages/wharton-roads-raw.geojson","wharton-roads-raw.geojson",".geojson","5713408","5.449","2026-06-26T22:54:13.7751006Z","False","False",,"CALCULATED","fd20baf614915b28de301e9863f15c19afbdb8be3f459162e9b5cd1d325cccab"
"GRIDLY_SOURCE_DATA_REPO","OpenStreetMap/PLACE-DOWNLOADS-HERE.txt","PLACE-DOWNLOADS-HERE.txt",".txt","59","0","2026-06-26T14:15:34.6149202Z","False","False",,"NOT_CALCULATED",
"GRIDLY_SOURCE_DATA_REPO","OpenStreetMap/Rail/liberty-railways.gpkg","liberty-railways.gpkg",".gpkg","397312","0.379","2026-06-28T18:48:34.8267921Z","False","False",,"CALCULATED","9a2c50a9c02a02df71dbb032206d221f7617c7365e3c7dae80450bd427cdd4ce"
"GRIDLY_SOURCE_DATA_REPO","OpenStreetMap/Regional/texas-260625.osm.pbf","texas-260625.osm.pbf",".pbf","707715853","674.93","2026-06-26T14:29:23.0444337Z","False","False",,"CALCULATED","1d80efe1b19b075d036363d722366870df3efb7fbd4a45dc9f16797868ff4413"
"GRIDLY_SOURCE_DATA_REPO","Package-Registry/package-registry.json","package-registry.json",".json","17068","0.016","2026-06-27T18:30:06.6581987Z","False","False",,"CALCULATED","191745d698853314b2b7b502198d031680f7db763ec31620cdb245c84322674e"
"GRIDLY_SOURCE_DATA_REPO","Package-Registry/runtime/runtime-package-registry.json","runtime-package-registry.json",".json","17118","0.016","2026-06-27T18:30:06.7219378Z","False","False",,"CALCULATED","57f11ff1b6d1a97b8b67de214807511305e1f9e54ab958916b547169f1a1b2c7"
"GRIDLY_SOURCE_DATA_REPO","Processing/PLACE-DOWNLOADS-HERE.txt","PLACE-DOWNLOADS-HERE.txt",".txt","56","0","2026-06-26T14:15:34.6445932Z","False","False",,"NOT_CALCULATED",
"GRIDLY_SOURCE_DATA_REPO","README.txt","README.txt",".txt","469","0","2026-06-26T14:15:34.6663358Z","False","False",,"NOT_CALCULATED",
"GRIDLY_SOURCE_DATA_REPO","Texas-Address-Points/Liberty/fgdb/stratmap-2026-address-points-liberty_48291.gdb/a00000001.gdbindexes","a00000001.gdbindexes",".gdbindexes","110","0","2026-07-30T21:23:59.0961864Z","False","False",,"NOT_CALCULATED",
"GRIDLY_SOURCE_DATA_REPO","Texas-Address-Points/Liberty/fgdb/stratmap-2026-address-points-liberty_48291.gdb/a00000001.gdbtable","a00000001.gdbtable",".gdbtable","423","0","2026-07-30T21:23:59.1184299Z","False","False",,"NOT_CALCULATED",
"GRIDLY_SOURCE_DATA_REPO","Texas-Address-Points/Liberty/fgdb/stratmap-2026-address-points-liberty_48291.gdb/a00000001.gdbtablx","a00000001.gdbtablx",".gdbtablx","5152","0.005","2026-07-30T21:23:59.1318213Z","False","False",,"NOT_CALCULATED",
"GRIDLY_SOURCE_DATA_REPO","Texas-Address-Points/Liberty/fgdb/stratmap-2026-address-points-liberty_48291.gdb/a00000001.TablesByName.atx","a00000001.TablesByName.atx",".atx","4118","0.004","2026-07-30T21:23:59.1408186Z","False","False",,"NOT_CALCULATED",
"GRIDLY_SOURCE_DATA_REPO","Texas-Address-Points/Liberty/fgdb/stratmap-2026-address-points-liberty_48291.gdb/a00000002.gdbtable","a00000002.gdbtable",".gdbtable","2055","0.002","2026-07-30T21:23:59.1510605Z","False","False",,"NOT_CALCULATED",
"GRIDLY_SOURCE_DATA_REPO","Texas-Address-Points/Liberty/fgdb/stratmap-2026-address-points-liberty_48291.gdb/a00000002.gdbtablx","a00000002.gdbtablx",".gdbtablx","5152","0.005","2026-07-30T21:23:59.1580729Z","False","False",,"NOT_CALCULATED",
"GRIDLY_SOURCE_DATA_REPO","Texas-Address-Points/Liberty/fgdb/stratmap-2026-address-points-liberty_48291.gdb/a00000003.gdbindexes","a00000003.gdbindexes",".gdbindexes","42","0","2026-07-30T21:23:59.1699517Z","False","False",,"NOT_CALCULATED",
"GRIDLY_SOURCE_DATA_REPO","Texas-Address-Points/Liberty/fgdb/stratmap-2026-address-points-liberty_48291.gdb/a00000003.gdbtable","a00000003.gdbtable",".gdbtable","758","0.001","2026-07-30T21:23:59.1780961Z","False","False",,"NOT_CALCULATED",
"GRIDLY_SOURCE_DATA_REPO","Texas-Address-Points/Liberty/fgdb/stratmap-2026-address-points-liberty_48291.gdb/a00000003.gdbtablx","a00000003.gdbtablx",".gdbtablx","5152","0.005","2026-07-30T21:23:59.1886471Z","False","False",,"NOT_CALCULATED",
"GRIDLY_SOURCE_DATA_REPO","Texas-Address-Points/Liberty/fgdb/stratmap-2026-address-points-liberty_48291.gdb/a00000004.CatItemsByPhysicalName.atx","a00000004.CatItemsByPhysicalName.atx",".atx","4118","0.004","2026-07-30T21:23:59.1976043Z","False","False",,"NOT_CALCULATED",
"GRIDLY_SOURCE_DATA_REPO","Texas-Address-Points/Liberty/fgdb/stratmap-2026-address-points-liberty_48291.gdb/a00000004.CatItemsByType.atx","a00000004.CatItemsByType.atx",".atx","4118","0.004","2026-07-30T21:23:59.2060561Z","False","False",,"NOT_CALCULATED",
"GRIDLY_SOURCE_DATA_REPO","Texas-Address-Points/Liberty/fgdb/stratmap-2026-address-points-liberty_48291.gdb/a00000004.FDO_UUID.atx","a00000004.FDO_UUID.atx",".atx","4118","0.004","2026-07-30T21:23:59.2159549Z","False","False",,"NOT_CALCULATED",
"GRIDLY_SOURCE_DATA_REPO","Texas-Address-Points/Liberty/fgdb/stratmap-2026-address-points-liberty_48291.gdb/a00000004.freelist","a00000004.freelist",".freelist","8536","0.008","2026-07-30T21:23:59.2248731Z","False","False",,"NOT_CALCULATED",
"GRIDLY_SOURCE_DATA_REPO","Texas-Address-Points/Liberty/fgdb/stratmap-2026-address-points-liberty_48291.gdb/a00000004.gdbindexes","a00000004.gdbindexes",".gdbindexes","310","0","2026-07-30T21:23:59.2342002Z","False","False",,"NOT_CALCULATED",
"GRIDLY_SOURCE_DATA_REPO","Texas-Address-Points/Liberty/fgdb/stratmap-2026-address-points-liberty_48291.gdb/a00000004.gdbtable","a00000004.gdbtable",".gdbtable","226116","0.216","2026-07-30T21:23:59.2446453Z","False","False",,"NOT_CALCULATED",
"GRIDLY_SOURCE_DATA_REPO","Texas-Address-Points/Liberty/fgdb/stratmap-2026-address-points-liberty_48291.gdb/a00000004.gdbtablx","a00000004.gdbtablx",".gdbtablx","5152","0.005","2026-07-30T21:23:59.2523824Z","False","False",,"NOT_CALCULATED",
"GRIDLY_SOURCE_DATA_REPO","Texas-Address-Points/Liberty/fgdb/stratmap-2026-address-points-liberty_48291.gdb/a00000004.horizon","a00000004.horizon",".horizon","32","0","2026-07-30T21:23:59.2615521Z","False","False",,"NOT_CALCULATED",
"GRIDLY_SOURCE_DATA_REPO","Texas-Address-Points/Liberty/fgdb/stratmap-2026-address-points-liberty_48291.gdb/a00000004.spx","a00000004.spx",".spx","4118","0.004","2026-07-30T21:23:59.2697669Z","False","False",,"NOT_CALCULATED",
"GRIDLY_SOURCE_DATA_REPO","Texas-Address-Points/Liberty/fgdb/stratmap-2026-address-points-liberty_48291.gdb/a00000005.CatItemTypesByName.atx","a00000005.CatItemTypesByName.atx",".atx","12310","0.012","2026-07-30T21:23:59.2818831Z","False","False",,"NOT_CALCULATED",
"GRIDLY_SOURCE_DATA_REPO","Texas-Address-Points/Liberty/fgdb/stratmap-2026-address-points-liberty_48291.gdb/a00000005.CatItemTypesByParentTypeID.atx","a00000005.CatItemTypesByParentTypeID.atx",".atx","4118","0.004","2026-07-30T21:23:59.2928674Z","False","False",,"NOT_CALCULATED",
"GRIDLY_SOURCE_DATA_REPO","Texas-Address-Points/Liberty/fgdb/stratmap-2026-address-points-liberty_48291.gdb/a00000005.CatItemTypesByUUID.atx","a00000005.CatItemTypesByUUID.atx",".atx","4118","0.004","2026-07-30T21:23:59.3019644Z","False","False",,"NOT_CALCULATED",
"GRIDLY_SOURCE_DATA_REPO","Texas-Address-Points/Liberty/fgdb/stratmap-2026-address-points-liberty_48291.gdb/a00000005.gdbindexes","a00000005.gdbindexes",".gdbindexes","296","0","2026-07-30T21:23:59.3109991Z","False","False",,"NOT_CALCULATED",
"GRIDLY_SOURCE_DATA_REPO","Texas-Address-Points/Liberty/fgdb/stratmap-2026-address-points-liberty_48291.gdb/a00000005.gdbtable","a00000005.gdbtable",".gdbtable","2071","0.002","2026-07-30T21:23:59.3193792Z","False","False",,"NOT_CALCULATED",
"GRIDLY_SOURCE_DATA_REPO","Texas-Address-Points/Liberty/fgdb/stratmap-2026-address-points-liberty_48291.gdb/a00000005.gdbtablx","a00000005.gdbtablx",".gdbtablx","5152","0.005","2026-07-30T21:23:59.3298657Z","False","False",,"NOT_CALCULATED",
"GRIDLY_SOURCE_DATA_REPO","Texas-Address-Points/Liberty/fgdb/stratmap-2026-address-points-liberty_48291.gdb/a00000006.CatRelsByDestinationID.atx","a00000006.CatRelsByDestinationID.atx",".atx","4118","0.004","2026-07-30T21:23:59.3393002Z","False","False",,"NOT_CALCULATED",
"GRIDLY_SOURCE_DATA_REPO","Texas-Address-Points/Liberty/fgdb/stratmap-2026-address-points-liberty_48291.gdb/a00000006.CatRelsByOriginID.atx","a00000006.CatRelsByOriginID.atx",".atx","4118","0.004","2026-07-30T21:23:59.3490900Z","False","False",,"NOT_CALCULATED",
"GRIDLY_SOURCE_DATA_REPO","Texas-Address-Points/Liberty/fgdb/stratmap-2026-address-points-liberty_48291.gdb/a00000006.CatRelsByType.atx","a00000006.CatRelsByType.atx",".atx","4118","0.004","2026-07-30T21:23:59.3582855Z","False","False",,"NOT_CALCULATED",
"GRIDLY_SOURCE_DATA_REPO","Texas-Address-Points/Liberty/fgdb/stratmap-2026-address-points-liberty_48291.gdb/a00000006.FDO_UUID.atx","a00000006.FDO_UUID.atx",".atx","4118","0.004","2026-07-30T21:23:59.3670568Z","False","False",,"NOT_CALCULATED",
"GRIDLY_SOURCE_DATA_REPO","Texas-Address-Points/Liberty/fgdb/stratmap-2026-address-points-liberty_48291.gdb/a00000006.gdbindexes","a00000006.gdbindexes",".gdbindexes","318","0","2026-07-30T21:23:59.3763806Z","False","False",,"NOT_CALCULATED",
"GRIDLY_SOURCE_DATA_REPO","Texas-Address-Points/Liberty/fgdb/stratmap-2026-address-points-liberty_48291.gdb/a00000006.gdbtable","a00000006.gdbtable",".gdbtable","263","0","2026-07-30T21:23:59.3859638Z","False","False",,"NOT_CALCULATED",
"GRIDLY_SOURCE_DATA_REPO","Texas-Address-Points/Liberty/fgdb/stratmap-2026-address-points-liberty_48291.gdb/a00000006.gdbtablx","a00000006.gdbtablx",".gdbtablx","5152","0.005","2026-07-30T21:23:59.3942076Z","False","False",,"NOT_CALCULATED",
"GRIDLY_SOURCE_DATA_REPO","Texas-Address-Points/Liberty/fgdb/stratmap-2026-address-points-liberty_48291.gdb/a00000007.CatRelTypesByBackwardLabel.atx","a00000007.CatRelTypesByBackwardLabel.atx",".atx","12310","0.012","2026-07-30T21:23:59.4033649Z","False","False",,"NOT_CALCULATED",
"GRIDLY_SOURCE_DATA_REPO","Texas-Address-Points/Liberty/fgdb/stratmap-2026-address-points-liberty_48291.gdb/a00000007.CatRelTypesByDestItemTypeID.atx","a00000007.CatRelTypesByDestItemTypeID.atx",".atx","4118","0.004","2026-07-30T21:23:59.4113207Z","False","False",,"NOT_CALCULATED",
"GRIDLY_SOURCE_DATA_REPO","Texas-Address-Points/Liberty/fgdb/stratmap-2026-address-points-liberty_48291.gdb/a00000007.CatRelTypesByForwardLabel.atx","a00000007.CatRelTypesByForwardLabel.atx",".atx","12310","0.012","2026-07-30T21:23:59.4204829Z","False","False",,"NOT_CALCULATED",
"GRIDLY_SOURCE_DATA_REPO","Texas-Address-Points/Liberty/fgdb/stratmap-2026-address-points-liberty_48291.gdb/a00000007.CatRelTypesByName.atx","a00000007.CatRelTypesByName.atx",".atx","12310","0.012","2026-07-30T21:23:59.4293757Z","False","False",,"NOT_CALCULATED",
"GRIDLY_SOURCE_DATA_REPO","Texas-Address-Points/Liberty/fgdb/stratmap-2026-address-points-liberty_48291.gdb/a00000007.CatRelTypesByOriginItemTypeID.atx","a00000007.CatRelTypesByOriginItemTypeID.atx",".atx","4118","0.004","2026-07-30T21:23:59.4372497Z","False","False",,"NOT_CALCULATED",
"GRIDLY_SOURCE_DATA_REPO","Texas-Address-Points/Liberty/fgdb/stratmap-2026-address-points-liberty_48291.gdb/a00000007.CatRelTypesByUUID.atx","a00000007.CatRelTypesByUUID.atx",".atx","4118","0.004","2026-07-30T21:23:59.4459247Z","False","False",,"NOT_CALCULATED",
"GRIDLY_SOURCE_DATA_REPO","Texas-Address-Points/Liberty/fgdb/stratmap-2026-address-points-liberty_48291.gdb/a00000007.gdbindexes","a00000007.gdbindexes",".gdbindexes","602","0.001","2026-07-30T21:23:59.4517608Z","False","False",,"NOT_CALCULATED",
"GRIDLY_SOURCE_DATA_REPO","Texas-Address-Points/Liberty/fgdb/stratmap-2026-address-points-liberty_48291.gdb/a00000007.gdbtable","a00000007.gdbtable",".gdbtable","3626","0.003","2026-07-30T21:23:59.4628702Z","False","False",,"NOT_CALCULATED",
"GRIDLY_SOURCE_DATA_REPO","Texas-Address-Points/Liberty/fgdb/stratmap-2026-address-points-liberty_48291.gdb/a00000007.gdbtablx","a00000007.gdbtablx",".gdbtablx","5152","0.005","2026-07-30T21:23:59.4698908Z","False","False",,"NOT_CALCULATED",
"GRIDLY_SOURCE_DATA_REPO","Texas-Address-Points/Liberty/fgdb/stratmap-2026-address-points-liberty_48291.gdb/a00000009.EditingTemplatesByDatasetGUID.atx","a00000009.EditingTemplatesByDatasetGUID.atx",".atx","4118","0.004","2026-07-30T21:23:59.4784355Z","False","False",,"NOT_CALCULATED",
"GRIDLY_SOURCE_DATA_REPO","Texas-Address-Points/Liberty/fgdb/stratmap-2026-address-points-liberty_48291.gdb/a00000009.EditingTemplatesByName.atx","a00000009.EditingTemplatesByName.atx",".atx","4118","0.004","2026-07-30T21:23:59.4868982Z","False","False",,"NOT_CALCULATED",
"GRIDLY_SOURCE_DATA_REPO","Texas-Address-Points/Liberty/fgdb/stratmap-2026-address-points-liberty_48291.gdb/a00000009.EditingTemplatesByType.atx","a00000009.EditingTemplatesByType.atx",".atx","4118","0.004","2026-07-30T21:23:59.4929430Z","False","False",,"NOT_CALCULATED",
"GRIDLY_SOURCE_DATA_REPO","Texas-Address-Points/Liberty/fgdb/stratmap-2026-address-points-liberty_48291.gdb/a00000009.FDO_GlobalID.atx","a00000009.FDO_GlobalID.atx",".atx","4118","0.004","2026-07-30T21:23:59.5041022Z","False","False",,"NOT_CALCULATED",
"GRIDLY_SOURCE_DATA_REPO","Texas-Address-Points/Liberty/fgdb/stratmap-2026-address-points-liberty_48291.gdb/a00000009.gdbindexes","a00000009.gdbindexes",".gdbindexes","378","0","2026-07-30T21:23:59.5120535Z","False","False",,"NOT_CALCULATED",
"GRIDLY_SOURCE_DATA_REPO","Texas-Address-Points/Liberty/fgdb/stratmap-2026-address-points-liberty_48291.gdb/a00000009.gdbtable","a00000009.gdbtable",".gdbtable","334","0","2026-07-30T21:23:59.5197231Z","False","False",,"NOT_CALCULATED",
"GRIDLY_SOURCE_DATA_REPO","Texas-Address-Points/Liberty/fgdb/stratmap-2026-address-points-liberty_48291.gdb/a00000009.gdbtablx","a00000009.gdbtablx",".gdbtablx","32","0","2026-07-30T21:23:59.5273347Z","False","False",,"NOT_CALCULATED",
"GRIDLY_SOURCE_DATA_REPO","Texas-Address-Points/Liberty/fgdb/stratmap-2026-address-points-liberty_48291.gdb/a0000000a.EditingTemplateRelsByDestinationID.atx","a0000000a.EditingTemplateRelsByDestinationID.atx",".atx","4118","0.004","2026-07-30T21:23:59.5358020Z","False","False",,"NOT_CALCULATED",
"GRIDLY_SOURCE_DATA_REPO","Texas-Address-Points/Liberty/fgdb/stratmap-2026-address-points-liberty_48291.gdb/a0000000a.EditingTemplateRelsByOriginID.atx","a0000000a.EditingTemplateRelsByOriginID.atx",".atx","4118","0.004","2026-07-30T21:23:59.5436341Z","False","False",,"NOT_CALCULATED",
"GRIDLY_SOURCE_DATA_REPO","Texas-Address-Points/Liberty/fgdb/stratmap-2026-address-points-liberty_48291.gdb/a0000000a.EditingTemplateRelsByType.atx","a0000000a.EditingTemplateRelsByType.atx",".atx","4118","0.004","2026-07-30T21:23:59.5495411Z","False","False",,"NOT_CALCULATED",
"GRIDLY_SOURCE_DATA_REPO","Texas-Address-Points/Liberty/fgdb/stratmap-2026-address-points-liberty_48291.gdb/a0000000a.gdbindexes","a0000000a.gdbindexes",".gdbindexes","344","0","2026-07-30T21:23:59.5595297Z","False","False",,"NOT_CALCULATED",
"GRIDLY_SOURCE_DATA_REPO","Texas-Address-Points/Liberty/fgdb/stratmap-2026-address-points-liberty_48291.gdb/a0000000a.gdbtable","a0000000a.gdbtable",".gdbtable","127","0","2026-07-30T21:23:59.5675682Z","False","False",,"NOT_CALCULATED",
"GRIDLY_SOURCE_DATA_REPO","Texas-Address-Points/Liberty/fgdb/stratmap-2026-address-points-liberty_48291.gdb/a0000000a.gdbtablx","a0000000a.gdbtablx",".gdbtablx","32","0","2026-07-30T21:23:59.5749923Z","False","False",,"NOT_CALCULATED",
"GRIDLY_SOURCE_DATA_REPO","Texas-Address-Points/Liberty/fgdb/stratmap-2026-address-points-liberty_48291.gdb/a0000000b.gdbindexes","a0000000b.gdbindexes",".gdbindexes","120","0","2026-07-30T21:23:59.5823628Z","False","False",,"NOT_CALCULATED",
"GRIDLY_SOURCE_DATA_REPO","Texas-Address-Points/Liberty/fgdb/stratmap-2026-address-points-liberty_48291.gdb/a0000000b.gdbtable","a0000000b.gdbtable",".gdbtable","11327516","10.803","2026-07-30T21:23:59.6436583Z","False","False",,"NOT_CALCULATED",
"GRIDLY_SOURCE_DATA_REPO","Texas-Address-Points/Liberty/fgdb/stratmap-2026-address-points-liberty_48291.gdb/a0000000b.gdbtablx","a0000000b.gdbtablx",".gdbtablx","414752","0.396","2026-07-30T21:23:59.6545798Z","False","False",,"NOT_CALCULATED",
"GRIDLY_SOURCE_DATA_REPO","Texas-Address-Points/Liberty/fgdb/stratmap-2026-address-points-liberty_48291.gdb/a0000000b.horizon","a0000000b.horizon",".horizon","32","0","2026-07-30T21:23:59.6637082Z","False","False",,"NOT_CALCULATED",
"GRIDLY_SOURCE_DATA_REPO","Texas-Address-Points/Liberty/fgdb/stratmap-2026-address-points-liberty_48291.gdb/a0000000b.spx","a0000000b.spx",".spx","999446","0.953","2026-07-30T21:23:59.6762639Z","False","False",,"NOT_CALCULATED",
"GRIDLY_SOURCE_DATA_REPO","Texas-Address-Points/Liberty/fgdb/stratmap-2026-address-points-liberty_48291.gdb/gdb","gdb","","4","0","2026-07-30T21:23:59.6845712Z","False","False",,"NOT_CALCULATED",
"GRIDLY_SOURCE_DATA_REPO","Texas-Address-Points/Liberty/fgdb/stratmap-2026-address-points-liberty_48291.gdb/timestamps","timestamps","","400","0","2026-07-30T21:23:59.6901368Z","False","False",,"NOT_CALCULATED",
"GRIDLY_SOURCE_DATA_REPO","Texas-Address-Points/Liberty/gridly/liberty-address-points.geojson","liberty-address-points.geojson",".geojson","39052804","37.244","2026-07-30T21:25:21.5693940Z","False","False",,"CALCULATED","d4dac9dc21d87496ccb3b18f49a087f0f00bc08d4dfcff074626c8280713e868"
"GRIDLY_SOURCE_DATA_REPO","Texas-Address-Points/Liberty/shp/stratmap-2026-address-points-liberty_48291.cpg","stratmap-2026-address-points-liberty_48291.cpg",".cpg","5","0","2026-07-30T21:23:59.7042493Z","False","False",,"CALCULATED","3ad3031f5503a4404af825262ee8232cc04d4ea6683d42c5dd0a2f2a27ac9824"
"GRIDLY_SOURCE_DATA_REPO","Texas-Address-Points/Liberty/shp/stratmap-2026-address-points-liberty_48291.dbf","stratmap-2026-address-points-liberty_48291.dbf",".dbf","77333242","73.751","2026-07-30T21:24:00.0223327Z","False","False",,"CALCULATED","2a9e04aa4286a641a0264b37f3ddbfb69ea9e23d6c12f70ec400af2294159b9a"
"GRIDLY_SOURCE_DATA_REPO","Texas-Address-Points/Liberty/shp/stratmap-2026-address-points-liberty_48291.prj","stratmap-2026-address-points-liberty_48291.prj",".prj","145","0","2026-07-30T21:24:00.0335204Z","False","False",,"CALCULATED","a02a27b1d1982c8516d83398e85a3c8b1aef1713c13ef4d84d7bde17430c07c4"
"GRIDLY_SOURCE_DATA_REPO","Texas-Address-Points/Liberty/shp/stratmap-2026-address-points-liberty_48291.shp","stratmap-2026-address-points-liberty_48291.shp",".shp","2308532","2.202","2026-07-30T21:24:00.0654498Z","False","False",,"CALCULATED","a68d419d9831b58b5ebcd895eb89e5c55be10c070383ad414ab977dd669c9f95"
"GRIDLY_SOURCE_DATA_REPO","Texas-Address-Points/Liberty/shp/stratmap-2026-address-points-liberty_48291.shp.xml","stratmap-2026-address-points-liberty_48291.shp.xml",".xml","99821","0.095","2026-07-30T21:24:00.0850766Z","False","False",,"NOT_CALCULATED",
"GRIDLY_SOURCE_DATA_REPO","Texas-Address-Points/Liberty/shp/stratmap-2026-address-points-liberty_48291.shx","stratmap-2026-address-points-liberty_48291.shx",".shx","659652","0.629","2026-07-30T21:24:00.1021688Z","False","False",,"CALCULATED","01cb058a702b0aeaec9c4655f48d2f9d943a8a8b12cc7d2bf3c06fc542764b89"
"GRIDLY_SOURCE_DATA_REPO","Texas-Address-Points/Raw/Texas-2026.gdb/a00000001.gdbindexes","a00000001.gdbindexes",".gdbindexes","110","0","2026-07-30T21:32:57.8695865Z","False","False",,"NOT_CALCULATED",
"GRIDLY_SOURCE_DATA_REPO","Texas-Address-Points/Raw/Texas-2026.gdb/a00000001.gdbtable","a00000001.gdbtable",".gdbtable","412","0","2026-07-30T21:32:57.8875322Z","False","False",,"NOT_CALCULATED",
"GRIDLY_SOURCE_DATA_REPO","Texas-Address-Points/Raw/Texas-2026.gdb/a00000001.gdbtablx","a00000001.gdbtablx",".gdbtablx","5152","0.005","2026-07-30T21:32:57.8963394Z","False","False",,"NOT_CALCULATED",
"GRIDLY_SOURCE_DATA_REPO","Texas-Address-Points/Raw/Texas-2026.gdb/a00000001.TablesByName.atx","a00000001.TablesByName.atx",".atx","4118","0.004","2026-07-30T21:32:57.9056949Z","False","False",,"NOT_CALCULATED",
"GRIDLY_SOURCE_DATA_REPO","Texas-Address-Points/Raw/Texas-2026.gdb/a00000002.gdbtable","a00000002.gdbtable",".gdbtable","2055","0.002","2026-07-30T21:32:57.9151750Z","False","False",,"NOT_CALCULATED",
"GRIDLY_SOURCE_DATA_REPO","Texas-Address-Points/Raw/Texas-2026.gdb/a00000002.gdbtablx","a00000002.gdbtablx",".gdbtablx","5152","0.005","2026-07-30T21:32:57.9232082Z","False","False",,"NOT_CALCULATED",
"GRIDLY_SOURCE_DATA_REPO","Texas-Address-Points/Raw/Texas-2026.gdb/a00000003.gdbindexes","a00000003.gdbindexes",".gdbindexes","42","0","2026-07-30T21:32:57.9289076Z","False","False",,"NOT_CALCULATED",
"GRIDLY_SOURCE_DATA_REPO","Texas-Address-Points/Raw/Texas-2026.gdb/a00000003.gdbtable","a00000003.gdbtable",".gdbtable","1038","0.001","2026-07-30T21:32:57.9367605Z","False","False",,"NOT_CALCULATED",
"GRIDLY_SOURCE_DATA_REPO","Texas-Address-Points/Raw/Texas-2026.gdb/a00000003.gdbtablx","a00000003.gdbtablx",".gdbtablx","5152","0.005","2026-07-30T21:32:57.9438214Z","False","False",,"NOT_CALCULATED",
"GRIDLY_SOURCE_DATA_REPO","Texas-Address-Points/Raw/Texas-2026.gdb/a00000004.CatItemsByPhysicalName.atx","a00000004.CatItemsByPhysicalName.atx",".atx","4118","0.004","2026-07-30T21:32:57.9480960Z","False","False",,"NOT_CALCULATED",
"GRIDLY_SOURCE_DATA_REPO","Texas-Address-Points/Raw/Texas-2026.gdb/a00000004.CatItemsByType.atx","a00000004.CatItemsByType.atx",".atx","4118","0.004","2026-07-30T21:32:57.9615351Z","False","False",,"NOT_CALCULATED",
"GRIDLY_SOURCE_DATA_REPO","Texas-Address-Points/Raw/Texas-2026.gdb/a00000004.FDO_UUID.atx","a00000004.FDO_UUID.atx",".atx","4118","0.004","2026-07-30T21:32:57.9668091Z","False","False",,"NOT_CALCULATED",
"GRIDLY_SOURCE_DATA_REPO","Texas-Address-Points/Raw/Texas-2026.gdb/a00000004.gdbindexes","a00000004.gdbindexes",".gdbindexes","310","0","2026-07-30T21:32:57.9768349Z","False","False",,"NOT_CALCULATED",
"GRIDLY_SOURCE_DATA_REPO","Texas-Address-Points/Raw/Texas-2026.gdb/a00000004.gdbtable","a00000004.gdbtable",".gdbtable","28605","0.027","2026-07-30T21:32:57.9859123Z","False","False",,"NOT_CALCULATED",
"GRIDLY_SOURCE_DATA_REPO","Texas-Address-Points/Raw/Texas-2026.gdb/a00000004.gdbtablx","a00000004.gdbtablx",".gdbtablx","5152","0.005","2026-07-30T21:32:57.9927443Z","False","False",,"NOT_CALCULATED",
"GRIDLY_SOURCE_DATA_REPO","Texas-Address-Points/Raw/Texas-2026.gdb/a00000004.horizon","a00000004.horizon",".horizon","32","0","2026-07-30T21:32:58.0020005Z","False","False",,"NOT_CALCULATED",
"GRIDLY_SOURCE_DATA_REPO","Texas-Address-Points/Raw/Texas-2026.gdb/a00000004.spx","a00000004.spx",".spx","4118","0.004","2026-07-30T21:32:58.0101881Z","False","False",,"NOT_CALCULATED",
"GRIDLY_SOURCE_DATA_REPO","Texas-Address-Points/Raw/Texas-2026.gdb/a00000005.CatItemTypesByName.atx","a00000005.CatItemTypesByName.atx",".atx","12310","0.012","2026-07-30T21:32:58.0175840Z","False","False",,"NOT_CALCULATED",
"GRIDLY_SOURCE_DATA_REPO","Texas-Address-Points/Raw/Texas-2026.gdb/a00000005.CatItemTypesByParentTypeID.atx","a00000005.CatItemTypesByParentTypeID.atx",".atx","4118","0.004","2026-07-30T21:32:58.0258322Z","False","False",,"NOT_CALCULATED",
"GRIDLY_SOURCE_DATA_REPO","Texas-Address-Points/Raw/Texas-2026.gdb/a00000005.CatItemTypesByUUID.atx","a00000005.CatItemTypesByUUID.atx",".atx","4118","0.004","2026-07-30T21:32:58.0331681Z","False","False",,"NOT_CALCULATED",
"GRIDLY_SOURCE_DATA_REPO","Texas-Address-Points/Raw/Texas-2026.gdb/a00000005.gdbindexes","a00000005.gdbindexes",".gdbindexes","296","0","2026-07-30T21:32:58.0383006Z","False","False",,"NOT_CALCULATED",
"GRIDLY_SOURCE_DATA_REPO","Texas-Address-Points/Raw/Texas-2026.gdb/a00000005.gdbtable","a00000005.gdbtable",".gdbtable","2071","0.002","2026-07-30T21:32:58.0408011Z","False","False",,"NOT_CALCULATED",
"GRIDLY_SOURCE_DATA_REPO","Texas-Address-Points/Raw/Texas-2026.gdb/a00000005.gdbtablx","a00000005.gdbtablx",".gdbtablx","5152","0.005","2026-07-30T21:32:58.0539781Z","False","False",,"NOT_CALCULATED",
"GRIDLY_SOURCE_DATA_REPO","Texas-Address-Points/Raw/Texas-2026.gdb/a00000006.CatRelsByDestinationID.atx","a00000006.CatRelsByDestinationID.atx",".atx","4118","0.004","2026-07-30T21:32:58.0635431Z","False","False",,"NOT_CALCULATED",
"GRIDLY_SOURCE_DATA_REPO","Texas-Address-Points/Raw/Texas-2026.gdb/a00000006.CatRelsByOriginID.atx","a00000006.CatRelsByOriginID.atx",".atx","4118","0.004","2026-07-30T21:32:58.0711818Z","False","False",,"NOT_CALCULATED",
"GRIDLY_SOURCE_DATA_REPO","Texas-Address-Points/Raw/Texas-2026.gdb/a00000006.CatRelsByType.atx","a00000006.CatRelsByType.atx",".atx","4118","0.004","2026-07-30T21:32:58.0783675Z","False","False",,"NOT_CALCULATED",
"GRIDLY_SOURCE_DATA_REPO","Texas-Address-Points/Raw/Texas-2026.gdb/a00000006.FDO_UUID.atx","a00000006.FDO_UUID.atx",".atx","4118","0.004","2026-07-30T21:32:58.0871366Z","False","False",,"NOT_CALCULATED",
"GRIDLY_SOURCE_DATA_REPO","Texas-Address-Points/Raw/Texas-2026.gdb/a00000006.gdbindexes","a00000006.gdbindexes",".gdbindexes","318","0","2026-07-30T21:32:58.0943907Z","False","False",,"NOT_CALCULATED",
"GRIDLY_SOURCE_DATA_REPO","Texas-Address-Points/Raw/Texas-2026.gdb/a00000006.gdbtable","a00000006.gdbtable",".gdbtable","263","0","2026-07-30T21:32:58.1011657Z","False","False",,"NOT_CALCULATED",
"GRIDLY_SOURCE_DATA_REPO","Texas-Address-Points/Raw/Texas-2026.gdb/a00000006.gdbtablx","a00000006.gdbtablx",".gdbtablx","5152","0.005","2026-07-30T21:32:58.1096897Z","False","False",,"NOT_CALCULATED",
"GRIDLY_SOURCE_DATA_REPO","Texas-Address-Points/Raw/Texas-2026.gdb/a00000007.CatRelTypesByBackwardLabel.atx","a00000007.CatRelTypesByBackwardLabel.atx",".atx","12310","0.012","2026-07-30T21:32:58.1170244Z","False","False",,"NOT_CALCULATED",
"GRIDLY_SOURCE_DATA_REPO","Texas-Address-Points/Raw/Texas-2026.gdb/a00000007.CatRelTypesByDestItemTypeID.atx","a00000007.CatRelTypesByDestItemTypeID.atx",".atx","4118","0.004","2026-07-30T21:32:58.1256700Z","False","False",,"NOT_CALCULATED",
"GRIDLY_SOURCE_DATA_REPO","Texas-Address-Points/Raw/Texas-2026.gdb/a00000007.CatRelTypesByForwardLabel.atx","a00000007.CatRelTypesByForwardLabel.atx",".atx","12310","0.012","2026-07-30T21:32:58.1329375Z","False","False",,"NOT_CALCULATED",
"GRIDLY_SOURCE_DATA_REPO","Texas-Address-Points/Raw/Texas-2026.gdb/a00000007.CatRelTypesByName.atx","a00000007.CatRelTypesByName.atx",".atx","12310","0.012","2026-07-30T21:32:58.1394987Z","False","False",,"NOT_CALCULATED",
"GRIDLY_SOURCE_DATA_REPO","Texas-Address-Points/Raw/Texas-2026.gdb/a00000007.CatRelTypesByOriginItemTypeID.atx","a00000007.CatRelTypesByOriginItemTypeID.atx",".atx","4118","0.004","2026-07-30T21:32:58.1488912Z","False","False",,"NOT_CALCULATED",
"GRIDLY_SOURCE_DATA_REPO","Texas-Address-Points/Raw/Texas-2026.gdb/a00000007.CatRelTypesByUUID.atx","a00000007.CatRelTypesByUUID.atx",".atx","4118","0.004","2026-07-30T21:32:58.1564769Z","False","False",,"NOT_CALCULATED",
"GRIDLY_SOURCE_DATA_REPO","Texas-Address-Points/Raw/Texas-2026.gdb/a00000007.gdbindexes","a00000007.gdbindexes",".gdbindexes","602","0.001","2026-07-30T21:32:58.1622474Z","False","False",,"NOT_CALCULATED",
"GRIDLY_SOURCE_DATA_REPO","Texas-Address-Points/Raw/Texas-2026.gdb/a00000007.gdbtable","a00000007.gdbtable",".gdbtable","3626","0.003","2026-07-30T21:32:58.1679640Z","False","False",,"NOT_CALCULATED",
"GRIDLY_SOURCE_DATA_REPO","Texas-Address-Points/Raw/Texas-2026.gdb/a00000007.gdbtablx","a00000007.gdbtablx",".gdbtablx","5152","0.005","2026-07-30T21:32:58.1780850Z","False","False",,"NOT_CALCULATED",
"GRIDLY_SOURCE_DATA_REPO","Texas-Address-Points/Raw/Texas-2026.gdb/a00000009.EditingTemplatesByDatasetGUID.atx","a00000009.EditingTemplatesByDatasetGUID.atx",".atx","4118","0.004","2026-07-30T21:32:58.1868536Z","False","False",,"NOT_CALCULATED",
"GRIDLY_SOURCE_DATA_REPO","Texas-Address-Points/Raw/Texas-2026.gdb/a00000009.EditingTemplatesByName.atx","a00000009.EditingTemplatesByName.atx",".atx","4118","0.004","2026-07-30T21:32:58.1940173Z","False","False",,"NOT_CALCULATED",
"GRIDLY_SOURCE_DATA_REPO","Texas-Address-Points/Raw/Texas-2026.gdb/a00000009.EditingTemplatesByType.atx","a00000009.EditingTemplatesByType.atx",".atx","4118","0.004","2026-07-30T21:32:58.2020997Z","False","False",,"NOT_CALCULATED",
"GRIDLY_SOURCE_DATA_REPO","Texas-Address-Points/Raw/Texas-2026.gdb/a00000009.FDO_GlobalID.atx","a00000009.FDO_GlobalID.atx",".atx","4118","0.004","2026-07-30T21:32:58.2099840Z","False","False",,"NOT_CALCULATED",
"GRIDLY_SOURCE_DATA_REPO","Texas-Address-Points/Raw/Texas-2026.gdb/a00000009.gdbindexes","a00000009.gdbindexes",".gdbindexes","378","0","2026-07-30T21:32:58.2164677Z","False","False",,"NOT_CALCULATED",
"GRIDLY_SOURCE_DATA_REPO","Texas-Address-Points/Raw/Texas-2026.gdb/a00000009.gdbtable","a00000009.gdbtable",".gdbtable","334","0","2026-07-30T21:32:58.2244877Z","False","False",,"NOT_CALCULATED",
"GRIDLY_SOURCE_DATA_REPO","Texas-Address-Points/Raw/Texas-2026.gdb/a00000009.gdbtablx","a00000009.gdbtablx",".gdbtablx","32","0","2026-07-30T21:32:58.2320290Z","False","False",,"NOT_CALCULATED",
"GRIDLY_SOURCE_DATA_REPO","Texas-Address-Points/Raw/Texas-2026.gdb/a0000000a.EditingTemplateRelsByDestinationID.atx","a0000000a.EditingTemplateRelsByDestinationID.atx",".atx","4118","0.004","2026-07-30T21:32:58.2375281Z","False","False",,"NOT_CALCULATED",
"GRIDLY_SOURCE_DATA_REPO","Texas-Address-Points/Raw/Texas-2026.gdb/a0000000a.EditingTemplateRelsByOriginID.atx","a0000000a.EditingTemplateRelsByOriginID.atx",".atx","4118","0.004","2026-07-30T21:32:58.2445265Z","False","False",,"NOT_CALCULATED",
"GRIDLY_SOURCE_DATA_REPO","Texas-Address-Points/Raw/Texas-2026.gdb/a0000000a.EditingTemplateRelsByType.atx","a0000000a.EditingTemplateRelsByType.atx",".atx","4118","0.004","2026-07-30T21:32:58.2445265Z","False","False",,"NOT_CALCULATED",
"GRIDLY_SOURCE_DATA_REPO","Texas-Address-Points/Raw/Texas-2026.gdb/a0000000a.gdbindexes","a0000000a.gdbindexes",".gdbindexes","344","0","2026-07-30T21:32:58.2607706Z","False","False",,"NOT_CALCULATED",
"GRIDLY_SOURCE_DATA_REPO","Texas-Address-Points/Raw/Texas-2026.gdb/a0000000a.gdbtable","a0000000a.gdbtable",".gdbtable","127","0","2026-07-30T21:32:58.2689440Z","False","False",,"NOT_CALCULATED",
"GRIDLY_SOURCE_DATA_REPO","Texas-Address-Points/Raw/Texas-2026.gdb/a0000000a.gdbtablx","a0000000a.gdbtablx",".gdbtablx","32","0","2026-07-30T21:32:58.2762258Z","False","False",,"NOT_CALCULATED",
"GRIDLY_SOURCE_DATA_REPO","Texas-Address-Points/Raw/Texas-2026.gdb/a0000000b.gdbindexes","a0000000b.gdbindexes",".gdbindexes","120","0","2026-07-30T21:32:58.2832634Z","False","False",,"NOT_CALCULATED",
"GRIDLY_SOURCE_DATA_REPO","Texas-Address-Points/Raw/Texas-2026.gdb/a0000000b.gdbtable","a0000000b.gdbtable",".gdbtable","1507363786","1437.534","2026-07-30T21:33:06.5696670Z","False","False",,"NOT_CALCULATED",
"GRIDLY_SOURCE_DATA_REPO","Texas-Address-Points/Raw/Texas-2026.gdb/a0000000b.gdbtablx","a0000000b.gdbtablx",".gdbtablx","60718112","57.905","2026-07-30T21:33:07.0450653Z","False","False",,"NOT_CALCULATED",
"GRIDLY_SOURCE_DATA_REPO","Texas-Address-Points/Raw/Texas-2026.gdb/a0000000b.horizon","a0000000b.horizon",".horizon","32","0","2026-07-30T21:33:07.0517808Z","False","False",,"NOT_CALCULATED",
"GRIDLY_SOURCE_DATA_REPO","Texas-Address-Points/Raw/Texas-2026.gdb/a0000000b.spx","a0000000b.spx",".spx","146722838","139.926","2026-07-30T21:33:07.8794906Z","False","False",,"NOT_CALCULATED",
"GRIDLY_SOURCE_DATA_REPO","Texas-Address-Points/Raw/Texas-2026.gdb/gdb","gdb","","4","0","2026-07-30T21:33:07.8868568Z","False","False",,"NOT_CALCULATED",
"GRIDLY_SOURCE_DATA_REPO","Texas-Address-Points/Raw/Texas-2026.gdb/timestamps","timestamps","","400","0","2026-07-30T21:33:07.8929949Z","False","False",,"NOT_CALCULATED",
"GRIDLY_SOURCE_DATA_REPO","Texas-Public-Safety/TCJS/PopReportCurrent.xlsx","PopReportCurrent.xlsx",".xlsx","4988665","4.758","2026-08-03T23:16:24.7012170Z","False","False",,"CALCULATED","77970ab3c5c0d3929e774e42c61dda092ad4afe828b21b9fcb223b30c00f540d"
"GRIDLY_SOURCE_DATA_REPO","Tools/Acquisition/Acquire-ArcGISDataset.ps1","Acquire-ArcGISDataset.ps1",".ps1","3386","0.003","2026-06-27T16:04:35.5274778Z","False","False",,"NOT_CALCULATED",
"GRIDLY_SOURCE_DATA_REPO","Tools/Build-Scripts/Acquire-ArcGISDataset.ps1","Acquire-ArcGISDataset.ps1",".ps1","3386","0.003","2026-06-27T16:04:35.5274778Z","False","False",,"NOT_CALCULATED",
"GRIDLY_SOURCE_DATA_REPO","Tools/Build-Scripts/Add-CountiesToManifest.ps1","Add-CountiesToManifest.ps1",".ps1","872","0.001","2026-06-26T23:36:38.9747469Z","False","False",,"NOT_CALCULATED",
"GRIDLY_SOURCE_DATA_REPO","Tools/Build-Scripts/Build-CommunityPackage.ps1","Build-CommunityPackage.ps1",".ps1","7256","0.007","2026-06-26T21:34:06.5998266Z","False","False",,"NOT_CALCULATED",
"GRIDLY_SOURCE_DATA_REPO","Tools/Build-Scripts/Build-RegionalExpansion.ps1","Build-RegionalExpansion.ps1",".ps1","2569","0.002","2026-06-26T21:41:56.1653613Z","False","False",,"NOT_CALCULATED",
"GRIDLY_SOURCE_DATA_REPO","Tools/Build-Scripts/Get-BuildInventory.ps1","Get-BuildInventory.ps1",".ps1","2420","0.002","2026-06-26T23:19:47.8769668Z","False","False",,"NOT_CALCULATED",
"GRIDLY_SOURCE_DATA_REPO","Tools/Build-Scripts/Get-CountyInventory.ps1","Get-CountyInventory.ps1",".ps1","610","0.001","2026-06-26T20:30:50.1400115Z","False","False",,"NOT_CALCULATED",
"GRIDLY_SOURCE_DATA_REPO","Tools/Build-Scripts/Get-FraInventory.ps1","Get-FraInventory.ps1",".ps1","882","0.001","2026-06-27T16:13:55.6269187Z","False","False",,"NOT_CALCULATED",
"GRIDLY_SOURCE_DATA_REPO","Tools/Build-Scripts/gridly-gis-env.ps1","gridly-gis-env.ps1",".ps1","1142","0.001","2026-06-26T16:57:42.3821893Z","False","False",,"NOT_CALCULATED",
"GRIDLY_SOURCE_DATA_REPO","Tools/Build-Scripts/Test-CommunityPackage.ps1","Test-CommunityPackage.ps1",".ps1","1165","0.001","2026-06-26T20:27:00.8842738Z","False","False",,"NOT_CALCULATED",
"GRIDLY_SOURCE_DATA_REPO","Tools/Build-Scripts/Update-FraDataset.ps1","Update-FraDataset.ps1",".ps1","3135","0.003","2026-06-27T17:51:10.4024281Z","False","False",,"NOT_CALCULATED",
"GRIDLY_SOURCE_DATA_REPO","Tools/Build-Scripts/Watch-CommunityPackage.ps1","Watch-CommunityPackage.ps1",".ps1","772","0.001","2026-06-26T20:28:09.8250285Z","False","False",,"NOT_CALCULATED",
"GRIDLY_SOURCE_DATA_REPO","Tools/Inventory/Get-BuildInventory.ps1","Get-BuildInventory.ps1",".ps1","2420","0.002","2026-06-26T23:19:47.8769668Z","False","False",,"NOT_CALCULATED",
"GRIDLY_SOURCE_DATA_REPO","Tools/Inventory/Get-CrossingInventory.ps1","Get-CrossingInventory.ps1",".ps1","805","0.001","2026-06-27T16:53:05.1047401Z","False","False",,"NOT_CALCULATED",
"GRIDLY_SOURCE_DATA_REPO","Tools/Inventory/Get-DataPlatformStatus.ps1","Get-DataPlatformStatus.ps1",".ps1","2849","0.003","2026-06-27T16:57:40.0392939Z","False","False",,"NOT_CALCULATED",
"GRIDLY_SOURCE_DATA_REPO","Tools/Inventory/Get-FraInventory.ps1","Get-FraInventory.ps1",".ps1","882","0.001","2026-06-27T16:13:55.6269187Z","False","False",,"NOT_CALCULATED",
"GRIDLY_SOURCE_DATA_REPO","Tools/Inventory/Get-ProductionCrossingInventory.ps1","Get-ProductionCrossingInventory.ps1",".ps1","1129","0.001","2026-06-28T20:58:03.4917389Z","False","False",,"NOT_CALCULATED",
"GRIDLY_SOURCE_DATA_REPO","Tools/Packaging/Build-CrossingPackage.ps1","Build-CrossingPackage.ps1",".ps1","3477","0.003","2026-06-27T18:27:43.6449233Z","False","False",,"NOT_CALCULATED",
"GRIDLY_SOURCE_DATA_REPO","Tools/Packaging/Build-CrossingRegion.ps1","Build-CrossingRegion.ps1",".ps1","1992","0.002","2026-06-27T17:06:14.0098576Z","False","False",,"NOT_CALCULATED",
"GRIDLY_SOURCE_DATA_REPO","Tools/Packaging/Build-Package.ps1","Build-Package.ps1",".ps1","1664","0.002","2026-06-27T16:40:08.8247085Z","False","False",,"NOT_CALCULATED",
"GRIDLY_SOURCE_DATA_REPO","Tools/Packaging/Build-PackageRegistry.ps1","Build-PackageRegistry.ps1",".ps1","2571","0.002","2026-06-27T17:50:28.6492867Z","False","False",,"NOT_CALCULATED",
"GRIDLY_SOURCE_DATA_REPO","Tools/Packaging/Build-ProductionCrossingPackage.ps1","Build-ProductionCrossingPackage.ps1",".ps1","4935","0.005","2026-06-28T21:04:11.6909959Z","False","False",,"NOT_CALCULATED",
"GRIDLY_SOURCE_DATA_REPO","Tools/Packaging/Export-RuntimePackageRegistry.ps1","Export-RuntimePackageRegistry.ps1",".ps1","1597","0.002","2026-06-27T17:36:10.6843423Z","False","False",,"NOT_CALCULATED",
"GRIDLY_SOURCE_DATA_REPO","Tools/Processing/Build-CommunityPackage.ps1","Build-CommunityPackage.ps1",".ps1","7256","0.007","2026-06-26T21:34:06.5998266Z","False","False",,"NOT_CALCULATED",
"GRIDLY_SOURCE_DATA_REPO","Tools/Processing/Build-RegionalExpansion.ps1","Build-RegionalExpansion.ps1",".ps1","2569","0.002","2026-06-26T21:41:56.1653613Z","False","False",,"NOT_CALCULATED",
"GRIDLY_SOURCE_DATA_REPO","Tools/Processing/Update-FraDataset.ps1","Update-FraDataset.ps1",".ps1","3135","0.003","2026-06-27T16:11:56.9363896Z","False","False",,"NOT_CALCULATED",
"GRIDLY_SOURCE_DATA_REPO","Tools/Validation/Validate-CrossingPackage.ps1","Validate-CrossingPackage.ps1",".ps1","1571","0.001","2026-06-27T17:16:53.6382688Z","False","False",,"NOT_CALCULATED",
"GRIDLY_SOURCE_DATA_REPO","Tools/Validation/Validate-CrossingRegion.ps1","Validate-CrossingRegion.ps1",".ps1","1338","0.001","2026-06-27T17:18:49.6281452Z","False","False",,"NOT_CALCULATED",
"GRIDLY_SOURCE_DATA_REPO","Tools/Validation/Validate-GeoJsonDataset.ps1","Validate-GeoJsonDataset.ps1",".ps1","1685","0.002","2026-06-27T16:30:17.7932697Z","False","False",,"NOT_CALCULATED",
"GRIDLY_SOURCE_DATA_REPO","Tools/Validation/Validate-PackageRegistry.ps1","Validate-PackageRegistry.ps1",".ps1","2396","0.002","2026-06-27T17:34:31.6994350Z","False","False",,"NOT_CALCULATED",
"GRIDLY_SOURCE_DATA_REPO","Tools/Validation/Validate-RuntimePackageRegistry.ps1","Validate-RuntimePackageRegistry.ps1",".ps1","1909","0.002","2026-06-27T17:37:02.3373119Z","False","False",,"NOT_CALCULATED",
