{
  "type": "FeatureCollection",
  "features": [
    {
      "type": "Feature",
      "id": 202008,
      "geometry": {
        "type": "Point",
        "coordinates": [
          -98.1120231998038,
          28.3361467998549
        ]
      },
      "properties": {
        "OBJECTID": 202008,
        "CROSSING": "435638C",
        "EFFDATE": 1773187200000,
        "REASON": "14",
        "StateCode": "48",
        "CountyCode": "48297",
        "STCYFIPS": "48297",
        "CITYCD": "482972630",
        "RAILROAD": "UP",
        "RRDIV": "SOUTH TEXAS",
        "RRSUBDIV": "CORPUS CHRISTI SUB",
        "HIGHWAY": "BU0059",
        "STREET": "bu0059 / Houston Street",
        "TTSTN": "688648",
        "MILEPOST": "0088.070",
        "TYPEXING": "Public",
        "POSXING": "At Grade",
        "PRVCAT": "14",
        "INIT": "2",
        "LATITUDE": 28.3361468,
        "LONGITUD": -98.1120232,
        "LLSOURCE": "1",
        "WHISTBAN": "0",
        "RRCONT": "4025443721",
        "POLCONT": "8008488715",
        "INV_LINK": "https://safetydata.fra.dot.gov/OfficeofSafety/PublicSite/Crossing/Crossing.aspx?phasetype=C&rpttype=I&txtcrossingnum=435638C",
        "ACC_LINK": "https://safetydata.fra.dot.gov/OfficeofSafety/PublicSite/Crossing/Crossing.aspx?phasetype=C&rpttype=A&txtcrossingnum=435638C",
        "TTSTNNAM": "",
        "XPURPOSE": "1",
        "OPERATINGR": "UP",
        "OPERATIN_1": "Primary",
        "DAYTHRU": 1,
        "NGHTTHRU": 1,
        "MAINTRK": 1,
        "SIDINGTRK": 1,
        "YARDTRK": 0,
        "TRANSITTRK": 0,
        "INDUSTRYTR": 0,
        "OTHRTRK": 3,
        "WDCODE": "All other Gates",
        "REVISIONDA": "1975/01/01 00:00:00",
        "LASTUPDATE": "3/11/2026",
        "AADT": "3072",
        "AADTYEAR": "2024",
        "STATENAME": "TEXAS",
        "STATEAB": "TX",
        "COUNTYNAME": "LIVE OAK",
        "CITYNAME": "GEORGE WEST",
        "LATDD": 28.3361468,
        "LONGDD": -98.1120232,
        "gridlyProductionCertified": true,
        "gridlyClassification": "PUBLIC_ROADWAY",
        "gridlyDisplayName": "bu0059 / Houston Street",
        "gridlyId": "FRA-435638C"
      }
    },
    {
      "type": "Feature",
      "id": 202009,
      "geometry": {
        "type": "Point",
        "coordinates": [
          -98.1301820000785,
          28.3629225998817
        ]
      },
      "properties": {
        "OBJECTID": 202009,
        "CROSSING": "435639J",
        "EFFDATE": 1773187200000,
        "REASON": "14",
        "StateCode": "48",
        "CountyCode": "48297",
        "STCYFIPS": "48297",
        "CITYCD": "482972630",
        "RAILROAD": "UP",
        "RRDIV": "SOUTH TEXAS",
        "RRSUBDIV": "CORPUS CHRISTI SUB",
        "HIGHWAY": "CR0000",
        "STREET": "Airport Road",
        "TTSTN": "688648",
        "MILEPOST": "0085.950",
        "TYPEXING": "Public",
        "POSXING": "At Grade",
        "PRVCAT": "14",
        "INIT": "2",
        "LATITUDE": 28.3629226,
        "LONGITUD": -98.130182,
        "LLSOURCE": "1",
        "WHISTBAN": "0",
        "RRCONT": "4025443721",
        "POLCONT": "8008488715",
        "INV_LINK": "https://safetydata.fra.dot.gov/OfficeofSafety/PublicSite/Crossing/Crossing.aspx?phasetype=C&rpttype=I&txtcrossingnum=435639J",
        "ACC_LINK": "https://safetydata.fra.dot.gov/OfficeofSafety/PublicSite/Crossing/Crossing.aspx?phasetype=C&rpttype=A&txtcrossingnum=435639J",
        "TTSTNNAM": "",
        "XPURPOSE": "1",
        "OPERATINGR": "UP",
        "OPERATIN_1": "Primary",
        "DAYTHRU": 1,
        "NGHTTHRU": 1,
        "MAINTRK": 1,
        "SIDINGTRK": 0,
        "YARDTRK": 0,
        "TRANSITTRK": 0,
        "INDUSTRYTR": 0,
        "OTHRTRK": 0,
        "WDCODE": "Stop signs",
        "REVISIONDA": "1975/01/01 00:00:00",
        "LASTUPDATE": "3/11/2026",
        "AADT": "274",
        "AADTYEAR": "2019",
        "STATENAME": "TEXAS",
        "STATEAB": "TX",
        "COUNTYNAME": "LIVE OAK",
        "CITYNAME": "GEORGE WEST",
        "LATDD": 28.3629226,
        "LONGDD": -98.130182,
        "gridlyProductionCertified": true,
        "gridlyClassification": "PUBLIC_ROADWAY",
        "gridlyDisplayName": "Airport Road",
        "gridlyId": "FRA-435639J"
      }
    },
    {
      "type": "Feature",
      "id": 202133,
      "geometry": {
        "type": "Point",
        "coordinates": [
          -97.957541399919,
          28.2295209997172
        ]
      },
      "properties": {
        "OBJECTID": 202133,
        "CROSSING": "435620S",
        "EFFDATE": 1773014400000,
        "REASON": "14",
        "StateCode": "48",
        "CountyCode": "48297",
        "STCYFIPS": "48297",
        "CITYCD": "484094400",
        "RAILROAD": "UP",
        "RRDIV": "SOUTH TEXAS",
        "RRSUBDIV": "CORPUS CHRISTI SUB",
        "HIGHWAY": "FM0534",
        "STREET": "FM0534",
        "TTSTN": "688833",
        "MILEPOST": "0100.560",
        "TYPEXING": "Public",
        "POSXING": "At Grade",
        "PRVCAT": "14",
        "INIT": "2",
        "LATITUDE": 28.229521,
        "LONGITUD": -97.9575414,
        "LLSOURCE": "1",
        "WHISTBAN": "0",
        "RRCONT": "4025443721",
        "POLCONT": "8008488715",
        "INV_LINK": "https://safetydata.fra.dot.gov/OfficeofSafety/PublicSite/Crossing/Crossing.aspx?phasetype=C&rpttype=I&txtcrossingnum=435620S",
        "ACC_LINK": "https://safetydata.fra.dot.gov/OfficeofSafety/PublicSite/Crossing/Crossing.aspx?phasetype=C&rpttype=A&txtcrossingnum=435620S",
        "TTSTNNAM": "",
        "XPURPOSE": "1",
        "OPERATINGR": "UP",
        "OPERATIN_1": "Primary",
        "DAYTHRU": 1,
        "NGHTTHRU": 1,
        "MAINTRK": 1,
        "SIDINGTRK": 0,
        "YARDTRK": 0,
        "TRANSITTRK": 0,
        "INDUSTRYTR": 0,
        "OTHRTRK": 0,
        "WDCODE": "All other Gates",
        "REVISIONDA": "1975/01/01 00:00:00",
        "LASTUPDATE": "3/9/2026",
        "AADT": "910",
        "AADTYEAR": "2019",
        "STATENAME": "TEXAS",
        "STATEAB": "TX",
        "COUNTYNAME": "LIVE OAK",
        "CITYNAME": "MATHIS",
        "LATDD": 28.229521,
        "LONGDD": -97.9575414,
        "gridlyProductionCertified": true,
        "gridlyClassification": "PUBLIC_ROADWAY",
        "gridlyDisplayName": "FM0534",
        "gridlyId": "FRA-435620S"
      }
    },
    {
      "type": "Feature",
      "id": 202160,
      "geometry": {
        "type": "Point",
        "coordinates": [
          -97.8899753003402,
          28.1902983003062
        ]
      },
      "properties": {
        "OBJECTID": 202160,
        "CROSSING": "435607D",
        "EFFDATE": 1773014400000,
        "REASON": "14",
        "StateCode": "48",
        "CountyCode": "48297",
        "STCYFIPS": "48297",
        "CITYCD": "484094400",
        "RAILROAD": "UP",
        "RRDIV": "SOUTH TEXAS",
        "RRSUBDIV": "CORPUS CHRISTI SUB",
        "HIGHWAY": "CR0392",
        "STREET": "CR 392",
        "TTSTN": "688833",
        "MILEPOST": "0105.750",
        "TYPEXING": "Public",
        "POSXING": "At Grade",
        "PRVCAT": "14",
        "INIT": "2",
        "LATITUDE": 28.1902983,
        "LONGITUD": -97.8899753,
        "LLSOURCE": "1",
        "WHISTBAN": "0",
        "RRCONT": "4025443721",
        "POLCONT": "8008488715",
        "INV_LINK": "https://safetydata.fra.dot.gov/OfficeofSafety/PublicSite/Crossing/Crossing.aspx?phasetype=C&rpttype=I&txtcrossingnum=435607D",
        "ACC_LINK": "https://safetydata.fra.dot.gov/OfficeofSafety/PublicSite/Crossing/Crossing.aspx?phasetype=C&rpttype=A&txtcrossingnum=435607D",
        "TTSTNNAM": "",
        "XPURPOSE": "1",
        "OPERATINGR": "UP",
        "OPERATIN_1": "Primary",
        "DAYTHRU": 1,
        "NGHTTHRU": 1,
        "MAINTRK": 1,
        "SIDINGTRK": 0,
        "YARDTRK": 0,
        "TRANSITTRK": 0,
        "INDUSTRYTR": 0,
        "OTHRTRK": 0,
        "WDCODE": "Stop signs",
        "REVISIONDA": "1975/01/01 00:00:00",
        "LASTUPDATE": "3/9/2026",
        "AADT": "35",
        "AADTYEAR": "2019",
        "STATENAME": "TEXAS",
        "STATEAB": "TX",
        "COUNTYNAME": "LIVE OAK",
        "CITYNAME": "MATHIS",
        "LATDD": 28.1902983,
        "LONGDD": -97.8899753,
        "gridlyProductionCertified": true,
        "gridlyClassification": "PUBLIC_ROADWAY",
        "gridlyDisplayName": "CR 392",
        "gridlyId": "FRA-435607D"
      }
    },
    {
      "type": "Feature",
      "id": 202177,
      "geometry": {
        "type": "Point",
        "coordinates": [
          -97.8872253003374,
          28.1835259000806
        ]
      },
      "properties": {
        "OBJECTID": 202177,
        "CROSSING": "435606W",
        "EFFDATE": 1773014400000,
        "REASON": "14",
        "StateCode": "48",
        "CountyCode": "48297",
        "STCYFIPS": "48297",
        "CITYCD": "484094400",
        "RAILROAD": "UP",
        "RRDIV": "SOUTH TEXAS",
        "RRSUBDIV": "CORPUS CHRISTI SUB",
        "HIGHWAY": "TBD",
        "STREET": "CR 391",
        "TTSTN": "688833",
        "MILEPOST": "0106.250",
        "TYPEXING": "Public",
        "POSXING": "At Grade",
        "PRVCAT": "14",
        "INIT": "2",
        "LATITUDE": 28.1835259,
        "LONGITUD": -97.8872253,
        "LLSOURCE": "1",
        "WHISTBAN": "0",
        "RRCONT": "4025443721",
        "POLCONT": "8008488715",
        "INV_LINK": "https://safetydata.fra.dot.gov/OfficeofSafety/PublicSite/Crossing/Crossing.aspx?phasetype=C&rpttype=I&txtcrossingnum=435606W",
        "ACC_LINK": "https://safetydata.fra.dot.gov/OfficeofSafety/PublicSite/Crossing/Crossing.aspx?phasetype=C&rpttype=A&txtcrossingnum=435606W",
        "TTSTNNAM": "",
        "XPURPOSE": "1",
        "OPERATINGR": "UP",
        "OPERATIN_1": "Primary",
        "DAYTHRU": 1,
        "NGHTTHRU": 1,
        "MAINTRK": 1,
        "SIDINGTRK": 0,
        "YARDTRK": 0,
        "TRANSITTRK": 0,
        "INDUSTRYTR": 0,
        "OTHRTRK": 0,
        "WDCODE": "Stop signs",
        "REVISIONDA": "1975/01/01 00:00:00",
        "LASTUPDATE": "3/9/2026",
        "AADT": "35",
        "AADTYEAR": "2019",
        "STATENAME": "TEXAS",
        "STATEAB": "TX",
        "COUNTYNAME": "LIVE OAK",
        "CITYNAME": "MATHIS",
        "LATDD": 28.1835259,
        "LONGDD": -97.8872253,
        "gridlyProductionCertified": true,
        "gridlyClassification": "PUBLIC_ROADWAY",
        "gridlyDisplayName": "CR 391",
        "gridlyId": "FRA-435606W"
      }
    },
    {
      "type": "Feature",
      "id": 202361,
      "geometry": {
        "type": "Point",
        "coordinates": [
          -98.1118660000189,
          28.3362680003565
        ]
      },
      "properties": {
        "OBJECTID": 202361,
        "CROSSING": "974089W",
        "EFFDATE": 1773792000000,
        "REASON": "14",
        "StateCode": "48",
        "CountyCode": "48297",
        "STCYFIPS": "48297",
        "CITYCD": "482972630",
        "RAILROAD": "UP",
        "RRDIV": "SOUTH TEXAS",
        "RRSUBDIV": "Corpus Christi Sub",
        "HIGHWAY": "BU59",
        "STREET": "Houston Street",
        "TTSTN": "",
        "MILEPOST": "0088.070",
        "TYPEXING": "Public",
        "POSXING": "At Grade",
        "PRVCAT": "14",
        "INIT": "2",
        "LATITUDE": 28.336268,
        "LONGITUD": -98.111866,
        "LLSOURCE": "1",
        "WHISTBAN": "",
        "RRCONT": "4025443721",
        "POLCONT": "8008488715",
        "INV_LINK": "https://safetydata.fra.dot.gov/OfficeofSafety/PublicSite/Crossing/Crossing.aspx?phasetype=C&rpttype=I&txtcrossingnum=974089W",
        "ACC_LINK": "https://safetydata.fra.dot.gov/OfficeofSafety/PublicSite/Crossing/Crossing.aspx?phasetype=C&rpttype=A&txtcrossingnum=974089W",
        "TTSTNNAM": "",
        "XPURPOSE": "1",
        "OPERATINGR": "UP",
        "OPERATIN_1": "Primary",
        "DAYTHRU": 2,
        "NGHTTHRU": 2,
        "MAINTRK": 0,
        "SIDINGTRK": 0,
        "YARDTRK": 1,
        "TRANSITTRK": 0,
        "INDUSTRYTR": 0,
        "OTHRTRK": 0,
        "WDCODE": "Crossbucks",
        "REVISIONDA": "1975/01/01 00:00:00",
        "LASTUPDATE": "3/18/2026",
        "AADT": "3072",
        "AADTYEAR": "2024",
        "STATENAME": "TEXAS",
        "STATEAB": "TX",
        "COUNTYNAME": "LIVE OAK",
        "CITYNAME": "GEORGE WEST",
        "LATDD": 28.336268,
        "LONGDD": -98.111866,
        "gridlyProductionCertified": true,
        "gridlyClassification": "PUBLIC_ROADWAY",
        "gridlyDisplayName": "Houston Street",
        "gridlyId": "FRA-974089W"
      }
    },
    {
      "type": "Feature",
      "id": 202738,
      "geometry": {
        "type": "Point",
        "coordinates": [
          -98.1866170004116,
          28.4595010000971
        ]
      },
      "properties": {
        "OBJECTID": 202738,
        "CROSSING": "435644F",
        "EFFDATE": 1776038400000,
        "REASON": "14",
        "StateCode": "48",
        "CountyCode": "48297",
        "STCYFIPS": "48297",
        "CITYCD": "482976920",
        "RAILROAD": "UP",
        "RRDIV": "SOUTH TEXAS",
        "RRSUBDIV": "CORPUS CHRISTI SUB",
        "HIGHWAY": "NA",
        "STREET": "West Le Roy Street",
        "TTSTN": "688633",
        "MILEPOST": "0077.450",
        "TYPEXING": "Private",
        "POSXING": "At Grade",
        "PRVCAT": "14",
        "INIT": "1",
        "LATITUDE": 28.459501,
        "LONGITUD": -98.186617,
        "LLSOURCE": "1",
        "WHISTBAN": "0",
        "RRCONT": "4025443721",
        "POLCONT": "8008488715",
        "INV_LINK": "https://safetydata.fra.dot.gov/OfficeofSafety/PublicSite/Crossing/Crossing.aspx?phasetype=C&rpttype=I&txtcrossingnum=435644F",
        "ACC_LINK": "https://safetydata.fra.dot.gov/OfficeofSafety/PublicSite/Crossing/Crossing.aspx?phasetype=C&rpttype=A&txtcrossingnum=435644F",
        "TTSTNNAM": "",
        "XPURPOSE": "1",
        "OPERATINGR": "UP",
        "OPERATIN_1": "Primary",
        "DAYTHRU": 1,
        "NGHTTHRU": 1,
        "MAINTRK": 1,
        "SIDINGTRK": 0,
        "YARDTRK": 2,
        "TRANSITTRK": 0,
        "INDUSTRYTR": 2,
        "OTHRTRK": 4,
        "WDCODE": "",
        "REVISIONDA": "1975/01/01 00:00:00",
        "LASTUPDATE": "4/13/2026",
        "AADT": "1",
        "AADTYEAR": "1970",
        "STATENAME": "TEXAS",
        "STATEAB": "TX",
        "COUNTYNAME": "LIVE OAK",
        "CITYNAME": "THREE RIVERS",
        "LATDD": 28.459501,
        "LONGDD": -98.186617,
        "gridlyProductionCertified": true,
        "gridlyClassification": "PUBLIC_ROADWAY",
        "gridlyDisplayName": "West Le Roy Street",
        "gridlyId": "FRA-435644F"
      }
    },
    {
      "type": "Feature",
      "id": 207683,
      "geometry": {
        "type": "Point",
        "coordinates": [
          -98.2190227999198,
          28.5876662001695
        ]
      },
      "properties": {
        "OBJECTID": 207683,
        "CROSSING": "435710R",
        "EFFDATE": 1756684800000,
        "REASON": "14",
        "StateCode": "48",
        "CountyCode": "48297",
        "STCYFIPS": "48297",
        "CITYCD": "482977485",
        "RAILROAD": "UP",
        "RRDIV": "SOUTH TEXAS",
        "RRSUBDIV": "CORPUS CHRISTI SUB",
        "HIGHWAY": "NA",
        "STREET": "PRIVATE",
        "TTSTN": "688633",
        "MILEPOST": "0067.980",
        "TYPEXING": "Private",
        "POSXING": "At Grade",
        "PRVCAT": "14",
        "INIT": "1",
        "LATITUDE": 28.5876662,
        "LONGITUD": -98.2190228,
        "LLSOURCE": "1",
        "WHISTBAN": "0",
        "RRCONT": "4025443721",
        "POLCONT": "8008488715",
        "INV_LINK": "https://safetydata.fra.dot.gov/OfficeofSafety/PublicSite/Crossing/Crossing.aspx?phasetype=C&rpttype=I&txtcrossingnum=435710R",
        "ACC_LINK": "https://safetydata.fra.dot.gov/OfficeofSafety/PublicSite/Crossing/Crossing.aspx?phasetype=C&rpttype=A&txtcrossingnum=435710R",
        "TTSTNNAM": "",
        "XPURPOSE": "1",
        "OPERATINGR": "UP",
        "OPERATIN_1": "Primary",
        "DAYTHRU": 1,
        "NGHTTHRU": 1,
        "MAINTRK": 1,
        "SIDINGTRK": 0,
        "YARDTRK": 0,
        "TRANSITTRK": 0,
        "INDUSTRYTR": 0,
        "OTHRTRK": 0,
        "WDCODE": "",
        "REVISIONDA": "1975/01/01 00:00:00",
        "LASTUPDATE": "9/1/2025",
        "AADT": "1",
        "AADTYEAR": "1970",
        "STATENAME": "TEXAS",
        "STATEAB": "TX",
        "COUNTYNAME": "LIVE OAK",
        "CITYNAME": "WHITSETT",
        "LATDD": 28.5876662,
        "LONGDD": -98.2190228,
        "gridlyProductionCertified": true,
        "gridlyClassification": "PUBLIC_ROADWAY",
        "gridlyDisplayName": "PRIVATE",
        "gridlyId": "FRA-435710R"
      }
    },
    {
      "type": "Feature",
      "id": 207706,
      "geometry": {
        "type": "Point",
        "coordinates": [
          -97.9859020003629,
          28.2483079998062
        ]
      },
      "properties": {
        "OBJECTID": 207706,
        "CROSSING": "435623M",
        "EFFDATE": 1756684800000,
        "REASON": "14",
        "StateCode": "48",
        "CountyCode": "48297",
        "STCYFIPS": "48297",
        "CITYCD": "482972630",
        "RAILROAD": "UP",
        "RRDIV": "South Texas",
        "RRSUBDIV": "Corpus Christi Sub",
        "HIGHWAY": "Na",
        "STREET": "PRIVATE FIELD",
        "TTSTN": "688648",
        "MILEPOST": "0098.369",
        "TYPEXING": "Private",
        "POSXING": "At Grade",
        "PRVCAT": "14",
        "INIT": "1",
        "LATITUDE": 28.248308,
        "LONGITUD": -97.985902,
        "LLSOURCE": "1",
        "WHISTBAN": "0",
        "RRCONT": "4025443721",
        "POLCONT": "8008488715",
        "INV_LINK": "https://safetydata.fra.dot.gov/OfficeofSafety/PublicSite/Crossing/Crossing.aspx?phasetype=C&rpttype=I&txtcrossingnum=435623M",
        "ACC_LINK": "https://safetydata.fra.dot.gov/OfficeofSafety/PublicSite/Crossing/Crossing.aspx?phasetype=C&rpttype=A&txtcrossingnum=435623M",
        "TTSTNNAM": "688648",
        "XPURPOSE": "1",
        "OPERATINGR": "UP",
        "OPERATIN_1": "Primary",
        "DAYTHRU": 4,
        "NGHTTHRU": 3,
        "MAINTRK": 1,
        "SIDINGTRK": 0,
        "YARDTRK": 0,
        "TRANSITTRK": 0,
        "INDUSTRYTR": 0,
        "OTHRTRK": 0,
        "WDCODE": "",
        "REVISIONDA": "1975/01/01 00:00:00",
        "LASTUPDATE": "9/1/2025",
        "AADT": "",
        "AADTYEAR": "1970",
        "STATENAME": "TEXAS",
        "STATEAB": "TX",
        "COUNTYNAME": "LIVE OAK",
        "CITYNAME": "GEORGE WEST",
        "LATDD": 28.248308,
        "LONGDD": -97.985902,
        "gridlyProductionCertified": true,
        "gridlyClassification": "PUBLIC_ROADWAY",
        "gridlyDisplayName": "PRIVATE FIELD",
        "gridlyId": "FRA-435623M"
      }
    },
    {
      "type": "Feature",
      "id": 209522,
      "geometry": {
        "type": "Point",
        "coordinates": [
          -97.8969644995762,
          28.2017053998646
        ]
      },
      "properties": {
        "OBJECTID": 209522,
        "CROSSING": "435610L",
        "EFFDATE": 1756252800000,
        "REASON": "14",
        "StateCode": "48",
        "CountyCode": "48297",
        "STCYFIPS": "48297",
        "CITYCD": "484094400",
        "RAILROAD": "UP",
        "RRDIV": "SOUTH TEXAS",
        "RRSUBDIV": "CORPUS CHRISTI SUB",
        "HIGHWAY": "NA",
        "STREET": "PRIVATE",
        "TTSTN": "688833",
        "MILEPOST": "0104.840",
        "TYPEXING": "Private",
        "POSXING": "At Grade",
        "PRVCAT": "14",
        "INIT": "1",
        "LATITUDE": 28.2017054,
        "LONGITUD": -97.8969645,
        "LLSOURCE": "1",
        "WHISTBAN": "0",
        "RRCONT": "4025443721",
        "POLCONT": "8008488715",
        "INV_LINK": "https://safetydata.fra.dot.gov/OfficeofSafety/PublicSite/Crossing/Crossing.aspx?phasetype=C&rpttype=I&txtcrossingnum=435610L",
        "ACC_LINK": "https://safetydata.fra.dot.gov/OfficeofSafety/PublicSite/Crossing/Crossing.aspx?phasetype=C&rpttype=A&txtcrossingnum=435610L",
        "TTSTNNAM": "",
        "XPURPOSE": "1",
        "OPERATINGR": "UP",
        "OPERATIN_1": "Primary",
        "DAYTHRU": 1,
        "NGHTTHRU": 1,
        "MAINTRK": 1,
        "SIDINGTRK": 0,
        "YARDTRK": 0,
        "TRANSITTRK": 0,
        "INDUSTRYTR": 0,
        "OTHRTRK": 0,
        "WDCODE": "",
        "REVISIONDA": "1975/01/01 00:00:00",
        "LASTUPDATE": "8/27/2025",
        "AADT": "1",
        "AADTYEAR": "1970",
        "STATENAME": "TEXAS",
        "STATEAB": "TX",
        "COUNTYNAME": "LIVE OAK",
        "CITYNAME": "MATHIS",
        "LATDD": 28.2017054,
        "LONGDD": -97.8969645,
        "gridlyProductionCertified": true,
        "gridlyClassification": "PUBLIC_ROADWAY",
        "gridlyDisplayName": "PRIVATE",
        "gridlyId": "FRA-435610L"
      }
    },
    {
      "type": "Feature",
      "id": 209523,
      "geometry": {
        "type": "Point",
        "coordinates": [
          -97.9275382003338,
          28.2193468997245
        ]
      },
      "properties": {
        "OBJECTID": 209523,
        "CROSSING": "435616C",
        "EFFDATE": 1756252800000,
        "REASON": "14",
        "StateCode": "48",
        "CountyCode": "48297",
        "STCYFIPS": "48297",
        "CITYCD": "484094400",
        "RAILROAD": "UP",
        "RRDIV": "SOUTH TEXAS",
        "RRSUBDIV": "CORPUS CHRISTI SUB",
        "HIGHWAY": "NA",
        "STREET": "PRIVATE",
        "TTSTN": "688833",
        "MILEPOST": "0102.530",
        "TYPEXING": "Private",
        "POSXING": "At Grade",
        "PRVCAT": "14",
        "INIT": "1",
        "LATITUDE": 28.2193469,
        "LONGITUD": -97.9275382,
        "LLSOURCE": "1",
        "WHISTBAN": "0",
        "RRCONT": "4025443721",
        "POLCONT": "8008488715",
        "INV_LINK": "https://safetydata.fra.dot.gov/OfficeofSafety/PublicSite/Crossing/Crossing.aspx?phasetype=C&rpttype=I&txtcrossingnum=435616C",
        "ACC_LINK": "https://safetydata.fra.dot.gov/OfficeofSafety/PublicSite/Crossing/Crossing.aspx?phasetype=C&rpttype=A&txtcrossingnum=435616C",
        "TTSTNNAM": "",
        "XPURPOSE": "1",
        "OPERATINGR": "UP",
        "OPERATIN_1": "Primary",
        "DAYTHRU": 1,
        "NGHTTHRU": 1,
        "MAINTRK": 1,
        "SIDINGTRK": 0,
        "YARDTRK": 0,
        "TRANSITTRK": 0,
        "INDUSTRYTR": 0,
        "OTHRTRK": 0,
        "WDCODE": "",
        "REVISIONDA": "1975/01/01 00:00:00",
        "LASTUPDATE": "8/27/2025",
        "AADT": "1",
        "AADTYEAR": "1970",
        "STATENAME": "TEXAS",
        "STATEAB": "TX",
        "COUNTYNAME": "LIVE OAK",
        "CITYNAME": "MATHIS",
        "LATDD": 28.2193469,
        "LONGDD": -97.9275382,
        "gridlyProductionCertified": true,
        "gridlyClassification": "PUBLIC_ROADWAY",
        "gridlyDisplayName": "PRIVATE",
        "gridlyId": "FRA-435616C"
      }
    },
    {
      "type": "Feature",
      "id": 209534,
      "geometry": {
        "type": "Point",
        "coordinates": [
          -97.9775810999222,
          28.2409580998384
        ]
      },
      "properties": {
        "OBJECTID": 209534,
        "CROSSING": "435622F",
        "EFFDATE": 1756252800000,
        "REASON": "14",
        "StateCode": "48",
        "CountyCode": "48297",
        "STCYFIPS": "48297",
        "CITYCD": "482972630",
        "RAILROAD": "UP",
        "RRDIV": "SOUTH TEXAS",
        "RRSUBDIV": "CORPUS CHRISTI SUB",
        "HIGHWAY": "NA",
        "STREET": "PRIVATE",
        "TTSTN": "688648",
        "MILEPOST": "0099.100",
        "TYPEXING": "Private",
        "POSXING": "At Grade",
        "PRVCAT": "14",
        "INIT": "1",
        "LATITUDE": 28.2409581,
        "LONGITUD": -97.9775811,
        "LLSOURCE": "1",
        "WHISTBAN": "0",
        "RRCONT": "4025443721",
        "POLCONT": "8008488715",
        "INV_LINK": "https://safetydata.fra.dot.gov/OfficeofSafety/PublicSite/Crossing/Crossing.aspx?phasetype=C&rpttype=I&txtcrossingnum=435622F",
        "ACC_LINK": "https://safetydata.fra.dot.gov/OfficeofSafety/PublicSite/Crossing/Crossing.aspx?phasetype=C&rpttype=A&txtcrossingnum=435622F",
        "TTSTNNAM": "",
        "XPURPOSE": "1",
        "OPERATINGR": "UP",
        "OPERATIN_1": "Primary",
        "DAYTHRU": 1,
        "NGHTTHRU": 1,
        "MAINTRK": 1,
        "SIDINGTRK": 0,
        "YARDTRK": 0,
        "TRANSITTRK": 0,
        "INDUSTRYTR": 0,
        "OTHRTRK": 0,
        "WDCODE": "",
        "REVISIONDA": "1975/01/01 00:00:00",
        "LASTUPDATE": "8/27/2025",
        "AADT": "1",
        "AADTYEAR": "1970",
        "STATENAME": "TEXAS",
        "STATEAB": "TX",
        "COUNTYNAME": "LIVE OAK",
        "CITYNAME": "GEORGE WEST",
        "LATDD": 28.2409581,
        "LONGDD": -97.9775811,
        "gridlyProductionCertified": true,
        "gridlyClassification": "PUBLIC_ROADWAY",
        "gridlyDisplayName": "PRIVATE",
        "gridlyId": "FRA-435622F"
      }
    },
    {
      "type": "Feature",
      "id": 209535,
      "geometry": {
        "type": "Point",
        "coordinates": [
          -97.9971189003963,
          28.2581888002958
        ]
      },
      "properties": {
        "OBJECTID": 209535,
        "CROSSING": "435625B",
        "EFFDATE": 1756252800000,
        "REASON": "14",
        "StateCode": "48",
        "CountyCode": "48297",
        "STCYFIPS": "48297",
        "CITYCD": "482972630",
        "RAILROAD": "UP",
        "RRDIV": "SOUTH TEXAS",
        "RRSUBDIV": "CORPUS CHRISTI SUB",
        "HIGHWAY": "NA",
        "STREET": "PRIVATE",
        "TTSTN": "688648",
        "MILEPOST": "0097.420",
        "TYPEXING": "Private",
        "POSXING": "At Grade",
        "PRVCAT": "14",
        "INIT": "1",
        "LATITUDE": 28.2581888,
        "LONGITUD": -97.9971189,
        "LLSOURCE": "1",
        "WHISTBAN": "0",
        "RRCONT": "4025443721",
        "POLCONT": "8008488715",
        "INV_LINK": "https://safetydata.fra.dot.gov/OfficeofSafety/PublicSite/Crossing/Crossing.aspx?phasetype=C&rpttype=I&txtcrossingnum=435625B",
        "ACC_LINK": "https://safetydata.fra.dot.gov/OfficeofSafety/PublicSite/Crossing/Crossing.aspx?phasetype=C&rpttype=A&txtcrossingnum=435625B",
        "TTSTNNAM": "",
        "XPURPOSE": "1",
        "OPERATINGR": "UP",
        "OPERATIN_1": "Primary",
        "DAYTHRU": 1,
        "NGHTTHRU": 1,
        "MAINTRK": 1,
        "SIDINGTRK": 0,
        "YARDTRK": 0,
        "TRANSITTRK": 0,
        "INDUSTRYTR": 0,
        "OTHRTRK": 0,
        "WDCODE": "",
        "REVISIONDA": "1975/01/01 00:00:00",
        "LASTUPDATE": "8/27/2025",
        "AADT": "1",
        "AADTYEAR": "1970",
        "STATENAME": "TEXAS",
        "STATEAB": "TX",
        "COUNTYNAME": "LIVE OAK",
        "CITYNAME": "GEORGE WEST",
        "LATDD": 28.2581888,
        "LONGDD": -97.9971189,
        "gridlyProductionCertified": true,
        "gridlyClassification": "PUBLIC_ROADWAY",
        "gridlyDisplayName": "PRIVATE",
        "gridlyId": "FRA-435625B"
      }
    },
    {
      "type": "Feature",
      "id": 209547,
      "geometry": {
        "type": "Point",
        "coordinates": [
          -98.0007203002692,
          28.2606510001355
        ]
      },
      "properties": {
        "OBJECTID": 209547,
        "CROSSING": "435626H",
        "EFFDATE": 1756252800000,
        "REASON": "14",
        "StateCode": "48",
        "CountyCode": "48297",
        "STCYFIPS": "48297",
        "CITYCD": "482972630",
        "RAILROAD": "UP",
        "RRDIV": "SOUTH TEXAS",
        "RRSUBDIV": "CORPUS CHRISTI SUB",
        "HIGHWAY": "NA",
        "STREET": "PRIVATE",
        "TTSTN": "688648",
        "MILEPOST": "0097.150",
        "TYPEXING": "Private",
        "POSXING": "At Grade",
        "PRVCAT": "14",
        "INIT": "1",
        "LATITUDE": 28.260651,
        "LONGITUD": -98.0007203,
        "LLSOURCE": "1",
        "WHISTBAN": "0",
        "RRCONT": "4025443721",
        "POLCONT": "8008488715",
        "INV_LINK": "https://safetydata.fra.dot.gov/OfficeofSafety/PublicSite/Crossing/Crossing.aspx?phasetype=C&rpttype=I&txtcrossingnum=435626H",
        "ACC_LINK": "https://safetydata.fra.dot.gov/OfficeofSafety/PublicSite/Crossing/Crossing.aspx?phasetype=C&rpttype=A&txtcrossingnum=435626H",
        "TTSTNNAM": "",
        "XPURPOSE": "1",
        "OPERATINGR": "UP",
        "OPERATIN_1": "Primary",
        "DAYTHRU": 1,
        "NGHTTHRU": 1,
        "MAINTRK": 1,
        "SIDINGTRK": 0,
        "YARDTRK": 0,
        "TRANSITTRK": 0,
        "INDUSTRYTR": 0,
        "OTHRTRK": 0,
        "WDCODE": "",
        "REVISIONDA": "1975/01/01 00:00:00",
        "LASTUPDATE": "8/27/2025",
        "AADT": "1",
        "AADTYEAR": "1970",
        "STATENAME": "TEXAS",
        "STATEAB": "TX",
        "COUNTYNAME": "LIVE OAK",
        "CITYNAME": "GEORGE WEST",
        "LATDD": 28.260651,
        "LONGDD": -98.0007203,
        "gridlyProductionCertified": true,
        "gridlyClassification": "PUBLIC_ROADWAY",
        "gridlyDisplayName": "PRIVATE",
        "gridlyId": "FRA-435626H"
      }
    },
    {
      "type": "Feature",
      "id": 209548,
      "geometry": {
        "type": "Point",
        "coordinates": [
          -98.0085572998259,
          28.2616229001376
        ]
      },
      "properties": {
        "OBJECTID": 209548,
        "CROSSING": "435627P",
        "EFFDATE": 1756252800000,
        "REASON": "14",
        "StateCode": "48",
        "CountyCode": "48297",
        "STCYFIPS": "48297",
        "CITYCD": "482972630",
        "RAILROAD": "UP",
        "RRDIV": "SOUTH TEXAS",
        "RRSUBDIV": "CORPUS CHRISTI SUB",
        "HIGHWAY": "NA",
        "STREET": "PRIVATE",
        "TTSTN": "688648",
        "MILEPOST": "0096.670",
        "TYPEXING": "Private",
        "POSXING": "At Grade",
        "PRVCAT": "14",
        "INIT": "1",
        "LATITUDE": 28.2616229,
        "LONGITUD": -98.0085573,
        "LLSOURCE": "1",
        "WHISTBAN": "0",
        "RRCONT": "4025443721",
        "POLCONT": "8008488715",
        "INV_LINK": "https://safetydata.fra.dot.gov/OfficeofSafety/PublicSite/Crossing/Crossing.aspx?phasetype=C&rpttype=I&txtcrossingnum=435627P",
        "ACC_LINK": "https://safetydata.fra.dot.gov/OfficeofSafety/PublicSite/Crossing/Crossing.aspx?phasetype=C&rpttype=A&txtcrossingnum=435627P",
        "TTSTNNAM": "",
        "XPURPOSE": "1",
        "OPERATINGR": "UP",
        "OPERATIN_1": "Primary",
        "DAYTHRU": 1,
        "NGHTTHRU": 1,
        "MAINTRK": 1,
        "SIDINGTRK": 0,
        "YARDTRK": 0,
        "TRANSITTRK": 0,
        "INDUSTRYTR": 0,
        "OTHRTRK": 0,
        "WDCODE": "",
        "REVISIONDA": "1975/01/01 00:00:00",
        "LASTUPDATE": "8/27/2025",
        "AADT": "1",
        "AADTYEAR": "1970",
        "STATENAME": "TEXAS",
        "STATEAB": "TX",
        "COUNTYNAME": "LIVE OAK",
        "CITYNAME": "GEORGE WEST",
        "LATDD": 28.2616229,
        "LONGDD": -98.0085573,
        "gridlyProductionCertified": true,
        "gridlyClassification": "PUBLIC_ROADWAY",
        "gridlyDisplayName": "PRIVATE",
        "gridlyId": "FRA-435627P"
      }
    },
    {
      "type": "Feature",
      "id": 209554,
      "geometry": {
        "type": "Point",
        "coordinates": [
          -98.083618100414,
          28.3005534998788
        ]
      },
      "properties": {
        "OBJECTID": 209554,
        "CROSSING": "435634A",
        "EFFDATE": 1756252800000,
        "REASON": "14",
        "StateCode": "48",
        "CountyCode": "48297",
        "STCYFIPS": "48297",
        "CITYCD": "482972630",
        "RAILROAD": "UP",
        "RRDIV": "SOUTH TEXAS",
        "RRSUBDIV": "CORPUS CHRISTI SUB",
        "HIGHWAY": "NA",
        "STREET": "PRIVATE",
        "TTSTN": "688648",
        "MILEPOST": "0091.170",
        "TYPEXING": "Private",
        "POSXING": "At Grade",
        "PRVCAT": "14",
        "INIT": "1",
        "LATITUDE": 28.3005535,
        "LONGITUD": -98.0836181,
        "LLSOURCE": "1",
        "WHISTBAN": "0",
        "RRCONT": "4025443721",
        "POLCONT": "8008488715",
        "INV_LINK": "https://safetydata.fra.dot.gov/OfficeofSafety/PublicSite/Crossing/Crossing.aspx?phasetype=C&rpttype=I&txtcrossingnum=435634A",
        "ACC_LINK": "https://safetydata.fra.dot.gov/OfficeofSafety/PublicSite/Crossing/Crossing.aspx?phasetype=C&rpttype=A&txtcrossingnum=435634A",
        "TTSTNNAM": "",
        "XPURPOSE": "1",
        "OPERATINGR": "UP",
        "OPERATIN_1": "Primary",
        "DAYTHRU": 1,
        "NGHTTHRU": 1,
        "MAINTRK": 1,
        "SIDINGTRK": 0,
        "YARDTRK": 0,
        "TRANSITTRK": 0,
        "INDUSTRYTR": 0,
        "OTHRTRK": 0,
        "WDCODE": "",
        "REVISIONDA": "1975/01/01 00:00:00",
        "LASTUPDATE": "8/27/2025",
        "AADT": "1",
        "AADTYEAR": "1970",
        "STATENAME": "TEXAS",
        "STATEAB": "TX",
        "COUNTYNAME": "LIVE OAK",
        "CITYNAME": "GEORGE WEST",
        "LATDD": 28.3005535,
        "LONGDD": -98.0836181,
        "gridlyProductionCertified": true,
        "gridlyClassification": "PUBLIC_ROADWAY",
        "gridlyDisplayName": "PRIVATE",
        "gridlyId": "FRA-435634A"
      }
    },
    {
      "type": "Feature",
      "id": 209555,
      "geometry": {
        "type": "Point",
        "coordinates": [
          -98.0920841003327,
          28.3059945998143
        ]
      },
      "properties": {
        "OBJECTID": 209555,
        "CROSSING": "435635G",
        "EFFDATE": 1756252800000,
        "REASON": "14",
        "StateCode": "48",
        "CountyCode": "48297",
        "STCYFIPS": "48297",
        "CITYCD": "482972630",
        "RAILROAD": "UP",
        "RRDIV": "SOUTH TEXAS",
        "RRSUBDIV": "CORPUS CHRISTI SUB",
        "HIGHWAY": "NA",
        "STREET": "PRIVATE",
        "TTSTN": "688648",
        "MILEPOST": "0090.530",
        "TYPEXING": "Private",
        "POSXING": "At Grade",
        "PRVCAT": "14",
        "INIT": "1",
        "LATITUDE": 28.3059946,
        "LONGITUD": -98.0920841,
        "LLSOURCE": "1",
        "WHISTBAN": "0",
        "RRCONT": "4025443721",
        "POLCONT": "8008488715",
        "INV_LINK": "https://safetydata.fra.dot.gov/OfficeofSafety/PublicSite/Crossing/Crossing.aspx?phasetype=C&rpttype=I&txtcrossingnum=435635G",
        "ACC_LINK": "https://safetydata.fra.dot.gov/OfficeofSafety/PublicSite/Crossing/Crossing.aspx?phasetype=C&rpttype=A&txtcrossingnum=435635G",
        "TTSTNNAM": "",
        "XPURPOSE": "1",
        "OPERATINGR": "UP",
        "OPERATIN_1": "Primary",
        "DAYTHRU": 1,
        "NGHTTHRU": 1,
        "MAINTRK": 1,
        "SIDINGTRK": 0,
        "YARDTRK": 0,
        "TRANSITTRK": 0,
        "INDUSTRYTR": 0,
        "OTHRTRK": 0,
        "WDCODE": "",
        "REVISIONDA": "1975/01/01 00:00:00",
        "LASTUPDATE": "8/27/2025",
        "AADT": "1",
        "AADTYEAR": "1970",
        "STATENAME": "TEXAS",
        "STATEAB": "TX",
        "COUNTYNAME": "LIVE OAK",
        "CITYNAME": "GEORGE WEST",
        "LATDD": 28.3059946,
        "LONGDD": -98.0920841,
        "gridlyProductionCertified": true,
        "gridlyClassification": "PUBLIC_ROADWAY",
        "gridlyDisplayName": "PRIVATE",
        "gridlyId": "FRA-435635G"
      }
    },
    {
      "type": "Feature",
      "id": 209556,
      "geometry": {
        "type": "Point",
        "coordinates": [
          -98.09697109987,
          28.3159699998242
        ]
      },
      "properties": {
        "OBJECTID": 209556,
        "CROSSING": "435636N",
        "EFFDATE": 1756252800000,
        "REASON": "14",
        "StateCode": "48",
        "CountyCode": "48297",
        "STCYFIPS": "48297",
        "CITYCD": "482972630",
        "RAILROAD": "UP",
        "RRDIV": "SOUTH TEXAS",
        "RRSUBDIV": "CORPUS CHRISTI SUB",
        "HIGHWAY": "NA",
        "STREET": "Private Field",
        "TTSTN": "688648",
        "MILEPOST": "0089.780",
        "TYPEXING": "Private",
        "POSXING": "At Grade",
        "PRVCAT": "14",
        "INIT": "1",
        "LATITUDE": 28.31597,
        "LONGITUD": -98.0969711,
        "LLSOURCE": "1",
        "WHISTBAN": "0",
        "RRCONT": "4025443721",
        "POLCONT": "8008488715",
        "INV_LINK": "https://safetydata.fra.dot.gov/OfficeofSafety/PublicSite/Crossing/Crossing.aspx?phasetype=C&rpttype=I&txtcrossingnum=435636N",
        "ACC_LINK": "https://safetydata.fra.dot.gov/OfficeofSafety/PublicSite/Crossing/Crossing.aspx?phasetype=C&rpttype=A&txtcrossingnum=435636N",
        "TTSTNNAM": "",
        "XPURPOSE": "1",
        "OPERATINGR": "UP",
        "OPERATIN_1": "Primary",
        "DAYTHRU": 1,
        "NGHTTHRU": 1,
        "MAINTRK": 1,
        "SIDINGTRK": 0,
        "YARDTRK": 0,
        "TRANSITTRK": 0,
        "INDUSTRYTR": 0,
        "OTHRTRK": 0,
        "WDCODE": "",
        "REVISIONDA": "1975/01/01 00:00:00",
        "LASTUPDATE": "8/27/2025",
        "AADT": "1",
        "AADTYEAR": "1970",
        "STATENAME": "TEXAS",
        "STATEAB": "TX",
        "COUNTYNAME": "LIVE OAK",
        "CITYNAME": "GEORGE WEST",
        "LATDD": 28.31597,
        "LONGDD": -98.0969711,
        "gridlyProductionCertified": true,
        "gridlyClassification": "PUBLIC_ROADWAY",
        "gridlyDisplayName": "Private Field",
        "gridlyId": "FRA-435636N"
      }
    },
    {
      "type": "Feature",
      "id": 209562,
      "geometry": {
        "type": "Point",
        "coordinates": [
          -98.1840936004392,
          28.4401065997319
        ]
      },
      "properties": {
        "OBJECTID": 209562,
        "CROSSING": "435643Y",
        "EFFDATE": 1756252800000,
        "REASON": "14",
        "StateCode": "48",
        "CountyCode": "48297",
        "STCYFIPS": "48297",
        "CITYCD": "482976920",
        "RAILROAD": "UP",
        "RRDIV": "SOUTH TEXAS",
        "RRSUBDIV": "CORPUS CHRISTI SUB",
        "HIGHWAY": "NA",
        "STREET": "PRIVATE",
        "TTSTN": "688633",
        "MILEPOST": "0078.770",
        "TYPEXING": "Private",
        "POSXING": "At Grade",
        "PRVCAT": "14",
        "INIT": "1",
        "LATITUDE": 28.4401066,
        "LONGITUD": -98.1840936,
        "LLSOURCE": "1",
        "WHISTBAN": "0",
        "RRCONT": "4025443721",
        "POLCONT": "8008488715",
        "INV_LINK": "https://safetydata.fra.dot.gov/OfficeofSafety/PublicSite/Crossing/Crossing.aspx?phasetype=C&rpttype=I&txtcrossingnum=435643Y",
        "ACC_LINK": "https://safetydata.fra.dot.gov/OfficeofSafety/PublicSite/Crossing/Crossing.aspx?phasetype=C&rpttype=A&txtcrossingnum=435643Y",
        "TTSTNNAM": "",
        "XPURPOSE": "1",
        "OPERATINGR": "UP",
        "OPERATIN_1": "Primary",
        "DAYTHRU": 1,
        "NGHTTHRU": 1,
        "MAINTRK": 1,
        "SIDINGTRK": 0,
        "YARDTRK": 0,
        "TRANSITTRK": 0,
        "INDUSTRYTR": 0,
        "OTHRTRK": 0,
        "WDCODE": "",
        "REVISIONDA": "1975/01/01 00:00:00",
        "LASTUPDATE": "8/27/2025",
        "AADT": "1",
        "AADTYEAR": "1970",
        "STATENAME": "TEXAS",
        "STATEAB": "TX",
        "COUNTYNAME": "LIVE OAK",
        "CITYNAME": "THREE RIVERS",
        "LATDD": 28.4401066,
        "LONGDD": -98.1840936,
        "gridlyProductionCertified": true,
        "gridlyClassification": "PUBLIC_ROADWAY",
        "gridlyDisplayName": "PRIVATE",
        "gridlyId": "FRA-435643Y"
      }
    },
    {
      "type": "Feature",
      "id": 209567,
      "geometry": {
        "type": "Point",
        "coordinates": [
          -98.1816646996414,
          28.4811018996931
        ]
      },
      "properties": {
        "OBJECTID": 209567,
        "CROSSING": "435648H",
        "EFFDATE": 1756252800000,
        "REASON": "14",
        "StateCode": "48",
        "CountyCode": "48297",
        "STCYFIPS": "48297",
        "CITYCD": "482976920",
        "RAILROAD": "UP",
        "RRDIV": "SOUTH TEXAS",
        "RRSUBDIV": "CORPUS CHRISTI SUB",
        "HIGHWAY": "NA",
        "STREET": "Private Field",
        "TTSTN": "688633",
        "MILEPOST": "0075.940",
        "TYPEXING": "Private",
        "POSXING": "At Grade",
        "PRVCAT": "14",
        "INIT": "1",
        "LATITUDE": 28.4811019,
        "LONGITUD": -98.1816647,
        "LLSOURCE": "1",
        "WHISTBAN": "0",
        "RRCONT": "4025443721",
        "POLCONT": "8008488715",
        "INV_LINK": "https://safetydata.fra.dot.gov/OfficeofSafety/PublicSite/Crossing/Crossing.aspx?phasetype=C&rpttype=I&txtcrossingnum=435648H",
        "ACC_LINK": "https://safetydata.fra.dot.gov/OfficeofSafety/PublicSite/Crossing/Crossing.aspx?phasetype=C&rpttype=A&txtcrossingnum=435648H",
        "TTSTNNAM": "",
        "XPURPOSE": "1",
        "OPERATINGR": "UP",
        "OPERATIN_1": "Primary",
        "DAYTHRU": 1,
        "NGHTTHRU": 1,
        "MAINTRK": 1,
        "SIDINGTRK": 0,
        "YARDTRK": 0,
        "TRANSITTRK": 0,
        "INDUSTRYTR": 0,
        "OTHRTRK": 0,
        "WDCODE": "",
        "REVISIONDA": "1975/01/01 00:00:00",
        "LASTUPDATE": "8/27/2025",
        "AADT": "1",
        "AADTYEAR": "1970",
        "STATENAME": "TEXAS",
        "STATEAB": "TX",
        "COUNTYNAME": "LIVE OAK",
        "CITYNAME": "THREE RIVERS",
        "LATDD": 28.4811019,
        "LONGDD": -98.1816647,
        "gridlyProductionCertified": true,
        "gridlyClassification": "PUBLIC_ROADWAY",
        "gridlyDisplayName": "Private Field",
        "gridlyId": "FRA-435648H"
      }
    },
    {
      "type": "Feature",
      "id": 209573,
      "geometry": {
        "type": "Point",
        "coordinates": [
          -98.1819815004078,
          28.4833328003896
        ]
      },
      "properties": {
        "OBJECTID": 209573,
        "CROSSING": "435649P",
        "EFFDATE": 1756252800000,
        "REASON": "14",
        "StateCode": "48",
        "CountyCode": "48297",
        "STCYFIPS": "48297",
        "CITYCD": "482976920",
        "RAILROAD": "UP",
        "RRDIV": "SOUTH TEXAS",
        "RRSUBDIV": "CORPUS CHRISTI SUB",
        "HIGHWAY": "NA",
        "STREET": "PRIVATE",
        "TTSTN": "688633",
        "MILEPOST": "0075.780",
        "TYPEXING": "Private",
        "POSXING": "At Grade",
        "PRVCAT": "14",
        "INIT": "1",
        "LATITUDE": 28.4833328,
        "LONGITUD": -98.1819815,
        "LLSOURCE": "1",
        "WHISTBAN": "0",
        "RRCONT": "4025443721",
        "POLCONT": "8008488715",
        "INV_LINK": "https://safetydata.fra.dot.gov/OfficeofSafety/PublicSite/Crossing/Crossing.aspx?phasetype=C&rpttype=I&txtcrossingnum=435649P",
        "ACC_LINK": "https://safetydata.fra.dot.gov/OfficeofSafety/PublicSite/Crossing/Crossing.aspx?phasetype=C&rpttype=A&txtcrossingnum=435649P",
        "TTSTNNAM": "",
        "XPURPOSE": "1",
        "OPERATINGR": "UP",
        "OPERATIN_1": "Primary",
        "DAYTHRU": 1,
        "NGHTTHRU": 1,
        "MAINTRK": 1,
        "SIDINGTRK": 0,
        "YARDTRK": 0,
        "TRANSITTRK": 0,
        "INDUSTRYTR": 0,
        "OTHRTRK": 0,
        "WDCODE": "",
        "REVISIONDA": "1975/01/01 00:00:00",
        "LASTUPDATE": "8/27/2025",
        "AADT": "1",
        "AADTYEAR": "1970",
        "STATENAME": "TEXAS",
        "STATEAB": "TX",
        "COUNTYNAME": "LIVE OAK",
        "CITYNAME": "THREE RIVERS",
        "LATDD": 28.4833328,
        "LONGDD": -98.1819815,
        "gridlyProductionCertified": true,
        "gridlyClassification": "PUBLIC_ROADWAY",
        "gridlyDisplayName": "PRIVATE",
        "gridlyId": "FRA-435649P"
      }
    },
    {
      "type": "Feature",
      "id": 209574,
      "geometry": {
        "type": "Point",
        "coordinates": [
          -98.1853811997534,
          28.5071771002628
        ]
      },
      "properties": {
        "OBJECTID": 209574,
        "CROSSING": "435702Y",
        "EFFDATE": 1756252800000,
        "REASON": "14",
        "StateCode": "48",
        "CountyCode": "48297",
        "STCYFIPS": "48297",
        "CITYCD": "482976920",
        "RAILROAD": "UP",
        "RRDIV": "SOUTH TEXAS",
        "RRSUBDIV": "CORPUS CHRISTI SUB",
        "HIGHWAY": "NA",
        "STREET": "PRIVATE",
        "TTSTN": "688633",
        "MILEPOST": "0074.130",
        "TYPEXING": "Private",
        "POSXING": "At Grade",
        "PRVCAT": "14",
        "INIT": "1",
        "LATITUDE": 28.5071771,
        "LONGITUD": -98.1853812,
        "LLSOURCE": "1",
        "WHISTBAN": "0",
        "RRCONT": "4025443721",
        "POLCONT": "8008488715",
        "INV_LINK": "https://safetydata.fra.dot.gov/OfficeofSafety/PublicSite/Crossing/Crossing.aspx?phasetype=C&rpttype=I&txtcrossingnum=435702Y",
        "ACC_LINK": "https://safetydata.fra.dot.gov/OfficeofSafety/PublicSite/Crossing/Crossing.aspx?phasetype=C&rpttype=A&txtcrossingnum=435702Y",
        "TTSTNNAM": "",
        "XPURPOSE": "1",
        "OPERATINGR": "UP",
        "OPERATIN_1": "Primary",
        "DAYTHRU": 1,
        "NGHTTHRU": 1,
        "MAINTRK": 1,
        "SIDINGTRK": 0,
        "YARDTRK": 0,
        "TRANSITTRK": 0,
        "INDUSTRYTR": 0,
        "OTHRTRK": 0,
        "WDCODE": "",
        "REVISIONDA": "1975/01/01 00:00:00",
        "LASTUPDATE": "8/27/2025",
        "AADT": "1",
        "AADTYEAR": "1970",
        "STATENAME": "TEXAS",
        "STATEAB": "TX",
        "COUNTYNAME": "LIVE OAK",
        "CITYNAME": "THREE RIVERS",
        "LATDD": 28.5071771,
        "LONGDD": -98.1853812,
        "gridlyProductionCertified": true,
        "gridlyClassification": "PUBLIC_ROADWAY",
        "gridlyDisplayName": "PRIVATE",
        "gridlyId": "FRA-435702Y"
      }
    },
    {
      "type": "Feature",
      "id": 209575,
      "geometry": {
        "type": "Point",
        "coordinates": [
          -98.1860290000576,
          28.5117028001918
        ]
      },
      "properties": {
        "OBJECTID": 209575,
        "CROSSING": "435703F",
        "EFFDATE": 1756252800000,
        "REASON": "14",
        "StateCode": "48",
        "CountyCode": "48297",
        "STCYFIPS": "48297",
        "CITYCD": "482976920",
        "RAILROAD": "UP",
        "RRDIV": "SOUTH TEXAS",
        "RRSUBDIV": "CORPUS CHRISTI SUB",
        "HIGHWAY": "NA",
        "STREET": "PRIVATE",
        "TTSTN": "688633",
        "MILEPOST": "0073.820",
        "TYPEXING": "Private",
        "POSXING": "At Grade",
        "PRVCAT": "14",
        "INIT": "1",
        "LATITUDE": 28.5117028,
        "LONGITUD": -98.186029,
        "LLSOURCE": "1",
        "WHISTBAN": "0",
        "RRCONT": "4025443721",
        "POLCONT": "8008488715",
        "INV_LINK": "https://safetydata.fra.dot.gov/OfficeofSafety/PublicSite/Crossing/Crossing.aspx?phasetype=C&rpttype=I&txtcrossingnum=435703F",
        "ACC_LINK": "https://safetydata.fra.dot.gov/OfficeofSafety/PublicSite/Crossing/Crossing.aspx?phasetype=C&rpttype=A&txtcrossingnum=435703F",
        "TTSTNNAM": "",
        "XPURPOSE": "1",
        "OPERATINGR": "UP",
        "OPERATIN_1": "Primary",
        "DAYTHRU": 1,
        "NGHTTHRU": 1,
        "MAINTRK": 1,
        "SIDINGTRK": 0,
        "YARDTRK": 0,
        "TRANSITTRK": 0,
        "INDUSTRYTR": 0,
        "OTHRTRK": 0,
        "WDCODE": "",
        "REVISIONDA": "1975/01/01 00:00:00",
        "LASTUPDATE": "8/27/2025",
        "AADT": "1",
        "AADTYEAR": "1970",
        "STATENAME": "TEXAS",
        "STATEAB": "TX",
        "COUNTYNAME": "LIVE OAK",
        "CITYNAME": "THREE RIVERS",
        "LATDD": 28.5117028,
        "LONGDD": -98.186029,
        "gridlyProductionCertified": true,
        "gridlyClassification": "PUBLIC_ROADWAY",
        "gridlyDisplayName": "PRIVATE",
        "gridlyId": "FRA-435703F"
      }
    },
    {
      "type": "Feature",
      "id": 209582,
      "geometry": {
        "type": "Point",
        "coordinates": [
          -98.1974427003085,
          28.5458831001595
        ]
      },
      "properties": {
        "OBJECTID": 209582,
        "CROSSING": "435707H",
        "EFFDATE": 1756252800000,
        "REASON": "14",
        "StateCode": "48",
        "CountyCode": "48297",
        "STCYFIPS": "48297",
        "CITYCD": "482976920",
        "RAILROAD": "UP",
        "RRDIV": "SOUTH TEXAS",
        "RRSUBDIV": "CORPUS CHRISTI SUB",
        "HIGHWAY": "NA",
        "STREET": "PRIVATE",
        "TTSTN": "688633",
        "MILEPOST": "0071.350",
        "TYPEXING": "Private",
        "POSXING": "At Grade",
        "PRVCAT": "14",
        "INIT": "1",
        "LATITUDE": 28.5458831,
        "LONGITUD": -98.1974427,
        "LLSOURCE": "1",
        "WHISTBAN": "0",
        "RRCONT": "4025443721",
        "POLCONT": "8008488715",
        "INV_LINK": "https://safetydata.fra.dot.gov/OfficeofSafety/PublicSite/Crossing/Crossing.aspx?phasetype=C&rpttype=I&txtcrossingnum=435707H",
        "ACC_LINK": "https://safetydata.fra.dot.gov/OfficeofSafety/PublicSite/Crossing/Crossing.aspx?phasetype=C&rpttype=A&txtcrossingnum=435707H",
        "TTSTNNAM": "",
        "XPURPOSE": "1",
        "OPERATINGR": "UP",
        "OPERATIN_1": "Primary",
        "DAYTHRU": 1,
        "NGHTTHRU": 1,
        "MAINTRK": 1,
        "SIDINGTRK": 0,
        "YARDTRK": 0,
        "TRANSITTRK": 0,
        "INDUSTRYTR": 0,
        "OTHRTRK": 0,
        "WDCODE": "",
        "REVISIONDA": "1975/01/01 00:00:00",
        "LASTUPDATE": "8/27/2025",
        "AADT": "1",
        "AADTYEAR": "1970",
        "STATENAME": "TEXAS",
        "STATEAB": "TX",
        "COUNTYNAME": "LIVE OAK",
        "CITYNAME": "THREE RIVERS",
        "LATDD": 28.5458831,
        "LONGDD": -98.1974427,
        "gridlyProductionCertified": true,
        "gridlyClassification": "PUBLIC_ROADWAY",
        "gridlyDisplayName": "PRIVATE",
        "gridlyId": "FRA-435707H"
      }
    },
    {
      "type": "Feature",
      "id": 209586,
      "geometry": {
        "type": "Point",
        "coordinates": [
          -98.1893559996455,
          28.5268464999288
        ]
      },
      "properties": {
        "OBJECTID": 209586,
        "CROSSING": "435705U",
        "EFFDATE": 1756252800000,
        "REASON": "14",
        "StateCode": "48",
        "CountyCode": "48297",
        "STCYFIPS": "48297",
        "CITYCD": "482976920",
        "RAILROAD": "UP",
        "RRDIV": "SOUTH TEXAS",
        "RRSUBDIV": "CORPUS CHRISTI SUB",
        "HIGHWAY": "NA",
        "STREET": "PRIVATE",
        "TTSTN": "688633",
        "MILEPOST": "0072.750",
        "TYPEXING": "Private",
        "POSXING": "At Grade",
        "PRVCAT": "14",
        "INIT": "1",
        "LATITUDE": 28.5268465,
        "LONGITUD": -98.189356,
        "LLSOURCE": "1",
        "WHISTBAN": "0",
        "RRCONT": "4025443721",
        "POLCONT": "8008488715",
        "INV_LINK": "https://safetydata.fra.dot.gov/OfficeofSafety/PublicSite/Crossing/Crossing.aspx?phasetype=C&rpttype=I&txtcrossingnum=435705U",
        "ACC_LINK": "https://safetydata.fra.dot.gov/OfficeofSafety/PublicSite/Crossing/Crossing.aspx?phasetype=C&rpttype=A&txtcrossingnum=435705U",
        "TTSTNNAM": "",
        "XPURPOSE": "1",
        "OPERATINGR": "UP",
        "OPERATIN_1": "Primary",
        "DAYTHRU": 1,
        "NGHTTHRU": 1,
        "MAINTRK": 1,
        "SIDINGTRK": 0,
        "YARDTRK": 0,
        "TRANSITTRK": 0,
        "INDUSTRYTR": 0,
        "OTHRTRK": 0,
        "WDCODE": "",
        "REVISIONDA": "1975/01/01 00:00:00",
        "LASTUPDATE": "8/27/2025",
        "AADT": "1",
        "AADTYEAR": "1970",
        "STATENAME": "TEXAS",
        "STATEAB": "TX",
        "COUNTYNAME": "LIVE OAK",
        "CITYNAME": "THREE RIVERS",
        "LATDD": 28.5268465,
        "LONGDD": -98.189356,
        "gridlyProductionCertified": true,
        "gridlyClassification": "PUBLIC_ROADWAY",
        "gridlyDisplayName": "PRIVATE",
        "gridlyId": "FRA-435705U"
      }
    },
    {
      "type": "Feature",
      "id": 209643,
      "geometry": {
        "type": "Point",
        "coordinates": [
          -98.2028269002876,
          28.5701586996184
        ]
      },
      "properties": {
        "OBJECTID": 209643,
        "CROSSING": "435708P",
        "EFFDATE": 1756252800000,
        "REASON": "14",
        "StateCode": "48",
        "CountyCode": "48297",
        "STCYFIPS": "48297",
        "CITYCD": "482976920",
        "RAILROAD": "UP",
        "RRDIV": "SOUTH TEXAS",
        "RRSUBDIV": "CORPUS CHRISTI SUB",
        "HIGHWAY": "NA",
        "STREET": "PRIVATE",
        "TTSTN": "688633",
        "MILEPOST": "0069.650",
        "TYPEXING": "Private",
        "POSXING": "At Grade",
        "PRVCAT": "14",
        "INIT": "1",
        "LATITUDE": 28.5701587,
        "LONGITUD": -98.2028269,
        "LLSOURCE": "1",
        "WHISTBAN": "0",
        "RRCONT": "4025443721",
        "POLCONT": "8008488715",
        "INV_LINK": "https://safetydata.fra.dot.gov/OfficeofSafety/PublicSite/Crossing/Crossing.aspx?phasetype=C&rpttype=I&txtcrossingnum=435708P",
        "ACC_LINK": "https://safetydata.fra.dot.gov/OfficeofSafety/PublicSite/Crossing/Crossing.aspx?phasetype=C&rpttype=A&txtcrossingnum=435708P",
        "TTSTNNAM": "",
        "XPURPOSE": "1",
        "OPERATINGR": "UP",
        "OPERATIN_1": "Primary",
        "DAYTHRU": 1,
        "NGHTTHRU": 1,
        "MAINTRK": 1,
        "SIDINGTRK": 0,
        "YARDTRK": 0,
        "TRANSITTRK": 0,
        "INDUSTRYTR": 0,
        "OTHRTRK": 0,
        "WDCODE": "",
        "REVISIONDA": "1975/01/01 00:00:00",
        "LASTUPDATE": "8/27/2025",
        "AADT": "1",
        "AADTYEAR": "1970",
        "STATENAME": "TEXAS",
        "STATEAB": "TX",
        "COUNTYNAME": "LIVE OAK",
        "CITYNAME": "THREE RIVERS",
        "LATDD": 28.5701587,
        "LONGDD": -98.2028269,
        "gridlyProductionCertified": true,
        "gridlyClassification": "PUBLIC_ROADWAY",
        "gridlyDisplayName": "PRIVATE",
        "gridlyId": "FRA-435708P"
      }
    },
    {
      "type": "Feature",
      "id": 209644,
      "geometry": {
        "type": "Point",
        "coordinates": [
          -98.2030613003896,
          28.5717268002674
        ]
      },
      "properties": {
        "OBJECTID": 209644,
        "CROSSING": "435709W",
        "EFFDATE": 1756252800000,
        "REASON": "14",
        "StateCode": "48",
        "CountyCode": "48297",
        "STCYFIPS": "48297",
        "CITYCD": "482976920",
        "RAILROAD": "UP",
        "RRDIV": "SOUTH TEXAS",
        "RRSUBDIV": "CORPUS CHRISTI SUB",
        "HIGHWAY": "NA",
        "STREET": "PRIVATE",
        "TTSTN": "688633",
        "MILEPOST": "0069.540",
        "TYPEXING": "Private",
        "POSXING": "At Grade",
        "PRVCAT": "14",
        "INIT": "1",
        "LATITUDE": 28.5717268,
        "LONGITUD": -98.2030613,
        "LLSOURCE": "1",
        "WHISTBAN": "0",
        "RRCONT": "4025443721",
        "POLCONT": "8008488715",
        "INV_LINK": "https://safetydata.fra.dot.gov/OfficeofSafety/PublicSite/Crossing/Crossing.aspx?phasetype=C&rpttype=I&txtcrossingnum=435709W",
        "ACC_LINK": "https://safetydata.fra.dot.gov/OfficeofSafety/PublicSite/Crossing/Crossing.aspx?phasetype=C&rpttype=A&txtcrossingnum=435709W",
        "TTSTNNAM": "",
        "XPURPOSE": "1",
        "OPERATINGR": "UP",
        "OPERATIN_1": "Primary",
        "DAYTHRU": 1,
        "NGHTTHRU": 1,
        "MAINTRK": 1,
        "SIDINGTRK": 0,
        "YARDTRK": 0,
        "TRANSITTRK": 0,
        "INDUSTRYTR": 0,
        "OTHRTRK": 0,
        "WDCODE": "",
        "REVISIONDA": "1975/01/01 00:00:00",
        "LASTUPDATE": "8/27/2025",
        "AADT": "1",
        "AADTYEAR": "1970",
        "STATENAME": "TEXAS",
        "STATEAB": "TX",
        "COUNTYNAME": "LIVE OAK",
        "CITYNAME": "THREE RIVERS",
        "LATDD": 28.5717268,
        "LONGDD": -98.2030613,
        "gridlyProductionCertified": true,
        "gridlyClassification": "PUBLIC_ROADWAY",
        "gridlyDisplayName": "PRIVATE",
        "gridlyId": "FRA-435709W"
      }
    },
    {
      "type": "Feature",
      "id": 209657,
      "geometry": {
        "type": "Point",
        "coordinates": [
          -98.0714097998701,
          28.2964139002346
        ]
      },
      "properties": {
        "OBJECTID": 209657,
        "CROSSING": "920327M",
        "EFFDATE": 1756252800000,
        "REASON": "14",
        "StateCode": "48",
        "CountyCode": "48297",
        "STCYFIPS": "48297",
        "CITYCD": "482972630",
        "RAILROAD": "UP",
        "RRDIV": "SOUTH TEXAS",
        "RRSUBDIV": "CORPUS CHRISTI SUB",
        "HIGHWAY": "NA",
        "STREET": "MITCHELL ROAD",
        "TTSTN": "",
        "MILEPOST": "0091.960",
        "TYPEXING": "Private",
        "POSXING": "At Grade",
        "PRVCAT": "14",
        "INIT": "1",
        "LATITUDE": 28.2964139,
        "LONGITUD": -98.0714098,
        "LLSOURCE": "1",
        "WHISTBAN": "",
        "RRCONT": "4025443721",
        "POLCONT": "8008488715",
        "INV_LINK": "https://safetydata.fra.dot.gov/OfficeofSafety/PublicSite/Crossing/Crossing.aspx?phasetype=C&rpttype=I&txtcrossingnum=920327M",
        "ACC_LINK": "https://safetydata.fra.dot.gov/OfficeofSafety/PublicSite/Crossing/Crossing.aspx?phasetype=C&rpttype=A&txtcrossingnum=920327M",
        "TTSTNNAM": "",
        "XPURPOSE": "1",
        "OPERATINGR": "UP",
        "OPERATIN_1": "Primary",
        "DAYTHRU": 1,
        "NGHTTHRU": 1,
        "MAINTRK": 1,
        "SIDINGTRK": 0,
        "YARDTRK": 0,
        "TRANSITTRK": 0,
        "INDUSTRYTR": 0,
        "OTHRTRK": 0,
        "WDCODE": "",
        "REVISIONDA": "1975/01/01 00:00:00",
        "LASTUPDATE": "8/27/2025",
        "AADT": "",
        "AADTYEAR": "",
        "STATENAME": "TEXAS",
        "STATEAB": "TX",
        "COUNTYNAME": "LIVE OAK",
        "CITYNAME": "GEORGE WEST",
        "LATDD": 28.2964139,
        "LONGDD": -98.0714098,
        "gridlyProductionCertified": true,
        "gridlyClassification": "PUBLIC_ROADWAY",
        "gridlyDisplayName": "MITCHELL ROAD",
        "gridlyId": "FRA-920327M"
      }
    },
    {
      "type": "Feature",
      "id": 209680,
      "geometry": {
        "type": "Point",
        "coordinates": [
          -98.2401724996105,
          28.6062111000459
        ]
      },
      "properties": {
        "OBJECTID": 209680,
        "CROSSING": "435711X",
        "EFFDATE": 1756252800000,
        "REASON": "14",
        "StateCode": "48",
        "CountyCode": "48297",
        "STCYFIPS": "48297",
        "CITYCD": "482977485",
        "RAILROAD": "UP",
        "RRDIV": "SOUTH TEXAS",
        "RRSUBDIV": "CORPUS CHRISTI SUB",
        "HIGHWAY": "NA",
        "STREET": "PRIVATE",
        "TTSTN": "688633",
        "MILEPOST": "0066.140",
        "TYPEXING": "Private",
        "POSXING": "At Grade",
        "PRVCAT": "14",
        "INIT": "1",
        "LATITUDE": 28.6062111,
        "LONGITUD": -98.2401725,
        "LLSOURCE": "1",
        "WHISTBAN": "0",
        "RRCONT": "4025443721",
        "POLCONT": "8008488715",
        "INV_LINK": "https://safetydata.fra.dot.gov/OfficeofSafety/PublicSite/Crossing/Crossing.aspx?phasetype=C&rpttype=I&txtcrossingnum=435711X",
        "ACC_LINK": "https://safetydata.fra.dot.gov/OfficeofSafety/PublicSite/Crossing/Crossing.aspx?phasetype=C&rpttype=A&txtcrossingnum=435711X",
        "TTSTNNAM": "",
        "XPURPOSE": "1",
        "OPERATINGR": "UP",
        "OPERATIN_1": "Primary",
        "DAYTHRU": 1,
        "NGHTTHRU": 1,
        "MAINTRK": 1,
        "SIDINGTRK": 0,
        "YARDTRK": 0,
        "TRANSITTRK": 0,
        "INDUSTRYTR": 0,
        "OTHRTRK": 0,
        "WDCODE": "",
        "REVISIONDA": "1975/01/01 00:00:00",
        "LASTUPDATE": "8/27/2025",
        "AADT": "1",
        "AADTYEAR": "1970",
        "STATENAME": "TEXAS",
        "STATEAB": "TX",
        "COUNTYNAME": "LIVE OAK",
        "CITYNAME": "WHITSETT",
        "LATDD": 28.6062111,
        "LONGDD": -98.2401725,
        "gridlyProductionCertified": true,
        "gridlyClassification": "PUBLIC_ROADWAY",
        "gridlyDisplayName": "PRIVATE",
        "gridlyId": "FRA-435711X"
      }
    },
    {
      "type": "Feature",
      "id": 209681,
      "geometry": {
        "type": "Point",
        "coordinates": [
          -98.2601216000257,
          28.6244688997771
        ]
      },
      "properties": {
        "OBJECTID": 209681,
        "CROSSING": "435713L",
        "EFFDATE": 1756252800000,
        "REASON": "14",
        "StateCode": "48",
        "CountyCode": "48297",
        "STCYFIPS": "48297",
        "CITYCD": "482977485",
        "RAILROAD": "UP",
        "RRDIV": "SOUTH TEXAS",
        "RRSUBDIV": "CORPUS CHRISTI SUB",
        "HIGHWAY": "NA",
        "STREET": "PRIVATE",
        "TTSTN": "687968",
        "MILEPOST": "0064.380",
        "TYPEXING": "Private",
        "POSXING": "At Grade",
        "PRVCAT": "14",
        "INIT": "1",
        "LATITUDE": 28.6244689,
        "LONGITUD": -98.2601216,
        "LLSOURCE": "1",
        "WHISTBAN": "0",
        "RRCONT": "4025443721",
        "POLCONT": "8008488715",
        "INV_LINK": "https://safetydata.fra.dot.gov/OfficeofSafety/PublicSite/Crossing/Crossing.aspx?phasetype=C&rpttype=I&txtcrossingnum=435713L",
        "ACC_LINK": "https://safetydata.fra.dot.gov/OfficeofSafety/PublicSite/Crossing/Crossing.aspx?phasetype=C&rpttype=A&txtcrossingnum=435713L",
        "TTSTNNAM": "",
        "XPURPOSE": "1",
        "OPERATINGR": "UP",
        "OPERATIN_1": "Primary",
        "DAYTHRU": 1,
        "NGHTTHRU": 1,
        "MAINTRK": 1,
        "SIDINGTRK": 0,
        "YARDTRK": 0,
        "TRANSITTRK": 0,
        "INDUSTRYTR": 0,
        "OTHRTRK": 0,
        "WDCODE": "",
        "REVISIONDA": "1975/01/01 00:00:00",
        "LASTUPDATE": "8/27/2025",
        "AADT": "1",
        "AADTYEAR": "1970",
        "STATENAME": "TEXAS",
        "STATEAB": "TX",
        "COUNTYNAME": "LIVE OAK",
        "CITYNAME": "WHITSETT",
        "LATDD": 28.6244689,
        "LONGDD": -98.2601216,
        "gridlyProductionCertified": true,
        "gridlyClassification": "PUBLIC_ROADWAY",
        "gridlyDisplayName": "PRIVATE",
        "gridlyId": "FRA-435713L"
      }
    },
    {
      "type": "Feature",
      "id": 209682,
      "geometry": {
        "type": "Point",
        "coordinates": [
          -97.8807287003723,
          28.167521300285
        ]
      },
      "properties": {
        "OBJECTID": 209682,
        "CROSSING": "920356X",
        "EFFDATE": 1756252800000,
        "REASON": "14",
        "StateCode": "48",
        "CountyCode": "48297",
        "STCYFIPS": "48297",
        "CITYCD": "484094400",
        "RAILROAD": "UP",
        "RRDIV": "SOUTH TEXAS",
        "RRSUBDIV": "CORPUS CHRISTI SUB",
        "HIGHWAY": "NA",
        "STREET": "PRIVATE",
        "TTSTN": "688833",
        "MILEPOST": "0107.410",
        "TYPEXING": "Private",
        "POSXING": "At Grade",
        "PRVCAT": "14",
        "INIT": "1",
        "LATITUDE": 28.1675213,
        "LONGITUD": -97.8807287,
        "LLSOURCE": "1",
        "WHISTBAN": "0",
        "RRCONT": "4025443721",
        "POLCONT": "8008488715",
        "INV_LINK": "https://safetydata.fra.dot.gov/OfficeofSafety/PublicSite/Crossing/Crossing.aspx?phasetype=C&rpttype=I&txtcrossingnum=920356X",
        "ACC_LINK": "https://safetydata.fra.dot.gov/OfficeofSafety/PublicSite/Crossing/Crossing.aspx?phasetype=C&rpttype=A&txtcrossingnum=920356X",
        "TTSTNNAM": "",
        "XPURPOSE": "1",
        "OPERATINGR": "UP",
        "OPERATIN_1": "Primary",
        "DAYTHRU": 1,
        "NGHTTHRU": 1,
        "MAINTRK": 1,
        "SIDINGTRK": 0,
        "YARDTRK": 0,
        "TRANSITTRK": 0,
        "INDUSTRYTR": 0,
        "OTHRTRK": 0,
        "WDCODE": "",
        "REVISIONDA": "1975/01/01 00:00:00",
        "LASTUPDATE": "8/27/2025",
        "AADT": "1",
        "AADTYEAR": "",
        "STATENAME": "TEXAS",
        "STATEAB": "TX",
        "COUNTYNAME": "LIVE OAK",
        "CITYNAME": "MATHIS",
        "LATDD": 28.1675213,
        "LONGDD": -97.8807287,
        "gridlyProductionCertified": true,
        "gridlyClassification": "PUBLIC_ROADWAY",
        "gridlyDisplayName": "PRIVATE",
        "gridlyId": "FRA-920356X"
      }
    },
    {
      "type": "Feature",
      "id": 209683,
      "geometry": {
        "type": "Point",
        "coordinates": [
          -98.0653316001301,
          28.2943533997922
        ]
      },
      "properties": {
        "OBJECTID": 209683,
        "CROSSING": "920355R",
        "EFFDATE": 1756252800000,
        "REASON": "14",
        "StateCode": "48",
        "CountyCode": "48297",
        "STCYFIPS": "48297",
        "CITYCD": "482972630",
        "RAILROAD": "UP",
        "RRDIV": "SOUTH TEXAS",
        "RRSUBDIV": "CORPUS CHRISTI SUB",
        "HIGHWAY": "NA",
        "STREET": "PRIVATE",
        "TTSTN": "688648",
        "MILEPOST": "0092.360",
        "TYPEXING": "Private",
        "POSXING": "At Grade",
        "PRVCAT": "14",
        "INIT": "1",
        "LATITUDE": 28.2943534,
        "LONGITUD": -98.0653316,
        "LLSOURCE": "1",
        "WHISTBAN": "0",
        "RRCONT": "4025443721",
        "POLCONT": "8008488715",
        "INV_LINK": "https://safetydata.fra.dot.gov/OfficeofSafety/PublicSite/Crossing/Crossing.aspx?phasetype=C&rpttype=I&txtcrossingnum=920355R",
        "ACC_LINK": "https://safetydata.fra.dot.gov/OfficeofSafety/PublicSite/Crossing/Crossing.aspx?phasetype=C&rpttype=A&txtcrossingnum=920355R",
        "TTSTNNAM": "",
        "XPURPOSE": "1",
        "OPERATINGR": "UP",
        "OPERATIN_1": "Primary",
        "DAYTHRU": 1,
        "NGHTTHRU": 1,
        "MAINTRK": 1,
        "SIDINGTRK": 0,
        "YARDTRK": 0,
        "TRANSITTRK": 0,
        "INDUSTRYTR": 0,
        "OTHRTRK": 0,
        "WDCODE": "",
        "REVISIONDA": "1975/01/01 00:00:00",
        "LASTUPDATE": "8/27/2025",
        "AADT": "1",
        "AADTYEAR": "",
        "STATENAME": "TEXAS",
        "STATEAB": "TX",
        "COUNTYNAME": "LIVE OAK",
        "CITYNAME": "GEORGE WEST",
        "LATDD": 28.2943534,
        "LONGDD": -98.0653316,
        "gridlyProductionCertified": true,
        "gridlyClassification": "PUBLIC_ROADWAY",
        "gridlyDisplayName": "PRIVATE",
        "gridlyId": "FRA-920355R"
      }
    },
    {
      "type": "Feature",
      "id": 209719,
      "geometry": {
        "type": "Point",
        "coordinates": [
          -98.2016269001883,
          28.5621770003083
        ]
      },
      "properties": {
        "OBJECTID": 209719,
        "CROSSING": "920354J",
        "EFFDATE": 1756252800000,
        "REASON": "14",
        "StateCode": "48",
        "CountyCode": "48297",
        "STCYFIPS": "48297",
        "CITYCD": "482976920",
        "RAILROAD": "UP",
        "RRDIV": "SOUTH TEXAS",
        "RRSUBDIV": "CORPUS CHRISTI SUB",
        "HIGHWAY": "NA",
        "STREET": "PRIVATE",
        "TTSTN": "688634",
        "MILEPOST": "0070.190",
        "TYPEXING": "Private",
        "POSXING": "At Grade",
        "PRVCAT": "14",
        "INIT": "1",
        "LATITUDE": 28.562177,
        "LONGITUD": -98.2016269,
        "LLSOURCE": "1",
        "WHISTBAN": "0",
        "RRCONT": "4025443721",
        "POLCONT": "8008488715",
        "INV_LINK": "https://safetydata.fra.dot.gov/OfficeofSafety/PublicSite/Crossing/Crossing.aspx?phasetype=C&rpttype=I&txtcrossingnum=920354J",
        "ACC_LINK": "https://safetydata.fra.dot.gov/OfficeofSafety/PublicSite/Crossing/Crossing.aspx?phasetype=C&rpttype=A&txtcrossingnum=920354J",
        "TTSTNNAM": "",
        "XPURPOSE": "1",
        "OPERATINGR": "UP",
        "OPERATIN_1": "Primary",
        "DAYTHRU": 1,
        "NGHTTHRU": 1,
        "MAINTRK": 1,
        "SIDINGTRK": 0,
        "YARDTRK": 0,
        "TRANSITTRK": 0,
        "INDUSTRYTR": 0,
        "OTHRTRK": 0,
        "WDCODE": "",
        "REVISIONDA": "1975/01/01 00:00:00",
        "LASTUPDATE": "8/27/2025",
        "AADT": "1",
        "AADTYEAR": "",
        "STATENAME": "TEXAS",
        "STATEAB": "TX",
        "COUNTYNAME": "LIVE OAK",
        "CITYNAME": "THREE RIVERS",
        "LATDD": 28.562177,
        "LONGDD": -98.2016269,
        "gridlyProductionCertified": true,
        "gridlyClassification": "PUBLIC_ROADWAY",
        "gridlyDisplayName": "PRIVATE",
        "gridlyId": "FRA-920354J"
      }
    },
    {
      "type": "Feature",
      "id": 209723,
      "geometry": {
        "type": "Point",
        "coordinates": [
          -98.1771589999079,
          28.4234859001962
        ]
      },
      "properties": {
        "OBJECTID": 209723,
        "CROSSING": "435641K",
        "EFFDATE": 1756252800000,
        "REASON": "14",
        "StateCode": "48",
        "CountyCode": "48297",
        "STCYFIPS": "48297",
        "CITYCD": "482976920",
        "RAILROAD": "UP",
        "RRDIV": "SOUTH TEXAS",
        "RRSUBDIV": "CORPUS CHRISTI SUB",
        "HIGHWAY": "US 0281",
        "STREET": "US 281",
        "TTSTN": "688633",
        "MILEPOST": "0080.540",
        "TYPEXING": "Public",
        "POSXING": "RR Over",
        "PRVCAT": "14",
        "INIT": "1",
        "LATITUDE": 28.4234859,
        "LONGITUD": -98.177159,
        "LLSOURCE": "1",
        "WHISTBAN": "0",
        "RRCONT": "4025443721",
        "POLCONT": "8008488715",
        "INV_LINK": "https://safetydata.fra.dot.gov/OfficeofSafety/PublicSite/Crossing/Crossing.aspx?phasetype=C&rpttype=I&txtcrossingnum=435641K",
        "ACC_LINK": "https://safetydata.fra.dot.gov/OfficeofSafety/PublicSite/Crossing/Crossing.aspx?phasetype=C&rpttype=A&txtcrossingnum=435641K",
        "TTSTNNAM": "",
        "XPURPOSE": "1",
        "OPERATINGR": "UP",
        "OPERATIN_1": "Primary",
        "DAYTHRU": 1,
        "NGHTTHRU": 1,
        "MAINTRK": 1,
        "SIDINGTRK": 0,
        "YARDTRK": 0,
        "TRANSITTRK": 0,
        "INDUSTRYTR": 0,
        "OTHRTRK": 0,
        "WDCODE": "",
        "REVISIONDA": "1975/01/01 00:00:00",
        "LASTUPDATE": "8/27/2025",
        "AADT": "9800",
        "AADTYEAR": "2011",
        "STATENAME": "TEXAS",
        "STATEAB": "TX",
        "COUNTYNAME": "LIVE OAK",
        "CITYNAME": "THREE RIVERS",
        "LATDD": 28.4234859,
        "LONGDD": -98.177159,
        "gridlyProductionCertified": true,
        "gridlyClassification": "PUBLIC_ROADWAY",
        "gridlyDisplayName": "US 281",
        "gridlyId": "FRA-435641K"
      }
    },
    {
      "type": "Feature",
      "id": 209760,
      "geometry": {
        "type": "Point",
        "coordinates": [
          -98.1872562002453,
          28.4571221001557
        ]
      },
      "properties": {
        "OBJECTID": 209760,
        "CROSSING": "427722P",
        "EFFDATE": 1756252800000,
        "REASON": "14",
        "StateCode": "48",
        "CountyCode": "48297",
        "STCYFIPS": "48297",
        "CITYCD": "482976920",
        "RAILROAD": "UP",
        "RRDIV": "SOUTH TEXAS",
        "RRSUBDIV": "CORPUS CHRISTI SUB",
        "HIGHWAY": "NA",
        "STREET": "Private Industry-Diamond Industry",
        "TTSTN": "688633",
        "MILEPOST": "0077.620",
        "TYPEXING": "Private",
        "POSXING": "At Grade",
        "PRVCAT": "14",
        "INIT": "1",
        "LATITUDE": 28.4571221,
        "LONGITUD": -98.1872562,
        "LLSOURCE": "1",
        "WHISTBAN": "0",
        "RRCONT": "4025443721",
        "POLCONT": "8008488715",
        "INV_LINK": "https://safetydata.fra.dot.gov/OfficeofSafety/PublicSite/Crossing/Crossing.aspx?phasetype=C&rpttype=I&txtcrossingnum=427722P",
        "ACC_LINK": "https://safetydata.fra.dot.gov/OfficeofSafety/PublicSite/Crossing/Crossing.aspx?phasetype=C&rpttype=A&txtcrossingnum=427722P",
        "TTSTNNAM": "",
        "XPURPOSE": "1",
        "OPERATINGR": "UP",
        "OPERATIN_1": "Primary",
        "DAYTHRU": 1,
        "NGHTTHRU": 1,
        "MAINTRK": 1,
        "SIDINGTRK": 0,
        "YARDTRK": 0,
        "TRANSITTRK": 0,
        "INDUSTRYTR": 0,
        "OTHRTRK": 0,
        "WDCODE": "",
        "REVISIONDA": "1975/01/01 00:00:00",
        "LASTUPDATE": "8/27/2025",
        "AADT": "1",
        "AADTYEAR": "",
        "STATENAME": "TEXAS",
        "STATEAB": "TX",
        "COUNTYNAME": "LIVE OAK",
        "CITYNAME": "THREE RIVERS",
        "LATDD": 28.4571221,
        "LONGDD": -98.1872562,
        "gridlyProductionCertified": true,
        "gridlyClassification": "PUBLIC_ROADWAY",
        "gridlyDisplayName": "Private Industry-Diamond Industry",
        "gridlyId": "FRA-427722P"
      }
    },
    {
      "type": "Feature",
      "id": 209818,
      "geometry": {
        "type": "Point",
        "coordinates": [
          -98.1076736003172,
          28.3307793996468
        ]
      },
      "properties": {
        "OBJECTID": 209818,
        "CROSSING": "924399E",
        "EFFDATE": 1756252800000,
        "REASON": "14",
        "StateCode": "48",
        "CountyCode": "48297",
        "STCYFIPS": "48297",
        "CITYCD": "482972630",
        "RAILROAD": "UP",
        "RRDIV": "SOUTH TEXAS",
        "RRSUBDIV": "CORPUS CHRISTI SUB",
        "HIGHWAY": "NA",
        "STREET": "US 59",
        "TTSTN": "688648",
        "MILEPOST": "0088.525",
        "TYPEXING": "Public",
        "POSXING": "RR Under",
        "PRVCAT": "14",
        "INIT": "1",
        "LATITUDE": 28.3307794,
        "LONGITUD": -98.1076736,
        "LLSOURCE": "1",
        "WHISTBAN": "0",
        "RRCONT": "4025443721",
        "POLCONT": "8008488715",
        "INV_LINK": "https://safetydata.fra.dot.gov/OfficeofSafety/PublicSite/Crossing/Crossing.aspx?phasetype=C&rpttype=I&txtcrossingnum=924399E",
        "ACC_LINK": "https://safetydata.fra.dot.gov/OfficeofSafety/PublicSite/Crossing/Crossing.aspx?phasetype=C&rpttype=A&txtcrossingnum=924399E",
        "TTSTNNAM": "",
        "XPURPOSE": "1",
        "OPERATINGR": "UP",
        "OPERATIN_1": "Primary",
        "DAYTHRU": 1,
        "NGHTTHRU": 1,
        "MAINTRK": 1,
        "SIDINGTRK": 0,
        "YARDTRK": 0,
        "TRANSITTRK": 0,
        "INDUSTRYTR": 0,
        "OTHRTRK": 0,
        "WDCODE": "",
        "REVISIONDA": "1975/01/01 00:00:00",
        "LASTUPDATE": "8/27/2025",
        "AADT": "1",
        "AADTYEAR": "",
        "STATENAME": "TEXAS",
        "STATEAB": "TX",
        "COUNTYNAME": "LIVE OAK",
        "CITYNAME": "GEORGE WEST",
        "LATDD": 28.3307794,
        "LONGDD": -98.1076736,
        "gridlyProductionCertified": true,
        "gridlyClassification": "PUBLIC_ROADWAY",
        "gridlyDisplayName": "US 59",
        "gridlyId": "FRA-924399E"
      }
    },
    {
      "type": "Feature",
      "id": 213121,
      "geometry": {
        "type": "Point",
        "coordinates": [
          -98.1110340001657,
          28.3352100003192
        ]
      },
      "properties": {
        "OBJECTID": 213121,
        "CROSSING": "974090R",
        "EFFDATE": 1758585600000,
        "REASON": "14",
        "StateCode": "48",
        "CountyCode": "48297",
        "STCYFIPS": "48297",
        "CITYCD": "482972630",
        "RAILROAD": "UP",
        "RRDIV": "SOUTH TEXAS",
        "RRSUBDIV": "CORPUS CHRISTI SUB",
        "HIGHWAY": "NA",
        "STREET": "Private",
        "TTSTN": "",
        "MILEPOST": "0088.160",
        "TYPEXING": "Private",
        "POSXING": "At Grade",
        "PRVCAT": "14",
        "INIT": "1",
        "LATITUDE": 28.33521,
        "LONGITUD": -98.111034,
        "LLSOURCE": "1",
        "WHISTBAN": "",
        "RRCONT": "4025443721",
        "POLCONT": "5555555555",
        "INV_LINK": "https://safetydata.fra.dot.gov/OfficeofSafety/PublicSite/Crossing/Crossing.aspx?phasetype=C&rpttype=I&txtcrossingnum=974090R",
        "ACC_LINK": "https://safetydata.fra.dot.gov/OfficeofSafety/PublicSite/Crossing/Crossing.aspx?phasetype=C&rpttype=A&txtcrossingnum=974090R",
        "TTSTNNAM": "",
        "XPURPOSE": "1",
        "OPERATINGR": "UP",
        "OPERATIN_1": "Primary",
        "DAYTHRU": 2,
        "NGHTTHRU": 2,
        "MAINTRK": 0,
        "SIDINGTRK": 0,
        "YARDTRK": 1,
        "TRANSITTRK": 0,
        "INDUSTRYTR": 0,
        "OTHRTRK": 0,
        "WDCODE": "",
        "REVISIONDA": "1975/01/01 00:00:00",
        "LASTUPDATE": "9/23/2025",
        "AADT": "",
        "AADTYEAR": "",
        "STATENAME": "TEXAS",
        "STATEAB": "TX",
        "COUNTYNAME": "LIVE OAK",
        "CITYNAME": "GEORGE WEST",
        "LATDD": 28.33521,
        "LONGDD": -98.111034,
        "gridlyProductionCertified": true,
        "gridlyClassification": "PUBLIC_ROADWAY",
        "gridlyDisplayName": "Private",
        "gridlyId": "FRA-974090R"
      }
    },
    {
      "type": "Feature",
      "id": 213128,
      "geometry": {
        "type": "Point",
        "coordinates": [
          -98.1663129998822,
          28.4083630002235
        ]
      },
      "properties": {
        "OBJECTID": 213128,
        "CROSSING": "974091X",
        "EFFDATE": 1758585600000,
        "REASON": "14",
        "StateCode": "48",
        "CountyCode": "48297",
        "STCYFIPS": "48297",
        "CITYCD": "482976920",
        "RAILROAD": "UP",
        "RRDIV": "SOUTH TEXAS",
        "RRSUBDIV": "Corpus Christi Sub",
        "HIGHWAY": "NA",
        "STREET": "Private Live Oak Rail Operations",
        "TTSTN": "",
        "MILEPOST": "0081.840",
        "TYPEXING": "Private",
        "POSXING": "At Grade",
        "PRVCAT": "14",
        "INIT": "1",
        "LATITUDE": 28.408363,
        "LONGITUD": -98.166313,
        "LLSOURCE": "1",
        "WHISTBAN": "",
        "RRCONT": "4025443721",
        "POLCONT": "5555555555",
        "INV_LINK": "https://safetydata.fra.dot.gov/OfficeofSafety/PublicSite/Crossing/Crossing.aspx?phasetype=C&rpttype=I&txtcrossingnum=974091X",
        "ACC_LINK": "https://safetydata.fra.dot.gov/OfficeofSafety/PublicSite/Crossing/Crossing.aspx?phasetype=C&rpttype=A&txtcrossingnum=974091X",
        "TTSTNNAM": "",
        "XPURPOSE": "1",
        "OPERATINGR": "UP",
        "OPERATIN_1": "Primary",
        "DAYTHRU": 2,
        "NGHTTHRU": 2,
        "MAINTRK": 0,
        "SIDINGTRK": 0,
        "YARDTRK": 1,
        "TRANSITTRK": 0,
        "INDUSTRYTR": 0,
        "OTHRTRK": 0,
        "WDCODE": "",
        "REVISIONDA": "1975/01/01 00:00:00",
        "LASTUPDATE": "9/23/2025",
        "AADT": "",
        "AADTYEAR": "",
        "STATENAME": "TEXAS",
        "STATEAB": "TX",
        "COUNTYNAME": "LIVE OAK",
        "CITYNAME": "THREE RIVERS",
        "LATDD": 28.408363,
        "LONGDD": -98.166313,
        "gridlyProductionCertified": true,
        "gridlyClassification": "PUBLIC_ROADWAY",
        "gridlyDisplayName": "Private Live Oak Rail Operations",
        "gridlyId": "FRA-974091X"
      }
    },
    {
      "type": "Feature",
      "id": 213129,
      "geometry": {
        "type": "Point",
        "coordinates": [
          -98.1662280003917,
          28.4079900000474
        ]
      },
      "properties": {
        "OBJECTID": 213129,
        "CROSSING": "974092E",
        "EFFDATE": 1758585600000,
        "REASON": "14",
        "StateCode": "48",
        "CountyCode": "48297",
        "STCYFIPS": "48297",
        "CITYCD": "482976920",
        "RAILROAD": "UP",
        "RRDIV": "SOUTH TEXAS",
        "RRSUBDIV": "Corpus Christi Sub",
        "HIGHWAY": "NA",
        "STREET": "Private Live Oak Rail Operations",
        "TTSTN": "",
        "MILEPOST": "0081.890",
        "TYPEXING": "Private",
        "POSXING": "At Grade",
        "PRVCAT": "14",
        "INIT": "1",
        "LATITUDE": 28.40799,
        "LONGITUD": -98.166228,
        "LLSOURCE": "1",
        "WHISTBAN": "",
        "RRCONT": "4025443721",
        "POLCONT": "5555555555",
        "INV_LINK": "https://safetydata.fra.dot.gov/OfficeofSafety/PublicSite/Crossing/Crossing.aspx?phasetype=C&rpttype=I&txtcrossingnum=974092E",
        "ACC_LINK": "https://safetydata.fra.dot.gov/OfficeofSafety/PublicSite/Crossing/Crossing.aspx?phasetype=C&rpttype=A&txtcrossingnum=974092E",
        "TTSTNNAM": "",
        "XPURPOSE": "1",
        "OPERATINGR": "UP",
        "OPERATIN_1": "Primary",
        "DAYTHRU": 2,
        "NGHTTHRU": 2,
        "MAINTRK": 0,
        "SIDINGTRK": 0,
        "YARDTRK": 1,
        "TRANSITTRK": 0,
        "INDUSTRYTR": 0,
        "OTHRTRK": 0,
        "WDCODE": "",
        "REVISIONDA": "1975/01/01 00:00:00",
        "LASTUPDATE": "9/23/2025",
        "AADT": "",
        "AADTYEAR": "",
        "STATENAME": "TEXAS",
        "STATEAB": "TX",
        "COUNTYNAME": "LIVE OAK",
        "CITYNAME": "THREE RIVERS",
        "LATDD": 28.40799,
        "LONGDD": -98.166228,
        "gridlyProductionCertified": true,
        "gridlyClassification": "PUBLIC_ROADWAY",
        "gridlyDisplayName": "Private Live Oak Rail Operations",
        "gridlyId": "FRA-974092E"
      }
    },
    {
      "type": "Feature",
      "id": 214160,
      "geometry": {
        "type": "Point",
        "coordinates": [
          -97.9724500002744,
          28.2364459997124
        ]
      },
      "properties": {
        "OBJECTID": 214160,
        "CROSSING": "435621Y",
        "EFFDATE": 1773187200000,
        "REASON": "14",
        "StateCode": "48",
        "CountyCode": "48297",
        "STCYFIPS": "48297",
        "CITYCD": "482972630",
        "RAILROAD": "UP",
        "RRDIV": "SOUTH TEXAS",
        "RRSUBDIV": "CORPUS CHRISTI SUB",
        "HIGHWAY": "CR0000",
        "STREET": "BUCKEYE KNOLL ROAD",
        "TTSTN": "688833",
        "MILEPOST": "0099.540",
        "TYPEXING": "Public",
        "POSXING": "At Grade",
        "PRVCAT": "14",
        "INIT": "2",
        "LATITUDE": 28.236446,
        "LONGITUD": -97.97245,
        "LLSOURCE": "1",
        "WHISTBAN": "0",
        "RRCONT": "4025443721",
        "POLCONT": "8008488715",
        "INV_LINK": "https://safetydata.fra.dot.gov/OfficeofSafety/PublicSite/Crossing/Crossing.aspx?phasetype=C&rpttype=I&txtcrossingnum=435621Y",
        "ACC_LINK": "https://safetydata.fra.dot.gov/OfficeofSafety/PublicSite/Crossing/Crossing.aspx?phasetype=C&rpttype=A&txtcrossingnum=435621Y",
        "TTSTNNAM": "",
        "XPURPOSE": "1",
        "OPERATINGR": "UP",
        "OPERATIN_1": "Primary",
        "DAYTHRU": 1,
        "NGHTTHRU": 1,
        "MAINTRK": 1,
        "SIDINGTRK": 0,
        "YARDTRK": 0,
        "TRANSITTRK": 0,
        "INDUSTRYTR": 0,
        "OTHRTRK": 0,
        "WDCODE": "Stop signs",
        "REVISIONDA": "1975/01/01 00:00:00",
        "LASTUPDATE": "3/11/2026",
        "AADT": "101",
        "AADTYEAR": "2019",
        "STATENAME": "TEXAS",
        "STATEAB": "TX",
        "COUNTYNAME": "LIVE OAK",
        "CITYNAME": "GEORGE WEST",
        "LATDD": 28.236446,
        "LONGDD": -97.97245,
        "gridlyProductionCertified": true,
        "gridlyClassification": "PUBLIC_ROADWAY",
        "gridlyDisplayName": "BUCKEYE KNOLL ROAD",
        "gridlyId": "FRA-435621Y"
      }
    },
    {
      "type": "Feature",
      "id": 214161,
      "geometry": {
        "type": "Point",
        "coordinates": [
          -98.0474881004352,
          28.2877684998925
        ]
      },
      "properties": {
        "OBJECTID": 214161,
        "CROSSING": "435630X",
        "EFFDATE": 1773187200000,
        "REASON": "14",
        "StateCode": "48",
        "CountyCode": "48297",
        "STCYFIPS": "48297",
        "CITYCD": "482972630",
        "RAILROAD": "UP",
        "RRDIV": "SOUTH TEXAS",
        "RRSUBDIV": "CORPUS CHRISTI SUB",
        "HIGHWAY": "CR0151",
        "STREET": "CR 151",
        "TTSTN": "688648",
        "MILEPOST": "0093.530",
        "TYPEXING": "Public",
        "POSXING": "At Grade",
        "PRVCAT": "14",
        "INIT": "2",
        "LATITUDE": 28.2877685,
        "LONGITUD": -98.0474881,
        "LLSOURCE": "1",
        "WHISTBAN": "0",
        "RRCONT": "4025443721",
        "POLCONT": "8008488715",
        "INV_LINK": "https://safetydata.fra.dot.gov/OfficeofSafety/PublicSite/Crossing/Crossing.aspx?phasetype=C&rpttype=I&txtcrossingnum=435630X",
        "ACC_LINK": "https://safetydata.fra.dot.gov/OfficeofSafety/PublicSite/Crossing/Crossing.aspx?phasetype=C&rpttype=A&txtcrossingnum=435630X",
        "TTSTNNAM": "",
        "XPURPOSE": "1",
        "OPERATINGR": "UP",
        "OPERATIN_1": "Primary",
        "DAYTHRU": 1,
        "NGHTTHRU": 1,
        "MAINTRK": 1,
        "SIDINGTRK": 0,
        "YARDTRK": 0,
        "TRANSITTRK": 0,
        "INDUSTRYTR": 0,
        "OTHRTRK": 0,
        "WDCODE": "Stop signs",
        "REVISIONDA": "1975/01/01 00:00:00",
        "LASTUPDATE": "3/11/2026",
        "AADT": "35",
        "AADTYEAR": "2019",
        "STATENAME": "TEXAS",
        "STATEAB": "TX",
        "COUNTYNAME": "LIVE OAK",
        "CITYNAME": "GEORGE WEST",
        "LATDD": 28.2877685,
        "LONGDD": -98.0474881,
        "gridlyProductionCertified": true,
        "gridlyClassification": "PUBLIC_ROADWAY",
        "gridlyDisplayName": "CR 151",
        "gridlyId": "FRA-435630X"
      }
    },
    {
      "type": "Feature",
      "id": 214162,
      "geometry": {
        "type": "Point",
        "coordinates": [
          -98.1527802996402,
          28.3906314003763
        ]
      },
      "properties": {
        "OBJECTID": 214162,
        "CROSSING": "435640D",
        "EFFDATE": 1773187200000,
        "REASON": "14",
        "StateCode": "48",
        "CountyCode": "48297",
        "STCYFIPS": "48297",
        "CITYCD": "482972630",
        "RAILROAD": "UP",
        "RRDIV": "SOUTH TEXAS",
        "RRSUBDIV": "CORPUS CHRISTI SUB",
        "HIGHWAY": "CR0312",
        "STREET": "CR 312",
        "TTSTN": "688648",
        "MILEPOST": "0083.510",
        "TYPEXING": "Public",
        "POSXING": "At Grade",
        "PRVCAT": "14",
        "INIT": "2",
        "LATITUDE": 28.3906314,
        "LONGITUD": -98.1527803,
        "LLSOURCE": "1",
        "WHISTBAN": "0",
        "RRCONT": "4025443721",
        "POLCONT": "8008488715",
        "INV_LINK": "https://safetydata.fra.dot.gov/OfficeofSafety/PublicSite/Crossing/Crossing.aspx?phasetype=C&rpttype=I&txtcrossingnum=435640D",
        "ACC_LINK": "https://safetydata.fra.dot.gov/OfficeofSafety/PublicSite/Crossing/Crossing.aspx?phasetype=C&rpttype=A&txtcrossingnum=435640D",
        "TTSTNNAM": "",
        "XPURPOSE": "1",
        "OPERATINGR": "UP",
        "OPERATIN_1": "Primary",
        "DAYTHRU": 1,
        "NGHTTHRU": 1,
        "MAINTRK": 1,
        "SIDINGTRK": 0,
        "YARDTRK": 0,
        "TRANSITTRK": 0,
        "INDUSTRYTR": 0,
        "OTHRTRK": 0,
        "WDCODE": "Stop signs",
        "REVISIONDA": "1975/01/01 00:00:00",
        "LASTUPDATE": "3/11/2026",
        "AADT": "35",
        "AADTYEAR": "2019",
        "STATENAME": "TEXAS",
        "STATEAB": "TX",
        "COUNTYNAME": "LIVE OAK",
        "CITYNAME": "GEORGE WEST",
        "LATDD": 28.3906314,
        "LONGDD": -98.1527803,
        "gridlyProductionCertified": true,
        "gridlyClassification": "PUBLIC_ROADWAY",
        "gridlyDisplayName": "CR 312",
        "gridlyId": "FRA-435640D"
      }
    },
    {
      "type": "Feature",
      "id": 214704,
      "geometry": {
        "type": "Point",
        "coordinates": [
          -98.1657864002761,
          28.3991941997858
        ]
      },
      "properties": {
        "OBJECTID": 214704,
        "CROSSING": "435642S",
        "EFFDATE": 1775433600000,
        "REASON": "14",
        "StateCode": "48",
        "CountyCode": "48297",
        "STCYFIPS": "48297",
        "CITYCD": "482972630",
        "RAILROAD": "UP",
        "RRDIV": "SOUTH TEXAS",
        "RRSUBDIV": "CORPUS CHRISTI SUB",
        "HIGHWAY": "PV 0000",
        "STREET": "Eagle Ford Way",
        "TTSTN": "688648",
        "MILEPOST": "0082.460",
        "TYPEXING": "Private",
        "POSXING": "At Grade",
        "PRVCAT": "14",
        "INIT": "1",
        "LATITUDE": 28.3991942,
        "LONGITUD": -98.1657864,
        "LLSOURCE": "1",
        "WHISTBAN": "0",
        "RRCONT": "4025443721",
        "POLCONT": "8008488715",
        "INV_LINK": "https://safetydata.fra.dot.gov/OfficeofSafety/PublicSite/Crossing/Crossing.aspx?phasetype=C&rpttype=I&txtcrossingnum=435642S",
        "ACC_LINK": "https://safetydata.fra.dot.gov/OfficeofSafety/PublicSite/Crossing/Crossing.aspx?phasetype=C&rpttype=A&txtcrossingnum=435642S",
        "TTSTNNAM": "",
        "XPURPOSE": "1",
        "OPERATINGR": "UP",
        "OPERATIN_1": "Primary",
        "DAYTHRU": 1,
        "NGHTTHRU": 1,
        "MAINTRK": 1,
        "SIDINGTRK": 0,
        "YARDTRK": 0,
        "TRANSITTRK": 0,
        "INDUSTRYTR": 0,
        "OTHRTRK": 0,
        "WDCODE": "",
        "REVISIONDA": "1975/01/01 00:00:00",
        "LASTUPDATE": "4/6/2026",
        "AADT": "85",
        "AADTYEAR": "1978",
        "STATENAME": "TEXAS",
        "STATEAB": "TX",
        "COUNTYNAME": "LIVE OAK",
        "CITYNAME": "GEORGE WEST",
        "LATDD": 28.3991942,
        "LONGDD": -98.1657864,
        "gridlyProductionCertified": true,
        "gridlyClassification": "PUBLIC_ROADWAY",
        "gridlyDisplayName": "Eagle Ford Way",
        "gridlyId": "FRA-435642S"
      }
    },
    {
      "type": "Feature",
      "id": 214705,
      "geometry": {
        "type": "Point",
        "coordinates": [
          -97.8712537001501,
          28.1455907002409
        ]
      },
      "properties": {
        "OBJECTID": 214705,
        "CROSSING": "435603B",
        "EFFDATE": 1775433600000,
        "REASON": "20",
        "StateCode": "48",
        "CountyCode": "48297",
        "STCYFIPS": "48297",
        "CITYCD": "482972630",
        "RAILROAD": "UP",
        "RRDIV": "SOUTH TEXAS",
        "RRSUBDIV": "CORPUS CHRISTI SUB",
        "HIGHWAY": "CO 0357",
        "STREET": "CR 357",
        "TTSTN": "688833",
        "MILEPOST": "0109.065",
        "TYPEXING": "Public",
        "POSXING": "At Grade",
        "PRVCAT": "20",
        "INIT": "1",
        "LATITUDE": 28.1455907,
        "LONGITUD": -97.8712537,
        "LLSOURCE": "1",
        "WHISTBAN": "0",
        "RRCONT": "4025443721",
        "POLCONT": "8008488715",
        "INV_LINK": "https://safetydata.fra.dot.gov/OfficeofSafety/PublicSite/Crossing/Crossing.aspx?phasetype=C&rpttype=I&txtcrossingnum=435603B",
        "ACC_LINK": "https://safetydata.fra.dot.gov/OfficeofSafety/PublicSite/Crossing/Crossing.aspx?phasetype=C&rpttype=A&txtcrossingnum=435603B",
        "TTSTNNAM": "",
        "XPURPOSE": "1",
        "OPERATINGR": "UP",
        "OPERATIN_1": "Primary",
        "DAYTHRU": 1,
        "NGHTTHRU": 1,
        "MAINTRK": 1,
        "SIDINGTRK": 0,
        "YARDTRK": 0,
        "TRANSITTRK": 0,
        "INDUSTRYTR": 0,
        "OTHRTRK": 0,
        "WDCODE": "Crossbucks",
        "REVISIONDA": "1975/01/01 00:00:00",
        "LASTUPDATE": "4/6/2026",
        "AADT": "599",
        "AADTYEAR": "2019",
        "STATENAME": "TEXAS",
        "STATEAB": "TX",
        "COUNTYNAME": "LIVE OAK",
        "CITYNAME": "GEORGE WEST",
        "LATDD": 28.1455907,
        "LONGDD": -97.8712537,
        "gridlyProductionCertified": true,
        "gridlyClassification": "PUBLIC_ROADWAY",
        "gridlyDisplayName": "CR 357",
        "gridlyId": "FRA-435603B"
      }
    },
    {
      "type": "Feature",
      "id": 215130,
      "geometry": {
        "type": "Point",
        "coordinates": [
          -98.1869037004295,
          28.5178231001928
        ]
      },
      "properties": {
        "OBJECTID": 215130,
        "CROSSING": "435704M",
        "EFFDATE": 1773619200000,
        "REASON": "14",
        "StateCode": "48",
        "CountyCode": "48297",
        "STCYFIPS": "48297",
        "CITYCD": "482976920",
        "RAILROAD": "UP",
        "RRDIV": "SOUTH TEXAS",
        "RRSUBDIV": "CORPUS CHRISTI SUB",
        "HIGHWAY": "CR616",
        "STREET": "GOODHOPE ROAD",
        "TTSTN": "688633",
        "MILEPOST": "0073.390",
        "TYPEXING": "Public",
        "POSXING": "At Grade",
        "PRVCAT": "14",
        "INIT": "2",
        "LATITUDE": 28.5178231,
        "LONGITUD": -98.1869037,
        "LLSOURCE": "1",
        "WHISTBAN": "0",
        "RRCONT": "4025443721",
        "POLCONT": "8008488715",
        "INV_LINK": "https://safetydata.fra.dot.gov/OfficeofSafety/PublicSite/Crossing/Crossing.aspx?phasetype=C&rpttype=I&txtcrossingnum=435704M",
        "ACC_LINK": "https://safetydata.fra.dot.gov/OfficeofSafety/PublicSite/Crossing/Crossing.aspx?phasetype=C&rpttype=A&txtcrossingnum=435704M",
        "TTSTNNAM": "",
        "XPURPOSE": "1",
        "OPERATINGR": "UP",
        "OPERATIN_1": "Primary",
        "DAYTHRU": 1,
        "NGHTTHRU": 1,
        "MAINTRK": 1,
        "SIDINGTRK": 0,
        "YARDTRK": 0,
        "TRANSITTRK": 0,
        "INDUSTRYTR": 0,
        "OTHRTRK": 0,
        "WDCODE": "Stop signs",
        "REVISIONDA": "1975/01/01 00:00:00",
        "LASTUPDATE": "3/16/2026",
        "AADT": "223",
        "AADTYEAR": "2019",
        "STATENAME": "TEXAS",
        "STATEAB": "TX",
        "COUNTYNAME": "LIVE OAK",
        "CITYNAME": "THREE RIVERS",
        "LATDD": 28.5178231,
        "LONGDD": -98.1869037,
        "gridlyProductionCertified": true,
        "gridlyClassification": "PUBLIC_ROADWAY",
        "gridlyDisplayName": "GOODHOPE ROAD",
        "gridlyId": "FRA-435704M"
      }
    },
    {
      "type": "Feature",
      "id": 215131,
      "geometry": {
        "type": "Point",
        "coordinates": [
          -98.2747752001129,
          28.6342986996183
        ]
      },
      "properties": {
        "OBJECTID": 215131,
        "CROSSING": "435715A",
        "EFFDATE": 1773619200000,
        "REASON": "14",
        "StateCode": "48",
        "CountyCode": "48297",
        "STCYFIPS": "48297",
        "CITYCD": "482977485",
        "RAILROAD": "UP",
        "RRDIV": "SOUTH TEXAS",
        "RRSUBDIV": "CORPUS CHRISTI SUB",
        "HIGHWAY": "Cr0629",
        "STREET": "MAIN STREET",
        "TTSTN": "687968",
        "MILEPOST": "0063.270",
        "TYPEXING": "Public",
        "POSXING": "At Grade",
        "PRVCAT": "14",
        "INIT": "2",
        "LATITUDE": 28.6342987,
        "LONGITUD": -98.2747752,
        "LLSOURCE": "1",
        "WHISTBAN": "0",
        "RRCONT": "4025443721",
        "POLCONT": "8008488715",
        "INV_LINK": "https://safetydata.fra.dot.gov/OfficeofSafety/PublicSite/Crossing/Crossing.aspx?phasetype=C&rpttype=I&txtcrossingnum=435715A",
        "ACC_LINK": "https://safetydata.fra.dot.gov/OfficeofSafety/PublicSite/Crossing/Crossing.aspx?phasetype=C&rpttype=A&txtcrossingnum=435715A",
        "TTSTNNAM": "",
        "XPURPOSE": "1",
        "OPERATINGR": "UP",
        "OPERATIN_1": "Primary",
        "DAYTHRU": 1,
        "NGHTTHRU": 1,
        "MAINTRK": 1,
        "SIDINGTRK": 0,
        "YARDTRK": 0,
        "TRANSITTRK": 0,
        "INDUSTRYTR": 0,
        "OTHRTRK": 1,
        "WDCODE": "Crossbucks",
        "REVISIONDA": "1975/01/01 00:00:00",
        "LASTUPDATE": "3/16/2026",
        "AADT": "19",
        "AADTYEAR": "2019",
        "STATENAME": "TEXAS",
        "STATEAB": "TX",
        "COUNTYNAME": "LIVE OAK",
        "CITYNAME": "WHITSETT",
        "LATDD": 28.6342987,
        "LONGDD": -98.2747752,
        "gridlyProductionCertified": true,
        "gridlyClassification": "PUBLIC_ROADWAY",
        "gridlyDisplayName": "MAIN STREET",
        "gridlyId": "FRA-435715A"
      }
    },
    {
      "type": "Feature",
      "id": 215132,
      "geometry": {
        "type": "Point",
        "coordinates": [
          -98.2738627004305,
          28.6336889997078
        ]
      },
      "properties": {
        "OBJECTID": 215132,
        "CROSSING": "435714T",
        "EFFDATE": 1773619200000,
        "REASON": "14",
        "StateCode": "48",
        "CountyCode": "48297",
        "STCYFIPS": "48297",
        "CITYCD": "482977485",
        "RAILROAD": "UP",
        "RRDIV": "SOUTH TEXAS",
        "RRSUBDIV": "CORPUS CHRISTI SUB",
        "HIGHWAY": "CR627",
        "STREET": "BURKE STREET",
        "TTSTN": "687968",
        "MILEPOST": "0063.340",
        "TYPEXING": "Public",
        "POSXING": "At Grade",
        "PRVCAT": "14",
        "INIT": "2",
        "LATITUDE": 28.633689,
        "LONGITUD": -98.2738627,
        "LLSOURCE": "1",
        "WHISTBAN": "0",
        "RRCONT": "4025443721",
        "POLCONT": "8008488715",
        "INV_LINK": "https://safetydata.fra.dot.gov/OfficeofSafety/PublicSite/Crossing/Crossing.aspx?phasetype=C&rpttype=I&txtcrossingnum=435714T",
        "ACC_LINK": "https://safetydata.fra.dot.gov/OfficeofSafety/PublicSite/Crossing/Crossing.aspx?phasetype=C&rpttype=A&txtcrossingnum=435714T",
        "TTSTNNAM": "",
        "XPURPOSE": "1",
        "OPERATINGR": "UP",
        "OPERATIN_1": "Primary",
        "DAYTHRU": 1,
        "NGHTTHRU": 1,
        "MAINTRK": 1,
        "SIDINGTRK": 0,
        "YARDTRK": 0,
        "TRANSITTRK": 0,
        "INDUSTRYTR": 1,
        "OTHRTRK": 1,
        "WDCODE": "Stop signs",
        "REVISIONDA": "1975/01/01 00:00:00",
        "LASTUPDATE": "3/16/2026",
        "AADT": "14",
        "AADTYEAR": "2019",
        "STATENAME": "TEXAS",
        "STATEAB": "TX",
        "COUNTYNAME": "LIVE OAK",
        "CITYNAME": "WHITSETT",
        "LATDD": 28.633689,
        "LONGDD": -98.2738627,
        "gridlyProductionCertified": true,
        "gridlyClassification": "PUBLIC_ROADWAY",
        "gridlyDisplayName": "BURKE STREET",
        "gridlyId": "FRA-435714T"
      }
    },
    {
      "type": "Feature",
      "id": 215730,
      "geometry": {
        "type": "Point",
        "coordinates": [
          -97.9029376997342,
          28.2094508997212
        ]
      },
      "properties": {
        "OBJECTID": 215730,
        "CROSSING": "435611T",
        "EFFDATE": 1773100800000,
        "REASON": "14",
        "StateCode": "48",
        "CountyCode": "48297",
        "STCYFIPS": "48297",
        "CITYCD": "484094400",
        "RAILROAD": "UP",
        "RRDIV": "SOUTH TEXAS",
        "RRSUBDIV": "CORPUS CHRISTI SUB",
        "HIGHWAY": "Cr0371",
        "STREET": "County Road 371",
        "TTSTN": "688833",
        "MILEPOST": "0104.190",
        "TYPEXING": "Public",
        "POSXING": "At Grade",
        "PRVCAT": "14",
        "INIT": "2",
        "LATITUDE": 28.2094509,
        "LONGITUD": -97.9029377,
        "LLSOURCE": "1",
        "WHISTBAN": "0",
        "RRCONT": "4025443721",
        "POLCONT": "8008488715",
        "INV_LINK": "https://safetydata.fra.dot.gov/OfficeofSafety/PublicSite/Crossing/Crossing.aspx?phasetype=C&rpttype=I&txtcrossingnum=435611T",
        "ACC_LINK": "https://safetydata.fra.dot.gov/OfficeofSafety/PublicSite/Crossing/Crossing.aspx?phasetype=C&rpttype=A&txtcrossingnum=435611T",
        "TTSTNNAM": "",
        "XPURPOSE": "1",
        "OPERATINGR": "UP",
        "OPERATIN_1": "Primary",
        "DAYTHRU": 1,
        "NGHTTHRU": 1,
        "MAINTRK": 1,
        "SIDINGTRK": 0,
        "YARDTRK": 0,
        "TRANSITTRK": 0,
        "INDUSTRYTR": 0,
        "OTHRTRK": 0,
        "WDCODE": "Stop signs",
        "REVISIONDA": "1975/01/01 00:00:00",
        "LASTUPDATE": "3/10/2026",
        "AADT": "89",
        "AADTYEAR": "2019",
        "STATENAME": "TEXAS",
        "STATEAB": "TX",
        "COUNTYNAME": "LIVE OAK",
        "CITYNAME": "MATHIS",
        "LATDD": 28.2094509,
        "LONGDD": -97.9029377,
        "gridlyProductionCertified": true,
        "gridlyClassification": "PUBLIC_ROADWAY",
        "gridlyDisplayName": "County Road 371",
        "gridlyId": "FRA-435611T"
      }
    },
    {
      "type": "Feature",
      "id": 215731,
      "geometry": {
        "type": "Point",
        "coordinates": [
          -97.9121832001643,
          28.2141415999983
        ]
      },
      "properties": {
        "OBJECTID": 215731,
        "CROSSING": "435613G",
        "EFFDATE": 1773100800000,
        "REASON": "14",
        "StateCode": "48",
        "CountyCode": "48409",
        "STCYFIPS": "48409",
        "CITYCD": "484094400",
        "RAILROAD": "UP",
        "RRDIV": "SOUTH TEXAS",
        "RRSUBDIV": "CORPUS CHRISTI SUB",
        "HIGHWAY": "CR0350",
        "STREET": "CR 350",
        "TTSTN": "688833",
        "MILEPOST": "0103.540",
        "TYPEXING": "Public",
        "POSXING": "At Grade",
        "PRVCAT": "14",
        "INIT": "2",
        "LATITUDE": 28.2141416,
        "LONGITUD": -97.9121832,
        "LLSOURCE": "1",
        "WHISTBAN": "0",
        "RRCONT": "4025443721",
        "POLCONT": "8008488715",
        "INV_LINK": "https://safetydata.fra.dot.gov/OfficeofSafety/PublicSite/Crossing/Crossing.aspx?phasetype=C&rpttype=I&txtcrossingnum=435613G",
        "ACC_LINK": "https://safetydata.fra.dot.gov/OfficeofSafety/PublicSite/Crossing/Crossing.aspx?phasetype=C&rpttype=A&txtcrossingnum=435613G",
        "TTSTNNAM": "",
        "XPURPOSE": "1",
        "OPERATINGR": "UP",
        "OPERATIN_1": "Primary",
        "DAYTHRU": 1,
        "NGHTTHRU": 1,
        "MAINTRK": 1,
        "SIDINGTRK": 0,
        "YARDTRK": 0,
        "TRANSITTRK": 0,
        "INDUSTRYTR": 0,
        "OTHRTRK": 0,
        "WDCODE": "Stop signs",
        "REVISIONDA": "1975/01/01 00:00:00",
        "LASTUPDATE": "3/10/2026",
        "AADT": "35",
        "AADTYEAR": "2019",
        "STATENAME": "TEXAS",
        "STATEAB": "TX",
        "COUNTYNAME": "SAN PATRICIO",
        "CITYNAME": "MATHIS",
        "LATDD": 28.2141416,
        "LONGDD": -97.9121832,
        "gridlyProductionCertified": true,
        "gridlyClassification": "PUBLIC_ROADWAY",
        "gridlyDisplayName": "CR 350",
        "gridlyId": "FRA-435613G"
      }
    },
    {
      "type": "Feature",
      "id": 215732,
      "geometry": {
        "type": "Point",
        "coordinates": [
          -97.9371824000363,
          28.2226145998824
        ]
      },
      "properties": {
        "OBJECTID": 215732,
        "CROSSING": "435617J",
        "EFFDATE": 1773100800000,
        "REASON": "14",
        "StateCode": "48",
        "CountyCode": "48297",
        "STCYFIPS": "48297",
        "CITYCD": "484094400",
        "RAILROAD": "UP",
        "RRDIV": "SOUTH TEXAS",
        "RRSUBDIV": "CORPUS CHRISTI SUB",
        "HIGHWAY": "CR0344",
        "STREET": "CR 344",
        "TTSTN": "688833",
        "MILEPOST": "0101.900",
        "TYPEXING": "Public",
        "POSXING": "At Grade",
        "PRVCAT": "14",
        "INIT": "2",
        "LATITUDE": 28.2226146,
        "LONGITUD": -97.9371824,
        "LLSOURCE": "1",
        "WHISTBAN": "0",
        "RRCONT": "4025443721",
        "POLCONT": "8008488715",
        "INV_LINK": "https://safetydata.fra.dot.gov/OfficeofSafety/PublicSite/Crossing/Crossing.aspx?phasetype=C&rpttype=I&txtcrossingnum=435617J",
        "ACC_LINK": "https://safetydata.fra.dot.gov/OfficeofSafety/PublicSite/Crossing/Crossing.aspx?phasetype=C&rpttype=A&txtcrossingnum=435617J",
        "TTSTNNAM": "",
        "XPURPOSE": "1",
        "OPERATINGR": "UP",
        "OPERATIN_1": "Primary",
        "DAYTHRU": 1,
        "NGHTTHRU": 1,
        "MAINTRK": 1,
        "SIDINGTRK": 0,
        "YARDTRK": 0,
        "TRANSITTRK": 0,
        "INDUSTRYTR": 0,
        "OTHRTRK": 0,
        "WDCODE": "Stop signs",
        "REVISIONDA": "1975/01/01 00:00:00",
        "LASTUPDATE": "3/10/2026",
        "AADT": "35",
        "AADTYEAR": "2019",
        "STATENAME": "TEXAS",
        "STATEAB": "TX",
        "COUNTYNAME": "LIVE OAK",
        "CITYNAME": "MATHIS",
        "LATDD": 28.2226146,
        "LONGDD": -97.9371824,
        "gridlyProductionCertified": true,
        "gridlyClassification": "PUBLIC_ROADWAY",
        "gridlyDisplayName": "CR 344",
        "gridlyId": "FRA-435617J"
      }
    },
    {
      "type": "Feature",
      "id": 215733,
      "geometry": {
        "type": "Point",
        "coordinates": [
          -97.8947574000085,
          28.1986278000793
        ]
      },
      "properties": {
        "OBJECTID": 215733,
        "CROSSING": "435609S",
        "EFFDATE": 1773100800000,
        "REASON": "14",
        "StateCode": "48",
        "CountyCode": "48297",
        "STCYFIPS": "48297",
        "CITYCD": "484094400",
        "RAILROAD": "UP",
        "RRDIV": "SOUTH TEXAS",
        "RRSUBDIV": "CORPUS CHRISTI SUB",
        "HIGHWAY": "cr0319",
        "STREET": "County Road 319",
        "TTSTN": "688833",
        "MILEPOST": "0105.090",
        "TYPEXING": "Public",
        "POSXING": "At Grade",
        "PRVCAT": "14",
        "INIT": "2",
        "LATITUDE": 28.1986278,
        "LONGITUD": -97.8947574,
        "LLSOURCE": "1",
        "WHISTBAN": "0",
        "RRCONT": "4025443721",
        "POLCONT": "8008488715",
        "INV_LINK": "https://safetydata.fra.dot.gov/OfficeofSafety/PublicSite/Crossing/Crossing.aspx?phasetype=C&rpttype=I&txtcrossingnum=435609S",
        "ACC_LINK": "https://safetydata.fra.dot.gov/OfficeofSafety/PublicSite/Crossing/Crossing.aspx?phasetype=C&rpttype=A&txtcrossingnum=435609S",
        "TTSTNNAM": "",
        "XPURPOSE": "1",
        "OPERATINGR": "UP",
        "OPERATIN_1": "Primary",
        "DAYTHRU": 1,
        "NGHTTHRU": 1,
        "MAINTRK": 1,
        "SIDINGTRK": 0,
        "YARDTRK": 0,
        "TRANSITTRK": 0,
        "INDUSTRYTR": 0,
        "OTHRTRK": 0,
        "WDCODE": "Stop signs",
        "REVISIONDA": "1975/01/01 00:00:00",
        "LASTUPDATE": "3/10/2026",
        "AADT": "35",
        "AADTYEAR": "2019",
        "STATENAME": "TEXAS",
        "STATEAB": "TX",
        "COUNTYNAME": "LIVE OAK",
        "CITYNAME": "MATHIS",
        "LATDD": 28.1986278,
        "LONGDD": -97.8947574,
        "gridlyProductionCertified": true,
        "gridlyClassification": "PUBLIC_ROADWAY",
        "gridlyDisplayName": "County Road 319",
        "gridlyId": "FRA-435609S"
      }
    },
    {
      "type": "Feature",
      "id": 216214,
      "geometry": {
        "type": "Point",
        "coordinates": [
          -98.2757198999067,
          28.634924399809
        ]
      },
      "properties": {
        "OBJECTID": 216214,
        "CROSSING": "435716G",
        "EFFDATE": 1773360000000,
        "REASON": "14",
        "StateCode": "48",
        "CountyCode": "48297",
        "STCYFIPS": "48297",
        "CITYCD": "482976920",
        "RAILROAD": "UP",
        "RRDIV": "SOUTH TEXAS",
        "RRSUBDIV": "CORPUS CHRISTI SUB",
        "HIGHWAY": "FM0099",
        "STREET": "FM0099",
        "TTSTN": "687968",
        "MILEPOST": "0063.200",
        "TYPEXING": "Public",
        "POSXING": "At Grade",
        "PRVCAT": "14",
        "INIT": "2",
        "LATITUDE": 28.6349244,
        "LONGITUD": -98.2757199,
        "LLSOURCE": "1",
        "WHISTBAN": "0",
        "RRCONT": "4025443721",
        "POLCONT": "8008488715",
        "INV_LINK": "https://safetydata.fra.dot.gov/OfficeofSafety/PublicSite/Crossing/Crossing.aspx?phasetype=C&rpttype=I&txtcrossingnum=435716G",
        "ACC_LINK": "https://safetydata.fra.dot.gov/OfficeofSafety/PublicSite/Crossing/Crossing.aspx?phasetype=C&rpttype=A&txtcrossingnum=435716G",
        "TTSTNNAM": "",
        "XPURPOSE": "1",
        "OPERATINGR": "UP",
        "OPERATIN_1": "Primary",
        "DAYTHRU": 1,
        "NGHTTHRU": 1,
        "MAINTRK": 1,
        "SIDINGTRK": 0,
        "YARDTRK": 0,
        "TRANSITTRK": 0,
        "INDUSTRYTR": 0,
        "OTHRTRK": 0,
        "WDCODE": "Flashing lights",
        "REVISIONDA": "1975/01/01 00:00:00",
        "LASTUPDATE": "3/13/2026",
        "AADT": "1118",
        "AADTYEAR": "2024",
        "STATENAME": "TEXAS",
        "STATEAB": "TX",
        "COUNTYNAME": "LIVE OAK",
        "CITYNAME": "THREE RIVERS",
        "LATDD": 28.6349244,
        "LONGDD": -98.2757199,
        "gridlyProductionCertified": true,
        "gridlyClassification": "PUBLIC_ROADWAY",
        "gridlyDisplayName": "FM0099",
        "gridlyId": "FRA-435716G"
      }
    },
    {
      "type": "Feature",
      "id": 216215,
      "geometry": {
        "type": "Point",
        "coordinates": [
          -98.185218399871,
          28.4644943000691
        ]
      },
      "properties": {
        "OBJECTID": 216215,
        "CROSSING": "435647B",
        "EFFDATE": 1773360000000,
        "REASON": "14",
        "StateCode": "48",
        "CountyCode": "48297",
        "STCYFIPS": "48297",
        "CITYCD": "482976920",
        "RAILROAD": "UP",
        "RRDIV": "SOUTH TEXAS",
        "RRSUBDIV": "CORPUS CHRISTI SUB",
        "HIGHWAY": "LS0000",
        "STREET": "Blair Street",
        "TTSTN": "688633",
        "MILEPOST": "0077.110",
        "TYPEXING": "Public",
        "POSXING": "At Grade",
        "PRVCAT": "14",
        "INIT": "2",
        "LATITUDE": 28.4644943,
        "LONGITUD": -98.1852184,
        "LLSOURCE": "1",
        "WHISTBAN": "0",
        "RRCONT": "4025443721",
        "POLCONT": "8008488715",
        "INV_LINK": "https://safetydata.fra.dot.gov/OfficeofSafety/PublicSite/Crossing/Crossing.aspx?phasetype=C&rpttype=I&txtcrossingnum=435647B",
        "ACC_LINK": "https://safetydata.fra.dot.gov/OfficeofSafety/PublicSite/Crossing/Crossing.aspx?phasetype=C&rpttype=A&txtcrossingnum=435647B",
        "TTSTNNAM": "",
        "XPURPOSE": "1",
        "OPERATINGR": "UP",
        "OPERATIN_1": "Primary",
        "DAYTHRU": 1,
        "NGHTTHRU": 1,
        "MAINTRK": 1,
        "SIDINGTRK": 0,
        "YARDTRK": 2,
        "TRANSITTRK": 0,
        "INDUSTRYTR": 0,
        "OTHRTRK": 2,
        "WDCODE": "All other Gates",
        "REVISIONDA": "1975/01/01 00:00:00",
        "LASTUPDATE": "3/13/2026",
        "AADT": "265",
        "AADTYEAR": "2019",
        "STATENAME": "TEXAS",
        "STATEAB": "TX",
        "COUNTYNAME": "LIVE OAK",
        "CITYNAME": "THREE RIVERS",
        "LATDD": 28.4644943,
        "LONGDD": -98.1852184,
        "gridlyProductionCertified": true,
        "gridlyClassification": "PUBLIC_ROADWAY",
        "gridlyDisplayName": "Blair Street",
        "gridlyId": "FRA-435647B"
      }
    },
    {
      "type": "Feature",
      "id": 216246,
      "geometry": {
        "type": "Point",
        "coordinates": [
          -98.186050099687,
          28.4614797003558
        ]
      },
      "properties": {
        "OBJECTID": 216246,
        "CROSSING": "435645M",
        "EFFDATE": 1774915200000,
        "REASON": "14",
        "StateCode": "48",
        "CountyCode": "48297",
        "STCYFIPS": "48297",
        "CITYCD": "482976920",
        "RAILROAD": "UP",
        "RRDIV": "SOUTH TEXAS",
        "RRSUBDIV": "CORPUS CHRISTI SUB",
        "HIGHWAY": "sh0072",
        "STREET": "SH0072 / w thorton street",
        "TTSTN": "688633",
        "MILEPOST": "0077.325",
        "TYPEXING": "Public",
        "POSXING": "At Grade",
        "PRVCAT": "14",
        "INIT": "1",
        "LATITUDE": 28.4614797,
        "LONGITUD": -98.1860501,
        "LLSOURCE": "1",
        "WHISTBAN": "0",
        "RRCONT": "4025443721",
        "POLCONT": "8008488715",
        "INV_LINK": "https://safetydata.fra.dot.gov/OfficeofSafety/PublicSite/Crossing/Crossing.aspx?phasetype=C&rpttype=I&txtcrossingnum=435645M",
        "ACC_LINK": "https://safetydata.fra.dot.gov/OfficeofSafety/PublicSite/Crossing/Crossing.aspx?phasetype=C&rpttype=A&txtcrossingnum=435645M",
        "TTSTNNAM": "",
        "XPURPOSE": "1",
        "OPERATINGR": "UP",
        "OPERATIN_1": "Primary",
        "DAYTHRU": 1,
        "NGHTTHRU": 1,
        "MAINTRK": 1,
        "SIDINGTRK": 0,
        "YARDTRK": 1,
        "TRANSITTRK": 0,
        "INDUSTRYTR": 0,
        "OTHRTRK": 2,
        "WDCODE": "All other Gates",
        "REVISIONDA": "1975/01/01 00:00:00",
        "LASTUPDATE": "3/31/2026",
        "AADT": "8718",
        "AADTYEAR": "2024",
        "STATENAME": "TEXAS",
        "STATEAB": "TX",
        "COUNTYNAME": "LIVE OAK",
        "CITYNAME": "THREE RIVERS",
        "LATDD": 28.4614797,
        "LONGDD": -98.1860501,
        "gridlyProductionCertified": true,
        "gridlyClassification": "PUBLIC_ROADWAY",
        "gridlyDisplayName": "SH0072 / w thorton street",
        "gridlyId": "FRA-435645M"
      }
    },
    {
      "type": "Feature",
      "id": 216247,
      "geometry": {
        "type": "Point",
        "coordinates": [
          -98.1855034002764,
          28.4634732996979
        ]
      },
      "properties": {
        "OBJECTID": 216247,
        "CROSSING": "435646U",
        "EFFDATE": 1774915200000,
        "REASON": "14",
        "StateCode": "48",
        "CountyCode": "48297",
        "STCYFIPS": "48297",
        "CITYCD": "482976920",
        "RAILROAD": "UP",
        "RRDIV": "SOUTH TEXAS",
        "RRSUBDIV": "CORPUS CHRISTI SUB",
        "HIGHWAY": "LS0000",
        "STREET": "TIPS STREET",
        "TTSTN": "688633",
        "MILEPOST": "0077.189",
        "TYPEXING": "Public",
        "POSXING": "At Grade",
        "PRVCAT": "14",
        "INIT": "1",
        "LATITUDE": 28.4634733,
        "LONGITUD": -98.1855034,
        "LLSOURCE": "1",
        "WHISTBAN": "0",
        "RRCONT": "4025443721",
        "POLCONT": "8008488715",
        "INV_LINK": "https://safetydata.fra.dot.gov/OfficeofSafety/PublicSite/Crossing/Crossing.aspx?phasetype=C&rpttype=I&txtcrossingnum=435646U",
        "ACC_LINK": "https://safetydata.fra.dot.gov/OfficeofSafety/PublicSite/Crossing/Crossing.aspx?phasetype=C&rpttype=A&txtcrossingnum=435646U",
        "TTSTNNAM": "",
        "XPURPOSE": "1",
        "OPERATINGR": "UP",
        "OPERATIN_1": "Primary",
        "DAYTHRU": 1,
        "NGHTTHRU": 1,
        "MAINTRK": 1,
        "SIDINGTRK": 0,
        "YARDTRK": 2,
        "TRANSITTRK": 0,
        "INDUSTRYTR": 0,
        "OTHRTRK": 2,
        "WDCODE": "All other Gates",
        "REVISIONDA": "1975/01/01 00:00:00",
        "LASTUPDATE": "3/31/2026",
        "AADT": "35",
        "AADTYEAR": "2019",
        "STATENAME": "TEXAS",
        "STATEAB": "TX",
        "COUNTYNAME": "LIVE OAK",
        "CITYNAME": "THREE RIVERS",
        "LATDD": 28.4634733,
        "LONGDD": -98.1855034,
        "gridlyProductionCertified": true,
        "gridlyClassification": "PUBLIC_ROADWAY",
        "gridlyDisplayName": "TIPS STREET",
        "gridlyId": "FRA-435646U"
      }
    },
    {
      "type": "Feature",
      "id": 216249,
      "geometry": {
        "type": "Point",
        "coordinates": [
          -97.8735220001414,
          28.1498191999456
        ]
      },
      "properties": {
        "OBJECTID": 216249,
        "CROSSING": "435604H",
        "EFFDATE": 1774915200000,
        "REASON": "14",
        "StateCode": "48",
        "CountyCode": "48297",
        "STCYFIPS": "48297",
        "CITYCD": "484094400",
        "RAILROAD": "UP",
        "RRDIV": "SOUTH TEXAS",
        "RRSUBDIV": "CORPUS CHRISTI SUB",
        "HIGHWAY": "FM0888",
        "STREET": "FM0888",
        "TTSTN": "688833",
        "MILEPOST": "0108.733",
        "TYPEXING": "Public",
        "POSXING": "At Grade",
        "PRVCAT": "14",
        "INIT": "1",
        "LATITUDE": 28.1498192,
        "LONGITUD": -97.873522,
        "LLSOURCE": "1",
        "WHISTBAN": "0",
        "RRCONT": "4025443721",
        "POLCONT": "8008488715",
        "INV_LINK": "https://safetydata.fra.dot.gov/OfficeofSafety/PublicSite/Crossing/Crossing.aspx?phasetype=C&rpttype=I&txtcrossingnum=435604H",
        "ACC_LINK": "https://safetydata.fra.dot.gov/OfficeofSafety/PublicSite/Crossing/Crossing.aspx?phasetype=C&rpttype=A&txtcrossingnum=435604H",
        "TTSTNNAM": "",
        "XPURPOSE": "1",
        "OPERATINGR": "UP",
        "OPERATIN_1": "Primary",
        "DAYTHRU": 1,
        "NGHTTHRU": 1,
        "MAINTRK": 1,
        "SIDINGTRK": 0,
        "YARDTRK": 0,
        "TRANSITTRK": 0,
        "INDUSTRYTR": 0,
        "OTHRTRK": 0,
        "WDCODE": "All other Gates",
        "REVISIONDA": "1975/01/01 00:00:00",
        "LASTUPDATE": "3/31/2026",
        "AADT": "264",
        "AADTYEAR": "2024",
        "STATENAME": "TEXAS",
        "STATEAB": "TX",
        "COUNTYNAME": "LIVE OAK",
        "CITYNAME": "MATHIS",
        "LATDD": 28.1498192,
        "LONGDD": -97.873522,
        "gridlyProductionCertified": true,
        "gridlyClassification": "PUBLIC_ROADWAY",
        "gridlyDisplayName": "FM0888",
        "gridlyId": "FRA-435604H"
      }
    }
  ]
}
