"original_failure_id","county","place_geoid","status"
"LP24449-ledger-00001","hill-tx","4800100","FIXED"
"LP24449-ledger-00002","hale-tx","4800160","FIXED"
"LP24449-ledger-00003","lubbock-tx","4800160","FIXED"
"LP24449-ledger-00004","jones-tx","4801000","FIXED"
"LP24449-ledger-00005","taylor-tx","4801000","FIXED"
"LP24449-ledger-00006","hidalgo-tx","4801060","FIXED"
"LP24449-ledger-00007","hudspeth-tx","4801084","FIXED"
"LP24449-ledger-00008","dawson-tx","4801108","FIXED"
"LP24449-ledger-00009","martin-tx","4801108","FIXED"
"LP24449-ledger-00010","dallas-tx","4801240","FIXED"
"LP24449-ledger-00011","oldham-tx","4801324","FIXED"
"LP24449-ledger-00012","webb-tx","4801420","FIXED"
"LP24449-ledger-00013","starr-tx","4801500","FIXED"
"LP24449-ledger-00015","hidalgo-tx","4801576","FIXED"
"LP24449-ledger-00016","calhoun-tx","4801594","FIXED"
"LP24449-ledger-00017","bexar-tx","4801600","FIXED"
"LP24449-ledger-00018","gray-tx","4801612","FIXED"
"LP24449-ledger-00019","rains-tx","4801636","FIXED"
"LP24449-ledger-00020","wood-tx","4801636","FIXED"
"LP24449-ledger-00021","shackelford-tx","4801648","FIXED"
"LP24449-ledger-00022","harris-tx","4801696","FIXED"
"LP24449-ledger-00023","parker-tx","4801744","FIXED"
"LP24449-ledger-00024","jim-wells-tx","4801816","FIXED"
"LP24449-ledger-00025","jim-wells-tx","4801852","FIXED"
"LP24449-ledger-00026","jim-wells-tx","4801858","FIXED"
"LP24449-ledger-00027","collin-tx","4801924","FIXED"
"LP24449-ledger-00028","wheeler-tx","4802032","FIXED"
"LP24449-ledger-00029","ellis-tx","4802044","FIXED"
"LP24449-ledger-00030","brewster-tx","4802104","FIXED"
"LP24449-ledger-00031","cherokee-tx","4802188","FIXED"
"LP24449-ledger-00032","starr-tx","4802194","FIXED"
"LP24449-ledger-00033","hidalgo-tx","4802212","FIXED"
"LP24449-ledger-00034","johnson-tx","4802260","FIXED"
"LP24449-ledger-00035","brazoria-tx","4802272","FIXED"
"LP24449-ledger-00036","wise-tx","4802284","FIXED"
"LP24449-ledger-00037","starr-tx","4802286","FIXED"
"LP24449-ledger-00038","jim-wells-tx","4802290","FIXED"
"LP24449-ledger-00039","potter-tx","4803000","FIXED"
"LP24449-ledger-00040","randall-tx","4803000","FIXED"
"LP24449-ledger-00041","zavala-tx","4803008","FIXED"
"LP24449-ledger-00042","liberty-tx","4803072","FIXED"
"LP24449-ledger-00043","lamb-tx","4803084","FIXED"
"LP24449-ledger-00044","val-verde-tx","4803096","FIXED"
"LP24449-ledger-00045","starr-tx","4803126","FIXED"
"LP24449-ledger-00046","chambers-tx","4803144","FIXED"
"LP24449-ledger-00047","grimes-tx","4803192","FIXED"
"LP24449-ledger-00048","andrews-tx","4803216","FIXED"
"LP24449-ledger-00049","brazoria-tx","4803264","FIXED"
"LP24449-ledger-00050","navarro-tx","4803288","FIXED"
"LP24449-ledger-00051","collin-tx","4803300","FIXED"
"LP24449-ledger-00052","parker-tx","4803336","FIXED"
"LP24449-ledger-00053","parker-tx","4803340","FIXED"
"LP24449-ledger-00054","parker-tx","4803342","FIXED"
"LP24449-ledger-00055","red-river-tx","4803360","FIXED"
"LP24449-ledger-00056","jones-tx","4803372","FIXED"
"LP24449-ledger-00057","el-paso-tx","4803432","FIXED"
"LP24449-ledger-00058","hockley-tx","4803540","FIXED"
"LP24449-ledger-00059","nacogdoches-tx","4803564","FIXED"
"LP24449-ledger-00060","hill-tx","4803588","FIXED"
"LP24449-ledger-00061","aransas-tx","4803600","FIXED"
"LP24449-ledger-00063","nueces-tx","4803600","FIXED"
"LP24449-ledger-00064","san-patricio-tx","4803600","FIXED"
"LP24449-ledger-00065","archer-tx","4803696","FIXED"
"LP24449-ledger-00066","fort-bend-tx","4803708","FIXED"
"LP24449-ledger-00067","denton-tx","4803768","FIXED"
"LP24449-ledger-00068","tarrant-tx","4804000","FIXED"
"LP24449-ledger-00069","smith-tx","4804156","FIXED"
"LP24449-ledger-00070","cameron-tx","4804174","FIXED"
"LP24449-ledger-00071","cameron-tx","4804176","FIXED"
"LP24449-ledger-00072","dimmit-tx","4804300","FIXED"
"LP24449-ledger-00073","stonewall-tx","4804408","FIXED"
"LP24449-ledger-00074","harris-tx","4804462","FIXED"
"LP24449-ledger-00075","henderson-tx","4804504","FIXED"
"LP24449-ledger-00076","cass-tx","4804516","FIXED"
"LP24449-ledger-00077","denton-tx","4804600","FIXED"
"LP24449-ledger-00078","wise-tx","4804672","FIXED"
"LP24449-ledger-00079","bastrop-tx","4805000","FIXED"
"LP24449-ledger-00080","hays-tx","4805000","FIXED"
"LP24449-ledger-00081","travis-tx","4805000","FIXED"
"LP24449-ledger-00082","williamson-tx","4805000","FIXED"
"LP24449-ledger-00083","refugio-tx","4805036","FIXED"
"LP24449-ledger-00084","red-river-tx","4805072","FIXED"
"LP24449-ledger-00085","cass-tx","4805084","FIXED"
"LP24449-ledger-00086","parker-tx","4805168","FIXED"
"LP24449-ledger-00087","tarrant-tx","4805168","FIXED"
"LP24449-ledger-00088","galveston-tx","4805180","FIXED"
"LP24449-ledger-00089","fannin-tx","4805264","FIXED"
"LP24449-ledger-00090","brazoria-tx","4805288","FIXED"
"LP24449-ledger-00091","callahan-tx","4805336","FIXED"
"LP24449-ledger-00092","dallas-tx","4805372","FIXED"
"LP24449-ledger-00093","bexar-tx","4805384","FIXED"
"LP24449-ledger-00094","runnels-tx","4805456","FIXED"
"LP24449-ledger-00095","reeves-tx","4805468","FIXED"
"LP24449-ledger-00096","starr-tx","4805520","FIXED"
"LP24449-ledger-00097","bandera-tx","4805528","FIXED"
"LP24449-ledger-00098","brown-tx","4805552","FIXED"
"LP24449-ledger-00100","nueces-tx","4805576","FIXED"
"LP24449-ledger-00101","ellis-tx","4805612","FIXED"
"LP24449-ledger-00102","edwards-tx","4805648","FIXED"
"LP24449-ledger-00103","starr-tx","4805690","FIXED"
"LP24449-ledger-00104","harris-tx","4805696","FIXED"
"LP24449-ledger-00105","navarro-tx","4805708","FIXED"
"LP24449-ledger-00106","ward-tx","4805720","FIXED"
"LP24449-ledger-00107","bell-tx","4805732","FIXED"
"LP24449-ledger-00108","williamson-tx","4805732","FIXED"
"LP24449-ledger-00109","travis-tx","4805750","FIXED"
"LP24449-ledger-00110","denton-tx","4805768","FIXED"
"LP24449-ledger-00111","bastrop-tx","4805864","FIXED"
"LP24449-ledger-00112","zavala-tx","4805924","FIXED"
"LP24449-ledger-00113","matagorda-tx","4805984","FIXED"
"LP24449-ledger-00114","galveston-tx","4806060","FIXED"
"LP24449-ledger-00115","refugio-tx","4806104","FIXED"
"LP24449-ledger-00116","chambers-tx","4806128","FIXED"
"LP24449-ledger-00117","harris-tx","4806128","FIXED"
"LP24449-ledger-00118","cameron-tx","4806140","FIXED"
"LP24449-ledger-00119","chambers-tx","4806200","FIXED"
"LP24449-ledger-00120","hays-tx","4806242","FIXED"
"LP24449-ledger-00121","dallas-tx","4806244","FIXED"
"LP24449-ledger-00122","fort-bend-tx","4806272","FIXED"
"LP24449-ledger-00123","jefferson-tx","4807000","FIXED"
"LP24449-ledger-00124","jefferson-tx","4807036","FIXED"
"LP24449-ledger-00125","burleson-tx","4807042","FIXED"
"LP24449-ledger-00126","panola-tx","4807108","FIXED"
"LP24449-ledger-00127","tarrant-tx","4807132","FIXED"
"LP24449-ledger-00128","grimes-tx","4807144","FIXED"
"LP24449-ledger-00129","travis-tx","4807156","FIXED"
"LP24449-ledger-00130","bee-tx","4807192","FIXED"
"LP24449-ledger-00131","harris-tx","4807300","FIXED"
"LP24449-ledger-00132","clay-tx","4807396","FIXED"
"LP24449-ledger-00133","mclennan-tx","4807408","FIXED"
"LP24449-ledger-00134","grayson-tx","4807420","FIXED"
"LP24449-ledger-00135","austin-tx","4807432","FIXED"
"LP24449-ledger-00136","hays-tx","4807486","FIXED"
"LP24449-ledger-00137","bell-tx","4807492","FIXED"
"LP24449-ledger-00138","milam-tx","4807516","FIXED"
"LP24449-ledger-00139","duval-tx","4807528","FIXED"
"LP24449-ledger-00140","jim-wells-tx","4807540","FIXED"
"LP24449-ledger-00141","tarrant-tx","4807552","FIXED"
"LP24449-ledger-00142","knox-tx","4807636","FIXED"
"LP24449-ledger-00143","starr-tx","4807642","FIXED"
"LP24449-ledger-00144","van-zandt-tx","4807708","FIXED"
"LP24449-ledger-00145","henderson-tx","4807852","FIXED"
"LP24449-ledger-00146","burnet-tx","4807864","FIXED"
"LP24449-ledger-00147","mclennan-tx","4808104","FIXED"
"LP24449-ledger-00148","jefferson-tx","4808128","FIXED"
"LP24449-ledger-00149","frio-tx","4808164","FIXED"
"LP24449-ledger-00150","reagan-tx","4808212","FIXED"
"LP24449-ledger-00151","upshur-tx","4808224","FIXED"
"LP24449-ledger-00152","howard-tx","4808236","FIXED"
"LP24449-ledger-00153","liberty-tx","4808240","FIXED"
"LP24449-ledger-00154","polk-tx","4808240","FIXED"
"LP24449-ledger-00155","dimmit-tx","4808260","FIXED"
"LP24449-ledger-00157","nueces-tx","4808392","FIXED"
"LP24449-ledger-00158","potter-tx","4808398","FIXED"
"LP24449-ledger-00159","cass-tx","4808404","FIXED"
"LP24449-ledger-00160","cameron-tx","4808410","FIXED"
"LP24449-ledger-00161","coke-tx","4808488","FIXED"
"LP24449-ledger-00162","nolan-tx","4808488","FIXED"
"LP24449-ledger-00163","blanco-tx","4808536","FIXED"
"LP24449-ledger-00164","brown-tx","4808596","FIXED"
"LP24449-ledger-00165","cochran-tx","4808644","FIXED"
"LP24449-ledger-00166","matagorda-tx","4808668","FIXED"
"LP24449-ledger-00167","cass-tx","4808752","FIXED"
"LP24449-ledger-00168","navarro-tx","4808788","FIXED"
"LP24449-ledger-00169","victoria-tx","4808800","FIXED"
"LP24449-ledger-00170","lamar-tx","4808812","FIXED"
"LP24449-ledger-00171","bee-tx","4808830","FIXED"
"LP24449-ledger-00172","tarrant-tx","4808860","FIXED"
"LP24449-ledger-00173","collin-tx","4808872","FIXED"
"LP24449-ledger-00174","cameron-tx","4808908","FIXED"
"LP24449-ledger-00175","erath-tx","4808932","FIXED"
"LP24449-ledger-00176","hill-tx","4809004","FIXED"
"LP24449-ledger-00177","kendall-tx","4809160","FIXED"
"LP24449-ledger-00178","red-river-tx","4809172","FIXED"
"LP24449-ledger-00179","wharton-tx","4809232","FIXED"
"LP24449-ledger-00180","galveston-tx","4809250","FIXED"
"LP24449-ledger-00181","webb-tx","4809310","FIXED"
"LP24449-ledger-00182","fannin-tx","4809328","FIXED"
"LP24449-ledger-00183","brazoria-tx","4809388","FIXED"
"LP24449-ledger-00184","lipscomb-tx","4809448","FIXED"
"LP24449-ledger-00185","ochiltree-tx","4809448","FIXED"
"LP24449-ledger-00186","hutchinson-tx","4809556","FIXED"
"LP24449-ledger-00187","webb-tx","4809598","FIXED"
"LP24449-ledger-00188","parmer-tx","4809628","FIXED"
"LP24449-ledger-00189","montague-tx","4809640","FIXED"
"LP24449-ledger-00190","val-verde-tx","4809656","FIXED"
"LP24449-ledger-00191","wise-tx","4809748","FIXED"
"LP24449-ledger-00192","oldham-tx","4809796","FIXED"
"LP24449-ledger-00193","kinney-tx","4809868","FIXED"
"LP24449-ledger-00194","mcculloch-tx","4809916","FIXED"
"LP24449-ledger-00195","brazoria-tx","4810072","FIXED"
"LP24449-ledger-00196","palo-pinto-tx","4810084","FIXED"
"LP24449-ledger-00197","austin-tx","4810090","FIXED"
"LP24449-ledger-00198","stephens-tx","4810132","FIXED"
"LP24449-ledger-00199","robertson-tx","4810144","FIXED"
"LP24449-ledger-00200","washington-tx","4810156","FIXED"
"LP24449-ledger-00201","parker-tx","4810192","FIXED"
"LP24449-ledger-00202","tarrant-tx","4810192","FIXED"
"LP24449-ledger-00203","wise-tx","4810192","FIXED"
"LP24449-ledger-00204","travis-tx","4810197","FIXED"
"LP24449-ledger-00205","johnson-tx","4810216","FIXED"
"LP24449-ledger-00206","orange-tx","4810252","FIXED"
"LP24449-ledger-00207","wise-tx","4810264","FIXED"
"LP24449-ledger-00208","burnet-tx","4810276","FIXED"
"LP24449-ledger-00209","ellis-tx","4810336","FIXED"
"LP24449-ledger-00210","san-augustine-tx","4810384","FIXED"
"LP24449-ledger-00211","coke-tx","4810528","FIXED"
"LP24449-ledger-00212","waller-tx","4810636","FIXED"
"LP24449-ledger-00213","brazoria-tx","4810648","FIXED"
"LP24449-ledger-00214","lamar-tx","4810660","FIXED"
"LP24449-ledger-00215","jasper-tx","4810708","FIXED"
"LP24449-ledger-00216","terry-tx","4810720","FIXED"
"LP24449-ledger-00217","henderson-tx","4810756","FIXED"
"LP24449-ledger-00218","cameron-tx","4810768","FIXED"
"LP24449-ledger-00219","brown-tx","4810780","FIXED"
"LP24449-ledger-00220","falls-tx","4810828","FIXED"
"LP24449-ledger-00221","mclennan-tx","4810828","FIXED"
"LP24449-ledger-00222","dimmit-tx","4810852","FIXED"
"LP24449-ledger-00223","webb-tx","4810876","FIXED"
"LP24449-ledger-00224","williamson-tx","4810897","FIXED"
"LP24449-ledger-00225","brazos-tx","4810912","FIXED"
"LP24449-ledger-00226","jack-tx","4810960","FIXED"
"LP24449-ledger-00227","llano-tx","4810984","FIXED"
"LP24449-ledger-00228","llano-tx","4810990","FIXED"
"LP24449-ledger-00229","milam-tx","4811020","FIXED"
"LP24449-ledger-00230","hays-tx","4811080","FIXED"
"LP24449-ledger-00231","starr-tx","4811102","FIXED"
"LP24449-ledger-00232","leon-tx","4811116","FIXED"
"LP24449-ledger-00233","taylor-tx","4811128","FIXED"
"LP24449-ledger-00234","lubbock-tx","4811155","FIXED"
"LP24449-ledger-00235","cherokee-tx","4811212","FIXED"
"LP24449-ledger-00236","smith-tx","4811212","FIXED"
"LP24449-ledger-00237","comal-tx","4811224","FIXED"
"LP24449-ledger-00238","jasper-tx","4811236","FIXED"
"LP24449-ledger-00239","harris-tx","4811300","FIXED"
"LP24449-ledger-00240","wichita-tx","4811368","FIXED"
"LP24449-ledger-00241","angelina-tx","4811380","FIXED"
"LP24449-ledger-00242","johnson-tx","4811428","FIXED"
"LP24449-ledger-00243","tarrant-tx","4811428","FIXED"
"LP24449-ledger-00244","milam-tx","4811440","FIXED"
"LP24449-ledger-00245","burnet-tx","4811464","FIXED"
"LP24449-ledger-00246","washington-tx","4811536","FIXED"
"LP24449-ledger-00247","potter-tx","4811572","FIXED"
"LP24449-ledger-00248","randall-tx","4811572","FIXED"
"LP24449-ledger-00249","el-paso-tx","4811626","FIXED"
"LP24449-ledger-00250","clay-tx","4811644","FIXED"
"LP24449-ledger-00251","hill-tx","4811656","FIXED"
"LP24449-ledger-00252","moore-tx","4811692","FIXED"
"LP24449-ledger-00253","hunt-tx","4811716","FIXED"
"LP24449-ledger-00254","burleson-tx","4811725","FIXED"
"LP24449-ledger-00255","burleson-tx","4811836","FIXED"
"LP24449-ledger-00256","van-zandt-tx","4811940","FIXED"
"LP24449-ledger-00257","cooke-tx","4811968","FIXED"
"LP24449-ledger-00258","robertson-tx","4811992","FIXED"
"LP24449-ledger-00259","starr-tx","4812010","FIXED"
"LP24449-ledger-00260","milam-tx","4812040","FIXED"
"LP24449-ledger-00261","cameron-tx","4812045","FIXED"
"LP24449-ledger-00262","hunt-tx","4812112","FIXED"
"LP24449-ledger-00263","starr-tx","4812226","FIXED"
"LP24449-ledger-00264","bastrop-tx","4812334","FIXED"
"LP24449-ledger-00265","real-tx","4812388","FIXED"
"LP24449-ledger-00266","hemphill-tx","4812412","FIXED"
"LP24449-ledger-00267","henderson-tx","4812472","FIXED"
"LP24449-ledger-00268","van-zandt-tx","4812496","FIXED"
"LP24449-ledger-00269","brooks-tx","4812502","FIXED"
"LP24449-ledger-00270","el-paso-tx","4812508","FIXED"
"LP24449-ledger-00271","randall-tx","4812532","FIXED"
"LP24449-ledger-00272","hood-tx","4812562","FIXED"
"LP24449-ledger-00273","comal-tx","4812580","FIXED"
"LP24449-ledger-00274","san-jacinto-tx","4812600","FIXED"
"LP24449-ledger-00275","eastland-tx","4812736","FIXED"
"LP24449-ledger-00276","tom-green-tx","4812892","FIXED"
"LP24449-ledger-00277","hill-tx","4812895","FIXED"
"LP24449-ledger-00278","hamilton-tx","4812904","FIXED"
"LP24449-ledger-00279","fayette-tx","4812916","FIXED"
"LP24449-ledger-00280","dimmit-tx","4812982","FIXED"
"LP24449-ledger-00281","dimmit-tx","4812988","FIXED"
"LP24449-ledger-00282","collin-tx","4813024","FIXED"
"LP24449-ledger-00283","dallas-tx","4813024","FIXED"
"LP24449-ledger-00284","denton-tx","4813024","FIXED"
"LP24449-ledger-00285","parker-tx","4813075","FIXED"
"LP24449-ledger-00286","panola-tx","4813108","FIXED"
"LP24449-ledger-00287","starr-tx","4813128","FIXED"
"LP24449-ledger-00288","starr-tx","4813150","FIXED"
"LP24449-ledger-00289","wichita-tx","4813198","FIXED"
"LP24449-ledger-00290","bexar-tx","4813276","FIXED"
"LP24449-ledger-00291","medina-tx","4813312","FIXED"
"LP24449-ledger-00292","dimmit-tx","4813324","FIXED"
"LP24449-ledger-00293","bastrop-tx","4813432","FIXED"
"LP24449-ledger-00294","dallas-tx","4813492","FIXED"
"LP24449-ledger-00295","ellis-tx","4813492","FIXED"
"LP24449-ledger-00296","travis-tx","4813552","FIXED"
"LP24449-ledger-00297","williamson-tx","4813552","FIXED"
"LP24449-ledger-00298","polk-tx","4813570","FIXED"
"LP24449-ledger-00299","hunt-tx","4813672","FIXED"
"LP24449-ledger-00300","collin-tx","4813684","FIXED"
"LP24449-ledger-00301","denton-tx","4813684","FIXED"
"LP24449-ledger-00302","shelby-tx","4813732","FIXED"
"LP24449-ledger-00303","kerr-tx","4813828","FIXED"
"LP24449-ledger-00304","leon-tx","4813900","FIXED"
"LP24449-ledger-00305","jefferson-tx","4813972","FIXED"
"LP24449-ledger-00307","henderson-tx","4814224","FIXED"
"LP24449-ledger-00308","harris-tx","4814236","FIXED"
"LP24449-ledger-00309","hartley-tx","4814260","FIXED"
"LP24449-ledger-00310","starr-tx","4814266","FIXED"
"LP24449-ledger-00311","starr-tx","4814290","FIXED"
"LP24449-ledger-00312","atascosa-tx","4814404","FIXED"
"LP24449-ledger-00313","tyler-tx","4814584","FIXED"
"LP24449-ledger-00314","wise-tx","4814620","FIXED"
"LP24449-ledger-00315","childress-tx","4814668","FIXED"
"LP24449-ledger-00316","hardeman-tx","4814680","FIXED"
"LP24449-ledger-00317","falls-tx","4814692","FIXED"
"LP24449-ledger-00318","jefferson-tx","4814704","FIXED"
"LP24449-ledger-00319","bexar-tx","4814716","FIXED"
"LP24449-ledger-00320","mclennan-tx","4814740","FIXED"
"LP24449-ledger-00321","nacogdoches-tx","4814776","FIXED"
"LP24449-ledger-00322","atascosa-tx","4814860","FIXED"
"LP24449-ledger-00323","tom-green-tx","4814872","FIXED"
"LP24449-ledger-00324","bexar-tx","4814920","FIXED"
"LP24449-ledger-00325","guadalupe-tx","4814920","FIXED"
"LP24449-ledger-00327","fort-bend-tx","4814929","FIXED"
"LP24449-ledger-00328","harris-tx","4814929","FIXED"
"LP24449-ledger-00330","eastland-tx","4815004","FIXED"
"LP24449-ledger-00331","hidalgo-tx","4815028","FIXED"
"LP24449-ledger-00332","donley-tx","4815112","FIXED"
"LP24449-ledger-00333","red-river-tx","4815160","FIXED"
"LP24449-ledger-00334","gregg-tx","4815172","FIXED"
"LP24449-ledger-00335","upshur-tx","4815172","FIXED"
"LP24449-ledger-00336","armstrong-tx","4815196","FIXED"
"LP24449-ledger-00337","burleson-tx","4815232","FIXED"
"LP24449-ledger-00338","galveston-tx","4815328","FIXED"
"LP24449-ledger-00339","johnson-tx","4815364","FIXED"
"LP24449-ledger-00340","liberty-tx","4815436","FIXED"
"LP24449-ledger-00341","montgomery-tx","4815436","FIXED"
"LP24449-ledger-00342","san-jacinto-tx","4815436","FIXED"
"LP24449-ledger-00343","bosque-tx","4815472","FIXED"
"LP24449-ledger-00344","el-paso-tx","4815544","FIXED"
"LP24449-ledger-00345","harris-tx","4815628","FIXED"
"LP24449-ledger-00346","brazoria-tx","4815652","FIXED"
"LP24449-ledger-00347","callahan-tx","4815676","FIXED"
"LP24449-ledger-00348","howard-tx","4815700","FIXED"
"LP24449-ledger-00349","dallas-tx","4815796","FIXED"
"LP24449-ledger-00350","henderson-tx","4815820","FIXED"
"LP24449-ledger-00351","san-jacinto-tx","4815892","FIXED"
"LP24449-ledger-00352","coleman-tx","4815916","FIXED"
"LP24449-ledger-00353","brazos-tx","4815976","FIXED"
"LP24449-ledger-00354","tarrant-tx","4815988","FIXED"
"LP24449-ledger-00355","grayson-tx","4816036","FIXED"
"LP24449-ledger-00356","tyler-tx","4816048","FIXED"
"LP24449-ledger-00357","webb-tx","4816110","FIXED"
"LP24449-ledger-00358","mitchell-tx","4816120","FIXED"
"LP24449-ledger-00359","colorado-tx","4816168","FIXED"
"LP24449-ledger-00360","comanche-tx","4816192","FIXED"
"LP24449-ledger-00361","cameron-tx","4816204","FIXED"
"LP24449-ledger-00362","dallas-tx","4816216","FIXED"
"LP24449-ledger-00363","kaufman-tx","4816216","FIXED"
"LP24449-ledger-00364","kendall-tx","4816228","FIXED"
"LP24449-ledger-00365","hunt-tx","4816240","FIXED"
"LP24449-ledger-00366","hopkins-tx","4816252","FIXED"
"LP24449-ledger-00367","duval-tx","4816300","FIXED"
"LP24449-ledger-00368","montgomery-tx","4816432","FIXED"
"LP24449-ledger-00369","bexar-tx","4816468","FIXED"
"LP24449-ledger-00370","parker-tx","4816540","FIXED"
"LP24449-ledger-00371","limestone-tx","4816552","FIXED"
"LP24449-ledger-00372","delta-tx","4816564","FIXED"
"LP24449-ledger-00373","dallas-tx","4816612","FIXED"
"LP24449-ledger-00374","denton-tx","4816612","FIXED"
"LP24449-ledger-00375","bell-tx","4816624","FIXED"
"LP24449-ledger-00376","coryell-tx","4816624","FIXED"
"LP24449-ledger-00377","lampasas-tx","4816624","FIXED"
"LP24449-ledger-00378","denton-tx","4816636","FIXED"
"LP24449-ledger-00379","denton-tx","4816696","FIXED"
"LP24449-ledger-00380","aransas-tx","4817000","FIXED"
"LP24449-ledger-00381","kleberg-tx","4817000","FIXED"
"LP24449-ledger-00383","nueces-tx","4817000","FIXED"
"LP24449-ledger-00384","san-patricio-tx","4817000","FIXED"
"LP24449-ledger-00385","denton-tx","4817021","FIXED"
"LP24449-ledger-00386","polk-tx","4817036","FIXED"
"LP24449-ledger-00387","navarro-tx","4817060","FIXED"
"LP24449-ledger-00388","kaufman-tx","4817200","FIXED"
"LP24449-ledger-00389","burnet-tx","4817208","FIXED"
"LP24449-ledger-00390","la-salle-tx","4817216","FIXED"
"LP24449-ledger-00391","williamson-tx","4817312","FIXED"
"LP24449-ledger-00392","chambers-tx","4817336","FIXED"
"LP24449-ledger-00393","hill-tx","4817372","FIXED"
"LP24449-ledger-00394","pecos-tx","4817408","FIXED"
"LP24449-ledger-00395","jim-wells-tx","4817426","FIXED"
"LP24449-ledger-00396","johnson-tx","4817429","FIXED"
"LP24449-ledger-00397","kaufman-tx","4817504","FIXED"
"LP24449-ledger-00398","crane-tx","4817516","FIXED"
"LP24449-ledger-00399","bosque-tx","4817540","FIXED"
"LP24449-ledger-00400","mclennan-tx","4817564","FIXED"
"LP24449-ledger-00401","hays-tx","4817612","FIXED"
"LP24449-ledger-00402","travis-tx","4817612","FIXED"
"LP24449-ledger-00403","hood-tx","4817648","FIXED"
"LP24449-ledger-00404","johnson-tx","4817648","FIXED"
"LP24449-ledger-00405","parker-tx","4817648","FIXED"
"LP24449-ledger-00406","houston-tx","4817744","FIXED"
"LP24449-ledger-00407","harris-tx","4817756","FIXED"
"LP24449-ledger-00408","crosby-tx","4817768","FIXED"
"LP24449-ledger-00409","bexar-tx","4817811","FIXED"
"LP24449-ledger-00410","callahan-tx","4817816","FIXED"
"LP24449-ledger-00411","denton-tx","4817852","FIXED"
"LP24449-ledger-00412","johnson-tx","4817917","FIXED"
"LP24449-ledger-00413","foard-tx","4817948","FIXED"
"LP24449-ledger-00414","johnson-tx","4817960","FIXED"
"LP24449-ledger-00415","tarrant-tx","4817960","FIXED"
"LP24449-ledger-00416","zavala-tx","4818020","FIXED"
"LP24449-ledger-00417","dewitt-tx","4818092","FIXED"
"LP24449-ledger-00418","hidalgo-tx","4818104","FIXED"
"LP24449-ledger-00419","hopkins-tx","4818128","FIXED"
"LP24449-ledger-00420","fort-bend-tx","4818134","FIXED"
"LP24449-ledger-00421","cherokee-tx","4818152","FIXED"
"LP24449-ledger-00422","nacogdoches-tx","4818224","FIXED"
"LP24449-ledger-00423","montgomery-tx","4818260","FIXED"
"LP24449-ledger-00424","morris-tx","4818464","FIXED"
"LP24449-ledger-00425","liberty-tx","4818476","FIXED"
"LP24449-ledger-00426","dallam-tx","4818524","FIXED"
"LP24449-ledger-00427","hartley-tx","4818524","FIXED"
"LP24449-ledger-00428","collin-tx","4819000","FIXED"
"LP24449-ledger-00429","dallas-tx","4819000","FIXED"
"LP24449-ledger-00430","denton-tx","4819000","FIXED"
"LP24449-ledger-00431","kaufman-tx","4819000","FIXED"
"LP24449-ledger-00432","rockwall-tx","4819000","FIXED"
"LP24449-ledger-00433","tarrant-tx","4819084","FIXED"
"LP24449-ledger-00434","brazoria-tx","4819108","FIXED"
"LP24449-ledger-00435","brazoria-tx","4819120","FIXED"
"LP24449-ledger-00436","lipscomb-tx","4819288","FIXED"
"LP24449-ledger-00437","navarro-tx","4819420","FIXED"
"LP24449-ledger-00438","liberty-tx","4819432","FIXED"
"LP24449-ledger-00439","liberty-tx","4819435","FIXED"
"LP24449-ledger-00440","clay-tx","4819456","FIXED"
"LP24449-ledger-00441","burleson-tx","4819492","FIXED"
"LP24449-ledger-00442","wise-tx","4819528","FIXED"
"LP24449-ledger-00443","hood-tx","4819570","FIXED"
"LP24449-ledger-00444","harris-tx","4819624","FIXED"
"LP24449-ledger-00445","montgomery-tx","4819632","FIXED"
"LP24449-ledger-00446","bowie-tx","4819648","FIXED"
"LP24449-ledger-00447","comanche-tx","4819672","FIXED"
"LP24449-ledger-00448","hudspeth-tx","4819708","FIXED"
"LP24449-ledger-00449","cameron-tx","4819714","FIXED"
"LP24449-ledger-00450","starr-tx","4819732","FIXED"
"LP24449-ledger-00451","val-verde-tx","4819792","FIXED"
"LP24449-ledger-00452","san-patricio-tx","4819808","FIXED"
"LP24449-ledger-00453","grayson-tx","4819900","FIXED"
"LP24449-ledger-00454","parker-tx","4819924","FIXED"
"LP24449-ledger-00455","denton-tx","4819972","FIXED"
"LP24449-ledger-00456","gaines-tx","4819984","FIXED"
"LP24449-ledger-00457","yoakum-tx","4819984","FIXED"
"LP24449-ledger-00458","lamar-tx","4820020","FIXED"
"LP24449-ledger-00459","red-river-tx","4820020","FIXED"
"LP24449-ledger-00460","dallas-tx","4820092","FIXED"
"LP24449-ledger-00461","red-river-tx","4820128","FIXED"
"LP24449-ledger-00462","liberty-tx","4820140","FIXED"
"LP24449-ledger-00463","medina-tx","4820152","FIXED"
"LP24449-ledger-00464","newton-tx","4820212","FIXED"
"LP24449-ledger-00465","medina-tx","4820248","FIXED"
"LP24449-ledger-00466","angelina-tx","4820308","FIXED"
"LP24449-ledger-00467","dickens-tx","4820332","FIXED"
"LP24449-ledger-00468","galveston-tx","4820344","FIXED"
"LP24449-ledger-00469","frio-tx","4820428","FIXED"
"LP24449-ledger-00470","lee-tx","4820452","FIXED"
"LP24449-ledger-00471","castro-tx","4820464","FIXED"
"LP24449-ledger-00472","denton-tx","4820540","FIXED"
"LP24449-ledger-00473","fannin-tx","4820680","FIXED"
"LP24449-ledger-00474","collingsworth-tx","4820716","FIXED"
"LP24449-ledger-00475","hidalgo-tx","4820734","FIXED"
"LP24449-ledger-00476","cass-tx","4820848","FIXED"
"LP24449-ledger-00477","hidalgo-tx","4820884","FIXED"
"LP24449-ledger-00478","hidalgo-tx","4820926","FIXED"
"LP24449-ledger-00479","grayson-tx","4820932","FIXED"
"LP24449-ledger-00480","denton-tx","4821028","FIXED"
"LP24449-ledger-00481","burnet-tx","4821031","FIXED"
"LP24449-ledger-00482","cass-tx","4821112","FIXED"
"LP24449-ledger-00483","hays-tx","4821412","FIXED"
"LP24449-ledger-00484","hays-tx","4821424","FIXED"
"LP24449-ledger-00486","nueces-tx","4821436","FIXED"
"LP24449-ledger-00487","erath-tx","4821484","FIXED"
"LP24449-ledger-00488","moore-tx","4821556","FIXED"
"LP24449-ledger-00489","dallas-tx","4821628","FIXED"
"LP24449-ledger-00490","colorado-tx","4821844","FIXED"
"LP24449-ledger-00491","maverick-tx","4821892","FIXED"
"LP24449-ledger-00492","brown-tx","4821904","FIXED"
"LP24449-ledger-00493","lamb-tx","4821928","FIXED"
"LP24449-ledger-00494","starr-tx","4821958","FIXED"
"LP24449-ledger-00495","wharton-tx","4821988","FIXED"
"LP24449-ledger-00496","brazoria-tx","4822000","FIXED"
"LP24449-ledger-00497","eastland-tx","4822132","FIXED"
"LP24449-ledger-00498","gregg-tx","4822168","FIXED"
"LP24449-ledger-00499","upshur-tx","4822168","FIXED"
"LP24449-ledger-00500","gregg-tx","4822192","FIXED"
"LP24449-ledger-00501","rusk-tx","4822192","FIXED"
"LP24449-ledger-00502","rains-tx","4822276","FIXED"
"LP24449-ledger-00503","fannin-tx","4822516","FIXED"
"LP24449-ledger-00504","hidalgo-tx","4822528","FIXED"
"LP24449-ledger-00505","concho-tx","4822552","FIXED"
"LP24449-ledger-00506","tarrant-tx","4822588","FIXED"
"LP24449-ledger-00507","san-patricio-tx","4822593","FIXED"
"LP24449-ledger-00508","van-zandt-tx","4822612","FIXED"
"LP24449-ledger-00509","hidalgo-tx","4822660","FIXED"
"LP24449-ledger-00510","hale-tx","4822708","FIXED"
"LP24449-ledger-00511","jackson-tx","4822720","FIXED"
"LP24449-ledger-00512","van-zandt-tx","4822744","FIXED"
"LP24449-ledger-00513","san-patricio-tx","4822768","FIXED"
"LP24449-ledger-00515","throckmorton-tx","4822840","FIXED"
"LP24449-ledger-00516","starr-tx","4822853","FIXED"
"LP24449-ledger-00517","cameron-tx","4822858","FIXED"
"LP24449-ledger-00518","wharton-tx","4822864","FIXED"
"LP24449-ledger-00519","starr-tx","4822892","FIXED"
"LP24449-ledger-00520","starr-tx","4822920","FIXED"
"LP24449-ledger-00521","schleicher-tx","4822960","FIXED"
"LP24449-ledger-00522","wichita-tx","4822984","FIXED"
"LP24449-ledger-00523","bastrop-tx","4823044","FIXED"
"LP24449-ledger-00524","travis-tx","4823044","FIXED"
"LP24449-ledger-00525","starr-tx","4823062","FIXED"
"LP24449-ledger-00526","maverick-tx","4823080","FIXED"
"LP24449-ledger-00527","anderson-tx","4823140","FIXED"
"LP24449-ledger-00528","harris-tx","4823164","FIXED"
"LP24449-ledger-00529","fayette-tx","4823176","FIXED"
"LP24449-ledger-00530","maverick-tx","4823254","FIXED"
"LP24449-ledger-00531","bexar-tx","4823272","FIXED"
"LP24449-ledger-00532","wilson-tx","4823272","FIXED"
"LP24449-ledger-00533","starr-tx","4823278","FIXED"
"LP24449-ledger-00534","kaufman-tx","4823356","FIXED"
"LP24449-ledger-00535","starr-tx","4823398","FIXED"
"LP24449-ledger-00536","el-paso-tx","4824000","FIXED"
"LP24449-ledger-00537","starr-tx","4824013","FIXED"
"LP24449-ledger-00538","starr-tx","4824015","FIXED"
"LP24449-ledger-00539","starr-tx","4824018","FIXED"
"LP24449-ledger-00540","hidalgo-tx","4824036","FIXED"
"LP24449-ledger-00541","starr-tx","4824055","FIXED"
"LP24449-ledger-00542","smith-tx","4824158","FIXED"
"LP24449-ledger-00543","navarro-tx","4824168","FIXED"
"LP24449-ledger-00544","rains-tx","4824216","FIXED"
"LP24449-ledger-00545","cameron-tx","4824223","FIXED"
"LP24449-ledger-00546","henderson-tx","4824228","FIXED"
"LP24449-ledger-00547","la-salle-tx","4824240","FIXED"
"LP24449-ledger-00548","brooks-tx","4824252","FIXED"
"LP24449-ledger-00549","ellis-tx","4824348","FIXED"
"LP24449-ledger-00550","starr-tx","4824552","FIXED"
"LP24449-ledger-00551","hall-tx","4824636","FIXED"
"LP24449-ledger-00552","starr-tx","4824738","FIXED"
"LP24449-ledger-00553","tarrant-tx","4824768","FIXED"
"LP24449-ledger-00554","navarro-tx","4824816","FIXED"
"LP24449-ledger-00555","henderson-tx","4824828","FIXED"
"LP24449-ledger-00556","jasper-tx","4824840","FIXED"
"LP24449-ledger-00557","coryell-tx","4824864","FIXED"
"LP24449-ledger-00558","hamilton-tx","4824864","FIXED"
"LP24449-ledger-00559","starr-tx","4824894","FIXED"
"LP24449-ledger-00560","tarrant-tx","4824912","FIXED"
"LP24449-ledger-00561","el-paso-tx","4825032","FIXED"
"LP24449-ledger-00562","maverick-tx","4825038","FIXED"
"LP24449-ledger-00563","fort-bend-tx","4825068","FIXED"
"LP24449-ledger-00564","freestone-tx","4825104","FIXED"
"LP24449-ledger-00565","bexar-tx","4825168","FIXED"
"LP24449-ledger-00566","comal-tx","4825168","FIXED"
"LP24449-ledger-00567","kendall-tx","4825168","FIXED"
"LP24449-ledger-00568","collin-tx","4825224","FIXED"
"LP24449-ledger-00569","starr-tx","4825338","FIXED"
"LP24449-ledger-00570","starr-tx","4825344","FIXED"
"LP24449-ledger-00571","zapata-tx","4825348","FIXED"
"LP24449-ledger-00572","zapata-tx","4825352","FIXED"
"LP24449-ledger-00573","starr-tx","4825356","FIXED"
"LP24449-ledger-00574","brooks-tx","4825368","FIXED"
"LP24449-ledger-00575","karnes-tx","4825392","FIXED"
"LP24449-ledger-00576","san-patricio-tx","4825397","FIXED"
"LP24449-ledger-00577","jefferson-tx","4825404","FIXED"
"LP24449-ledger-00578","dallas-tx","4825452","FIXED"
"LP24449-ledger-00579","collin-tx","4825488","FIXED"
"LP24449-ledger-00580","ochiltree-tx","4825512","FIXED"
"LP24449-ledger-00581","parmer-tx","4825548","FIXED"
"LP24449-ledger-00582","rockwall-tx","4825572","FIXED"
"LP24449-ledger-00583","fayette-tx","4825644","FIXED"
"LP24449-ledger-00584","starr-tx","4825744","FIXED"
"LP24449-ledger-00585","dallas-tx","4825752","FIXED"
"LP24449-ledger-00586","ellis-tx","4825752","FIXED"
"LP24449-ledger-00588","coryell-tx","4826004","FIXED"
"LP24449-ledger-00589","fayette-tx","4826028","FIXED"
"LP24449-ledger-00590","starr-tx","4826130","FIXED"
"LP24449-ledger-00591","williamson-tx","4826136","FIXED"
"LP24449-ledger-00592","wilson-tx","4826160","FIXED"
"LP24449-ledger-00593","brooks-tx","4826220","FIXED"
"LP24449-ledger-00594","denton-tx","4826232","FIXED"
"LP24449-ledger-00595","tarrant-tx","4826232","FIXED"
"LP24449-ledger-00596","floyd-tx","4826268","FIXED"
"LP24449-ledger-00597","scurry-tx","4826280","FIXED"
"LP24449-ledger-00598","lipscomb-tx","4826328","FIXED"
"LP24449-ledger-00599","orange-tx","4826516","FIXED"
"LP24449-ledger-00600","tarrant-tx","4826544","FIXED"
"LP24449-ledger-00601","kaufman-tx","4826604","FIXED"
"LP24449-ledger-00602","howard-tx","4826640","FIXED"
"LP24449-ledger-00603","el-paso-tx","4826664","FIXED"
"LP24449-ledger-00604","bell-tx","4826666","FIXED"
"LP24449-ledger-00605","coryell-tx","4826666","FIXED"
"LP24449-ledger-00606","kinney-tx","4826680","FIXED"
"LP24449-ledger-00607","jeff-davis-tx","4826688","FIXED"
"LP24449-ledger-00608","hudspeth-tx","4826724","FIXED"
"LP24449-ledger-00609","pecos-tx","4826808","FIXED"
"LP24449-ledger-00610","denton-tx","4827000","FIXED"
"LP24449-ledger-00611","johnson-tx","4827000","FIXED"
"LP24449-ledger-00612","parker-tx","4827000","FIXED"
"LP24449-ledger-00613","tarrant-tx","4827000","FIXED"
"LP24449-ledger-00614","wise-tx","4827000","FIXED"
"LP24449-ledger-00615","fort-bend-tx","4827102","FIXED"
"LP24449-ledger-00616","webb-tx","4827124","FIXED"
"LP24449-ledger-00617","la-salle-tx","4827144","FIXED"
"LP24449-ledger-00618","robertson-tx","4827288","FIXED"
"LP24449-ledger-00619","anderson-tx","4827300","FIXED"
"LP24449-ledger-00620","henderson-tx","4827300","FIXED"
"LP24449-ledger-00621","gillespie-tx","4827348","FIXED"
"LP24449-ledger-00622","brazoria-tx","4827420","FIXED"
"LP24449-ledger-00623","duval-tx","4827432","FIXED"
"LP24449-ledger-00624","fort-bend-tx","4827540","FIXED"
"LP24449-ledger-00625","galveston-tx","4827648","FIXED"
"LP24449-ledger-00626","harris-tx","4827648","FIXED"
"LP24449-ledger-00627","parmer-tx","4827660","FIXED"
"LP24449-ledger-00628","collin-tx","4827684","FIXED"
"LP24449-ledger-00629","denton-tx","4827684","FIXED"
"LP24449-ledger-00630","hutchinson-tx","4827696","FIXED"
"LP24449-ledger-00631","moore-tx","4827696","FIXED"
"LP24449-ledger-00632","starr-tx","4827744","FIXED"
"LP24449-ledger-00633","starr-tx","4827748","FIXED"
"LP24449-ledger-00634","navarro-tx","4827768","FIXED"
"LP24449-ledger-00635","van-zandt-tx","4827804","FIXED"
"LP24449-ledger-00636","fort-bend-tx","4827876","FIXED"
"LP24449-ledger-00637","aransas-tx","4827888","FIXED"
"LP24449-ledger-00638","borden-tx","4827972","FIXED"
"LP24449-ledger-00639","cooke-tx","4827984","FIXED"
"LP24449-ledger-00640","harris-tx","4827996","FIXED"
"LP24449-ledger-00641","cherokee-tx","4828008","FIXED"
"LP24449-ledger-00642","galveston-tx","4828068","FIXED"
"LP24449-ledger-00643","jackson-tx","4828080","FIXED"
"LP24449-ledger-00644","starr-tx","4828128","FIXED"
"LP24449-ledger-00645","starr-tx","4828152","FIXED"
"LP24449-ledger-00646","glasscock-tx","4828176","FIXED"
"LP24449-ledger-00647","ector-tx","4828200","FIXED"
"LP24449-ledger-00648","comal-tx","4828248","FIXED"
"LP24449-ledger-00649","travis-tx","4828320","FIXED"
"LP24449-ledger-00650","collin-tx","4829000","FIXED"
"LP24449-ledger-00651","dallas-tx","4829000","FIXED"
"LP24449-ledger-00652","parker-tx","4829012","FIXED"
"LP24449-ledger-00653","ellis-tx","4829036","FIXED"
"LP24449-ledger-00654","nacogdoches-tx","4829060","FIXED"
"LP24449-ledger-00655","colorado-tx","4829096","FIXED"
"LP24449-ledger-00656","panola-tx","4829108","FIXED"
"LP24449-ledger-00657","starr-tx","4829114","FIXED"
"LP24449-ledger-00658","coryell-tx","4829168","FIXED"
"LP24449-ledger-00659","milam-tx","4829216","FIXED"
"LP24449-ledger-00660","williamson-tx","4829336","FIXED"
"LP24449-ledger-00661","live-oak-tx","4829348","FIXED"
"LP24449-ledger-00662","guadalupe-tx","4829384","FIXED"
"LP24449-ledger-00663","mclennan-tx","4829408","FIXED"
"LP24449-ledger-00664","lee-tx","4829432","FIXED"
"LP24449-ledger-00665","upshur-tx","4829564","FIXED"
"LP24449-ledger-00666","kent-tx","4829612","FIXED"
"LP24449-ledger-00667","gregg-tx","4829660","FIXED"
"LP24449-ledger-00668","upshur-tx","4829660","FIXED"
"LP24449-ledger-00669","hemphill-tx","4829732","FIXED"
"LP24449-ledger-00670","dallas-tx","4829840","FIXED"
"LP24449-ledger-00671","ellis-tx","4829840","FIXED"
"LP24449-ledger-00672","somervell-tx","4829876","FIXED"
"LP24449-ledger-00673","colorado-tx","4829912","FIXED"
"LP24449-ledger-00674","johnson-tx","4829972","FIXED"
"LP24449-ledger-00675","ector-tx","4830044","FIXED"
"LP24449-ledger-00676","mills-tx","4830056","FIXED"
"LP24449-ledger-00677","goliad-tx","4830080","FIXED"
"LP24449-ledger-00678","falls-tx","4830092","FIXED"
"LP24449-ledger-00679","mclennan-tx","4830092","FIXED"
"LP24449-ledger-00680","gonzales-tx","4830116","FIXED"
"LP24449-ledger-00681","navarro-tx","4830188","FIXED"
"LP24449-ledger-00682","polk-tx","4830224","FIXED"
"LP24449-ledger-00683","palo-pinto-tx","4830272","FIXED"
"LP24449-ledger-00684","knox-tx","4830296","FIXED"
"LP24449-ledger-00685","eastland-tx","4830308","FIXED"
"LP24449-ledger-00686","palo-pinto-tx","4830380","FIXED"
"LP24449-ledger-00687","young-tx","4830392","FIXED"
"LP24449-ledger-00688","hood-tx","4830416","FIXED"
"LP24449-ledger-00689","ward-tx","4830440","FIXED"
"LP24449-ledger-00690","dallas-tx","4830464","FIXED"
"LP24449-ledger-00691","ellis-tx","4830464","FIXED"
"LP24449-ledger-00692","johnson-tx","4830464","FIXED"
"LP24449-ledger-00693","tarrant-tx","4830464","FIXED"
"LP24449-ledger-00694","van-zandt-tx","4830476","FIXED"
"LP24449-ledger-00695","johnson-tx","4830512","FIXED"
"LP24449-ledger-00696","williamson-tx","4830548","FIXED"
"LP24449-ledger-00697","montgomery-tx","4830560","FIXED"
"LP24449-ledger-00698","burnet-tx","4830584","FIXED"
"LP24449-ledger-00699","hidalgo-tx","4830608","FIXED"
"LP24449-ledger-00700","tom-green-tx","4830629","FIXED"
"LP24449-ledger-00701","houston-tx","4830632","FIXED"
"LP24449-ledger-00702","dallas-tx","4830644","FIXED"
"LP24449-ledger-00703","denton-tx","4830644","FIXED"
"LP24449-ledger-00704","tarrant-tx","4830644","FIXED"
"LP24449-ledger-00705","kaufman-tx","4830752","FIXED"
"LP24449-ledger-00706","cameron-tx","4830890","FIXED"
"LP24449-ledger-00707","hunt-tx","4830920","FIXED"
"LP24449-ledger-00708","san-patricio-tx","4831064","FIXED"
"LP24449-ledger-00709","bexar-tx","4831100","FIXED"
"LP24449-ledger-00710","limestone-tx","4831280","FIXED"
"LP24449-ledger-00711","carson-tx","4831292","FIXED"
"LP24449-ledger-00712","jefferson-tx","4831328","FIXED"
"LP24449-ledger-00713","trinity-tx","4831340","FIXED"
"LP24449-ledger-00714","hansford-tx","4831412","FIXED"
"LP24449-ledger-00715","starr-tx","4831442","FIXED"
"LP24449-ledger-00716","jim-hogg-tx","4831484","FIXED"
"LP24449-ledger-00717","henderson-tx","4831592","FIXED"
"LP24449-ledger-00718","grayson-tx","4831616","FIXED"
"LP24449-ledger-00719","comanche-tx","4831628","FIXED"
"LP24449-ledger-00720","king-tx","4831640","FIXED"
"LP24449-ledger-00721","starr-tx","4831646","FIXED"
"LP24449-ledger-00722","denton-tx","4831715","FIXED"
"LP24449-ledger-00723","hale-tx","4831820","FIXED"
"LP24449-ledger-00724","lavaca-tx","4831868","FIXED"
"LP24449-ledger-00725","mclennan-tx","4831880","FIXED"
"LP24449-ledger-00726","harrison-tx","4831904","FIXED"
"LP24449-ledger-00727","tarrant-tx","4831928","FIXED"
"LP24449-ledger-00728","hamilton-tx","4831952","FIXED"
"LP24449-ledger-00729","fisher-tx","4831964","FIXED"
"LP24449-ledger-00730","jones-tx","4831964","FIXED"
"LP24449-ledger-00731","jefferson-tx","4832012","FIXED"
"LP24449-ledger-00732","randall-tx","4832156","FIXED"
"LP24449-ledger-00733","swisher-tx","4832156","FIXED"
"LP24449-ledger-00734","liberty-tx","4832240","FIXED"
"LP24449-ledger-00735","hidalgo-tx","4832246","FIXED"
"LP24449-ledger-00736","hidalgo-tx","4832300","FIXED"
"LP24449-ledger-00737","bell-tx","4832312","FIXED"
"LP24449-ledger-00738","cameron-tx","4832372","FIXED"
"LP24449-ledger-00739","gillespie-tx","4832456","FIXED"
"LP24449-ledger-00740","wilbarger-tx","4832552","FIXED"
"LP24449-ledger-00741","castro-tx","4832576","FIXED"
"LP24449-ledger-00742","hartley-tx","4832612","FIXED"
"LP24449-ledger-00743","haskell-tx","4832696","FIXED"
"LP24449-ledger-00744","denton-tx","4832720","FIXED"
"LP24449-ledger-00745","tarrant-tx","4832720","FIXED"
"LP24449-ledger-00746","hidalgo-tx","4832792","FIXED"
"LP24449-ledger-00747","hunt-tx","4832810","FIXED"
"LP24449-ledger-00748","wood-tx","4832816","FIXED"
"LP24449-ledger-00749","jones-tx","4832840","FIXED"
"LP24449-ledger-00750","hays-tx","4832906","FIXED"
"LP24449-ledger-00751","starr-tx","4832910","FIXED"
"LP24449-ledger-00752","robertson-tx","4832972","FIXED"
"LP24449-ledger-00753","kaufman-tx","4832978","FIXED"
"LP24449-ledger-00754","kaufman-tx","4832984","FIXED"
"LP24449-ledger-00755","rockwall-tx","4832984","FIXED"
"LP24449-ledger-00756","jim-hogg-tx","4833008","FIXED"
"LP24449-ledger-00757","collin-tx","4833020","FIXED"
"LP24449-ledger-00758","denton-tx","4833020","FIXED"
"LP24449-ledger-00759","donley-tx","4833044","FIXED"
"LP24449-ledger-00760","harris-tx","4833068","FIXED"
"LP24449-ledger-00761","hidalgo-tx","4833092","FIXED"
"LP24449-ledger-00762","bexar-tx","4833146","FIXED"
"LP24449-ledger-00763","sabine-tx","4833188","FIXED"
"LP24449-ledger-00764","waller-tx","4833200","FIXED"
"LP24449-ledger-00765","rusk-tx","4833212","FIXED"
"LP24449-ledger-00766","clay-tx","4833284","FIXED"
"LP24449-ledger-00767","deaf-smith-tx","4833320","FIXED"
"LP24449-ledger-00768","scurry-tx","4833356","FIXED"
"LP24449-ledger-00769","mclennan-tx","4833428","FIXED"
"LP24449-ledger-00770","denton-tx","4833476","FIXED"
"LP24449-ledger-00771","erath-tx","4833548","FIXED"
"LP24449-ledger-00772","hamilton-tx","4833548","FIXED"
"LP24449-ledger-00773","hidalgo-tx","4833560","FIXED"
"LP24449-ledger-00774","smith-tx","4833578","FIXED"
"LP24449-ledger-00775","lipscomb-tx","4833608","FIXED"
"LP24449-ledger-00776","burnet-tx","4833794","FIXED"
"LP24449-ledger-00777","dallas-tx","4833824","FIXED"
"LP24449-ledger-00778","harris-tx","4833836","FIXED"
"LP24449-ledger-00779","denton-tx","4833848","FIXED"
"LP24449-ledger-00780","bexar-tx","4833968","FIXED"
"LP24449-ledger-00781","brazoria-tx","4834018","FIXED"
"LP24449-ledger-00782","hill-tx","4834088","FIXED"
"LP24449-ledger-00783","webb-tx","4834105","FIXED"
"LP24449-ledger-00784","leon-tx","4834136","FIXED"
"LP24449-ledger-00785","harris-tx","4834148","FIXED"
"LP24449-ledger-00786","galveston-tx","4834220","FIXED"
"LP24449-ledger-00787","aransas-tx","4834478","FIXED"
"LP24449-ledger-00788","brazoria-tx","4834502","FIXED"
"LP24449-ledger-00789","bell-tx","4834508","FIXED"
"LP24449-ledger-00790","archer-tx","4834532","FIXED"
"LP24449-ledger-00791","wood-tx","4834586","FIXED"
"LP24449-ledger-00792","bexar-tx","4834628","FIXED"
"LP24449-ledger-00793","el-paso-tx","4834671","FIXED"
"LP24449-ledger-00794","el-paso-tx","4834673","FIXED"
"LP24449-ledger-00795","medina-tx","4834676","FIXED"
"LP24449-ledger-00796","fannin-tx","4834700","FIXED"
"LP24449-ledger-00797","bowie-tx","4834736","FIXED"
"LP24449-ledger-00798","el-paso-tx","4834832","FIXED"
"LP24449-ledger-00799","travis-tx","4834856","FIXED"
"LP24449-ledger-00800","burnet-tx","4834862","FIXED"
"LP24449-ledger-00801","llano-tx","4834862","FIXED"
"LP24449-ledger-00802","parker-tx","4834865","FIXED"
"LP24449-ledger-00803","fort-bend-tx","4835000","FIXED"
"LP24449-ledger-00804","harris-tx","4835000","FIXED"
"LP24449-ledger-00805","montgomery-tx","4835000","FIXED"
"LP24449-ledger-00806","waller-tx","4835000","FIXED"
"LP24449-ledger-00807","donley-tx","4835072","FIXED"
"LP24449-ledger-00808","grayson-tx","4835084","FIXED"
"LP24449-ledger-00809","hill-tx","4835180","FIXED"
"LP24449-ledger-00810","erath-tx","4835204","FIXED"
"LP24449-ledger-00811","angelina-tx","4835228","FIXED"
"LP24449-ledger-00812","travis-tx","4835253","FIXED"
"LP24449-ledger-00813","parker-tx","4835254","FIXED"
"LP24449-ledger-00814","cass-tx","4835300","FIXED"
"LP24449-ledger-00815","morris-tx","4835300","FIXED"
"LP24449-ledger-00816","liberty-tx","4835324","FIXED"
"LP24449-ledger-00817","harris-tx","4835348","FIXED"
"LP24449-ledger-00818","wharton-tx","4835420","FIXED"
"LP24449-ledger-00819","harris-tx","4835480","FIXED"
"LP24449-ledger-00820","angelina-tx","4835492","FIXED"
"LP24449-ledger-00821","walker-tx","4835528","FIXED"
"LP24449-ledger-00822","tarrant-tx","4835576","FIXED"
"LP24449-ledger-00823","dallas-tx","4835612","FIXED"
"LP24449-ledger-00824","williamson-tx","4835624","FIXED"
"LP24449-ledger-00825","shelby-tx","4835636","FIXED"
"LP24449-ledger-00826","wharton-tx","4835684","FIXED"
"LP24449-ledger-00827","lubbock-tx","4835732","FIXED"
"LP24449-ledger-00828","cameron-tx","4835754","FIXED"
"LP24449-ledger-00829","taylor-tx","4835816","FIXED"
"LP24449-ledger-00830","pecos-tx","4835828","FIXED"
"LP24449-ledger-00831","hidalgo-tx","4835915","FIXED"
"LP24449-ledger-00832","cameron-tx","4835918","FIXED"
"LP24449-ledger-00833","polk-tx","4835954","FIXED"
"LP24449-ledger-00834","starr-tx","4835966","FIXED"
"LP24449-ledger-00835","austin-tx","4835984","FIXED"
"LP24449-ledger-00836","victoria-tx","4835996","FIXED"
"LP24449-ledger-00838","nueces-tx","4836008","FIXED"
"LP24449-ledger-00839","san-patricio-tx","4836008","FIXED"
"LP24449-ledger-00840","san-patricio-tx","4836020","FIXED"
"LP24449-ledger-00841","kerr-tx","4836032","FIXED"
"LP24449-ledger-00842","grimes-tx","4836068","FIXED"
"LP24449-ledger-00843","brazoria-tx","4836092","FIXED"
"LP24449-ledger-00844","wichita-tx","4836104","FIXED"
"LP24449-ledger-00845","pecos-tx","4836128","FIXED"
"LP24449-ledger-00846","bosque-tx","4836140","FIXED"
"LP24449-ledger-00847","dallas-tx","4837000","FIXED"
"LP24449-ledger-00848","ellis-tx","4837072","FIXED"
"LP24449-ledger-00849","hill-tx","4837084","FIXED"
"LP24449-ledger-00850","tyler-tx","4837112","FIXED"
"LP24449-ledger-00851","harris-tx","4837156","FIXED"
"LP24449-ledger-00852","jack-tx","4837168","FIXED"
"LP24449-ledger-00853","cherokee-tx","4837216","FIXED"
"LP24449-ledger-00854","galveston-tx","4837252","FIXED"
"LP24449-ledger-00855","starr-tx","4837390","FIXED"
"LP24449-ledger-00856","williamson-tx","4837396","FIXED"
"LP24449-ledger-00857","jasper-tx","4837420","FIXED"
"LP24449-ledger-00858","kent-tx","4837468","FIXED"
"LP24449-ledger-00859","marion-tx","4837528","FIXED"
"LP24449-ledger-00860","harris-tx","4837612","FIXED"
"LP24449-ledger-00861","leon-tx","4837648","FIXED"
"LP24449-ledger-00862","starr-tx","4837665","FIXED"
"LP24449-ledger-00863","shelby-tx","4837684","FIXED"
"LP24449-ledger-00864","blanco-tx","4837780","FIXED"
"LP24449-ledger-00865","clay-tx","4837924","FIXED"
"LP24449-ledger-00866","brazoria-tx","4837984","FIXED"
"LP24449-ledger-00867","travis-tx","4838020","FIXED"
"LP24449-ledger-00868","collin-tx","4838068","FIXED"
"LP24449-ledger-00869","hunt-tx","4838068","FIXED"
"LP24449-ledger-00870","johnson-tx","4838080","FIXED"
"LP24449-ledger-00871","atascosa-tx","4838116","FIXED"
"LP24449-ledger-00872","cameron-tx","4838168","FIXED"
"LP24449-ledger-00873","kimble-tx","4838248","FIXED"
"LP24449-ledger-00874","denton-tx","4838332","FIXED"
"LP24449-ledger-00875","karnes-tx","4838452","FIXED"
"LP24449-ledger-00876","fort-bend-tx","4838476","FIXED"
"LP24449-ledger-00877","harris-tx","4838476","FIXED"
"LP24449-ledger-00878","waller-tx","4838476","FIXED"
"LP24449-ledger-00879","kaufman-tx","4838488","FIXED"
"LP24449-ledger-00880","jim-wells-tx","4838518","FIXED"
"LP24449-ledger-00881","johnson-tx","4838548","FIXED"
"LP24449-ledger-00882","tarrant-tx","4838632","FIXED"
"LP24449-ledger-00883","galveston-tx","4838776","FIXED"
"LP24449-ledger-00884","kaufman-tx","4838788","FIXED"
"LP24449-ledger-00885","lampasas-tx","4838800","FIXED"
"LP24449-ledger-00886","fort-bend-tx","4838848","FIXED"
"LP24449-ledger-00887","karnes-tx","4838860","FIXED"
"LP24449-ledger-00888","liberty-tx","4838872","FIXED"
"LP24449-ledger-00889","houston-tx","4838884","FIXED"
"LP24449-ledger-00890","tarrant-tx","4838896","FIXED"
"LP24449-ledger-00891","navarro-tx","4838992","FIXED"
"LP24449-ledger-00892","winkler-tx","4839004","FIXED"
"LP24449-ledger-00893","kerr-tx","4839040","FIXED"
"LP24449-ledger-00894","gregg-tx","4839124","FIXED"
"LP24449-ledger-00895","rusk-tx","4839124","FIXED"
"LP24449-ledger-00896","bell-tx","4839148","FIXED"
"LP24449-ledger-00897","guadalupe-tx","4839292","FIXED"
"LP24449-ledger-00898","llano-tx","4839304","FIXED"
"LP24449-ledger-00899","kleberg-tx","4839352","FIXED"
"LP24449-ledger-00900","bexar-tx","4839448","FIXED"
"LP24449-ledger-00901","jasper-tx","4839460","FIXED"
"LP24449-ledger-00902","freestone-tx","4839520","FIXED"
"LP24449-ledger-00903","uvalde-tx","4839664","FIXED"
"LP24449-ledger-00904","grayson-tx","4839680","FIXED"
"LP24449-ledger-00905","knox-tx","4839700","FIXED"
"LP24449-ledger-00906","bosque-tx","4839784","FIXED"
"LP24449-ledger-00907","limestone-tx","4839844","FIXED"
"LP24449-ledger-00908","hardin-tx","4839868","FIXED"
"LP24449-ledger-00909","swisher-tx","4839904","FIXED"
"LP24449-ledger-00910","denton-tx","4839916","FIXED"
"LP24449-ledger-00911","denton-tx","4839928","FIXED"
"LP24449-ledger-00912","brazos-tx","4839940","FIXED"
"LP24449-ledger-00913","hays-tx","4839952","FIXED"
"LP24449-ledger-00914","hidalgo-tx","4839988","FIXED"
"LP24449-ledger-00915","starr-tx","4839994","FIXED"
"LP24449-ledger-00916","starr-tx","4840000","FIXED"
"LP24449-ledger-00917","starr-tx","4840018","FIXED"
"LP24449-ledger-00918","bexar-tx","4840036","FIXED"
"LP24449-ledger-00919","webb-tx","4840100","FIXED"
"LP24449-ledger-00920","hidalgo-tx","4840104","FIXED"
"LP24449-ledger-00921","medina-tx","4840108","FIXED"
"LP24449-ledger-00922","mclennan-tx","4840168","FIXED"
"LP24449-ledger-00923","fannin-tx","4840180","FIXED"
"LP24449-ledger-00924","starr-tx","4840186","FIXED"
"LP24449-ledger-00925","starr-tx","4840188","FIXED"
"LP24449-ledger-00926","cameron-tx","4840204","FIXED"
"LP24449-ledger-00927","cameron-tx","4840210","FIXED"
"LP24449-ledger-00928","cameron-tx","4840258","FIXED"
"LP24449-ledger-00929","fayette-tx","4840276","FIXED"
"LP24449-ledger-00930","starr-tx","4840288","FIXED"
"LP24449-ledger-00931","cameron-tx","4840300","FIXED"
"LP24449-ledger-00932","bosque-tx","4840312","FIXED"
"LP24449-ledger-00933","hidalgo-tx","4840320","FIXED"
"LP24449-ledger-00934","cameron-tx","4840336","FIXED"
"LP24449-ledger-00935","hidalgo-tx","4840342","FIXED"
"LP24449-ledger-00936","hidalgo-tx","4840384","FIXED"
"LP24449-ledger-00937","wise-tx","4840450","FIXED"
"LP24449-ledger-00938","brown-tx","4840456","FIXED"
"LP24449-ledger-00939","brazos-tx","4840462","FIXED"
"LP24449-ledger-00940","gregg-tx","4840468","FIXED"
"LP24449-ledger-00941","rusk-tx","4840468","FIXED"
"LP24449-ledger-00942","san-patricio-tx","4840472","FIXED"
"LP24449-ledger-00943","mitchell-tx","4840475","FIXED"
"LP24449-ledger-00944","denton-tx","4840516","FIXED"
"LP24449-ledger-00945","guadalupe-tx","4840522","FIXED"
"LP24449-ledger-00946","bandera-tx","4840576","FIXED"
"LP24449-ledger-00947","brazoria-tx","4840588","FIXED"
"LP24449-ledger-00948","cooke-tx","4840624","FIXED"
"LP24449-ledger-00949","bandera-tx","4840674","FIXED"
"LP24449-ledger-00950","medina-tx","4840674","FIXED"
"LP24449-ledger-00951","hutchinson-tx","4840676","FIXED"
"LP24449-ledger-00952","gregg-tx","4840696","FIXED"
"LP24449-ledger-00953","san-patricio-tx","4840714","FIXED"
"LP24449-ledger-00954","archer-tx","4840756","FIXED"
"LP24449-ledger-00955","randall-tx","4840804","FIXED"
"LP24449-ledger-00956","hall-tx","4840888","FIXED"
"LP24449-ledger-00957","val-verde-tx","4840966","FIXED"
"LP24449-ledger-00958","travis-tx","4840984","FIXED"
"LP24449-ledger-00959","denton-tx","4841050","FIXED"
"LP24449-ledger-00960","tarrant-tx","4841056","FIXED"
"LP24449-ledger-00961","starr-tx","4841086","FIXED"
"LP24449-ledger-00962","aransas-tx","4841092","FIXED"
"LP24449-ledger-00963","galveston-tx","4841116","FIXED"
"LP24449-ledger-00964","dawson-tx","4841164","FIXED"
"LP24449-ledger-00965","starr-tx","4841170","FIXED"
"LP24449-ledger-00966","comanche-tx","4841176","FIXED"
"LP24449-ledger-00967","webb-tx","4841180","FIXED"
"LP24449-ledger-00968","lampasas-tx","4841188","FIXED"
"LP24449-ledger-00969","dallas-tx","4841212","FIXED"
"LP24449-ledger-00970","denton-tx","4841404","FIXED"
"LP24449-ledger-00971","cameron-tx","4841416","FIXED"
"LP24449-ledger-00972","san-patricio-tx","4841420","FIXED"
"LP24449-ledger-00974","nueces-tx","4841422","FIXED"
"LP24449-ledger-00975","starr-tx","4841424","FIXED"
"LP24449-ledger-00976","harris-tx","4841440","FIXED"
"LP24449-ledger-00977","webb-tx","4841449","FIXED"
"LP24449-ledger-00978","zavala-tx","4841452","FIXED"
"LP24449-ledger-00979","starr-tx","4841458","FIXED"
"LP24449-ledger-00980","webb-tx","4841464","FIXED"
"LP24449-ledger-00981","webb-tx","4841473","FIXED"
"LP24449-ledger-00982","webb-tx","4841475","FIXED"
"LP24449-ledger-00983","starr-tx","4841503","FIXED"
"LP24449-ledger-00984","cameron-tx","4841542","FIXED"
"LP24449-ledger-00985","willacy-tx","4841548","FIXED"
"LP24449-ledger-00986","webb-tx","4841565","FIXED"
"LP24449-ledger-00987","starr-tx","4841566","FIXED"
"LP24449-ledger-00988","jim-hogg-tx","4841569","FIXED"
"LP24449-ledger-00989","zapata-tx","4841579","FIXED"
"LP24449-ledger-00990","cameron-tx","4841580","FIXED"
"LP24449-ledger-00991","webb-tx","4841582","FIXED"
"LP24449-ledger-00992","maverick-tx","4841583","FIXED"
"LP24449-ledger-00993","houston-tx","4841644","FIXED"
"LP24449-ledger-00994","cameron-tx","4841660","FIXED"
"LP24449-ledger-00995","val-verde-tx","4841704","FIXED"
"LP24449-ledger-00996","cameron-tx","4841728","FIXED"
"LP24449-ledger-00997","wilson-tx","4841764","FIXED"
"LP24449-ledger-00998","starr-tx","4841782","FIXED"
"LP24449-ledger-00999","hidalgo-tx","4841788","FIXED"
"LP24449-ledger-01000","collin-tx","4841800","FIXED"
"LP24449-ledger-01001","jackson-tx","4841848","FIXED"
"LP24449-ledger-01002","taylor-tx","4841872","FIXED"
"LP24449-ledger-01003","galveston-tx","4841980","FIXED"
"LP24449-ledger-01004","harris-tx","4841980","FIXED"
"LP24449-ledger-01005","real-tx","4842004","FIXED"
"LP24449-ledger-01006","travis-tx","4842016","FIXED"
"LP24449-ledger-01007","williamson-tx","4842016","FIXED"
"LP24449-ledger-01008","bowie-tx","4842028","FIXED"
"LP24449-ledger-01009","gray-tx","4842148","FIXED"
"LP24449-ledger-01010","donley-tx","4842244","FIXED"
"LP24449-ledger-01011","atascosa-tx","4842256","FIXED"
"LP24449-ledger-01012","leon-tx","4842340","FIXED"
"LP24449-ledger-01013","fannin-tx","4842352","FIXED"
"LP24449-ledger-01014","bexar-tx","4842388","FIXED"
"LP24449-ledger-01015","mclennan-tx","4842400","FIXED"
"LP24449-ledger-01016","hockley-tx","4842448","FIXED"
"LP24449-ledger-01017","dallas-tx","4842508","FIXED"
"LP24449-ledger-01018","denton-tx","4842508","FIXED"
"LP24449-ledger-01019","lee-tx","4842532","FIXED"
"LP24449-ledger-01020","liberty-tx","4842568","FIXED"
"LP24449-ledger-01021","gregg-tx","4842616","FIXED"
"LP24449-ledger-01022","williamson-tx","4842664","FIXED"
"LP24449-ledger-01023","smith-tx","4842820","FIXED"
"LP24449-ledger-01024","cass-tx","4842844","FIXED"
"LP24449-ledger-01025","erath-tx","4842880","FIXED"
"LP24449-ledger-01026","hidalgo-tx","4842916","FIXED"
"LP24449-ledger-01027","hood-tx","4842940","FIXED"
"LP24449-ledger-01028","lipscomb-tx","4842952","FIXED"
"LP24449-ledger-01029","orange-tx","4843000","FIXED"
"LP24449-ledger-01030","denton-tx","4843012","FIXED"
"LP24449-ledger-01031","lamb-tx","4843024","FIXED"
"LP24449-ledger-01032","bell-tx","4843066","FIXED"
"LP24449-ledger-01033","bexar-tx","4843096","FIXED"
"LP24449-ledger-01034","brazoria-tx","4843120","FIXED"
"LP24449-ledger-01035","polk-tx","4843132","FIXED"
"LP24449-ledger-01036","llano-tx","4843144","FIXED"
"LP24449-ledger-01037","hidalgo-tx","4843150","FIXED"
"LP24449-ledger-01038","wilbarger-tx","4843216","FIXED"
"LP24449-ledger-01039","caldwell-tx","4843240","FIXED"
"LP24449-ledger-01040","floyd-tx","4843252","FIXED"
"LP24449-ledger-01041","henderson-tx","4843354","FIXED"
"LP24449-ledger-01042","jackson-tx","4843432","FIXED"
"LP24449-ledger-01043","zavala-tx","4843458","FIXED"
"LP24449-ledger-01044","san-patricio-tx","4843460","FIXED"
"LP24449-ledger-01045","starr-tx","4843465","FIXED"
"LP24449-ledger-01046","starr-tx","4843474","FIXED"
"LP24449-ledger-01047","lampasas-tx","4843516","FIXED"
"LP24449-ledger-01048","hunt-tx","4843636","FIXED"
"LP24449-ledger-01049","morris-tx","4843684","FIXED"
"LP24449-ledger-01050","starr-tx","4843822","FIXED"
"LP24449-ledger-01051","gregg-tx","4843888","FIXED"
"LP24449-ledger-01052","harrison-tx","4843888","FIXED"
"LP24449-ledger-01053","gaines-tx","4843948","FIXED"
"LP24449-ledger-01055","hidalgo-tx","4843972","FIXED"
"LP24449-ledger-01056","mitchell-tx","4843996","FIXED"
"LP24449-ledger-01057","mclennan-tx","4844020","FIXED"
"LP24449-ledger-01058","crosby-tx","4844032","FIXED"
"LP24449-ledger-01059","webb-tx","4844038","FIXED"
"LP24449-ledger-01060","starr-tx","4844044","FIXED"
"LP24449-ledger-01061","willacy-tx","4844062","FIXED"
"LP24449-ledger-01062","webb-tx","4844072","FIXED"
"LP24449-ledger-01063","starr-tx","4844075","FIXED"
"LP24449-ledger-01064","starr-tx","4844076","FIXED"
"LP24449-ledger-01065","webb-tx","4844077","FIXED"
"LP24449-ledger-01066","webb-tx","4844079","FIXED"
"LP24449-ledger-01067","webb-tx","4844123","FIXED"
"LP24449-ledger-01068","cameron-tx","4844128","FIXED"
"LP24449-ledger-01069","zapata-tx","4844142","FIXED"
"LP24449-ledger-01070","webb-tx","4844145","FIXED"
"LP24449-ledger-01071","webb-tx","4844146","FIXED"
"LP24449-ledger-01072","travis-tx","4844162","FIXED"
"LP24449-ledger-01073","webb-tx","4844167","FIXED"
"LP24449-ledger-01074","webb-tx","4844168","FIXED"
"LP24449-ledger-01075","dawson-tx","4844170","FIXED"
"LP24449-ledger-01076","falls-tx","4844176","FIXED"
"LP24449-ledger-01077","wharton-tx","4844212","FIXED"
"LP24449-ledger-01078","houston-tx","4844260","FIXED"
"LP24449-ledger-01079","young-tx","4844284","FIXED"
"LP24449-ledger-01080","collin-tx","4844308","FIXED"
"LP24449-ledger-01081","cameron-tx","4844344","FIXED"
"LP24449-ledger-01082","lubbock-tx","4845000","FIXED"
"LP24449-ledger-01083","collin-tx","4845012","FIXED"
"LP24449-ledger-01084","jones-tx","4845048","FIXED"
"LP24449-ledger-01085","shackelford-tx","4845048","FIXED"
"LP24449-ledger-01086","angelina-tx","4845072","FIXED"
"LP24449-ledger-01087","caldwell-tx","4845096","FIXED"
"LP24449-ledger-01088","guadalupe-tx","4845096","FIXED"
"LP24449-ledger-01089","hardin-tx","4845120","FIXED"
"LP24449-ledger-01090","willacy-tx","4845228","FIXED"
"LP24449-ledger-01091","burleson-tx","4845276","FIXED"
"LP24449-ledger-01092","atascosa-tx","4845288","FIXED"
"LP24449-ledger-01093","bexar-tx","4845288","FIXED"
"LP24449-ledger-01094","medina-tx","4845288","FIXED"
"LP24449-ledger-01095","henderson-tx","4845324","FIXED"
"LP24449-ledger-01096","kaufman-tx","4845324","FIXED"
"LP24449-ledger-01097","van-zandt-tx","4845324","FIXED"
"LP24449-ledger-01098","hidalgo-tx","4845384","FIXED"
"LP24449-ledger-01099","upton-tx","4845432","FIXED"
"LP24449-ledger-01100","fisher-tx","4845444","FIXED"
"LP24449-ledger-01101","bastrop-tx","4845564","FIXED"
"LP24449-ledger-01102","bexar-tx","4845576","FIXED"
"LP24449-ledger-01103","coryell-tx","4845672","FIXED"
"LP24449-ledger-01104","mclennan-tx","4845672","FIXED"
"LP24449-ledger-01105","collin-tx","4845744","FIXED"
"LP24449-ledger-01106","andrews-tx","4845750","FIXED"
"LP24449-ledger-01107","gray-tx","4845780","FIXED"
"LP24449-ledger-01108","kaufman-tx","4845804","FIXED"
"LP24449-ledger-01109","rockwall-tx","4845804","FIXED"
"LP24449-ledger-01110","cass-tx","4845816","FIXED"
"LP24449-ledger-01111","guadalupe-tx","4845948","FIXED"
"LP24449-ledger-01112","madison-tx","4845996","FIXED"
"LP24449-ledger-01113","montgomery-tx","4846056","FIXED"
"LP24449-ledger-01114","calhoun-tx","4846080","FIXED"
"LP24449-ledger-01115","henderson-tx","4846224","FIXED"
"LP24449-ledger-01116","hill-tx","4846260","FIXED"
"LP24449-ledger-01117","travis-tx","4846308","FIXED"
"LP24449-ledger-01118","travis-tx","4846440","FIXED"
"LP24449-ledger-01119","ellis-tx","4846452","FIXED"
"LP24449-ledger-01120","johnson-tx","4846452","FIXED"
"LP24449-ledger-01121","tarrant-tx","4846452","FIXED"
"LP24449-ledger-01122","starr-tx","4846492","FIXED"
"LP24449-ledger-01123","starr-tx","4846494","FIXED"
"LP24449-ledger-01124","brazoria-tx","4846500","FIXED"
"LP24449-ledger-01125","brewster-tx","4846572","FIXED"
"LP24449-ledger-01126","burnet-tx","4846584","FIXED"
"LP24449-ledger-01127","presidio-tx","4846620","FIXED"
"LP24449-ledger-01128","cass-tx","4846668","FIXED"
"LP24449-ledger-01129","guadalupe-tx","4846692","FIXED"
"LP24449-ledger-01130","matagorda-tx","4846716","FIXED"
"LP24449-ledger-01131","falls-tx","4846740","FIXED"
"LP24449-ledger-01132","leon-tx","4846752","FIXED"
"LP24449-ledger-01133","harrison-tx","4846776","FIXED"
"LP24449-ledger-01134","limestone-tx","4846824","FIXED"
"LP24449-ledger-01135","mclennan-tx","4846824","FIXED"
"LP24449-ledger-01136","caldwell-tx","4846848","FIXED"
"LP24449-ledger-01137","starr-tx","4846854","FIXED"
"LP24449-ledger-01138","mason-tx","4846968","FIXED"
"LP24449-ledger-01139","motley-tx","4847004","FIXED"
"LP24449-ledger-01140","matagorda-tx","4847016","FIXED"
"LP24449-ledger-01141","san-patricio-tx","4847040","FIXED"
"LP24449-ledger-01142","bowie-tx","4847088","FIXED"
"LP24449-ledger-01143","orange-tx","4847100","FIXED"
"LP24449-ledger-01144","brown-tx","4847172","FIXED"
"LP24449-ledger-01145","ellis-tx","4847268","FIXED"
"LP24449-ledger-01146","terry-tx","4847316","FIXED"
"LP24449-ledger-01147","burnet-tx","4847330","FIXED"
"LP24449-ledger-01149","zapata-tx","4847406","FIXED"
"LP24449-ledger-01150","archer-tx","4847460","FIXED"
"LP24449-ledger-01151","collin-tx","4847496","FIXED"
"LP24449-ledger-01152","mcculloch-tx","4847568","FIXED"
"LP24449-ledger-01153","hall-tx","4847616","FIXED"
"LP24449-ledger-01154","menard-tx","4847628","FIXED"
"LP24449-ledger-01155","loving-tx","4847676","FIXED"
"LP24449-ledger-01156","hidalgo-tx","4847700","FIXED"
"LP24449-ledger-01157","bosque-tx","4847760","FIXED"
"LP24449-ledger-01158","taylor-tx","4847796","FIXED"
"LP24449-ledger-01159","hill-tx","4847820","FIXED"
"LP24449-ledger-01160","irion-tx","4847832","FIXED"
"LP24449-ledger-01161","limestone-tx","4847916","FIXED"
"LP24449-ledger-01162","roberts-tx","4847988","FIXED"
"LP24449-ledger-01163","matagorda-tx","4848048","FIXED"
"LP24449-ledger-01164","martin-tx","4848072","FIXED"
"LP24449-ledger-01165","midland-tx","4848072","FIXED"
"LP24449-ledger-01166","ellis-tx","4848096","FIXED"
"LP24449-ledger-01167","madison-tx","4848180","FIXED"
"LP24449-ledger-01168","hidalgo-tx","4848272","FIXED"
"LP24449-ledger-01169","hidalgo-tx","4848280","FIXED"
"LP24449-ledger-01170","starr-tx","4848315","FIXED"
"LP24449-ledger-01171","starr-tx","4848318","FIXED"
"LP24449-ledger-01172","hidalgo-tx","4848320","FIXED"
"LP24449-ledger-01173","sabine-tx","4848324","FIXED"
"LP24449-ledger-01174","milam-tx","4848336","FIXED"
"LP24449-ledger-01175","navarro-tx","4848372","FIXED"
"LP24449-ledger-01176","runnels-tx","4848396","FIXED"
"LP24449-ledger-01177","ellis-tx","4848408","FIXED"
"LP24449-ledger-01178","titus-tx","4848478","FIXED"
"LP24449-ledger-01179","parker-tx","4848564","FIXED"
"LP24449-ledger-01180","wood-tx","4848648","FIXED"
"LP24449-ledger-01181","palo-pinto-tx","4848684","FIXED"
"LP24449-ledger-01182","parker-tx","4848684","FIXED"
"LP24449-ledger-01183","palo-pinto-tx","4848720","FIXED"
"LP24449-ledger-01184","starr-tx","4848750","FIXED"
"LP24449-ledger-01185","webb-tx","4848756","FIXED"
"LP24449-ledger-01186","hidalgo-tx","4848768","FIXED"
"LP24449-ledger-01187","fort-bend-tx","4848772","FIXED"
"LP24449-ledger-01188","harris-tx","4848772","FIXED"
"LP24449-ledger-01189","fort-bend-tx","4848804","FIXED"
"LP24449-ledger-01190","harris-tx","4848804","FIXED"
"LP24449-ledger-01191","wheeler-tx","4848852","FIXED"
"LP24449-ledger-01192","rockwall-tx","4848858","FIXED"
"LP24449-ledger-01193","ward-tx","4848936","FIXED"
"LP24449-ledger-01194","winkler-tx","4848936","FIXED"
"LP24449-ledger-01195","montague-tx","4849032","FIXED"
"LP24449-ledger-01196","chambers-tx","4849068","FIXED"
"LP24449-ledger-01197","liberty-tx","4849068","FIXED"
"LP24449-ledger-01198","hidalgo-tx","4849080","FIXED"
"LP24449-ledger-01199","montgomery-tx","4849128","FIXED"
"LP24449-ledger-01200","mclennan-tx","4849200","FIXED"
"LP24449-ledger-01201","frio-tx","4849224","FIXED"
"LP24449-ledger-01202","henderson-tx","4849272","FIXED"
"LP24449-ledger-01203","starr-tx","4849300","FIXED"
"LP24449-ledger-01204","zapata-tx","4849314","FIXED"
"LP24449-ledger-01205","shackelford-tx","4849320","FIXED"
"LP24449-ledger-01206","bosque-tx","4849356","FIXED"
"LP24449-ledger-01207","san-patricio-tx","4849359","FIXED"
"LP24449-ledger-01208","chambers-tx","4849380","FIXED"
"LP24449-ledger-01209","harris-tx","4849380","FIXED"
"LP24449-ledger-01210","bell-tx","4849392","FIXED"
"LP24449-ledger-01211","el-paso-tx","4849411","FIXED"
"LP24449-ledger-01212","hansford-tx","4849440","FIXED"
"LP24449-ledger-01213","cochran-tx","4849464","FIXED"
"LP24449-ledger-01214","bosque-tx","4849512","FIXED"
"LP24449-ledger-01215","lavaca-tx","4849560","FIXED"
"LP24449-ledger-01216","coryell-tx","4849572","FIXED"
"LP24449-ledger-01217","hays-tx","4849600","FIXED"
"LP24449-ledger-01218","hill-tx","4849692","FIXED"
"LP24449-ledger-01219","rusk-tx","4849728","FIXED"
"LP24449-ledger-01220","titus-tx","4849800","FIXED"
"LP24449-ledger-01221","franklin-tx","4849860","FIXED"
"LP24449-ledger-01222","cooke-tx","4849932","FIXED"
"LP24449-ledger-01223","bailey-tx","4849968","FIXED"
"LP24449-ledger-01224","mills-tx","4849992","FIXED"
"LP24449-ledger-01225","knox-tx","4850040","FIXED"
"LP24449-ledger-01226","hidalgo-tx","4850058","FIXED"
"LP24449-ledger-01227","henderson-tx","4850076","FIXED"
"LP24449-ledger-01228","hidalgo-tx","4850092","FIXED"
"LP24449-ledger-01229","collin-tx","4850100","FIXED"
"LP24449-ledger-01230","bastrop-tx","4850200","FIXED"
"LP24449-ledger-01231","caldwell-tx","4850200","FIXED"
"LP24449-ledger-01232","travis-tx","4850200","FIXED"
"LP24449-ledger-01233","cooke-tx","4850220","FIXED"
"LP24449-ledger-01234","van-zandt-tx","4850232","FIXED"
"LP24449-ledger-01235","nacogdoches-tx","4850256","FIXED"
"LP24449-ledger-01236","colorado-tx","4850268","FIXED"
"LP24449-ledger-01237","morris-tx","4850316","FIXED"
"LP24449-ledger-01238","starr-tx","4850322","FIXED"
"LP24449-ledger-01239","bowie-tx","4850352","FIXED"
"LP24449-ledger-01240","harris-tx","4850376","FIXED"
"LP24449-ledger-01241","medina-tx","4850400","FIXED"
"LP24449-ledger-01242","navarro-tx","4850448","FIXED"
"LP24449-ledger-01243","brazos-tx","4850472","FIXED"
"LP24449-ledger-01244","grimes-tx","4850472","FIXED"
"LP24449-ledger-01245","castro-tx","4850496","FIXED"
"LP24449-ledger-01246","anderson-tx","4850544","FIXED"
"LP24449-ledger-01247","jefferson-tx","4850580","FIXED"
"LP24449-ledger-01248","fort-bend-tx","4850628","FIXED"
"LP24449-ledger-01249","starr-tx","4850742","FIXED"
"LP24449-ledger-01250","collin-tx","4850760","FIXED"
"LP24449-ledger-01251","tarrant-tx","4850772","FIXED"
"LP24449-ledger-01252","wise-tx","4850772","FIXED"
"LP24449-ledger-01253","guadalupe-tx","4850796","FIXED"
"LP24449-ledger-01254","bowie-tx","4850808","FIXED"
"LP24449-ledger-01255","comal-tx","4850820","FIXED"
"LP24449-ledger-01256","guadalupe-tx","4850820","FIXED"
"LP24449-ledger-01257","young-tx","4850868","FIXED"
"LP24449-ledger-01258","smith-tx","4850876","FIXED"
"LP24449-ledger-01259","lubbock-tx","4850916","FIXED"
"LP24449-ledger-01260","denton-tx","4850920","FIXED"
"LP24449-ledger-01261","wise-tx","4850920","FIXED"
"LP24449-ledger-01262","zapata-tx","4850924","FIXED"
"LP24449-ledger-01263","lynn-tx","4851012","FIXED"
"LP24449-ledger-01264","collin-tx","4851036","FIXED"
"LP24449-ledger-01265","rusk-tx","4851168","FIXED"
"LP24449-ledger-01266","cherokee-tx","4851336","FIXED"
"LP24449-ledger-01267","newton-tx","4851372","FIXED"
"LP24449-ledger-01268","austin-tx","4851384","FIXED"
"LP24449-ledger-01269","walker-tx","4851396","FIXED"
"LP24449-ledger-01270","hunt-tx","4851444","FIXED"
"LP24449-ledger-01271","caldwell-tx","4851492","FIXED"
"LP24449-ledger-01272","hays-tx","4851492","FIXED"
"LP24449-ledger-01273","starr-tx","4851552","FIXED"
"LP24449-ledger-01274","gonzales-tx","4851588","FIXED"
"LP24449-ledger-01275","wilson-tx","4851588","FIXED"
"LP24449-ledger-01276","montague-tx","4851648","FIXED"
"LP24449-ledger-01277","montague-tx","4851654","FIXED"
"LP24449-ledger-01278","bell-tx","4851708","FIXED"
"LP24449-ledger-01279","jefferson-tx","4851720","FIXED"
"LP24449-ledger-01280","smith-tx","4851756","FIXED"
"LP24449-ledger-01281","dewitt-tx","4851792","FIXED"
"LP24449-ledger-01282","maverick-tx","4851828","FIXED"
"LP24449-ledger-01283","leon-tx","4851840","FIXED"
"LP24449-ledger-01284","madison-tx","4851840","FIXED"
"LP24449-ledger-01285","bee-tx","4851852","FIXED"
"LP24449-ledger-01286","hidalgo-tx","4851900","FIXED"
"LP24449-ledger-01287","liberty-tx","4851984","FIXED"
"LP24449-ledger-01288","starr-tx","4852068","FIXED"
"LP24449-ledger-01289","denton-tx","4852212","FIXED"
"LP24449-ledger-01290","frio-tx","4852302","FIXED"
"LP24449-ledger-01291","tarrant-tx","4852356","FIXED"
"LP24449-ledger-01293","nueces-tx","4852404","FIXED"
"LP24449-ledger-01294","coleman-tx","4852668","FIXED"
"LP24449-ledger-01295","kaufman-tx","4852902","FIXED"
"LP24449-ledger-01296","san-jacinto-tx","4852992","FIXED"
"LP24449-ledger-01297","chambers-tx","4853004","FIXED"
"LP24449-ledger-01298","ellis-tx","4853115","FIXED"
"LP24449-ledger-01299","denton-tx","4853130","FIXED"
"LP24449-ledger-01300","montgomery-tx","4853190","FIXED"
"LP24449-ledger-01302","navarro-tx","4853217","FIXED"
"LP24449-ledger-01303","freestone-tx","4853232","FIXED"
"LP24449-ledger-01304","leon-tx","4853232","FIXED"
"LP24449-ledger-01305","haskell-tx","4853304","FIXED"
"LP24449-ledger-01306","san-patricio-tx","4853376","FIXED"
"LP24449-ledger-01307","ector-tx","4853388","FIXED"
"LP24449-ledger-01308","midland-tx","4853388","FIXED"
"LP24449-ledger-01309","dawson-tx","4853436","FIXED"
"LP24449-ledger-01310","lynn-tx","4853436","FIXED"
"LP24449-ledger-01311","coryell-tx","4853520","FIXED"
"LP24449-ledger-01312","webb-tx","4853556","FIXED"
"LP24449-ledger-01313","wilbarger-tx","4853616","FIXED"
"LP24449-ledger-01314","chambers-tx","4853824","FIXED"
"LP24449-ledger-01315","liberty-tx","4853824","FIXED"
"LP24449-ledger-01316","hidalgo-tx","4853934","FIXED"
"LP24449-ledger-01317","starr-tx","4853946","FIXED"
"LP24449-ledger-01318","cameron-tx","4853964","FIXED"
"LP24449-ledger-01319","starr-tx","4853970","FIXED"
"LP24449-ledger-01320","bexar-tx","4853988","FIXED"
"LP24449-ledger-01321","young-tx","4854000","FIXED"
"LP24449-ledger-01322","lamb-tx","4854012","FIXED"
"LP24449-ledger-01323","morris-tx","4854024","FIXED"
"LP24449-ledger-01324","polk-tx","4854048","FIXED"
"LP24449-ledger-01325","hockley-tx","4854075","FIXED"
"LP24449-ledger-01326","orange-tx","4854132","FIXED"
"LP24449-ledger-01327","jim-wells-tx","4854168","FIXED"
"LP24449-ledger-01328","cameron-tx","4854186","FIXED"
"LP24449-ledger-01329","fort-bend-tx","4854192","FIXED"
"LP24449-ledger-01330","upshur-tx","4854216","FIXED"
"LP24449-ledger-01331","rusk-tx","4854432","FIXED"
"LP24449-ledger-01332","smith-tx","4854432","FIXED"
"LP24449-ledger-01333","dallas-tx","4854444","FIXED"
"LP24449-ledger-01334","ellis-tx","4854444","FIXED"
"LP24449-ledger-01335","jim-wells-tx","4854509","FIXED"
"LP24449-ledger-01336","brazoria-tx","4854528","FIXED"
"LP24449-ledger-01337","crockett-tx","4854552","FIXED"
"LP24449-ledger-01338","starr-tx","4854558","FIXED"
"LP24449-ledger-01339","cottle-tx","4854600","FIXED"
"LP24449-ledger-01340","bastrop-tx","4854624","FIXED"
"LP24449-ledger-01341","concho-tx","4854636","FIXED"
"LP24449-ledger-01342","san-patricio-tx","4854666","FIXED"
"LP24449-ledger-01343","matagorda-tx","4854684","FIXED"
"LP24449-ledger-01344","anderson-tx","4854708","FIXED"
"LP24449-ledger-01345","randall-tx","4854726","FIXED"
"LP24449-ledger-01346","hidalgo-tx","4854780","FIXED"
"LP24449-ledger-01347","cameron-tx","4854798","FIXED"
"LP24449-ledger-01348","hidalgo-tx","4854804","FIXED"
"LP24449-ledger-01349","hidalgo-tx","4854810","FIXED"
"LP24449-ledger-01350","starr-tx","4854846","FIXED"
"LP24449-ledger-01351","denton-tx","4854868","FIXED"
"LP24449-ledger-01352","denton-tx","4854872","FIXED"
"LP24449-ledger-01353","palo-pinto-tx","4854876","FIXED"
"LP24449-ledger-01354","gray-tx","4854912","FIXED"
"LP24449-ledger-01355","carson-tx","4854960","FIXED"
"LP24449-ledger-01356","montgomery-tx","4855008","FIXED"
"LP24449-ledger-01357","tarrant-tx","4855020","FIXED"
"LP24449-ledger-01358","wise-tx","4855056","FIXED"
"LP24449-ledger-01359","lamar-tx","4855080","FIXED"
"LP24449-ledger-01360","collin-tx","4855152","FIXED"
"LP24449-ledger-01361","harris-tx","4856000","FIXED"
"LP24449-ledger-01362","waller-tx","4856108","FIXED"
"LP24449-ledger-01363","montgomery-tx","4856156","FIXED"
"LP24449-ledger-01364","bee-tx","4856252","FIXED"
"LP24449-ledger-01365","henderson-tx","4856276","FIXED"
"LP24449-ledger-01366","brazoria-tx","4856348","FIXED"
"LP24449-ledger-01367","fort-bend-tx","4856348","FIXED"
"LP24449-ledger-01368","harris-tx","4856348","FIXED"
"LP24449-ledger-01369","frio-tx","4856384","FIXED"
"LP24449-ledger-01370","parker-tx","4856432","FIXED"
"LP24449-ledger-01371","tarrant-tx","4856462","FIXED"
"LP24449-ledger-01372","wise-tx","4856462","FIXED"
"LP24449-ledger-01373","delta-tx","4856468","FIXED"
"LP24449-ledger-01374","fannin-tx","4856468","FIXED"
"LP24449-ledger-01375","fort-bend-tx","4856482","FIXED"
"LP24449-ledger-01376","ellis-tx","4856485","FIXED"
"LP24449-ledger-01377","hood-tx","4856498","FIXED"
"LP24449-ledger-01378","johnson-tx","4856498","FIXED"
"LP24449-ledger-01379","tarrant-tx","4856640","FIXED"
"LP24449-ledger-01380","starr-tx","4856644","FIXED"
"LP24449-ledger-01381","bell-tx","4856660","FIXED"
"LP24449-ledger-01382","hill-tx","4856672","FIXED"
"LP24449-ledger-01383","hidalgo-tx","4856696","FIXED"
"LP24449-ledger-01384","hidalgo-tx","4856804","FIXED"
"LP24449-ledger-01385","jack-tx","4856864","FIXED"
"LP24449-ledger-01386","ochiltree-tx","4856912","FIXED"
"LP24449-ledger-01387","hale-tx","4856996","FIXED"
"LP24449-ledger-01388","clay-tx","4857044","FIXED"
"LP24449-ledger-01390","nueces-tx","4857056","FIXED"
"LP24449-ledger-01391","bee-tx","4857116","FIXED"
"LP24449-ledger-01392","lamar-tx","4857128","FIXED"
"LP24449-ledger-01393","travis-tx","4857176","FIXED"
"LP24449-ledger-01394","williamson-tx","4857176","FIXED"
"LP24449-ledger-01395","hidalgo-tx","4857200","FIXED"
"LP24449-ledger-01396","cooke-tx","4857476","FIXED"
"LP24449-ledger-01397","denton-tx","4857476","FIXED"
"LP24449-ledger-01398","grayson-tx","4857476","FIXED"
"LP24449-ledger-01399","grimes-tx","4857494","FIXED"
"LP24449-ledger-01400","orange-tx","4857524","FIXED"
"LP24449-ledger-01401","marion-tx","4857566","FIXED"
"LP24449-ledger-01402","waller-tx","4857615","FIXED"
"LP24449-ledger-01403","sabine-tx","4857644","FIXED"
"LP24449-ledger-01404","hardin-tx","4857752","FIXED"
"LP24449-ledger-01405","harris-tx","4857800","FIXED"
"LP24449-ledger-01406","camp-tx","4857908","FIXED"
"LP24449-ledger-01407","victoria-tx","4857932","FIXED"
"LP24449-ledger-01408","yoakum-tx","4857968","FIXED"
"LP24449-ledger-01409","hale-tx","4857980","FIXED"
"LP24449-ledger-01410","collin-tx","4858016","FIXED"
"LP24449-ledger-01411","denton-tx","4858016","FIXED"
"LP24449-ledger-01412","grimes-tx","4858040","FIXED"
"LP24449-ledger-01413","fort-bend-tx","4858088","FIXED"
"LP24449-ledger-01414","polk-tx","4858232","FIXED"
"LP24449-ledger-01415","atascosa-tx","4858280","FIXED"
"LP24449-ledger-01416","wichita-tx","4858400","FIXED"
"LP24449-ledger-01417","fayette-tx","4858436","FIXED"
"LP24449-ledger-01418","liberty-tx","4858448","FIXED"
"LP24449-ledger-01419","hunt-tx","4858502","FIXED"
"LP24449-ledger-01420","kaufman-tx","4858502","FIXED"
"LP24449-ledger-01421","rains-tx","4858532","FIXED"
"LP24449-ledger-01422","san-jacinto-tx","4858556","FIXED"
"LP24449-ledger-01423","calhoun-tx","4858568","FIXED"
"LP24449-ledger-01424","travis-tx","4858586","FIXED"
"LP24449-ledger-01425","denton-tx","4858664","FIXED"
"LP24449-ledger-01427","nueces-tx","4858808","FIXED"
"LP24449-ledger-01428","jefferson-tx","4858820","FIXED"
"LP24449-ledger-01429","orange-tx","4858820","FIXED"
"LP24449-ledger-01430","montgomery-tx","4858850","FIXED"
"LP24449-ledger-01431","cameron-tx","4858892","FIXED"
"LP24449-ledger-01433","nueces-tx","4858904","FIXED"
"LP24449-ledger-01434","san-patricio-tx","4858904","FIXED"
"LP24449-ledger-01435","calhoun-tx","4858916","FIXED"
"LP24449-ledger-01436","willacy-tx","4858928","FIXED"
"LP24449-ledger-01437","jefferson-tx","4858940","FIXED"
"LP24449-ledger-01438","calhoun-tx","4858952","FIXED"
"LP24449-ledger-01439","garza-tx","4859012","FIXED"
"LP24449-ledger-01440","kaufman-tx","4859065","FIXED"
"LP24449-ledger-01441","atascosa-tx","4859084","FIXED"
"LP24449-ledger-01442","wilson-tx","4859096","FIXED"
"LP24449-ledger-01443","taylor-tx","4859108","FIXED"
"LP24449-ledger-01444","grayson-tx","4859132","FIXED"
"LP24449-ledger-01445","lamar-tx","4859156","FIXED"
"LP24449-ledger-01446","navarro-tx","4859168","FIXED"
"LP24449-ledger-01447","henderson-tx","4859192","FIXED"
"LP24449-ledger-01448","el-paso-tx","4859210","FIXED"
"LP24449-ledger-01449","milam-tx","4859216","FIXED"
"LP24449-ledger-01450","waller-tx","4859336","FIXED"
"LP24449-ledger-01451","jim-wells-tx","4859384","FIXED"
"LP24449-ledger-01452","presidio-tx","4859396","FIXED"
"LP24449-ledger-01453","grayson-tx","4859420","FIXED"
"LP24449-ledger-01454","mills-tx","4859528","FIXED"
"LP24449-ledger-01455","cameron-tx","4859540","FIXED"
"LP24449-ledger-01456","collin-tx","4859576","FIXED"
"LP24449-ledger-01457","comanche-tx","4859612","FIXED"
"LP24449-ledger-01458","hidalgo-tx","4859636","FIXED"
"LP24449-ledger-01459","hidalgo-tx","4859642","FIXED"
"LP24449-ledger-01460","collin-tx","4859696","FIXED"
"LP24449-ledger-01461","denton-tx","4859696","FIXED"
"LP24449-ledger-01462","denton-tx","4859748","FIXED"
"LP24449-ledger-01463","webb-tx","4859794","FIXED"
"LP24449-ledger-01464","webb-tx","4859798","FIXED"
"LP24449-ledger-01465","callahan-tx","4859984","FIXED"
"LP24449-ledger-01466","ward-tx","4859996","FIXED"
"LP24449-ledger-01467","collingsworth-tx","4860020","FIXED"
"LP24449-ledger-01468","victoria-tx","4860026","FIXED"
"LP24449-ledger-01469","hardeman-tx","4860044","FIXED"
"LP24449-ledger-01470","cass-tx","4860080","FIXED"
"LP24449-ledger-01471","maverick-tx","4860092","FIXED"
"LP24449-ledger-01472","starr-tx","4860098","FIXED"
"LP24449-ledger-01473","hunt-tx","4860140","FIXED"
"LP24449-ledger-01474","brazoria-tx","4860164","FIXED"
"LP24449-ledger-01475","briscoe-tx","4860176","FIXED"
"LP24449-ledger-01476","wood-tx","4860188","FIXED"
"LP24449-ledger-01477","maverick-tx","4860278","FIXED"
"LP24449-ledger-01478","starr-tx","4860290","FIXED"
"LP24449-ledger-01479","crosby-tx","4860356","FIXED"
"LP24449-ledger-01480","zapata-tx","4860380","FIXED"
"LP24449-ledger-01481","starr-tx","4860408","FIXED"
"LP24449-ledger-01482","starr-tx","4860422","FIXED"
"LP24449-ledger-01483","willacy-tx","4860458","FIXED"
"LP24449-ledger-01484","starr-tx","4860478","FIXED"
"LP24449-ledger-01485","webb-tx","4860480","FIXED"
"LP24449-ledger-01486","webb-tx","4860482","FIXED"
"LP24449-ledger-01487","jim-wells-tx","4860518","FIXED"
"LP24449-ledger-01489","nueces-tx","4860529","FIXED"
"LP24449-ledger-01490","san-patricio-tx","4860534","FIXED"
"LP24449-ledger-01491","webb-tx","4860539","FIXED"
"LP24449-ledger-01492","bexar-tx","4860608","FIXED"
"LP24449-ledger-01493","eastland-tx","4860632","FIXED"
"LP24449-ledger-01494","upton-tx","4860668","FIXED"
"LP24449-ledger-01495","lubbock-tx","4860672","FIXED"
"LP24449-ledger-01496","cameron-tx","4860686","FIXED"
"LP24449-ledger-01497","fannin-tx","4860752","FIXED"
"LP24449-ledger-01498","willacy-tx","4860836","FIXED"
"LP24449-ledger-01499","duval-tx","4860932","FIXED"
"LP24449-ledger-01500","nacogdoches-tx","4861040","FIXED"
"LP24449-ledger-01501","presidio-tx","4861076","FIXED"
"LP24449-ledger-01502","angelina-tx","4861124","FIXED"
"LP24449-ledger-01503","bowie-tx","4861172","FIXED"
"LP24449-ledger-01504","ellis-tx","4861196","FIXED"
"LP24449-ledger-01505","bastrop-tx","4861280","FIXED"
"LP24449-ledger-01506","bowie-tx","4861340","FIXED"
"LP24449-ledger-01507","guadalupe-tx","4861352","FIXED"
"LP24449-ledger-01508","refugio-tx","4861436","FIXED"
"LP24449-ledger-01509","starr-tx","4861454","FIXED"
"LP24449-ledger-01510","cameron-tx","4861466","FIXED"
"LP24449-ledger-01511","cherokee-tx","4861508","FIXED"
"LP24449-ledger-01512","rusk-tx","4861508","FIXED"
"LP24449-ledger-01513","hidalgo-tx","4861532","FIXED"
"LP24449-ledger-01514","tarrant-tx","4861568","FIXED"
"LP24449-ledger-01515","navarro-tx","4861616","FIXED"
"LP24449-ledger-01516","wise-tx","4861700","FIXED"
"LP24449-ledger-01517","kleberg-tx","4861724","FIXED"
"LP24449-ledger-01518","navarro-tx","4861736","FIXED"
"LP24449-ledger-01519","cameron-tx","4861766","FIXED"
"LP24449-ledger-01520","grimes-tx","4861784","FIXED"
"LP24449-ledger-01521","collin-tx","4861796","FIXED"
"LP24449-ledger-01522","dallas-tx","4861796","FIXED"
"LP24449-ledger-01523","navarro-tx","4861820","FIXED"
"LP24449-ledger-01524","tarrant-tx","4861844","FIXED"
"LP24449-ledger-01525","san-saba-tx","4861880","FIXED"
"LP24449-ledger-01526","fort-bend-tx","4861892","FIXED"
"LP24449-ledger-01527","brazoria-tx","4861904","FIXED"
"LP24449-ledger-01528","mclennan-tx","4862108","FIXED"
"LP24449-ledger-01529","montague-tx","4862132","FIXED"
"LP24449-ledger-01530","webb-tx","4862138","FIXED"
"LP24449-ledger-01531","starr-tx","4862168","FIXED"
"LP24449-ledger-01532","cameron-tx","4862180","FIXED"
"LP24449-ledger-01533","johnson-tx","4862240","FIXED"
"LP24449-ledger-01534","eastland-tx","4862252","FIXED"
"LP24449-ledger-01535","starr-tx","4862318","FIXED"
"LP24449-ledger-01536","tarrant-tx","4862384","FIXED"
"LP24449-ledger-01537","walker-tx","4862408","FIXED"
"LP24449-ledger-01538","kleberg-tx","4862468","FIXED"
"LP24449-ledger-01540","denton-tx","4862504","FIXED"
"LP24449-ledger-01541","tarrant-tx","4862504","FIXED"
"LP24449-ledger-01542","motley-tx","4862528","FIXED"
"LP24449-ledger-01543","coke-tx","4862564","FIXED"
"LP24449-ledger-01544","mclennan-tx","4862588","FIXED"
"LP24449-ledger-01546","nueces-tx","4862600","FIXED"
"LP24449-ledger-01547","fisher-tx","4862612","FIXED"
"LP24449-ledger-01548","mcculloch-tx","4862624","FIXED"
"LP24449-ledger-01549","haskell-tx","4862636","FIXED"
"LP24449-ledger-01550","milam-tx","4862672","FIXED"
"LP24449-ledger-01551","colorado-tx","4862732","FIXED"
"LP24449-ledger-01552","aransas-tx","4862804","FIXED"
"LP24449-ledger-01553","edwards-tx","4862816","FIXED"
"LP24449-ledger-01554","rockwall-tx","4862828","FIXED"
"LP24449-ledger-01556","camp-tx","4862870","FIXED"
"LP24449-ledger-01557","bell-tx","4862924","FIXED"
"LP24449-ledger-01558","travis-tx","4863008","FIXED"
"LP24449-ledger-01559","starr-tx","4863020","FIXED"
"LP24449-ledger-01560","montgomery-tx","4863044","FIXED"
"LP24449-ledger-01561","hockley-tx","4863140","FIXED"
"LP24449-ledger-01562","bastrop-tx","4863164","FIXED"
"LP24449-ledger-01563","nolan-tx","4863176","FIXED"
"LP24449-ledger-01564","falls-tx","4863188","FIXED"
"LP24449-ledger-01565","orange-tx","4863200","FIXED"
"LP24449-ledger-01566","hardin-tx","4863272","FIXED"
"LP24449-ledger-01567","fort-bend-tx","4863284","FIXED"
"LP24449-ledger-01568","brazoria-tx","4863332","FIXED"
"LP24449-ledger-01569","maverick-tx","4863350","FIXED"
"LP24449-ledger-01570","mclennan-tx","4863380","FIXED"
"LP24449-ledger-01571","kaufman-tx","4863404","FIXED"
"LP24449-ledger-01572","fisher-tx","4863464","FIXED"
"LP24449-ledger-01573","blanco-tx","4863476","FIXED"
"LP24449-ledger-01574","travis-tx","4863500","FIXED"
"LP24449-ledger-01575","williamson-tx","4863500","FIXED"
"LP24449-ledger-01576","fayette-tx","4863524","FIXED"
"LP24449-ledger-01577","runnels-tx","4863560","FIXED"
"LP24449-ledger-01578","dallas-tx","4863572","FIXED"
"LP24449-ledger-01579","rockwall-tx","4863572","FIXED"
"LP24449-ledger-01580","lamar-tx","4863584","FIXED"
"LP24449-ledger-01581","collin-tx","4863668","FIXED"
"LP24449-ledger-01582","hunt-tx","4863668","FIXED"
"LP24449-ledger-01583","rockwall-tx","4863668","FIXED"
"LP24449-ledger-01584","haskell-tx","4863752","FIXED"
"LP24449-ledger-01585","wise-tx","4863782","FIXED"
"LP24449-ledger-01586","karnes-tx","4863788","FIXED"
"LP24449-ledger-01587","cherokee-tx","4863848","FIXED"
"LP24449-ledger-01588","uvalde-tx","4864004","FIXED"
"LP24449-ledger-01589","collin-tx","4864064","FIXED"
"LP24449-ledger-01590","dallas-tx","4864064","FIXED"
"LP24449-ledger-01591","grayson-tx","4864088","FIXED"
"LP24449-ledger-01592","tarrant-tx","4864112","FIXED"
"LP24449-ledger-01594","montague-tx","4864184","FIXED"
"LP24449-ledger-01595","bell-tx","4864268","FIXED"
"LP24449-ledger-01596","hidalgo-tx","4864307","FIXED"
"LP24449-ledger-01599","starr-tx","4864442","FIXED"
"LP24449-ledger-01600","collingsworth-tx","4864448","FIXED"
"LP24449-ledger-01601","jasper-tx","4864460","FIXED"
"LP24449-ledger-01602","tom-green-tx","4864472","FIXED"
"LP24449-ledger-01603","bexar-tx","4865000","FIXED"
"LP24449-ledger-01604","comal-tx","4865000","FIXED"
"LP24449-ledger-01605","medina-tx","4865000","FIXED"
"LP24449-ledger-01606","san-augustine-tx","4865024","FIXED"
"LP24449-ledger-01607","cameron-tx","4865036","FIXED"
"LP24449-ledger-01608","hidalgo-tx","4865048","FIXED"
"LP24449-ledger-01609","webb-tx","4865049","FIXED"
"LP24449-ledger-01610","webb-tx","4865050","FIXED"
"LP24449-ledger-01611","parker-tx","4865066","FIXED"
"LP24449-ledger-01612","terrell-tx","4865084","FIXED"
"LP24449-ledger-01613","jim-wells-tx","4865168","FIXED"
"LP24449-ledger-01614","duval-tx","4865180","FIXED"
"LP24449-ledger-01615","jim-wells-tx","4865180","FIXED"
"LP24449-ledger-01616","starr-tx","4865210","FIXED"
"LP24449-ledger-01617","howard-tx","4865240","FIXED"
"LP24449-ledger-01619","nueces-tx","4865342","FIXED"
"LP24449-ledger-01620","bexar-tx","4865344","FIXED"
"LP24449-ledger-01621","brazoria-tx","4865345","FIXED"
"LP24449-ledger-01622","el-paso-tx","4865360","FIXED"
"LP24449-ledger-01623","austin-tx","4865372","FIXED"
"LP24449-ledger-01624","starr-tx","4865378","FIXED"
"LP24449-ledger-01625","hutchinson-tx","4865384","FIXED"
"LP24449-ledger-01626","cooke-tx","4865408","FIXED"
"LP24449-ledger-01627","denton-tx","4865408","FIXED"
"LP24449-ledger-01628","starr-tx","4865432","FIXED"
"LP24449-ledger-01629","travis-tx","4865552","FIXED"
"LP24449-ledger-01630","galveston-tx","4865564","FIXED"
"LP24449-ledger-01631","caldwell-tx","4865600","FIXED"
"LP24449-ledger-01632","guadalupe-tx","4865600","FIXED"
"LP24449-ledger-01633","hays-tx","4865600","FIXED"
"LP24449-ledger-01634","san-patricio-tx","4865612","FIXED"
"LP24449-ledger-01635","cameron-tx","4865620","FIXED"
"LP24449-ledger-01636","willacy-tx","4865636","FIXED"
"LP24449-ledger-01637","san-saba-tx","4865648","FIXED"
"LP24449-ledger-01638","tarrant-tx","4865660","FIXED"
"LP24449-ledger-01639","guadalupe-tx","4865690","FIXED"
"LP24449-ledger-01640","starr-tx","4865708","FIXED"
"LP24449-ledger-01641","galveston-tx","4865726","FIXED"
"LP24449-ledger-01642","cameron-tx","4865744","FIXED"
"LP24449-ledger-01643","willacy-tx","4865756","FIXED"
"LP24449-ledger-01644","williamson-tx","4865762","FIXED"
"LP24449-ledger-01645","starr-tx","4865777","FIXED"
"LP24449-ledger-01646","palo-pinto-tx","4865780","FIXED"
"LP24449-ledger-01647","zapata-tx","4865792","FIXED"
"LP24449-ledger-01648","matagorda-tx","4865864","FIXED"
"LP24449-ledger-01649","kenedy-tx","4865876","FIXED"
"LP24449-ledger-01650","denton-tx","4866000","FIXED"
"LP24449-ledger-01651","fannin-tx","4866008","FIXED"
"LP24449-ledger-01652","bexar-tx","4866089","FIXED"
"LP24449-ledger-01653","bexar-tx","4866128","FIXED"
"LP24449-ledger-01654","comal-tx","4866128","FIXED"
"LP24449-ledger-01655","guadalupe-tx","4866128","FIXED"
"LP24449-ledger-01656","fayette-tx","4866188","FIXED"
"LP24449-ledger-01657","hidalgo-tx","4866248","FIXED"
"LP24449-ledger-01658","archer-tx","4866284","FIXED"
"LP24449-ledger-01659","harrison-tx","4866332","FIXED"
"LP24449-ledger-01660","kaufman-tx","4866368","FIXED"
"LP24449-ledger-01661","chambers-tx","4866392","FIXED"
"LP24449-ledger-01662","harris-tx","4866392","FIXED"
"LP24449-ledger-01663","calhoun-tx","4866416","FIXED"
"LP24449-ledger-01664","dallas-tx","4866428","FIXED"
"LP24449-ledger-01665","kaufman-tx","4866428","FIXED"
"LP24449-ledger-01666","gaines-tx","4866440","FIXED"
"LP24449-ledger-01667","austin-tx","4866464","FIXED"
"LP24449-ledger-01668","willacy-tx","4866512","FIXED"
"LP24449-ledger-01669","maverick-tx","4866536","FIXED"
"LP24449-ledger-01670","guadalupe-tx","4866644","FIXED"
"LP24449-ledger-01671","collin-tx","4866686","FIXED"
"LP24449-ledger-01672","bexar-tx","4866704","FIXED"
"LP24449-ledger-01673","comal-tx","4866704","FIXED"
"LP24449-ledger-01674","guadalupe-tx","4866704","FIXED"
"LP24449-ledger-01675","gaines-tx","4866764","FIXED"
"LP24449-ledger-01676","williamson-tx","4866806","FIXED"
"LP24449-ledger-01677","hale-tx","4866848","FIXED"
"LP24449-ledger-01678","polk-tx","4866884","FIXED"
"LP24449-ledger-01679","henderson-tx","4866908","FIXED"
"LP24449-ledger-01680","kaufman-tx","4866908","FIXED"
"LP24449-ledger-01681","baylor-tx","4866968","FIXED"
"LP24449-ledger-01682","cherokee-tx","4867010","FIXED"
"LP24449-ledger-01683","travis-tx","4867082","FIXED"
"LP24449-ledger-01684","denton-tx","4867100","FIXED"
"LP24449-ledger-01685","lubbock-tx","4867136","FIXED"
"LP24449-ledger-01686","wheeler-tx","4867160","FIXED"
"LP24449-ledger-01687","bexar-tx","4867268","FIXED"
"LP24449-ledger-01688","pecos-tx","4867340","FIXED"
"LP24449-ledger-01689","shelby-tx","4867364","FIXED"
"LP24449-ledger-01690","harris-tx","4867376","FIXED"
"LP24449-ledger-01691","montgomery-tx","4867400","FIXED"
"LP24449-ledger-01692","san-jacinto-tx","4867424","FIXED"
"LP24449-ledger-01693","colorado-tx","4867472","FIXED"
"LP24449-ledger-01694","grayson-tx","4867496","FIXED"
"LP24449-ledger-01695","grayson-tx","4867554","FIXED"
"LP24449-ledger-01696","lavaca-tx","4867640","FIXED"
"LP24449-ledger-01697","grimes-tx","4867664","FIXED"
"LP24449-ledger-01698","chambers-tx","4867688","FIXED"
"LP24449-ledger-01699","harris-tx","4867688","FIXED"
"LP24449-ledger-01700","fort-bend-tx","4867763","FIXED"
"LP24449-ledger-01701","hudspeth-tx","4867772","FIXED"
"LP24449-ledger-01702","maverick-tx","4867775","FIXED"
"LP24449-ledger-01703","zapata-tx","4867778","FIXED"
"LP24449-ledger-01704","hardin-tx","4867832","FIXED"
"LP24449-ledger-01705","briscoe-tx","4867904","FIXED"
"LP24449-ledger-01706","fort-bend-tx","4867964","FIXED"
"LP24449-ledger-01707","san-patricio-tx","4868036","FIXED"
"LP24449-ledger-01708","carson-tx","4868120","FIXED"
"LP24449-ledger-01709","bee-tx","4868132","FIXED"
"LP24449-ledger-01710","lubbock-tx","4868180","FIXED"
"LP24449-ledger-01711","gonzales-tx","4868300","FIXED"
"LP24449-ledger-01712","bastrop-tx","4868456","FIXED"
"LP24449-ledger-01713","hockley-tx","4868504","FIXED"
"LP24449-ledger-01714","burleson-tx","4868576","FIXED"
"LP24449-ledger-01715","scurry-tx","4868624","FIXED"
"LP24449-ledger-01716","el-paso-tx","4868636","FIXED"
"LP24449-ledger-01717","cameron-tx","4868678","FIXED"
"LP24449-ledger-01718","bexar-tx","4868708","FIXED"
"LP24449-ledger-01719","burleson-tx","4868720","FIXED"
"LP24449-ledger-01720","sutton-tx","4868756","FIXED"
"LP24449-ledger-01721","williamson-tx","4868762","FIXED"
"LP24449-ledger-01722","hardin-tx","4868828","FIXED"
"LP24449-ledger-01723","hidalgo-tx","4868846","FIXED"
"LP24449-ledger-01724","jim-hogg-tx","4868966","FIXED"
"LP24449-ledger-01725","austin-tx","4868978","FIXED"
"LP24449-ledger-01726","harris-tx","4869020","FIXED"
"LP24449-ledger-01727","denton-tx","4869032","FIXED"
"LP24449-ledger-01728","tarrant-tx","4869032","FIXED"
"LP24449-ledger-01729","jim-wells-tx","4869072","FIXED"
"LP24449-ledger-01730","grayson-tx","4869104","FIXED"
"LP24449-ledger-01731","coryell-tx","4869120","FIXED"
"LP24449-ledger-01732","cameron-tx","4869140","FIXED"
"LP24449-ledger-01733","cameron-tx","4869194","FIXED"
"LP24449-ledger-01735","newton-tx","4869326","FIXED"
"LP24449-ledger-01736","ward-tx","4869353","FIXED"
"LP24449-ledger-01737","lamb-tx","4869380","FIXED"
"LP24449-ledger-01738","el-paso-tx","4869432","FIXED"
"LP24449-ledger-01739","hansford-tx","4869476","FIXED"
"LP24449-ledger-01740","montgomery-tx","4869548","FIXED"
"LP24449-ledger-01741","kinney-tx","4869560","FIXED"
"LP24449-ledger-01742","harris-tx","4869596","FIXED"
"LP24449-ledger-01743","comal-tx","4869608","FIXED"
"LP24449-ledger-01745","nueces-tx","4869708","FIXED"
"LP24449-ledger-01746","lamb-tx","4869764","FIXED"
"LP24449-ledger-01747","parker-tx","4869800","FIXED"
"LP24449-ledger-01748","wise-tx","4869800","FIXED"
"LP24449-ledger-01749","harris-tx","4869830","FIXED"
"LP24449-ledger-01750","dickens-tx","4869848","FIXED"
"LP24449-ledger-01751","fort-bend-tx","4869908","FIXED"
"LP24449-ledger-01752","harris-tx","4869908","FIXED"
"LP24449-ledger-01753","montgomery-tx","4869932","FIXED"
"LP24449-ledger-01754","haskell-tx","4869980","FIXED"
"LP24449-ledger-01755","jones-tx","4869980","FIXED"
"LP24449-ledger-01756","martin-tx","4870040","FIXED"
"LP24449-ledger-01757","guadalupe-tx","4870052","FIXED"
"LP24449-ledger-01758","henderson-tx","4870076","FIXED"
"LP24449-ledger-01759","travis-tx","4870154","FIXED"
"LP24449-ledger-01760","erath-tx","4870208","FIXED"
"LP24449-ledger-01761","sterling-tx","4870232","FIXED"
"LP24449-ledger-01762","hutchinson-tx","4870340","FIXED"
"LP24449-ledger-01763","wilson-tx","4870376","FIXED"
"LP24449-ledger-01764","hood-tx","4870406","FIXED"
"LP24449-ledger-01765","gillespie-tx","4870460","FIXED"
"LP24449-ledger-01766","chambers-tx","4870520","FIXED"
"LP24449-ledger-01767","sherman-tx","4870544","FIXED"
"LP24449-ledger-01768","palo-pinto-tx","4870580","FIXED"
"LP24449-ledger-01769","freestone-tx","4870604","FIXED"
"LP24449-ledger-01770","navarro-tx","4870604","FIXED"
"LP24449-ledger-01771","brewster-tx","4870688","FIXED"
"LP24449-ledger-01772","lamb-tx","4870772","FIXED"
"LP24449-ledger-01773","fort-bend-tx","4870808","FIXED"
"LP24449-ledger-01774","hidalgo-tx","4870868","FIXED"
"LP24449-ledger-01775","hopkins-tx","4870904","FIXED"
"LP24449-ledger-01776","castro-tx","4870940","FIXED"
"LP24449-ledger-01777","hockley-tx","4871060","FIXED"
"LP24449-ledger-01778","dallas-tx","4871156","FIXED"
"LP24449-ledger-01779","moore-tx","4871180","FIXED"
"LP24449-ledger-01780","llano-tx","4871228","FIXED"
"LP24449-ledger-01781","henderson-tx","4871236","FIXED"
"LP24449-ledger-01782","webb-tx","4871289","FIXED"
"LP24449-ledger-01783","travis-tx","4871324","FIXED"
"LP24449-ledger-01784","lamar-tx","4871356","FIXED"
"LP24449-ledger-01785","brazoria-tx","4871384","FIXED"
"LP24449-ledger-01786","brazoria-tx","4871492","FIXED"
"LP24449-ledger-01787","nolan-tx","4871540","FIXED"
"LP24449-ledger-01788","fisher-tx","4871636","FIXED"
"LP24449-ledger-01789","san-patricio-tx","4871684","FIXED"
"LP24449-ledger-01790","san-patricio-tx","4871696","FIXED"
"LP24449-ledger-01791","lynn-tx","4871708","FIXED"
"LP24449-ledger-01792","titus-tx","4871732","FIXED"
"LP24449-ledger-01793","kaufman-tx","4871756","FIXED"
"LP24449-ledger-01794","webb-tx","4871820","FIXED"
"LP24449-ledger-01795","webb-tx","4871824","FIXED"
"LP24449-ledger-01796","panola-tx","4871924","FIXED"
"LP24449-ledger-01797","rusk-tx","4871924","FIXED"
"LP24449-ledger-01798","williamson-tx","4871948","FIXED"
"LP24449-ledger-01799","harris-tx","4871960","FIXED"
"LP24449-ledger-01800","jefferson-tx","4871966","FIXED"
"LP24449-ledger-01801","freestone-tx","4872020","FIXED"
"LP24449-ledger-01802","limestone-tx","4872080","FIXED"
"LP24449-ledger-01803","bell-tx","4872176","FIXED"
"LP24449-ledger-01804","shelby-tx","4872188","FIXED"
"LP24449-ledger-01805","brewster-tx","4872248","FIXED"
"LP24449-ledger-01806","kaufman-tx","4872284","FIXED"
"LP24449-ledger-01807","bexar-tx","4872296","FIXED"
"LP24449-ledger-01808","bowie-tx","4872368","FIXED"
"LP24449-ledger-01809","chambers-tx","4872392","FIXED"
"LP24449-ledger-01810","galveston-tx","4872392","FIXED"
"LP24449-ledger-01811","sherman-tx","4872464","FIXED"
"LP24449-ledger-01812","dallam-tx","4872476","FIXED"
"LP24449-ledger-01813","denton-tx","4872530","FIXED"
"LP24449-ledger-01814","travis-tx","4872578","FIXED"
"LP24449-ledger-01815","johnson-tx","4872581","FIXED"
"LP24449-ledger-01816","harris-tx","4872656","FIXED"
"LP24449-ledger-01817","montgomery-tx","4872656","FIXED"
"LP24449-ledger-01818","fort-bend-tx","4872740","FIXED"
"LP24449-ledger-01819","jim-hogg-tx","4872758","FIXED"
"LP24449-ledger-01820","milam-tx","4872776","FIXED"
"LP24449-ledger-01821","williamson-tx","4872776","FIXED"
"LP24449-ledger-01822","limestone-tx","4872788","FIXED"
"LP24449-ledger-01823","ward-tx","4872800","FIXED"
"LP24449-ledger-01824","williamson-tx","4872824","FIXED"
"LP24449-ledger-01825","live-oak-tx","4872872","FIXED"
"LP24449-ledger-01826","throckmorton-tx","4872896","FIXED"
"LP24449-ledger-01827","brown-tx","4872902","FIXED"
"LP24449-ledger-01828","cameron-tx","4872948","FIXED"
"LP24449-ledger-01829","starr-tx","4872950","FIXED"
"LP24449-ledger-01831","nueces-tx","4872952","FIXED"
"LP24449-ledger-01833","nueces-tx","4872954","FIXED"
"LP24449-ledger-01834","galveston-tx","4872989","FIXED"
"LP24449-ledger-01835","mcmullen-tx","4872992","FIXED"
"LP24449-ledger-01836","randall-tx","4873030","FIXED"
"LP24449-ledger-01837","bexar-tx","4873057","FIXED"
"LP24449-ledger-01838","shelby-tx","4873076","FIXED"
"LP24449-ledger-01839","grayson-tx","4873112","FIXED"
"LP24449-ledger-01840","hopkins-tx","4873124","FIXED"
"LP24449-ledger-01841","refugio-tx","4873148","FIXED"
"LP24449-ledger-01842","lamar-tx","4873196","FIXED"
"LP24449-ledger-01843","grimes-tx","4873224","FIXED"
"LP24449-ledger-01844","hood-tx","4873268","FIXED"
"LP24449-ledger-01845","harris-tx","4873316","FIXED"
"LP24449-ledger-01846","montgomery-tx","4873316","FIXED"
"LP24449-ledger-01847","grayson-tx","4873328","FIXED"
"LP24449-ledger-01848","henderson-tx","4873352","FIXED"
"LP24449-ledger-01849","el-paso-tx","4873376","FIXED"
"LP24449-ledger-01850","llano-tx","4873424","FIXED"
"LP24449-ledger-01851","reeves-tx","4873493","FIXED"
"LP24449-ledger-01852","reeves-tx","4873496","FIXED"
"LP24449-ledger-01853","san-patricio-tx","4873526","FIXED"
"LP24449-ledger-01854","kaufman-tx","4873562","FIXED"
"LP24449-ledger-01855","taylor-tx","4873580","FIXED"
"LP24449-ledger-01856","collin-tx","4873592","FIXED"
"LP24449-ledger-01857","fannin-tx","4873592","FIXED"
"LP24449-ledger-01858","grayson-tx","4873592","FIXED"
"LP24449-ledger-01859","henderson-tx","4873652","FIXED"
"LP24449-ledger-01860","trinity-tx","4873664","FIXED"
"LP24449-ledger-01861","denton-tx","4873710","FIXED"
"LP24449-ledger-01862","tarrant-tx","4873710","FIXED"
"LP24449-ledger-01863","cherokee-tx","4873724","FIXED"
"LP24449-ledger-01864","smith-tx","4873724","FIXED"
"LP24449-ledger-01865","bell-tx","4873748","FIXED"
"LP24449-ledger-01866","bee-tx","4873856","FIXED"
"LP24449-ledger-01867","swisher-tx","4873868","FIXED"
"LP24449-ledger-01868","bee-tx","4873904","FIXED"
"LP24449-ledger-01869","burleson-tx","4873928","FIXED"
"LP24449-ledger-01870","hall-tx","4873964","FIXED"
"LP24449-ledger-01871","taylor-tx","4874048","FIXED"
"LP24449-ledger-01872","taylor-tx","4874132","FIXED"
"LP24449-ledger-01873","smith-tx","4874144","FIXED"
"LP24449-ledger-01874","bee-tx","4874168","FIXED"
"LP24449-ledger-01875","caldwell-tx","4874216","FIXED"
"LP24449-ledger-01876","hays-tx","4874216","FIXED"
"LP24449-ledger-01877","randall-tx","4874228","FIXED"
"LP24449-ledger-01878","harrison-tx","4874240","FIXED"
"LP24449-ledger-01879","upshur-tx","4874312","FIXED"
"LP24449-ledger-01880","hunt-tx","4874372","FIXED"
"LP24449-ledger-01881","bexar-tx","4874408","FIXED"
"LP24449-ledger-01882","guadalupe-tx","4874408","FIXED"
"LP24449-ledger-01883","dallas-tx","4874492","FIXED"
"LP24449-ledger-01884","uvalde-tx","4874576","FIXED"
"LP24449-ledger-01885","uvalde-tx","4874588","FIXED"
"LP24449-ledger-01886","uvalde-tx","4874594","FIXED"
"LP24449-ledger-01887","jeff-davis-tx","4874648","FIXED"
"LP24449-ledger-01888","coleman-tx","4874660","FIXED"
"LP24449-ledger-01889","starr-tx","4874667","FIXED"
"LP24449-ledger-01890","webb-tx","4874668","FIXED"
"LP24449-ledger-01891","starr-tx","4874670","FIXED"
"LP24449-ledger-01892","bosque-tx","4874732","FIXED"
"LP24449-ledger-01893","mclennan-tx","4874732","FIXED"
"LP24449-ledger-01894","cooke-tx","4874756","FIXED"
"LP24449-ledger-01895","val-verde-tx","4874895","FIXED"
"LP24449-ledger-01896","van-zandt-tx","4874912","FIXED"
"LP24449-ledger-01897","collin-tx","4874924","FIXED"
"LP24449-ledger-01898","grayson-tx","4874924","FIXED"
"LP24449-ledger-01899","jackson-tx","4874984","FIXED"
"LP24449-ledger-01900","culberson-tx","4875032","FIXED"
"LP24449-ledger-01901","matagorda-tx","4875068","FIXED"
"LP24449-ledger-01902","oldham-tx","4875188","FIXED"
"LP24449-ledger-01903","ellis-tx","4875236","FIXED"
"LP24449-ledger-01904","johnson-tx","4875236","FIXED"
"LP24449-ledger-01905","wilbarger-tx","4875308","FIXED"
"LP24449-ledger-01906","victoria-tx","4875428","FIXED"
"LP24449-ledger-01907","starr-tx","4875432","FIXED"
"LP24449-ledger-01908","orange-tx","4875476","FIXED"
"LP24449-ledger-01909","cameron-tx","4875554","FIXED"
"LP24449-ledger-01910","cameron-tx","4875614","FIXED"
"LP24449-ledger-01911","starr-tx","4875617","FIXED"
"LP24449-ledger-01912","hidalgo-tx","4875626","FIXED"
"LP24449-ledger-01913","el-paso-tx","4875668","FIXED"
"LP24449-ledger-01914","travis-tx","4875752","FIXED"
"LP24449-ledger-01915","bexar-tx","4875764","FIXED"
"LP24449-ledger-01916","mclennan-tx","4876000","FIXED"
"LP24449-ledger-01917","matagorda-tx","4876012","FIXED"
"LP24449-ledger-01918","gonzales-tx","4876024","FIXED"
"LP24449-ledger-01919","ochiltree-tx","4876048","FIXED"
"LP24449-ledger-01920","bowie-tx","4876096","FIXED"
"LP24449-ledger-01921","harris-tx","4876228","FIXED"
"LP24449-ledger-01922","waller-tx","4876228","FIXED"
"LP24449-ledger-01923","austin-tx","4876240","FIXED"
"LP24449-ledger-01924","bosque-tx","4876348","FIXED"
"LP24449-ledger-01925","tyler-tx","4876564","FIXED"
"LP24449-ledger-01926","gregg-tx","4876576","FIXED"
"LP24449-ledger-01927","upshur-tx","4876576","FIXED"
"LP24449-ledger-01928","armstrong-tx","4876612","FIXED"
"LP24449-ledger-01929","harrison-tx","4876636","FIXED"
"LP24449-ledger-01930","tarrant-tx","4876672","FIXED"
"LP24449-ledger-01931","ellis-tx","4876816","FIXED"
"LP24449-ledger-01932","parker-tx","4876864","FIXED"
"LP24449-ledger-01933","travis-tx","4876924","FIXED"
"LP24449-ledger-01934","harris-tx","4876948","FIXED"
"LP24449-ledger-01935","colorado-tx","4877020","FIXED"
"LP24449-ledger-01936","haskell-tx","4877044","FIXED"
"LP24449-ledger-01937","williamson-tx","4877056","FIXED"
"LP24449-ledger-01938","dawson-tx","4877080","FIXED"
"LP24449-ledger-01939","collingsworth-tx","4877152","FIXED"
"LP24449-ledger-01940","terry-tx","4877164","FIXED"
"LP24449-ledger-01941","cherokee-tx","4877176","FIXED"
"LP24449-ledger-01942","travis-tx","4877196","FIXED"
"LP24449-ledger-01943","hidalgo-tx","4877272","FIXED"
"LP24449-ledger-01944","mclennan-tx","4877332","FIXED"
"LP24449-ledger-01945","starr-tx","4877336","FIXED"
"LP24449-ledger-01946","mitchell-tx","4877380","FIXED"
"LP24449-ledger-01947","brazoria-tx","4877416","FIXED"
"LP24449-ledger-01948","jim-wells-tx","4877422","FIXED"
"LP24449-ledger-01949","parker-tx","4877490","FIXED"
"LP24449-ledger-01950","denton-tx","4877620","FIXED"
"LP24449-ledger-01951","tarrant-tx","4877620","FIXED"
"LP24449-ledger-01952","travis-tx","4877632","FIXED"
"LP24449-ledger-01953","polk-tx","4877662","FIXED"
"LP24449-ledger-01954","collin-tx","4877680","FIXED"
"LP24449-ledger-01955","ector-tx","4877728","FIXED"
"LP24449-ledger-01956","collin-tx","4877740","FIXED"
"LP24449-ledger-01957","fort-bend-tx","4877746","FIXED"
"LP24449-ledger-01958","orange-tx","4877752","FIXED"
"LP24449-ledger-01959","tarrant-tx","4877788","FIXED"
"LP24449-ledger-01960","hidalgo-tx","4877866","FIXED"
"LP24449-ledger-01961","hunt-tx","4877896","FIXED"
"LP24449-ledger-01963","el-paso-tx","4878016","FIXED"
"LP24449-ledger-01964","trinity-tx","4878040","FIXED"
"LP24449-ledger-01965","tarrant-tx","4878076","FIXED"
"LP24449-ledger-01966","wharton-tx","4878136","FIXED"
"LP24449-ledger-01967","wheeler-tx","4878208","FIXED"
"LP24449-ledger-01968","carson-tx","4878316","FIXED"
"LP24449-ledger-01969","cochran-tx","4878328","FIXED"
"LP24449-ledger-01970","smith-tx","4878388","FIXED"
"LP24449-ledger-01971","gregg-tx","4878436","FIXED"
"LP24449-ledger-01972","grayson-tx","4878532","FIXED"
"LP24449-ledger-01973","tarrant-tx","4878544","FIXED"
"LP24449-ledger-01974","fannin-tx","4878628","FIXED"
"LP24449-ledger-01975","grayson-tx","4878628","FIXED"
"LP24449-ledger-01976","hockley-tx","4878640","FIXED"
"LP24449-ledger-01977","hill-tx","4878664","FIXED"
"LP24449-ledger-01978","clay-tx","4879000","FIXED"
"LP24449-ledger-01979","wichita-tx","4879000","FIXED"
"LP24449-ledger-01980","ward-tx","4879036","FIXED"
"LP24449-ledger-01981","oldham-tx","4879180","FIXED"
"LP24449-ledger-01982","brazoria-tx","4879192","FIXED"
"LP24449-ledger-01983","hardin-tx","4879204","FIXED"
"LP24449-ledger-01984","tyler-tx","4879204","FIXED"
"LP24449-ledger-01985","montgomery-tx","4879408","FIXED"
"LP24449-ledger-01986","mclennan-tx","4879456","FIXED"
"LP24449-ledger-01987","parker-tx","4879492","FIXED"
"LP24449-ledger-01988","van-zandt-tx","4879564","FIXED"
"LP24449-ledger-01989","dallas-tx","4879576","FIXED"
"LP24449-ledger-01990","lynn-tx","4879612","FIXED"
"LP24449-ledger-01991","hays-tx","4879624","FIXED"
"LP24449-ledger-01992","bexar-tx","4879672","FIXED"
"LP24449-ledger-01993","fannin-tx","4879684","FIXED"
"LP24449-ledger-01994","archer-tx","4879696","FIXED"
"LP24449-ledger-01995","clay-tx","4879696","FIXED"
"LP24449-ledger-01996","titus-tx","4879720","FIXED"
"LP24449-ledger-01997","runnels-tx","4879756","FIXED"
"LP24449-ledger-01998","winkler-tx","4879768","FIXED"
"LP24449-ledger-01999","chambers-tx","4879792","FIXED"
"LP24449-ledger-02000","franklin-tx","4879816","FIXED"
"LP24449-ledger-02001","wood-tx","4879816","FIXED"
"LP24449-ledger-02002","smith-tx","4879828","FIXED"
"LP24449-ledger-02003","runnels-tx","4879876","FIXED"
"LP24449-ledger-02004","brazos-tx","4879919","FIXED"
"LP24449-ledger-02005","hunt-tx","4879948","FIXED"
"LP24449-ledger-02006","lubbock-tx","4879972","FIXED"
"LP24449-ledger-02007","montgomery-tx","4880044","FIXED"
"LP24449-ledger-02008","hays-tx","4880058","FIXED"
"LP24449-ledger-02009","montgomery-tx","4880144","FIXED"
"LP24449-ledger-02010","refugio-tx","4880176","FIXED"
"LP24449-ledger-02011","throckmorton-tx","4880188","FIXED"
"LP24449-ledger-02012","tyler-tx","4880212","FIXED"
"LP24449-ledger-02013","mclennan-tx","4880224","FIXED"
"LP24449-ledger-02014","freestone-tx","4880296","FIXED"
"LP24449-ledger-02015","bastrop-tx","4880350","FIXED"
"LP24449-ledger-02016","collin-tx","4880356","FIXED"
"LP24449-ledger-02017","dallas-tx","4880356","FIXED"
"LP24449-ledger-02018","rockwall-tx","4880356","FIXED"
"LP24449-ledger-02019","medina-tx","4880428","FIXED"
"LP24449-ledger-02020","wood-tx","4880440","FIXED"
"LP24449-ledger-02021","dewitt-tx","4880560","FIXED"
"LP24449-ledger-02022","lavaca-tx","4880560","FIXED"
"LP24449-ledger-02023","dewitt-tx","4880584","FIXED"
"LP24449-ledger-02024","cameron-tx","4880686","FIXED"
"LP24449-ledger-02025","zapata-tx","4880716","FIXED"
"LP24449-ledger-02026","willacy-tx","4880722","FIXED"
"LP24449-ledger-02027","starr-tx","4880724","FIXED"
"LP24449-ledger-02028","angelina-tx","4880728","FIXED"
"LP24449-ledger-02029","brown-tx","4880740","FIXED"
"LP24449-ledger-02030","guadalupe-tx","4880836","FIXED"
