"original_failure_id","code","county","place_geoid","status","reason"
"LP24449-ledger-00001","PROVIDER_HEALTH_FALSE","hill-tx","4800100","FIXED","Current accepted membership uses the existing source authorities; unavailable plus zero is not presented as a complete quiet state."
"LP24449-ledger-00002","PROVIDER_HEALTH_FALSE","hale-tx","4800160","FIXED","Current accepted membership uses the existing source authorities; unavailable plus zero is not presented as a complete quiet state."
"LP24449-ledger-00003","PROVIDER_HEALTH_FALSE","lubbock-tx","4800160","FIXED","Current accepted membership uses the existing source authorities; unavailable plus zero is not presented as a complete quiet state."
"LP24449-ledger-00004","PROVIDER_HEALTH_FALSE","jones-tx","4801000","FIXED","Current accepted membership uses the existing source authorities; unavailable plus zero is not presented as a complete quiet state."
"LP24449-ledger-00005","PROVIDER_HEALTH_FALSE","taylor-tx","4801000","FIXED","Current accepted membership uses the existing source authorities; unavailable plus zero is not presented as a complete quiet state."
"LP24449-ledger-00006","PROVIDER_HEALTH_FALSE","hidalgo-tx","4801060","FIXED","Current accepted membership uses the existing source authorities; unavailable plus zero is not presented as a complete quiet state."
"LP24449-ledger-00007","PROVIDER_HEALTH_FALSE","hudspeth-tx","4801084","FIXED","Current accepted membership uses the existing source authorities; unavailable plus zero is not presented as a complete quiet state."
"LP24449-ledger-00008","PROVIDER_HEALTH_FALSE","dawson-tx","4801108","FIXED","Current accepted membership uses the existing source authorities; unavailable plus zero is not presented as a complete quiet state."
"LP24449-ledger-00009","PROVIDER_HEALTH_FALSE","martin-tx","4801108","FIXED","Current accepted membership uses the existing source authorities; unavailable plus zero is not presented as a complete quiet state."
"LP24449-ledger-00010","PROVIDER_HEALTH_FALSE","dallas-tx","4801240","FIXED","Current accepted membership uses the existing source authorities; unavailable plus zero is not presented as a complete quiet state."
"LP24449-ledger-00011","PROVIDER_HEALTH_FALSE","oldham-tx","4801324","FIXED","Current accepted membership uses the existing source authorities; unavailable plus zero is not presented as a complete quiet state."
"LP24449-ledger-00012","PROVIDER_HEALTH_FALSE","webb-tx","4801420","FIXED","Current accepted membership uses the existing source authorities; unavailable plus zero is not presented as a complete quiet state."
"LP24449-ledger-00013","PROVIDER_HEALTH_FALSE","starr-tx","4801500","FIXED","Current accepted membership uses the existing source authorities; unavailable plus zero is not presented as a complete quiet state."
"LP24449-ledger-00015","PROVIDER_HEALTH_FALSE","hidalgo-tx","4801576","FIXED","Current accepted membership uses the existing source authorities; unavailable plus zero is not presented as a complete quiet state."
"LP24449-ledger-00016","PROVIDER_HEALTH_FALSE","calhoun-tx","4801594","FIXED","Current accepted membership uses the existing source authorities; unavailable plus zero is not presented as a complete quiet state."
"LP24449-ledger-00017","PROVIDER_HEALTH_FALSE","bexar-tx","4801600","FIXED","Current accepted membership uses the existing source authorities; unavailable plus zero is not presented as a complete quiet state."
"LP24449-ledger-00018","PROVIDER_HEALTH_FALSE","gray-tx","4801612","FIXED","Current accepted membership uses the existing source authorities; unavailable plus zero is not presented as a complete quiet state."
"LP24449-ledger-00019","PROVIDER_HEALTH_FALSE","rains-tx","4801636","FIXED","Current accepted membership uses the existing source authorities; unavailable plus zero is not presented as a complete quiet state."
"LP24449-ledger-00020","PROVIDER_HEALTH_FALSE","wood-tx","4801636","FIXED","Current accepted membership uses the existing source authorities; unavailable plus zero is not presented as a complete quiet state."
"LP24449-ledger-00021","PROVIDER_HEALTH_FALSE","shackelford-tx","4801648","FIXED","Current accepted membership uses the existing source authorities; unavailable plus zero is not presented as a complete quiet state."
"LP24449-ledger-00022","PROVIDER_HEALTH_FALSE","harris-tx","4801696","FIXED","Current accepted membership uses the existing source authorities; unavailable plus zero is not presented as a complete quiet state."
"LP24449-ledger-00023","PROVIDER_HEALTH_FALSE","parker-tx","4801744","FIXED","Current accepted membership uses the existing source authorities; unavailable plus zero is not presented as a complete quiet state."
"LP24449-ledger-00024","PROVIDER_HEALTH_FALSE","jim-wells-tx","4801816","FIXED","Current accepted membership uses the existing source authorities; unavailable plus zero is not presented as a complete quiet state."
"LP24449-ledger-00025","PROVIDER_HEALTH_FALSE","jim-wells-tx","4801852","FIXED","Current accepted membership uses the existing source authorities; unavailable plus zero is not presented as a complete quiet state."
"LP24449-ledger-00026","PROVIDER_HEALTH_FALSE","jim-wells-tx","4801858","FIXED","Current accepted membership uses the existing source authorities; unavailable plus zero is not presented as a complete quiet state."
"LP24449-ledger-00027","PROVIDER_HEALTH_FALSE","collin-tx","4801924","FIXED","Current accepted membership uses the existing source authorities; unavailable plus zero is not presented as a complete quiet state."
"LP24449-ledger-00028","PROVIDER_HEALTH_FALSE","wheeler-tx","4802032","FIXED","Current accepted membership uses the existing source authorities; unavailable plus zero is not presented as a complete quiet state."
"LP24449-ledger-00029","PROVIDER_HEALTH_FALSE","ellis-tx","4802044","FIXED","Current accepted membership uses the existing source authorities; unavailable plus zero is not presented as a complete quiet state."
"LP24449-ledger-00030","PROVIDER_HEALTH_FALSE","brewster-tx","4802104","FIXED","Current accepted membership uses the existing source authorities; unavailable plus zero is not presented as a complete quiet state."
"LP24449-ledger-00031","PROVIDER_HEALTH_FALSE","cherokee-tx","4802188","FIXED","Current accepted membership uses the existing source authorities; unavailable plus zero is not presented as a complete quiet state."
"LP24449-ledger-00032","PROVIDER_HEALTH_FALSE","starr-tx","4802194","FIXED","Current accepted membership uses the existing source authorities; unavailable plus zero is not presented as a complete quiet state."
"LP24449-ledger-00033","PROVIDER_HEALTH_FALSE","hidalgo-tx","4802212","FIXED","Current accepted membership uses the existing source authorities; unavailable plus zero is not presented as a complete quiet state."
"LP24449-ledger-00034","PROVIDER_HEALTH_FALSE","johnson-tx","4802260","FIXED","Current accepted membership uses the existing source authorities; unavailable plus zero is not presented as a complete quiet state."
"LP24449-ledger-00035","PROVIDER_HEALTH_FALSE","brazoria-tx","4802272","FIXED","Current accepted membership uses the existing source authorities; unavailable plus zero is not presented as a complete quiet state."
"LP24449-ledger-00036","PROVIDER_HEALTH_FALSE","wise-tx","4802284","FIXED","Current accepted membership uses the existing source authorities; unavailable plus zero is not presented as a complete quiet state."
"LP24449-ledger-00037","PROVIDER_HEALTH_FALSE","starr-tx","4802286","FIXED","Current accepted membership uses the existing source authorities; unavailable plus zero is not presented as a complete quiet state."
"LP24449-ledger-00038","PROVIDER_HEALTH_FALSE","jim-wells-tx","4802290","FIXED","Current accepted membership uses the existing source authorities; unavailable plus zero is not presented as a complete quiet state."
"LP24449-ledger-00039","PROVIDER_HEALTH_FALSE","potter-tx","4803000","FIXED","Current accepted membership uses the existing source authorities; unavailable plus zero is not presented as a complete quiet state."
"LP24449-ledger-00040","PROVIDER_HEALTH_FALSE","randall-tx","4803000","FIXED","Current accepted membership uses the existing source authorities; unavailable plus zero is not presented as a complete quiet state."
"LP24449-ledger-00041","PROVIDER_HEALTH_FALSE","zavala-tx","4803008","FIXED","Current accepted membership uses the existing source authorities; unavailable plus zero is not presented as a complete quiet state."
"LP24449-ledger-00042","PROVIDER_HEALTH_FALSE","liberty-tx","4803072","FIXED","Current accepted membership uses the existing source authorities; unavailable plus zero is not presented as a complete quiet state."
"LP24449-ledger-00043","PROVIDER_HEALTH_FALSE","lamb-tx","4803084","FIXED","Current accepted membership uses the existing source authorities; unavailable plus zero is not presented as a complete quiet state."
"LP24449-ledger-00044","PROVIDER_HEALTH_FALSE","val-verde-tx","4803096","FIXED","Current accepted membership uses the existing source authorities; unavailable plus zero is not presented as a complete quiet state."
"LP24449-ledger-00045","PROVIDER_HEALTH_FALSE","starr-tx","4803126","FIXED","Current accepted membership uses the existing source authorities; unavailable plus zero is not presented as a complete quiet state."
"LP24449-ledger-00046","PROVIDER_HEALTH_FALSE","chambers-tx","4803144","FIXED","Current accepted membership uses the existing source authorities; unavailable plus zero is not presented as a complete quiet state."
"LP24449-ledger-00047","PROVIDER_HEALTH_FALSE","grimes-tx","4803192","FIXED","Current accepted membership uses the existing source authorities; unavailable plus zero is not presented as a complete quiet state."
"LP24449-ledger-00048","PROVIDER_HEALTH_FALSE","andrews-tx","4803216","FIXED","Current accepted membership uses the existing source authorities; unavailable plus zero is not presented as a complete quiet state."
"LP24449-ledger-00049","PROVIDER_HEALTH_FALSE","brazoria-tx","4803264","FIXED","Current accepted membership uses the existing source authorities; unavailable plus zero is not presented as a complete quiet state."
"LP24449-ledger-00050","PROVIDER_HEALTH_FALSE","navarro-tx","4803288","FIXED","Current accepted membership uses the existing source authorities; unavailable plus zero is not presented as a complete quiet state."
"LP24449-ledger-00051","PROVIDER_HEALTH_FALSE","collin-tx","4803300","FIXED","Current accepted membership uses the existing source authorities; unavailable plus zero is not presented as a complete quiet state."
"LP24449-ledger-00052","PROVIDER_HEALTH_FALSE","parker-tx","4803336","FIXED","Current accepted membership uses the existing source authorities; unavailable plus zero is not presented as a complete quiet state."
"LP24449-ledger-00053","PROVIDER_HEALTH_FALSE","parker-tx","4803340","FIXED","Current accepted membership uses the existing source authorities; unavailable plus zero is not presented as a complete quiet state."
"LP24449-ledger-00054","PROVIDER_HEALTH_FALSE","parker-tx","4803342","FIXED","Current accepted membership uses the existing source authorities; unavailable plus zero is not presented as a complete quiet state."
"LP24449-ledger-00055","PROVIDER_HEALTH_FALSE","red-river-tx","4803360","FIXED","Current accepted membership uses the existing source authorities; unavailable plus zero is not presented as a complete quiet state."
"LP24449-ledger-00056","PROVIDER_HEALTH_FALSE","jones-tx","4803372","FIXED","Current accepted membership uses the existing source authorities; unavailable plus zero is not presented as a complete quiet state."
"LP24449-ledger-00057","PROVIDER_HEALTH_FALSE","el-paso-tx","4803432","FIXED","Current accepted membership uses the existing source authorities; unavailable plus zero is not presented as a complete quiet state."
"LP24449-ledger-00058","PROVIDER_HEALTH_FALSE","hockley-tx","4803540","FIXED","Current accepted membership uses the existing source authorities; unavailable plus zero is not presented as a complete quiet state."
"LP24449-ledger-00059","PROVIDER_HEALTH_FALSE","nacogdoches-tx","4803564","FIXED","Current accepted membership uses the existing source authorities; unavailable plus zero is not presented as a complete quiet state."
"LP24449-ledger-00060","PROVIDER_HEALTH_FALSE","hill-tx","4803588","FIXED","Current accepted membership uses the existing source authorities; unavailable plus zero is not presented as a complete quiet state."
"LP24449-ledger-00061","PROVIDER_HEALTH_FALSE","aransas-tx","4803600","FIXED","Current accepted membership uses the existing source authorities; unavailable plus zero is not presented as a complete quiet state."
"LP24449-ledger-00063","PROVIDER_HEALTH_FALSE","nueces-tx","4803600","FIXED","Current accepted membership uses the existing source authorities; unavailable plus zero is not presented as a complete quiet state."
"LP24449-ledger-00064","PROVIDER_HEALTH_FALSE","san-patricio-tx","4803600","FIXED","Current accepted membership uses the existing source authorities; unavailable plus zero is not presented as a complete quiet state."
"LP24449-ledger-00065","PROVIDER_HEALTH_FALSE","archer-tx","4803696","FIXED","Current accepted membership uses the existing source authorities; unavailable plus zero is not presented as a complete quiet state."
"LP24449-ledger-00066","PROVIDER_HEALTH_FALSE","fort-bend-tx","4803708","FIXED","Current accepted membership uses the existing source authorities; unavailable plus zero is not presented as a complete quiet state."
"LP24449-ledger-00067","PROVIDER_HEALTH_FALSE","denton-tx","4803768","FIXED","Current accepted membership uses the existing source authorities; unavailable plus zero is not presented as a complete quiet state."
"LP24449-ledger-00068","PROVIDER_HEALTH_FALSE","tarrant-tx","4804000","FIXED","Current accepted membership uses the existing source authorities; unavailable plus zero is not presented as a complete quiet state."
"LP24449-ledger-00069","PROVIDER_HEALTH_FALSE","smith-tx","4804156","FIXED","Current accepted membership uses the existing source authorities; unavailable plus zero is not presented as a complete quiet state."
"LP24449-ledger-00070","PROVIDER_HEALTH_FALSE","cameron-tx","4804174","FIXED","Current accepted membership uses the existing source authorities; unavailable plus zero is not presented as a complete quiet state."
"LP24449-ledger-00071","PROVIDER_HEALTH_FALSE","cameron-tx","4804176","FIXED","Current accepted membership uses the existing source authorities; unavailable plus zero is not presented as a complete quiet state."
"LP24449-ledger-00072","PROVIDER_HEALTH_FALSE","dimmit-tx","4804300","FIXED","Current accepted membership uses the existing source authorities; unavailable plus zero is not presented as a complete quiet state."
"LP24449-ledger-00073","PROVIDER_HEALTH_FALSE","stonewall-tx","4804408","FIXED","Current accepted membership uses the existing source authorities; unavailable plus zero is not presented as a complete quiet state."
"LP24449-ledger-00074","PROVIDER_HEALTH_FALSE","harris-tx","4804462","FIXED","Current accepted membership uses the existing source authorities; unavailable plus zero is not presented as a complete quiet state."
"LP24449-ledger-00075","PROVIDER_HEALTH_FALSE","henderson-tx","4804504","FIXED","Current accepted membership uses the existing source authorities; unavailable plus zero is not presented as a complete quiet state."
"LP24449-ledger-00076","PROVIDER_HEALTH_FALSE","cass-tx","4804516","FIXED","Current accepted membership uses the existing source authorities; unavailable plus zero is not presented as a complete quiet state."
"LP24449-ledger-00077","PROVIDER_HEALTH_FALSE","denton-tx","4804600","FIXED","Current accepted membership uses the existing source authorities; unavailable plus zero is not presented as a complete quiet state."
"LP24449-ledger-00078","PROVIDER_HEALTH_FALSE","wise-tx","4804672","FIXED","Current accepted membership uses the existing source authorities; unavailable plus zero is not presented as a complete quiet state."
"LP24449-ledger-00079","PROVIDER_HEALTH_FALSE","bastrop-tx","4805000","FIXED","Current accepted membership uses the existing source authorities; unavailable plus zero is not presented as a complete quiet state."
"LP24449-ledger-00080","PROVIDER_HEALTH_FALSE","hays-tx","4805000","FIXED","Current accepted membership uses the existing source authorities; unavailable plus zero is not presented as a complete quiet state."
"LP24449-ledger-00081","PROVIDER_HEALTH_FALSE","travis-tx","4805000","FIXED","Current accepted membership uses the existing source authorities; unavailable plus zero is not presented as a complete quiet state."
"LP24449-ledger-00082","PROVIDER_HEALTH_FALSE","williamson-tx","4805000","FIXED","Current accepted membership uses the existing source authorities; unavailable plus zero is not presented as a complete quiet state."
"LP24449-ledger-00083","PROVIDER_HEALTH_FALSE","refugio-tx","4805036","FIXED","Current accepted membership uses the existing source authorities; unavailable plus zero is not presented as a complete quiet state."
"LP24449-ledger-00084","PROVIDER_HEALTH_FALSE","red-river-tx","4805072","FIXED","Current accepted membership uses the existing source authorities; unavailable plus zero is not presented as a complete quiet state."
"LP24449-ledger-00085","PROVIDER_HEALTH_FALSE","cass-tx","4805084","FIXED","Current accepted membership uses the existing source authorities; unavailable plus zero is not presented as a complete quiet state."
"LP24449-ledger-00086","PROVIDER_HEALTH_FALSE","parker-tx","4805168","FIXED","Current accepted membership uses the existing source authorities; unavailable plus zero is not presented as a complete quiet state."
"LP24449-ledger-00087","PROVIDER_HEALTH_FALSE","tarrant-tx","4805168","FIXED","Current accepted membership uses the existing source authorities; unavailable plus zero is not presented as a complete quiet state."
"LP24449-ledger-00088","PROVIDER_HEALTH_FALSE","galveston-tx","4805180","FIXED","Current accepted membership uses the existing source authorities; unavailable plus zero is not presented as a complete quiet state."
"LP24449-ledger-00089","PROVIDER_HEALTH_FALSE","fannin-tx","4805264","FIXED","Current accepted membership uses the existing source authorities; unavailable plus zero is not presented as a complete quiet state."
"LP24449-ledger-00090","PROVIDER_HEALTH_FALSE","brazoria-tx","4805288","FIXED","Current accepted membership uses the existing source authorities; unavailable plus zero is not presented as a complete quiet state."
"LP24449-ledger-00091","PROVIDER_HEALTH_FALSE","callahan-tx","4805336","FIXED","Current accepted membership uses the existing source authorities; unavailable plus zero is not presented as a complete quiet state."
"LP24449-ledger-00092","PROVIDER_HEALTH_FALSE","dallas-tx","4805372","FIXED","Current accepted membership uses the existing source authorities; unavailable plus zero is not presented as a complete quiet state."
"LP24449-ledger-00093","PROVIDER_HEALTH_FALSE","bexar-tx","4805384","FIXED","Current accepted membership uses the existing source authorities; unavailable plus zero is not presented as a complete quiet state."
"LP24449-ledger-00094","PROVIDER_HEALTH_FALSE","runnels-tx","4805456","FIXED","Current accepted membership uses the existing source authorities; unavailable plus zero is not presented as a complete quiet state."
"LP24449-ledger-00095","PROVIDER_HEALTH_FALSE","reeves-tx","4805468","FIXED","Current accepted membership uses the existing source authorities; unavailable plus zero is not presented as a complete quiet state."
"LP24449-ledger-00096","PROVIDER_HEALTH_FALSE","starr-tx","4805520","FIXED","Current accepted membership uses the existing source authorities; unavailable plus zero is not presented as a complete quiet state."
"LP24449-ledger-00097","PROVIDER_HEALTH_FALSE","bandera-tx","4805528","FIXED","Current accepted membership uses the existing source authorities; unavailable plus zero is not presented as a complete quiet state."
"LP24449-ledger-00098","PROVIDER_HEALTH_FALSE","brown-tx","4805552","FIXED","Current accepted membership uses the existing source authorities; unavailable plus zero is not presented as a complete quiet state."
"LP24449-ledger-00100","PROVIDER_HEALTH_FALSE","nueces-tx","4805576","FIXED","Current accepted membership uses the existing source authorities; unavailable plus zero is not presented as a complete quiet state."
"LP24449-ledger-00101","PROVIDER_HEALTH_FALSE","ellis-tx","4805612","FIXED","Current accepted membership uses the existing source authorities; unavailable plus zero is not presented as a complete quiet state."
"LP24449-ledger-00102","PROVIDER_HEALTH_FALSE","edwards-tx","4805648","FIXED","Current accepted membership uses the existing source authorities; unavailable plus zero is not presented as a complete quiet state."
"LP24449-ledger-00103","PROVIDER_HEALTH_FALSE","starr-tx","4805690","FIXED","Current accepted membership uses the existing source authorities; unavailable plus zero is not presented as a complete quiet state."
"LP24449-ledger-00104","PROVIDER_HEALTH_FALSE","harris-tx","4805696","FIXED","Current accepted membership uses the existing source authorities; unavailable plus zero is not presented as a complete quiet state."
"LP24449-ledger-00105","PROVIDER_HEALTH_FALSE","navarro-tx","4805708","FIXED","Current accepted membership uses the existing source authorities; unavailable plus zero is not presented as a complete quiet state."
"LP24449-ledger-00106","PROVIDER_HEALTH_FALSE","ward-tx","4805720","FIXED","Current accepted membership uses the existing source authorities; unavailable plus zero is not presented as a complete quiet state."
"LP24449-ledger-00107","PROVIDER_HEALTH_FALSE","bell-tx","4805732","FIXED","Current accepted membership uses the existing source authorities; unavailable plus zero is not presented as a complete quiet state."
"LP24449-ledger-00108","PROVIDER_HEALTH_FALSE","williamson-tx","4805732","FIXED","Current accepted membership uses the existing source authorities; unavailable plus zero is not presented as a complete quiet state."
"LP24449-ledger-00109","PROVIDER_HEALTH_FALSE","travis-tx","4805750","FIXED","Current accepted membership uses the existing source authorities; unavailable plus zero is not presented as a complete quiet state."
"LP24449-ledger-00110","PROVIDER_HEALTH_FALSE","denton-tx","4805768","FIXED","Current accepted membership uses the existing source authorities; unavailable plus zero is not presented as a complete quiet state."
"LP24449-ledger-00111","PROVIDER_HEALTH_FALSE","bastrop-tx","4805864","FIXED","Current accepted membership uses the existing source authorities; unavailable plus zero is not presented as a complete quiet state."
"LP24449-ledger-00112","PROVIDER_HEALTH_FALSE","zavala-tx","4805924","FIXED","Current accepted membership uses the existing source authorities; unavailable plus zero is not presented as a complete quiet state."
"LP24449-ledger-00113","PROVIDER_HEALTH_FALSE","matagorda-tx","4805984","FIXED","Current accepted membership uses the existing source authorities; unavailable plus zero is not presented as a complete quiet state."
"LP24449-ledger-00114","PROVIDER_HEALTH_FALSE","galveston-tx","4806060","FIXED","Current accepted membership uses the existing source authorities; unavailable plus zero is not presented as a complete quiet state."
"LP24449-ledger-00115","PROVIDER_HEALTH_FALSE","refugio-tx","4806104","FIXED","Current accepted membership uses the existing source authorities; unavailable plus zero is not presented as a complete quiet state."
"LP24449-ledger-00116","PROVIDER_HEALTH_FALSE","chambers-tx","4806128","FIXED","Current accepted membership uses the existing source authorities; unavailable plus zero is not presented as a complete quiet state."
"LP24449-ledger-00117","PROVIDER_HEALTH_FALSE","harris-tx","4806128","FIXED","Current accepted membership uses the existing source authorities; unavailable plus zero is not presented as a complete quiet state."
"LP24449-ledger-00118","PROVIDER_HEALTH_FALSE","cameron-tx","4806140","FIXED","Current accepted membership uses the existing source authorities; unavailable plus zero is not presented as a complete quiet state."
"LP24449-ledger-00119","PROVIDER_HEALTH_FALSE","chambers-tx","4806200","FIXED","Current accepted membership uses the existing source authorities; unavailable plus zero is not presented as a complete quiet state."
"LP24449-ledger-00120","PROVIDER_HEALTH_FALSE","hays-tx","4806242","FIXED","Current accepted membership uses the existing source authorities; unavailable plus zero is not presented as a complete quiet state."
"LP24449-ledger-00121","PROVIDER_HEALTH_FALSE","dallas-tx","4806244","FIXED","Current accepted membership uses the existing source authorities; unavailable plus zero is not presented as a complete quiet state."
"LP24449-ledger-00122","PROVIDER_HEALTH_FALSE","fort-bend-tx","4806272","FIXED","Current accepted membership uses the existing source authorities; unavailable plus zero is not presented as a complete quiet state."
"LP24449-ledger-00123","PROVIDER_HEALTH_FALSE","jefferson-tx","4807000","FIXED","Current accepted membership uses the existing source authorities; unavailable plus zero is not presented as a complete quiet state."
"LP24449-ledger-00124","PROVIDER_HEALTH_FALSE","jefferson-tx","4807036","FIXED","Current accepted membership uses the existing source authorities; unavailable plus zero is not presented as a complete quiet state."
"LP24449-ledger-00125","PROVIDER_HEALTH_FALSE","burleson-tx","4807042","FIXED","Current accepted membership uses the existing source authorities; unavailable plus zero is not presented as a complete quiet state."
"LP24449-ledger-00126","PROVIDER_HEALTH_FALSE","panola-tx","4807108","FIXED","Current accepted membership uses the existing source authorities; unavailable plus zero is not presented as a complete quiet state."
"LP24449-ledger-00127","PROVIDER_HEALTH_FALSE","tarrant-tx","4807132","FIXED","Current accepted membership uses the existing source authorities; unavailable plus zero is not presented as a complete quiet state."
"LP24449-ledger-00128","PROVIDER_HEALTH_FALSE","grimes-tx","4807144","FIXED","Current accepted membership uses the existing source authorities; unavailable plus zero is not presented as a complete quiet state."
"LP24449-ledger-00129","PROVIDER_HEALTH_FALSE","travis-tx","4807156","FIXED","Current accepted membership uses the existing source authorities; unavailable plus zero is not presented as a complete quiet state."
"LP24449-ledger-00130","PROVIDER_HEALTH_FALSE","bee-tx","4807192","FIXED","Current accepted membership uses the existing source authorities; unavailable plus zero is not presented as a complete quiet state."
"LP24449-ledger-00131","PROVIDER_HEALTH_FALSE","harris-tx","4807300","FIXED","Current accepted membership uses the existing source authorities; unavailable plus zero is not presented as a complete quiet state."
"LP24449-ledger-00132","PROVIDER_HEALTH_FALSE","clay-tx","4807396","FIXED","Current accepted membership uses the existing source authorities; unavailable plus zero is not presented as a complete quiet state."
"LP24449-ledger-00133","PROVIDER_HEALTH_FALSE","mclennan-tx","4807408","FIXED","Current accepted membership uses the existing source authorities; unavailable plus zero is not presented as a complete quiet state."
"LP24449-ledger-00134","PROVIDER_HEALTH_FALSE","grayson-tx","4807420","FIXED","Current accepted membership uses the existing source authorities; unavailable plus zero is not presented as a complete quiet state."
"LP24449-ledger-00135","PROVIDER_HEALTH_FALSE","austin-tx","4807432","FIXED","Current accepted membership uses the existing source authorities; unavailable plus zero is not presented as a complete quiet state."
"LP24449-ledger-00136","PROVIDER_HEALTH_FALSE","hays-tx","4807486","FIXED","Current accepted membership uses the existing source authorities; unavailable plus zero is not presented as a complete quiet state."
"LP24449-ledger-00137","PROVIDER_HEALTH_FALSE","bell-tx","4807492","FIXED","Current accepted membership uses the existing source authorities; unavailable plus zero is not presented as a complete quiet state."
"LP24449-ledger-00138","PROVIDER_HEALTH_FALSE","milam-tx","4807516","FIXED","Current accepted membership uses the existing source authorities; unavailable plus zero is not presented as a complete quiet state."
"LP24449-ledger-00139","PROVIDER_HEALTH_FALSE","duval-tx","4807528","FIXED","Current accepted membership uses the existing source authorities; unavailable plus zero is not presented as a complete quiet state."
"LP24449-ledger-00140","PROVIDER_HEALTH_FALSE","jim-wells-tx","4807540","FIXED","Current accepted membership uses the existing source authorities; unavailable plus zero is not presented as a complete quiet state."
"LP24449-ledger-00141","PROVIDER_HEALTH_FALSE","tarrant-tx","4807552","FIXED","Current accepted membership uses the existing source authorities; unavailable plus zero is not presented as a complete quiet state."
"LP24449-ledger-00142","PROVIDER_HEALTH_FALSE","knox-tx","4807636","FIXED","Current accepted membership uses the existing source authorities; unavailable plus zero is not presented as a complete quiet state."
"LP24449-ledger-00143","PROVIDER_HEALTH_FALSE","starr-tx","4807642","FIXED","Current accepted membership uses the existing source authorities; unavailable plus zero is not presented as a complete quiet state."
"LP24449-ledger-00144","PROVIDER_HEALTH_FALSE","van-zandt-tx","4807708","FIXED","Current accepted membership uses the existing source authorities; unavailable plus zero is not presented as a complete quiet state."
"LP24449-ledger-00145","PROVIDER_HEALTH_FALSE","henderson-tx","4807852","FIXED","Current accepted membership uses the existing source authorities; unavailable plus zero is not presented as a complete quiet state."
"LP24449-ledger-00146","PROVIDER_HEALTH_FALSE","burnet-tx","4807864","FIXED","Current accepted membership uses the existing source authorities; unavailable plus zero is not presented as a complete quiet state."
"LP24449-ledger-00147","PROVIDER_HEALTH_FALSE","mclennan-tx","4808104","FIXED","Current accepted membership uses the existing source authorities; unavailable plus zero is not presented as a complete quiet state."
"LP24449-ledger-00148","PROVIDER_HEALTH_FALSE","jefferson-tx","4808128","FIXED","Current accepted membership uses the existing source authorities; unavailable plus zero is not presented as a complete quiet state."
"LP24449-ledger-00149","PROVIDER_HEALTH_FALSE","frio-tx","4808164","FIXED","Current accepted membership uses the existing source authorities; unavailable plus zero is not presented as a complete quiet state."
"LP24449-ledger-00150","PROVIDER_HEALTH_FALSE","reagan-tx","4808212","FIXED","Current accepted membership uses the existing source authorities; unavailable plus zero is not presented as a complete quiet state."
"LP24449-ledger-00151","PROVIDER_HEALTH_FALSE","upshur-tx","4808224","FIXED","Current accepted membership uses the existing source authorities; unavailable plus zero is not presented as a complete quiet state."
"LP24449-ledger-00152","PROVIDER_HEALTH_FALSE","howard-tx","4808236","FIXED","Current accepted membership uses the existing source authorities; unavailable plus zero is not presented as a complete quiet state."
"LP24449-ledger-00153","PROVIDER_HEALTH_FALSE","liberty-tx","4808240","FIXED","Current accepted membership uses the existing source authorities; unavailable plus zero is not presented as a complete quiet state."
"LP24449-ledger-00154","PROVIDER_HEALTH_FALSE","polk-tx","4808240","FIXED","Current accepted membership uses the existing source authorities; unavailable plus zero is not presented as a complete quiet state."
"LP24449-ledger-00155","PROVIDER_HEALTH_FALSE","dimmit-tx","4808260","FIXED","Current accepted membership uses the existing source authorities; unavailable plus zero is not presented as a complete quiet state."
"LP24449-ledger-00157","PROVIDER_HEALTH_FALSE","nueces-tx","4808392","FIXED","Current accepted membership uses the existing source authorities; unavailable plus zero is not presented as a complete quiet state."
"LP24449-ledger-00158","PROVIDER_HEALTH_FALSE","potter-tx","4808398","FIXED","Current accepted membership uses the existing source authorities; unavailable plus zero is not presented as a complete quiet state."
"LP24449-ledger-00159","PROVIDER_HEALTH_FALSE","cass-tx","4808404","FIXED","Current accepted membership uses the existing source authorities; unavailable plus zero is not presented as a complete quiet state."
"LP24449-ledger-00160","PROVIDER_HEALTH_FALSE","cameron-tx","4808410","FIXED","Current accepted membership uses the existing source authorities; unavailable plus zero is not presented as a complete quiet state."
"LP24449-ledger-00161","PROVIDER_HEALTH_FALSE","coke-tx","4808488","FIXED","Current accepted membership uses the existing source authorities; unavailable plus zero is not presented as a complete quiet state."
"LP24449-ledger-00162","PROVIDER_HEALTH_FALSE","nolan-tx","4808488","FIXED","Current accepted membership uses the existing source authorities; unavailable plus zero is not presented as a complete quiet state."
"LP24449-ledger-00163","PROVIDER_HEALTH_FALSE","blanco-tx","4808536","FIXED","Current accepted membership uses the existing source authorities; unavailable plus zero is not presented as a complete quiet state."
"LP24449-ledger-00164","PROVIDER_HEALTH_FALSE","brown-tx","4808596","FIXED","Current accepted membership uses the existing source authorities; unavailable plus zero is not presented as a complete quiet state."
"LP24449-ledger-00165","PROVIDER_HEALTH_FALSE","cochran-tx","4808644","FIXED","Current accepted membership uses the existing source authorities; unavailable plus zero is not presented as a complete quiet state."
"LP24449-ledger-00166","PROVIDER_HEALTH_FALSE","matagorda-tx","4808668","FIXED","Current accepted membership uses the existing source authorities; unavailable plus zero is not presented as a complete quiet state."
"LP24449-ledger-00167","PROVIDER_HEALTH_FALSE","cass-tx","4808752","FIXED","Current accepted membership uses the existing source authorities; unavailable plus zero is not presented as a complete quiet state."
"LP24449-ledger-00168","PROVIDER_HEALTH_FALSE","navarro-tx","4808788","FIXED","Current accepted membership uses the existing source authorities; unavailable plus zero is not presented as a complete quiet state."
"LP24449-ledger-00169","PROVIDER_HEALTH_FALSE","victoria-tx","4808800","FIXED","Current accepted membership uses the existing source authorities; unavailable plus zero is not presented as a complete quiet state."
"LP24449-ledger-00170","PROVIDER_HEALTH_FALSE","lamar-tx","4808812","FIXED","Current accepted membership uses the existing source authorities; unavailable plus zero is not presented as a complete quiet state."
"LP24449-ledger-00171","PROVIDER_HEALTH_FALSE","bee-tx","4808830","FIXED","Current accepted membership uses the existing source authorities; unavailable plus zero is not presented as a complete quiet state."
"LP24449-ledger-00172","PROVIDER_HEALTH_FALSE","tarrant-tx","4808860","FIXED","Current accepted membership uses the existing source authorities; unavailable plus zero is not presented as a complete quiet state."
"LP24449-ledger-00173","PROVIDER_HEALTH_FALSE","collin-tx","4808872","FIXED","Current accepted membership uses the existing source authorities; unavailable plus zero is not presented as a complete quiet state."
"LP24449-ledger-00174","PROVIDER_HEALTH_FALSE","cameron-tx","4808908","FIXED","Current accepted membership uses the existing source authorities; unavailable plus zero is not presented as a complete quiet state."
"LP24449-ledger-00175","PROVIDER_HEALTH_FALSE","erath-tx","4808932","FIXED","Current accepted membership uses the existing source authorities; unavailable plus zero is not presented as a complete quiet state."
"LP24449-ledger-00176","PROVIDER_HEALTH_FALSE","hill-tx","4809004","FIXED","Current accepted membership uses the existing source authorities; unavailable plus zero is not presented as a complete quiet state."
"LP24449-ledger-00177","PROVIDER_HEALTH_FALSE","kendall-tx","4809160","FIXED","Current accepted membership uses the existing source authorities; unavailable plus zero is not presented as a complete quiet state."
"LP24449-ledger-00178","PROVIDER_HEALTH_FALSE","red-river-tx","4809172","FIXED","Current accepted membership uses the existing source authorities; unavailable plus zero is not presented as a complete quiet state."
"LP24449-ledger-00179","PROVIDER_HEALTH_FALSE","wharton-tx","4809232","FIXED","Current accepted membership uses the existing source authorities; unavailable plus zero is not presented as a complete quiet state."
"LP24449-ledger-00180","PROVIDER_HEALTH_FALSE","galveston-tx","4809250","FIXED","Current accepted membership uses the existing source authorities; unavailable plus zero is not presented as a complete quiet state."
"LP24449-ledger-00181","PROVIDER_HEALTH_FALSE","webb-tx","4809310","FIXED","Current accepted membership uses the existing source authorities; unavailable plus zero is not presented as a complete quiet state."
"LP24449-ledger-00182","PROVIDER_HEALTH_FALSE","fannin-tx","4809328","FIXED","Current accepted membership uses the existing source authorities; unavailable plus zero is not presented as a complete quiet state."
"LP24449-ledger-00183","PROVIDER_HEALTH_FALSE","brazoria-tx","4809388","FIXED","Current accepted membership uses the existing source authorities; unavailable plus zero is not presented as a complete quiet state."
"LP24449-ledger-00184","PROVIDER_HEALTH_FALSE","lipscomb-tx","4809448","FIXED","Current accepted membership uses the existing source authorities; unavailable plus zero is not presented as a complete quiet state."
"LP24449-ledger-00185","PROVIDER_HEALTH_FALSE","ochiltree-tx","4809448","FIXED","Current accepted membership uses the existing source authorities; unavailable plus zero is not presented as a complete quiet state."
"LP24449-ledger-00186","PROVIDER_HEALTH_FALSE","hutchinson-tx","4809556","FIXED","Current accepted membership uses the existing source authorities; unavailable plus zero is not presented as a complete quiet state."
"LP24449-ledger-00187","PROVIDER_HEALTH_FALSE","webb-tx","4809598","FIXED","Current accepted membership uses the existing source authorities; unavailable plus zero is not presented as a complete quiet state."
"LP24449-ledger-00188","PROVIDER_HEALTH_FALSE","parmer-tx","4809628","FIXED","Current accepted membership uses the existing source authorities; unavailable plus zero is not presented as a complete quiet state."
"LP24449-ledger-00189","PROVIDER_HEALTH_FALSE","montague-tx","4809640","FIXED","Current accepted membership uses the existing source authorities; unavailable plus zero is not presented as a complete quiet state."
"LP24449-ledger-00190","PROVIDER_HEALTH_FALSE","val-verde-tx","4809656","FIXED","Current accepted membership uses the existing source authorities; unavailable plus zero is not presented as a complete quiet state."
"LP24449-ledger-00191","PROVIDER_HEALTH_FALSE","wise-tx","4809748","FIXED","Current accepted membership uses the existing source authorities; unavailable plus zero is not presented as a complete quiet state."
"LP24449-ledger-00192","PROVIDER_HEALTH_FALSE","oldham-tx","4809796","FIXED","Current accepted membership uses the existing source authorities; unavailable plus zero is not presented as a complete quiet state."
"LP24449-ledger-00193","PROVIDER_HEALTH_FALSE","kinney-tx","4809868","FIXED","Current accepted membership uses the existing source authorities; unavailable plus zero is not presented as a complete quiet state."
"LP24449-ledger-00194","PROVIDER_HEALTH_FALSE","mcculloch-tx","4809916","FIXED","Current accepted membership uses the existing source authorities; unavailable plus zero is not presented as a complete quiet state."
"LP24449-ledger-00195","PROVIDER_HEALTH_FALSE","brazoria-tx","4810072","FIXED","Current accepted membership uses the existing source authorities; unavailable plus zero is not presented as a complete quiet state."
"LP24449-ledger-00196","PROVIDER_HEALTH_FALSE","palo-pinto-tx","4810084","FIXED","Current accepted membership uses the existing source authorities; unavailable plus zero is not presented as a complete quiet state."
"LP24449-ledger-00197","PROVIDER_HEALTH_FALSE","austin-tx","4810090","FIXED","Current accepted membership uses the existing source authorities; unavailable plus zero is not presented as a complete quiet state."
"LP24449-ledger-00198","PROVIDER_HEALTH_FALSE","stephens-tx","4810132","FIXED","Current accepted membership uses the existing source authorities; unavailable plus zero is not presented as a complete quiet state."
"LP24449-ledger-00199","PROVIDER_HEALTH_FALSE","robertson-tx","4810144","FIXED","Current accepted membership uses the existing source authorities; unavailable plus zero is not presented as a complete quiet state."
"LP24449-ledger-00200","PROVIDER_HEALTH_FALSE","washington-tx","4810156","FIXED","Current accepted membership uses the existing source authorities; unavailable plus zero is not presented as a complete quiet state."
"LP24449-ledger-00201","PROVIDER_HEALTH_FALSE","parker-tx","4810192","FIXED","Current accepted membership uses the existing source authorities; unavailable plus zero is not presented as a complete quiet state."
"LP24449-ledger-00202","PROVIDER_HEALTH_FALSE","tarrant-tx","4810192","FIXED","Current accepted membership uses the existing source authorities; unavailable plus zero is not presented as a complete quiet state."
"LP24449-ledger-00203","PROVIDER_HEALTH_FALSE","wise-tx","4810192","FIXED","Current accepted membership uses the existing source authorities; unavailable plus zero is not presented as a complete quiet state."
"LP24449-ledger-00204","PROVIDER_HEALTH_FALSE","travis-tx","4810197","FIXED","Current accepted membership uses the existing source authorities; unavailable plus zero is not presented as a complete quiet state."
"LP24449-ledger-00205","PROVIDER_HEALTH_FALSE","johnson-tx","4810216","FIXED","Current accepted membership uses the existing source authorities; unavailable plus zero is not presented as a complete quiet state."
"LP24449-ledger-00206","PROVIDER_HEALTH_FALSE","orange-tx","4810252","FIXED","Current accepted membership uses the existing source authorities; unavailable plus zero is not presented as a complete quiet state."
"LP24449-ledger-00207","PROVIDER_HEALTH_FALSE","wise-tx","4810264","FIXED","Current accepted membership uses the existing source authorities; unavailable plus zero is not presented as a complete quiet state."
"LP24449-ledger-00208","PROVIDER_HEALTH_FALSE","burnet-tx","4810276","FIXED","Current accepted membership uses the existing source authorities; unavailable plus zero is not presented as a complete quiet state."
"LP24449-ledger-00209","PROVIDER_HEALTH_FALSE","ellis-tx","4810336","FIXED","Current accepted membership uses the existing source authorities; unavailable plus zero is not presented as a complete quiet state."
"LP24449-ledger-00210","PROVIDER_HEALTH_FALSE","san-augustine-tx","4810384","FIXED","Current accepted membership uses the existing source authorities; unavailable plus zero is not presented as a complete quiet state."
"LP24449-ledger-00211","PROVIDER_HEALTH_FALSE","coke-tx","4810528","FIXED","Current accepted membership uses the existing source authorities; unavailable plus zero is not presented as a complete quiet state."
"LP24449-ledger-00212","PROVIDER_HEALTH_FALSE","waller-tx","4810636","FIXED","Current accepted membership uses the existing source authorities; unavailable plus zero is not presented as a complete quiet state."
"LP24449-ledger-00213","PROVIDER_HEALTH_FALSE","brazoria-tx","4810648","FIXED","Current accepted membership uses the existing source authorities; unavailable plus zero is not presented as a complete quiet state."
"LP24449-ledger-00214","PROVIDER_HEALTH_FALSE","lamar-tx","4810660","FIXED","Current accepted membership uses the existing source authorities; unavailable plus zero is not presented as a complete quiet state."
"LP24449-ledger-00215","PROVIDER_HEALTH_FALSE","jasper-tx","4810708","FIXED","Current accepted membership uses the existing source authorities; unavailable plus zero is not presented as a complete quiet state."
"LP24449-ledger-00216","PROVIDER_HEALTH_FALSE","terry-tx","4810720","FIXED","Current accepted membership uses the existing source authorities; unavailable plus zero is not presented as a complete quiet state."
"LP24449-ledger-00217","PROVIDER_HEALTH_FALSE","henderson-tx","4810756","FIXED","Current accepted membership uses the existing source authorities; unavailable plus zero is not presented as a complete quiet state."
"LP24449-ledger-00218","PROVIDER_HEALTH_FALSE","cameron-tx","4810768","FIXED","Current accepted membership uses the existing source authorities; unavailable plus zero is not presented as a complete quiet state."
"LP24449-ledger-00219","PROVIDER_HEALTH_FALSE","brown-tx","4810780","FIXED","Current accepted membership uses the existing source authorities; unavailable plus zero is not presented as a complete quiet state."
"LP24449-ledger-00220","PROVIDER_HEALTH_FALSE","falls-tx","4810828","FIXED","Current accepted membership uses the existing source authorities; unavailable plus zero is not presented as a complete quiet state."
"LP24449-ledger-00221","PROVIDER_HEALTH_FALSE","mclennan-tx","4810828","FIXED","Current accepted membership uses the existing source authorities; unavailable plus zero is not presented as a complete quiet state."
"LP24449-ledger-00222","PROVIDER_HEALTH_FALSE","dimmit-tx","4810852","FIXED","Current accepted membership uses the existing source authorities; unavailable plus zero is not presented as a complete quiet state."
"LP24449-ledger-00223","PROVIDER_HEALTH_FALSE","webb-tx","4810876","FIXED","Current accepted membership uses the existing source authorities; unavailable plus zero is not presented as a complete quiet state."
"LP24449-ledger-00224","PROVIDER_HEALTH_FALSE","williamson-tx","4810897","FIXED","Current accepted membership uses the existing source authorities; unavailable plus zero is not presented as a complete quiet state."
"LP24449-ledger-00225","PROVIDER_HEALTH_FALSE","brazos-tx","4810912","FIXED","Current accepted membership uses the existing source authorities; unavailable plus zero is not presented as a complete quiet state."
"LP24449-ledger-00226","PROVIDER_HEALTH_FALSE","jack-tx","4810960","FIXED","Current accepted membership uses the existing source authorities; unavailable plus zero is not presented as a complete quiet state."
"LP24449-ledger-00227","PROVIDER_HEALTH_FALSE","llano-tx","4810984","FIXED","Current accepted membership uses the existing source authorities; unavailable plus zero is not presented as a complete quiet state."
"LP24449-ledger-00228","PROVIDER_HEALTH_FALSE","llano-tx","4810990","FIXED","Current accepted membership uses the existing source authorities; unavailable plus zero is not presented as a complete quiet state."
"LP24449-ledger-00229","PROVIDER_HEALTH_FALSE","milam-tx","4811020","FIXED","Current accepted membership uses the existing source authorities; unavailable plus zero is not presented as a complete quiet state."
"LP24449-ledger-00230","PROVIDER_HEALTH_FALSE","hays-tx","4811080","FIXED","Current accepted membership uses the existing source authorities; unavailable plus zero is not presented as a complete quiet state."
"LP24449-ledger-00231","PROVIDER_HEALTH_FALSE","starr-tx","4811102","FIXED","Current accepted membership uses the existing source authorities; unavailable plus zero is not presented as a complete quiet state."
"LP24449-ledger-00232","PROVIDER_HEALTH_FALSE","leon-tx","4811116","FIXED","Current accepted membership uses the existing source authorities; unavailable plus zero is not presented as a complete quiet state."
"LP24449-ledger-00233","PROVIDER_HEALTH_FALSE","taylor-tx","4811128","FIXED","Current accepted membership uses the existing source authorities; unavailable plus zero is not presented as a complete quiet state."
"LP24449-ledger-00234","PROVIDER_HEALTH_FALSE","lubbock-tx","4811155","FIXED","Current accepted membership uses the existing source authorities; unavailable plus zero is not presented as a complete quiet state."
"LP24449-ledger-00235","PROVIDER_HEALTH_FALSE","cherokee-tx","4811212","FIXED","Current accepted membership uses the existing source authorities; unavailable plus zero is not presented as a complete quiet state."
"LP24449-ledger-00236","PROVIDER_HEALTH_FALSE","smith-tx","4811212","FIXED","Current accepted membership uses the existing source authorities; unavailable plus zero is not presented as a complete quiet state."
"LP24449-ledger-00237","PROVIDER_HEALTH_FALSE","comal-tx","4811224","FIXED","Current accepted membership uses the existing source authorities; unavailable plus zero is not presented as a complete quiet state."
"LP24449-ledger-00238","PROVIDER_HEALTH_FALSE","jasper-tx","4811236","FIXED","Current accepted membership uses the existing source authorities; unavailable plus zero is not presented as a complete quiet state."
"LP24449-ledger-00239","PROVIDER_HEALTH_FALSE","harris-tx","4811300","FIXED","Current accepted membership uses the existing source authorities; unavailable plus zero is not presented as a complete quiet state."
"LP24449-ledger-00240","PROVIDER_HEALTH_FALSE","wichita-tx","4811368","FIXED","Current accepted membership uses the existing source authorities; unavailable plus zero is not presented as a complete quiet state."
"LP24449-ledger-00241","PROVIDER_HEALTH_FALSE","angelina-tx","4811380","FIXED","Current accepted membership uses the existing source authorities; unavailable plus zero is not presented as a complete quiet state."
"LP24449-ledger-00242","PROVIDER_HEALTH_FALSE","johnson-tx","4811428","FIXED","Current accepted membership uses the existing source authorities; unavailable plus zero is not presented as a complete quiet state."
"LP24449-ledger-00243","PROVIDER_HEALTH_FALSE","tarrant-tx","4811428","FIXED","Current accepted membership uses the existing source authorities; unavailable plus zero is not presented as a complete quiet state."
"LP24449-ledger-00244","PROVIDER_HEALTH_FALSE","milam-tx","4811440","FIXED","Current accepted membership uses the existing source authorities; unavailable plus zero is not presented as a complete quiet state."
"LP24449-ledger-00245","PROVIDER_HEALTH_FALSE","burnet-tx","4811464","FIXED","Current accepted membership uses the existing source authorities; unavailable plus zero is not presented as a complete quiet state."
"LP24449-ledger-00246","PROVIDER_HEALTH_FALSE","washington-tx","4811536","FIXED","Current accepted membership uses the existing source authorities; unavailable plus zero is not presented as a complete quiet state."
"LP24449-ledger-00247","PROVIDER_HEALTH_FALSE","potter-tx","4811572","FIXED","Current accepted membership uses the existing source authorities; unavailable plus zero is not presented as a complete quiet state."
"LP24449-ledger-00248","PROVIDER_HEALTH_FALSE","randall-tx","4811572","FIXED","Current accepted membership uses the existing source authorities; unavailable plus zero is not presented as a complete quiet state."
"LP24449-ledger-00249","PROVIDER_HEALTH_FALSE","el-paso-tx","4811626","FIXED","Current accepted membership uses the existing source authorities; unavailable plus zero is not presented as a complete quiet state."
"LP24449-ledger-00250","PROVIDER_HEALTH_FALSE","clay-tx","4811644","FIXED","Current accepted membership uses the existing source authorities; unavailable plus zero is not presented as a complete quiet state."
"LP24449-ledger-00251","PROVIDER_HEALTH_FALSE","hill-tx","4811656","FIXED","Current accepted membership uses the existing source authorities; unavailable plus zero is not presented as a complete quiet state."
"LP24449-ledger-00252","PROVIDER_HEALTH_FALSE","moore-tx","4811692","FIXED","Current accepted membership uses the existing source authorities; unavailable plus zero is not presented as a complete quiet state."
"LP24449-ledger-00253","PROVIDER_HEALTH_FALSE","hunt-tx","4811716","FIXED","Current accepted membership uses the existing source authorities; unavailable plus zero is not presented as a complete quiet state."
"LP24449-ledger-00254","PROVIDER_HEALTH_FALSE","burleson-tx","4811725","FIXED","Current accepted membership uses the existing source authorities; unavailable plus zero is not presented as a complete quiet state."
"LP24449-ledger-00255","PROVIDER_HEALTH_FALSE","burleson-tx","4811836","FIXED","Current accepted membership uses the existing source authorities; unavailable plus zero is not presented as a complete quiet state."
"LP24449-ledger-00256","PROVIDER_HEALTH_FALSE","van-zandt-tx","4811940","FIXED","Current accepted membership uses the existing source authorities; unavailable plus zero is not presented as a complete quiet state."
"LP24449-ledger-00257","PROVIDER_HEALTH_FALSE","cooke-tx","4811968","FIXED","Current accepted membership uses the existing source authorities; unavailable plus zero is not presented as a complete quiet state."
"LP24449-ledger-00258","PROVIDER_HEALTH_FALSE","robertson-tx","4811992","FIXED","Current accepted membership uses the existing source authorities; unavailable plus zero is not presented as a complete quiet state."
"LP24449-ledger-00259","PROVIDER_HEALTH_FALSE","starr-tx","4812010","FIXED","Current accepted membership uses the existing source authorities; unavailable plus zero is not presented as a complete quiet state."
"LP24449-ledger-00260","PROVIDER_HEALTH_FALSE","milam-tx","4812040","FIXED","Current accepted membership uses the existing source authorities; unavailable plus zero is not presented as a complete quiet state."
"LP24449-ledger-00261","PROVIDER_HEALTH_FALSE","cameron-tx","4812045","FIXED","Current accepted membership uses the existing source authorities; unavailable plus zero is not presented as a complete quiet state."
"LP24449-ledger-00262","PROVIDER_HEALTH_FALSE","hunt-tx","4812112","FIXED","Current accepted membership uses the existing source authorities; unavailable plus zero is not presented as a complete quiet state."
"LP24449-ledger-00263","PROVIDER_HEALTH_FALSE","starr-tx","4812226","FIXED","Current accepted membership uses the existing source authorities; unavailable plus zero is not presented as a complete quiet state."
"LP24449-ledger-00264","PROVIDER_HEALTH_FALSE","bastrop-tx","4812334","FIXED","Current accepted membership uses the existing source authorities; unavailable plus zero is not presented as a complete quiet state."
"LP24449-ledger-00265","PROVIDER_HEALTH_FALSE","real-tx","4812388","FIXED","Current accepted membership uses the existing source authorities; unavailable plus zero is not presented as a complete quiet state."
"LP24449-ledger-00266","PROVIDER_HEALTH_FALSE","hemphill-tx","4812412","FIXED","Current accepted membership uses the existing source authorities; unavailable plus zero is not presented as a complete quiet state."
"LP24449-ledger-00267","PROVIDER_HEALTH_FALSE","henderson-tx","4812472","FIXED","Current accepted membership uses the existing source authorities; unavailable plus zero is not presented as a complete quiet state."
"LP24449-ledger-00268","PROVIDER_HEALTH_FALSE","van-zandt-tx","4812496","FIXED","Current accepted membership uses the existing source authorities; unavailable plus zero is not presented as a complete quiet state."
"LP24449-ledger-00269","PROVIDER_HEALTH_FALSE","brooks-tx","4812502","FIXED","Current accepted membership uses the existing source authorities; unavailable plus zero is not presented as a complete quiet state."
"LP24449-ledger-00270","PROVIDER_HEALTH_FALSE","el-paso-tx","4812508","FIXED","Current accepted membership uses the existing source authorities; unavailable plus zero is not presented as a complete quiet state."
"LP24449-ledger-00271","PROVIDER_HEALTH_FALSE","randall-tx","4812532","FIXED","Current accepted membership uses the existing source authorities; unavailable plus zero is not presented as a complete quiet state."
"LP24449-ledger-00272","PROVIDER_HEALTH_FALSE","hood-tx","4812562","FIXED","Current accepted membership uses the existing source authorities; unavailable plus zero is not presented as a complete quiet state."
"LP24449-ledger-00273","PROVIDER_HEALTH_FALSE","comal-tx","4812580","FIXED","Current accepted membership uses the existing source authorities; unavailable plus zero is not presented as a complete quiet state."
"LP24449-ledger-00274","PROVIDER_HEALTH_FALSE","san-jacinto-tx","4812600","FIXED","Current accepted membership uses the existing source authorities; unavailable plus zero is not presented as a complete quiet state."
"LP24449-ledger-00275","PROVIDER_HEALTH_FALSE","eastland-tx","4812736","FIXED","Current accepted membership uses the existing source authorities; unavailable plus zero is not presented as a complete quiet state."
"LP24449-ledger-00276","PROVIDER_HEALTH_FALSE","tom-green-tx","4812892","FIXED","Current accepted membership uses the existing source authorities; unavailable plus zero is not presented as a complete quiet state."
"LP24449-ledger-00277","PROVIDER_HEALTH_FALSE","hill-tx","4812895","FIXED","Current accepted membership uses the existing source authorities; unavailable plus zero is not presented as a complete quiet state."
"LP24449-ledger-00278","PROVIDER_HEALTH_FALSE","hamilton-tx","4812904","FIXED","Current accepted membership uses the existing source authorities; unavailable plus zero is not presented as a complete quiet state."
"LP24449-ledger-00279","PROVIDER_HEALTH_FALSE","fayette-tx","4812916","FIXED","Current accepted membership uses the existing source authorities; unavailable plus zero is not presented as a complete quiet state."
"LP24449-ledger-00280","PROVIDER_HEALTH_FALSE","dimmit-tx","4812982","FIXED","Current accepted membership uses the existing source authorities; unavailable plus zero is not presented as a complete quiet state."
"LP24449-ledger-00281","PROVIDER_HEALTH_FALSE","dimmit-tx","4812988","FIXED","Current accepted membership uses the existing source authorities; unavailable plus zero is not presented as a complete quiet state."
"LP24449-ledger-00282","PROVIDER_HEALTH_FALSE","collin-tx","4813024","FIXED","Current accepted membership uses the existing source authorities; unavailable plus zero is not presented as a complete quiet state."
"LP24449-ledger-00283","PROVIDER_HEALTH_FALSE","dallas-tx","4813024","FIXED","Current accepted membership uses the existing source authorities; unavailable plus zero is not presented as a complete quiet state."
"LP24449-ledger-00284","PROVIDER_HEALTH_FALSE","denton-tx","4813024","FIXED","Current accepted membership uses the existing source authorities; unavailable plus zero is not presented as a complete quiet state."
"LP24449-ledger-00285","PROVIDER_HEALTH_FALSE","parker-tx","4813075","FIXED","Current accepted membership uses the existing source authorities; unavailable plus zero is not presented as a complete quiet state."
"LP24449-ledger-00286","PROVIDER_HEALTH_FALSE","panola-tx","4813108","FIXED","Current accepted membership uses the existing source authorities; unavailable plus zero is not presented as a complete quiet state."
"LP24449-ledger-00287","PROVIDER_HEALTH_FALSE","starr-tx","4813128","FIXED","Current accepted membership uses the existing source authorities; unavailable plus zero is not presented as a complete quiet state."
"LP24449-ledger-00288","PROVIDER_HEALTH_FALSE","starr-tx","4813150","FIXED","Current accepted membership uses the existing source authorities; unavailable plus zero is not presented as a complete quiet state."
"LP24449-ledger-00289","PROVIDER_HEALTH_FALSE","wichita-tx","4813198","FIXED","Current accepted membership uses the existing source authorities; unavailable plus zero is not presented as a complete quiet state."
"LP24449-ledger-00290","PROVIDER_HEALTH_FALSE","bexar-tx","4813276","FIXED","Current accepted membership uses the existing source authorities; unavailable plus zero is not presented as a complete quiet state."
"LP24449-ledger-00291","PROVIDER_HEALTH_FALSE","medina-tx","4813312","FIXED","Current accepted membership uses the existing source authorities; unavailable plus zero is not presented as a complete quiet state."
"LP24449-ledger-00292","PROVIDER_HEALTH_FALSE","dimmit-tx","4813324","FIXED","Current accepted membership uses the existing source authorities; unavailable plus zero is not presented as a complete quiet state."
"LP24449-ledger-00293","PROVIDER_HEALTH_FALSE","bastrop-tx","4813432","FIXED","Current accepted membership uses the existing source authorities; unavailable plus zero is not presented as a complete quiet state."
"LP24449-ledger-00294","PROVIDER_HEALTH_FALSE","dallas-tx","4813492","FIXED","Current accepted membership uses the existing source authorities; unavailable plus zero is not presented as a complete quiet state."
"LP24449-ledger-00295","PROVIDER_HEALTH_FALSE","ellis-tx","4813492","FIXED","Current accepted membership uses the existing source authorities; unavailable plus zero is not presented as a complete quiet state."
"LP24449-ledger-00296","PROVIDER_HEALTH_FALSE","travis-tx","4813552","FIXED","Current accepted membership uses the existing source authorities; unavailable plus zero is not presented as a complete quiet state."
"LP24449-ledger-00297","PROVIDER_HEALTH_FALSE","williamson-tx","4813552","FIXED","Current accepted membership uses the existing source authorities; unavailable plus zero is not presented as a complete quiet state."
"LP24449-ledger-00298","PROVIDER_HEALTH_FALSE","polk-tx","4813570","FIXED","Current accepted membership uses the existing source authorities; unavailable plus zero is not presented as a complete quiet state."
"LP24449-ledger-00299","PROVIDER_HEALTH_FALSE","hunt-tx","4813672","FIXED","Current accepted membership uses the existing source authorities; unavailable plus zero is not presented as a complete quiet state."
"LP24449-ledger-00300","PROVIDER_HEALTH_FALSE","collin-tx","4813684","FIXED","Current accepted membership uses the existing source authorities; unavailable plus zero is not presented as a complete quiet state."
"LP24449-ledger-00301","PROVIDER_HEALTH_FALSE","denton-tx","4813684","FIXED","Current accepted membership uses the existing source authorities; unavailable plus zero is not presented as a complete quiet state."
"LP24449-ledger-00302","PROVIDER_HEALTH_FALSE","shelby-tx","4813732","FIXED","Current accepted membership uses the existing source authorities; unavailable plus zero is not presented as a complete quiet state."
"LP24449-ledger-00303","PROVIDER_HEALTH_FALSE","kerr-tx","4813828","FIXED","Current accepted membership uses the existing source authorities; unavailable plus zero is not presented as a complete quiet state."
"LP24449-ledger-00304","PROVIDER_HEALTH_FALSE","leon-tx","4813900","FIXED","Current accepted membership uses the existing source authorities; unavailable plus zero is not presented as a complete quiet state."
"LP24449-ledger-00305","PROVIDER_HEALTH_FALSE","jefferson-tx","4813972","FIXED","Current accepted membership uses the existing source authorities; unavailable plus zero is not presented as a complete quiet state."
"LP24449-ledger-00307","PROVIDER_HEALTH_FALSE","henderson-tx","4814224","FIXED","Current accepted membership uses the existing source authorities; unavailable plus zero is not presented as a complete quiet state."
"LP24449-ledger-00308","PROVIDER_HEALTH_FALSE","harris-tx","4814236","FIXED","Current accepted membership uses the existing source authorities; unavailable plus zero is not presented as a complete quiet state."
"LP24449-ledger-00309","PROVIDER_HEALTH_FALSE","hartley-tx","4814260","FIXED","Current accepted membership uses the existing source authorities; unavailable plus zero is not presented as a complete quiet state."
"LP24449-ledger-00310","PROVIDER_HEALTH_FALSE","starr-tx","4814266","FIXED","Current accepted membership uses the existing source authorities; unavailable plus zero is not presented as a complete quiet state."
"LP24449-ledger-00311","PROVIDER_HEALTH_FALSE","starr-tx","4814290","FIXED","Current accepted membership uses the existing source authorities; unavailable plus zero is not presented as a complete quiet state."
"LP24449-ledger-00312","PROVIDER_HEALTH_FALSE","atascosa-tx","4814404","FIXED","Current accepted membership uses the existing source authorities; unavailable plus zero is not presented as a complete quiet state."
"LP24449-ledger-00313","PROVIDER_HEALTH_FALSE","tyler-tx","4814584","FIXED","Current accepted membership uses the existing source authorities; unavailable plus zero is not presented as a complete quiet state."
"LP24449-ledger-00314","PROVIDER_HEALTH_FALSE","wise-tx","4814620","FIXED","Current accepted membership uses the existing source authorities; unavailable plus zero is not presented as a complete quiet state."
"LP24449-ledger-00315","PROVIDER_HEALTH_FALSE","childress-tx","4814668","FIXED","Current accepted membership uses the existing source authorities; unavailable plus zero is not presented as a complete quiet state."
"LP24449-ledger-00316","PROVIDER_HEALTH_FALSE","hardeman-tx","4814680","FIXED","Current accepted membership uses the existing source authorities; unavailable plus zero is not presented as a complete quiet state."
"LP24449-ledger-00317","PROVIDER_HEALTH_FALSE","falls-tx","4814692","FIXED","Current accepted membership uses the existing source authorities; unavailable plus zero is not presented as a complete quiet state."
"LP24449-ledger-00318","PROVIDER_HEALTH_FALSE","jefferson-tx","4814704","FIXED","Current accepted membership uses the existing source authorities; unavailable plus zero is not presented as a complete quiet state."
"LP24449-ledger-00319","PROVIDER_HEALTH_FALSE","bexar-tx","4814716","FIXED","Current accepted membership uses the existing source authorities; unavailable plus zero is not presented as a complete quiet state."
"LP24449-ledger-00320","PROVIDER_HEALTH_FALSE","mclennan-tx","4814740","FIXED","Current accepted membership uses the existing source authorities; unavailable plus zero is not presented as a complete quiet state."
"LP24449-ledger-00321","PROVIDER_HEALTH_FALSE","nacogdoches-tx","4814776","FIXED","Current accepted membership uses the existing source authorities; unavailable plus zero is not presented as a complete quiet state."
"LP24449-ledger-00322","PROVIDER_HEALTH_FALSE","atascosa-tx","4814860","FIXED","Current accepted membership uses the existing source authorities; unavailable plus zero is not presented as a complete quiet state."
"LP24449-ledger-00323","PROVIDER_HEALTH_FALSE","tom-green-tx","4814872","FIXED","Current accepted membership uses the existing source authorities; unavailable plus zero is not presented as a complete quiet state."
"LP24449-ledger-00324","PROVIDER_HEALTH_FALSE","bexar-tx","4814920","FIXED","Current accepted membership uses the existing source authorities; unavailable plus zero is not presented as a complete quiet state."
"LP24449-ledger-00325","PROVIDER_HEALTH_FALSE","guadalupe-tx","4814920","FIXED","Current accepted membership uses the existing source authorities; unavailable plus zero is not presented as a complete quiet state."
"LP24449-ledger-00327","PROVIDER_HEALTH_FALSE","fort-bend-tx","4814929","FIXED","Current accepted membership uses the existing source authorities; unavailable plus zero is not presented as a complete quiet state."
"LP24449-ledger-00328","PROVIDER_HEALTH_FALSE","harris-tx","4814929","FIXED","Current accepted membership uses the existing source authorities; unavailable plus zero is not presented as a complete quiet state."
"LP24449-ledger-00330","PROVIDER_HEALTH_FALSE","eastland-tx","4815004","FIXED","Current accepted membership uses the existing source authorities; unavailable plus zero is not presented as a complete quiet state."
"LP24449-ledger-00331","PROVIDER_HEALTH_FALSE","hidalgo-tx","4815028","FIXED","Current accepted membership uses the existing source authorities; unavailable plus zero is not presented as a complete quiet state."
"LP24449-ledger-00332","PROVIDER_HEALTH_FALSE","donley-tx","4815112","FIXED","Current accepted membership uses the existing source authorities; unavailable plus zero is not presented as a complete quiet state."
"LP24449-ledger-00333","PROVIDER_HEALTH_FALSE","red-river-tx","4815160","FIXED","Current accepted membership uses the existing source authorities; unavailable plus zero is not presented as a complete quiet state."
"LP24449-ledger-00334","PROVIDER_HEALTH_FALSE","gregg-tx","4815172","FIXED","Current accepted membership uses the existing source authorities; unavailable plus zero is not presented as a complete quiet state."
"LP24449-ledger-00335","PROVIDER_HEALTH_FALSE","upshur-tx","4815172","FIXED","Current accepted membership uses the existing source authorities; unavailable plus zero is not presented as a complete quiet state."
"LP24449-ledger-00336","PROVIDER_HEALTH_FALSE","armstrong-tx","4815196","FIXED","Current accepted membership uses the existing source authorities; unavailable plus zero is not presented as a complete quiet state."
"LP24449-ledger-00337","PROVIDER_HEALTH_FALSE","burleson-tx","4815232","FIXED","Current accepted membership uses the existing source authorities; unavailable plus zero is not presented as a complete quiet state."
"LP24449-ledger-00338","PROVIDER_HEALTH_FALSE","galveston-tx","4815328","FIXED","Current accepted membership uses the existing source authorities; unavailable plus zero is not presented as a complete quiet state."
"LP24449-ledger-00339","PROVIDER_HEALTH_FALSE","johnson-tx","4815364","FIXED","Current accepted membership uses the existing source authorities; unavailable plus zero is not presented as a complete quiet state."
"LP24449-ledger-00340","PROVIDER_HEALTH_FALSE","liberty-tx","4815436","FIXED","Current accepted membership uses the existing source authorities; unavailable plus zero is not presented as a complete quiet state."
"LP24449-ledger-00341","PROVIDER_HEALTH_FALSE","montgomery-tx","4815436","FIXED","Current accepted membership uses the existing source authorities; unavailable plus zero is not presented as a complete quiet state."
"LP24449-ledger-00342","PROVIDER_HEALTH_FALSE","san-jacinto-tx","4815436","FIXED","Current accepted membership uses the existing source authorities; unavailable plus zero is not presented as a complete quiet state."
"LP24449-ledger-00343","PROVIDER_HEALTH_FALSE","bosque-tx","4815472","FIXED","Current accepted membership uses the existing source authorities; unavailable plus zero is not presented as a complete quiet state."
"LP24449-ledger-00344","PROVIDER_HEALTH_FALSE","el-paso-tx","4815544","FIXED","Current accepted membership uses the existing source authorities; unavailable plus zero is not presented as a complete quiet state."
"LP24449-ledger-00345","PROVIDER_HEALTH_FALSE","harris-tx","4815628","FIXED","Current accepted membership uses the existing source authorities; unavailable plus zero is not presented as a complete quiet state."
"LP24449-ledger-00346","PROVIDER_HEALTH_FALSE","brazoria-tx","4815652","FIXED","Current accepted membership uses the existing source authorities; unavailable plus zero is not presented as a complete quiet state."
"LP24449-ledger-00347","PROVIDER_HEALTH_FALSE","callahan-tx","4815676","FIXED","Current accepted membership uses the existing source authorities; unavailable plus zero is not presented as a complete quiet state."
"LP24449-ledger-00348","PROVIDER_HEALTH_FALSE","howard-tx","4815700","FIXED","Current accepted membership uses the existing source authorities; unavailable plus zero is not presented as a complete quiet state."
"LP24449-ledger-00349","PROVIDER_HEALTH_FALSE","dallas-tx","4815796","FIXED","Current accepted membership uses the existing source authorities; unavailable plus zero is not presented as a complete quiet state."
"LP24449-ledger-00350","PROVIDER_HEALTH_FALSE","henderson-tx","4815820","FIXED","Current accepted membership uses the existing source authorities; unavailable plus zero is not presented as a complete quiet state."
"LP24449-ledger-00351","PROVIDER_HEALTH_FALSE","san-jacinto-tx","4815892","FIXED","Current accepted membership uses the existing source authorities; unavailable plus zero is not presented as a complete quiet state."
"LP24449-ledger-00352","PROVIDER_HEALTH_FALSE","coleman-tx","4815916","FIXED","Current accepted membership uses the existing source authorities; unavailable plus zero is not presented as a complete quiet state."
"LP24449-ledger-00353","PROVIDER_HEALTH_FALSE","brazos-tx","4815976","FIXED","Current accepted membership uses the existing source authorities; unavailable plus zero is not presented as a complete quiet state."
"LP24449-ledger-00354","PROVIDER_HEALTH_FALSE","tarrant-tx","4815988","FIXED","Current accepted membership uses the existing source authorities; unavailable plus zero is not presented as a complete quiet state."
"LP24449-ledger-00355","PROVIDER_HEALTH_FALSE","grayson-tx","4816036","FIXED","Current accepted membership uses the existing source authorities; unavailable plus zero is not presented as a complete quiet state."
"LP24449-ledger-00356","PROVIDER_HEALTH_FALSE","tyler-tx","4816048","FIXED","Current accepted membership uses the existing source authorities; unavailable plus zero is not presented as a complete quiet state."
"LP24449-ledger-00357","PROVIDER_HEALTH_FALSE","webb-tx","4816110","FIXED","Current accepted membership uses the existing source authorities; unavailable plus zero is not presented as a complete quiet state."
"LP24449-ledger-00358","PROVIDER_HEALTH_FALSE","mitchell-tx","4816120","FIXED","Current accepted membership uses the existing source authorities; unavailable plus zero is not presented as a complete quiet state."
"LP24449-ledger-00359","PROVIDER_HEALTH_FALSE","colorado-tx","4816168","FIXED","Current accepted membership uses the existing source authorities; unavailable plus zero is not presented as a complete quiet state."
"LP24449-ledger-00360","PROVIDER_HEALTH_FALSE","comanche-tx","4816192","FIXED","Current accepted membership uses the existing source authorities; unavailable plus zero is not presented as a complete quiet state."
"LP24449-ledger-00361","PROVIDER_HEALTH_FALSE","cameron-tx","4816204","FIXED","Current accepted membership uses the existing source authorities; unavailable plus zero is not presented as a complete quiet state."
"LP24449-ledger-00362","PROVIDER_HEALTH_FALSE","dallas-tx","4816216","FIXED","Current accepted membership uses the existing source authorities; unavailable plus zero is not presented as a complete quiet state."
"LP24449-ledger-00363","PROVIDER_HEALTH_FALSE","kaufman-tx","4816216","FIXED","Current accepted membership uses the existing source authorities; unavailable plus zero is not presented as a complete quiet state."
"LP24449-ledger-00364","PROVIDER_HEALTH_FALSE","kendall-tx","4816228","FIXED","Current accepted membership uses the existing source authorities; unavailable plus zero is not presented as a complete quiet state."
"LP24449-ledger-00365","PROVIDER_HEALTH_FALSE","hunt-tx","4816240","FIXED","Current accepted membership uses the existing source authorities; unavailable plus zero is not presented as a complete quiet state."
"LP24449-ledger-00366","PROVIDER_HEALTH_FALSE","hopkins-tx","4816252","FIXED","Current accepted membership uses the existing source authorities; unavailable plus zero is not presented as a complete quiet state."
"LP24449-ledger-00367","PROVIDER_HEALTH_FALSE","duval-tx","4816300","FIXED","Current accepted membership uses the existing source authorities; unavailable plus zero is not presented as a complete quiet state."
"LP24449-ledger-00368","PROVIDER_HEALTH_FALSE","montgomery-tx","4816432","FIXED","Current accepted membership uses the existing source authorities; unavailable plus zero is not presented as a complete quiet state."
"LP24449-ledger-00369","PROVIDER_HEALTH_FALSE","bexar-tx","4816468","FIXED","Current accepted membership uses the existing source authorities; unavailable plus zero is not presented as a complete quiet state."
"LP24449-ledger-00370","PROVIDER_HEALTH_FALSE","parker-tx","4816540","FIXED","Current accepted membership uses the existing source authorities; unavailable plus zero is not presented as a complete quiet state."
"LP24449-ledger-00371","PROVIDER_HEALTH_FALSE","limestone-tx","4816552","FIXED","Current accepted membership uses the existing source authorities; unavailable plus zero is not presented as a complete quiet state."
"LP24449-ledger-00372","PROVIDER_HEALTH_FALSE","delta-tx","4816564","FIXED","Current accepted membership uses the existing source authorities; unavailable plus zero is not presented as a complete quiet state."
"LP24449-ledger-00373","PROVIDER_HEALTH_FALSE","dallas-tx","4816612","FIXED","Current accepted membership uses the existing source authorities; unavailable plus zero is not presented as a complete quiet state."
"LP24449-ledger-00374","PROVIDER_HEALTH_FALSE","denton-tx","4816612","FIXED","Current accepted membership uses the existing source authorities; unavailable plus zero is not presented as a complete quiet state."
"LP24449-ledger-00375","PROVIDER_HEALTH_FALSE","bell-tx","4816624","FIXED","Current accepted membership uses the existing source authorities; unavailable plus zero is not presented as a complete quiet state."
"LP24449-ledger-00376","PROVIDER_HEALTH_FALSE","coryell-tx","4816624","FIXED","Current accepted membership uses the existing source authorities; unavailable plus zero is not presented as a complete quiet state."
"LP24449-ledger-00377","PROVIDER_HEALTH_FALSE","lampasas-tx","4816624","FIXED","Current accepted membership uses the existing source authorities; unavailable plus zero is not presented as a complete quiet state."
"LP24449-ledger-00378","PROVIDER_HEALTH_FALSE","denton-tx","4816636","FIXED","Current accepted membership uses the existing source authorities; unavailable plus zero is not presented as a complete quiet state."
"LP24449-ledger-00379","PROVIDER_HEALTH_FALSE","denton-tx","4816696","FIXED","Current accepted membership uses the existing source authorities; unavailable plus zero is not presented as a complete quiet state."
"LP24449-ledger-00380","PROVIDER_HEALTH_FALSE","aransas-tx","4817000","FIXED","Current accepted membership uses the existing source authorities; unavailable plus zero is not presented as a complete quiet state."
"LP24449-ledger-00381","PROVIDER_HEALTH_FALSE","kleberg-tx","4817000","FIXED","Current accepted membership uses the existing source authorities; unavailable plus zero is not presented as a complete quiet state."
"LP24449-ledger-00383","PROVIDER_HEALTH_FALSE","nueces-tx","4817000","FIXED","Current accepted membership uses the existing source authorities; unavailable plus zero is not presented as a complete quiet state."
"LP24449-ledger-00384","PROVIDER_HEALTH_FALSE","san-patricio-tx","4817000","FIXED","Current accepted membership uses the existing source authorities; unavailable plus zero is not presented as a complete quiet state."
"LP24449-ledger-00385","PROVIDER_HEALTH_FALSE","denton-tx","4817021","FIXED","Current accepted membership uses the existing source authorities; unavailable plus zero is not presented as a complete quiet state."
"LP24449-ledger-00386","PROVIDER_HEALTH_FALSE","polk-tx","4817036","FIXED","Current accepted membership uses the existing source authorities; unavailable plus zero is not presented as a complete quiet state."
"LP24449-ledger-00387","PROVIDER_HEALTH_FALSE","navarro-tx","4817060","FIXED","Current accepted membership uses the existing source authorities; unavailable plus zero is not presented as a complete quiet state."
"LP24449-ledger-00388","PROVIDER_HEALTH_FALSE","kaufman-tx","4817200","FIXED","Current accepted membership uses the existing source authorities; unavailable plus zero is not presented as a complete quiet state."
"LP24449-ledger-00389","PROVIDER_HEALTH_FALSE","burnet-tx","4817208","FIXED","Current accepted membership uses the existing source authorities; unavailable plus zero is not presented as a complete quiet state."
"LP24449-ledger-00390","PROVIDER_HEALTH_FALSE","la-salle-tx","4817216","FIXED","Current accepted membership uses the existing source authorities; unavailable plus zero is not presented as a complete quiet state."
"LP24449-ledger-00391","PROVIDER_HEALTH_FALSE","williamson-tx","4817312","FIXED","Current accepted membership uses the existing source authorities; unavailable plus zero is not presented as a complete quiet state."
"LP24449-ledger-00392","PROVIDER_HEALTH_FALSE","chambers-tx","4817336","FIXED","Current accepted membership uses the existing source authorities; unavailable plus zero is not presented as a complete quiet state."
"LP24449-ledger-00393","PROVIDER_HEALTH_FALSE","hill-tx","4817372","FIXED","Current accepted membership uses the existing source authorities; unavailable plus zero is not presented as a complete quiet state."
"LP24449-ledger-00394","PROVIDER_HEALTH_FALSE","pecos-tx","4817408","FIXED","Current accepted membership uses the existing source authorities; unavailable plus zero is not presented as a complete quiet state."
"LP24449-ledger-00395","PROVIDER_HEALTH_FALSE","jim-wells-tx","4817426","FIXED","Current accepted membership uses the existing source authorities; unavailable plus zero is not presented as a complete quiet state."
"LP24449-ledger-00396","PROVIDER_HEALTH_FALSE","johnson-tx","4817429","FIXED","Current accepted membership uses the existing source authorities; unavailable plus zero is not presented as a complete quiet state."
"LP24449-ledger-00397","PROVIDER_HEALTH_FALSE","kaufman-tx","4817504","FIXED","Current accepted membership uses the existing source authorities; unavailable plus zero is not presented as a complete quiet state."
"LP24449-ledger-00398","PROVIDER_HEALTH_FALSE","crane-tx","4817516","FIXED","Current accepted membership uses the existing source authorities; unavailable plus zero is not presented as a complete quiet state."
"LP24449-ledger-00399","PROVIDER_HEALTH_FALSE","bosque-tx","4817540","FIXED","Current accepted membership uses the existing source authorities; unavailable plus zero is not presented as a complete quiet state."
"LP24449-ledger-00400","PROVIDER_HEALTH_FALSE","mclennan-tx","4817564","FIXED","Current accepted membership uses the existing source authorities; unavailable plus zero is not presented as a complete quiet state."
"LP24449-ledger-00401","PROVIDER_HEALTH_FALSE","hays-tx","4817612","FIXED","Current accepted membership uses the existing source authorities; unavailable plus zero is not presented as a complete quiet state."
"LP24449-ledger-00402","PROVIDER_HEALTH_FALSE","travis-tx","4817612","FIXED","Current accepted membership uses the existing source authorities; unavailable plus zero is not presented as a complete quiet state."
"LP24449-ledger-00403","PROVIDER_HEALTH_FALSE","hood-tx","4817648","FIXED","Current accepted membership uses the existing source authorities; unavailable plus zero is not presented as a complete quiet state."
"LP24449-ledger-00404","PROVIDER_HEALTH_FALSE","johnson-tx","4817648","FIXED","Current accepted membership uses the existing source authorities; unavailable plus zero is not presented as a complete quiet state."
"LP24449-ledger-00405","PROVIDER_HEALTH_FALSE","parker-tx","4817648","FIXED","Current accepted membership uses the existing source authorities; unavailable plus zero is not presented as a complete quiet state."
"LP24449-ledger-00406","PROVIDER_HEALTH_FALSE","houston-tx","4817744","FIXED","Current accepted membership uses the existing source authorities; unavailable plus zero is not presented as a complete quiet state."
"LP24449-ledger-00407","PROVIDER_HEALTH_FALSE","harris-tx","4817756","FIXED","Current accepted membership uses the existing source authorities; unavailable plus zero is not presented as a complete quiet state."
"LP24449-ledger-00408","PROVIDER_HEALTH_FALSE","crosby-tx","4817768","FIXED","Current accepted membership uses the existing source authorities; unavailable plus zero is not presented as a complete quiet state."
"LP24449-ledger-00409","PROVIDER_HEALTH_FALSE","bexar-tx","4817811","FIXED","Current accepted membership uses the existing source authorities; unavailable plus zero is not presented as a complete quiet state."
"LP24449-ledger-00410","PROVIDER_HEALTH_FALSE","callahan-tx","4817816","FIXED","Current accepted membership uses the existing source authorities; unavailable plus zero is not presented as a complete quiet state."
"LP24449-ledger-00411","PROVIDER_HEALTH_FALSE","denton-tx","4817852","FIXED","Current accepted membership uses the existing source authorities; unavailable plus zero is not presented as a complete quiet state."
"LP24449-ledger-00412","PROVIDER_HEALTH_FALSE","johnson-tx","4817917","FIXED","Current accepted membership uses the existing source authorities; unavailable plus zero is not presented as a complete quiet state."
"LP24449-ledger-00413","PROVIDER_HEALTH_FALSE","foard-tx","4817948","FIXED","Current accepted membership uses the existing source authorities; unavailable plus zero is not presented as a complete quiet state."
"LP24449-ledger-00414","PROVIDER_HEALTH_FALSE","johnson-tx","4817960","FIXED","Current accepted membership uses the existing source authorities; unavailable plus zero is not presented as a complete quiet state."
"LP24449-ledger-00415","PROVIDER_HEALTH_FALSE","tarrant-tx","4817960","FIXED","Current accepted membership uses the existing source authorities; unavailable plus zero is not presented as a complete quiet state."
"LP24449-ledger-00416","PROVIDER_HEALTH_FALSE","zavala-tx","4818020","FIXED","Current accepted membership uses the existing source authorities; unavailable plus zero is not presented as a complete quiet state."
"LP24449-ledger-00417","PROVIDER_HEALTH_FALSE","dewitt-tx","4818092","FIXED","Current accepted membership uses the existing source authorities; unavailable plus zero is not presented as a complete quiet state."
"LP24449-ledger-00418","PROVIDER_HEALTH_FALSE","hidalgo-tx","4818104","FIXED","Current accepted membership uses the existing source authorities; unavailable plus zero is not presented as a complete quiet state."
"LP24449-ledger-00419","PROVIDER_HEALTH_FALSE","hopkins-tx","4818128","FIXED","Current accepted membership uses the existing source authorities; unavailable plus zero is not presented as a complete quiet state."
"LP24449-ledger-00420","PROVIDER_HEALTH_FALSE","fort-bend-tx","4818134","FIXED","Current accepted membership uses the existing source authorities; unavailable plus zero is not presented as a complete quiet state."
"LP24449-ledger-00421","PROVIDER_HEALTH_FALSE","cherokee-tx","4818152","FIXED","Current accepted membership uses the existing source authorities; unavailable plus zero is not presented as a complete quiet state."
"LP24449-ledger-00422","PROVIDER_HEALTH_FALSE","nacogdoches-tx","4818224","FIXED","Current accepted membership uses the existing source authorities; unavailable plus zero is not presented as a complete quiet state."
"LP24449-ledger-00423","PROVIDER_HEALTH_FALSE","montgomery-tx","4818260","FIXED","Current accepted membership uses the existing source authorities; unavailable plus zero is not presented as a complete quiet state."
"LP24449-ledger-00424","PROVIDER_HEALTH_FALSE","morris-tx","4818464","FIXED","Current accepted membership uses the existing source authorities; unavailable plus zero is not presented as a complete quiet state."
"LP24449-ledger-00425","PROVIDER_HEALTH_FALSE","liberty-tx","4818476","FIXED","Current accepted membership uses the existing source authorities; unavailable plus zero is not presented as a complete quiet state."
"LP24449-ledger-00426","PROVIDER_HEALTH_FALSE","dallam-tx","4818524","FIXED","Current accepted membership uses the existing source authorities; unavailable plus zero is not presented as a complete quiet state."
"LP24449-ledger-00427","PROVIDER_HEALTH_FALSE","hartley-tx","4818524","FIXED","Current accepted membership uses the existing source authorities; unavailable plus zero is not presented as a complete quiet state."
"LP24449-ledger-00428","PROVIDER_HEALTH_FALSE","collin-tx","4819000","FIXED","Current accepted membership uses the existing source authorities; unavailable plus zero is not presented as a complete quiet state."
"LP24449-ledger-00429","PROVIDER_HEALTH_FALSE","dallas-tx","4819000","FIXED","Current accepted membership uses the existing source authorities; unavailable plus zero is not presented as a complete quiet state."
"LP24449-ledger-00430","PROVIDER_HEALTH_FALSE","denton-tx","4819000","FIXED","Current accepted membership uses the existing source authorities; unavailable plus zero is not presented as a complete quiet state."
"LP24449-ledger-00431","PROVIDER_HEALTH_FALSE","kaufman-tx","4819000","FIXED","Current accepted membership uses the existing source authorities; unavailable plus zero is not presented as a complete quiet state."
"LP24449-ledger-00432","PROVIDER_HEALTH_FALSE","rockwall-tx","4819000","FIXED","Current accepted membership uses the existing source authorities; unavailable plus zero is not presented as a complete quiet state."
"LP24449-ledger-00433","PROVIDER_HEALTH_FALSE","tarrant-tx","4819084","FIXED","Current accepted membership uses the existing source authorities; unavailable plus zero is not presented as a complete quiet state."
"LP24449-ledger-00434","PROVIDER_HEALTH_FALSE","brazoria-tx","4819108","FIXED","Current accepted membership uses the existing source authorities; unavailable plus zero is not presented as a complete quiet state."
"LP24449-ledger-00435","PROVIDER_HEALTH_FALSE","brazoria-tx","4819120","FIXED","Current accepted membership uses the existing source authorities; unavailable plus zero is not presented as a complete quiet state."
"LP24449-ledger-00436","PROVIDER_HEALTH_FALSE","lipscomb-tx","4819288","FIXED","Current accepted membership uses the existing source authorities; unavailable plus zero is not presented as a complete quiet state."
"LP24449-ledger-00437","PROVIDER_HEALTH_FALSE","navarro-tx","4819420","FIXED","Current accepted membership uses the existing source authorities; unavailable plus zero is not presented as a complete quiet state."
"LP24449-ledger-00438","PROVIDER_HEALTH_FALSE","liberty-tx","4819432","FIXED","Current accepted membership uses the existing source authorities; unavailable plus zero is not presented as a complete quiet state."
"LP24449-ledger-00439","PROVIDER_HEALTH_FALSE","liberty-tx","4819435","FIXED","Current accepted membership uses the existing source authorities; unavailable plus zero is not presented as a complete quiet state."
"LP24449-ledger-00440","PROVIDER_HEALTH_FALSE","clay-tx","4819456","FIXED","Current accepted membership uses the existing source authorities; unavailable plus zero is not presented as a complete quiet state."
"LP24449-ledger-00441","PROVIDER_HEALTH_FALSE","burleson-tx","4819492","FIXED","Current accepted membership uses the existing source authorities; unavailable plus zero is not presented as a complete quiet state."
"LP24449-ledger-00442","PROVIDER_HEALTH_FALSE","wise-tx","4819528","FIXED","Current accepted membership uses the existing source authorities; unavailable plus zero is not presented as a complete quiet state."
"LP24449-ledger-00443","PROVIDER_HEALTH_FALSE","hood-tx","4819570","FIXED","Current accepted membership uses the existing source authorities; unavailable plus zero is not presented as a complete quiet state."
"LP24449-ledger-00444","PROVIDER_HEALTH_FALSE","harris-tx","4819624","FIXED","Current accepted membership uses the existing source authorities; unavailable plus zero is not presented as a complete quiet state."
"LP24449-ledger-00445","PROVIDER_HEALTH_FALSE","montgomery-tx","4819632","FIXED","Current accepted membership uses the existing source authorities; unavailable plus zero is not presented as a complete quiet state."
"LP24449-ledger-00446","PROVIDER_HEALTH_FALSE","bowie-tx","4819648","FIXED","Current accepted membership uses the existing source authorities; unavailable plus zero is not presented as a complete quiet state."
"LP24449-ledger-00447","PROVIDER_HEALTH_FALSE","comanche-tx","4819672","FIXED","Current accepted membership uses the existing source authorities; unavailable plus zero is not presented as a complete quiet state."
"LP24449-ledger-00448","PROVIDER_HEALTH_FALSE","hudspeth-tx","4819708","FIXED","Current accepted membership uses the existing source authorities; unavailable plus zero is not presented as a complete quiet state."
"LP24449-ledger-00449","PROVIDER_HEALTH_FALSE","cameron-tx","4819714","FIXED","Current accepted membership uses the existing source authorities; unavailable plus zero is not presented as a complete quiet state."
"LP24449-ledger-00450","PROVIDER_HEALTH_FALSE","starr-tx","4819732","FIXED","Current accepted membership uses the existing source authorities; unavailable plus zero is not presented as a complete quiet state."
"LP24449-ledger-00451","PROVIDER_HEALTH_FALSE","val-verde-tx","4819792","FIXED","Current accepted membership uses the existing source authorities; unavailable plus zero is not presented as a complete quiet state."
"LP24449-ledger-00452","PROVIDER_HEALTH_FALSE","san-patricio-tx","4819808","FIXED","Current accepted membership uses the existing source authorities; unavailable plus zero is not presented as a complete quiet state."
"LP24449-ledger-00453","PROVIDER_HEALTH_FALSE","grayson-tx","4819900","FIXED","Current accepted membership uses the existing source authorities; unavailable plus zero is not presented as a complete quiet state."
"LP24449-ledger-00454","PROVIDER_HEALTH_FALSE","parker-tx","4819924","FIXED","Current accepted membership uses the existing source authorities; unavailable plus zero is not presented as a complete quiet state."
"LP24449-ledger-00455","PROVIDER_HEALTH_FALSE","denton-tx","4819972","FIXED","Current accepted membership uses the existing source authorities; unavailable plus zero is not presented as a complete quiet state."
"LP24449-ledger-00456","PROVIDER_HEALTH_FALSE","gaines-tx","4819984","FIXED","Current accepted membership uses the existing source authorities; unavailable plus zero is not presented as a complete quiet state."
"LP24449-ledger-00457","PROVIDER_HEALTH_FALSE","yoakum-tx","4819984","FIXED","Current accepted membership uses the existing source authorities; unavailable plus zero is not presented as a complete quiet state."
"LP24449-ledger-00458","PROVIDER_HEALTH_FALSE","lamar-tx","4820020","FIXED","Current accepted membership uses the existing source authorities; unavailable plus zero is not presented as a complete quiet state."
"LP24449-ledger-00459","PROVIDER_HEALTH_FALSE","red-river-tx","4820020","FIXED","Current accepted membership uses the existing source authorities; unavailable plus zero is not presented as a complete quiet state."
"LP24449-ledger-00460","PROVIDER_HEALTH_FALSE","dallas-tx","4820092","FIXED","Current accepted membership uses the existing source authorities; unavailable plus zero is not presented as a complete quiet state."
"LP24449-ledger-00461","PROVIDER_HEALTH_FALSE","red-river-tx","4820128","FIXED","Current accepted membership uses the existing source authorities; unavailable plus zero is not presented as a complete quiet state."
"LP24449-ledger-00462","PROVIDER_HEALTH_FALSE","liberty-tx","4820140","FIXED","Current accepted membership uses the existing source authorities; unavailable plus zero is not presented as a complete quiet state."
"LP24449-ledger-00463","PROVIDER_HEALTH_FALSE","medina-tx","4820152","FIXED","Current accepted membership uses the existing source authorities; unavailable plus zero is not presented as a complete quiet state."
"LP24449-ledger-00464","PROVIDER_HEALTH_FALSE","newton-tx","4820212","FIXED","Current accepted membership uses the existing source authorities; unavailable plus zero is not presented as a complete quiet state."
"LP24449-ledger-00465","PROVIDER_HEALTH_FALSE","medina-tx","4820248","FIXED","Current accepted membership uses the existing source authorities; unavailable plus zero is not presented as a complete quiet state."
"LP24449-ledger-00466","PROVIDER_HEALTH_FALSE","angelina-tx","4820308","FIXED","Current accepted membership uses the existing source authorities; unavailable plus zero is not presented as a complete quiet state."
"LP24449-ledger-00467","PROVIDER_HEALTH_FALSE","dickens-tx","4820332","FIXED","Current accepted membership uses the existing source authorities; unavailable plus zero is not presented as a complete quiet state."
"LP24449-ledger-00468","PROVIDER_HEALTH_FALSE","galveston-tx","4820344","FIXED","Current accepted membership uses the existing source authorities; unavailable plus zero is not presented as a complete quiet state."
"LP24449-ledger-00469","PROVIDER_HEALTH_FALSE","frio-tx","4820428","FIXED","Current accepted membership uses the existing source authorities; unavailable plus zero is not presented as a complete quiet state."
"LP24449-ledger-00470","PROVIDER_HEALTH_FALSE","lee-tx","4820452","FIXED","Current accepted membership uses the existing source authorities; unavailable plus zero is not presented as a complete quiet state."
"LP24449-ledger-00471","PROVIDER_HEALTH_FALSE","castro-tx","4820464","FIXED","Current accepted membership uses the existing source authorities; unavailable plus zero is not presented as a complete quiet state."
"LP24449-ledger-00472","PROVIDER_HEALTH_FALSE","denton-tx","4820540","FIXED","Current accepted membership uses the existing source authorities; unavailable plus zero is not presented as a complete quiet state."
"LP24449-ledger-00473","PROVIDER_HEALTH_FALSE","fannin-tx","4820680","FIXED","Current accepted membership uses the existing source authorities; unavailable plus zero is not presented as a complete quiet state."
"LP24449-ledger-00474","PROVIDER_HEALTH_FALSE","collingsworth-tx","4820716","FIXED","Current accepted membership uses the existing source authorities; unavailable plus zero is not presented as a complete quiet state."
"LP24449-ledger-00475","PROVIDER_HEALTH_FALSE","hidalgo-tx","4820734","FIXED","Current accepted membership uses the existing source authorities; unavailable plus zero is not presented as a complete quiet state."
"LP24449-ledger-00476","PROVIDER_HEALTH_FALSE","cass-tx","4820848","FIXED","Current accepted membership uses the existing source authorities; unavailable plus zero is not presented as a complete quiet state."
"LP24449-ledger-00477","PROVIDER_HEALTH_FALSE","hidalgo-tx","4820884","FIXED","Current accepted membership uses the existing source authorities; unavailable plus zero is not presented as a complete quiet state."
"LP24449-ledger-00478","PROVIDER_HEALTH_FALSE","hidalgo-tx","4820926","FIXED","Current accepted membership uses the existing source authorities; unavailable plus zero is not presented as a complete quiet state."
"LP24449-ledger-00479","PROVIDER_HEALTH_FALSE","grayson-tx","4820932","FIXED","Current accepted membership uses the existing source authorities; unavailable plus zero is not presented as a complete quiet state."
"LP24449-ledger-00480","PROVIDER_HEALTH_FALSE","denton-tx","4821028","FIXED","Current accepted membership uses the existing source authorities; unavailable plus zero is not presented as a complete quiet state."
"LP24449-ledger-00481","PROVIDER_HEALTH_FALSE","burnet-tx","4821031","FIXED","Current accepted membership uses the existing source authorities; unavailable plus zero is not presented as a complete quiet state."
"LP24449-ledger-00482","PROVIDER_HEALTH_FALSE","cass-tx","4821112","FIXED","Current accepted membership uses the existing source authorities; unavailable plus zero is not presented as a complete quiet state."
"LP24449-ledger-00483","PROVIDER_HEALTH_FALSE","hays-tx","4821412","FIXED","Current accepted membership uses the existing source authorities; unavailable plus zero is not presented as a complete quiet state."
"LP24449-ledger-00484","PROVIDER_HEALTH_FALSE","hays-tx","4821424","FIXED","Current accepted membership uses the existing source authorities; unavailable plus zero is not presented as a complete quiet state."
"LP24449-ledger-00486","PROVIDER_HEALTH_FALSE","nueces-tx","4821436","FIXED","Current accepted membership uses the existing source authorities; unavailable plus zero is not presented as a complete quiet state."
"LP24449-ledger-00487","PROVIDER_HEALTH_FALSE","erath-tx","4821484","FIXED","Current accepted membership uses the existing source authorities; unavailable plus zero is not presented as a complete quiet state."
"LP24449-ledger-00488","PROVIDER_HEALTH_FALSE","moore-tx","4821556","FIXED","Current accepted membership uses the existing source authorities; unavailable plus zero is not presented as a complete quiet state."
"LP24449-ledger-00489","PROVIDER_HEALTH_FALSE","dallas-tx","4821628","FIXED","Current accepted membership uses the existing source authorities; unavailable plus zero is not presented as a complete quiet state."
"LP24449-ledger-00490","PROVIDER_HEALTH_FALSE","colorado-tx","4821844","FIXED","Current accepted membership uses the existing source authorities; unavailable plus zero is not presented as a complete quiet state."
"LP24449-ledger-00491","PROVIDER_HEALTH_FALSE","maverick-tx","4821892","FIXED","Current accepted membership uses the existing source authorities; unavailable plus zero is not presented as a complete quiet state."
"LP24449-ledger-00492","PROVIDER_HEALTH_FALSE","brown-tx","4821904","FIXED","Current accepted membership uses the existing source authorities; unavailable plus zero is not presented as a complete quiet state."
"LP24449-ledger-00493","PROVIDER_HEALTH_FALSE","lamb-tx","4821928","FIXED","Current accepted membership uses the existing source authorities; unavailable plus zero is not presented as a complete quiet state."
"LP24449-ledger-00494","PROVIDER_HEALTH_FALSE","starr-tx","4821958","FIXED","Current accepted membership uses the existing source authorities; unavailable plus zero is not presented as a complete quiet state."
"LP24449-ledger-00495","PROVIDER_HEALTH_FALSE","wharton-tx","4821988","FIXED","Current accepted membership uses the existing source authorities; unavailable plus zero is not presented as a complete quiet state."
"LP24449-ledger-00496","PROVIDER_HEALTH_FALSE","brazoria-tx","4822000","FIXED","Current accepted membership uses the existing source authorities; unavailable plus zero is not presented as a complete quiet state."
"LP24449-ledger-00497","PROVIDER_HEALTH_FALSE","eastland-tx","4822132","FIXED","Current accepted membership uses the existing source authorities; unavailable plus zero is not presented as a complete quiet state."
"LP24449-ledger-00498","PROVIDER_HEALTH_FALSE","gregg-tx","4822168","FIXED","Current accepted membership uses the existing source authorities; unavailable plus zero is not presented as a complete quiet state."
"LP24449-ledger-00499","PROVIDER_HEALTH_FALSE","upshur-tx","4822168","FIXED","Current accepted membership uses the existing source authorities; unavailable plus zero is not presented as a complete quiet state."
"LP24449-ledger-00500","PROVIDER_HEALTH_FALSE","gregg-tx","4822192","FIXED","Current accepted membership uses the existing source authorities; unavailable plus zero is not presented as a complete quiet state."
"LP24449-ledger-00501","PROVIDER_HEALTH_FALSE","rusk-tx","4822192","FIXED","Current accepted membership uses the existing source authorities; unavailable plus zero is not presented as a complete quiet state."
"LP24449-ledger-00502","PROVIDER_HEALTH_FALSE","rains-tx","4822276","FIXED","Current accepted membership uses the existing source authorities; unavailable plus zero is not presented as a complete quiet state."
"LP24449-ledger-00503","PROVIDER_HEALTH_FALSE","fannin-tx","4822516","FIXED","Current accepted membership uses the existing source authorities; unavailable plus zero is not presented as a complete quiet state."
"LP24449-ledger-00504","PROVIDER_HEALTH_FALSE","hidalgo-tx","4822528","FIXED","Current accepted membership uses the existing source authorities; unavailable plus zero is not presented as a complete quiet state."
"LP24449-ledger-00505","PROVIDER_HEALTH_FALSE","concho-tx","4822552","FIXED","Current accepted membership uses the existing source authorities; unavailable plus zero is not presented as a complete quiet state."
"LP24449-ledger-00506","PROVIDER_HEALTH_FALSE","tarrant-tx","4822588","FIXED","Current accepted membership uses the existing source authorities; unavailable plus zero is not presented as a complete quiet state."
"LP24449-ledger-00507","PROVIDER_HEALTH_FALSE","san-patricio-tx","4822593","FIXED","Current accepted membership uses the existing source authorities; unavailable plus zero is not presented as a complete quiet state."
"LP24449-ledger-00508","PROVIDER_HEALTH_FALSE","van-zandt-tx","4822612","FIXED","Current accepted membership uses the existing source authorities; unavailable plus zero is not presented as a complete quiet state."
"LP24449-ledger-00509","PROVIDER_HEALTH_FALSE","hidalgo-tx","4822660","FIXED","Current accepted membership uses the existing source authorities; unavailable plus zero is not presented as a complete quiet state."
"LP24449-ledger-00510","PROVIDER_HEALTH_FALSE","hale-tx","4822708","FIXED","Current accepted membership uses the existing source authorities; unavailable plus zero is not presented as a complete quiet state."
"LP24449-ledger-00511","PROVIDER_HEALTH_FALSE","jackson-tx","4822720","FIXED","Current accepted membership uses the existing source authorities; unavailable plus zero is not presented as a complete quiet state."
"LP24449-ledger-00512","PROVIDER_HEALTH_FALSE","van-zandt-tx","4822744","FIXED","Current accepted membership uses the existing source authorities; unavailable plus zero is not presented as a complete quiet state."
"LP24449-ledger-00513","PROVIDER_HEALTH_FALSE","san-patricio-tx","4822768","FIXED","Current accepted membership uses the existing source authorities; unavailable plus zero is not presented as a complete quiet state."
"LP24449-ledger-00515","PROVIDER_HEALTH_FALSE","throckmorton-tx","4822840","FIXED","Current accepted membership uses the existing source authorities; unavailable plus zero is not presented as a complete quiet state."
"LP24449-ledger-00516","PROVIDER_HEALTH_FALSE","starr-tx","4822853","FIXED","Current accepted membership uses the existing source authorities; unavailable plus zero is not presented as a complete quiet state."
"LP24449-ledger-00517","PROVIDER_HEALTH_FALSE","cameron-tx","4822858","FIXED","Current accepted membership uses the existing source authorities; unavailable plus zero is not presented as a complete quiet state."
"LP24449-ledger-00518","PROVIDER_HEALTH_FALSE","wharton-tx","4822864","FIXED","Current accepted membership uses the existing source authorities; unavailable plus zero is not presented as a complete quiet state."
"LP24449-ledger-00519","PROVIDER_HEALTH_FALSE","starr-tx","4822892","FIXED","Current accepted membership uses the existing source authorities; unavailable plus zero is not presented as a complete quiet state."
"LP24449-ledger-00520","PROVIDER_HEALTH_FALSE","starr-tx","4822920","FIXED","Current accepted membership uses the existing source authorities; unavailable plus zero is not presented as a complete quiet state."
"LP24449-ledger-00521","PROVIDER_HEALTH_FALSE","schleicher-tx","4822960","FIXED","Current accepted membership uses the existing source authorities; unavailable plus zero is not presented as a complete quiet state."
"LP24449-ledger-00522","PROVIDER_HEALTH_FALSE","wichita-tx","4822984","FIXED","Current accepted membership uses the existing source authorities; unavailable plus zero is not presented as a complete quiet state."
"LP24449-ledger-00523","PROVIDER_HEALTH_FALSE","bastrop-tx","4823044","FIXED","Current accepted membership uses the existing source authorities; unavailable plus zero is not presented as a complete quiet state."
"LP24449-ledger-00524","PROVIDER_HEALTH_FALSE","travis-tx","4823044","FIXED","Current accepted membership uses the existing source authorities; unavailable plus zero is not presented as a complete quiet state."
"LP24449-ledger-00525","PROVIDER_HEALTH_FALSE","starr-tx","4823062","FIXED","Current accepted membership uses the existing source authorities; unavailable plus zero is not presented as a complete quiet state."
"LP24449-ledger-00526","PROVIDER_HEALTH_FALSE","maverick-tx","4823080","FIXED","Current accepted membership uses the existing source authorities; unavailable plus zero is not presented as a complete quiet state."
"LP24449-ledger-00527","PROVIDER_HEALTH_FALSE","anderson-tx","4823140","FIXED","Current accepted membership uses the existing source authorities; unavailable plus zero is not presented as a complete quiet state."
"LP24449-ledger-00528","PROVIDER_HEALTH_FALSE","harris-tx","4823164","FIXED","Current accepted membership uses the existing source authorities; unavailable plus zero is not presented as a complete quiet state."
"LP24449-ledger-00529","PROVIDER_HEALTH_FALSE","fayette-tx","4823176","FIXED","Current accepted membership uses the existing source authorities; unavailable plus zero is not presented as a complete quiet state."
"LP24449-ledger-00530","PROVIDER_HEALTH_FALSE","maverick-tx","4823254","FIXED","Current accepted membership uses the existing source authorities; unavailable plus zero is not presented as a complete quiet state."
"LP24449-ledger-00531","PROVIDER_HEALTH_FALSE","bexar-tx","4823272","FIXED","Current accepted membership uses the existing source authorities; unavailable plus zero is not presented as a complete quiet state."
"LP24449-ledger-00532","PROVIDER_HEALTH_FALSE","wilson-tx","4823272","FIXED","Current accepted membership uses the existing source authorities; unavailable plus zero is not presented as a complete quiet state."
"LP24449-ledger-00533","PROVIDER_HEALTH_FALSE","starr-tx","4823278","FIXED","Current accepted membership uses the existing source authorities; unavailable plus zero is not presented as a complete quiet state."
"LP24449-ledger-00534","PROVIDER_HEALTH_FALSE","kaufman-tx","4823356","FIXED","Current accepted membership uses the existing source authorities; unavailable plus zero is not presented as a complete quiet state."
"LP24449-ledger-00535","PROVIDER_HEALTH_FALSE","starr-tx","4823398","FIXED","Current accepted membership uses the existing source authorities; unavailable plus zero is not presented as a complete quiet state."
"LP24449-ledger-00536","PROVIDER_HEALTH_FALSE","el-paso-tx","4824000","FIXED","Current accepted membership uses the existing source authorities; unavailable plus zero is not presented as a complete quiet state."
"LP24449-ledger-00537","PROVIDER_HEALTH_FALSE","starr-tx","4824013","FIXED","Current accepted membership uses the existing source authorities; unavailable plus zero is not presented as a complete quiet state."
"LP24449-ledger-00538","PROVIDER_HEALTH_FALSE","starr-tx","4824015","FIXED","Current accepted membership uses the existing source authorities; unavailable plus zero is not presented as a complete quiet state."
"LP24449-ledger-00539","PROVIDER_HEALTH_FALSE","starr-tx","4824018","FIXED","Current accepted membership uses the existing source authorities; unavailable plus zero is not presented as a complete quiet state."
"LP24449-ledger-00540","PROVIDER_HEALTH_FALSE","hidalgo-tx","4824036","FIXED","Current accepted membership uses the existing source authorities; unavailable plus zero is not presented as a complete quiet state."
"LP24449-ledger-00541","PROVIDER_HEALTH_FALSE","starr-tx","4824055","FIXED","Current accepted membership uses the existing source authorities; unavailable plus zero is not presented as a complete quiet state."
"LP24449-ledger-00542","PROVIDER_HEALTH_FALSE","smith-tx","4824158","FIXED","Current accepted membership uses the existing source authorities; unavailable plus zero is not presented as a complete quiet state."
"LP24449-ledger-00543","PROVIDER_HEALTH_FALSE","navarro-tx","4824168","FIXED","Current accepted membership uses the existing source authorities; unavailable plus zero is not presented as a complete quiet state."
"LP24449-ledger-00544","PROVIDER_HEALTH_FALSE","rains-tx","4824216","FIXED","Current accepted membership uses the existing source authorities; unavailable plus zero is not presented as a complete quiet state."
"LP24449-ledger-00545","PROVIDER_HEALTH_FALSE","cameron-tx","4824223","FIXED","Current accepted membership uses the existing source authorities; unavailable plus zero is not presented as a complete quiet state."
"LP24449-ledger-00546","PROVIDER_HEALTH_FALSE","henderson-tx","4824228","FIXED","Current accepted membership uses the existing source authorities; unavailable plus zero is not presented as a complete quiet state."
"LP24449-ledger-00547","PROVIDER_HEALTH_FALSE","la-salle-tx","4824240","FIXED","Current accepted membership uses the existing source authorities; unavailable plus zero is not presented as a complete quiet state."
"LP24449-ledger-00548","PROVIDER_HEALTH_FALSE","brooks-tx","4824252","FIXED","Current accepted membership uses the existing source authorities; unavailable plus zero is not presented as a complete quiet state."
"LP24449-ledger-00549","PROVIDER_HEALTH_FALSE","ellis-tx","4824348","FIXED","Current accepted membership uses the existing source authorities; unavailable plus zero is not presented as a complete quiet state."
"LP24449-ledger-00550","PROVIDER_HEALTH_FALSE","starr-tx","4824552","FIXED","Current accepted membership uses the existing source authorities; unavailable plus zero is not presented as a complete quiet state."
"LP24449-ledger-00551","PROVIDER_HEALTH_FALSE","hall-tx","4824636","FIXED","Current accepted membership uses the existing source authorities; unavailable plus zero is not presented as a complete quiet state."
"LP24449-ledger-00552","PROVIDER_HEALTH_FALSE","starr-tx","4824738","FIXED","Current accepted membership uses the existing source authorities; unavailable plus zero is not presented as a complete quiet state."
"LP24449-ledger-00553","PROVIDER_HEALTH_FALSE","tarrant-tx","4824768","FIXED","Current accepted membership uses the existing source authorities; unavailable plus zero is not presented as a complete quiet state."
"LP24449-ledger-00554","PROVIDER_HEALTH_FALSE","navarro-tx","4824816","FIXED","Current accepted membership uses the existing source authorities; unavailable plus zero is not presented as a complete quiet state."
"LP24449-ledger-00555","PROVIDER_HEALTH_FALSE","henderson-tx","4824828","FIXED","Current accepted membership uses the existing source authorities; unavailable plus zero is not presented as a complete quiet state."
"LP24449-ledger-00556","PROVIDER_HEALTH_FALSE","jasper-tx","4824840","FIXED","Current accepted membership uses the existing source authorities; unavailable plus zero is not presented as a complete quiet state."
"LP24449-ledger-00557","PROVIDER_HEALTH_FALSE","coryell-tx","4824864","FIXED","Current accepted membership uses the existing source authorities; unavailable plus zero is not presented as a complete quiet state."
"LP24449-ledger-00558","PROVIDER_HEALTH_FALSE","hamilton-tx","4824864","FIXED","Current accepted membership uses the existing source authorities; unavailable plus zero is not presented as a complete quiet state."
"LP24449-ledger-00559","PROVIDER_HEALTH_FALSE","starr-tx","4824894","FIXED","Current accepted membership uses the existing source authorities; unavailable plus zero is not presented as a complete quiet state."
"LP24449-ledger-00560","PROVIDER_HEALTH_FALSE","tarrant-tx","4824912","FIXED","Current accepted membership uses the existing source authorities; unavailable plus zero is not presented as a complete quiet state."
"LP24449-ledger-00561","PROVIDER_HEALTH_FALSE","el-paso-tx","4825032","FIXED","Current accepted membership uses the existing source authorities; unavailable plus zero is not presented as a complete quiet state."
"LP24449-ledger-00562","PROVIDER_HEALTH_FALSE","maverick-tx","4825038","FIXED","Current accepted membership uses the existing source authorities; unavailable plus zero is not presented as a complete quiet state."
"LP24449-ledger-00563","PROVIDER_HEALTH_FALSE","fort-bend-tx","4825068","FIXED","Current accepted membership uses the existing source authorities; unavailable plus zero is not presented as a complete quiet state."
"LP24449-ledger-00564","PROVIDER_HEALTH_FALSE","freestone-tx","4825104","FIXED","Current accepted membership uses the existing source authorities; unavailable plus zero is not presented as a complete quiet state."
"LP24449-ledger-00565","PROVIDER_HEALTH_FALSE","bexar-tx","4825168","FIXED","Current accepted membership uses the existing source authorities; unavailable plus zero is not presented as a complete quiet state."
"LP24449-ledger-00566","PROVIDER_HEALTH_FALSE","comal-tx","4825168","FIXED","Current accepted membership uses the existing source authorities; unavailable plus zero is not presented as a complete quiet state."
"LP24449-ledger-00567","PROVIDER_HEALTH_FALSE","kendall-tx","4825168","FIXED","Current accepted membership uses the existing source authorities; unavailable plus zero is not presented as a complete quiet state."
"LP24449-ledger-00568","PROVIDER_HEALTH_FALSE","collin-tx","4825224","FIXED","Current accepted membership uses the existing source authorities; unavailable plus zero is not presented as a complete quiet state."
"LP24449-ledger-00569","PROVIDER_HEALTH_FALSE","starr-tx","4825338","FIXED","Current accepted membership uses the existing source authorities; unavailable plus zero is not presented as a complete quiet state."
"LP24449-ledger-00570","PROVIDER_HEALTH_FALSE","starr-tx","4825344","FIXED","Current accepted membership uses the existing source authorities; unavailable plus zero is not presented as a complete quiet state."
"LP24449-ledger-00571","PROVIDER_HEALTH_FALSE","zapata-tx","4825348","FIXED","Current accepted membership uses the existing source authorities; unavailable plus zero is not presented as a complete quiet state."
"LP24449-ledger-00572","PROVIDER_HEALTH_FALSE","zapata-tx","4825352","FIXED","Current accepted membership uses the existing source authorities; unavailable plus zero is not presented as a complete quiet state."
"LP24449-ledger-00573","PROVIDER_HEALTH_FALSE","starr-tx","4825356","FIXED","Current accepted membership uses the existing source authorities; unavailable plus zero is not presented as a complete quiet state."
"LP24449-ledger-00574","PROVIDER_HEALTH_FALSE","brooks-tx","4825368","FIXED","Current accepted membership uses the existing source authorities; unavailable plus zero is not presented as a complete quiet state."
"LP24449-ledger-00575","PROVIDER_HEALTH_FALSE","karnes-tx","4825392","FIXED","Current accepted membership uses the existing source authorities; unavailable plus zero is not presented as a complete quiet state."
"LP24449-ledger-00576","PROVIDER_HEALTH_FALSE","san-patricio-tx","4825397","FIXED","Current accepted membership uses the existing source authorities; unavailable plus zero is not presented as a complete quiet state."
"LP24449-ledger-00577","PROVIDER_HEALTH_FALSE","jefferson-tx","4825404","FIXED","Current accepted membership uses the existing source authorities; unavailable plus zero is not presented as a complete quiet state."
"LP24449-ledger-00578","PROVIDER_HEALTH_FALSE","dallas-tx","4825452","FIXED","Current accepted membership uses the existing source authorities; unavailable plus zero is not presented as a complete quiet state."
"LP24449-ledger-00579","PROVIDER_HEALTH_FALSE","collin-tx","4825488","FIXED","Current accepted membership uses the existing source authorities; unavailable plus zero is not presented as a complete quiet state."
"LP24449-ledger-00580","PROVIDER_HEALTH_FALSE","ochiltree-tx","4825512","FIXED","Current accepted membership uses the existing source authorities; unavailable plus zero is not presented as a complete quiet state."
"LP24449-ledger-00581","PROVIDER_HEALTH_FALSE","parmer-tx","4825548","FIXED","Current accepted membership uses the existing source authorities; unavailable plus zero is not presented as a complete quiet state."
"LP24449-ledger-00582","PROVIDER_HEALTH_FALSE","rockwall-tx","4825572","FIXED","Current accepted membership uses the existing source authorities; unavailable plus zero is not presented as a complete quiet state."
"LP24449-ledger-00583","PROVIDER_HEALTH_FALSE","fayette-tx","4825644","FIXED","Current accepted membership uses the existing source authorities; unavailable plus zero is not presented as a complete quiet state."
"LP24449-ledger-00584","PROVIDER_HEALTH_FALSE","starr-tx","4825744","FIXED","Current accepted membership uses the existing source authorities; unavailable plus zero is not presented as a complete quiet state."
"LP24449-ledger-00585","PROVIDER_HEALTH_FALSE","dallas-tx","4825752","FIXED","Current accepted membership uses the existing source authorities; unavailable plus zero is not presented as a complete quiet state."
"LP24449-ledger-00586","PROVIDER_HEALTH_FALSE","ellis-tx","4825752","FIXED","Current accepted membership uses the existing source authorities; unavailable plus zero is not presented as a complete quiet state."
"LP24449-ledger-00588","PROVIDER_HEALTH_FALSE","coryell-tx","4826004","FIXED","Current accepted membership uses the existing source authorities; unavailable plus zero is not presented as a complete quiet state."
"LP24449-ledger-00589","PROVIDER_HEALTH_FALSE","fayette-tx","4826028","FIXED","Current accepted membership uses the existing source authorities; unavailable plus zero is not presented as a complete quiet state."
"LP24449-ledger-00590","PROVIDER_HEALTH_FALSE","starr-tx","4826130","FIXED","Current accepted membership uses the existing source authorities; unavailable plus zero is not presented as a complete quiet state."
"LP24449-ledger-00591","PROVIDER_HEALTH_FALSE","williamson-tx","4826136","FIXED","Current accepted membership uses the existing source authorities; unavailable plus zero is not presented as a complete quiet state."
"LP24449-ledger-00592","PROVIDER_HEALTH_FALSE","wilson-tx","4826160","FIXED","Current accepted membership uses the existing source authorities; unavailable plus zero is not presented as a complete quiet state."
"LP24449-ledger-00593","PROVIDER_HEALTH_FALSE","brooks-tx","4826220","FIXED","Current accepted membership uses the existing source authorities; unavailable plus zero is not presented as a complete quiet state."
"LP24449-ledger-00594","PROVIDER_HEALTH_FALSE","denton-tx","4826232","FIXED","Current accepted membership uses the existing source authorities; unavailable plus zero is not presented as a complete quiet state."
"LP24449-ledger-00595","PROVIDER_HEALTH_FALSE","tarrant-tx","4826232","FIXED","Current accepted membership uses the existing source authorities; unavailable plus zero is not presented as a complete quiet state."
"LP24449-ledger-00596","PROVIDER_HEALTH_FALSE","floyd-tx","4826268","FIXED","Current accepted membership uses the existing source authorities; unavailable plus zero is not presented as a complete quiet state."
"LP24449-ledger-00597","PROVIDER_HEALTH_FALSE","scurry-tx","4826280","FIXED","Current accepted membership uses the existing source authorities; unavailable plus zero is not presented as a complete quiet state."
"LP24449-ledger-00598","PROVIDER_HEALTH_FALSE","lipscomb-tx","4826328","FIXED","Current accepted membership uses the existing source authorities; unavailable plus zero is not presented as a complete quiet state."
"LP24449-ledger-00599","PROVIDER_HEALTH_FALSE","orange-tx","4826516","FIXED","Current accepted membership uses the existing source authorities; unavailable plus zero is not presented as a complete quiet state."
"LP24449-ledger-00600","PROVIDER_HEALTH_FALSE","tarrant-tx","4826544","FIXED","Current accepted membership uses the existing source authorities; unavailable plus zero is not presented as a complete quiet state."
"LP24449-ledger-00601","PROVIDER_HEALTH_FALSE","kaufman-tx","4826604","FIXED","Current accepted membership uses the existing source authorities; unavailable plus zero is not presented as a complete quiet state."
"LP24449-ledger-00602","PROVIDER_HEALTH_FALSE","howard-tx","4826640","FIXED","Current accepted membership uses the existing source authorities; unavailable plus zero is not presented as a complete quiet state."
"LP24449-ledger-00603","PROVIDER_HEALTH_FALSE","el-paso-tx","4826664","FIXED","Current accepted membership uses the existing source authorities; unavailable plus zero is not presented as a complete quiet state."
"LP24449-ledger-00604","PROVIDER_HEALTH_FALSE","bell-tx","4826666","FIXED","Current accepted membership uses the existing source authorities; unavailable plus zero is not presented as a complete quiet state."
"LP24449-ledger-00605","PROVIDER_HEALTH_FALSE","coryell-tx","4826666","FIXED","Current accepted membership uses the existing source authorities; unavailable plus zero is not presented as a complete quiet state."
"LP24449-ledger-00606","PROVIDER_HEALTH_FALSE","kinney-tx","4826680","FIXED","Current accepted membership uses the existing source authorities; unavailable plus zero is not presented as a complete quiet state."
"LP24449-ledger-00607","PROVIDER_HEALTH_FALSE","jeff-davis-tx","4826688","FIXED","Current accepted membership uses the existing source authorities; unavailable plus zero is not presented as a complete quiet state."
"LP24449-ledger-00608","PROVIDER_HEALTH_FALSE","hudspeth-tx","4826724","FIXED","Current accepted membership uses the existing source authorities; unavailable plus zero is not presented as a complete quiet state."
"LP24449-ledger-00609","PROVIDER_HEALTH_FALSE","pecos-tx","4826808","FIXED","Current accepted membership uses the existing source authorities; unavailable plus zero is not presented as a complete quiet state."
"LP24449-ledger-00610","PROVIDER_HEALTH_FALSE","denton-tx","4827000","FIXED","Current accepted membership uses the existing source authorities; unavailable plus zero is not presented as a complete quiet state."
"LP24449-ledger-00611","PROVIDER_HEALTH_FALSE","johnson-tx","4827000","FIXED","Current accepted membership uses the existing source authorities; unavailable plus zero is not presented as a complete quiet state."
"LP24449-ledger-00612","PROVIDER_HEALTH_FALSE","parker-tx","4827000","FIXED","Current accepted membership uses the existing source authorities; unavailable plus zero is not presented as a complete quiet state."
"LP24449-ledger-00613","PROVIDER_HEALTH_FALSE","tarrant-tx","4827000","FIXED","Current accepted membership uses the existing source authorities; unavailable plus zero is not presented as a complete quiet state."
"LP24449-ledger-00614","PROVIDER_HEALTH_FALSE","wise-tx","4827000","FIXED","Current accepted membership uses the existing source authorities; unavailable plus zero is not presented as a complete quiet state."
"LP24449-ledger-00615","PROVIDER_HEALTH_FALSE","fort-bend-tx","4827102","FIXED","Current accepted membership uses the existing source authorities; unavailable plus zero is not presented as a complete quiet state."
"LP24449-ledger-00616","PROVIDER_HEALTH_FALSE","webb-tx","4827124","FIXED","Current accepted membership uses the existing source authorities; unavailable plus zero is not presented as a complete quiet state."
"LP24449-ledger-00617","PROVIDER_HEALTH_FALSE","la-salle-tx","4827144","FIXED","Current accepted membership uses the existing source authorities; unavailable plus zero is not presented as a complete quiet state."
"LP24449-ledger-00618","PROVIDER_HEALTH_FALSE","robertson-tx","4827288","FIXED","Current accepted membership uses the existing source authorities; unavailable plus zero is not presented as a complete quiet state."
"LP24449-ledger-00619","PROVIDER_HEALTH_FALSE","anderson-tx","4827300","FIXED","Current accepted membership uses the existing source authorities; unavailable plus zero is not presented as a complete quiet state."
"LP24449-ledger-00620","PROVIDER_HEALTH_FALSE","henderson-tx","4827300","FIXED","Current accepted membership uses the existing source authorities; unavailable plus zero is not presented as a complete quiet state."
"LP24449-ledger-00621","PROVIDER_HEALTH_FALSE","gillespie-tx","4827348","FIXED","Current accepted membership uses the existing source authorities; unavailable plus zero is not presented as a complete quiet state."
"LP24449-ledger-00622","PROVIDER_HEALTH_FALSE","brazoria-tx","4827420","FIXED","Current accepted membership uses the existing source authorities; unavailable plus zero is not presented as a complete quiet state."
"LP24449-ledger-00623","PROVIDER_HEALTH_FALSE","duval-tx","4827432","FIXED","Current accepted membership uses the existing source authorities; unavailable plus zero is not presented as a complete quiet state."
"LP24449-ledger-00624","PROVIDER_HEALTH_FALSE","fort-bend-tx","4827540","FIXED","Current accepted membership uses the existing source authorities; unavailable plus zero is not presented as a complete quiet state."
"LP24449-ledger-00625","PROVIDER_HEALTH_FALSE","galveston-tx","4827648","FIXED","Current accepted membership uses the existing source authorities; unavailable plus zero is not presented as a complete quiet state."
"LP24449-ledger-00626","PROVIDER_HEALTH_FALSE","harris-tx","4827648","FIXED","Current accepted membership uses the existing source authorities; unavailable plus zero is not presented as a complete quiet state."
"LP24449-ledger-00627","PROVIDER_HEALTH_FALSE","parmer-tx","4827660","FIXED","Current accepted membership uses the existing source authorities; unavailable plus zero is not presented as a complete quiet state."
"LP24449-ledger-00628","PROVIDER_HEALTH_FALSE","collin-tx","4827684","FIXED","Current accepted membership uses the existing source authorities; unavailable plus zero is not presented as a complete quiet state."
"LP24449-ledger-00629","PROVIDER_HEALTH_FALSE","denton-tx","4827684","FIXED","Current accepted membership uses the existing source authorities; unavailable plus zero is not presented as a complete quiet state."
"LP24449-ledger-00630","PROVIDER_HEALTH_FALSE","hutchinson-tx","4827696","FIXED","Current accepted membership uses the existing source authorities; unavailable plus zero is not presented as a complete quiet state."
"LP24449-ledger-00631","PROVIDER_HEALTH_FALSE","moore-tx","4827696","FIXED","Current accepted membership uses the existing source authorities; unavailable plus zero is not presented as a complete quiet state."
"LP24449-ledger-00632","PROVIDER_HEALTH_FALSE","starr-tx","4827744","FIXED","Current accepted membership uses the existing source authorities; unavailable plus zero is not presented as a complete quiet state."
"LP24449-ledger-00633","PROVIDER_HEALTH_FALSE","starr-tx","4827748","FIXED","Current accepted membership uses the existing source authorities; unavailable plus zero is not presented as a complete quiet state."
"LP24449-ledger-00634","PROVIDER_HEALTH_FALSE","navarro-tx","4827768","FIXED","Current accepted membership uses the existing source authorities; unavailable plus zero is not presented as a complete quiet state."
"LP24449-ledger-00635","PROVIDER_HEALTH_FALSE","van-zandt-tx","4827804","FIXED","Current accepted membership uses the existing source authorities; unavailable plus zero is not presented as a complete quiet state."
"LP24449-ledger-00636","PROVIDER_HEALTH_FALSE","fort-bend-tx","4827876","FIXED","Current accepted membership uses the existing source authorities; unavailable plus zero is not presented as a complete quiet state."
"LP24449-ledger-00637","PROVIDER_HEALTH_FALSE","aransas-tx","4827888","FIXED","Current accepted membership uses the existing source authorities; unavailable plus zero is not presented as a complete quiet state."
"LP24449-ledger-00638","PROVIDER_HEALTH_FALSE","borden-tx","4827972","FIXED","Current accepted membership uses the existing source authorities; unavailable plus zero is not presented as a complete quiet state."
"LP24449-ledger-00639","PROVIDER_HEALTH_FALSE","cooke-tx","4827984","FIXED","Current accepted membership uses the existing source authorities; unavailable plus zero is not presented as a complete quiet state."
"LP24449-ledger-00640","PROVIDER_HEALTH_FALSE","harris-tx","4827996","FIXED","Current accepted membership uses the existing source authorities; unavailable plus zero is not presented as a complete quiet state."
"LP24449-ledger-00641","PROVIDER_HEALTH_FALSE","cherokee-tx","4828008","FIXED","Current accepted membership uses the existing source authorities; unavailable plus zero is not presented as a complete quiet state."
"LP24449-ledger-00642","PROVIDER_HEALTH_FALSE","galveston-tx","4828068","FIXED","Current accepted membership uses the existing source authorities; unavailable plus zero is not presented as a complete quiet state."
"LP24449-ledger-00643","PROVIDER_HEALTH_FALSE","jackson-tx","4828080","FIXED","Current accepted membership uses the existing source authorities; unavailable plus zero is not presented as a complete quiet state."
"LP24449-ledger-00644","PROVIDER_HEALTH_FALSE","starr-tx","4828128","FIXED","Current accepted membership uses the existing source authorities; unavailable plus zero is not presented as a complete quiet state."
"LP24449-ledger-00645","PROVIDER_HEALTH_FALSE","starr-tx","4828152","FIXED","Current accepted membership uses the existing source authorities; unavailable plus zero is not presented as a complete quiet state."
"LP24449-ledger-00646","PROVIDER_HEALTH_FALSE","glasscock-tx","4828176","FIXED","Current accepted membership uses the existing source authorities; unavailable plus zero is not presented as a complete quiet state."
"LP24449-ledger-00647","PROVIDER_HEALTH_FALSE","ector-tx","4828200","FIXED","Current accepted membership uses the existing source authorities; unavailable plus zero is not presented as a complete quiet state."
"LP24449-ledger-00648","PROVIDER_HEALTH_FALSE","comal-tx","4828248","FIXED","Current accepted membership uses the existing source authorities; unavailable plus zero is not presented as a complete quiet state."
"LP24449-ledger-00649","PROVIDER_HEALTH_FALSE","travis-tx","4828320","FIXED","Current accepted membership uses the existing source authorities; unavailable plus zero is not presented as a complete quiet state."
"LP24449-ledger-00650","PROVIDER_HEALTH_FALSE","collin-tx","4829000","FIXED","Current accepted membership uses the existing source authorities; unavailable plus zero is not presented as a complete quiet state."
"LP24449-ledger-00651","PROVIDER_HEALTH_FALSE","dallas-tx","4829000","FIXED","Current accepted membership uses the existing source authorities; unavailable plus zero is not presented as a complete quiet state."
"LP24449-ledger-00652","PROVIDER_HEALTH_FALSE","parker-tx","4829012","FIXED","Current accepted membership uses the existing source authorities; unavailable plus zero is not presented as a complete quiet state."
"LP24449-ledger-00653","PROVIDER_HEALTH_FALSE","ellis-tx","4829036","FIXED","Current accepted membership uses the existing source authorities; unavailable plus zero is not presented as a complete quiet state."
"LP24449-ledger-00654","PROVIDER_HEALTH_FALSE","nacogdoches-tx","4829060","FIXED","Current accepted membership uses the existing source authorities; unavailable plus zero is not presented as a complete quiet state."
"LP24449-ledger-00655","PROVIDER_HEALTH_FALSE","colorado-tx","4829096","FIXED","Current accepted membership uses the existing source authorities; unavailable plus zero is not presented as a complete quiet state."
"LP24449-ledger-00656","PROVIDER_HEALTH_FALSE","panola-tx","4829108","FIXED","Current accepted membership uses the existing source authorities; unavailable plus zero is not presented as a complete quiet state."
"LP24449-ledger-00657","PROVIDER_HEALTH_FALSE","starr-tx","4829114","FIXED","Current accepted membership uses the existing source authorities; unavailable plus zero is not presented as a complete quiet state."
"LP24449-ledger-00658","PROVIDER_HEALTH_FALSE","coryell-tx","4829168","FIXED","Current accepted membership uses the existing source authorities; unavailable plus zero is not presented as a complete quiet state."
"LP24449-ledger-00659","PROVIDER_HEALTH_FALSE","milam-tx","4829216","FIXED","Current accepted membership uses the existing source authorities; unavailable plus zero is not presented as a complete quiet state."
"LP24449-ledger-00660","PROVIDER_HEALTH_FALSE","williamson-tx","4829336","FIXED","Current accepted membership uses the existing source authorities; unavailable plus zero is not presented as a complete quiet state."
"LP24449-ledger-00661","PROVIDER_HEALTH_FALSE","live-oak-tx","4829348","FIXED","Current accepted membership uses the existing source authorities; unavailable plus zero is not presented as a complete quiet state."
"LP24449-ledger-00662","PROVIDER_HEALTH_FALSE","guadalupe-tx","4829384","FIXED","Current accepted membership uses the existing source authorities; unavailable plus zero is not presented as a complete quiet state."
"LP24449-ledger-00663","PROVIDER_HEALTH_FALSE","mclennan-tx","4829408","FIXED","Current accepted membership uses the existing source authorities; unavailable plus zero is not presented as a complete quiet state."
"LP24449-ledger-00664","PROVIDER_HEALTH_FALSE","lee-tx","4829432","FIXED","Current accepted membership uses the existing source authorities; unavailable plus zero is not presented as a complete quiet state."
"LP24449-ledger-00665","PROVIDER_HEALTH_FALSE","upshur-tx","4829564","FIXED","Current accepted membership uses the existing source authorities; unavailable plus zero is not presented as a complete quiet state."
"LP24449-ledger-00666","PROVIDER_HEALTH_FALSE","kent-tx","4829612","FIXED","Current accepted membership uses the existing source authorities; unavailable plus zero is not presented as a complete quiet state."
"LP24449-ledger-00667","PROVIDER_HEALTH_FALSE","gregg-tx","4829660","FIXED","Current accepted membership uses the existing source authorities; unavailable plus zero is not presented as a complete quiet state."
"LP24449-ledger-00668","PROVIDER_HEALTH_FALSE","upshur-tx","4829660","FIXED","Current accepted membership uses the existing source authorities; unavailable plus zero is not presented as a complete quiet state."
"LP24449-ledger-00669","PROVIDER_HEALTH_FALSE","hemphill-tx","4829732","FIXED","Current accepted membership uses the existing source authorities; unavailable plus zero is not presented as a complete quiet state."
"LP24449-ledger-00670","PROVIDER_HEALTH_FALSE","dallas-tx","4829840","FIXED","Current accepted membership uses the existing source authorities; unavailable plus zero is not presented as a complete quiet state."
"LP24449-ledger-00671","PROVIDER_HEALTH_FALSE","ellis-tx","4829840","FIXED","Current accepted membership uses the existing source authorities; unavailable plus zero is not presented as a complete quiet state."
"LP24449-ledger-00672","PROVIDER_HEALTH_FALSE","somervell-tx","4829876","FIXED","Current accepted membership uses the existing source authorities; unavailable plus zero is not presented as a complete quiet state."
"LP24449-ledger-00673","PROVIDER_HEALTH_FALSE","colorado-tx","4829912","FIXED","Current accepted membership uses the existing source authorities; unavailable plus zero is not presented as a complete quiet state."
"LP24449-ledger-00674","PROVIDER_HEALTH_FALSE","johnson-tx","4829972","FIXED","Current accepted membership uses the existing source authorities; unavailable plus zero is not presented as a complete quiet state."
"LP24449-ledger-00675","PROVIDER_HEALTH_FALSE","ector-tx","4830044","FIXED","Current accepted membership uses the existing source authorities; unavailable plus zero is not presented as a complete quiet state."
"LP24449-ledger-00676","PROVIDER_HEALTH_FALSE","mills-tx","4830056","FIXED","Current accepted membership uses the existing source authorities; unavailable plus zero is not presented as a complete quiet state."
"LP24449-ledger-00677","PROVIDER_HEALTH_FALSE","goliad-tx","4830080","FIXED","Current accepted membership uses the existing source authorities; unavailable plus zero is not presented as a complete quiet state."
"LP24449-ledger-00678","PROVIDER_HEALTH_FALSE","falls-tx","4830092","FIXED","Current accepted membership uses the existing source authorities; unavailable plus zero is not presented as a complete quiet state."
"LP24449-ledger-00679","PROVIDER_HEALTH_FALSE","mclennan-tx","4830092","FIXED","Current accepted membership uses the existing source authorities; unavailable plus zero is not presented as a complete quiet state."
"LP24449-ledger-00680","PROVIDER_HEALTH_FALSE","gonzales-tx","4830116","FIXED","Current accepted membership uses the existing source authorities; unavailable plus zero is not presented as a complete quiet state."
"LP24449-ledger-00681","PROVIDER_HEALTH_FALSE","navarro-tx","4830188","FIXED","Current accepted membership uses the existing source authorities; unavailable plus zero is not presented as a complete quiet state."
"LP24449-ledger-00682","PROVIDER_HEALTH_FALSE","polk-tx","4830224","FIXED","Current accepted membership uses the existing source authorities; unavailable plus zero is not presented as a complete quiet state."
"LP24449-ledger-00683","PROVIDER_HEALTH_FALSE","palo-pinto-tx","4830272","FIXED","Current accepted membership uses the existing source authorities; unavailable plus zero is not presented as a complete quiet state."
"LP24449-ledger-00684","PROVIDER_HEALTH_FALSE","knox-tx","4830296","FIXED","Current accepted membership uses the existing source authorities; unavailable plus zero is not presented as a complete quiet state."
"LP24449-ledger-00685","PROVIDER_HEALTH_FALSE","eastland-tx","4830308","FIXED","Current accepted membership uses the existing source authorities; unavailable plus zero is not presented as a complete quiet state."
"LP24449-ledger-00686","PROVIDER_HEALTH_FALSE","palo-pinto-tx","4830380","FIXED","Current accepted membership uses the existing source authorities; unavailable plus zero is not presented as a complete quiet state."
"LP24449-ledger-00687","PROVIDER_HEALTH_FALSE","young-tx","4830392","FIXED","Current accepted membership uses the existing source authorities; unavailable plus zero is not presented as a complete quiet state."
"LP24449-ledger-00688","PROVIDER_HEALTH_FALSE","hood-tx","4830416","FIXED","Current accepted membership uses the existing source authorities; unavailable plus zero is not presented as a complete quiet state."
"LP24449-ledger-00689","PROVIDER_HEALTH_FALSE","ward-tx","4830440","FIXED","Current accepted membership uses the existing source authorities; unavailable plus zero is not presented as a complete quiet state."
"LP24449-ledger-00690","PROVIDER_HEALTH_FALSE","dallas-tx","4830464","FIXED","Current accepted membership uses the existing source authorities; unavailable plus zero is not presented as a complete quiet state."
"LP24449-ledger-00691","PROVIDER_HEALTH_FALSE","ellis-tx","4830464","FIXED","Current accepted membership uses the existing source authorities; unavailable plus zero is not presented as a complete quiet state."
"LP24449-ledger-00692","PROVIDER_HEALTH_FALSE","johnson-tx","4830464","FIXED","Current accepted membership uses the existing source authorities; unavailable plus zero is not presented as a complete quiet state."
"LP24449-ledger-00693","PROVIDER_HEALTH_FALSE","tarrant-tx","4830464","FIXED","Current accepted membership uses the existing source authorities; unavailable plus zero is not presented as a complete quiet state."
"LP24449-ledger-00694","PROVIDER_HEALTH_FALSE","van-zandt-tx","4830476","FIXED","Current accepted membership uses the existing source authorities; unavailable plus zero is not presented as a complete quiet state."
"LP24449-ledger-00695","PROVIDER_HEALTH_FALSE","johnson-tx","4830512","FIXED","Current accepted membership uses the existing source authorities; unavailable plus zero is not presented as a complete quiet state."
"LP24449-ledger-00696","PROVIDER_HEALTH_FALSE","williamson-tx","4830548","FIXED","Current accepted membership uses the existing source authorities; unavailable plus zero is not presented as a complete quiet state."
"LP24449-ledger-00697","PROVIDER_HEALTH_FALSE","montgomery-tx","4830560","FIXED","Current accepted membership uses the existing source authorities; unavailable plus zero is not presented as a complete quiet state."
"LP24449-ledger-00698","PROVIDER_HEALTH_FALSE","burnet-tx","4830584","FIXED","Current accepted membership uses the existing source authorities; unavailable plus zero is not presented as a complete quiet state."
"LP24449-ledger-00699","PROVIDER_HEALTH_FALSE","hidalgo-tx","4830608","FIXED","Current accepted membership uses the existing source authorities; unavailable plus zero is not presented as a complete quiet state."
"LP24449-ledger-00700","PROVIDER_HEALTH_FALSE","tom-green-tx","4830629","FIXED","Current accepted membership uses the existing source authorities; unavailable plus zero is not presented as a complete quiet state."
"LP24449-ledger-00701","PROVIDER_HEALTH_FALSE","houston-tx","4830632","FIXED","Current accepted membership uses the existing source authorities; unavailable plus zero is not presented as a complete quiet state."
"LP24449-ledger-00702","PROVIDER_HEALTH_FALSE","dallas-tx","4830644","FIXED","Current accepted membership uses the existing source authorities; unavailable plus zero is not presented as a complete quiet state."
"LP24449-ledger-00703","PROVIDER_HEALTH_FALSE","denton-tx","4830644","FIXED","Current accepted membership uses the existing source authorities; unavailable plus zero is not presented as a complete quiet state."
"LP24449-ledger-00704","PROVIDER_HEALTH_FALSE","tarrant-tx","4830644","FIXED","Current accepted membership uses the existing source authorities; unavailable plus zero is not presented as a complete quiet state."
"LP24449-ledger-00705","PROVIDER_HEALTH_FALSE","kaufman-tx","4830752","FIXED","Current accepted membership uses the existing source authorities; unavailable plus zero is not presented as a complete quiet state."
"LP24449-ledger-00706","PROVIDER_HEALTH_FALSE","cameron-tx","4830890","FIXED","Current accepted membership uses the existing source authorities; unavailable plus zero is not presented as a complete quiet state."
"LP24449-ledger-00707","PROVIDER_HEALTH_FALSE","hunt-tx","4830920","FIXED","Current accepted membership uses the existing source authorities; unavailable plus zero is not presented as a complete quiet state."
"LP24449-ledger-00708","PROVIDER_HEALTH_FALSE","san-patricio-tx","4831064","FIXED","Current accepted membership uses the existing source authorities; unavailable plus zero is not presented as a complete quiet state."
"LP24449-ledger-00709","PROVIDER_HEALTH_FALSE","bexar-tx","4831100","FIXED","Current accepted membership uses the existing source authorities; unavailable plus zero is not presented as a complete quiet state."
"LP24449-ledger-00710","PROVIDER_HEALTH_FALSE","limestone-tx","4831280","FIXED","Current accepted membership uses the existing source authorities; unavailable plus zero is not presented as a complete quiet state."
"LP24449-ledger-00711","PROVIDER_HEALTH_FALSE","carson-tx","4831292","FIXED","Current accepted membership uses the existing source authorities; unavailable plus zero is not presented as a complete quiet state."
"LP24449-ledger-00712","PROVIDER_HEALTH_FALSE","jefferson-tx","4831328","FIXED","Current accepted membership uses the existing source authorities; unavailable plus zero is not presented as a complete quiet state."
"LP24449-ledger-00713","PROVIDER_HEALTH_FALSE","trinity-tx","4831340","FIXED","Current accepted membership uses the existing source authorities; unavailable plus zero is not presented as a complete quiet state."
"LP24449-ledger-00714","PROVIDER_HEALTH_FALSE","hansford-tx","4831412","FIXED","Current accepted membership uses the existing source authorities; unavailable plus zero is not presented as a complete quiet state."
"LP24449-ledger-00715","PROVIDER_HEALTH_FALSE","starr-tx","4831442","FIXED","Current accepted membership uses the existing source authorities; unavailable plus zero is not presented as a complete quiet state."
"LP24449-ledger-00716","PROVIDER_HEALTH_FALSE","jim-hogg-tx","4831484","FIXED","Current accepted membership uses the existing source authorities; unavailable plus zero is not presented as a complete quiet state."
"LP24449-ledger-00717","PROVIDER_HEALTH_FALSE","henderson-tx","4831592","FIXED","Current accepted membership uses the existing source authorities; unavailable plus zero is not presented as a complete quiet state."
"LP24449-ledger-00718","PROVIDER_HEALTH_FALSE","grayson-tx","4831616","FIXED","Current accepted membership uses the existing source authorities; unavailable plus zero is not presented as a complete quiet state."
"LP24449-ledger-00719","PROVIDER_HEALTH_FALSE","comanche-tx","4831628","FIXED","Current accepted membership uses the existing source authorities; unavailable plus zero is not presented as a complete quiet state."
"LP24449-ledger-00720","PROVIDER_HEALTH_FALSE","king-tx","4831640","FIXED","Current accepted membership uses the existing source authorities; unavailable plus zero is not presented as a complete quiet state."
"LP24449-ledger-00721","PROVIDER_HEALTH_FALSE","starr-tx","4831646","FIXED","Current accepted membership uses the existing source authorities; unavailable plus zero is not presented as a complete quiet state."
"LP24449-ledger-00722","PROVIDER_HEALTH_FALSE","denton-tx","4831715","FIXED","Current accepted membership uses the existing source authorities; unavailable plus zero is not presented as a complete quiet state."
"LP24449-ledger-00723","PROVIDER_HEALTH_FALSE","hale-tx","4831820","FIXED","Current accepted membership uses the existing source authorities; unavailable plus zero is not presented as a complete quiet state."
"LP24449-ledger-00724","PROVIDER_HEALTH_FALSE","lavaca-tx","4831868","FIXED","Current accepted membership uses the existing source authorities; unavailable plus zero is not presented as a complete quiet state."
"LP24449-ledger-00725","PROVIDER_HEALTH_FALSE","mclennan-tx","4831880","FIXED","Current accepted membership uses the existing source authorities; unavailable plus zero is not presented as a complete quiet state."
"LP24449-ledger-00726","PROVIDER_HEALTH_FALSE","harrison-tx","4831904","FIXED","Current accepted membership uses the existing source authorities; unavailable plus zero is not presented as a complete quiet state."
"LP24449-ledger-00727","PROVIDER_HEALTH_FALSE","tarrant-tx","4831928","FIXED","Current accepted membership uses the existing source authorities; unavailable plus zero is not presented as a complete quiet state."
"LP24449-ledger-00728","PROVIDER_HEALTH_FALSE","hamilton-tx","4831952","FIXED","Current accepted membership uses the existing source authorities; unavailable plus zero is not presented as a complete quiet state."
"LP24449-ledger-00729","PROVIDER_HEALTH_FALSE","fisher-tx","4831964","FIXED","Current accepted membership uses the existing source authorities; unavailable plus zero is not presented as a complete quiet state."
"LP24449-ledger-00730","PROVIDER_HEALTH_FALSE","jones-tx","4831964","FIXED","Current accepted membership uses the existing source authorities; unavailable plus zero is not presented as a complete quiet state."
"LP24449-ledger-00731","PROVIDER_HEALTH_FALSE","jefferson-tx","4832012","FIXED","Current accepted membership uses the existing source authorities; unavailable plus zero is not presented as a complete quiet state."
"LP24449-ledger-00732","PROVIDER_HEALTH_FALSE","randall-tx","4832156","FIXED","Current accepted membership uses the existing source authorities; unavailable plus zero is not presented as a complete quiet state."
"LP24449-ledger-00733","PROVIDER_HEALTH_FALSE","swisher-tx","4832156","FIXED","Current accepted membership uses the existing source authorities; unavailable plus zero is not presented as a complete quiet state."
"LP24449-ledger-00734","PROVIDER_HEALTH_FALSE","liberty-tx","4832240","FIXED","Current accepted membership uses the existing source authorities; unavailable plus zero is not presented as a complete quiet state."
"LP24449-ledger-00735","PROVIDER_HEALTH_FALSE","hidalgo-tx","4832246","FIXED","Current accepted membership uses the existing source authorities; unavailable plus zero is not presented as a complete quiet state."
"LP24449-ledger-00736","PROVIDER_HEALTH_FALSE","hidalgo-tx","4832300","FIXED","Current accepted membership uses the existing source authorities; unavailable plus zero is not presented as a complete quiet state."
"LP24449-ledger-00737","PROVIDER_HEALTH_FALSE","bell-tx","4832312","FIXED","Current accepted membership uses the existing source authorities; unavailable plus zero is not presented as a complete quiet state."
"LP24449-ledger-00738","PROVIDER_HEALTH_FALSE","cameron-tx","4832372","FIXED","Current accepted membership uses the existing source authorities; unavailable plus zero is not presented as a complete quiet state."
"LP24449-ledger-00739","PROVIDER_HEALTH_FALSE","gillespie-tx","4832456","FIXED","Current accepted membership uses the existing source authorities; unavailable plus zero is not presented as a complete quiet state."
"LP24449-ledger-00740","PROVIDER_HEALTH_FALSE","wilbarger-tx","4832552","FIXED","Current accepted membership uses the existing source authorities; unavailable plus zero is not presented as a complete quiet state."
"LP24449-ledger-00741","PROVIDER_HEALTH_FALSE","castro-tx","4832576","FIXED","Current accepted membership uses the existing source authorities; unavailable plus zero is not presented as a complete quiet state."
"LP24449-ledger-00742","PROVIDER_HEALTH_FALSE","hartley-tx","4832612","FIXED","Current accepted membership uses the existing source authorities; unavailable plus zero is not presented as a complete quiet state."
"LP24449-ledger-00743","PROVIDER_HEALTH_FALSE","haskell-tx","4832696","FIXED","Current accepted membership uses the existing source authorities; unavailable plus zero is not presented as a complete quiet state."
"LP24449-ledger-00744","PROVIDER_HEALTH_FALSE","denton-tx","4832720","FIXED","Current accepted membership uses the existing source authorities; unavailable plus zero is not presented as a complete quiet state."
"LP24449-ledger-00745","PROVIDER_HEALTH_FALSE","tarrant-tx","4832720","FIXED","Current accepted membership uses the existing source authorities; unavailable plus zero is not presented as a complete quiet state."
"LP24449-ledger-00746","PROVIDER_HEALTH_FALSE","hidalgo-tx","4832792","FIXED","Current accepted membership uses the existing source authorities; unavailable plus zero is not presented as a complete quiet state."
"LP24449-ledger-00747","PROVIDER_HEALTH_FALSE","hunt-tx","4832810","FIXED","Current accepted membership uses the existing source authorities; unavailable plus zero is not presented as a complete quiet state."
"LP24449-ledger-00748","PROVIDER_HEALTH_FALSE","wood-tx","4832816","FIXED","Current accepted membership uses the existing source authorities; unavailable plus zero is not presented as a complete quiet state."
"LP24449-ledger-00749","PROVIDER_HEALTH_FALSE","jones-tx","4832840","FIXED","Current accepted membership uses the existing source authorities; unavailable plus zero is not presented as a complete quiet state."
"LP24449-ledger-00750","PROVIDER_HEALTH_FALSE","hays-tx","4832906","FIXED","Current accepted membership uses the existing source authorities; unavailable plus zero is not presented as a complete quiet state."
"LP24449-ledger-00751","PROVIDER_HEALTH_FALSE","starr-tx","4832910","FIXED","Current accepted membership uses the existing source authorities; unavailable plus zero is not presented as a complete quiet state."
"LP24449-ledger-00752","PROVIDER_HEALTH_FALSE","robertson-tx","4832972","FIXED","Current accepted membership uses the existing source authorities; unavailable plus zero is not presented as a complete quiet state."
"LP24449-ledger-00753","PROVIDER_HEALTH_FALSE","kaufman-tx","4832978","FIXED","Current accepted membership uses the existing source authorities; unavailable plus zero is not presented as a complete quiet state."
"LP24449-ledger-00754","PROVIDER_HEALTH_FALSE","kaufman-tx","4832984","FIXED","Current accepted membership uses the existing source authorities; unavailable plus zero is not presented as a complete quiet state."
"LP24449-ledger-00755","PROVIDER_HEALTH_FALSE","rockwall-tx","4832984","FIXED","Current accepted membership uses the existing source authorities; unavailable plus zero is not presented as a complete quiet state."
"LP24449-ledger-00756","PROVIDER_HEALTH_FALSE","jim-hogg-tx","4833008","FIXED","Current accepted membership uses the existing source authorities; unavailable plus zero is not presented as a complete quiet state."
"LP24449-ledger-00757","PROVIDER_HEALTH_FALSE","collin-tx","4833020","FIXED","Current accepted membership uses the existing source authorities; unavailable plus zero is not presented as a complete quiet state."
"LP24449-ledger-00758","PROVIDER_HEALTH_FALSE","denton-tx","4833020","FIXED","Current accepted membership uses the existing source authorities; unavailable plus zero is not presented as a complete quiet state."
"LP24449-ledger-00759","PROVIDER_HEALTH_FALSE","donley-tx","4833044","FIXED","Current accepted membership uses the existing source authorities; unavailable plus zero is not presented as a complete quiet state."
"LP24449-ledger-00760","PROVIDER_HEALTH_FALSE","harris-tx","4833068","FIXED","Current accepted membership uses the existing source authorities; unavailable plus zero is not presented as a complete quiet state."
"LP24449-ledger-00761","PROVIDER_HEALTH_FALSE","hidalgo-tx","4833092","FIXED","Current accepted membership uses the existing source authorities; unavailable plus zero is not presented as a complete quiet state."
"LP24449-ledger-00762","PROVIDER_HEALTH_FALSE","bexar-tx","4833146","FIXED","Current accepted membership uses the existing source authorities; unavailable plus zero is not presented as a complete quiet state."
"LP24449-ledger-00763","PROVIDER_HEALTH_FALSE","sabine-tx","4833188","FIXED","Current accepted membership uses the existing source authorities; unavailable plus zero is not presented as a complete quiet state."
"LP24449-ledger-00764","PROVIDER_HEALTH_FALSE","waller-tx","4833200","FIXED","Current accepted membership uses the existing source authorities; unavailable plus zero is not presented as a complete quiet state."
"LP24449-ledger-00765","PROVIDER_HEALTH_FALSE","rusk-tx","4833212","FIXED","Current accepted membership uses the existing source authorities; unavailable plus zero is not presented as a complete quiet state."
"LP24449-ledger-00766","PROVIDER_HEALTH_FALSE","clay-tx","4833284","FIXED","Current accepted membership uses the existing source authorities; unavailable plus zero is not presented as a complete quiet state."
"LP24449-ledger-00767","PROVIDER_HEALTH_FALSE","deaf-smith-tx","4833320","FIXED","Current accepted membership uses the existing source authorities; unavailable plus zero is not presented as a complete quiet state."
"LP24449-ledger-00768","PROVIDER_HEALTH_FALSE","scurry-tx","4833356","FIXED","Current accepted membership uses the existing source authorities; unavailable plus zero is not presented as a complete quiet state."
"LP24449-ledger-00769","PROVIDER_HEALTH_FALSE","mclennan-tx","4833428","FIXED","Current accepted membership uses the existing source authorities; unavailable plus zero is not presented as a complete quiet state."
"LP24449-ledger-00770","PROVIDER_HEALTH_FALSE","denton-tx","4833476","FIXED","Current accepted membership uses the existing source authorities; unavailable plus zero is not presented as a complete quiet state."
"LP24449-ledger-00771","PROVIDER_HEALTH_FALSE","erath-tx","4833548","FIXED","Current accepted membership uses the existing source authorities; unavailable plus zero is not presented as a complete quiet state."
"LP24449-ledger-00772","PROVIDER_HEALTH_FALSE","hamilton-tx","4833548","FIXED","Current accepted membership uses the existing source authorities; unavailable plus zero is not presented as a complete quiet state."
"LP24449-ledger-00773","PROVIDER_HEALTH_FALSE","hidalgo-tx","4833560","FIXED","Current accepted membership uses the existing source authorities; unavailable plus zero is not presented as a complete quiet state."
"LP24449-ledger-00774","PROVIDER_HEALTH_FALSE","smith-tx","4833578","FIXED","Current accepted membership uses the existing source authorities; unavailable plus zero is not presented as a complete quiet state."
"LP24449-ledger-00775","PROVIDER_HEALTH_FALSE","lipscomb-tx","4833608","FIXED","Current accepted membership uses the existing source authorities; unavailable plus zero is not presented as a complete quiet state."
"LP24449-ledger-00776","PROVIDER_HEALTH_FALSE","burnet-tx","4833794","FIXED","Current accepted membership uses the existing source authorities; unavailable plus zero is not presented as a complete quiet state."
"LP24449-ledger-00777","PROVIDER_HEALTH_FALSE","dallas-tx","4833824","FIXED","Current accepted membership uses the existing source authorities; unavailable plus zero is not presented as a complete quiet state."
"LP24449-ledger-00778","PROVIDER_HEALTH_FALSE","harris-tx","4833836","FIXED","Current accepted membership uses the existing source authorities; unavailable plus zero is not presented as a complete quiet state."
"LP24449-ledger-00779","PROVIDER_HEALTH_FALSE","denton-tx","4833848","FIXED","Current accepted membership uses the existing source authorities; unavailable plus zero is not presented as a complete quiet state."
"LP24449-ledger-00780","PROVIDER_HEALTH_FALSE","bexar-tx","4833968","FIXED","Current accepted membership uses the existing source authorities; unavailable plus zero is not presented as a complete quiet state."
"LP24449-ledger-00781","PROVIDER_HEALTH_FALSE","brazoria-tx","4834018","FIXED","Current accepted membership uses the existing source authorities; unavailable plus zero is not presented as a complete quiet state."
"LP24449-ledger-00782","PROVIDER_HEALTH_FALSE","hill-tx","4834088","FIXED","Current accepted membership uses the existing source authorities; unavailable plus zero is not presented as a complete quiet state."
"LP24449-ledger-00783","PROVIDER_HEALTH_FALSE","webb-tx","4834105","FIXED","Current accepted membership uses the existing source authorities; unavailable plus zero is not presented as a complete quiet state."
"LP24449-ledger-00784","PROVIDER_HEALTH_FALSE","leon-tx","4834136","FIXED","Current accepted membership uses the existing source authorities; unavailable plus zero is not presented as a complete quiet state."
"LP24449-ledger-00785","PROVIDER_HEALTH_FALSE","harris-tx","4834148","FIXED","Current accepted membership uses the existing source authorities; unavailable plus zero is not presented as a complete quiet state."
"LP24449-ledger-00786","PROVIDER_HEALTH_FALSE","galveston-tx","4834220","FIXED","Current accepted membership uses the existing source authorities; unavailable plus zero is not presented as a complete quiet state."
"LP24449-ledger-00787","PROVIDER_HEALTH_FALSE","aransas-tx","4834478","FIXED","Current accepted membership uses the existing source authorities; unavailable plus zero is not presented as a complete quiet state."
"LP24449-ledger-00788","PROVIDER_HEALTH_FALSE","brazoria-tx","4834502","FIXED","Current accepted membership uses the existing source authorities; unavailable plus zero is not presented as a complete quiet state."
"LP24449-ledger-00789","PROVIDER_HEALTH_FALSE","bell-tx","4834508","FIXED","Current accepted membership uses the existing source authorities; unavailable plus zero is not presented as a complete quiet state."
"LP24449-ledger-00790","PROVIDER_HEALTH_FALSE","archer-tx","4834532","FIXED","Current accepted membership uses the existing source authorities; unavailable plus zero is not presented as a complete quiet state."
"LP24449-ledger-00791","PROVIDER_HEALTH_FALSE","wood-tx","4834586","FIXED","Current accepted membership uses the existing source authorities; unavailable plus zero is not presented as a complete quiet state."
"LP24449-ledger-00792","PROVIDER_HEALTH_FALSE","bexar-tx","4834628","FIXED","Current accepted membership uses the existing source authorities; unavailable plus zero is not presented as a complete quiet state."
"LP24449-ledger-00793","PROVIDER_HEALTH_FALSE","el-paso-tx","4834671","FIXED","Current accepted membership uses the existing source authorities; unavailable plus zero is not presented as a complete quiet state."
"LP24449-ledger-00794","PROVIDER_HEALTH_FALSE","el-paso-tx","4834673","FIXED","Current accepted membership uses the existing source authorities; unavailable plus zero is not presented as a complete quiet state."
"LP24449-ledger-00795","PROVIDER_HEALTH_FALSE","medina-tx","4834676","FIXED","Current accepted membership uses the existing source authorities; unavailable plus zero is not presented as a complete quiet state."
"LP24449-ledger-00796","PROVIDER_HEALTH_FALSE","fannin-tx","4834700","FIXED","Current accepted membership uses the existing source authorities; unavailable plus zero is not presented as a complete quiet state."
"LP24449-ledger-00797","PROVIDER_HEALTH_FALSE","bowie-tx","4834736","FIXED","Current accepted membership uses the existing source authorities; unavailable plus zero is not presented as a complete quiet state."
"LP24449-ledger-00798","PROVIDER_HEALTH_FALSE","el-paso-tx","4834832","FIXED","Current accepted membership uses the existing source authorities; unavailable plus zero is not presented as a complete quiet state."
"LP24449-ledger-00799","PROVIDER_HEALTH_FALSE","travis-tx","4834856","FIXED","Current accepted membership uses the existing source authorities; unavailable plus zero is not presented as a complete quiet state."
"LP24449-ledger-00800","PROVIDER_HEALTH_FALSE","burnet-tx","4834862","FIXED","Current accepted membership uses the existing source authorities; unavailable plus zero is not presented as a complete quiet state."
"LP24449-ledger-00801","PROVIDER_HEALTH_FALSE","llano-tx","4834862","FIXED","Current accepted membership uses the existing source authorities; unavailable plus zero is not presented as a complete quiet state."
"LP24449-ledger-00802","PROVIDER_HEALTH_FALSE","parker-tx","4834865","FIXED","Current accepted membership uses the existing source authorities; unavailable plus zero is not presented as a complete quiet state."
"LP24449-ledger-00803","PROVIDER_HEALTH_FALSE","fort-bend-tx","4835000","FIXED","Current accepted membership uses the existing source authorities; unavailable plus zero is not presented as a complete quiet state."
"LP24449-ledger-00804","PROVIDER_HEALTH_FALSE","harris-tx","4835000","FIXED","Current accepted membership uses the existing source authorities; unavailable plus zero is not presented as a complete quiet state."
"LP24449-ledger-00805","PROVIDER_HEALTH_FALSE","montgomery-tx","4835000","FIXED","Current accepted membership uses the existing source authorities; unavailable plus zero is not presented as a complete quiet state."
"LP24449-ledger-00806","PROVIDER_HEALTH_FALSE","waller-tx","4835000","FIXED","Current accepted membership uses the existing source authorities; unavailable plus zero is not presented as a complete quiet state."
"LP24449-ledger-00807","PROVIDER_HEALTH_FALSE","donley-tx","4835072","FIXED","Current accepted membership uses the existing source authorities; unavailable plus zero is not presented as a complete quiet state."
"LP24449-ledger-00808","PROVIDER_HEALTH_FALSE","grayson-tx","4835084","FIXED","Current accepted membership uses the existing source authorities; unavailable plus zero is not presented as a complete quiet state."
"LP24449-ledger-00809","PROVIDER_HEALTH_FALSE","hill-tx","4835180","FIXED","Current accepted membership uses the existing source authorities; unavailable plus zero is not presented as a complete quiet state."
"LP24449-ledger-00810","PROVIDER_HEALTH_FALSE","erath-tx","4835204","FIXED","Current accepted membership uses the existing source authorities; unavailable plus zero is not presented as a complete quiet state."
"LP24449-ledger-00811","PROVIDER_HEALTH_FALSE","angelina-tx","4835228","FIXED","Current accepted membership uses the existing source authorities; unavailable plus zero is not presented as a complete quiet state."
"LP24449-ledger-00812","PROVIDER_HEALTH_FALSE","travis-tx","4835253","FIXED","Current accepted membership uses the existing source authorities; unavailable plus zero is not presented as a complete quiet state."
"LP24449-ledger-00813","PROVIDER_HEALTH_FALSE","parker-tx","4835254","FIXED","Current accepted membership uses the existing source authorities; unavailable plus zero is not presented as a complete quiet state."
"LP24449-ledger-00814","PROVIDER_HEALTH_FALSE","cass-tx","4835300","FIXED","Current accepted membership uses the existing source authorities; unavailable plus zero is not presented as a complete quiet state."
"LP24449-ledger-00815","PROVIDER_HEALTH_FALSE","morris-tx","4835300","FIXED","Current accepted membership uses the existing source authorities; unavailable plus zero is not presented as a complete quiet state."
"LP24449-ledger-00816","PROVIDER_HEALTH_FALSE","liberty-tx","4835324","FIXED","Current accepted membership uses the existing source authorities; unavailable plus zero is not presented as a complete quiet state."
"LP24449-ledger-00817","PROVIDER_HEALTH_FALSE","harris-tx","4835348","FIXED","Current accepted membership uses the existing source authorities; unavailable plus zero is not presented as a complete quiet state."
"LP24449-ledger-00818","PROVIDER_HEALTH_FALSE","wharton-tx","4835420","FIXED","Current accepted membership uses the existing source authorities; unavailable plus zero is not presented as a complete quiet state."
"LP24449-ledger-00819","PROVIDER_HEALTH_FALSE","harris-tx","4835480","FIXED","Current accepted membership uses the existing source authorities; unavailable plus zero is not presented as a complete quiet state."
"LP24449-ledger-00820","PROVIDER_HEALTH_FALSE","angelina-tx","4835492","FIXED","Current accepted membership uses the existing source authorities; unavailable plus zero is not presented as a complete quiet state."
"LP24449-ledger-00821","PROVIDER_HEALTH_FALSE","walker-tx","4835528","FIXED","Current accepted membership uses the existing source authorities; unavailable plus zero is not presented as a complete quiet state."
"LP24449-ledger-00822","PROVIDER_HEALTH_FALSE","tarrant-tx","4835576","FIXED","Current accepted membership uses the existing source authorities; unavailable plus zero is not presented as a complete quiet state."
"LP24449-ledger-00823","PROVIDER_HEALTH_FALSE","dallas-tx","4835612","FIXED","Current accepted membership uses the existing source authorities; unavailable plus zero is not presented as a complete quiet state."
"LP24449-ledger-00824","PROVIDER_HEALTH_FALSE","williamson-tx","4835624","FIXED","Current accepted membership uses the existing source authorities; unavailable plus zero is not presented as a complete quiet state."
"LP24449-ledger-00825","PROVIDER_HEALTH_FALSE","shelby-tx","4835636","FIXED","Current accepted membership uses the existing source authorities; unavailable plus zero is not presented as a complete quiet state."
"LP24449-ledger-00826","PROVIDER_HEALTH_FALSE","wharton-tx","4835684","FIXED","Current accepted membership uses the existing source authorities; unavailable plus zero is not presented as a complete quiet state."
"LP24449-ledger-00827","PROVIDER_HEALTH_FALSE","lubbock-tx","4835732","FIXED","Current accepted membership uses the existing source authorities; unavailable plus zero is not presented as a complete quiet state."
"LP24449-ledger-00828","PROVIDER_HEALTH_FALSE","cameron-tx","4835754","FIXED","Current accepted membership uses the existing source authorities; unavailable plus zero is not presented as a complete quiet state."
"LP24449-ledger-00829","PROVIDER_HEALTH_FALSE","taylor-tx","4835816","FIXED","Current accepted membership uses the existing source authorities; unavailable plus zero is not presented as a complete quiet state."
"LP24449-ledger-00830","PROVIDER_HEALTH_FALSE","pecos-tx","4835828","FIXED","Current accepted membership uses the existing source authorities; unavailable plus zero is not presented as a complete quiet state."
"LP24449-ledger-00831","PROVIDER_HEALTH_FALSE","hidalgo-tx","4835915","FIXED","Current accepted membership uses the existing source authorities; unavailable plus zero is not presented as a complete quiet state."
"LP24449-ledger-00832","PROVIDER_HEALTH_FALSE","cameron-tx","4835918","FIXED","Current accepted membership uses the existing source authorities; unavailable plus zero is not presented as a complete quiet state."
"LP24449-ledger-00833","PROVIDER_HEALTH_FALSE","polk-tx","4835954","FIXED","Current accepted membership uses the existing source authorities; unavailable plus zero is not presented as a complete quiet state."
"LP24449-ledger-00834","PROVIDER_HEALTH_FALSE","starr-tx","4835966","FIXED","Current accepted membership uses the existing source authorities; unavailable plus zero is not presented as a complete quiet state."
"LP24449-ledger-00835","PROVIDER_HEALTH_FALSE","austin-tx","4835984","FIXED","Current accepted membership uses the existing source authorities; unavailable plus zero is not presented as a complete quiet state."
"LP24449-ledger-00836","PROVIDER_HEALTH_FALSE","victoria-tx","4835996","FIXED","Current accepted membership uses the existing source authorities; unavailable plus zero is not presented as a complete quiet state."
"LP24449-ledger-00838","PROVIDER_HEALTH_FALSE","nueces-tx","4836008","FIXED","Current accepted membership uses the existing source authorities; unavailable plus zero is not presented as a complete quiet state."
"LP24449-ledger-00839","PROVIDER_HEALTH_FALSE","san-patricio-tx","4836008","FIXED","Current accepted membership uses the existing source authorities; unavailable plus zero is not presented as a complete quiet state."
"LP24449-ledger-00840","PROVIDER_HEALTH_FALSE","san-patricio-tx","4836020","FIXED","Current accepted membership uses the existing source authorities; unavailable plus zero is not presented as a complete quiet state."
"LP24449-ledger-00841","PROVIDER_HEALTH_FALSE","kerr-tx","4836032","FIXED","Current accepted membership uses the existing source authorities; unavailable plus zero is not presented as a complete quiet state."
"LP24449-ledger-00842","PROVIDER_HEALTH_FALSE","grimes-tx","4836068","FIXED","Current accepted membership uses the existing source authorities; unavailable plus zero is not presented as a complete quiet state."
"LP24449-ledger-00843","PROVIDER_HEALTH_FALSE","brazoria-tx","4836092","FIXED","Current accepted membership uses the existing source authorities; unavailable plus zero is not presented as a complete quiet state."
"LP24449-ledger-00844","PROVIDER_HEALTH_FALSE","wichita-tx","4836104","FIXED","Current accepted membership uses the existing source authorities; unavailable plus zero is not presented as a complete quiet state."
"LP24449-ledger-00845","PROVIDER_HEALTH_FALSE","pecos-tx","4836128","FIXED","Current accepted membership uses the existing source authorities; unavailable plus zero is not presented as a complete quiet state."
"LP24449-ledger-00846","PROVIDER_HEALTH_FALSE","bosque-tx","4836140","FIXED","Current accepted membership uses the existing source authorities; unavailable plus zero is not presented as a complete quiet state."
"LP24449-ledger-00847","PROVIDER_HEALTH_FALSE","dallas-tx","4837000","FIXED","Current accepted membership uses the existing source authorities; unavailable plus zero is not presented as a complete quiet state."
"LP24449-ledger-00848","PROVIDER_HEALTH_FALSE","ellis-tx","4837072","FIXED","Current accepted membership uses the existing source authorities; unavailable plus zero is not presented as a complete quiet state."
"LP24449-ledger-00849","PROVIDER_HEALTH_FALSE","hill-tx","4837084","FIXED","Current accepted membership uses the existing source authorities; unavailable plus zero is not presented as a complete quiet state."
"LP24449-ledger-00850","PROVIDER_HEALTH_FALSE","tyler-tx","4837112","FIXED","Current accepted membership uses the existing source authorities; unavailable plus zero is not presented as a complete quiet state."
"LP24449-ledger-00851","PROVIDER_HEALTH_FALSE","harris-tx","4837156","FIXED","Current accepted membership uses the existing source authorities; unavailable plus zero is not presented as a complete quiet state."
"LP24449-ledger-00852","PROVIDER_HEALTH_FALSE","jack-tx","4837168","FIXED","Current accepted membership uses the existing source authorities; unavailable plus zero is not presented as a complete quiet state."
"LP24449-ledger-00853","PROVIDER_HEALTH_FALSE","cherokee-tx","4837216","FIXED","Current accepted membership uses the existing source authorities; unavailable plus zero is not presented as a complete quiet state."
"LP24449-ledger-00854","PROVIDER_HEALTH_FALSE","galveston-tx","4837252","FIXED","Current accepted membership uses the existing source authorities; unavailable plus zero is not presented as a complete quiet state."
"LP24449-ledger-00855","PROVIDER_HEALTH_FALSE","starr-tx","4837390","FIXED","Current accepted membership uses the existing source authorities; unavailable plus zero is not presented as a complete quiet state."
"LP24449-ledger-00856","PROVIDER_HEALTH_FALSE","williamson-tx","4837396","FIXED","Current accepted membership uses the existing source authorities; unavailable plus zero is not presented as a complete quiet state."
"LP24449-ledger-00857","PROVIDER_HEALTH_FALSE","jasper-tx","4837420","FIXED","Current accepted membership uses the existing source authorities; unavailable plus zero is not presented as a complete quiet state."
"LP24449-ledger-00858","PROVIDER_HEALTH_FALSE","kent-tx","4837468","FIXED","Current accepted membership uses the existing source authorities; unavailable plus zero is not presented as a complete quiet state."
"LP24449-ledger-00859","PROVIDER_HEALTH_FALSE","marion-tx","4837528","FIXED","Current accepted membership uses the existing source authorities; unavailable plus zero is not presented as a complete quiet state."
"LP24449-ledger-00860","PROVIDER_HEALTH_FALSE","harris-tx","4837612","FIXED","Current accepted membership uses the existing source authorities; unavailable plus zero is not presented as a complete quiet state."
"LP24449-ledger-00861","PROVIDER_HEALTH_FALSE","leon-tx","4837648","FIXED","Current accepted membership uses the existing source authorities; unavailable plus zero is not presented as a complete quiet state."
"LP24449-ledger-00862","PROVIDER_HEALTH_FALSE","starr-tx","4837665","FIXED","Current accepted membership uses the existing source authorities; unavailable plus zero is not presented as a complete quiet state."
"LP24449-ledger-00863","PROVIDER_HEALTH_FALSE","shelby-tx","4837684","FIXED","Current accepted membership uses the existing source authorities; unavailable plus zero is not presented as a complete quiet state."
"LP24449-ledger-00864","PROVIDER_HEALTH_FALSE","blanco-tx","4837780","FIXED","Current accepted membership uses the existing source authorities; unavailable plus zero is not presented as a complete quiet state."
"LP24449-ledger-00865","PROVIDER_HEALTH_FALSE","clay-tx","4837924","FIXED","Current accepted membership uses the existing source authorities; unavailable plus zero is not presented as a complete quiet state."
"LP24449-ledger-00866","PROVIDER_HEALTH_FALSE","brazoria-tx","4837984","FIXED","Current accepted membership uses the existing source authorities; unavailable plus zero is not presented as a complete quiet state."
"LP24449-ledger-00867","PROVIDER_HEALTH_FALSE","travis-tx","4838020","FIXED","Current accepted membership uses the existing source authorities; unavailable plus zero is not presented as a complete quiet state."
"LP24449-ledger-00868","PROVIDER_HEALTH_FALSE","collin-tx","4838068","FIXED","Current accepted membership uses the existing source authorities; unavailable plus zero is not presented as a complete quiet state."
"LP24449-ledger-00869","PROVIDER_HEALTH_FALSE","hunt-tx","4838068","FIXED","Current accepted membership uses the existing source authorities; unavailable plus zero is not presented as a complete quiet state."
"LP24449-ledger-00870","PROVIDER_HEALTH_FALSE","johnson-tx","4838080","FIXED","Current accepted membership uses the existing source authorities; unavailable plus zero is not presented as a complete quiet state."
"LP24449-ledger-00871","PROVIDER_HEALTH_FALSE","atascosa-tx","4838116","FIXED","Current accepted membership uses the existing source authorities; unavailable plus zero is not presented as a complete quiet state."
"LP24449-ledger-00872","PROVIDER_HEALTH_FALSE","cameron-tx","4838168","FIXED","Current accepted membership uses the existing source authorities; unavailable plus zero is not presented as a complete quiet state."
"LP24449-ledger-00873","PROVIDER_HEALTH_FALSE","kimble-tx","4838248","FIXED","Current accepted membership uses the existing source authorities; unavailable plus zero is not presented as a complete quiet state."
"LP24449-ledger-00874","PROVIDER_HEALTH_FALSE","denton-tx","4838332","FIXED","Current accepted membership uses the existing source authorities; unavailable plus zero is not presented as a complete quiet state."
"LP24449-ledger-00875","PROVIDER_HEALTH_FALSE","karnes-tx","4838452","FIXED","Current accepted membership uses the existing source authorities; unavailable plus zero is not presented as a complete quiet state."
"LP24449-ledger-00876","PROVIDER_HEALTH_FALSE","fort-bend-tx","4838476","FIXED","Current accepted membership uses the existing source authorities; unavailable plus zero is not presented as a complete quiet state."
"LP24449-ledger-00877","PROVIDER_HEALTH_FALSE","harris-tx","4838476","FIXED","Current accepted membership uses the existing source authorities; unavailable plus zero is not presented as a complete quiet state."
"LP24449-ledger-00878","PROVIDER_HEALTH_FALSE","waller-tx","4838476","FIXED","Current accepted membership uses the existing source authorities; unavailable plus zero is not presented as a complete quiet state."
"LP24449-ledger-00879","PROVIDER_HEALTH_FALSE","kaufman-tx","4838488","FIXED","Current accepted membership uses the existing source authorities; unavailable plus zero is not presented as a complete quiet state."
"LP24449-ledger-00880","PROVIDER_HEALTH_FALSE","jim-wells-tx","4838518","FIXED","Current accepted membership uses the existing source authorities; unavailable plus zero is not presented as a complete quiet state."
"LP24449-ledger-00881","PROVIDER_HEALTH_FALSE","johnson-tx","4838548","FIXED","Current accepted membership uses the existing source authorities; unavailable plus zero is not presented as a complete quiet state."
"LP24449-ledger-00882","PROVIDER_HEALTH_FALSE","tarrant-tx","4838632","FIXED","Current accepted membership uses the existing source authorities; unavailable plus zero is not presented as a complete quiet state."
"LP24449-ledger-00883","PROVIDER_HEALTH_FALSE","galveston-tx","4838776","FIXED","Current accepted membership uses the existing source authorities; unavailable plus zero is not presented as a complete quiet state."
"LP24449-ledger-00884","PROVIDER_HEALTH_FALSE","kaufman-tx","4838788","FIXED","Current accepted membership uses the existing source authorities; unavailable plus zero is not presented as a complete quiet state."
"LP24449-ledger-00885","PROVIDER_HEALTH_FALSE","lampasas-tx","4838800","FIXED","Current accepted membership uses the existing source authorities; unavailable plus zero is not presented as a complete quiet state."
"LP24449-ledger-00886","PROVIDER_HEALTH_FALSE","fort-bend-tx","4838848","FIXED","Current accepted membership uses the existing source authorities; unavailable plus zero is not presented as a complete quiet state."
"LP24449-ledger-00887","PROVIDER_HEALTH_FALSE","karnes-tx","4838860","FIXED","Current accepted membership uses the existing source authorities; unavailable plus zero is not presented as a complete quiet state."
"LP24449-ledger-00888","PROVIDER_HEALTH_FALSE","liberty-tx","4838872","FIXED","Current accepted membership uses the existing source authorities; unavailable plus zero is not presented as a complete quiet state."
"LP24449-ledger-00889","PROVIDER_HEALTH_FALSE","houston-tx","4838884","FIXED","Current accepted membership uses the existing source authorities; unavailable plus zero is not presented as a complete quiet state."
"LP24449-ledger-00890","PROVIDER_HEALTH_FALSE","tarrant-tx","4838896","FIXED","Current accepted membership uses the existing source authorities; unavailable plus zero is not presented as a complete quiet state."
"LP24449-ledger-00891","PROVIDER_HEALTH_FALSE","navarro-tx","4838992","FIXED","Current accepted membership uses the existing source authorities; unavailable plus zero is not presented as a complete quiet state."
"LP24449-ledger-00892","PROVIDER_HEALTH_FALSE","winkler-tx","4839004","FIXED","Current accepted membership uses the existing source authorities; unavailable plus zero is not presented as a complete quiet state."
"LP24449-ledger-00893","PROVIDER_HEALTH_FALSE","kerr-tx","4839040","FIXED","Current accepted membership uses the existing source authorities; unavailable plus zero is not presented as a complete quiet state."
"LP24449-ledger-00894","PROVIDER_HEALTH_FALSE","gregg-tx","4839124","FIXED","Current accepted membership uses the existing source authorities; unavailable plus zero is not presented as a complete quiet state."
"LP24449-ledger-00895","PROVIDER_HEALTH_FALSE","rusk-tx","4839124","FIXED","Current accepted membership uses the existing source authorities; unavailable plus zero is not presented as a complete quiet state."
"LP24449-ledger-00896","PROVIDER_HEALTH_FALSE","bell-tx","4839148","FIXED","Current accepted membership uses the existing source authorities; unavailable plus zero is not presented as a complete quiet state."
"LP24449-ledger-00897","PROVIDER_HEALTH_FALSE","guadalupe-tx","4839292","FIXED","Current accepted membership uses the existing source authorities; unavailable plus zero is not presented as a complete quiet state."
"LP24449-ledger-00898","PROVIDER_HEALTH_FALSE","llano-tx","4839304","FIXED","Current accepted membership uses the existing source authorities; unavailable plus zero is not presented as a complete quiet state."
"LP24449-ledger-00899","PROVIDER_HEALTH_FALSE","kleberg-tx","4839352","FIXED","Current accepted membership uses the existing source authorities; unavailable plus zero is not presented as a complete quiet state."
"LP24449-ledger-00900","PROVIDER_HEALTH_FALSE","bexar-tx","4839448","FIXED","Current accepted membership uses the existing source authorities; unavailable plus zero is not presented as a complete quiet state."
"LP24449-ledger-00901","PROVIDER_HEALTH_FALSE","jasper-tx","4839460","FIXED","Current accepted membership uses the existing source authorities; unavailable plus zero is not presented as a complete quiet state."
"LP24449-ledger-00902","PROVIDER_HEALTH_FALSE","freestone-tx","4839520","FIXED","Current accepted membership uses the existing source authorities; unavailable plus zero is not presented as a complete quiet state."
"LP24449-ledger-00903","PROVIDER_HEALTH_FALSE","uvalde-tx","4839664","FIXED","Current accepted membership uses the existing source authorities; unavailable plus zero is not presented as a complete quiet state."
"LP24449-ledger-00904","PROVIDER_HEALTH_FALSE","grayson-tx","4839680","FIXED","Current accepted membership uses the existing source authorities; unavailable plus zero is not presented as a complete quiet state."
"LP24449-ledger-00905","PROVIDER_HEALTH_FALSE","knox-tx","4839700","FIXED","Current accepted membership uses the existing source authorities; unavailable plus zero is not presented as a complete quiet state."
"LP24449-ledger-00906","PROVIDER_HEALTH_FALSE","bosque-tx","4839784","FIXED","Current accepted membership uses the existing source authorities; unavailable plus zero is not presented as a complete quiet state."
"LP24449-ledger-00907","PROVIDER_HEALTH_FALSE","limestone-tx","4839844","FIXED","Current accepted membership uses the existing source authorities; unavailable plus zero is not presented as a complete quiet state."
"LP24449-ledger-00908","PROVIDER_HEALTH_FALSE","hardin-tx","4839868","FIXED","Current accepted membership uses the existing source authorities; unavailable plus zero is not presented as a complete quiet state."
"LP24449-ledger-00909","PROVIDER_HEALTH_FALSE","swisher-tx","4839904","FIXED","Current accepted membership uses the existing source authorities; unavailable plus zero is not presented as a complete quiet state."
"LP24449-ledger-00910","PROVIDER_HEALTH_FALSE","denton-tx","4839916","FIXED","Current accepted membership uses the existing source authorities; unavailable plus zero is not presented as a complete quiet state."
"LP24449-ledger-00911","PROVIDER_HEALTH_FALSE","denton-tx","4839928","FIXED","Current accepted membership uses the existing source authorities; unavailable plus zero is not presented as a complete quiet state."
"LP24449-ledger-00912","PROVIDER_HEALTH_FALSE","brazos-tx","4839940","FIXED","Current accepted membership uses the existing source authorities; unavailable plus zero is not presented as a complete quiet state."
"LP24449-ledger-00913","PROVIDER_HEALTH_FALSE","hays-tx","4839952","FIXED","Current accepted membership uses the existing source authorities; unavailable plus zero is not presented as a complete quiet state."
"LP24449-ledger-00914","PROVIDER_HEALTH_FALSE","hidalgo-tx","4839988","FIXED","Current accepted membership uses the existing source authorities; unavailable plus zero is not presented as a complete quiet state."
"LP24449-ledger-00915","PROVIDER_HEALTH_FALSE","starr-tx","4839994","FIXED","Current accepted membership uses the existing source authorities; unavailable plus zero is not presented as a complete quiet state."
"LP24449-ledger-00916","PROVIDER_HEALTH_FALSE","starr-tx","4840000","FIXED","Current accepted membership uses the existing source authorities; unavailable plus zero is not presented as a complete quiet state."
"LP24449-ledger-00917","PROVIDER_HEALTH_FALSE","starr-tx","4840018","FIXED","Current accepted membership uses the existing source authorities; unavailable plus zero is not presented as a complete quiet state."
"LP24449-ledger-00918","PROVIDER_HEALTH_FALSE","bexar-tx","4840036","FIXED","Current accepted membership uses the existing source authorities; unavailable plus zero is not presented as a complete quiet state."
"LP24449-ledger-00919","PROVIDER_HEALTH_FALSE","webb-tx","4840100","FIXED","Current accepted membership uses the existing source authorities; unavailable plus zero is not presented as a complete quiet state."
"LP24449-ledger-00920","PROVIDER_HEALTH_FALSE","hidalgo-tx","4840104","FIXED","Current accepted membership uses the existing source authorities; unavailable plus zero is not presented as a complete quiet state."
"LP24449-ledger-00921","PROVIDER_HEALTH_FALSE","medina-tx","4840108","FIXED","Current accepted membership uses the existing source authorities; unavailable plus zero is not presented as a complete quiet state."
"LP24449-ledger-00922","PROVIDER_HEALTH_FALSE","mclennan-tx","4840168","FIXED","Current accepted membership uses the existing source authorities; unavailable plus zero is not presented as a complete quiet state."
"LP24449-ledger-00923","PROVIDER_HEALTH_FALSE","fannin-tx","4840180","FIXED","Current accepted membership uses the existing source authorities; unavailable plus zero is not presented as a complete quiet state."
"LP24449-ledger-00924","PROVIDER_HEALTH_FALSE","starr-tx","4840186","FIXED","Current accepted membership uses the existing source authorities; unavailable plus zero is not presented as a complete quiet state."
"LP24449-ledger-00925","PROVIDER_HEALTH_FALSE","starr-tx","4840188","FIXED","Current accepted membership uses the existing source authorities; unavailable plus zero is not presented as a complete quiet state."
"LP24449-ledger-00926","PROVIDER_HEALTH_FALSE","cameron-tx","4840204","FIXED","Current accepted membership uses the existing source authorities; unavailable plus zero is not presented as a complete quiet state."
"LP24449-ledger-00927","PROVIDER_HEALTH_FALSE","cameron-tx","4840210","FIXED","Current accepted membership uses the existing source authorities; unavailable plus zero is not presented as a complete quiet state."
"LP24449-ledger-00928","PROVIDER_HEALTH_FALSE","cameron-tx","4840258","FIXED","Current accepted membership uses the existing source authorities; unavailable plus zero is not presented as a complete quiet state."
"LP24449-ledger-00929","PROVIDER_HEALTH_FALSE","fayette-tx","4840276","FIXED","Current accepted membership uses the existing source authorities; unavailable plus zero is not presented as a complete quiet state."
"LP24449-ledger-00930","PROVIDER_HEALTH_FALSE","starr-tx","4840288","FIXED","Current accepted membership uses the existing source authorities; unavailable plus zero is not presented as a complete quiet state."
"LP24449-ledger-00931","PROVIDER_HEALTH_FALSE","cameron-tx","4840300","FIXED","Current accepted membership uses the existing source authorities; unavailable plus zero is not presented as a complete quiet state."
"LP24449-ledger-00932","PROVIDER_HEALTH_FALSE","bosque-tx","4840312","FIXED","Current accepted membership uses the existing source authorities; unavailable plus zero is not presented as a complete quiet state."
"LP24449-ledger-00933","PROVIDER_HEALTH_FALSE","hidalgo-tx","4840320","FIXED","Current accepted membership uses the existing source authorities; unavailable plus zero is not presented as a complete quiet state."
"LP24449-ledger-00934","PROVIDER_HEALTH_FALSE","cameron-tx","4840336","FIXED","Current accepted membership uses the existing source authorities; unavailable plus zero is not presented as a complete quiet state."
"LP24449-ledger-00935","PROVIDER_HEALTH_FALSE","hidalgo-tx","4840342","FIXED","Current accepted membership uses the existing source authorities; unavailable plus zero is not presented as a complete quiet state."
"LP24449-ledger-00936","PROVIDER_HEALTH_FALSE","hidalgo-tx","4840384","FIXED","Current accepted membership uses the existing source authorities; unavailable plus zero is not presented as a complete quiet state."
"LP24449-ledger-00937","PROVIDER_HEALTH_FALSE","wise-tx","4840450","FIXED","Current accepted membership uses the existing source authorities; unavailable plus zero is not presented as a complete quiet state."
"LP24449-ledger-00938","PROVIDER_HEALTH_FALSE","brown-tx","4840456","FIXED","Current accepted membership uses the existing source authorities; unavailable plus zero is not presented as a complete quiet state."
"LP24449-ledger-00939","PROVIDER_HEALTH_FALSE","brazos-tx","4840462","FIXED","Current accepted membership uses the existing source authorities; unavailable plus zero is not presented as a complete quiet state."
"LP24449-ledger-00940","PROVIDER_HEALTH_FALSE","gregg-tx","4840468","FIXED","Current accepted membership uses the existing source authorities; unavailable plus zero is not presented as a complete quiet state."
"LP24449-ledger-00941","PROVIDER_HEALTH_FALSE","rusk-tx","4840468","FIXED","Current accepted membership uses the existing source authorities; unavailable plus zero is not presented as a complete quiet state."
"LP24449-ledger-00942","PROVIDER_HEALTH_FALSE","san-patricio-tx","4840472","FIXED","Current accepted membership uses the existing source authorities; unavailable plus zero is not presented as a complete quiet state."
"LP24449-ledger-00943","PROVIDER_HEALTH_FALSE","mitchell-tx","4840475","FIXED","Current accepted membership uses the existing source authorities; unavailable plus zero is not presented as a complete quiet state."
"LP24449-ledger-00944","PROVIDER_HEALTH_FALSE","denton-tx","4840516","FIXED","Current accepted membership uses the existing source authorities; unavailable plus zero is not presented as a complete quiet state."
"LP24449-ledger-00945","PROVIDER_HEALTH_FALSE","guadalupe-tx","4840522","FIXED","Current accepted membership uses the existing source authorities; unavailable plus zero is not presented as a complete quiet state."
"LP24449-ledger-00946","PROVIDER_HEALTH_FALSE","bandera-tx","4840576","FIXED","Current accepted membership uses the existing source authorities; unavailable plus zero is not presented as a complete quiet state."
"LP24449-ledger-00947","PROVIDER_HEALTH_FALSE","brazoria-tx","4840588","FIXED","Current accepted membership uses the existing source authorities; unavailable plus zero is not presented as a complete quiet state."
"LP24449-ledger-00948","PROVIDER_HEALTH_FALSE","cooke-tx","4840624","FIXED","Current accepted membership uses the existing source authorities; unavailable plus zero is not presented as a complete quiet state."
"LP24449-ledger-00949","PROVIDER_HEALTH_FALSE","bandera-tx","4840674","FIXED","Current accepted membership uses the existing source authorities; unavailable plus zero is not presented as a complete quiet state."
"LP24449-ledger-00950","PROVIDER_HEALTH_FALSE","medina-tx","4840674","FIXED","Current accepted membership uses the existing source authorities; unavailable plus zero is not presented as a complete quiet state."
"LP24449-ledger-00951","PROVIDER_HEALTH_FALSE","hutchinson-tx","4840676","FIXED","Current accepted membership uses the existing source authorities; unavailable plus zero is not presented as a complete quiet state."
"LP24449-ledger-00952","PROVIDER_HEALTH_FALSE","gregg-tx","4840696","FIXED","Current accepted membership uses the existing source authorities; unavailable plus zero is not presented as a complete quiet state."
"LP24449-ledger-00953","PROVIDER_HEALTH_FALSE","san-patricio-tx","4840714","FIXED","Current accepted membership uses the existing source authorities; unavailable plus zero is not presented as a complete quiet state."
"LP24449-ledger-00954","PROVIDER_HEALTH_FALSE","archer-tx","4840756","FIXED","Current accepted membership uses the existing source authorities; unavailable plus zero is not presented as a complete quiet state."
"LP24449-ledger-00955","PROVIDER_HEALTH_FALSE","randall-tx","4840804","FIXED","Current accepted membership uses the existing source authorities; unavailable plus zero is not presented as a complete quiet state."
"LP24449-ledger-00956","PROVIDER_HEALTH_FALSE","hall-tx","4840888","FIXED","Current accepted membership uses the existing source authorities; unavailable plus zero is not presented as a complete quiet state."
"LP24449-ledger-00957","PROVIDER_HEALTH_FALSE","val-verde-tx","4840966","FIXED","Current accepted membership uses the existing source authorities; unavailable plus zero is not presented as a complete quiet state."
"LP24449-ledger-00958","PROVIDER_HEALTH_FALSE","travis-tx","4840984","FIXED","Current accepted membership uses the existing source authorities; unavailable plus zero is not presented as a complete quiet state."
"LP24449-ledger-00959","PROVIDER_HEALTH_FALSE","denton-tx","4841050","FIXED","Current accepted membership uses the existing source authorities; unavailable plus zero is not presented as a complete quiet state."
"LP24449-ledger-00960","PROVIDER_HEALTH_FALSE","tarrant-tx","4841056","FIXED","Current accepted membership uses the existing source authorities; unavailable plus zero is not presented as a complete quiet state."
"LP24449-ledger-00961","PROVIDER_HEALTH_FALSE","starr-tx","4841086","FIXED","Current accepted membership uses the existing source authorities; unavailable plus zero is not presented as a complete quiet state."
"LP24449-ledger-00962","PROVIDER_HEALTH_FALSE","aransas-tx","4841092","FIXED","Current accepted membership uses the existing source authorities; unavailable plus zero is not presented as a complete quiet state."
"LP24449-ledger-00963","PROVIDER_HEALTH_FALSE","galveston-tx","4841116","FIXED","Current accepted membership uses the existing source authorities; unavailable plus zero is not presented as a complete quiet state."
"LP24449-ledger-00964","PROVIDER_HEALTH_FALSE","dawson-tx","4841164","FIXED","Current accepted membership uses the existing source authorities; unavailable plus zero is not presented as a complete quiet state."
"LP24449-ledger-00965","PROVIDER_HEALTH_FALSE","starr-tx","4841170","FIXED","Current accepted membership uses the existing source authorities; unavailable plus zero is not presented as a complete quiet state."
"LP24449-ledger-00966","PROVIDER_HEALTH_FALSE","comanche-tx","4841176","FIXED","Current accepted membership uses the existing source authorities; unavailable plus zero is not presented as a complete quiet state."
"LP24449-ledger-00967","PROVIDER_HEALTH_FALSE","webb-tx","4841180","FIXED","Current accepted membership uses the existing source authorities; unavailable plus zero is not presented as a complete quiet state."
"LP24449-ledger-00968","PROVIDER_HEALTH_FALSE","lampasas-tx","4841188","FIXED","Current accepted membership uses the existing source authorities; unavailable plus zero is not presented as a complete quiet state."
"LP24449-ledger-00969","PROVIDER_HEALTH_FALSE","dallas-tx","4841212","FIXED","Current accepted membership uses the existing source authorities; unavailable plus zero is not presented as a complete quiet state."
"LP24449-ledger-00970","PROVIDER_HEALTH_FALSE","denton-tx","4841404","FIXED","Current accepted membership uses the existing source authorities; unavailable plus zero is not presented as a complete quiet state."
"LP24449-ledger-00971","PROVIDER_HEALTH_FALSE","cameron-tx","4841416","FIXED","Current accepted membership uses the existing source authorities; unavailable plus zero is not presented as a complete quiet state."
"LP24449-ledger-00972","PROVIDER_HEALTH_FALSE","san-patricio-tx","4841420","FIXED","Current accepted membership uses the existing source authorities; unavailable plus zero is not presented as a complete quiet state."
"LP24449-ledger-00974","PROVIDER_HEALTH_FALSE","nueces-tx","4841422","FIXED","Current accepted membership uses the existing source authorities; unavailable plus zero is not presented as a complete quiet state."
"LP24449-ledger-00975","PROVIDER_HEALTH_FALSE","starr-tx","4841424","FIXED","Current accepted membership uses the existing source authorities; unavailable plus zero is not presented as a complete quiet state."
"LP24449-ledger-00976","PROVIDER_HEALTH_FALSE","harris-tx","4841440","FIXED","Current accepted membership uses the existing source authorities; unavailable plus zero is not presented as a complete quiet state."
"LP24449-ledger-00977","PROVIDER_HEALTH_FALSE","webb-tx","4841449","FIXED","Current accepted membership uses the existing source authorities; unavailable plus zero is not presented as a complete quiet state."
"LP24449-ledger-00978","PROVIDER_HEALTH_FALSE","zavala-tx","4841452","FIXED","Current accepted membership uses the existing source authorities; unavailable plus zero is not presented as a complete quiet state."
"LP24449-ledger-00979","PROVIDER_HEALTH_FALSE","starr-tx","4841458","FIXED","Current accepted membership uses the existing source authorities; unavailable plus zero is not presented as a complete quiet state."
"LP24449-ledger-00980","PROVIDER_HEALTH_FALSE","webb-tx","4841464","FIXED","Current accepted membership uses the existing source authorities; unavailable plus zero is not presented as a complete quiet state."
"LP24449-ledger-00981","PROVIDER_HEALTH_FALSE","webb-tx","4841473","FIXED","Current accepted membership uses the existing source authorities; unavailable plus zero is not presented as a complete quiet state."
"LP24449-ledger-00982","PROVIDER_HEALTH_FALSE","webb-tx","4841475","FIXED","Current accepted membership uses the existing source authorities; unavailable plus zero is not presented as a complete quiet state."
"LP24449-ledger-00983","PROVIDER_HEALTH_FALSE","starr-tx","4841503","FIXED","Current accepted membership uses the existing source authorities; unavailable plus zero is not presented as a complete quiet state."
"LP24449-ledger-00984","PROVIDER_HEALTH_FALSE","cameron-tx","4841542","FIXED","Current accepted membership uses the existing source authorities; unavailable plus zero is not presented as a complete quiet state."
"LP24449-ledger-00985","PROVIDER_HEALTH_FALSE","willacy-tx","4841548","FIXED","Current accepted membership uses the existing source authorities; unavailable plus zero is not presented as a complete quiet state."
"LP24449-ledger-00986","PROVIDER_HEALTH_FALSE","webb-tx","4841565","FIXED","Current accepted membership uses the existing source authorities; unavailable plus zero is not presented as a complete quiet state."
"LP24449-ledger-00987","PROVIDER_HEALTH_FALSE","starr-tx","4841566","FIXED","Current accepted membership uses the existing source authorities; unavailable plus zero is not presented as a complete quiet state."
"LP24449-ledger-00988","PROVIDER_HEALTH_FALSE","jim-hogg-tx","4841569","FIXED","Current accepted membership uses the existing source authorities; unavailable plus zero is not presented as a complete quiet state."
"LP24449-ledger-00989","PROVIDER_HEALTH_FALSE","zapata-tx","4841579","FIXED","Current accepted membership uses the existing source authorities; unavailable plus zero is not presented as a complete quiet state."
"LP24449-ledger-00990","PROVIDER_HEALTH_FALSE","cameron-tx","4841580","FIXED","Current accepted membership uses the existing source authorities; unavailable plus zero is not presented as a complete quiet state."
"LP24449-ledger-00991","PROVIDER_HEALTH_FALSE","webb-tx","4841582","FIXED","Current accepted membership uses the existing source authorities; unavailable plus zero is not presented as a complete quiet state."
"LP24449-ledger-00992","PROVIDER_HEALTH_FALSE","maverick-tx","4841583","FIXED","Current accepted membership uses the existing source authorities; unavailable plus zero is not presented as a complete quiet state."
"LP24449-ledger-00993","PROVIDER_HEALTH_FALSE","houston-tx","4841644","FIXED","Current accepted membership uses the existing source authorities; unavailable plus zero is not presented as a complete quiet state."
"LP24449-ledger-00994","PROVIDER_HEALTH_FALSE","cameron-tx","4841660","FIXED","Current accepted membership uses the existing source authorities; unavailable plus zero is not presented as a complete quiet state."
"LP24449-ledger-00995","PROVIDER_HEALTH_FALSE","val-verde-tx","4841704","FIXED","Current accepted membership uses the existing source authorities; unavailable plus zero is not presented as a complete quiet state."
"LP24449-ledger-00996","PROVIDER_HEALTH_FALSE","cameron-tx","4841728","FIXED","Current accepted membership uses the existing source authorities; unavailable plus zero is not presented as a complete quiet state."
"LP24449-ledger-00997","PROVIDER_HEALTH_FALSE","wilson-tx","4841764","FIXED","Current accepted membership uses the existing source authorities; unavailable plus zero is not presented as a complete quiet state."
"LP24449-ledger-00998","PROVIDER_HEALTH_FALSE","starr-tx","4841782","FIXED","Current accepted membership uses the existing source authorities; unavailable plus zero is not presented as a complete quiet state."
"LP24449-ledger-00999","PROVIDER_HEALTH_FALSE","hidalgo-tx","4841788","FIXED","Current accepted membership uses the existing source authorities; unavailable plus zero is not presented as a complete quiet state."
"LP24449-ledger-01000","PROVIDER_HEALTH_FALSE","collin-tx","4841800","FIXED","Current accepted membership uses the existing source authorities; unavailable plus zero is not presented as a complete quiet state."
"LP24449-ledger-01001","PROVIDER_HEALTH_FALSE","jackson-tx","4841848","FIXED","Current accepted membership uses the existing source authorities; unavailable plus zero is not presented as a complete quiet state."
"LP24449-ledger-01002","PROVIDER_HEALTH_FALSE","taylor-tx","4841872","FIXED","Current accepted membership uses the existing source authorities; unavailable plus zero is not presented as a complete quiet state."
"LP24449-ledger-01003","PROVIDER_HEALTH_FALSE","galveston-tx","4841980","FIXED","Current accepted membership uses the existing source authorities; unavailable plus zero is not presented as a complete quiet state."
"LP24449-ledger-01004","PROVIDER_HEALTH_FALSE","harris-tx","4841980","FIXED","Current accepted membership uses the existing source authorities; unavailable plus zero is not presented as a complete quiet state."
"LP24449-ledger-01005","PROVIDER_HEALTH_FALSE","real-tx","4842004","FIXED","Current accepted membership uses the existing source authorities; unavailable plus zero is not presented as a complete quiet state."
"LP24449-ledger-01006","PROVIDER_HEALTH_FALSE","travis-tx","4842016","FIXED","Current accepted membership uses the existing source authorities; unavailable plus zero is not presented as a complete quiet state."
"LP24449-ledger-01007","PROVIDER_HEALTH_FALSE","williamson-tx","4842016","FIXED","Current accepted membership uses the existing source authorities; unavailable plus zero is not presented as a complete quiet state."
"LP24449-ledger-01008","PROVIDER_HEALTH_FALSE","bowie-tx","4842028","FIXED","Current accepted membership uses the existing source authorities; unavailable plus zero is not presented as a complete quiet state."
"LP24449-ledger-01009","PROVIDER_HEALTH_FALSE","gray-tx","4842148","FIXED","Current accepted membership uses the existing source authorities; unavailable plus zero is not presented as a complete quiet state."
"LP24449-ledger-01010","PROVIDER_HEALTH_FALSE","donley-tx","4842244","FIXED","Current accepted membership uses the existing source authorities; unavailable plus zero is not presented as a complete quiet state."
"LP24449-ledger-01011","PROVIDER_HEALTH_FALSE","atascosa-tx","4842256","FIXED","Current accepted membership uses the existing source authorities; unavailable plus zero is not presented as a complete quiet state."
"LP24449-ledger-01012","PROVIDER_HEALTH_FALSE","leon-tx","4842340","FIXED","Current accepted membership uses the existing source authorities; unavailable plus zero is not presented as a complete quiet state."
"LP24449-ledger-01013","PROVIDER_HEALTH_FALSE","fannin-tx","4842352","FIXED","Current accepted membership uses the existing source authorities; unavailable plus zero is not presented as a complete quiet state."
"LP24449-ledger-01014","PROVIDER_HEALTH_FALSE","bexar-tx","4842388","FIXED","Current accepted membership uses the existing source authorities; unavailable plus zero is not presented as a complete quiet state."
"LP24449-ledger-01015","PROVIDER_HEALTH_FALSE","mclennan-tx","4842400","FIXED","Current accepted membership uses the existing source authorities; unavailable plus zero is not presented as a complete quiet state."
"LP24449-ledger-01016","PROVIDER_HEALTH_FALSE","hockley-tx","4842448","FIXED","Current accepted membership uses the existing source authorities; unavailable plus zero is not presented as a complete quiet state."
"LP24449-ledger-01017","PROVIDER_HEALTH_FALSE","dallas-tx","4842508","FIXED","Current accepted membership uses the existing source authorities; unavailable plus zero is not presented as a complete quiet state."
"LP24449-ledger-01018","PROVIDER_HEALTH_FALSE","denton-tx","4842508","FIXED","Current accepted membership uses the existing source authorities; unavailable plus zero is not presented as a complete quiet state."
"LP24449-ledger-01019","PROVIDER_HEALTH_FALSE","lee-tx","4842532","FIXED","Current accepted membership uses the existing source authorities; unavailable plus zero is not presented as a complete quiet state."
"LP24449-ledger-01020","PROVIDER_HEALTH_FALSE","liberty-tx","4842568","FIXED","Current accepted membership uses the existing source authorities; unavailable plus zero is not presented as a complete quiet state."
"LP24449-ledger-01021","PROVIDER_HEALTH_FALSE","gregg-tx","4842616","FIXED","Current accepted membership uses the existing source authorities; unavailable plus zero is not presented as a complete quiet state."
"LP24449-ledger-01022","PROVIDER_HEALTH_FALSE","williamson-tx","4842664","FIXED","Current accepted membership uses the existing source authorities; unavailable plus zero is not presented as a complete quiet state."
"LP24449-ledger-01023","PROVIDER_HEALTH_FALSE","smith-tx","4842820","FIXED","Current accepted membership uses the existing source authorities; unavailable plus zero is not presented as a complete quiet state."
"LP24449-ledger-01024","PROVIDER_HEALTH_FALSE","cass-tx","4842844","FIXED","Current accepted membership uses the existing source authorities; unavailable plus zero is not presented as a complete quiet state."
"LP24449-ledger-01025","PROVIDER_HEALTH_FALSE","erath-tx","4842880","FIXED","Current accepted membership uses the existing source authorities; unavailable plus zero is not presented as a complete quiet state."
"LP24449-ledger-01026","PROVIDER_HEALTH_FALSE","hidalgo-tx","4842916","FIXED","Current accepted membership uses the existing source authorities; unavailable plus zero is not presented as a complete quiet state."
"LP24449-ledger-01027","PROVIDER_HEALTH_FALSE","hood-tx","4842940","FIXED","Current accepted membership uses the existing source authorities; unavailable plus zero is not presented as a complete quiet state."
"LP24449-ledger-01028","PROVIDER_HEALTH_FALSE","lipscomb-tx","4842952","FIXED","Current accepted membership uses the existing source authorities; unavailable plus zero is not presented as a complete quiet state."
"LP24449-ledger-01029","PROVIDER_HEALTH_FALSE","orange-tx","4843000","FIXED","Current accepted membership uses the existing source authorities; unavailable plus zero is not presented as a complete quiet state."
"LP24449-ledger-01030","PROVIDER_HEALTH_FALSE","denton-tx","4843012","FIXED","Current accepted membership uses the existing source authorities; unavailable plus zero is not presented as a complete quiet state."
"LP24449-ledger-01031","PROVIDER_HEALTH_FALSE","lamb-tx","4843024","FIXED","Current accepted membership uses the existing source authorities; unavailable plus zero is not presented as a complete quiet state."
"LP24449-ledger-01032","PROVIDER_HEALTH_FALSE","bell-tx","4843066","FIXED","Current accepted membership uses the existing source authorities; unavailable plus zero is not presented as a complete quiet state."
"LP24449-ledger-01033","PROVIDER_HEALTH_FALSE","bexar-tx","4843096","FIXED","Current accepted membership uses the existing source authorities; unavailable plus zero is not presented as a complete quiet state."
"LP24449-ledger-01034","PROVIDER_HEALTH_FALSE","brazoria-tx","4843120","FIXED","Current accepted membership uses the existing source authorities; unavailable plus zero is not presented as a complete quiet state."
"LP24449-ledger-01035","PROVIDER_HEALTH_FALSE","polk-tx","4843132","FIXED","Current accepted membership uses the existing source authorities; unavailable plus zero is not presented as a complete quiet state."
"LP24449-ledger-01036","PROVIDER_HEALTH_FALSE","llano-tx","4843144","FIXED","Current accepted membership uses the existing source authorities; unavailable plus zero is not presented as a complete quiet state."
"LP24449-ledger-01037","PROVIDER_HEALTH_FALSE","hidalgo-tx","4843150","FIXED","Current accepted membership uses the existing source authorities; unavailable plus zero is not presented as a complete quiet state."
"LP24449-ledger-01038","PROVIDER_HEALTH_FALSE","wilbarger-tx","4843216","FIXED","Current accepted membership uses the existing source authorities; unavailable plus zero is not presented as a complete quiet state."
"LP24449-ledger-01039","PROVIDER_HEALTH_FALSE","caldwell-tx","4843240","FIXED","Current accepted membership uses the existing source authorities; unavailable plus zero is not presented as a complete quiet state."
"LP24449-ledger-01040","PROVIDER_HEALTH_FALSE","floyd-tx","4843252","FIXED","Current accepted membership uses the existing source authorities; unavailable plus zero is not presented as a complete quiet state."
"LP24449-ledger-01041","PROVIDER_HEALTH_FALSE","henderson-tx","4843354","FIXED","Current accepted membership uses the existing source authorities; unavailable plus zero is not presented as a complete quiet state."
"LP24449-ledger-01042","PROVIDER_HEALTH_FALSE","jackson-tx","4843432","FIXED","Current accepted membership uses the existing source authorities; unavailable plus zero is not presented as a complete quiet state."
"LP24449-ledger-01043","PROVIDER_HEALTH_FALSE","zavala-tx","4843458","FIXED","Current accepted membership uses the existing source authorities; unavailable plus zero is not presented as a complete quiet state."
"LP24449-ledger-01044","PROVIDER_HEALTH_FALSE","san-patricio-tx","4843460","FIXED","Current accepted membership uses the existing source authorities; unavailable plus zero is not presented as a complete quiet state."
"LP24449-ledger-01045","PROVIDER_HEALTH_FALSE","starr-tx","4843465","FIXED","Current accepted membership uses the existing source authorities; unavailable plus zero is not presented as a complete quiet state."
"LP24449-ledger-01046","PROVIDER_HEALTH_FALSE","starr-tx","4843474","FIXED","Current accepted membership uses the existing source authorities; unavailable plus zero is not presented as a complete quiet state."
"LP24449-ledger-01047","PROVIDER_HEALTH_FALSE","lampasas-tx","4843516","FIXED","Current accepted membership uses the existing source authorities; unavailable plus zero is not presented as a complete quiet state."
"LP24449-ledger-01048","PROVIDER_HEALTH_FALSE","hunt-tx","4843636","FIXED","Current accepted membership uses the existing source authorities; unavailable plus zero is not presented as a complete quiet state."
"LP24449-ledger-01049","PROVIDER_HEALTH_FALSE","morris-tx","4843684","FIXED","Current accepted membership uses the existing source authorities; unavailable plus zero is not presented as a complete quiet state."
"LP24449-ledger-01050","PROVIDER_HEALTH_FALSE","starr-tx","4843822","FIXED","Current accepted membership uses the existing source authorities; unavailable plus zero is not presented as a complete quiet state."
"LP24449-ledger-01051","PROVIDER_HEALTH_FALSE","gregg-tx","4843888","FIXED","Current accepted membership uses the existing source authorities; unavailable plus zero is not presented as a complete quiet state."
"LP24449-ledger-01052","PROVIDER_HEALTH_FALSE","harrison-tx","4843888","FIXED","Current accepted membership uses the existing source authorities; unavailable plus zero is not presented as a complete quiet state."
"LP24449-ledger-01053","PROVIDER_HEALTH_FALSE","gaines-tx","4843948","FIXED","Current accepted membership uses the existing source authorities; unavailable plus zero is not presented as a complete quiet state."
"LP24449-ledger-01055","PROVIDER_HEALTH_FALSE","hidalgo-tx","4843972","FIXED","Current accepted membership uses the existing source authorities; unavailable plus zero is not presented as a complete quiet state."
"LP24449-ledger-01056","PROVIDER_HEALTH_FALSE","mitchell-tx","4843996","FIXED","Current accepted membership uses the existing source authorities; unavailable plus zero is not presented as a complete quiet state."
"LP24449-ledger-01057","PROVIDER_HEALTH_FALSE","mclennan-tx","4844020","FIXED","Current accepted membership uses the existing source authorities; unavailable plus zero is not presented as a complete quiet state."
"LP24449-ledger-01058","PROVIDER_HEALTH_FALSE","crosby-tx","4844032","FIXED","Current accepted membership uses the existing source authorities; unavailable plus zero is not presented as a complete quiet state."
"LP24449-ledger-01059","PROVIDER_HEALTH_FALSE","webb-tx","4844038","FIXED","Current accepted membership uses the existing source authorities; unavailable plus zero is not presented as a complete quiet state."
"LP24449-ledger-01060","PROVIDER_HEALTH_FALSE","starr-tx","4844044","FIXED","Current accepted membership uses the existing source authorities; unavailable plus zero is not presented as a complete quiet state."
"LP24449-ledger-01061","PROVIDER_HEALTH_FALSE","willacy-tx","4844062","FIXED","Current accepted membership uses the existing source authorities; unavailable plus zero is not presented as a complete quiet state."
"LP24449-ledger-01062","PROVIDER_HEALTH_FALSE","webb-tx","4844072","FIXED","Current accepted membership uses the existing source authorities; unavailable plus zero is not presented as a complete quiet state."
"LP24449-ledger-01063","PROVIDER_HEALTH_FALSE","starr-tx","4844075","FIXED","Current accepted membership uses the existing source authorities; unavailable plus zero is not presented as a complete quiet state."
"LP24449-ledger-01064","PROVIDER_HEALTH_FALSE","starr-tx","4844076","FIXED","Current accepted membership uses the existing source authorities; unavailable plus zero is not presented as a complete quiet state."
"LP24449-ledger-01065","PROVIDER_HEALTH_FALSE","webb-tx","4844077","FIXED","Current accepted membership uses the existing source authorities; unavailable plus zero is not presented as a complete quiet state."
"LP24449-ledger-01066","PROVIDER_HEALTH_FALSE","webb-tx","4844079","FIXED","Current accepted membership uses the existing source authorities; unavailable plus zero is not presented as a complete quiet state."
"LP24449-ledger-01067","PROVIDER_HEALTH_FALSE","webb-tx","4844123","FIXED","Current accepted membership uses the existing source authorities; unavailable plus zero is not presented as a complete quiet state."
"LP24449-ledger-01068","PROVIDER_HEALTH_FALSE","cameron-tx","4844128","FIXED","Current accepted membership uses the existing source authorities; unavailable plus zero is not presented as a complete quiet state."
"LP24449-ledger-01069","PROVIDER_HEALTH_FALSE","zapata-tx","4844142","FIXED","Current accepted membership uses the existing source authorities; unavailable plus zero is not presented as a complete quiet state."
"LP24449-ledger-01070","PROVIDER_HEALTH_FALSE","webb-tx","4844145","FIXED","Current accepted membership uses the existing source authorities; unavailable plus zero is not presented as a complete quiet state."
"LP24449-ledger-01071","PROVIDER_HEALTH_FALSE","webb-tx","4844146","FIXED","Current accepted membership uses the existing source authorities; unavailable plus zero is not presented as a complete quiet state."
"LP24449-ledger-01072","PROVIDER_HEALTH_FALSE","travis-tx","4844162","FIXED","Current accepted membership uses the existing source authorities; unavailable plus zero is not presented as a complete quiet state."
"LP24449-ledger-01073","PROVIDER_HEALTH_FALSE","webb-tx","4844167","FIXED","Current accepted membership uses the existing source authorities; unavailable plus zero is not presented as a complete quiet state."
"LP24449-ledger-01074","PROVIDER_HEALTH_FALSE","webb-tx","4844168","FIXED","Current accepted membership uses the existing source authorities; unavailable plus zero is not presented as a complete quiet state."
"LP24449-ledger-01075","PROVIDER_HEALTH_FALSE","dawson-tx","4844170","FIXED","Current accepted membership uses the existing source authorities; unavailable plus zero is not presented as a complete quiet state."
"LP24449-ledger-01076","PROVIDER_HEALTH_FALSE","falls-tx","4844176","FIXED","Current accepted membership uses the existing source authorities; unavailable plus zero is not presented as a complete quiet state."
"LP24449-ledger-01077","PROVIDER_HEALTH_FALSE","wharton-tx","4844212","FIXED","Current accepted membership uses the existing source authorities; unavailable plus zero is not presented as a complete quiet state."
"LP24449-ledger-01078","PROVIDER_HEALTH_FALSE","houston-tx","4844260","FIXED","Current accepted membership uses the existing source authorities; unavailable plus zero is not presented as a complete quiet state."
"LP24449-ledger-01079","PROVIDER_HEALTH_FALSE","young-tx","4844284","FIXED","Current accepted membership uses the existing source authorities; unavailable plus zero is not presented as a complete quiet state."
"LP24449-ledger-01080","PROVIDER_HEALTH_FALSE","collin-tx","4844308","FIXED","Current accepted membership uses the existing source authorities; unavailable plus zero is not presented as a complete quiet state."
"LP24449-ledger-01081","PROVIDER_HEALTH_FALSE","cameron-tx","4844344","FIXED","Current accepted membership uses the existing source authorities; unavailable plus zero is not presented as a complete quiet state."
"LP24449-ledger-01082","PROVIDER_HEALTH_FALSE","lubbock-tx","4845000","FIXED","Current accepted membership uses the existing source authorities; unavailable plus zero is not presented as a complete quiet state."
"LP24449-ledger-01083","PROVIDER_HEALTH_FALSE","collin-tx","4845012","FIXED","Current accepted membership uses the existing source authorities; unavailable plus zero is not presented as a complete quiet state."
"LP24449-ledger-01084","PROVIDER_HEALTH_FALSE","jones-tx","4845048","FIXED","Current accepted membership uses the existing source authorities; unavailable plus zero is not presented as a complete quiet state."
"LP24449-ledger-01085","PROVIDER_HEALTH_FALSE","shackelford-tx","4845048","FIXED","Current accepted membership uses the existing source authorities; unavailable plus zero is not presented as a complete quiet state."
"LP24449-ledger-01086","PROVIDER_HEALTH_FALSE","angelina-tx","4845072","FIXED","Current accepted membership uses the existing source authorities; unavailable plus zero is not presented as a complete quiet state."
"LP24449-ledger-01087","PROVIDER_HEALTH_FALSE","caldwell-tx","4845096","FIXED","Current accepted membership uses the existing source authorities; unavailable plus zero is not presented as a complete quiet state."
"LP24449-ledger-01088","PROVIDER_HEALTH_FALSE","guadalupe-tx","4845096","FIXED","Current accepted membership uses the existing source authorities; unavailable plus zero is not presented as a complete quiet state."
"LP24449-ledger-01089","PROVIDER_HEALTH_FALSE","hardin-tx","4845120","FIXED","Current accepted membership uses the existing source authorities; unavailable plus zero is not presented as a complete quiet state."
"LP24449-ledger-01090","PROVIDER_HEALTH_FALSE","willacy-tx","4845228","FIXED","Current accepted membership uses the existing source authorities; unavailable plus zero is not presented as a complete quiet state."
"LP24449-ledger-01091","PROVIDER_HEALTH_FALSE","burleson-tx","4845276","FIXED","Current accepted membership uses the existing source authorities; unavailable plus zero is not presented as a complete quiet state."
"LP24449-ledger-01092","PROVIDER_HEALTH_FALSE","atascosa-tx","4845288","FIXED","Current accepted membership uses the existing source authorities; unavailable plus zero is not presented as a complete quiet state."
"LP24449-ledger-01093","PROVIDER_HEALTH_FALSE","bexar-tx","4845288","FIXED","Current accepted membership uses the existing source authorities; unavailable plus zero is not presented as a complete quiet state."
"LP24449-ledger-01094","PROVIDER_HEALTH_FALSE","medina-tx","4845288","FIXED","Current accepted membership uses the existing source authorities; unavailable plus zero is not presented as a complete quiet state."
"LP24449-ledger-01095","PROVIDER_HEALTH_FALSE","henderson-tx","4845324","FIXED","Current accepted membership uses the existing source authorities; unavailable plus zero is not presented as a complete quiet state."
"LP24449-ledger-01096","PROVIDER_HEALTH_FALSE","kaufman-tx","4845324","FIXED","Current accepted membership uses the existing source authorities; unavailable plus zero is not presented as a complete quiet state."
"LP24449-ledger-01097","PROVIDER_HEALTH_FALSE","van-zandt-tx","4845324","FIXED","Current accepted membership uses the existing source authorities; unavailable plus zero is not presented as a complete quiet state."
"LP24449-ledger-01098","PROVIDER_HEALTH_FALSE","hidalgo-tx","4845384","FIXED","Current accepted membership uses the existing source authorities; unavailable plus zero is not presented as a complete quiet state."
"LP24449-ledger-01099","PROVIDER_HEALTH_FALSE","upton-tx","4845432","FIXED","Current accepted membership uses the existing source authorities; unavailable plus zero is not presented as a complete quiet state."
"LP24449-ledger-01100","PROVIDER_HEALTH_FALSE","fisher-tx","4845444","FIXED","Current accepted membership uses the existing source authorities; unavailable plus zero is not presented as a complete quiet state."
"LP24449-ledger-01101","PROVIDER_HEALTH_FALSE","bastrop-tx","4845564","FIXED","Current accepted membership uses the existing source authorities; unavailable plus zero is not presented as a complete quiet state."
"LP24449-ledger-01102","PROVIDER_HEALTH_FALSE","bexar-tx","4845576","FIXED","Current accepted membership uses the existing source authorities; unavailable plus zero is not presented as a complete quiet state."
"LP24449-ledger-01103","PROVIDER_HEALTH_FALSE","coryell-tx","4845672","FIXED","Current accepted membership uses the existing source authorities; unavailable plus zero is not presented as a complete quiet state."
"LP24449-ledger-01104","PROVIDER_HEALTH_FALSE","mclennan-tx","4845672","FIXED","Current accepted membership uses the existing source authorities; unavailable plus zero is not presented as a complete quiet state."
"LP24449-ledger-01105","PROVIDER_HEALTH_FALSE","collin-tx","4845744","FIXED","Current accepted membership uses the existing source authorities; unavailable plus zero is not presented as a complete quiet state."
"LP24449-ledger-01106","PROVIDER_HEALTH_FALSE","andrews-tx","4845750","FIXED","Current accepted membership uses the existing source authorities; unavailable plus zero is not presented as a complete quiet state."
"LP24449-ledger-01107","PROVIDER_HEALTH_FALSE","gray-tx","4845780","FIXED","Current accepted membership uses the existing source authorities; unavailable plus zero is not presented as a complete quiet state."
"LP24449-ledger-01108","PROVIDER_HEALTH_FALSE","kaufman-tx","4845804","FIXED","Current accepted membership uses the existing source authorities; unavailable plus zero is not presented as a complete quiet state."
"LP24449-ledger-01109","PROVIDER_HEALTH_FALSE","rockwall-tx","4845804","FIXED","Current accepted membership uses the existing source authorities; unavailable plus zero is not presented as a complete quiet state."
"LP24449-ledger-01110","PROVIDER_HEALTH_FALSE","cass-tx","4845816","FIXED","Current accepted membership uses the existing source authorities; unavailable plus zero is not presented as a complete quiet state."
"LP24449-ledger-01111","PROVIDER_HEALTH_FALSE","guadalupe-tx","4845948","FIXED","Current accepted membership uses the existing source authorities; unavailable plus zero is not presented as a complete quiet state."
"LP24449-ledger-01112","PROVIDER_HEALTH_FALSE","madison-tx","4845996","FIXED","Current accepted membership uses the existing source authorities; unavailable plus zero is not presented as a complete quiet state."
"LP24449-ledger-01113","PROVIDER_HEALTH_FALSE","montgomery-tx","4846056","FIXED","Current accepted membership uses the existing source authorities; unavailable plus zero is not presented as a complete quiet state."
"LP24449-ledger-01114","PROVIDER_HEALTH_FALSE","calhoun-tx","4846080","FIXED","Current accepted membership uses the existing source authorities; unavailable plus zero is not presented as a complete quiet state."
"LP24449-ledger-01115","PROVIDER_HEALTH_FALSE","henderson-tx","4846224","FIXED","Current accepted membership uses the existing source authorities; unavailable plus zero is not presented as a complete quiet state."
"LP24449-ledger-01116","PROVIDER_HEALTH_FALSE","hill-tx","4846260","FIXED","Current accepted membership uses the existing source authorities; unavailable plus zero is not presented as a complete quiet state."
"LP24449-ledger-01117","PROVIDER_HEALTH_FALSE","travis-tx","4846308","FIXED","Current accepted membership uses the existing source authorities; unavailable plus zero is not presented as a complete quiet state."
"LP24449-ledger-01118","PROVIDER_HEALTH_FALSE","travis-tx","4846440","FIXED","Current accepted membership uses the existing source authorities; unavailable plus zero is not presented as a complete quiet state."
"LP24449-ledger-01119","PROVIDER_HEALTH_FALSE","ellis-tx","4846452","FIXED","Current accepted membership uses the existing source authorities; unavailable plus zero is not presented as a complete quiet state."
"LP24449-ledger-01120","PROVIDER_HEALTH_FALSE","johnson-tx","4846452","FIXED","Current accepted membership uses the existing source authorities; unavailable plus zero is not presented as a complete quiet state."
"LP24449-ledger-01121","PROVIDER_HEALTH_FALSE","tarrant-tx","4846452","FIXED","Current accepted membership uses the existing source authorities; unavailable plus zero is not presented as a complete quiet state."
"LP24449-ledger-01122","PROVIDER_HEALTH_FALSE","starr-tx","4846492","FIXED","Current accepted membership uses the existing source authorities; unavailable plus zero is not presented as a complete quiet state."
"LP24449-ledger-01123","PROVIDER_HEALTH_FALSE","starr-tx","4846494","FIXED","Current accepted membership uses the existing source authorities; unavailable plus zero is not presented as a complete quiet state."
"LP24449-ledger-01124","PROVIDER_HEALTH_FALSE","brazoria-tx","4846500","FIXED","Current accepted membership uses the existing source authorities; unavailable plus zero is not presented as a complete quiet state."
"LP24449-ledger-01125","PROVIDER_HEALTH_FALSE","brewster-tx","4846572","FIXED","Current accepted membership uses the existing source authorities; unavailable plus zero is not presented as a complete quiet state."
"LP24449-ledger-01126","PROVIDER_HEALTH_FALSE","burnet-tx","4846584","FIXED","Current accepted membership uses the existing source authorities; unavailable plus zero is not presented as a complete quiet state."
"LP24449-ledger-01127","PROVIDER_HEALTH_FALSE","presidio-tx","4846620","FIXED","Current accepted membership uses the existing source authorities; unavailable plus zero is not presented as a complete quiet state."
"LP24449-ledger-01128","PROVIDER_HEALTH_FALSE","cass-tx","4846668","FIXED","Current accepted membership uses the existing source authorities; unavailable plus zero is not presented as a complete quiet state."
"LP24449-ledger-01129","PROVIDER_HEALTH_FALSE","guadalupe-tx","4846692","FIXED","Current accepted membership uses the existing source authorities; unavailable plus zero is not presented as a complete quiet state."
"LP24449-ledger-01130","PROVIDER_HEALTH_FALSE","matagorda-tx","4846716","FIXED","Current accepted membership uses the existing source authorities; unavailable plus zero is not presented as a complete quiet state."
"LP24449-ledger-01131","PROVIDER_HEALTH_FALSE","falls-tx","4846740","FIXED","Current accepted membership uses the existing source authorities; unavailable plus zero is not presented as a complete quiet state."
"LP24449-ledger-01132","PROVIDER_HEALTH_FALSE","leon-tx","4846752","FIXED","Current accepted membership uses the existing source authorities; unavailable plus zero is not presented as a complete quiet state."
"LP24449-ledger-01133","PROVIDER_HEALTH_FALSE","harrison-tx","4846776","FIXED","Current accepted membership uses the existing source authorities; unavailable plus zero is not presented as a complete quiet state."
"LP24449-ledger-01134","PROVIDER_HEALTH_FALSE","limestone-tx","4846824","FIXED","Current accepted membership uses the existing source authorities; unavailable plus zero is not presented as a complete quiet state."
"LP24449-ledger-01135","PROVIDER_HEALTH_FALSE","mclennan-tx","4846824","FIXED","Current accepted membership uses the existing source authorities; unavailable plus zero is not presented as a complete quiet state."
"LP24449-ledger-01136","PROVIDER_HEALTH_FALSE","caldwell-tx","4846848","FIXED","Current accepted membership uses the existing source authorities; unavailable plus zero is not presented as a complete quiet state."
"LP24449-ledger-01137","PROVIDER_HEALTH_FALSE","starr-tx","4846854","FIXED","Current accepted membership uses the existing source authorities; unavailable plus zero is not presented as a complete quiet state."
"LP24449-ledger-01138","PROVIDER_HEALTH_FALSE","mason-tx","4846968","FIXED","Current accepted membership uses the existing source authorities; unavailable plus zero is not presented as a complete quiet state."
"LP24449-ledger-01139","PROVIDER_HEALTH_FALSE","motley-tx","4847004","FIXED","Current accepted membership uses the existing source authorities; unavailable plus zero is not presented as a complete quiet state."
"LP24449-ledger-01140","PROVIDER_HEALTH_FALSE","matagorda-tx","4847016","FIXED","Current accepted membership uses the existing source authorities; unavailable plus zero is not presented as a complete quiet state."
"LP24449-ledger-01141","PROVIDER_HEALTH_FALSE","san-patricio-tx","4847040","FIXED","Current accepted membership uses the existing source authorities; unavailable plus zero is not presented as a complete quiet state."
"LP24449-ledger-01142","PROVIDER_HEALTH_FALSE","bowie-tx","4847088","FIXED","Current accepted membership uses the existing source authorities; unavailable plus zero is not presented as a complete quiet state."
"LP24449-ledger-01143","PROVIDER_HEALTH_FALSE","orange-tx","4847100","FIXED","Current accepted membership uses the existing source authorities; unavailable plus zero is not presented as a complete quiet state."
"LP24449-ledger-01144","PROVIDER_HEALTH_FALSE","brown-tx","4847172","FIXED","Current accepted membership uses the existing source authorities; unavailable plus zero is not presented as a complete quiet state."
"LP24449-ledger-01145","PROVIDER_HEALTH_FALSE","ellis-tx","4847268","FIXED","Current accepted membership uses the existing source authorities; unavailable plus zero is not presented as a complete quiet state."
"LP24449-ledger-01146","PROVIDER_HEALTH_FALSE","terry-tx","4847316","FIXED","Current accepted membership uses the existing source authorities; unavailable plus zero is not presented as a complete quiet state."
"LP24449-ledger-01147","PROVIDER_HEALTH_FALSE","burnet-tx","4847330","FIXED","Current accepted membership uses the existing source authorities; unavailable plus zero is not presented as a complete quiet state."
"LP24449-ledger-01149","PROVIDER_HEALTH_FALSE","zapata-tx","4847406","FIXED","Current accepted membership uses the existing source authorities; unavailable plus zero is not presented as a complete quiet state."
"LP24449-ledger-01150","PROVIDER_HEALTH_FALSE","archer-tx","4847460","FIXED","Current accepted membership uses the existing source authorities; unavailable plus zero is not presented as a complete quiet state."
"LP24449-ledger-01151","PROVIDER_HEALTH_FALSE","collin-tx","4847496","FIXED","Current accepted membership uses the existing source authorities; unavailable plus zero is not presented as a complete quiet state."
"LP24449-ledger-01152","PROVIDER_HEALTH_FALSE","mcculloch-tx","4847568","FIXED","Current accepted membership uses the existing source authorities; unavailable plus zero is not presented as a complete quiet state."
"LP24449-ledger-01153","PROVIDER_HEALTH_FALSE","hall-tx","4847616","FIXED","Current accepted membership uses the existing source authorities; unavailable plus zero is not presented as a complete quiet state."
"LP24449-ledger-01154","PROVIDER_HEALTH_FALSE","menard-tx","4847628","FIXED","Current accepted membership uses the existing source authorities; unavailable plus zero is not presented as a complete quiet state."
"LP24449-ledger-01155","PROVIDER_HEALTH_FALSE","loving-tx","4847676","FIXED","Current accepted membership uses the existing source authorities; unavailable plus zero is not presented as a complete quiet state."
"LP24449-ledger-01156","PROVIDER_HEALTH_FALSE","hidalgo-tx","4847700","FIXED","Current accepted membership uses the existing source authorities; unavailable plus zero is not presented as a complete quiet state."
"LP24449-ledger-01157","PROVIDER_HEALTH_FALSE","bosque-tx","4847760","FIXED","Current accepted membership uses the existing source authorities; unavailable plus zero is not presented as a complete quiet state."
"LP24449-ledger-01158","PROVIDER_HEALTH_FALSE","taylor-tx","4847796","FIXED","Current accepted membership uses the existing source authorities; unavailable plus zero is not presented as a complete quiet state."
"LP24449-ledger-01159","PROVIDER_HEALTH_FALSE","hill-tx","4847820","FIXED","Current accepted membership uses the existing source authorities; unavailable plus zero is not presented as a complete quiet state."
"LP24449-ledger-01160","PROVIDER_HEALTH_FALSE","irion-tx","4847832","FIXED","Current accepted membership uses the existing source authorities; unavailable plus zero is not presented as a complete quiet state."
"LP24449-ledger-01161","PROVIDER_HEALTH_FALSE","limestone-tx","4847916","FIXED","Current accepted membership uses the existing source authorities; unavailable plus zero is not presented as a complete quiet state."
"LP24449-ledger-01162","PROVIDER_HEALTH_FALSE","roberts-tx","4847988","FIXED","Current accepted membership uses the existing source authorities; unavailable plus zero is not presented as a complete quiet state."
"LP24449-ledger-01163","PROVIDER_HEALTH_FALSE","matagorda-tx","4848048","FIXED","Current accepted membership uses the existing source authorities; unavailable plus zero is not presented as a complete quiet state."
"LP24449-ledger-01164","PROVIDER_HEALTH_FALSE","martin-tx","4848072","FIXED","Current accepted membership uses the existing source authorities; unavailable plus zero is not presented as a complete quiet state."
"LP24449-ledger-01165","PROVIDER_HEALTH_FALSE","midland-tx","4848072","FIXED","Current accepted membership uses the existing source authorities; unavailable plus zero is not presented as a complete quiet state."
"LP24449-ledger-01166","PROVIDER_HEALTH_FALSE","ellis-tx","4848096","FIXED","Current accepted membership uses the existing source authorities; unavailable plus zero is not presented as a complete quiet state."
"LP24449-ledger-01167","PROVIDER_HEALTH_FALSE","madison-tx","4848180","FIXED","Current accepted membership uses the existing source authorities; unavailable plus zero is not presented as a complete quiet state."
"LP24449-ledger-01168","PROVIDER_HEALTH_FALSE","hidalgo-tx","4848272","FIXED","Current accepted membership uses the existing source authorities; unavailable plus zero is not presented as a complete quiet state."
"LP24449-ledger-01169","PROVIDER_HEALTH_FALSE","hidalgo-tx","4848280","FIXED","Current accepted membership uses the existing source authorities; unavailable plus zero is not presented as a complete quiet state."
"LP24449-ledger-01170","PROVIDER_HEALTH_FALSE","starr-tx","4848315","FIXED","Current accepted membership uses the existing source authorities; unavailable plus zero is not presented as a complete quiet state."
"LP24449-ledger-01171","PROVIDER_HEALTH_FALSE","starr-tx","4848318","FIXED","Current accepted membership uses the existing source authorities; unavailable plus zero is not presented as a complete quiet state."
"LP24449-ledger-01172","PROVIDER_HEALTH_FALSE","hidalgo-tx","4848320","FIXED","Current accepted membership uses the existing source authorities; unavailable plus zero is not presented as a complete quiet state."
"LP24449-ledger-01173","PROVIDER_HEALTH_FALSE","sabine-tx","4848324","FIXED","Current accepted membership uses the existing source authorities; unavailable plus zero is not presented as a complete quiet state."
"LP24449-ledger-01174","PROVIDER_HEALTH_FALSE","milam-tx","4848336","FIXED","Current accepted membership uses the existing source authorities; unavailable plus zero is not presented as a complete quiet state."
"LP24449-ledger-01175","PROVIDER_HEALTH_FALSE","navarro-tx","4848372","FIXED","Current accepted membership uses the existing source authorities; unavailable plus zero is not presented as a complete quiet state."
"LP24449-ledger-01176","PROVIDER_HEALTH_FALSE","runnels-tx","4848396","FIXED","Current accepted membership uses the existing source authorities; unavailable plus zero is not presented as a complete quiet state."
"LP24449-ledger-01177","PROVIDER_HEALTH_FALSE","ellis-tx","4848408","FIXED","Current accepted membership uses the existing source authorities; unavailable plus zero is not presented as a complete quiet state."
"LP24449-ledger-01178","PROVIDER_HEALTH_FALSE","titus-tx","4848478","FIXED","Current accepted membership uses the existing source authorities; unavailable plus zero is not presented as a complete quiet state."
"LP24449-ledger-01179","PROVIDER_HEALTH_FALSE","parker-tx","4848564","FIXED","Current accepted membership uses the existing source authorities; unavailable plus zero is not presented as a complete quiet state."
"LP24449-ledger-01180","PROVIDER_HEALTH_FALSE","wood-tx","4848648","FIXED","Current accepted membership uses the existing source authorities; unavailable plus zero is not presented as a complete quiet state."
"LP24449-ledger-01181","PROVIDER_HEALTH_FALSE","palo-pinto-tx","4848684","FIXED","Current accepted membership uses the existing source authorities; unavailable plus zero is not presented as a complete quiet state."
"LP24449-ledger-01182","PROVIDER_HEALTH_FALSE","parker-tx","4848684","FIXED","Current accepted membership uses the existing source authorities; unavailable plus zero is not presented as a complete quiet state."
"LP24449-ledger-01183","PROVIDER_HEALTH_FALSE","palo-pinto-tx","4848720","FIXED","Current accepted membership uses the existing source authorities; unavailable plus zero is not presented as a complete quiet state."
"LP24449-ledger-01184","PROVIDER_HEALTH_FALSE","starr-tx","4848750","FIXED","Current accepted membership uses the existing source authorities; unavailable plus zero is not presented as a complete quiet state."
"LP24449-ledger-01185","PROVIDER_HEALTH_FALSE","webb-tx","4848756","FIXED","Current accepted membership uses the existing source authorities; unavailable plus zero is not presented as a complete quiet state."
"LP24449-ledger-01186","PROVIDER_HEALTH_FALSE","hidalgo-tx","4848768","FIXED","Current accepted membership uses the existing source authorities; unavailable plus zero is not presented as a complete quiet state."
"LP24449-ledger-01187","PROVIDER_HEALTH_FALSE","fort-bend-tx","4848772","FIXED","Current accepted membership uses the existing source authorities; unavailable plus zero is not presented as a complete quiet state."
"LP24449-ledger-01188","PROVIDER_HEALTH_FALSE","harris-tx","4848772","FIXED","Current accepted membership uses the existing source authorities; unavailable plus zero is not presented as a complete quiet state."
"LP24449-ledger-01189","PROVIDER_HEALTH_FALSE","fort-bend-tx","4848804","FIXED","Current accepted membership uses the existing source authorities; unavailable plus zero is not presented as a complete quiet state."
"LP24449-ledger-01190","PROVIDER_HEALTH_FALSE","harris-tx","4848804","FIXED","Current accepted membership uses the existing source authorities; unavailable plus zero is not presented as a complete quiet state."
"LP24449-ledger-01191","PROVIDER_HEALTH_FALSE","wheeler-tx","4848852","FIXED","Current accepted membership uses the existing source authorities; unavailable plus zero is not presented as a complete quiet state."
"LP24449-ledger-01192","PROVIDER_HEALTH_FALSE","rockwall-tx","4848858","FIXED","Current accepted membership uses the existing source authorities; unavailable plus zero is not presented as a complete quiet state."
"LP24449-ledger-01193","PROVIDER_HEALTH_FALSE","ward-tx","4848936","FIXED","Current accepted membership uses the existing source authorities; unavailable plus zero is not presented as a complete quiet state."
"LP24449-ledger-01194","PROVIDER_HEALTH_FALSE","winkler-tx","4848936","FIXED","Current accepted membership uses the existing source authorities; unavailable plus zero is not presented as a complete quiet state."
"LP24449-ledger-01195","PROVIDER_HEALTH_FALSE","montague-tx","4849032","FIXED","Current accepted membership uses the existing source authorities; unavailable plus zero is not presented as a complete quiet state."
"LP24449-ledger-01196","PROVIDER_HEALTH_FALSE","chambers-tx","4849068","FIXED","Current accepted membership uses the existing source authorities; unavailable plus zero is not presented as a complete quiet state."
"LP24449-ledger-01197","PROVIDER_HEALTH_FALSE","liberty-tx","4849068","FIXED","Current accepted membership uses the existing source authorities; unavailable plus zero is not presented as a complete quiet state."
"LP24449-ledger-01198","PROVIDER_HEALTH_FALSE","hidalgo-tx","4849080","FIXED","Current accepted membership uses the existing source authorities; unavailable plus zero is not presented as a complete quiet state."
"LP24449-ledger-01199","PROVIDER_HEALTH_FALSE","montgomery-tx","4849128","FIXED","Current accepted membership uses the existing source authorities; unavailable plus zero is not presented as a complete quiet state."
"LP24449-ledger-01200","PROVIDER_HEALTH_FALSE","mclennan-tx","4849200","FIXED","Current accepted membership uses the existing source authorities; unavailable plus zero is not presented as a complete quiet state."
"LP24449-ledger-01201","PROVIDER_HEALTH_FALSE","frio-tx","4849224","FIXED","Current accepted membership uses the existing source authorities; unavailable plus zero is not presented as a complete quiet state."
"LP24449-ledger-01202","PROVIDER_HEALTH_FALSE","henderson-tx","4849272","FIXED","Current accepted membership uses the existing source authorities; unavailable plus zero is not presented as a complete quiet state."
"LP24449-ledger-01203","PROVIDER_HEALTH_FALSE","starr-tx","4849300","FIXED","Current accepted membership uses the existing source authorities; unavailable plus zero is not presented as a complete quiet state."
"LP24449-ledger-01204","PROVIDER_HEALTH_FALSE","zapata-tx","4849314","FIXED","Current accepted membership uses the existing source authorities; unavailable plus zero is not presented as a complete quiet state."
"LP24449-ledger-01205","PROVIDER_HEALTH_FALSE","shackelford-tx","4849320","FIXED","Current accepted membership uses the existing source authorities; unavailable plus zero is not presented as a complete quiet state."
"LP24449-ledger-01206","PROVIDER_HEALTH_FALSE","bosque-tx","4849356","FIXED","Current accepted membership uses the existing source authorities; unavailable plus zero is not presented as a complete quiet state."
"LP24449-ledger-01207","PROVIDER_HEALTH_FALSE","san-patricio-tx","4849359","FIXED","Current accepted membership uses the existing source authorities; unavailable plus zero is not presented as a complete quiet state."
"LP24449-ledger-01208","PROVIDER_HEALTH_FALSE","chambers-tx","4849380","FIXED","Current accepted membership uses the existing source authorities; unavailable plus zero is not presented as a complete quiet state."
"LP24449-ledger-01209","PROVIDER_HEALTH_FALSE","harris-tx","4849380","FIXED","Current accepted membership uses the existing source authorities; unavailable plus zero is not presented as a complete quiet state."
"LP24449-ledger-01210","PROVIDER_HEALTH_FALSE","bell-tx","4849392","FIXED","Current accepted membership uses the existing source authorities; unavailable plus zero is not presented as a complete quiet state."
"LP24449-ledger-01211","PROVIDER_HEALTH_FALSE","el-paso-tx","4849411","FIXED","Current accepted membership uses the existing source authorities; unavailable plus zero is not presented as a complete quiet state."
"LP24449-ledger-01212","PROVIDER_HEALTH_FALSE","hansford-tx","4849440","FIXED","Current accepted membership uses the existing source authorities; unavailable plus zero is not presented as a complete quiet state."
"LP24449-ledger-01213","PROVIDER_HEALTH_FALSE","cochran-tx","4849464","FIXED","Current accepted membership uses the existing source authorities; unavailable plus zero is not presented as a complete quiet state."
"LP24449-ledger-01214","PROVIDER_HEALTH_FALSE","bosque-tx","4849512","FIXED","Current accepted membership uses the existing source authorities; unavailable plus zero is not presented as a complete quiet state."
"LP24449-ledger-01215","PROVIDER_HEALTH_FALSE","lavaca-tx","4849560","FIXED","Current accepted membership uses the existing source authorities; unavailable plus zero is not presented as a complete quiet state."
"LP24449-ledger-01216","PROVIDER_HEALTH_FALSE","coryell-tx","4849572","FIXED","Current accepted membership uses the existing source authorities; unavailable plus zero is not presented as a complete quiet state."
"LP24449-ledger-01217","PROVIDER_HEALTH_FALSE","hays-tx","4849600","FIXED","Current accepted membership uses the existing source authorities; unavailable plus zero is not presented as a complete quiet state."
"LP24449-ledger-01218","PROVIDER_HEALTH_FALSE","hill-tx","4849692","FIXED","Current accepted membership uses the existing source authorities; unavailable plus zero is not presented as a complete quiet state."
"LP24449-ledger-01219","PROVIDER_HEALTH_FALSE","rusk-tx","4849728","FIXED","Current accepted membership uses the existing source authorities; unavailable plus zero is not presented as a complete quiet state."
"LP24449-ledger-01220","PROVIDER_HEALTH_FALSE","titus-tx","4849800","FIXED","Current accepted membership uses the existing source authorities; unavailable plus zero is not presented as a complete quiet state."
"LP24449-ledger-01221","PROVIDER_HEALTH_FALSE","franklin-tx","4849860","FIXED","Current accepted membership uses the existing source authorities; unavailable plus zero is not presented as a complete quiet state."
"LP24449-ledger-01222","PROVIDER_HEALTH_FALSE","cooke-tx","4849932","FIXED","Current accepted membership uses the existing source authorities; unavailable plus zero is not presented as a complete quiet state."
"LP24449-ledger-01223","PROVIDER_HEALTH_FALSE","bailey-tx","4849968","FIXED","Current accepted membership uses the existing source authorities; unavailable plus zero is not presented as a complete quiet state."
"LP24449-ledger-01224","PROVIDER_HEALTH_FALSE","mills-tx","4849992","FIXED","Current accepted membership uses the existing source authorities; unavailable plus zero is not presented as a complete quiet state."
"LP24449-ledger-01225","PROVIDER_HEALTH_FALSE","knox-tx","4850040","FIXED","Current accepted membership uses the existing source authorities; unavailable plus zero is not presented as a complete quiet state."
"LP24449-ledger-01226","PROVIDER_HEALTH_FALSE","hidalgo-tx","4850058","FIXED","Current accepted membership uses the existing source authorities; unavailable plus zero is not presented as a complete quiet state."
"LP24449-ledger-01227","PROVIDER_HEALTH_FALSE","henderson-tx","4850076","FIXED","Current accepted membership uses the existing source authorities; unavailable plus zero is not presented as a complete quiet state."
"LP24449-ledger-01228","PROVIDER_HEALTH_FALSE","hidalgo-tx","4850092","FIXED","Current accepted membership uses the existing source authorities; unavailable plus zero is not presented as a complete quiet state."
"LP24449-ledger-01229","PROVIDER_HEALTH_FALSE","collin-tx","4850100","FIXED","Current accepted membership uses the existing source authorities; unavailable plus zero is not presented as a complete quiet state."
"LP24449-ledger-01230","PROVIDER_HEALTH_FALSE","bastrop-tx","4850200","FIXED","Current accepted membership uses the existing source authorities; unavailable plus zero is not presented as a complete quiet state."
"LP24449-ledger-01231","PROVIDER_HEALTH_FALSE","caldwell-tx","4850200","FIXED","Current accepted membership uses the existing source authorities; unavailable plus zero is not presented as a complete quiet state."
"LP24449-ledger-01232","PROVIDER_HEALTH_FALSE","travis-tx","4850200","FIXED","Current accepted membership uses the existing source authorities; unavailable plus zero is not presented as a complete quiet state."
"LP24449-ledger-01233","PROVIDER_HEALTH_FALSE","cooke-tx","4850220","FIXED","Current accepted membership uses the existing source authorities; unavailable plus zero is not presented as a complete quiet state."
"LP24449-ledger-01234","PROVIDER_HEALTH_FALSE","van-zandt-tx","4850232","FIXED","Current accepted membership uses the existing source authorities; unavailable plus zero is not presented as a complete quiet state."
"LP24449-ledger-01235","PROVIDER_HEALTH_FALSE","nacogdoches-tx","4850256","FIXED","Current accepted membership uses the existing source authorities; unavailable plus zero is not presented as a complete quiet state."
"LP24449-ledger-01236","PROVIDER_HEALTH_FALSE","colorado-tx","4850268","FIXED","Current accepted membership uses the existing source authorities; unavailable plus zero is not presented as a complete quiet state."
"LP24449-ledger-01237","PROVIDER_HEALTH_FALSE","morris-tx","4850316","FIXED","Current accepted membership uses the existing source authorities; unavailable plus zero is not presented as a complete quiet state."
"LP24449-ledger-01238","PROVIDER_HEALTH_FALSE","starr-tx","4850322","FIXED","Current accepted membership uses the existing source authorities; unavailable plus zero is not presented as a complete quiet state."
"LP24449-ledger-01239","PROVIDER_HEALTH_FALSE","bowie-tx","4850352","FIXED","Current accepted membership uses the existing source authorities; unavailable plus zero is not presented as a complete quiet state."
"LP24449-ledger-01240","PROVIDER_HEALTH_FALSE","harris-tx","4850376","FIXED","Current accepted membership uses the existing source authorities; unavailable plus zero is not presented as a complete quiet state."
"LP24449-ledger-01241","PROVIDER_HEALTH_FALSE","medina-tx","4850400","FIXED","Current accepted membership uses the existing source authorities; unavailable plus zero is not presented as a complete quiet state."
"LP24449-ledger-01242","PROVIDER_HEALTH_FALSE","navarro-tx","4850448","FIXED","Current accepted membership uses the existing source authorities; unavailable plus zero is not presented as a complete quiet state."
"LP24449-ledger-01243","PROVIDER_HEALTH_FALSE","brazos-tx","4850472","FIXED","Current accepted membership uses the existing source authorities; unavailable plus zero is not presented as a complete quiet state."
"LP24449-ledger-01244","PROVIDER_HEALTH_FALSE","grimes-tx","4850472","FIXED","Current accepted membership uses the existing source authorities; unavailable plus zero is not presented as a complete quiet state."
"LP24449-ledger-01245","PROVIDER_HEALTH_FALSE","castro-tx","4850496","FIXED","Current accepted membership uses the existing source authorities; unavailable plus zero is not presented as a complete quiet state."
"LP24449-ledger-01246","PROVIDER_HEALTH_FALSE","anderson-tx","4850544","FIXED","Current accepted membership uses the existing source authorities; unavailable plus zero is not presented as a complete quiet state."
"LP24449-ledger-01247","PROVIDER_HEALTH_FALSE","jefferson-tx","4850580","FIXED","Current accepted membership uses the existing source authorities; unavailable plus zero is not presented as a complete quiet state."
"LP24449-ledger-01248","PROVIDER_HEALTH_FALSE","fort-bend-tx","4850628","FIXED","Current accepted membership uses the existing source authorities; unavailable plus zero is not presented as a complete quiet state."
"LP24449-ledger-01249","PROVIDER_HEALTH_FALSE","starr-tx","4850742","FIXED","Current accepted membership uses the existing source authorities; unavailable plus zero is not presented as a complete quiet state."
"LP24449-ledger-01250","PROVIDER_HEALTH_FALSE","collin-tx","4850760","FIXED","Current accepted membership uses the existing source authorities; unavailable plus zero is not presented as a complete quiet state."
"LP24449-ledger-01251","PROVIDER_HEALTH_FALSE","tarrant-tx","4850772","FIXED","Current accepted membership uses the existing source authorities; unavailable plus zero is not presented as a complete quiet state."
"LP24449-ledger-01252","PROVIDER_HEALTH_FALSE","wise-tx","4850772","FIXED","Current accepted membership uses the existing source authorities; unavailable plus zero is not presented as a complete quiet state."
"LP24449-ledger-01253","PROVIDER_HEALTH_FALSE","guadalupe-tx","4850796","FIXED","Current accepted membership uses the existing source authorities; unavailable plus zero is not presented as a complete quiet state."
"LP24449-ledger-01254","PROVIDER_HEALTH_FALSE","bowie-tx","4850808","FIXED","Current accepted membership uses the existing source authorities; unavailable plus zero is not presented as a complete quiet state."
"LP24449-ledger-01255","PROVIDER_HEALTH_FALSE","comal-tx","4850820","FIXED","Current accepted membership uses the existing source authorities; unavailable plus zero is not presented as a complete quiet state."
"LP24449-ledger-01256","PROVIDER_HEALTH_FALSE","guadalupe-tx","4850820","FIXED","Current accepted membership uses the existing source authorities; unavailable plus zero is not presented as a complete quiet state."
"LP24449-ledger-01257","PROVIDER_HEALTH_FALSE","young-tx","4850868","FIXED","Current accepted membership uses the existing source authorities; unavailable plus zero is not presented as a complete quiet state."
"LP24449-ledger-01258","PROVIDER_HEALTH_FALSE","smith-tx","4850876","FIXED","Current accepted membership uses the existing source authorities; unavailable plus zero is not presented as a complete quiet state."
"LP24449-ledger-01259","PROVIDER_HEALTH_FALSE","lubbock-tx","4850916","FIXED","Current accepted membership uses the existing source authorities; unavailable plus zero is not presented as a complete quiet state."
"LP24449-ledger-01260","PROVIDER_HEALTH_FALSE","denton-tx","4850920","FIXED","Current accepted membership uses the existing source authorities; unavailable plus zero is not presented as a complete quiet state."
"LP24449-ledger-01261","PROVIDER_HEALTH_FALSE","wise-tx","4850920","FIXED","Current accepted membership uses the existing source authorities; unavailable plus zero is not presented as a complete quiet state."
"LP24449-ledger-01262","PROVIDER_HEALTH_FALSE","zapata-tx","4850924","FIXED","Current accepted membership uses the existing source authorities; unavailable plus zero is not presented as a complete quiet state."
"LP24449-ledger-01263","PROVIDER_HEALTH_FALSE","lynn-tx","4851012","FIXED","Current accepted membership uses the existing source authorities; unavailable plus zero is not presented as a complete quiet state."
"LP24449-ledger-01264","PROVIDER_HEALTH_FALSE","collin-tx","4851036","FIXED","Current accepted membership uses the existing source authorities; unavailable plus zero is not presented as a complete quiet state."
"LP24449-ledger-01265","PROVIDER_HEALTH_FALSE","rusk-tx","4851168","FIXED","Current accepted membership uses the existing source authorities; unavailable plus zero is not presented as a complete quiet state."
"LP24449-ledger-01266","PROVIDER_HEALTH_FALSE","cherokee-tx","4851336","FIXED","Current accepted membership uses the existing source authorities; unavailable plus zero is not presented as a complete quiet state."
"LP24449-ledger-01267","PROVIDER_HEALTH_FALSE","newton-tx","4851372","FIXED","Current accepted membership uses the existing source authorities; unavailable plus zero is not presented as a complete quiet state."
"LP24449-ledger-01268","PROVIDER_HEALTH_FALSE","austin-tx","4851384","FIXED","Current accepted membership uses the existing source authorities; unavailable plus zero is not presented as a complete quiet state."
"LP24449-ledger-01269","PROVIDER_HEALTH_FALSE","walker-tx","4851396","FIXED","Current accepted membership uses the existing source authorities; unavailable plus zero is not presented as a complete quiet state."
"LP24449-ledger-01270","PROVIDER_HEALTH_FALSE","hunt-tx","4851444","FIXED","Current accepted membership uses the existing source authorities; unavailable plus zero is not presented as a complete quiet state."
"LP24449-ledger-01271","PROVIDER_HEALTH_FALSE","caldwell-tx","4851492","FIXED","Current accepted membership uses the existing source authorities; unavailable plus zero is not presented as a complete quiet state."
"LP24449-ledger-01272","PROVIDER_HEALTH_FALSE","hays-tx","4851492","FIXED","Current accepted membership uses the existing source authorities; unavailable plus zero is not presented as a complete quiet state."
"LP24449-ledger-01273","PROVIDER_HEALTH_FALSE","starr-tx","4851552","FIXED","Current accepted membership uses the existing source authorities; unavailable plus zero is not presented as a complete quiet state."
"LP24449-ledger-01274","PROVIDER_HEALTH_FALSE","gonzales-tx","4851588","FIXED","Current accepted membership uses the existing source authorities; unavailable plus zero is not presented as a complete quiet state."
"LP24449-ledger-01275","PROVIDER_HEALTH_FALSE","wilson-tx","4851588","FIXED","Current accepted membership uses the existing source authorities; unavailable plus zero is not presented as a complete quiet state."
"LP24449-ledger-01276","PROVIDER_HEALTH_FALSE","montague-tx","4851648","FIXED","Current accepted membership uses the existing source authorities; unavailable plus zero is not presented as a complete quiet state."
"LP24449-ledger-01277","PROVIDER_HEALTH_FALSE","montague-tx","4851654","FIXED","Current accepted membership uses the existing source authorities; unavailable plus zero is not presented as a complete quiet state."
"LP24449-ledger-01278","PROVIDER_HEALTH_FALSE","bell-tx","4851708","FIXED","Current accepted membership uses the existing source authorities; unavailable plus zero is not presented as a complete quiet state."
"LP24449-ledger-01279","PROVIDER_HEALTH_FALSE","jefferson-tx","4851720","FIXED","Current accepted membership uses the existing source authorities; unavailable plus zero is not presented as a complete quiet state."
"LP24449-ledger-01280","PROVIDER_HEALTH_FALSE","smith-tx","4851756","FIXED","Current accepted membership uses the existing source authorities; unavailable plus zero is not presented as a complete quiet state."
"LP24449-ledger-01281","PROVIDER_HEALTH_FALSE","dewitt-tx","4851792","FIXED","Current accepted membership uses the existing source authorities; unavailable plus zero is not presented as a complete quiet state."
"LP24449-ledger-01282","PROVIDER_HEALTH_FALSE","maverick-tx","4851828","FIXED","Current accepted membership uses the existing source authorities; unavailable plus zero is not presented as a complete quiet state."
"LP24449-ledger-01283","PROVIDER_HEALTH_FALSE","leon-tx","4851840","FIXED","Current accepted membership uses the existing source authorities; unavailable plus zero is not presented as a complete quiet state."
"LP24449-ledger-01284","PROVIDER_HEALTH_FALSE","madison-tx","4851840","FIXED","Current accepted membership uses the existing source authorities; unavailable plus zero is not presented as a complete quiet state."
"LP24449-ledger-01285","PROVIDER_HEALTH_FALSE","bee-tx","4851852","FIXED","Current accepted membership uses the existing source authorities; unavailable plus zero is not presented as a complete quiet state."
"LP24449-ledger-01286","PROVIDER_HEALTH_FALSE","hidalgo-tx","4851900","FIXED","Current accepted membership uses the existing source authorities; unavailable plus zero is not presented as a complete quiet state."
"LP24449-ledger-01287","PROVIDER_HEALTH_FALSE","liberty-tx","4851984","FIXED","Current accepted membership uses the existing source authorities; unavailable plus zero is not presented as a complete quiet state."
"LP24449-ledger-01288","PROVIDER_HEALTH_FALSE","starr-tx","4852068","FIXED","Current accepted membership uses the existing source authorities; unavailable plus zero is not presented as a complete quiet state."
"LP24449-ledger-01289","PROVIDER_HEALTH_FALSE","denton-tx","4852212","FIXED","Current accepted membership uses the existing source authorities; unavailable plus zero is not presented as a complete quiet state."
"LP24449-ledger-01290","PROVIDER_HEALTH_FALSE","frio-tx","4852302","FIXED","Current accepted membership uses the existing source authorities; unavailable plus zero is not presented as a complete quiet state."
"LP24449-ledger-01291","PROVIDER_HEALTH_FALSE","tarrant-tx","4852356","FIXED","Current accepted membership uses the existing source authorities; unavailable plus zero is not presented as a complete quiet state."
"LP24449-ledger-01293","PROVIDER_HEALTH_FALSE","nueces-tx","4852404","FIXED","Current accepted membership uses the existing source authorities; unavailable plus zero is not presented as a complete quiet state."
"LP24449-ledger-01294","PROVIDER_HEALTH_FALSE","coleman-tx","4852668","FIXED","Current accepted membership uses the existing source authorities; unavailable plus zero is not presented as a complete quiet state."
"LP24449-ledger-01295","PROVIDER_HEALTH_FALSE","kaufman-tx","4852902","FIXED","Current accepted membership uses the existing source authorities; unavailable plus zero is not presented as a complete quiet state."
"LP24449-ledger-01296","PROVIDER_HEALTH_FALSE","san-jacinto-tx","4852992","FIXED","Current accepted membership uses the existing source authorities; unavailable plus zero is not presented as a complete quiet state."
"LP24449-ledger-01297","PROVIDER_HEALTH_FALSE","chambers-tx","4853004","FIXED","Current accepted membership uses the existing source authorities; unavailable plus zero is not presented as a complete quiet state."
"LP24449-ledger-01298","PROVIDER_HEALTH_FALSE","ellis-tx","4853115","FIXED","Current accepted membership uses the existing source authorities; unavailable plus zero is not presented as a complete quiet state."
"LP24449-ledger-01299","PROVIDER_HEALTH_FALSE","denton-tx","4853130","FIXED","Current accepted membership uses the existing source authorities; unavailable plus zero is not presented as a complete quiet state."
"LP24449-ledger-01300","PROVIDER_HEALTH_FALSE","montgomery-tx","4853190","FIXED","Current accepted membership uses the existing source authorities; unavailable plus zero is not presented as a complete quiet state."
"LP24449-ledger-01302","PROVIDER_HEALTH_FALSE","navarro-tx","4853217","FIXED","Current accepted membership uses the existing source authorities; unavailable plus zero is not presented as a complete quiet state."
"LP24449-ledger-01303","PROVIDER_HEALTH_FALSE","freestone-tx","4853232","FIXED","Current accepted membership uses the existing source authorities; unavailable plus zero is not presented as a complete quiet state."
"LP24449-ledger-01304","PROVIDER_HEALTH_FALSE","leon-tx","4853232","FIXED","Current accepted membership uses the existing source authorities; unavailable plus zero is not presented as a complete quiet state."
"LP24449-ledger-01305","PROVIDER_HEALTH_FALSE","haskell-tx","4853304","FIXED","Current accepted membership uses the existing source authorities; unavailable plus zero is not presented as a complete quiet state."
"LP24449-ledger-01306","PROVIDER_HEALTH_FALSE","san-patricio-tx","4853376","FIXED","Current accepted membership uses the existing source authorities; unavailable plus zero is not presented as a complete quiet state."
"LP24449-ledger-01307","PROVIDER_HEALTH_FALSE","ector-tx","4853388","FIXED","Current accepted membership uses the existing source authorities; unavailable plus zero is not presented as a complete quiet state."
"LP24449-ledger-01308","PROVIDER_HEALTH_FALSE","midland-tx","4853388","FIXED","Current accepted membership uses the existing source authorities; unavailable plus zero is not presented as a complete quiet state."
"LP24449-ledger-01309","PROVIDER_HEALTH_FALSE","dawson-tx","4853436","FIXED","Current accepted membership uses the existing source authorities; unavailable plus zero is not presented as a complete quiet state."
"LP24449-ledger-01310","PROVIDER_HEALTH_FALSE","lynn-tx","4853436","FIXED","Current accepted membership uses the existing source authorities; unavailable plus zero is not presented as a complete quiet state."
"LP24449-ledger-01311","PROVIDER_HEALTH_FALSE","coryell-tx","4853520","FIXED","Current accepted membership uses the existing source authorities; unavailable plus zero is not presented as a complete quiet state."
"LP24449-ledger-01312","PROVIDER_HEALTH_FALSE","webb-tx","4853556","FIXED","Current accepted membership uses the existing source authorities; unavailable plus zero is not presented as a complete quiet state."
"LP24449-ledger-01313","PROVIDER_HEALTH_FALSE","wilbarger-tx","4853616","FIXED","Current accepted membership uses the existing source authorities; unavailable plus zero is not presented as a complete quiet state."
"LP24449-ledger-01314","PROVIDER_HEALTH_FALSE","chambers-tx","4853824","FIXED","Current accepted membership uses the existing source authorities; unavailable plus zero is not presented as a complete quiet state."
"LP24449-ledger-01315","PROVIDER_HEALTH_FALSE","liberty-tx","4853824","FIXED","Current accepted membership uses the existing source authorities; unavailable plus zero is not presented as a complete quiet state."
"LP24449-ledger-01316","PROVIDER_HEALTH_FALSE","hidalgo-tx","4853934","FIXED","Current accepted membership uses the existing source authorities; unavailable plus zero is not presented as a complete quiet state."
"LP24449-ledger-01317","PROVIDER_HEALTH_FALSE","starr-tx","4853946","FIXED","Current accepted membership uses the existing source authorities; unavailable plus zero is not presented as a complete quiet state."
"LP24449-ledger-01318","PROVIDER_HEALTH_FALSE","cameron-tx","4853964","FIXED","Current accepted membership uses the existing source authorities; unavailable plus zero is not presented as a complete quiet state."
"LP24449-ledger-01319","PROVIDER_HEALTH_FALSE","starr-tx","4853970","FIXED","Current accepted membership uses the existing source authorities; unavailable plus zero is not presented as a complete quiet state."
"LP24449-ledger-01320","PROVIDER_HEALTH_FALSE","bexar-tx","4853988","FIXED","Current accepted membership uses the existing source authorities; unavailable plus zero is not presented as a complete quiet state."
"LP24449-ledger-01321","PROVIDER_HEALTH_FALSE","young-tx","4854000","FIXED","Current accepted membership uses the existing source authorities; unavailable plus zero is not presented as a complete quiet state."
"LP24449-ledger-01322","PROVIDER_HEALTH_FALSE","lamb-tx","4854012","FIXED","Current accepted membership uses the existing source authorities; unavailable plus zero is not presented as a complete quiet state."
"LP24449-ledger-01323","PROVIDER_HEALTH_FALSE","morris-tx","4854024","FIXED","Current accepted membership uses the existing source authorities; unavailable plus zero is not presented as a complete quiet state."
"LP24449-ledger-01324","PROVIDER_HEALTH_FALSE","polk-tx","4854048","FIXED","Current accepted membership uses the existing source authorities; unavailable plus zero is not presented as a complete quiet state."
"LP24449-ledger-01325","PROVIDER_HEALTH_FALSE","hockley-tx","4854075","FIXED","Current accepted membership uses the existing source authorities; unavailable plus zero is not presented as a complete quiet state."
"LP24449-ledger-01326","PROVIDER_HEALTH_FALSE","orange-tx","4854132","FIXED","Current accepted membership uses the existing source authorities; unavailable plus zero is not presented as a complete quiet state."
"LP24449-ledger-01327","PROVIDER_HEALTH_FALSE","jim-wells-tx","4854168","FIXED","Current accepted membership uses the existing source authorities; unavailable plus zero is not presented as a complete quiet state."
"LP24449-ledger-01328","PROVIDER_HEALTH_FALSE","cameron-tx","4854186","FIXED","Current accepted membership uses the existing source authorities; unavailable plus zero is not presented as a complete quiet state."
"LP24449-ledger-01329","PROVIDER_HEALTH_FALSE","fort-bend-tx","4854192","FIXED","Current accepted membership uses the existing source authorities; unavailable plus zero is not presented as a complete quiet state."
"LP24449-ledger-01330","PROVIDER_HEALTH_FALSE","upshur-tx","4854216","FIXED","Current accepted membership uses the existing source authorities; unavailable plus zero is not presented as a complete quiet state."
"LP24449-ledger-01331","PROVIDER_HEALTH_FALSE","rusk-tx","4854432","FIXED","Current accepted membership uses the existing source authorities; unavailable plus zero is not presented as a complete quiet state."
"LP24449-ledger-01332","PROVIDER_HEALTH_FALSE","smith-tx","4854432","FIXED","Current accepted membership uses the existing source authorities; unavailable plus zero is not presented as a complete quiet state."
"LP24449-ledger-01333","PROVIDER_HEALTH_FALSE","dallas-tx","4854444","FIXED","Current accepted membership uses the existing source authorities; unavailable plus zero is not presented as a complete quiet state."
"LP24449-ledger-01334","PROVIDER_HEALTH_FALSE","ellis-tx","4854444","FIXED","Current accepted membership uses the existing source authorities; unavailable plus zero is not presented as a complete quiet state."
"LP24449-ledger-01335","PROVIDER_HEALTH_FALSE","jim-wells-tx","4854509","FIXED","Current accepted membership uses the existing source authorities; unavailable plus zero is not presented as a complete quiet state."
"LP24449-ledger-01336","PROVIDER_HEALTH_FALSE","brazoria-tx","4854528","FIXED","Current accepted membership uses the existing source authorities; unavailable plus zero is not presented as a complete quiet state."
"LP24449-ledger-01337","PROVIDER_HEALTH_FALSE","crockett-tx","4854552","FIXED","Current accepted membership uses the existing source authorities; unavailable plus zero is not presented as a complete quiet state."
"LP24449-ledger-01338","PROVIDER_HEALTH_FALSE","starr-tx","4854558","FIXED","Current accepted membership uses the existing source authorities; unavailable plus zero is not presented as a complete quiet state."
"LP24449-ledger-01339","PROVIDER_HEALTH_FALSE","cottle-tx","4854600","FIXED","Current accepted membership uses the existing source authorities; unavailable plus zero is not presented as a complete quiet state."
"LP24449-ledger-01340","PROVIDER_HEALTH_FALSE","bastrop-tx","4854624","FIXED","Current accepted membership uses the existing source authorities; unavailable plus zero is not presented as a complete quiet state."
"LP24449-ledger-01341","PROVIDER_HEALTH_FALSE","concho-tx","4854636","FIXED","Current accepted membership uses the existing source authorities; unavailable plus zero is not presented as a complete quiet state."
"LP24449-ledger-01342","PROVIDER_HEALTH_FALSE","san-patricio-tx","4854666","FIXED","Current accepted membership uses the existing source authorities; unavailable plus zero is not presented as a complete quiet state."
"LP24449-ledger-01343","PROVIDER_HEALTH_FALSE","matagorda-tx","4854684","FIXED","Current accepted membership uses the existing source authorities; unavailable plus zero is not presented as a complete quiet state."
"LP24449-ledger-01344","PROVIDER_HEALTH_FALSE","anderson-tx","4854708","FIXED","Current accepted membership uses the existing source authorities; unavailable plus zero is not presented as a complete quiet state."
"LP24449-ledger-01345","PROVIDER_HEALTH_FALSE","randall-tx","4854726","FIXED","Current accepted membership uses the existing source authorities; unavailable plus zero is not presented as a complete quiet state."
"LP24449-ledger-01346","PROVIDER_HEALTH_FALSE","hidalgo-tx","4854780","FIXED","Current accepted membership uses the existing source authorities; unavailable plus zero is not presented as a complete quiet state."
"LP24449-ledger-01347","PROVIDER_HEALTH_FALSE","cameron-tx","4854798","FIXED","Current accepted membership uses the existing source authorities; unavailable plus zero is not presented as a complete quiet state."
"LP24449-ledger-01348","PROVIDER_HEALTH_FALSE","hidalgo-tx","4854804","FIXED","Current accepted membership uses the existing source authorities; unavailable plus zero is not presented as a complete quiet state."
"LP24449-ledger-01349","PROVIDER_HEALTH_FALSE","hidalgo-tx","4854810","FIXED","Current accepted membership uses the existing source authorities; unavailable plus zero is not presented as a complete quiet state."
"LP24449-ledger-01350","PROVIDER_HEALTH_FALSE","starr-tx","4854846","FIXED","Current accepted membership uses the existing source authorities; unavailable plus zero is not presented as a complete quiet state."
"LP24449-ledger-01351","PROVIDER_HEALTH_FALSE","denton-tx","4854868","FIXED","Current accepted membership uses the existing source authorities; unavailable plus zero is not presented as a complete quiet state."
"LP24449-ledger-01352","PROVIDER_HEALTH_FALSE","denton-tx","4854872","FIXED","Current accepted membership uses the existing source authorities; unavailable plus zero is not presented as a complete quiet state."
"LP24449-ledger-01353","PROVIDER_HEALTH_FALSE","palo-pinto-tx","4854876","FIXED","Current accepted membership uses the existing source authorities; unavailable plus zero is not presented as a complete quiet state."
"LP24449-ledger-01354","PROVIDER_HEALTH_FALSE","gray-tx","4854912","FIXED","Current accepted membership uses the existing source authorities; unavailable plus zero is not presented as a complete quiet state."
"LP24449-ledger-01355","PROVIDER_HEALTH_FALSE","carson-tx","4854960","FIXED","Current accepted membership uses the existing source authorities; unavailable plus zero is not presented as a complete quiet state."
"LP24449-ledger-01356","PROVIDER_HEALTH_FALSE","montgomery-tx","4855008","FIXED","Current accepted membership uses the existing source authorities; unavailable plus zero is not presented as a complete quiet state."
"LP24449-ledger-01357","PROVIDER_HEALTH_FALSE","tarrant-tx","4855020","FIXED","Current accepted membership uses the existing source authorities; unavailable plus zero is not presented as a complete quiet state."
"LP24449-ledger-01358","PROVIDER_HEALTH_FALSE","wise-tx","4855056","FIXED","Current accepted membership uses the existing source authorities; unavailable plus zero is not presented as a complete quiet state."
"LP24449-ledger-01359","PROVIDER_HEALTH_FALSE","lamar-tx","4855080","FIXED","Current accepted membership uses the existing source authorities; unavailable plus zero is not presented as a complete quiet state."
"LP24449-ledger-01360","PROVIDER_HEALTH_FALSE","collin-tx","4855152","FIXED","Current accepted membership uses the existing source authorities; unavailable plus zero is not presented as a complete quiet state."
"LP24449-ledger-01361","PROVIDER_HEALTH_FALSE","harris-tx","4856000","FIXED","Current accepted membership uses the existing source authorities; unavailable plus zero is not presented as a complete quiet state."
"LP24449-ledger-01362","PROVIDER_HEALTH_FALSE","waller-tx","4856108","FIXED","Current accepted membership uses the existing source authorities; unavailable plus zero is not presented as a complete quiet state."
"LP24449-ledger-01363","PROVIDER_HEALTH_FALSE","montgomery-tx","4856156","FIXED","Current accepted membership uses the existing source authorities; unavailable plus zero is not presented as a complete quiet state."
"LP24449-ledger-01364","PROVIDER_HEALTH_FALSE","bee-tx","4856252","FIXED","Current accepted membership uses the existing source authorities; unavailable plus zero is not presented as a complete quiet state."
"LP24449-ledger-01365","PROVIDER_HEALTH_FALSE","henderson-tx","4856276","FIXED","Current accepted membership uses the existing source authorities; unavailable plus zero is not presented as a complete quiet state."
"LP24449-ledger-01366","PROVIDER_HEALTH_FALSE","brazoria-tx","4856348","FIXED","Current accepted membership uses the existing source authorities; unavailable plus zero is not presented as a complete quiet state."
"LP24449-ledger-01367","PROVIDER_HEALTH_FALSE","fort-bend-tx","4856348","FIXED","Current accepted membership uses the existing source authorities; unavailable plus zero is not presented as a complete quiet state."
"LP24449-ledger-01368","PROVIDER_HEALTH_FALSE","harris-tx","4856348","FIXED","Current accepted membership uses the existing source authorities; unavailable plus zero is not presented as a complete quiet state."
"LP24449-ledger-01369","PROVIDER_HEALTH_FALSE","frio-tx","4856384","FIXED","Current accepted membership uses the existing source authorities; unavailable plus zero is not presented as a complete quiet state."
"LP24449-ledger-01370","PROVIDER_HEALTH_FALSE","parker-tx","4856432","FIXED","Current accepted membership uses the existing source authorities; unavailable plus zero is not presented as a complete quiet state."
"LP24449-ledger-01371","PROVIDER_HEALTH_FALSE","tarrant-tx","4856462","FIXED","Current accepted membership uses the existing source authorities; unavailable plus zero is not presented as a complete quiet state."
"LP24449-ledger-01372","PROVIDER_HEALTH_FALSE","wise-tx","4856462","FIXED","Current accepted membership uses the existing source authorities; unavailable plus zero is not presented as a complete quiet state."
"LP24449-ledger-01373","PROVIDER_HEALTH_FALSE","delta-tx","4856468","FIXED","Current accepted membership uses the existing source authorities; unavailable plus zero is not presented as a complete quiet state."
"LP24449-ledger-01374","PROVIDER_HEALTH_FALSE","fannin-tx","4856468","FIXED","Current accepted membership uses the existing source authorities; unavailable plus zero is not presented as a complete quiet state."
"LP24449-ledger-01375","PROVIDER_HEALTH_FALSE","fort-bend-tx","4856482","FIXED","Current accepted membership uses the existing source authorities; unavailable plus zero is not presented as a complete quiet state."
"LP24449-ledger-01376","PROVIDER_HEALTH_FALSE","ellis-tx","4856485","FIXED","Current accepted membership uses the existing source authorities; unavailable plus zero is not presented as a complete quiet state."
"LP24449-ledger-01377","PROVIDER_HEALTH_FALSE","hood-tx","4856498","FIXED","Current accepted membership uses the existing source authorities; unavailable plus zero is not presented as a complete quiet state."
"LP24449-ledger-01378","PROVIDER_HEALTH_FALSE","johnson-tx","4856498","FIXED","Current accepted membership uses the existing source authorities; unavailable plus zero is not presented as a complete quiet state."
"LP24449-ledger-01379","PROVIDER_HEALTH_FALSE","tarrant-tx","4856640","FIXED","Current accepted membership uses the existing source authorities; unavailable plus zero is not presented as a complete quiet state."
"LP24449-ledger-01380","PROVIDER_HEALTH_FALSE","starr-tx","4856644","FIXED","Current accepted membership uses the existing source authorities; unavailable plus zero is not presented as a complete quiet state."
"LP24449-ledger-01381","PROVIDER_HEALTH_FALSE","bell-tx","4856660","FIXED","Current accepted membership uses the existing source authorities; unavailable plus zero is not presented as a complete quiet state."
"LP24449-ledger-01382","PROVIDER_HEALTH_FALSE","hill-tx","4856672","FIXED","Current accepted membership uses the existing source authorities; unavailable plus zero is not presented as a complete quiet state."
"LP24449-ledger-01383","PROVIDER_HEALTH_FALSE","hidalgo-tx","4856696","FIXED","Current accepted membership uses the existing source authorities; unavailable plus zero is not presented as a complete quiet state."
"LP24449-ledger-01384","PROVIDER_HEALTH_FALSE","hidalgo-tx","4856804","FIXED","Current accepted membership uses the existing source authorities; unavailable plus zero is not presented as a complete quiet state."
"LP24449-ledger-01385","PROVIDER_HEALTH_FALSE","jack-tx","4856864","FIXED","Current accepted membership uses the existing source authorities; unavailable plus zero is not presented as a complete quiet state."
"LP24449-ledger-01386","PROVIDER_HEALTH_FALSE","ochiltree-tx","4856912","FIXED","Current accepted membership uses the existing source authorities; unavailable plus zero is not presented as a complete quiet state."
"LP24449-ledger-01387","PROVIDER_HEALTH_FALSE","hale-tx","4856996","FIXED","Current accepted membership uses the existing source authorities; unavailable plus zero is not presented as a complete quiet state."
"LP24449-ledger-01388","PROVIDER_HEALTH_FALSE","clay-tx","4857044","FIXED","Current accepted membership uses the existing source authorities; unavailable plus zero is not presented as a complete quiet state."
"LP24449-ledger-01390","PROVIDER_HEALTH_FALSE","nueces-tx","4857056","FIXED","Current accepted membership uses the existing source authorities; unavailable plus zero is not presented as a complete quiet state."
"LP24449-ledger-01391","PROVIDER_HEALTH_FALSE","bee-tx","4857116","FIXED","Current accepted membership uses the existing source authorities; unavailable plus zero is not presented as a complete quiet state."
"LP24449-ledger-01392","PROVIDER_HEALTH_FALSE","lamar-tx","4857128","FIXED","Current accepted membership uses the existing source authorities; unavailable plus zero is not presented as a complete quiet state."
"LP24449-ledger-01393","PROVIDER_HEALTH_FALSE","travis-tx","4857176","FIXED","Current accepted membership uses the existing source authorities; unavailable plus zero is not presented as a complete quiet state."
"LP24449-ledger-01394","PROVIDER_HEALTH_FALSE","williamson-tx","4857176","FIXED","Current accepted membership uses the existing source authorities; unavailable plus zero is not presented as a complete quiet state."
"LP24449-ledger-01395","PROVIDER_HEALTH_FALSE","hidalgo-tx","4857200","FIXED","Current accepted membership uses the existing source authorities; unavailable plus zero is not presented as a complete quiet state."
"LP24449-ledger-01396","PROVIDER_HEALTH_FALSE","cooke-tx","4857476","FIXED","Current accepted membership uses the existing source authorities; unavailable plus zero is not presented as a complete quiet state."
"LP24449-ledger-01397","PROVIDER_HEALTH_FALSE","denton-tx","4857476","FIXED","Current accepted membership uses the existing source authorities; unavailable plus zero is not presented as a complete quiet state."
"LP24449-ledger-01398","PROVIDER_HEALTH_FALSE","grayson-tx","4857476","FIXED","Current accepted membership uses the existing source authorities; unavailable plus zero is not presented as a complete quiet state."
"LP24449-ledger-01399","PROVIDER_HEALTH_FALSE","grimes-tx","4857494","FIXED","Current accepted membership uses the existing source authorities; unavailable plus zero is not presented as a complete quiet state."
"LP24449-ledger-01400","PROVIDER_HEALTH_FALSE","orange-tx","4857524","FIXED","Current accepted membership uses the existing source authorities; unavailable plus zero is not presented as a complete quiet state."
"LP24449-ledger-01401","PROVIDER_HEALTH_FALSE","marion-tx","4857566","FIXED","Current accepted membership uses the existing source authorities; unavailable plus zero is not presented as a complete quiet state."
"LP24449-ledger-01402","PROVIDER_HEALTH_FALSE","waller-tx","4857615","FIXED","Current accepted membership uses the existing source authorities; unavailable plus zero is not presented as a complete quiet state."
"LP24449-ledger-01403","PROVIDER_HEALTH_FALSE","sabine-tx","4857644","FIXED","Current accepted membership uses the existing source authorities; unavailable plus zero is not presented as a complete quiet state."
"LP24449-ledger-01404","PROVIDER_HEALTH_FALSE","hardin-tx","4857752","FIXED","Current accepted membership uses the existing source authorities; unavailable plus zero is not presented as a complete quiet state."
"LP24449-ledger-01405","PROVIDER_HEALTH_FALSE","harris-tx","4857800","FIXED","Current accepted membership uses the existing source authorities; unavailable plus zero is not presented as a complete quiet state."
"LP24449-ledger-01406","PROVIDER_HEALTH_FALSE","camp-tx","4857908","FIXED","Current accepted membership uses the existing source authorities; unavailable plus zero is not presented as a complete quiet state."
"LP24449-ledger-01407","PROVIDER_HEALTH_FALSE","victoria-tx","4857932","FIXED","Current accepted membership uses the existing source authorities; unavailable plus zero is not presented as a complete quiet state."
"LP24449-ledger-01408","PROVIDER_HEALTH_FALSE","yoakum-tx","4857968","FIXED","Current accepted membership uses the existing source authorities; unavailable plus zero is not presented as a complete quiet state."
"LP24449-ledger-01409","PROVIDER_HEALTH_FALSE","hale-tx","4857980","FIXED","Current accepted membership uses the existing source authorities; unavailable plus zero is not presented as a complete quiet state."
"LP24449-ledger-01410","PROVIDER_HEALTH_FALSE","collin-tx","4858016","FIXED","Current accepted membership uses the existing source authorities; unavailable plus zero is not presented as a complete quiet state."
"LP24449-ledger-01411","PROVIDER_HEALTH_FALSE","denton-tx","4858016","FIXED","Current accepted membership uses the existing source authorities; unavailable plus zero is not presented as a complete quiet state."
"LP24449-ledger-01412","PROVIDER_HEALTH_FALSE","grimes-tx","4858040","FIXED","Current accepted membership uses the existing source authorities; unavailable plus zero is not presented as a complete quiet state."
"LP24449-ledger-01413","PROVIDER_HEALTH_FALSE","fort-bend-tx","4858088","FIXED","Current accepted membership uses the existing source authorities; unavailable plus zero is not presented as a complete quiet state."
"LP24449-ledger-01414","PROVIDER_HEALTH_FALSE","polk-tx","4858232","FIXED","Current accepted membership uses the existing source authorities; unavailable plus zero is not presented as a complete quiet state."
"LP24449-ledger-01415","PROVIDER_HEALTH_FALSE","atascosa-tx","4858280","FIXED","Current accepted membership uses the existing source authorities; unavailable plus zero is not presented as a complete quiet state."
"LP24449-ledger-01416","PROVIDER_HEALTH_FALSE","wichita-tx","4858400","FIXED","Current accepted membership uses the existing source authorities; unavailable plus zero is not presented as a complete quiet state."
"LP24449-ledger-01417","PROVIDER_HEALTH_FALSE","fayette-tx","4858436","FIXED","Current accepted membership uses the existing source authorities; unavailable plus zero is not presented as a complete quiet state."
"LP24449-ledger-01418","PROVIDER_HEALTH_FALSE","liberty-tx","4858448","FIXED","Current accepted membership uses the existing source authorities; unavailable plus zero is not presented as a complete quiet state."
"LP24449-ledger-01419","PROVIDER_HEALTH_FALSE","hunt-tx","4858502","FIXED","Current accepted membership uses the existing source authorities; unavailable plus zero is not presented as a complete quiet state."
"LP24449-ledger-01420","PROVIDER_HEALTH_FALSE","kaufman-tx","4858502","FIXED","Current accepted membership uses the existing source authorities; unavailable plus zero is not presented as a complete quiet state."
"LP24449-ledger-01421","PROVIDER_HEALTH_FALSE","rains-tx","4858532","FIXED","Current accepted membership uses the existing source authorities; unavailable plus zero is not presented as a complete quiet state."
"LP24449-ledger-01422","PROVIDER_HEALTH_FALSE","san-jacinto-tx","4858556","FIXED","Current accepted membership uses the existing source authorities; unavailable plus zero is not presented as a complete quiet state."
"LP24449-ledger-01423","PROVIDER_HEALTH_FALSE","calhoun-tx","4858568","FIXED","Current accepted membership uses the existing source authorities; unavailable plus zero is not presented as a complete quiet state."
"LP24449-ledger-01424","PROVIDER_HEALTH_FALSE","travis-tx","4858586","FIXED","Current accepted membership uses the existing source authorities; unavailable plus zero is not presented as a complete quiet state."
"LP24449-ledger-01425","PROVIDER_HEALTH_FALSE","denton-tx","4858664","FIXED","Current accepted membership uses the existing source authorities; unavailable plus zero is not presented as a complete quiet state."
"LP24449-ledger-01427","PROVIDER_HEALTH_FALSE","nueces-tx","4858808","FIXED","Current accepted membership uses the existing source authorities; unavailable plus zero is not presented as a complete quiet state."
"LP24449-ledger-01428","PROVIDER_HEALTH_FALSE","jefferson-tx","4858820","FIXED","Current accepted membership uses the existing source authorities; unavailable plus zero is not presented as a complete quiet state."
"LP24449-ledger-01429","PROVIDER_HEALTH_FALSE","orange-tx","4858820","FIXED","Current accepted membership uses the existing source authorities; unavailable plus zero is not presented as a complete quiet state."
"LP24449-ledger-01430","PROVIDER_HEALTH_FALSE","montgomery-tx","4858850","FIXED","Current accepted membership uses the existing source authorities; unavailable plus zero is not presented as a complete quiet state."
"LP24449-ledger-01431","PROVIDER_HEALTH_FALSE","cameron-tx","4858892","FIXED","Current accepted membership uses the existing source authorities; unavailable plus zero is not presented as a complete quiet state."
"LP24449-ledger-01433","PROVIDER_HEALTH_FALSE","nueces-tx","4858904","FIXED","Current accepted membership uses the existing source authorities; unavailable plus zero is not presented as a complete quiet state."
"LP24449-ledger-01434","PROVIDER_HEALTH_FALSE","san-patricio-tx","4858904","FIXED","Current accepted membership uses the existing source authorities; unavailable plus zero is not presented as a complete quiet state."
"LP24449-ledger-01435","PROVIDER_HEALTH_FALSE","calhoun-tx","4858916","FIXED","Current accepted membership uses the existing source authorities; unavailable plus zero is not presented as a complete quiet state."
"LP24449-ledger-01436","PROVIDER_HEALTH_FALSE","willacy-tx","4858928","FIXED","Current accepted membership uses the existing source authorities; unavailable plus zero is not presented as a complete quiet state."
"LP24449-ledger-01437","PROVIDER_HEALTH_FALSE","jefferson-tx","4858940","FIXED","Current accepted membership uses the existing source authorities; unavailable plus zero is not presented as a complete quiet state."
"LP24449-ledger-01438","PROVIDER_HEALTH_FALSE","calhoun-tx","4858952","FIXED","Current accepted membership uses the existing source authorities; unavailable plus zero is not presented as a complete quiet state."
"LP24449-ledger-01439","PROVIDER_HEALTH_FALSE","garza-tx","4859012","FIXED","Current accepted membership uses the existing source authorities; unavailable plus zero is not presented as a complete quiet state."
"LP24449-ledger-01440","PROVIDER_HEALTH_FALSE","kaufman-tx","4859065","FIXED","Current accepted membership uses the existing source authorities; unavailable plus zero is not presented as a complete quiet state."
"LP24449-ledger-01441","PROVIDER_HEALTH_FALSE","atascosa-tx","4859084","FIXED","Current accepted membership uses the existing source authorities; unavailable plus zero is not presented as a complete quiet state."
"LP24449-ledger-01442","PROVIDER_HEALTH_FALSE","wilson-tx","4859096","FIXED","Current accepted membership uses the existing source authorities; unavailable plus zero is not presented as a complete quiet state."
"LP24449-ledger-01443","PROVIDER_HEALTH_FALSE","taylor-tx","4859108","FIXED","Current accepted membership uses the existing source authorities; unavailable plus zero is not presented as a complete quiet state."
"LP24449-ledger-01444","PROVIDER_HEALTH_FALSE","grayson-tx","4859132","FIXED","Current accepted membership uses the existing source authorities; unavailable plus zero is not presented as a complete quiet state."
"LP24449-ledger-01445","PROVIDER_HEALTH_FALSE","lamar-tx","4859156","FIXED","Current accepted membership uses the existing source authorities; unavailable plus zero is not presented as a complete quiet state."
"LP24449-ledger-01446","PROVIDER_HEALTH_FALSE","navarro-tx","4859168","FIXED","Current accepted membership uses the existing source authorities; unavailable plus zero is not presented as a complete quiet state."
"LP24449-ledger-01447","PROVIDER_HEALTH_FALSE","henderson-tx","4859192","FIXED","Current accepted membership uses the existing source authorities; unavailable plus zero is not presented as a complete quiet state."
"LP24449-ledger-01448","PROVIDER_HEALTH_FALSE","el-paso-tx","4859210","FIXED","Current accepted membership uses the existing source authorities; unavailable plus zero is not presented as a complete quiet state."
"LP24449-ledger-01449","PROVIDER_HEALTH_FALSE","milam-tx","4859216","FIXED","Current accepted membership uses the existing source authorities; unavailable plus zero is not presented as a complete quiet state."
"LP24449-ledger-01450","PROVIDER_HEALTH_FALSE","waller-tx","4859336","FIXED","Current accepted membership uses the existing source authorities; unavailable plus zero is not presented as a complete quiet state."
"LP24449-ledger-01451","PROVIDER_HEALTH_FALSE","jim-wells-tx","4859384","FIXED","Current accepted membership uses the existing source authorities; unavailable plus zero is not presented as a complete quiet state."
"LP24449-ledger-01452","PROVIDER_HEALTH_FALSE","presidio-tx","4859396","FIXED","Current accepted membership uses the existing source authorities; unavailable plus zero is not presented as a complete quiet state."
"LP24449-ledger-01453","PROVIDER_HEALTH_FALSE","grayson-tx","4859420","FIXED","Current accepted membership uses the existing source authorities; unavailable plus zero is not presented as a complete quiet state."
"LP24449-ledger-01454","PROVIDER_HEALTH_FALSE","mills-tx","4859528","FIXED","Current accepted membership uses the existing source authorities; unavailable plus zero is not presented as a complete quiet state."
"LP24449-ledger-01455","PROVIDER_HEALTH_FALSE","cameron-tx","4859540","FIXED","Current accepted membership uses the existing source authorities; unavailable plus zero is not presented as a complete quiet state."
"LP24449-ledger-01456","PROVIDER_HEALTH_FALSE","collin-tx","4859576","FIXED","Current accepted membership uses the existing source authorities; unavailable plus zero is not presented as a complete quiet state."
"LP24449-ledger-01457","PROVIDER_HEALTH_FALSE","comanche-tx","4859612","FIXED","Current accepted membership uses the existing source authorities; unavailable plus zero is not presented as a complete quiet state."
"LP24449-ledger-01458","PROVIDER_HEALTH_FALSE","hidalgo-tx","4859636","FIXED","Current accepted membership uses the existing source authorities; unavailable plus zero is not presented as a complete quiet state."
"LP24449-ledger-01459","PROVIDER_HEALTH_FALSE","hidalgo-tx","4859642","FIXED","Current accepted membership uses the existing source authorities; unavailable plus zero is not presented as a complete quiet state."
"LP24449-ledger-01460","PROVIDER_HEALTH_FALSE","collin-tx","4859696","FIXED","Current accepted membership uses the existing source authorities; unavailable plus zero is not presented as a complete quiet state."
"LP24449-ledger-01461","PROVIDER_HEALTH_FALSE","denton-tx","4859696","FIXED","Current accepted membership uses the existing source authorities; unavailable plus zero is not presented as a complete quiet state."
"LP24449-ledger-01462","PROVIDER_HEALTH_FALSE","denton-tx","4859748","FIXED","Current accepted membership uses the existing source authorities; unavailable plus zero is not presented as a complete quiet state."
"LP24449-ledger-01463","PROVIDER_HEALTH_FALSE","webb-tx","4859794","FIXED","Current accepted membership uses the existing source authorities; unavailable plus zero is not presented as a complete quiet state."
"LP24449-ledger-01464","PROVIDER_HEALTH_FALSE","webb-tx","4859798","FIXED","Current accepted membership uses the existing source authorities; unavailable plus zero is not presented as a complete quiet state."
"LP24449-ledger-01465","PROVIDER_HEALTH_FALSE","callahan-tx","4859984","FIXED","Current accepted membership uses the existing source authorities; unavailable plus zero is not presented as a complete quiet state."
"LP24449-ledger-01466","PROVIDER_HEALTH_FALSE","ward-tx","4859996","FIXED","Current accepted membership uses the existing source authorities; unavailable plus zero is not presented as a complete quiet state."
"LP24449-ledger-01467","PROVIDER_HEALTH_FALSE","collingsworth-tx","4860020","FIXED","Current accepted membership uses the existing source authorities; unavailable plus zero is not presented as a complete quiet state."
"LP24449-ledger-01468","PROVIDER_HEALTH_FALSE","victoria-tx","4860026","FIXED","Current accepted membership uses the existing source authorities; unavailable plus zero is not presented as a complete quiet state."
"LP24449-ledger-01469","PROVIDER_HEALTH_FALSE","hardeman-tx","4860044","FIXED","Current accepted membership uses the existing source authorities; unavailable plus zero is not presented as a complete quiet state."
"LP24449-ledger-01470","PROVIDER_HEALTH_FALSE","cass-tx","4860080","FIXED","Current accepted membership uses the existing source authorities; unavailable plus zero is not presented as a complete quiet state."
"LP24449-ledger-01471","PROVIDER_HEALTH_FALSE","maverick-tx","4860092","FIXED","Current accepted membership uses the existing source authorities; unavailable plus zero is not presented as a complete quiet state."
"LP24449-ledger-01472","PROVIDER_HEALTH_FALSE","starr-tx","4860098","FIXED","Current accepted membership uses the existing source authorities; unavailable plus zero is not presented as a complete quiet state."
"LP24449-ledger-01473","PROVIDER_HEALTH_FALSE","hunt-tx","4860140","FIXED","Current accepted membership uses the existing source authorities; unavailable plus zero is not presented as a complete quiet state."
"LP24449-ledger-01474","PROVIDER_HEALTH_FALSE","brazoria-tx","4860164","FIXED","Current accepted membership uses the existing source authorities; unavailable plus zero is not presented as a complete quiet state."
"LP24449-ledger-01475","PROVIDER_HEALTH_FALSE","briscoe-tx","4860176","FIXED","Current accepted membership uses the existing source authorities; unavailable plus zero is not presented as a complete quiet state."
"LP24449-ledger-01476","PROVIDER_HEALTH_FALSE","wood-tx","4860188","FIXED","Current accepted membership uses the existing source authorities; unavailable plus zero is not presented as a complete quiet state."
"LP24449-ledger-01477","PROVIDER_HEALTH_FALSE","maverick-tx","4860278","FIXED","Current accepted membership uses the existing source authorities; unavailable plus zero is not presented as a complete quiet state."
"LP24449-ledger-01478","PROVIDER_HEALTH_FALSE","starr-tx","4860290","FIXED","Current accepted membership uses the existing source authorities; unavailable plus zero is not presented as a complete quiet state."
"LP24449-ledger-01479","PROVIDER_HEALTH_FALSE","crosby-tx","4860356","FIXED","Current accepted membership uses the existing source authorities; unavailable plus zero is not presented as a complete quiet state."
"LP24449-ledger-01480","PROVIDER_HEALTH_FALSE","zapata-tx","4860380","FIXED","Current accepted membership uses the existing source authorities; unavailable plus zero is not presented as a complete quiet state."
"LP24449-ledger-01481","PROVIDER_HEALTH_FALSE","starr-tx","4860408","FIXED","Current accepted membership uses the existing source authorities; unavailable plus zero is not presented as a complete quiet state."
"LP24449-ledger-01482","PROVIDER_HEALTH_FALSE","starr-tx","4860422","FIXED","Current accepted membership uses the existing source authorities; unavailable plus zero is not presented as a complete quiet state."
"LP24449-ledger-01483","PROVIDER_HEALTH_FALSE","willacy-tx","4860458","FIXED","Current accepted membership uses the existing source authorities; unavailable plus zero is not presented as a complete quiet state."
"LP24449-ledger-01484","PROVIDER_HEALTH_FALSE","starr-tx","4860478","FIXED","Current accepted membership uses the existing source authorities; unavailable plus zero is not presented as a complete quiet state."
"LP24449-ledger-01485","PROVIDER_HEALTH_FALSE","webb-tx","4860480","FIXED","Current accepted membership uses the existing source authorities; unavailable plus zero is not presented as a complete quiet state."
"LP24449-ledger-01486","PROVIDER_HEALTH_FALSE","webb-tx","4860482","FIXED","Current accepted membership uses the existing source authorities; unavailable plus zero is not presented as a complete quiet state."
"LP24449-ledger-01487","PROVIDER_HEALTH_FALSE","jim-wells-tx","4860518","FIXED","Current accepted membership uses the existing source authorities; unavailable plus zero is not presented as a complete quiet state."
"LP24449-ledger-01489","PROVIDER_HEALTH_FALSE","nueces-tx","4860529","FIXED","Current accepted membership uses the existing source authorities; unavailable plus zero is not presented as a complete quiet state."
"LP24449-ledger-01490","PROVIDER_HEALTH_FALSE","san-patricio-tx","4860534","FIXED","Current accepted membership uses the existing source authorities; unavailable plus zero is not presented as a complete quiet state."
"LP24449-ledger-01491","PROVIDER_HEALTH_FALSE","webb-tx","4860539","FIXED","Current accepted membership uses the existing source authorities; unavailable plus zero is not presented as a complete quiet state."
"LP24449-ledger-01492","PROVIDER_HEALTH_FALSE","bexar-tx","4860608","FIXED","Current accepted membership uses the existing source authorities; unavailable plus zero is not presented as a complete quiet state."
"LP24449-ledger-01493","PROVIDER_HEALTH_FALSE","eastland-tx","4860632","FIXED","Current accepted membership uses the existing source authorities; unavailable plus zero is not presented as a complete quiet state."
"LP24449-ledger-01494","PROVIDER_HEALTH_FALSE","upton-tx","4860668","FIXED","Current accepted membership uses the existing source authorities; unavailable plus zero is not presented as a complete quiet state."
"LP24449-ledger-01495","PROVIDER_HEALTH_FALSE","lubbock-tx","4860672","FIXED","Current accepted membership uses the existing source authorities; unavailable plus zero is not presented as a complete quiet state."
"LP24449-ledger-01496","PROVIDER_HEALTH_FALSE","cameron-tx","4860686","FIXED","Current accepted membership uses the existing source authorities; unavailable plus zero is not presented as a complete quiet state."
"LP24449-ledger-01497","PROVIDER_HEALTH_FALSE","fannin-tx","4860752","FIXED","Current accepted membership uses the existing source authorities; unavailable plus zero is not presented as a complete quiet state."
"LP24449-ledger-01498","PROVIDER_HEALTH_FALSE","willacy-tx","4860836","FIXED","Current accepted membership uses the existing source authorities; unavailable plus zero is not presented as a complete quiet state."
"LP24449-ledger-01499","PROVIDER_HEALTH_FALSE","duval-tx","4860932","FIXED","Current accepted membership uses the existing source authorities; unavailable plus zero is not presented as a complete quiet state."
"LP24449-ledger-01500","PROVIDER_HEALTH_FALSE","nacogdoches-tx","4861040","FIXED","Current accepted membership uses the existing source authorities; unavailable plus zero is not presented as a complete quiet state."
"LP24449-ledger-01501","PROVIDER_HEALTH_FALSE","presidio-tx","4861076","FIXED","Current accepted membership uses the existing source authorities; unavailable plus zero is not presented as a complete quiet state."
"LP24449-ledger-01502","PROVIDER_HEALTH_FALSE","angelina-tx","4861124","FIXED","Current accepted membership uses the existing source authorities; unavailable plus zero is not presented as a complete quiet state."
"LP24449-ledger-01503","PROVIDER_HEALTH_FALSE","bowie-tx","4861172","FIXED","Current accepted membership uses the existing source authorities; unavailable plus zero is not presented as a complete quiet state."
"LP24449-ledger-01504","PROVIDER_HEALTH_FALSE","ellis-tx","4861196","FIXED","Current accepted membership uses the existing source authorities; unavailable plus zero is not presented as a complete quiet state."
"LP24449-ledger-01505","PROVIDER_HEALTH_FALSE","bastrop-tx","4861280","FIXED","Current accepted membership uses the existing source authorities; unavailable plus zero is not presented as a complete quiet state."
"LP24449-ledger-01506","PROVIDER_HEALTH_FALSE","bowie-tx","4861340","FIXED","Current accepted membership uses the existing source authorities; unavailable plus zero is not presented as a complete quiet state."
"LP24449-ledger-01507","PROVIDER_HEALTH_FALSE","guadalupe-tx","4861352","FIXED","Current accepted membership uses the existing source authorities; unavailable plus zero is not presented as a complete quiet state."
"LP24449-ledger-01508","PROVIDER_HEALTH_FALSE","refugio-tx","4861436","FIXED","Current accepted membership uses the existing source authorities; unavailable plus zero is not presented as a complete quiet state."
"LP24449-ledger-01509","PROVIDER_HEALTH_FALSE","starr-tx","4861454","FIXED","Current accepted membership uses the existing source authorities; unavailable plus zero is not presented as a complete quiet state."
"LP24449-ledger-01510","PROVIDER_HEALTH_FALSE","cameron-tx","4861466","FIXED","Current accepted membership uses the existing source authorities; unavailable plus zero is not presented as a complete quiet state."
"LP24449-ledger-01511","PROVIDER_HEALTH_FALSE","cherokee-tx","4861508","FIXED","Current accepted membership uses the existing source authorities; unavailable plus zero is not presented as a complete quiet state."
"LP24449-ledger-01512","PROVIDER_HEALTH_FALSE","rusk-tx","4861508","FIXED","Current accepted membership uses the existing source authorities; unavailable plus zero is not presented as a complete quiet state."
"LP24449-ledger-01513","PROVIDER_HEALTH_FALSE","hidalgo-tx","4861532","FIXED","Current accepted membership uses the existing source authorities; unavailable plus zero is not presented as a complete quiet state."
"LP24449-ledger-01514","PROVIDER_HEALTH_FALSE","tarrant-tx","4861568","FIXED","Current accepted membership uses the existing source authorities; unavailable plus zero is not presented as a complete quiet state."
"LP24449-ledger-01515","PROVIDER_HEALTH_FALSE","navarro-tx","4861616","FIXED","Current accepted membership uses the existing source authorities; unavailable plus zero is not presented as a complete quiet state."
"LP24449-ledger-01516","PROVIDER_HEALTH_FALSE","wise-tx","4861700","FIXED","Current accepted membership uses the existing source authorities; unavailable plus zero is not presented as a complete quiet state."
"LP24449-ledger-01517","PROVIDER_HEALTH_FALSE","kleberg-tx","4861724","FIXED","Current accepted membership uses the existing source authorities; unavailable plus zero is not presented as a complete quiet state."
"LP24449-ledger-01518","PROVIDER_HEALTH_FALSE","navarro-tx","4861736","FIXED","Current accepted membership uses the existing source authorities; unavailable plus zero is not presented as a complete quiet state."
"LP24449-ledger-01519","PROVIDER_HEALTH_FALSE","cameron-tx","4861766","FIXED","Current accepted membership uses the existing source authorities; unavailable plus zero is not presented as a complete quiet state."
"LP24449-ledger-01520","PROVIDER_HEALTH_FALSE","grimes-tx","4861784","FIXED","Current accepted membership uses the existing source authorities; unavailable plus zero is not presented as a complete quiet state."
"LP24449-ledger-01521","PROVIDER_HEALTH_FALSE","collin-tx","4861796","FIXED","Current accepted membership uses the existing source authorities; unavailable plus zero is not presented as a complete quiet state."
"LP24449-ledger-01522","PROVIDER_HEALTH_FALSE","dallas-tx","4861796","FIXED","Current accepted membership uses the existing source authorities; unavailable plus zero is not presented as a complete quiet state."
"LP24449-ledger-01523","PROVIDER_HEALTH_FALSE","navarro-tx","4861820","FIXED","Current accepted membership uses the existing source authorities; unavailable plus zero is not presented as a complete quiet state."
"LP24449-ledger-01524","PROVIDER_HEALTH_FALSE","tarrant-tx","4861844","FIXED","Current accepted membership uses the existing source authorities; unavailable plus zero is not presented as a complete quiet state."
"LP24449-ledger-01525","PROVIDER_HEALTH_FALSE","san-saba-tx","4861880","FIXED","Current accepted membership uses the existing source authorities; unavailable plus zero is not presented as a complete quiet state."
"LP24449-ledger-01526","PROVIDER_HEALTH_FALSE","fort-bend-tx","4861892","FIXED","Current accepted membership uses the existing source authorities; unavailable plus zero is not presented as a complete quiet state."
"LP24449-ledger-01527","PROVIDER_HEALTH_FALSE","brazoria-tx","4861904","FIXED","Current accepted membership uses the existing source authorities; unavailable plus zero is not presented as a complete quiet state."
"LP24449-ledger-01528","PROVIDER_HEALTH_FALSE","mclennan-tx","4862108","FIXED","Current accepted membership uses the existing source authorities; unavailable plus zero is not presented as a complete quiet state."
"LP24449-ledger-01529","PROVIDER_HEALTH_FALSE","montague-tx","4862132","FIXED","Current accepted membership uses the existing source authorities; unavailable plus zero is not presented as a complete quiet state."
"LP24449-ledger-01530","PROVIDER_HEALTH_FALSE","webb-tx","4862138","FIXED","Current accepted membership uses the existing source authorities; unavailable plus zero is not presented as a complete quiet state."
"LP24449-ledger-01531","PROVIDER_HEALTH_FALSE","starr-tx","4862168","FIXED","Current accepted membership uses the existing source authorities; unavailable plus zero is not presented as a complete quiet state."
"LP24449-ledger-01532","PROVIDER_HEALTH_FALSE","cameron-tx","4862180","FIXED","Current accepted membership uses the existing source authorities; unavailable plus zero is not presented as a complete quiet state."
"LP24449-ledger-01533","PROVIDER_HEALTH_FALSE","johnson-tx","4862240","FIXED","Current accepted membership uses the existing source authorities; unavailable plus zero is not presented as a complete quiet state."
"LP24449-ledger-01534","PROVIDER_HEALTH_FALSE","eastland-tx","4862252","FIXED","Current accepted membership uses the existing source authorities; unavailable plus zero is not presented as a complete quiet state."
"LP24449-ledger-01535","PROVIDER_HEALTH_FALSE","starr-tx","4862318","FIXED","Current accepted membership uses the existing source authorities; unavailable plus zero is not presented as a complete quiet state."
"LP24449-ledger-01536","PROVIDER_HEALTH_FALSE","tarrant-tx","4862384","FIXED","Current accepted membership uses the existing source authorities; unavailable plus zero is not presented as a complete quiet state."
"LP24449-ledger-01537","PROVIDER_HEALTH_FALSE","walker-tx","4862408","FIXED","Current accepted membership uses the existing source authorities; unavailable plus zero is not presented as a complete quiet state."
"LP24449-ledger-01538","PROVIDER_HEALTH_FALSE","kleberg-tx","4862468","FIXED","Current accepted membership uses the existing source authorities; unavailable plus zero is not presented as a complete quiet state."
"LP24449-ledger-01540","PROVIDER_HEALTH_FALSE","denton-tx","4862504","FIXED","Current accepted membership uses the existing source authorities; unavailable plus zero is not presented as a complete quiet state."
"LP24449-ledger-01541","PROVIDER_HEALTH_FALSE","tarrant-tx","4862504","FIXED","Current accepted membership uses the existing source authorities; unavailable plus zero is not presented as a complete quiet state."
"LP24449-ledger-01542","PROVIDER_HEALTH_FALSE","motley-tx","4862528","FIXED","Current accepted membership uses the existing source authorities; unavailable plus zero is not presented as a complete quiet state."
"LP24449-ledger-01543","PROVIDER_HEALTH_FALSE","coke-tx","4862564","FIXED","Current accepted membership uses the existing source authorities; unavailable plus zero is not presented as a complete quiet state."
"LP24449-ledger-01544","PROVIDER_HEALTH_FALSE","mclennan-tx","4862588","FIXED","Current accepted membership uses the existing source authorities; unavailable plus zero is not presented as a complete quiet state."
"LP24449-ledger-01546","PROVIDER_HEALTH_FALSE","nueces-tx","4862600","FIXED","Current accepted membership uses the existing source authorities; unavailable plus zero is not presented as a complete quiet state."
"LP24449-ledger-01547","PROVIDER_HEALTH_FALSE","fisher-tx","4862612","FIXED","Current accepted membership uses the existing source authorities; unavailable plus zero is not presented as a complete quiet state."
"LP24449-ledger-01548","PROVIDER_HEALTH_FALSE","mcculloch-tx","4862624","FIXED","Current accepted membership uses the existing source authorities; unavailable plus zero is not presented as a complete quiet state."
"LP24449-ledger-01549","PROVIDER_HEALTH_FALSE","haskell-tx","4862636","FIXED","Current accepted membership uses the existing source authorities; unavailable plus zero is not presented as a complete quiet state."
"LP24449-ledger-01550","PROVIDER_HEALTH_FALSE","milam-tx","4862672","FIXED","Current accepted membership uses the existing source authorities; unavailable plus zero is not presented as a complete quiet state."
"LP24449-ledger-01551","PROVIDER_HEALTH_FALSE","colorado-tx","4862732","FIXED","Current accepted membership uses the existing source authorities; unavailable plus zero is not presented as a complete quiet state."
"LP24449-ledger-01552","PROVIDER_HEALTH_FALSE","aransas-tx","4862804","FIXED","Current accepted membership uses the existing source authorities; unavailable plus zero is not presented as a complete quiet state."
"LP24449-ledger-01553","PROVIDER_HEALTH_FALSE","edwards-tx","4862816","FIXED","Current accepted membership uses the existing source authorities; unavailable plus zero is not presented as a complete quiet state."
"LP24449-ledger-01554","PROVIDER_HEALTH_FALSE","rockwall-tx","4862828","FIXED","Current accepted membership uses the existing source authorities; unavailable plus zero is not presented as a complete quiet state."
"LP24449-ledger-01556","PROVIDER_HEALTH_FALSE","camp-tx","4862870","FIXED","Current accepted membership uses the existing source authorities; unavailable plus zero is not presented as a complete quiet state."
"LP24449-ledger-01557","PROVIDER_HEALTH_FALSE","bell-tx","4862924","FIXED","Current accepted membership uses the existing source authorities; unavailable plus zero is not presented as a complete quiet state."
"LP24449-ledger-01558","PROVIDER_HEALTH_FALSE","travis-tx","4863008","FIXED","Current accepted membership uses the existing source authorities; unavailable plus zero is not presented as a complete quiet state."
"LP24449-ledger-01559","PROVIDER_HEALTH_FALSE","starr-tx","4863020","FIXED","Current accepted membership uses the existing source authorities; unavailable plus zero is not presented as a complete quiet state."
"LP24449-ledger-01560","PROVIDER_HEALTH_FALSE","montgomery-tx","4863044","FIXED","Current accepted membership uses the existing source authorities; unavailable plus zero is not presented as a complete quiet state."
"LP24449-ledger-01561","PROVIDER_HEALTH_FALSE","hockley-tx","4863140","FIXED","Current accepted membership uses the existing source authorities; unavailable plus zero is not presented as a complete quiet state."
"LP24449-ledger-01562","PROVIDER_HEALTH_FALSE","bastrop-tx","4863164","FIXED","Current accepted membership uses the existing source authorities; unavailable plus zero is not presented as a complete quiet state."
"LP24449-ledger-01563","PROVIDER_HEALTH_FALSE","nolan-tx","4863176","FIXED","Current accepted membership uses the existing source authorities; unavailable plus zero is not presented as a complete quiet state."
"LP24449-ledger-01564","PROVIDER_HEALTH_FALSE","falls-tx","4863188","FIXED","Current accepted membership uses the existing source authorities; unavailable plus zero is not presented as a complete quiet state."
"LP24449-ledger-01565","PROVIDER_HEALTH_FALSE","orange-tx","4863200","FIXED","Current accepted membership uses the existing source authorities; unavailable plus zero is not presented as a complete quiet state."
"LP24449-ledger-01566","PROVIDER_HEALTH_FALSE","hardin-tx","4863272","FIXED","Current accepted membership uses the existing source authorities; unavailable plus zero is not presented as a complete quiet state."
"LP24449-ledger-01567","PROVIDER_HEALTH_FALSE","fort-bend-tx","4863284","FIXED","Current accepted membership uses the existing source authorities; unavailable plus zero is not presented as a complete quiet state."
"LP24449-ledger-01568","PROVIDER_HEALTH_FALSE","brazoria-tx","4863332","FIXED","Current accepted membership uses the existing source authorities; unavailable plus zero is not presented as a complete quiet state."
"LP24449-ledger-01569","PROVIDER_HEALTH_FALSE","maverick-tx","4863350","FIXED","Current accepted membership uses the existing source authorities; unavailable plus zero is not presented as a complete quiet state."
"LP24449-ledger-01570","PROVIDER_HEALTH_FALSE","mclennan-tx","4863380","FIXED","Current accepted membership uses the existing source authorities; unavailable plus zero is not presented as a complete quiet state."
"LP24449-ledger-01571","PROVIDER_HEALTH_FALSE","kaufman-tx","4863404","FIXED","Current accepted membership uses the existing source authorities; unavailable plus zero is not presented as a complete quiet state."
"LP24449-ledger-01572","PROVIDER_HEALTH_FALSE","fisher-tx","4863464","FIXED","Current accepted membership uses the existing source authorities; unavailable plus zero is not presented as a complete quiet state."
"LP24449-ledger-01573","PROVIDER_HEALTH_FALSE","blanco-tx","4863476","FIXED","Current accepted membership uses the existing source authorities; unavailable plus zero is not presented as a complete quiet state."
"LP24449-ledger-01574","PROVIDER_HEALTH_FALSE","travis-tx","4863500","FIXED","Current accepted membership uses the existing source authorities; unavailable plus zero is not presented as a complete quiet state."
"LP24449-ledger-01575","PROVIDER_HEALTH_FALSE","williamson-tx","4863500","FIXED","Current accepted membership uses the existing source authorities; unavailable plus zero is not presented as a complete quiet state."
"LP24449-ledger-01576","PROVIDER_HEALTH_FALSE","fayette-tx","4863524","FIXED","Current accepted membership uses the existing source authorities; unavailable plus zero is not presented as a complete quiet state."
"LP24449-ledger-01577","PROVIDER_HEALTH_FALSE","runnels-tx","4863560","FIXED","Current accepted membership uses the existing source authorities; unavailable plus zero is not presented as a complete quiet state."
"LP24449-ledger-01578","PROVIDER_HEALTH_FALSE","dallas-tx","4863572","FIXED","Current accepted membership uses the existing source authorities; unavailable plus zero is not presented as a complete quiet state."
"LP24449-ledger-01579","PROVIDER_HEALTH_FALSE","rockwall-tx","4863572","FIXED","Current accepted membership uses the existing source authorities; unavailable plus zero is not presented as a complete quiet state."
"LP24449-ledger-01580","PROVIDER_HEALTH_FALSE","lamar-tx","4863584","FIXED","Current accepted membership uses the existing source authorities; unavailable plus zero is not presented as a complete quiet state."
"LP24449-ledger-01581","PROVIDER_HEALTH_FALSE","collin-tx","4863668","FIXED","Current accepted membership uses the existing source authorities; unavailable plus zero is not presented as a complete quiet state."
"LP24449-ledger-01582","PROVIDER_HEALTH_FALSE","hunt-tx","4863668","FIXED","Current accepted membership uses the existing source authorities; unavailable plus zero is not presented as a complete quiet state."
"LP24449-ledger-01583","PROVIDER_HEALTH_FALSE","rockwall-tx","4863668","FIXED","Current accepted membership uses the existing source authorities; unavailable plus zero is not presented as a complete quiet state."
"LP24449-ledger-01584","PROVIDER_HEALTH_FALSE","haskell-tx","4863752","FIXED","Current accepted membership uses the existing source authorities; unavailable plus zero is not presented as a complete quiet state."
"LP24449-ledger-01585","PROVIDER_HEALTH_FALSE","wise-tx","4863782","FIXED","Current accepted membership uses the existing source authorities; unavailable plus zero is not presented as a complete quiet state."
"LP24449-ledger-01586","PROVIDER_HEALTH_FALSE","karnes-tx","4863788","FIXED","Current accepted membership uses the existing source authorities; unavailable plus zero is not presented as a complete quiet state."
"LP24449-ledger-01587","PROVIDER_HEALTH_FALSE","cherokee-tx","4863848","FIXED","Current accepted membership uses the existing source authorities; unavailable plus zero is not presented as a complete quiet state."
"LP24449-ledger-01588","PROVIDER_HEALTH_FALSE","uvalde-tx","4864004","FIXED","Current accepted membership uses the existing source authorities; unavailable plus zero is not presented as a complete quiet state."
"LP24449-ledger-01589","PROVIDER_HEALTH_FALSE","collin-tx","4864064","FIXED","Current accepted membership uses the existing source authorities; unavailable plus zero is not presented as a complete quiet state."
"LP24449-ledger-01590","PROVIDER_HEALTH_FALSE","dallas-tx","4864064","FIXED","Current accepted membership uses the existing source authorities; unavailable plus zero is not presented as a complete quiet state."
"LP24449-ledger-01591","PROVIDER_HEALTH_FALSE","grayson-tx","4864088","FIXED","Current accepted membership uses the existing source authorities; unavailable plus zero is not presented as a complete quiet state."
"LP24449-ledger-01592","PROVIDER_HEALTH_FALSE","tarrant-tx","4864112","FIXED","Current accepted membership uses the existing source authorities; unavailable plus zero is not presented as a complete quiet state."
"LP24449-ledger-01594","PROVIDER_HEALTH_FALSE","montague-tx","4864184","FIXED","Current accepted membership uses the existing source authorities; unavailable plus zero is not presented as a complete quiet state."
"LP24449-ledger-01595","PROVIDER_HEALTH_FALSE","bell-tx","4864268","FIXED","Current accepted membership uses the existing source authorities; unavailable plus zero is not presented as a complete quiet state."
"LP24449-ledger-01596","PROVIDER_HEALTH_FALSE","hidalgo-tx","4864307","FIXED","Current accepted membership uses the existing source authorities; unavailable plus zero is not presented as a complete quiet state."
"LP24449-ledger-01599","PROVIDER_HEALTH_FALSE","starr-tx","4864442","FIXED","Current accepted membership uses the existing source authorities; unavailable plus zero is not presented as a complete quiet state."
"LP24449-ledger-01600","PROVIDER_HEALTH_FALSE","collingsworth-tx","4864448","FIXED","Current accepted membership uses the existing source authorities; unavailable plus zero is not presented as a complete quiet state."
"LP24449-ledger-01601","PROVIDER_HEALTH_FALSE","jasper-tx","4864460","FIXED","Current accepted membership uses the existing source authorities; unavailable plus zero is not presented as a complete quiet state."
"LP24449-ledger-01602","PROVIDER_HEALTH_FALSE","tom-green-tx","4864472","FIXED","Current accepted membership uses the existing source authorities; unavailable plus zero is not presented as a complete quiet state."
"LP24449-ledger-01603","PROVIDER_HEALTH_FALSE","bexar-tx","4865000","FIXED","Current accepted membership uses the existing source authorities; unavailable plus zero is not presented as a complete quiet state."
"LP24449-ledger-01604","PROVIDER_HEALTH_FALSE","comal-tx","4865000","FIXED","Current accepted membership uses the existing source authorities; unavailable plus zero is not presented as a complete quiet state."
"LP24449-ledger-01605","PROVIDER_HEALTH_FALSE","medina-tx","4865000","FIXED","Current accepted membership uses the existing source authorities; unavailable plus zero is not presented as a complete quiet state."
"LP24449-ledger-01606","PROVIDER_HEALTH_FALSE","san-augustine-tx","4865024","FIXED","Current accepted membership uses the existing source authorities; unavailable plus zero is not presented as a complete quiet state."
"LP24449-ledger-01607","PROVIDER_HEALTH_FALSE","cameron-tx","4865036","FIXED","Current accepted membership uses the existing source authorities; unavailable plus zero is not presented as a complete quiet state."
"LP24449-ledger-01608","PROVIDER_HEALTH_FALSE","hidalgo-tx","4865048","FIXED","Current accepted membership uses the existing source authorities; unavailable plus zero is not presented as a complete quiet state."
"LP24449-ledger-01609","PROVIDER_HEALTH_FALSE","webb-tx","4865049","FIXED","Current accepted membership uses the existing source authorities; unavailable plus zero is not presented as a complete quiet state."
"LP24449-ledger-01610","PROVIDER_HEALTH_FALSE","webb-tx","4865050","FIXED","Current accepted membership uses the existing source authorities; unavailable plus zero is not presented as a complete quiet state."
"LP24449-ledger-01611","PROVIDER_HEALTH_FALSE","parker-tx","4865066","FIXED","Current accepted membership uses the existing source authorities; unavailable plus zero is not presented as a complete quiet state."
"LP24449-ledger-01612","PROVIDER_HEALTH_FALSE","terrell-tx","4865084","FIXED","Current accepted membership uses the existing source authorities; unavailable plus zero is not presented as a complete quiet state."
"LP24449-ledger-01613","PROVIDER_HEALTH_FALSE","jim-wells-tx","4865168","FIXED","Current accepted membership uses the existing source authorities; unavailable plus zero is not presented as a complete quiet state."
"LP24449-ledger-01614","PROVIDER_HEALTH_FALSE","duval-tx","4865180","FIXED","Current accepted membership uses the existing source authorities; unavailable plus zero is not presented as a complete quiet state."
"LP24449-ledger-01615","PROVIDER_HEALTH_FALSE","jim-wells-tx","4865180","FIXED","Current accepted membership uses the existing source authorities; unavailable plus zero is not presented as a complete quiet state."
"LP24449-ledger-01616","PROVIDER_HEALTH_FALSE","starr-tx","4865210","FIXED","Current accepted membership uses the existing source authorities; unavailable plus zero is not presented as a complete quiet state."
"LP24449-ledger-01617","PROVIDER_HEALTH_FALSE","howard-tx","4865240","FIXED","Current accepted membership uses the existing source authorities; unavailable plus zero is not presented as a complete quiet state."
"LP24449-ledger-01619","PROVIDER_HEALTH_FALSE","nueces-tx","4865342","FIXED","Current accepted membership uses the existing source authorities; unavailable plus zero is not presented as a complete quiet state."
"LP24449-ledger-01620","PROVIDER_HEALTH_FALSE","bexar-tx","4865344","FIXED","Current accepted membership uses the existing source authorities; unavailable plus zero is not presented as a complete quiet state."
"LP24449-ledger-01621","PROVIDER_HEALTH_FALSE","brazoria-tx","4865345","FIXED","Current accepted membership uses the existing source authorities; unavailable plus zero is not presented as a complete quiet state."
"LP24449-ledger-01622","PROVIDER_HEALTH_FALSE","el-paso-tx","4865360","FIXED","Current accepted membership uses the existing source authorities; unavailable plus zero is not presented as a complete quiet state."
"LP24449-ledger-01623","PROVIDER_HEALTH_FALSE","austin-tx","4865372","FIXED","Current accepted membership uses the existing source authorities; unavailable plus zero is not presented as a complete quiet state."
"LP24449-ledger-01624","PROVIDER_HEALTH_FALSE","starr-tx","4865378","FIXED","Current accepted membership uses the existing source authorities; unavailable plus zero is not presented as a complete quiet state."
"LP24449-ledger-01625","PROVIDER_HEALTH_FALSE","hutchinson-tx","4865384","FIXED","Current accepted membership uses the existing source authorities; unavailable plus zero is not presented as a complete quiet state."
"LP24449-ledger-01626","PROVIDER_HEALTH_FALSE","cooke-tx","4865408","FIXED","Current accepted membership uses the existing source authorities; unavailable plus zero is not presented as a complete quiet state."
"LP24449-ledger-01627","PROVIDER_HEALTH_FALSE","denton-tx","4865408","FIXED","Current accepted membership uses the existing source authorities; unavailable plus zero is not presented as a complete quiet state."
"LP24449-ledger-01628","PROVIDER_HEALTH_FALSE","starr-tx","4865432","FIXED","Current accepted membership uses the existing source authorities; unavailable plus zero is not presented as a complete quiet state."
"LP24449-ledger-01629","PROVIDER_HEALTH_FALSE","travis-tx","4865552","FIXED","Current accepted membership uses the existing source authorities; unavailable plus zero is not presented as a complete quiet state."
"LP24449-ledger-01630","PROVIDER_HEALTH_FALSE","galveston-tx","4865564","FIXED","Current accepted membership uses the existing source authorities; unavailable plus zero is not presented as a complete quiet state."
"LP24449-ledger-01631","PROVIDER_HEALTH_FALSE","caldwell-tx","4865600","FIXED","Current accepted membership uses the existing source authorities; unavailable plus zero is not presented as a complete quiet state."
"LP24449-ledger-01632","PROVIDER_HEALTH_FALSE","guadalupe-tx","4865600","FIXED","Current accepted membership uses the existing source authorities; unavailable plus zero is not presented as a complete quiet state."
"LP24449-ledger-01633","PROVIDER_HEALTH_FALSE","hays-tx","4865600","FIXED","Current accepted membership uses the existing source authorities; unavailable plus zero is not presented as a complete quiet state."
"LP24449-ledger-01634","PROVIDER_HEALTH_FALSE","san-patricio-tx","4865612","FIXED","Current accepted membership uses the existing source authorities; unavailable plus zero is not presented as a complete quiet state."
"LP24449-ledger-01635","PROVIDER_HEALTH_FALSE","cameron-tx","4865620","FIXED","Current accepted membership uses the existing source authorities; unavailable plus zero is not presented as a complete quiet state."
"LP24449-ledger-01636","PROVIDER_HEALTH_FALSE","willacy-tx","4865636","FIXED","Current accepted membership uses the existing source authorities; unavailable plus zero is not presented as a complete quiet state."
"LP24449-ledger-01637","PROVIDER_HEALTH_FALSE","san-saba-tx","4865648","FIXED","Current accepted membership uses the existing source authorities; unavailable plus zero is not presented as a complete quiet state."
"LP24449-ledger-01638","PROVIDER_HEALTH_FALSE","tarrant-tx","4865660","FIXED","Current accepted membership uses the existing source authorities; unavailable plus zero is not presented as a complete quiet state."
"LP24449-ledger-01639","PROVIDER_HEALTH_FALSE","guadalupe-tx","4865690","FIXED","Current accepted membership uses the existing source authorities; unavailable plus zero is not presented as a complete quiet state."
"LP24449-ledger-01640","PROVIDER_HEALTH_FALSE","starr-tx","4865708","FIXED","Current accepted membership uses the existing source authorities; unavailable plus zero is not presented as a complete quiet state."
"LP24449-ledger-01641","PROVIDER_HEALTH_FALSE","galveston-tx","4865726","FIXED","Current accepted membership uses the existing source authorities; unavailable plus zero is not presented as a complete quiet state."
"LP24449-ledger-01642","PROVIDER_HEALTH_FALSE","cameron-tx","4865744","FIXED","Current accepted membership uses the existing source authorities; unavailable plus zero is not presented as a complete quiet state."
"LP24449-ledger-01643","PROVIDER_HEALTH_FALSE","willacy-tx","4865756","FIXED","Current accepted membership uses the existing source authorities; unavailable plus zero is not presented as a complete quiet state."
"LP24449-ledger-01644","PROVIDER_HEALTH_FALSE","williamson-tx","4865762","FIXED","Current accepted membership uses the existing source authorities; unavailable plus zero is not presented as a complete quiet state."
"LP24449-ledger-01645","PROVIDER_HEALTH_FALSE","starr-tx","4865777","FIXED","Current accepted membership uses the existing source authorities; unavailable plus zero is not presented as a complete quiet state."
"LP24449-ledger-01646","PROVIDER_HEALTH_FALSE","palo-pinto-tx","4865780","FIXED","Current accepted membership uses the existing source authorities; unavailable plus zero is not presented as a complete quiet state."
"LP24449-ledger-01647","PROVIDER_HEALTH_FALSE","zapata-tx","4865792","FIXED","Current accepted membership uses the existing source authorities; unavailable plus zero is not presented as a complete quiet state."
"LP24449-ledger-01648","PROVIDER_HEALTH_FALSE","matagorda-tx","4865864","FIXED","Current accepted membership uses the existing source authorities; unavailable plus zero is not presented as a complete quiet state."
"LP24449-ledger-01649","PROVIDER_HEALTH_FALSE","kenedy-tx","4865876","FIXED","Current accepted membership uses the existing source authorities; unavailable plus zero is not presented as a complete quiet state."
"LP24449-ledger-01650","PROVIDER_HEALTH_FALSE","denton-tx","4866000","FIXED","Current accepted membership uses the existing source authorities; unavailable plus zero is not presented as a complete quiet state."
"LP24449-ledger-01651","PROVIDER_HEALTH_FALSE","fannin-tx","4866008","FIXED","Current accepted membership uses the existing source authorities; unavailable plus zero is not presented as a complete quiet state."
"LP24449-ledger-01652","PROVIDER_HEALTH_FALSE","bexar-tx","4866089","FIXED","Current accepted membership uses the existing source authorities; unavailable plus zero is not presented as a complete quiet state."
"LP24449-ledger-01653","PROVIDER_HEALTH_FALSE","bexar-tx","4866128","FIXED","Current accepted membership uses the existing source authorities; unavailable plus zero is not presented as a complete quiet state."
"LP24449-ledger-01654","PROVIDER_HEALTH_FALSE","comal-tx","4866128","FIXED","Current accepted membership uses the existing source authorities; unavailable plus zero is not presented as a complete quiet state."
"LP24449-ledger-01655","PROVIDER_HEALTH_FALSE","guadalupe-tx","4866128","FIXED","Current accepted membership uses the existing source authorities; unavailable plus zero is not presented as a complete quiet state."
"LP24449-ledger-01656","PROVIDER_HEALTH_FALSE","fayette-tx","4866188","FIXED","Current accepted membership uses the existing source authorities; unavailable plus zero is not presented as a complete quiet state."
"LP24449-ledger-01657","PROVIDER_HEALTH_FALSE","hidalgo-tx","4866248","FIXED","Current accepted membership uses the existing source authorities; unavailable plus zero is not presented as a complete quiet state."
"LP24449-ledger-01658","PROVIDER_HEALTH_FALSE","archer-tx","4866284","FIXED","Current accepted membership uses the existing source authorities; unavailable plus zero is not presented as a complete quiet state."
"LP24449-ledger-01659","PROVIDER_HEALTH_FALSE","harrison-tx","4866332","FIXED","Current accepted membership uses the existing source authorities; unavailable plus zero is not presented as a complete quiet state."
"LP24449-ledger-01660","PROVIDER_HEALTH_FALSE","kaufman-tx","4866368","FIXED","Current accepted membership uses the existing source authorities; unavailable plus zero is not presented as a complete quiet state."
"LP24449-ledger-01661","PROVIDER_HEALTH_FALSE","chambers-tx","4866392","FIXED","Current accepted membership uses the existing source authorities; unavailable plus zero is not presented as a complete quiet state."
"LP24449-ledger-01662","PROVIDER_HEALTH_FALSE","harris-tx","4866392","FIXED","Current accepted membership uses the existing source authorities; unavailable plus zero is not presented as a complete quiet state."
"LP24449-ledger-01663","PROVIDER_HEALTH_FALSE","calhoun-tx","4866416","FIXED","Current accepted membership uses the existing source authorities; unavailable plus zero is not presented as a complete quiet state."
"LP24449-ledger-01664","PROVIDER_HEALTH_FALSE","dallas-tx","4866428","FIXED","Current accepted membership uses the existing source authorities; unavailable plus zero is not presented as a complete quiet state."
"LP24449-ledger-01665","PROVIDER_HEALTH_FALSE","kaufman-tx","4866428","FIXED","Current accepted membership uses the existing source authorities; unavailable plus zero is not presented as a complete quiet state."
"LP24449-ledger-01666","PROVIDER_HEALTH_FALSE","gaines-tx","4866440","FIXED","Current accepted membership uses the existing source authorities; unavailable plus zero is not presented as a complete quiet state."
"LP24449-ledger-01667","PROVIDER_HEALTH_FALSE","austin-tx","4866464","FIXED","Current accepted membership uses the existing source authorities; unavailable plus zero is not presented as a complete quiet state."
"LP24449-ledger-01668","PROVIDER_HEALTH_FALSE","willacy-tx","4866512","FIXED","Current accepted membership uses the existing source authorities; unavailable plus zero is not presented as a complete quiet state."
"LP24449-ledger-01669","PROVIDER_HEALTH_FALSE","maverick-tx","4866536","FIXED","Current accepted membership uses the existing source authorities; unavailable plus zero is not presented as a complete quiet state."
"LP24449-ledger-01670","PROVIDER_HEALTH_FALSE","guadalupe-tx","4866644","FIXED","Current accepted membership uses the existing source authorities; unavailable plus zero is not presented as a complete quiet state."
"LP24449-ledger-01671","PROVIDER_HEALTH_FALSE","collin-tx","4866686","FIXED","Current accepted membership uses the existing source authorities; unavailable plus zero is not presented as a complete quiet state."
"LP24449-ledger-01672","PROVIDER_HEALTH_FALSE","bexar-tx","4866704","FIXED","Current accepted membership uses the existing source authorities; unavailable plus zero is not presented as a complete quiet state."
"LP24449-ledger-01673","PROVIDER_HEALTH_FALSE","comal-tx","4866704","FIXED","Current accepted membership uses the existing source authorities; unavailable plus zero is not presented as a complete quiet state."
"LP24449-ledger-01674","PROVIDER_HEALTH_FALSE","guadalupe-tx","4866704","FIXED","Current accepted membership uses the existing source authorities; unavailable plus zero is not presented as a complete quiet state."
"LP24449-ledger-01675","PROVIDER_HEALTH_FALSE","gaines-tx","4866764","FIXED","Current accepted membership uses the existing source authorities; unavailable plus zero is not presented as a complete quiet state."
"LP24449-ledger-01676","PROVIDER_HEALTH_FALSE","williamson-tx","4866806","FIXED","Current accepted membership uses the existing source authorities; unavailable plus zero is not presented as a complete quiet state."
"LP24449-ledger-01677","PROVIDER_HEALTH_FALSE","hale-tx","4866848","FIXED","Current accepted membership uses the existing source authorities; unavailable plus zero is not presented as a complete quiet state."
"LP24449-ledger-01678","PROVIDER_HEALTH_FALSE","polk-tx","4866884","FIXED","Current accepted membership uses the existing source authorities; unavailable plus zero is not presented as a complete quiet state."
"LP24449-ledger-01679","PROVIDER_HEALTH_FALSE","henderson-tx","4866908","FIXED","Current accepted membership uses the existing source authorities; unavailable plus zero is not presented as a complete quiet state."
"LP24449-ledger-01680","PROVIDER_HEALTH_FALSE","kaufman-tx","4866908","FIXED","Current accepted membership uses the existing source authorities; unavailable plus zero is not presented as a complete quiet state."
"LP24449-ledger-01681","PROVIDER_HEALTH_FALSE","baylor-tx","4866968","FIXED","Current accepted membership uses the existing source authorities; unavailable plus zero is not presented as a complete quiet state."
"LP24449-ledger-01682","PROVIDER_HEALTH_FALSE","cherokee-tx","4867010","FIXED","Current accepted membership uses the existing source authorities; unavailable plus zero is not presented as a complete quiet state."
"LP24449-ledger-01683","PROVIDER_HEALTH_FALSE","travis-tx","4867082","FIXED","Current accepted membership uses the existing source authorities; unavailable plus zero is not presented as a complete quiet state."
"LP24449-ledger-01684","PROVIDER_HEALTH_FALSE","denton-tx","4867100","FIXED","Current accepted membership uses the existing source authorities; unavailable plus zero is not presented as a complete quiet state."
"LP24449-ledger-01685","PROVIDER_HEALTH_FALSE","lubbock-tx","4867136","FIXED","Current accepted membership uses the existing source authorities; unavailable plus zero is not presented as a complete quiet state."
"LP24449-ledger-01686","PROVIDER_HEALTH_FALSE","wheeler-tx","4867160","FIXED","Current accepted membership uses the existing source authorities; unavailable plus zero is not presented as a complete quiet state."
"LP24449-ledger-01687","PROVIDER_HEALTH_FALSE","bexar-tx","4867268","FIXED","Current accepted membership uses the existing source authorities; unavailable plus zero is not presented as a complete quiet state."
"LP24449-ledger-01688","PROVIDER_HEALTH_FALSE","pecos-tx","4867340","FIXED","Current accepted membership uses the existing source authorities; unavailable plus zero is not presented as a complete quiet state."
"LP24449-ledger-01689","PROVIDER_HEALTH_FALSE","shelby-tx","4867364","FIXED","Current accepted membership uses the existing source authorities; unavailable plus zero is not presented as a complete quiet state."
"LP24449-ledger-01690","PROVIDER_HEALTH_FALSE","harris-tx","4867376","FIXED","Current accepted membership uses the existing source authorities; unavailable plus zero is not presented as a complete quiet state."
"LP24449-ledger-01691","PROVIDER_HEALTH_FALSE","montgomery-tx","4867400","FIXED","Current accepted membership uses the existing source authorities; unavailable plus zero is not presented as a complete quiet state."
"LP24449-ledger-01692","PROVIDER_HEALTH_FALSE","san-jacinto-tx","4867424","FIXED","Current accepted membership uses the existing source authorities; unavailable plus zero is not presented as a complete quiet state."
"LP24449-ledger-01693","PROVIDER_HEALTH_FALSE","colorado-tx","4867472","FIXED","Current accepted membership uses the existing source authorities; unavailable plus zero is not presented as a complete quiet state."
"LP24449-ledger-01694","PROVIDER_HEALTH_FALSE","grayson-tx","4867496","FIXED","Current accepted membership uses the existing source authorities; unavailable plus zero is not presented as a complete quiet state."
"LP24449-ledger-01695","PROVIDER_HEALTH_FALSE","grayson-tx","4867554","FIXED","Current accepted membership uses the existing source authorities; unavailable plus zero is not presented as a complete quiet state."
"LP24449-ledger-01696","PROVIDER_HEALTH_FALSE","lavaca-tx","4867640","FIXED","Current accepted membership uses the existing source authorities; unavailable plus zero is not presented as a complete quiet state."
"LP24449-ledger-01697","PROVIDER_HEALTH_FALSE","grimes-tx","4867664","FIXED","Current accepted membership uses the existing source authorities; unavailable plus zero is not presented as a complete quiet state."
"LP24449-ledger-01698","PROVIDER_HEALTH_FALSE","chambers-tx","4867688","FIXED","Current accepted membership uses the existing source authorities; unavailable plus zero is not presented as a complete quiet state."
"LP24449-ledger-01699","PROVIDER_HEALTH_FALSE","harris-tx","4867688","FIXED","Current accepted membership uses the existing source authorities; unavailable plus zero is not presented as a complete quiet state."
"LP24449-ledger-01700","PROVIDER_HEALTH_FALSE","fort-bend-tx","4867763","FIXED","Current accepted membership uses the existing source authorities; unavailable plus zero is not presented as a complete quiet state."
"LP24449-ledger-01701","PROVIDER_HEALTH_FALSE","hudspeth-tx","4867772","FIXED","Current accepted membership uses the existing source authorities; unavailable plus zero is not presented as a complete quiet state."
"LP24449-ledger-01702","PROVIDER_HEALTH_FALSE","maverick-tx","4867775","FIXED","Current accepted membership uses the existing source authorities; unavailable plus zero is not presented as a complete quiet state."
"LP24449-ledger-01703","PROVIDER_HEALTH_FALSE","zapata-tx","4867778","FIXED","Current accepted membership uses the existing source authorities; unavailable plus zero is not presented as a complete quiet state."
"LP24449-ledger-01704","PROVIDER_HEALTH_FALSE","hardin-tx","4867832","FIXED","Current accepted membership uses the existing source authorities; unavailable plus zero is not presented as a complete quiet state."
"LP24449-ledger-01705","PROVIDER_HEALTH_FALSE","briscoe-tx","4867904","FIXED","Current accepted membership uses the existing source authorities; unavailable plus zero is not presented as a complete quiet state."
"LP24449-ledger-01706","PROVIDER_HEALTH_FALSE","fort-bend-tx","4867964","FIXED","Current accepted membership uses the existing source authorities; unavailable plus zero is not presented as a complete quiet state."
"LP24449-ledger-01707","PROVIDER_HEALTH_FALSE","san-patricio-tx","4868036","FIXED","Current accepted membership uses the existing source authorities; unavailable plus zero is not presented as a complete quiet state."
"LP24449-ledger-01708","PROVIDER_HEALTH_FALSE","carson-tx","4868120","FIXED","Current accepted membership uses the existing source authorities; unavailable plus zero is not presented as a complete quiet state."
"LP24449-ledger-01709","PROVIDER_HEALTH_FALSE","bee-tx","4868132","FIXED","Current accepted membership uses the existing source authorities; unavailable plus zero is not presented as a complete quiet state."
"LP24449-ledger-01710","PROVIDER_HEALTH_FALSE","lubbock-tx","4868180","FIXED","Current accepted membership uses the existing source authorities; unavailable plus zero is not presented as a complete quiet state."
"LP24449-ledger-01711","PROVIDER_HEALTH_FALSE","gonzales-tx","4868300","FIXED","Current accepted membership uses the existing source authorities; unavailable plus zero is not presented as a complete quiet state."
"LP24449-ledger-01712","PROVIDER_HEALTH_FALSE","bastrop-tx","4868456","FIXED","Current accepted membership uses the existing source authorities; unavailable plus zero is not presented as a complete quiet state."
"LP24449-ledger-01713","PROVIDER_HEALTH_FALSE","hockley-tx","4868504","FIXED","Current accepted membership uses the existing source authorities; unavailable plus zero is not presented as a complete quiet state."
"LP24449-ledger-01714","PROVIDER_HEALTH_FALSE","burleson-tx","4868576","FIXED","Current accepted membership uses the existing source authorities; unavailable plus zero is not presented as a complete quiet state."
"LP24449-ledger-01715","PROVIDER_HEALTH_FALSE","scurry-tx","4868624","FIXED","Current accepted membership uses the existing source authorities; unavailable plus zero is not presented as a complete quiet state."
"LP24449-ledger-01716","PROVIDER_HEALTH_FALSE","el-paso-tx","4868636","FIXED","Current accepted membership uses the existing source authorities; unavailable plus zero is not presented as a complete quiet state."
"LP24449-ledger-01717","PROVIDER_HEALTH_FALSE","cameron-tx","4868678","FIXED","Current accepted membership uses the existing source authorities; unavailable plus zero is not presented as a complete quiet state."
"LP24449-ledger-01718","PROVIDER_HEALTH_FALSE","bexar-tx","4868708","FIXED","Current accepted membership uses the existing source authorities; unavailable plus zero is not presented as a complete quiet state."
"LP24449-ledger-01719","PROVIDER_HEALTH_FALSE","burleson-tx","4868720","FIXED","Current accepted membership uses the existing source authorities; unavailable plus zero is not presented as a complete quiet state."
"LP24449-ledger-01720","PROVIDER_HEALTH_FALSE","sutton-tx","4868756","FIXED","Current accepted membership uses the existing source authorities; unavailable plus zero is not presented as a complete quiet state."
"LP24449-ledger-01721","PROVIDER_HEALTH_FALSE","williamson-tx","4868762","FIXED","Current accepted membership uses the existing source authorities; unavailable plus zero is not presented as a complete quiet state."
"LP24449-ledger-01722","PROVIDER_HEALTH_FALSE","hardin-tx","4868828","FIXED","Current accepted membership uses the existing source authorities; unavailable plus zero is not presented as a complete quiet state."
"LP24449-ledger-01723","PROVIDER_HEALTH_FALSE","hidalgo-tx","4868846","FIXED","Current accepted membership uses the existing source authorities; unavailable plus zero is not presented as a complete quiet state."
"LP24449-ledger-01724","PROVIDER_HEALTH_FALSE","jim-hogg-tx","4868966","FIXED","Current accepted membership uses the existing source authorities; unavailable plus zero is not presented as a complete quiet state."
"LP24449-ledger-01725","PROVIDER_HEALTH_FALSE","austin-tx","4868978","FIXED","Current accepted membership uses the existing source authorities; unavailable plus zero is not presented as a complete quiet state."
"LP24449-ledger-01726","PROVIDER_HEALTH_FALSE","harris-tx","4869020","FIXED","Current accepted membership uses the existing source authorities; unavailable plus zero is not presented as a complete quiet state."
"LP24449-ledger-01727","PROVIDER_HEALTH_FALSE","denton-tx","4869032","FIXED","Current accepted membership uses the existing source authorities; unavailable plus zero is not presented as a complete quiet state."
"LP24449-ledger-01728","PROVIDER_HEALTH_FALSE","tarrant-tx","4869032","FIXED","Current accepted membership uses the existing source authorities; unavailable plus zero is not presented as a complete quiet state."
"LP24449-ledger-01729","PROVIDER_HEALTH_FALSE","jim-wells-tx","4869072","FIXED","Current accepted membership uses the existing source authorities; unavailable plus zero is not presented as a complete quiet state."
"LP24449-ledger-01730","PROVIDER_HEALTH_FALSE","grayson-tx","4869104","FIXED","Current accepted membership uses the existing source authorities; unavailable plus zero is not presented as a complete quiet state."
"LP24449-ledger-01731","PROVIDER_HEALTH_FALSE","coryell-tx","4869120","FIXED","Current accepted membership uses the existing source authorities; unavailable plus zero is not presented as a complete quiet state."
"LP24449-ledger-01732","PROVIDER_HEALTH_FALSE","cameron-tx","4869140","FIXED","Current accepted membership uses the existing source authorities; unavailable plus zero is not presented as a complete quiet state."
"LP24449-ledger-01733","PROVIDER_HEALTH_FALSE","cameron-tx","4869194","FIXED","Current accepted membership uses the existing source authorities; unavailable plus zero is not presented as a complete quiet state."
"LP24449-ledger-01735","PROVIDER_HEALTH_FALSE","newton-tx","4869326","FIXED","Current accepted membership uses the existing source authorities; unavailable plus zero is not presented as a complete quiet state."
"LP24449-ledger-01736","PROVIDER_HEALTH_FALSE","ward-tx","4869353","FIXED","Current accepted membership uses the existing source authorities; unavailable plus zero is not presented as a complete quiet state."
"LP24449-ledger-01737","PROVIDER_HEALTH_FALSE","lamb-tx","4869380","FIXED","Current accepted membership uses the existing source authorities; unavailable plus zero is not presented as a complete quiet state."
"LP24449-ledger-01738","PROVIDER_HEALTH_FALSE","el-paso-tx","4869432","FIXED","Current accepted membership uses the existing source authorities; unavailable plus zero is not presented as a complete quiet state."
"LP24449-ledger-01739","PROVIDER_HEALTH_FALSE","hansford-tx","4869476","FIXED","Current accepted membership uses the existing source authorities; unavailable plus zero is not presented as a complete quiet state."
"LP24449-ledger-01740","PROVIDER_HEALTH_FALSE","montgomery-tx","4869548","FIXED","Current accepted membership uses the existing source authorities; unavailable plus zero is not presented as a complete quiet state."
"LP24449-ledger-01741","PROVIDER_HEALTH_FALSE","kinney-tx","4869560","FIXED","Current accepted membership uses the existing source authorities; unavailable plus zero is not presented as a complete quiet state."
"LP24449-ledger-01742","PROVIDER_HEALTH_FALSE","harris-tx","4869596","FIXED","Current accepted membership uses the existing source authorities; unavailable plus zero is not presented as a complete quiet state."
"LP24449-ledger-01743","PROVIDER_HEALTH_FALSE","comal-tx","4869608","FIXED","Current accepted membership uses the existing source authorities; unavailable plus zero is not presented as a complete quiet state."
"LP24449-ledger-01745","PROVIDER_HEALTH_FALSE","nueces-tx","4869708","FIXED","Current accepted membership uses the existing source authorities; unavailable plus zero is not presented as a complete quiet state."
"LP24449-ledger-01746","PROVIDER_HEALTH_FALSE","lamb-tx","4869764","FIXED","Current accepted membership uses the existing source authorities; unavailable plus zero is not presented as a complete quiet state."
"LP24449-ledger-01747","PROVIDER_HEALTH_FALSE","parker-tx","4869800","FIXED","Current accepted membership uses the existing source authorities; unavailable plus zero is not presented as a complete quiet state."
"LP24449-ledger-01748","PROVIDER_HEALTH_FALSE","wise-tx","4869800","FIXED","Current accepted membership uses the existing source authorities; unavailable plus zero is not presented as a complete quiet state."
"LP24449-ledger-01749","PROVIDER_HEALTH_FALSE","harris-tx","4869830","FIXED","Current accepted membership uses the existing source authorities; unavailable plus zero is not presented as a complete quiet state."
"LP24449-ledger-01750","PROVIDER_HEALTH_FALSE","dickens-tx","4869848","FIXED","Current accepted membership uses the existing source authorities; unavailable plus zero is not presented as a complete quiet state."
"LP24449-ledger-01751","PROVIDER_HEALTH_FALSE","fort-bend-tx","4869908","FIXED","Current accepted membership uses the existing source authorities; unavailable plus zero is not presented as a complete quiet state."
"LP24449-ledger-01752","PROVIDER_HEALTH_FALSE","harris-tx","4869908","FIXED","Current accepted membership uses the existing source authorities; unavailable plus zero is not presented as a complete quiet state."
"LP24449-ledger-01753","PROVIDER_HEALTH_FALSE","montgomery-tx","4869932","FIXED","Current accepted membership uses the existing source authorities; unavailable plus zero is not presented as a complete quiet state."
"LP24449-ledger-01754","PROVIDER_HEALTH_FALSE","haskell-tx","4869980","FIXED","Current accepted membership uses the existing source authorities; unavailable plus zero is not presented as a complete quiet state."
"LP24449-ledger-01755","PROVIDER_HEALTH_FALSE","jones-tx","4869980","FIXED","Current accepted membership uses the existing source authorities; unavailable plus zero is not presented as a complete quiet state."
"LP24449-ledger-01756","PROVIDER_HEALTH_FALSE","martin-tx","4870040","FIXED","Current accepted membership uses the existing source authorities; unavailable plus zero is not presented as a complete quiet state."
"LP24449-ledger-01757","PROVIDER_HEALTH_FALSE","guadalupe-tx","4870052","FIXED","Current accepted membership uses the existing source authorities; unavailable plus zero is not presented as a complete quiet state."
"LP24449-ledger-01758","PROVIDER_HEALTH_FALSE","henderson-tx","4870076","FIXED","Current accepted membership uses the existing source authorities; unavailable plus zero is not presented as a complete quiet state."
"LP24449-ledger-01759","PROVIDER_HEALTH_FALSE","travis-tx","4870154","FIXED","Current accepted membership uses the existing source authorities; unavailable plus zero is not presented as a complete quiet state."
"LP24449-ledger-01760","PROVIDER_HEALTH_FALSE","erath-tx","4870208","FIXED","Current accepted membership uses the existing source authorities; unavailable plus zero is not presented as a complete quiet state."
"LP24449-ledger-01761","PROVIDER_HEALTH_FALSE","sterling-tx","4870232","FIXED","Current accepted membership uses the existing source authorities; unavailable plus zero is not presented as a complete quiet state."
"LP24449-ledger-01762","PROVIDER_HEALTH_FALSE","hutchinson-tx","4870340","FIXED","Current accepted membership uses the existing source authorities; unavailable plus zero is not presented as a complete quiet state."
"LP24449-ledger-01763","PROVIDER_HEALTH_FALSE","wilson-tx","4870376","FIXED","Current accepted membership uses the existing source authorities; unavailable plus zero is not presented as a complete quiet state."
"LP24449-ledger-01764","PROVIDER_HEALTH_FALSE","hood-tx","4870406","FIXED","Current accepted membership uses the existing source authorities; unavailable plus zero is not presented as a complete quiet state."
"LP24449-ledger-01765","PROVIDER_HEALTH_FALSE","gillespie-tx","4870460","FIXED","Current accepted membership uses the existing source authorities; unavailable plus zero is not presented as a complete quiet state."
"LP24449-ledger-01766","PROVIDER_HEALTH_FALSE","chambers-tx","4870520","FIXED","Current accepted membership uses the existing source authorities; unavailable plus zero is not presented as a complete quiet state."
"LP24449-ledger-01767","PROVIDER_HEALTH_FALSE","sherman-tx","4870544","FIXED","Current accepted membership uses the existing source authorities; unavailable plus zero is not presented as a complete quiet state."
"LP24449-ledger-01768","PROVIDER_HEALTH_FALSE","palo-pinto-tx","4870580","FIXED","Current accepted membership uses the existing source authorities; unavailable plus zero is not presented as a complete quiet state."
"LP24449-ledger-01769","PROVIDER_HEALTH_FALSE","freestone-tx","4870604","FIXED","Current accepted membership uses the existing source authorities; unavailable plus zero is not presented as a complete quiet state."
"LP24449-ledger-01770","PROVIDER_HEALTH_FALSE","navarro-tx","4870604","FIXED","Current accepted membership uses the existing source authorities; unavailable plus zero is not presented as a complete quiet state."
"LP24449-ledger-01771","PROVIDER_HEALTH_FALSE","brewster-tx","4870688","FIXED","Current accepted membership uses the existing source authorities; unavailable plus zero is not presented as a complete quiet state."
"LP24449-ledger-01772","PROVIDER_HEALTH_FALSE","lamb-tx","4870772","FIXED","Current accepted membership uses the existing source authorities; unavailable plus zero is not presented as a complete quiet state."
"LP24449-ledger-01773","PROVIDER_HEALTH_FALSE","fort-bend-tx","4870808","FIXED","Current accepted membership uses the existing source authorities; unavailable plus zero is not presented as a complete quiet state."
"LP24449-ledger-01774","PROVIDER_HEALTH_FALSE","hidalgo-tx","4870868","FIXED","Current accepted membership uses the existing source authorities; unavailable plus zero is not presented as a complete quiet state."
"LP24449-ledger-01775","PROVIDER_HEALTH_FALSE","hopkins-tx","4870904","FIXED","Current accepted membership uses the existing source authorities; unavailable plus zero is not presented as a complete quiet state."
"LP24449-ledger-01776","PROVIDER_HEALTH_FALSE","castro-tx","4870940","FIXED","Current accepted membership uses the existing source authorities; unavailable plus zero is not presented as a complete quiet state."
"LP24449-ledger-01777","PROVIDER_HEALTH_FALSE","hockley-tx","4871060","FIXED","Current accepted membership uses the existing source authorities; unavailable plus zero is not presented as a complete quiet state."
"LP24449-ledger-01778","PROVIDER_HEALTH_FALSE","dallas-tx","4871156","FIXED","Current accepted membership uses the existing source authorities; unavailable plus zero is not presented as a complete quiet state."
"LP24449-ledger-01779","PROVIDER_HEALTH_FALSE","moore-tx","4871180","FIXED","Current accepted membership uses the existing source authorities; unavailable plus zero is not presented as a complete quiet state."
"LP24449-ledger-01780","PROVIDER_HEALTH_FALSE","llano-tx","4871228","FIXED","Current accepted membership uses the existing source authorities; unavailable plus zero is not presented as a complete quiet state."
"LP24449-ledger-01781","PROVIDER_HEALTH_FALSE","henderson-tx","4871236","FIXED","Current accepted membership uses the existing source authorities; unavailable plus zero is not presented as a complete quiet state."
"LP24449-ledger-01782","PROVIDER_HEALTH_FALSE","webb-tx","4871289","FIXED","Current accepted membership uses the existing source authorities; unavailable plus zero is not presented as a complete quiet state."
"LP24449-ledger-01783","PROVIDER_HEALTH_FALSE","travis-tx","4871324","FIXED","Current accepted membership uses the existing source authorities; unavailable plus zero is not presented as a complete quiet state."
"LP24449-ledger-01784","PROVIDER_HEALTH_FALSE","lamar-tx","4871356","FIXED","Current accepted membership uses the existing source authorities; unavailable plus zero is not presented as a complete quiet state."
"LP24449-ledger-01785","PROVIDER_HEALTH_FALSE","brazoria-tx","4871384","FIXED","Current accepted membership uses the existing source authorities; unavailable plus zero is not presented as a complete quiet state."
"LP24449-ledger-01786","PROVIDER_HEALTH_FALSE","brazoria-tx","4871492","FIXED","Current accepted membership uses the existing source authorities; unavailable plus zero is not presented as a complete quiet state."
"LP24449-ledger-01787","PROVIDER_HEALTH_FALSE","nolan-tx","4871540","FIXED","Current accepted membership uses the existing source authorities; unavailable plus zero is not presented as a complete quiet state."
"LP24449-ledger-01788","PROVIDER_HEALTH_FALSE","fisher-tx","4871636","FIXED","Current accepted membership uses the existing source authorities; unavailable plus zero is not presented as a complete quiet state."
"LP24449-ledger-01789","PROVIDER_HEALTH_FALSE","san-patricio-tx","4871684","FIXED","Current accepted membership uses the existing source authorities; unavailable plus zero is not presented as a complete quiet state."
"LP24449-ledger-01790","PROVIDER_HEALTH_FALSE","san-patricio-tx","4871696","FIXED","Current accepted membership uses the existing source authorities; unavailable plus zero is not presented as a complete quiet state."
"LP24449-ledger-01791","PROVIDER_HEALTH_FALSE","lynn-tx","4871708","FIXED","Current accepted membership uses the existing source authorities; unavailable plus zero is not presented as a complete quiet state."
"LP24449-ledger-01792","PROVIDER_HEALTH_FALSE","titus-tx","4871732","FIXED","Current accepted membership uses the existing source authorities; unavailable plus zero is not presented as a complete quiet state."
"LP24449-ledger-01793","PROVIDER_HEALTH_FALSE","kaufman-tx","4871756","FIXED","Current accepted membership uses the existing source authorities; unavailable plus zero is not presented as a complete quiet state."
"LP24449-ledger-01794","PROVIDER_HEALTH_FALSE","webb-tx","4871820","FIXED","Current accepted membership uses the existing source authorities; unavailable plus zero is not presented as a complete quiet state."
"LP24449-ledger-01795","PROVIDER_HEALTH_FALSE","webb-tx","4871824","FIXED","Current accepted membership uses the existing source authorities; unavailable plus zero is not presented as a complete quiet state."
"LP24449-ledger-01796","PROVIDER_HEALTH_FALSE","panola-tx","4871924","FIXED","Current accepted membership uses the existing source authorities; unavailable plus zero is not presented as a complete quiet state."
"LP24449-ledger-01797","PROVIDER_HEALTH_FALSE","rusk-tx","4871924","FIXED","Current accepted membership uses the existing source authorities; unavailable plus zero is not presented as a complete quiet state."
"LP24449-ledger-01798","PROVIDER_HEALTH_FALSE","williamson-tx","4871948","FIXED","Current accepted membership uses the existing source authorities; unavailable plus zero is not presented as a complete quiet state."
"LP24449-ledger-01799","PROVIDER_HEALTH_FALSE","harris-tx","4871960","FIXED","Current accepted membership uses the existing source authorities; unavailable plus zero is not presented as a complete quiet state."
"LP24449-ledger-01800","PROVIDER_HEALTH_FALSE","jefferson-tx","4871966","FIXED","Current accepted membership uses the existing source authorities; unavailable plus zero is not presented as a complete quiet state."
"LP24449-ledger-01801","PROVIDER_HEALTH_FALSE","freestone-tx","4872020","FIXED","Current accepted membership uses the existing source authorities; unavailable plus zero is not presented as a complete quiet state."
"LP24449-ledger-01802","PROVIDER_HEALTH_FALSE","limestone-tx","4872080","FIXED","Current accepted membership uses the existing source authorities; unavailable plus zero is not presented as a complete quiet state."
"LP24449-ledger-01803","PROVIDER_HEALTH_FALSE","bell-tx","4872176","FIXED","Current accepted membership uses the existing source authorities; unavailable plus zero is not presented as a complete quiet state."
"LP24449-ledger-01804","PROVIDER_HEALTH_FALSE","shelby-tx","4872188","FIXED","Current accepted membership uses the existing source authorities; unavailable plus zero is not presented as a complete quiet state."
"LP24449-ledger-01805","PROVIDER_HEALTH_FALSE","brewster-tx","4872248","FIXED","Current accepted membership uses the existing source authorities; unavailable plus zero is not presented as a complete quiet state."
"LP24449-ledger-01806","PROVIDER_HEALTH_FALSE","kaufman-tx","4872284","FIXED","Current accepted membership uses the existing source authorities; unavailable plus zero is not presented as a complete quiet state."
"LP24449-ledger-01807","PROVIDER_HEALTH_FALSE","bexar-tx","4872296","FIXED","Current accepted membership uses the existing source authorities; unavailable plus zero is not presented as a complete quiet state."
"LP24449-ledger-01808","PROVIDER_HEALTH_FALSE","bowie-tx","4872368","FIXED","Current accepted membership uses the existing source authorities; unavailable plus zero is not presented as a complete quiet state."
"LP24449-ledger-01809","PROVIDER_HEALTH_FALSE","chambers-tx","4872392","FIXED","Current accepted membership uses the existing source authorities; unavailable plus zero is not presented as a complete quiet state."
"LP24449-ledger-01810","PROVIDER_HEALTH_FALSE","galveston-tx","4872392","FIXED","Current accepted membership uses the existing source authorities; unavailable plus zero is not presented as a complete quiet state."
"LP24449-ledger-01811","PROVIDER_HEALTH_FALSE","sherman-tx","4872464","FIXED","Current accepted membership uses the existing source authorities; unavailable plus zero is not presented as a complete quiet state."
"LP24449-ledger-01812","PROVIDER_HEALTH_FALSE","dallam-tx","4872476","FIXED","Current accepted membership uses the existing source authorities; unavailable plus zero is not presented as a complete quiet state."
"LP24449-ledger-01813","PROVIDER_HEALTH_FALSE","denton-tx","4872530","FIXED","Current accepted membership uses the existing source authorities; unavailable plus zero is not presented as a complete quiet state."
"LP24449-ledger-01814","PROVIDER_HEALTH_FALSE","travis-tx","4872578","FIXED","Current accepted membership uses the existing source authorities; unavailable plus zero is not presented as a complete quiet state."
"LP24449-ledger-01815","PROVIDER_HEALTH_FALSE","johnson-tx","4872581","FIXED","Current accepted membership uses the existing source authorities; unavailable plus zero is not presented as a complete quiet state."
"LP24449-ledger-01816","PROVIDER_HEALTH_FALSE","harris-tx","4872656","FIXED","Current accepted membership uses the existing source authorities; unavailable plus zero is not presented as a complete quiet state."
"LP24449-ledger-01817","PROVIDER_HEALTH_FALSE","montgomery-tx","4872656","FIXED","Current accepted membership uses the existing source authorities; unavailable plus zero is not presented as a complete quiet state."
"LP24449-ledger-01818","PROVIDER_HEALTH_FALSE","fort-bend-tx","4872740","FIXED","Current accepted membership uses the existing source authorities; unavailable plus zero is not presented as a complete quiet state."
"LP24449-ledger-01819","PROVIDER_HEALTH_FALSE","jim-hogg-tx","4872758","FIXED","Current accepted membership uses the existing source authorities; unavailable plus zero is not presented as a complete quiet state."
"LP24449-ledger-01820","PROVIDER_HEALTH_FALSE","milam-tx","4872776","FIXED","Current accepted membership uses the existing source authorities; unavailable plus zero is not presented as a complete quiet state."
"LP24449-ledger-01821","PROVIDER_HEALTH_FALSE","williamson-tx","4872776","FIXED","Current accepted membership uses the existing source authorities; unavailable plus zero is not presented as a complete quiet state."
"LP24449-ledger-01822","PROVIDER_HEALTH_FALSE","limestone-tx","4872788","FIXED","Current accepted membership uses the existing source authorities; unavailable plus zero is not presented as a complete quiet state."
"LP24449-ledger-01823","PROVIDER_HEALTH_FALSE","ward-tx","4872800","FIXED","Current accepted membership uses the existing source authorities; unavailable plus zero is not presented as a complete quiet state."
"LP24449-ledger-01824","PROVIDER_HEALTH_FALSE","williamson-tx","4872824","FIXED","Current accepted membership uses the existing source authorities; unavailable plus zero is not presented as a complete quiet state."
"LP24449-ledger-01825","PROVIDER_HEALTH_FALSE","live-oak-tx","4872872","FIXED","Current accepted membership uses the existing source authorities; unavailable plus zero is not presented as a complete quiet state."
"LP24449-ledger-01826","PROVIDER_HEALTH_FALSE","throckmorton-tx","4872896","FIXED","Current accepted membership uses the existing source authorities; unavailable plus zero is not presented as a complete quiet state."
"LP24449-ledger-01827","PROVIDER_HEALTH_FALSE","brown-tx","4872902","FIXED","Current accepted membership uses the existing source authorities; unavailable plus zero is not presented as a complete quiet state."
"LP24449-ledger-01828","PROVIDER_HEALTH_FALSE","cameron-tx","4872948","FIXED","Current accepted membership uses the existing source authorities; unavailable plus zero is not presented as a complete quiet state."
"LP24449-ledger-01829","PROVIDER_HEALTH_FALSE","starr-tx","4872950","FIXED","Current accepted membership uses the existing source authorities; unavailable plus zero is not presented as a complete quiet state."
"LP24449-ledger-01831","PROVIDER_HEALTH_FALSE","nueces-tx","4872952","FIXED","Current accepted membership uses the existing source authorities; unavailable plus zero is not presented as a complete quiet state."
"LP24449-ledger-01833","PROVIDER_HEALTH_FALSE","nueces-tx","4872954","FIXED","Current accepted membership uses the existing source authorities; unavailable plus zero is not presented as a complete quiet state."
"LP24449-ledger-01834","PROVIDER_HEALTH_FALSE","galveston-tx","4872989","FIXED","Current accepted membership uses the existing source authorities; unavailable plus zero is not presented as a complete quiet state."
"LP24449-ledger-01835","PROVIDER_HEALTH_FALSE","mcmullen-tx","4872992","FIXED","Current accepted membership uses the existing source authorities; unavailable plus zero is not presented as a complete quiet state."
"LP24449-ledger-01836","PROVIDER_HEALTH_FALSE","randall-tx","4873030","FIXED","Current accepted membership uses the existing source authorities; unavailable plus zero is not presented as a complete quiet state."
"LP24449-ledger-01837","PROVIDER_HEALTH_FALSE","bexar-tx","4873057","FIXED","Current accepted membership uses the existing source authorities; unavailable plus zero is not presented as a complete quiet state."
"LP24449-ledger-01838","PROVIDER_HEALTH_FALSE","shelby-tx","4873076","FIXED","Current accepted membership uses the existing source authorities; unavailable plus zero is not presented as a complete quiet state."
"LP24449-ledger-01839","PROVIDER_HEALTH_FALSE","grayson-tx","4873112","FIXED","Current accepted membership uses the existing source authorities; unavailable plus zero is not presented as a complete quiet state."
"LP24449-ledger-01840","PROVIDER_HEALTH_FALSE","hopkins-tx","4873124","FIXED","Current accepted membership uses the existing source authorities; unavailable plus zero is not presented as a complete quiet state."
"LP24449-ledger-01841","PROVIDER_HEALTH_FALSE","refugio-tx","4873148","FIXED","Current accepted membership uses the existing source authorities; unavailable plus zero is not presented as a complete quiet state."
"LP24449-ledger-01842","PROVIDER_HEALTH_FALSE","lamar-tx","4873196","FIXED","Current accepted membership uses the existing source authorities; unavailable plus zero is not presented as a complete quiet state."
"LP24449-ledger-01843","PROVIDER_HEALTH_FALSE","grimes-tx","4873224","FIXED","Current accepted membership uses the existing source authorities; unavailable plus zero is not presented as a complete quiet state."
"LP24449-ledger-01844","PROVIDER_HEALTH_FALSE","hood-tx","4873268","FIXED","Current accepted membership uses the existing source authorities; unavailable plus zero is not presented as a complete quiet state."
"LP24449-ledger-01845","PROVIDER_HEALTH_FALSE","harris-tx","4873316","FIXED","Current accepted membership uses the existing source authorities; unavailable plus zero is not presented as a complete quiet state."
"LP24449-ledger-01846","PROVIDER_HEALTH_FALSE","montgomery-tx","4873316","FIXED","Current accepted membership uses the existing source authorities; unavailable plus zero is not presented as a complete quiet state."
"LP24449-ledger-01847","PROVIDER_HEALTH_FALSE","grayson-tx","4873328","FIXED","Current accepted membership uses the existing source authorities; unavailable plus zero is not presented as a complete quiet state."
"LP24449-ledger-01848","PROVIDER_HEALTH_FALSE","henderson-tx","4873352","FIXED","Current accepted membership uses the existing source authorities; unavailable plus zero is not presented as a complete quiet state."
"LP24449-ledger-01849","PROVIDER_HEALTH_FALSE","el-paso-tx","4873376","FIXED","Current accepted membership uses the existing source authorities; unavailable plus zero is not presented as a complete quiet state."
"LP24449-ledger-01850","PROVIDER_HEALTH_FALSE","llano-tx","4873424","FIXED","Current accepted membership uses the existing source authorities; unavailable plus zero is not presented as a complete quiet state."
"LP24449-ledger-01851","PROVIDER_HEALTH_FALSE","reeves-tx","4873493","FIXED","Current accepted membership uses the existing source authorities; unavailable plus zero is not presented as a complete quiet state."
"LP24449-ledger-01852","PROVIDER_HEALTH_FALSE","reeves-tx","4873496","FIXED","Current accepted membership uses the existing source authorities; unavailable plus zero is not presented as a complete quiet state."
"LP24449-ledger-01853","PROVIDER_HEALTH_FALSE","san-patricio-tx","4873526","FIXED","Current accepted membership uses the existing source authorities; unavailable plus zero is not presented as a complete quiet state."
"LP24449-ledger-01854","PROVIDER_HEALTH_FALSE","kaufman-tx","4873562","FIXED","Current accepted membership uses the existing source authorities; unavailable plus zero is not presented as a complete quiet state."
"LP24449-ledger-01855","PROVIDER_HEALTH_FALSE","taylor-tx","4873580","FIXED","Current accepted membership uses the existing source authorities; unavailable plus zero is not presented as a complete quiet state."
"LP24449-ledger-01856","PROVIDER_HEALTH_FALSE","collin-tx","4873592","FIXED","Current accepted membership uses the existing source authorities; unavailable plus zero is not presented as a complete quiet state."
"LP24449-ledger-01857","PROVIDER_HEALTH_FALSE","fannin-tx","4873592","FIXED","Current accepted membership uses the existing source authorities; unavailable plus zero is not presented as a complete quiet state."
"LP24449-ledger-01858","PROVIDER_HEALTH_FALSE","grayson-tx","4873592","FIXED","Current accepted membership uses the existing source authorities; unavailable plus zero is not presented as a complete quiet state."
"LP24449-ledger-01859","PROVIDER_HEALTH_FALSE","henderson-tx","4873652","FIXED","Current accepted membership uses the existing source authorities; unavailable plus zero is not presented as a complete quiet state."
"LP24449-ledger-01860","PROVIDER_HEALTH_FALSE","trinity-tx","4873664","FIXED","Current accepted membership uses the existing source authorities; unavailable plus zero is not presented as a complete quiet state."
"LP24449-ledger-01861","PROVIDER_HEALTH_FALSE","denton-tx","4873710","FIXED","Current accepted membership uses the existing source authorities; unavailable plus zero is not presented as a complete quiet state."
"LP24449-ledger-01862","PROVIDER_HEALTH_FALSE","tarrant-tx","4873710","FIXED","Current accepted membership uses the existing source authorities; unavailable plus zero is not presented as a complete quiet state."
"LP24449-ledger-01863","PROVIDER_HEALTH_FALSE","cherokee-tx","4873724","FIXED","Current accepted membership uses the existing source authorities; unavailable plus zero is not presented as a complete quiet state."
"LP24449-ledger-01864","PROVIDER_HEALTH_FALSE","smith-tx","4873724","FIXED","Current accepted membership uses the existing source authorities; unavailable plus zero is not presented as a complete quiet state."
"LP24449-ledger-01865","PROVIDER_HEALTH_FALSE","bell-tx","4873748","FIXED","Current accepted membership uses the existing source authorities; unavailable plus zero is not presented as a complete quiet state."
"LP24449-ledger-01866","PROVIDER_HEALTH_FALSE","bee-tx","4873856","FIXED","Current accepted membership uses the existing source authorities; unavailable plus zero is not presented as a complete quiet state."
"LP24449-ledger-01867","PROVIDER_HEALTH_FALSE","swisher-tx","4873868","FIXED","Current accepted membership uses the existing source authorities; unavailable plus zero is not presented as a complete quiet state."
"LP24449-ledger-01868","PROVIDER_HEALTH_FALSE","bee-tx","4873904","FIXED","Current accepted membership uses the existing source authorities; unavailable plus zero is not presented as a complete quiet state."
"LP24449-ledger-01869","PROVIDER_HEALTH_FALSE","burleson-tx","4873928","FIXED","Current accepted membership uses the existing source authorities; unavailable plus zero is not presented as a complete quiet state."
"LP24449-ledger-01870","PROVIDER_HEALTH_FALSE","hall-tx","4873964","FIXED","Current accepted membership uses the existing source authorities; unavailable plus zero is not presented as a complete quiet state."
"LP24449-ledger-01871","PROVIDER_HEALTH_FALSE","taylor-tx","4874048","FIXED","Current accepted membership uses the existing source authorities; unavailable plus zero is not presented as a complete quiet state."
"LP24449-ledger-01872","PROVIDER_HEALTH_FALSE","taylor-tx","4874132","FIXED","Current accepted membership uses the existing source authorities; unavailable plus zero is not presented as a complete quiet state."
"LP24449-ledger-01873","PROVIDER_HEALTH_FALSE","smith-tx","4874144","FIXED","Current accepted membership uses the existing source authorities; unavailable plus zero is not presented as a complete quiet state."
"LP24449-ledger-01874","PROVIDER_HEALTH_FALSE","bee-tx","4874168","FIXED","Current accepted membership uses the existing source authorities; unavailable plus zero is not presented as a complete quiet state."
"LP24449-ledger-01875","PROVIDER_HEALTH_FALSE","caldwell-tx","4874216","FIXED","Current accepted membership uses the existing source authorities; unavailable plus zero is not presented as a complete quiet state."
"LP24449-ledger-01876","PROVIDER_HEALTH_FALSE","hays-tx","4874216","FIXED","Current accepted membership uses the existing source authorities; unavailable plus zero is not presented as a complete quiet state."
"LP24449-ledger-01877","PROVIDER_HEALTH_FALSE","randall-tx","4874228","FIXED","Current accepted membership uses the existing source authorities; unavailable plus zero is not presented as a complete quiet state."
"LP24449-ledger-01878","PROVIDER_HEALTH_FALSE","harrison-tx","4874240","FIXED","Current accepted membership uses the existing source authorities; unavailable plus zero is not presented as a complete quiet state."
"LP24449-ledger-01879","PROVIDER_HEALTH_FALSE","upshur-tx","4874312","FIXED","Current accepted membership uses the existing source authorities; unavailable plus zero is not presented as a complete quiet state."
"LP24449-ledger-01880","PROVIDER_HEALTH_FALSE","hunt-tx","4874372","FIXED","Current accepted membership uses the existing source authorities; unavailable plus zero is not presented as a complete quiet state."
"LP24449-ledger-01881","PROVIDER_HEALTH_FALSE","bexar-tx","4874408","FIXED","Current accepted membership uses the existing source authorities; unavailable plus zero is not presented as a complete quiet state."
"LP24449-ledger-01882","PROVIDER_HEALTH_FALSE","guadalupe-tx","4874408","FIXED","Current accepted membership uses the existing source authorities; unavailable plus zero is not presented as a complete quiet state."
"LP24449-ledger-01883","PROVIDER_HEALTH_FALSE","dallas-tx","4874492","FIXED","Current accepted membership uses the existing source authorities; unavailable plus zero is not presented as a complete quiet state."
"LP24449-ledger-01884","PROVIDER_HEALTH_FALSE","uvalde-tx","4874576","FIXED","Current accepted membership uses the existing source authorities; unavailable plus zero is not presented as a complete quiet state."
"LP24449-ledger-01885","PROVIDER_HEALTH_FALSE","uvalde-tx","4874588","FIXED","Current accepted membership uses the existing source authorities; unavailable plus zero is not presented as a complete quiet state."
"LP24449-ledger-01886","PROVIDER_HEALTH_FALSE","uvalde-tx","4874594","FIXED","Current accepted membership uses the existing source authorities; unavailable plus zero is not presented as a complete quiet state."
"LP24449-ledger-01887","PROVIDER_HEALTH_FALSE","jeff-davis-tx","4874648","FIXED","Current accepted membership uses the existing source authorities; unavailable plus zero is not presented as a complete quiet state."
"LP24449-ledger-01888","PROVIDER_HEALTH_FALSE","coleman-tx","4874660","FIXED","Current accepted membership uses the existing source authorities; unavailable plus zero is not presented as a complete quiet state."
"LP24449-ledger-01889","PROVIDER_HEALTH_FALSE","starr-tx","4874667","FIXED","Current accepted membership uses the existing source authorities; unavailable plus zero is not presented as a complete quiet state."
"LP24449-ledger-01890","PROVIDER_HEALTH_FALSE","webb-tx","4874668","FIXED","Current accepted membership uses the existing source authorities; unavailable plus zero is not presented as a complete quiet state."
"LP24449-ledger-01891","PROVIDER_HEALTH_FALSE","starr-tx","4874670","FIXED","Current accepted membership uses the existing source authorities; unavailable plus zero is not presented as a complete quiet state."
"LP24449-ledger-01892","PROVIDER_HEALTH_FALSE","bosque-tx","4874732","FIXED","Current accepted membership uses the existing source authorities; unavailable plus zero is not presented as a complete quiet state."
"LP24449-ledger-01893","PROVIDER_HEALTH_FALSE","mclennan-tx","4874732","FIXED","Current accepted membership uses the existing source authorities; unavailable plus zero is not presented as a complete quiet state."
"LP24449-ledger-01894","PROVIDER_HEALTH_FALSE","cooke-tx","4874756","FIXED","Current accepted membership uses the existing source authorities; unavailable plus zero is not presented as a complete quiet state."
"LP24449-ledger-01895","PROVIDER_HEALTH_FALSE","val-verde-tx","4874895","FIXED","Current accepted membership uses the existing source authorities; unavailable plus zero is not presented as a complete quiet state."
"LP24449-ledger-01896","PROVIDER_HEALTH_FALSE","van-zandt-tx","4874912","FIXED","Current accepted membership uses the existing source authorities; unavailable plus zero is not presented as a complete quiet state."
"LP24449-ledger-01897","PROVIDER_HEALTH_FALSE","collin-tx","4874924","FIXED","Current accepted membership uses the existing source authorities; unavailable plus zero is not presented as a complete quiet state."
"LP24449-ledger-01898","PROVIDER_HEALTH_FALSE","grayson-tx","4874924","FIXED","Current accepted membership uses the existing source authorities; unavailable plus zero is not presented as a complete quiet state."
"LP24449-ledger-01899","PROVIDER_HEALTH_FALSE","jackson-tx","4874984","FIXED","Current accepted membership uses the existing source authorities; unavailable plus zero is not presented as a complete quiet state."
"LP24449-ledger-01900","PROVIDER_HEALTH_FALSE","culberson-tx","4875032","FIXED","Current accepted membership uses the existing source authorities; unavailable plus zero is not presented as a complete quiet state."
"LP24449-ledger-01901","PROVIDER_HEALTH_FALSE","matagorda-tx","4875068","FIXED","Current accepted membership uses the existing source authorities; unavailable plus zero is not presented as a complete quiet state."
"LP24449-ledger-01902","PROVIDER_HEALTH_FALSE","oldham-tx","4875188","FIXED","Current accepted membership uses the existing source authorities; unavailable plus zero is not presented as a complete quiet state."
"LP24449-ledger-01903","PROVIDER_HEALTH_FALSE","ellis-tx","4875236","FIXED","Current accepted membership uses the existing source authorities; unavailable plus zero is not presented as a complete quiet state."
"LP24449-ledger-01904","PROVIDER_HEALTH_FALSE","johnson-tx","4875236","FIXED","Current accepted membership uses the existing source authorities; unavailable plus zero is not presented as a complete quiet state."
"LP24449-ledger-01905","PROVIDER_HEALTH_FALSE","wilbarger-tx","4875308","FIXED","Current accepted membership uses the existing source authorities; unavailable plus zero is not presented as a complete quiet state."
"LP24449-ledger-01906","PROVIDER_HEALTH_FALSE","victoria-tx","4875428","FIXED","Current accepted membership uses the existing source authorities; unavailable plus zero is not presented as a complete quiet state."
"LP24449-ledger-01907","PROVIDER_HEALTH_FALSE","starr-tx","4875432","FIXED","Current accepted membership uses the existing source authorities; unavailable plus zero is not presented as a complete quiet state."
"LP24449-ledger-01908","PROVIDER_HEALTH_FALSE","orange-tx","4875476","FIXED","Current accepted membership uses the existing source authorities; unavailable plus zero is not presented as a complete quiet state."
"LP24449-ledger-01909","PROVIDER_HEALTH_FALSE","cameron-tx","4875554","FIXED","Current accepted membership uses the existing source authorities; unavailable plus zero is not presented as a complete quiet state."
"LP24449-ledger-01910","PROVIDER_HEALTH_FALSE","cameron-tx","4875614","FIXED","Current accepted membership uses the existing source authorities; unavailable plus zero is not presented as a complete quiet state."
"LP24449-ledger-01911","PROVIDER_HEALTH_FALSE","starr-tx","4875617","FIXED","Current accepted membership uses the existing source authorities; unavailable plus zero is not presented as a complete quiet state."
"LP24449-ledger-01912","PROVIDER_HEALTH_FALSE","hidalgo-tx","4875626","FIXED","Current accepted membership uses the existing source authorities; unavailable plus zero is not presented as a complete quiet state."
"LP24449-ledger-01913","PROVIDER_HEALTH_FALSE","el-paso-tx","4875668","FIXED","Current accepted membership uses the existing source authorities; unavailable plus zero is not presented as a complete quiet state."
"LP24449-ledger-01914","PROVIDER_HEALTH_FALSE","travis-tx","4875752","FIXED","Current accepted membership uses the existing source authorities; unavailable plus zero is not presented as a complete quiet state."
"LP24449-ledger-01915","PROVIDER_HEALTH_FALSE","bexar-tx","4875764","FIXED","Current accepted membership uses the existing source authorities; unavailable plus zero is not presented as a complete quiet state."
"LP24449-ledger-01916","PROVIDER_HEALTH_FALSE","mclennan-tx","4876000","FIXED","Current accepted membership uses the existing source authorities; unavailable plus zero is not presented as a complete quiet state."
"LP24449-ledger-01917","PROVIDER_HEALTH_FALSE","matagorda-tx","4876012","FIXED","Current accepted membership uses the existing source authorities; unavailable plus zero is not presented as a complete quiet state."
"LP24449-ledger-01918","PROVIDER_HEALTH_FALSE","gonzales-tx","4876024","FIXED","Current accepted membership uses the existing source authorities; unavailable plus zero is not presented as a complete quiet state."
"LP24449-ledger-01919","PROVIDER_HEALTH_FALSE","ochiltree-tx","4876048","FIXED","Current accepted membership uses the existing source authorities; unavailable plus zero is not presented as a complete quiet state."
"LP24449-ledger-01920","PROVIDER_HEALTH_FALSE","bowie-tx","4876096","FIXED","Current accepted membership uses the existing source authorities; unavailable plus zero is not presented as a complete quiet state."
"LP24449-ledger-01921","PROVIDER_HEALTH_FALSE","harris-tx","4876228","FIXED","Current accepted membership uses the existing source authorities; unavailable plus zero is not presented as a complete quiet state."
"LP24449-ledger-01922","PROVIDER_HEALTH_FALSE","waller-tx","4876228","FIXED","Current accepted membership uses the existing source authorities; unavailable plus zero is not presented as a complete quiet state."
"LP24449-ledger-01923","PROVIDER_HEALTH_FALSE","austin-tx","4876240","FIXED","Current accepted membership uses the existing source authorities; unavailable plus zero is not presented as a complete quiet state."
"LP24449-ledger-01924","PROVIDER_HEALTH_FALSE","bosque-tx","4876348","FIXED","Current accepted membership uses the existing source authorities; unavailable plus zero is not presented as a complete quiet state."
"LP24449-ledger-01925","PROVIDER_HEALTH_FALSE","tyler-tx","4876564","FIXED","Current accepted membership uses the existing source authorities; unavailable plus zero is not presented as a complete quiet state."
"LP24449-ledger-01926","PROVIDER_HEALTH_FALSE","gregg-tx","4876576","FIXED","Current accepted membership uses the existing source authorities; unavailable plus zero is not presented as a complete quiet state."
"LP24449-ledger-01927","PROVIDER_HEALTH_FALSE","upshur-tx","4876576","FIXED","Current accepted membership uses the existing source authorities; unavailable plus zero is not presented as a complete quiet state."
"LP24449-ledger-01928","PROVIDER_HEALTH_FALSE","armstrong-tx","4876612","FIXED","Current accepted membership uses the existing source authorities; unavailable plus zero is not presented as a complete quiet state."
"LP24449-ledger-01929","PROVIDER_HEALTH_FALSE","harrison-tx","4876636","FIXED","Current accepted membership uses the existing source authorities; unavailable plus zero is not presented as a complete quiet state."
"LP24449-ledger-01930","PROVIDER_HEALTH_FALSE","tarrant-tx","4876672","FIXED","Current accepted membership uses the existing source authorities; unavailable plus zero is not presented as a complete quiet state."
"LP24449-ledger-01931","PROVIDER_HEALTH_FALSE","ellis-tx","4876816","FIXED","Current accepted membership uses the existing source authorities; unavailable plus zero is not presented as a complete quiet state."
"LP24449-ledger-01932","PROVIDER_HEALTH_FALSE","parker-tx","4876864","FIXED","Current accepted membership uses the existing source authorities; unavailable plus zero is not presented as a complete quiet state."
"LP24449-ledger-01933","PROVIDER_HEALTH_FALSE","travis-tx","4876924","FIXED","Current accepted membership uses the existing source authorities; unavailable plus zero is not presented as a complete quiet state."
"LP24449-ledger-01934","PROVIDER_HEALTH_FALSE","harris-tx","4876948","FIXED","Current accepted membership uses the existing source authorities; unavailable plus zero is not presented as a complete quiet state."
"LP24449-ledger-01935","PROVIDER_HEALTH_FALSE","colorado-tx","4877020","FIXED","Current accepted membership uses the existing source authorities; unavailable plus zero is not presented as a complete quiet state."
"LP24449-ledger-01936","PROVIDER_HEALTH_FALSE","haskell-tx","4877044","FIXED","Current accepted membership uses the existing source authorities; unavailable plus zero is not presented as a complete quiet state."
"LP24449-ledger-01937","PROVIDER_HEALTH_FALSE","williamson-tx","4877056","FIXED","Current accepted membership uses the existing source authorities; unavailable plus zero is not presented as a complete quiet state."
"LP24449-ledger-01938","PROVIDER_HEALTH_FALSE","dawson-tx","4877080","FIXED","Current accepted membership uses the existing source authorities; unavailable plus zero is not presented as a complete quiet state."
"LP24449-ledger-01939","PROVIDER_HEALTH_FALSE","collingsworth-tx","4877152","FIXED","Current accepted membership uses the existing source authorities; unavailable plus zero is not presented as a complete quiet state."
"LP24449-ledger-01940","PROVIDER_HEALTH_FALSE","terry-tx","4877164","FIXED","Current accepted membership uses the existing source authorities; unavailable plus zero is not presented as a complete quiet state."
"LP24449-ledger-01941","PROVIDER_HEALTH_FALSE","cherokee-tx","4877176","FIXED","Current accepted membership uses the existing source authorities; unavailable plus zero is not presented as a complete quiet state."
"LP24449-ledger-01942","PROVIDER_HEALTH_FALSE","travis-tx","4877196","FIXED","Current accepted membership uses the existing source authorities; unavailable plus zero is not presented as a complete quiet state."
"LP24449-ledger-01943","PROVIDER_HEALTH_FALSE","hidalgo-tx","4877272","FIXED","Current accepted membership uses the existing source authorities; unavailable plus zero is not presented as a complete quiet state."
"LP24449-ledger-01944","PROVIDER_HEALTH_FALSE","mclennan-tx","4877332","FIXED","Current accepted membership uses the existing source authorities; unavailable plus zero is not presented as a complete quiet state."
"LP24449-ledger-01945","PROVIDER_HEALTH_FALSE","starr-tx","4877336","FIXED","Current accepted membership uses the existing source authorities; unavailable plus zero is not presented as a complete quiet state."
"LP24449-ledger-01946","PROVIDER_HEALTH_FALSE","mitchell-tx","4877380","FIXED","Current accepted membership uses the existing source authorities; unavailable plus zero is not presented as a complete quiet state."
"LP24449-ledger-01947","PROVIDER_HEALTH_FALSE","brazoria-tx","4877416","FIXED","Current accepted membership uses the existing source authorities; unavailable plus zero is not presented as a complete quiet state."
"LP24449-ledger-01948","PROVIDER_HEALTH_FALSE","jim-wells-tx","4877422","FIXED","Current accepted membership uses the existing source authorities; unavailable plus zero is not presented as a complete quiet state."
"LP24449-ledger-01949","PROVIDER_HEALTH_FALSE","parker-tx","4877490","FIXED","Current accepted membership uses the existing source authorities; unavailable plus zero is not presented as a complete quiet state."
"LP24449-ledger-01950","PROVIDER_HEALTH_FALSE","denton-tx","4877620","FIXED","Current accepted membership uses the existing source authorities; unavailable plus zero is not presented as a complete quiet state."
"LP24449-ledger-01951","PROVIDER_HEALTH_FALSE","tarrant-tx","4877620","FIXED","Current accepted membership uses the existing source authorities; unavailable plus zero is not presented as a complete quiet state."
"LP24449-ledger-01952","PROVIDER_HEALTH_FALSE","travis-tx","4877632","FIXED","Current accepted membership uses the existing source authorities; unavailable plus zero is not presented as a complete quiet state."
"LP24449-ledger-01953","PROVIDER_HEALTH_FALSE","polk-tx","4877662","FIXED","Current accepted membership uses the existing source authorities; unavailable plus zero is not presented as a complete quiet state."
"LP24449-ledger-01954","PROVIDER_HEALTH_FALSE","collin-tx","4877680","FIXED","Current accepted membership uses the existing source authorities; unavailable plus zero is not presented as a complete quiet state."
"LP24449-ledger-01955","PROVIDER_HEALTH_FALSE","ector-tx","4877728","FIXED","Current accepted membership uses the existing source authorities; unavailable plus zero is not presented as a complete quiet state."
"LP24449-ledger-01956","PROVIDER_HEALTH_FALSE","collin-tx","4877740","FIXED","Current accepted membership uses the existing source authorities; unavailable plus zero is not presented as a complete quiet state."
"LP24449-ledger-01957","PROVIDER_HEALTH_FALSE","fort-bend-tx","4877746","FIXED","Current accepted membership uses the existing source authorities; unavailable plus zero is not presented as a complete quiet state."
"LP24449-ledger-01958","PROVIDER_HEALTH_FALSE","orange-tx","4877752","FIXED","Current accepted membership uses the existing source authorities; unavailable plus zero is not presented as a complete quiet state."
"LP24449-ledger-01959","PROVIDER_HEALTH_FALSE","tarrant-tx","4877788","FIXED","Current accepted membership uses the existing source authorities; unavailable plus zero is not presented as a complete quiet state."
"LP24449-ledger-01960","PROVIDER_HEALTH_FALSE","hidalgo-tx","4877866","FIXED","Current accepted membership uses the existing source authorities; unavailable plus zero is not presented as a complete quiet state."
"LP24449-ledger-01961","PROVIDER_HEALTH_FALSE","hunt-tx","4877896","FIXED","Current accepted membership uses the existing source authorities; unavailable plus zero is not presented as a complete quiet state."
"LP24449-ledger-01963","PROVIDER_HEALTH_FALSE","el-paso-tx","4878016","FIXED","Current accepted membership uses the existing source authorities; unavailable plus zero is not presented as a complete quiet state."
"LP24449-ledger-01964","PROVIDER_HEALTH_FALSE","trinity-tx","4878040","FIXED","Current accepted membership uses the existing source authorities; unavailable plus zero is not presented as a complete quiet state."
"LP24449-ledger-01965","PROVIDER_HEALTH_FALSE","tarrant-tx","4878076","FIXED","Current accepted membership uses the existing source authorities; unavailable plus zero is not presented as a complete quiet state."
"LP24449-ledger-01966","PROVIDER_HEALTH_FALSE","wharton-tx","4878136","FIXED","Current accepted membership uses the existing source authorities; unavailable plus zero is not presented as a complete quiet state."
"LP24449-ledger-01967","PROVIDER_HEALTH_FALSE","wheeler-tx","4878208","FIXED","Current accepted membership uses the existing source authorities; unavailable plus zero is not presented as a complete quiet state."
"LP24449-ledger-01968","PROVIDER_HEALTH_FALSE","carson-tx","4878316","FIXED","Current accepted membership uses the existing source authorities; unavailable plus zero is not presented as a complete quiet state."
"LP24449-ledger-01969","PROVIDER_HEALTH_FALSE","cochran-tx","4878328","FIXED","Current accepted membership uses the existing source authorities; unavailable plus zero is not presented as a complete quiet state."
"LP24449-ledger-01970","PROVIDER_HEALTH_FALSE","smith-tx","4878388","FIXED","Current accepted membership uses the existing source authorities; unavailable plus zero is not presented as a complete quiet state."
"LP24449-ledger-01971","PROVIDER_HEALTH_FALSE","gregg-tx","4878436","FIXED","Current accepted membership uses the existing source authorities; unavailable plus zero is not presented as a complete quiet state."
"LP24449-ledger-01972","PROVIDER_HEALTH_FALSE","grayson-tx","4878532","FIXED","Current accepted membership uses the existing source authorities; unavailable plus zero is not presented as a complete quiet state."
"LP24449-ledger-01973","PROVIDER_HEALTH_FALSE","tarrant-tx","4878544","FIXED","Current accepted membership uses the existing source authorities; unavailable plus zero is not presented as a complete quiet state."
"LP24449-ledger-01974","PROVIDER_HEALTH_FALSE","fannin-tx","4878628","FIXED","Current accepted membership uses the existing source authorities; unavailable plus zero is not presented as a complete quiet state."
"LP24449-ledger-01975","PROVIDER_HEALTH_FALSE","grayson-tx","4878628","FIXED","Current accepted membership uses the existing source authorities; unavailable plus zero is not presented as a complete quiet state."
"LP24449-ledger-01976","PROVIDER_HEALTH_FALSE","hockley-tx","4878640","FIXED","Current accepted membership uses the existing source authorities; unavailable plus zero is not presented as a complete quiet state."
"LP24449-ledger-01977","PROVIDER_HEALTH_FALSE","hill-tx","4878664","FIXED","Current accepted membership uses the existing source authorities; unavailable plus zero is not presented as a complete quiet state."
"LP24449-ledger-01978","PROVIDER_HEALTH_FALSE","clay-tx","4879000","FIXED","Current accepted membership uses the existing source authorities; unavailable plus zero is not presented as a complete quiet state."
"LP24449-ledger-01979","PROVIDER_HEALTH_FALSE","wichita-tx","4879000","FIXED","Current accepted membership uses the existing source authorities; unavailable plus zero is not presented as a complete quiet state."
"LP24449-ledger-01980","PROVIDER_HEALTH_FALSE","ward-tx","4879036","FIXED","Current accepted membership uses the existing source authorities; unavailable plus zero is not presented as a complete quiet state."
"LP24449-ledger-01981","PROVIDER_HEALTH_FALSE","oldham-tx","4879180","FIXED","Current accepted membership uses the existing source authorities; unavailable plus zero is not presented as a complete quiet state."
"LP24449-ledger-01982","PROVIDER_HEALTH_FALSE","brazoria-tx","4879192","FIXED","Current accepted membership uses the existing source authorities; unavailable plus zero is not presented as a complete quiet state."
"LP24449-ledger-01983","PROVIDER_HEALTH_FALSE","hardin-tx","4879204","FIXED","Current accepted membership uses the existing source authorities; unavailable plus zero is not presented as a complete quiet state."
"LP24449-ledger-01984","PROVIDER_HEALTH_FALSE","tyler-tx","4879204","FIXED","Current accepted membership uses the existing source authorities; unavailable plus zero is not presented as a complete quiet state."
"LP24449-ledger-01985","PROVIDER_HEALTH_FALSE","montgomery-tx","4879408","FIXED","Current accepted membership uses the existing source authorities; unavailable plus zero is not presented as a complete quiet state."
"LP24449-ledger-01986","PROVIDER_HEALTH_FALSE","mclennan-tx","4879456","FIXED","Current accepted membership uses the existing source authorities; unavailable plus zero is not presented as a complete quiet state."
"LP24449-ledger-01987","PROVIDER_HEALTH_FALSE","parker-tx","4879492","FIXED","Current accepted membership uses the existing source authorities; unavailable plus zero is not presented as a complete quiet state."
"LP24449-ledger-01988","PROVIDER_HEALTH_FALSE","van-zandt-tx","4879564","FIXED","Current accepted membership uses the existing source authorities; unavailable plus zero is not presented as a complete quiet state."
"LP24449-ledger-01989","PROVIDER_HEALTH_FALSE","dallas-tx","4879576","FIXED","Current accepted membership uses the existing source authorities; unavailable plus zero is not presented as a complete quiet state."
"LP24449-ledger-01990","PROVIDER_HEALTH_FALSE","lynn-tx","4879612","FIXED","Current accepted membership uses the existing source authorities; unavailable plus zero is not presented as a complete quiet state."
"LP24449-ledger-01991","PROVIDER_HEALTH_FALSE","hays-tx","4879624","FIXED","Current accepted membership uses the existing source authorities; unavailable plus zero is not presented as a complete quiet state."
"LP24449-ledger-01992","PROVIDER_HEALTH_FALSE","bexar-tx","4879672","FIXED","Current accepted membership uses the existing source authorities; unavailable plus zero is not presented as a complete quiet state."
"LP24449-ledger-01993","PROVIDER_HEALTH_FALSE","fannin-tx","4879684","FIXED","Current accepted membership uses the existing source authorities; unavailable plus zero is not presented as a complete quiet state."
"LP24449-ledger-01994","PROVIDER_HEALTH_FALSE","archer-tx","4879696","FIXED","Current accepted membership uses the existing source authorities; unavailable plus zero is not presented as a complete quiet state."
"LP24449-ledger-01995","PROVIDER_HEALTH_FALSE","clay-tx","4879696","FIXED","Current accepted membership uses the existing source authorities; unavailable plus zero is not presented as a complete quiet state."
"LP24449-ledger-01996","PROVIDER_HEALTH_FALSE","titus-tx","4879720","FIXED","Current accepted membership uses the existing source authorities; unavailable plus zero is not presented as a complete quiet state."
"LP24449-ledger-01997","PROVIDER_HEALTH_FALSE","runnels-tx","4879756","FIXED","Current accepted membership uses the existing source authorities; unavailable plus zero is not presented as a complete quiet state."
"LP24449-ledger-01998","PROVIDER_HEALTH_FALSE","winkler-tx","4879768","FIXED","Current accepted membership uses the existing source authorities; unavailable plus zero is not presented as a complete quiet state."
"LP24449-ledger-01999","PROVIDER_HEALTH_FALSE","chambers-tx","4879792","FIXED","Current accepted membership uses the existing source authorities; unavailable plus zero is not presented as a complete quiet state."
"LP24449-ledger-02000","PROVIDER_HEALTH_FALSE","franklin-tx","4879816","FIXED","Current accepted membership uses the existing source authorities; unavailable plus zero is not presented as a complete quiet state."
"LP24449-ledger-02001","PROVIDER_HEALTH_FALSE","wood-tx","4879816","FIXED","Current accepted membership uses the existing source authorities; unavailable plus zero is not presented as a complete quiet state."
"LP24449-ledger-02002","PROVIDER_HEALTH_FALSE","smith-tx","4879828","FIXED","Current accepted membership uses the existing source authorities; unavailable plus zero is not presented as a complete quiet state."
"LP24449-ledger-02003","PROVIDER_HEALTH_FALSE","runnels-tx","4879876","FIXED","Current accepted membership uses the existing source authorities; unavailable plus zero is not presented as a complete quiet state."
"LP24449-ledger-02004","PROVIDER_HEALTH_FALSE","brazos-tx","4879919","FIXED","Current accepted membership uses the existing source authorities; unavailable plus zero is not presented as a complete quiet state."
"LP24449-ledger-02005","PROVIDER_HEALTH_FALSE","hunt-tx","4879948","FIXED","Current accepted membership uses the existing source authorities; unavailable plus zero is not presented as a complete quiet state."
"LP24449-ledger-02006","PROVIDER_HEALTH_FALSE","lubbock-tx","4879972","FIXED","Current accepted membership uses the existing source authorities; unavailable plus zero is not presented as a complete quiet state."
"LP24449-ledger-02007","PROVIDER_HEALTH_FALSE","montgomery-tx","4880044","FIXED","Current accepted membership uses the existing source authorities; unavailable plus zero is not presented as a complete quiet state."
"LP24449-ledger-02008","PROVIDER_HEALTH_FALSE","hays-tx","4880058","FIXED","Current accepted membership uses the existing source authorities; unavailable plus zero is not presented as a complete quiet state."
"LP24449-ledger-02009","PROVIDER_HEALTH_FALSE","montgomery-tx","4880144","FIXED","Current accepted membership uses the existing source authorities; unavailable plus zero is not presented as a complete quiet state."
"LP24449-ledger-02010","PROVIDER_HEALTH_FALSE","refugio-tx","4880176","FIXED","Current accepted membership uses the existing source authorities; unavailable plus zero is not presented as a complete quiet state."
"LP24449-ledger-02011","PROVIDER_HEALTH_FALSE","throckmorton-tx","4880188","FIXED","Current accepted membership uses the existing source authorities; unavailable plus zero is not presented as a complete quiet state."
"LP24449-ledger-02012","PROVIDER_HEALTH_FALSE","tyler-tx","4880212","FIXED","Current accepted membership uses the existing source authorities; unavailable plus zero is not presented as a complete quiet state."
"LP24449-ledger-02013","PROVIDER_HEALTH_FALSE","mclennan-tx","4880224","FIXED","Current accepted membership uses the existing source authorities; unavailable plus zero is not presented as a complete quiet state."
"LP24449-ledger-02014","PROVIDER_HEALTH_FALSE","freestone-tx","4880296","FIXED","Current accepted membership uses the existing source authorities; unavailable plus zero is not presented as a complete quiet state."
"LP24449-ledger-02015","PROVIDER_HEALTH_FALSE","bastrop-tx","4880350","FIXED","Current accepted membership uses the existing source authorities; unavailable plus zero is not presented as a complete quiet state."
"LP24449-ledger-02016","PROVIDER_HEALTH_FALSE","collin-tx","4880356","FIXED","Current accepted membership uses the existing source authorities; unavailable plus zero is not presented as a complete quiet state."
"LP24449-ledger-02017","PROVIDER_HEALTH_FALSE","dallas-tx","4880356","FIXED","Current accepted membership uses the existing source authorities; unavailable plus zero is not presented as a complete quiet state."
"LP24449-ledger-02018","PROVIDER_HEALTH_FALSE","rockwall-tx","4880356","FIXED","Current accepted membership uses the existing source authorities; unavailable plus zero is not presented as a complete quiet state."
"LP24449-ledger-02019","PROVIDER_HEALTH_FALSE","medina-tx","4880428","FIXED","Current accepted membership uses the existing source authorities; unavailable plus zero is not presented as a complete quiet state."
"LP24449-ledger-02020","PROVIDER_HEALTH_FALSE","wood-tx","4880440","FIXED","Current accepted membership uses the existing source authorities; unavailable plus zero is not presented as a complete quiet state."
"LP24449-ledger-02021","PROVIDER_HEALTH_FALSE","dewitt-tx","4880560","FIXED","Current accepted membership uses the existing source authorities; unavailable plus zero is not presented as a complete quiet state."
"LP24449-ledger-02022","PROVIDER_HEALTH_FALSE","lavaca-tx","4880560","FIXED","Current accepted membership uses the existing source authorities; unavailable plus zero is not presented as a complete quiet state."
"LP24449-ledger-02023","PROVIDER_HEALTH_FALSE","dewitt-tx","4880584","FIXED","Current accepted membership uses the existing source authorities; unavailable plus zero is not presented as a complete quiet state."
"LP24449-ledger-02024","PROVIDER_HEALTH_FALSE","cameron-tx","4880686","FIXED","Current accepted membership uses the existing source authorities; unavailable plus zero is not presented as a complete quiet state."
"LP24449-ledger-02025","PROVIDER_HEALTH_FALSE","zapata-tx","4880716","FIXED","Current accepted membership uses the existing source authorities; unavailable plus zero is not presented as a complete quiet state."
"LP24449-ledger-02026","PROVIDER_HEALTH_FALSE","willacy-tx","4880722","FIXED","Current accepted membership uses the existing source authorities; unavailable plus zero is not presented as a complete quiet state."
"LP24449-ledger-02027","PROVIDER_HEALTH_FALSE","starr-tx","4880724","FIXED","Current accepted membership uses the existing source authorities; unavailable plus zero is not presented as a complete quiet state."
"LP24449-ledger-02028","PROVIDER_HEALTH_FALSE","angelina-tx","4880728","FIXED","Current accepted membership uses the existing source authorities; unavailable plus zero is not presented as a complete quiet state."
"LP24449-ledger-02029","PROVIDER_HEALTH_FALSE","brown-tx","4880740","FIXED","Current accepted membership uses the existing source authorities; unavailable plus zero is not presented as a complete quiet state."
"LP24449-ledger-02030","PROVIDER_HEALTH_FALSE","guadalupe-tx","4880836","FIXED","Current accepted membership uses the existing source authorities; unavailable plus zero is not presented as a complete quiet state."
"LP24449-ledger-02031","PULSE_PUBLISHED_COUNT_STALE_AFTER_CLEAR","mills-tx","4830056","STILL_FAIL","Original isolated baseline/current witnesses converge, but family closure remains blocked by independently reproduced stale publication counts in statewide sequences. See pulse-blocker-analysis.json; this is not certified as a timing artifact."
"LP24449-ledger-02032","PULSE_PUBLISHED_COUNT_STALE_AFTER_CLEAR","mills-tx","4830056","STILL_FAIL","Original isolated baseline/current witnesses converge, but family closure remains blocked by independently reproduced stale publication counts in statewide sequences. See pulse-blocker-analysis.json; this is not certified as a timing artifact."
"LP24449-ledger-02033","PULSE_PUBLISHED_COUNT_STALE_AFTER_CLEAR","mitchell-tx","4816120","STILL_FAIL","Original isolated baseline/current witnesses converge, but family closure remains blocked by independently reproduced stale publication counts in statewide sequences. See pulse-blocker-analysis.json; this is not certified as a timing artifact."
"LP24449-ledger-02034","PULSE_PUBLISHED_COUNT_STALE_AFTER_CLEAR","mitchell-tx","4816120","STILL_FAIL","Original isolated baseline/current witnesses converge, but family closure remains blocked by independently reproduced stale publication counts in statewide sequences. See pulse-blocker-analysis.json; this is not certified as a timing artifact."
"LP24449-ledger-02035","PULSE_PUBLISHED_COUNT_STALE_AFTER_CLEAR","montgomery-tx","4818260","STILL_FAIL","Original isolated baseline/current witnesses converge, but family closure remains blocked by independently reproduced stale publication counts in statewide sequences. See pulse-blocker-analysis.json; this is not certified as a timing artifact."
"LP24449-ledger-02036","PULSE_PUBLISHED_COUNT_STALE_AFTER_CLEAR","montgomery-tx","4818260","STILL_FAIL","Original isolated baseline/current witnesses converge, but family closure remains blocked by independently reproduced stale publication counts in statewide sequences. See pulse-blocker-analysis.json; this is not certified as a timing artifact."
"LP24449-ledger-02037","PULSE_PUBLISHED_COUNT_STALE_AFTER_CLEAR","presidio-tx","4846620","STILL_FAIL","Original isolated baseline/current witnesses converge, but family closure remains blocked by independently reproduced stale publication counts in statewide sequences. See pulse-blocker-analysis.json; this is not certified as a timing artifact."
"LP24449-ledger-02038","PULSE_PUBLISHED_COUNT_STALE_AFTER_CLEAR","presidio-tx","4846620","STILL_FAIL","Original isolated baseline/current witnesses converge, but family closure remains blocked by independently reproduced stale publication counts in statewide sequences. See pulse-blocker-analysis.json; this is not certified as a timing artifact."
"LP24449-ledger-02039","PULSE_PUBLISHED_COUNT_STALE_AFTER_CLEAR","wharton-tx","4809232","STILL_FAIL","Original isolated baseline/current witnesses converge, but family closure remains blocked by independently reproduced stale publication counts in statewide sequences. See pulse-blocker-analysis.json; this is not certified as a timing artifact."
"LP24449-ledger-02040","PULSE_PUBLISHED_COUNT_STALE_AFTER_CLEAR","wharton-tx","4809232","STILL_FAIL","Original isolated baseline/current witnesses converge, but family closure remains blocked by independently reproduced stale publication counts in statewide sequences. See pulse-blocker-analysis.json; this is not certified as a timing artifact."
"LP24449-ledger-02377","CROSSING_ELIGIBLE_PACKAGE_MISSING","aransas-tx","4803600","RECLASSIFIED","FRA source-county lineage is not package ownership. Certified polygon containment, governed package, adapter ID, and current browser inventory agree."
"LP24449-ledger-02378","CROSSING_ELIGIBLE_PACKAGE_MISSING","atascosa-tx","4845288","RECLASSIFIED","FRA source-county lineage is not package ownership. Certified polygon containment, governed package, adapter ID, and current browser inventory agree."
"LP24449-ledger-02379","CROSSING_ELIGIBLE_PACKAGE_MISSING","bell-tx","4805732","RECLASSIFIED","FRA source-county lineage is not package ownership. Certified polygon containment, governed package, adapter ID, and current browser inventory agree."
"LP24449-ledger-02380","CROSSING_ELIGIBLE_PACKAGE_MISSING","collin-tx","4819000","RECLASSIFIED","FRA source-county lineage is not package ownership. Certified polygon containment, governed package, adapter ID, and current browser inventory agree."
"LP24449-ledger-02381","CROSSING_ELIGIBLE_PACKAGE_MISSING","collin-tx","4863668","RECLASSIFIED","FRA source-county lineage is not package ownership. Certified polygon containment, governed package, adapter ID, and current browser inventory agree."
"LP24449-ledger-02382","CROSSING_ELIGIBLE_PACKAGE_MISSING","dallas-tx","4830464","RECLASSIFIED","FRA source-county lineage is not package ownership. Certified polygon containment, governed package, adapter ID, and current browser inventory agree."
"LP24449-ledger-02383","CROSSING_ELIGIBLE_PACKAGE_MISSING","dewitt-tx","4880560","RECLASSIFIED","FRA source-county lineage is not package ownership. Certified polygon containment, governed package, adapter ID, and current browser inventory agree."
"LP24449-ledger-02384","CROSSING_ELIGIBLE_PACKAGE_MISSING","guadalupe-tx","4866128","RECLASSIFIED","FRA source-county lineage is not package ownership. Certified polygon containment, governed package, adapter ID, and current browser inventory agree."
"LP24449-ledger-02385","CROSSING_ELIGIBLE_PACKAGE_MISSING","madison-tx","4851840","RECLASSIFIED","FRA source-county lineage is not package ownership. Certified polygon containment, governed package, adapter ID, and current browser inventory agree."
"LP24449-ledger-02386","CROSSING_ELIGIBLE_PACKAGE_MISSING","travis-tx","4805000","RECLASSIFIED","FRA source-county lineage is not package ownership. Certified polygon containment, governed package, adapter ID, and current browser inventory agree."
"LP24449-ledger-02387","CROSSING_ELIGIBLE_PACKAGE_MISSING","wise-tx","4827000","RECLASSIFIED","FRA source-county lineage is not package ownership. Certified polygon containment, governed package, adapter ID, and current browser inventory agree."
"LP24449-ledger-02388","CROSSING_ELIGIBLE_PACKAGE_MISSING","wise-tx","4856462","RECLASSIFIED","FRA source-county lineage is not package ownership. Certified polygon containment, governed package, adapter ID, and current browser inventory agree."
"LP24449-ledger-02389","FILTER_COUNTY_WRONG_SCOPE","aransas-tx","4803600","FIXED","County view takes the accepted operational county before geographic centroid fallback. Search, Around Me, Return Home and Route Watch protection are checked separately."
