{
  "type": "FeatureCollection",
  "features": [
    {
      "type": "Feature",
      "id": 205009,
      "geometry": {
        "type": "Point",
        "coordinates": [
          -96.1249919995733,
          31.0971957002761
        ]
      },
      "properties": {
        "OBJECTID": 205009,
        "CROSSING": "597158M",
        "EFFDATE": 1739232000000,
        "REASON": "14",
        "StateCode": "48",
        "CountyCode": "48289",
        "STCYFIPS": "48289",
        "CITYCD": "482894940",
        "RAILROAD": "BNSF",
        "RRDIV": "RED RIVER",
        "RRSUBDIV": "HOUSTON",
        "HIGHWAY": "CR 487",
        "STREET": "CR 0487",
        "TTSTN": "682278",
        "MILEPOST": "0164.648",
        "TYPEXING": "Public",
        "POSXING": "At Grade",
        "PRVCAT": "14",
        "INIT": "1",
        "LATITUDE": 31.0971957,
        "LONGITUD": -96.124992,
        "LLSOURCE": "1",
        "WHISTBAN": "0",
        "RRCONT": "8173521549",
        "POLCONT": "8008325452",
        "INV_LINK": "https://safetydata.fra.dot.gov/OfficeofSafety/PublicSite/Crossing/Crossing.aspx?phasetype=C&rpttype=I&txtcrossingnum=597158M",
        "ACC_LINK": "https://safetydata.fra.dot.gov/OfficeofSafety/PublicSite/Crossing/Crossing.aspx?phasetype=C&rpttype=A&txtcrossingnum=597158M",
        "TTSTNNAM": "FLYNN",
        "XPURPOSE": "1",
        "OPERATINGR": "BNSF",
        "OPERATIN_1": "Primary",
        "DAYTHRU": 3,
        "NGHTTHRU": 2,
        "MAINTRK": 1,
        "SIDINGTRK": 0,
        "YARDTRK": 0,
        "TRANSITTRK": 0,
        "INDUSTRYTR": 0,
        "OTHRTRK": 0,
        "WDCODE": "Crossbucks",
        "REVISIONDA": "1996/01/01 00:00:00",
        "LASTUPDATE": "2/11/2025",
        "AADT": "9",
        "AADTYEAR": "2019",
        "STATENAME": "TEXAS",
        "STATEAB": "TX",
        "COUNTYNAME": "LEON",
        "CITYNAME": "NORMANGEE",
        "LATDD": 31.0971957,
        "LONGDD": -96.124992,
        "gridlyProductionCertified": true,
        "gridlyClassification": "PUBLIC_ROADWAY",
        "gridlyDisplayName": "CR 0487",
        "gridlyId": "FRA-597158M"
      }
    },
    {
      "type": "Feature",
      "id": 205016,
      "geometry": {
        "type": "Point",
        "coordinates": [
          -96.1134219996495,
          31.0272093999274
        ]
      },
      "properties": {
        "OBJECTID": 205016,
        "CROSSING": "597155S",
        "EFFDATE": 1739232000000,
        "REASON": "14",
        "StateCode": "48",
        "CountyCode": "48313",
        "STCYFIPS": "48313",
        "CITYCD": "483134940",
        "RAILROAD": "BNSF",
        "RRDIV": "RED RIVER",
        "RRSUBDIV": "HOUSTON",
        "HIGHWAY": "SH 0999",
        "STREET": "SH 0999",
        "TTSTN": "682358",
        "MILEPOST": "0159.367",
        "TYPEXING": "Public",
        "POSXING": "At Grade",
        "PRVCAT": "14",
        "INIT": "1",
        "LATITUDE": 31.0272094,
        "LONGITUD": -96.113422,
        "LLSOURCE": "1",
        "WHISTBAN": "0",
        "RRCONT": "8173521549",
        "POLCONT": "8008325452",
        "INV_LINK": "https://safetydata.fra.dot.gov/OfficeofSafety/PublicSite/Crossing/Crossing.aspx?phasetype=C&rpttype=I&txtcrossingnum=597155S",
        "ACC_LINK": "https://safetydata.fra.dot.gov/OfficeofSafety/PublicSite/Crossing/Crossing.aspx?phasetype=C&rpttype=A&txtcrossingnum=597155S",
        "TTSTNNAM": "ZULCH",
        "XPURPOSE": "1",
        "OPERATINGR": "BNSF",
        "OPERATIN_1": "Primary",
        "DAYTHRU": 3,
        "NGHTTHRU": 2,
        "MAINTRK": 1,
        "SIDINGTRK": 0,
        "YARDTRK": 0,
        "TRANSITTRK": 0,
        "INDUSTRYTR": 0,
        "OTHRTRK": 0,
        "WDCODE": "All other Gates",
        "REVISIONDA": "1996/01/01 00:00:00",
        "LASTUPDATE": "2/11/2025",
        "AADT": "2800",
        "AADTYEAR": "2010",
        "STATENAME": "TEXAS",
        "STATEAB": "TX",
        "COUNTYNAME": "MADISON",
        "CITYNAME": "NORMANGEE",
        "LATDD": 31.0272094,
        "LONGDD": -96.113422,
        "gridlyProductionCertified": true,
        "gridlyClassification": "PUBLIC_ROADWAY",
        "gridlyDisplayName": "SH 0999",
        "gridlyId": "FRA-597155S"
      }
    },
    {
      "type": "Feature",
      "id": 205019,
      "geometry": {
        "type": "Point",
        "coordinates": [
          -96.1302809996919,
          31.169459499751
        ]
      },
      "properties": {
        "OBJECTID": 205019,
        "CROSSING": "598231L",
        "EFFDATE": 1739232000000,
        "REASON": "14",
        "StateCode": "48",
        "CountyCode": "48289",
        "STCYFIPS": "48289",
        "CITYCD": "482894940",
        "RAILROAD": "BNSF",
        "RRDIV": "RED RIVER",
        "RRSUBDIV": "HOUSTON",
        "HIGHWAY": "PRIVATE",
        "STREET": "CR 441",
        "TTSTN": "682278",
        "MILEPOST": "0169.711",
        "TYPEXING": "Private",
        "POSXING": "At Grade",
        "PRVCAT": "14",
        "INIT": "1",
        "LATITUDE": 31.1694595,
        "LONGITUD": -96.130281,
        "LLSOURCE": "1",
        "WHISTBAN": "0",
        "RRCONT": "8173521549",
        "POLCONT": "8008325452",
        "INV_LINK": "https://safetydata.fra.dot.gov/OfficeofSafety/PublicSite/Crossing/Crossing.aspx?phasetype=C&rpttype=I&txtcrossingnum=598231L",
        "ACC_LINK": "https://safetydata.fra.dot.gov/OfficeofSafety/PublicSite/Crossing/Crossing.aspx?phasetype=C&rpttype=A&txtcrossingnum=598231L",
        "TTSTNNAM": "FLYNN",
        "XPURPOSE": "1",
        "OPERATINGR": "BNSF",
        "OPERATIN_1": "Primary",
        "DAYTHRU": 3,
        "NGHTTHRU": 2,
        "MAINTRK": 1,
        "SIDINGTRK": 0,
        "YARDTRK": 0,
        "TRANSITTRK": 0,
        "INDUSTRYTR": 0,
        "OTHRTRK": 0,
        "WDCODE": "",
        "REVISIONDA": "1996/01/01 00:00:00",
        "LASTUPDATE": "2/11/2025",
        "AADT": "",
        "AADTYEAR": "1970",
        "STATENAME": "TEXAS",
        "STATEAB": "TX",
        "COUNTYNAME": "LEON",
        "CITYNAME": "NORMANGEE",
        "LATDD": 31.1694595,
        "LONGDD": -96.130281,
        "gridlyProductionCertified": true,
        "gridlyClassification": "PUBLIC_ROADWAY",
        "gridlyDisplayName": "CR 441",
        "gridlyId": "FRA-598231L"
      }
    },
    {
      "type": "Feature",
      "id": 205020,
      "geometry": {
        "type": "Point",
        "coordinates": [
          -96.1225500004404,
          31.1114815000272
        ]
      },
      "properties": {
        "OBJECTID": 205020,
        "CROSSING": "673565Y",
        "EFFDATE": 1739232000000,
        "REASON": "14",
        "StateCode": "48",
        "CountyCode": "48289",
        "STCYFIPS": "48289",
        "CITYCD": "482894940",
        "RAILROAD": "BNSF",
        "RRDIV": "RED RIVER",
        "RRSUBDIV": "HOUSTON",
        "HIGHWAY": "Not Yet Reported by State",
        "STREET": "CR 472",
        "TTSTN": "682278",
        "MILEPOST": "0165.619",
        "TYPEXING": "Private",
        "POSXING": "At Grade",
        "PRVCAT": "14",
        "INIT": "1",
        "LATITUDE": 31.1114815,
        "LONGITUD": -96.12255,
        "LLSOURCE": "1",
        "WHISTBAN": "0",
        "RRCONT": "8173521549",
        "POLCONT": "8008325452",
        "INV_LINK": "https://safetydata.fra.dot.gov/OfficeofSafety/PublicSite/Crossing/Crossing.aspx?phasetype=C&rpttype=I&txtcrossingnum=673565Y",
        "ACC_LINK": "https://safetydata.fra.dot.gov/OfficeofSafety/PublicSite/Crossing/Crossing.aspx?phasetype=C&rpttype=A&txtcrossingnum=673565Y",
        "TTSTNNAM": "FLYNN",
        "XPURPOSE": "1",
        "OPERATINGR": "BNSF",
        "OPERATIN_1": "Primary",
        "DAYTHRU": 3,
        "NGHTTHRU": 2,
        "MAINTRK": 1,
        "SIDINGTRK": 0,
        "YARDTRK": 0,
        "TRANSITTRK": 0,
        "INDUSTRYTR": 0,
        "OTHRTRK": 0,
        "WDCODE": "",
        "REVISIONDA": "1996/01/01 00:00:00",
        "LASTUPDATE": "2/11/2025",
        "AADT": "",
        "AADTYEAR": "1988",
        "STATENAME": "TEXAS",
        "STATEAB": "TX",
        "COUNTYNAME": "LEON",
        "CITYNAME": "NORMANGEE",
        "LATDD": 31.1114815,
        "LONGDD": -96.12255,
        "gridlyProductionCertified": true,
        "gridlyClassification": "PUBLIC_ROADWAY",
        "gridlyDisplayName": "CR 472",
        "gridlyId": "FRA-673565Y"
      }
    },
    {
      "type": "Feature",
      "id": 205021,
      "geometry": {
        "type": "Point",
        "coordinates": [
          -96.1374150001651,
          31.2830191000008
        ]
      },
      "properties": {
        "OBJECTID": 205021,
        "CROSSING": "597167L",
        "EFFDATE": 1739232000000,
        "REASON": "14",
        "StateCode": "48",
        "CountyCode": "48289",
        "STCYFIPS": "48289",
        "CITYCD": "482893510",
        "RAILROAD": "BNSF",
        "RRDIV": "RED RIVER",
        "RRSUBDIV": "HOUSTON",
        "HIGHWAY": "CO 0000",
        "STREET": "CR 0391",
        "TTSTN": "682243",
        "MILEPOST": "0178.296",
        "TYPEXING": "Public",
        "POSXING": "At Grade",
        "PRVCAT": "14",
        "INIT": "1",
        "LATITUDE": 31.2830191,
        "LONGITUD": -96.137415,
        "LLSOURCE": "1",
        "WHISTBAN": "0",
        "RRCONT": "8173521549",
        "POLCONT": "8008325452",
        "INV_LINK": "https://safetydata.fra.dot.gov/OfficeofSafety/PublicSite/Crossing/Crossing.aspx?phasetype=C&rpttype=I&txtcrossingnum=597167L",
        "ACC_LINK": "https://safetydata.fra.dot.gov/OfficeofSafety/PublicSite/Crossing/Crossing.aspx?phasetype=C&rpttype=A&txtcrossingnum=597167L",
        "TTSTNNAM": "NUCOR STEEL",
        "XPURPOSE": "1",
        "OPERATINGR": "BNSF",
        "OPERATIN_1": "Primary",
        "DAYTHRU": 3,
        "NGHTTHRU": 2,
        "MAINTRK": 1,
        "SIDINGTRK": 0,
        "YARDTRK": 0,
        "TRANSITTRK": 0,
        "INDUSTRYTR": 0,
        "OTHRTRK": 0,
        "WDCODE": "Crossbucks",
        "REVISIONDA": "1996/01/01 00:00:00",
        "LASTUPDATE": "2/11/2025",
        "AADT": "41",
        "AADTYEAR": "2019",
        "STATENAME": "TEXAS",
        "STATEAB": "TX",
        "COUNTYNAME": "LEON",
        "CITYNAME": "JEWETT",
        "LATDD": 31.2830191,
        "LONGDD": -96.137415,
        "gridlyProductionCertified": true,
        "gridlyClassification": "PUBLIC_ROADWAY",
        "gridlyDisplayName": "CR 0391",
        "gridlyId": "FRA-597167L"
      }
    },
    {
      "type": "Feature",
      "id": 205022,
      "geometry": {
        "type": "Point",
        "coordinates": [
          -96.1869229997142,
          31.3957328999307
        ]
      },
      "properties": {
        "OBJECTID": 205022,
        "CROSSING": "598239R",
        "EFFDATE": 1739232000000,
        "REASON": "14",
        "StateCode": "48",
        "CountyCode": "48289",
        "STCYFIPS": "48289",
        "CITYCD": "482893510",
        "RAILROAD": "BNSF",
        "RRDIV": "RED RIVER",
        "RRSUBDIV": "HOUSTON",
        "HIGHWAY": "PRIVATE",
        "STREET": "PVT",
        "TTSTN": "682243",
        "MILEPOST": "0187.203",
        "TYPEXING": "Private",
        "POSXING": "At Grade",
        "PRVCAT": "14",
        "INIT": "1",
        "LATITUDE": 31.3957329,
        "LONGITUD": -96.186923,
        "LLSOURCE": "1",
        "WHISTBAN": "0",
        "RRCONT": "8173521549",
        "POLCONT": "8008325452",
        "INV_LINK": "https://safetydata.fra.dot.gov/OfficeofSafety/PublicSite/Crossing/Crossing.aspx?phasetype=C&rpttype=I&txtcrossingnum=598239R",
        "ACC_LINK": "https://safetydata.fra.dot.gov/OfficeofSafety/PublicSite/Crossing/Crossing.aspx?phasetype=C&rpttype=A&txtcrossingnum=598239R",
        "TTSTNNAM": "NUCOR STEEL",
        "XPURPOSE": "1",
        "OPERATINGR": "BNSF",
        "OPERATIN_1": "Primary",
        "DAYTHRU": 3,
        "NGHTTHRU": 3,
        "MAINTRK": 1,
        "SIDINGTRK": 0,
        "YARDTRK": 0,
        "TRANSITTRK": 0,
        "INDUSTRYTR": 0,
        "OTHRTRK": 0,
        "WDCODE": "",
        "REVISIONDA": "1996/01/01 00:00:00",
        "LASTUPDATE": "2/11/2025",
        "AADT": "",
        "AADTYEAR": "1970",
        "STATENAME": "TEXAS",
        "STATEAB": "TX",
        "COUNTYNAME": "LEON",
        "CITYNAME": "JEWETT",
        "LATDD": 31.3957329,
        "LONGDD": -96.186923,
        "gridlyProductionCertified": true,
        "gridlyClassification": "PUBLIC_ROADWAY",
        "gridlyDisplayName": "PVT",
        "gridlyId": "FRA-598239R"
      }
    },
    {
      "type": "Feature",
      "id": 205028,
      "geometry": {
        "type": "Point",
        "coordinates": [
          -96.1701330001671,
          31.3427116997689
        ]
      },
      "properties": {
        "OBJECTID": 205028,
        "CROSSING": "597169A",
        "EFFDATE": 1739232000000,
        "REASON": "14",
        "StateCode": "48",
        "CountyCode": "48289",
        "STCYFIPS": "48289",
        "CITYCD": "482893510",
        "RAILROAD": "BNSF",
        "RRDIV": "RED RIVER",
        "RRSUBDIV": "HOUSTON",
        "HIGHWAY": "US79",
        "STREET": "US 0079",
        "TTSTN": "682243",
        "MILEPOST": "0183.500",
        "TYPEXING": "Public",
        "POSXING": "RR Under",
        "PRVCAT": "14",
        "INIT": "1",
        "LATITUDE": 31.3427117,
        "LONGITUD": -96.170133,
        "LLSOURCE": "1",
        "WHISTBAN": "0",
        "RRCONT": "8173521549",
        "POLCONT": "8008325452",
        "INV_LINK": "https://safetydata.fra.dot.gov/OfficeofSafety/PublicSite/Crossing/Crossing.aspx?phasetype=C&rpttype=I&txtcrossingnum=597169A",
        "ACC_LINK": "https://safetydata.fra.dot.gov/OfficeofSafety/PublicSite/Crossing/Crossing.aspx?phasetype=C&rpttype=A&txtcrossingnum=597169A",
        "TTSTNNAM": "NUCOR STEEL",
        "XPURPOSE": "1",
        "OPERATINGR": "BNSF",
        "OPERATIN_1": "Primary",
        "DAYTHRU": 3,
        "NGHTTHRU": 2,
        "MAINTRK": 1,
        "SIDINGTRK": 0,
        "YARDTRK": 0,
        "TRANSITTRK": 0,
        "INDUSTRYTR": 0,
        "OTHRTRK": 0,
        "WDCODE": "",
        "REVISIONDA": "1996/01/01 00:00:00",
        "LASTUPDATE": "2/11/2025",
        "AADT": "007500",
        "AADTYEAR": "2010",
        "STATENAME": "TEXAS",
        "STATEAB": "TX",
        "COUNTYNAME": "LEON",
        "CITYNAME": "JEWETT",
        "LATDD": 31.3427117,
        "LONGDD": -96.170133,
        "gridlyProductionCertified": true,
        "gridlyClassification": "PUBLIC_ROADWAY",
        "gridlyDisplayName": "US 0079",
        "gridlyId": "FRA-597169A"
      }
    },
    {
      "type": "Feature",
      "id": 205033,
      "geometry": {
        "type": "Point",
        "coordinates": [
          -96.188214999875,
          31.3861043001868
        ]
      },
      "properties": {
        "OBJECTID": 205033,
        "CROSSING": "597173P",
        "EFFDATE": 1739232000000,
        "REASON": "14",
        "StateCode": "48",
        "CountyCode": "48289",
        "STCYFIPS": "48289",
        "CITYCD": "482893510",
        "RAILROAD": "BNSF",
        "RRDIV": "RED RIVER",
        "RRSUBDIV": "HOUSTON",
        "HIGHWAY": "TEX39",
        "STREET": "SH 0039",
        "TTSTN": "682243",
        "MILEPOST": "0186.588",
        "TYPEXING": "Public",
        "POSXING": "RR Over",
        "PRVCAT": "14",
        "INIT": "1",
        "LATITUDE": 31.3861043,
        "LONGITUD": -96.188215,
        "LLSOURCE": "1",
        "WHISTBAN": "0",
        "RRCONT": "8173521549",
        "POLCONT": "8008325452",
        "INV_LINK": "https://safetydata.fra.dot.gov/OfficeofSafety/PublicSite/Crossing/Crossing.aspx?phasetype=C&rpttype=I&txtcrossingnum=597173P",
        "ACC_LINK": "https://safetydata.fra.dot.gov/OfficeofSafety/PublicSite/Crossing/Crossing.aspx?phasetype=C&rpttype=A&txtcrossingnum=597173P",
        "TTSTNNAM": "NUCOR STEEL",
        "XPURPOSE": "1",
        "OPERATINGR": "BNSF",
        "OPERATIN_1": "Primary",
        "DAYTHRU": 3,
        "NGHTTHRU": 3,
        "MAINTRK": 1,
        "SIDINGTRK": 0,
        "YARDTRK": 0,
        "TRANSITTRK": 0,
        "INDUSTRYTR": 0,
        "OTHRTRK": 0,
        "WDCODE": "",
        "REVISIONDA": "1996/01/01 00:00:00",
        "LASTUPDATE": "2/11/2025",
        "AADT": "002900",
        "AADTYEAR": "2010",
        "STATENAME": "TEXAS",
        "STATEAB": "TX",
        "COUNTYNAME": "LEON",
        "CITYNAME": "JEWETT",
        "LATDD": 31.3861043,
        "LONGDD": -96.188215,
        "gridlyProductionCertified": true,
        "gridlyClassification": "PUBLIC_ROADWAY",
        "gridlyDisplayName": "SH 0039",
        "gridlyId": "FRA-597173P"
      }
    },
    {
      "type": "Feature",
      "id": 205034,
      "geometry": {
        "type": "Point",
        "coordinates": [
          -96.1304809997084,
          31.245622000028
        ]
      },
      "properties": {
        "OBJECTID": 205034,
        "CROSSING": "597164R",
        "EFFDATE": 1739232000000,
        "REASON": "14",
        "StateCode": "48",
        "CountyCode": "48289",
        "STCYFIPS": "48289",
        "CITYCD": "482893510",
        "RAILROAD": "BNSF",
        "RRDIV": "RED RIVER",
        "RRSUBDIV": "HOUSTON",
        "HIGHWAY": "TEX39",
        "STREET": "FM 0039",
        "TTSTN": "682278",
        "MILEPOST": "0175.000",
        "TYPEXING": "Public",
        "POSXING": "RR Under",
        "PRVCAT": "14",
        "INIT": "1",
        "LATITUDE": 31.245622,
        "LONGITUD": -96.130481,
        "LLSOURCE": "1",
        "WHISTBAN": "0",
        "RRCONT": "8173521549",
        "POLCONT": "8008325452",
        "INV_LINK": "https://safetydata.fra.dot.gov/OfficeofSafety/PublicSite/Crossing/Crossing.aspx?phasetype=C&rpttype=I&txtcrossingnum=597164R",
        "ACC_LINK": "https://safetydata.fra.dot.gov/OfficeofSafety/PublicSite/Crossing/Crossing.aspx?phasetype=C&rpttype=A&txtcrossingnum=597164R",
        "TTSTNNAM": "FLYNN",
        "XPURPOSE": "1",
        "OPERATINGR": "BNSF",
        "OPERATIN_1": "Primary",
        "DAYTHRU": 3,
        "NGHTTHRU": 2,
        "MAINTRK": 1,
        "SIDINGTRK": 0,
        "YARDTRK": 0,
        "TRANSITTRK": 0,
        "INDUSTRYTR": 0,
        "OTHRTRK": 0,
        "WDCODE": "",
        "REVISIONDA": "1996/01/01 00:00:00",
        "LASTUPDATE": "2/11/2025",
        "AADT": "002700",
        "AADTYEAR": "2010",
        "STATENAME": "TEXAS",
        "STATEAB": "TX",
        "COUNTYNAME": "LEON",
        "CITYNAME": "JEWETT",
        "LATDD": 31.245622,
        "LONGDD": -96.130481,
        "gridlyProductionCertified": true,
        "gridlyClassification": "PUBLIC_ROADWAY",
        "gridlyDisplayName": "FM 0039",
        "gridlyId": "FRA-597164R"
      }
    },
    {
      "type": "Feature",
      "id": 205035,
      "geometry": {
        "type": "Point",
        "coordinates": [
          -96.1468689995726,
          31.254037999803
        ]
      },
      "properties": {
        "OBJECTID": 205035,
        "CROSSING": "597165X",
        "EFFDATE": 1739232000000,
        "REASON": "14",
        "StateCode": "48",
        "CountyCode": "48289",
        "STCYFIPS": "48289",
        "CITYCD": "482893510",
        "RAILROAD": "BNSF",
        "RRDIV": "RED RIVER",
        "RRSUBDIV": "HOUSTON",
        "HIGHWAY": "TEX7",
        "STREET": "SH 0007",
        "TTSTN": "682278",
        "MILEPOST": "0176.143",
        "TYPEXING": "Public",
        "POSXING": "RR Over",
        "PRVCAT": "14",
        "INIT": "1",
        "LATITUDE": 31.254038,
        "LONGITUD": -96.146869,
        "LLSOURCE": "1",
        "WHISTBAN": "0",
        "RRCONT": "8173521549",
        "POLCONT": "8008325452",
        "INV_LINK": "https://safetydata.fra.dot.gov/OfficeofSafety/PublicSite/Crossing/Crossing.aspx?phasetype=C&rpttype=I&txtcrossingnum=597165X",
        "ACC_LINK": "https://safetydata.fra.dot.gov/OfficeofSafety/PublicSite/Crossing/Crossing.aspx?phasetype=C&rpttype=A&txtcrossingnum=597165X",
        "TTSTNNAM": "FLYNN",
        "XPURPOSE": "1",
        "OPERATINGR": "BNSF",
        "OPERATIN_1": "Primary",
        "DAYTHRU": 3,
        "NGHTTHRU": 2,
        "MAINTRK": 1,
        "SIDINGTRK": 0,
        "YARDTRK": 0,
        "TRANSITTRK": 0,
        "INDUSTRYTR": 0,
        "OTHRTRK": 0,
        "WDCODE": "",
        "REVISIONDA": "1996/01/01 00:00:00",
        "LASTUPDATE": "2/11/2025",
        "AADT": "003100",
        "AADTYEAR": "2010",
        "STATENAME": "TEXAS",
        "STATEAB": "TX",
        "COUNTYNAME": "LEON",
        "CITYNAME": "JEWETT",
        "LATDD": 31.254038,
        "LONGDD": -96.146869,
        "gridlyProductionCertified": true,
        "gridlyClassification": "PUBLIC_ROADWAY",
        "gridlyDisplayName": "SH 0007",
        "gridlyId": "FRA-597165X"
      }
    },
    {
      "type": "Feature",
      "id": 205093,
      "geometry": {
        "type": "Point",
        "coordinates": [
          -96.1659920002693,
          31.3226210002448
        ]
      },
      "properties": {
        "OBJECTID": 205093,
        "CROSSING": "597168T",
        "EFFDATE": 1739232000000,
        "REASON": "14",
        "StateCode": "48",
        "CountyCode": "48289",
        "STCYFIPS": "48289",
        "CITYCD": "482893510",
        "RAILROAD": "BNSF",
        "RRDIV": "RED RIVER",
        "RRSUBDIV": "HOUSTON",
        "HIGHWAY": "CR 347",
        "STREET": "CR 0347",
        "TTSTN": "682243",
        "MILEPOST": "0181.927",
        "TYPEXING": "Public",
        "POSXING": "At Grade",
        "PRVCAT": "14",
        "INIT": "1",
        "LATITUDE": 31.322621,
        "LONGITUD": -96.165992,
        "LLSOURCE": "1",
        "WHISTBAN": "0",
        "RRCONT": "8173521549",
        "POLCONT": "8008325452",
        "INV_LINK": "https://safetydata.fra.dot.gov/OfficeofSafety/PublicSite/Crossing/Crossing.aspx?phasetype=C&rpttype=I&txtcrossingnum=597168T",
        "ACC_LINK": "https://safetydata.fra.dot.gov/OfficeofSafety/PublicSite/Crossing/Crossing.aspx?phasetype=C&rpttype=A&txtcrossingnum=597168T",
        "TTSTNNAM": "NUCOR STEEL",
        "XPURPOSE": "1",
        "OPERATINGR": "BNSF",
        "OPERATIN_1": "Primary",
        "DAYTHRU": 3,
        "NGHTTHRU": 2,
        "MAINTRK": 1,
        "SIDINGTRK": 0,
        "YARDTRK": 0,
        "TRANSITTRK": 0,
        "INDUSTRYTR": 0,
        "OTHRTRK": 0,
        "WDCODE": "Crossbucks",
        "REVISIONDA": "1996/01/01 00:00:00",
        "LASTUPDATE": "2/11/2025",
        "AADT": "468",
        "AADTYEAR": "2019",
        "STATENAME": "TEXAS",
        "STATEAB": "TX",
        "COUNTYNAME": "LEON",
        "CITYNAME": "JEWETT",
        "LATDD": 31.322621,
        "LONGDD": -96.165992,
        "gridlyProductionCertified": true,
        "gridlyClassification": "PUBLIC_ROADWAY",
        "gridlyDisplayName": "CR 0347",
        "gridlyId": "FRA-597168T"
      }
    },
    {
      "type": "Feature",
      "id": 205112,
      "geometry": {
        "type": "Point",
        "coordinates": [
          -96.1082499997068,
          31.0670998998824
        ]
      },
      "properties": {
        "OBJECTID": 205112,
        "CROSSING": "598225H",
        "EFFDATE": 1739232000000,
        "REASON": "14",
        "StateCode": "48",
        "CountyCode": "48289",
        "STCYFIPS": "48289",
        "CITYCD": "482894940",
        "RAILROAD": "BNSF",
        "RRDIV": "RED RIVER",
        "RRSUBDIV": "HOUSTON",
        "HIGHWAY": "PRIVATE",
        "STREET": "PVT",
        "TTSTN": "682278",
        "MILEPOST": "0162.319",
        "TYPEXING": "Private",
        "POSXING": "At Grade",
        "PRVCAT": "14",
        "INIT": "1",
        "LATITUDE": 31.0670999,
        "LONGITUD": -96.10825,
        "LLSOURCE": "1",
        "WHISTBAN": "0",
        "RRCONT": "8173521549",
        "POLCONT": "8008325452",
        "INV_LINK": "https://safetydata.fra.dot.gov/OfficeofSafety/PublicSite/Crossing/Crossing.aspx?phasetype=C&rpttype=I&txtcrossingnum=598225H",
        "ACC_LINK": "https://safetydata.fra.dot.gov/OfficeofSafety/PublicSite/Crossing/Crossing.aspx?phasetype=C&rpttype=A&txtcrossingnum=598225H",
        "TTSTNNAM": "FLYNN",
        "XPURPOSE": "1",
        "OPERATINGR": "BNSF",
        "OPERATIN_1": "Primary",
        "DAYTHRU": 3,
        "NGHTTHRU": 2,
        "MAINTRK": 1,
        "SIDINGTRK": 0,
        "YARDTRK": 0,
        "TRANSITTRK": 0,
        "INDUSTRYTR": 0,
        "OTHRTRK": 0,
        "WDCODE": "",
        "REVISIONDA": "1996/01/01 00:00:00",
        "LASTUPDATE": "2/11/2025",
        "AADT": "",
        "AADTYEAR": "1970",
        "STATENAME": "TEXAS",
        "STATEAB": "TX",
        "COUNTYNAME": "LEON",
        "CITYNAME": "NORMANGEE",
        "LATDD": 31.0670999,
        "LONGDD": -96.10825,
        "gridlyProductionCertified": true,
        "gridlyClassification": "PUBLIC_ROADWAY",
        "gridlyDisplayName": "PVT",
        "gridlyId": "FRA-598225H"
      }
    },
    {
      "type": "Feature",
      "id": 205113,
      "geometry": {
        "type": "Point",
        "coordinates": [
          -96.1300790000255,
          31.1864489998668
        ]
      },
      "properties": {
        "OBJECTID": 205113,
        "CROSSING": "597161V",
        "EFFDATE": 1739232000000,
        "REASON": "14",
        "StateCode": "48",
        "CountyCode": "48289",
        "STCYFIPS": "48289",
        "CITYCD": "482894940",
        "RAILROAD": "BNSF",
        "RRDIV": "RED RIVER",
        "RRSUBDIV": "HOUSTON",
        "HIGHWAY": "CR 418",
        "STREET": "CR 0418",
        "TTSTN": "682278",
        "MILEPOST": "0170.887",
        "TYPEXING": "Public",
        "POSXING": "At Grade",
        "PRVCAT": "14",
        "INIT": "1",
        "LATITUDE": 31.186449,
        "LONGITUD": -96.130079,
        "LLSOURCE": "1",
        "WHISTBAN": "0",
        "RRCONT": "8173521549",
        "POLCONT": "8008325452",
        "INV_LINK": "https://safetydata.fra.dot.gov/OfficeofSafety/PublicSite/Crossing/Crossing.aspx?phasetype=C&rpttype=I&txtcrossingnum=597161V",
        "ACC_LINK": "https://safetydata.fra.dot.gov/OfficeofSafety/PublicSite/Crossing/Crossing.aspx?phasetype=C&rpttype=A&txtcrossingnum=597161V",
        "TTSTNNAM": "FLYNN",
        "XPURPOSE": "1",
        "OPERATINGR": "BNSF",
        "OPERATIN_1": "Primary",
        "DAYTHRU": 3,
        "NGHTTHRU": 2,
        "MAINTRK": 1,
        "SIDINGTRK": 0,
        "YARDTRK": 0,
        "TRANSITTRK": 0,
        "INDUSTRYTR": 0,
        "OTHRTRK": 0,
        "WDCODE": "All other Gates",
        "REVISIONDA": "1996/01/01 00:00:00",
        "LASTUPDATE": "2/11/2025",
        "AADT": "31",
        "AADTYEAR": "2019",
        "STATENAME": "TEXAS",
        "STATEAB": "TX",
        "COUNTYNAME": "LEON",
        "CITYNAME": "NORMANGEE",
        "LATDD": 31.186449,
        "LONGDD": -96.130079,
        "gridlyProductionCertified": true,
        "gridlyClassification": "PUBLIC_ROADWAY",
        "gridlyDisplayName": "CR 0418",
        "gridlyId": "FRA-597161V"
      }
    },
    {
      "type": "Feature",
      "id": 205114,
      "geometry": {
        "type": "Point",
        "coordinates": [
          -96.1302609996004,
          31.1778024001353
        ]
      },
      "properties": {
        "OBJECTID": 205114,
        "CROSSING": "598232T",
        "EFFDATE": 1739232000000,
        "REASON": "14",
        "StateCode": "48",
        "CountyCode": "48289",
        "STCYFIPS": "48289",
        "CITYCD": "482894940",
        "RAILROAD": "BNSF",
        "RRDIV": "RED RIVER",
        "RRSUBDIV": "HOUSTON",
        "HIGHWAY": "PRIVATE",
        "STREET": "PVT",
        "TTSTN": "682278",
        "MILEPOST": "0170.294",
        "TYPEXING": "Private",
        "POSXING": "At Grade",
        "PRVCAT": "14",
        "INIT": "1",
        "LATITUDE": 31.1778024,
        "LONGITUD": -96.130261,
        "LLSOURCE": "1",
        "WHISTBAN": "0",
        "RRCONT": "8173521549",
        "POLCONT": "8008325452",
        "INV_LINK": "https://safetydata.fra.dot.gov/OfficeofSafety/PublicSite/Crossing/Crossing.aspx?phasetype=C&rpttype=I&txtcrossingnum=598232T",
        "ACC_LINK": "https://safetydata.fra.dot.gov/OfficeofSafety/PublicSite/Crossing/Crossing.aspx?phasetype=C&rpttype=A&txtcrossingnum=598232T",
        "TTSTNNAM": "FLYNN",
        "XPURPOSE": "1",
        "OPERATINGR": "BNSF",
        "OPERATIN_1": "Primary",
        "DAYTHRU": 3,
        "NGHTTHRU": 2,
        "MAINTRK": 1,
        "SIDINGTRK": 0,
        "YARDTRK": 0,
        "TRANSITTRK": 0,
        "INDUSTRYTR": 0,
        "OTHRTRK": 0,
        "WDCODE": "",
        "REVISIONDA": "1996/01/01 00:00:00",
        "LASTUPDATE": "2/11/2025",
        "AADT": "",
        "AADTYEAR": "1970",
        "STATENAME": "TEXAS",
        "STATEAB": "TX",
        "COUNTYNAME": "LEON",
        "CITYNAME": "NORMANGEE",
        "LATDD": 31.1778024,
        "LONGDD": -96.130261,
        "gridlyProductionCertified": true,
        "gridlyClassification": "PUBLIC_ROADWAY",
        "gridlyDisplayName": "PVT",
        "gridlyId": "FRA-598232T"
      }
    },
    {
      "type": "Feature",
      "id": 205115,
      "geometry": {
        "type": "Point",
        "coordinates": [
          -96.1280370000273,
          31.2270290003366
        ]
      },
      "properties": {
        "OBJECTID": 205115,
        "CROSSING": "597163J",
        "EFFDATE": 1739232000000,
        "REASON": "14",
        "StateCode": "48",
        "CountyCode": "48289",
        "STCYFIPS": "48289",
        "CITYCD": "482893510",
        "RAILROAD": "BNSF",
        "RRDIV": "RED RIVER",
        "RRSUBDIV": "HOUSTON",
        "HIGHWAY": "CR 497",
        "STREET": "CR 0497",
        "TTSTN": "682278",
        "MILEPOST": "0173.637",
        "TYPEXING": "Public",
        "POSXING": "At Grade",
        "PRVCAT": "14",
        "INIT": "1",
        "LATITUDE": 31.227029,
        "LONGITUD": -96.128037,
        "LLSOURCE": "1",
        "WHISTBAN": "0",
        "RRCONT": "8173521549",
        "POLCONT": "8008325452",
        "INV_LINK": "https://safetydata.fra.dot.gov/OfficeofSafety/PublicSite/Crossing/Crossing.aspx?phasetype=C&rpttype=I&txtcrossingnum=597163J",
        "ACC_LINK": "https://safetydata.fra.dot.gov/OfficeofSafety/PublicSite/Crossing/Crossing.aspx?phasetype=C&rpttype=A&txtcrossingnum=597163J",
        "TTSTNNAM": "FLYNN",
        "XPURPOSE": "1",
        "OPERATINGR": "BNSF",
        "OPERATIN_1": "Primary",
        "DAYTHRU": 3,
        "NGHTTHRU": 2,
        "MAINTRK": 1,
        "SIDINGTRK": 0,
        "YARDTRK": 0,
        "TRANSITTRK": 0,
        "INDUSTRYTR": 0,
        "OTHRTRK": 0,
        "WDCODE": "Crossbucks",
        "REVISIONDA": "1996/01/01 00:00:00",
        "LASTUPDATE": "2/11/2025",
        "AADT": "72",
        "AADTYEAR": "2019",
        "STATENAME": "TEXAS",
        "STATEAB": "TX",
        "COUNTYNAME": "LEON",
        "CITYNAME": "JEWETT",
        "LATDD": 31.227029,
        "LONGDD": -96.128037,
        "gridlyProductionCertified": true,
        "gridlyClassification": "PUBLIC_ROADWAY",
        "gridlyDisplayName": "CR 0497",
        "gridlyId": "FRA-597163J"
      }
    },
    {
      "type": "Feature",
      "id": 205116,
      "geometry": {
        "type": "Point",
        "coordinates": [
          -96.1368920001084,
          31.3017781998776
        ]
      },
      "properties": {
        "OBJECTID": 205116,
        "CROSSING": "598236V",
        "EFFDATE": 1739232000000,
        "REASON": "14",
        "StateCode": "48",
        "CountyCode": "48289",
        "STCYFIPS": "48289",
        "CITYCD": "482893510",
        "RAILROAD": "BNSF",
        "RRDIV": "RED RIVER",
        "RRSUBDIV": "HOUSTON",
        "HIGHWAY": "PRIVATE",
        "STREET": "PVT",
        "TTSTN": "682243",
        "MILEPOST": "0179.597",
        "TYPEXING": "Private",
        "POSXING": "At Grade",
        "PRVCAT": "14",
        "INIT": "1",
        "LATITUDE": 31.3017782,
        "LONGITUD": -96.136892,
        "LLSOURCE": "1",
        "WHISTBAN": "0",
        "RRCONT": "8173521549",
        "POLCONT": "8008325452",
        "INV_LINK": "https://safetydata.fra.dot.gov/OfficeofSafety/PublicSite/Crossing/Crossing.aspx?phasetype=C&rpttype=I&txtcrossingnum=598236V",
        "ACC_LINK": "https://safetydata.fra.dot.gov/OfficeofSafety/PublicSite/Crossing/Crossing.aspx?phasetype=C&rpttype=A&txtcrossingnum=598236V",
        "TTSTNNAM": "NUCOR STEEL",
        "XPURPOSE": "1",
        "OPERATINGR": "BNSF",
        "OPERATIN_1": "Primary",
        "DAYTHRU": 3,
        "NGHTTHRU": 2,
        "MAINTRK": 1,
        "SIDINGTRK": 0,
        "YARDTRK": 0,
        "TRANSITTRK": 0,
        "INDUSTRYTR": 0,
        "OTHRTRK": 0,
        "WDCODE": "",
        "REVISIONDA": "1996/01/01 00:00:00",
        "LASTUPDATE": "2/11/2025",
        "AADT": "",
        "AADTYEAR": "1970",
        "STATENAME": "TEXAS",
        "STATEAB": "TX",
        "COUNTYNAME": "LEON",
        "CITYNAME": "JEWETT",
        "LATDD": 31.3017782,
        "LONGDD": -96.136892,
        "gridlyProductionCertified": true,
        "gridlyClassification": "PUBLIC_ROADWAY",
        "gridlyDisplayName": "PVT",
        "gridlyId": "FRA-598236V"
      }
    },
    {
      "type": "Feature",
      "id": 205129,
      "geometry": {
        "type": "Point",
        "coordinates": [
          -96.1288250003979,
          31.2010140001638
        ]
      },
      "properties": {
        "OBJECTID": 205129,
        "CROSSING": "597162C",
        "EFFDATE": 1739232000000,
        "REASON": "14",
        "StateCode": "48",
        "CountyCode": "48289",
        "STCYFIPS": "48289",
        "CITYCD": "482894940",
        "RAILROAD": "BNSF",
        "RRDIV": "RED RIVER",
        "RRSUBDIV": "HOUSTON",
        "HIGHWAY": "CR 0417",
        "STREET": "CR 0417",
        "TTSTN": "682278",
        "MILEPOST": "0171.893",
        "TYPEXING": "Public",
        "POSXING": "At Grade",
        "PRVCAT": "14",
        "INIT": "1",
        "LATITUDE": 31.201014,
        "LONGITUD": -96.128825,
        "LLSOURCE": "1",
        "WHISTBAN": "0",
        "RRCONT": "8173521549",
        "POLCONT": "8008325452",
        "INV_LINK": "https://safetydata.fra.dot.gov/OfficeofSafety/PublicSite/Crossing/Crossing.aspx?phasetype=C&rpttype=I&txtcrossingnum=597162C",
        "ACC_LINK": "https://safetydata.fra.dot.gov/OfficeofSafety/PublicSite/Crossing/Crossing.aspx?phasetype=C&rpttype=A&txtcrossingnum=597162C",
        "TTSTNNAM": "FLYNN",
        "XPURPOSE": "1",
        "OPERATINGR": "BNSF",
        "OPERATIN_1": "Primary",
        "DAYTHRU": 3,
        "NGHTTHRU": 2,
        "MAINTRK": 1,
        "SIDINGTRK": 0,
        "YARDTRK": 0,
        "TRANSITTRK": 0,
        "INDUSTRYTR": 0,
        "OTHRTRK": 0,
        "WDCODE": "All other Gates",
        "REVISIONDA": "1996/01/01 00:00:00",
        "LASTUPDATE": "2/11/2025",
        "AADT": "56",
        "AADTYEAR": "2019",
        "STATENAME": "TEXAS",
        "STATEAB": "TX",
        "COUNTYNAME": "LEON",
        "CITYNAME": "NORMANGEE",
        "LATDD": 31.201014,
        "LONGDD": -96.128825,
        "gridlyProductionCertified": true,
        "gridlyClassification": "PUBLIC_ROADWAY",
        "gridlyDisplayName": "CR 0417",
        "gridlyId": "FRA-597162C"
      }
    },
    {
      "type": "Feature",
      "id": 205130,
      "geometry": {
        "type": "Point",
        "coordinates": [
          -96.1138030003143,
          31.0299096001359
        ]
      },
      "properties": {
        "OBJECTID": 205130,
        "CROSSING": "597156Y",
        "EFFDATE": 1739232000000,
        "REASON": "14",
        "StateCode": "48",
        "CountyCode": "48289",
        "STCYFIPS": "48289",
        "CITYCD": "482894940",
        "RAILROAD": "BNSF",
        "RRDIV": "RED RIVER",
        "RRSUBDIV": "HOUSTON",
        "HIGHWAY": "CO 0000",
        "STREET": "MAIN ST",
        "TTSTN": "682358",
        "MILEPOST": "0159.562",
        "TYPEXING": "Public",
        "POSXING": "At Grade",
        "PRVCAT": "14",
        "INIT": "1",
        "LATITUDE": 31.0299096,
        "LONGITUD": -96.113803,
        "LLSOURCE": "1",
        "WHISTBAN": "0",
        "RRCONT": "8173521549",
        "POLCONT": "8008325452",
        "INV_LINK": "https://safetydata.fra.dot.gov/OfficeofSafety/PublicSite/Crossing/Crossing.aspx?phasetype=C&rpttype=I&txtcrossingnum=597156Y",
        "ACC_LINK": "https://safetydata.fra.dot.gov/OfficeofSafety/PublicSite/Crossing/Crossing.aspx?phasetype=C&rpttype=A&txtcrossingnum=597156Y",
        "TTSTNNAM": "ZULCH",
        "XPURPOSE": "1",
        "OPERATINGR": "BNSF",
        "OPERATIN_1": "Primary",
        "DAYTHRU": 3,
        "NGHTTHRU": 2,
        "MAINTRK": 1,
        "SIDINGTRK": 0,
        "YARDTRK": 1,
        "TRANSITTRK": 0,
        "INDUSTRYTR": 0,
        "OTHRTRK": 1,
        "WDCODE": "All other Gates",
        "REVISIONDA": "1996/01/01 00:00:00",
        "LASTUPDATE": "2/11/2025",
        "AADT": "129",
        "AADTYEAR": "2011",
        "STATENAME": "TEXAS",
        "STATEAB": "TX",
        "COUNTYNAME": "LEON",
        "CITYNAME": "NORMANGEE",
        "LATDD": 31.0299096,
        "LONGDD": -96.113803,
        "gridlyProductionCertified": true,
        "gridlyClassification": "PUBLIC_ROADWAY",
        "gridlyDisplayName": "MAIN ST",
        "gridlyId": "FRA-597156Y"
      }
    },
    {
      "type": "Feature",
      "id": 205131,
      "geometry": {
        "type": "Point",
        "coordinates": [
          -96.1243289997745,
          31.1010677997538
        ]
      },
      "properties": {
        "OBJECTID": 205131,
        "CROSSING": "598227W",
        "EFFDATE": 1739232000000,
        "REASON": "14",
        "StateCode": "48",
        "CountyCode": "48289",
        "STCYFIPS": "48289",
        "CITYCD": "482894940",
        "RAILROAD": "BNSF",
        "RRDIV": "RED RIVER",
        "RRSUBDIV": "HOUSTON",
        "HIGHWAY": "PRIVATE",
        "STREET": "CO RD 488",
        "TTSTN": "682278",
        "MILEPOST": "0164.922",
        "TYPEXING": "Private",
        "POSXING": "At Grade",
        "PRVCAT": "14",
        "INIT": "1",
        "LATITUDE": 31.1010678,
        "LONGITUD": -96.124329,
        "LLSOURCE": "1",
        "WHISTBAN": "0",
        "RRCONT": "8173521549",
        "POLCONT": "8008325452",
        "INV_LINK": "https://safetydata.fra.dot.gov/OfficeofSafety/PublicSite/Crossing/Crossing.aspx?phasetype=C&rpttype=I&txtcrossingnum=598227W",
        "ACC_LINK": "https://safetydata.fra.dot.gov/OfficeofSafety/PublicSite/Crossing/Crossing.aspx?phasetype=C&rpttype=A&txtcrossingnum=598227W",
        "TTSTNNAM": "FLYNN",
        "XPURPOSE": "1",
        "OPERATINGR": "BNSF",
        "OPERATIN_1": "Primary",
        "DAYTHRU": 3,
        "NGHTTHRU": 2,
        "MAINTRK": 1,
        "SIDINGTRK": 0,
        "YARDTRK": 0,
        "TRANSITTRK": 0,
        "INDUSTRYTR": 0,
        "OTHRTRK": 0,
        "WDCODE": "",
        "REVISIONDA": "1996/01/01 00:00:00",
        "LASTUPDATE": "2/11/2025",
        "AADT": "",
        "AADTYEAR": "1970",
        "STATENAME": "TEXAS",
        "STATEAB": "TX",
        "COUNTYNAME": "LEON",
        "CITYNAME": "NORMANGEE",
        "LATDD": 31.1010678,
        "LONGDD": -96.124329,
        "gridlyProductionCertified": true,
        "gridlyClassification": "PUBLIC_ROADWAY",
        "gridlyDisplayName": "CO RD 488",
        "gridlyId": "FRA-598227W"
      }
    },
    {
      "type": "Feature",
      "id": 205132,
      "geometry": {
        "type": "Point",
        "coordinates": [
          -96.1367969996738,
          31.2995827999138
        ]
      },
      "properties": {
        "OBJECTID": 205132,
        "CROSSING": "598235N",
        "EFFDATE": 1739232000000,
        "REASON": "14",
        "StateCode": "48",
        "CountyCode": "48289",
        "STCYFIPS": "48289",
        "CITYCD": "482893510",
        "RAILROAD": "BNSF",
        "RRDIV": "RED RIVER",
        "RRSUBDIV": "HOUSTON",
        "HIGHWAY": "PRIVATE",
        "STREET": "PVT",
        "TTSTN": "682243",
        "MILEPOST": "0179.447",
        "TYPEXING": "Private",
        "POSXING": "At Grade",
        "PRVCAT": "14",
        "INIT": "1",
        "LATITUDE": 31.2995828,
        "LONGITUD": -96.136797,
        "LLSOURCE": "1",
        "WHISTBAN": "0",
        "RRCONT": "8173521549",
        "POLCONT": "8008325452",
        "INV_LINK": "https://safetydata.fra.dot.gov/OfficeofSafety/PublicSite/Crossing/Crossing.aspx?phasetype=C&rpttype=I&txtcrossingnum=598235N",
        "ACC_LINK": "https://safetydata.fra.dot.gov/OfficeofSafety/PublicSite/Crossing/Crossing.aspx?phasetype=C&rpttype=A&txtcrossingnum=598235N",
        "TTSTNNAM": "NUCOR STEEL",
        "XPURPOSE": "1",
        "OPERATINGR": "BNSF",
        "OPERATIN_1": "Primary",
        "DAYTHRU": 3,
        "NGHTTHRU": 2,
        "MAINTRK": 1,
        "SIDINGTRK": 0,
        "YARDTRK": 0,
        "TRANSITTRK": 0,
        "INDUSTRYTR": 0,
        "OTHRTRK": 0,
        "WDCODE": "",
        "REVISIONDA": "1996/01/01 00:00:00",
        "LASTUPDATE": "2/11/2025",
        "AADT": "",
        "AADTYEAR": "1970",
        "STATENAME": "TEXAS",
        "STATEAB": "TX",
        "COUNTYNAME": "LEON",
        "CITYNAME": "JEWETT",
        "LATDD": 31.2995828,
        "LONGDD": -96.136797,
        "gridlyProductionCertified": true,
        "gridlyClassification": "PUBLIC_ROADWAY",
        "gridlyDisplayName": "PVT",
        "gridlyId": "FRA-598235N"
      }
    },
    {
      "type": "Feature",
      "id": 205133,
      "geometry": {
        "type": "Point",
        "coordinates": [
          -96.1879999997898,
          31.38167119989
        ]
      },
      "properties": {
        "OBJECTID": 205133,
        "CROSSING": "597172H",
        "EFFDATE": 1739232000000,
        "REASON": "14",
        "StateCode": "48",
        "CountyCode": "48289",
        "STCYFIPS": "48289",
        "CITYCD": "482893510",
        "RAILROAD": "BNSF",
        "RRDIV": "RED RIVER",
        "RRSUBDIV": "HOUSTON",
        "HIGHWAY": "CR 354",
        "STREET": "CR 0354",
        "TTSTN": "682243",
        "MILEPOST": "0186.279",
        "TYPEXING": "Public",
        "POSXING": "At Grade",
        "PRVCAT": "14",
        "INIT": "1",
        "LATITUDE": 31.3816712,
        "LONGITUD": -96.188,
        "LLSOURCE": "1",
        "WHISTBAN": "0",
        "RRCONT": "8173521549",
        "POLCONT": "8008325452",
        "INV_LINK": "https://safetydata.fra.dot.gov/OfficeofSafety/PublicSite/Crossing/Crossing.aspx?phasetype=C&rpttype=I&txtcrossingnum=597172H",
        "ACC_LINK": "https://safetydata.fra.dot.gov/OfficeofSafety/PublicSite/Crossing/Crossing.aspx?phasetype=C&rpttype=A&txtcrossingnum=597172H",
        "TTSTNNAM": "NUCOR STEEL",
        "XPURPOSE": "1",
        "OPERATINGR": "BNSF",
        "OPERATIN_1": "Primary",
        "DAYTHRU": 3,
        "NGHTTHRU": 3,
        "MAINTRK": 1,
        "SIDINGTRK": 0,
        "YARDTRK": 0,
        "TRANSITTRK": 0,
        "INDUSTRYTR": 0,
        "OTHRTRK": 0,
        "WDCODE": "Crossbucks",
        "REVISIONDA": "1996/01/01 00:00:00",
        "LASTUPDATE": "2/11/2025",
        "AADT": "5",
        "AADTYEAR": "2019",
        "STATENAME": "TEXAS",
        "STATEAB": "TX",
        "COUNTYNAME": "LEON",
        "CITYNAME": "JEWETT",
        "LATDD": 31.3816712,
        "LONGDD": -96.188,
        "gridlyProductionCertified": true,
        "gridlyClassification": "PUBLIC_ROADWAY",
        "gridlyDisplayName": "CR 0354",
        "gridlyId": "FRA-597172H"
      }
    },
    {
      "type": "Feature",
      "id": 205134,
      "geometry": {
        "type": "Point",
        "coordinates": [
          -96.1458450000988,
          31.2601960003315
        ]
      },
      "properties": {
        "OBJECTID": 205134,
        "CROSSING": "597166E",
        "EFFDATE": 1739232000000,
        "REASON": "14",
        "StateCode": "48",
        "CountyCode": "48289",
        "STCYFIPS": "48289",
        "CITYCD": "482893510",
        "RAILROAD": "BNSF",
        "RRDIV": "RED RIVER",
        "RRSUBDIV": "HOUSTON",
        "HIGHWAY": "CR 348",
        "STREET": "CR 0348",
        "TTSTN": "682243",
        "MILEPOST": "0176.605",
        "TYPEXING": "Public",
        "POSXING": "At Grade",
        "PRVCAT": "14",
        "INIT": "1",
        "LATITUDE": 31.260196,
        "LONGITUD": -96.145845,
        "LLSOURCE": "1",
        "WHISTBAN": "0",
        "RRCONT": "8173521549",
        "POLCONT": "8008325452",
        "INV_LINK": "https://safetydata.fra.dot.gov/OfficeofSafety/PublicSite/Crossing/Crossing.aspx?phasetype=C&rpttype=I&txtcrossingnum=597166E",
        "ACC_LINK": "https://safetydata.fra.dot.gov/OfficeofSafety/PublicSite/Crossing/Crossing.aspx?phasetype=C&rpttype=A&txtcrossingnum=597166E",
        "TTSTNNAM": "NUCOR STEEL",
        "XPURPOSE": "1",
        "OPERATINGR": "BNSF",
        "OPERATIN_1": "Primary",
        "DAYTHRU": 3,
        "NGHTTHRU": 2,
        "MAINTRK": 1,
        "SIDINGTRK": 0,
        "YARDTRK": 0,
        "TRANSITTRK": 0,
        "INDUSTRYTR": 0,
        "OTHRTRK": 0,
        "WDCODE": "Crossbucks",
        "REVISIONDA": "1996/01/01 00:00:00",
        "LASTUPDATE": "2/11/2025",
        "AADT": "000050",
        "AADTYEAR": "2001",
        "STATENAME": "TEXAS",
        "STATEAB": "TX",
        "COUNTYNAME": "LEON",
        "CITYNAME": "JEWETT",
        "LATDD": 31.260196,
        "LONGDD": -96.145845,
        "gridlyProductionCertified": true,
        "gridlyClassification": "PUBLIC_ROADWAY",
        "gridlyDisplayName": "CR 0348",
        "gridlyId": "FRA-597166E"
      }
    },
    {
      "type": "Feature",
      "id": 205159,
      "geometry": {
        "type": "Point",
        "coordinates": [
          -96.1206080000013,
          31.1354472000228
        ]
      },
      "properties": {
        "OBJECTID": 205159,
        "CROSSING": "598230E",
        "EFFDATE": 1739232000000,
        "REASON": "14",
        "StateCode": "48",
        "CountyCode": "48289",
        "STCYFIPS": "48289",
        "CITYCD": "482894940",
        "RAILROAD": "BNSF",
        "RRDIV": "RED RIVER",
        "RRSUBDIV": "HOUSTON",
        "HIGHWAY": "PRIVATE",
        "STREET": "PVT",
        "TTSTN": "682278",
        "MILEPOST": "0167.329",
        "TYPEXING": "Private",
        "POSXING": "At Grade",
        "PRVCAT": "14",
        "INIT": "1",
        "LATITUDE": 31.1354472,
        "LONGITUD": -96.120608,
        "LLSOURCE": "1",
        "WHISTBAN": "0",
        "RRCONT": "8173521549",
        "POLCONT": "8008325452",
        "INV_LINK": "https://safetydata.fra.dot.gov/OfficeofSafety/PublicSite/Crossing/Crossing.aspx?phasetype=C&rpttype=I&txtcrossingnum=598230E",
        "ACC_LINK": "https://safetydata.fra.dot.gov/OfficeofSafety/PublicSite/Crossing/Crossing.aspx?phasetype=C&rpttype=A&txtcrossingnum=598230E",
        "TTSTNNAM": "FLYNN",
        "XPURPOSE": "1",
        "OPERATINGR": "BNSF",
        "OPERATIN_1": "Primary",
        "DAYTHRU": 3,
        "NGHTTHRU": 2,
        "MAINTRK": 1,
        "SIDINGTRK": 0,
        "YARDTRK": 0,
        "TRANSITTRK": 0,
        "INDUSTRYTR": 0,
        "OTHRTRK": 0,
        "WDCODE": "",
        "REVISIONDA": "1996/01/01 00:00:00",
        "LASTUPDATE": "2/11/2025",
        "AADT": "",
        "AADTYEAR": "1970",
        "STATENAME": "TEXAS",
        "STATEAB": "TX",
        "COUNTYNAME": "LEON",
        "CITYNAME": "NORMANGEE",
        "LATDD": 31.1354472,
        "LONGDD": -96.120608,
        "gridlyProductionCertified": true,
        "gridlyClassification": "PUBLIC_ROADWAY",
        "gridlyDisplayName": "PVT",
        "gridlyId": "FRA-598230E"
      }
    },
    {
      "type": "Feature",
      "id": 205160,
      "geometry": {
        "type": "Point",
        "coordinates": [
          -96.1134390002663,
          31.0748489996846
        ]
      },
      "properties": {
        "OBJECTID": 205160,
        "CROSSING": "597157F",
        "EFFDATE": 1739232000000,
        "REASON": "14",
        "StateCode": "48",
        "CountyCode": "48289",
        "STCYFIPS": "48289",
        "CITYCD": "482894940",
        "RAILROAD": "BNSF",
        "RRDIV": "RED RIVER",
        "RRSUBDIV": "HOUSTON",
        "HIGHWAY": "CR 452",
        "STREET": "CR 0452",
        "TTSTN": "682278",
        "MILEPOST": "0162.932",
        "TYPEXING": "Public",
        "POSXING": "At Grade",
        "PRVCAT": "14",
        "INIT": "1",
        "LATITUDE": 31.074849,
        "LONGITUD": -96.113439,
        "LLSOURCE": "1",
        "WHISTBAN": "0",
        "RRCONT": "8173521549",
        "POLCONT": "8008325452",
        "INV_LINK": "https://safetydata.fra.dot.gov/OfficeofSafety/PublicSite/Crossing/Crossing.aspx?phasetype=C&rpttype=I&txtcrossingnum=597157F",
        "ACC_LINK": "https://safetydata.fra.dot.gov/OfficeofSafety/PublicSite/Crossing/Crossing.aspx?phasetype=C&rpttype=A&txtcrossingnum=597157F",
        "TTSTNNAM": "FLYNN",
        "XPURPOSE": "1",
        "OPERATINGR": "BNSF",
        "OPERATIN_1": "Primary",
        "DAYTHRU": 3,
        "NGHTTHRU": 2,
        "MAINTRK": 1,
        "SIDINGTRK": 0,
        "YARDTRK": 0,
        "TRANSITTRK": 0,
        "INDUSTRYTR": 0,
        "OTHRTRK": 0,
        "WDCODE": "Crossbucks",
        "REVISIONDA": "1996/01/01 00:00:00",
        "LASTUPDATE": "2/11/2025",
        "AADT": "107",
        "AADTYEAR": "2019",
        "STATENAME": "TEXAS",
        "STATEAB": "TX",
        "COUNTYNAME": "LEON",
        "CITYNAME": "NORMANGEE",
        "LATDD": 31.074849,
        "LONGDD": -96.113439,
        "gridlyProductionCertified": true,
        "gridlyClassification": "PUBLIC_ROADWAY",
        "gridlyDisplayName": "CR 0452",
        "gridlyId": "FRA-597157F"
      }
    },
    {
      "type": "Feature",
      "id": 205161,
      "geometry": {
        "type": "Point",
        "coordinates": [
          -96.1199999995557,
          31.1260000001702
        ]
      },
      "properties": {
        "OBJECTID": 205161,
        "CROSSING": "673571C",
        "EFFDATE": 1739232000000,
        "REASON": "14",
        "StateCode": "48",
        "CountyCode": "48289",
        "STCYFIPS": "48289",
        "CITYCD": "482894940",
        "RAILROAD": "BNSF",
        "RRDIV": "RED RIVER",
        "RRSUBDIV": "HOUSTON",
        "HIGHWAY": "Not Yet Reported by State",
        "STREET": "PRIVATE",
        "TTSTN": "682278",
        "MILEPOST": "0166.672",
        "TYPEXING": "Private",
        "POSXING": "At Grade",
        "PRVCAT": "14",
        "INIT": "1",
        "LATITUDE": 31.126,
        "LONGITUD": -96.12,
        "LLSOURCE": "1",
        "WHISTBAN": "0",
        "RRCONT": "8173521549",
        "POLCONT": "8008325452",
        "INV_LINK": "https://safetydata.fra.dot.gov/OfficeofSafety/PublicSite/Crossing/Crossing.aspx?phasetype=C&rpttype=I&txtcrossingnum=673571C",
        "ACC_LINK": "https://safetydata.fra.dot.gov/OfficeofSafety/PublicSite/Crossing/Crossing.aspx?phasetype=C&rpttype=A&txtcrossingnum=673571C",
        "TTSTNNAM": "FLYNN",
        "XPURPOSE": "1",
        "OPERATINGR": "BNSF",
        "OPERATIN_1": "Primary",
        "DAYTHRU": 3,
        "NGHTTHRU": 2,
        "MAINTRK": 1,
        "SIDINGTRK": 0,
        "YARDTRK": 0,
        "TRANSITTRK": 0,
        "INDUSTRYTR": 0,
        "OTHRTRK": 0,
        "WDCODE": "",
        "REVISIONDA": "1996/01/01 00:00:00",
        "LASTUPDATE": "2/11/2025",
        "AADT": "",
        "AADTYEAR": "1988",
        "STATENAME": "TEXAS",
        "STATEAB": "TX",
        "COUNTYNAME": "LEON",
        "CITYNAME": "NORMANGEE",
        "LATDD": 31.126,
        "LONGDD": -96.12,
        "gridlyProductionCertified": true,
        "gridlyClassification": "PUBLIC_ROADWAY",
        "gridlyDisplayName": "PRIVATE",
        "gridlyId": "FRA-673571C"
      }
    },
    {
      "type": "Feature",
      "id": 205162,
      "geometry": {
        "type": "Point",
        "coordinates": [
          -96.1769980001285,
          31.3585363002106
        ]
      },
      "properties": {
        "OBJECTID": 205162,
        "CROSSING": "598238J",
        "EFFDATE": 1739232000000,
        "REASON": "14",
        "StateCode": "48",
        "CountyCode": "48289",
        "STCYFIPS": "48289",
        "CITYCD": "482893510",
        "RAILROAD": "BNSF",
        "RRDIV": "RED RIVER",
        "RRSUBDIV": "HOUSTON",
        "HIGHWAY": "PRIVATE",
        "STREET": "PRIVATE",
        "TTSTN": "682243",
        "MILEPOST": "0184.567",
        "TYPEXING": "Private",
        "POSXING": "At Grade",
        "PRVCAT": "14",
        "INIT": "1",
        "LATITUDE": 31.3585363,
        "LONGITUD": -96.176998,
        "LLSOURCE": "1",
        "WHISTBAN": "0",
        "RRCONT": "8173521549",
        "POLCONT": "8008325452",
        "INV_LINK": "https://safetydata.fra.dot.gov/OfficeofSafety/PublicSite/Crossing/Crossing.aspx?phasetype=C&rpttype=I&txtcrossingnum=598238J",
        "ACC_LINK": "https://safetydata.fra.dot.gov/OfficeofSafety/PublicSite/Crossing/Crossing.aspx?phasetype=C&rpttype=A&txtcrossingnum=598238J",
        "TTSTNNAM": "NUCOR STEEL",
        "XPURPOSE": "1",
        "OPERATINGR": "BNSF",
        "OPERATIN_1": "Primary",
        "DAYTHRU": 3,
        "NGHTTHRU": 2,
        "MAINTRK": 1,
        "SIDINGTRK": 1,
        "YARDTRK": 0,
        "TRANSITTRK": 0,
        "INDUSTRYTR": 0,
        "OTHRTRK": 1,
        "WDCODE": "",
        "REVISIONDA": "1996/01/01 00:00:00",
        "LASTUPDATE": "2/11/2025",
        "AADT": "",
        "AADTYEAR": "1970",
        "STATENAME": "TEXAS",
        "STATEAB": "TX",
        "COUNTYNAME": "LEON",
        "CITYNAME": "JEWETT",
        "LATDD": 31.3585363,
        "LONGDD": -96.176998,
        "gridlyProductionCertified": true,
        "gridlyClassification": "PUBLIC_ROADWAY",
        "gridlyDisplayName": "PRIVATE",
        "gridlyId": "FRA-598238J"
      }
    },
    {
      "type": "Feature",
      "id": 205163,
      "geometry": {
        "type": "Point",
        "coordinates": [
          -96.1363570003561,
          31.2892850000549
        ]
      },
      "properties": {
        "OBJECTID": 205163,
        "CROSSING": "598234G",
        "EFFDATE": 1739232000000,
        "REASON": "14",
        "StateCode": "48",
        "CountyCode": "48289",
        "STCYFIPS": "48289",
        "CITYCD": "482893510",
        "RAILROAD": "BNSF",
        "RRDIV": "RED RIVER",
        "RRSUBDIV": "HOUSTON",
        "HIGHWAY": "PRIVATE",
        "STREET": "PVT",
        "TTSTN": "682243",
        "MILEPOST": "0178.741",
        "TYPEXING": "Private",
        "POSXING": "At Grade",
        "PRVCAT": "14",
        "INIT": "1",
        "LATITUDE": 31.289285,
        "LONGITUD": -96.136357,
        "LLSOURCE": "1",
        "WHISTBAN": "0",
        "RRCONT": "8173521549",
        "POLCONT": "8008325452",
        "INV_LINK": "https://safetydata.fra.dot.gov/OfficeofSafety/PublicSite/Crossing/Crossing.aspx?phasetype=C&rpttype=I&txtcrossingnum=598234G",
        "ACC_LINK": "https://safetydata.fra.dot.gov/OfficeofSafety/PublicSite/Crossing/Crossing.aspx?phasetype=C&rpttype=A&txtcrossingnum=598234G",
        "TTSTNNAM": "NUCOR STEEL",
        "XPURPOSE": "1",
        "OPERATINGR": "BNSF",
        "OPERATIN_1": "Primary",
        "DAYTHRU": 3,
        "NGHTTHRU": 2,
        "MAINTRK": 1,
        "SIDINGTRK": 0,
        "YARDTRK": 0,
        "TRANSITTRK": 0,
        "INDUSTRYTR": 0,
        "OTHRTRK": 0,
        "WDCODE": "",
        "REVISIONDA": "1996/01/01 00:00:00",
        "LASTUPDATE": "2/11/2025",
        "AADT": "",
        "AADTYEAR": "1970",
        "STATENAME": "TEXAS",
        "STATEAB": "TX",
        "COUNTYNAME": "LEON",
        "CITYNAME": "JEWETT",
        "LATDD": 31.289285,
        "LONGDD": -96.136357,
        "gridlyProductionCertified": true,
        "gridlyClassification": "PUBLIC_ROADWAY",
        "gridlyDisplayName": "PVT",
        "gridlyId": "FRA-598234G"
      }
    },
    {
      "type": "Feature",
      "id": 205173,
      "geometry": {
        "type": "Point",
        "coordinates": [
          -96.1930339996402,
          31.4305343999931
        ]
      },
      "properties": {
        "OBJECTID": 205173,
        "CROSSING": "598242Y",
        "EFFDATE": 1739232000000,
        "REASON": "14",
        "StateCode": "48",
        "CountyCode": "48161",
        "STCYFIPS": "48161",
        "CITYCD": "481611967",
        "RAILROAD": "BNSF",
        "RRDIV": "RED RIVER",
        "RRSUBDIV": "HOUSTON",
        "HIGHWAY": "PRIVATE",
        "STREET": "PVT",
        "TTSTN": "682243",
        "MILEPOST": "0189.782",
        "TYPEXING": "Private",
        "POSXING": "At Grade",
        "PRVCAT": "14",
        "INIT": "1",
        "LATITUDE": 31.4305344,
        "LONGITUD": -96.193034,
        "LLSOURCE": "1",
        "WHISTBAN": "0",
        "RRCONT": "8173521549",
        "POLCONT": "8008325452",
        "INV_LINK": "https://safetydata.fra.dot.gov/OfficeofSafety/PublicSite/Crossing/Crossing.aspx?phasetype=C&rpttype=I&txtcrossingnum=598242Y",
        "ACC_LINK": "https://safetydata.fra.dot.gov/OfficeofSafety/PublicSite/Crossing/Crossing.aspx?phasetype=C&rpttype=A&txtcrossingnum=598242Y",
        "TTSTNNAM": "NUCOR STEEL",
        "XPURPOSE": "1",
        "OPERATINGR": "BNSF",
        "OPERATIN_1": "Primary",
        "DAYTHRU": 3,
        "NGHTTHRU": 3,
        "MAINTRK": 1,
        "SIDINGTRK": 0,
        "YARDTRK": 0,
        "TRANSITTRK": 0,
        "INDUSTRYTR": 0,
        "OTHRTRK": 0,
        "WDCODE": "",
        "REVISIONDA": "1996/01/01 00:00:00",
        "LASTUPDATE": "2/11/2025",
        "AADT": "",
        "AADTYEAR": "1970",
        "STATENAME": "TEXAS",
        "STATEAB": "TX",
        "COUNTYNAME": "FREESTONE",
        "CITYNAME": "DONIE",
        "LATDD": 31.4305344,
        "LONGDD": -96.193034,
        "gridlyProductionCertified": true,
        "gridlyClassification": "PUBLIC_ROADWAY",
        "gridlyDisplayName": "PVT",
        "gridlyId": "FRA-598242Y"
      }
    },
    {
      "type": "Feature",
      "id": 205192,
      "geometry": {
        "type": "Point",
        "coordinates": [
          -96.1431200002102,
          31.2738952003739
        ]
      },
      "properties": {
        "OBJECTID": 205192,
        "CROSSING": "598233A",
        "EFFDATE": 1739232000000,
        "REASON": "14",
        "StateCode": "48",
        "CountyCode": "48289",
        "STCYFIPS": "48289",
        "CITYCD": "482893510",
        "RAILROAD": "BNSF",
        "RRDIV": "RED RIVER",
        "RRSUBDIV": "HOUSTON",
        "HIGHWAY": "PRIVATE",
        "STREET": "PVT",
        "TTSTN": "682243",
        "MILEPOST": "0177.583",
        "TYPEXING": "Private",
        "POSXING": "At Grade",
        "PRVCAT": "14",
        "INIT": "1",
        "LATITUDE": 31.2738952,
        "LONGITUD": -96.14312,
        "LLSOURCE": "1",
        "WHISTBAN": "0",
        "RRCONT": "8173521549",
        "POLCONT": "8008325452",
        "INV_LINK": "https://safetydata.fra.dot.gov/OfficeofSafety/PublicSite/Crossing/Crossing.aspx?phasetype=C&rpttype=I&txtcrossingnum=598233A",
        "ACC_LINK": "https://safetydata.fra.dot.gov/OfficeofSafety/PublicSite/Crossing/Crossing.aspx?phasetype=C&rpttype=A&txtcrossingnum=598233A",
        "TTSTNNAM": "NUCOR STEEL",
        "XPURPOSE": "1",
        "OPERATINGR": "BNSF",
        "OPERATIN_1": "Primary",
        "DAYTHRU": 3,
        "NGHTTHRU": 2,
        "MAINTRK": 1,
        "SIDINGTRK": 0,
        "YARDTRK": 0,
        "TRANSITTRK": 0,
        "INDUSTRYTR": 0,
        "OTHRTRK": 0,
        "WDCODE": "",
        "REVISIONDA": "1996/01/01 00:00:00",
        "LASTUPDATE": "2/11/2025",
        "AADT": "",
        "AADTYEAR": "1970",
        "STATENAME": "TEXAS",
        "STATEAB": "TX",
        "COUNTYNAME": "LEON",
        "CITYNAME": "JEWETT",
        "LATDD": 31.2738952,
        "LONGDD": -96.14312,
        "gridlyProductionCertified": true,
        "gridlyClassification": "PUBLIC_ROADWAY",
        "gridlyDisplayName": "PVT",
        "gridlyId": "FRA-598233A"
      }
    },
    {
      "type": "Feature",
      "id": 205193,
      "geometry": {
        "type": "Point",
        "coordinates": [
          -96.1811790002093,
          31.3671849998
        ]
      },
      "properties": {
        "OBJECTID": 205193,
        "CROSSING": "597171B",
        "EFFDATE": 1739232000000,
        "REASON": "14",
        "StateCode": "48",
        "CountyCode": "48289",
        "STCYFIPS": "48289",
        "CITYCD": "482893510",
        "RAILROAD": "BNSF",
        "RRDIV": "RED RIVER",
        "RRSUBDIV": "HOUSTON",
        "HIGHWAY": "FM 3501",
        "STREET": "FM 3501",
        "TTSTN": "682243",
        "MILEPOST": "0185.215",
        "TYPEXING": "Public",
        "POSXING": "At Grade",
        "PRVCAT": "14",
        "INIT": "1",
        "LATITUDE": 31.367185,
        "LONGITUD": -96.181179,
        "LLSOURCE": "1",
        "WHISTBAN": "0",
        "RRCONT": "8173521549",
        "POLCONT": "8008325452",
        "INV_LINK": "https://safetydata.fra.dot.gov/OfficeofSafety/PublicSite/Crossing/Crossing.aspx?phasetype=C&rpttype=I&txtcrossingnum=597171B",
        "ACC_LINK": "https://safetydata.fra.dot.gov/OfficeofSafety/PublicSite/Crossing/Crossing.aspx?phasetype=C&rpttype=A&txtcrossingnum=597171B",
        "TTSTNNAM": "NUCOR STEEL",
        "XPURPOSE": "1",
        "OPERATINGR": "BNSF",
        "OPERATIN_1": "Primary",
        "DAYTHRU": 3,
        "NGHTTHRU": 3,
        "MAINTRK": 1,
        "SIDINGTRK": 1,
        "YARDTRK": 0,
        "TRANSITTRK": 0,
        "INDUSTRYTR": 0,
        "OTHRTRK": 1,
        "WDCODE": "Crossbucks",
        "REVISIONDA": "1996/01/01 00:00:00",
        "LASTUPDATE": "2/11/2025",
        "AADT": "607",
        "AADTYEAR": "2019",
        "STATENAME": "TEXAS",
        "STATEAB": "TX",
        "COUNTYNAME": "LEON",
        "CITYNAME": "JEWETT",
        "LATDD": 31.367185,
        "LONGDD": -96.181179,
        "gridlyProductionCertified": true,
        "gridlyClassification": "PUBLIC_ROADWAY",
        "gridlyDisplayName": "FM 3501",
        "gridlyId": "FRA-597171B"
      }
    },
    {
      "type": "Feature",
      "id": 205194,
      "geometry": {
        "type": "Point",
        "coordinates": [
          -96.1821280002384,
          31.4101003998033
        ]
      },
      "properties": {
        "OBJECTID": 205194,
        "CROSSING": "598241S",
        "EFFDATE": 1739232000000,
        "REASON": "14",
        "StateCode": "48",
        "CountyCode": "48289",
        "STCYFIPS": "48289",
        "CITYCD": "482893510",
        "RAILROAD": "BNSF",
        "RRDIV": "RED RIVER",
        "RRSUBDIV": "HOUSTON",
        "HIGHWAY": "PRIVATE",
        "STREET": "PVT",
        "TTSTN": "682243",
        "MILEPOST": "0188.025",
        "TYPEXING": "Private",
        "POSXING": "At Grade",
        "PRVCAT": "14",
        "INIT": "1",
        "LATITUDE": 31.4101004,
        "LONGITUD": -96.182128,
        "LLSOURCE": "1",
        "WHISTBAN": "0",
        "RRCONT": "8173521549",
        "POLCONT": "8008325452",
        "INV_LINK": "https://safetydata.fra.dot.gov/OfficeofSafety/PublicSite/Crossing/Crossing.aspx?phasetype=C&rpttype=I&txtcrossingnum=598241S",
        "ACC_LINK": "https://safetydata.fra.dot.gov/OfficeofSafety/PublicSite/Crossing/Crossing.aspx?phasetype=C&rpttype=A&txtcrossingnum=598241S",
        "TTSTNNAM": "NUCOR STEEL",
        "XPURPOSE": "1",
        "OPERATINGR": "BNSF",
        "OPERATIN_1": "Primary",
        "DAYTHRU": 3,
        "NGHTTHRU": 3,
        "MAINTRK": 1,
        "SIDINGTRK": 0,
        "YARDTRK": 0,
        "TRANSITTRK": 0,
        "INDUSTRYTR": 0,
        "OTHRTRK": 0,
        "WDCODE": "",
        "REVISIONDA": "1996/01/01 00:00:00",
        "LASTUPDATE": "2/11/2025",
        "AADT": "",
        "AADTYEAR": "1970",
        "STATENAME": "TEXAS",
        "STATEAB": "TX",
        "COUNTYNAME": "LEON",
        "CITYNAME": "JEWETT",
        "LATDD": 31.4101004,
        "LONGDD": -96.182128,
        "gridlyProductionCertified": true,
        "gridlyClassification": "PUBLIC_ROADWAY",
        "gridlyDisplayName": "PVT",
        "gridlyId": "FRA-598241S"
      }
    },
    {
      "type": "Feature",
      "id": 205284,
      "geometry": {
        "type": "Point",
        "coordinates": [
          -96.1454230003244,
          31.3123189001398
        ]
      },
      "properties": {
        "OBJECTID": 205284,
        "CROSSING": "598237C",
        "EFFDATE": 1739232000000,
        "REASON": "14",
        "StateCode": "48",
        "CountyCode": "48289",
        "STCYFIPS": "48289",
        "CITYCD": "482893510",
        "RAILROAD": "BNSF",
        "RRDIV": "RED RIVER",
        "RRSUBDIV": "HOUSTON",
        "HIGHWAY": "PRIVATE",
        "STREET": "PVT",
        "TTSTN": "682243",
        "MILEPOST": "0180.491",
        "TYPEXING": "Private",
        "POSXING": "At Grade",
        "PRVCAT": "14",
        "INIT": "1",
        "LATITUDE": 31.3123189,
        "LONGITUD": -96.145423,
        "LLSOURCE": "1",
        "WHISTBAN": "0",
        "RRCONT": "8173521549",
        "POLCONT": "8008325452",
        "INV_LINK": "https://safetydata.fra.dot.gov/OfficeofSafety/PublicSite/Crossing/Crossing.aspx?phasetype=C&rpttype=I&txtcrossingnum=598237C",
        "ACC_LINK": "https://safetydata.fra.dot.gov/OfficeofSafety/PublicSite/Crossing/Crossing.aspx?phasetype=C&rpttype=A&txtcrossingnum=598237C",
        "TTSTNNAM": "NUCOR STEEL",
        "XPURPOSE": "1",
        "OPERATINGR": "BNSF",
        "OPERATIN_1": "Primary",
        "DAYTHRU": 3,
        "NGHTTHRU": 2,
        "MAINTRK": 1,
        "SIDINGTRK": 0,
        "YARDTRK": 0,
        "TRANSITTRK": 0,
        "INDUSTRYTR": 0,
        "OTHRTRK": 0,
        "WDCODE": "",
        "REVISIONDA": "1996/01/01 00:00:00",
        "LASTUPDATE": "2/11/2025",
        "AADT": "",
        "AADTYEAR": "1970",
        "STATENAME": "TEXAS",
        "STATEAB": "TX",
        "COUNTYNAME": "LEON",
        "CITYNAME": "JEWETT",
        "LATDD": 31.3123189,
        "LONGDD": -96.145423,
        "gridlyProductionCertified": true,
        "gridlyClassification": "PUBLIC_ROADWAY",
        "gridlyDisplayName": "PVT",
        "gridlyId": "FRA-598237C"
      }
    },
    {
      "type": "Feature",
      "id": 205293,
      "geometry": {
        "type": "Point",
        "coordinates": [
          -96.1252419998186,
          31.1512444002139
        ]
      },
      "properties": {
        "OBJECTID": 205293,
        "CROSSING": "597159U",
        "EFFDATE": 1739232000000,
        "REASON": "14",
        "StateCode": "48",
        "CountyCode": "48289",
        "STCYFIPS": "48289",
        "CITYCD": "482894940",
        "RAILROAD": "BNSF",
        "RRDIV": "RED RIVER",
        "RRSUBDIV": "HOUSTON",
        "HIGHWAY": "FM 0977",
        "STREET": "FM 0977",
        "TTSTN": "682278",
        "MILEPOST": "0168.442",
        "TYPEXING": "Public",
        "POSXING": "At Grade",
        "PRVCAT": "14",
        "INIT": "1",
        "LATITUDE": 31.1512444,
        "LONGITUD": -96.125242,
        "LLSOURCE": "1",
        "WHISTBAN": "0",
        "RRCONT": "8173521549",
        "POLCONT": "8008325452",
        "INV_LINK": "https://safetydata.fra.dot.gov/OfficeofSafety/PublicSite/Crossing/Crossing.aspx?phasetype=C&rpttype=I&txtcrossingnum=597159U",
        "ACC_LINK": "https://safetydata.fra.dot.gov/OfficeofSafety/PublicSite/Crossing/Crossing.aspx?phasetype=C&rpttype=A&txtcrossingnum=597159U",
        "TTSTNNAM": "FLYNN",
        "XPURPOSE": "1",
        "OPERATINGR": "BNSF",
        "OPERATIN_1": "Primary",
        "DAYTHRU": 3,
        "NGHTTHRU": 2,
        "MAINTRK": 1,
        "SIDINGTRK": 1,
        "YARDTRK": 0,
        "TRANSITTRK": 0,
        "INDUSTRYTR": 0,
        "OTHRTRK": 1,
        "WDCODE": "All other Gates",
        "REVISIONDA": "1996/01/01 00:00:00",
        "LASTUPDATE": "2/11/2025",
        "AADT": "468",
        "AADTYEAR": "2019",
        "STATENAME": "TEXAS",
        "STATEAB": "TX",
        "COUNTYNAME": "LEON",
        "CITYNAME": "NORMANGEE",
        "LATDD": 31.1512444,
        "LONGDD": -96.125242,
        "gridlyProductionCertified": true,
        "gridlyClassification": "PUBLIC_ROADWAY",
        "gridlyDisplayName": "FM 0977",
        "gridlyId": "FRA-597159U"
      }
    },
    {
      "type": "Feature",
      "id": 205294,
      "geometry": {
        "type": "Point",
        "coordinates": [
          -96.1218380002378,
          31.0873870000208
        ]
      },
      "properties": {
        "OBJECTID": 205294,
        "CROSSING": "598226P",
        "EFFDATE": 1739232000000,
        "REASON": "14",
        "StateCode": "48",
        "CountyCode": "48289",
        "STCYFIPS": "48289",
        "CITYCD": "482894940",
        "RAILROAD": "BNSF",
        "RRDIV": "RED RIVER",
        "RRSUBDIV": "HOUSTON",
        "HIGHWAY": "PRIVATE",
        "STREET": "PVT",
        "TTSTN": "682278",
        "MILEPOST": "0163.912",
        "TYPEXING": "Private",
        "POSXING": "At Grade",
        "PRVCAT": "14",
        "INIT": "1",
        "LATITUDE": 31.087387,
        "LONGITUD": -96.121838,
        "LLSOURCE": "1",
        "WHISTBAN": "0",
        "RRCONT": "8173521549",
        "POLCONT": "8008325452",
        "INV_LINK": "https://safetydata.fra.dot.gov/OfficeofSafety/PublicSite/Crossing/Crossing.aspx?phasetype=C&rpttype=I&txtcrossingnum=598226P",
        "ACC_LINK": "https://safetydata.fra.dot.gov/OfficeofSafety/PublicSite/Crossing/Crossing.aspx?phasetype=C&rpttype=A&txtcrossingnum=598226P",
        "TTSTNNAM": "FLYNN",
        "XPURPOSE": "1",
        "OPERATINGR": "BNSF",
        "OPERATIN_1": "Primary",
        "DAYTHRU": 3,
        "NGHTTHRU": 2,
        "MAINTRK": 1,
        "SIDINGTRK": 0,
        "YARDTRK": 0,
        "TRANSITTRK": 0,
        "INDUSTRYTR": 0,
        "OTHRTRK": 0,
        "WDCODE": "",
        "REVISIONDA": "1996/01/01 00:00:00",
        "LASTUPDATE": "2/11/2025",
        "AADT": "",
        "AADTYEAR": "1970",
        "STATENAME": "TEXAS",
        "STATEAB": "TX",
        "COUNTYNAME": "LEON",
        "CITYNAME": "NORMANGEE",
        "LATDD": 31.087387,
        "LONGDD": -96.121838,
        "gridlyProductionCertified": true,
        "gridlyClassification": "PUBLIC_ROADWAY",
        "gridlyDisplayName": "PVT",
        "gridlyId": "FRA-598226P"
      }
    },
    {
      "type": "Feature",
      "id": 206513,
      "geometry": {
        "type": "Point",
        "coordinates": [
          -96.2632311002945,
          31.2082248996327
        ]
      },
      "properties": {
        "OBJECTID": 206513,
        "CROSSING": "432231B",
        "EFFDATE": 1756512000000,
        "REASON": "14",
        "StateCode": "48",
        "CountyCode": "48289",
        "STCYFIPS": "48289",
        "CITYCD": "482894350",
        "RAILROAD": "UP",
        "RRDIV": "GULF COAST",
        "RRSUBDIV": "HEARNE SUB",
        "HIGHWAY": "PRIVATE",
        "STREET": "PRIVATE",
        "TTSTN": "682247",
        "MILEPOST": "0057.130",
        "TYPEXING": "Private",
        "POSXING": "At Grade",
        "PRVCAT": "14",
        "INIT": "1",
        "LATITUDE": 31.2082249,
        "LONGITUD": -96.2632311,
        "LLSOURCE": "1",
        "WHISTBAN": "0",
        "RRCONT": "4025443721",
        "POLCONT": "8008488715",
        "INV_LINK": "https://safetydata.fra.dot.gov/OfficeofSafety/PublicSite/Crossing/Crossing.aspx?phasetype=C&rpttype=I&txtcrossingnum=432231B",
        "ACC_LINK": "https://safetydata.fra.dot.gov/OfficeofSafety/PublicSite/Crossing/Crossing.aspx?phasetype=C&rpttype=A&txtcrossingnum=432231B",
        "TTSTNNAM": "",
        "XPURPOSE": "1",
        "OPERATINGR": "UP",
        "OPERATIN_1": "Primary",
        "DAYTHRU": 4,
        "NGHTTHRU": 3,
        "MAINTRK": 1,
        "SIDINGTRK": 0,
        "YARDTRK": 0,
        "TRANSITTRK": 0,
        "INDUSTRYTR": 0,
        "OTHRTRK": 0,
        "WDCODE": "",
        "REVISIONDA": "1975/01/01 00:00:00",
        "LASTUPDATE": "8/30/2025",
        "AADT": "1",
        "AADTYEAR": "1990",
        "STATENAME": "TEXAS",
        "STATEAB": "TX",
        "COUNTYNAME": "LEON",
        "CITYNAME": "MARQUEZ",
        "LATDD": 31.2082249,
        "LONGDD": -96.2632311,
        "gridlyProductionCertified": true,
        "gridlyClassification": "PUBLIC_ROADWAY",
        "gridlyDisplayName": "PRIVATE",
        "gridlyId": "FRA-432231B"
      }
    },
    {
      "type": "Feature",
      "id": 206515,
      "geometry": {
        "type": "Point",
        "coordinates": [
          -96.2636640999395,
          31.2043375002039
        ]
      },
      "properties": {
        "OBJECTID": 206515,
        "CROSSING": "432232H",
        "EFFDATE": 1756512000000,
        "REASON": "14",
        "StateCode": "48",
        "CountyCode": "48289",
        "STCYFIPS": "48289",
        "CITYCD": "482894350",
        "RAILROAD": "UP",
        "RRDIV": "GULF COAST",
        "RRSUBDIV": "HEARNE SUB",
        "HIGHWAY": "PRIVATE",
        "STREET": "PRIVATE",
        "TTSTN": "682247",
        "MILEPOST": "0057.400",
        "TYPEXING": "Private",
        "POSXING": "At Grade",
        "PRVCAT": "14",
        "INIT": "1",
        "LATITUDE": 31.2043375,
        "LONGITUD": -96.2636641,
        "LLSOURCE": "1",
        "WHISTBAN": "0",
        "RRCONT": "4025443721",
        "POLCONT": "8008488715",
        "INV_LINK": "https://safetydata.fra.dot.gov/OfficeofSafety/PublicSite/Crossing/Crossing.aspx?phasetype=C&rpttype=I&txtcrossingnum=432232H",
        "ACC_LINK": "https://safetydata.fra.dot.gov/OfficeofSafety/PublicSite/Crossing/Crossing.aspx?phasetype=C&rpttype=A&txtcrossingnum=432232H",
        "TTSTNNAM": "",
        "XPURPOSE": "1",
        "OPERATINGR": "UP",
        "OPERATIN_1": "Primary",
        "DAYTHRU": 4,
        "NGHTTHRU": 3,
        "MAINTRK": 1,
        "SIDINGTRK": 0,
        "YARDTRK": 0,
        "TRANSITTRK": 0,
        "INDUSTRYTR": 0,
        "OTHRTRK": 0,
        "WDCODE": "",
        "REVISIONDA": "1975/01/01 00:00:00",
        "LASTUPDATE": "8/30/2025",
        "AADT": "1",
        "AADTYEAR": "1990",
        "STATENAME": "TEXAS",
        "STATEAB": "TX",
        "COUNTYNAME": "LEON",
        "CITYNAME": "MARQUEZ",
        "LATDD": 31.2043375,
        "LONGDD": -96.2636641,
        "gridlyProductionCertified": true,
        "gridlyClassification": "PUBLIC_ROADWAY",
        "gridlyDisplayName": "PRIVATE",
        "gridlyId": "FRA-432232H"
      }
    },
    {
      "type": "Feature",
      "id": 206527,
      "geometry": {
        "type": "Point",
        "coordinates": [
          -96.2683242003075,
          31.1979555997008
        ]
      },
      "properties": {
        "OBJECTID": 206527,
        "CROSSING": "432233P",
        "EFFDATE": 1756512000000,
        "REASON": "14",
        "StateCode": "48",
        "CountyCode": "48289",
        "STCYFIPS": "48289",
        "CITYCD": "482894350",
        "RAILROAD": "UP",
        "RRDIV": "GULF COAST",
        "RRSUBDIV": "HEARNE SUB",
        "HIGHWAY": "FM 0003",
        "STREET": "FM 3",
        "TTSTN": "682247",
        "MILEPOST": "0057.910",
        "TYPEXING": "Public",
        "POSXING": "At Grade",
        "PRVCAT": "14",
        "INIT": "1",
        "LATITUDE": 31.1979556,
        "LONGITUD": -96.2683242,
        "LLSOURCE": "1",
        "WHISTBAN": "0",
        "RRCONT": "4025443721",
        "POLCONT": "8008488715",
        "INV_LINK": "https://safetydata.fra.dot.gov/OfficeofSafety/PublicSite/Crossing/Crossing.aspx?phasetype=C&rpttype=I&txtcrossingnum=432233P",
        "ACC_LINK": "https://safetydata.fra.dot.gov/OfficeofSafety/PublicSite/Crossing/Crossing.aspx?phasetype=C&rpttype=A&txtcrossingnum=432233P",
        "TTSTNNAM": "",
        "XPURPOSE": "1",
        "OPERATINGR": "UP",
        "OPERATIN_1": "Primary",
        "DAYTHRU": 4,
        "NGHTTHRU": 3,
        "MAINTRK": 1,
        "SIDINGTRK": 0,
        "YARDTRK": 0,
        "TRANSITTRK": 0,
        "INDUSTRYTR": 0,
        "OTHRTRK": 0,
        "WDCODE": "All other Gates",
        "REVISIONDA": "1975/01/01 00:00:00",
        "LASTUPDATE": "8/30/2025",
        "AADT": "711",
        "AADTYEAR": "2019",
        "STATENAME": "TEXAS",
        "STATEAB": "TX",
        "COUNTYNAME": "LEON",
        "CITYNAME": "MARQUEZ",
        "LATDD": 31.1979556,
        "LONGDD": -96.2683242,
        "gridlyProductionCertified": true,
        "gridlyClassification": "PUBLIC_ROADWAY",
        "gridlyDisplayName": "FM 3",
        "gridlyId": "FRA-432233P"
      }
    },
    {
      "type": "Feature",
      "id": 206561,
      "geometry": {
        "type": "Point",
        "coordinates": [
          -95.9148014001261,
          31.5513311996906
        ]
      },
      "properties": {
        "OBJECTID": 206561,
        "CROSSING": "432332M",
        "EFFDATE": 1756512000000,
        "REASON": "14",
        "StateCode": "48",
        "CountyCode": "48289",
        "STCYFIPS": "48289",
        "CITYCD": "482895000",
        "RAILROAD": "UP",
        "RRDIV": "GULF COAST",
        "RRSUBDIV": "HEARNE SUB",
        "HIGHWAY": "CO 0224",
        "STREET": "CR 224",
        "TTSTN": "682214",
        "MILEPOST": "0023.210",
        "TYPEXING": "Public",
        "POSXING": "At Grade",
        "PRVCAT": "14",
        "INIT": "1",
        "LATITUDE": 31.5513312,
        "LONGITUD": -95.9148014,
        "LLSOURCE": "1",
        "WHISTBAN": "0",
        "RRCONT": "4025443721",
        "POLCONT": "8008488715",
        "INV_LINK": "https://safetydata.fra.dot.gov/OfficeofSafety/PublicSite/Crossing/Crossing.aspx?phasetype=C&rpttype=I&txtcrossingnum=432332M",
        "ACC_LINK": "https://safetydata.fra.dot.gov/OfficeofSafety/PublicSite/Crossing/Crossing.aspx?phasetype=C&rpttype=A&txtcrossingnum=432332M",
        "TTSTNNAM": "",
        "XPURPOSE": "1",
        "OPERATINGR": "UP",
        "OPERATIN_1": "Primary",
        "DAYTHRU": 4,
        "NGHTTHRU": 3,
        "MAINTRK": 1,
        "SIDINGTRK": 0,
        "YARDTRK": 0,
        "TRANSITTRK": 0,
        "INDUSTRYTR": 0,
        "OTHRTRK": 0,
        "WDCODE": "All other Gates",
        "REVISIONDA": "1975/01/01 00:00:00",
        "LASTUPDATE": "8/30/2025",
        "AADT": "389",
        "AADTYEAR": "2019",
        "STATENAME": "TEXAS",
        "STATEAB": "TX",
        "COUNTYNAME": "LEON",
        "CITYNAME": "OAKWOOD",
        "LATDD": 31.5513312,
        "LONGDD": -95.9148014,
        "gridlyProductionCertified": true,
        "gridlyClassification": "PUBLIC_ROADWAY",
        "gridlyDisplayName": "CR 224",
        "gridlyId": "FRA-432332M"
      }
    },
    {
      "type": "Feature",
      "id": 206562,
      "geometry": {
        "type": "Point",
        "coordinates": [
          -95.9363882002711,
          31.5225299002756
        ]
      },
      "properties": {
        "OBJECTID": 206562,
        "CROSSING": "432334B",
        "EFFDATE": 1756512000000,
        "REASON": "14",
        "StateCode": "48",
        "CountyCode": "48289",
        "STCYFIPS": "48289",
        "CITYCD": "482895000",
        "RAILROAD": "UP",
        "RRDIV": "GULF COAST",
        "RRSUBDIV": "HEARNE SUB",
        "HIGHWAY": "NA",
        "STREET": "PRIVATE",
        "TTSTN": "682214",
        "MILEPOST": "0026.060",
        "TYPEXING": "Private",
        "POSXING": "RR Over",
        "PRVCAT": "14",
        "INIT": "1",
        "LATITUDE": 31.5225299,
        "LONGITUD": -95.9363882,
        "LLSOURCE": "1",
        "WHISTBAN": "0",
        "RRCONT": "4025443721",
        "POLCONT": "8008488715",
        "INV_LINK": "https://safetydata.fra.dot.gov/OfficeofSafety/PublicSite/Crossing/Crossing.aspx?phasetype=C&rpttype=I&txtcrossingnum=432334B",
        "ACC_LINK": "https://safetydata.fra.dot.gov/OfficeofSafety/PublicSite/Crossing/Crossing.aspx?phasetype=C&rpttype=A&txtcrossingnum=432334B",
        "TTSTNNAM": "",
        "XPURPOSE": "1",
        "OPERATINGR": "UP",
        "OPERATIN_1": "Primary",
        "DAYTHRU": 4,
        "NGHTTHRU": 3,
        "MAINTRK": 1,
        "SIDINGTRK": 0,
        "YARDTRK": 0,
        "TRANSITTRK": 0,
        "INDUSTRYTR": 0,
        "OTHRTRK": 0,
        "WDCODE": "",
        "REVISIONDA": "1975/01/01 00:00:00",
        "LASTUPDATE": "8/30/2025",
        "AADT": "1",
        "AADTYEAR": "1990",
        "STATENAME": "TEXAS",
        "STATEAB": "TX",
        "COUNTYNAME": "LEON",
        "CITYNAME": "OAKWOOD",
        "LATDD": 31.5225299,
        "LONGDD": -95.9363882,
        "gridlyProductionCertified": true,
        "gridlyClassification": "PUBLIC_ROADWAY",
        "gridlyDisplayName": "PRIVATE",
        "gridlyId": "FRA-432334B"
      }
    },
    {
      "type": "Feature",
      "id": 206563,
      "geometry": {
        "type": "Point",
        "coordinates": [
          -95.9535580003338,
          31.5165700996185
        ]
      },
      "properties": {
        "OBJECTID": 206563,
        "CROSSING": "432337W",
        "EFFDATE": 1756512000000,
        "REASON": "14",
        "StateCode": "48",
        "CountyCode": "48289",
        "STCYFIPS": "48289",
        "CITYCD": "482891000",
        "RAILROAD": "UP",
        "RRDIV": "GULF COAST",
        "RRSUBDIV": "HEARNE SUB",
        "HIGHWAY": "PR 2160",
        "STREET": "CR 2160",
        "TTSTN": "682225",
        "MILEPOST": "0027.080",
        "TYPEXING": "Public",
        "POSXING": "At Grade",
        "PRVCAT": "14",
        "INIT": "1",
        "LATITUDE": 31.5165701,
        "LONGITUD": -95.953558,
        "LLSOURCE": "1",
        "WHISTBAN": "0",
        "RRCONT": "4025443721",
        "POLCONT": "8008488715",
        "INV_LINK": "https://safetydata.fra.dot.gov/OfficeofSafety/PublicSite/Crossing/Crossing.aspx?phasetype=C&rpttype=I&txtcrossingnum=432337W",
        "ACC_LINK": "https://safetydata.fra.dot.gov/OfficeofSafety/PublicSite/Crossing/Crossing.aspx?phasetype=C&rpttype=A&txtcrossingnum=432337W",
        "TTSTNNAM": "",
        "XPURPOSE": "1",
        "OPERATINGR": "UP",
        "OPERATIN_1": "Primary",
        "DAYTHRU": 4,
        "NGHTTHRU": 3,
        "MAINTRK": 1,
        "SIDINGTRK": 0,
        "YARDTRK": 0,
        "TRANSITTRK": 0,
        "INDUSTRYTR": 0,
        "OTHRTRK": 0,
        "WDCODE": "Crossbucks",
        "REVISIONDA": "1975/01/01 00:00:00",
        "LASTUPDATE": "8/30/2025",
        "AADT": "62",
        "AADTYEAR": "2019",
        "STATENAME": "TEXAS",
        "STATEAB": "TX",
        "COUNTYNAME": "LEON",
        "CITYNAME": "BUFFALO",
        "LATDD": 31.5165701,
        "LONGDD": -95.953558,
        "gridlyProductionCertified": true,
        "gridlyClassification": "PUBLIC_ROADWAY",
        "gridlyDisplayName": "CR 2160",
        "gridlyId": "FRA-432337W"
      }
    },
    {
      "type": "Feature",
      "id": 206564,
      "geometry": {
        "type": "Point",
        "coordinates": [
          -95.9652830000683,
          31.5035542002296
        ]
      },
      "properties": {
        "OBJECTID": 206564,
        "CROSSING": "432338D",
        "EFFDATE": 1756512000000,
        "REASON": "14",
        "StateCode": "48",
        "CountyCode": "48289",
        "STCYFIPS": "48289",
        "CITYCD": "482891000",
        "RAILROAD": "UP",
        "RRDIV": "GULF COAST",
        "RRSUBDIV": "HEARNE SUB",
        "HIGHWAY": "TBD",
        "STREET": "CR 223",
        "TTSTN": "682225",
        "MILEPOST": "0028.490",
        "TYPEXING": "Public",
        "POSXING": "At Grade",
        "PRVCAT": "14",
        "INIT": "1",
        "LATITUDE": 31.5035542,
        "LONGITUD": -95.965283,
        "LLSOURCE": "1",
        "WHISTBAN": "0",
        "RRCONT": "4025443721",
        "POLCONT": "8008488715",
        "INV_LINK": "https://safetydata.fra.dot.gov/OfficeofSafety/PublicSite/Crossing/Crossing.aspx?phasetype=C&rpttype=I&txtcrossingnum=432338D",
        "ACC_LINK": "https://safetydata.fra.dot.gov/OfficeofSafety/PublicSite/Crossing/Crossing.aspx?phasetype=C&rpttype=A&txtcrossingnum=432338D",
        "TTSTNNAM": "",
        "XPURPOSE": "1",
        "OPERATINGR": "UP",
        "OPERATIN_1": "Primary",
        "DAYTHRU": 4,
        "NGHTTHRU": 3,
        "MAINTRK": 1,
        "SIDINGTRK": 0,
        "YARDTRK": 0,
        "TRANSITTRK": 0,
        "INDUSTRYTR": 0,
        "OTHRTRK": 0,
        "WDCODE": "All other Gates",
        "REVISIONDA": "1975/01/01 00:00:00",
        "LASTUPDATE": "8/30/2025",
        "AADT": "30",
        "AADTYEAR": "2019",
        "STATENAME": "TEXAS",
        "STATEAB": "TX",
        "COUNTYNAME": "LEON",
        "CITYNAME": "BUFFALO",
        "LATDD": 31.5035542,
        "LONGDD": -95.965283,
        "gridlyProductionCertified": true,
        "gridlyClassification": "PUBLIC_ROADWAY",
        "gridlyDisplayName": "CR 223",
        "gridlyId": "FRA-432338D"
      }
    },
    {
      "type": "Feature",
      "id": 206565,
      "geometry": {
        "type": "Point",
        "coordinates": [
          -95.9717589998673,
          31.4985329999964
        ]
      },
      "properties": {
        "OBJECTID": 206565,
        "CROSSING": "432339K",
        "EFFDATE": 1756512000000,
        "REASON": "14",
        "StateCode": "48",
        "CountyCode": "48289",
        "STCYFIPS": "48289",
        "CITYCD": "482891000",
        "RAILROAD": "UP",
        "RRDIV": "GULF COAST",
        "RRSUBDIV": "HEARNE SUB",
        "HIGHWAY": "PRIVATE",
        "STREET": "PRIVATE",
        "TTSTN": "682225",
        "MILEPOST": "0029.020",
        "TYPEXING": "Private",
        "POSXING": "At Grade",
        "PRVCAT": "14",
        "INIT": "1",
        "LATITUDE": 31.498533,
        "LONGITUD": -95.971759,
        "LLSOURCE": "1",
        "WHISTBAN": "0",
        "RRCONT": "4025443721",
        "POLCONT": "8008488715",
        "INV_LINK": "https://safetydata.fra.dot.gov/OfficeofSafety/PublicSite/Crossing/Crossing.aspx?phasetype=C&rpttype=I&txtcrossingnum=432339K",
        "ACC_LINK": "https://safetydata.fra.dot.gov/OfficeofSafety/PublicSite/Crossing/Crossing.aspx?phasetype=C&rpttype=A&txtcrossingnum=432339K",
        "TTSTNNAM": "",
        "XPURPOSE": "1",
        "OPERATINGR": "UP",
        "OPERATIN_1": "Primary",
        "DAYTHRU": 4,
        "NGHTTHRU": 3,
        "MAINTRK": 1,
        "SIDINGTRK": 0,
        "YARDTRK": 0,
        "TRANSITTRK": 0,
        "INDUSTRYTR": 0,
        "OTHRTRK": 0,
        "WDCODE": "",
        "REVISIONDA": "1975/01/01 00:00:00",
        "LASTUPDATE": "8/30/2025",
        "AADT": "1",
        "AADTYEAR": "1990",
        "STATENAME": "TEXAS",
        "STATEAB": "TX",
        "COUNTYNAME": "LEON",
        "CITYNAME": "BUFFALO",
        "LATDD": 31.498533,
        "LONGDD": -95.971759,
        "gridlyProductionCertified": true,
        "gridlyClassification": "PUBLIC_ROADWAY",
        "gridlyDisplayName": "PRIVATE",
        "gridlyId": "FRA-432339K"
      }
    },
    {
      "type": "Feature",
      "id": 206567,
      "geometry": {
        "type": "Point",
        "coordinates": [
          -95.9375383995676,
          31.5215181998784
        ]
      },
      "properties": {
        "OBJECTID": 206567,
        "CROSSING": "432335H",
        "EFFDATE": 1756512000000,
        "REASON": "14",
        "StateCode": "48",
        "CountyCode": "48289",
        "STCYFIPS": "48289",
        "CITYCD": "482895000",
        "RAILROAD": "UP",
        "RRDIV": "GULF COAST",
        "RRSUBDIV": "HEARNE SUB",
        "HIGHWAY": "PRIVATE",
        "STREET": "PRIVATE",
        "TTSTN": "682214",
        "MILEPOST": "0026.150",
        "TYPEXING": "Private",
        "POSXING": "At Grade",
        "PRVCAT": "14",
        "INIT": "1",
        "LATITUDE": 31.5215182,
        "LONGITUD": -95.9375384,
        "LLSOURCE": "1",
        "WHISTBAN": "0",
        "RRCONT": "4025443721",
        "POLCONT": "8008488715",
        "INV_LINK": "https://safetydata.fra.dot.gov/OfficeofSafety/PublicSite/Crossing/Crossing.aspx?phasetype=C&rpttype=I&txtcrossingnum=432335H",
        "ACC_LINK": "https://safetydata.fra.dot.gov/OfficeofSafety/PublicSite/Crossing/Crossing.aspx?phasetype=C&rpttype=A&txtcrossingnum=432335H",
        "TTSTNNAM": "",
        "XPURPOSE": "1",
        "OPERATINGR": "UP",
        "OPERATIN_1": "Primary",
        "DAYTHRU": 4,
        "NGHTTHRU": 3,
        "MAINTRK": 1,
        "SIDINGTRK": 0,
        "YARDTRK": 0,
        "TRANSITTRK": 0,
        "INDUSTRYTR": 0,
        "OTHRTRK": 0,
        "WDCODE": "",
        "REVISIONDA": "1975/01/01 00:00:00",
        "LASTUPDATE": "8/30/2025",
        "AADT": "1",
        "AADTYEAR": "1990",
        "STATENAME": "TEXAS",
        "STATEAB": "TX",
        "COUNTYNAME": "LEON",
        "CITYNAME": "OAKWOOD",
        "LATDD": 31.5215182,
        "LONGDD": -95.9375384,
        "gridlyProductionCertified": true,
        "gridlyClassification": "PUBLIC_ROADWAY",
        "gridlyDisplayName": "PRIVATE",
        "gridlyId": "FRA-432335H"
      }
    },
    {
      "type": "Feature",
      "id": 206568,
      "geometry": {
        "type": "Point",
        "coordinates": [
          -95.9792314001997,
          31.4948736998085
        ]
      },
      "properties": {
        "OBJECTID": 206568,
        "CROSSING": "432341L",
        "EFFDATE": 1756512000000,
        "REASON": "14",
        "StateCode": "48",
        "CountyCode": "48289",
        "STCYFIPS": "48289",
        "CITYCD": "482891000",
        "RAILROAD": "UP",
        "RRDIV": "GULF COAST",
        "RRSUBDIV": "HEARNE SUB",
        "HIGHWAY": "PRIVATE",
        "STREET": "PRIVATE",
        "TTSTN": "682225",
        "MILEPOST": "0029.520",
        "TYPEXING": "Private",
        "POSXING": "At Grade",
        "PRVCAT": "14",
        "INIT": "1",
        "LATITUDE": 31.4948737,
        "LONGITUD": -95.9792314,
        "LLSOURCE": "1",
        "WHISTBAN": "0",
        "RRCONT": "4025443721",
        "POLCONT": "8008488715",
        "INV_LINK": "https://safetydata.fra.dot.gov/OfficeofSafety/PublicSite/Crossing/Crossing.aspx?phasetype=C&rpttype=I&txtcrossingnum=432341L",
        "ACC_LINK": "https://safetydata.fra.dot.gov/OfficeofSafety/PublicSite/Crossing/Crossing.aspx?phasetype=C&rpttype=A&txtcrossingnum=432341L",
        "TTSTNNAM": "",
        "XPURPOSE": "1",
        "OPERATINGR": "UP",
        "OPERATIN_1": "Primary",
        "DAYTHRU": 4,
        "NGHTTHRU": 3,
        "MAINTRK": 1,
        "SIDINGTRK": 0,
        "YARDTRK": 0,
        "TRANSITTRK": 0,
        "INDUSTRYTR": 0,
        "OTHRTRK": 0,
        "WDCODE": "",
        "REVISIONDA": "1975/01/01 00:00:00",
        "LASTUPDATE": "8/30/2025",
        "AADT": "1",
        "AADTYEAR": "1990",
        "STATENAME": "TEXAS",
        "STATEAB": "TX",
        "COUNTYNAME": "LEON",
        "CITYNAME": "BUFFALO",
        "LATDD": 31.4948737,
        "LONGDD": -95.9792314,
        "gridlyProductionCertified": true,
        "gridlyClassification": "PUBLIC_ROADWAY",
        "gridlyDisplayName": "PRIVATE",
        "gridlyId": "FRA-432341L"
      }
    },
    {
      "type": "Feature",
      "id": 206569,
      "geometry": {
        "type": "Point",
        "coordinates": [
          -96.089022600401,
          31.4271694000705
        ]
      },
      "properties": {
        "OBJECTID": 206569,
        "CROSSING": "432344G",
        "EFFDATE": 1756512000000,
        "REASON": "14",
        "StateCode": "48",
        "CountyCode": "48289",
        "STCYFIPS": "48289",
        "CITYCD": "482891000",
        "RAILROAD": "UP",
        "RRDIV": "GULF COAST",
        "RRSUBDIV": "HEARNE SUB",
        "HIGHWAY": "CO 3090",
        "STREET": "CR 3090",
        "TTSTN": "682225",
        "MILEPOST": "0038.100",
        "TYPEXING": "Public",
        "POSXING": "At Grade",
        "PRVCAT": "14",
        "INIT": "1",
        "LATITUDE": 31.4271694,
        "LONGITUD": -96.0890226,
        "LLSOURCE": "1",
        "WHISTBAN": "0",
        "RRCONT": "4025443721",
        "POLCONT": "8008488715",
        "INV_LINK": "https://safetydata.fra.dot.gov/OfficeofSafety/PublicSite/Crossing/Crossing.aspx?phasetype=C&rpttype=I&txtcrossingnum=432344G",
        "ACC_LINK": "https://safetydata.fra.dot.gov/OfficeofSafety/PublicSite/Crossing/Crossing.aspx?phasetype=C&rpttype=A&txtcrossingnum=432344G",
        "TTSTNNAM": "",
        "XPURPOSE": "1",
        "OPERATINGR": "UP",
        "OPERATIN_1": "Primary",
        "DAYTHRU": 4,
        "NGHTTHRU": 3,
        "MAINTRK": 1,
        "SIDINGTRK": 0,
        "YARDTRK": 0,
        "TRANSITTRK": 0,
        "INDUSTRYTR": 0,
        "OTHRTRK": 0,
        "WDCODE": "Crossbucks",
        "REVISIONDA": "1975/01/01 00:00:00",
        "LASTUPDATE": "8/30/2025",
        "AADT": "810",
        "AADTYEAR": "2001",
        "STATENAME": "TEXAS",
        "STATEAB": "TX",
        "COUNTYNAME": "LEON",
        "CITYNAME": "BUFFALO",
        "LATDD": 31.4271694,
        "LONGDD": -96.0890226,
        "gridlyProductionCertified": true,
        "gridlyClassification": "PUBLIC_ROADWAY",
        "gridlyDisplayName": "CR 3090",
        "gridlyId": "FRA-432344G"
      }
    },
    {
      "type": "Feature",
      "id": 206570,
      "geometry": {
        "type": "Point",
        "coordinates": [
          -96.0968921998194,
          31.4198204002529
        ]
      },
      "properties": {
        "OBJECTID": 206570,
        "CROSSING": "432345N",
        "EFFDATE": 1756512000000,
        "REASON": "14",
        "StateCode": "48",
        "CountyCode": "48289",
        "STCYFIPS": "48289",
        "CITYCD": "482891000",
        "RAILROAD": "UP",
        "RRDIV": "GULF COAST",
        "RRSUBDIV": "HEARNE SUB",
        "HIGHWAY": "CO 0329",
        "STREET": "CR 329",
        "TTSTN": "682225",
        "MILEPOST": "0038.800",
        "TYPEXING": "Public",
        "POSXING": "At Grade",
        "PRVCAT": "14",
        "INIT": "1",
        "LATITUDE": 31.4198204,
        "LONGITUD": -96.0968922,
        "LLSOURCE": "1",
        "WHISTBAN": "0",
        "RRCONT": "4025443721",
        "POLCONT": "8008488715",
        "INV_LINK": "https://safetydata.fra.dot.gov/OfficeofSafety/PublicSite/Crossing/Crossing.aspx?phasetype=C&rpttype=I&txtcrossingnum=432345N",
        "ACC_LINK": "https://safetydata.fra.dot.gov/OfficeofSafety/PublicSite/Crossing/Crossing.aspx?phasetype=C&rpttype=A&txtcrossingnum=432345N",
        "TTSTNNAM": "",
        "XPURPOSE": "1",
        "OPERATINGR": "UP",
        "OPERATIN_1": "Primary",
        "DAYTHRU": 4,
        "NGHTTHRU": 3,
        "MAINTRK": 1,
        "SIDINGTRK": 0,
        "YARDTRK": 0,
        "TRANSITTRK": 0,
        "INDUSTRYTR": 0,
        "OTHRTRK": 0,
        "WDCODE": "All other Gates",
        "REVISIONDA": "1975/01/01 00:00:00",
        "LASTUPDATE": "8/30/2025",
        "AADT": "940",
        "AADTYEAR": "2019",
        "STATENAME": "TEXAS",
        "STATEAB": "TX",
        "COUNTYNAME": "LEON",
        "CITYNAME": "BUFFALO",
        "LATDD": 31.4198204,
        "LONGDD": -96.0968922,
        "gridlyProductionCertified": true,
        "gridlyClassification": "PUBLIC_ROADWAY",
        "gridlyDisplayName": "CR 329",
        "gridlyId": "FRA-432345N"
      }
    },
    {
      "type": "Feature",
      "id": 206571,
      "geometry": {
        "type": "Point",
        "coordinates": [
          -96.0486575999148,
          31.4676498997268
        ]
      },
      "properties": {
        "OBJECTID": 206571,
        "CROSSING": "432351S",
        "EFFDATE": 1756512000000,
        "REASON": "14",
        "StateCode": "48",
        "CountyCode": "48289",
        "STCYFIPS": "48289",
        "CITYCD": "482891000",
        "RAILROAD": "UP",
        "RRDIV": "GULF COAST",
        "RRSUBDIV": "HEARNE SUB",
        "HIGHWAY": "ST 0000",
        "STREET": "REEDER HILL",
        "TTSTN": "682225",
        "MILEPOST": "0034.180",
        "TYPEXING": "Public",
        "POSXING": "At Grade",
        "PRVCAT": "14",
        "INIT": "1",
        "LATITUDE": 31.4676499,
        "LONGITUD": -96.0486576,
        "LLSOURCE": "1",
        "WHISTBAN": "0",
        "RRCONT": "4025443721",
        "POLCONT": "8008488715",
        "INV_LINK": "https://safetydata.fra.dot.gov/OfficeofSafety/PublicSite/Crossing/Crossing.aspx?phasetype=C&rpttype=I&txtcrossingnum=432351S",
        "ACC_LINK": "https://safetydata.fra.dot.gov/OfficeofSafety/PublicSite/Crossing/Crossing.aspx?phasetype=C&rpttype=A&txtcrossingnum=432351S",
        "TTSTNNAM": "",
        "XPURPOSE": "1",
        "OPERATINGR": "UP",
        "OPERATIN_1": "Primary",
        "DAYTHRU": 4,
        "NGHTTHRU": 3,
        "MAINTRK": 1,
        "SIDINGTRK": 0,
        "YARDTRK": 0,
        "TRANSITTRK": 0,
        "INDUSTRYTR": 0,
        "OTHRTRK": 0,
        "WDCODE": "All other Gates",
        "REVISIONDA": "1975/01/01 00:00:00",
        "LASTUPDATE": "8/30/2025",
        "AADT": "62",
        "AADTYEAR": "2019",
        "STATENAME": "TEXAS",
        "STATEAB": "TX",
        "COUNTYNAME": "LEON",
        "CITYNAME": "BUFFALO",
        "LATDD": 31.4676499,
        "LONGDD": -96.0486576,
        "gridlyProductionCertified": true,
        "gridlyClassification": "PUBLIC_ROADWAY",
        "gridlyDisplayName": "REEDER HILL",
        "gridlyId": "FRA-432351S"
      }
    },
    {
      "type": "Feature",
      "id": 206572,
      "geometry": {
        "type": "Point",
        "coordinates": [
          -96.0581350004354,
          31.4633329997553
        ]
      },
      "properties": {
        "OBJECTID": 206572,
        "CROSSING": "432353F",
        "EFFDATE": 1756512000000,
        "REASON": "14",
        "StateCode": "48",
        "CountyCode": "48289",
        "STCYFIPS": "48289",
        "CITYCD": "482891000",
        "RAILROAD": "UP",
        "RRDIV": "GULF COAST",
        "RRSUBDIV": "HEARNE SUB",
        "HIGHWAY": "ST 0000",
        "STREET": "CENTER STREET",
        "TTSTN": "682225",
        "MILEPOST": "0034.830",
        "TYPEXING": "Public",
        "POSXING": "At Grade",
        "PRVCAT": "14",
        "INIT": "1",
        "LATITUDE": 31.463333,
        "LONGITUD": -96.058135,
        "LLSOURCE": "1",
        "WHISTBAN": "0",
        "RRCONT": "4025443721",
        "POLCONT": "8008488715",
        "INV_LINK": "https://safetydata.fra.dot.gov/OfficeofSafety/PublicSite/Crossing/Crossing.aspx?phasetype=C&rpttype=I&txtcrossingnum=432353F",
        "ACC_LINK": "https://safetydata.fra.dot.gov/OfficeofSafety/PublicSite/Crossing/Crossing.aspx?phasetype=C&rpttype=A&txtcrossingnum=432353F",
        "TTSTNNAM": "",
        "XPURPOSE": "1",
        "OPERATINGR": "UP",
        "OPERATIN_1": "Primary",
        "DAYTHRU": 4,
        "NGHTTHRU": 3,
        "MAINTRK": 1,
        "SIDINGTRK": 0,
        "YARDTRK": 1,
        "TRANSITTRK": 0,
        "INDUSTRYTR": 0,
        "OTHRTRK": 3,
        "WDCODE": "All other Gates",
        "REVISIONDA": "1975/01/01 00:00:00",
        "LASTUPDATE": "8/30/2025",
        "AADT": "368",
        "AADTYEAR": "2019",
        "STATENAME": "TEXAS",
        "STATEAB": "TX",
        "COUNTYNAME": "LEON",
        "CITYNAME": "BUFFALO",
        "LATDD": 31.463333,
        "LONGDD": -96.058135,
        "gridlyProductionCertified": true,
        "gridlyClassification": "PUBLIC_ROADWAY",
        "gridlyDisplayName": "CENTER STREET",
        "gridlyId": "FRA-432353F"
      }
    },
    {
      "type": "Feature",
      "id": 206573,
      "geometry": {
        "type": "Point",
        "coordinates": [
          -96.0591790000007,
          31.4629107002343
        ]
      },
      "properties": {
        "OBJECTID": 206573,
        "CROSSING": "432354M",
        "EFFDATE": 1756512000000,
        "REASON": "14",
        "StateCode": "48",
        "CountyCode": "48289",
        "STCYFIPS": "48289",
        "CITYCD": "482891000",
        "RAILROAD": "UP",
        "RRDIV": "GULF COAST",
        "RRSUBDIV": "HEARNE SUB",
        "HIGHWAY": "ST 0000",
        "STREET": "FAIRFIELD STREET",
        "TTSTN": "682225",
        "MILEPOST": "0034.900",
        "TYPEXING": "Public",
        "POSXING": "At Grade",
        "PRVCAT": "14",
        "INIT": "1",
        "LATITUDE": 31.4629107,
        "LONGITUD": -96.059179,
        "LLSOURCE": "1",
        "WHISTBAN": "0",
        "RRCONT": "4025443721",
        "POLCONT": "8008488715",
        "INV_LINK": "https://safetydata.fra.dot.gov/OfficeofSafety/PublicSite/Crossing/Crossing.aspx?phasetype=C&rpttype=I&txtcrossingnum=432354M",
        "ACC_LINK": "https://safetydata.fra.dot.gov/OfficeofSafety/PublicSite/Crossing/Crossing.aspx?phasetype=C&rpttype=A&txtcrossingnum=432354M",
        "TTSTNNAM": "",
        "XPURPOSE": "1",
        "OPERATINGR": "UP",
        "OPERATIN_1": "Primary",
        "DAYTHRU": 4,
        "NGHTTHRU": 3,
        "MAINTRK": 1,
        "SIDINGTRK": 0,
        "YARDTRK": 1,
        "TRANSITTRK": 0,
        "INDUSTRYTR": 0,
        "OTHRTRK": 2,
        "WDCODE": "All other Gates",
        "REVISIONDA": "1975/01/01 00:00:00",
        "LASTUPDATE": "8/30/2025",
        "AADT": "33",
        "AADTYEAR": "2019",
        "STATENAME": "TEXAS",
        "STATEAB": "TX",
        "COUNTYNAME": "LEON",
        "CITYNAME": "BUFFALO",
        "LATDD": 31.4629107,
        "LONGDD": -96.059179,
        "gridlyProductionCertified": true,
        "gridlyClassification": "PUBLIC_ROADWAY",
        "gridlyDisplayName": "FAIRFIELD STREET",
        "gridlyId": "FRA-432354M"
      }
    },
    {
      "type": "Feature",
      "id": 206574,
      "geometry": {
        "type": "Point",
        "coordinates": [
          -96.0632040004459,
          31.459473999652
        ]
      },
      "properties": {
        "OBJECTID": 206574,
        "CROSSING": "432355U",
        "EFFDATE": 1756512000000,
        "REASON": "14",
        "StateCode": "48",
        "CountyCode": "48289",
        "STCYFIPS": "48289",
        "CITYCD": "482891000",
        "RAILROAD": "UP",
        "RRDIV": "GULF COAST",
        "RRSUBDIV": "HEARNE SUB",
        "HIGHWAY": "SH 0075",
        "STREET": "US 75",
        "TTSTN": "682225",
        "MILEPOST": "0035.220",
        "TYPEXING": "Public",
        "POSXING": "RR Over",
        "PRVCAT": "14",
        "INIT": "1",
        "LATITUDE": 31.459474,
        "LONGITUD": -96.063204,
        "LLSOURCE": "1",
        "WHISTBAN": "0",
        "RRCONT": "4025443721",
        "POLCONT": "8008488715",
        "INV_LINK": "https://safetydata.fra.dot.gov/OfficeofSafety/PublicSite/Crossing/Crossing.aspx?phasetype=C&rpttype=I&txtcrossingnum=432355U",
        "ACC_LINK": "https://safetydata.fra.dot.gov/OfficeofSafety/PublicSite/Crossing/Crossing.aspx?phasetype=C&rpttype=A&txtcrossingnum=432355U",
        "TTSTNNAM": "",
        "XPURPOSE": "1",
        "OPERATINGR": "UP",
        "OPERATIN_1": "Primary",
        "DAYTHRU": 4,
        "NGHTTHRU": 3,
        "MAINTRK": 1,
        "SIDINGTRK": 0,
        "YARDTRK": 0,
        "TRANSITTRK": 0,
        "INDUSTRYTR": 0,
        "OTHRTRK": 0,
        "WDCODE": "",
        "REVISIONDA": "1975/01/01 00:00:00",
        "LASTUPDATE": "8/30/2025",
        "AADT": "3200",
        "AADTYEAR": "2011",
        "STATENAME": "TEXAS",
        "STATEAB": "TX",
        "COUNTYNAME": "LEON",
        "CITYNAME": "BUFFALO",
        "LATDD": 31.459474,
        "LONGDD": -96.063204,
        "gridlyProductionCertified": true,
        "gridlyClassification": "PUBLIC_ROADWAY",
        "gridlyDisplayName": "US 75",
        "gridlyId": "FRA-432355U"
      }
    },
    {
      "type": "Feature",
      "id": 206575,
      "geometry": {
        "type": "Point",
        "coordinates": [
          -96.1337557999918,
          31.3729134000484
        ]
      },
      "properties": {
        "OBJECTID": 206575,
        "CROSSING": "432346V",
        "EFFDATE": 1756512000000,
        "REASON": "14",
        "StateCode": "48",
        "CountyCode": "48289",
        "STCYFIPS": "48289",
        "CITYCD": "482893510",
        "RAILROAD": "UP",
        "RRDIV": "GULF COAST",
        "RRSUBDIV": "HEARNE SUB",
        "HIGHWAY": "PRIVATE",
        "STREET": "PRIVATE",
        "TTSTN": "682225",
        "MILEPOST": "0042.780",
        "TYPEXING": "Private",
        "POSXING": "At Grade",
        "PRVCAT": "14",
        "INIT": "1",
        "LATITUDE": 31.3729134,
        "LONGITUD": -96.1337558,
        "LLSOURCE": "1",
        "WHISTBAN": "0",
        "RRCONT": "4025443721",
        "POLCONT": "8008488715",
        "INV_LINK": "https://safetydata.fra.dot.gov/OfficeofSafety/PublicSite/Crossing/Crossing.aspx?phasetype=C&rpttype=I&txtcrossingnum=432346V",
        "ACC_LINK": "https://safetydata.fra.dot.gov/OfficeofSafety/PublicSite/Crossing/Crossing.aspx?phasetype=C&rpttype=A&txtcrossingnum=432346V",
        "TTSTNNAM": "",
        "XPURPOSE": "1",
        "OPERATINGR": "UP",
        "OPERATIN_1": "Primary",
        "DAYTHRU": 4,
        "NGHTTHRU": 3,
        "MAINTRK": 1,
        "SIDINGTRK": 0,
        "YARDTRK": 0,
        "TRANSITTRK": 0,
        "INDUSTRYTR": 0,
        "OTHRTRK": 0,
        "WDCODE": "",
        "REVISIONDA": "1975/01/01 00:00:00",
        "LASTUPDATE": "8/30/2025",
        "AADT": "1",
        "AADTYEAR": "1990",
        "STATENAME": "TEXAS",
        "STATEAB": "TX",
        "COUNTYNAME": "LEON",
        "CITYNAME": "JEWETT",
        "LATDD": 31.3729134,
        "LONGDD": -96.1337558,
        "gridlyProductionCertified": true,
        "gridlyClassification": "PUBLIC_ROADWAY",
        "gridlyDisplayName": "PRIVATE",
        "gridlyId": "FRA-432346V"
      }
    },
    {
      "type": "Feature",
      "id": 206576,
      "geometry": {
        "type": "Point",
        "coordinates": [
          -95.9480903998654,
          31.5173327001287
        ]
      },
      "properties": {
        "OBJECTID": 206576,
        "CROSSING": "432336P",
        "EFFDATE": 1756512000000,
        "REASON": "14",
        "StateCode": "48",
        "CountyCode": "48289",
        "STCYFIPS": "48289",
        "CITYCD": "482895000",
        "RAILROAD": "UP",
        "RRDIV": "GULF COAST",
        "RRSUBDIV": "HEARNE SUB",
        "HIGHWAY": "CO 0221",
        "STREET": "CR 221",
        "TTSTN": "682214",
        "MILEPOST": "0026.700",
        "TYPEXING": "Public",
        "POSXING": "At Grade",
        "PRVCAT": "14",
        "INIT": "1",
        "LATITUDE": 31.5173327,
        "LONGITUD": -95.9480904,
        "LLSOURCE": "1",
        "WHISTBAN": "0",
        "RRCONT": "4025443721",
        "POLCONT": "8008488715",
        "INV_LINK": "https://safetydata.fra.dot.gov/OfficeofSafety/PublicSite/Crossing/Crossing.aspx?phasetype=C&rpttype=I&txtcrossingnum=432336P",
        "ACC_LINK": "https://safetydata.fra.dot.gov/OfficeofSafety/PublicSite/Crossing/Crossing.aspx?phasetype=C&rpttype=A&txtcrossingnum=432336P",
        "TTSTNNAM": "",
        "XPURPOSE": "1",
        "OPERATINGR": "UP",
        "OPERATIN_1": "Primary",
        "DAYTHRU": 4,
        "NGHTTHRU": 3,
        "MAINTRK": 1,
        "SIDINGTRK": 0,
        "YARDTRK": 0,
        "TRANSITTRK": 0,
        "INDUSTRYTR": 0,
        "OTHRTRK": 0,
        "WDCODE": "All other Gates",
        "REVISIONDA": "1975/01/01 00:00:00",
        "LASTUPDATE": "8/30/2025",
        "AADT": "60",
        "AADTYEAR": "2019",
        "STATENAME": "TEXAS",
        "STATEAB": "TX",
        "COUNTYNAME": "LEON",
        "CITYNAME": "OAKWOOD",
        "LATDD": 31.5173327,
        "LONGDD": -95.9480904,
        "gridlyProductionCertified": true,
        "gridlyClassification": "PUBLIC_ROADWAY",
        "gridlyDisplayName": "CR 221",
        "gridlyId": "FRA-432336P"
      }
    },
    {
      "type": "Feature",
      "id": 206577,
      "geometry": {
        "type": "Point",
        "coordinates": [
          -95.8473394997304,
          31.58451859964
        ]
      },
      "properties": {
        "OBJECTID": 206577,
        "CROSSING": "432348J",
        "EFFDATE": 1756512000000,
        "REASON": "14",
        "StateCode": "48",
        "CountyCode": "48289",
        "STCYFIPS": "48289",
        "CITYCD": "482895000",
        "RAILROAD": "UP",
        "RRDIV": "GULF COAST",
        "RRSUBDIV": "HEARNE SUB",
        "HIGHWAY": "ST 0000",
        "STREET": "WHITT STREET",
        "TTSTN": "682214",
        "MILEPOST": "0017.930",
        "TYPEXING": "Public",
        "POSXING": "At Grade",
        "PRVCAT": "14",
        "INIT": "1",
        "LATITUDE": 31.5845186,
        "LONGITUD": -95.8473395,
        "LLSOURCE": "1",
        "WHISTBAN": "0",
        "RRCONT": "4025443721",
        "POLCONT": "8008488715",
        "INV_LINK": "https://safetydata.fra.dot.gov/OfficeofSafety/PublicSite/Crossing/Crossing.aspx?phasetype=C&rpttype=I&txtcrossingnum=432348J",
        "ACC_LINK": "https://safetydata.fra.dot.gov/OfficeofSafety/PublicSite/Crossing/Crossing.aspx?phasetype=C&rpttype=A&txtcrossingnum=432348J",
        "TTSTNNAM": "",
        "XPURPOSE": "1",
        "OPERATINGR": "UP",
        "OPERATIN_1": "Primary",
        "DAYTHRU": 4,
        "NGHTTHRU": 3,
        "MAINTRK": 1,
        "SIDINGTRK": 1,
        "YARDTRK": 0,
        "TRANSITTRK": 0,
        "INDUSTRYTR": 0,
        "OTHRTRK": 1,
        "WDCODE": "All other Gates",
        "REVISIONDA": "1975/01/01 00:00:00",
        "LASTUPDATE": "8/30/2025",
        "AADT": "62",
        "AADTYEAR": "2019",
        "STATENAME": "TEXAS",
        "STATEAB": "TX",
        "COUNTYNAME": "LEON",
        "CITYNAME": "OAKWOOD",
        "LATDD": 31.5845186,
        "LONGDD": -95.8473395,
        "gridlyProductionCertified": true,
        "gridlyClassification": "PUBLIC_ROADWAY",
        "gridlyDisplayName": "WHITT STREET",
        "gridlyId": "FRA-432348J"
      }
    },
    {
      "type": "Feature",
      "id": 206578,
      "geometry": {
        "type": "Point",
        "coordinates": [
          -96.143916799579,
          31.3604953001249
        ]
      },
      "properties": {
        "OBJECTID": 206578,
        "CROSSING": "432361X",
        "EFFDATE": 1756512000000,
        "REASON": "14",
        "StateCode": "48",
        "CountyCode": "48289",
        "STCYFIPS": "48289",
        "CITYCD": "482893510",
        "RAILROAD": "UP",
        "RRDIV": "GULF COAST",
        "RRSUBDIV": "HEARNE SUB",
        "HIGHWAY": "ST 0000",
        "STREET": "DIVISION STREET",
        "TTSTN": "682228",
        "MILEPOST": "0043.830",
        "TYPEXING": "Public",
        "POSXING": "At Grade",
        "PRVCAT": "14",
        "INIT": "1",
        "LATITUDE": 31.3604953,
        "LONGITUD": -96.1439168,
        "LLSOURCE": "1",
        "WHISTBAN": "0",
        "RRCONT": "4025443721",
        "POLCONT": "8008488715",
        "INV_LINK": "https://safetydata.fra.dot.gov/OfficeofSafety/PublicSite/Crossing/Crossing.aspx?phasetype=C&rpttype=I&txtcrossingnum=432361X",
        "ACC_LINK": "https://safetydata.fra.dot.gov/OfficeofSafety/PublicSite/Crossing/Crossing.aspx?phasetype=C&rpttype=A&txtcrossingnum=432361X",
        "TTSTNNAM": "",
        "XPURPOSE": "1",
        "OPERATINGR": "UP",
        "OPERATIN_1": "Primary",
        "DAYTHRU": 4,
        "NGHTTHRU": 3,
        "MAINTRK": 1,
        "SIDINGTRK": 1,
        "YARDTRK": 0,
        "TRANSITTRK": 0,
        "INDUSTRYTR": 0,
        "OTHRTRK": 2,
        "WDCODE": "All other Gates",
        "REVISIONDA": "1975/01/01 00:00:00",
        "LASTUPDATE": "8/30/2025",
        "AADT": "890",
        "AADTYEAR": "2019",
        "STATENAME": "TEXAS",
        "STATEAB": "TX",
        "COUNTYNAME": "LEON",
        "CITYNAME": "JEWETT",
        "LATDD": 31.3604953,
        "LONGDD": -96.1439168,
        "gridlyProductionCertified": true,
        "gridlyClassification": "PUBLIC_ROADWAY",
        "gridlyDisplayName": "DIVISION STREET",
        "gridlyId": "FRA-432361X"
      }
    },
    {
      "type": "Feature",
      "id": 206579,
      "geometry": {
        "type": "Point",
        "coordinates": [
          -96.1450334998003,
          31.3587008000177
        ]
      },
      "properties": {
        "OBJECTID": 206579,
        "CROSSING": "432362E",
        "EFFDATE": 1756512000000,
        "REASON": "14",
        "StateCode": "48",
        "CountyCode": "48289",
        "STCYFIPS": "48289",
        "CITYCD": "482893510",
        "RAILROAD": "UP",
        "RRDIV": "GULF COAST",
        "RRSUBDIV": "HEARNE SUB",
        "HIGHWAY": "ST 0000",
        "STREET": "PRICE STREET",
        "TTSTN": "682228",
        "MILEPOST": "0043.980",
        "TYPEXING": "Public",
        "POSXING": "At Grade",
        "PRVCAT": "14",
        "INIT": "1",
        "LATITUDE": 31.3587008,
        "LONGITUD": -96.1450335,
        "LLSOURCE": "1",
        "WHISTBAN": "0",
        "RRCONT": "4025443721",
        "POLCONT": "8008488715",
        "INV_LINK": "https://safetydata.fra.dot.gov/OfficeofSafety/PublicSite/Crossing/Crossing.aspx?phasetype=C&rpttype=I&txtcrossingnum=432362E",
        "ACC_LINK": "https://safetydata.fra.dot.gov/OfficeofSafety/PublicSite/Crossing/Crossing.aspx?phasetype=C&rpttype=A&txtcrossingnum=432362E",
        "TTSTNNAM": "",
        "XPURPOSE": "1",
        "OPERATINGR": "UP",
        "OPERATIN_1": "Primary",
        "DAYTHRU": 4,
        "NGHTTHRU": 3,
        "MAINTRK": 1,
        "SIDINGTRK": 0,
        "YARDTRK": 0,
        "TRANSITTRK": 0,
        "INDUSTRYTR": 0,
        "OTHRTRK": 2,
        "WDCODE": "All other Gates",
        "REVISIONDA": "1975/01/01 00:00:00",
        "LASTUPDATE": "8/30/2025",
        "AADT": "385",
        "AADTYEAR": "2019",
        "STATENAME": "TEXAS",
        "STATEAB": "TX",
        "COUNTYNAME": "LEON",
        "CITYNAME": "JEWETT",
        "LATDD": 31.3587008,
        "LONGDD": -96.1450335,
        "gridlyProductionCertified": true,
        "gridlyClassification": "PUBLIC_ROADWAY",
        "gridlyDisplayName": "PRICE STREET",
        "gridlyId": "FRA-432362E"
      }
    },
    {
      "type": "Feature",
      "id": 206580,
      "geometry": {
        "type": "Point",
        "coordinates": [
          -96.1497809999572,
          31.3511680000659
        ]
      },
      "properties": {
        "OBJECTID": 206580,
        "CROSSING": "432364T",
        "EFFDATE": 1756512000000,
        "REASON": "14",
        "StateCode": "48",
        "CountyCode": "48289",
        "STCYFIPS": "48289",
        "CITYCD": "482893510",
        "RAILROAD": "UP",
        "RRDIV": "GULF COAST",
        "RRSUBDIV": "HEARNE SUB",
        "HIGHWAY": "FM 0039",
        "STREET": "FM 39",
        "TTSTN": "682228",
        "MILEPOST": "0044.570",
        "TYPEXING": "Public",
        "POSXING": "RR Under",
        "PRVCAT": "14",
        "INIT": "1",
        "LATITUDE": 31.351168,
        "LONGITUD": -96.149781,
        "LLSOURCE": "1",
        "WHISTBAN": "0",
        "RRCONT": "4025443721",
        "POLCONT": "8008488715",
        "INV_LINK": "https://safetydata.fra.dot.gov/OfficeofSafety/PublicSite/Crossing/Crossing.aspx?phasetype=C&rpttype=I&txtcrossingnum=432364T",
        "ACC_LINK": "https://safetydata.fra.dot.gov/OfficeofSafety/PublicSite/Crossing/Crossing.aspx?phasetype=C&rpttype=A&txtcrossingnum=432364T",
        "TTSTNNAM": "",
        "XPURPOSE": "1",
        "OPERATINGR": "UP",
        "OPERATIN_1": "Primary",
        "DAYTHRU": 4,
        "NGHTTHRU": 3,
        "MAINTRK": 1,
        "SIDINGTRK": 0,
        "YARDTRK": 0,
        "TRANSITTRK": 0,
        "INDUSTRYTR": 0,
        "OTHRTRK": 0,
        "WDCODE": "",
        "REVISIONDA": "1975/01/01 00:00:00",
        "LASTUPDATE": "8/30/2025",
        "AADT": "3800",
        "AADTYEAR": "2011",
        "STATENAME": "TEXAS",
        "STATEAB": "TX",
        "COUNTYNAME": "LEON",
        "CITYNAME": "JEWETT",
        "LATDD": 31.351168,
        "LONGDD": -96.149781,
        "gridlyProductionCertified": true,
        "gridlyClassification": "PUBLIC_ROADWAY",
        "gridlyDisplayName": "FM 39",
        "gridlyId": "FRA-432364T"
      }
    },
    {
      "type": "Feature",
      "id": 206581,
      "geometry": {
        "type": "Point",
        "coordinates": [
          -96.1639400002254,
          31.3441160000879
        ]
      },
      "properties": {
        "OBJECTID": 206581,
        "CROSSING": "432365A",
        "EFFDATE": 1756512000000,
        "REASON": "14",
        "StateCode": "48",
        "CountyCode": "48289",
        "STCYFIPS": "48289",
        "CITYCD": "482893510",
        "RAILROAD": "UP",
        "RRDIV": "GULF COAST",
        "RRSUBDIV": "HEARNE SUB",
        "HIGHWAY": "NA",
        "STREET": "CR 347",
        "TTSTN": "682228",
        "MILEPOST": "0045.540",
        "TYPEXING": "Public",
        "POSXING": "At Grade",
        "PRVCAT": "14",
        "INIT": "1",
        "LATITUDE": 31.344116,
        "LONGITUD": -96.16394,
        "LLSOURCE": "1",
        "WHISTBAN": "0",
        "RRCONT": "4025443721",
        "POLCONT": "8008488715",
        "INV_LINK": "https://safetydata.fra.dot.gov/OfficeofSafety/PublicSite/Crossing/Crossing.aspx?phasetype=C&rpttype=I&txtcrossingnum=432365A",
        "ACC_LINK": "https://safetydata.fra.dot.gov/OfficeofSafety/PublicSite/Crossing/Crossing.aspx?phasetype=C&rpttype=A&txtcrossingnum=432365A",
        "TTSTNNAM": "",
        "XPURPOSE": "1",
        "OPERATINGR": "UP",
        "OPERATIN_1": "Primary",
        "DAYTHRU": 4,
        "NGHTTHRU": 3,
        "MAINTRK": 1,
        "SIDINGTRK": 0,
        "YARDTRK": 0,
        "TRANSITTRK": 0,
        "INDUSTRYTR": 1,
        "OTHRTRK": 1,
        "WDCODE": "All other Gates",
        "REVISIONDA": "1975/01/01 00:00:00",
        "LASTUPDATE": "8/30/2025",
        "AADT": "468",
        "AADTYEAR": "2019",
        "STATENAME": "TEXAS",
        "STATEAB": "TX",
        "COUNTYNAME": "LEON",
        "CITYNAME": "JEWETT",
        "LATDD": 31.344116,
        "LONGDD": -96.16394,
        "gridlyProductionCertified": true,
        "gridlyClassification": "PUBLIC_ROADWAY",
        "gridlyDisplayName": "CR 347",
        "gridlyId": "FRA-432365A"
      }
    },
    {
      "type": "Feature",
      "id": 206582,
      "geometry": {
        "type": "Point",
        "coordinates": [
          -96.2301914998275,
          31.2859689001145
        ]
      },
      "properties": {
        "OBJECTID": 206582,
        "CROSSING": "432370W",
        "EFFDATE": 1756512000000,
        "REASON": "14",
        "StateCode": "48",
        "CountyCode": "48289",
        "STCYFIPS": "48289",
        "CITYCD": "482894350",
        "RAILROAD": "UP",
        "RRDIV": "GULF COAST",
        "RRSUBDIV": "HEARNE SUB",
        "HIGHWAY": "PRIVATE",
        "STREET": "PRIVATE",
        "TTSTN": "682247",
        "MILEPOST": "0051.140",
        "TYPEXING": "Private",
        "POSXING": "At Grade",
        "PRVCAT": "14",
        "INIT": "1",
        "LATITUDE": 31.2859689,
        "LONGITUD": -96.2301915,
        "LLSOURCE": "1",
        "WHISTBAN": "0",
        "RRCONT": "4025443721",
        "POLCONT": "8008488715",
        "INV_LINK": "https://safetydata.fra.dot.gov/OfficeofSafety/PublicSite/Crossing/Crossing.aspx?phasetype=C&rpttype=I&txtcrossingnum=432370W",
        "ACC_LINK": "https://safetydata.fra.dot.gov/OfficeofSafety/PublicSite/Crossing/Crossing.aspx?phasetype=C&rpttype=A&txtcrossingnum=432370W",
        "TTSTNNAM": "",
        "XPURPOSE": "1",
        "OPERATINGR": "UP",
        "OPERATIN_1": "Primary",
        "DAYTHRU": 4,
        "NGHTTHRU": 3,
        "MAINTRK": 1,
        "SIDINGTRK": 0,
        "YARDTRK": 0,
        "TRANSITTRK": 0,
        "INDUSTRYTR": 0,
        "OTHRTRK": 0,
        "WDCODE": "",
        "REVISIONDA": "1975/01/01 00:00:00",
        "LASTUPDATE": "8/30/2025",
        "AADT": "10",
        "AADTYEAR": "1982",
        "STATENAME": "TEXAS",
        "STATEAB": "TX",
        "COUNTYNAME": "LEON",
        "CITYNAME": "MARQUEZ",
        "LATDD": 31.2859689,
        "LONGDD": -96.2301915,
        "gridlyProductionCertified": true,
        "gridlyClassification": "PUBLIC_ROADWAY",
        "gridlyDisplayName": "PRIVATE",
        "gridlyId": "FRA-432370W"
      }
    },
    {
      "type": "Feature",
      "id": 206583,
      "geometry": {
        "type": "Point",
        "coordinates": [
          -96.2330503001843,
          31.2817206003678
        ]
      },
      "properties": {
        "OBJECTID": 206583,
        "CROSSING": "432371D",
        "EFFDATE": 1756512000000,
        "REASON": "14",
        "StateCode": "48",
        "CountyCode": "48289",
        "STCYFIPS": "48289",
        "CITYCD": "482894350",
        "RAILROAD": "UP",
        "RRDIV": "GULF COAST",
        "RRSUBDIV": "HEARNE SUB",
        "HIGHWAY": "PRIVATE",
        "STREET": "PRIVATE",
        "TTSTN": "682247",
        "MILEPOST": "0051.490",
        "TYPEXING": "Private",
        "POSXING": "At Grade",
        "PRVCAT": "14",
        "INIT": "1",
        "LATITUDE": 31.2817206,
        "LONGITUD": -96.2330503,
        "LLSOURCE": "1",
        "WHISTBAN": "0",
        "RRCONT": "4025443721",
        "POLCONT": "8008488715",
        "INV_LINK": "https://safetydata.fra.dot.gov/OfficeofSafety/PublicSite/Crossing/Crossing.aspx?phasetype=C&rpttype=I&txtcrossingnum=432371D",
        "ACC_LINK": "https://safetydata.fra.dot.gov/OfficeofSafety/PublicSite/Crossing/Crossing.aspx?phasetype=C&rpttype=A&txtcrossingnum=432371D",
        "TTSTNNAM": "",
        "XPURPOSE": "1",
        "OPERATINGR": "UP",
        "OPERATIN_1": "Primary",
        "DAYTHRU": 4,
        "NGHTTHRU": 3,
        "MAINTRK": 1,
        "SIDINGTRK": 0,
        "YARDTRK": 0,
        "TRANSITTRK": 0,
        "INDUSTRYTR": 0,
        "OTHRTRK": 0,
        "WDCODE": "",
        "REVISIONDA": "1975/01/01 00:00:00",
        "LASTUPDATE": "8/30/2025",
        "AADT": "1",
        "AADTYEAR": "1990",
        "STATENAME": "TEXAS",
        "STATEAB": "TX",
        "COUNTYNAME": "LEON",
        "CITYNAME": "MARQUEZ",
        "LATDD": 31.2817206,
        "LONGDD": -96.2330503,
        "gridlyProductionCertified": true,
        "gridlyClassification": "PUBLIC_ROADWAY",
        "gridlyDisplayName": "PRIVATE",
        "gridlyId": "FRA-432371D"
      }
    },
    {
      "type": "Feature",
      "id": 206584,
      "geometry": {
        "type": "Point",
        "coordinates": [
          -96.1769870002579,
          31.3394394997895
        ]
      },
      "properties": {
        "OBJECTID": 206584,
        "CROSSING": "432367N",
        "EFFDATE": 1756512000000,
        "REASON": "14",
        "StateCode": "48",
        "CountyCode": "48289",
        "STCYFIPS": "48289",
        "CITYCD": "482893510",
        "RAILROAD": "UP",
        "RRDIV": "GULF COAST",
        "RRSUBDIV": "HEARNE SUB",
        "HIGHWAY": "PRIVATE",
        "STREET": "PRIVATE",
        "TTSTN": "682228",
        "MILEPOST": "0046.340",
        "TYPEXING": "Private",
        "POSXING": "At Grade",
        "PRVCAT": "14",
        "INIT": "1",
        "LATITUDE": 31.3394395,
        "LONGITUD": -96.176987,
        "LLSOURCE": "1",
        "WHISTBAN": "0",
        "RRCONT": "4025443721",
        "POLCONT": "8008488715",
        "INV_LINK": "https://safetydata.fra.dot.gov/OfficeofSafety/PublicSite/Crossing/Crossing.aspx?phasetype=C&rpttype=I&txtcrossingnum=432367N",
        "ACC_LINK": "https://safetydata.fra.dot.gov/OfficeofSafety/PublicSite/Crossing/Crossing.aspx?phasetype=C&rpttype=A&txtcrossingnum=432367N",
        "TTSTNNAM": "",
        "XPURPOSE": "1",
        "OPERATINGR": "UP",
        "OPERATIN_1": "Primary",
        "DAYTHRU": 4,
        "NGHTTHRU": 3,
        "MAINTRK": 1,
        "SIDINGTRK": 0,
        "YARDTRK": 0,
        "TRANSITTRK": 0,
        "INDUSTRYTR": 0,
        "OTHRTRK": 0,
        "WDCODE": "",
        "REVISIONDA": "1975/01/01 00:00:00",
        "LASTUPDATE": "8/30/2025",
        "AADT": "10",
        "AADTYEAR": "1977",
        "STATENAME": "TEXAS",
        "STATEAB": "TX",
        "COUNTYNAME": "LEON",
        "CITYNAME": "JEWETT",
        "LATDD": 31.3394395,
        "LONGDD": -96.176987,
        "gridlyProductionCertified": true,
        "gridlyClassification": "PUBLIC_ROADWAY",
        "gridlyDisplayName": "PRIVATE",
        "gridlyId": "FRA-432367N"
      }
    },
    {
      "type": "Feature",
      "id": 206585,
      "geometry": {
        "type": "Point",
        "coordinates": [
          -96.2405300999397,
          31.2706063003235
        ]
      },
      "properties": {
        "OBJECTID": 206585,
        "CROSSING": "432372K",
        "EFFDATE": 1756512000000,
        "REASON": "14",
        "StateCode": "48",
        "CountyCode": "48289",
        "STCYFIPS": "48289",
        "CITYCD": "482894350",
        "RAILROAD": "UP",
        "RRDIV": "GULF COAST",
        "RRSUBDIV": "HEARNE SUB",
        "HIGHWAY": "PRIVATE",
        "STREET": "PRIVATE",
        "TTSTN": "682247",
        "MILEPOST": "0052.380",
        "TYPEXING": "Private",
        "POSXING": "At Grade",
        "PRVCAT": "14",
        "INIT": "1",
        "LATITUDE": 31.2706063,
        "LONGITUD": -96.2405301,
        "LLSOURCE": "1",
        "WHISTBAN": "0",
        "RRCONT": "4025443721",
        "POLCONT": "8008488715",
        "INV_LINK": "https://safetydata.fra.dot.gov/OfficeofSafety/PublicSite/Crossing/Crossing.aspx?phasetype=C&rpttype=I&txtcrossingnum=432372K",
        "ACC_LINK": "https://safetydata.fra.dot.gov/OfficeofSafety/PublicSite/Crossing/Crossing.aspx?phasetype=C&rpttype=A&txtcrossingnum=432372K",
        "TTSTNNAM": "",
        "XPURPOSE": "1",
        "OPERATINGR": "UP",
        "OPERATIN_1": "Primary",
        "DAYTHRU": 4,
        "NGHTTHRU": 3,
        "MAINTRK": 1,
        "SIDINGTRK": 0,
        "YARDTRK": 0,
        "TRANSITTRK": 0,
        "INDUSTRYTR": 0,
        "OTHRTRK": 0,
        "WDCODE": "",
        "REVISIONDA": "1975/01/01 00:00:00",
        "LASTUPDATE": "8/30/2025",
        "AADT": "1",
        "AADTYEAR": "1990",
        "STATENAME": "TEXAS",
        "STATEAB": "TX",
        "COUNTYNAME": "LEON",
        "CITYNAME": "MARQUEZ",
        "LATDD": 31.2706063,
        "LONGDD": -96.2405301,
        "gridlyProductionCertified": true,
        "gridlyClassification": "PUBLIC_ROADWAY",
        "gridlyDisplayName": "PRIVATE",
        "gridlyId": "FRA-432372K"
      }
    },
    {
      "type": "Feature",
      "id": 206586,
      "geometry": {
        "type": "Point",
        "coordinates": [
          -96.2435352996366,
          31.2661366996405
        ]
      },
      "properties": {
        "OBJECTID": 206586,
        "CROSSING": "432373S",
        "EFFDATE": 1756512000000,
        "REASON": "14",
        "StateCode": "48",
        "CountyCode": "48289",
        "STCYFIPS": "48289",
        "CITYCD": "482894350",
        "RAILROAD": "UP",
        "RRDIV": "GULF COAST",
        "RRSUBDIV": "HEARNE SUB",
        "HIGHWAY": "PRIVATE",
        "STREET": "PRIVATE",
        "TTSTN": "682247",
        "MILEPOST": "0052.740",
        "TYPEXING": "Private",
        "POSXING": "At Grade",
        "PRVCAT": "14",
        "INIT": "1",
        "LATITUDE": 31.2661367,
        "LONGITUD": -96.2435353,
        "LLSOURCE": "1",
        "WHISTBAN": "0",
        "RRCONT": "4025443721",
        "POLCONT": "8008488715",
        "INV_LINK": "https://safetydata.fra.dot.gov/OfficeofSafety/PublicSite/Crossing/Crossing.aspx?phasetype=C&rpttype=I&txtcrossingnum=432373S",
        "ACC_LINK": "https://safetydata.fra.dot.gov/OfficeofSafety/PublicSite/Crossing/Crossing.aspx?phasetype=C&rpttype=A&txtcrossingnum=432373S",
        "TTSTNNAM": "",
        "XPURPOSE": "1",
        "OPERATINGR": "UP",
        "OPERATIN_1": "Primary",
        "DAYTHRU": 4,
        "NGHTTHRU": 3,
        "MAINTRK": 1,
        "SIDINGTRK": 0,
        "YARDTRK": 0,
        "TRANSITTRK": 0,
        "INDUSTRYTR": 0,
        "OTHRTRK": 0,
        "WDCODE": "",
        "REVISIONDA": "1975/01/01 00:00:00",
        "LASTUPDATE": "8/30/2025",
        "AADT": "1",
        "AADTYEAR": "1990",
        "STATENAME": "TEXAS",
        "STATEAB": "TX",
        "COUNTYNAME": "LEON",
        "CITYNAME": "MARQUEZ",
        "LATDD": 31.2661367,
        "LONGDD": -96.2435353,
        "gridlyProductionCertified": true,
        "gridlyClassification": "PUBLIC_ROADWAY",
        "gridlyDisplayName": "PRIVATE",
        "gridlyId": "FRA-432373S"
      }
    },
    {
      "type": "Feature",
      "id": 206587,
      "geometry": {
        "type": "Point",
        "coordinates": [
          -96.2475364004037,
          31.2601908001297
        ]
      },
      "properties": {
        "OBJECTID": 206587,
        "CROSSING": "432374Y",
        "EFFDATE": 1756512000000,
        "REASON": "14",
        "StateCode": "48",
        "CountyCode": "48289",
        "STCYFIPS": "48289",
        "CITYCD": "482894350",
        "RAILROAD": "UP",
        "RRDIV": "GULF COAST",
        "RRSUBDIV": "HEARNE SUB",
        "HIGHWAY": "CO 0387",
        "STREET": "CR 387",
        "TTSTN": "682247",
        "MILEPOST": "0053.250",
        "TYPEXING": "Public",
        "POSXING": "At Grade",
        "PRVCAT": "14",
        "INIT": "1",
        "LATITUDE": 31.2601908,
        "LONGITUD": -96.2475364,
        "LLSOURCE": "1",
        "WHISTBAN": "0",
        "RRCONT": "4025443721",
        "POLCONT": "8008488715",
        "INV_LINK": "https://safetydata.fra.dot.gov/OfficeofSafety/PublicSite/Crossing/Crossing.aspx?phasetype=C&rpttype=I&txtcrossingnum=432374Y",
        "ACC_LINK": "https://safetydata.fra.dot.gov/OfficeofSafety/PublicSite/Crossing/Crossing.aspx?phasetype=C&rpttype=A&txtcrossingnum=432374Y",
        "TTSTNNAM": "",
        "XPURPOSE": "1",
        "OPERATINGR": "UP",
        "OPERATIN_1": "Primary",
        "DAYTHRU": 4,
        "NGHTTHRU": 3,
        "MAINTRK": 1,
        "SIDINGTRK": 0,
        "YARDTRK": 0,
        "TRANSITTRK": 0,
        "INDUSTRYTR": 0,
        "OTHRTRK": 0,
        "WDCODE": "Crossbucks",
        "REVISIONDA": "1975/01/01 00:00:00",
        "LASTUPDATE": "8/30/2025",
        "AADT": "62",
        "AADTYEAR": "2019",
        "STATENAME": "TEXAS",
        "STATEAB": "TX",
        "COUNTYNAME": "LEON",
        "CITYNAME": "MARQUEZ",
        "LATDD": 31.2601908,
        "LONGDD": -96.2475364,
        "gridlyProductionCertified": true,
        "gridlyClassification": "PUBLIC_ROADWAY",
        "gridlyDisplayName": "CR 387",
        "gridlyId": "FRA-432374Y"
      }
    },
    {
      "type": "Feature",
      "id": 206590,
      "geometry": {
        "type": "Point",
        "coordinates": [
          -96.0673724995712,
          31.4504065000726
        ]
      },
      "properties": {
        "OBJECTID": 206590,
        "CROSSING": "432356B",
        "EFFDATE": 1756512000000,
        "REASON": "14",
        "StateCode": "48",
        "CountyCode": "48289",
        "STCYFIPS": "48289",
        "CITYCD": "482891000",
        "RAILROAD": "UP",
        "RRDIV": "GULF COAST",
        "RRSUBDIV": "HEARNE SUB",
        "HIGHWAY": "ST 0000",
        "STREET": "RAILROAD STREET",
        "TTSTN": "682225",
        "MILEPOST": "0035.850",
        "TYPEXING": "Public",
        "POSXING": "At Grade",
        "PRVCAT": "14",
        "INIT": "1",
        "LATITUDE": 31.4504065,
        "LONGITUD": -96.0673725,
        "LLSOURCE": "1",
        "WHISTBAN": "0",
        "RRCONT": "4025443721",
        "POLCONT": "8008488715",
        "INV_LINK": "https://safetydata.fra.dot.gov/OfficeofSafety/PublicSite/Crossing/Crossing.aspx?phasetype=C&rpttype=I&txtcrossingnum=432356B",
        "ACC_LINK": "https://safetydata.fra.dot.gov/OfficeofSafety/PublicSite/Crossing/Crossing.aspx?phasetype=C&rpttype=A&txtcrossingnum=432356B",
        "TTSTNNAM": "",
        "XPURPOSE": "1",
        "OPERATINGR": "UP",
        "OPERATIN_1": "Primary",
        "DAYTHRU": 4,
        "NGHTTHRU": 3,
        "MAINTRK": 1,
        "SIDINGTRK": 0,
        "YARDTRK": 0,
        "TRANSITTRK": 0,
        "INDUSTRYTR": 0,
        "OTHRTRK": 0,
        "WDCODE": "All other Gates",
        "REVISIONDA": "1975/01/01 00:00:00",
        "LASTUPDATE": "8/30/2025",
        "AADT": "224",
        "AADTYEAR": "2019",
        "STATENAME": "TEXAS",
        "STATEAB": "TX",
        "COUNTYNAME": "LEON",
        "CITYNAME": "BUFFALO",
        "LATDD": 31.4504065,
        "LONGDD": -96.0673725,
        "gridlyProductionCertified": true,
        "gridlyClassification": "PUBLIC_ROADWAY",
        "gridlyDisplayName": "RAILROAD STREET",
        "gridlyId": "FRA-432356B"
      }
    },
    {
      "type": "Feature",
      "id": 206591,
      "geometry": {
        "type": "Point",
        "coordinates": [
          -96.0748191002886,
          31.4424208002583
        ]
      },
      "properties": {
        "OBJECTID": 206591,
        "CROSSING": "432358P",
        "EFFDATE": 1756512000000,
        "REASON": "14",
        "StateCode": "48",
        "CountyCode": "48289",
        "STCYFIPS": "48289",
        "CITYCD": "482891000",
        "RAILROAD": "UP",
        "RRDIV": "GULF COAST",
        "RRSUBDIV": "HEARNE SUB",
        "HIGHWAY": "ST 0000",
        "STREET": "CR 306",
        "TTSTN": "682225",
        "MILEPOST": "0036.570",
        "TYPEXING": "Public",
        "POSXING": "At Grade",
        "PRVCAT": "14",
        "INIT": "1",
        "LATITUDE": 31.4424208,
        "LONGITUD": -96.0748191,
        "LLSOURCE": "1",
        "WHISTBAN": "0",
        "RRCONT": "4025443721",
        "POLCONT": "8008488715",
        "INV_LINK": "https://safetydata.fra.dot.gov/OfficeofSafety/PublicSite/Crossing/Crossing.aspx?phasetype=C&rpttype=I&txtcrossingnum=432358P",
        "ACC_LINK": "https://safetydata.fra.dot.gov/OfficeofSafety/PublicSite/Crossing/Crossing.aspx?phasetype=C&rpttype=A&txtcrossingnum=432358P",
        "TTSTNNAM": "",
        "XPURPOSE": "1",
        "OPERATINGR": "UP",
        "OPERATIN_1": "Primary",
        "DAYTHRU": 4,
        "NGHTTHRU": 3,
        "MAINTRK": 1,
        "SIDINGTRK": 0,
        "YARDTRK": 0,
        "TRANSITTRK": 0,
        "INDUSTRYTR": 0,
        "OTHRTRK": 0,
        "WDCODE": "Stop signs",
        "REVISIONDA": "1975/01/01 00:00:00",
        "LASTUPDATE": "8/30/2025",
        "AADT": "62",
        "AADTYEAR": "2019",
        "STATENAME": "TEXAS",
        "STATEAB": "TX",
        "COUNTYNAME": "LEON",
        "CITYNAME": "BUFFALO",
        "LATDD": 31.4424208,
        "LONGDD": -96.0748191,
        "gridlyProductionCertified": true,
        "gridlyClassification": "PUBLIC_ROADWAY",
        "gridlyDisplayName": "CR 306",
        "gridlyId": "FRA-432358P"
      }
    },
    {
      "type": "Feature",
      "id": 206592,
      "geometry": {
        "type": "Point",
        "coordinates": [
          -96.2515482001057,
          31.2541248999404
        ]
      },
      "properties": {
        "OBJECTID": 206592,
        "CROSSING": "432375F",
        "EFFDATE": 1756512000000,
        "REASON": "14",
        "StateCode": "48",
        "CountyCode": "48289",
        "STCYFIPS": "48289",
        "CITYCD": "482894350",
        "RAILROAD": "UP",
        "RRDIV": "GULF COAST",
        "RRSUBDIV": "HEARNE SUB",
        "HIGHWAY": "PRIVATE",
        "STREET": "PRIVATE",
        "TTSTN": "682247",
        "MILEPOST": "0053.810",
        "TYPEXING": "Private",
        "POSXING": "At Grade",
        "PRVCAT": "14",
        "INIT": "1",
        "LATITUDE": 31.2541249,
        "LONGITUD": -96.2515482,
        "LLSOURCE": "1",
        "WHISTBAN": "0",
        "RRCONT": "4025443721",
        "POLCONT": "8008488715",
        "INV_LINK": "https://safetydata.fra.dot.gov/OfficeofSafety/PublicSite/Crossing/Crossing.aspx?phasetype=C&rpttype=I&txtcrossingnum=432375F",
        "ACC_LINK": "https://safetydata.fra.dot.gov/OfficeofSafety/PublicSite/Crossing/Crossing.aspx?phasetype=C&rpttype=A&txtcrossingnum=432375F",
        "TTSTNNAM": "",
        "XPURPOSE": "1",
        "OPERATINGR": "UP",
        "OPERATIN_1": "Primary",
        "DAYTHRU": 4,
        "NGHTTHRU": 3,
        "MAINTRK": 1,
        "SIDINGTRK": 0,
        "YARDTRK": 0,
        "TRANSITTRK": 0,
        "INDUSTRYTR": 0,
        "OTHRTRK": 0,
        "WDCODE": "",
        "REVISIONDA": "1975/01/01 00:00:00",
        "LASTUPDATE": "8/30/2025",
        "AADT": "1",
        "AADTYEAR": "1990",
        "STATENAME": "TEXAS",
        "STATEAB": "TX",
        "COUNTYNAME": "LEON",
        "CITYNAME": "MARQUEZ",
        "LATDD": 31.2541249,
        "LONGDD": -96.2515482,
        "gridlyProductionCertified": true,
        "gridlyClassification": "PUBLIC_ROADWAY",
        "gridlyDisplayName": "PRIVATE",
        "gridlyId": "FRA-432375F"
      }
    },
    {
      "type": "Feature",
      "id": 206593,
      "geometry": {
        "type": "Point",
        "coordinates": [
          -96.2560418004307,
          31.2433704997052
        ]
      },
      "properties": {
        "OBJECTID": 206593,
        "CROSSING": "432376M",
        "EFFDATE": 1756512000000,
        "REASON": "14",
        "StateCode": "48",
        "CountyCode": "48289",
        "STCYFIPS": "48289",
        "CITYCD": "482894350",
        "RAILROAD": "UP",
        "RRDIV": "GULF COAST",
        "RRSUBDIV": "HEARNE SUB",
        "HIGHWAY": "SH 0007",
        "STREET": "TX 7",
        "TTSTN": "682247",
        "MILEPOST": "0054.650",
        "TYPEXING": "Public",
        "POSXING": "At Grade",
        "PRVCAT": "14",
        "INIT": "1",
        "LATITUDE": 31.2433705,
        "LONGITUD": -96.2560418,
        "LLSOURCE": "1",
        "WHISTBAN": "0",
        "RRCONT": "4025443721",
        "POLCONT": "8008488715",
        "INV_LINK": "https://safetydata.fra.dot.gov/OfficeofSafety/PublicSite/Crossing/Crossing.aspx?phasetype=C&rpttype=I&txtcrossingnum=432376M",
        "ACC_LINK": "https://safetydata.fra.dot.gov/OfficeofSafety/PublicSite/Crossing/Crossing.aspx?phasetype=C&rpttype=A&txtcrossingnum=432376M",
        "TTSTNNAM": "",
        "XPURPOSE": "1",
        "OPERATINGR": "UP",
        "OPERATIN_1": "Primary",
        "DAYTHRU": 4,
        "NGHTTHRU": 3,
        "MAINTRK": 1,
        "SIDINGTRK": 1,
        "YARDTRK": 0,
        "TRANSITTRK": 0,
        "INDUSTRYTR": 0,
        "OTHRTRK": 1,
        "WDCODE": "All other Gates",
        "REVISIONDA": "1975/01/01 00:00:00",
        "LASTUPDATE": "8/30/2025",
        "AADT": "3690",
        "AADTYEAR": "2019",
        "STATENAME": "TEXAS",
        "STATEAB": "TX",
        "COUNTYNAME": "LEON",
        "CITYNAME": "MARQUEZ",
        "LATDD": 31.2433705,
        "LONGDD": -96.2560418,
        "gridlyProductionCertified": true,
        "gridlyClassification": "PUBLIC_ROADWAY",
        "gridlyDisplayName": "TX 7",
        "gridlyId": "FRA-432376M"
      }
    },
    {
      "type": "Feature",
      "id": 206594,
      "geometry": {
        "type": "Point",
        "coordinates": [
          -96.2572735999927,
          31.2403851000624
        ]
      },
      "properties": {
        "OBJECTID": 206594,
        "CROSSING": "432377U",
        "EFFDATE": 1756512000000,
        "REASON": "14",
        "StateCode": "48",
        "CountyCode": "48289",
        "STCYFIPS": "48289",
        "CITYCD": "482894350",
        "RAILROAD": "UP",
        "RRDIV": "GULF COAST",
        "RRSUBDIV": "HEARNE SUB",
        "HIGHWAY": "SL 0208",
        "STREET": "LOOP 208",
        "TTSTN": "682247",
        "MILEPOST": "0054.880",
        "TYPEXING": "Public",
        "POSXING": "At Grade",
        "PRVCAT": "14",
        "INIT": "1",
        "LATITUDE": 31.2403851,
        "LONGITUD": -96.2572736,
        "LLSOURCE": "1",
        "WHISTBAN": "0",
        "RRCONT": "4025443721",
        "POLCONT": "8008488715",
        "INV_LINK": "https://safetydata.fra.dot.gov/OfficeofSafety/PublicSite/Crossing/Crossing.aspx?phasetype=C&rpttype=I&txtcrossingnum=432377U",
        "ACC_LINK": "https://safetydata.fra.dot.gov/OfficeofSafety/PublicSite/Crossing/Crossing.aspx?phasetype=C&rpttype=A&txtcrossingnum=432377U",
        "TTSTNNAM": "",
        "XPURPOSE": "1",
        "OPERATINGR": "UP",
        "OPERATIN_1": "Primary",
        "DAYTHRU": 4,
        "NGHTTHRU": 3,
        "MAINTRK": 1,
        "SIDINGTRK": 1,
        "YARDTRK": 0,
        "TRANSITTRK": 0,
        "INDUSTRYTR": 0,
        "OTHRTRK": 2,
        "WDCODE": "All other Gates",
        "REVISIONDA": "1975/01/01 00:00:00",
        "LASTUPDATE": "8/30/2025",
        "AADT": "224",
        "AADTYEAR": "2019",
        "STATENAME": "TEXAS",
        "STATEAB": "TX",
        "COUNTYNAME": "LEON",
        "CITYNAME": "MARQUEZ",
        "LATDD": 31.2403851,
        "LONGDD": -96.2572736,
        "gridlyProductionCertified": true,
        "gridlyClassification": "PUBLIC_ROADWAY",
        "gridlyDisplayName": "LOOP 208",
        "gridlyId": "FRA-432377U"
      }
    },
    {
      "type": "Feature",
      "id": 206595,
      "geometry": {
        "type": "Point",
        "coordinates": [
          -96.2586768996205,
          31.2369751002981
        ]
      },
      "properties": {
        "OBJECTID": 206595,
        "CROSSING": "432378B",
        "EFFDATE": 1756512000000,
        "REASON": "14",
        "StateCode": "48",
        "CountyCode": "48289",
        "STCYFIPS": "48289",
        "CITYCD": "482894350",
        "RAILROAD": "UP",
        "RRDIV": "GULF COAST",
        "RRSUBDIV": "HEARNE SUB",
        "HIGHWAY": "ST 0000",
        "STREET": "PECAN STREET",
        "TTSTN": "682247",
        "MILEPOST": "0055.120",
        "TYPEXING": "Public",
        "POSXING": "At Grade",
        "PRVCAT": "14",
        "INIT": "1",
        "LATITUDE": 31.2369751,
        "LONGITUD": -96.2586769,
        "LLSOURCE": "1",
        "WHISTBAN": "0",
        "RRCONT": "4025443721",
        "POLCONT": "8008488715",
        "INV_LINK": "https://safetydata.fra.dot.gov/OfficeofSafety/PublicSite/Crossing/Crossing.aspx?phasetype=C&rpttype=I&txtcrossingnum=432378B",
        "ACC_LINK": "https://safetydata.fra.dot.gov/OfficeofSafety/PublicSite/Crossing/Crossing.aspx?phasetype=C&rpttype=A&txtcrossingnum=432378B",
        "TTSTNNAM": "",
        "XPURPOSE": "1",
        "OPERATINGR": "UP",
        "OPERATIN_1": "Primary",
        "DAYTHRU": 4,
        "NGHTTHRU": 3,
        "MAINTRK": 1,
        "SIDINGTRK": 1,
        "YARDTRK": 0,
        "TRANSITTRK": 0,
        "INDUSTRYTR": 0,
        "OTHRTRK": 1,
        "WDCODE": "All other Gates",
        "REVISIONDA": "1975/01/01 00:00:00",
        "LASTUPDATE": "8/30/2025",
        "AADT": "120",
        "AADTYEAR": "2010",
        "STATENAME": "TEXAS",
        "STATEAB": "TX",
        "COUNTYNAME": "LEON",
        "CITYNAME": "MARQUEZ",
        "LATDD": 31.2369751,
        "LONGDD": -96.2586769,
        "gridlyProductionCertified": true,
        "gridlyClassification": "PUBLIC_ROADWAY",
        "gridlyDisplayName": "PECAN STREET",
        "gridlyId": "FRA-432378B"
      }
    },
    {
      "type": "Feature",
      "id": 206596,
      "geometry": {
        "type": "Point",
        "coordinates": [
          -96.262088300421,
          31.2193035998963
        ]
      },
      "properties": {
        "OBJECTID": 206596,
        "CROSSING": "432380C",
        "EFFDATE": 1756512000000,
        "REASON": "14",
        "StateCode": "48",
        "CountyCode": "48289",
        "STCYFIPS": "48289",
        "CITYCD": "482894350",
        "RAILROAD": "UP",
        "RRDIV": "GULF COAST",
        "RRSUBDIV": "HEARNE SUB",
        "HIGHWAY": "PRIVATE",
        "STREET": "PRIVATE",
        "TTSTN": "682247",
        "MILEPOST": "0056.340",
        "TYPEXING": "Private",
        "POSXING": "At Grade",
        "PRVCAT": "14",
        "INIT": "1",
        "LATITUDE": 31.2193036,
        "LONGITUD": -96.2620883,
        "LLSOURCE": "1",
        "WHISTBAN": "0",
        "RRCONT": "4025443721",
        "POLCONT": "8008488715",
        "INV_LINK": "https://safetydata.fra.dot.gov/OfficeofSafety/PublicSite/Crossing/Crossing.aspx?phasetype=C&rpttype=I&txtcrossingnum=432380C",
        "ACC_LINK": "https://safetydata.fra.dot.gov/OfficeofSafety/PublicSite/Crossing/Crossing.aspx?phasetype=C&rpttype=A&txtcrossingnum=432380C",
        "TTSTNNAM": "",
        "XPURPOSE": "1",
        "OPERATINGR": "UP",
        "OPERATIN_1": "Primary",
        "DAYTHRU": 4,
        "NGHTTHRU": 3,
        "MAINTRK": 1,
        "SIDINGTRK": 0,
        "YARDTRK": 0,
        "TRANSITTRK": 0,
        "INDUSTRYTR": 0,
        "OTHRTRK": 0,
        "WDCODE": "",
        "REVISIONDA": "1975/01/01 00:00:00",
        "LASTUPDATE": "8/30/2025",
        "AADT": "1",
        "AADTYEAR": "1990",
        "STATENAME": "TEXAS",
        "STATEAB": "TX",
        "COUNTYNAME": "LEON",
        "CITYNAME": "MARQUEZ",
        "LATDD": 31.2193036,
        "LONGDD": -96.2620883,
        "gridlyProductionCertified": true,
        "gridlyClassification": "PUBLIC_ROADWAY",
        "gridlyDisplayName": "PRIVATE",
        "gridlyId": "FRA-432380C"
      }
    },
    {
      "type": "Feature",
      "id": 206597,
      "geometry": {
        "type": "Point",
        "coordinates": [
          -96.0220796998641,
          31.4808143002592
        ]
      },
      "properties": {
        "OBJECTID": 206597,
        "CROSSING": "921140V",
        "EFFDATE": 1756512000000,
        "REASON": "14",
        "StateCode": "48",
        "CountyCode": "48289",
        "STCYFIPS": "48289",
        "CITYCD": "482891000",
        "RAILROAD": "UP",
        "RRDIV": "GULF COAST",
        "RRSUBDIV": "HEARNE SUB",
        "HIGHWAY": "NA",
        "STREET": "PRIVATE CADENHEAD",
        "TTSTN": "",
        "MILEPOST": "0032.300",
        "TYPEXING": "Private",
        "POSXING": "At Grade",
        "PRVCAT": "14",
        "INIT": "1",
        "LATITUDE": 31.4808143,
        "LONGITUD": -96.0220797,
        "LLSOURCE": "1",
        "WHISTBAN": "",
        "RRCONT": "4025443721",
        "POLCONT": "8008488715",
        "INV_LINK": "https://safetydata.fra.dot.gov/OfficeofSafety/PublicSite/Crossing/Crossing.aspx?phasetype=C&rpttype=I&txtcrossingnum=921140V",
        "ACC_LINK": "https://safetydata.fra.dot.gov/OfficeofSafety/PublicSite/Crossing/Crossing.aspx?phasetype=C&rpttype=A&txtcrossingnum=921140V",
        "TTSTNNAM": "",
        "XPURPOSE": "1",
        "OPERATINGR": "UP",
        "OPERATIN_1": "Primary",
        "DAYTHRU": 4,
        "NGHTTHRU": 3,
        "MAINTRK": 1,
        "SIDINGTRK": 0,
        "YARDTRK": 0,
        "TRANSITTRK": 0,
        "INDUSTRYTR": 0,
        "OTHRTRK": 0,
        "WDCODE": "",
        "REVISIONDA": "1975/01/01 00:00:00",
        "LASTUPDATE": "8/30/2025",
        "AADT": "",
        "AADTYEAR": "",
        "STATENAME": "TEXAS",
        "STATEAB": "TX",
        "COUNTYNAME": "LEON",
        "CITYNAME": "BUFFALO",
        "LATDD": 31.4808143,
        "LONGDD": -96.0220797,
        "gridlyProductionCertified": true,
        "gridlyClassification": "PUBLIC_ROADWAY",
        "gridlyDisplayName": "PRIVATE CADENHEAD",
        "gridlyId": "FRA-921140V"
      }
    },
    {
      "type": "Feature",
      "id": 206600,
      "geometry": {
        "type": "Point",
        "coordinates": [
          -96.193191800398,
          31.3223182002926
        ]
      },
      "properties": {
        "OBJECTID": 206600,
        "CROSSING": "432368V",
        "EFFDATE": 1756512000000,
        "REASON": "14",
        "StateCode": "48",
        "CountyCode": "48289",
        "STCYFIPS": "48289",
        "CITYCD": "482893510",
        "RAILROAD": "UP",
        "RRDIV": "GULF COAST",
        "RRSUBDIV": "HEARNE SUB",
        "HIGHWAY": "NA",
        "STREET": "PRIVATE",
        "TTSTN": "682228",
        "MILEPOST": "0047.810",
        "TYPEXING": "Private",
        "POSXING": "At Grade",
        "PRVCAT": "14",
        "INIT": "1",
        "LATITUDE": 31.3223182,
        "LONGITUD": -96.1931918,
        "LLSOURCE": "1",
        "WHISTBAN": "0",
        "RRCONT": "4025443721",
        "POLCONT": "8008488715",
        "INV_LINK": "https://safetydata.fra.dot.gov/OfficeofSafety/PublicSite/Crossing/Crossing.aspx?phasetype=C&rpttype=I&txtcrossingnum=432368V",
        "ACC_LINK": "https://safetydata.fra.dot.gov/OfficeofSafety/PublicSite/Crossing/Crossing.aspx?phasetype=C&rpttype=A&txtcrossingnum=432368V",
        "TTSTNNAM": "",
        "XPURPOSE": "1",
        "OPERATINGR": "UP",
        "OPERATIN_1": "Primary",
        "DAYTHRU": 4,
        "NGHTTHRU": 3,
        "MAINTRK": 1,
        "SIDINGTRK": 0,
        "YARDTRK": 0,
        "TRANSITTRK": 0,
        "INDUSTRYTR": 0,
        "OTHRTRK": 0,
        "WDCODE": "",
        "REVISIONDA": "1975/01/01 00:00:00",
        "LASTUPDATE": "8/30/2025",
        "AADT": "50",
        "AADTYEAR": "1992",
        "STATENAME": "TEXAS",
        "STATEAB": "TX",
        "COUNTYNAME": "LEON",
        "CITYNAME": "JEWETT",
        "LATDD": 31.3223182,
        "LONGDD": -96.1931918,
        "gridlyProductionCertified": true,
        "gridlyClassification": "PUBLIC_ROADWAY",
        "gridlyDisplayName": "PRIVATE",
        "gridlyId": "FRA-432368V"
      }
    },
    {
      "type": "Feature",
      "id": 206601,
      "geometry": {
        "type": "Point",
        "coordinates": [
          -96.2033872000707,
          31.3168426998669
        ]
      },
      "properties": {
        "OBJECTID": 206601,
        "CROSSING": "432369C",
        "EFFDATE": 1756512000000,
        "REASON": "14",
        "StateCode": "48",
        "CountyCode": "48289",
        "STCYFIPS": "48289",
        "CITYCD": "482893510",
        "RAILROAD": "UP",
        "RRDIV": "GULF COAST",
        "RRSUBDIV": "HEARNE SUB",
        "HIGHWAY": "TBD",
        "STREET": "CR 348 SCHOOL HOUSE",
        "TTSTN": "682228",
        "MILEPOST": "0048.500",
        "TYPEXING": "Public",
        "POSXING": "At Grade",
        "PRVCAT": "14",
        "INIT": "1",
        "LATITUDE": 31.3168427,
        "LONGITUD": -96.2033872,
        "LLSOURCE": "1",
        "WHISTBAN": "0",
        "RRCONT": "4025443721",
        "POLCONT": "8008488715",
        "INV_LINK": "https://safetydata.fra.dot.gov/OfficeofSafety/PublicSite/Crossing/Crossing.aspx?phasetype=C&rpttype=I&txtcrossingnum=432369C",
        "ACC_LINK": "https://safetydata.fra.dot.gov/OfficeofSafety/PublicSite/Crossing/Crossing.aspx?phasetype=C&rpttype=A&txtcrossingnum=432369C",
        "TTSTNNAM": "",
        "XPURPOSE": "1",
        "OPERATINGR": "UP",
        "OPERATIN_1": "Primary",
        "DAYTHRU": 4,
        "NGHTTHRU": 3,
        "MAINTRK": 1,
        "SIDINGTRK": 0,
        "YARDTRK": 0,
        "TRANSITTRK": 0,
        "INDUSTRYTR": 0,
        "OTHRTRK": 0,
        "WDCODE": "All other Gates",
        "REVISIONDA": "1975/01/01 00:00:00",
        "LASTUPDATE": "8/30/2025",
        "AADT": "90",
        "AADTYEAR": "2019",
        "STATENAME": "TEXAS",
        "STATEAB": "TX",
        "COUNTYNAME": "LEON",
        "CITYNAME": "JEWETT",
        "LATDD": 31.3168427,
        "LONGDD": -96.2033872,
        "gridlyProductionCertified": true,
        "gridlyClassification": "PUBLIC_ROADWAY",
        "gridlyDisplayName": "CR 348 SCHOOL HOUSE",
        "gridlyId": "FRA-432369C"
      }
    },
    {
      "type": "Feature",
      "id": 206668,
      "geometry": {
        "type": "Point",
        "coordinates": [
          -96.2628371998222,
          31.2120432998488
        ]
      },
      "properties": {
        "OBJECTID": 206668,
        "CROSSING": "432381J",
        "EFFDATE": 1756512000000,
        "REASON": "14",
        "StateCode": "48",
        "CountyCode": "48289",
        "STCYFIPS": "48289",
        "CITYCD": "482894350",
        "RAILROAD": "UP",
        "RRDIV": "GULF COAST",
        "RRSUBDIV": "HEARNE SUB",
        "HIGHWAY": "PRIVATE",
        "STREET": "PRIVATE",
        "TTSTN": "682247",
        "MILEPOST": "0056.870",
        "TYPEXING": "Private",
        "POSXING": "At Grade",
        "PRVCAT": "14",
        "INIT": "1",
        "LATITUDE": 31.2120433,
        "LONGITUD": -96.2628372,
        "LLSOURCE": "1",
        "WHISTBAN": "0",
        "RRCONT": "4025443721",
        "POLCONT": "8008488715",
        "INV_LINK": "https://safetydata.fra.dot.gov/OfficeofSafety/PublicSite/Crossing/Crossing.aspx?phasetype=C&rpttype=I&txtcrossingnum=432381J",
        "ACC_LINK": "https://safetydata.fra.dot.gov/OfficeofSafety/PublicSite/Crossing/Crossing.aspx?phasetype=C&rpttype=A&txtcrossingnum=432381J",
        "TTSTNNAM": "",
        "XPURPOSE": "1",
        "OPERATINGR": "UP",
        "OPERATIN_1": "Primary",
        "DAYTHRU": 4,
        "NGHTTHRU": 3,
        "MAINTRK": 1,
        "SIDINGTRK": 0,
        "YARDTRK": 0,
        "TRANSITTRK": 0,
        "INDUSTRYTR": 0,
        "OTHRTRK": 0,
        "WDCODE": "",
        "REVISIONDA": "1975/01/01 00:00:00",
        "LASTUPDATE": "8/30/2025",
        "AADT": "1",
        "AADTYEAR": "1990",
        "STATENAME": "TEXAS",
        "STATEAB": "TX",
        "COUNTYNAME": "LEON",
        "CITYNAME": "MARQUEZ",
        "LATDD": 31.2120433,
        "LONGDD": -96.2628372,
        "gridlyProductionCertified": true,
        "gridlyClassification": "PUBLIC_ROADWAY",
        "gridlyDisplayName": "PRIVATE",
        "gridlyId": "FRA-432381J"
      }
    },
    {
      "type": "Feature",
      "id": 206678,
      "geometry": {
        "type": "Point",
        "coordinates": [
          -95.848274500414,
          31.5840393000492
        ]
      },
      "properties": {
        "OBJECTID": 206678,
        "CROSSING": "432349R",
        "EFFDATE": 1756512000000,
        "REASON": "14",
        "StateCode": "48",
        "CountyCode": "48289",
        "STCYFIPS": "48289",
        "CITYCD": "482895000",
        "RAILROAD": "UP",
        "RRDIV": "GULF COAST",
        "RRSUBDIV": "HEARNE SUB",
        "HIGHWAY": "FM 0542",
        "STREET": "FM 542",
        "TTSTN": "682214",
        "MILEPOST": "0017.990",
        "TYPEXING": "Public",
        "POSXING": "At Grade",
        "PRVCAT": "14",
        "INIT": "1",
        "LATITUDE": 31.5840393,
        "LONGITUD": -95.8482745,
        "LLSOURCE": "1",
        "WHISTBAN": "0",
        "RRCONT": "4025443721",
        "POLCONT": "8008488715",
        "INV_LINK": "https://safetydata.fra.dot.gov/OfficeofSafety/PublicSite/Crossing/Crossing.aspx?phasetype=C&rpttype=I&txtcrossingnum=432349R",
        "ACC_LINK": "https://safetydata.fra.dot.gov/OfficeofSafety/PublicSite/Crossing/Crossing.aspx?phasetype=C&rpttype=A&txtcrossingnum=432349R",
        "TTSTNNAM": "",
        "XPURPOSE": "1",
        "OPERATINGR": "UP",
        "OPERATIN_1": "Primary",
        "DAYTHRU": 4,
        "NGHTTHRU": 3,
        "MAINTRK": 1,
        "SIDINGTRK": 1,
        "YARDTRK": 0,
        "TRANSITTRK": 0,
        "INDUSTRYTR": 0,
        "OTHRTRK": 2,
        "WDCODE": "All other Gates",
        "REVISIONDA": "1975/01/01 00:00:00",
        "LASTUPDATE": "8/30/2025",
        "AADT": "1430",
        "AADTYEAR": "2019",
        "STATENAME": "TEXAS",
        "STATEAB": "TX",
        "COUNTYNAME": "LEON",
        "CITYNAME": "OAKWOOD",
        "LATDD": 31.5840393,
        "LONGDD": -95.8482745,
        "gridlyProductionCertified": true,
        "gridlyClassification": "PUBLIC_ROADWAY",
        "gridlyDisplayName": "FM 542",
        "gridlyId": "FRA-432349R"
      }
    },
    {
      "type": "Feature",
      "id": 206679,
      "geometry": {
        "type": "Point",
        "coordinates": [
          -95.8506469995884,
          31.5828740000405
        ]
      },
      "properties": {
        "OBJECTID": 206679,
        "CROSSING": "432350K",
        "EFFDATE": 1756512000000,
        "REASON": "14",
        "StateCode": "48",
        "CountyCode": "48289",
        "STCYFIPS": "48289",
        "CITYCD": "482895000",
        "RAILROAD": "UP",
        "RRDIV": "GULF COAST",
        "RRSUBDIV": "HEARNE SUB",
        "HIGHWAY": "TBD",
        "STREET": "FRONT STREET",
        "TTSTN": "682214",
        "MILEPOST": "0018.160",
        "TYPEXING": "Public",
        "POSXING": "RR Over",
        "PRVCAT": "14",
        "INIT": "1",
        "LATITUDE": 31.582874,
        "LONGITUD": -95.850647,
        "LLSOURCE": "1",
        "WHISTBAN": "0",
        "RRCONT": "4025443721",
        "POLCONT": "8008488715",
        "INV_LINK": "https://safetydata.fra.dot.gov/OfficeofSafety/PublicSite/Crossing/Crossing.aspx?phasetype=C&rpttype=I&txtcrossingnum=432350K",
        "ACC_LINK": "https://safetydata.fra.dot.gov/OfficeofSafety/PublicSite/Crossing/Crossing.aspx?phasetype=C&rpttype=A&txtcrossingnum=432350K",
        "TTSTNNAM": "",
        "XPURPOSE": "1",
        "OPERATINGR": "UP",
        "OPERATIN_1": "Primary",
        "DAYTHRU": 4,
        "NGHTTHRU": 3,
        "MAINTRK": 1,
        "SIDINGTRK": 0,
        "YARDTRK": 0,
        "TRANSITTRK": 0,
        "INDUSTRYTR": 0,
        "OTHRTRK": 0,
        "WDCODE": "",
        "REVISIONDA": "1975/01/01 00:00:00",
        "LASTUPDATE": "8/30/2025",
        "AADT": "1",
        "AADTYEAR": "1990",
        "STATENAME": "TEXAS",
        "STATEAB": "TX",
        "COUNTYNAME": "LEON",
        "CITYNAME": "OAKWOOD",
        "LATDD": 31.582874,
        "LONGDD": -95.850647,
        "gridlyProductionCertified": true,
        "gridlyClassification": "PUBLIC_ROADWAY",
        "gridlyDisplayName": "FRONT STREET",
        "gridlyId": "FRA-432350K"
      }
    },
    {
      "type": "Feature",
      "id": 206688,
      "geometry": {
        "type": "Point",
        "coordinates": [
          -96.209978799572,
          31.3064160997856
        ]
      },
      "properties": {
        "OBJECTID": 206688,
        "CROSSING": "921143R",
        "EFFDATE": 1756512000000,
        "REASON": "14",
        "StateCode": "48",
        "CountyCode": "48289",
        "STCYFIPS": "48289",
        "CITYCD": "482893510",
        "RAILROAD": "UP",
        "RRDIV": "GULF COAST",
        "RRSUBDIV": "HEARNE SUB",
        "HIGHWAY": "NA",
        "STREET": "PRIVATE",
        "TTSTN": "",
        "MILEPOST": "0049.310",
        "TYPEXING": "Private",
        "POSXING": "At Grade",
        "PRVCAT": "14",
        "INIT": "1",
        "LATITUDE": 31.3064161,
        "LONGITUD": -96.2099788,
        "LLSOURCE": "1",
        "WHISTBAN": "",
        "RRCONT": "4025443721",
        "POLCONT": "8008488715",
        "INV_LINK": "https://safetydata.fra.dot.gov/OfficeofSafety/PublicSite/Crossing/Crossing.aspx?phasetype=C&rpttype=I&txtcrossingnum=921143R",
        "ACC_LINK": "https://safetydata.fra.dot.gov/OfficeofSafety/PublicSite/Crossing/Crossing.aspx?phasetype=C&rpttype=A&txtcrossingnum=921143R",
        "TTSTNNAM": "",
        "XPURPOSE": "1",
        "OPERATINGR": "UP",
        "OPERATIN_1": "Primary",
        "DAYTHRU": 4,
        "NGHTTHRU": 3,
        "MAINTRK": 1,
        "SIDINGTRK": 0,
        "YARDTRK": 0,
        "TRANSITTRK": 0,
        "INDUSTRYTR": 0,
        "OTHRTRK": 0,
        "WDCODE": "",
        "REVISIONDA": "1975/01/01 00:00:00",
        "LASTUPDATE": "8/30/2025",
        "AADT": "",
        "AADTYEAR": "",
        "STATENAME": "TEXAS",
        "STATEAB": "TX",
        "COUNTYNAME": "LEON",
        "CITYNAME": "JEWETT",
        "LATDD": 31.3064161,
        "LONGDD": -96.2099788,
        "gridlyProductionCertified": true,
        "gridlyClassification": "PUBLIC_ROADWAY",
        "gridlyDisplayName": "PRIVATE",
        "gridlyId": "FRA-921143R"
      }
    },
    {
      "type": "Feature",
      "id": 206689,
      "geometry": {
        "type": "Point",
        "coordinates": [
          -96.2268464997979,
          31.2909377997185
        ]
      },
      "properties": {
        "OBJECTID": 206689,
        "CROSSING": "921144X",
        "EFFDATE": 1756512000000,
        "REASON": "14",
        "StateCode": "48",
        "CountyCode": "48289",
        "STCYFIPS": "48289",
        "CITYCD": "482893510",
        "RAILROAD": "UP",
        "RRDIV": "GULF COAST",
        "RRSUBDIV": "HEARNE SUB",
        "HIGHWAY": "NA",
        "STREET": "PRIVATE JUSTIN HAMMOND",
        "TTSTN": "",
        "MILEPOST": "0050.750",
        "TYPEXING": "Private",
        "POSXING": "At Grade",
        "PRVCAT": "14",
        "INIT": "1",
        "LATITUDE": 31.2909378,
        "LONGITUD": -96.2268465,
        "LLSOURCE": "1",
        "WHISTBAN": "",
        "RRCONT": "4025443721",
        "POLCONT": "8008488715",
        "INV_LINK": "https://safetydata.fra.dot.gov/OfficeofSafety/PublicSite/Crossing/Crossing.aspx?phasetype=C&rpttype=I&txtcrossingnum=921144X",
        "ACC_LINK": "https://safetydata.fra.dot.gov/OfficeofSafety/PublicSite/Crossing/Crossing.aspx?phasetype=C&rpttype=A&txtcrossingnum=921144X",
        "TTSTNNAM": "",
        "XPURPOSE": "1",
        "OPERATINGR": "UP",
        "OPERATIN_1": "Primary",
        "DAYTHRU": 4,
        "NGHTTHRU": 3,
        "MAINTRK": 1,
        "SIDINGTRK": 0,
        "YARDTRK": 0,
        "TRANSITTRK": 0,
        "INDUSTRYTR": 0,
        "OTHRTRK": 0,
        "WDCODE": "",
        "REVISIONDA": "1975/01/01 00:00:00",
        "LASTUPDATE": "8/30/2025",
        "AADT": "",
        "AADTYEAR": "",
        "STATENAME": "TEXAS",
        "STATEAB": "TX",
        "COUNTYNAME": "LEON",
        "CITYNAME": "JEWETT",
        "LATDD": 31.2909378,
        "LONGDD": -96.2268465,
        "gridlyProductionCertified": true,
        "gridlyClassification": "PUBLIC_ROADWAY",
        "gridlyDisplayName": "PRIVATE JUSTIN HAMMOND",
        "gridlyId": "FRA-921144X"
      }
    },
    {
      "type": "Feature",
      "id": 208421,
      "geometry": {
        "type": "Point",
        "coordinates": [
          -96.0708760001462,
          31.4452999996535
        ]
      },
      "properties": {
        "OBJECTID": 208421,
        "CROSSING": "432357H",
        "EFFDATE": 1757289600000,
        "REASON": "14",
        "StateCode": "48",
        "CountyCode": "48289",
        "STCYFIPS": "48289",
        "CITYCD": "482891000",
        "RAILROAD": "UP",
        "RRDIV": "GULF COAST",
        "RRSUBDIV": "HEARNE SUB",
        "HIGHWAY": "IH 0045",
        "STREET": "I 45",
        "TTSTN": "682225",
        "MILEPOST": "0036.260",
        "TYPEXING": "Public",
        "POSXING": "RR Over",
        "PRVCAT": "14",
        "INIT": "1",
        "LATITUDE": 31.4453,
        "LONGITUD": -96.070876,
        "LLSOURCE": "1",
        "WHISTBAN": "0",
        "RRCONT": "4025443721",
        "POLCONT": "8008488715",
        "INV_LINK": "https://safetydata.fra.dot.gov/OfficeofSafety/PublicSite/Crossing/Crossing.aspx?phasetype=C&rpttype=I&txtcrossingnum=432357H",
        "ACC_LINK": "https://safetydata.fra.dot.gov/OfficeofSafety/PublicSite/Crossing/Crossing.aspx?phasetype=C&rpttype=A&txtcrossingnum=432357H",
        "TTSTNNAM": "",
        "XPURPOSE": "1",
        "OPERATINGR": "UP",
        "OPERATIN_1": "Primary",
        "DAYTHRU": 4,
        "NGHTTHRU": 3,
        "MAINTRK": 1,
        "SIDINGTRK": 0,
        "YARDTRK": 0,
        "TRANSITTRK": 0,
        "INDUSTRYTR": 0,
        "OTHRTRK": 0,
        "WDCODE": "",
        "REVISIONDA": "1975/01/01 00:00:00",
        "LASTUPDATE": "9/8/2025",
        "AADT": "25670",
        "AADTYEAR": "2011",
        "STATENAME": "TEXAS",
        "STATEAB": "TX",
        "COUNTYNAME": "LEON",
        "CITYNAME": "BUFFALO",
        "LATDD": 31.4453,
        "LONGDD": -96.070876,
        "gridlyProductionCertified": true,
        "gridlyClassification": "PUBLIC_ROADWAY",
        "gridlyDisplayName": "I 45",
        "gridlyId": "FRA-432357H"
      }
    },
    {
      "type": "Feature",
      "id": 208541,
      "geometry": {
        "type": "Point",
        "coordinates": [
          -96.1148513998279,
          31.389184999851
        ]
      },
      "properties": {
        "OBJECTID": 208541,
        "CROSSING": "432359W",
        "EFFDATE": 1757289600000,
        "REASON": "14",
        "StateCode": "48",
        "CountyCode": "48289",
        "STCYFIPS": "48289",
        "CITYCD": "482893510",
        "RAILROAD": "UP",
        "RRDIV": "GULF COAST",
        "RRSUBDIV": "HEARNE SUB",
        "HIGHWAY": "CO 0327",
        "STREET": "CR 327",
        "TTSTN": "682228",
        "MILEPOST": "0041.150",
        "TYPEXING": "Public",
        "POSXING": "At Grade",
        "PRVCAT": "14",
        "INIT": "1",
        "LATITUDE": 31.389185,
        "LONGITUD": -96.1148514,
        "LLSOURCE": "1",
        "WHISTBAN": "0",
        "RRCONT": "4025443721",
        "POLCONT": "8008488715",
        "INV_LINK": "https://safetydata.fra.dot.gov/OfficeofSafety/PublicSite/Crossing/Crossing.aspx?phasetype=C&rpttype=I&txtcrossingnum=432359W",
        "ACC_LINK": "https://safetydata.fra.dot.gov/OfficeofSafety/PublicSite/Crossing/Crossing.aspx?phasetype=C&rpttype=A&txtcrossingnum=432359W",
        "TTSTNNAM": "",
        "XPURPOSE": "1",
        "OPERATINGR": "UP",
        "OPERATIN_1": "Primary",
        "DAYTHRU": 4,
        "NGHTTHRU": 3,
        "MAINTRK": 1,
        "SIDINGTRK": 0,
        "YARDTRK": 0,
        "TRANSITTRK": 0,
        "INDUSTRYTR": 0,
        "OTHRTRK": 0,
        "WDCODE": "All other Gates",
        "REVISIONDA": "1975/01/01 00:00:00",
        "LASTUPDATE": "9/8/2025",
        "AADT": "10",
        "AADTYEAR": "2019",
        "STATENAME": "TEXAS",
        "STATEAB": "TX",
        "COUNTYNAME": "LEON",
        "CITYNAME": "JEWETT",
        "LATDD": 31.389185,
        "LONGDD": -96.1148514,
        "gridlyProductionCertified": true,
        "gridlyClassification": "PUBLIC_ROADWAY",
        "gridlyDisplayName": "CR 327",
        "gridlyId": "FRA-432359W"
      }
    },
    {
      "type": "Feature",
      "id": 212487,
      "geometry": {
        "type": "Point",
        "coordinates": [
          -96.2575919997603,
          31.2403300002909
        ]
      },
      "properties": {
        "OBJECTID": 212487,
        "CROSSING": "450415Y",
        "EFFDATE": 1758499200000,
        "REASON": "14",
        "StateCode": "48",
        "CountyCode": "48289",
        "STCYFIPS": "48289",
        "CITYCD": "482894350",
        "RAILROAD": "UP",
        "RRDIV": "GULF COAST",
        "RRSUBDIV": "HEARNE SUB",
        "HIGHWAY": "SL 0208",
        "STREET": "LOOP 208",
        "TTSTN": "682247",
        "MILEPOST": "0054.880",
        "TYPEXING": "Public",
        "POSXING": "At Grade",
        "PRVCAT": "14",
        "INIT": "1",
        "LATITUDE": 31.24033,
        "LONGITUD": -96.257592,
        "LLSOURCE": "1",
        "WHISTBAN": "0",
        "RRCONT": "4025443721",
        "POLCONT": "8008488715",
        "INV_LINK": "https://safetydata.fra.dot.gov/OfficeofSafety/PublicSite/Crossing/Crossing.aspx?phasetype=C&rpttype=I&txtcrossingnum=450415Y",
        "ACC_LINK": "https://safetydata.fra.dot.gov/OfficeofSafety/PublicSite/Crossing/Crossing.aspx?phasetype=C&rpttype=A&txtcrossingnum=450415Y",
        "TTSTNNAM": "",
        "XPURPOSE": "1",
        "OPERATINGR": "UP",
        "OPERATIN_1": "Primary",
        "DAYTHRU": 0,
        "NGHTTHRU": 0,
        "MAINTRK": 0,
        "SIDINGTRK": 0,
        "YARDTRK": 1,
        "TRANSITTRK": 0,
        "INDUSTRYTR": 0,
        "OTHRTRK": 1,
        "WDCODE": "Crossbucks",
        "REVISIONDA": "1975/01/01 00:00:00",
        "LASTUPDATE": "9/22/2025",
        "AADT": "224",
        "AADTYEAR": "2019",
        "STATENAME": "TEXAS",
        "STATEAB": "TX",
        "COUNTYNAME": "LEON",
        "CITYNAME": "MARQUEZ",
        "LATDD": 31.24033,
        "LONGDD": -96.257592,
        "gridlyProductionCertified": true,
        "gridlyClassification": "PUBLIC_ROADWAY",
        "gridlyDisplayName": "LOOP 208",
        "gridlyId": "FRA-450415Y"
      }
    },
    {
      "type": "Feature",
      "id": 212705,
      "geometry": {
        "type": "Point",
        "coordinates": [
          -96.1646969997355,
          31.3442180003481
        ]
      },
      "properties": {
        "OBJECTID": 212705,
        "CROSSING": "432366G",
        "EFFDATE": 1758499200000,
        "REASON": "14",
        "StateCode": "48",
        "CountyCode": "48289",
        "STCYFIPS": "48289",
        "CITYCD": "482893510",
        "RAILROAD": "UP",
        "RRDIV": "GULF COAST",
        "RRSUBDIV": "HEARNE SUB",
        "HIGHWAY": "US 0079",
        "STREET": "US 79",
        "TTSTN": "682228",
        "MILEPOST": "0045.600",
        "TYPEXING": "Public",
        "POSXING": "At Grade",
        "PRVCAT": "14",
        "INIT": "1",
        "LATITUDE": 31.344218,
        "LONGITUD": -96.164697,
        "LLSOURCE": "1",
        "WHISTBAN": "0",
        "RRCONT": "4025443721",
        "POLCONT": "8008488715",
        "INV_LINK": "https://safetydata.fra.dot.gov/OfficeofSafety/PublicSite/Crossing/Crossing.aspx?phasetype=C&rpttype=I&txtcrossingnum=432366G",
        "ACC_LINK": "https://safetydata.fra.dot.gov/OfficeofSafety/PublicSite/Crossing/Crossing.aspx?phasetype=C&rpttype=A&txtcrossingnum=432366G",
        "TTSTNNAM": "",
        "XPURPOSE": "1",
        "OPERATINGR": "UP",
        "OPERATIN_1": "Primary",
        "DAYTHRU": 0,
        "NGHTTHRU": 0,
        "MAINTRK": 0,
        "SIDINGTRK": 0,
        "YARDTRK": 0,
        "TRANSITTRK": 0,
        "INDUSTRYTR": 1,
        "OTHRTRK": 1,
        "WDCODE": "Flashing lights",
        "REVISIONDA": "1975/01/01 00:00:00",
        "LASTUPDATE": "9/22/2025",
        "AADT": "6140",
        "AADTYEAR": "2019",
        "STATENAME": "TEXAS",
        "STATEAB": "TX",
        "COUNTYNAME": "LEON",
        "CITYNAME": "JEWETT",
        "LATDD": 31.344218,
        "LONGDD": -96.164697,
        "gridlyProductionCertified": true,
        "gridlyClassification": "PUBLIC_ROADWAY",
        "gridlyDisplayName": "US 79",
        "gridlyId": "FRA-432366G"
      }
    }
  ]
}
