{
  "type": "FeatureCollection",
  "features": [
    {
      "type": "Feature",
      "id": 200730,
      "geometry": {
        "type": "Point",
        "coordinates": [
          -97.0200871000804,
          33.0629729999989
        ]
      },
      "properties": {
        "OBJECTID": 200730,
        "CROSSING": "919241G",
        "EFFDATE": 1772064000000,
        "REASON": "14",
        "StateCode": "48",
        "CountyCode": "48121",
        "STCYFIPS": "48121",
        "CITYCD": "481213960",
        "RAILROAD": "KCS",
        "RRDIV": "Speedway",
        "RRSUBDIV": "Alliance",
        "HIGHWAY": "ST0000",
        "STREET": "N SUMMIT AVE",
        "TTSTN": "663778",
        "MILEPOST": "0090.500",
        "TYPEXING": "Public",
        "POSXING": "At Grade",
        "PRVCAT": "14",
        "INIT": "1",
        "LATITUDE": 33.062973,
        "LONGITUD": -97.0200871,
        "LLSOURCE": "1",
        "WHISTBAN": "1",
        "RRCONT": "3186766269",
        "POLCONT": "8775279464",
        "INV_LINK": "https://safetydata.fra.dot.gov/OfficeofSafety/PublicSite/Crossing/Crossing.aspx?phasetype=C&rpttype=I&txtcrossingnum=919241G",
        "ACC_LINK": "https://safetydata.fra.dot.gov/OfficeofSafety/PublicSite/Crossing/Crossing.aspx?phasetype=C&rpttype=A&txtcrossingnum=919241G",
        "TTSTNNAM": "663778",
        "XPURPOSE": "1",
        "OPERATINGR": "CPKC",
        "OPERATIN_1": "Primary",
        "DAYTHRU": 1,
        "NGHTTHRU": 1,
        "MAINTRK": 1,
        "SIDINGTRK": 0,
        "YARDTRK": 0,
        "TRANSITTRK": 0,
        "INDUSTRYTR": 0,
        "OTHRTRK": 0,
        "WDCODE": "All other Gates",
        "REVISIONDA": "1975/01/01 00:00:00",
        "LASTUPDATE": "2/26/2026",
        "AADT": "004000",
        "AADTYEAR": "2025",
        "STATENAME": "TEXAS",
        "STATEAB": "TX",
        "COUNTYNAME": "DENTON",
        "CITYNAME": "LEWISVILLE",
        "LATDD": 33.062973,
        "LONGDD": -97.0200871,
        "gridlyProductionCertified": true,
        "gridlyClassification": "PUBLIC_ROADWAY",
        "gridlyDisplayName": "N SUMMIT AVE",
        "gridlyId": "FRA-919241G"
      }
    },
    {
      "type": "Feature",
      "id": 200999,
      "geometry": {
        "type": "Point",
        "coordinates": [
          -96.953420000302,
          33.0040500000367
        ]
      },
      "properties": {
        "OBJECTID": 200999,
        "CROSSING": "933969N",
        "EFFDATE": 1488499200000,
        "REASON": "15",
        "StateCode": "48",
        "CountyCode": "48121",
        "STCYFIPS": "48121",
        "CITYCD": "481213960",
        "RAILROAD": "DCTA",
        "RRDIV": "CENTRAL",
        "RRSUBDIV": "DENTON",
        "HIGHWAY": "SH0121",
        "STREET": "SAM RAYMOND TOLLWAY",
        "TTSTN": "",
        "MILEPOST": "0721.78",
        "TYPEXING": "Public",
        "POSXING": "RR Under",
        "PRVCAT": "15",
        "INIT": "1",
        "LATITUDE": 33.00405,
        "LONGITUD": -96.95342,
        "LLSOURCE": "1",
        "WHISTBAN": "0",
        "RRCONT": "9729700495",
        "POLCONT": "9729700495",
        "INV_LINK": "https://safetydata.fra.dot.gov/OfficeofSafety/PublicSite/Crossing/Crossing.aspx?phasetype=C&rpttype=I&txtcrossingnum=933969N",
        "ACC_LINK": "https://safetydata.fra.dot.gov/OfficeofSafety/PublicSite/Crossing/Crossing.aspx?phasetype=C&rpttype=A&txtcrossingnum=933969N",
        "TTSTNNAM": "",
        "XPURPOSE": "1",
        "OPERATINGR": "DCTA",
        "OPERATIN_1": "Primary",
        "DAYTHRU": 31,
        "NGHTTHRU": 31,
        "MAINTRK": 1,
        "SIDINGTRK": 0,
        "YARDTRK": 0,
        "TRANSITTRK": 1,
        "INDUSTRYTR": 0,
        "OTHRTRK": 0,
        "WDCODE": "",
        "REVISIONDA": "2009/01/01 00:00:00",
        "LASTUPDATE": "3/3/2017",
        "AADT": "000302",
        "AADTYEAR": "2008",
        "STATENAME": "TEXAS",
        "STATEAB": "TX",
        "COUNTYNAME": "DENTON",
        "CITYNAME": "LEWISVILLE",
        "LATDD": 33.00405,
        "LONGDD": -96.95342,
        "gridlyProductionCertified": true,
        "gridlyClassification": "PUBLIC_ROADWAY",
        "gridlyDisplayName": "SAM RAYMOND TOLLWAY",
        "gridlyId": "FRA-933969N"
      }
    },
    {
      "type": "Feature",
      "id": 201115,
      "geometry": {
        "type": "Point",
        "coordinates": [
          -97.2059910002198,
          33.2837190999558
        ]
      },
      "properties": {
        "OBJECTID": 201115,
        "CROSSING": "021731N",
        "EFFDATE": 1772064000000,
        "REASON": "14",
        "StateCode": "48",
        "CountyCode": "48121",
        "STCYFIPS": "48121",
        "CITYCD": "481213755",
        "RAILROAD": "KCS",
        "RRDIV": "Speedway",
        "RRSUBDIV": "Alliance",
        "HIGHWAY": "CR0170",
        "STREET": "GANZER ROAD WEST",
        "TTSTN": "663751",
        "MILEPOST": "0109.970",
        "TYPEXING": "Public",
        "POSXING": "At Grade",
        "PRVCAT": "14",
        "INIT": "1",
        "LATITUDE": 33.2837191,
        "LONGITUD": -97.205991,
        "LLSOURCE": "2",
        "WHISTBAN": "0",
        "RRCONT": "3186766269",
        "POLCONT": "8775279464",
        "INV_LINK": "https://safetydata.fra.dot.gov/OfficeofSafety/PublicSite/Crossing/Crossing.aspx?phasetype=C&rpttype=I&txtcrossingnum=021731N",
        "ACC_LINK": "https://safetydata.fra.dot.gov/OfficeofSafety/PublicSite/Crossing/Crossing.aspx?phasetype=C&rpttype=A&txtcrossingnum=021731N",
        "TTSTNNAM": "663751",
        "XPURPOSE": "1",
        "OPERATINGR": "CPKC",
        "OPERATIN_1": "Primary",
        "DAYTHRU": 1,
        "NGHTTHRU": 1,
        "MAINTRK": 1,
        "SIDINGTRK": 0,
        "YARDTRK": 0,
        "TRANSITTRK": 0,
        "INDUSTRYTR": 0,
        "OTHRTRK": 0,
        "WDCODE": "All other Gates",
        "REVISIONDA": "1975/01/01 00:00:00",
        "LASTUPDATE": "2/26/2026",
        "AADT": "498",
        "AADTYEAR": "2019",
        "STATENAME": "TEXAS",
        "STATEAB": "TX",
        "COUNTYNAME": "DENTON",
        "CITYNAME": "KRUM",
        "LATDD": 33.2837191,
        "LONGDD": -97.205991,
        "gridlyProductionCertified": true,
        "gridlyClassification": "PUBLIC_ROADWAY",
        "gridlyDisplayName": "GANZER ROAD WEST",
        "gridlyId": "FRA-021731N"
      }
    },
    {
      "type": "Feature",
      "id": 201125,
      "geometry": {
        "type": "Point",
        "coordinates": [
          -97.2916599997098,
          33.1109900001935
        ]
      },
      "properties": {
        "OBJECTID": 201125,
        "CROSSING": "021084F",
        "EFFDATE": 1777334400000,
        "REASON": "14",
        "StateCode": "48",
        "CountyCode": "48121",
        "STCYFIPS": "48121",
        "CITYCD": "481213560",
        "RAILROAD": "BNSF",
        "RRDIV": "RED RIVER",
        "RRSUBDIV": "FORT WORTH",
        "HIGHWAY": "LS0000",
        "STREET": "DDM Driveway",
        "TTSTN": "",
        "MILEPOST": "0372.305",
        "TYPEXING": "Public",
        "POSXING": "At Grade",
        "PRVCAT": "14",
        "INIT": "2",
        "LATITUDE": 33.11099,
        "LONGITUD": -97.29166,
        "LLSOURCE": "1",
        "WHISTBAN": "",
        "RRCONT": "8173521549",
        "POLCONT": "8008325452",
        "INV_LINK": "https://safetydata.fra.dot.gov/OfficeofSafety/PublicSite/Crossing/Crossing.aspx?phasetype=C&rpttype=I&txtcrossingnum=021084F",
        "ACC_LINK": "https://safetydata.fra.dot.gov/OfficeofSafety/PublicSite/Crossing/Crossing.aspx?phasetype=C&rpttype=A&txtcrossingnum=021084F",
        "TTSTNNAM": "",
        "XPURPOSE": "1",
        "OPERATINGR": "BNSF",
        "OPERATIN_1": "Primary",
        "DAYTHRU": 11,
        "NGHTTHRU": 10,
        "MAINTRK": 1,
        "SIDINGTRK": 0,
        "YARDTRK": 0,
        "TRANSITTRK": 0,
        "INDUSTRYTR": 0,
        "OTHRTRK": 0,
        "WDCODE": "All other Gates",
        "REVISIONDA": "1996/01/01 00:00:00",
        "LASTUPDATE": "4/28/2026",
        "AADT": "885",
        "AADTYEAR": "2024",
        "STATENAME": "TEXAS",
        "STATEAB": "TX",
        "COUNTYNAME": "DENTON",
        "CITYNAME": "JUSTIN",
        "LATDD": 33.11099,
        "LONGDD": -97.29166,
        "gridlyProductionCertified": true,
        "gridlyClassification": "PUBLIC_ROADWAY",
        "gridlyDisplayName": "DDM Driveway",
        "gridlyId": "FRA-021084F"
      }
    },
    {
      "type": "Feature",
      "id": 201238,
      "geometry": {
        "type": "Point",
        "coordinates": [
          -97.2948390000581,
          33.0681139998222
        ]
      },
      "properties": {
        "OBJECTID": 201238,
        "CROSSING": "978019V",
        "EFFDATE": 1577923200000,
        "REASON": "15",
        "StateCode": "48",
        "CountyCode": "48121",
        "STCYFIPS": "48121",
        "CITYCD": "481213560",
        "RAILROAD": "WMSX",
        "RRDIV": "#N\\A",
        "RRSUBDIV": "#N\\A",
        "HIGHWAY": "LS",
        "STREET": "HARMONSON ROAD",
        "TTSTN": "",
        "MILEPOST": "0369.330",
        "TYPEXING": "Public",
        "POSXING": "At Grade",
        "PRVCAT": "15",
        "INIT": "1",
        "LATITUDE": 33.068114,
        "LONGITUD": -97.294839,
        "LLSOURCE": "1",
        "WHISTBAN": "",
        "RRCONT": "8173047263",
        "POLCONT": "8173047263",
        "INV_LINK": "https://safetydata.fra.dot.gov/OfficeofSafety/PublicSite/Crossing/Crossing.aspx?phasetype=C&rpttype=I&txtcrossingnum=978019V",
        "ACC_LINK": "https://safetydata.fra.dot.gov/OfficeofSafety/PublicSite/Crossing/Crossing.aspx?phasetype=C&rpttype=A&txtcrossingnum=978019V",
        "TTSTNNAM": "",
        "XPURPOSE": "1",
        "OPERATINGR": "WMSX",
        "OPERATIN_1": "Primary",
        "DAYTHRU": 1,
        "NGHTTHRU": 1,
        "MAINTRK": 1,
        "SIDINGTRK": 0,
        "YARDTRK": 0,
        "TRANSITTRK": 0,
        "INDUSTRYTR": 0,
        "OTHRTRK": 0,
        "WDCODE": "All other Gates",
        "REVISIONDA": "2019/12/12 00:00:00",
        "LASTUPDATE": "1/2/2020",
        "AADT": "150",
        "AADTYEAR": "2009",
        "STATENAME": "TEXAS",
        "STATEAB": "TX",
        "COUNTYNAME": "DENTON",
        "CITYNAME": "JUSTIN",
        "LATDD": 33.068114,
        "LONGDD": -97.294839,
        "gridlyProductionCertified": true,
        "gridlyClassification": "PUBLIC_ROADWAY",
        "gridlyDisplayName": "HARMONSON ROAD",
        "gridlyId": "FRA-978019V"
      }
    },
    {
      "type": "Feature",
      "id": 201239,
      "geometry": {
        "type": "Point",
        "coordinates": [
          -97.301243999712,
          33.051535000088
        ]
      },
      "properties": {
        "OBJECTID": 201239,
        "CROSSING": "916766P",
        "EFFDATE": 1576800000000,
        "REASON": "14",
        "StateCode": "48",
        "CountyCode": "48121",
        "STCYFIPS": "48121",
        "CITYCD": "481213560",
        "RAILROAD": "WMSX",
        "RRDIV": "#N\\A",
        "RRSUBDIV": "#N\\A",
        "HIGHWAY": "PRIVATE",
        "STREET": "NORTH PRIVATE DRIVE",
        "TTSTN": "663795",
        "MILEPOST": "0368.145",
        "TYPEXING": "Private",
        "POSXING": "At Grade",
        "PRVCAT": "14",
        "INIT": "1",
        "LATITUDE": 33.051535,
        "LONGITUD": -97.301244,
        "LLSOURCE": "1",
        "WHISTBAN": "0",
        "RRCONT": "8173047623",
        "POLCONT": "8173047623",
        "INV_LINK": "https://safetydata.fra.dot.gov/OfficeofSafety/PublicSite/Crossing/Crossing.aspx?phasetype=C&rpttype=I&txtcrossingnum=916766P",
        "ACC_LINK": "https://safetydata.fra.dot.gov/OfficeofSafety/PublicSite/Crossing/Crossing.aspx?phasetype=C&rpttype=A&txtcrossingnum=916766P",
        "TTSTNNAM": "",
        "XPURPOSE": "1",
        "OPERATINGR": "WMSX",
        "OPERATIN_1": "Primary",
        "DAYTHRU": 1,
        "NGHTTHRU": 1,
        "MAINTRK": 1,
        "SIDINGTRK": 0,
        "YARDTRK": 0,
        "TRANSITTRK": 0,
        "INDUSTRYTR": 1,
        "OTHRTRK": 0,
        "WDCODE": "",
        "REVISIONDA": "2019/12/12 00:00:00",
        "LASTUPDATE": "12/20/2019",
        "AADT": "",
        "AADTYEAR": "",
        "STATENAME": "TEXAS",
        "STATEAB": "TX",
        "COUNTYNAME": "DENTON",
        "CITYNAME": "JUSTIN",
        "LATDD": 33.051535,
        "LONGDD": -97.301244,
        "gridlyProductionCertified": true,
        "gridlyClassification": "PUBLIC_ROADWAY",
        "gridlyDisplayName": "NORTH PRIVATE DRIVE",
        "gridlyId": "FRA-916766P"
      }
    },
    {
      "type": "Feature",
      "id": 201246,
      "geometry": {
        "type": "Point",
        "coordinates": [
          -97.3059600004434,
          33.0349800000958
        ]
      },
      "properties": {
        "OBJECTID": 201246,
        "CROSSING": "966433A",
        "EFFDATE": 1576800000000,
        "REASON": "14",
        "StateCode": "48",
        "CountyCode": "48121",
        "STCYFIPS": "48121",
        "CITYCD": "484392450",
        "RAILROAD": "WMSX",
        "RRDIV": "#N\\A",
        "RRSUBDIV": "#N\\A",
        "HIGHWAY": "PLANT",
        "STREET": "PLANT",
        "TTSTN": "",
        "MILEPOST": "0366.763",
        "TYPEXING": "Private",
        "POSXING": "At Grade",
        "PRVCAT": "14",
        "INIT": "1",
        "LATITUDE": 33.03498,
        "LONGITUD": -97.30596,
        "LLSOURCE": "1",
        "WHISTBAN": "",
        "RRCONT": "8173047523",
        "POLCONT": "8173047623",
        "INV_LINK": "https://safetydata.fra.dot.gov/OfficeofSafety/PublicSite/Crossing/Crossing.aspx?phasetype=C&rpttype=I&txtcrossingnum=966433A",
        "ACC_LINK": "https://safetydata.fra.dot.gov/OfficeofSafety/PublicSite/Crossing/Crossing.aspx?phasetype=C&rpttype=A&txtcrossingnum=966433A",
        "TTSTNNAM": "",
        "XPURPOSE": "1",
        "OPERATINGR": "WMSX",
        "OPERATIN_1": "Primary",
        "DAYTHRU": 1,
        "NGHTTHRU": 1,
        "MAINTRK": 1,
        "SIDINGTRK": 0,
        "YARDTRK": 0,
        "TRANSITTRK": 0,
        "INDUSTRYTR": 1,
        "OTHRTRK": 0,
        "WDCODE": "",
        "REVISIONDA": "2019/12/12 00:00:00",
        "LASTUPDATE": "12/20/2019",
        "AADT": "",
        "AADTYEAR": "",
        "STATENAME": "TEXAS",
        "STATEAB": "TX",
        "COUNTYNAME": "DENTON",
        "CITYNAME": "FORT WORTH",
        "LATDD": 33.03498,
        "LONGDD": -97.30596,
        "gridlyProductionCertified": true,
        "gridlyClassification": "PUBLIC_ROADWAY",
        "gridlyDisplayName": "PLANT",
        "gridlyId": "FRA-966433A"
      }
    },
    {
      "type": "Feature",
      "id": 201248,
      "geometry": {
        "type": "Point",
        "coordinates": [
          -97.3021700001748,
          33.0491490002835
        ]
      },
      "properties": {
        "OBJECTID": 201248,
        "CROSSING": "020552U",
        "EFFDATE": 1576800000000,
        "REASON": "14",
        "StateCode": "48",
        "CountyCode": "48121",
        "STCYFIPS": "48121",
        "CITYCD": "481213560",
        "RAILROAD": "WMSX",
        "RRDIV": "#N\\A",
        "RRSUBDIV": "#N\\A",
        "HIGHWAY": "PRIVATE",
        "STREET": "SOUTH PRIVATE DRIVE",
        "TTSTN": "663795",
        "MILEPOST": "0367.967",
        "TYPEXING": "Private",
        "POSXING": "At Grade",
        "PRVCAT": "14",
        "INIT": "1",
        "LATITUDE": 33.049149,
        "LONGITUD": -97.30217,
        "LLSOURCE": "1",
        "WHISTBAN": "0",
        "RRCONT": "8173047263",
        "POLCONT": "8173047263",
        "INV_LINK": "https://safetydata.fra.dot.gov/OfficeofSafety/PublicSite/Crossing/Crossing.aspx?phasetype=C&rpttype=I&txtcrossingnum=020552U",
        "ACC_LINK": "https://safetydata.fra.dot.gov/OfficeofSafety/PublicSite/Crossing/Crossing.aspx?phasetype=C&rpttype=A&txtcrossingnum=020552U",
        "TTSTNNAM": "",
        "XPURPOSE": "1",
        "OPERATINGR": "WMSX",
        "OPERATIN_1": "Primary",
        "DAYTHRU": 1,
        "NGHTTHRU": 1,
        "MAINTRK": 1,
        "SIDINGTRK": 0,
        "YARDTRK": 0,
        "TRANSITTRK": 0,
        "INDUSTRYTR": 1,
        "OTHRTRK": 0,
        "WDCODE": "",
        "REVISIONDA": "2019/12/12 00:00:00",
        "LASTUPDATE": "12/20/2019",
        "AADT": "",
        "AADTYEAR": "",
        "STATENAME": "TEXAS",
        "STATEAB": "TX",
        "COUNTYNAME": "DENTON",
        "CITYNAME": "JUSTIN",
        "LATDD": 33.049149,
        "LONGDD": -97.30217,
        "gridlyProductionCertified": true,
        "gridlyClassification": "PUBLIC_ROADWAY",
        "gridlyDisplayName": "SOUTH PRIVATE DRIVE",
        "gridlyId": "FRA-020552U"
      }
    },
    {
      "type": "Feature",
      "id": 201278,
      "geometry": {
        "type": "Point",
        "coordinates": [
          -97.177290000267,
          33.3162689000169
        ]
      },
      "properties": {
        "OBJECTID": 201278,
        "CROSSING": "020577P",
        "EFFDATE": 1586822400000,
        "REASON": "14",
        "StateCode": "48",
        "CountyCode": "48121",
        "STCYFIPS": "48121",
        "CITYCD": "481216150",
        "RAILROAD": "BNSF",
        "RRDIV": "RED RIVER",
        "RRSUBDIV": "FT WORTH",
        "HIGHWAY": "I H 35",
        "STREET": "IH 0035",
        "TTSTN": "663751",
        "MILEPOST": "0388.750",
        "TYPEXING": "Public",
        "POSXING": "RR Under",
        "PRVCAT": "14",
        "INIT": "1",
        "LATITUDE": 33.3162689,
        "LONGITUD": -97.17729,
        "LLSOURCE": "1",
        "WHISTBAN": "0",
        "RRCONT": "8173521549",
        "POLCONT": "8008325452",
        "INV_LINK": "https://safetydata.fra.dot.gov/OfficeofSafety/PublicSite/Crossing/Crossing.aspx?phasetype=C&rpttype=I&txtcrossingnum=020577P",
        "ACC_LINK": "https://safetydata.fra.dot.gov/OfficeofSafety/PublicSite/Crossing/Crossing.aspx?phasetype=C&rpttype=A&txtcrossingnum=020577P",
        "TTSTNNAM": "METRO",
        "XPURPOSE": "1",
        "OPERATINGR": "BNSF",
        "OPERATIN_1": "Primary",
        "DAYTHRU": 13,
        "NGHTTHRU": 13,
        "MAINTRK": 1,
        "SIDINGTRK": 0,
        "YARDTRK": 0,
        "TRANSITTRK": 0,
        "INDUSTRYTR": 0,
        "OTHRTRK": 0,
        "WDCODE": "",
        "REVISIONDA": "1996/01/01 00:00:00",
        "LASTUPDATE": "4/14/2020",
        "AADT": "048380",
        "AADTYEAR": "2009",
        "STATENAME": "TEXAS",
        "STATEAB": "TX",
        "COUNTYNAME": "DENTON",
        "CITYNAME": "SANGER",
        "LATDD": 33.3162689,
        "LONGDD": -97.17729,
        "gridlyProductionCertified": true,
        "gridlyClassification": "PUBLIC_ROADWAY",
        "gridlyDisplayName": "IH 0035",
        "gridlyId": "FRA-020577P"
      }
    },
    {
      "type": "Feature",
      "id": 201279,
      "geometry": {
        "type": "Point",
        "coordinates": [
          -97.3145109998525,
          33.0152350002229
        ]
      },
      "properties": {
        "OBJECTID": 201279,
        "CROSSING": "020640E",
        "EFFDATE": 1586822400000,
        "REASON": "14",
        "StateCode": "48",
        "CountyCode": "48121",
        "STCYFIPS": "48121",
        "CITYCD": "481213560",
        "RAILROAD": "BNSF",
        "RRDIV": "RED RIVER",
        "RRSUBDIV": "FT WORTH",
        "HIGHWAY": "SH 114",
        "STREET": "SH 0114",
        "TTSTN": "663795",
        "MILEPOST": "0365.509",
        "TYPEXING": "Private",
        "POSXING": "RR Over",
        "PRVCAT": "14",
        "INIT": "1",
        "LATITUDE": 33.015235,
        "LONGITUD": -97.314511,
        "LLSOURCE": "1",
        "WHISTBAN": "0",
        "RRCONT": "8173521549",
        "POLCONT": "8008325452",
        "INV_LINK": "https://safetydata.fra.dot.gov/OfficeofSafety/PublicSite/Crossing/Crossing.aspx?phasetype=C&rpttype=I&txtcrossingnum=020640E",
        "ACC_LINK": "https://safetydata.fra.dot.gov/OfficeofSafety/PublicSite/Crossing/Crossing.aspx?phasetype=C&rpttype=A&txtcrossingnum=020640E",
        "TTSTNNAM": "JUSTIN",
        "XPURPOSE": "1",
        "OPERATINGR": "BNSF",
        "OPERATIN_1": "Primary",
        "DAYTHRU": 6,
        "NGHTTHRU": 6,
        "MAINTRK": 1,
        "SIDINGTRK": 0,
        "YARDTRK": 0,
        "TRANSITTRK": 0,
        "INDUSTRYTR": 0,
        "OTHRTRK": 0,
        "WDCODE": "",
        "REVISIONDA": "1996/01/01 00:00:00",
        "LASTUPDATE": "4/14/2020",
        "AADT": "016570",
        "AADTYEAR": "2013",
        "STATENAME": "TEXAS",
        "STATEAB": "TX",
        "COUNTYNAME": "DENTON",
        "CITYNAME": "JUSTIN",
        "LATDD": 33.015235,
        "LONGDD": -97.314511,
        "gridlyProductionCertified": true,
        "gridlyClassification": "PUBLIC_ROADWAY",
        "gridlyDisplayName": "SH 0114",
        "gridlyId": "FRA-020640E"
      }
    },
    {
      "type": "Feature",
      "id": 201281,
      "geometry": {
        "type": "Point",
        "coordinates": [
          -97.248981999962,
          33.2347978002858
        ]
      },
      "properties": {
        "OBJECTID": 201281,
        "CROSSING": "020570S",
        "EFFDATE": 1586822400000,
        "REASON": "14",
        "StateCode": "48",
        "CountyCode": "48121",
        "STCYFIPS": "48121",
        "CITYCD": "481213755",
        "RAILROAD": "BNSF",
        "RRDIV": "RED RIVER",
        "RRSUBDIV": "FT WORTH",
        "HIGHWAY": "US 380",
        "STREET": "US 0380",
        "TTSTN": "663747",
        "MILEPOST": "0381.550",
        "TYPEXING": "Public",
        "POSXING": "RR Under",
        "PRVCAT": "14",
        "INIT": "1",
        "LATITUDE": 33.2347978,
        "LONGITUD": -97.248982,
        "LLSOURCE": "1",
        "WHISTBAN": "0",
        "RRCONT": "8173521549",
        "POLCONT": "8008325452",
        "INV_LINK": "https://safetydata.fra.dot.gov/OfficeofSafety/PublicSite/Crossing/Crossing.aspx?phasetype=C&rpttype=I&txtcrossingnum=020570S",
        "ACC_LINK": "https://safetydata.fra.dot.gov/OfficeofSafety/PublicSite/Crossing/Crossing.aspx?phasetype=C&rpttype=A&txtcrossingnum=020570S",
        "TTSTNNAM": "KRUM",
        "XPURPOSE": "1",
        "OPERATINGR": "BNSF",
        "OPERATIN_1": "Primary",
        "DAYTHRU": 13,
        "NGHTTHRU": 13,
        "MAINTRK": 1,
        "SIDINGTRK": 0,
        "YARDTRK": 0,
        "TRANSITTRK": 0,
        "INDUSTRYTR": 0,
        "OTHRTRK": 0,
        "WDCODE": "",
        "REVISIONDA": "1996/01/01 00:00:00",
        "LASTUPDATE": "4/14/2020",
        "AADT": "014500",
        "AADTYEAR": "2011",
        "STATENAME": "TEXAS",
        "STATEAB": "TX",
        "COUNTYNAME": "DENTON",
        "CITYNAME": "KRUM",
        "LATDD": 33.2347978,
        "LONGDD": -97.248982,
        "gridlyProductionCertified": true,
        "gridlyClassification": "PUBLIC_ROADWAY",
        "gridlyDisplayName": "US 0380",
        "gridlyId": "FRA-020570S"
      }
    },
    {
      "type": "Feature",
      "id": 201282,
      "geometry": {
        "type": "Point",
        "coordinates": [
          -97.3145150000505,
          33.0152429998488
        ]
      },
      "properties": {
        "OBJECTID": 201282,
        "CROSSING": "020639K",
        "EFFDATE": 1586822400000,
        "REASON": "14",
        "StateCode": "48",
        "CountyCode": "48121",
        "STCYFIPS": "48121",
        "CITYCD": "484393052",
        "RAILROAD": "BNSF",
        "RRDIV": "RED RIVER",
        "RRSUBDIV": "FT WORTH",
        "HIGHWAY": "Not Yet Reported by State",
        "STREET": "PRIVATE",
        "TTSTN": "668100",
        "MILEPOST": "0365.534",
        "TYPEXING": "Private",
        "POSXING": "RR Over",
        "PRVCAT": "14",
        "INIT": "1",
        "LATITUDE": 33.015243,
        "LONGITUD": -97.314515,
        "LLSOURCE": "1",
        "WHISTBAN": "0",
        "RRCONT": "8173521549",
        "POLCONT": "8008325452",
        "INV_LINK": "https://safetydata.fra.dot.gov/OfficeofSafety/PublicSite/Crossing/Crossing.aspx?phasetype=C&rpttype=I&txtcrossingnum=020639K",
        "ACC_LINK": "https://safetydata.fra.dot.gov/OfficeofSafety/PublicSite/Crossing/Crossing.aspx?phasetype=C&rpttype=A&txtcrossingnum=020639K",
        "TTSTNNAM": "ALLIANCE YARD",
        "XPURPOSE": "1",
        "OPERATINGR": "BNSF",
        "OPERATIN_1": "Primary",
        "DAYTHRU": 6,
        "NGHTTHRU": 6,
        "MAINTRK": 1,
        "SIDINGTRK": 0,
        "YARDTRK": 0,
        "TRANSITTRK": 0,
        "INDUSTRYTR": 0,
        "OTHRTRK": 0,
        "WDCODE": "",
        "REVISIONDA": "1996/01/01 00:00:00",
        "LASTUPDATE": "4/14/2020",
        "AADT": "",
        "AADTYEAR": "",
        "STATENAME": "TEXAS",
        "STATEAB": "TX",
        "COUNTYNAME": "DENTON",
        "CITYNAME": "HASLET",
        "LATDD": 33.015243,
        "LONGDD": -97.314515,
        "gridlyProductionCertified": true,
        "gridlyClassification": "PUBLIC_ROADWAY",
        "gridlyDisplayName": "PRIVATE",
        "gridlyId": "FRA-020639K"
      }
    },
    {
      "type": "Feature",
      "id": 201393,
      "geometry": {
        "type": "Point",
        "coordinates": [
          -97.350101999881,
          33.0279659997604
        ]
      },
      "properties": {
        "OBJECTID": 201393,
        "CROSSING": "967553U",
        "EFFDATE": 1631750400000,
        "REASON": "14",
        "StateCode": "48",
        "CountyCode": "48121",
        "STCYFIPS": "48121",
        "CITYCD": "481213560",
        "RAILROAD": "BNSF",
        "RRDIV": "RED RIVER",
        "RRSUBDIV": "FT WORTH",
        "HIGHWAY": "PRIVATE",
        "STREET": "CRESTWOOD-ALLIANCE-DEVON",
        "TTSTN": "",
        "MILEPOST": "0365.165",
        "TYPEXING": "Private",
        "POSXING": "RR Over",
        "PRVCAT": "14",
        "INIT": "1",
        "LATITUDE": 33.027966,
        "LONGITUD": -97.350102,
        "LLSOURCE": "1",
        "WHISTBAN": "",
        "RRCONT": "8173521549",
        "POLCONT": "8008325452",
        "INV_LINK": "https://safetydata.fra.dot.gov/OfficeofSafety/PublicSite/Crossing/Crossing.aspx?phasetype=C&rpttype=I&txtcrossingnum=967553U",
        "ACC_LINK": "https://safetydata.fra.dot.gov/OfficeofSafety/PublicSite/Crossing/Crossing.aspx?phasetype=C&rpttype=A&txtcrossingnum=967553U",
        "TTSTNNAM": "",
        "XPURPOSE": "1",
        "OPERATINGR": "BNSF",
        "OPERATIN_1": "Primary",
        "DAYTHRU": 6,
        "NGHTTHRU": 6,
        "MAINTRK": 2,
        "SIDINGTRK": 0,
        "YARDTRK": 0,
        "TRANSITTRK": 0,
        "INDUSTRYTR": 1,
        "OTHRTRK": 0,
        "WDCODE": "",
        "REVISIONDA": "1996/01/01 00:00:00",
        "LASTUPDATE": "9/16/2021",
        "AADT": "",
        "AADTYEAR": "",
        "STATENAME": "TEXAS",
        "STATEAB": "TX",
        "COUNTYNAME": "DENTON",
        "CITYNAME": "JUSTIN",
        "LATDD": 33.027966,
        "LONGDD": -97.350102,
        "gridlyProductionCertified": true,
        "gridlyClassification": "PUBLIC_ROADWAY",
        "gridlyDisplayName": "CRESTWOOD-ALLIANCE-DEVON",
        "gridlyId": "FRA-967553U"
      }
    },
    {
      "type": "Feature",
      "id": 201552,
      "geometry": {
        "type": "Point",
        "coordinates": [
          -97.2364626002588,
          33.2609847001591
        ]
      },
      "properties": {
        "OBJECTID": 201552,
        "CROSSING": "020572F",
        "EFFDATE": 1777334400000,
        "REASON": "14",
        "StateCode": "48",
        "CountyCode": "48121",
        "STCYFIPS": "48121",
        "CITYCD": "481213755",
        "RAILROAD": "BNSF",
        "RRDIV": "RED RIVER",
        "RRSUBDIV": "FT WORTH",
        "HIGHWAY": "FM 1173",
        "STREET": "FM1173 / EAST MCCART STREET",
        "TTSTN": "663747",
        "MILEPOST": "0383.510",
        "TYPEXING": "Public",
        "POSXING": "At Grade",
        "PRVCAT": "14",
        "INIT": "2",
        "LATITUDE": 33.2609847,
        "LONGITUD": -97.2364626,
        "LLSOURCE": "1",
        "WHISTBAN": "0",
        "RRCONT": "8173521549",
        "POLCONT": "8008325452",
        "INV_LINK": "https://safetydata.fra.dot.gov/OfficeofSafety/PublicSite/Crossing/Crossing.aspx?phasetype=C&rpttype=I&txtcrossingnum=020572F",
        "ACC_LINK": "https://safetydata.fra.dot.gov/OfficeofSafety/PublicSite/Crossing/Crossing.aspx?phasetype=C&rpttype=A&txtcrossingnum=020572F",
        "TTSTNNAM": "KRUM",
        "XPURPOSE": "1",
        "OPERATINGR": "BNSF",
        "OPERATIN_1": "Primary",
        "DAYTHRU": 11,
        "NGHTTHRU": 10,
        "MAINTRK": 1,
        "SIDINGTRK": 0,
        "YARDTRK": 1,
        "TRANSITTRK": 0,
        "INDUSTRYTR": 0,
        "OTHRTRK": 1,
        "WDCODE": "All other Gates",
        "REVISIONDA": "1996/01/01 00:00:00",
        "LASTUPDATE": "4/28/2026",
        "AADT": "8857",
        "AADTYEAR": "2023",
        "STATENAME": "TEXAS",
        "STATEAB": "TX",
        "COUNTYNAME": "DENTON",
        "CITYNAME": "KRUM",
        "LATDD": 33.2609847,
        "LONGDD": -97.2364626,
        "gridlyProductionCertified": true,
        "gridlyClassification": "PUBLIC_ROADWAY",
        "gridlyDisplayName": "FM1173 / EAST MCCART STREET",
        "gridlyId": "FRA-020572F"
      }
    },
    {
      "type": "Feature",
      "id": 201553,
      "geometry": {
        "type": "Point",
        "coordinates": [
          -97.2209098000469,
          33.2858446001778
        ]
      },
      "properties": {
        "OBJECTID": 201553,
        "CROSSING": "020574U",
        "EFFDATE": 1777334400000,
        "REASON": "14",
        "StateCode": "48",
        "CountyCode": "48121",
        "STCYFIPS": "48121",
        "CITYCD": "481213755",
        "RAILROAD": "BNSF",
        "RRDIV": "RED RIVER",
        "RRSUBDIV": "FT WORTH",
        "HIGHWAY": "CR0000",
        "STREET": "HOPKINS ROAD",
        "TTSTN": "663747",
        "MILEPOST": "0385.463",
        "TYPEXING": "Public",
        "POSXING": "At Grade",
        "PRVCAT": "14",
        "INIT": "2",
        "LATITUDE": 33.2858446,
        "LONGITUD": -97.2209098,
        "LLSOURCE": "1",
        "WHISTBAN": "0",
        "RRCONT": "8173521549",
        "POLCONT": "8008325452",
        "INV_LINK": "https://safetydata.fra.dot.gov/OfficeofSafety/PublicSite/Crossing/Crossing.aspx?phasetype=C&rpttype=I&txtcrossingnum=020574U",
        "ACC_LINK": "https://safetydata.fra.dot.gov/OfficeofSafety/PublicSite/Crossing/Crossing.aspx?phasetype=C&rpttype=A&txtcrossingnum=020574U",
        "TTSTNNAM": "KRUM",
        "XPURPOSE": "1",
        "OPERATINGR": "BNSF",
        "OPERATIN_1": "Primary",
        "DAYTHRU": 11,
        "NGHTTHRU": 10,
        "MAINTRK": 1,
        "SIDINGTRK": 0,
        "YARDTRK": 0,
        "TRANSITTRK": 0,
        "INDUSTRYTR": 0,
        "OTHRTRK": 0,
        "WDCODE": "All other Gates",
        "REVISIONDA": "1996/01/01 00:00:00",
        "LASTUPDATE": "4/28/2026",
        "AADT": "1620",
        "AADTYEAR": "2024",
        "STATENAME": "TEXAS",
        "STATEAB": "TX",
        "COUNTYNAME": "DENTON",
        "CITYNAME": "KRUM",
        "LATDD": 33.2858446,
        "LONGDD": -97.2209098,
        "gridlyProductionCertified": true,
        "gridlyClassification": "PUBLIC_ROADWAY",
        "gridlyDisplayName": "HOPKINS ROAD",
        "gridlyId": "FRA-020574U"
      }
    },
    {
      "type": "Feature",
      "id": 201586,
      "geometry": {
        "type": "Point",
        "coordinates": [
          -97.2427493995876,
          33.2441100999297
        ]
      },
      "properties": {
        "OBJECTID": 201586,
        "CROSSING": "020571Y",
        "EFFDATE": 1777334400000,
        "REASON": "14",
        "StateCode": "48",
        "CountyCode": "48121",
        "STCYFIPS": "48121",
        "CITYCD": "481213755",
        "RAILROAD": "BNSF",
        "RRDIV": "RED RIVER",
        "RRSUBDIV": "FT WORTH",
        "HIGHWAY": "CR0000",
        "STREET": "JACKSON ROAD",
        "TTSTN": "663747",
        "MILEPOST": "0382.290",
        "TYPEXING": "Public",
        "POSXING": "At Grade",
        "PRVCAT": "14",
        "INIT": "2",
        "LATITUDE": 33.2441101,
        "LONGITUD": -97.2427494,
        "LLSOURCE": "1",
        "WHISTBAN": "0",
        "RRCONT": "8173521549",
        "POLCONT": "8008325452",
        "INV_LINK": "https://safetydata.fra.dot.gov/OfficeofSafety/PublicSite/Crossing/Crossing.aspx?phasetype=C&rpttype=I&txtcrossingnum=020571Y",
        "ACC_LINK": "https://safetydata.fra.dot.gov/OfficeofSafety/PublicSite/Crossing/Crossing.aspx?phasetype=C&rpttype=A&txtcrossingnum=020571Y",
        "TTSTNNAM": "KRUM",
        "XPURPOSE": "1",
        "OPERATINGR": "BNSF",
        "OPERATIN_1": "Primary",
        "DAYTHRU": 11,
        "NGHTTHRU": 10,
        "MAINTRK": 1,
        "SIDINGTRK": 0,
        "YARDTRK": 0,
        "TRANSITTRK": 0,
        "INDUSTRYTR": 0,
        "OTHRTRK": 0,
        "WDCODE": "All other Gates",
        "REVISIONDA": "1996/01/01 00:00:00",
        "LASTUPDATE": "4/28/2026",
        "AADT": "505",
        "AADTYEAR": "2024",
        "STATENAME": "TEXAS",
        "STATEAB": "TX",
        "COUNTYNAME": "DENTON",
        "CITYNAME": "KRUM",
        "LATDD": 33.2441101,
        "LONGDD": -97.2427494,
        "gridlyProductionCertified": true,
        "gridlyClassification": "PUBLIC_ROADWAY",
        "gridlyDisplayName": "JACKSON ROAD",
        "gridlyId": "FRA-020571Y"
      }
    },
    {
      "type": "Feature",
      "id": 201587,
      "geometry": {
        "type": "Point",
        "coordinates": [
          -97.2047165998521,
          33.298791200033
        ]
      },
      "properties": {
        "OBJECTID": 201587,
        "CROSSING": "020575B",
        "EFFDATE": 1777334400000,
        "REASON": "14",
        "StateCode": "48",
        "CountyCode": "48121",
        "STCYFIPS": "48121",
        "CITYCD": "481213755",
        "RAILROAD": "BNSF",
        "RRDIV": "RED RIVER",
        "RRSUBDIV": "FT WORTH",
        "HIGHWAY": "CR0000",
        "STREET": "RECTOR ROAD",
        "TTSTN": "663751",
        "MILEPOST": "0386.762",
        "TYPEXING": "Public",
        "POSXING": "At Grade",
        "PRVCAT": "14",
        "INIT": "2",
        "LATITUDE": 33.2987912,
        "LONGITUD": -97.2047166,
        "LLSOURCE": "1",
        "WHISTBAN": "0",
        "RRCONT": "8173521549",
        "POLCONT": "8008325452",
        "INV_LINK": "https://safetydata.fra.dot.gov/OfficeofSafety/PublicSite/Crossing/Crossing.aspx?phasetype=C&rpttype=I&txtcrossingnum=020575B",
        "ACC_LINK": "https://safetydata.fra.dot.gov/OfficeofSafety/PublicSite/Crossing/Crossing.aspx?phasetype=C&rpttype=A&txtcrossingnum=020575B",
        "TTSTNNAM": "METRO",
        "XPURPOSE": "1",
        "OPERATINGR": "BNSF",
        "OPERATIN_1": "Primary",
        "DAYTHRU": 10,
        "NGHTTHRU": 10,
        "MAINTRK": 1,
        "SIDINGTRK": 0,
        "YARDTRK": 1,
        "TRANSITTRK": 0,
        "INDUSTRYTR": 0,
        "OTHRTRK": 1,
        "WDCODE": "All other Gates",
        "REVISIONDA": "1996/01/01 00:00:00",
        "LASTUPDATE": "4/28/2026",
        "AADT": "865",
        "AADTYEAR": "2024",
        "STATENAME": "TEXAS",
        "STATEAB": "TX",
        "COUNTYNAME": "DENTON",
        "CITYNAME": "KRUM",
        "LATDD": 33.2987912,
        "LONGDD": -97.2047166,
        "gridlyProductionCertified": true,
        "gridlyClassification": "PUBLIC_ROADWAY",
        "gridlyDisplayName": "RECTOR ROAD",
        "gridlyId": "FRA-020575B"
      }
    },
    {
      "type": "Feature",
      "id": 201983,
      "geometry": {
        "type": "Point",
        "coordinates": [
          -97.1073719998833,
          33.1151861002181
        ]
      },
      "properties": {
        "OBJECTID": 201983,
        "CROSSING": "021691T",
        "EFFDATE": 1777420800000,
        "REASON": "14",
        "StateCode": "48",
        "CountyCode": "48121",
        "STCYFIPS": "48121",
        "CITYCD": "481211542",
        "RAILROAD": "KCS",
        "RRDIV": "Speedway",
        "RRSUBDIV": "Alliance",
        "HIGHWAY": "LS0000",
        "STREET": "COPPER CANYON ROAD",
        "TTSTN": "663773",
        "MILEPOST": "0096.920",
        "TYPEXING": "Public",
        "POSXING": "At Grade",
        "PRVCAT": "14",
        "INIT": "1",
        "LATITUDE": 33.1151861,
        "LONGITUD": -97.107372,
        "LLSOURCE": "1",
        "WHISTBAN": "0",
        "RRCONT": "3186766269",
        "POLCONT": "8775279464",
        "INV_LINK": "https://safetydata.fra.dot.gov/OfficeofSafety/PublicSite/Crossing/Crossing.aspx?phasetype=C&rpttype=I&txtcrossingnum=021691T",
        "ACC_LINK": "https://safetydata.fra.dot.gov/OfficeofSafety/PublicSite/Crossing/Crossing.aspx?phasetype=C&rpttype=A&txtcrossingnum=021691T",
        "TTSTNNAM": "663773",
        "XPURPOSE": "1",
        "OPERATINGR": "CPKC",
        "OPERATIN_1": "Primary",
        "DAYTHRU": 1,
        "NGHTTHRU": 1,
        "MAINTRK": 1,
        "SIDINGTRK": 0,
        "YARDTRK": 0,
        "TRANSITTRK": 0,
        "INDUSTRYTR": 0,
        "OTHRTRK": 0,
        "WDCODE": "All other Gates",
        "REVISIONDA": "1975/01/01 00:00:00",
        "LASTUPDATE": "4/29/2026",
        "AADT": "006000",
        "AADTYEAR": "2025",
        "STATENAME": "TEXAS",
        "STATEAB": "TX",
        "COUNTYNAME": "DENTON",
        "CITYNAME": "COPPER CANYON",
        "LATDD": 33.1151861,
        "LONGDD": -97.107372,
        "gridlyProductionCertified": true,
        "gridlyClassification": "PUBLIC_ROADWAY",
        "gridlyDisplayName": "COPPER CANYON ROAD",
        "gridlyId": "FRA-021691T"
      }
    },
    {
      "type": "Feature",
      "id": 202058,
      "geometry": {
        "type": "Point",
        "coordinates": [
          -97.2893133998634,
          33.1360835002727
        ]
      },
      "properties": {
        "OBJECTID": 202058,
        "CROSSING": "020560L",
        "EFFDATE": 1777334400000,
        "REASON": "14",
        "StateCode": "48",
        "CountyCode": "48121",
        "STCYFIPS": "48121",
        "CITYCD": "481214960",
        "RAILROAD": "BNSF",
        "RRDIV": "RED RIVER",
        "RRSUBDIV": "FT WORTH",
        "HIGHWAY": "CR0000",
        "STREET": "EAKIN CEMETERY ROAD",
        "TTSTN": "663783",
        "MILEPOST": "0374.040",
        "TYPEXING": "Public",
        "POSXING": "At Grade",
        "PRVCAT": "14",
        "INIT": "2",
        "LATITUDE": 33.1360835,
        "LONGITUD": -97.2893134,
        "LLSOURCE": "1",
        "WHISTBAN": "0",
        "RRCONT": "8173521549",
        "POLCONT": "8008325452",
        "INV_LINK": "https://safetydata.fra.dot.gov/OfficeofSafety/PublicSite/Crossing/Crossing.aspx?phasetype=C&rpttype=I&txtcrossingnum=020560L",
        "ACC_LINK": "https://safetydata.fra.dot.gov/OfficeofSafety/PublicSite/Crossing/Crossing.aspx?phasetype=C&rpttype=A&txtcrossingnum=020560L",
        "TTSTNNAM": "PONDER",
        "XPURPOSE": "1",
        "OPERATINGR": "BNSF",
        "OPERATIN_1": "Primary",
        "DAYTHRU": 11,
        "NGHTTHRU": 10,
        "MAINTRK": 1,
        "SIDINGTRK": 0,
        "YARDTRK": 0,
        "TRANSITTRK": 0,
        "INDUSTRYTR": 0,
        "OTHRTRK": 0,
        "WDCODE": "All other Gates",
        "REVISIONDA": "1996/01/01 00:00:00",
        "LASTUPDATE": "4/28/2026",
        "AADT": "383",
        "AADTYEAR": "2024",
        "STATENAME": "TEXAS",
        "STATEAB": "TX",
        "COUNTYNAME": "DENTON",
        "CITYNAME": "NORTH LAKE",
        "LATDD": 33.1360835,
        "LONGDD": -97.2893134,
        "gridlyProductionCertified": true,
        "gridlyClassification": "PUBLIC_ROADWAY",
        "gridlyDisplayName": "EAKIN CEMETERY ROAD",
        "gridlyId": "FRA-020560L"
      }
    },
    {
      "type": "Feature",
      "id": 202059,
      "geometry": {
        "type": "Point",
        "coordinates": [
          -97.2893975001403,
          33.1276186003237
        ]
      },
      "properties": {
        "OBJECTID": 202059,
        "CROSSING": "020559S",
        "EFFDATE": 1777334400000,
        "REASON": "14",
        "StateCode": "48",
        "CountyCode": "48121",
        "STCYFIPS": "48121",
        "CITYCD": "481214960",
        "RAILROAD": "BNSF",
        "RRDIV": "RED RIVER",
        "RRSUBDIV": "FT WORTH",
        "HIGHWAY": "CR0000",
        "STREET": "STRADER ROAD",
        "TTSTN": "663795",
        "MILEPOST": "0373.455",
        "TYPEXING": "Public",
        "POSXING": "At Grade",
        "PRVCAT": "14",
        "INIT": "2",
        "LATITUDE": 33.1276186,
        "LONGITUD": -97.2893975,
        "LLSOURCE": "1",
        "WHISTBAN": "0",
        "RRCONT": "8173521549",
        "POLCONT": "8008325452",
        "INV_LINK": "https://safetydata.fra.dot.gov/OfficeofSafety/PublicSite/Crossing/Crossing.aspx?phasetype=C&rpttype=I&txtcrossingnum=020559S",
        "ACC_LINK": "https://safetydata.fra.dot.gov/OfficeofSafety/PublicSite/Crossing/Crossing.aspx?phasetype=C&rpttype=A&txtcrossingnum=020559S",
        "TTSTNNAM": "JUSTIN",
        "XPURPOSE": "1",
        "OPERATINGR": "BNSF",
        "OPERATIN_1": "Primary",
        "DAYTHRU": 11,
        "NGHTTHRU": 10,
        "MAINTRK": 1,
        "SIDINGTRK": 0,
        "YARDTRK": 0,
        "TRANSITTRK": 0,
        "INDUSTRYTR": 0,
        "OTHRTRK": 0,
        "WDCODE": "All other Gates",
        "REVISIONDA": "1996/01/01 00:00:00",
        "LASTUPDATE": "4/28/2026",
        "AADT": "1572",
        "AADTYEAR": "2024",
        "STATENAME": "TEXAS",
        "STATEAB": "TX",
        "COUNTYNAME": "DENTON",
        "CITYNAME": "NORTH LAKE",
        "LATDD": 33.1276186,
        "LONGDD": -97.2893975,
        "gridlyProductionCertified": true,
        "gridlyClassification": "PUBLIC_ROADWAY",
        "gridlyDisplayName": "STRADER ROAD",
        "gridlyId": "FRA-020559S"
      }
    },
    {
      "type": "Feature",
      "id": 202090,
      "geometry": {
        "type": "Point",
        "coordinates": [
          -96.9927310999918,
          33.0544613000184
        ]
      },
      "properties": {
        "OBJECTID": 202090,
        "CROSSING": "414713D",
        "EFFDATE": 1773100800000,
        "REASON": "22",
        "StateCode": "48",
        "CountyCode": "48121",
        "STCYFIPS": "48121",
        "CITYCD": "481213960",
        "RAILROAD": "DCTA",
        "RRDIV": "CENTRAL",
        "RRSUBDIV": "DENTON",
        "HIGHWAY": "ls0000",
        "STREET": "KEALY Avenue",
        "TTSTN": "663778",
        "MILEPOST": "0736.10",
        "TYPEXING": "Public",
        "POSXING": "At Grade",
        "PRVCAT": "22",
        "INIT": "1",
        "LATITUDE": 33.0544613,
        "LONGITUD": -96.9927311,
        "LLSOURCE": "1",
        "WHISTBAN": "1",
        "RRCONT": "9728290901",
        "POLCONT": "9728290901",
        "INV_LINK": "https://safetydata.fra.dot.gov/OfficeofSafety/PublicSite/Crossing/Crossing.aspx?phasetype=C&rpttype=I&txtcrossingnum=414713D",
        "ACC_LINK": "https://safetydata.fra.dot.gov/OfficeofSafety/PublicSite/Crossing/Crossing.aspx?phasetype=C&rpttype=A&txtcrossingnum=414713D",
        "TTSTNNAM": "LEWISVILLE",
        "XPURPOSE": "1",
        "OPERATINGR": "DCTA",
        "OPERATIN_1": "Primary",
        "DAYTHRU": 50,
        "NGHTTHRU": 17,
        "MAINTRK": 1,
        "SIDINGTRK": 0,
        "YARDTRK": 0,
        "TRANSITTRK": 0,
        "INDUSTRYTR": 0,
        "OTHRTRK": 0,
        "WDCODE": "All other Gates",
        "REVISIONDA": "2009/01/01 00:00:00",
        "LASTUPDATE": "3/10/2026",
        "AADT": "001664",
        "AADTYEAR": "2025",
        "STATENAME": "TEXAS",
        "STATEAB": "TX",
        "COUNTYNAME": "DENTON",
        "CITYNAME": "LEWISVILLE",
        "LATDD": 33.0544613,
        "LONGDD": -96.9927311,
        "gridlyProductionCertified": true,
        "gridlyClassification": "PUBLIC_ROADWAY",
        "gridlyDisplayName": "KEALY Avenue",
        "gridlyId": "FRA-414713D"
      }
    },
    {
      "type": "Feature",
      "id": 202365,
      "geometry": {
        "type": "Point",
        "coordinates": [
          -97.2835579998392,
          33.193167399768
        ]
      },
      "properties": {
        "OBJECTID": 202365,
        "CROSSING": "020566C",
        "EFFDATE": 1777334400000,
        "REASON": "14",
        "StateCode": "48",
        "CountyCode": "48121",
        "STCYFIPS": "48121",
        "CITYCD": "481215416",
        "RAILROAD": "BNSF",
        "RRDIV": "RED RIVER",
        "RRSUBDIV": "FT WORTH",
        "HIGHWAY": "LS0000",
        "STREET": "TN SKILES ROAD / JANUARY LANE",
        "TTSTN": "663783",
        "MILEPOST": "0378.020",
        "TYPEXING": "Public",
        "POSXING": "At Grade",
        "PRVCAT": "14",
        "INIT": "2",
        "LATITUDE": 33.1931674,
        "LONGITUD": -97.283558,
        "LLSOURCE": "1",
        "WHISTBAN": "0",
        "RRCONT": "8173521549",
        "POLCONT": "8008325452",
        "INV_LINK": "https://safetydata.fra.dot.gov/OfficeofSafety/PublicSite/Crossing/Crossing.aspx?phasetype=C&rpttype=I&txtcrossingnum=020566C",
        "ACC_LINK": "https://safetydata.fra.dot.gov/OfficeofSafety/PublicSite/Crossing/Crossing.aspx?phasetype=C&rpttype=A&txtcrossingnum=020566C",
        "TTSTNNAM": "PONDER",
        "XPURPOSE": "1",
        "OPERATINGR": "BNSF",
        "OPERATIN_1": "Primary",
        "DAYTHRU": 10,
        "NGHTTHRU": 10,
        "MAINTRK": 1,
        "SIDINGTRK": 1,
        "YARDTRK": 0,
        "TRANSITTRK": 0,
        "INDUSTRYTR": 0,
        "OTHRTRK": 1,
        "WDCODE": "All other Gates",
        "REVISIONDA": "1996/01/01 00:00:00",
        "LASTUPDATE": "4/28/2026",
        "AADT": "209",
        "AADTYEAR": "2024",
        "STATENAME": "TEXAS",
        "STATEAB": "TX",
        "COUNTYNAME": "DENTON",
        "CITYNAME": "PONDER",
        "LATDD": 33.1931674,
        "LONGDD": -97.283558,
        "gridlyProductionCertified": true,
        "gridlyClassification": "PUBLIC_ROADWAY",
        "gridlyDisplayName": "TN SKILES ROAD / JANUARY LANE",
        "gridlyId": "FRA-020566C"
      }
    },
    {
      "type": "Feature",
      "id": 202366,
      "geometry": {
        "type": "Point",
        "coordinates": [
          -97.1692024003904,
          33.3925883001396
        ]
      },
      "properties": {
        "OBJECTID": 202366,
        "CROSSING": "020583T",
        "EFFDATE": 1777334400000,
        "REASON": "14",
        "StateCode": "48",
        "CountyCode": "48121",
        "STCYFIPS": "48121",
        "CITYCD": "481216150",
        "RAILROAD": "BNSF",
        "RRDIV": "RED RIVER",
        "RRSUBDIV": "FT WORTH",
        "HIGHWAY": "LS0000",
        "STREET": "LOIS ROAD",
        "TTSTN": "663743",
        "MILEPOST": "0394.280",
        "TYPEXING": "Public",
        "POSXING": "At Grade",
        "PRVCAT": "14",
        "INIT": "2",
        "LATITUDE": 33.3925883,
        "LONGITUD": -97.1692024,
        "LLSOURCE": "1",
        "WHISTBAN": "0",
        "RRCONT": "8173521549",
        "POLCONT": "8008325452",
        "INV_LINK": "https://safetydata.fra.dot.gov/OfficeofSafety/PublicSite/Crossing/Crossing.aspx?phasetype=C&rpttype=I&txtcrossingnum=020583T",
        "ACC_LINK": "https://safetydata.fra.dot.gov/OfficeofSafety/PublicSite/Crossing/Crossing.aspx?phasetype=C&rpttype=A&txtcrossingnum=020583T",
        "TTSTNNAM": "SANGER",
        "XPURPOSE": "1",
        "OPERATINGR": "BNSF",
        "OPERATIN_1": "Primary",
        "DAYTHRU": 10,
        "NGHTTHRU": 10,
        "MAINTRK": 1,
        "SIDINGTRK": 0,
        "YARDTRK": 0,
        "TRANSITTRK": 0,
        "INDUSTRYTR": 0,
        "OTHRTRK": 0,
        "WDCODE": "All other Gates",
        "REVISIONDA": "1996/01/01 00:00:00",
        "LASTUPDATE": "4/28/2026",
        "AADT": "2453",
        "AADTYEAR": "2024",
        "STATENAME": "TEXAS",
        "STATEAB": "TX",
        "COUNTYNAME": "DENTON",
        "CITYNAME": "SANGER",
        "LATDD": 33.3925883,
        "LONGDD": -97.1692024,
        "gridlyProductionCertified": true,
        "gridlyClassification": "PUBLIC_ROADWAY",
        "gridlyDisplayName": "LOIS ROAD",
        "gridlyId": "FRA-020583T"
      }
    },
    {
      "type": "Feature",
      "id": 202367,
      "geometry": {
        "type": "Point",
        "coordinates": [
          -97.1629833996111,
          33.4201838002655
        ]
      },
      "properties": {
        "OBJECTID": 202367,
        "CROSSING": "020585G",
        "EFFDATE": 1777334400000,
        "REASON": "14",
        "StateCode": "48",
        "CountyCode": "48121",
        "STCYFIPS": "48121",
        "CITYCD": "481216150",
        "RAILROAD": "BNSF",
        "RRDIV": "RED RIVER",
        "RRSUBDIV": "FT WORTH",
        "HIGHWAY": "LS0000",
        "STREET": "CHISM ROAD",
        "TTSTN": "663743",
        "MILEPOST": "0396.220",
        "TYPEXING": "Public",
        "POSXING": "At Grade",
        "PRVCAT": "14",
        "INIT": "2",
        "LATITUDE": 33.4201838,
        "LONGITUD": -97.1629834,
        "LLSOURCE": "1",
        "WHISTBAN": "0",
        "RRCONT": "8173521549",
        "POLCONT": "8008325452",
        "INV_LINK": "https://safetydata.fra.dot.gov/OfficeofSafety/PublicSite/Crossing/Crossing.aspx?phasetype=C&rpttype=I&txtcrossingnum=020585G",
        "ACC_LINK": "https://safetydata.fra.dot.gov/OfficeofSafety/PublicSite/Crossing/Crossing.aspx?phasetype=C&rpttype=A&txtcrossingnum=020585G",
        "TTSTNNAM": "SANGER",
        "XPURPOSE": "1",
        "OPERATINGR": "BNSF",
        "OPERATIN_1": "Primary",
        "DAYTHRU": 10,
        "NGHTTHRU": 10,
        "MAINTRK": 1,
        "SIDINGTRK": 0,
        "YARDTRK": 0,
        "TRANSITTRK": 0,
        "INDUSTRYTR": 0,
        "OTHRTRK": 0,
        "WDCODE": "All other Gates",
        "REVISIONDA": "1996/01/01 00:00:00",
        "LASTUPDATE": "4/28/2026",
        "AADT": "77",
        "AADTYEAR": "2024",
        "STATENAME": "TEXAS",
        "STATEAB": "TX",
        "COUNTYNAME": "DENTON",
        "CITYNAME": "SANGER",
        "LATDD": 33.4201838,
        "LONGDD": -97.1629834,
        "gridlyProductionCertified": true,
        "gridlyClassification": "PUBLIC_ROADWAY",
        "gridlyDisplayName": "CHISM ROAD",
        "gridlyId": "FRA-020585G"
      }
    },
    {
      "type": "Feature",
      "id": 202368,
      "geometry": {
        "type": "Point",
        "coordinates": [
          -97.0869200998272,
          33.094131800095
        ]
      },
      "properties": {
        "OBJECTID": 202368,
        "CROSSING": "021684H",
        "EFFDATE": 1777420800000,
        "REASON": "14",
        "StateCode": "48",
        "CountyCode": "48121",
        "STCYFIPS": "48121",
        "CITYCD": "481211542",
        "RAILROAD": "KCS",
        "RRDIV": "Speedway",
        "RRSUBDIV": "Alliance",
        "HIGHWAY": "LS0000",
        "STREET": "CHINNS CHAPEL ROAD",
        "TTSTN": "663773",
        "MILEPOST": "0095.050",
        "TYPEXING": "Public",
        "POSXING": "At Grade",
        "PRVCAT": "14",
        "INIT": "1",
        "LATITUDE": 33.0941318,
        "LONGITUD": -97.0869201,
        "LLSOURCE": "1",
        "WHISTBAN": "0",
        "RRCONT": "3186766269",
        "POLCONT": "8775279464",
        "INV_LINK": "https://safetydata.fra.dot.gov/OfficeofSafety/PublicSite/Crossing/Crossing.aspx?phasetype=C&rpttype=I&txtcrossingnum=021684H",
        "ACC_LINK": "https://safetydata.fra.dot.gov/OfficeofSafety/PublicSite/Crossing/Crossing.aspx?phasetype=C&rpttype=A&txtcrossingnum=021684H",
        "TTSTNNAM": "663773",
        "XPURPOSE": "1",
        "OPERATINGR": "CPKC",
        "OPERATIN_1": "Primary",
        "DAYTHRU": 1,
        "NGHTTHRU": 1,
        "MAINTRK": 1,
        "SIDINGTRK": 0,
        "YARDTRK": 0,
        "TRANSITTRK": 0,
        "INDUSTRYTR": 0,
        "OTHRTRK": 0,
        "WDCODE": "All other Gates",
        "REVISIONDA": "1975/01/01 00:00:00",
        "LASTUPDATE": "4/29/2026",
        "AADT": "001155",
        "AADTYEAR": "2025",
        "STATENAME": "TEXAS",
        "STATEAB": "TX",
        "COUNTYNAME": "DENTON",
        "CITYNAME": "COPPER CANYON",
        "LATDD": 33.0941318,
        "LONGDD": -97.0869201,
        "gridlyProductionCertified": true,
        "gridlyClassification": "PUBLIC_ROADWAY",
        "gridlyDisplayName": "CHINNS CHAPEL ROAD",
        "gridlyId": "FRA-021684H"
      }
    },
    {
      "type": "Feature",
      "id": 202371,
      "geometry": {
        "type": "Point",
        "coordinates": [
          -97.2874281001867,
          33.1796104000891
        ]
      },
      "properties": {
        "OBJECTID": 202371,
        "CROSSING": "020563G",
        "EFFDATE": 1777334400000,
        "REASON": "14",
        "StateCode": "48",
        "CountyCode": "48121",
        "STCYFIPS": "48121",
        "CITYCD": "481215416",
        "RAILROAD": "BNSF",
        "RRDIV": "RED RIVER",
        "RRSUBDIV": "FT WORTH",
        "HIGHWAY": "FM2449",
        "STREET": "FM2449",
        "TTSTN": "663783",
        "MILEPOST": "0377.048",
        "TYPEXING": "Public",
        "POSXING": "At Grade",
        "PRVCAT": "14",
        "INIT": "2",
        "LATITUDE": 33.1796104,
        "LONGITUD": -97.2874281,
        "LLSOURCE": "1",
        "WHISTBAN": "0",
        "RRCONT": "8173521549",
        "POLCONT": "8008325452",
        "INV_LINK": "https://safetydata.fra.dot.gov/OfficeofSafety/PublicSite/Crossing/Crossing.aspx?phasetype=C&rpttype=I&txtcrossingnum=020563G",
        "ACC_LINK": "https://safetydata.fra.dot.gov/OfficeofSafety/PublicSite/Crossing/Crossing.aspx?phasetype=C&rpttype=A&txtcrossingnum=020563G",
        "TTSTNNAM": "PONDER",
        "XPURPOSE": "1",
        "OPERATINGR": "BNSF",
        "OPERATIN_1": "Primary",
        "DAYTHRU": 10,
        "NGHTTHRU": 10,
        "MAINTRK": 1,
        "SIDINGTRK": 1,
        "YARDTRK": 0,
        "TRANSITTRK": 0,
        "INDUSTRYTR": 0,
        "OTHRTRK": 1,
        "WDCODE": "All other Gates",
        "REVISIONDA": "1996/01/01 00:00:00",
        "LASTUPDATE": "4/28/2026",
        "AADT": "4037",
        "AADTYEAR": "2024",
        "STATENAME": "TEXAS",
        "STATEAB": "TX",
        "COUNTYNAME": "DENTON",
        "CITYNAME": "PONDER",
        "LATDD": 33.1796104,
        "LONGDD": -97.2874281,
        "gridlyProductionCertified": true,
        "gridlyClassification": "PUBLIC_ROADWAY",
        "gridlyDisplayName": "FM2449",
        "gridlyId": "FRA-020563G"
      }
    },
    {
      "type": "Feature",
      "id": 202372,
      "geometry": {
        "type": "Point",
        "coordinates": [
          -97.2896369002652,
          33.1624717998693
        ]
      },
      "properties": {
        "OBJECTID": 202372,
        "CROSSING": "020562A",
        "EFFDATE": 1777334400000,
        "REASON": "14",
        "StateCode": "48",
        "CountyCode": "48121",
        "STCYFIPS": "48121",
        "CITYCD": "481215416",
        "RAILROAD": "BNSF",
        "RRDIV": "RED RIVER",
        "RRSUBDIV": "FT WORTH",
        "HIGHWAY": "LS0000",
        "STREET": "SEABORN ROAD",
        "TTSTN": "663783",
        "MILEPOST": "0375.859",
        "TYPEXING": "Public",
        "POSXING": "At Grade",
        "PRVCAT": "14",
        "INIT": "2",
        "LATITUDE": 33.1624718,
        "LONGITUD": -97.2896369,
        "LLSOURCE": "1",
        "WHISTBAN": "0",
        "RRCONT": "8173521549",
        "POLCONT": "8008325452",
        "INV_LINK": "https://safetydata.fra.dot.gov/OfficeofSafety/PublicSite/Crossing/Crossing.aspx?phasetype=C&rpttype=I&txtcrossingnum=020562A",
        "ACC_LINK": "https://safetydata.fra.dot.gov/OfficeofSafety/PublicSite/Crossing/Crossing.aspx?phasetype=C&rpttype=A&txtcrossingnum=020562A",
        "TTSTNNAM": "PONDER",
        "XPURPOSE": "1",
        "OPERATINGR": "BNSF",
        "OPERATIN_1": "Primary",
        "DAYTHRU": 11,
        "NGHTTHRU": 10,
        "MAINTRK": 1,
        "SIDINGTRK": 0,
        "YARDTRK": 0,
        "TRANSITTRK": 0,
        "INDUSTRYTR": 0,
        "OTHRTRK": 0,
        "WDCODE": "All other Gates",
        "REVISIONDA": "1996/01/01 00:00:00",
        "LASTUPDATE": "4/28/2026",
        "AADT": "1454",
        "AADTYEAR": "2024",
        "STATENAME": "TEXAS",
        "STATEAB": "TX",
        "COUNTYNAME": "DENTON",
        "CITYNAME": "PONDER",
        "LATDD": 33.1624718,
        "LONGDD": -97.2896369,
        "gridlyProductionCertified": true,
        "gridlyClassification": "PUBLIC_ROADWAY",
        "gridlyDisplayName": "SEABORN ROAD",
        "gridlyId": "FRA-020562A"
      }
    },
    {
      "type": "Feature",
      "id": 202381,
      "geometry": {
        "type": "Point",
        "coordinates": [
          -97.1695254004306,
          33.3665952000481
        ]
      },
      "properties": {
        "OBJECTID": 202381,
        "CROSSING": "020582L",
        "EFFDATE": 1777334400000,
        "REASON": "14",
        "StateCode": "48",
        "CountyCode": "48121",
        "STCYFIPS": "48121",
        "CITYCD": "481216150",
        "RAILROAD": "BNSF",
        "RRDIV": "RED RIVER",
        "RRSUBDIV": "FT WORTH",
        "HIGHWAY": "FM0455",
        "STREET": "FM0455",
        "TTSTN": "663743",
        "MILEPOST": "0392.486",
        "TYPEXING": "Public",
        "POSXING": "At Grade",
        "PRVCAT": "14",
        "INIT": "2",
        "LATITUDE": 33.3665952,
        "LONGITUD": -97.1695254,
        "LLSOURCE": "1",
        "WHISTBAN": "0",
        "RRCONT": "8173521549",
        "POLCONT": "8008325452",
        "INV_LINK": "https://safetydata.fra.dot.gov/OfficeofSafety/PublicSite/Crossing/Crossing.aspx?phasetype=C&rpttype=I&txtcrossingnum=020582L",
        "ACC_LINK": "https://safetydata.fra.dot.gov/OfficeofSafety/PublicSite/Crossing/Crossing.aspx?phasetype=C&rpttype=A&txtcrossingnum=020582L",
        "TTSTNNAM": "SANGER",
        "XPURPOSE": "1",
        "OPERATINGR": "BNSF",
        "OPERATIN_1": "Primary",
        "DAYTHRU": 10,
        "NGHTTHRU": 10,
        "MAINTRK": 1,
        "SIDINGTRK": 0,
        "YARDTRK": 0,
        "TRANSITTRK": 0,
        "INDUSTRYTR": 0,
        "OTHRTRK": 0,
        "WDCODE": "All other Gates",
        "REVISIONDA": "1996/01/01 00:00:00",
        "LASTUPDATE": "4/28/2026",
        "AADT": "9000",
        "AADTYEAR": "2024",
        "STATENAME": "TEXAS",
        "STATEAB": "TX",
        "COUNTYNAME": "DENTON",
        "CITYNAME": "SANGER",
        "LATDD": 33.3665952,
        "LONGDD": -97.1695254,
        "gridlyProductionCertified": true,
        "gridlyClassification": "PUBLIC_ROADWAY",
        "gridlyDisplayName": "FM0455",
        "gridlyId": "FRA-020582L"
      }
    },
    {
      "type": "Feature",
      "id": 202679,
      "geometry": {
        "type": "Point",
        "coordinates": [
          -96.8579190002144,
          33.0574779997398
        ]
      },
      "properties": {
        "OBJECTID": 202679,
        "CROSSING": "675115J",
        "EFFDATE": 1702944000000,
        "REASON": "20",
        "StateCode": "48",
        "CountyCode": "48121",
        "STCYFIPS": "48121",
        "CITYCD": "481131190",
        "RAILROAD": "BNSF",
        "RRDIV": "RED RIVER",
        "RRSUBDIV": "MADILL",
        "HIGHWAY": "CS00000",
        "STREET": "WINDHAVEN PKWY",
        "TTSTN": "663768",
        "MILEPOST": "0692.550",
        "TYPEXING": "Public",
        "POSXING": "RR Over",
        "PRVCAT": "20",
        "INIT": "1",
        "LATITUDE": 33.057478,
        "LONGITUD": -96.857919,
        "LLSOURCE": "1",
        "WHISTBAN": "0",
        "RRCONT": "8173521549",
        "POLCONT": "8008325452",
        "INV_LINK": "https://safetydata.fra.dot.gov/OfficeofSafety/PublicSite/Crossing/Crossing.aspx?phasetype=C&rpttype=I&txtcrossingnum=675115J",
        "ACC_LINK": "https://safetydata.fra.dot.gov/OfficeofSafety/PublicSite/Crossing/Crossing.aspx?phasetype=C&rpttype=A&txtcrossingnum=675115J",
        "TTSTNNAM": "HEBRON",
        "XPURPOSE": "1",
        "OPERATINGR": "BNSF",
        "OPERATIN_1": "Primary",
        "DAYTHRU": 3,
        "NGHTTHRU": 3,
        "MAINTRK": 1,
        "SIDINGTRK": 0,
        "YARDTRK": 0,
        "TRANSITTRK": 0,
        "INDUSTRYTR": 0,
        "OTHRTRK": 0,
        "WDCODE": "",
        "REVISIONDA": "1996/01/01 00:00:00",
        "LASTUPDATE": "12/19/2023",
        "AADT": "005860",
        "AADTYEAR": "2009",
        "STATENAME": "TEXAS",
        "STATEAB": "TX",
        "COUNTYNAME": "DENTON",
        "CITYNAME": "CARROLLTON",
        "LATDD": 33.057478,
        "LONGDD": -96.857919,
        "gridlyProductionCertified": true,
        "gridlyClassification": "PUBLIC_ROADWAY",
        "gridlyDisplayName": "WINDHAVEN PKWY",
        "gridlyId": "FRA-675115J"
      }
    },
    {
      "type": "Feature",
      "id": 202728,
      "geometry": {
        "type": "Point",
        "coordinates": [
          -96.9861249998852,
          33.0463169998635
        ]
      },
      "properties": {
        "OBJECTID": 202728,
        "CROSSING": "414715S",
        "EFFDATE": 1773100800000,
        "REASON": "22",
        "StateCode": "48",
        "CountyCode": "48121",
        "STCYFIPS": "48121",
        "CITYCD": "481213960",
        "RAILROAD": "DCTA",
        "RRDIV": "CENTRAL",
        "RRSUBDIV": "DENTON",
        "HIGHWAY": "FM 1171",
        "STREET": "fm1171 / MAIN STreet",
        "TTSTN": "663778",
        "MILEPOST": "0736.70",
        "TYPEXING": "Public",
        "POSXING": "At Grade",
        "PRVCAT": "22",
        "INIT": "1",
        "LATITUDE": 33.046317,
        "LONGITUD": -96.986125,
        "LLSOURCE": "1",
        "WHISTBAN": "1",
        "RRCONT": "9728290901",
        "POLCONT": "9728290901",
        "INV_LINK": "https://safetydata.fra.dot.gov/OfficeofSafety/PublicSite/Crossing/Crossing.aspx?phasetype=C&rpttype=I&txtcrossingnum=414715S",
        "ACC_LINK": "https://safetydata.fra.dot.gov/OfficeofSafety/PublicSite/Crossing/Crossing.aspx?phasetype=C&rpttype=A&txtcrossingnum=414715S",
        "TTSTNNAM": "LEWISVILLE",
        "XPURPOSE": "1",
        "OPERATINGR": "DCTA",
        "OPERATIN_1": "Primary",
        "DAYTHRU": 50,
        "NGHTTHRU": 17,
        "MAINTRK": 1,
        "SIDINGTRK": 0,
        "YARDTRK": 0,
        "TRANSITTRK": 0,
        "INDUSTRYTR": 1,
        "OTHRTRK": 1,
        "WDCODE": "All other Gates",
        "REVISIONDA": "2009/01/01 00:00:00",
        "LASTUPDATE": "3/10/2026",
        "AADT": "016000",
        "AADTYEAR": "2025",
        "STATENAME": "TEXAS",
        "STATEAB": "TX",
        "COUNTYNAME": "DENTON",
        "CITYNAME": "LEWISVILLE",
        "LATDD": 33.046317,
        "LONGDD": -96.986125,
        "gridlyProductionCertified": true,
        "gridlyClassification": "PUBLIC_ROADWAY",
        "gridlyDisplayName": "fm1171 / MAIN STreet",
        "gridlyId": "FRA-414715S"
      }
    },
    {
      "type": "Feature",
      "id": 202842,
      "geometry": {
        "type": "Point",
        "coordinates": [
          -97.1549370000667,
          33.1832510997417
        ]
      },
      "properties": {
        "OBJECTID": 202842,
        "CROSSING": "021706F",
        "EFFDATE": 1772064000000,
        "REASON": "14",
        "StateCode": "48",
        "CountyCode": "48121",
        "STCYFIPS": "48121",
        "CITYCD": "481211840",
        "RAILROAD": "KCS",
        "RRDIV": "Speedway",
        "RRSUBDIV": "Alliance",
        "HIGHWAY": "ST 0000",
        "STREET": "ROSELAWN DRIVE",
        "TTSTN": "663773",
        "MILEPOST": "0102.410",
        "TYPEXING": "Public",
        "POSXING": "At Grade",
        "PRVCAT": "14",
        "INIT": "1",
        "LATITUDE": 33.1832511,
        "LONGITUD": -97.154937,
        "LLSOURCE": "1",
        "WHISTBAN": "0",
        "RRCONT": "3186766269",
        "POLCONT": "8775279464",
        "INV_LINK": "https://safetydata.fra.dot.gov/OfficeofSafety/PublicSite/Crossing/Crossing.aspx?phasetype=C&rpttype=I&txtcrossingnum=021706F",
        "ACC_LINK": "https://safetydata.fra.dot.gov/OfficeofSafety/PublicSite/Crossing/Crossing.aspx?phasetype=C&rpttype=A&txtcrossingnum=021706F",
        "TTSTNNAM": "663773",
        "XPURPOSE": "1",
        "OPERATINGR": "CPKC",
        "OPERATIN_1": "Primary",
        "DAYTHRU": 1,
        "NGHTTHRU": 1,
        "MAINTRK": 1,
        "SIDINGTRK": 1,
        "YARDTRK": 0,
        "TRANSITTRK": 0,
        "INDUSTRYTR": 0,
        "OTHRTRK": 1,
        "WDCODE": "All other Gates",
        "REVISIONDA": "1975/01/01 00:00:00",
        "LASTUPDATE": "2/26/2026",
        "AADT": "435",
        "AADTYEAR": "2019",
        "STATENAME": "TEXAS",
        "STATEAB": "TX",
        "COUNTYNAME": "DENTON",
        "CITYNAME": "DENTON",
        "LATDD": 33.1832511,
        "LONGDD": -97.154937,
        "gridlyProductionCertified": true,
        "gridlyClassification": "PUBLIC_ROADWAY",
        "gridlyDisplayName": "ROSELAWN DRIVE",
        "gridlyId": "FRA-021706F"
      }
    },
    {
      "type": "Feature",
      "id": 202866,
      "geometry": {
        "type": "Point",
        "coordinates": [
          -97.116385999973,
          33.1249970001516
        ]
      },
      "properties": {
        "OBJECTID": 202866,
        "CROSSING": "021693G",
        "EFFDATE": 1772064000000,
        "REASON": "14",
        "StateCode": "48",
        "CountyCode": "48121",
        "STCYFIPS": "48121",
        "CITYCD": "481211840",
        "RAILROAD": "KCS",
        "RRDIV": "Speedway",
        "RRSUBDIV": "Alliance",
        "HIGHWAY": "CO 0446",
        "STREET": "HILLTOP RD/Old Alton Road",
        "TTSTN": "663773",
        "MILEPOST": "0097.750",
        "TYPEXING": "Public",
        "POSXING": "RR Over",
        "PRVCAT": "14",
        "INIT": "1",
        "LATITUDE": 33.124997,
        "LONGITUD": -97.116386,
        "LLSOURCE": "1",
        "WHISTBAN": "0",
        "RRCONT": "3186766269",
        "POLCONT": "8775279464",
        "INV_LINK": "https://safetydata.fra.dot.gov/OfficeofSafety/PublicSite/Crossing/Crossing.aspx?phasetype=C&rpttype=I&txtcrossingnum=021693G",
        "ACC_LINK": "https://safetydata.fra.dot.gov/OfficeofSafety/PublicSite/Crossing/Crossing.aspx?phasetype=C&rpttype=A&txtcrossingnum=021693G",
        "TTSTNNAM": "663773",
        "XPURPOSE": "1",
        "OPERATINGR": "CPKC",
        "OPERATIN_1": "Primary",
        "DAYTHRU": 1,
        "NGHTTHRU": 1,
        "MAINTRK": 1,
        "SIDINGTRK": 0,
        "YARDTRK": 0,
        "TRANSITTRK": 0,
        "INDUSTRYTR": 0,
        "OTHRTRK": 0,
        "WDCODE": "",
        "REVISIONDA": "1975/01/01 00:00:00",
        "LASTUPDATE": "2/26/2026",
        "AADT": "2960",
        "AADTYEAR": "2009",
        "STATENAME": "TEXAS",
        "STATEAB": "TX",
        "COUNTYNAME": "DENTON",
        "CITYNAME": "DENTON",
        "LATDD": 33.124997,
        "LONGDD": -97.116386,
        "gridlyProductionCertified": true,
        "gridlyClassification": "PUBLIC_ROADWAY",
        "gridlyDisplayName": "HILLTOP RD/Old Alton Road",
        "gridlyId": "FRA-021693G"
      }
    },
    {
      "type": "Feature",
      "id": 202868,
      "geometry": {
        "type": "Point",
        "coordinates": [
          -96.8988899996997,
          33.0466730000423
        ]
      },
      "properties": {
        "OBJECTID": 202868,
        "CROSSING": "021654R",
        "EFFDATE": 1772064000000,
        "REASON": "14",
        "StateCode": "48",
        "CountyCode": "48121",
        "STCYFIPS": "48121",
        "CITYCD": "481213960",
        "RAILROAD": "KCS",
        "RRDIV": "Speedway",
        "RRSUBDIV": "Alliance",
        "HIGHWAY": "FM 0544",
        "STREET": "FM 0544/Parker Road",
        "TTSTN": "668196",
        "MILEPOST": "0083.320",
        "TYPEXING": "Public",
        "POSXING": "RR Under",
        "PRVCAT": "14",
        "INIT": "1",
        "LATITUDE": 33.046673,
        "LONGITUD": -96.89889,
        "LLSOURCE": "1",
        "WHISTBAN": "0",
        "RRCONT": "3186766269",
        "POLCONT": "8775279464",
        "INV_LINK": "https://safetydata.fra.dot.gov/OfficeofSafety/PublicSite/Crossing/Crossing.aspx?phasetype=C&rpttype=I&txtcrossingnum=021654R",
        "ACC_LINK": "https://safetydata.fra.dot.gov/OfficeofSafety/PublicSite/Crossing/Crossing.aspx?phasetype=C&rpttype=A&txtcrossingnum=021654R",
        "TTSTNNAM": "668196",
        "XPURPOSE": "1",
        "OPERATINGR": "CPKC",
        "OPERATIN_1": "Primary",
        "DAYTHRU": 1,
        "NGHTTHRU": 1,
        "MAINTRK": 1,
        "SIDINGTRK": 0,
        "YARDTRK": 0,
        "TRANSITTRK": 0,
        "INDUSTRYTR": 0,
        "OTHRTRK": 0,
        "WDCODE": "",
        "REVISIONDA": "1975/01/01 00:00:00",
        "LASTUPDATE": "2/26/2026",
        "AADT": "9700",
        "AADTYEAR": "2010",
        "STATENAME": "TEXAS",
        "STATEAB": "TX",
        "COUNTYNAME": "DENTON",
        "CITYNAME": "LEWISVILLE",
        "LATDD": 33.046673,
        "LONGDD": -96.89889,
        "gridlyProductionCertified": true,
        "gridlyClassification": "PUBLIC_ROADWAY",
        "gridlyDisplayName": "FM 0544/Parker Road",
        "gridlyId": "FRA-021654R"
      }
    },
    {
      "type": "Feature",
      "id": 202869,
      "geometry": {
        "type": "Point",
        "coordinates": [
          -97.066801000431,
          33.0794981002552
        ]
      },
      "properties": {
        "OBJECTID": 202869,
        "CROSSING": "021771L",
        "EFFDATE": 1772064000000,
        "REASON": "14",
        "StateCode": "48",
        "CountyCode": "48121",
        "STCYFIPS": "48121",
        "CITYCD": "481213192",
        "RAILROAD": "KCS",
        "RRDIV": "Speedway",
        "RRSUBDIV": "Alliance",
        "HIGHWAY": "ST 0000",
        "STREET": "BRIARHILL BLVD",
        "TTSTN": "663773",
        "MILEPOST": "0093.530",
        "TYPEXING": "Public",
        "POSXING": "At Grade",
        "PRVCAT": "14",
        "INIT": "1",
        "LATITUDE": 33.0794981,
        "LONGITUD": -97.066801,
        "LLSOURCE": "1",
        "WHISTBAN": "0",
        "RRCONT": "3186766269",
        "POLCONT": "8775279464",
        "INV_LINK": "https://safetydata.fra.dot.gov/OfficeofSafety/PublicSite/Crossing/Crossing.aspx?phasetype=C&rpttype=I&txtcrossingnum=021771L",
        "ACC_LINK": "https://safetydata.fra.dot.gov/OfficeofSafety/PublicSite/Crossing/Crossing.aspx?phasetype=C&rpttype=A&txtcrossingnum=021771L",
        "TTSTNNAM": "663773",
        "XPURPOSE": "1",
        "OPERATINGR": "CPKC",
        "OPERATIN_1": "Primary",
        "DAYTHRU": 1,
        "NGHTTHRU": 1,
        "MAINTRK": 1,
        "SIDINGTRK": 0,
        "YARDTRK": 0,
        "TRANSITTRK": 0,
        "INDUSTRYTR": 0,
        "OTHRTRK": 0,
        "WDCODE": "All other Gates",
        "REVISIONDA": "1975/01/01 00:00:00",
        "LASTUPDATE": "2/26/2026",
        "AADT": "4915",
        "AADTYEAR": "2019",
        "STATENAME": "TEXAS",
        "STATEAB": "TX",
        "COUNTYNAME": "DENTON",
        "CITYNAME": "HIGHLAND VILLAGE",
        "LATDD": 33.0794981,
        "LONGDD": -97.066801,
        "gridlyProductionCertified": true,
        "gridlyClassification": "PUBLIC_ROADWAY",
        "gridlyDisplayName": "BRIARHILL BLVD",
        "gridlyId": "FRA-021771L"
      }
    },
    {
      "type": "Feature",
      "id": 202890,
      "geometry": {
        "type": "Point",
        "coordinates": [
          -97.2002900003726,
          33.2741799997152
        ]
      },
      "properties": {
        "OBJECTID": 202890,
        "CROSSING": "021729M",
        "EFFDATE": 1772064000000,
        "REASON": "14",
        "StateCode": "48",
        "CountyCode": "48121",
        "STCYFIPS": "48121",
        "CITYCD": "481213755",
        "RAILROAD": "KCS",
        "RRDIV": "Speedway",
        "RRSUBDIV": "Alliance",
        "HIGHWAY": "NA",
        "STREET": "PRIVATE ROAD",
        "TTSTN": "663751",
        "MILEPOST": "0109.230",
        "TYPEXING": "Private",
        "POSXING": "At Grade",
        "PRVCAT": "14",
        "INIT": "1",
        "LATITUDE": 33.27418,
        "LONGITUD": -97.20029,
        "LLSOURCE": "1",
        "WHISTBAN": "0",
        "RRCONT": "3186766269",
        "POLCONT": "8775279464",
        "INV_LINK": "https://safetydata.fra.dot.gov/OfficeofSafety/PublicSite/Crossing/Crossing.aspx?phasetype=C&rpttype=I&txtcrossingnum=021729M",
        "ACC_LINK": "https://safetydata.fra.dot.gov/OfficeofSafety/PublicSite/Crossing/Crossing.aspx?phasetype=C&rpttype=A&txtcrossingnum=021729M",
        "TTSTNNAM": "663751",
        "XPURPOSE": "1",
        "OPERATINGR": "CPKC",
        "OPERATIN_1": "Primary",
        "DAYTHRU": 1,
        "NGHTTHRU": 1,
        "MAINTRK": 1,
        "SIDINGTRK": 0,
        "YARDTRK": 0,
        "TRANSITTRK": 0,
        "INDUSTRYTR": 0,
        "OTHRTRK": 0,
        "WDCODE": "",
        "REVISIONDA": "1975/01/01 00:00:00",
        "LASTUPDATE": "2/26/2026",
        "AADT": "1",
        "AADTYEAR": "1970",
        "STATENAME": "TEXAS",
        "STATEAB": "TX",
        "COUNTYNAME": "DENTON",
        "CITYNAME": "KRUM",
        "LATDD": 33.27418,
        "LONGDD": -97.20029,
        "gridlyProductionCertified": true,
        "gridlyClassification": "PUBLIC_ROADWAY",
        "gridlyDisplayName": "PRIVATE ROAD",
        "gridlyId": "FRA-021729M"
      }
    },
    {
      "type": "Feature",
      "id": 202894,
      "geometry": {
        "type": "Point",
        "coordinates": [
          -97.1951590004378,
          33.264436999702
        ]
      },
      "properties": {
        "OBJECTID": 202894,
        "CROSSING": "021727Y",
        "EFFDATE": 1772064000000,
        "REASON": "14",
        "StateCode": "48",
        "CountyCode": "48121",
        "STCYFIPS": "48121",
        "CITYCD": "481211840",
        "RAILROAD": "KCS",
        "RRDIV": "Speedway",
        "RRSUBDIV": "Alliance",
        "HIGHWAY": "CO 0186",
        "STREET": "BARTHOLD ROAD",
        "TTSTN": "663751",
        "MILEPOST": "0108.500",
        "TYPEXING": "Public",
        "POSXING": "At Grade",
        "PRVCAT": "14",
        "INIT": "1",
        "LATITUDE": 33.264437,
        "LONGITUD": -97.195159,
        "LLSOURCE": "1",
        "WHISTBAN": "0",
        "RRCONT": "3186766269",
        "POLCONT": "8775279464",
        "INV_LINK": "https://safetydata.fra.dot.gov/OfficeofSafety/PublicSite/Crossing/Crossing.aspx?phasetype=C&rpttype=I&txtcrossingnum=021727Y",
        "ACC_LINK": "https://safetydata.fra.dot.gov/OfficeofSafety/PublicSite/Crossing/Crossing.aspx?phasetype=C&rpttype=A&txtcrossingnum=021727Y",
        "TTSTNNAM": "663751",
        "XPURPOSE": "1",
        "OPERATINGR": "CPKC",
        "OPERATIN_1": "Primary",
        "DAYTHRU": 1,
        "NGHTTHRU": 1,
        "MAINTRK": 1,
        "SIDINGTRK": 0,
        "YARDTRK": 0,
        "TRANSITTRK": 0,
        "INDUSTRYTR": 0,
        "OTHRTRK": 0,
        "WDCODE": "Crossbucks",
        "REVISIONDA": "1975/01/01 00:00:00",
        "LASTUPDATE": "2/26/2026",
        "AADT": "112",
        "AADTYEAR": "2019",
        "STATENAME": "TEXAS",
        "STATEAB": "TX",
        "COUNTYNAME": "DENTON",
        "CITYNAME": "DENTON",
        "LATDD": 33.264437,
        "LONGDD": -97.195159,
        "gridlyProductionCertified": true,
        "gridlyClassification": "PUBLIC_ROADWAY",
        "gridlyDisplayName": "BARTHOLD ROAD",
        "gridlyId": "FRA-021727Y"
      }
    },
    {
      "type": "Feature",
      "id": 202908,
      "geometry": {
        "type": "Point",
        "coordinates": [
          -97.1644969997794,
          33.2023149998312
        ]
      },
      "properties": {
        "OBJECTID": 202908,
        "CROSSING": "021714X",
        "EFFDATE": 1772409600000,
        "REASON": "14",
        "StateCode": "48",
        "CountyCode": "48121",
        "STCYFIPS": "48121",
        "CITYCD": "481211840",
        "RAILROAD": "KCS",
        "RRDIV": "Speedway",
        "RRSUBDIV": "Alliance",
        "HIGHWAY": "IH0035W",
        "STREET": "IH 0035",
        "TTSTN": "663730",
        "MILEPOST": "0103.850",
        "TYPEXING": "Public",
        "POSXING": "RR Under",
        "PRVCAT": "14",
        "INIT": "1",
        "LATITUDE": 33.202315,
        "LONGITUD": -97.164497,
        "LLSOURCE": "1",
        "WHISTBAN": "0",
        "RRCONT": "3186766269",
        "POLCONT": "8775279464",
        "INV_LINK": "https://safetydata.fra.dot.gov/OfficeofSafety/PublicSite/Crossing/Crossing.aspx?phasetype=C&rpttype=I&txtcrossingnum=021714X",
        "ACC_LINK": "https://safetydata.fra.dot.gov/OfficeofSafety/PublicSite/Crossing/Crossing.aspx?phasetype=C&rpttype=A&txtcrossingnum=021714X",
        "TTSTNNAM": "663730",
        "XPURPOSE": "1",
        "OPERATINGR": "CPKC",
        "OPERATIN_1": "Primary",
        "DAYTHRU": 1,
        "NGHTTHRU": 1,
        "MAINTRK": 1,
        "SIDINGTRK": 0,
        "YARDTRK": 0,
        "TRANSITTRK": 0,
        "INDUSTRYTR": 0,
        "OTHRTRK": 0,
        "WDCODE": "",
        "REVISIONDA": "1975/01/01 00:00:00",
        "LASTUPDATE": "3/2/2026",
        "AADT": "47210",
        "AADTYEAR": "2011",
        "STATENAME": "TEXAS",
        "STATEAB": "TX",
        "COUNTYNAME": "DENTON",
        "CITYNAME": "DENTON",
        "LATDD": 33.202315,
        "LONGDD": -97.164497,
        "gridlyProductionCertified": true,
        "gridlyClassification": "PUBLIC_ROADWAY",
        "gridlyDisplayName": "IH 0035",
        "gridlyId": "FRA-021714X"
      }
    },
    {
      "type": "Feature",
      "id": 202918,
      "geometry": {
        "type": "Point",
        "coordinates": [
          -97.289523699963,
          33.1505731998807
        ]
      },
      "properties": {
        "OBJECTID": 202918,
        "CROSSING": "020561T",
        "EFFDATE": 1777334400000,
        "REASON": "14",
        "StateCode": "48",
        "CountyCode": "48121",
        "STCYFIPS": "48121",
        "CITYCD": "481215416",
        "RAILROAD": "BNSF",
        "RRDIV": "RED RIVER",
        "RRSUBDIV": "FT WORTH",
        "HIGHWAY": "CR0000",
        "STREET": "BLAIR ROAD",
        "TTSTN": "663783",
        "MILEPOST": "0375.040",
        "TYPEXING": "Public",
        "POSXING": "At Grade",
        "PRVCAT": "14",
        "INIT": "2",
        "LATITUDE": 33.1505732,
        "LONGITUD": -97.2895237,
        "LLSOURCE": "1",
        "WHISTBAN": "0",
        "RRCONT": "8173521549",
        "POLCONT": "8008325452",
        "INV_LINK": "https://safetydata.fra.dot.gov/OfficeofSafety/PublicSite/Crossing/Crossing.aspx?phasetype=C&rpttype=I&txtcrossingnum=020561T",
        "ACC_LINK": "https://safetydata.fra.dot.gov/OfficeofSafety/PublicSite/Crossing/Crossing.aspx?phasetype=C&rpttype=A&txtcrossingnum=020561T",
        "TTSTNNAM": "PONDER",
        "XPURPOSE": "1",
        "OPERATINGR": "BNSF",
        "OPERATIN_1": "Primary",
        "DAYTHRU": 11,
        "NGHTTHRU": 10,
        "MAINTRK": 1,
        "SIDINGTRK": 0,
        "YARDTRK": 0,
        "TRANSITTRK": 0,
        "INDUSTRYTR": 0,
        "OTHRTRK": 0,
        "WDCODE": "All other Gates",
        "REVISIONDA": "1996/01/01 00:00:00",
        "LASTUPDATE": "4/28/2026",
        "AADT": "692",
        "AADTYEAR": "2024",
        "STATENAME": "TEXAS",
        "STATEAB": "TX",
        "COUNTYNAME": "DENTON",
        "CITYNAME": "PONDER",
        "LATDD": 33.1505732,
        "LONGDD": -97.2895237,
        "gridlyProductionCertified": true,
        "gridlyClassification": "PUBLIC_ROADWAY",
        "gridlyDisplayName": "BLAIR ROAD",
        "gridlyId": "FRA-020561T"
      }
    },
    {
      "type": "Feature",
      "id": 202921,
      "geometry": {
        "type": "Point",
        "coordinates": [
          -97.1054539997337,
          33.1129950997499
        ]
      },
      "properties": {
        "OBJECTID": 202921,
        "CROSSING": "021690L",
        "EFFDATE": 1777420800000,
        "REASON": "14",
        "StateCode": "48",
        "CountyCode": "48121",
        "STCYFIPS": "48121",
        "CITYCD": "481211542",
        "RAILROAD": "KCS",
        "RRDIV": "Speedway",
        "RRSUBDIV": "Alliance",
        "HIGHWAY": "LS0000",
        "STREET": "ORCHID HILL ROAD",
        "TTSTN": "663773",
        "MILEPOST": "0096.730",
        "TYPEXING": "Public",
        "POSXING": "At Grade",
        "PRVCAT": "14",
        "INIT": "1",
        "LATITUDE": 33.1129951,
        "LONGITUD": -97.105454,
        "LLSOURCE": "1",
        "WHISTBAN": "0",
        "RRCONT": "3186766269",
        "POLCONT": "8775279464",
        "INV_LINK": "https://safetydata.fra.dot.gov/OfficeofSafety/PublicSite/Crossing/Crossing.aspx?phasetype=C&rpttype=I&txtcrossingnum=021690L",
        "ACC_LINK": "https://safetydata.fra.dot.gov/OfficeofSafety/PublicSite/Crossing/Crossing.aspx?phasetype=C&rpttype=A&txtcrossingnum=021690L",
        "TTSTNNAM": "663773",
        "XPURPOSE": "1",
        "OPERATINGR": "CPKC",
        "OPERATIN_1": "Primary",
        "DAYTHRU": 1,
        "NGHTTHRU": 1,
        "MAINTRK": 1,
        "SIDINGTRK": 0,
        "YARDTRK": 0,
        "TRANSITTRK": 0,
        "INDUSTRYTR": 0,
        "OTHRTRK": 0,
        "WDCODE": "All other Gates",
        "REVISIONDA": "1975/01/01 00:00:00",
        "LASTUPDATE": "4/29/2026",
        "AADT": "004837",
        "AADTYEAR": "2025",
        "STATENAME": "TEXAS",
        "STATEAB": "TX",
        "COUNTYNAME": "DENTON",
        "CITYNAME": "COPPER CANYON",
        "LATDD": 33.1129951,
        "LONGDD": -97.105454,
        "gridlyProductionCertified": true,
        "gridlyClassification": "PUBLIC_ROADWAY",
        "gridlyDisplayName": "ORCHID HILL ROAD",
        "gridlyId": "FRA-021690L"
      }
    },
    {
      "type": "Feature",
      "id": 202932,
      "geometry": {
        "type": "Point",
        "coordinates": [
          -97.1616120000573,
          33.1938481000794
        ]
      },
      "properties": {
        "OBJECTID": 202932,
        "CROSSING": "021709B",
        "EFFDATE": 1772064000000,
        "REASON": "14",
        "StateCode": "48",
        "CountyCode": "48121",
        "STCYFIPS": "48121",
        "CITYCD": "481211840",
        "RAILROAD": "KCS",
        "RRDIV": "Speedway",
        "RRSUBDIV": "Alliance",
        "HIGHWAY": "ST 0000",
        "STREET": "BONNIE BREA STREET",
        "TTSTN": "663773",
        "MILEPOST": "0103.240",
        "TYPEXING": "Public",
        "POSXING": "At Grade",
        "PRVCAT": "14",
        "INIT": "1",
        "LATITUDE": 33.1938481,
        "LONGITUD": -97.161612,
        "LLSOURCE": "1",
        "WHISTBAN": "0",
        "RRCONT": "3186766269",
        "POLCONT": "8775279464",
        "INV_LINK": "https://safetydata.fra.dot.gov/OfficeofSafety/PublicSite/Crossing/Crossing.aspx?phasetype=C&rpttype=I&txtcrossingnum=021709B",
        "ACC_LINK": "https://safetydata.fra.dot.gov/OfficeofSafety/PublicSite/Crossing/Crossing.aspx?phasetype=C&rpttype=A&txtcrossingnum=021709B",
        "TTSTNNAM": "663773",
        "XPURPOSE": "1",
        "OPERATINGR": "CPKC",
        "OPERATIN_1": "Primary",
        "DAYTHRU": 1,
        "NGHTTHRU": 1,
        "MAINTRK": 1,
        "SIDINGTRK": 0,
        "YARDTRK": 0,
        "TRANSITTRK": 0,
        "INDUSTRYTR": 0,
        "OTHRTRK": 0,
        "WDCODE": "All other Gates",
        "REVISIONDA": "1975/01/01 00:00:00",
        "LASTUPDATE": "2/26/2026",
        "AADT": "897",
        "AADTYEAR": "2019",
        "STATENAME": "TEXAS",
        "STATEAB": "TX",
        "COUNTYNAME": "DENTON",
        "CITYNAME": "DENTON",
        "LATDD": 33.1938481,
        "LONGDD": -97.161612,
        "gridlyProductionCertified": true,
        "gridlyClassification": "PUBLIC_ROADWAY",
        "gridlyDisplayName": "BONNIE BREA STREET",
        "gridlyId": "FRA-021709B"
      }
    },
    {
      "type": "Feature",
      "id": 202956,
      "geometry": {
        "type": "Point",
        "coordinates": [
          -97.001986000393,
          33.0592040001695
        ]
      },
      "properties": {
        "OBJECTID": 202956,
        "CROSSING": "919393D",
        "EFFDATE": 1772409600000,
        "REASON": "14",
        "StateCode": "48",
        "CountyCode": "48121",
        "STCYFIPS": "48121",
        "CITYCD": "481213960",
        "RAILROAD": "KCS",
        "RRDIV": "Speedway",
        "RRSUBDIV": "Alliance",
        "HIGHWAY": "NA",
        "STREET": "Mill Street",
        "TTSTN": "",
        "MILEPOST": "0089.450",
        "TYPEXING": "Public",
        "POSXING": "RR Over",
        "PRVCAT": "14",
        "INIT": "1",
        "LATITUDE": 33.059204,
        "LONGITUD": -97.001986,
        "LLSOURCE": "1",
        "WHISTBAN": "",
        "RRCONT": "3186766269",
        "POLCONT": "8775279464",
        "INV_LINK": "https://safetydata.fra.dot.gov/OfficeofSafety/PublicSite/Crossing/Crossing.aspx?phasetype=C&rpttype=I&txtcrossingnum=919393D",
        "ACC_LINK": "https://safetydata.fra.dot.gov/OfficeofSafety/PublicSite/Crossing/Crossing.aspx?phasetype=C&rpttype=A&txtcrossingnum=919393D",
        "TTSTNNAM": "",
        "XPURPOSE": "1",
        "OPERATINGR": "CPKC",
        "OPERATIN_1": "Primary",
        "DAYTHRU": 1,
        "NGHTTHRU": 1,
        "MAINTRK": 1,
        "SIDINGTRK": 0,
        "YARDTRK": 0,
        "TRANSITTRK": 0,
        "INDUSTRYTR": 0,
        "OTHRTRK": 0,
        "WDCODE": "",
        "REVISIONDA": "1975/01/01 00:00:00",
        "LASTUPDATE": "3/2/2026",
        "AADT": "",
        "AADTYEAR": "",
        "STATENAME": "TEXAS",
        "STATEAB": "TX",
        "COUNTYNAME": "DENTON",
        "CITYNAME": "LEWISVILLE",
        "LATDD": 33.059204,
        "LONGDD": -97.001986,
        "gridlyProductionCertified": true,
        "gridlyClassification": "PUBLIC_ROADWAY",
        "gridlyDisplayName": "Mill Street",
        "gridlyId": "FRA-919393D"
      }
    },
    {
      "type": "Feature",
      "id": 202975,
      "geometry": {
        "type": "Point",
        "coordinates": [
          -97.1840880002813,
          33.2398490000469
        ]
      },
      "properties": {
        "OBJECTID": 202975,
        "CROSSING": "021723W",
        "EFFDATE": 1772064000000,
        "REASON": "14",
        "StateCode": "48",
        "CountyCode": "48121",
        "STCYFIPS": "48121",
        "CITYCD": "481211840",
        "RAILROAD": "KCS",
        "RRDIV": "Speedway",
        "RRSUBDIV": "Alliance",
        "HIGHWAY": "NA",
        "STREET": "PRIVATE ROAD",
        "TTSTN": "663730",
        "MILEPOST": "0106.460",
        "TYPEXING": "Private",
        "POSXING": "At Grade",
        "PRVCAT": "14",
        "INIT": "1",
        "LATITUDE": 33.239849,
        "LONGITUD": -97.184088,
        "LLSOURCE": "1",
        "WHISTBAN": "0",
        "RRCONT": "3186766269",
        "POLCONT": "8775279464",
        "INV_LINK": "https://safetydata.fra.dot.gov/OfficeofSafety/PublicSite/Crossing/Crossing.aspx?phasetype=C&rpttype=I&txtcrossingnum=021723W",
        "ACC_LINK": "https://safetydata.fra.dot.gov/OfficeofSafety/PublicSite/Crossing/Crossing.aspx?phasetype=C&rpttype=A&txtcrossingnum=021723W",
        "TTSTNNAM": "663730",
        "XPURPOSE": "1",
        "OPERATINGR": "CPKC",
        "OPERATIN_1": "Primary",
        "DAYTHRU": 1,
        "NGHTTHRU": 1,
        "MAINTRK": 1,
        "SIDINGTRK": 0,
        "YARDTRK": 0,
        "TRANSITTRK": 0,
        "INDUSTRYTR": 0,
        "OTHRTRK": 0,
        "WDCODE": "",
        "REVISIONDA": "1975/01/01 00:00:00",
        "LASTUPDATE": "2/26/2026",
        "AADT": "1",
        "AADTYEAR": "1970",
        "STATENAME": "TEXAS",
        "STATEAB": "TX",
        "COUNTYNAME": "DENTON",
        "CITYNAME": "DENTON",
        "LATDD": 33.239849,
        "LONGDD": -97.184088,
        "gridlyProductionCertified": true,
        "gridlyClassification": "PUBLIC_ROADWAY",
        "gridlyDisplayName": "PRIVATE ROAD",
        "gridlyId": "FRA-021723W"
      }
    },
    {
      "type": "Feature",
      "id": 203010,
      "geometry": {
        "type": "Point",
        "coordinates": [
          -97.00447500028,
          33.0639540003552
        ]
      },
      "properties": {
        "OBJECTID": 203010,
        "CROSSING": "414711P",
        "EFFDATE": 1773100800000,
        "REASON": "22",
        "StateCode": "48",
        "CountyCode": "48121",
        "STCYFIPS": "48121",
        "CITYCD": "481213960",
        "RAILROAD": "DCTA",
        "RRDIV": "CENTRAL",
        "RRSUBDIV": "DENTON",
        "HIGHWAY": "ls0000",
        "STREET": "JONES STreet",
        "TTSTN": "663778",
        "MILEPOST": "0735.25",
        "TYPEXING": "Public",
        "POSXING": "At Grade",
        "PRVCAT": "22",
        "INIT": "1",
        "LATITUDE": 33.063954,
        "LONGITUD": -97.004475,
        "LLSOURCE": "1",
        "WHISTBAN": "1",
        "RRCONT": "9728290901",
        "POLCONT": "9728290901",
        "INV_LINK": "https://safetydata.fra.dot.gov/OfficeofSafety/PublicSite/Crossing/Crossing.aspx?phasetype=C&rpttype=I&txtcrossingnum=414711P",
        "ACC_LINK": "https://safetydata.fra.dot.gov/OfficeofSafety/PublicSite/Crossing/Crossing.aspx?phasetype=C&rpttype=A&txtcrossingnum=414711P",
        "TTSTNNAM": "LEWISVILLE",
        "XPURPOSE": "1",
        "OPERATINGR": "DCTA",
        "OPERATIN_1": "Primary",
        "DAYTHRU": 50,
        "NGHTTHRU": 17,
        "MAINTRK": 1,
        "SIDINGTRK": 0,
        "YARDTRK": 0,
        "TRANSITTRK": 0,
        "INDUSTRYTR": 0,
        "OTHRTRK": 0,
        "WDCODE": "Four Quad (full barrier) Gates",
        "REVISIONDA": "2009/01/01 00:00:00",
        "LASTUPDATE": "3/10/2026",
        "AADT": "002500",
        "AADTYEAR": "2025",
        "STATENAME": "TEXAS",
        "STATEAB": "TX",
        "COUNTYNAME": "DENTON",
        "CITYNAME": "LEWISVILLE",
        "LATDD": 33.063954,
        "LONGDD": -97.004475,
        "gridlyProductionCertified": true,
        "gridlyClassification": "PUBLIC_ROADWAY",
        "gridlyDisplayName": "JONES STreet",
        "gridlyId": "FRA-414711P"
      }
    },
    {
      "type": "Feature",
      "id": 203027,
      "geometry": {
        "type": "Point",
        "coordinates": [
          -97.196793999832,
          33.2676920001832
        ]
      },
      "properties": {
        "OBJECTID": 203027,
        "CROSSING": "021728F",
        "EFFDATE": 1772064000000,
        "REASON": "14",
        "StateCode": "48",
        "CountyCode": "48121",
        "STCYFIPS": "48121",
        "CITYCD": "481211840",
        "RAILROAD": "KCS",
        "RRDIV": "Speedway",
        "RRSUBDIV": "Alliance",
        "HIGHWAY": "CO 0186",
        "STREET": "BARTHOLD ROAD",
        "TTSTN": "663751",
        "MILEPOST": "0108.740",
        "TYPEXING": "Public",
        "POSXING": "At Grade",
        "PRVCAT": "14",
        "INIT": "1",
        "LATITUDE": 33.267692,
        "LONGITUD": -97.196794,
        "LLSOURCE": "1",
        "WHISTBAN": "0",
        "RRCONT": "3186766269",
        "POLCONT": "8775279464",
        "INV_LINK": "https://safetydata.fra.dot.gov/OfficeofSafety/PublicSite/Crossing/Crossing.aspx?phasetype=C&rpttype=I&txtcrossingnum=021728F",
        "ACC_LINK": "https://safetydata.fra.dot.gov/OfficeofSafety/PublicSite/Crossing/Crossing.aspx?phasetype=C&rpttype=A&txtcrossingnum=021728F",
        "TTSTNNAM": "663751",
        "XPURPOSE": "1",
        "OPERATINGR": "CPKC",
        "OPERATIN_1": "Primary",
        "DAYTHRU": 1,
        "NGHTTHRU": 1,
        "MAINTRK": 1,
        "SIDINGTRK": 0,
        "YARDTRK": 0,
        "TRANSITTRK": 0,
        "INDUSTRYTR": 0,
        "OTHRTRK": 0,
        "WDCODE": "Crossbucks",
        "REVISIONDA": "1975/01/01 00:00:00",
        "LASTUPDATE": "2/26/2026",
        "AADT": "112",
        "AADTYEAR": "2019",
        "STATENAME": "TEXAS",
        "STATEAB": "TX",
        "COUNTYNAME": "DENTON",
        "CITYNAME": "DENTON",
        "LATDD": 33.267692,
        "LONGDD": -97.196794,
        "gridlyProductionCertified": true,
        "gridlyClassification": "PUBLIC_ROADWAY",
        "gridlyDisplayName": "BARTHOLD ROAD",
        "gridlyId": "FRA-021728F"
      }
    },
    {
      "type": "Feature",
      "id": 203044,
      "geometry": {
        "type": "Point",
        "coordinates": [
          -97.0857140001672,
          33.0932459999268
        ]
      },
      "properties": {
        "OBJECTID": 203044,
        "CROSSING": "021683B",
        "EFFDATE": 1772409600000,
        "REASON": "14",
        "StateCode": "48",
        "CountyCode": "48121",
        "STCYFIPS": "48121",
        "CITYCD": "481212395",
        "RAILROAD": "KCS",
        "RRDIV": "Speedway",
        "RRSUBDIV": "ALLIANCE",
        "HIGHWAY": "PVT",
        "STREET": "PRIVATE ROAD",
        "TTSTN": "663773",
        "MILEPOST": "0094.95",
        "TYPEXING": "Private",
        "POSXING": "RR Over",
        "PRVCAT": "14",
        "INIT": "1",
        "LATITUDE": 33.093246,
        "LONGITUD": -97.085714,
        "LLSOURCE": "1",
        "WHISTBAN": "0",
        "RRCONT": "3186766269",
        "POLCONT": "8775279464",
        "INV_LINK": "https://safetydata.fra.dot.gov/OfficeofSafety/PublicSite/Crossing/Crossing.aspx?phasetype=C&rpttype=I&txtcrossingnum=021683B",
        "ACC_LINK": "https://safetydata.fra.dot.gov/OfficeofSafety/PublicSite/Crossing/Crossing.aspx?phasetype=C&rpttype=A&txtcrossingnum=021683B",
        "TTSTNNAM": "MINCHIN",
        "XPURPOSE": "1",
        "OPERATINGR": "CPKC",
        "OPERATIN_1": "Primary",
        "DAYTHRU": 1,
        "NGHTTHRU": 1,
        "MAINTRK": 1,
        "SIDINGTRK": 0,
        "YARDTRK": 0,
        "TRANSITTRK": 0,
        "INDUSTRYTR": 0,
        "OTHRTRK": 0,
        "WDCODE": "",
        "REVISIONDA": "1975/01/01 00:00:00",
        "LASTUPDATE": "3/2/2026",
        "AADT": "",
        "AADTYEAR": "1970",
        "STATENAME": "TEXAS",
        "STATEAB": "TX",
        "COUNTYNAME": "DENTON",
        "CITYNAME": "FLOWER MOUND",
        "LATDD": 33.093246,
        "LONGDD": -97.085714,
        "gridlyProductionCertified": true,
        "gridlyClassification": "PUBLIC_ROADWAY",
        "gridlyDisplayName": "PRIVATE ROAD",
        "gridlyId": "FRA-021683B"
      }
    },
    {
      "type": "Feature",
      "id": 203050,
      "geometry": {
        "type": "Point",
        "coordinates": [
          -97.1702679999468,
          33.2149251002154
        ]
      },
      "properties": {
        "OBJECTID": 203050,
        "CROSSING": "021780K",
        "EFFDATE": 1772064000000,
        "REASON": "14",
        "StateCode": "48",
        "CountyCode": "48121",
        "STCYFIPS": "48121",
        "CITYCD": "481211840",
        "RAILROAD": "KCS",
        "RRDIV": "Speedway",
        "RRSUBDIV": "Alliance",
        "HIGHWAY": "NA",
        "STREET": "West Oak Street",
        "TTSTN": "",
        "MILEPOST": "0104.770",
        "TYPEXING": "Public",
        "POSXING": "At Grade",
        "PRVCAT": "14",
        "INIT": "1",
        "LATITUDE": 33.2149251,
        "LONGITUD": -97.170268,
        "LLSOURCE": "1",
        "WHISTBAN": "",
        "RRCONT": "3186766269",
        "POLCONT": "8775279464",
        "INV_LINK": "https://safetydata.fra.dot.gov/OfficeofSafety/PublicSite/Crossing/Crossing.aspx?phasetype=C&rpttype=I&txtcrossingnum=021780K",
        "ACC_LINK": "https://safetydata.fra.dot.gov/OfficeofSafety/PublicSite/Crossing/Crossing.aspx?phasetype=C&rpttype=A&txtcrossingnum=021780K",
        "TTSTNNAM": "",
        "XPURPOSE": "1",
        "OPERATINGR": "CPKC",
        "OPERATIN_1": "Primary",
        "DAYTHRU": 1,
        "NGHTTHRU": 1,
        "MAINTRK": 1,
        "SIDINGTRK": 0,
        "YARDTRK": 0,
        "TRANSITTRK": 0,
        "INDUSTRYTR": 0,
        "OTHRTRK": 0,
        "WDCODE": "All other Gates",
        "REVISIONDA": "1975/01/01 00:00:00",
        "LASTUPDATE": "2/26/2026",
        "AADT": "2225",
        "AADTYEAR": "2019",
        "STATENAME": "TEXAS",
        "STATEAB": "TX",
        "COUNTYNAME": "DENTON",
        "CITYNAME": "DENTON",
        "LATDD": 33.2149251,
        "LONGDD": -97.170268,
        "gridlyProductionCertified": true,
        "gridlyClassification": "PUBLIC_ROADWAY",
        "gridlyDisplayName": "West Oak Street",
        "gridlyId": "FRA-021780K"
      }
    },
    {
      "type": "Feature",
      "id": 203396,
      "geometry": {
        "type": "Point",
        "coordinates": [
          -97.2321689999504,
          32.997085000076
        ]
      },
      "properties": {
        "OBJECTID": 203396,
        "CROSSING": "795344J",
        "EFFDATE": 1706572800000,
        "REASON": "21",
        "StateCode": "48",
        "CountyCode": "48121",
        "STCYFIPS": "48121",
        "CITYCD": "481215820",
        "RAILROAD": "UNK",
        "RRDIV": "TEXOMA",
        "RRSUBDIV": "Choctaw Sub",
        "HIGHWAY": "ST 0000",
        "STREET": "BENSON LANE",
        "TTSTN": "663798",
        "MILEPOST": "0735.552",
        "TYPEXING": "Public",
        "POSXING": "At Grade",
        "PRVCAT": "21",
        "INIT": "1",
        "LATITUDE": 32.997085,
        "LONGITUD": -97.232169,
        "LLSOURCE": "1",
        "WHISTBAN": "0",
        "RRCONT": "4025443721",
        "POLCONT": "8008488715",
        "INV_LINK": "https://safetydata.fra.dot.gov/OfficeofSafety/PublicSite/Crossing/Crossing.aspx?phasetype=C&rpttype=I&txtcrossingnum=795344J",
        "ACC_LINK": "https://safetydata.fra.dot.gov/OfficeofSafety/PublicSite/Crossing/Crossing.aspx?phasetype=C&rpttype=A&txtcrossingnum=795344J",
        "TTSTNNAM": "",
        "XPURPOSE": "1",
        "OPERATINGR": "UNK",
        "OPERATIN_1": "Primary",
        "DAYTHRU": 0,
        "NGHTTHRU": 0,
        "MAINTRK": 0,
        "SIDINGTRK": 0,
        "YARDTRK": 0,
        "TRANSITTRK": 0,
        "INDUSTRYTR": 1,
        "OTHRTRK": 2,
        "WDCODE": "Crossbucks",
        "REVISIONDA": "2017/11/14 00:00:00",
        "LASTUPDATE": "1/30/2024",
        "AADT": "186",
        "AADTYEAR": "2019",
        "STATENAME": "TEXAS",
        "STATEAB": "TX",
        "COUNTYNAME": "DENTON",
        "CITYNAME": "ROANOKE",
        "LATDD": 32.997085,
        "LONGDD": -97.232169,
        "gridlyProductionCertified": true,
        "gridlyClassification": "PUBLIC_ROADWAY",
        "gridlyDisplayName": "BENSON LANE",
        "gridlyId": "FRA-795344J"
      }
    },
    {
      "type": "Feature",
      "id": 203547,
      "geometry": {
        "type": "Point",
        "coordinates": [
          -97.0173959999158,
          33.0716679998429
        ]
      },
      "properties": {
        "OBJECTID": 203547,
        "CROSSING": "414708G",
        "EFFDATE": 1773100800000,
        "REASON": "22",
        "StateCode": "48",
        "CountyCode": "48121",
        "STCYFIPS": "48121",
        "CITYCD": "481213960",
        "RAILROAD": "DCTA",
        "RRDIV": "CENTRAL",
        "RRSUBDIV": "DENTON",
        "HIGHWAY": "ls0000",
        "STREET": "LAKE PARK  RoaD",
        "TTSTN": "663778",
        "MILEPOST": "0734.30",
        "TYPEXING": "Public",
        "POSXING": "At Grade",
        "PRVCAT": "22",
        "INIT": "1",
        "LATITUDE": 33.071668,
        "LONGITUD": -97.017396,
        "LLSOURCE": "1",
        "WHISTBAN": "1",
        "RRCONT": "9728290901",
        "POLCONT": "9728290901",
        "INV_LINK": "https://safetydata.fra.dot.gov/OfficeofSafety/PublicSite/Crossing/Crossing.aspx?phasetype=C&rpttype=I&txtcrossingnum=414708G",
        "ACC_LINK": "https://safetydata.fra.dot.gov/OfficeofSafety/PublicSite/Crossing/Crossing.aspx?phasetype=C&rpttype=A&txtcrossingnum=414708G",
        "TTSTNNAM": "LEWISVILLE",
        "XPURPOSE": "1",
        "OPERATINGR": "DCTA",
        "OPERATIN_1": "Primary",
        "DAYTHRU": 50,
        "NGHTTHRU": 17,
        "MAINTRK": 1,
        "SIDINGTRK": 0,
        "YARDTRK": 0,
        "TRANSITTRK": 0,
        "INDUSTRYTR": 0,
        "OTHRTRK": 0,
        "WDCODE": "All other Gates",
        "REVISIONDA": "2009/01/01 00:00:00",
        "LASTUPDATE": "3/10/2026",
        "AADT": "011400",
        "AADTYEAR": "2025",
        "STATENAME": "TEXAS",
        "STATEAB": "TX",
        "COUNTYNAME": "DENTON",
        "CITYNAME": "LEWISVILLE",
        "LATDD": 33.071668,
        "LONGDD": -97.017396,
        "gridlyProductionCertified": true,
        "gridlyClassification": "PUBLIC_ROADWAY",
        "gridlyDisplayName": "LAKE PARK  RoaD",
        "gridlyId": "FRA-414708G"
      }
    },
    {
      "type": "Feature",
      "id": 203548,
      "geometry": {
        "type": "Point",
        "coordinates": [
          -96.9852150002142,
          33.0441780001943
        ]
      },
      "properties": {
        "OBJECTID": 203548,
        "CROSSING": "415873V",
        "EFFDATE": 1773100800000,
        "REASON": "22",
        "StateCode": "48",
        "CountyCode": "48121",
        "STCYFIPS": "48121",
        "CITYCD": "481213960",
        "RAILROAD": "DCTA",
        "RRDIV": "CENTRAL",
        "RRSUBDIV": "DENTON",
        "HIGHWAY": "PV 0000",
        "STREET": "PRIVATE CROSSING- Andes Metal",
        "TTSTN": "663778",
        "MILEPOST": "0736.90",
        "TYPEXING": "Private",
        "POSXING": "At Grade",
        "PRVCAT": "22",
        "INIT": "1",
        "LATITUDE": 33.044178,
        "LONGITUD": -96.985215,
        "LLSOURCE": "1",
        "WHISTBAN": "1",
        "RRCONT": "9728290901",
        "POLCONT": "9728290901",
        "INV_LINK": "https://safetydata.fra.dot.gov/OfficeofSafety/PublicSite/Crossing/Crossing.aspx?phasetype=C&rpttype=I&txtcrossingnum=415873V",
        "ACC_LINK": "https://safetydata.fra.dot.gov/OfficeofSafety/PublicSite/Crossing/Crossing.aspx?phasetype=C&rpttype=A&txtcrossingnum=415873V",
        "TTSTNNAM": "LEWISVILLE",
        "XPURPOSE": "1",
        "OPERATINGR": "DCTA",
        "OPERATIN_1": "Primary",
        "DAYTHRU": 50,
        "NGHTTHRU": 17,
        "MAINTRK": 1,
        "SIDINGTRK": 0,
        "YARDTRK": 0,
        "TRANSITTRK": 0,
        "INDUSTRYTR": 0,
        "OTHRTRK": 0,
        "WDCODE": "",
        "REVISIONDA": "2009/01/01 00:00:00",
        "LASTUPDATE": "3/10/2026",
        "AADT": "53",
        "AADTYEAR": "2016",
        "STATENAME": "TEXAS",
        "STATEAB": "TX",
        "COUNTYNAME": "DENTON",
        "CITYNAME": "LEWISVILLE",
        "LATDD": 33.044178,
        "LONGDD": -96.985215,
        "gridlyProductionCertified": true,
        "gridlyClassification": "PUBLIC_ROADWAY",
        "gridlyDisplayName": "PRIVATE CROSSING- Andes Metal",
        "gridlyId": "FRA-415873V"
      }
    },
    {
      "type": "Feature",
      "id": 203612,
      "geometry": {
        "type": "Point",
        "coordinates": [
          -96.8650059999336,
          33.0247480996534
        ]
      },
      "properties": {
        "OBJECTID": 203612,
        "CROSSING": "672144J",
        "EFFDATE": 1770681600000,
        "REASON": "14",
        "StateCode": "48",
        "CountyCode": "48121",
        "STCYFIPS": "48121",
        "CITYCD": "481211190",
        "RAILROAD": "BNSF",
        "RRDIV": "RED RIVER",
        "RRSUBDIV": "MADILL",
        "HIGHWAY": "LS0000",
        "STREET": "HERBRON PARKWAY",
        "TTSTN": "663768",
        "MILEPOST": "0694.810",
        "TYPEXING": "Public",
        "POSXING": "At Grade",
        "PRVCAT": "14",
        "INIT": "2",
        "LATITUDE": 33.0247481,
        "LONGITUD": -96.865006,
        "LLSOURCE": "1",
        "WHISTBAN": "1",
        "RRCONT": "8173521549",
        "POLCONT": "8008325452",
        "INV_LINK": "https://safetydata.fra.dot.gov/OfficeofSafety/PublicSite/Crossing/Crossing.aspx?phasetype=C&rpttype=I&txtcrossingnum=672144J",
        "ACC_LINK": "https://safetydata.fra.dot.gov/OfficeofSafety/PublicSite/Crossing/Crossing.aspx?phasetype=C&rpttype=A&txtcrossingnum=672144J",
        "TTSTNNAM": "HEBRON",
        "XPURPOSE": "1",
        "OPERATINGR": "BNSF",
        "OPERATIN_1": "Primary",
        "DAYTHRU": 3,
        "NGHTTHRU": 2,
        "MAINTRK": 1,
        "SIDINGTRK": 0,
        "YARDTRK": 0,
        "TRANSITTRK": 0,
        "INDUSTRYTR": 0,
        "OTHRTRK": 0,
        "WDCODE": "All other Gates",
        "REVISIONDA": "1996/01/01 00:00:00",
        "LASTUPDATE": "2/10/2026",
        "AADT": "39112",
        "AADTYEAR": "2024",
        "STATENAME": "TEXAS",
        "STATEAB": "TX",
        "COUNTYNAME": "DENTON",
        "CITYNAME": "CARROLLTON",
        "LATDD": 33.0247481,
        "LONGDD": -96.865006,
        "gridlyProductionCertified": true,
        "gridlyClassification": "PUBLIC_ROADWAY",
        "gridlyDisplayName": "HERBRON PARKWAY",
        "gridlyId": "FRA-672144J"
      }
    },
    {
      "type": "Feature",
      "id": 203617,
      "geometry": {
        "type": "Point",
        "coordinates": [
          -96.8612080001675,
          33.0384003002091
        ]
      },
      "properties": {
        "OBJECTID": 203617,
        "CROSSING": "672142V",
        "EFFDATE": 1770681600000,
        "REASON": "14",
        "StateCode": "48",
        "CountyCode": "48121",
        "STCYFIPS": "48121",
        "CITYCD": "481211190",
        "RAILROAD": "BNSF",
        "RRDIV": "RED RIVER",
        "RRSUBDIV": "MADILL",
        "HIGHWAY": "FM0544",
        "STREET": "FM0544 / PLANO PARKWAY",
        "TTSTN": "663768",
        "MILEPOST": "0693.870",
        "TYPEXING": "Public",
        "POSXING": "At Grade",
        "PRVCAT": "14",
        "INIT": "2",
        "LATITUDE": 33.0384003,
        "LONGITUD": -96.861208,
        "LLSOURCE": "1",
        "WHISTBAN": "1",
        "RRCONT": "8173521549",
        "POLCONT": "8008325452",
        "INV_LINK": "https://safetydata.fra.dot.gov/OfficeofSafety/PublicSite/Crossing/Crossing.aspx?phasetype=C&rpttype=I&txtcrossingnum=672142V",
        "ACC_LINK": "https://safetydata.fra.dot.gov/OfficeofSafety/PublicSite/Crossing/Crossing.aspx?phasetype=C&rpttype=A&txtcrossingnum=672142V",
        "TTSTNNAM": "HEBRON",
        "XPURPOSE": "1",
        "OPERATINGR": "BNSF",
        "OPERATIN_1": "Primary",
        "DAYTHRU": 3,
        "NGHTTHRU": 2,
        "MAINTRK": 1,
        "SIDINGTRK": 0,
        "YARDTRK": 0,
        "TRANSITTRK": 0,
        "INDUSTRYTR": 0,
        "OTHRTRK": 0,
        "WDCODE": "All other Gates",
        "REVISIONDA": "1996/01/01 00:00:00",
        "LASTUPDATE": "2/10/2026",
        "AADT": "22838",
        "AADTYEAR": "2023",
        "STATENAME": "TEXAS",
        "STATEAB": "TX",
        "COUNTYNAME": "DENTON",
        "CITYNAME": "CARROLLTON",
        "LATDD": 33.0384003,
        "LONGDD": -96.861208,
        "gridlyProductionCertified": true,
        "gridlyClassification": "PUBLIC_ROADWAY",
        "gridlyDisplayName": "FM0544 / PLANO PARKWAY",
        "gridlyId": "FRA-672142V"
      }
    },
    {
      "type": "Feature",
      "id": 203767,
      "geometry": {
        "type": "Point",
        "coordinates": [
          -97.1816470000749,
          33.2035289999914
        ]
      },
      "properties": {
        "OBJECTID": 203767,
        "CROSSING": "969761C",
        "EFFDATE": 1772064000000,
        "REASON": "14",
        "StateCode": "48",
        "CountyCode": "48121",
        "STCYFIPS": "48121",
        "CITYCD": "481211840",
        "RAILROAD": "KCS",
        "RRDIV": "Speedway",
        "RRSUBDIV": "Alliance",
        "HIGHWAY": "NA",
        "STREET": "Tetra Pak-Union Camp",
        "TTSTN": "",
        "MILEPOST": "0104.800",
        "TYPEXING": "Private",
        "POSXING": "At Grade",
        "PRVCAT": "14",
        "INIT": "1",
        "LATITUDE": 33.203529,
        "LONGITUD": -97.181647,
        "LLSOURCE": "1",
        "WHISTBAN": "",
        "RRCONT": "3186766269",
        "POLCONT": "8775279464",
        "INV_LINK": "https://safetydata.fra.dot.gov/OfficeofSafety/PublicSite/Crossing/Crossing.aspx?phasetype=C&rpttype=I&txtcrossingnum=969761C",
        "ACC_LINK": "https://safetydata.fra.dot.gov/OfficeofSafety/PublicSite/Crossing/Crossing.aspx?phasetype=C&rpttype=A&txtcrossingnum=969761C",
        "TTSTNNAM": "Denton",
        "XPURPOSE": "1",
        "OPERATINGR": "CPKC",
        "OPERATIN_1": "Primary",
        "DAYTHRU": 0,
        "NGHTTHRU": 0,
        "MAINTRK": 0,
        "SIDINGTRK": 0,
        "YARDTRK": 0,
        "TRANSITTRK": 0,
        "INDUSTRYTR": 3,
        "OTHRTRK": 0,
        "WDCODE": "",
        "REVISIONDA": "1975/01/01 00:00:00",
        "LASTUPDATE": "2/26/2026",
        "AADT": "",
        "AADTYEAR": "",
        "STATENAME": "TEXAS",
        "STATEAB": "TX",
        "COUNTYNAME": "DENTON",
        "CITYNAME": "DENTON",
        "LATDD": 33.203529,
        "LONGDD": -97.181647,
        "gridlyProductionCertified": true,
        "gridlyClassification": "PUBLIC_ROADWAY",
        "gridlyDisplayName": "Tetra Pak-Union Camp",
        "gridlyId": "FRA-969761C"
      }
    },
    {
      "type": "Feature",
      "id": 203788,
      "geometry": {
        "type": "Point",
        "coordinates": [
          -97.0012869997109,
          33.0591230002858
        ]
      },
      "properties": {
        "OBJECTID": 203788,
        "CROSSING": "021664W",
        "EFFDATE": 1772409600000,
        "REASON": "14",
        "StateCode": "48",
        "CountyCode": "48121",
        "STCYFIPS": "48121",
        "CITYCD": "481213960",
        "RAILROAD": "KCS",
        "RRDIV": "Speedway",
        "RRSUBDIV": "Alliance",
        "HIGHWAY": "NA",
        "STREET": "COWAN AVE",
        "TTSTN": "663773",
        "MILEPOST": "0089.400",
        "TYPEXING": "Public",
        "POSXING": "RR Over",
        "PRVCAT": "14",
        "INIT": "1",
        "LATITUDE": 33.059123,
        "LONGITUD": -97.001287,
        "LLSOURCE": "1",
        "WHISTBAN": "0",
        "RRCONT": "3186766269",
        "POLCONT": "8775279464",
        "INV_LINK": "https://safetydata.fra.dot.gov/OfficeofSafety/PublicSite/Crossing/Crossing.aspx?phasetype=C&rpttype=I&txtcrossingnum=021664W",
        "ACC_LINK": "https://safetydata.fra.dot.gov/OfficeofSafety/PublicSite/Crossing/Crossing.aspx?phasetype=C&rpttype=A&txtcrossingnum=021664W",
        "TTSTNNAM": "663773",
        "XPURPOSE": "1",
        "OPERATINGR": "CPKC",
        "OPERATIN_1": "Primary",
        "DAYTHRU": 1,
        "NGHTTHRU": 1,
        "MAINTRK": 1,
        "SIDINGTRK": 0,
        "YARDTRK": 0,
        "TRANSITTRK": 0,
        "INDUSTRYTR": 0,
        "OTHRTRK": 0,
        "WDCODE": "",
        "REVISIONDA": "1975/01/01 00:00:00",
        "LASTUPDATE": "3/2/2026",
        "AADT": "4760",
        "AADTYEAR": "2004",
        "STATENAME": "TEXAS",
        "STATEAB": "TX",
        "COUNTYNAME": "DENTON",
        "CITYNAME": "LEWISVILLE",
        "LATDD": 33.059123,
        "LONGDD": -97.001287,
        "gridlyProductionCertified": true,
        "gridlyClassification": "PUBLIC_ROADWAY",
        "gridlyDisplayName": "COWAN AVE",
        "gridlyId": "FRA-021664W"
      }
    },
    {
      "type": "Feature",
      "id": 203909,
      "geometry": {
        "type": "Point",
        "coordinates": [
          -96.8542469999466,
          33.0213931000251
        ]
      },
      "properties": {
        "OBJECTID": 203909,
        "CROSSING": "021767W",
        "EFFDATE": 1772064000000,
        "REASON": "14",
        "StateCode": "48",
        "CountyCode": "48121",
        "STCYFIPS": "48121",
        "CITYCD": "481211190",
        "RAILROAD": "KCS",
        "RRDIV": "Speedway",
        "RRSUBDIV": "Alliance",
        "HIGHWAY": "FM 544",
        "STREET": "MARSH LANE",
        "TTSTN": "667232",
        "MILEPOST": "0080.120",
        "TYPEXING": "Public",
        "POSXING": "At Grade",
        "PRVCAT": "14",
        "INIT": "1",
        "LATITUDE": 33.0213931,
        "LONGITUD": -96.854247,
        "LLSOURCE": "1",
        "WHISTBAN": "0",
        "RRCONT": "3186766269",
        "POLCONT": "8775279464",
        "INV_LINK": "https://safetydata.fra.dot.gov/OfficeofSafety/PublicSite/Crossing/Crossing.aspx?phasetype=C&rpttype=I&txtcrossingnum=021767W",
        "ACC_LINK": "https://safetydata.fra.dot.gov/OfficeofSafety/PublicSite/Crossing/Crossing.aspx?phasetype=C&rpttype=A&txtcrossingnum=021767W",
        "TTSTNNAM": "667232",
        "XPURPOSE": "1",
        "OPERATINGR": "CPKC",
        "OPERATIN_1": "Primary",
        "DAYTHRU": 1,
        "NGHTTHRU": 1,
        "MAINTRK": 1,
        "SIDINGTRK": 0,
        "YARDTRK": 0,
        "TRANSITTRK": 0,
        "INDUSTRYTR": 0,
        "OTHRTRK": 0,
        "WDCODE": "All other Gates",
        "REVISIONDA": "1975/01/01 00:00:00",
        "LASTUPDATE": "2/26/2026",
        "AADT": "13852",
        "AADTYEAR": "2019",
        "STATENAME": "TEXAS",
        "STATEAB": "TX",
        "COUNTYNAME": "DENTON",
        "CITYNAME": "CARROLLTON",
        "LATDD": 33.0213931,
        "LONGDD": -96.854247,
        "gridlyProductionCertified": true,
        "gridlyClassification": "PUBLIC_ROADWAY",
        "gridlyDisplayName": "MARSH LANE",
        "gridlyId": "FRA-021767W"
      }
    },
    {
      "type": "Feature",
      "id": 203944,
      "geometry": {
        "type": "Point",
        "coordinates": [
          -97.182187999675,
          33.2192499998278
        ]
      },
      "properties": {
        "OBJECTID": 203944,
        "CROSSING": "021769K",
        "EFFDATE": 1772064000000,
        "REASON": "14",
        "StateCode": "48",
        "CountyCode": "48121",
        "STCYFIPS": "48121",
        "CITYCD": "481211840",
        "RAILROAD": "KCS",
        "RRDIV": "Speedway",
        "RRSUBDIV": "Alliance",
        "HIGHWAY": "ST 0000",
        "STREET": "JIM CHRISTAL ROAD",
        "TTSTN": "663730",
        "MILEPOST": "0105.400",
        "TYPEXING": "Public",
        "POSXING": "At Grade",
        "PRVCAT": "14",
        "INIT": "1",
        "LATITUDE": 33.21925,
        "LONGITUD": -97.182188,
        "LLSOURCE": "1",
        "WHISTBAN": "0",
        "RRCONT": "3186766269",
        "POLCONT": "8775279464",
        "INV_LINK": "https://safetydata.fra.dot.gov/OfficeofSafety/PublicSite/Crossing/Crossing.aspx?phasetype=C&rpttype=I&txtcrossingnum=021769K",
        "ACC_LINK": "https://safetydata.fra.dot.gov/OfficeofSafety/PublicSite/Crossing/Crossing.aspx?phasetype=C&rpttype=A&txtcrossingnum=021769K",
        "TTSTNNAM": "663730",
        "XPURPOSE": "1",
        "OPERATINGR": "CPKC",
        "OPERATIN_1": "Primary",
        "DAYTHRU": 0,
        "NGHTTHRU": 0,
        "MAINTRK": 0,
        "SIDINGTRK": 0,
        "YARDTRK": 0,
        "TRANSITTRK": 0,
        "INDUSTRYTR": 1,
        "OTHRTRK": 1,
        "WDCODE": "Crossbucks",
        "REVISIONDA": "1975/01/01 00:00:00",
        "LASTUPDATE": "2/26/2026",
        "AADT": "1832",
        "AADTYEAR": "2019",
        "STATENAME": "TEXAS",
        "STATEAB": "TX",
        "COUNTYNAME": "DENTON",
        "CITYNAME": "DENTON",
        "LATDD": 33.21925,
        "LONGDD": -97.182188,
        "gridlyProductionCertified": true,
        "gridlyClassification": "PUBLIC_ROADWAY",
        "gridlyDisplayName": "JIM CHRISTAL ROAD",
        "gridlyId": "FRA-021769K"
      }
    },
    {
      "type": "Feature",
      "id": 203990,
      "geometry": {
        "type": "Point",
        "coordinates": [
          -97.1419260000192,
          33.1604990999474
        ]
      },
      "properties": {
        "OBJECTID": 203990,
        "CROSSING": "021700P",
        "EFFDATE": 1777420800000,
        "REASON": "14",
        "StateCode": "48",
        "CountyCode": "48121",
        "STCYFIPS": "48121",
        "CITYCD": "481211840",
        "RAILROAD": "KCS",
        "RRDIV": "Speedway",
        "RRSUBDIV": "Alliance",
        "HIGHWAY": "FM1830",
        "STREET": "FM1830 / COUNTRY CLUB ROAD",
        "TTSTN": "663773",
        "MILEPOST": "0100.640",
        "TYPEXING": "Public",
        "POSXING": "At Grade",
        "PRVCAT": "14",
        "INIT": "1",
        "LATITUDE": 33.1604991,
        "LONGITUD": -97.141926,
        "LLSOURCE": "1",
        "WHISTBAN": "0",
        "RRCONT": "3186766269",
        "POLCONT": "8775279464",
        "INV_LINK": "https://safetydata.fra.dot.gov/OfficeofSafety/PublicSite/Crossing/Crossing.aspx?phasetype=C&rpttype=I&txtcrossingnum=021700P",
        "ACC_LINK": "https://safetydata.fra.dot.gov/OfficeofSafety/PublicSite/Crossing/Crossing.aspx?phasetype=C&rpttype=A&txtcrossingnum=021700P",
        "TTSTNNAM": "663773",
        "XPURPOSE": "1",
        "OPERATINGR": "CPKC",
        "OPERATIN_1": "Primary",
        "DAYTHRU": 1,
        "NGHTTHRU": 1,
        "MAINTRK": 1,
        "SIDINGTRK": 0,
        "YARDTRK": 0,
        "TRANSITTRK": 0,
        "INDUSTRYTR": 0,
        "OTHRTRK": 0,
        "WDCODE": "All other Gates",
        "REVISIONDA": "1975/01/01 00:00:00",
        "LASTUPDATE": "4/29/2026",
        "AADT": "9880",
        "AADTYEAR": "2024",
        "STATENAME": "TEXAS",
        "STATEAB": "TX",
        "COUNTYNAME": "DENTON",
        "CITYNAME": "DENTON",
        "LATDD": 33.1604991,
        "LONGDD": -97.141926,
        "gridlyProductionCertified": true,
        "gridlyClassification": "PUBLIC_ROADWAY",
        "gridlyDisplayName": "FM1830 / COUNTRY CLUB ROAD",
        "gridlyId": "FRA-021700P"
      }
    },
    {
      "type": "Feature",
      "id": 203991,
      "geometry": {
        "type": "Point",
        "coordinates": [
          -97.1595969998233,
          33.190743099903
        ]
      },
      "properties": {
        "OBJECTID": 203991,
        "CROSSING": "021708U",
        "EFFDATE": 1777420800000,
        "REASON": "14",
        "StateCode": "48",
        "CountyCode": "48121",
        "STCYFIPS": "48121",
        "CITYCD": "481211840",
        "RAILROAD": "KCS",
        "RRDIV": "Speedway",
        "RRSUBDIV": "Alliance",
        "HIGHWAY": "LS0000",
        "STREET": "PARVIN STREET",
        "TTSTN": "663773",
        "MILEPOST": "0103.000",
        "TYPEXING": "Public",
        "POSXING": "At Grade",
        "PRVCAT": "14",
        "INIT": "1",
        "LATITUDE": 33.1907431,
        "LONGITUD": -97.159597,
        "LLSOURCE": "1",
        "WHISTBAN": "0",
        "RRCONT": "3186766269",
        "POLCONT": "8775279464",
        "INV_LINK": "https://safetydata.fra.dot.gov/OfficeofSafety/PublicSite/Crossing/Crossing.aspx?phasetype=C&rpttype=I&txtcrossingnum=021708U",
        "ACC_LINK": "https://safetydata.fra.dot.gov/OfficeofSafety/PublicSite/Crossing/Crossing.aspx?phasetype=C&rpttype=A&txtcrossingnum=021708U",
        "TTSTNNAM": "663773",
        "XPURPOSE": "1",
        "OPERATINGR": "CPKC",
        "OPERATIN_1": "Primary",
        "DAYTHRU": 1,
        "NGHTTHRU": 1,
        "MAINTRK": 1,
        "SIDINGTRK": 0,
        "YARDTRK": 0,
        "TRANSITTRK": 0,
        "INDUSTRYTR": 0,
        "OTHRTRK": 0,
        "WDCODE": "All other Gates",
        "REVISIONDA": "1975/01/01 00:00:00",
        "LASTUPDATE": "4/29/2026",
        "AADT": "694",
        "AADTYEAR": "2024",
        "STATENAME": "TEXAS",
        "STATEAB": "TX",
        "COUNTYNAME": "DENTON",
        "CITYNAME": "DENTON",
        "LATDD": 33.1907431,
        "LONGDD": -97.159597,
        "gridlyProductionCertified": true,
        "gridlyClassification": "PUBLIC_ROADWAY",
        "gridlyDisplayName": "PARVIN STREET",
        "gridlyId": "FRA-021708U"
      }
    },
    {
      "type": "Feature",
      "id": 203999,
      "geometry": {
        "type": "Point",
        "coordinates": [
          -96.8572670002862,
          33.0247377999274
        ]
      },
      "properties": {
        "OBJECTID": 203999,
        "CROSSING": "021646Y",
        "EFFDATE": 1777420800000,
        "REASON": "14",
        "StateCode": "48",
        "CountyCode": "48121",
        "STCYFIPS": "48121",
        "CITYCD": "481213079",
        "RAILROAD": "KCS",
        "RRDIV": "Speedway",
        "RRSUBDIV": "Alliance",
        "HIGHWAY": "LS0000",
        "STREET": "HEBRON PARKWAY",
        "TTSTN": "668196",
        "MILEPOST": "0080.400",
        "TYPEXING": "Public",
        "POSXING": "At Grade",
        "PRVCAT": "14",
        "INIT": "2",
        "LATITUDE": 33.0247378,
        "LONGITUD": -96.857267,
        "LLSOURCE": "1",
        "WHISTBAN": "0",
        "RRCONT": "3186766269",
        "POLCONT": "8775279464",
        "INV_LINK": "https://safetydata.fra.dot.gov/OfficeofSafety/PublicSite/Crossing/Crossing.aspx?phasetype=C&rpttype=I&txtcrossingnum=021646Y",
        "ACC_LINK": "https://safetydata.fra.dot.gov/OfficeofSafety/PublicSite/Crossing/Crossing.aspx?phasetype=C&rpttype=A&txtcrossingnum=021646Y",
        "TTSTNNAM": "668196",
        "XPURPOSE": "1",
        "OPERATINGR": "CPKC",
        "OPERATIN_1": "Primary",
        "DAYTHRU": 1,
        "NGHTTHRU": 1,
        "MAINTRK": 1,
        "SIDINGTRK": 0,
        "YARDTRK": 0,
        "TRANSITTRK": 0,
        "INDUSTRYTR": 0,
        "OTHRTRK": 0,
        "WDCODE": "All other Gates",
        "REVISIONDA": "1975/01/01 00:00:00",
        "LASTUPDATE": "4/29/2026",
        "AADT": "29492",
        "AADTYEAR": "2019",
        "STATENAME": "TEXAS",
        "STATEAB": "TX",
        "COUNTYNAME": "DENTON",
        "CITYNAME": "HEBRON",
        "LATDD": 33.0247378,
        "LONGDD": -96.857267,
        "gridlyProductionCertified": true,
        "gridlyClassification": "PUBLIC_ROADWAY",
        "gridlyDisplayName": "HEBRON PARKWAY",
        "gridlyId": "FRA-021646Y"
      }
    },
    {
      "type": "Feature",
      "id": 204000,
      "geometry": {
        "type": "Point",
        "coordinates": [
          -97.0574419996615,
          33.0752431003549
        ]
      },
      "properties": {
        "OBJECTID": 204000,
        "CROSSING": "021676R",
        "EFFDATE": 1777420800000,
        "REASON": "14",
        "StateCode": "48",
        "CountyCode": "48121",
        "STCYFIPS": "48121",
        "CITYCD": "481213192",
        "RAILROAD": "KCS",
        "RRDIV": "Speedway",
        "RRSUBDIV": "Alliance",
        "HIGHWAY": "LS0000",
        "STREET": "HIGHLAND VILLAGE ROAD",
        "TTSTN": "663773",
        "MILEPOST": "0092.870",
        "TYPEXING": "Public",
        "POSXING": "At Grade",
        "PRVCAT": "14",
        "INIT": "1",
        "LATITUDE": 33.0752431,
        "LONGITUD": -97.057442,
        "LLSOURCE": "1",
        "WHISTBAN": "0",
        "RRCONT": "3186766269",
        "POLCONT": "8775279464",
        "INV_LINK": "https://safetydata.fra.dot.gov/OfficeofSafety/PublicSite/Crossing/Crossing.aspx?phasetype=C&rpttype=I&txtcrossingnum=021676R",
        "ACC_LINK": "https://safetydata.fra.dot.gov/OfficeofSafety/PublicSite/Crossing/Crossing.aspx?phasetype=C&rpttype=A&txtcrossingnum=021676R",
        "TTSTNNAM": "663773",
        "XPURPOSE": "1",
        "OPERATINGR": "CPKC",
        "OPERATIN_1": "Primary",
        "DAYTHRU": 1,
        "NGHTTHRU": 1,
        "MAINTRK": 1,
        "SIDINGTRK": 0,
        "YARDTRK": 0,
        "TRANSITTRK": 0,
        "INDUSTRYTR": 0,
        "OTHRTRK": 0,
        "WDCODE": "All other Gates",
        "REVISIONDA": "1975/01/01 00:00:00",
        "LASTUPDATE": "4/29/2026",
        "AADT": "5856",
        "AADTYEAR": "2019",
        "STATENAME": "TEXAS",
        "STATEAB": "TX",
        "COUNTYNAME": "DENTON",
        "CITYNAME": "HIGHLAND VILLAGE",
        "LATDD": 33.0752431,
        "LONGDD": -97.057442,
        "gridlyProductionCertified": true,
        "gridlyClassification": "PUBLIC_ROADWAY",
        "gridlyDisplayName": "HIGHLAND VILLAGE ROAD",
        "gridlyId": "FRA-021676R"
      }
    },
    {
      "type": "Feature",
      "id": 204014,
      "geometry": {
        "type": "Point",
        "coordinates": [
          -97.1316320003626,
          33.1470681003548
        ]
      },
      "properties": {
        "OBJECTID": 204014,
        "CROSSING": "021696C",
        "EFFDATE": 1777420800000,
        "REASON": "14",
        "StateCode": "48",
        "CountyCode": "48121",
        "STCYFIPS": "48121",
        "CITYCD": "481211840",
        "RAILROAD": "KCS",
        "RRDIV": "Speedway",
        "RRSUBDIV": "Alliance",
        "HIGHWAY": "CR0440",
        "STREET": "HICKORY CREEK ROAD",
        "TTSTN": "663773",
        "MILEPOST": "0099.540",
        "TYPEXING": "Public",
        "POSXING": "At Grade",
        "PRVCAT": "14",
        "INIT": "1",
        "LATITUDE": 33.1470681,
        "LONGITUD": -97.131632,
        "LLSOURCE": "1",
        "WHISTBAN": "0",
        "RRCONT": "3186766269",
        "POLCONT": "8775279464",
        "INV_LINK": "https://safetydata.fra.dot.gov/OfficeofSafety/PublicSite/Crossing/Crossing.aspx?phasetype=C&rpttype=I&txtcrossingnum=021696C",
        "ACC_LINK": "https://safetydata.fra.dot.gov/OfficeofSafety/PublicSite/Crossing/Crossing.aspx?phasetype=C&rpttype=A&txtcrossingnum=021696C",
        "TTSTNNAM": "663773",
        "XPURPOSE": "1",
        "OPERATINGR": "CPKC",
        "OPERATIN_1": "Primary",
        "DAYTHRU": 1,
        "NGHTTHRU": 1,
        "MAINTRK": 1,
        "SIDINGTRK": 0,
        "YARDTRK": 0,
        "TRANSITTRK": 0,
        "INDUSTRYTR": 0,
        "OTHRTRK": 0,
        "WDCODE": "All other Gates",
        "REVISIONDA": "1975/01/01 00:00:00",
        "LASTUPDATE": "4/29/2026",
        "AADT": "4073",
        "AADTYEAR": "2019",
        "STATENAME": "TEXAS",
        "STATEAB": "TX",
        "COUNTYNAME": "DENTON",
        "CITYNAME": "DENTON",
        "LATDD": 33.1470681,
        "LONGDD": -97.131632,
        "gridlyProductionCertified": true,
        "gridlyClassification": "PUBLIC_ROADWAY",
        "gridlyDisplayName": "HICKORY CREEK ROAD",
        "gridlyId": "FRA-021696C"
      }
    },
    {
      "type": "Feature",
      "id": 204015,
      "geometry": {
        "type": "Point",
        "coordinates": [
          -97.0485189998083,
          33.0715490999805
        ]
      },
      "properties": {
        "OBJECTID": 204015,
        "CROSSING": "021672N",
        "EFFDATE": 1777420800000,
        "REASON": "14",
        "StateCode": "48",
        "CountyCode": "48121",
        "STCYFIPS": "48121",
        "CITYCD": "481212395",
        "RAILROAD": "KCS",
        "RRDIV": "Speedway",
        "RRSUBDIV": "Alliance",
        "HIGHWAY": "FM0407",
        "STREET": "FM0407 / JUSTIN ROAD",
        "TTSTN": "663778",
        "MILEPOST": "0092.300",
        "TYPEXING": "Public",
        "POSXING": "At Grade",
        "PRVCAT": "14",
        "INIT": "1",
        "LATITUDE": 33.0715491,
        "LONGITUD": -97.048519,
        "LLSOURCE": "1",
        "WHISTBAN": "0",
        "RRCONT": "3186766269",
        "POLCONT": "8775279464",
        "INV_LINK": "https://safetydata.fra.dot.gov/OfficeofSafety/PublicSite/Crossing/Crossing.aspx?phasetype=C&rpttype=I&txtcrossingnum=021672N",
        "ACC_LINK": "https://safetydata.fra.dot.gov/OfficeofSafety/PublicSite/Crossing/Crossing.aspx?phasetype=C&rpttype=A&txtcrossingnum=021672N",
        "TTSTNNAM": "663778",
        "XPURPOSE": "1",
        "OPERATINGR": "CPKC",
        "OPERATIN_1": "Primary",
        "DAYTHRU": 1,
        "NGHTTHRU": 1,
        "MAINTRK": 1,
        "SIDINGTRK": 0,
        "YARDTRK": 0,
        "TRANSITTRK": 0,
        "INDUSTRYTR": 0,
        "OTHRTRK": 0,
        "WDCODE": "All other Gates",
        "REVISIONDA": "1975/01/01 00:00:00",
        "LASTUPDATE": "4/29/2026",
        "AADT": "24585",
        "AADTYEAR": "2024",
        "STATENAME": "TEXAS",
        "STATEAB": "TX",
        "COUNTYNAME": "DENTON",
        "CITYNAME": "FLOWER MOUND",
        "LATDD": 33.0715491,
        "LONGDD": -97.048519,
        "gridlyProductionCertified": true,
        "gridlyClassification": "PUBLIC_ROADWAY",
        "gridlyDisplayName": "FM0407 / JUSTIN ROAD",
        "gridlyId": "FRA-021672N"
      }
    },
    {
      "type": "Feature",
      "id": 204041,
      "geometry": {
        "type": "Point",
        "coordinates": [
          -97.2868498995541,
          33.1842021996917
        ]
      },
      "properties": {
        "OBJECTID": 204041,
        "CROSSING": "020565V",
        "EFFDATE": 1777334400000,
        "REASON": "14",
        "StateCode": "48",
        "CountyCode": "48121",
        "STCYFIPS": "48121",
        "CITYCD": "481215416",
        "RAILROAD": "BNSF",
        "RRDIV": "RED RIVER",
        "RRSUBDIV": "FT WORTH",
        "HIGHWAY": "LS0000",
        "STREET": "EASR JAMES STREET",
        "TTSTN": "663783",
        "MILEPOST": "0377.366",
        "TYPEXING": "Public",
        "POSXING": "At Grade",
        "PRVCAT": "14",
        "INIT": "2",
        "LATITUDE": 33.1842022,
        "LONGITUD": -97.2868499,
        "LLSOURCE": "1",
        "WHISTBAN": "0",
        "RRCONT": "8173521549",
        "POLCONT": "8008325452",
        "INV_LINK": "https://safetydata.fra.dot.gov/OfficeofSafety/PublicSite/Crossing/Crossing.aspx?phasetype=C&rpttype=I&txtcrossingnum=020565V",
        "ACC_LINK": "https://safetydata.fra.dot.gov/OfficeofSafety/PublicSite/Crossing/Crossing.aspx?phasetype=C&rpttype=A&txtcrossingnum=020565V",
        "TTSTNNAM": "PONDER",
        "XPURPOSE": "1",
        "OPERATINGR": "BNSF",
        "OPERATIN_1": "Primary",
        "DAYTHRU": 10,
        "NGHTTHRU": 10,
        "MAINTRK": 1,
        "SIDINGTRK": 1,
        "YARDTRK": 1,
        "TRANSITTRK": 0,
        "INDUSTRYTR": 0,
        "OTHRTRK": 2,
        "WDCODE": "All other Gates",
        "REVISIONDA": "1996/01/01 00:00:00",
        "LASTUPDATE": "4/28/2026",
        "AADT": "127",
        "AADTYEAR": "2024",
        "STATENAME": "TEXAS",
        "STATEAB": "TX",
        "COUNTYNAME": "DENTON",
        "CITYNAME": "PONDER",
        "LATDD": 33.1842022,
        "LONGDD": -97.2868499,
        "gridlyProductionCertified": true,
        "gridlyClassification": "PUBLIC_ROADWAY",
        "gridlyDisplayName": "EASR JAMES STREET",
        "gridlyId": "FRA-020565V"
      }
    },
    {
      "type": "Feature",
      "id": 204042,
      "geometry": {
        "type": "Point",
        "coordinates": [
          -97.2870009997782,
          33.18314009993
        ]
      },
      "properties": {
        "OBJECTID": 204042,
        "CROSSING": "020564N",
        "EFFDATE": 1777334400000,
        "REASON": "14",
        "StateCode": "48",
        "CountyCode": "48121",
        "STCYFIPS": "48121",
        "CITYCD": "481215416",
        "RAILROAD": "BNSF",
        "RRDIV": "RED RIVER",
        "RRSUBDIV": "FT WORTH",
        "HIGHWAY": "LS0000",
        "STREET": "EAST BAILEY STREET",
        "TTSTN": "663783",
        "MILEPOST": "0377.293",
        "TYPEXING": "Public",
        "POSXING": "At Grade",
        "PRVCAT": "14",
        "INIT": "2",
        "LATITUDE": 33.1831401,
        "LONGITUD": -97.287001,
        "LLSOURCE": "1",
        "WHISTBAN": "0",
        "RRCONT": "8173521549",
        "POLCONT": "8008325452",
        "INV_LINK": "https://safetydata.fra.dot.gov/OfficeofSafety/PublicSite/Crossing/Crossing.aspx?phasetype=C&rpttype=I&txtcrossingnum=020564N",
        "ACC_LINK": "https://safetydata.fra.dot.gov/OfficeofSafety/PublicSite/Crossing/Crossing.aspx?phasetype=C&rpttype=A&txtcrossingnum=020564N",
        "TTSTNNAM": "PONDER",
        "XPURPOSE": "1",
        "OPERATINGR": "BNSF",
        "OPERATIN_1": "Primary",
        "DAYTHRU": 10,
        "NGHTTHRU": 10,
        "MAINTRK": 1,
        "SIDINGTRK": 1,
        "YARDTRK": 1,
        "TRANSITTRK": 0,
        "INDUSTRYTR": 0,
        "OTHRTRK": 2,
        "WDCODE": "All other Gates",
        "REVISIONDA": "1996/01/01 00:00:00",
        "LASTUPDATE": "4/28/2026",
        "AADT": "313",
        "AADTYEAR": "2024",
        "STATENAME": "TEXAS",
        "STATEAB": "TX",
        "COUNTYNAME": "DENTON",
        "CITYNAME": "PONDER",
        "LATDD": 33.1831401,
        "LONGDD": -97.287001,
        "gridlyProductionCertified": true,
        "gridlyClassification": "PUBLIC_ROADWAY",
        "gridlyDisplayName": "EAST BAILEY STREET",
        "gridlyId": "FRA-020564N"
      }
    },
    {
      "type": "Feature",
      "id": 204049,
      "geometry": {
        "type": "Point",
        "coordinates": [
          -97.1115999998197,
          33.1198920002904
        ]
      },
      "properties": {
        "OBJECTID": 204049,
        "CROSSING": "021692A",
        "EFFDATE": 1772064000000,
        "REASON": "14",
        "StateCode": "48",
        "CountyCode": "48121",
        "STCYFIPS": "48121",
        "CITYCD": "481211545",
        "RAILROAD": "KCS",
        "RRDIV": "Speedway",
        "RRSUBDIV": "Alliance",
        "HIGHWAY": "NA",
        "STREET": "PRIVATE ROAD",
        "TTSTN": "663773",
        "MILEPOST": "0097.320",
        "TYPEXING": "Private",
        "POSXING": "At Grade",
        "PRVCAT": "14",
        "INIT": "1",
        "LATITUDE": 33.119892,
        "LONGITUD": -97.1116,
        "LLSOURCE": "1",
        "WHISTBAN": "0",
        "RRCONT": "3186766269",
        "POLCONT": "8775279464",
        "INV_LINK": "https://safetydata.fra.dot.gov/OfficeofSafety/PublicSite/Crossing/Crossing.aspx?phasetype=C&rpttype=I&txtcrossingnum=021692A",
        "ACC_LINK": "https://safetydata.fra.dot.gov/OfficeofSafety/PublicSite/Crossing/Crossing.aspx?phasetype=C&rpttype=A&txtcrossingnum=021692A",
        "TTSTNNAM": "663773",
        "XPURPOSE": "1",
        "OPERATINGR": "CPKC",
        "OPERATIN_1": "Primary",
        "DAYTHRU": 1,
        "NGHTTHRU": 1,
        "MAINTRK": 1,
        "SIDINGTRK": 0,
        "YARDTRK": 0,
        "TRANSITTRK": 0,
        "INDUSTRYTR": 0,
        "OTHRTRK": 0,
        "WDCODE": "",
        "REVISIONDA": "1975/01/01 00:00:00",
        "LASTUPDATE": "2/26/2026",
        "AADT": "1",
        "AADTYEAR": "1970",
        "STATENAME": "TEXAS",
        "STATEAB": "TX",
        "COUNTYNAME": "DENTON",
        "CITYNAME": "CORINTH",
        "LATDD": 33.119892,
        "LONGDD": -97.1116,
        "gridlyProductionCertified": true,
        "gridlyClassification": "PUBLIC_ROADWAY",
        "gridlyDisplayName": "PRIVATE ROAD",
        "gridlyId": "FRA-021692A"
      }
    },
    {
      "type": "Feature",
      "id": 204050,
      "geometry": {
        "type": "Point",
        "coordinates": [
          -97.2255159997011,
          33.2816801002712
        ]
      },
      "properties": {
        "OBJECTID": 204050,
        "CROSSING": "020573M",
        "EFFDATE": 1734393600000,
        "REASON": "14",
        "StateCode": "48",
        "CountyCode": "48121",
        "STCYFIPS": "48121",
        "CITYCD": "481213755",
        "RAILROAD": "BNSF",
        "RRDIV": "RED RIVER",
        "RRSUBDIV": "FT WORTH",
        "HIGHWAY": "Not Yet Reported by State",
        "STREET": "PRIVATE",
        "TTSTN": "663747",
        "MILEPOST": "0385.070",
        "TYPEXING": "Private",
        "POSXING": "At Grade",
        "PRVCAT": "14",
        "INIT": "1",
        "LATITUDE": 33.2816801,
        "LONGITUD": -97.225516,
        "LLSOURCE": "1",
        "WHISTBAN": "0",
        "RRCONT": "8173521549",
        "POLCONT": "8008325452",
        "INV_LINK": "https://safetydata.fra.dot.gov/OfficeofSafety/PublicSite/Crossing/Crossing.aspx?phasetype=C&rpttype=I&txtcrossingnum=020573M",
        "ACC_LINK": "https://safetydata.fra.dot.gov/OfficeofSafety/PublicSite/Crossing/Crossing.aspx?phasetype=C&rpttype=A&txtcrossingnum=020573M",
        "TTSTNNAM": "KRUM",
        "XPURPOSE": "1",
        "OPERATINGR": "BNSF",
        "OPERATIN_1": "Primary",
        "DAYTHRU": 11,
        "NGHTTHRU": 10,
        "MAINTRK": 1,
        "SIDINGTRK": 0,
        "YARDTRK": 0,
        "TRANSITTRK": 0,
        "INDUSTRYTR": 0,
        "OTHRTRK": 0,
        "WDCODE": "",
        "REVISIONDA": "1996/01/01 00:00:00",
        "LASTUPDATE": "12/17/2024",
        "AADT": "",
        "AADTYEAR": "1970",
        "STATENAME": "TEXAS",
        "STATEAB": "TX",
        "COUNTYNAME": "DENTON",
        "CITYNAME": "KRUM",
        "LATDD": 33.2816801,
        "LONGDD": -97.225516,
        "gridlyProductionCertified": true,
        "gridlyClassification": "PUBLIC_ROADWAY",
        "gridlyDisplayName": "PRIVATE",
        "gridlyId": "FRA-020573M"
      }
    },
    {
      "type": "Feature",
      "id": 204051,
      "geometry": {
        "type": "Point",
        "coordinates": [
          -97.2914320001042,
          33.1126522998632
        ]
      },
      "properties": {
        "OBJECTID": 204051,
        "CROSSING": "020558K",
        "EFFDATE": 1734393600000,
        "REASON": "14",
        "StateCode": "48",
        "CountyCode": "48121",
        "STCYFIPS": "48121",
        "CITYCD": "481213560",
        "RAILROAD": "BNSF",
        "RRDIV": "RED RIVER",
        "RRSUBDIV": "FT WORTH",
        "HIGHWAY": "Not Yet Reported by State",
        "STREET": "PRIVATE",
        "TTSTN": "663795",
        "MILEPOST": "0372.420",
        "TYPEXING": "Private",
        "POSXING": "At Grade",
        "PRVCAT": "14",
        "INIT": "1",
        "LATITUDE": 33.1126523,
        "LONGITUD": -97.291432,
        "LLSOURCE": "1",
        "WHISTBAN": "0",
        "RRCONT": "8173521549",
        "POLCONT": "8008325452",
        "INV_LINK": "https://safetydata.fra.dot.gov/OfficeofSafety/PublicSite/Crossing/Crossing.aspx?phasetype=C&rpttype=I&txtcrossingnum=020558K",
        "ACC_LINK": "https://safetydata.fra.dot.gov/OfficeofSafety/PublicSite/Crossing/Crossing.aspx?phasetype=C&rpttype=A&txtcrossingnum=020558K",
        "TTSTNNAM": "JUSTIN",
        "XPURPOSE": "1",
        "OPERATINGR": "BNSF",
        "OPERATIN_1": "Primary",
        "DAYTHRU": 11,
        "NGHTTHRU": 10,
        "MAINTRK": 1,
        "SIDINGTRK": 0,
        "YARDTRK": 0,
        "TRANSITTRK": 0,
        "INDUSTRYTR": 0,
        "OTHRTRK": 0,
        "WDCODE": "",
        "REVISIONDA": "1996/01/01 00:00:00",
        "LASTUPDATE": "12/17/2024",
        "AADT": "",
        "AADTYEAR": "1970",
        "STATENAME": "TEXAS",
        "STATEAB": "TX",
        "COUNTYNAME": "DENTON",
        "CITYNAME": "JUSTIN",
        "LATDD": 33.1126523,
        "LONGDD": -97.291432,
        "gridlyProductionCertified": true,
        "gridlyClassification": "PUBLIC_ROADWAY",
        "gridlyDisplayName": "PRIVATE",
        "gridlyId": "FRA-020558K"
      }
    },
    {
      "type": "Feature",
      "id": 204054,
      "geometry": {
        "type": "Point",
        "coordinates": [
          -97.1796329996658,
          33.3147755002656
        ]
      },
      "properties": {
        "OBJECTID": 204054,
        "CROSSING": "020576H",
        "EFFDATE": 1734393600000,
        "REASON": "14",
        "StateCode": "48",
        "CountyCode": "48121",
        "STCYFIPS": "48121",
        "CITYCD": "481216150",
        "RAILROAD": "BNSF",
        "RRDIV": "RED RIVER",
        "RRSUBDIV": "FT WORTH",
        "HIGHWAY": "I H 35",
        "STREET": "IH 0035",
        "TTSTN": "663751",
        "MILEPOST": "0388.590",
        "TYPEXING": "Public",
        "POSXING": "RR Under",
        "PRVCAT": "14",
        "INIT": "1",
        "LATITUDE": 33.3147755,
        "LONGITUD": -97.179633,
        "LLSOURCE": "1",
        "WHISTBAN": "0",
        "RRCONT": "8173521549",
        "POLCONT": "8008325452",
        "INV_LINK": "https://safetydata.fra.dot.gov/OfficeofSafety/PublicSite/Crossing/Crossing.aspx?phasetype=C&rpttype=I&txtcrossingnum=020576H",
        "ACC_LINK": "https://safetydata.fra.dot.gov/OfficeofSafety/PublicSite/Crossing/Crossing.aspx?phasetype=C&rpttype=A&txtcrossingnum=020576H",
        "TTSTNNAM": "METRO",
        "XPURPOSE": "1",
        "OPERATINGR": "BNSF",
        "OPERATIN_1": "Primary",
        "DAYTHRU": 10,
        "NGHTTHRU": 10,
        "MAINTRK": 1,
        "SIDINGTRK": 0,
        "YARDTRK": 0,
        "TRANSITTRK": 0,
        "INDUSTRYTR": 0,
        "OTHRTRK": 0,
        "WDCODE": "",
        "REVISIONDA": "1996/01/01 00:00:00",
        "LASTUPDATE": "12/17/2024",
        "AADT": "047500",
        "AADTYEAR": "2011",
        "STATENAME": "TEXAS",
        "STATEAB": "TX",
        "COUNTYNAME": "DENTON",
        "CITYNAME": "SANGER",
        "LATDD": 33.3147755,
        "LONGDD": -97.179633,
        "gridlyProductionCertified": true,
        "gridlyClassification": "PUBLIC_ROADWAY",
        "gridlyDisplayName": "IH 0035",
        "gridlyId": "FRA-020576H"
      }
    },
    {
      "type": "Feature",
      "id": 204055,
      "geometry": {
        "type": "Point",
        "coordinates": [
          -97.1753629998965,
          33.3174964998739
        ]
      },
      "properties": {
        "OBJECTID": 204055,
        "CROSSING": "020578W",
        "EFFDATE": 1734393600000,
        "REASON": "14",
        "StateCode": "48",
        "CountyCode": "48121",
        "STCYFIPS": "48121",
        "CITYCD": "481216150",
        "RAILROAD": "BNSF",
        "RRDIV": "RED RIVER",
        "RRSUBDIV": "FT WORTH",
        "HIGHWAY": "CO 0165",
        "STREET": "COWLING RD",
        "TTSTN": "663751",
        "MILEPOST": "0388.890",
        "TYPEXING": "Public",
        "POSXING": "RR Over",
        "PRVCAT": "14",
        "INIT": "1",
        "LATITUDE": 33.3174965,
        "LONGITUD": -97.175363,
        "LLSOURCE": "1",
        "WHISTBAN": "0",
        "RRCONT": "8173521549",
        "POLCONT": "8008325452",
        "INV_LINK": "https://safetydata.fra.dot.gov/OfficeofSafety/PublicSite/Crossing/Crossing.aspx?phasetype=C&rpttype=I&txtcrossingnum=020578W",
        "ACC_LINK": "https://safetydata.fra.dot.gov/OfficeofSafety/PublicSite/Crossing/Crossing.aspx?phasetype=C&rpttype=A&txtcrossingnum=020578W",
        "TTSTNNAM": "METRO",
        "XPURPOSE": "1",
        "OPERATINGR": "BNSF",
        "OPERATIN_1": "Primary",
        "DAYTHRU": 10,
        "NGHTTHRU": 10,
        "MAINTRK": 1,
        "SIDINGTRK": 0,
        "YARDTRK": 0,
        "TRANSITTRK": 0,
        "INDUSTRYTR": 0,
        "OTHRTRK": 0,
        "WDCODE": "",
        "REVISIONDA": "1996/01/01 00:00:00",
        "LASTUPDATE": "12/17/2024",
        "AADT": "000150",
        "AADTYEAR": "2009",
        "STATENAME": "TEXAS",
        "STATEAB": "TX",
        "COUNTYNAME": "DENTON",
        "CITYNAME": "SANGER",
        "LATDD": 33.3174965,
        "LONGDD": -97.175363,
        "gridlyProductionCertified": true,
        "gridlyClassification": "PUBLIC_ROADWAY",
        "gridlyDisplayName": "COWLING RD",
        "gridlyId": "FRA-020578W"
      }
    },
    {
      "type": "Feature",
      "id": 204057,
      "geometry": {
        "type": "Point",
        "coordinates": [
          -97.1692379997268,
          33.3621366999674
        ]
      },
      "properties": {
        "OBJECTID": 204057,
        "CROSSING": "020581E",
        "EFFDATE": 1734393600000,
        "REASON": "14",
        "StateCode": "48",
        "CountyCode": "48121",
        "STCYFIPS": "48121",
        "CITYCD": "481216150",
        "RAILROAD": "BNSF",
        "RRDIV": "RED RIVER",
        "RRSUBDIV": "FT WORTH",
        "HIGHWAY": "ST 0000",
        "STREET": "BOLIVAR ST",
        "TTSTN": "663743",
        "MILEPOST": "0392.200",
        "TYPEXING": "Public",
        "POSXING": "At Grade",
        "PRVCAT": "14",
        "INIT": "1",
        "LATITUDE": 33.3621367,
        "LONGITUD": -97.169238,
        "LLSOURCE": "1",
        "WHISTBAN": "0",
        "RRCONT": "8173521549",
        "POLCONT": "8008325452",
        "INV_LINK": "https://safetydata.fra.dot.gov/OfficeofSafety/PublicSite/Crossing/Crossing.aspx?phasetype=C&rpttype=I&txtcrossingnum=020581E",
        "ACC_LINK": "https://safetydata.fra.dot.gov/OfficeofSafety/PublicSite/Crossing/Crossing.aspx?phasetype=C&rpttype=A&txtcrossingnum=020581E",
        "TTSTNNAM": "SANGER",
        "XPURPOSE": "1",
        "OPERATINGR": "BNSF",
        "OPERATIN_1": "Primary",
        "DAYTHRU": 10,
        "NGHTTHRU": 10,
        "MAINTRK": 1,
        "SIDINGTRK": 0,
        "YARDTRK": 1,
        "TRANSITTRK": 0,
        "INDUSTRYTR": 0,
        "OTHRTRK": 1,
        "WDCODE": "All other Gates",
        "REVISIONDA": "1996/01/01 00:00:00",
        "LASTUPDATE": "12/17/2024",
        "AADT": "234",
        "AADTYEAR": "2019",
        "STATENAME": "TEXAS",
        "STATEAB": "TX",
        "COUNTYNAME": "DENTON",
        "CITYNAME": "SANGER",
        "LATDD": 33.3621367,
        "LONGDD": -97.169238,
        "gridlyProductionCertified": true,
        "gridlyClassification": "PUBLIC_ROADWAY",
        "gridlyDisplayName": "BOLIVAR ST",
        "gridlyId": "FRA-020581E"
      }
    },
    {
      "type": "Feature",
      "id": 204089,
      "geometry": {
        "type": "Point",
        "coordinates": [
          -97.2564050001403,
          33.2237426996934
        ]
      },
      "properties": {
        "OBJECTID": 204089,
        "CROSSING": "020568R",
        "EFFDATE": 1734393600000,
        "REASON": "14",
        "StateCode": "48",
        "CountyCode": "48121",
        "STCYFIPS": "48121",
        "CITYCD": "481215416",
        "RAILROAD": "BNSF",
        "RRDIV": "RED RIVER",
        "RRSUBDIV": "FT WORTH",
        "HIGHWAY": "Not Yet Reported by State",
        "STREET": "JIM CHRISTAL RD",
        "TTSTN": "663783",
        "MILEPOST": "0380.670",
        "TYPEXING": "Public",
        "POSXING": "RR Over",
        "PRVCAT": "14",
        "INIT": "1",
        "LATITUDE": 33.2237427,
        "LONGITUD": -97.256405,
        "LLSOURCE": "1",
        "WHISTBAN": "0",
        "RRCONT": "8173521549",
        "POLCONT": "8008325452",
        "INV_LINK": "https://safetydata.fra.dot.gov/OfficeofSafety/PublicSite/Crossing/Crossing.aspx?phasetype=C&rpttype=I&txtcrossingnum=020568R",
        "ACC_LINK": "https://safetydata.fra.dot.gov/OfficeofSafety/PublicSite/Crossing/Crossing.aspx?phasetype=C&rpttype=A&txtcrossingnum=020568R",
        "TTSTNNAM": "PONDER",
        "XPURPOSE": "1",
        "OPERATINGR": "BNSF",
        "OPERATIN_1": "Primary",
        "DAYTHRU": 11,
        "NGHTTHRU": 10,
        "MAINTRK": 1,
        "SIDINGTRK": 0,
        "YARDTRK": 0,
        "TRANSITTRK": 0,
        "INDUSTRYTR": 0,
        "OTHRTRK": 0,
        "WDCODE": "",
        "REVISIONDA": "1996/01/01 00:00:00",
        "LASTUPDATE": "12/17/2024",
        "AADT": "000780",
        "AADTYEAR": "2009",
        "STATENAME": "TEXAS",
        "STATEAB": "TX",
        "COUNTYNAME": "DENTON",
        "CITYNAME": "PONDER",
        "LATDD": 33.2237427,
        "LONGDD": -97.256405,
        "gridlyProductionCertified": true,
        "gridlyClassification": "PUBLIC_ROADWAY",
        "gridlyDisplayName": "JIM CHRISTAL RD",
        "gridlyId": "FRA-020568R"
      }
    },
    {
      "type": "Feature",
      "id": 204096,
      "geometry": {
        "type": "Point",
        "coordinates": [
          -97.1704260001305,
          33.3829513000947
        ]
      },
      "properties": {
        "OBJECTID": 204096,
        "CROSSING": "020628X",
        "EFFDATE": 1734393600000,
        "REASON": "14",
        "StateCode": "48",
        "CountyCode": "48121",
        "STCYFIPS": "48121",
        "CITYCD": "481216150",
        "RAILROAD": "BNSF",
        "RRDIV": "RED RIVER",
        "RRSUBDIV": "FT WORTH",
        "HIGHWAY": "CO 0000",
        "STREET": "UTILITY ROAD",
        "TTSTN": "663743",
        "MILEPOST": "0393.590",
        "TYPEXING": "Public",
        "POSXING": "At Grade",
        "PRVCAT": "14",
        "INIT": "1",
        "LATITUDE": 33.3829513,
        "LONGITUD": -97.170426,
        "LLSOURCE": "1",
        "WHISTBAN": "0",
        "RRCONT": "8173521549",
        "POLCONT": "8008325452",
        "INV_LINK": "https://safetydata.fra.dot.gov/OfficeofSafety/PublicSite/Crossing/Crossing.aspx?phasetype=C&rpttype=I&txtcrossingnum=020628X",
        "ACC_LINK": "https://safetydata.fra.dot.gov/OfficeofSafety/PublicSite/Crossing/Crossing.aspx?phasetype=C&rpttype=A&txtcrossingnum=020628X",
        "TTSTNNAM": "SANGER",
        "XPURPOSE": "1",
        "OPERATINGR": "BNSF",
        "OPERATIN_1": "Primary",
        "DAYTHRU": 10,
        "NGHTTHRU": 10,
        "MAINTRK": 1,
        "SIDINGTRK": 0,
        "YARDTRK": 0,
        "TRANSITTRK": 0,
        "INDUSTRYTR": 0,
        "OTHRTRK": 0,
        "WDCODE": "Crossbucks",
        "REVISIONDA": "1996/01/01 00:00:00",
        "LASTUPDATE": "12/17/2024",
        "AADT": "000100",
        "AADTYEAR": "1987",
        "STATENAME": "TEXAS",
        "STATEAB": "TX",
        "COUNTYNAME": "DENTON",
        "CITYNAME": "SANGER",
        "LATDD": 33.3829513,
        "LONGDD": -97.170426,
        "gridlyProductionCertified": true,
        "gridlyClassification": "PUBLIC_ROADWAY",
        "gridlyDisplayName": "UTILITY ROAD",
        "gridlyId": "FRA-020628X"
      }
    },
    {
      "type": "Feature",
      "id": 204399,
      "geometry": {
        "type": "Point",
        "coordinates": [
          -97.3019340001732,
          33.0527911997203
        ]
      },
      "properties": {
        "OBJECTID": 204399,
        "CROSSING": "020642T",
        "EFFDATE": 1734393600000,
        "REASON": "14",
        "StateCode": "48",
        "CountyCode": "48121",
        "STCYFIPS": "48121",
        "CITYCD": "481213560",
        "RAILROAD": "BNSF",
        "RRDIV": "RED RIVER",
        "RRSUBDIV": "FT WORTH",
        "HIGHWAY": "SH 114",
        "STREET": "FM 156",
        "TTSTN": "663795",
        "MILEPOST": "0368.302",
        "TYPEXING": "Public",
        "POSXING": "RR Over",
        "PRVCAT": "14",
        "INIT": "1",
        "LATITUDE": 33.0527912,
        "LONGITUD": -97.301934,
        "LLSOURCE": "1",
        "WHISTBAN": "0",
        "RRCONT": "8173521549",
        "POLCONT": "8008325452",
        "INV_LINK": "https://safetydata.fra.dot.gov/OfficeofSafety/PublicSite/Crossing/Crossing.aspx?phasetype=C&rpttype=I&txtcrossingnum=020642T",
        "ACC_LINK": "https://safetydata.fra.dot.gov/OfficeofSafety/PublicSite/Crossing/Crossing.aspx?phasetype=C&rpttype=A&txtcrossingnum=020642T",
        "TTSTNNAM": "JUSTIN",
        "XPURPOSE": "1",
        "OPERATINGR": "BNSF",
        "OPERATIN_1": "Primary",
        "DAYTHRU": 10,
        "NGHTTHRU": 10,
        "MAINTRK": 1,
        "SIDINGTRK": 0,
        "YARDTRK": 0,
        "TRANSITTRK": 0,
        "INDUSTRYTR": 0,
        "OTHRTRK": 0,
        "WDCODE": "",
        "REVISIONDA": "1996/01/01 00:00:00",
        "LASTUPDATE": "12/17/2024",
        "AADT": "010300",
        "AADTYEAR": "2011",
        "STATENAME": "TEXAS",
        "STATEAB": "TX",
        "COUNTYNAME": "DENTON",
        "CITYNAME": "JUSTIN",
        "LATDD": 33.0527912,
        "LONGDD": -97.301934,
        "gridlyProductionCertified": true,
        "gridlyClassification": "PUBLIC_ROADWAY",
        "gridlyDisplayName": "FM 156",
        "gridlyId": "FRA-020642T"
      }
    },
    {
      "type": "Feature",
      "id": 204400,
      "geometry": {
        "type": "Point",
        "coordinates": [
          -97.2091089995704,
          33.2922690000831
        ]
      },
      "properties": {
        "OBJECTID": 204400,
        "CROSSING": "021733C",
        "EFFDATE": 1727740800000,
        "REASON": "20",
        "StateCode": "48",
        "CountyCode": "48121",
        "STCYFIPS": "48121",
        "CITYCD": "481211840",
        "RAILROAD": "DART",
        "RRDIV": "TEXAS",
        "RRSUBDIV": "DART",
        "HIGHWAY": "",
        "STREET": "PRIVATE ROAD",
        "TTSTN": "663751",
        "MILEPOST": "0110.83",
        "TYPEXING": "Private",
        "POSXING": "At Grade",
        "PRVCAT": "20",
        "INIT": "1",
        "LATITUDE": 33.292269,
        "LONGITUD": -97.209109,
        "LLSOURCE": "",
        "WHISTBAN": "0",
        "RRCONT": "",
        "POLCONT": "",
        "INV_LINK": "https://safetydata.fra.dot.gov/OfficeofSafety/PublicSite/Crossing/Crossing.aspx?phasetype=C&rpttype=I&txtcrossingnum=021733C",
        "ACC_LINK": "https://safetydata.fra.dot.gov/OfficeofSafety/PublicSite/Crossing/Crossing.aspx?phasetype=C&rpttype=A&txtcrossingnum=021733C",
        "TTSTNNAM": "DALTON JCT",
        "XPURPOSE": "1",
        "OPERATINGR": "DART",
        "OPERATIN_1": "Primary",
        "DAYTHRU": 0,
        "NGHTTHRU": 0,
        "MAINTRK": 0,
        "SIDINGTRK": 0,
        "YARDTRK": 0,
        "TRANSITTRK": 0,
        "INDUSTRYTR": 0,
        "OTHRTRK": 0,
        "WDCODE": "",
        "REVISIONDA": "1975/01/01 00:00:00",
        "LASTUPDATE": "10/1/2024",
        "AADT": "",
        "AADTYEAR": "1970",
        "STATENAME": "TEXAS",
        "STATEAB": "TX",
        "COUNTYNAME": "DENTON",
        "CITYNAME": "DENTON",
        "LATDD": 33.292269,
        "LONGDD": -97.209109,
        "gridlyProductionCertified": true,
        "gridlyClassification": "PUBLIC_ROADWAY",
        "gridlyDisplayName": "PRIVATE ROAD",
        "gridlyId": "FRA-021733C"
      }
    },
    {
      "type": "Feature",
      "id": 204401,
      "geometry": {
        "type": "Point",
        "coordinates": [
          -97.2072170002583,
          33.2964539996845
        ]
      },
      "properties": {
        "OBJECTID": 204401,
        "CROSSING": "021732V",
        "EFFDATE": 1727827200000,
        "REASON": "20",
        "StateCode": "48",
        "CountyCode": "48121",
        "STCYFIPS": "48121",
        "CITYCD": "481211840",
        "RAILROAD": "DART",
        "RRDIV": "TEXAS",
        "RRSUBDIV": "DART",
        "HIGHWAY": "",
        "STREET": "PRIVATE ROAD",
        "TTSTN": "663751",
        "MILEPOST": "0110.19",
        "TYPEXING": "Private",
        "POSXING": "At Grade",
        "PRVCAT": "20",
        "INIT": "1",
        "LATITUDE": 33.296454,
        "LONGITUD": -97.207217,
        "LLSOURCE": "",
        "WHISTBAN": "0",
        "RRCONT": "",
        "POLCONT": "",
        "INV_LINK": "https://safetydata.fra.dot.gov/OfficeofSafety/PublicSite/Crossing/Crossing.aspx?phasetype=C&rpttype=I&txtcrossingnum=021732V",
        "ACC_LINK": "https://safetydata.fra.dot.gov/OfficeofSafety/PublicSite/Crossing/Crossing.aspx?phasetype=C&rpttype=A&txtcrossingnum=021732V",
        "TTSTNNAM": "DALTON JCT",
        "XPURPOSE": "1",
        "OPERATINGR": "DART",
        "OPERATIN_1": "Primary",
        "DAYTHRU": 0,
        "NGHTTHRU": 0,
        "MAINTRK": 0,
        "SIDINGTRK": 0,
        "YARDTRK": 0,
        "TRANSITTRK": 0,
        "INDUSTRYTR": 0,
        "OTHRTRK": 0,
        "WDCODE": "",
        "REVISIONDA": "1975/01/01 00:00:00",
        "LASTUPDATE": "10/2/2024",
        "AADT": "",
        "AADTYEAR": "1970",
        "STATENAME": "TEXAS",
        "STATEAB": "TX",
        "COUNTYNAME": "DENTON",
        "CITYNAME": "DENTON",
        "LATDD": 33.296454,
        "LONGDD": -97.207217,
        "gridlyProductionCertified": true,
        "gridlyClassification": "PUBLIC_ROADWAY",
        "gridlyDisplayName": "PRIVATE ROAD",
        "gridlyId": "FRA-021732V"
      }
    },
    {
      "type": "Feature",
      "id": 204933,
      "geometry": {
        "type": "Point",
        "coordinates": [
          -97.3545199997883,
          33.0131949996369
        ]
      },
      "properties": {
        "OBJECTID": 204933,
        "CROSSING": "020668V",
        "EFFDATE": 1734393600000,
        "REASON": "14",
        "StateCode": "48",
        "CountyCode": "48439",
        "STCYFIPS": "48439",
        "CITYCD": "484392450",
        "RAILROAD": "BNSF",
        "RRDIV": "RED RIVER",
        "RRSUBDIV": "FT WORTH",
        "HIGHWAY": "pvt",
        "STREET": "PRIVATE",
        "TTSTN": "",
        "MILEPOST": "0364.211",
        "TYPEXING": "Private",
        "POSXING": "At Grade",
        "PRVCAT": "14",
        "INIT": "1",
        "LATITUDE": 33.013195,
        "LONGITUD": -97.35452,
        "LLSOURCE": "2",
        "WHISTBAN": "",
        "RRCONT": "8173521549",
        "POLCONT": "8008325452",
        "INV_LINK": "https://safetydata.fra.dot.gov/OfficeofSafety/PublicSite/Crossing/Crossing.aspx?phasetype=C&rpttype=I&txtcrossingnum=020668V",
        "ACC_LINK": "https://safetydata.fra.dot.gov/OfficeofSafety/PublicSite/Crossing/Crossing.aspx?phasetype=C&rpttype=A&txtcrossingnum=020668V",
        "TTSTNNAM": "",
        "XPURPOSE": "1",
        "OPERATINGR": "BNSF",
        "OPERATIN_1": "Primary",
        "DAYTHRU": 4,
        "NGHTTHRU": 4,
        "MAINTRK": 1,
        "SIDINGTRK": 0,
        "YARDTRK": 0,
        "TRANSITTRK": 0,
        "INDUSTRYTR": 0,
        "OTHRTRK": 0,
        "WDCODE": "",
        "REVISIONDA": "1996/01/01 00:00:00",
        "LASTUPDATE": "12/17/2024",
        "AADT": "",
        "AADTYEAR": "",
        "STATENAME": "TEXAS",
        "STATEAB": "TX",
        "COUNTYNAME": "TARRANT",
        "CITYNAME": "FORT WORTH",
        "LATDD": 33.013195,
        "LONGDD": -97.35452,
        "gridlyProductionCertified": true,
        "gridlyClassification": "PUBLIC_ROADWAY",
        "gridlyDisplayName": "PRIVATE",
        "gridlyId": "FRA-020668V"
      }
    },
    {
      "type": "Feature",
      "id": 204972,
      "geometry": {
        "type": "Point",
        "coordinates": [
          -96.8727539998019,
          32.9969830003691
        ]
      },
      "properties": {
        "OBJECTID": 204972,
        "CROSSING": "669511L",
        "EFFDATE": 1742169600000,
        "REASON": "14",
        "StateCode": "48",
        "CountyCode": "48121",
        "STCYFIPS": "48121",
        "CITYCD": "481211730",
        "RAILROAD": "BNSF",
        "RRDIV": "RED RIVER",
        "RRSUBDIV": "MADILL",
        "HIGHWAY": "ST 0000",
        "STREET": "FRANKFORD RD",
        "TTSTN": "663768",
        "MILEPOST": "0696.750",
        "TYPEXING": "Public",
        "POSXING": "At Grade",
        "PRVCAT": "14",
        "INIT": "4",
        "LATITUDE": 32.996983,
        "LONGITUD": -96.872754,
        "LLSOURCE": "1",
        "WHISTBAN": "1",
        "RRCONT": "8173521549",
        "POLCONT": "8008325452",
        "INV_LINK": "https://safetydata.fra.dot.gov/OfficeofSafety/PublicSite/Crossing/Crossing.aspx?phasetype=C&rpttype=I&txtcrossingnum=669511L",
        "ACC_LINK": "https://safetydata.fra.dot.gov/OfficeofSafety/PublicSite/Crossing/Crossing.aspx?phasetype=C&rpttype=A&txtcrossingnum=669511L",
        "TTSTNNAM": "HEBRON",
        "XPURPOSE": "1",
        "OPERATINGR": "BNSF",
        "OPERATIN_1": "Primary",
        "DAYTHRU": 3,
        "NGHTTHRU": 2,
        "MAINTRK": 1,
        "SIDINGTRK": 0,
        "YARDTRK": 0,
        "TRANSITTRK": 0,
        "INDUSTRYTR": 0,
        "OTHRTRK": 0,
        "WDCODE": "All other Gates",
        "REVISIONDA": "1996/01/01 00:00:00",
        "LASTUPDATE": "3/17/2025",
        "AADT": "18961",
        "AADTYEAR": "2025",
        "STATENAME": "TEXAS",
        "STATEAB": "TX",
        "COUNTYNAME": "DENTON",
        "CITYNAME": "DALLAS",
        "LATDD": 32.996983,
        "LONGDD": -96.872754,
        "gridlyProductionCertified": true,
        "gridlyClassification": "PUBLIC_ROADWAY",
        "gridlyDisplayName": "FRANKFORD RD",
        "gridlyId": "FRA-669511L"
      }
    },
    {
      "type": "Feature",
      "id": 204984,
      "geometry": {
        "type": "Point",
        "coordinates": [
          -96.8687099999884,
          33.0116800001462
        ]
      },
      "properties": {
        "OBJECTID": 204984,
        "CROSSING": "672145R",
        "EFFDATE": 1742169600000,
        "REASON": "14",
        "StateCode": "48",
        "CountyCode": "48121",
        "STCYFIPS": "48121",
        "CITYCD": "481211190",
        "RAILROAD": "BNSF",
        "RRDIV": "RED RIVER",
        "RRSUBDIV": "MADILL",
        "HIGHWAY": "ST 0000",
        "STREET": "ROSEMEADE PKWY",
        "TTSTN": "663768",
        "MILEPOST": "0695.688",
        "TYPEXING": "Public",
        "POSXING": "At Grade",
        "PRVCAT": "14",
        "INIT": "4",
        "LATITUDE": 33.01168,
        "LONGITUD": -96.86871,
        "LLSOURCE": "1",
        "WHISTBAN": "1",
        "RRCONT": "8173521549",
        "POLCONT": "8008325452",
        "INV_LINK": "https://safetydata.fra.dot.gov/OfficeofSafety/PublicSite/Crossing/Crossing.aspx?phasetype=C&rpttype=I&txtcrossingnum=672145R",
        "ACC_LINK": "https://safetydata.fra.dot.gov/OfficeofSafety/PublicSite/Crossing/Crossing.aspx?phasetype=C&rpttype=A&txtcrossingnum=672145R",
        "TTSTNNAM": "HEBRON",
        "XPURPOSE": "1",
        "OPERATINGR": "BNSF",
        "OPERATIN_1": "Primary",
        "DAYTHRU": 3,
        "NGHTTHRU": 2,
        "MAINTRK": 1,
        "SIDINGTRK": 0,
        "YARDTRK": 0,
        "TRANSITTRK": 0,
        "INDUSTRYTR": 0,
        "OTHRTRK": 0,
        "WDCODE": "All other Gates",
        "REVISIONDA": "1996/01/01 00:00:00",
        "LASTUPDATE": "3/17/2025",
        "AADT": "15312",
        "AADTYEAR": "2025",
        "STATENAME": "TEXAS",
        "STATEAB": "TX",
        "COUNTYNAME": "DENTON",
        "CITYNAME": "CARROLLTON",
        "LATDD": 33.01168,
        "LONGDD": -96.86871,
        "gridlyProductionCertified": true,
        "gridlyClassification": "PUBLIC_ROADWAY",
        "gridlyDisplayName": "ROSEMEADE PKWY",
        "gridlyId": "FRA-672145R"
      }
    },
    {
      "type": "Feature",
      "id": 204985,
      "geometry": {
        "type": "Point",
        "coordinates": [
          -96.8705400002745,
          33.0049700003716
        ]
      },
      "properties": {
        "OBJECTID": 204985,
        "CROSSING": "673388W",
        "EFFDATE": 1742169600000,
        "REASON": "14",
        "StateCode": "48",
        "CountyCode": "48121",
        "STCYFIPS": "48121",
        "CITYCD": "481211190",
        "RAILROAD": "BNSF",
        "RRDIV": "RED RIVER",
        "RRSUBDIV": "MADILL",
        "HIGHWAY": "ST 0000",
        "STREET": "PETERS COLONY RD",
        "TTSTN": "663768",
        "MILEPOST": "0696.152",
        "TYPEXING": "Public",
        "POSXING": "At Grade",
        "PRVCAT": "14",
        "INIT": "4",
        "LATITUDE": 33.00497,
        "LONGITUD": -96.87054,
        "LLSOURCE": "1",
        "WHISTBAN": "1",
        "RRCONT": "8173521549",
        "POLCONT": "8008325452",
        "INV_LINK": "https://safetydata.fra.dot.gov/OfficeofSafety/PublicSite/Crossing/Crossing.aspx?phasetype=C&rpttype=I&txtcrossingnum=673388W",
        "ACC_LINK": "https://safetydata.fra.dot.gov/OfficeofSafety/PublicSite/Crossing/Crossing.aspx?phasetype=C&rpttype=A&txtcrossingnum=673388W",
        "TTSTNNAM": "HEBRON",
        "XPURPOSE": "1",
        "OPERATINGR": "BNSF",
        "OPERATIN_1": "Primary",
        "DAYTHRU": 3,
        "NGHTTHRU": 2,
        "MAINTRK": 1,
        "SIDINGTRK": 0,
        "YARDTRK": 0,
        "TRANSITTRK": 0,
        "INDUSTRYTR": 0,
        "OTHRTRK": 0,
        "WDCODE": "All other Gates",
        "REVISIONDA": "1996/01/01 00:00:00",
        "LASTUPDATE": "3/17/2025",
        "AADT": "1892",
        "AADTYEAR": "2025",
        "STATENAME": "TEXAS",
        "STATEAB": "TX",
        "COUNTYNAME": "DENTON",
        "CITYNAME": "CARROLLTON",
        "LATDD": 33.00497,
        "LONGDD": -96.87054,
        "gridlyProductionCertified": true,
        "gridlyClassification": "PUBLIC_ROADWAY",
        "gridlyDisplayName": "PETERS COLONY RD",
        "gridlyId": "FRA-673388W"
      }
    },
    {
      "type": "Feature",
      "id": 204995,
      "geometry": {
        "type": "Point",
        "coordinates": [
          -96.8747699998608,
          32.989780000133
        ]
      },
      "properties": {
        "OBJECTID": 204995,
        "CROSSING": "672146X",
        "EFFDATE": 1742169600000,
        "REASON": "14",
        "StateCode": "48",
        "CountyCode": "48121",
        "STCYFIPS": "48121",
        "CITYCD": "481211190",
        "RAILROAD": "BNSF",
        "RRDIV": "RED RIVER",
        "RRSUBDIV": "MADILL",
        "HIGHWAY": "ST 0000",
        "STREET": "OLD MILL RD",
        "TTSTN": "667232",
        "MILEPOST": "0697.290",
        "TYPEXING": "Public",
        "POSXING": "At Grade",
        "PRVCAT": "14",
        "INIT": "4",
        "LATITUDE": 32.98978,
        "LONGITUD": -96.87477,
        "LLSOURCE": "1",
        "WHISTBAN": "1",
        "RRCONT": "8173521549",
        "POLCONT": "8008325452",
        "INV_LINK": "https://safetydata.fra.dot.gov/OfficeofSafety/PublicSite/Crossing/Crossing.aspx?phasetype=C&rpttype=I&txtcrossingnum=672146X",
        "ACC_LINK": "https://safetydata.fra.dot.gov/OfficeofSafety/PublicSite/Crossing/Crossing.aspx?phasetype=C&rpttype=A&txtcrossingnum=672146X",
        "TTSTNNAM": "CARROLLTON",
        "XPURPOSE": "1",
        "OPERATINGR": "BNSF",
        "OPERATIN_1": "Primary",
        "DAYTHRU": 3,
        "NGHTTHRU": 2,
        "MAINTRK": 1,
        "SIDINGTRK": 0,
        "YARDTRK": 0,
        "TRANSITTRK": 0,
        "INDUSTRYTR": 0,
        "OTHRTRK": 0,
        "WDCODE": "All other Gates",
        "REVISIONDA": "1996/01/01 00:00:00",
        "LASTUPDATE": "3/17/2025",
        "AADT": "1410",
        "AADTYEAR": "2025",
        "STATENAME": "TEXAS",
        "STATEAB": "TX",
        "COUNTYNAME": "DENTON",
        "CITYNAME": "CARROLLTON",
        "LATDD": 32.98978,
        "LONGDD": -96.87477,
        "gridlyProductionCertified": true,
        "gridlyClassification": "PUBLIC_ROADWAY",
        "gridlyDisplayName": "OLD MILL RD",
        "gridlyId": "FRA-672146X"
      }
    },
    {
      "type": "Feature",
      "id": 205005,
      "geometry": {
        "type": "Point",
        "coordinates": [
          -97.1160489996891,
          33.2013650000634
        ]
      },
      "properties": {
        "OBJECTID": 205005,
        "CROSSING": "414678S",
        "EFFDATE": 1773014400000,
        "REASON": "22",
        "StateCode": "48",
        "CountyCode": "48121",
        "STCYFIPS": "48121",
        "CITYCD": "481211840",
        "RAILROAD": "DCTA",
        "RRDIV": "CENTRAL",
        "RRSUBDIV": "DENTON",
        "HIGHWAY": "ST 0000",
        "STREET": "SHADY OAKS drive",
        "TTSTN": "663730",
        "MILEPOST": "0722.80",
        "TYPEXING": "Public",
        "POSXING": "At Grade",
        "PRVCAT": "22",
        "INIT": "1",
        "LATITUDE": 33.201365,
        "LONGITUD": -97.116049,
        "LLSOURCE": "1",
        "WHISTBAN": "1",
        "RRCONT": "9728290901",
        "POLCONT": "9728290901",
        "INV_LINK": "https://safetydata.fra.dot.gov/OfficeofSafety/PublicSite/Crossing/Crossing.aspx?phasetype=C&rpttype=I&txtcrossingnum=414678S",
        "ACC_LINK": "https://safetydata.fra.dot.gov/OfficeofSafety/PublicSite/Crossing/Crossing.aspx?phasetype=C&rpttype=A&txtcrossingnum=414678S",
        "TTSTNNAM": "DENTON",
        "XPURPOSE": "1",
        "OPERATINGR": "DCTA",
        "OPERATIN_1": "Primary",
        "DAYTHRU": 50,
        "NGHTTHRU": 17,
        "MAINTRK": 1,
        "SIDINGTRK": 0,
        "YARDTRK": 0,
        "TRANSITTRK": 0,
        "INDUSTRYTR": 0,
        "OTHRTRK": 0,
        "WDCODE": "All other Gates",
        "REVISIONDA": "2009/01/01 00:00:00",
        "LASTUPDATE": "3/9/2026",
        "AADT": "14377",
        "AADTYEAR": "2025",
        "STATENAME": "TEXAS",
        "STATEAB": "TX",
        "COUNTYNAME": "DENTON",
        "CITYNAME": "DENTON",
        "LATDD": 33.201365,
        "LONGDD": -97.116049,
        "gridlyProductionCertified": true,
        "gridlyClassification": "PUBLIC_ROADWAY",
        "gridlyDisplayName": "SHADY OAKS drive",
        "gridlyId": "FRA-414678S"
      }
    },
    {
      "type": "Feature",
      "id": 205006,
      "geometry": {
        "type": "Point",
        "coordinates": [
          -97.1228540002744,
          33.2043870003318
        ]
      },
      "properties": {
        "OBJECTID": 205006,
        "CROSSING": "414677K",
        "EFFDATE": 1773014400000,
        "REASON": "22",
        "StateCode": "48",
        "CountyCode": "48121",
        "STCYFIPS": "48121",
        "CITYCD": "481211840",
        "RAILROAD": "DCTA",
        "RRDIV": "CENTRAL",
        "RRSUBDIV": "DENTON",
        "HIGHWAY": "ST 0000",
        "STREET": "DUNCAN STREET",
        "TTSTN": "663730",
        "MILEPOST": "0722.35",
        "TYPEXING": "Public",
        "POSXING": "At Grade",
        "PRVCAT": "22",
        "INIT": "1",
        "LATITUDE": 33.204387,
        "LONGITUD": -97.122854,
        "LLSOURCE": "1",
        "WHISTBAN": "1",
        "RRCONT": "9728290901",
        "POLCONT": "9728290901",
        "INV_LINK": "https://safetydata.fra.dot.gov/OfficeofSafety/PublicSite/Crossing/Crossing.aspx?phasetype=C&rpttype=I&txtcrossingnum=414677K",
        "ACC_LINK": "https://safetydata.fra.dot.gov/OfficeofSafety/PublicSite/Crossing/Crossing.aspx?phasetype=C&rpttype=A&txtcrossingnum=414677K",
        "TTSTNNAM": "DENTON",
        "XPURPOSE": "1",
        "OPERATINGR": "DCTA",
        "OPERATIN_1": "Primary",
        "DAYTHRU": 50,
        "NGHTTHRU": 17,
        "MAINTRK": 1,
        "SIDINGTRK": 0,
        "YARDTRK": 0,
        "TRANSITTRK": 1,
        "INDUSTRYTR": 0,
        "OTHRTRK": 0,
        "WDCODE": "Four Quad (full barrier) Gates",
        "REVISIONDA": "2009/01/01 00:00:00",
        "LASTUPDATE": "3/9/2026",
        "AADT": "2574",
        "AADTYEAR": "2025",
        "STATENAME": "TEXAS",
        "STATEAB": "TX",
        "COUNTYNAME": "DENTON",
        "CITYNAME": "DENTON",
        "LATDD": 33.204387,
        "LONGDD": -97.122854,
        "gridlyProductionCertified": true,
        "gridlyClassification": "PUBLIC_ROADWAY",
        "gridlyDisplayName": "DUNCAN STREET",
        "gridlyId": "FRA-414677K"
      }
    },
    {
      "type": "Feature",
      "id": 205007,
      "geometry": {
        "type": "Point",
        "coordinates": [
          -97.0868806997188,
          33.1795346997201
        ]
      },
      "properties": {
        "OBJECTID": 205007,
        "CROSSING": "414687R",
        "EFFDATE": 1773014400000,
        "REASON": "22",
        "StateCode": "48",
        "CountyCode": "48121",
        "STCYFIPS": "48121",
        "CITYCD": "481211840",
        "RAILROAD": "DCTA",
        "RRDIV": "CENTRAL",
        "RRSUBDIV": "DENTON",
        "HIGHWAY": "ls0000",
        "STREET": "South MAYHILL road",
        "TTSTN": "663730",
        "MILEPOST": "0725.20",
        "TYPEXING": "Public",
        "POSXING": "At Grade",
        "PRVCAT": "22",
        "INIT": "1",
        "LATITUDE": 33.1795347,
        "LONGITUD": -97.0868807,
        "LLSOURCE": "1",
        "WHISTBAN": "1",
        "RRCONT": "9728290901",
        "POLCONT": "9728290901",
        "INV_LINK": "https://safetydata.fra.dot.gov/OfficeofSafety/PublicSite/Crossing/Crossing.aspx?phasetype=C&rpttype=I&txtcrossingnum=414687R",
        "ACC_LINK": "https://safetydata.fra.dot.gov/OfficeofSafety/PublicSite/Crossing/Crossing.aspx?phasetype=C&rpttype=A&txtcrossingnum=414687R",
        "TTSTNNAM": "DENTON",
        "XPURPOSE": "1",
        "OPERATINGR": "DCTA",
        "OPERATIN_1": "Primary",
        "DAYTHRU": 50,
        "NGHTTHRU": 17,
        "MAINTRK": 1,
        "SIDINGTRK": 1,
        "YARDTRK": 0,
        "TRANSITTRK": 0,
        "INDUSTRYTR": 0,
        "OTHRTRK": 0,
        "WDCODE": "All other Gates",
        "REVISIONDA": "2009/01/01 00:00:00",
        "LASTUPDATE": "3/9/2026",
        "AADT": "20845",
        "AADTYEAR": "2024",
        "STATENAME": "TEXAS",
        "STATEAB": "TX",
        "COUNTYNAME": "DENTON",
        "CITYNAME": "DENTON",
        "LATDD": 33.1795347,
        "LONGDD": -97.0868807,
        "gridlyProductionCertified": true,
        "gridlyClassification": "PUBLIC_ROADWAY",
        "gridlyDisplayName": "South MAYHILL road",
        "gridlyId": "FRA-414687R"
      }
    },
    {
      "type": "Feature",
      "id": 205031,
      "geometry": {
        "type": "Point",
        "coordinates": [
          -97.2949708996913,
          33.0874480997727
        ]
      },
      "properties": {
        "OBJECTID": 205031,
        "CROSSING": "020556W",
        "EFFDATE": 1776211200000,
        "REASON": "14",
        "StateCode": "48",
        "CountyCode": "48121",
        "STCYFIPS": "48121",
        "CITYCD": "481213560",
        "RAILROAD": "BNSF",
        "RRDIV": "RED RIVER",
        "RRSUBDIV": "FT WORTH",
        "HIGHWAY": "LS0000",
        "STREET": "EAST FOURTH STREET",
        "TTSTN": "663795",
        "MILEPOST": "0370.670",
        "TYPEXING": "Public",
        "POSXING": "At Grade",
        "PRVCAT": "14",
        "INIT": "2",
        "LATITUDE": 33.0874481,
        "LONGITUD": -97.2949709,
        "LLSOURCE": "1",
        "WHISTBAN": "0",
        "RRCONT": "8173521549",
        "POLCONT": "8008325452",
        "INV_LINK": "https://safetydata.fra.dot.gov/OfficeofSafety/PublicSite/Crossing/Crossing.aspx?phasetype=C&rpttype=I&txtcrossingnum=020556W",
        "ACC_LINK": "https://safetydata.fra.dot.gov/OfficeofSafety/PublicSite/Crossing/Crossing.aspx?phasetype=C&rpttype=A&txtcrossingnum=020556W",
        "TTSTNNAM": "JUSTIN",
        "XPURPOSE": "1",
        "OPERATINGR": "BNSF",
        "OPERATIN_1": "Primary",
        "DAYTHRU": 11,
        "NGHTTHRU": 10,
        "MAINTRK": 1,
        "SIDINGTRK": 1,
        "YARDTRK": 1,
        "TRANSITTRK": 0,
        "INDUSTRYTR": 0,
        "OTHRTRK": 2,
        "WDCODE": "All other Gates",
        "REVISIONDA": "1996/01/01 00:00:00",
        "LASTUPDATE": "4/15/2026",
        "AADT": "190",
        "AADTYEAR": "2019",
        "STATENAME": "TEXAS",
        "STATEAB": "TX",
        "COUNTYNAME": "DENTON",
        "CITYNAME": "JUSTIN",
        "LATDD": 33.0874481,
        "LONGDD": -97.2949709,
        "gridlyProductionCertified": true,
        "gridlyClassification": "PUBLIC_ROADWAY",
        "gridlyDisplayName": "EAST FOURTH STREET",
        "gridlyId": "FRA-020556W"
      }
    },
    {
      "type": "Feature",
      "id": 205037,
      "geometry": {
        "type": "Point",
        "coordinates": [
          -96.9258860996512,
          32.9898527996256
        ]
      },
      "properties": {
        "OBJECTID": 205037,
        "CROSSING": "917532P",
        "EFFDATE": 1776211200000,
        "REASON": "14",
        "StateCode": "48",
        "CountyCode": "48121",
        "STCYFIPS": "48121",
        "CITYCD": "481211190",
        "RAILROAD": "DGNO",
        "RRDIV": "AMERICAN REGION",
        "RRSUBDIV": "Carrollton",
        "HIGHWAY": "city street",
        "STREET": "EISENHOWER ST - 2180",
        "TTSTN": "",
        "MILEPOST": "0742.30",
        "TYPEXING": "Public",
        "POSXING": "At Grade",
        "PRVCAT": "14",
        "INIT": "1",
        "LATITUDE": 32.9898528,
        "LONGITUD": -96.9258861,
        "LLSOURCE": "1",
        "WHISTBAN": "0",
        "RRCONT": "8008003490",
        "POLCONT": "8665273498",
        "INV_LINK": "https://safetydata.fra.dot.gov/OfficeofSafety/PublicSite/Crossing/Crossing.aspx?phasetype=C&rpttype=I&txtcrossingnum=917532P",
        "ACC_LINK": "https://safetydata.fra.dot.gov/OfficeofSafety/PublicSite/Crossing/Crossing.aspx?phasetype=C&rpttype=A&txtcrossingnum=917532P",
        "TTSTNNAM": "",
        "XPURPOSE": "1",
        "OPERATINGR": "DGNO",
        "OPERATIN_1": "Primary",
        "DAYTHRU": 0,
        "NGHTTHRU": 0,
        "MAINTRK": 0,
        "SIDINGTRK": 0,
        "YARDTRK": 0,
        "TRANSITTRK": 0,
        "INDUSTRYTR": 2,
        "OTHRTRK": 1,
        "WDCODE": "Crossbucks",
        "REVISIONDA": "1992/01/01 00:00:00",
        "LASTUPDATE": "4/15/2026",
        "AADT": "2157",
        "AADTYEAR": "2019",
        "STATENAME": "TEXAS",
        "STATEAB": "TX",
        "COUNTYNAME": "DENTON",
        "CITYNAME": "CARROLLTON",
        "LATDD": 32.9898528,
        "LONGDD": -96.9258861,
        "gridlyProductionCertified": true,
        "gridlyClassification": "PUBLIC_ROADWAY",
        "gridlyDisplayName": "EISENHOWER ST - 2180",
        "gridlyId": "FRA-917532P"
      }
    },
    {
      "type": "Feature",
      "id": 205038,
      "geometry": {
        "type": "Point",
        "coordinates": [
          -97.2952474002374,
          33.0681266003287
        ]
      },
      "properties": {
        "OBJECTID": 205038,
        "CROSSING": "020553B",
        "EFFDATE": 1776211200000,
        "REASON": "14",
        "StateCode": "48",
        "CountyCode": "48121",
        "STCYFIPS": "48121",
        "CITYCD": "481213560",
        "RAILROAD": "BNSF",
        "RRDIV": "RED RIVER",
        "RRSUBDIV": "FT WORTH",
        "HIGHWAY": "CR0000",
        "STREET": "HARMOSON ROAD",
        "TTSTN": "663795",
        "MILEPOST": "0369.330",
        "TYPEXING": "Public",
        "POSXING": "At Grade",
        "PRVCAT": "14",
        "INIT": "2",
        "LATITUDE": 33.0681266,
        "LONGITUD": -97.2952474,
        "LLSOURCE": "1",
        "WHISTBAN": "0",
        "RRCONT": "8173521549",
        "POLCONT": "8008325452",
        "INV_LINK": "https://safetydata.fra.dot.gov/OfficeofSafety/PublicSite/Crossing/Crossing.aspx?phasetype=C&rpttype=I&txtcrossingnum=020553B",
        "ACC_LINK": "https://safetydata.fra.dot.gov/OfficeofSafety/PublicSite/Crossing/Crossing.aspx?phasetype=C&rpttype=A&txtcrossingnum=020553B",
        "TTSTNNAM": "JUSTIN",
        "XPURPOSE": "1",
        "OPERATINGR": "BNSF",
        "OPERATIN_1": "Primary",
        "DAYTHRU": 11,
        "NGHTTHRU": 10,
        "MAINTRK": 1,
        "SIDINGTRK": 0,
        "YARDTRK": 0,
        "TRANSITTRK": 0,
        "INDUSTRYTR": 0,
        "OTHRTRK": 0,
        "WDCODE": "All other Gates",
        "REVISIONDA": "1996/01/01 00:00:00",
        "LASTUPDATE": "4/15/2026",
        "AADT": "112",
        "AADTYEAR": "2019",
        "STATENAME": "TEXAS",
        "STATEAB": "TX",
        "COUNTYNAME": "DENTON",
        "CITYNAME": "JUSTIN",
        "LATDD": 33.0681266,
        "LONGDD": -97.2952474,
        "gridlyProductionCertified": true,
        "gridlyClassification": "PUBLIC_ROADWAY",
        "gridlyDisplayName": "HARMOSON ROAD",
        "gridlyId": "FRA-020553B"
      }
    },
    {
      "type": "Feature",
      "id": 205046,
      "geometry": {
        "type": "Point",
        "coordinates": [
          -96.844895999573,
          33.121608999685
        ]
      },
      "properties": {
        "OBJECTID": 205046,
        "CROSSING": "675119L",
        "EFFDATE": 1736985600000,
        "REASON": "14",
        "StateCode": "48",
        "CountyCode": "48085",
        "STCYFIPS": "48085",
        "CITYCD": "480852520",
        "RAILROAD": "BNSF",
        "RRDIV": "RED RIVER",
        "RRSUBDIV": "MADILL",
        "HIGHWAY": "RROVER",
        "STREET": "LEGACY DRI",
        "TTSTN": "663677",
        "MILEPOST": "0687.980",
        "TYPEXING": "Public",
        "POSXING": "RR Over",
        "PRVCAT": "14",
        "INIT": "1",
        "LATITUDE": 33.121609,
        "LONGITUD": -96.844896,
        "LLSOURCE": "1",
        "WHISTBAN": "0",
        "RRCONT": "8173521549",
        "POLCONT": "8008325452",
        "INV_LINK": "https://safetydata.fra.dot.gov/OfficeofSafety/PublicSite/Crossing/Crossing.aspx?phasetype=C&rpttype=I&txtcrossingnum=675119L",
        "ACC_LINK": "https://safetydata.fra.dot.gov/OfficeofSafety/PublicSite/Crossing/Crossing.aspx?phasetype=C&rpttype=A&txtcrossingnum=675119L",
        "TTSTNNAM": "FRISCO",
        "XPURPOSE": "1",
        "OPERATINGR": "BNSF",
        "OPERATIN_1": "Primary",
        "DAYTHRU": 3,
        "NGHTTHRU": 2,
        "MAINTRK": 1,
        "SIDINGTRK": 0,
        "YARDTRK": 0,
        "TRANSITTRK": 0,
        "INDUSTRYTR": 0,
        "OTHRTRK": 0,
        "WDCODE": "",
        "REVISIONDA": "1996/01/01 00:00:00",
        "LASTUPDATE": "1/16/2025",
        "AADT": "",
        "AADTYEAR": "",
        "STATENAME": "TEXAS",
        "STATEAB": "TX",
        "COUNTYNAME": "COLLIN",
        "CITYNAME": "FRISCO",
        "LATDD": 33.121609,
        "LONGDD": -96.844896,
        "gridlyProductionCertified": true,
        "gridlyClassification": "PUBLIC_ROADWAY",
        "gridlyDisplayName": "LEGACY DRI",
        "gridlyId": "FRA-675119L"
      }
    },
    {
      "type": "Feature",
      "id": 205072,
      "geometry": {
        "type": "Point",
        "coordinates": [
          -96.8564610003723,
          33.0870180001377
        ]
      },
      "properties": {
        "OBJECTID": 205072,
        "CROSSING": "675230R",
        "EFFDATE": 1736985600000,
        "REASON": "14",
        "StateCode": "48",
        "CountyCode": "48085",
        "STCYFIPS": "48085",
        "CITYCD": "480852520",
        "RAILROAD": "BNSF",
        "RRDIV": "RED RIVER",
        "RRSUBDIV": "MADILL",
        "HIGHWAY": "NA",
        "STREET": "MEMORIAL DRIVE",
        "TTSTN": "",
        "MILEPOST": "0690.510",
        "TYPEXING": "Public",
        "POSXING": "RR Over",
        "PRVCAT": "14",
        "INIT": "1",
        "LATITUDE": 33.087018,
        "LONGITUD": -96.856461,
        "LLSOURCE": "1",
        "WHISTBAN": "",
        "RRCONT": "8173521549",
        "POLCONT": "8008325452",
        "INV_LINK": "https://safetydata.fra.dot.gov/OfficeofSafety/PublicSite/Crossing/Crossing.aspx?phasetype=C&rpttype=I&txtcrossingnum=675230R",
        "ACC_LINK": "https://safetydata.fra.dot.gov/OfficeofSafety/PublicSite/Crossing/Crossing.aspx?phasetype=C&rpttype=A&txtcrossingnum=675230R",
        "TTSTNNAM": "",
        "XPURPOSE": "1",
        "OPERATINGR": "BNSF",
        "OPERATIN_1": "Primary",
        "DAYTHRU": 3,
        "NGHTTHRU": 2,
        "MAINTRK": 1,
        "SIDINGTRK": 0,
        "YARDTRK": 0,
        "TRANSITTRK": 0,
        "INDUSTRYTR": 0,
        "OTHRTRK": 0,
        "WDCODE": "",
        "REVISIONDA": "1996/01/01 00:00:00",
        "LASTUPDATE": "1/16/2025",
        "AADT": "",
        "AADTYEAR": "",
        "STATENAME": "TEXAS",
        "STATEAB": "TX",
        "COUNTYNAME": "COLLIN",
        "CITYNAME": "FRISCO",
        "LATDD": 33.087018,
        "LONGDD": -96.856461,
        "gridlyProductionCertified": true,
        "gridlyClassification": "PUBLIC_ROADWAY",
        "gridlyDisplayName": "MEMORIAL DRIVE",
        "gridlyId": "FRA-675230R"
      }
    },
    {
      "type": "Feature",
      "id": 205078,
      "geometry": {
        "type": "Point",
        "coordinates": [
          -97.1123138002462,
          33.1995079996727
        ]
      },
      "properties": {
        "OBJECTID": 205078,
        "CROSSING": "414679Y",
        "EFFDATE": 1773014400000,
        "REASON": "22",
        "StateCode": "48",
        "CountyCode": "48121",
        "STCYFIPS": "48121",
        "CITYCD": "481211840",
        "RAILROAD": "DCTA",
        "RRDIV": "CENTRAL",
        "RRSUBDIV": "DENTON",
        "HIGHWAY": "ST 0000",
        "STREET": "COLORADO BLVD",
        "TTSTN": "663730",
        "MILEPOST": "0723.05",
        "TYPEXING": "Public",
        "POSXING": "At Grade",
        "PRVCAT": "22",
        "INIT": "1",
        "LATITUDE": 33.199508,
        "LONGITUD": -97.1123138,
        "LLSOURCE": "1",
        "WHISTBAN": "1",
        "RRCONT": "9728290901",
        "POLCONT": "9728290901",
        "INV_LINK": "https://safetydata.fra.dot.gov/OfficeofSafety/PublicSite/Crossing/Crossing.aspx?phasetype=C&rpttype=I&txtcrossingnum=414679Y",
        "ACC_LINK": "https://safetydata.fra.dot.gov/OfficeofSafety/PublicSite/Crossing/Crossing.aspx?phasetype=C&rpttype=A&txtcrossingnum=414679Y",
        "TTSTNNAM": "DENTON",
        "XPURPOSE": "1",
        "OPERATINGR": "DCTA",
        "OPERATIN_1": "Primary",
        "DAYTHRU": 50,
        "NGHTTHRU": 17,
        "MAINTRK": 1,
        "SIDINGTRK": 0,
        "YARDTRK": 0,
        "TRANSITTRK": 0,
        "INDUSTRYTR": 0,
        "OTHRTRK": 0,
        "WDCODE": "All other Gates",
        "REVISIONDA": "2009/01/01 00:00:00",
        "LASTUPDATE": "3/9/2026",
        "AADT": "10235",
        "AADTYEAR": "2025",
        "STATENAME": "TEXAS",
        "STATEAB": "TX",
        "COUNTYNAME": "DENTON",
        "CITYNAME": "DENTON",
        "LATDD": 33.199508,
        "LONGDD": -97.1123138,
        "gridlyProductionCertified": true,
        "gridlyClassification": "PUBLIC_ROADWAY",
        "gridlyDisplayName": "COLORADO BLVD",
        "gridlyId": "FRA-414679Y"
      }
    },
    {
      "type": "Feature",
      "id": 205096,
      "geometry": {
        "type": "Point",
        "coordinates": [
          -97.0829519995704,
          33.1712390001501
        ]
      },
      "properties": {
        "OBJECTID": 205096,
        "CROSSING": "414688X",
        "EFFDATE": 1773014400000,
        "REASON": "22",
        "StateCode": "48",
        "CountyCode": "48121",
        "STCYFIPS": "48121",
        "CITYCD": "481211840",
        "RAILROAD": "DCTA",
        "RRDIV": "CENTRAL",
        "RRSUBDIV": "DENTON",
        "HIGHWAY": "ST 0000",
        "STREET": "POCKRUS PAGE ROAD",
        "TTSTN": "663730",
        "MILEPOST": "0725.70",
        "TYPEXING": "Public",
        "POSXING": "At Grade",
        "PRVCAT": "22",
        "INIT": "1",
        "LATITUDE": 33.171239,
        "LONGITUD": -97.082952,
        "LLSOURCE": "1",
        "WHISTBAN": "1",
        "RRCONT": "9728290901",
        "POLCONT": "9728290901",
        "INV_LINK": "https://safetydata.fra.dot.gov/OfficeofSafety/PublicSite/Crossing/Crossing.aspx?phasetype=C&rpttype=I&txtcrossingnum=414688X",
        "ACC_LINK": "https://safetydata.fra.dot.gov/OfficeofSafety/PublicSite/Crossing/Crossing.aspx?phasetype=C&rpttype=A&txtcrossingnum=414688X",
        "TTSTNNAM": "DENTON",
        "XPURPOSE": "1",
        "OPERATINGR": "DCTA",
        "OPERATIN_1": "Primary",
        "DAYTHRU": 50,
        "NGHTTHRU": 17,
        "MAINTRK": 1,
        "SIDINGTRK": 1,
        "YARDTRK": 0,
        "TRANSITTRK": 0,
        "INDUSTRYTR": 0,
        "OTHRTRK": 0,
        "WDCODE": "Four Quad (full barrier) Gates",
        "REVISIONDA": "2009/01/01 00:00:00",
        "LASTUPDATE": "3/9/2026",
        "AADT": "3609",
        "AADTYEAR": "2025",
        "STATENAME": "TEXAS",
        "STATEAB": "TX",
        "COUNTYNAME": "DENTON",
        "CITYNAME": "DENTON",
        "LATDD": 33.171239,
        "LONGDD": -97.082952,
        "gridlyProductionCertified": true,
        "gridlyClassification": "PUBLIC_ROADWAY",
        "gridlyDisplayName": "POCKRUS PAGE ROAD",
        "gridlyId": "FRA-414688X"
      }
    },
    {
      "type": "Feature",
      "id": 205265,
      "geometry": {
        "type": "Point",
        "coordinates": [
          -97.1263694996466,
          33.2124397002969
        ]
      },
      "properties": {
        "OBJECTID": 205265,
        "CROSSING": "795445V",
        "EFFDATE": 1773014400000,
        "REASON": "22",
        "StateCode": "48",
        "CountyCode": "48121",
        "STCYFIPS": "48121",
        "CITYCD": "481211840",
        "RAILROAD": "DCTA",
        "RRDIV": "CENTRAL",
        "RRSUBDIV": "DENTON",
        "HIGHWAY": "ST 0000",
        "STREET": "SYCAMORE ST",
        "TTSTN": "663730",
        "MILEPOST": "0721.78",
        "TYPEXING": "Public",
        "POSXING": "At Grade",
        "PRVCAT": "22",
        "INIT": "1",
        "LATITUDE": 33.2124397,
        "LONGITUD": -97.1263695,
        "LLSOURCE": "1",
        "WHISTBAN": "1",
        "RRCONT": "9727900495",
        "POLCONT": "9728290901",
        "INV_LINK": "https://safetydata.fra.dot.gov/OfficeofSafety/PublicSite/Crossing/Crossing.aspx?phasetype=C&rpttype=I&txtcrossingnum=795445V",
        "ACC_LINK": "https://safetydata.fra.dot.gov/OfficeofSafety/PublicSite/Crossing/Crossing.aspx?phasetype=C&rpttype=A&txtcrossingnum=795445V",
        "TTSTNNAM": "DENTON",
        "XPURPOSE": "1",
        "OPERATINGR": "DCTA",
        "OPERATIN_1": "Primary",
        "DAYTHRU": 50,
        "NGHTTHRU": 17,
        "MAINTRK": 1,
        "SIDINGTRK": 0,
        "YARDTRK": 0,
        "TRANSITTRK": 1,
        "INDUSTRYTR": 0,
        "OTHRTRK": 1,
        "WDCODE": "All other Gates",
        "REVISIONDA": "2009/01/01 00:00:00",
        "LASTUPDATE": "3/9/2026",
        "AADT": "560",
        "AADTYEAR": "2025",
        "STATENAME": "TEXAS",
        "STATEAB": "TX",
        "COUNTYNAME": "DENTON",
        "CITYNAME": "DENTON",
        "LATDD": 33.2124397,
        "LONGDD": -97.1263695,
        "gridlyProductionCertified": true,
        "gridlyClassification": "PUBLIC_ROADWAY",
        "gridlyDisplayName": "SYCAMORE ST",
        "gridlyId": "FRA-795445V"
      }
    },
    {
      "type": "Feature",
      "id": 205269,
      "geometry": {
        "type": "Point",
        "coordinates": [
          -97.0962039996424,
          33.1853879997051
        ]
      },
      "properties": {
        "OBJECTID": 205269,
        "CROSSING": "414686J",
        "EFFDATE": 1773014400000,
        "REASON": "22",
        "StateCode": "48",
        "CountyCode": "48121",
        "STCYFIPS": "48121",
        "CITYCD": "481211840",
        "RAILROAD": "DCTA",
        "RRDIV": "CENTRAL",
        "RRSUBDIV": "DENTON",
        "HIGHWAY": "ST 0000",
        "STREET": "BRINKER RD",
        "TTSTN": "663730",
        "MILEPOST": "0724.21",
        "TYPEXING": "Public",
        "POSXING": "At Grade",
        "PRVCAT": "22",
        "INIT": "1",
        "LATITUDE": 33.185388,
        "LONGITUD": -97.096204,
        "LLSOURCE": "1",
        "WHISTBAN": "1",
        "RRCONT": "9728290901",
        "POLCONT": "9728290901",
        "INV_LINK": "https://safetydata.fra.dot.gov/OfficeofSafety/PublicSite/Crossing/Crossing.aspx?phasetype=C&rpttype=I&txtcrossingnum=414686J",
        "ACC_LINK": "https://safetydata.fra.dot.gov/OfficeofSafety/PublicSite/Crossing/Crossing.aspx?phasetype=C&rpttype=A&txtcrossingnum=414686J",
        "TTSTNNAM": "DENTON",
        "XPURPOSE": "1",
        "OPERATINGR": "DCTA",
        "OPERATIN_1": "Primary",
        "DAYTHRU": 50,
        "NGHTTHRU": 17,
        "MAINTRK": 1,
        "SIDINGTRK": 0,
        "YARDTRK": 0,
        "TRANSITTRK": 0,
        "INDUSTRYTR": 0,
        "OTHRTRK": 0,
        "WDCODE": "All other Gates",
        "REVISIONDA": "2009/01/01 00:00:00",
        "LASTUPDATE": "3/9/2026",
        "AADT": "18801",
        "AADTYEAR": "2025",
        "STATENAME": "TEXAS",
        "STATEAB": "TX",
        "COUNTYNAME": "DENTON",
        "CITYNAME": "DENTON",
        "LATDD": 33.185388,
        "LONGDD": -97.096204,
        "gridlyProductionCertified": true,
        "gridlyClassification": "PUBLIC_ROADWAY",
        "gridlyDisplayName": "BRINKER RD",
        "gridlyId": "FRA-414686J"
      }
    },
    {
      "type": "Feature",
      "id": 205299,
      "geometry": {
        "type": "Point",
        "coordinates": [
          -96.859757999823,
          33.04492080008
        ]
      },
      "properties": {
        "OBJECTID": 205299,
        "CROSSING": "675121M",
        "EFFDATE": 1747267200000,
        "REASON": "14",
        "StateCode": "48",
        "CountyCode": "48121",
        "STCYFIPS": "48121",
        "CITYCD": "481213079",
        "RAILROAD": "BNSF",
        "RRDIV": "RED RIVER",
        "RRSUBDIV": "MADILL",
        "HIGHWAY": "ST0000",
        "STREET": "PARKER ROAD",
        "TTSTN": "663768",
        "MILEPOST": "0693.400",
        "TYPEXING": "Public",
        "POSXING": "At Grade",
        "PRVCAT": "14",
        "INIT": "2",
        "LATITUDE": 33.0449208,
        "LONGITUD": -96.859758,
        "LLSOURCE": "1",
        "WHISTBAN": "1",
        "RRCONT": "8173521549",
        "POLCONT": "8008325452",
        "INV_LINK": "https://safetydata.fra.dot.gov/OfficeofSafety/PublicSite/Crossing/Crossing.aspx?phasetype=C&rpttype=I&txtcrossingnum=675121M",
        "ACC_LINK": "https://safetydata.fra.dot.gov/OfficeofSafety/PublicSite/Crossing/Crossing.aspx?phasetype=C&rpttype=A&txtcrossingnum=675121M",
        "TTSTNNAM": "HEBRON",
        "XPURPOSE": "1",
        "OPERATINGR": "BNSF",
        "OPERATIN_1": "Primary",
        "DAYTHRU": 3,
        "NGHTTHRU": 2,
        "MAINTRK": 1,
        "SIDINGTRK": 0,
        "YARDTRK": 0,
        "TRANSITTRK": 0,
        "INDUSTRYTR": 0,
        "OTHRTRK": 0,
        "WDCODE": "All other Gates",
        "REVISIONDA": "1996/01/01 00:00:00",
        "LASTUPDATE": "5/15/2025",
        "AADT": "018716",
        "AADTYEAR": "2024",
        "STATENAME": "TEXAS",
        "STATEAB": "TX",
        "COUNTYNAME": "DENTON",
        "CITYNAME": "HEBRON",
        "LATDD": 33.0449208,
        "LONGDD": -96.859758,
        "gridlyProductionCertified": true,
        "gridlyClassification": "PUBLIC_ROADWAY",
        "gridlyDisplayName": "PARKER ROAD",
        "gridlyId": "FRA-675121M"
      }
    },
    {
      "type": "Feature",
      "id": 205323,
      "geometry": {
        "type": "Point",
        "coordinates": [
          -97.005564999876,
          33.0652149997636
        ]
      },
      "properties": {
        "OBJECTID": 205323,
        "CROSSING": "414710H",
        "EFFDATE": 1773100800000,
        "REASON": "22",
        "StateCode": "48",
        "CountyCode": "48121",
        "STCYFIPS": "48121",
        "CITYCD": "481213960",
        "RAILROAD": "DCTA",
        "RRDIV": "CENTRAL",
        "RRSUBDIV": "DENTON",
        "HIGHWAY": "lS0000",
        "STREET": "N MILL STREET",
        "TTSTN": "663778",
        "MILEPOST": "0735.10",
        "TYPEXING": "Public",
        "POSXING": "At Grade",
        "PRVCAT": "22",
        "INIT": "1",
        "LATITUDE": 33.065215,
        "LONGITUD": -97.005565,
        "LLSOURCE": "1",
        "WHISTBAN": "1",
        "RRCONT": "9708290901",
        "POLCONT": "9728290901",
        "INV_LINK": "https://safetydata.fra.dot.gov/OfficeofSafety/PublicSite/Crossing/Crossing.aspx?phasetype=C&rpttype=I&txtcrossingnum=414710H",
        "ACC_LINK": "https://safetydata.fra.dot.gov/OfficeofSafety/PublicSite/Crossing/Crossing.aspx?phasetype=C&rpttype=A&txtcrossingnum=414710H",
        "TTSTNNAM": "LEWISVILLE",
        "XPURPOSE": "1",
        "OPERATINGR": "DCTA",
        "OPERATIN_1": "Primary",
        "DAYTHRU": 50,
        "NGHTTHRU": 17,
        "MAINTRK": 1,
        "SIDINGTRK": 0,
        "YARDTRK": 0,
        "TRANSITTRK": 0,
        "INDUSTRYTR": 0,
        "OTHRTRK": 0,
        "WDCODE": "All other Gates",
        "REVISIONDA": "2009/01/01 00:00:00",
        "LASTUPDATE": "3/10/2026",
        "AADT": "004932",
        "AADTYEAR": "2025",
        "STATENAME": "TEXAS",
        "STATEAB": "TX",
        "COUNTYNAME": "DENTON",
        "CITYNAME": "LEWISVILLE",
        "LATDD": 33.065215,
        "LONGDD": -97.005565,
        "gridlyProductionCertified": true,
        "gridlyClassification": "PUBLIC_ROADWAY",
        "gridlyDisplayName": "N MILL STREET",
        "gridlyId": "FRA-414710H"
      }
    },
    {
      "type": "Feature",
      "id": 205358,
      "geometry": {
        "type": "Point",
        "coordinates": [
          -96.848589999582,
          33.1150079996423
        ]
      },
      "properties": {
        "OBJECTID": 205358,
        "CROSSING": "675224M",
        "EFFDATE": 1736985600000,
        "REASON": "14",
        "StateCode": "48",
        "CountyCode": "48121",
        "STCYFIPS": "48121",
        "CITYCD": "480852520",
        "RAILROAD": "BNSF",
        "RRDIV": "RED RIVER",
        "RRSUBDIV": "MADILL",
        "HIGHWAY": "NOT YET REPORTED BY STATE",
        "STREET": "LEBANON RD",
        "TTSTN": "",
        "MILEPOST": "0688.470",
        "TYPEXING": "Public",
        "POSXING": "RR Over",
        "PRVCAT": "14",
        "INIT": "1",
        "LATITUDE": 33.115008,
        "LONGITUD": -96.84859,
        "LLSOURCE": "1",
        "WHISTBAN": "",
        "RRCONT": "8173521549",
        "POLCONT": "8008325452",
        "INV_LINK": "https://safetydata.fra.dot.gov/OfficeofSafety/PublicSite/Crossing/Crossing.aspx?phasetype=C&rpttype=I&txtcrossingnum=675224M",
        "ACC_LINK": "https://safetydata.fra.dot.gov/OfficeofSafety/PublicSite/Crossing/Crossing.aspx?phasetype=C&rpttype=A&txtcrossingnum=675224M",
        "TTSTNNAM": "frisco",
        "XPURPOSE": "1",
        "OPERATINGR": "BNSF",
        "OPERATIN_1": "Primary",
        "DAYTHRU": 3,
        "NGHTTHRU": 2,
        "MAINTRK": 1,
        "SIDINGTRK": 0,
        "YARDTRK": 0,
        "TRANSITTRK": 0,
        "INDUSTRYTR": 0,
        "OTHRTRK": 0,
        "WDCODE": "",
        "REVISIONDA": "1996/01/01 00:00:00",
        "LASTUPDATE": "1/16/2025",
        "AADT": "",
        "AADTYEAR": "",
        "STATENAME": "TEXAS",
        "STATEAB": "TX",
        "COUNTYNAME": "DENTON",
        "CITYNAME": "FRISCO",
        "LATDD": 33.115008,
        "LONGDD": -96.84859,
        "gridlyProductionCertified": true,
        "gridlyClassification": "PUBLIC_ROADWAY",
        "gridlyDisplayName": "LEBANON RD",
        "gridlyId": "FRA-675224M"
      }
    },
    {
      "type": "Feature",
      "id": 205363,
      "geometry": {
        "type": "Point",
        "coordinates": [
          -96.9871353997639,
          33.0492506000568
        ]
      },
      "properties": {
        "OBJECTID": 205363,
        "CROSSING": "414714K",
        "EFFDATE": 1773100800000,
        "REASON": "22",
        "StateCode": "48",
        "CountyCode": "48121",
        "STCYFIPS": "48121",
        "CITYCD": "481213960",
        "RAILROAD": "DCTA",
        "RRDIV": "CENTRAL",
        "RRSUBDIV": "DENTON",
        "HIGHWAY": "lS0000",
        "STREET": "East COLLEGE STreet",
        "TTSTN": "663778",
        "MILEPOST": "0736.50",
        "TYPEXING": "Public",
        "POSXING": "At Grade",
        "PRVCAT": "22",
        "INIT": "1",
        "LATITUDE": 33.0492506,
        "LONGITUD": -96.9871354,
        "LLSOURCE": "1",
        "WHISTBAN": "1",
        "RRCONT": "9728290901",
        "POLCONT": "9728290901",
        "INV_LINK": "https://safetydata.fra.dot.gov/OfficeofSafety/PublicSite/Crossing/Crossing.aspx?phasetype=C&rpttype=I&txtcrossingnum=414714K",
        "ACC_LINK": "https://safetydata.fra.dot.gov/OfficeofSafety/PublicSite/Crossing/Crossing.aspx?phasetype=C&rpttype=A&txtcrossingnum=414714K",
        "TTSTNNAM": "LEWISVILLE",
        "XPURPOSE": "1",
        "OPERATINGR": "DCTA",
        "OPERATIN_1": "Primary",
        "DAYTHRU": 50,
        "NGHTTHRU": 17,
        "MAINTRK": 1,
        "SIDINGTRK": 0,
        "YARDTRK": 0,
        "TRANSITTRK": 0,
        "INDUSTRYTR": 0,
        "OTHRTRK": 0,
        "WDCODE": "Four Quad (full barrier) Gates",
        "REVISIONDA": "2009/01/01 00:00:00",
        "LASTUPDATE": "3/10/2026",
        "AADT": "001600",
        "AADTYEAR": "2025",
        "STATENAME": "TEXAS",
        "STATEAB": "TX",
        "COUNTYNAME": "DENTON",
        "CITYNAME": "LEWISVILLE",
        "LATDD": 33.0492506,
        "LONGDD": -96.9871354,
        "gridlyProductionCertified": true,
        "gridlyClassification": "PUBLIC_ROADWAY",
        "gridlyDisplayName": "East COLLEGE STreet",
        "gridlyId": "FRA-414714K"
      }
    },
    {
      "type": "Feature",
      "id": 205850,
      "geometry": {
        "type": "Point",
        "coordinates": [
          -97.3415699998401,
          33.0352200003192
        ]
      },
      "properties": {
        "OBJECTID": 205850,
        "CROSSING": "966501Y",
        "EFFDATE": 1736985600000,
        "REASON": "14",
        "StateCode": "48",
        "CountyCode": "48121",
        "STCYFIPS": "48121",
        "CITYCD": "481213560",
        "RAILROAD": "BNSF",
        "RRDIV": "RED RIVER",
        "RRSUBDIV": "FT WORTH",
        "HIGHWAY": "TX-114",
        "STREET": "TX STATE HWY 114",
        "TTSTN": "",
        "MILEPOST": "0365.803",
        "TYPEXING": "Public",
        "POSXING": "RR Under",
        "PRVCAT": "14",
        "INIT": "1",
        "LATITUDE": 33.03522,
        "LONGITUD": -97.34157,
        "LLSOURCE": "1",
        "WHISTBAN": "",
        "RRCONT": "8173521549",
        "POLCONT": "8008325452",
        "INV_LINK": "https://safetydata.fra.dot.gov/OfficeofSafety/PublicSite/Crossing/Crossing.aspx?phasetype=C&rpttype=I&txtcrossingnum=966501Y",
        "ACC_LINK": "https://safetydata.fra.dot.gov/OfficeofSafety/PublicSite/Crossing/Crossing.aspx?phasetype=C&rpttype=A&txtcrossingnum=966501Y",
        "TTSTNNAM": "",
        "XPURPOSE": "1",
        "OPERATINGR": "BNSF",
        "OPERATIN_1": "Primary",
        "DAYTHRU": 6,
        "NGHTTHRU": 6,
        "MAINTRK": 1,
        "SIDINGTRK": 0,
        "YARDTRK": 0,
        "TRANSITTRK": 0,
        "INDUSTRYTR": 0,
        "OTHRTRK": 0,
        "WDCODE": "",
        "REVISIONDA": "1996/01/01 00:00:00",
        "LASTUPDATE": "1/16/2025",
        "AADT": "",
        "AADTYEAR": "",
        "STATENAME": "TEXAS",
        "STATEAB": "TX",
        "COUNTYNAME": "DENTON",
        "CITYNAME": "JUSTIN",
        "LATDD": 33.03522,
        "LONGDD": -97.34157,
        "gridlyProductionCertified": true,
        "gridlyClassification": "PUBLIC_ROADWAY",
        "gridlyDisplayName": "TX STATE HWY 114",
        "gridlyId": "FRA-966501Y"
      }
    },
    {
      "type": "Feature",
      "id": 205861,
      "geometry": {
        "type": "Point",
        "coordinates": [
          -97.3510450000623,
          32.9953860001683
        ]
      },
      "properties": {
        "OBJECTID": 205861,
        "CROSSING": "967411D",
        "EFFDATE": 1736985600000,
        "REASON": "14",
        "StateCode": "48",
        "CountyCode": "48121",
        "STCYFIPS": "48121",
        "CITYCD": "481213560",
        "RAILROAD": "BNSF",
        "RRDIV": "RED RIVER",
        "RRSUBDIV": "ALLIANCE YD, TX",
        "HIGHWAY": "PRIVATE",
        "STREET": "PRIVATE",
        "TTSTN": "",
        "MILEPOST": "0363.096",
        "TYPEXING": "Private",
        "POSXING": "At Grade",
        "PRVCAT": "14",
        "INIT": "1",
        "LATITUDE": 32.995386,
        "LONGITUD": -97.351045,
        "LLSOURCE": "1",
        "WHISTBAN": "",
        "RRCONT": "8173521549",
        "POLCONT": "8008325452",
        "INV_LINK": "https://safetydata.fra.dot.gov/OfficeofSafety/PublicSite/Crossing/Crossing.aspx?phasetype=C&rpttype=I&txtcrossingnum=967411D",
        "ACC_LINK": "https://safetydata.fra.dot.gov/OfficeofSafety/PublicSite/Crossing/Crossing.aspx?phasetype=C&rpttype=A&txtcrossingnum=967411D",
        "TTSTNNAM": "",
        "XPURPOSE": "1",
        "OPERATINGR": "BNSF",
        "OPERATIN_1": "Primary",
        "DAYTHRU": 0,
        "NGHTTHRU": 0,
        "MAINTRK": 0,
        "SIDINGTRK": 0,
        "YARDTRK": 0,
        "TRANSITTRK": 0,
        "INDUSTRYTR": 6,
        "OTHRTRK": 0,
        "WDCODE": "",
        "REVISIONDA": "1996/01/01 00:00:00",
        "LASTUPDATE": "1/16/2025",
        "AADT": "",
        "AADTYEAR": "",
        "STATENAME": "TEXAS",
        "STATEAB": "TX",
        "COUNTYNAME": "DENTON",
        "CITYNAME": "JUSTIN",
        "LATDD": 32.995386,
        "LONGDD": -97.351045,
        "gridlyProductionCertified": true,
        "gridlyClassification": "PUBLIC_ROADWAY",
        "gridlyDisplayName": "PRIVATE",
        "gridlyId": "FRA-967411D"
      }
    },
    {
      "type": "Feature",
      "id": 205862,
      "geometry": {
        "type": "Point",
        "coordinates": [
          -97.3510340001917,
          33.0008589997602
        ]
      },
      "properties": {
        "OBJECTID": 205862,
        "CROSSING": "967412K",
        "EFFDATE": 1736985600000,
        "REASON": "14",
        "StateCode": "48",
        "CountyCode": "48121",
        "STCYFIPS": "48121",
        "CITYCD": "481213560",
        "RAILROAD": "BNSF",
        "RRDIV": "RED RIVER",
        "RRSUBDIV": "ALLIANCE YD, TX",
        "HIGHWAY": "PRIVATE",
        "STREET": "PRIVATE",
        "TTSTN": "",
        "MILEPOST": "0363.431",
        "TYPEXING": "Private",
        "POSXING": "At Grade",
        "PRVCAT": "14",
        "INIT": "1",
        "LATITUDE": 33.000859,
        "LONGITUD": -97.351034,
        "LLSOURCE": "1",
        "WHISTBAN": "",
        "RRCONT": "8173521549",
        "POLCONT": "8008325452",
        "INV_LINK": "https://safetydata.fra.dot.gov/OfficeofSafety/PublicSite/Crossing/Crossing.aspx?phasetype=C&rpttype=I&txtcrossingnum=967412K",
        "ACC_LINK": "https://safetydata.fra.dot.gov/OfficeofSafety/PublicSite/Crossing/Crossing.aspx?phasetype=C&rpttype=A&txtcrossingnum=967412K",
        "TTSTNNAM": "",
        "XPURPOSE": "1",
        "OPERATINGR": "BNSF",
        "OPERATIN_1": "Primary",
        "DAYTHRU": 0,
        "NGHTTHRU": 0,
        "MAINTRK": 0,
        "SIDINGTRK": 0,
        "YARDTRK": 0,
        "TRANSITTRK": 0,
        "INDUSTRYTR": 6,
        "OTHRTRK": 0,
        "WDCODE": "",
        "REVISIONDA": "1996/01/01 00:00:00",
        "LASTUPDATE": "1/16/2025",
        "AADT": "",
        "AADTYEAR": "",
        "STATENAME": "TEXAS",
        "STATEAB": "TX",
        "COUNTYNAME": "DENTON",
        "CITYNAME": "JUSTIN",
        "LATDD": 33.000859,
        "LONGDD": -97.351034,
        "gridlyProductionCertified": true,
        "gridlyClassification": "PUBLIC_ROADWAY",
        "gridlyDisplayName": "PRIVATE",
        "gridlyId": "FRA-967412K"
      }
    },
    {
      "type": "Feature",
      "id": 205863,
      "geometry": {
        "type": "Point",
        "coordinates": [
          -97.3510269996207,
          33.0063540000491
        ]
      },
      "properties": {
        "OBJECTID": 205863,
        "CROSSING": "967413S",
        "EFFDATE": 1736985600000,
        "REASON": "14",
        "StateCode": "48",
        "CountyCode": "48121",
        "STCYFIPS": "48121",
        "CITYCD": "481213560",
        "RAILROAD": "BNSF",
        "RRDIV": "RED RIVER",
        "RRSUBDIV": "ALLIANCE YD, TX",
        "HIGHWAY": "PRIVATE",
        "STREET": "PRIVATE",
        "TTSTN": "",
        "MILEPOST": "0363.764",
        "TYPEXING": "Private",
        "POSXING": "At Grade",
        "PRVCAT": "14",
        "INIT": "1",
        "LATITUDE": 33.006354,
        "LONGITUD": -97.351027,
        "LLSOURCE": "1",
        "WHISTBAN": "",
        "RRCONT": "8173521549",
        "POLCONT": "8008325452",
        "INV_LINK": "https://safetydata.fra.dot.gov/OfficeofSafety/PublicSite/Crossing/Crossing.aspx?phasetype=C&rpttype=I&txtcrossingnum=967413S",
        "ACC_LINK": "https://safetydata.fra.dot.gov/OfficeofSafety/PublicSite/Crossing/Crossing.aspx?phasetype=C&rpttype=A&txtcrossingnum=967413S",
        "TTSTNNAM": "",
        "XPURPOSE": "1",
        "OPERATINGR": "BNSF",
        "OPERATIN_1": "Primary",
        "DAYTHRU": 0,
        "NGHTTHRU": 0,
        "MAINTRK": 0,
        "SIDINGTRK": 0,
        "YARDTRK": 0,
        "TRANSITTRK": 0,
        "INDUSTRYTR": 5,
        "OTHRTRK": 0,
        "WDCODE": "",
        "REVISIONDA": "1996/01/01 00:00:00",
        "LASTUPDATE": "1/16/2025",
        "AADT": "",
        "AADTYEAR": "",
        "STATENAME": "TEXAS",
        "STATEAB": "TX",
        "COUNTYNAME": "DENTON",
        "CITYNAME": "JUSTIN",
        "LATDD": 33.006354,
        "LONGDD": -97.351027,
        "gridlyProductionCertified": true,
        "gridlyClassification": "PUBLIC_ROADWAY",
        "gridlyDisplayName": "PRIVATE",
        "gridlyId": "FRA-967413S"
      }
    },
    {
      "type": "Feature",
      "id": 205896,
      "geometry": {
        "type": "Point",
        "coordinates": [
          -97.3581309999567,
          32.9926200000638
        ]
      },
      "properties": {
        "OBJECTID": 205896,
        "CROSSING": "967552M",
        "EFFDATE": 1736985600000,
        "REASON": "14",
        "StateCode": "48",
        "CountyCode": "48121",
        "STCYFIPS": "48121",
        "CITYCD": "481213560",
        "RAILROAD": "BNSF",
        "RRDIV": "RED RIVER",
        "RRSUBDIV": "FT WORTH",
        "HIGHWAY": "NOT YET REPORTED BY STATE",
        "STREET": "JOHN DAY RD",
        "TTSTN": "",
        "MILEPOST": "0362.914",
        "TYPEXING": "Public",
        "POSXING": "RR Over",
        "PRVCAT": "14",
        "INIT": "1",
        "LATITUDE": 32.99262,
        "LONGITUD": -97.358131,
        "LLSOURCE": "1",
        "WHISTBAN": "",
        "RRCONT": "8173521549",
        "POLCONT": "8008325452",
        "INV_LINK": "https://safetydata.fra.dot.gov/OfficeofSafety/PublicSite/Crossing/Crossing.aspx?phasetype=C&rpttype=I&txtcrossingnum=967552M",
        "ACC_LINK": "https://safetydata.fra.dot.gov/OfficeofSafety/PublicSite/Crossing/Crossing.aspx?phasetype=C&rpttype=A&txtcrossingnum=967552M",
        "TTSTNNAM": "",
        "XPURPOSE": "1",
        "OPERATINGR": "BNSF",
        "OPERATIN_1": "Primary",
        "DAYTHRU": 4,
        "NGHTTHRU": 4,
        "MAINTRK": 1,
        "SIDINGTRK": 0,
        "YARDTRK": 0,
        "TRANSITTRK": 0,
        "INDUSTRYTR": 0,
        "OTHRTRK": 0,
        "WDCODE": "",
        "REVISIONDA": "1996/01/01 00:00:00",
        "LASTUPDATE": "1/16/2025",
        "AADT": "",
        "AADTYEAR": "",
        "STATENAME": "TEXAS",
        "STATEAB": "TX",
        "COUNTYNAME": "DENTON",
        "CITYNAME": "JUSTIN",
        "LATDD": 32.99262,
        "LONGDD": -97.358131,
        "gridlyProductionCertified": true,
        "gridlyClassification": "PUBLIC_ROADWAY",
        "gridlyDisplayName": "JOHN DAY RD",
        "gridlyId": "FRA-967552M"
      }
    },
    {
      "type": "Feature",
      "id": 205981,
      "geometry": {
        "type": "Point",
        "coordinates": [
          -96.8556720001768,
          33.0808603001919
        ]
      },
      "properties": {
        "OBJECTID": 205981,
        "CROSSING": "672139M",
        "EFFDATE": 1736985600000,
        "REASON": "14",
        "StateCode": "48",
        "CountyCode": "48085",
        "STCYFIPS": "48085",
        "CITYCD": "480852520",
        "RAILROAD": "BNSF",
        "RRDIV": "RED RIVER",
        "RRSUBDIV": "MADILL",
        "HIGHWAY": "SH 121",
        "STREET": "STATE HIGHWAY",
        "TTSTN": "663677",
        "MILEPOST": "0690.910",
        "TYPEXING": "Public",
        "POSXING": "RR Under",
        "PRVCAT": "14",
        "INIT": "1",
        "LATITUDE": 33.0808603,
        "LONGITUD": -96.855672,
        "LLSOURCE": "1",
        "WHISTBAN": "0",
        "RRCONT": "8173521549",
        "POLCONT": "8008325452",
        "INV_LINK": "https://safetydata.fra.dot.gov/OfficeofSafety/PublicSite/Crossing/Crossing.aspx?phasetype=C&rpttype=I&txtcrossingnum=672139M",
        "ACC_LINK": "https://safetydata.fra.dot.gov/OfficeofSafety/PublicSite/Crossing/Crossing.aspx?phasetype=C&rpttype=A&txtcrossingnum=672139M",
        "TTSTNNAM": "FRISCO",
        "XPURPOSE": "1",
        "OPERATINGR": "BNSF",
        "OPERATIN_1": "Primary",
        "DAYTHRU": 3,
        "NGHTTHRU": 2,
        "MAINTRK": 1,
        "SIDINGTRK": 0,
        "YARDTRK": 0,
        "TRANSITTRK": 0,
        "INDUSTRYTR": 0,
        "OTHRTRK": 0,
        "WDCODE": "",
        "REVISIONDA": "1996/01/01 00:00:00",
        "LASTUPDATE": "1/16/2025",
        "AADT": "",
        "AADTYEAR": "1970",
        "STATENAME": "TEXAS",
        "STATEAB": "TX",
        "COUNTYNAME": "COLLIN",
        "CITYNAME": "FRISCO",
        "LATDD": 33.0808603,
        "LONGDD": -96.855672,
        "gridlyProductionCertified": true,
        "gridlyClassification": "PUBLIC_ROADWAY",
        "gridlyDisplayName": "STATE HIGHWAY",
        "gridlyId": "FRA-672139M"
      }
    },
    {
      "type": "Feature",
      "id": 206236,
      "geometry": {
        "type": "Point",
        "coordinates": [
          -97.013470999928,
          33.0611550000279
        ]
      },
      "properties": {
        "OBJECTID": 206236,
        "CROSSING": "021665D",
        "EFFDATE": 1772064000000,
        "REASON": "14",
        "StateCode": "48",
        "CountyCode": "48121",
        "STCYFIPS": "48121",
        "CITYCD": "481213960",
        "RAILROAD": "KCS",
        "RRDIV": "Speedway",
        "RRSUBDIV": "Alliance",
        "HIGHWAY": "IH0035E",
        "STREET": "IH 0035E",
        "TTSTN": "663773",
        "MILEPOST": "0090.110",
        "TYPEXING": "Public",
        "POSXING": "RR Over",
        "PRVCAT": "14",
        "INIT": "1",
        "LATITUDE": 33.061155,
        "LONGITUD": -97.013471,
        "LLSOURCE": "1",
        "WHISTBAN": "0",
        "RRCONT": "3186766269",
        "POLCONT": "8775279464",
        "INV_LINK": "https://safetydata.fra.dot.gov/OfficeofSafety/PublicSite/Crossing/Crossing.aspx?phasetype=C&rpttype=I&txtcrossingnum=021665D",
        "ACC_LINK": "https://safetydata.fra.dot.gov/OfficeofSafety/PublicSite/Crossing/Crossing.aspx?phasetype=C&rpttype=A&txtcrossingnum=021665D",
        "TTSTNNAM": "663773",
        "XPURPOSE": "1",
        "OPERATINGR": "CPKC",
        "OPERATIN_1": "Primary",
        "DAYTHRU": 1,
        "NGHTTHRU": 1,
        "MAINTRK": 1,
        "SIDINGTRK": 0,
        "YARDTRK": 0,
        "TRANSITTRK": 0,
        "INDUSTRYTR": 0,
        "OTHRTRK": 0,
        "WDCODE": "",
        "REVISIONDA": "1975/01/01 00:00:00",
        "LASTUPDATE": "2/26/2026",
        "AADT": "124200",
        "AADTYEAR": "2011",
        "STATENAME": "TEXAS",
        "STATEAB": "TX",
        "COUNTYNAME": "DENTON",
        "CITYNAME": "LEWISVILLE",
        "LATDD": 33.061155,
        "LONGDD": -97.013471,
        "gridlyProductionCertified": true,
        "gridlyClassification": "PUBLIC_ROADWAY",
        "gridlyDisplayName": "IH 0035E",
        "gridlyId": "FRA-021665D"
      }
    },
    {
      "type": "Feature",
      "id": 206718,
      "geometry": {
        "type": "Point",
        "coordinates": [
          -97.1151746002528,
          33.2273801999231
        ]
      },
      "properties": {
        "OBJECTID": 206718,
        "CROSSING": "795311W",
        "EFFDATE": 1756684800000,
        "REASON": "14",
        "StateCode": "48",
        "CountyCode": "48121",
        "STCYFIPS": "48121",
        "CITYCD": "481211840",
        "RAILROAD": "UP",
        "RRDIV": "TEXOMA",
        "RRSUBDIV": "Choctaw Sub",
        "HIGHWAY": "ST 0000",
        "STREET": "PERTAIN STREET",
        "TTSTN": "663730",
        "MILEPOST": "0717.920",
        "TYPEXING": "Public",
        "POSXING": "At Grade",
        "PRVCAT": "14",
        "INIT": "1",
        "LATITUDE": 33.2273802,
        "LONGITUD": -97.1151746,
        "LLSOURCE": "1",
        "WHISTBAN": "0",
        "RRCONT": "4025443721",
        "POLCONT": "8008488715",
        "INV_LINK": "https://safetydata.fra.dot.gov/OfficeofSafety/PublicSite/Crossing/Crossing.aspx?phasetype=C&rpttype=I&txtcrossingnum=795311W",
        "ACC_LINK": "https://safetydata.fra.dot.gov/OfficeofSafety/PublicSite/Crossing/Crossing.aspx?phasetype=C&rpttype=A&txtcrossingnum=795311W",
        "TTSTNNAM": "",
        "XPURPOSE": "1",
        "OPERATINGR": "UP",
        "OPERATIN_1": "Primary",
        "DAYTHRU": 9,
        "NGHTTHRU": 8,
        "MAINTRK": 1,
        "SIDINGTRK": 0,
        "YARDTRK": 0,
        "TRANSITTRK": 0,
        "INDUSTRYTR": 0,
        "OTHRTRK": 0,
        "WDCODE": "All other Gates",
        "REVISIONDA": "1975/01/01 00:00:00",
        "LASTUPDATE": "9/1/2025",
        "AADT": "1046",
        "AADTYEAR": "2019",
        "STATENAME": "TEXAS",
        "STATEAB": "TX",
        "COUNTYNAME": "DENTON",
        "CITYNAME": "DENTON",
        "LATDD": 33.2273802,
        "LONGDD": -97.1151746,
        "gridlyProductionCertified": true,
        "gridlyClassification": "PUBLIC_ROADWAY",
        "gridlyDisplayName": "PERTAIN STREET",
        "gridlyId": "FRA-795311W"
      }
    },
    {
      "type": "Feature",
      "id": 206749,
      "geometry": {
        "type": "Point",
        "coordinates": [
          -97.1625350001471,
          33.1960320001935
        ]
      },
      "properties": {
        "OBJECTID": 206749,
        "CROSSING": "021710V",
        "EFFDATE": 1772409600000,
        "REASON": "14",
        "StateCode": "48",
        "CountyCode": "48121",
        "STCYFIPS": "48121",
        "CITYCD": "481211840",
        "RAILROAD": "KCS",
        "RRDIV": "Speedway",
        "RRSUBDIV": "Alliance",
        "HIGHWAY": "NA",
        "STREET": "PRIVATE ROAD",
        "TTSTN": "663773",
        "MILEPOST": "0103.400",
        "TYPEXING": "Private",
        "POSXING": "At Grade",
        "PRVCAT": "14",
        "INIT": "1",
        "LATITUDE": 33.196032,
        "LONGITUD": -97.162535,
        "LLSOURCE": "1",
        "WHISTBAN": "0",
        "RRCONT": "3186766269",
        "POLCONT": "8775279464",
        "INV_LINK": "https://safetydata.fra.dot.gov/OfficeofSafety/PublicSite/Crossing/Crossing.aspx?phasetype=C&rpttype=I&txtcrossingnum=021710V",
        "ACC_LINK": "https://safetydata.fra.dot.gov/OfficeofSafety/PublicSite/Crossing/Crossing.aspx?phasetype=C&rpttype=A&txtcrossingnum=021710V",
        "TTSTNNAM": "663773",
        "XPURPOSE": "1",
        "OPERATINGR": "CPKC",
        "OPERATIN_1": "Primary",
        "DAYTHRU": 1,
        "NGHTTHRU": 1,
        "MAINTRK": 1,
        "SIDINGTRK": 0,
        "YARDTRK": 0,
        "TRANSITTRK": 0,
        "INDUSTRYTR": 0,
        "OTHRTRK": 0,
        "WDCODE": "",
        "REVISIONDA": "1975/01/01 00:00:00",
        "LASTUPDATE": "3/2/2026",
        "AADT": "1",
        "AADTYEAR": "1970",
        "STATENAME": "TEXAS",
        "STATEAB": "TX",
        "COUNTYNAME": "DENTON",
        "CITYNAME": "DENTON",
        "LATDD": 33.196032,
        "LONGDD": -97.162535,
        "gridlyProductionCertified": true,
        "gridlyClassification": "PUBLIC_ROADWAY",
        "gridlyDisplayName": "PRIVATE ROAD",
        "gridlyId": "FRA-021710V"
      }
    },
    {
      "type": "Feature",
      "id": 206760,
      "geometry": {
        "type": "Point",
        "coordinates": [
          -97.0783699996316,
          33.0870061000405
        ]
      },
      "properties": {
        "OBJECTID": 206760,
        "CROSSING": "331277K",
        "EFFDATE": 1772409600000,
        "REASON": "14",
        "StateCode": "48",
        "CountyCode": "48121",
        "STCYFIPS": "48121",
        "CITYCD": "481213192",
        "RAILROAD": "KCS",
        "RRDIV": "Speedway",
        "RRSUBDIV": "Alliance",
        "HIGHWAY": "FM 2499",
        "STREET": "VILLAGE PKWY",
        "TTSTN": "663773",
        "MILEPOST": "0094.400",
        "TYPEXING": "Public",
        "POSXING": "At Grade",
        "PRVCAT": "14",
        "INIT": "1",
        "LATITUDE": 33.0870061,
        "LONGITUD": -97.07837,
        "LLSOURCE": "1",
        "WHISTBAN": "0",
        "RRCONT": "3186766269",
        "POLCONT": "8775279464",
        "INV_LINK": "https://safetydata.fra.dot.gov/OfficeofSafety/PublicSite/Crossing/Crossing.aspx?phasetype=C&rpttype=I&txtcrossingnum=331277K",
        "ACC_LINK": "https://safetydata.fra.dot.gov/OfficeofSafety/PublicSite/Crossing/Crossing.aspx?phasetype=C&rpttype=A&txtcrossingnum=331277K",
        "TTSTNNAM": "663773",
        "XPURPOSE": "1",
        "OPERATINGR": "CPKC",
        "OPERATIN_1": "Primary",
        "DAYTHRU": 1,
        "NGHTTHRU": 1,
        "MAINTRK": 1,
        "SIDINGTRK": 0,
        "YARDTRK": 0,
        "TRANSITTRK": 0,
        "INDUSTRYTR": 0,
        "OTHRTRK": 0,
        "WDCODE": "All other Gates",
        "REVISIONDA": "1975/01/01 00:00:00",
        "LASTUPDATE": "3/2/2026",
        "AADT": "17500",
        "AADTYEAR": "2009",
        "STATENAME": "TEXAS",
        "STATEAB": "TX",
        "COUNTYNAME": "DENTON",
        "CITYNAME": "HIGHLAND VILLAGE",
        "LATDD": 33.0870061,
        "LONGDD": -97.07837,
        "gridlyProductionCertified": true,
        "gridlyClassification": "PUBLIC_ROADWAY",
        "gridlyDisplayName": "VILLAGE PKWY",
        "gridlyId": "FRA-331277K"
      }
    },
    {
      "type": "Feature",
      "id": 206775,
      "geometry": {
        "type": "Point",
        "coordinates": [
          -96.9723039997258,
          33.3256659996472
        ]
      },
      "properties": {
        "OBJECTID": 206775,
        "CROSSING": "795297D",
        "EFFDATE": 1756684800000,
        "REASON": "14",
        "StateCode": "48",
        "CountyCode": "48121",
        "STCYFIPS": "48121",
        "CITYCD": "481210320",
        "RAILROAD": "UP",
        "RRDIV": "TEXOMA",
        "RRSUBDIV": "Choctaw Sub",
        "HIGHWAY": "FM 3524",
        "STREET": "FM 3524",
        "TTSTN": "663714",
        "MILEPOST": "0706.670",
        "TYPEXING": "Public",
        "POSXING": "RR Over",
        "PRVCAT": "14",
        "INIT": "1",
        "LATITUDE": 33.325666,
        "LONGITUD": -96.972304,
        "LLSOURCE": "1",
        "WHISTBAN": "0",
        "RRCONT": "4025443721",
        "POLCONT": "8008488715",
        "INV_LINK": "https://safetydata.fra.dot.gov/OfficeofSafety/PublicSite/Crossing/Crossing.aspx?phasetype=C&rpttype=I&txtcrossingnum=795297D",
        "ACC_LINK": "https://safetydata.fra.dot.gov/OfficeofSafety/PublicSite/Crossing/Crossing.aspx?phasetype=C&rpttype=A&txtcrossingnum=795297D",
        "TTSTNNAM": "",
        "XPURPOSE": "1",
        "OPERATINGR": "UP",
        "OPERATIN_1": "Primary",
        "DAYTHRU": 9,
        "NGHTTHRU": 8,
        "MAINTRK": 1,
        "SIDINGTRK": 0,
        "YARDTRK": 0,
        "TRANSITTRK": 0,
        "INDUSTRYTR": 0,
        "OTHRTRK": 0,
        "WDCODE": "",
        "REVISIONDA": "1975/01/01 00:00:00",
        "LASTUPDATE": "9/1/2025",
        "AADT": "2100",
        "AADTYEAR": "2011",
        "STATENAME": "TEXAS",
        "STATEAB": "TX",
        "COUNTYNAME": "DENTON",
        "CITYNAME": "AUBREY",
        "LATDD": 33.325666,
        "LONGDD": -96.972304,
        "gridlyProductionCertified": true,
        "gridlyClassification": "PUBLIC_ROADWAY",
        "gridlyDisplayName": "FM 3524",
        "gridlyId": "FRA-795297D"
      }
    },
    {
      "type": "Feature",
      "id": 206776,
      "geometry": {
        "type": "Point",
        "coordinates": [
          -97.1263602002868,
          33.2163522001368
        ]
      },
      "properties": {
        "OBJECTID": 206776,
        "CROSSING": "795315Y",
        "EFFDATE": 1756684800000,
        "REASON": "14",
        "StateCode": "48",
        "CountyCode": "48121",
        "STCYFIPS": "48121",
        "CITYCD": "481211840",
        "RAILROAD": "UP",
        "RRDIV": "TEXOMA",
        "RRSUBDIV": "Choctaw Sub",
        "HIGHWAY": "FM 0426",
        "STREET": "MCKINNEY STREET",
        "TTSTN": "663730",
        "MILEPOST": "0718.980",
        "TYPEXING": "Public",
        "POSXING": "At Grade",
        "PRVCAT": "14",
        "INIT": "1",
        "LATITUDE": 33.2163522,
        "LONGITUD": -97.1263602,
        "LLSOURCE": "1",
        "WHISTBAN": "0",
        "RRCONT": "4025443721",
        "POLCONT": "8008488715",
        "INV_LINK": "https://safetydata.fra.dot.gov/OfficeofSafety/PublicSite/Crossing/Crossing.aspx?phasetype=C&rpttype=I&txtcrossingnum=795315Y",
        "ACC_LINK": "https://safetydata.fra.dot.gov/OfficeofSafety/PublicSite/Crossing/Crossing.aspx?phasetype=C&rpttype=A&txtcrossingnum=795315Y",
        "TTSTNNAM": "",
        "XPURPOSE": "1",
        "OPERATINGR": "UP",
        "OPERATIN_1": "Primary",
        "DAYTHRU": 8,
        "NGHTTHRU": 8,
        "MAINTRK": 1,
        "SIDINGTRK": 0,
        "YARDTRK": 1,
        "TRANSITTRK": 0,
        "INDUSTRYTR": 0,
        "OTHRTRK": 1,
        "WDCODE": "All other Gates",
        "REVISIONDA": "1975/01/01 00:00:00",
        "LASTUPDATE": "9/1/2025",
        "AADT": "11587",
        "AADTYEAR": "2019",
        "STATENAME": "TEXAS",
        "STATEAB": "TX",
        "COUNTYNAME": "DENTON",
        "CITYNAME": "DENTON",
        "LATDD": 33.2163522,
        "LONGDD": -97.1263602,
        "gridlyProductionCertified": true,
        "gridlyClassification": "PUBLIC_ROADWAY",
        "gridlyDisplayName": "MCKINNEY STREET",
        "gridlyId": "FRA-795315Y"
      }
    },
    {
      "type": "Feature",
      "id": 207748,
      "geometry": {
        "type": "Point",
        "coordinates": [
          -97.0611904995605,
          33.1545890999099
        ]
      },
      "properties": {
        "OBJECTID": 207748,
        "CROSSING": "414692M",
        "EFFDATE": 1773100800000,
        "REASON": "22",
        "StateCode": "48",
        "CountyCode": "48121",
        "STCYFIPS": "48121",
        "CITYCD": "481211545",
        "RAILROAD": "DCTA",
        "RRDIV": "CENTRAL",
        "RRSUBDIV": "DENTON",
        "HIGHWAY": "ST 0000",
        "STREET": "WALTON DR",
        "TTSTN": "663775",
        "MILEPOST": "0727.36",
        "TYPEXING": "Public",
        "POSXING": "At Grade",
        "PRVCAT": "22",
        "INIT": "1",
        "LATITUDE": 33.1545891,
        "LONGITUD": -97.0611905,
        "LLSOURCE": "1",
        "WHISTBAN": "1",
        "RRCONT": "9728290901",
        "POLCONT": "9728259090",
        "INV_LINK": "https://safetydata.fra.dot.gov/OfficeofSafety/PublicSite/Crossing/Crossing.aspx?phasetype=C&rpttype=I&txtcrossingnum=414692M",
        "ACC_LINK": "https://safetydata.fra.dot.gov/OfficeofSafety/PublicSite/Crossing/Crossing.aspx?phasetype=C&rpttype=A&txtcrossingnum=414692M",
        "TTSTNNAM": "LAKE DALLAS",
        "XPURPOSE": "1",
        "OPERATINGR": "DCTA",
        "OPERATIN_1": "Primary",
        "DAYTHRU": 50,
        "NGHTTHRU": 17,
        "MAINTRK": 1,
        "SIDINGTRK": 0,
        "YARDTRK": 0,
        "TRANSITTRK": 0,
        "INDUSTRYTR": 0,
        "OTHRTRK": 0,
        "WDCODE": "All other Gates",
        "REVISIONDA": "2009/01/01 00:00:00",
        "LASTUPDATE": "3/10/2026",
        "AADT": "1108",
        "AADTYEAR": "2019",
        "STATENAME": "TEXAS",
        "STATEAB": "TX",
        "COUNTYNAME": "DENTON",
        "CITYNAME": "CORINTH",
        "LATDD": 33.1545891,
        "LONGDD": -97.0611905,
        "gridlyProductionCertified": true,
        "gridlyClassification": "PUBLIC_ROADWAY",
        "gridlyDisplayName": "WALTON DR",
        "gridlyId": "FRA-414692M"
      }
    },
    {
      "type": "Feature",
      "id": 207749,
      "geometry": {
        "type": "Point",
        "coordinates": [
          -97.0583499996827,
          33.1521760000591
        ]
      },
      "properties": {
        "OBJECTID": 207749,
        "CROSSING": "414694B",
        "EFFDATE": 1773100800000,
        "REASON": "22",
        "StateCode": "48",
        "CountyCode": "48121",
        "STCYFIPS": "48121",
        "CITYCD": "481211545",
        "RAILROAD": "DCTA",
        "RRDIV": "CENTRAL",
        "RRSUBDIV": "DENTON",
        "HIGHWAY": "ST 0000",
        "STREET": "N CORINTH PKWY",
        "TTSTN": "663775",
        "MILEPOST": "0727.57",
        "TYPEXING": "Public",
        "POSXING": "At Grade",
        "PRVCAT": "22",
        "INIT": "1",
        "LATITUDE": 33.152176,
        "LONGITUD": -97.05835,
        "LLSOURCE": "1",
        "WHISTBAN": "1",
        "RRCONT": "9728290901",
        "POLCONT": "9728290901",
        "INV_LINK": "https://safetydata.fra.dot.gov/OfficeofSafety/PublicSite/Crossing/Crossing.aspx?phasetype=C&rpttype=I&txtcrossingnum=414694B",
        "ACC_LINK": "https://safetydata.fra.dot.gov/OfficeofSafety/PublicSite/Crossing/Crossing.aspx?phasetype=C&rpttype=A&txtcrossingnum=414694B",
        "TTSTNNAM": "LAKE DALLAS",
        "XPURPOSE": "1",
        "OPERATINGR": "DCTA",
        "OPERATIN_1": "Primary",
        "DAYTHRU": 50,
        "NGHTTHRU": 17,
        "MAINTRK": 1,
        "SIDINGTRK": 0,
        "YARDTRK": 0,
        "TRANSITTRK": 0,
        "INDUSTRYTR": 0,
        "OTHRTRK": 0,
        "WDCODE": "All other Gates",
        "REVISIONDA": "2009/01/01 00:00:00",
        "LASTUPDATE": "3/10/2026",
        "AADT": "8014",
        "AADTYEAR": "2019",
        "STATENAME": "TEXAS",
        "STATEAB": "TX",
        "COUNTYNAME": "DENTON",
        "CITYNAME": "CORINTH",
        "LATDD": 33.152176,
        "LONGDD": -97.05835,
        "gridlyProductionCertified": true,
        "gridlyClassification": "PUBLIC_ROADWAY",
        "gridlyDisplayName": "N CORINTH PKWY",
        "gridlyId": "FRA-414694B"
      }
    },
    {
      "type": "Feature",
      "id": 208302,
      "geometry": {
        "type": "Point",
        "coordinates": [
          -97.1315799995857,
          33.2056190003567
        ]
      },
      "properties": {
        "OBJECTID": 208302,
        "CROSSING": "795321C",
        "EFFDATE": 1757289600000,
        "REASON": "14",
        "StateCode": "48",
        "CountyCode": "48121",
        "STCYFIPS": "48121",
        "CITYCD": "481211840",
        "RAILROAD": "UP",
        "RRDIV": "TEXOMA",
        "RRSUBDIV": "Choctaw Sub",
        "HIGHWAY": "US 0077",
        "STREET": "DALLAS AVENUE",
        "TTSTN": "663730",
        "MILEPOST": "0719.780",
        "TYPEXING": "Public",
        "POSXING": "RR Over",
        "PRVCAT": "14",
        "INIT": "1",
        "LATITUDE": 33.205619,
        "LONGITUD": -97.13158,
        "LLSOURCE": "1",
        "WHISTBAN": "0",
        "RRCONT": "4025443721",
        "POLCONT": "8008488715",
        "INV_LINK": "https://safetydata.fra.dot.gov/OfficeofSafety/PublicSite/Crossing/Crossing.aspx?phasetype=C&rpttype=I&txtcrossingnum=795321C",
        "ACC_LINK": "https://safetydata.fra.dot.gov/OfficeofSafety/PublicSite/Crossing/Crossing.aspx?phasetype=C&rpttype=A&txtcrossingnum=795321C",
        "TTSTNNAM": "",
        "XPURPOSE": "1",
        "OPERATINGR": "UP",
        "OPERATIN_1": "Primary",
        "DAYTHRU": 9,
        "NGHTTHRU": 8,
        "MAINTRK": 1,
        "SIDINGTRK": 0,
        "YARDTRK": 0,
        "TRANSITTRK": 0,
        "INDUSTRYTR": 0,
        "OTHRTRK": 0,
        "WDCODE": "",
        "REVISIONDA": "1975/01/01 00:00:00",
        "LASTUPDATE": "9/8/2025",
        "AADT": "21000",
        "AADTYEAR": "2011",
        "STATENAME": "TEXAS",
        "STATEAB": "TX",
        "COUNTYNAME": "DENTON",
        "CITYNAME": "DENTON",
        "LATDD": 33.205619,
        "LONGDD": -97.13158,
        "gridlyProductionCertified": true,
        "gridlyClassification": "PUBLIC_ROADWAY",
        "gridlyDisplayName": "DALLAS AVENUE",
        "gridlyId": "FRA-795321C"
      }
    },
    {
      "type": "Feature",
      "id": 208303,
      "geometry": {
        "type": "Point",
        "coordinates": [
          -97.1361430001563,
          33.1964070000597
        ]
      },
      "properties": {
        "OBJECTID": 208303,
        "CROSSING": "980256G",
        "EFFDATE": 1757289600000,
        "REASON": "14",
        "StateCode": "48",
        "CountyCode": "48121",
        "STCYFIPS": "48121",
        "CITYCD": "481211840",
        "RAILROAD": "UP",
        "RRDIV": "Texoma",
        "RRSUBDIV": "Choctaw Sub",
        "HIGHWAY": "TBD",
        "STREET": "I-35 Northbound Frontage Rd",
        "TTSTN": "",
        "MILEPOST": "0720.466",
        "TYPEXING": "Public",
        "POSXING": "RR Under",
        "PRVCAT": "14",
        "INIT": "1",
        "LATITUDE": 33.196407,
        "LONGITUD": -97.136143,
        "LLSOURCE": "1",
        "WHISTBAN": "",
        "RRCONT": "4025443721",
        "POLCONT": "8008488715",
        "INV_LINK": "https://safetydata.fra.dot.gov/OfficeofSafety/PublicSite/Crossing/Crossing.aspx?phasetype=C&rpttype=I&txtcrossingnum=980256G",
        "ACC_LINK": "https://safetydata.fra.dot.gov/OfficeofSafety/PublicSite/Crossing/Crossing.aspx?phasetype=C&rpttype=A&txtcrossingnum=980256G",
        "TTSTNNAM": "",
        "XPURPOSE": "1",
        "OPERATINGR": "UP",
        "OPERATIN_1": "Primary",
        "DAYTHRU": 9,
        "NGHTTHRU": 8,
        "MAINTRK": 1,
        "SIDINGTRK": 0,
        "YARDTRK": 0,
        "TRANSITTRK": 0,
        "INDUSTRYTR": 0,
        "OTHRTRK": 0,
        "WDCODE": "",
        "REVISIONDA": "1975/01/01 00:00:00",
        "LASTUPDATE": "9/8/2025",
        "AADT": "",
        "AADTYEAR": "",
        "STATENAME": "TEXAS",
        "STATEAB": "TX",
        "COUNTYNAME": "DENTON",
        "CITYNAME": "DENTON",
        "LATDD": 33.196407,
        "LONGDD": -97.136143,
        "gridlyProductionCertified": true,
        "gridlyClassification": "PUBLIC_ROADWAY",
        "gridlyDisplayName": "I-35 Northbound Frontage Rd",
        "gridlyId": "FRA-980256G"
      }
    },
    {
      "type": "Feature",
      "id": 208455,
      "geometry": {
        "type": "Point",
        "coordinates": [
          -96.9150330002398,
          33.0538850001524
        ]
      },
      "properties": {
        "OBJECTID": 208455,
        "CROSSING": "021658T",
        "EFFDATE": 1772064000000,
        "REASON": "14",
        "StateCode": "48",
        "CountyCode": "48121",
        "STCYFIPS": "48121",
        "CITYCD": "481213960",
        "RAILROAD": "KCS",
        "RRDIV": "Speedway",
        "RRSUBDIV": "Alliance",
        "HIGHWAY": "SH 0121",
        "STREET": "SH 0121",
        "TTSTN": "668196",
        "MILEPOST": "0084.380",
        "TYPEXING": "Public",
        "POSXING": "RR Over",
        "PRVCAT": "14",
        "INIT": "1",
        "LATITUDE": 33.053885,
        "LONGITUD": -96.915033,
        "LLSOURCE": "1",
        "WHISTBAN": "0",
        "RRCONT": "3186766269",
        "POLCONT": "8775279464",
        "INV_LINK": "https://safetydata.fra.dot.gov/OfficeofSafety/PublicSite/Crossing/Crossing.aspx?phasetype=C&rpttype=I&txtcrossingnum=021658T",
        "ACC_LINK": "https://safetydata.fra.dot.gov/OfficeofSafety/PublicSite/Crossing/Crossing.aspx?phasetype=C&rpttype=A&txtcrossingnum=021658T",
        "TTSTNNAM": "668196",
        "XPURPOSE": "1",
        "OPERATINGR": "CPKC",
        "OPERATIN_1": "Primary",
        "DAYTHRU": 1,
        "NGHTTHRU": 1,
        "MAINTRK": 1,
        "SIDINGTRK": 0,
        "YARDTRK": 0,
        "TRANSITTRK": 0,
        "INDUSTRYTR": 0,
        "OTHRTRK": 0,
        "WDCODE": "",
        "REVISIONDA": "1975/01/01 00:00:00",
        "LASTUPDATE": "2/26/2026",
        "AADT": "41600",
        "AADTYEAR": "2011",
        "STATENAME": "TEXAS",
        "STATEAB": "TX",
        "COUNTYNAME": "DENTON",
        "CITYNAME": "LEWISVILLE",
        "LATDD": 33.053885,
        "LONGDD": -96.915033,
        "gridlyProductionCertified": true,
        "gridlyClassification": "PUBLIC_ROADWAY",
        "gridlyDisplayName": "SH 0121",
        "gridlyId": "FRA-021658T"
      }
    },
    {
      "type": "Feature",
      "id": 208559,
      "geometry": {
        "type": "Point",
        "coordinates": [
          -97.2226753003973,
          33.0135107000975
        ]
      },
      "properties": {
        "OBJECTID": 208559,
        "CROSSING": "412478B",
        "EFFDATE": 1756425600000,
        "REASON": "14",
        "StateCode": "48",
        "CountyCode": "48121",
        "STCYFIPS": "48121",
        "CITYCD": "481215820",
        "RAILROAD": "UP",
        "RRDIV": "TEXOMA",
        "RRSUBDIV": "Choctaw Sub",
        "HIGHWAY": "SH 0114",
        "STREET": "TX 114 WEST FRONTAGE",
        "TTSTN": "663798",
        "MILEPOST": "0734.290",
        "TYPEXING": "Public",
        "POSXING": "RR Under",
        "PRVCAT": "14",
        "INIT": "1",
        "LATITUDE": 33.0135107,
        "LONGITUD": -97.2226753,
        "LLSOURCE": "1",
        "WHISTBAN": "0",
        "RRCONT": "4025443721",
        "POLCONT": "8008488715",
        "INV_LINK": "https://safetydata.fra.dot.gov/OfficeofSafety/PublicSite/Crossing/Crossing.aspx?phasetype=C&rpttype=I&txtcrossingnum=412478B",
        "ACC_LINK": "https://safetydata.fra.dot.gov/OfficeofSafety/PublicSite/Crossing/Crossing.aspx?phasetype=C&rpttype=A&txtcrossingnum=412478B",
        "TTSTNNAM": "",
        "XPURPOSE": "1",
        "OPERATINGR": "UP",
        "OPERATIN_1": "Primary",
        "DAYTHRU": 9,
        "NGHTTHRU": 8,
        "MAINTRK": 1,
        "SIDINGTRK": 0,
        "YARDTRK": 0,
        "TRANSITTRK": 0,
        "INDUSTRYTR": 0,
        "OTHRTRK": 0,
        "WDCODE": "",
        "REVISIONDA": "1975/01/01 00:00:00",
        "LASTUPDATE": "8/29/2025",
        "AADT": "30000",
        "AADTYEAR": "2011",
        "STATENAME": "TEXAS",
        "STATEAB": "TX",
        "COUNTYNAME": "DENTON",
        "CITYNAME": "ROANOKE",
        "LATDD": 33.0135107,
        "LONGDD": -97.2226753,
        "gridlyProductionCertified": true,
        "gridlyClassification": "PUBLIC_ROADWAY",
        "gridlyDisplayName": "TX 114 WEST FRONTAGE",
        "gridlyId": "FRA-412478B"
      }
    },
    {
      "type": "Feature",
      "id": 208562,
      "geometry": {
        "type": "Point",
        "coordinates": [
          -97.1298520003052,
          33.208750000137
        ]
      },
      "properties": {
        "OBJECTID": 208562,
        "CROSSING": "795320V",
        "EFFDATE": 1756425600000,
        "REASON": "14",
        "StateCode": "48",
        "CountyCode": "48121",
        "STCYFIPS": "48121",
        "CITYCD": "481211840",
        "RAILROAD": "UP",
        "RRDIV": "TEXOMA",
        "RRSUBDIV": "Choctaw Sub",
        "HIGHWAY": "NA",
        "STREET": "Robertson Street",
        "TTSTN": "663730",
        "MILEPOST": "0719.540",
        "TYPEXING": "Public",
        "POSXING": "RR Over",
        "PRVCAT": "14",
        "INIT": "1",
        "LATITUDE": 33.20875,
        "LONGITUD": -97.129852,
        "LLSOURCE": "1",
        "WHISTBAN": "0",
        "RRCONT": "4025443721",
        "POLCONT": "8008488715",
        "INV_LINK": "https://safetydata.fra.dot.gov/OfficeofSafety/PublicSite/Crossing/Crossing.aspx?phasetype=C&rpttype=I&txtcrossingnum=795320V",
        "ACC_LINK": "https://safetydata.fra.dot.gov/OfficeofSafety/PublicSite/Crossing/Crossing.aspx?phasetype=C&rpttype=A&txtcrossingnum=795320V",
        "TTSTNNAM": "",
        "XPURPOSE": "1",
        "OPERATINGR": "UP",
        "OPERATIN_1": "Primary",
        "DAYTHRU": 9,
        "NGHTTHRU": 8,
        "MAINTRK": 1,
        "SIDINGTRK": 0,
        "YARDTRK": 0,
        "TRANSITTRK": 0,
        "INDUSTRYTR": 0,
        "OTHRTRK": 0,
        "WDCODE": "",
        "REVISIONDA": "1975/01/01 00:00:00",
        "LASTUPDATE": "8/29/2025",
        "AADT": "2190",
        "AADTYEAR": "2010",
        "STATENAME": "TEXAS",
        "STATEAB": "TX",
        "COUNTYNAME": "DENTON",
        "CITYNAME": "DENTON",
        "LATDD": 33.20875,
        "LONGDD": -97.129852,
        "gridlyProductionCertified": true,
        "gridlyClassification": "PUBLIC_ROADWAY",
        "gridlyDisplayName": "Robertson Street",
        "gridlyId": "FRA-795320V"
      }
    },
    {
      "type": "Feature",
      "id": 208563,
      "geometry": {
        "type": "Point",
        "coordinates": [
          -97.1340256000647,
          33.2009867997739
        ]
      },
      "properties": {
        "OBJECTID": 208563,
        "CROSSING": "795322J",
        "EFFDATE": 1756425600000,
        "REASON": "14",
        "StateCode": "48",
        "CountyCode": "48121",
        "STCYFIPS": "48121",
        "CITYCD": "481211840",
        "RAILROAD": "UP",
        "RRDIV": "TEXOMA",
        "RRSUBDIV": "Choctaw Sub",
        "HIGHWAY": "ST 0000",
        "STREET": "Daugherty Street",
        "TTSTN": "663730",
        "MILEPOST": "0720.130",
        "TYPEXING": "Public",
        "POSXING": "At Grade",
        "PRVCAT": "14",
        "INIT": "1",
        "LATITUDE": 33.2009868,
        "LONGITUD": -97.1340256,
        "LLSOURCE": "1",
        "WHISTBAN": "0",
        "RRCONT": "4025443721",
        "POLCONT": "8008488715",
        "INV_LINK": "https://safetydata.fra.dot.gov/OfficeofSafety/PublicSite/Crossing/Crossing.aspx?phasetype=C&rpttype=I&txtcrossingnum=795322J",
        "ACC_LINK": "https://safetydata.fra.dot.gov/OfficeofSafety/PublicSite/Crossing/Crossing.aspx?phasetype=C&rpttype=A&txtcrossingnum=795322J",
        "TTSTNNAM": "",
        "XPURPOSE": "1",
        "OPERATINGR": "UP",
        "OPERATIN_1": "Primary",
        "DAYTHRU": 9,
        "NGHTTHRU": 8,
        "MAINTRK": 1,
        "SIDINGTRK": 0,
        "YARDTRK": 0,
        "TRANSITTRK": 0,
        "INDUSTRYTR": 0,
        "OTHRTRK": 0,
        "WDCODE": "All other Gates",
        "REVISIONDA": "1975/01/01 00:00:00",
        "LASTUPDATE": "8/29/2025",
        "AADT": "186",
        "AADTYEAR": "2019",
        "STATENAME": "TEXAS",
        "STATEAB": "TX",
        "COUNTYNAME": "DENTON",
        "CITYNAME": "DENTON",
        "LATDD": 33.2009868,
        "LONGDD": -97.1340256,
        "gridlyProductionCertified": true,
        "gridlyClassification": "PUBLIC_ROADWAY",
        "gridlyDisplayName": "Daugherty Street",
        "gridlyId": "FRA-795322J"
      }
    },
    {
      "type": "Feature",
      "id": 208569,
      "geometry": {
        "type": "Point",
        "coordinates": [
          -97.1363649999141,
          33.1960809997901
        ]
      },
      "properties": {
        "OBJECTID": 208569,
        "CROSSING": "795323R",
        "EFFDATE": 1756425600000,
        "REASON": "14",
        "StateCode": "48",
        "CountyCode": "48121",
        "STCYFIPS": "48121",
        "CITYCD": "481211840",
        "RAILROAD": "UP",
        "RRDIV": "TEXOMA",
        "RRSUBDIV": "Choctaw Sub",
        "HIGHWAY": "IH0035E",
        "STREET": "US 35 EAST",
        "TTSTN": "663730",
        "MILEPOST": "0720.484",
        "TYPEXING": "Public",
        "POSXING": "RR Under",
        "PRVCAT": "14",
        "INIT": "1",
        "LATITUDE": 33.196081,
        "LONGITUD": -97.136365,
        "LLSOURCE": "1",
        "WHISTBAN": "0",
        "RRCONT": "4025443721",
        "POLCONT": "8008488715",
        "INV_LINK": "https://safetydata.fra.dot.gov/OfficeofSafety/PublicSite/Crossing/Crossing.aspx?phasetype=C&rpttype=I&txtcrossingnum=795323R",
        "ACC_LINK": "https://safetydata.fra.dot.gov/OfficeofSafety/PublicSite/Crossing/Crossing.aspx?phasetype=C&rpttype=A&txtcrossingnum=795323R",
        "TTSTNNAM": "",
        "XPURPOSE": "1",
        "OPERATINGR": "UP",
        "OPERATIN_1": "Primary",
        "DAYTHRU": 9,
        "NGHTTHRU": 8,
        "MAINTRK": 1,
        "SIDINGTRK": 0,
        "YARDTRK": 0,
        "TRANSITTRK": 0,
        "INDUSTRYTR": 0,
        "OTHRTRK": 0,
        "WDCODE": "",
        "REVISIONDA": "1975/01/01 00:00:00",
        "LASTUPDATE": "8/29/2025",
        "AADT": "80230",
        "AADTYEAR": "2011",
        "STATENAME": "TEXAS",
        "STATEAB": "TX",
        "COUNTYNAME": "DENTON",
        "CITYNAME": "DENTON",
        "LATDD": 33.196081,
        "LONGDD": -97.136365,
        "gridlyProductionCertified": true,
        "gridlyClassification": "PUBLIC_ROADWAY",
        "gridlyDisplayName": "US 35 EAST",
        "gridlyId": "FRA-795323R"
      }
    },
    {
      "type": "Feature",
      "id": 208570,
      "geometry": {
        "type": "Point",
        "coordinates": [
          -97.1396980002482,
          33.1908750001909
        ]
      },
      "properties": {
        "OBJECTID": 208570,
        "CROSSING": "795325E",
        "EFFDATE": 1756425600000,
        "REASON": "14",
        "StateCode": "48",
        "CountyCode": "48121",
        "STCYFIPS": "48121",
        "CITYCD": "481211840",
        "RAILROAD": "UP",
        "RRDIV": "TEXOMA",
        "RRSUBDIV": "Choctaw Sub",
        "HIGHWAY": "US 0377",
        "STREET": "US 377",
        "TTSTN": "663730",
        "MILEPOST": "0720.894",
        "TYPEXING": "Public",
        "POSXING": "RR Over",
        "PRVCAT": "14",
        "INIT": "1",
        "LATITUDE": 33.190875,
        "LONGITUD": -97.139698,
        "LLSOURCE": "1",
        "WHISTBAN": "0",
        "RRCONT": "4025443721",
        "POLCONT": "8008488715",
        "INV_LINK": "https://safetydata.fra.dot.gov/OfficeofSafety/PublicSite/Crossing/Crossing.aspx?phasetype=C&rpttype=I&txtcrossingnum=795325E",
        "ACC_LINK": "https://safetydata.fra.dot.gov/OfficeofSafety/PublicSite/Crossing/Crossing.aspx?phasetype=C&rpttype=A&txtcrossingnum=795325E",
        "TTSTNNAM": "",
        "XPURPOSE": "1",
        "OPERATINGR": "UP",
        "OPERATIN_1": "Primary",
        "DAYTHRU": 9,
        "NGHTTHRU": 8,
        "MAINTRK": 1,
        "SIDINGTRK": 0,
        "YARDTRK": 0,
        "TRANSITTRK": 0,
        "INDUSTRYTR": 0,
        "OTHRTRK": 0,
        "WDCODE": "",
        "REVISIONDA": "1975/01/01 00:00:00",
        "LASTUPDATE": "8/29/2025",
        "AADT": "21000",
        "AADTYEAR": "2011",
        "STATENAME": "TEXAS",
        "STATEAB": "TX",
        "COUNTYNAME": "DENTON",
        "CITYNAME": "DENTON",
        "LATDD": 33.190875,
        "LONGDD": -97.139698,
        "gridlyProductionCertified": true,
        "gridlyClassification": "PUBLIC_ROADWAY",
        "gridlyDisplayName": "US 377",
        "gridlyId": "FRA-795325E"
      }
    },
    {
      "type": "Feature",
      "id": 208571,
      "geometry": {
        "type": "Point",
        "coordinates": [
          -97.151585600439,
          33.1701402000109
        ]
      },
      "properties": {
        "OBJECTID": 208571,
        "CROSSING": "795326L",
        "EFFDATE": 1756425600000,
        "REASON": "14",
        "StateCode": "48",
        "CountyCode": "48121",
        "STCYFIPS": "48121",
        "CITYCD": "481211840",
        "RAILROAD": "UP",
        "RRDIV": "TEXOMA",
        "RRSUBDIV": "Choctaw Sub",
        "HIGHWAY": "NA",
        "STREET": "PRIVATE Boyd Hill",
        "TTSTN": "663730",
        "MILEPOST": "0722.490",
        "TYPEXING": "Private",
        "POSXING": "At Grade",
        "PRVCAT": "14",
        "INIT": "1",
        "LATITUDE": 33.1701402,
        "LONGITUD": -97.1515856,
        "LLSOURCE": "1",
        "WHISTBAN": "0",
        "RRCONT": "4025443721",
        "POLCONT": "8008488715",
        "INV_LINK": "https://safetydata.fra.dot.gov/OfficeofSafety/PublicSite/Crossing/Crossing.aspx?phasetype=C&rpttype=I&txtcrossingnum=795326L",
        "ACC_LINK": "https://safetydata.fra.dot.gov/OfficeofSafety/PublicSite/Crossing/Crossing.aspx?phasetype=C&rpttype=A&txtcrossingnum=795326L",
        "TTSTNNAM": "",
        "XPURPOSE": "1",
        "OPERATINGR": "UP",
        "OPERATIN_1": "Primary",
        "DAYTHRU": 9,
        "NGHTTHRU": 8,
        "MAINTRK": 1,
        "SIDINGTRK": 0,
        "YARDTRK": 0,
        "TRANSITTRK": 0,
        "INDUSTRYTR": 0,
        "OTHRTRK": 0,
        "WDCODE": "",
        "REVISIONDA": "1975/01/01 00:00:00",
        "LASTUPDATE": "8/29/2025",
        "AADT": "1",
        "AADTYEAR": "1970",
        "STATENAME": "TEXAS",
        "STATEAB": "TX",
        "COUNTYNAME": "DENTON",
        "CITYNAME": "DENTON",
        "LATDD": 33.1701402,
        "LONGDD": -97.1515856,
        "gridlyProductionCertified": true,
        "gridlyClassification": "PUBLIC_ROADWAY",
        "gridlyDisplayName": "PRIVATE Boyd Hill",
        "gridlyId": "FRA-795326L"
      }
    },
    {
      "type": "Feature",
      "id": 208576,
      "geometry": {
        "type": "Point",
        "coordinates": [
          -97.157772799959,
          33.1641756999367
        ]
      },
      "properties": {
        "OBJECTID": 208576,
        "CROSSING": "795327T",
        "EFFDATE": 1756425600000,
        "REASON": "14",
        "StateCode": "48",
        "CountyCode": "48121",
        "STCYFIPS": "48121",
        "CITYCD": "481211840",
        "RAILROAD": "UP",
        "RRDIV": "TEXOMA",
        "RRSUBDIV": "Choctaw Sub",
        "HIGHWAY": "NA",
        "STREET": "Vintage Boulevard",
        "TTSTN": "663730",
        "MILEPOST": "0723.040",
        "TYPEXING": "Public",
        "POSXING": "At Grade",
        "PRVCAT": "14",
        "INIT": "1",
        "LATITUDE": 33.1641757,
        "LONGITUD": -97.1577728,
        "LLSOURCE": "1",
        "WHISTBAN": "0",
        "RRCONT": "4025443721",
        "POLCONT": "8008488715",
        "INV_LINK": "https://safetydata.fra.dot.gov/OfficeofSafety/PublicSite/Crossing/Crossing.aspx?phasetype=C&rpttype=I&txtcrossingnum=795327T",
        "ACC_LINK": "https://safetydata.fra.dot.gov/OfficeofSafety/PublicSite/Crossing/Crossing.aspx?phasetype=C&rpttype=A&txtcrossingnum=795327T",
        "TTSTNNAM": "",
        "XPURPOSE": "1",
        "OPERATINGR": "UP",
        "OPERATIN_1": "Primary",
        "DAYTHRU": 9,
        "NGHTTHRU": 8,
        "MAINTRK": 1,
        "SIDINGTRK": 0,
        "YARDTRK": 0,
        "TRANSITTRK": 0,
        "INDUSTRYTR": 0,
        "OTHRTRK": 0,
        "WDCODE": "All other Gates",
        "REVISIONDA": "1975/01/01 00:00:00",
        "LASTUPDATE": "8/29/2025",
        "AADT": "4400",
        "AADTYEAR": "2019",
        "STATENAME": "TEXAS",
        "STATEAB": "TX",
        "COUNTYNAME": "DENTON",
        "CITYNAME": "DENTON",
        "LATDD": 33.1641757,
        "LONGDD": -97.1577728,
        "gridlyProductionCertified": true,
        "gridlyClassification": "PUBLIC_ROADWAY",
        "gridlyDisplayName": "Vintage Boulevard",
        "gridlyId": "FRA-795327T"
      }
    },
    {
      "type": "Feature",
      "id": 208577,
      "geometry": {
        "type": "Point",
        "coordinates": [
          -97.167741000425,
          33.1506158997218
        ]
      },
      "properties": {
        "OBJECTID": 208577,
        "CROSSING": "795328A",
        "EFFDATE": 1756425600000,
        "REASON": "14",
        "StateCode": "48",
        "CountyCode": "48121",
        "STCYFIPS": "48121",
        "CITYCD": "481211840",
        "RAILROAD": "UP",
        "RRDIV": "TEXOMA",
        "RRSUBDIV": "Choctaw Sub",
        "HIGHWAY": "ST 0000",
        "STREET": "Bonnie Brae Street",
        "TTSTN": "663730",
        "MILEPOST": "0724.140",
        "TYPEXING": "Public",
        "POSXING": "At Grade",
        "PRVCAT": "14",
        "INIT": "1",
        "LATITUDE": 33.1506159,
        "LONGITUD": -97.167741,
        "LLSOURCE": "1",
        "WHISTBAN": "0",
        "RRCONT": "4025443721",
        "POLCONT": "8008488715",
        "INV_LINK": "https://safetydata.fra.dot.gov/OfficeofSafety/PublicSite/Crossing/Crossing.aspx?phasetype=C&rpttype=I&txtcrossingnum=795328A",
        "ACC_LINK": "https://safetydata.fra.dot.gov/OfficeofSafety/PublicSite/Crossing/Crossing.aspx?phasetype=C&rpttype=A&txtcrossingnum=795328A",
        "TTSTNNAM": "",
        "XPURPOSE": "1",
        "OPERATINGR": "UP",
        "OPERATIN_1": "Primary",
        "DAYTHRU": 9,
        "NGHTTHRU": 8,
        "MAINTRK": 1,
        "SIDINGTRK": 0,
        "YARDTRK": 0,
        "TRANSITTRK": 0,
        "INDUSTRYTR": 0,
        "OTHRTRK": 0,
        "WDCODE": "All other Gates",
        "REVISIONDA": "1975/01/01 00:00:00",
        "LASTUPDATE": "8/29/2025",
        "AADT": "814",
        "AADTYEAR": "2019",
        "STATENAME": "TEXAS",
        "STATEAB": "TX",
        "COUNTYNAME": "DENTON",
        "CITYNAME": "DENTON",
        "LATDD": 33.1506159,
        "LONGDD": -97.167741,
        "gridlyProductionCertified": true,
        "gridlyClassification": "PUBLIC_ROADWAY",
        "gridlyDisplayName": "Bonnie Brae Street",
        "gridlyId": "FRA-795328A"
      }
    },
    {
      "type": "Feature",
      "id": 208578,
      "geometry": {
        "type": "Point",
        "coordinates": [
          -97.1752800997689,
          33.1387994003526
        ]
      },
      "properties": {
        "OBJECTID": 208578,
        "CROSSING": "795329G",
        "EFFDATE": 1756425600000,
        "REASON": "14",
        "StateCode": "48",
        "CountyCode": "48121",
        "STCYFIPS": "48121",
        "CITYCD": "481211840",
        "RAILROAD": "UP",
        "RRDIV": "TEXOMA",
        "RRSUBDIV": "Choctaw Sub",
        "HIGHWAY": "ST 0000",
        "STREET": "JOHNSON LANE",
        "TTSTN": "663730",
        "MILEPOST": "0725.070",
        "TYPEXING": "Public",
        "POSXING": "At Grade",
        "PRVCAT": "14",
        "INIT": "1",
        "LATITUDE": 33.1387994,
        "LONGITUD": -97.1752801,
        "LLSOURCE": "1",
        "WHISTBAN": "0",
        "RRCONT": "4025443721",
        "POLCONT": "8008488715",
        "INV_LINK": "https://safetydata.fra.dot.gov/OfficeofSafety/PublicSite/Crossing/Crossing.aspx?phasetype=C&rpttype=I&txtcrossingnum=795329G",
        "ACC_LINK": "https://safetydata.fra.dot.gov/OfficeofSafety/PublicSite/Crossing/Crossing.aspx?phasetype=C&rpttype=A&txtcrossingnum=795329G",
        "TTSTNNAM": "",
        "XPURPOSE": "1",
        "OPERATINGR": "UP",
        "OPERATIN_1": "Primary",
        "DAYTHRU": 9,
        "NGHTTHRU": 8,
        "MAINTRK": 1,
        "SIDINGTRK": 0,
        "YARDTRK": 0,
        "TRANSITTRK": 0,
        "INDUSTRYTR": 0,
        "OTHRTRK": 0,
        "WDCODE": "Stop signs",
        "REVISIONDA": "1975/01/01 00:00:00",
        "LASTUPDATE": "8/29/2025",
        "AADT": "186",
        "AADTYEAR": "2019",
        "STATENAME": "TEXAS",
        "STATEAB": "TX",
        "COUNTYNAME": "DENTON",
        "CITYNAME": "DENTON",
        "LATDD": 33.1387994,
        "LONGDD": -97.1752801,
        "gridlyProductionCertified": true,
        "gridlyClassification": "PUBLIC_ROADWAY",
        "gridlyDisplayName": "JOHNSON LANE",
        "gridlyId": "FRA-795329G"
      }
    },
    {
      "type": "Feature",
      "id": 208580,
      "geometry": {
        "type": "Point",
        "coordinates": [
          -97.1829572998163,
          33.1267710998511
        ]
      },
      "properties": {
        "OBJECTID": 208580,
        "CROSSING": "795330B",
        "EFFDATE": 1756425600000,
        "REASON": "14",
        "StateCode": "48",
        "CountyCode": "48121",
        "STCYFIPS": "48121",
        "CITYCD": "481210255",
        "RAILROAD": "UP",
        "RRDIV": "TEXOMA",
        "RRSUBDIV": "Choctaw Sub",
        "HIGHWAY": "ST 0000",
        "STREET": "Crawford Road",
        "TTSTN": "663730",
        "MILEPOST": "0726.010",
        "TYPEXING": "Public",
        "POSXING": "At Grade",
        "PRVCAT": "14",
        "INIT": "1",
        "LATITUDE": 33.1267711,
        "LONGITUD": -97.1829573,
        "LLSOURCE": "1",
        "WHISTBAN": "0",
        "RRCONT": "4025443721",
        "POLCONT": "8008488715",
        "INV_LINK": "https://safetydata.fra.dot.gov/OfficeofSafety/PublicSite/Crossing/Crossing.aspx?phasetype=C&rpttype=I&txtcrossingnum=795330B",
        "ACC_LINK": "https://safetydata.fra.dot.gov/OfficeofSafety/PublicSite/Crossing/Crossing.aspx?phasetype=C&rpttype=A&txtcrossingnum=795330B",
        "TTSTNNAM": "",
        "XPURPOSE": "1",
        "OPERATINGR": "UP",
        "OPERATIN_1": "Primary",
        "DAYTHRU": 9,
        "NGHTTHRU": 8,
        "MAINTRK": 1,
        "SIDINGTRK": 0,
        "YARDTRK": 0,
        "TRANSITTRK": 0,
        "INDUSTRYTR": 0,
        "OTHRTRK": 0,
        "WDCODE": "All other Gates",
        "REVISIONDA": "1975/01/01 00:00:00",
        "LASTUPDATE": "8/29/2025",
        "AADT": "5290",
        "AADTYEAR": "2019",
        "STATENAME": "TEXAS",
        "STATEAB": "TX",
        "COUNTYNAME": "DENTON",
        "CITYNAME": "ARGYLE",
        "LATDD": 33.1267711,
        "LONGDD": -97.1829573,
        "gridlyProductionCertified": true,
        "gridlyClassification": "PUBLIC_ROADWAY",
        "gridlyDisplayName": "Crawford Road",
        "gridlyId": "FRA-795330B"
      }
    },
    {
      "type": "Feature",
      "id": 208581,
      "geometry": {
        "type": "Point",
        "coordinates": [
          -97.1860544995748,
          33.1208285996421
        ]
      },
      "properties": {
        "OBJECTID": 208581,
        "CROSSING": "795332P",
        "EFFDATE": 1756425600000,
        "REASON": "14",
        "StateCode": "48",
        "CountyCode": "48121",
        "STCYFIPS": "48121",
        "CITYCD": "481210255",
        "RAILROAD": "UP",
        "RRDIV": "TEXOMA",
        "RRSUBDIV": "Choctaw Sub",
        "HIGHWAY": "ST 0000",
        "STREET": "OLD JUSTIN ROAD",
        "TTSTN": "663730",
        "MILEPOST": "0726.460",
        "TYPEXING": "Public",
        "POSXING": "At Grade",
        "PRVCAT": "14",
        "INIT": "1",
        "LATITUDE": 33.1208286,
        "LONGITUD": -97.1860545,
        "LLSOURCE": "1",
        "WHISTBAN": "0",
        "RRCONT": "4025443721",
        "POLCONT": "8008488715",
        "INV_LINK": "https://safetydata.fra.dot.gov/OfficeofSafety/PublicSite/Crossing/Crossing.aspx?phasetype=C&rpttype=I&txtcrossingnum=795332P",
        "ACC_LINK": "https://safetydata.fra.dot.gov/OfficeofSafety/PublicSite/Crossing/Crossing.aspx?phasetype=C&rpttype=A&txtcrossingnum=795332P",
        "TTSTNNAM": "",
        "XPURPOSE": "1",
        "OPERATINGR": "UP",
        "OPERATIN_1": "Primary",
        "DAYTHRU": 9,
        "NGHTTHRU": 8,
        "MAINTRK": 1,
        "SIDINGTRK": 0,
        "YARDTRK": 0,
        "TRANSITTRK": 0,
        "INDUSTRYTR": 0,
        "OTHRTRK": 0,
        "WDCODE": "All other Gates",
        "REVISIONDA": "1975/01/01 00:00:00",
        "LASTUPDATE": "8/29/2025",
        "AADT": "1881",
        "AADTYEAR": "2019",
        "STATENAME": "TEXAS",
        "STATEAB": "TX",
        "COUNTYNAME": "DENTON",
        "CITYNAME": "ARGYLE",
        "LATDD": 33.1208286,
        "LONGDD": -97.1860545,
        "gridlyProductionCertified": true,
        "gridlyClassification": "PUBLIC_ROADWAY",
        "gridlyDisplayName": "OLD JUSTIN ROAD",
        "gridlyId": "FRA-795332P"
      }
    },
    {
      "type": "Feature",
      "id": 208582,
      "geometry": {
        "type": "Point",
        "coordinates": [
          -97.1900413000608,
          33.1108680000101
        ]
      },
      "properties": {
        "OBJECTID": 208582,
        "CROSSING": "795334D",
        "EFFDATE": 1756425600000,
        "REASON": "14",
        "StateCode": "48",
        "CountyCode": "48121",
        "STCYFIPS": "48121",
        "CITYCD": "481210255",
        "RAILROAD": "UP",
        "RRDIV": "TEXOMA",
        "RRSUBDIV": "Choctaw Sub",
        "HIGHWAY": "ST 0000",
        "STREET": "HARPOLE ROAD",
        "TTSTN": "663730",
        "MILEPOST": "0727.184",
        "TYPEXING": "Public",
        "POSXING": "At Grade",
        "PRVCAT": "14",
        "INIT": "1",
        "LATITUDE": 33.110868,
        "LONGITUD": -97.1900413,
        "LLSOURCE": "1",
        "WHISTBAN": "0",
        "RRCONT": "4025443721",
        "POLCONT": "8008488715",
        "INV_LINK": "https://safetydata.fra.dot.gov/OfficeofSafety/PublicSite/Crossing/Crossing.aspx?phasetype=C&rpttype=I&txtcrossingnum=795334D",
        "ACC_LINK": "https://safetydata.fra.dot.gov/OfficeofSafety/PublicSite/Crossing/Crossing.aspx?phasetype=C&rpttype=A&txtcrossingnum=795334D",
        "TTSTNNAM": "",
        "XPURPOSE": "1",
        "OPERATINGR": "UP",
        "OPERATIN_1": "Primary",
        "DAYTHRU": 9,
        "NGHTTHRU": 8,
        "MAINTRK": 1,
        "SIDINGTRK": 0,
        "YARDTRK": 0,
        "TRANSITTRK": 0,
        "INDUSTRYTR": 0,
        "OTHRTRK": 0,
        "WDCODE": "All other Gates",
        "REVISIONDA": "1975/01/01 00:00:00",
        "LASTUPDATE": "8/29/2025",
        "AADT": "370",
        "AADTYEAR": "2019",
        "STATENAME": "TEXAS",
        "STATEAB": "TX",
        "COUNTYNAME": "DENTON",
        "CITYNAME": "ARGYLE",
        "LATDD": 33.110868,
        "LONGDD": -97.1900413,
        "gridlyProductionCertified": true,
        "gridlyClassification": "PUBLIC_ROADWAY",
        "gridlyDisplayName": "HARPOLE ROAD",
        "gridlyId": "FRA-795334D"
      }
    },
    {
      "type": "Feature",
      "id": 208587,
      "geometry": {
        "type": "Point",
        "coordinates": [
          -97.2232005004281,
          33.0126498997022
        ]
      },
      "properties": {
        "OBJECTID": 208587,
        "CROSSING": "412479H",
        "EFFDATE": 1756425600000,
        "REASON": "14",
        "StateCode": "48",
        "CountyCode": "48121",
        "STCYFIPS": "48121",
        "CITYCD": "481215820",
        "RAILROAD": "UP",
        "RRDIV": "TEXOMA",
        "RRSUBDIV": "Choctaw Sub",
        "HIGHWAY": "TBD",
        "STREET": "TX 114 EAST FRONTAGE",
        "TTSTN": "663798",
        "MILEPOST": "0734.360",
        "TYPEXING": "Public",
        "POSXING": "RR Under",
        "PRVCAT": "14",
        "INIT": "1",
        "LATITUDE": 33.0126499,
        "LONGITUD": -97.2232005,
        "LLSOURCE": "1",
        "WHISTBAN": "0",
        "RRCONT": "4025443721",
        "POLCONT": "8008488715",
        "INV_LINK": "https://safetydata.fra.dot.gov/OfficeofSafety/PublicSite/Crossing/Crossing.aspx?phasetype=C&rpttype=I&txtcrossingnum=412479H",
        "ACC_LINK": "https://safetydata.fra.dot.gov/OfficeofSafety/PublicSite/Crossing/Crossing.aspx?phasetype=C&rpttype=A&txtcrossingnum=412479H",
        "TTSTNNAM": "",
        "XPURPOSE": "1",
        "OPERATINGR": "UP",
        "OPERATIN_1": "Primary",
        "DAYTHRU": 9,
        "NGHTTHRU": 8,
        "MAINTRK": 1,
        "SIDINGTRK": 0,
        "YARDTRK": 0,
        "TRANSITTRK": 0,
        "INDUSTRYTR": 0,
        "OTHRTRK": 0,
        "WDCODE": "",
        "REVISIONDA": "1975/01/01 00:00:00",
        "LASTUPDATE": "8/29/2025",
        "AADT": "1",
        "AADTYEAR": "",
        "STATENAME": "TEXAS",
        "STATEAB": "TX",
        "COUNTYNAME": "DENTON",
        "CITYNAME": "ROANOKE",
        "LATDD": 33.0126499,
        "LONGDD": -97.2232005,
        "gridlyProductionCertified": true,
        "gridlyClassification": "PUBLIC_ROADWAY",
        "gridlyDisplayName": "TX 114 EAST FRONTAGE",
        "gridlyId": "FRA-412479H"
      }
    },
    {
      "type": "Feature",
      "id": 208588,
      "geometry": {
        "type": "Point",
        "coordinates": [
          -97.2213780001763,
          33.015469999851
        ]
      },
      "properties": {
        "OBJECTID": 208588,
        "CROSSING": "440621J",
        "EFFDATE": 1756425600000,
        "REASON": "14",
        "StateCode": "48",
        "CountyCode": "48121",
        "STCYFIPS": "48121",
        "CITYCD": "481215820",
        "RAILROAD": "UP",
        "RRDIV": "TEXOMA",
        "RRSUBDIV": "Choctaw Sub",
        "HIGHWAY": "NA",
        "STREET": "MARSHALL CREEK ROAD",
        "TTSTN": "663798",
        "MILEPOST": "0734.130",
        "TYPEXING": "Public",
        "POSXING": "RR Under",
        "PRVCAT": "14",
        "INIT": "1",
        "LATITUDE": 33.01547,
        "LONGITUD": -97.221378,
        "LLSOURCE": "1",
        "WHISTBAN": "0",
        "RRCONT": "4025443721",
        "POLCONT": "8008488715",
        "INV_LINK": "https://safetydata.fra.dot.gov/OfficeofSafety/PublicSite/Crossing/Crossing.aspx?phasetype=C&rpttype=I&txtcrossingnum=440621J",
        "ACC_LINK": "https://safetydata.fra.dot.gov/OfficeofSafety/PublicSite/Crossing/Crossing.aspx?phasetype=C&rpttype=A&txtcrossingnum=440621J",
        "TTSTNNAM": "",
        "XPURPOSE": "1",
        "OPERATINGR": "UP",
        "OPERATIN_1": "Primary",
        "DAYTHRU": 9,
        "NGHTTHRU": 8,
        "MAINTRK": 1,
        "SIDINGTRK": 0,
        "YARDTRK": 0,
        "TRANSITTRK": 0,
        "INDUSTRYTR": 0,
        "OTHRTRK": 0,
        "WDCODE": "",
        "REVISIONDA": "1975/01/01 00:00:00",
        "LASTUPDATE": "8/29/2025",
        "AADT": "1",
        "AADTYEAR": "",
        "STATENAME": "TEXAS",
        "STATEAB": "TX",
        "COUNTYNAME": "DENTON",
        "CITYNAME": "ROANOKE",
        "LATDD": 33.01547,
        "LONGDD": -97.221378,
        "gridlyProductionCertified": true,
        "gridlyClassification": "PUBLIC_ROADWAY",
        "gridlyDisplayName": "MARSHALL CREEK ROAD",
        "gridlyId": "FRA-440621J"
      }
    },
    {
      "type": "Feature",
      "id": 208589,
      "geometry": {
        "type": "Point",
        "coordinates": [
          -97.208274600317,
          33.0488670002867
        ]
      },
      "properties": {
        "OBJECTID": 208589,
        "CROSSING": "795340G",
        "EFFDATE": 1756425600000,
        "REASON": "14",
        "StateCode": "48",
        "CountyCode": "48121",
        "STCYFIPS": "48121",
        "CITYCD": "481215820",
        "RAILROAD": "UP",
        "RRDIV": "TEXOMA",
        "RRSUBDIV": "Choctaw Sub",
        "HIGHWAY": "NA",
        "STREET": "Private",
        "TTSTN": "663798",
        "MILEPOST": "0731.655",
        "TYPEXING": "Private",
        "POSXING": "At Grade",
        "PRVCAT": "14",
        "INIT": "1",
        "LATITUDE": 33.048867,
        "LONGITUD": -97.2082746,
        "LLSOURCE": "1",
        "WHISTBAN": "0",
        "RRCONT": "4025443721",
        "POLCONT": "8008488715",
        "INV_LINK": "https://safetydata.fra.dot.gov/OfficeofSafety/PublicSite/Crossing/Crossing.aspx?phasetype=C&rpttype=I&txtcrossingnum=795340G",
        "ACC_LINK": "https://safetydata.fra.dot.gov/OfficeofSafety/PublicSite/Crossing/Crossing.aspx?phasetype=C&rpttype=A&txtcrossingnum=795340G",
        "TTSTNNAM": "",
        "XPURPOSE": "1",
        "OPERATINGR": "UP",
        "OPERATIN_1": "Primary",
        "DAYTHRU": 9,
        "NGHTTHRU": 8,
        "MAINTRK": 1,
        "SIDINGTRK": 0,
        "YARDTRK": 0,
        "TRANSITTRK": 0,
        "INDUSTRYTR": 0,
        "OTHRTRK": 0,
        "WDCODE": "",
        "REVISIONDA": "1975/01/01 00:00:00",
        "LASTUPDATE": "8/29/2025",
        "AADT": "1",
        "AADTYEAR": "1970",
        "STATENAME": "TEXAS",
        "STATEAB": "TX",
        "COUNTYNAME": "DENTON",
        "CITYNAME": "ROANOKE",
        "LATDD": 33.048867,
        "LONGDD": -97.2082746,
        "gridlyProductionCertified": true,
        "gridlyClassification": "PUBLIC_ROADWAY",
        "gridlyDisplayName": "Private",
        "gridlyId": "FRA-795340G"
      }
    },
    {
      "type": "Feature",
      "id": 208593,
      "geometry": {
        "type": "Point",
        "coordinates": [
          -97.2172492002984,
          33.0214589996623
        ]
      },
      "properties": {
        "OBJECTID": 208593,
        "CROSSING": "795341N",
        "EFFDATE": 1756425600000,
        "REASON": "14",
        "StateCode": "48",
        "CountyCode": "48121",
        "STCYFIPS": "48121",
        "CITYCD": "481215820",
        "RAILROAD": "UP",
        "RRDIV": "TEXOMA",
        "RRSUBDIV": "Choctaw Sub",
        "HIGHWAY": "NA",
        "STREET": "Private",
        "TTSTN": "663798",
        "MILEPOST": "0733.650",
        "TYPEXING": "Private",
        "POSXING": "At Grade",
        "PRVCAT": "14",
        "INIT": "1",
        "LATITUDE": 33.021459,
        "LONGITUD": -97.2172492,
        "LLSOURCE": "1",
        "WHISTBAN": "0",
        "RRCONT": "4025443721",
        "POLCONT": "8008488715",
        "INV_LINK": "https://safetydata.fra.dot.gov/OfficeofSafety/PublicSite/Crossing/Crossing.aspx?phasetype=C&rpttype=I&txtcrossingnum=795341N",
        "ACC_LINK": "https://safetydata.fra.dot.gov/OfficeofSafety/PublicSite/Crossing/Crossing.aspx?phasetype=C&rpttype=A&txtcrossingnum=795341N",
        "TTSTNNAM": "",
        "XPURPOSE": "1",
        "OPERATINGR": "UP",
        "OPERATIN_1": "Primary",
        "DAYTHRU": 9,
        "NGHTTHRU": 8,
        "MAINTRK": 1,
        "SIDINGTRK": 0,
        "YARDTRK": 0,
        "TRANSITTRK": 0,
        "INDUSTRYTR": 0,
        "OTHRTRK": 0,
        "WDCODE": "",
        "REVISIONDA": "1975/01/01 00:00:00",
        "LASTUPDATE": "8/29/2025",
        "AADT": "1",
        "AADTYEAR": "1970",
        "STATENAME": "TEXAS",
        "STATEAB": "TX",
        "COUNTYNAME": "DENTON",
        "CITYNAME": "ROANOKE",
        "LATDD": 33.021459,
        "LONGDD": -97.2172492,
        "gridlyProductionCertified": true,
        "gridlyClassification": "PUBLIC_ROADWAY",
        "gridlyDisplayName": "Private",
        "gridlyId": "FRA-795341N"
      }
    },
    {
      "type": "Feature",
      "id": 208596,
      "geometry": {
        "type": "Point",
        "coordinates": [
          -97.2276249996465,
          33.0047460003025
        ]
      },
      "properties": {
        "OBJECTID": 208596,
        "CROSSING": "795342V",
        "EFFDATE": 1756425600000,
        "REASON": "14",
        "StateCode": "48",
        "CountyCode": "48121",
        "STCYFIPS": "48121",
        "CITYCD": "481215820",
        "RAILROAD": "UP",
        "RRDIV": "TEXOMA",
        "RRSUBDIV": "Choctaw Sub",
        "HIGHWAY": "BS0114K",
        "STREET": "BUSINESS 114",
        "TTSTN": "663798",
        "MILEPOST": "0734.947",
        "TYPEXING": "Public",
        "POSXING": "RR Over",
        "PRVCAT": "14",
        "INIT": "1",
        "LATITUDE": 33.004746,
        "LONGITUD": -97.227625,
        "LLSOURCE": "1",
        "WHISTBAN": "0",
        "RRCONT": "4025443721",
        "POLCONT": "8008488715",
        "INV_LINK": "https://safetydata.fra.dot.gov/OfficeofSafety/PublicSite/Crossing/Crossing.aspx?phasetype=C&rpttype=I&txtcrossingnum=795342V",
        "ACC_LINK": "https://safetydata.fra.dot.gov/OfficeofSafety/PublicSite/Crossing/Crossing.aspx?phasetype=C&rpttype=A&txtcrossingnum=795342V",
        "TTSTNNAM": "",
        "XPURPOSE": "1",
        "OPERATINGR": "UP",
        "OPERATIN_1": "Primary",
        "DAYTHRU": 9,
        "NGHTTHRU": 8,
        "MAINTRK": 1,
        "SIDINGTRK": 0,
        "YARDTRK": 0,
        "TRANSITTRK": 0,
        "INDUSTRYTR": 0,
        "OTHRTRK": 0,
        "WDCODE": "",
        "REVISIONDA": "1975/01/01 00:00:00",
        "LASTUPDATE": "8/29/2025",
        "AADT": "7600",
        "AADTYEAR": "2011",
        "STATENAME": "TEXAS",
        "STATEAB": "TX",
        "COUNTYNAME": "DENTON",
        "CITYNAME": "ROANOKE",
        "LATDD": 33.004746,
        "LONGDD": -97.227625,
        "gridlyProductionCertified": true,
        "gridlyClassification": "PUBLIC_ROADWAY",
        "gridlyDisplayName": "BUSINESS 114",
        "gridlyId": "FRA-795342V"
      }
    },
    {
      "type": "Feature",
      "id": 208597,
      "geometry": {
        "type": "Point",
        "coordinates": [
          -97.2341189001741,
          32.9930947001739
        ]
      },
      "properties": {
        "OBJECTID": 208597,
        "CROSSING": "795346X",
        "EFFDATE": 1756425600000,
        "REASON": "14",
        "StateCode": "48",
        "CountyCode": "48121",
        "STCYFIPS": "48121",
        "CITYCD": "481215820",
        "RAILROAD": "UP",
        "RRDIV": "TEXOMA",
        "RRSUBDIV": "Choctaw Sub",
        "HIGHWAY": "ST 0000",
        "STREET": "HENRIETTA CREEK",
        "TTSTN": "663798",
        "MILEPOST": "0735.840",
        "TYPEXING": "Public",
        "POSXING": "At Grade",
        "PRVCAT": "14",
        "INIT": "1",
        "LATITUDE": 32.9930947,
        "LONGITUD": -97.2341189,
        "LLSOURCE": "1",
        "WHISTBAN": "0",
        "RRCONT": "4025443721",
        "POLCONT": "8008488715",
        "INV_LINK": "https://safetydata.fra.dot.gov/OfficeofSafety/PublicSite/Crossing/Crossing.aspx?phasetype=C&rpttype=I&txtcrossingnum=795346X",
        "ACC_LINK": "https://safetydata.fra.dot.gov/OfficeofSafety/PublicSite/Crossing/Crossing.aspx?phasetype=C&rpttype=A&txtcrossingnum=795346X",
        "TTSTNNAM": "",
        "XPURPOSE": "1",
        "OPERATINGR": "UP",
        "OPERATIN_1": "Primary",
        "DAYTHRU": 9,
        "NGHTTHRU": 8,
        "MAINTRK": 1,
        "SIDINGTRK": 1,
        "YARDTRK": 1,
        "TRANSITTRK": 0,
        "INDUSTRYTR": 0,
        "OTHRTRK": 1,
        "WDCODE": "All other Gates",
        "REVISIONDA": "1975/01/01 00:00:00",
        "LASTUPDATE": "8/29/2025",
        "AADT": "5887",
        "AADTYEAR": "2019",
        "STATENAME": "TEXAS",
        "STATEAB": "TX",
        "COUNTYNAME": "DENTON",
        "CITYNAME": "ROANOKE",
        "LATDD": 32.9930947,
        "LONGDD": -97.2341189,
        "gridlyProductionCertified": true,
        "gridlyClassification": "PUBLIC_ROADWAY",
        "gridlyDisplayName": "HENRIETTA CREEK",
        "gridlyId": "FRA-795346X"
      }
    },
    {
      "type": "Feature",
      "id": 208628,
      "geometry": {
        "type": "Point",
        "coordinates": [
          -97.2229260004301,
          33.0131350002788
        ]
      },
      "properties": {
        "OBJECTID": 208628,
        "CROSSING": "974031N",
        "EFFDATE": 1756425600000,
        "REASON": "14",
        "StateCode": "48",
        "CountyCode": "48121",
        "STCYFIPS": "48121",
        "CITYCD": "481215820",
        "RAILROAD": "UP",
        "RRDIV": "Texoma",
        "RRSUBDIV": "Choctaw Sub",
        "HIGHWAY": "TBD",
        "STREET": "SH 114 West",
        "TTSTN": "",
        "MILEPOST": "0734.321",
        "TYPEXING": "Public",
        "POSXING": "RR Under",
        "PRVCAT": "14",
        "INIT": "1",
        "LATITUDE": 33.013135,
        "LONGITUD": -97.222926,
        "LLSOURCE": "1",
        "WHISTBAN": "",
        "RRCONT": "4025443721",
        "POLCONT": "8008488715",
        "INV_LINK": "https://safetydata.fra.dot.gov/OfficeofSafety/PublicSite/Crossing/Crossing.aspx?phasetype=C&rpttype=I&txtcrossingnum=974031N",
        "ACC_LINK": "https://safetydata.fra.dot.gov/OfficeofSafety/PublicSite/Crossing/Crossing.aspx?phasetype=C&rpttype=A&txtcrossingnum=974031N",
        "TTSTNNAM": "",
        "XPURPOSE": "1",
        "OPERATINGR": "UP",
        "OPERATIN_1": "Primary",
        "DAYTHRU": 9,
        "NGHTTHRU": 8,
        "MAINTRK": 1,
        "SIDINGTRK": 0,
        "YARDTRK": 0,
        "TRANSITTRK": 0,
        "INDUSTRYTR": 0,
        "OTHRTRK": 0,
        "WDCODE": "",
        "REVISIONDA": "1975/01/01 00:00:00",
        "LASTUPDATE": "8/29/2025",
        "AADT": "",
        "AADTYEAR": "",
        "STATENAME": "TEXAS",
        "STATEAB": "TX",
        "COUNTYNAME": "DENTON",
        "CITYNAME": "ROANOKE",
        "LATDD": 33.013135,
        "LONGDD": -97.222926,
        "gridlyProductionCertified": true,
        "gridlyClassification": "PUBLIC_ROADWAY",
        "gridlyDisplayName": "SH 114 West",
        "gridlyId": "FRA-974031N"
      }
    },
    {
      "type": "Feature",
      "id": 208629,
      "geometry": {
        "type": "Point",
        "coordinates": [
          -97.2230310000121,
          33.0129619999301
        ]
      },
      "properties": {
        "OBJECTID": 208629,
        "CROSSING": "974032V",
        "EFFDATE": 1756425600000,
        "REASON": "14",
        "StateCode": "48",
        "CountyCode": "48121",
        "STCYFIPS": "48121",
        "CITYCD": "481215820",
        "RAILROAD": "UP",
        "RRDIV": "Texoma",
        "RRSUBDIV": "Choctaw Sub",
        "HIGHWAY": "TBD",
        "STREET": "SH 114 East",
        "TTSTN": "",
        "MILEPOST": "0734.336",
        "TYPEXING": "Public",
        "POSXING": "RR Under",
        "PRVCAT": "14",
        "INIT": "1",
        "LATITUDE": 33.012962,
        "LONGITUD": -97.223031,
        "LLSOURCE": "1",
        "WHISTBAN": "",
        "RRCONT": "4025443721",
        "POLCONT": "8008488715",
        "INV_LINK": "https://safetydata.fra.dot.gov/OfficeofSafety/PublicSite/Crossing/Crossing.aspx?phasetype=C&rpttype=I&txtcrossingnum=974032V",
        "ACC_LINK": "https://safetydata.fra.dot.gov/OfficeofSafety/PublicSite/Crossing/Crossing.aspx?phasetype=C&rpttype=A&txtcrossingnum=974032V",
        "TTSTNNAM": "",
        "XPURPOSE": "1",
        "OPERATINGR": "UP",
        "OPERATIN_1": "Primary",
        "DAYTHRU": 9,
        "NGHTTHRU": 8,
        "MAINTRK": 1,
        "SIDINGTRK": 0,
        "YARDTRK": 0,
        "TRANSITTRK": 0,
        "INDUSTRYTR": 0,
        "OTHRTRK": 0,
        "WDCODE": "",
        "REVISIONDA": "1975/01/01 00:00:00",
        "LASTUPDATE": "8/29/2025",
        "AADT": "",
        "AADTYEAR": "",
        "STATENAME": "TEXAS",
        "STATEAB": "TX",
        "COUNTYNAME": "DENTON",
        "CITYNAME": "ROANOKE",
        "LATDD": 33.012962,
        "LONGDD": -97.223031,
        "gridlyProductionCertified": true,
        "gridlyClassification": "PUBLIC_ROADWAY",
        "gridlyDisplayName": "SH 114 East",
        "gridlyId": "FRA-974032V"
      }
    },
    {
      "type": "Feature",
      "id": 208630,
      "geometry": {
        "type": "Point",
        "coordinates": [
          -97.2228169997519,
          33.0133100002383
        ]
      },
      "properties": {
        "OBJECTID": 208630,
        "CROSSING": "975374Y",
        "EFFDATE": 1756425600000,
        "REASON": "14",
        "StateCode": "48",
        "CountyCode": "48121",
        "STCYFIPS": "48121",
        "CITYCD": "481215820",
        "RAILROAD": "UP",
        "RRDIV": "Texoma",
        "RRSUBDIV": "Choctaw Sub",
        "HIGHWAY": "TBD",
        "STREET": "SH 114 WB Frontage Rd to WB 114",
        "TTSTN": "",
        "MILEPOST": "0734.307",
        "TYPEXING": "Public",
        "POSXING": "RR Under",
        "PRVCAT": "14",
        "INIT": "1",
        "LATITUDE": 33.01331,
        "LONGITUD": -97.222817,
        "LLSOURCE": "1",
        "WHISTBAN": "",
        "RRCONT": "4025443721",
        "POLCONT": "8008488715",
        "INV_LINK": "https://safetydata.fra.dot.gov/OfficeofSafety/PublicSite/Crossing/Crossing.aspx?phasetype=C&rpttype=I&txtcrossingnum=975374Y",
        "ACC_LINK": "https://safetydata.fra.dot.gov/OfficeofSafety/PublicSite/Crossing/Crossing.aspx?phasetype=C&rpttype=A&txtcrossingnum=975374Y",
        "TTSTNNAM": "",
        "XPURPOSE": "1",
        "OPERATINGR": "UP",
        "OPERATIN_1": "Primary",
        "DAYTHRU": 9,
        "NGHTTHRU": 8,
        "MAINTRK": 1,
        "SIDINGTRK": 0,
        "YARDTRK": 0,
        "TRANSITTRK": 0,
        "INDUSTRYTR": 0,
        "OTHRTRK": 0,
        "WDCODE": "",
        "REVISIONDA": "1975/01/01 00:00:00",
        "LASTUPDATE": "8/29/2025",
        "AADT": "",
        "AADTYEAR": "",
        "STATENAME": "TEXAS",
        "STATEAB": "TX",
        "COUNTYNAME": "DENTON",
        "CITYNAME": "ROANOKE",
        "LATDD": 33.01331,
        "LONGDD": -97.222817,
        "gridlyProductionCertified": true,
        "gridlyClassification": "PUBLIC_ROADWAY",
        "gridlyDisplayName": "SH 114 WB Frontage Rd to WB 114",
        "gridlyId": "FRA-975374Y"
      }
    },
    {
      "type": "Feature",
      "id": 208652,
      "geometry": {
        "type": "Point",
        "coordinates": [
          -97.2086173004114,
          33.0579418003575
        ]
      },
      "properties": {
        "OBJECTID": 208652,
        "CROSSING": "795442A",
        "EFFDATE": 1756425600000,
        "REASON": "14",
        "StateCode": "48",
        "CountyCode": "48121",
        "STCYFIPS": "48121",
        "CITYCD": "481212395",
        "RAILROAD": "UP",
        "RRDIV": "TEXOMA",
        "RRSUBDIV": "Choctaw Sub",
        "HIGHWAY": "NA",
        "STREET": "FM 1171",
        "TTSTN": "663798",
        "MILEPOST": "0731.020",
        "TYPEXING": "Public",
        "POSXING": "At Grade",
        "PRVCAT": "14",
        "INIT": "1",
        "LATITUDE": 33.0579418,
        "LONGITUD": -97.2086173,
        "LLSOURCE": "1",
        "WHISTBAN": "0",
        "RRCONT": "4025443721",
        "POLCONT": "8008488715",
        "INV_LINK": "https://safetydata.fra.dot.gov/OfficeofSafety/PublicSite/Crossing/Crossing.aspx?phasetype=C&rpttype=I&txtcrossingnum=795442A",
        "ACC_LINK": "https://safetydata.fra.dot.gov/OfficeofSafety/PublicSite/Crossing/Crossing.aspx?phasetype=C&rpttype=A&txtcrossingnum=795442A",
        "TTSTNNAM": "",
        "XPURPOSE": "1",
        "OPERATINGR": "UP",
        "OPERATIN_1": "Primary",
        "DAYTHRU": 9,
        "NGHTTHRU": 8,
        "MAINTRK": 1,
        "SIDINGTRK": 0,
        "YARDTRK": 0,
        "TRANSITTRK": 0,
        "INDUSTRYTR": 0,
        "OTHRTRK": 0,
        "WDCODE": "All other Gates",
        "REVISIONDA": "1975/01/01 00:00:00",
        "LASTUPDATE": "8/29/2025",
        "AADT": "15645",
        "AADTYEAR": "2019",
        "STATENAME": "TEXAS",
        "STATEAB": "TX",
        "COUNTYNAME": "DENTON",
        "CITYNAME": "FLOWER MOUND",
        "LATDD": 33.0579418,
        "LONGDD": -97.2086173,
        "gridlyProductionCertified": true,
        "gridlyClassification": "PUBLIC_ROADWAY",
        "gridlyDisplayName": "FM 1171",
        "gridlyId": "FRA-795442A"
      }
    },
    {
      "type": "Feature",
      "id": 208681,
      "geometry": {
        "type": "Point",
        "coordinates": [
          -97.2285855996208,
          33.0029272001431
        ]
      },
      "properties": {
        "OBJECTID": 208681,
        "CROSSING": "795343C",
        "EFFDATE": 1756425600000,
        "REASON": "14",
        "StateCode": "48",
        "CountyCode": "48121",
        "STCYFIPS": "48121",
        "CITYCD": "481215820",
        "RAILROAD": "UP",
        "RRDIV": "TEXOMA",
        "RRSUBDIV": "Choctaw Sub",
        "HIGHWAY": "ST 0000",
        "STREET": "DENTON STREET",
        "TTSTN": "663798",
        "MILEPOST": "0735.090",
        "TYPEXING": "Public",
        "POSXING": "At Grade",
        "PRVCAT": "14",
        "INIT": "1",
        "LATITUDE": 33.0029272,
        "LONGITUD": -97.2285856,
        "LLSOURCE": "1",
        "WHISTBAN": "0",
        "RRCONT": "4025443721",
        "POLCONT": "8008488715",
        "INV_LINK": "https://safetydata.fra.dot.gov/OfficeofSafety/PublicSite/Crossing/Crossing.aspx?phasetype=C&rpttype=I&txtcrossingnum=795343C",
        "ACC_LINK": "https://safetydata.fra.dot.gov/OfficeofSafety/PublicSite/Crossing/Crossing.aspx?phasetype=C&rpttype=A&txtcrossingnum=795343C",
        "TTSTNNAM": "",
        "XPURPOSE": "1",
        "OPERATINGR": "UP",
        "OPERATIN_1": "Primary",
        "DAYTHRU": 9,
        "NGHTTHRU": 8,
        "MAINTRK": 1,
        "SIDINGTRK": 1,
        "YARDTRK": 0,
        "TRANSITTRK": 0,
        "INDUSTRYTR": 0,
        "OTHRTRK": 0,
        "WDCODE": "All other Gates",
        "REVISIONDA": "1975/01/01 00:00:00",
        "LASTUPDATE": "8/29/2025",
        "AADT": "547",
        "AADTYEAR": "2015",
        "STATENAME": "TEXAS",
        "STATEAB": "TX",
        "COUNTYNAME": "DENTON",
        "CITYNAME": "ROANOKE",
        "LATDD": 33.0029272,
        "LONGDD": -97.2285856,
        "gridlyProductionCertified": true,
        "gridlyClassification": "PUBLIC_ROADWAY",
        "gridlyDisplayName": "DENTON STREET",
        "gridlyId": "FRA-795343C"
      }
    },
    {
      "type": "Feature",
      "id": 208687,
      "geometry": {
        "type": "Point",
        "coordinates": [
          -97.1365349997934,
          33.1957889998556
        ]
      },
      "properties": {
        "OBJECTID": 208687,
        "CROSSING": "980257N",
        "EFFDATE": 1756425600000,
        "REASON": "14",
        "StateCode": "48",
        "CountyCode": "48121",
        "STCYFIPS": "48121",
        "CITYCD": "481211840",
        "RAILROAD": "UP",
        "RRDIV": "Texoma",
        "RRSUBDIV": "Choctaw Sub",
        "HIGHWAY": "TBD",
        "STREET": "I-35 Southbound Frontage Rd",
        "TTSTN": "",
        "MILEPOST": "0720.515",
        "TYPEXING": "Public",
        "POSXING": "RR Under",
        "PRVCAT": "14",
        "INIT": "1",
        "LATITUDE": 33.195789,
        "LONGITUD": -97.136535,
        "LLSOURCE": "1",
        "WHISTBAN": "",
        "RRCONT": "4025443721",
        "POLCONT": "8008488715",
        "INV_LINK": "https://safetydata.fra.dot.gov/OfficeofSafety/PublicSite/Crossing/Crossing.aspx?phasetype=C&rpttype=I&txtcrossingnum=980257N",
        "ACC_LINK": "https://safetydata.fra.dot.gov/OfficeofSafety/PublicSite/Crossing/Crossing.aspx?phasetype=C&rpttype=A&txtcrossingnum=980257N",
        "TTSTNNAM": "",
        "XPURPOSE": "1",
        "OPERATINGR": "UP",
        "OPERATIN_1": "Primary",
        "DAYTHRU": 9,
        "NGHTTHRU": 8,
        "MAINTRK": 1,
        "SIDINGTRK": 0,
        "YARDTRK": 0,
        "TRANSITTRK": 0,
        "INDUSTRYTR": 0,
        "OTHRTRK": 0,
        "WDCODE": "",
        "REVISIONDA": "1975/01/01 00:00:00",
        "LASTUPDATE": "8/29/2025",
        "AADT": "",
        "AADTYEAR": "",
        "STATENAME": "TEXAS",
        "STATEAB": "TX",
        "COUNTYNAME": "DENTON",
        "CITYNAME": "DENTON",
        "LATDD": 33.195789,
        "LONGDD": -97.136535,
        "gridlyProductionCertified": true,
        "gridlyClassification": "PUBLIC_ROADWAY",
        "gridlyDisplayName": "I-35 Southbound Frontage Rd",
        "gridlyId": "FRA-980257N"
      }
    },
    {
      "type": "Feature",
      "id": 208743,
      "geometry": {
        "type": "Point",
        "coordinates": [
          -97.1907502001774,
          33.1012530997923
        ]
      },
      "properties": {
        "OBJECTID": 208743,
        "CROSSING": "795335K",
        "EFFDATE": 1756425600000,
        "REASON": "14",
        "StateCode": "48",
        "CountyCode": "48121",
        "STCYFIPS": "48121",
        "CITYCD": "481210255",
        "RAILROAD": "UP",
        "RRDIV": "Texoma",
        "RRSUBDIV": "Choctaw Sub",
        "HIGHWAY": "FM 0407",
        "STREET": "FM 407",
        "TTSTN": "663730",
        "MILEPOST": "0727.850",
        "TYPEXING": "Public",
        "POSXING": "At Grade",
        "PRVCAT": "14",
        "INIT": "1",
        "LATITUDE": 33.1012531,
        "LONGITUD": -97.1907502,
        "LLSOURCE": "1",
        "WHISTBAN": "0",
        "RRCONT": "4025443721",
        "POLCONT": "8008488715",
        "INV_LINK": "https://safetydata.fra.dot.gov/OfficeofSafety/PublicSite/Crossing/Crossing.aspx?phasetype=C&rpttype=I&txtcrossingnum=795335K",
        "ACC_LINK": "https://safetydata.fra.dot.gov/OfficeofSafety/PublicSite/Crossing/Crossing.aspx?phasetype=C&rpttype=A&txtcrossingnum=795335K",
        "TTSTNNAM": "",
        "XPURPOSE": "1",
        "OPERATINGR": "UP",
        "OPERATIN_1": "Primary",
        "DAYTHRU": 9,
        "NGHTTHRU": 8,
        "MAINTRK": 1,
        "SIDINGTRK": 0,
        "YARDTRK": 0,
        "TRANSITTRK": 0,
        "INDUSTRYTR": 0,
        "OTHRTRK": 0,
        "WDCODE": "All other Gates",
        "REVISIONDA": "1975/01/01 00:00:00",
        "LASTUPDATE": "8/29/2025",
        "AADT": "11624",
        "AADTYEAR": "2019",
        "STATENAME": "TEXAS",
        "STATEAB": "TX",
        "COUNTYNAME": "DENTON",
        "CITYNAME": "ARGYLE",
        "LATDD": 33.1012531,
        "LONGDD": -97.1907502,
        "gridlyProductionCertified": true,
        "gridlyClassification": "PUBLIC_ROADWAY",
        "gridlyDisplayName": "FM 407",
        "gridlyId": "FRA-795335K"
      }
    },
    {
      "type": "Feature",
      "id": 208744,
      "geometry": {
        "type": "Point",
        "coordinates": [
          -97.1927613996395,
          33.0946472001735
        ]
      },
      "properties": {
        "OBJECTID": 208744,
        "CROSSING": "795336S",
        "EFFDATE": 1756425600000,
        "REASON": "14",
        "StateCode": "48",
        "CountyCode": "48121",
        "STCYFIPS": "48121",
        "CITYCD": "481210255",
        "RAILROAD": "UP",
        "RRDIV": "TEXOMA",
        "RRSUBDIV": "Choctaw Sub",
        "HIGHWAY": "NA",
        "STREET": "FRENCHTOWN ROAD",
        "TTSTN": "663798",
        "MILEPOST": "0728.320",
        "TYPEXING": "Public",
        "POSXING": "At Grade",
        "PRVCAT": "14",
        "INIT": "1",
        "LATITUDE": 33.0946472,
        "LONGITUD": -97.1927614,
        "LLSOURCE": "1",
        "WHISTBAN": "0",
        "RRCONT": "4025443721",
        "POLCONT": "8008488715",
        "INV_LINK": "https://safetydata.fra.dot.gov/OfficeofSafety/PublicSite/Crossing/Crossing.aspx?phasetype=C&rpttype=I&txtcrossingnum=795336S",
        "ACC_LINK": "https://safetydata.fra.dot.gov/OfficeofSafety/PublicSite/Crossing/Crossing.aspx?phasetype=C&rpttype=A&txtcrossingnum=795336S",
        "TTSTNNAM": "",
        "XPURPOSE": "1",
        "OPERATINGR": "UP",
        "OPERATIN_1": "Primary",
        "DAYTHRU": 9,
        "NGHTTHRU": 8,
        "MAINTRK": 1,
        "SIDINGTRK": 1,
        "YARDTRK": 0,
        "TRANSITTRK": 0,
        "INDUSTRYTR": 0,
        "OTHRTRK": 0,
        "WDCODE": "All other Gates",
        "REVISIONDA": "1975/01/01 00:00:00",
        "LASTUPDATE": "8/29/2025",
        "AADT": "1623",
        "AADTYEAR": "2010",
        "STATENAME": "TEXAS",
        "STATEAB": "TX",
        "COUNTYNAME": "DENTON",
        "CITYNAME": "ARGYLE",
        "LATDD": 33.0946472,
        "LONGDD": -97.1927614,
        "gridlyProductionCertified": true,
        "gridlyClassification": "PUBLIC_ROADWAY",
        "gridlyDisplayName": "FRENCHTOWN ROAD",
        "gridlyId": "FRA-795336S"
      }
    },
    {
      "type": "Feature",
      "id": 208860,
      "geometry": {
        "type": "Point",
        "coordinates": [
          -97.0899909996091,
          33.2361309999726
        ]
      },
      "properties": {
        "OBJECTID": 208860,
        "CROSSING": "414684V",
        "EFFDATE": 1756339200000,
        "REASON": "14",
        "StateCode": "48",
        "CountyCode": "48121",
        "STCYFIPS": "48121",
        "CITYCD": "481211840",
        "RAILROAD": "UP",
        "RRDIV": "TEXOMA",
        "RRSUBDIV": "Choctaw Sub",
        "HIGHWAY": "HWY 288",
        "STREET": "LP 288 SOUTH",
        "TTSTN": "663730",
        "MILEPOST": "0716.335",
        "TYPEXING": "Public",
        "POSXING": "RR Under",
        "PRVCAT": "14",
        "INIT": "1",
        "LATITUDE": 33.236131,
        "LONGITUD": -97.089991,
        "LLSOURCE": "1",
        "WHISTBAN": "0",
        "RRCONT": "4025443721",
        "POLCONT": "8008488715",
        "INV_LINK": "https://safetydata.fra.dot.gov/OfficeofSafety/PublicSite/Crossing/Crossing.aspx?phasetype=C&rpttype=I&txtcrossingnum=414684V",
        "ACC_LINK": "https://safetydata.fra.dot.gov/OfficeofSafety/PublicSite/Crossing/Crossing.aspx?phasetype=C&rpttype=A&txtcrossingnum=414684V",
        "TTSTNNAM": "",
        "XPURPOSE": "1",
        "OPERATINGR": "UP",
        "OPERATIN_1": "Primary",
        "DAYTHRU": 9,
        "NGHTTHRU": 8,
        "MAINTRK": 1,
        "SIDINGTRK": 0,
        "YARDTRK": 0,
        "TRANSITTRK": 0,
        "INDUSTRYTR": 0,
        "OTHRTRK": 0,
        "WDCODE": "",
        "REVISIONDA": "1975/01/01 00:00:00",
        "LASTUPDATE": "8/28/2025",
        "AADT": "1",
        "AADTYEAR": "1970",
        "STATENAME": "TEXAS",
        "STATEAB": "TX",
        "COUNTYNAME": "DENTON",
        "CITYNAME": "DENTON",
        "LATDD": 33.236131,
        "LONGDD": -97.089991,
        "gridlyProductionCertified": true,
        "gridlyClassification": "PUBLIC_ROADWAY",
        "gridlyDisplayName": "LP 288 SOUTH",
        "gridlyId": "FRA-414684V"
      }
    },
    {
      "type": "Feature",
      "id": 208861,
      "geometry": {
        "type": "Point",
        "coordinates": [
          -97.043404999592,
          33.2510500001878
        ]
      },
      "properties": {
        "OBJECTID": 208861,
        "CROSSING": "920234T",
        "EFFDATE": 1756339200000,
        "REASON": "14",
        "StateCode": "48",
        "CountyCode": "48121",
        "STCYFIPS": "48121",
        "CITYCD": "481211840",
        "RAILROAD": "UP",
        "RRDIV": "TEXOMA",
        "RRSUBDIV": "Choctaw Sub",
        "HIGHWAY": "TBD",
        "STREET": "PEDESTRIAN TRAIL",
        "TTSTN": "",
        "MILEPOST": "0713.420",
        "TYPEXING": "Public",
        "POSXING": "RR Over",
        "PRVCAT": "14",
        "INIT": "1",
        "LATITUDE": 33.25105,
        "LONGITUD": -97.043405,
        "LLSOURCE": "1",
        "WHISTBAN": "0",
        "RRCONT": "4025443721",
        "POLCONT": "8008488715",
        "INV_LINK": "https://safetydata.fra.dot.gov/OfficeofSafety/PublicSite/Crossing/Crossing.aspx?phasetype=C&rpttype=I&txtcrossingnum=920234T",
        "ACC_LINK": "https://safetydata.fra.dot.gov/OfficeofSafety/PublicSite/Crossing/Crossing.aspx?phasetype=C&rpttype=A&txtcrossingnum=920234T",
        "TTSTNNAM": "",
        "XPURPOSE": "2",
        "OPERATINGR": "UP",
        "OPERATIN_1": "Primary",
        "DAYTHRU": 9,
        "NGHTTHRU": 8,
        "MAINTRK": 1,
        "SIDINGTRK": 0,
        "YARDTRK": 0,
        "TRANSITTRK": 0,
        "INDUSTRYTR": 0,
        "OTHRTRK": 0,
        "WDCODE": "",
        "REVISIONDA": "1975/01/01 00:00:00",
        "LASTUPDATE": "8/28/2025",
        "AADT": "1",
        "AADTYEAR": "",
        "STATENAME": "TEXAS",
        "STATEAB": "TX",
        "COUNTYNAME": "DENTON",
        "CITYNAME": "DENTON",
        "LATDD": 33.25105,
        "LONGDD": -97.043405,
        "gridlyProductionCertified": true,
        "gridlyClassification": "PUBLIC_ROADWAY",
        "gridlyDisplayName": "PEDESTRIAN TRAIL",
        "gridlyId": "FRA-920234T"
      }
    },
    {
      "type": "Feature",
      "id": 208862,
      "geometry": {
        "type": "Point",
        "coordinates": [
          -97.08960539957,
          33.2362315998033
        ]
      },
      "properties": {
        "OBJECTID": 208862,
        "CROSSING": "920235A",
        "EFFDATE": 1756339200000,
        "REASON": "14",
        "StateCode": "48",
        "CountyCode": "48121",
        "STCYFIPS": "48121",
        "CITYCD": "481211840",
        "RAILROAD": "UP",
        "RRDIV": "TEXOMA",
        "RRSUBDIV": "Choctaw Sub",
        "HIGHWAY": "NA",
        "STREET": "LP 288 NORTH",
        "TTSTN": "",
        "MILEPOST": "0716.314",
        "TYPEXING": "Public",
        "POSXING": "RR Under",
        "PRVCAT": "14",
        "INIT": "1",
        "LATITUDE": 33.2362316,
        "LONGITUD": -97.0896054,
        "LLSOURCE": "1",
        "WHISTBAN": "",
        "RRCONT": "4025443721",
        "POLCONT": "8008488715",
        "INV_LINK": "https://safetydata.fra.dot.gov/OfficeofSafety/PublicSite/Crossing/Crossing.aspx?phasetype=C&rpttype=I&txtcrossingnum=920235A",
        "ACC_LINK": "https://safetydata.fra.dot.gov/OfficeofSafety/PublicSite/Crossing/Crossing.aspx?phasetype=C&rpttype=A&txtcrossingnum=920235A",
        "TTSTNNAM": "",
        "XPURPOSE": "1",
        "OPERATINGR": "UP",
        "OPERATIN_1": "Primary",
        "DAYTHRU": 9,
        "NGHTTHRU": 8,
        "MAINTRK": 1,
        "SIDINGTRK": 0,
        "YARDTRK": 0,
        "TRANSITTRK": 0,
        "INDUSTRYTR": 0,
        "OTHRTRK": 0,
        "WDCODE": "",
        "REVISIONDA": "1975/01/01 00:00:00",
        "LASTUPDATE": "8/28/2025",
        "AADT": "",
        "AADTYEAR": "",
        "STATENAME": "TEXAS",
        "STATEAB": "TX",
        "COUNTYNAME": "DENTON",
        "CITYNAME": "DENTON",
        "LATDD": 33.2362316,
        "LONGDD": -97.0896054,
        "gridlyProductionCertified": true,
        "gridlyClassification": "PUBLIC_ROADWAY",
        "gridlyDisplayName": "LP 288 NORTH",
        "gridlyId": "FRA-920235A"
      }
    },
    {
      "type": "Feature",
      "id": 208906,
      "geometry": {
        "type": "Point",
        "coordinates": [
          -96.9629406996193,
          33.4007104999787
        ]
      },
      "properties": {
        "OBJECTID": 208906,
        "CROSSING": "795284C",
        "EFFDATE": 1756339200000,
        "REASON": "14",
        "StateCode": "48",
        "CountyCode": "48121",
        "STCYFIPS": "48121",
        "CITYCD": "481215350",
        "RAILROAD": "UP",
        "RRDIV": "TEXOMA",
        "RRSUBDIV": "Choctaw Sub",
        "HIGHWAY": "ST 0000",
        "STREET": "BROAD STREET",
        "TTSTN": "663712",
        "MILEPOST": "0701.460",
        "TYPEXING": "Public",
        "POSXING": "At Grade",
        "PRVCAT": "14",
        "INIT": "1",
        "LATITUDE": 33.4007105,
        "LONGITUD": -96.9629407,
        "LLSOURCE": "1",
        "WHISTBAN": "0",
        "RRCONT": "4025443721",
        "POLCONT": "8008488715",
        "INV_LINK": "https://safetydata.fra.dot.gov/OfficeofSafety/PublicSite/Crossing/Crossing.aspx?phasetype=C&rpttype=I&txtcrossingnum=795284C",
        "ACC_LINK": "https://safetydata.fra.dot.gov/OfficeofSafety/PublicSite/Crossing/Crossing.aspx?phasetype=C&rpttype=A&txtcrossingnum=795284C",
        "TTSTNNAM": "",
        "XPURPOSE": "1",
        "OPERATINGR": "UP",
        "OPERATIN_1": "Primary",
        "DAYTHRU": 9,
        "NGHTTHRU": 8,
        "MAINTRK": 1,
        "SIDINGTRK": 1,
        "YARDTRK": 0,
        "TRANSITTRK": 0,
        "INDUSTRYTR": 0,
        "OTHRTRK": 2,
        "WDCODE": "All other Gates",
        "REVISIONDA": "1975/01/01 00:00:00",
        "LASTUPDATE": "8/28/2025",
        "AADT": "656",
        "AADTYEAR": "2019",
        "STATENAME": "TEXAS",
        "STATEAB": "TX",
        "COUNTYNAME": "DENTON",
        "CITYNAME": "PILOT POINT",
        "LATDD": 33.4007105,
        "LONGDD": -96.9629407,
        "gridlyProductionCertified": true,
        "gridlyClassification": "PUBLIC_ROADWAY",
        "gridlyDisplayName": "BROAD STREET",
        "gridlyId": "FRA-795284C"
      }
    },
    {
      "type": "Feature",
      "id": 208907,
      "geometry": {
        "type": "Point",
        "coordinates": [
          -96.962943499668,
          33.3979655996818
        ]
      },
      "properties": {
        "OBJECTID": 208907,
        "CROSSING": "795285J",
        "EFFDATE": 1756339200000,
        "REASON": "14",
        "StateCode": "48",
        "CountyCode": "48121",
        "STCYFIPS": "48121",
        "CITYCD": "481215350",
        "RAILROAD": "UP",
        "RRDIV": "TEXOMA",
        "RRSUBDIV": "Choctaw Sub",
        "HIGHWAY": "FM 1192",
        "STREET": "FM 1192/Walcott Street",
        "TTSTN": "663712",
        "MILEPOST": "0701.650",
        "TYPEXING": "Public",
        "POSXING": "At Grade",
        "PRVCAT": "14",
        "INIT": "1",
        "LATITUDE": 33.3979656,
        "LONGITUD": -96.9629435,
        "LLSOURCE": "1",
        "WHISTBAN": "0",
        "RRCONT": "4025443721",
        "POLCONT": "8008488715",
        "INV_LINK": "https://safetydata.fra.dot.gov/OfficeofSafety/PublicSite/Crossing/Crossing.aspx?phasetype=C&rpttype=I&txtcrossingnum=795285J",
        "ACC_LINK": "https://safetydata.fra.dot.gov/OfficeofSafety/PublicSite/Crossing/Crossing.aspx?phasetype=C&rpttype=A&txtcrossingnum=795285J",
        "TTSTNNAM": "",
        "XPURPOSE": "1",
        "OPERATINGR": "UP",
        "OPERATIN_1": "Primary",
        "DAYTHRU": 9,
        "NGHTTHRU": 8,
        "MAINTRK": 1,
        "SIDINGTRK": 0,
        "YARDTRK": 0,
        "TRANSITTRK": 0,
        "INDUSTRYTR": 0,
        "OTHRTRK": 0,
        "WDCODE": "All other Gates",
        "REVISIONDA": "1975/01/01 00:00:00",
        "LASTUPDATE": "8/28/2025",
        "AADT": "1662",
        "AADTYEAR": "2019",
        "STATENAME": "TEXAS",
        "STATEAB": "TX",
        "COUNTYNAME": "DENTON",
        "CITYNAME": "PILOT POINT",
        "LATDD": 33.3979656,
        "LONGDD": -96.9629435,
        "gridlyProductionCertified": true,
        "gridlyClassification": "PUBLIC_ROADWAY",
        "gridlyDisplayName": "FM 1192/Walcott Street",
        "gridlyId": "FRA-795285J"
      }
    },
    {
      "type": "Feature",
      "id": 208908,
      "geometry": {
        "type": "Point",
        "coordinates": [
          -96.9629283001734,
          33.3966886003085
        ]
      },
      "properties": {
        "OBJECTID": 208908,
        "CROSSING": "795286R",
        "EFFDATE": 1756339200000,
        "REASON": "14",
        "StateCode": "48",
        "CountyCode": "48121",
        "STCYFIPS": "48121",
        "CITYCD": "481215350",
        "RAILROAD": "UP",
        "RRDIV": "TEXOMA",
        "RRSUBDIV": "Choctaw Sub",
        "HIGHWAY": "ST 0000",
        "STREET": "Main Street",
        "TTSTN": "663712",
        "MILEPOST": "0701.740",
        "TYPEXING": "Public",
        "POSXING": "At Grade",
        "PRVCAT": "14",
        "INIT": "1",
        "LATITUDE": 33.3966886,
        "LONGITUD": -96.9629283,
        "LLSOURCE": "1",
        "WHISTBAN": "0",
        "RRCONT": "4025443721",
        "POLCONT": "8008488715",
        "INV_LINK": "https://safetydata.fra.dot.gov/OfficeofSafety/PublicSite/Crossing/Crossing.aspx?phasetype=C&rpttype=I&txtcrossingnum=795286R",
        "ACC_LINK": "https://safetydata.fra.dot.gov/OfficeofSafety/PublicSite/Crossing/Crossing.aspx?phasetype=C&rpttype=A&txtcrossingnum=795286R",
        "TTSTNNAM": "",
        "XPURPOSE": "1",
        "OPERATINGR": "UP",
        "OPERATIN_1": "Primary",
        "DAYTHRU": 9,
        "NGHTTHRU": 8,
        "MAINTRK": 1,
        "SIDINGTRK": 0,
        "YARDTRK": 0,
        "TRANSITTRK": 0,
        "INDUSTRYTR": 0,
        "OTHRTRK": 0,
        "WDCODE": "All other Gates",
        "REVISIONDA": "1975/01/01 00:00:00",
        "LASTUPDATE": "8/28/2025",
        "AADT": "68",
        "AADTYEAR": "2019",
        "STATENAME": "TEXAS",
        "STATEAB": "TX",
        "COUNTYNAME": "DENTON",
        "CITYNAME": "PILOT POINT",
        "LATDD": 33.3966886,
        "LONGDD": -96.9629283,
        "gridlyProductionCertified": true,
        "gridlyClassification": "PUBLIC_ROADWAY",
        "gridlyDisplayName": "Main Street",
        "gridlyId": "FRA-795286R"
      }
    },
    {
      "type": "Feature",
      "id": 208915,
      "geometry": {
        "type": "Point",
        "coordinates": [
          -96.9628993995741,
          33.3960031996549
        ]
      },
      "properties": {
        "OBJECTID": 208915,
        "CROSSING": "795287X",
        "EFFDATE": 1756339200000,
        "REASON": "14",
        "StateCode": "48",
        "CountyCode": "48121",
        "STCYFIPS": "48121",
        "CITYCD": "481215350",
        "RAILROAD": "UP",
        "RRDIV": "TEXOMA",
        "RRSUBDIV": "Choctaw Sub",
        "HIGHWAY": "ST 0000",
        "STREET": "LIBERTY STREET",
        "TTSTN": "663712",
        "MILEPOST": "0701.780",
        "TYPEXING": "Public",
        "POSXING": "At Grade",
        "PRVCAT": "14",
        "INIT": "1",
        "LATITUDE": 33.3960032,
        "LONGITUD": -96.9628994,
        "LLSOURCE": "1",
        "WHISTBAN": "0",
        "RRCONT": "4025443721",
        "POLCONT": "8008488715",
        "INV_LINK": "https://safetydata.fra.dot.gov/OfficeofSafety/PublicSite/Crossing/Crossing.aspx?phasetype=C&rpttype=I&txtcrossingnum=795287X",
        "ACC_LINK": "https://safetydata.fra.dot.gov/OfficeofSafety/PublicSite/Crossing/Crossing.aspx?phasetype=C&rpttype=A&txtcrossingnum=795287X",
        "TTSTNNAM": "",
        "XPURPOSE": "1",
        "OPERATINGR": "UP",
        "OPERATIN_1": "Primary",
        "DAYTHRU": 9,
        "NGHTTHRU": 8,
        "MAINTRK": 1,
        "SIDINGTRK": 0,
        "YARDTRK": 0,
        "TRANSITTRK": 0,
        "INDUSTRYTR": 0,
        "OTHRTRK": 0,
        "WDCODE": "All other Gates",
        "REVISIONDA": "1975/01/01 00:00:00",
        "LASTUPDATE": "8/28/2025",
        "AADT": "87",
        "AADTYEAR": "2019",
        "STATENAME": "TEXAS",
        "STATEAB": "TX",
        "COUNTYNAME": "DENTON",
        "CITYNAME": "PILOT POINT",
        "LATDD": 33.3960032,
        "LONGDD": -96.9628994,
        "gridlyProductionCertified": true,
        "gridlyClassification": "PUBLIC_ROADWAY",
        "gridlyDisplayName": "LIBERTY STREET",
        "gridlyId": "FRA-795287X"
      }
    },
    {
      "type": "Feature",
      "id": 208916,
      "geometry": {
        "type": "Point",
        "coordinates": [
          -96.9628663999621,
          33.3946709997727
        ]
      },
      "properties": {
        "OBJECTID": 208916,
        "CROSSING": "795288E",
        "EFFDATE": 1756339200000,
        "REASON": "14",
        "StateCode": "48",
        "CountyCode": "48121",
        "STCYFIPS": "48121",
        "CITYCD": "481215350",
        "RAILROAD": "UP",
        "RRDIV": "TEXOMA",
        "RRSUBDIV": "Choctaw Sub",
        "HIGHWAY": "ST 0000",
        "STREET": "Division Street",
        "TTSTN": "663712",
        "MILEPOST": "0701.870",
        "TYPEXING": "Public",
        "POSXING": "At Grade",
        "PRVCAT": "14",
        "INIT": "1",
        "LATITUDE": 33.394671,
        "LONGITUD": -96.9628664,
        "LLSOURCE": "1",
        "WHISTBAN": "0",
        "RRCONT": "4025443721",
        "POLCONT": "8008488715",
        "INV_LINK": "https://safetydata.fra.dot.gov/OfficeofSafety/PublicSite/Crossing/Crossing.aspx?phasetype=C&rpttype=I&txtcrossingnum=795288E",
        "ACC_LINK": "https://safetydata.fra.dot.gov/OfficeofSafety/PublicSite/Crossing/Crossing.aspx?phasetype=C&rpttype=A&txtcrossingnum=795288E",
        "TTSTNNAM": "",
        "XPURPOSE": "1",
        "OPERATINGR": "UP",
        "OPERATIN_1": "Primary",
        "DAYTHRU": 9,
        "NGHTTHRU": 8,
        "MAINTRK": 1,
        "SIDINGTRK": 0,
        "YARDTRK": 0,
        "TRANSITTRK": 0,
        "INDUSTRYTR": 0,
        "OTHRTRK": 0,
        "WDCODE": "All other Gates",
        "REVISIONDA": "1975/01/01 00:00:00",
        "LASTUPDATE": "8/28/2025",
        "AADT": "164",
        "AADTYEAR": "2019",
        "STATENAME": "TEXAS",
        "STATEAB": "TX",
        "COUNTYNAME": "DENTON",
        "CITYNAME": "PILOT POINT",
        "LATDD": 33.394671,
        "LONGDD": -96.9628664,
        "gridlyProductionCertified": true,
        "gridlyClassification": "PUBLIC_ROADWAY",
        "gridlyDisplayName": "Division Street",
        "gridlyId": "FRA-795288E"
      }
    },
    {
      "type": "Feature",
      "id": 208917,
      "geometry": {
        "type": "Point",
        "coordinates": [
          -96.9628363998249,
          33.3934106997905
        ]
      },
      "properties": {
        "OBJECTID": 208917,
        "CROSSING": "795289L",
        "EFFDATE": 1756339200000,
        "REASON": "14",
        "StateCode": "48",
        "CountyCode": "48121",
        "STCYFIPS": "48121",
        "CITYCD": "481215350",
        "RAILROAD": "UP",
        "RRDIV": "TEXOMA",
        "RRSUBDIV": "Choctaw Sub",
        "HIGHWAY": "ST 0000",
        "STREET": "West Grove Street",
        "TTSTN": "663712",
        "MILEPOST": "0701.960",
        "TYPEXING": "Public",
        "POSXING": "At Grade",
        "PRVCAT": "14",
        "INIT": "1",
        "LATITUDE": 33.3934107,
        "LONGITUD": -96.9628364,
        "LLSOURCE": "1",
        "WHISTBAN": "0",
        "RRCONT": "4025443721",
        "POLCONT": "8008488715",
        "INV_LINK": "https://safetydata.fra.dot.gov/OfficeofSafety/PublicSite/Crossing/Crossing.aspx?phasetype=C&rpttype=I&txtcrossingnum=795289L",
        "ACC_LINK": "https://safetydata.fra.dot.gov/OfficeofSafety/PublicSite/Crossing/Crossing.aspx?phasetype=C&rpttype=A&txtcrossingnum=795289L",
        "TTSTNNAM": "",
        "XPURPOSE": "1",
        "OPERATINGR": "UP",
        "OPERATIN_1": "Primary",
        "DAYTHRU": 9,
        "NGHTTHRU": 8,
        "MAINTRK": 1,
        "SIDINGTRK": 0,
        "YARDTRK": 0,
        "TRANSITTRK": 0,
        "INDUSTRYTR": 0,
        "OTHRTRK": 0,
        "WDCODE": "All other Gates",
        "REVISIONDA": "1975/01/01 00:00:00",
        "LASTUPDATE": "8/28/2025",
        "AADT": "178",
        "AADTYEAR": "2019",
        "STATENAME": "TEXAS",
        "STATEAB": "TX",
        "COUNTYNAME": "DENTON",
        "CITYNAME": "PILOT POINT",
        "LATDD": 33.3934107,
        "LONGDD": -96.9628364,
        "gridlyProductionCertified": true,
        "gridlyClassification": "PUBLIC_ROADWAY",
        "gridlyDisplayName": "West Grove Street",
        "gridlyId": "FRA-795289L"
      }
    },
    {
      "type": "Feature",
      "id": 208922,
      "geometry": {
        "type": "Point",
        "coordinates": [
          -96.9628063996877,
          33.3921626001789
        ]
      },
      "properties": {
        "OBJECTID": 208922,
        "CROSSING": "795290F",
        "EFFDATE": 1756339200000,
        "REASON": "14",
        "StateCode": "48",
        "CountyCode": "48121",
        "STCYFIPS": "48121",
        "CITYCD": "481215350",
        "RAILROAD": "UP",
        "RRDIV": "TEXOMA",
        "RRSUBDIV": "Choctaw Sub",
        "HIGHWAY": "ST 0000",
        "STREET": "West White Street",
        "TTSTN": "663712",
        "MILEPOST": "0702.050",
        "TYPEXING": "Public",
        "POSXING": "At Grade",
        "PRVCAT": "14",
        "INIT": "1",
        "LATITUDE": 33.3921626,
        "LONGITUD": -96.9628064,
        "LLSOURCE": "1",
        "WHISTBAN": "0",
        "RRCONT": "4025443721",
        "POLCONT": "8008488715",
        "INV_LINK": "https://safetydata.fra.dot.gov/OfficeofSafety/PublicSite/Crossing/Crossing.aspx?phasetype=C&rpttype=I&txtcrossingnum=795290F",
        "ACC_LINK": "https://safetydata.fra.dot.gov/OfficeofSafety/PublicSite/Crossing/Crossing.aspx?phasetype=C&rpttype=A&txtcrossingnum=795290F",
        "TTSTNNAM": "",
        "XPURPOSE": "1",
        "OPERATINGR": "UP",
        "OPERATIN_1": "Primary",
        "DAYTHRU": 9,
        "NGHTTHRU": 8,
        "MAINTRK": 1,
        "SIDINGTRK": 0,
        "YARDTRK": 0,
        "TRANSITTRK": 0,
        "INDUSTRYTR": 0,
        "OTHRTRK": 0,
        "WDCODE": "All other Gates",
        "REVISIONDA": "1975/01/01 00:00:00",
        "LASTUPDATE": "8/28/2025",
        "AADT": "268",
        "AADTYEAR": "2019",
        "STATENAME": "TEXAS",
        "STATEAB": "TX",
        "COUNTYNAME": "DENTON",
        "CITYNAME": "PILOT POINT",
        "LATDD": 33.3921626,
        "LONGDD": -96.9628064,
        "gridlyProductionCertified": true,
        "gridlyClassification": "PUBLIC_ROADWAY",
        "gridlyDisplayName": "West White Street",
        "gridlyId": "FRA-795290F"
      }
    },
    {
      "type": "Feature",
      "id": 208923,
      "geometry": {
        "type": "Point",
        "coordinates": [
          -96.962773799826,
          33.3909675003532
        ]
      },
      "properties": {
        "OBJECTID": 208923,
        "CROSSING": "795291M",
        "EFFDATE": 1756339200000,
        "REASON": "14",
        "StateCode": "48",
        "CountyCode": "48121",
        "STCYFIPS": "48121",
        "CITYCD": "481215350",
        "RAILROAD": "UP",
        "RRDIV": "TEXOMA",
        "RRSUBDIV": "Choctaw Sub",
        "HIGHWAY": "ST 0000",
        "STREET": "MCKINNEY STREET",
        "TTSTN": "663712",
        "MILEPOST": "0702.130",
        "TYPEXING": "Public",
        "POSXING": "At Grade",
        "PRVCAT": "14",
        "INIT": "1",
        "LATITUDE": 33.3909675,
        "LONGITUD": -96.9627738,
        "LLSOURCE": "1",
        "WHISTBAN": "0",
        "RRCONT": "4025443721",
        "POLCONT": "8008488715",
        "INV_LINK": "https://safetydata.fra.dot.gov/OfficeofSafety/PublicSite/Crossing/Crossing.aspx?phasetype=C&rpttype=I&txtcrossingnum=795291M",
        "ACC_LINK": "https://safetydata.fra.dot.gov/OfficeofSafety/PublicSite/Crossing/Crossing.aspx?phasetype=C&rpttype=A&txtcrossingnum=795291M",
        "TTSTNNAM": "",
        "XPURPOSE": "1",
        "OPERATINGR": "UP",
        "OPERATIN_1": "Primary",
        "DAYTHRU": 9,
        "NGHTTHRU": 8,
        "MAINTRK": 1,
        "SIDINGTRK": 0,
        "YARDTRK": 0,
        "TRANSITTRK": 0,
        "INDUSTRYTR": 0,
        "OTHRTRK": 0,
        "WDCODE": "All other Gates",
        "REVISIONDA": "1975/01/01 00:00:00",
        "LASTUPDATE": "8/28/2025",
        "AADT": "439",
        "AADTYEAR": "2019",
        "STATENAME": "TEXAS",
        "STATEAB": "TX",
        "COUNTYNAME": "DENTON",
        "CITYNAME": "PILOT POINT",
        "LATDD": 33.3909675,
        "LONGDD": -96.9627738,
        "gridlyProductionCertified": true,
        "gridlyClassification": "PUBLIC_ROADWAY",
        "gridlyDisplayName": "MCKINNEY STREET",
        "gridlyId": "FRA-795291M"
      }
    },
    {
      "type": "Feature",
      "id": 208924,
      "geometry": {
        "type": "Point",
        "coordinates": [
          -96.962448800136,
          33.3817110997881
        ]
      },
      "properties": {
        "OBJECTID": 208924,
        "CROSSING": "795292U",
        "EFFDATE": 1756339200000,
        "REASON": "14",
        "StateCode": "48",
        "CountyCode": "48121",
        "STCYFIPS": "48121",
        "CITYCD": "481215350",
        "RAILROAD": "UP",
        "RRDIV": "TEXOMA",
        "RRSUBDIV": "Choctaw Sub",
        "HIGHWAY": "NA",
        "STREET": "Private",
        "TTSTN": "663712",
        "MILEPOST": "0702.770",
        "TYPEXING": "Private",
        "POSXING": "At Grade",
        "PRVCAT": "14",
        "INIT": "1",
        "LATITUDE": 33.3817111,
        "LONGITUD": -96.9624488,
        "LLSOURCE": "1",
        "WHISTBAN": "0",
        "RRCONT": "4025443721",
        "POLCONT": "8008488715",
        "INV_LINK": "https://safetydata.fra.dot.gov/OfficeofSafety/PublicSite/Crossing/Crossing.aspx?phasetype=C&rpttype=I&txtcrossingnum=795292U",
        "ACC_LINK": "https://safetydata.fra.dot.gov/OfficeofSafety/PublicSite/Crossing/Crossing.aspx?phasetype=C&rpttype=A&txtcrossingnum=795292U",
        "TTSTNNAM": "",
        "XPURPOSE": "1",
        "OPERATINGR": "UP",
        "OPERATIN_1": "Primary",
        "DAYTHRU": 9,
        "NGHTTHRU": 8,
        "MAINTRK": 1,
        "SIDINGTRK": 0,
        "YARDTRK": 0,
        "TRANSITTRK": 0,
        "INDUSTRYTR": 0,
        "OTHRTRK": 0,
        "WDCODE": "",
        "REVISIONDA": "1975/01/01 00:00:00",
        "LASTUPDATE": "8/28/2025",
        "AADT": "1",
        "AADTYEAR": "1970",
        "STATENAME": "TEXAS",
        "STATEAB": "TX",
        "COUNTYNAME": "DENTON",
        "CITYNAME": "PILOT POINT",
        "LATDD": 33.3817111,
        "LONGDD": -96.9624488,
        "gridlyProductionCertified": true,
        "gridlyClassification": "PUBLIC_ROADWAY",
        "gridlyDisplayName": "Private",
        "gridlyId": "FRA-795292U"
      }
    },
    {
      "type": "Feature",
      "id": 208932,
      "geometry": {
        "type": "Point",
        "coordinates": [
          -96.9686104003653,
          33.3463088001267
        ]
      },
      "properties": {
        "OBJECTID": 208932,
        "CROSSING": "795295P",
        "EFFDATE": 1756339200000,
        "REASON": "14",
        "StateCode": "48",
        "CountyCode": "48121",
        "STCYFIPS": "48121",
        "CITYCD": "481210320",
        "RAILROAD": "UP",
        "RRDIV": "TEXOMA",
        "RRSUBDIV": "Choctaw Sub",
        "HIGHWAY": "CO 0115",
        "STREET": "ST JOHNS ROAD",
        "TTSTN": "663714",
        "MILEPOST": "0705.230",
        "TYPEXING": "Public",
        "POSXING": "At Grade",
        "PRVCAT": "14",
        "INIT": "1",
        "LATITUDE": 33.3463088,
        "LONGITUD": -96.9686104,
        "LLSOURCE": "1",
        "WHISTBAN": "0",
        "RRCONT": "4025443721",
        "POLCONT": "8008488715",
        "INV_LINK": "https://safetydata.fra.dot.gov/OfficeofSafety/PublicSite/Crossing/Crossing.aspx?phasetype=C&rpttype=I&txtcrossingnum=795295P",
        "ACC_LINK": "https://safetydata.fra.dot.gov/OfficeofSafety/PublicSite/Crossing/Crossing.aspx?phasetype=C&rpttype=A&txtcrossingnum=795295P",
        "TTSTNNAM": "",
        "XPURPOSE": "1",
        "OPERATINGR": "UP",
        "OPERATIN_1": "Primary",
        "DAYTHRU": 9,
        "NGHTTHRU": 8,
        "MAINTRK": 1,
        "SIDINGTRK": 0,
        "YARDTRK": 0,
        "TRANSITTRK": 0,
        "INDUSTRYTR": 0,
        "OTHRTRK": 0,
        "WDCODE": "All other Gates",
        "REVISIONDA": "1975/01/01 00:00:00",
        "LASTUPDATE": "8/28/2025",
        "AADT": "645",
        "AADTYEAR": "2019",
        "STATENAME": "TEXAS",
        "STATEAB": "TX",
        "COUNTYNAME": "DENTON",
        "CITYNAME": "AUBREY",
        "LATDD": 33.3463088,
        "LONGDD": -96.9686104,
        "gridlyProductionCertified": true,
        "gridlyClassification": "PUBLIC_ROADWAY",
        "gridlyDisplayName": "ST JOHNS ROAD",
        "gridlyId": "FRA-795295P"
      }
    },
    {
      "type": "Feature",
      "id": 208938,
      "geometry": {
        "type": "Point",
        "coordinates": [
          -96.9840735002029,
          33.3041832997953
        ]
      },
      "properties": {
        "OBJECTID": 208938,
        "CROSSING": "795298K",
        "EFFDATE": 1756339200000,
        "REASON": "14",
        "StateCode": "48",
        "CountyCode": "48121",
        "STCYFIPS": "48121",
        "CITYCD": "481210320",
        "RAILROAD": "UP",
        "RRDIV": "TEXOMA",
        "RRSUBDIV": "Choctaw Sub",
        "HIGHWAY": "ST 0000",
        "STREET": "ELM STREET",
        "TTSTN": "663714",
        "MILEPOST": "0708.310",
        "TYPEXING": "Public",
        "POSXING": "At Grade",
        "PRVCAT": "14",
        "INIT": "1",
        "LATITUDE": 33.3041833,
        "LONGITUD": -96.9840735,
        "LLSOURCE": "1",
        "WHISTBAN": "0",
        "RRCONT": "4025443721",
        "POLCONT": "8008488715",
        "INV_LINK": "https://safetydata.fra.dot.gov/OfficeofSafety/PublicSite/Crossing/Crossing.aspx?phasetype=C&rpttype=I&txtcrossingnum=795298K",
        "ACC_LINK": "https://safetydata.fra.dot.gov/OfficeofSafety/PublicSite/Crossing/Crossing.aspx?phasetype=C&rpttype=A&txtcrossingnum=795298K",
        "TTSTNNAM": "",
        "XPURPOSE": "1",
        "OPERATINGR": "UP",
        "OPERATIN_1": "Primary",
        "DAYTHRU": 9,
        "NGHTTHRU": 8,
        "MAINTRK": 1,
        "SIDINGTRK": 0,
        "YARDTRK": 0,
        "TRANSITTRK": 0,
        "INDUSTRYTR": 0,
        "OTHRTRK": 1,
        "WDCODE": "All other Gates",
        "REVISIONDA": "1975/01/01 00:00:00",
        "LASTUPDATE": "8/28/2025",
        "AADT": "765",
        "AADTYEAR": "2019",
        "STATENAME": "TEXAS",
        "STATEAB": "TX",
        "COUNTYNAME": "DENTON",
        "CITYNAME": "AUBREY",
        "LATDD": 33.3041833,
        "LONGDD": -96.9840735,
        "gridlyProductionCertified": true,
        "gridlyClassification": "PUBLIC_ROADWAY",
        "gridlyDisplayName": "ELM STREET",
        "gridlyId": "FRA-795298K"
      }
    },
    {
      "type": "Feature",
      "id": 208939,
      "geometry": {
        "type": "Point",
        "coordinates": [
          -96.9851887002376,
          33.3023364002974
        ]
      },
      "properties": {
        "OBJECTID": 208939,
        "CROSSING": "795299S",
        "EFFDATE": 1756339200000,
        "REASON": "14",
        "StateCode": "48",
        "CountyCode": "48121",
        "STCYFIPS": "48121",
        "CITYCD": "481210320",
        "RAILROAD": "UP",
        "RRDIV": "TEXOMA",
        "RRSUBDIV": "Choctaw Sub",
        "HIGHWAY": "ST 0000",
        "STREET": "Plum Street",
        "TTSTN": "663714",
        "MILEPOST": "0708.450",
        "TYPEXING": "Public",
        "POSXING": "At Grade",
        "PRVCAT": "14",
        "INIT": "1",
        "LATITUDE": 33.3023364,
        "LONGITUD": -96.9851887,
        "LLSOURCE": "1",
        "WHISTBAN": "0",
        "RRCONT": "4025443721",
        "POLCONT": "8008488715",
        "INV_LINK": "https://safetydata.fra.dot.gov/OfficeofSafety/PublicSite/Crossing/Crossing.aspx?phasetype=C&rpttype=I&txtcrossingnum=795299S",
        "ACC_LINK": "https://safetydata.fra.dot.gov/OfficeofSafety/PublicSite/Crossing/Crossing.aspx?phasetype=C&rpttype=A&txtcrossingnum=795299S",
        "TTSTNNAM": "",
        "XPURPOSE": "1",
        "OPERATINGR": "UP",
        "OPERATIN_1": "Primary",
        "DAYTHRU": 9,
        "NGHTTHRU": 8,
        "MAINTRK": 1,
        "SIDINGTRK": 0,
        "YARDTRK": 0,
        "TRANSITTRK": 0,
        "INDUSTRYTR": 0,
        "OTHRTRK": 1,
        "WDCODE": "All other Gates",
        "REVISIONDA": "1975/01/01 00:00:00",
        "LASTUPDATE": "8/28/2025",
        "AADT": "73",
        "AADTYEAR": "2019",
        "STATENAME": "TEXAS",
        "STATEAB": "TX",
        "COUNTYNAME": "DENTON",
        "CITYNAME": "AUBREY",
        "LATDD": 33.3023364,
        "LONGDD": -96.9851887,
        "gridlyProductionCertified": true,
        "gridlyClassification": "PUBLIC_ROADWAY",
        "gridlyDisplayName": "Plum Street",
        "gridlyId": "FRA-795299S"
      }
    },
    {
      "type": "Feature",
      "id": 208947,
      "geometry": {
        "type": "Point",
        "coordinates": [
          -97.1067181997313,
          33.2308731003705
        ]
      },
      "properties": {
        "OBJECTID": 208947,
        "CROSSING": "748454T",
        "EFFDATE": 1756339200000,
        "REASON": "14",
        "StateCode": "48",
        "CountyCode": "48121",
        "STCYFIPS": "48121",
        "CITYCD": "481211840",
        "RAILROAD": "UP",
        "RRDIV": "TEXOMA",
        "RRSUBDIV": "Choctaw Sub",
        "HIGHWAY": "TBD",
        "STREET": "Nottingham Drive",
        "TTSTN": "663730",
        "MILEPOST": "0717.380",
        "TYPEXING": "Public",
        "POSXING": "At Grade",
        "PRVCAT": "14",
        "INIT": "1",
        "LATITUDE": 33.2308731,
        "LONGITUD": -97.1067182,
        "LLSOURCE": "1",
        "WHISTBAN": "0",
        "RRCONT": "4025443721",
        "POLCONT": "8008488715",
        "INV_LINK": "https://safetydata.fra.dot.gov/OfficeofSafety/PublicSite/Crossing/Crossing.aspx?phasetype=C&rpttype=I&txtcrossingnum=748454T",
        "ACC_LINK": "https://safetydata.fra.dot.gov/OfficeofSafety/PublicSite/Crossing/Crossing.aspx?phasetype=C&rpttype=A&txtcrossingnum=748454T",
        "TTSTNNAM": "",
        "XPURPOSE": "1",
        "OPERATINGR": "UP",
        "OPERATIN_1": "Primary",
        "DAYTHRU": 9,
        "NGHTTHRU": 8,
        "MAINTRK": 1,
        "SIDINGTRK": 0,
        "YARDTRK": 0,
        "TRANSITTRK": 0,
        "INDUSTRYTR": 0,
        "OTHRTRK": 0,
        "WDCODE": "All other Gates",
        "REVISIONDA": "1975/01/01 00:00:00",
        "LASTUPDATE": "8/28/2025",
        "AADT": "186",
        "AADTYEAR": "2019",
        "STATENAME": "TEXAS",
        "STATEAB": "TX",
        "COUNTYNAME": "DENTON",
        "CITYNAME": "DENTON",
        "LATDD": 33.2308731,
        "LONGDD": -97.1067182,
        "gridlyProductionCertified": true,
        "gridlyClassification": "PUBLIC_ROADWAY",
        "gridlyDisplayName": "Nottingham Drive",
        "gridlyId": "FRA-748454T"
      }
    },
    {
      "type": "Feature",
      "id": 208948,
      "geometry": {
        "type": "Point",
        "coordinates": [
          -97.0039818000361,
          33.2796872000044
        ]
      },
      "properties": {
        "OBJECTID": 208948,
        "CROSSING": "795302X",
        "EFFDATE": 1756339200000,
        "REASON": "14",
        "StateCode": "48",
        "CountyCode": "48121",
        "STCYFIPS": "48121",
        "CITYCD": "481211840",
        "RAILROAD": "UP",
        "RRDIV": "TEXOMA",
        "RRSUBDIV": "Choctaw Sub",
        "HIGHWAY": "CO 0377",
        "STREET": "LOVELL ROAD",
        "TTSTN": "663714",
        "MILEPOST": "0710.360",
        "TYPEXING": "Public",
        "POSXING": "At Grade",
        "PRVCAT": "14",
        "INIT": "1",
        "LATITUDE": 33.2796872,
        "LONGITUD": -97.0039818,
        "LLSOURCE": "1",
        "WHISTBAN": "0",
        "RRCONT": "4025443721",
        "POLCONT": "8008488715",
        "INV_LINK": "https://safetydata.fra.dot.gov/OfficeofSafety/PublicSite/Crossing/Crossing.aspx?phasetype=C&rpttype=I&txtcrossingnum=795302X",
        "ACC_LINK": "https://safetydata.fra.dot.gov/OfficeofSafety/PublicSite/Crossing/Crossing.aspx?phasetype=C&rpttype=A&txtcrossingnum=795302X",
        "TTSTNNAM": "",
        "XPURPOSE": "1",
        "OPERATINGR": "UP",
        "OPERATIN_1": "Primary",
        "DAYTHRU": 9,
        "NGHTTHRU": 8,
        "MAINTRK": 1,
        "SIDINGTRK": 0,
        "YARDTRK": 0,
        "TRANSITTRK": 0,
        "INDUSTRYTR": 0,
        "OTHRTRK": 0,
        "WDCODE": "All other Gates",
        "REVISIONDA": "1975/01/01 00:00:00",
        "LASTUPDATE": "8/28/2025",
        "AADT": "459",
        "AADTYEAR": "2019",
        "STATENAME": "TEXAS",
        "STATEAB": "TX",
        "COUNTYNAME": "DENTON",
        "CITYNAME": "DENTON",
        "LATDD": 33.2796872,
        "LONGDD": -97.0039818,
        "gridlyProductionCertified": true,
        "gridlyClassification": "PUBLIC_ROADWAY",
        "gridlyDisplayName": "LOVELL ROAD",
        "gridlyId": "FRA-795302X"
      }
    },
    {
      "type": "Feature",
      "id": 208949,
      "geometry": {
        "type": "Point",
        "coordinates": [
          -97.0131006999949,
          33.2724842001741
        ]
      },
      "properties": {
        "OBJECTID": 208949,
        "CROSSING": "795303E",
        "EFFDATE": 1756339200000,
        "REASON": "14",
        "StateCode": "48",
        "CountyCode": "48121",
        "STCYFIPS": "48121",
        "CITYCD": "481211840",
        "RAILROAD": "UP",
        "RRDIV": "TEXOMA",
        "RRSUBDIV": "Choctaw Sub",
        "HIGHWAY": "NA",
        "STREET": "Private",
        "TTSTN": "663730",
        "MILEPOST": "0711.100",
        "TYPEXING": "Private",
        "POSXING": "At Grade",
        "PRVCAT": "14",
        "INIT": "1",
        "LATITUDE": 33.2724842,
        "LONGITUD": -97.0131007,
        "LLSOURCE": "1",
        "WHISTBAN": "0",
        "RRCONT": "4025443721",
        "POLCONT": "8008488715",
        "INV_LINK": "https://safetydata.fra.dot.gov/OfficeofSafety/PublicSite/Crossing/Crossing.aspx?phasetype=C&rpttype=I&txtcrossingnum=795303E",
        "ACC_LINK": "https://safetydata.fra.dot.gov/OfficeofSafety/PublicSite/Crossing/Crossing.aspx?phasetype=C&rpttype=A&txtcrossingnum=795303E",
        "TTSTNNAM": "",
        "XPURPOSE": "1",
        "OPERATINGR": "UP",
        "OPERATIN_1": "Primary",
        "DAYTHRU": 9,
        "NGHTTHRU": 8,
        "MAINTRK": 1,
        "SIDINGTRK": 0,
        "YARDTRK": 0,
        "TRANSITTRK": 0,
        "INDUSTRYTR": 0,
        "OTHRTRK": 0,
        "WDCODE": "",
        "REVISIONDA": "1975/01/01 00:00:00",
        "LASTUPDATE": "8/28/2025",
        "AADT": "1",
        "AADTYEAR": "1970",
        "STATENAME": "TEXAS",
        "STATEAB": "TX",
        "COUNTYNAME": "DENTON",
        "CITYNAME": "DENTON",
        "LATDD": 33.2724842,
        "LONGDD": -97.0131007,
        "gridlyProductionCertified": true,
        "gridlyClassification": "PUBLIC_ROADWAY",
        "gridlyDisplayName": "Private",
        "gridlyId": "FRA-795303E"
      }
    },
    {
      "type": "Feature",
      "id": 208954,
      "geometry": {
        "type": "Point",
        "coordinates": [
          -97.0210883003123,
          33.265677500053
        ]
      },
      "properties": {
        "OBJECTID": 208954,
        "CROSSING": "795304L",
        "EFFDATE": 1756339200000,
        "REASON": "14",
        "StateCode": "48",
        "CountyCode": "48121",
        "STCYFIPS": "48121",
        "CITYCD": "481211840",
        "RAILROAD": "UP",
        "RRDIV": "TEXOMA",
        "RRSUBDIV": "Choctaw Sub",
        "HIGHWAY": "CO 0154",
        "STREET": "ROCK HILL ROAD",
        "TTSTN": "663730",
        "MILEPOST": "0711.760",
        "TYPEXING": "Public",
        "POSXING": "At Grade",
        "PRVCAT": "14",
        "INIT": "1",
        "LATITUDE": 33.2656775,
        "LONGITUD": -97.0210883,
        "LLSOURCE": "1",
        "WHISTBAN": "0",
        "RRCONT": "4025443721",
        "POLCONT": "8008488715",
        "INV_LINK": "https://safetydata.fra.dot.gov/OfficeofSafety/PublicSite/Crossing/Crossing.aspx?phasetype=C&rpttype=I&txtcrossingnum=795304L",
        "ACC_LINK": "https://safetydata.fra.dot.gov/OfficeofSafety/PublicSite/Crossing/Crossing.aspx?phasetype=C&rpttype=A&txtcrossingnum=795304L",
        "TTSTNNAM": "",
        "XPURPOSE": "1",
        "OPERATINGR": "UP",
        "OPERATIN_1": "Primary",
        "DAYTHRU": 9,
        "NGHTTHRU": 8,
        "MAINTRK": 1,
        "SIDINGTRK": 0,
        "YARDTRK": 0,
        "TRANSITTRK": 0,
        "INDUSTRYTR": 0,
        "OTHRTRK": 0,
        "WDCODE": "All other Gates",
        "REVISIONDA": "1975/01/01 00:00:00",
        "LASTUPDATE": "8/28/2025",
        "AADT": "716",
        "AADTYEAR": "2019",
        "STATENAME": "TEXAS",
        "STATEAB": "TX",
        "COUNTYNAME": "DENTON",
        "CITYNAME": "DENTON",
        "LATDD": 33.2656775,
        "LONGDD": -97.0210883,
        "gridlyProductionCertified": true,
        "gridlyClassification": "PUBLIC_ROADWAY",
        "gridlyDisplayName": "ROCK HILL ROAD",
        "gridlyId": "FRA-795304L"
      }
    },
    {
      "type": "Feature",
      "id": 208955,
      "geometry": {
        "type": "Point",
        "coordinates": [
          -97.075678700041,
          33.2409751002802
        ]
      },
      "properties": {
        "OBJECTID": 208955,
        "CROSSING": "795306A",
        "EFFDATE": 1756339200000,
        "REASON": "14",
        "StateCode": "48",
        "CountyCode": "48121",
        "STCYFIPS": "48121",
        "CITYCD": "481211840",
        "RAILROAD": "UP",
        "RRDIV": "TEXOMA",
        "RRSUBDIV": "Choctaw Sub",
        "HIGHWAY": "CO 0965",
        "STREET": "Fishtrap Road",
        "TTSTN": "663730",
        "MILEPOST": "0715.440",
        "TYPEXING": "Public",
        "POSXING": "At Grade",
        "PRVCAT": "14",
        "INIT": "1",
        "LATITUDE": 33.2409751,
        "LONGITUD": -97.0756787,
        "LLSOURCE": "1",
        "WHISTBAN": "0",
        "RRCONT": "4025443721",
        "POLCONT": "8008488715",
        "INV_LINK": "https://safetydata.fra.dot.gov/OfficeofSafety/PublicSite/Crossing/Crossing.aspx?phasetype=C&rpttype=I&txtcrossingnum=795306A",
        "ACC_LINK": "https://safetydata.fra.dot.gov/OfficeofSafety/PublicSite/Crossing/Crossing.aspx?phasetype=C&rpttype=A&txtcrossingnum=795306A",
        "TTSTNNAM": "",
        "XPURPOSE": "1",
        "OPERATINGR": "UP",
        "OPERATIN_1": "Primary",
        "DAYTHRU": 9,
        "NGHTTHRU": 8,
        "MAINTRK": 1,
        "SIDINGTRK": 0,
        "YARDTRK": 0,
        "TRANSITTRK": 0,
        "INDUSTRYTR": 0,
        "OTHRTRK": 0,
        "WDCODE": "All other Gates",
        "REVISIONDA": "1975/01/01 00:00:00",
        "LASTUPDATE": "8/28/2025",
        "AADT": "473",
        "AADTYEAR": "2019",
        "STATENAME": "TEXAS",
        "STATEAB": "TX",
        "COUNTYNAME": "DENTON",
        "CITYNAME": "DENTON",
        "LATDD": 33.2409751,
        "LONGDD": -97.0756787,
        "gridlyProductionCertified": true,
        "gridlyClassification": "PUBLIC_ROADWAY",
        "gridlyDisplayName": "Fishtrap Road",
        "gridlyId": "FRA-795306A"
      }
    },
    {
      "type": "Feature",
      "id": 208956,
      "geometry": {
        "type": "Point",
        "coordinates": [
          -97.082620399958,
          33.2384137999805
        ]
      },
      "properties": {
        "OBJECTID": 208956,
        "CROSSING": "795307G",
        "EFFDATE": 1756339200000,
        "REASON": "14",
        "StateCode": "48",
        "CountyCode": "48121",
        "STCYFIPS": "48121",
        "CITYCD": "481211840",
        "RAILROAD": "UP",
        "RRDIV": "TEXOMA",
        "RRSUBDIV": "Choctaw Sub",
        "HIGHWAY": "ST 0000",
        "STREET": "Cooper Creek Road",
        "TTSTN": "663730",
        "MILEPOST": "0715.880",
        "TYPEXING": "Public",
        "POSXING": "At Grade",
        "PRVCAT": "14",
        "INIT": "1",
        "LATITUDE": 33.2384138,
        "LONGITUD": -97.0826204,
        "LLSOURCE": "1",
        "WHISTBAN": "0",
        "RRCONT": "4025443721",
        "POLCONT": "8008488715",
        "INV_LINK": "https://safetydata.fra.dot.gov/OfficeofSafety/PublicSite/Crossing/Crossing.aspx?phasetype=C&rpttype=I&txtcrossingnum=795307G",
        "ACC_LINK": "https://safetydata.fra.dot.gov/OfficeofSafety/PublicSite/Crossing/Crossing.aspx?phasetype=C&rpttype=A&txtcrossingnum=795307G",
        "TTSTNNAM": "",
        "XPURPOSE": "1",
        "OPERATINGR": "UP",
        "OPERATIN_1": "Primary",
        "DAYTHRU": 9,
        "NGHTTHRU": 8,
        "MAINTRK": 1,
        "SIDINGTRK": 0,
        "YARDTRK": 0,
        "TRANSITTRK": 0,
        "INDUSTRYTR": 0,
        "OTHRTRK": 0,
        "WDCODE": "All other Gates",
        "REVISIONDA": "1975/01/01 00:00:00",
        "LASTUPDATE": "8/28/2025",
        "AADT": "2786",
        "AADTYEAR": "2019",
        "STATENAME": "TEXAS",
        "STATEAB": "TX",
        "COUNTYNAME": "DENTON",
        "CITYNAME": "DENTON",
        "LATDD": 33.2384138,
        "LONGDD": -97.0826204,
        "gridlyProductionCertified": true,
        "gridlyClassification": "PUBLIC_ROADWAY",
        "gridlyDisplayName": "Cooper Creek Road",
        "gridlyId": "FRA-795307G"
      }
    },
    {
      "type": "Feature",
      "id": 208961,
      "geometry": {
        "type": "Point",
        "coordinates": [
          -97.0961969999697,
          33.2341760001511
        ]
      },
      "properties": {
        "OBJECTID": 208961,
        "CROSSING": "795308N",
        "EFFDATE": 1756339200000,
        "REASON": "14",
        "StateCode": "48",
        "CountyCode": "48121",
        "STCYFIPS": "48121",
        "CITYCD": "481211840",
        "RAILROAD": "UP",
        "RRDIV": "TEXOMA",
        "RRSUBDIV": "Choctaw Sub",
        "HIGHWAY": "US 0377",
        "STREET": "US 380/University Drive",
        "TTSTN": "663730",
        "MILEPOST": "0716.720",
        "TYPEXING": "Public",
        "POSXING": "RR Under",
        "PRVCAT": "14",
        "INIT": "1",
        "LATITUDE": 33.234176,
        "LONGITUD": -97.096197,
        "LLSOURCE": "1",
        "WHISTBAN": "0",
        "RRCONT": "4025443721",
        "POLCONT": "8008488715",
        "INV_LINK": "https://safetydata.fra.dot.gov/OfficeofSafety/PublicSite/Crossing/Crossing.aspx?phasetype=C&rpttype=I&txtcrossingnum=795308N",
        "ACC_LINK": "https://safetydata.fra.dot.gov/OfficeofSafety/PublicSite/Crossing/Crossing.aspx?phasetype=C&rpttype=A&txtcrossingnum=795308N",
        "TTSTNNAM": "",
        "XPURPOSE": "1",
        "OPERATINGR": "UP",
        "OPERATIN_1": "Primary",
        "DAYTHRU": 9,
        "NGHTTHRU": 8,
        "MAINTRK": 1,
        "SIDINGTRK": 0,
        "YARDTRK": 0,
        "TRANSITTRK": 0,
        "INDUSTRYTR": 0,
        "OTHRTRK": 0,
        "WDCODE": "",
        "REVISIONDA": "1975/01/01 00:00:00",
        "LASTUPDATE": "8/28/2025",
        "AADT": "23000",
        "AADTYEAR": "2011",
        "STATENAME": "TEXAS",
        "STATEAB": "TX",
        "COUNTYNAME": "DENTON",
        "CITYNAME": "DENTON",
        "LATDD": 33.234176,
        "LONGDD": -97.096197,
        "gridlyProductionCertified": true,
        "gridlyClassification": "PUBLIC_ROADWAY",
        "gridlyDisplayName": "US 380/University Drive",
        "gridlyId": "FRA-795308N"
      }
    },
    {
      "type": "Feature",
      "id": 208962,
      "geometry": {
        "type": "Point",
        "coordinates": [
          -97.098923899795,
          33.2333172001115
        ]
      },
      "properties": {
        "OBJECTID": 208962,
        "CROSSING": "795309V",
        "EFFDATE": 1756339200000,
        "REASON": "14",
        "StateCode": "48",
        "CountyCode": "48121",
        "STCYFIPS": "48121",
        "CITYCD": "481211840",
        "RAILROAD": "UP",
        "RRDIV": "TEXOMA",
        "RRSUBDIV": "Choctaw Sub",
        "HIGHWAY": "ST 0000",
        "STREET": "MOCKINGBIRD LANE",
        "TTSTN": "663730",
        "MILEPOST": "0716.890",
        "TYPEXING": "Public",
        "POSXING": "At Grade",
        "PRVCAT": "14",
        "INIT": "1",
        "LATITUDE": 33.2333172,
        "LONGITUD": -97.0989239,
        "LLSOURCE": "1",
        "WHISTBAN": "0",
        "RRCONT": "4025443721",
        "POLCONT": "8008488715",
        "INV_LINK": "https://safetydata.fra.dot.gov/OfficeofSafety/PublicSite/Crossing/Crossing.aspx?phasetype=C&rpttype=I&txtcrossingnum=795309V",
        "ACC_LINK": "https://safetydata.fra.dot.gov/OfficeofSafety/PublicSite/Crossing/Crossing.aspx?phasetype=C&rpttype=A&txtcrossingnum=795309V",
        "TTSTNNAM": "",
        "XPURPOSE": "1",
        "OPERATINGR": "UP",
        "OPERATIN_1": "Primary",
        "DAYTHRU": 9,
        "NGHTTHRU": 8,
        "MAINTRK": 1,
        "SIDINGTRK": 0,
        "YARDTRK": 0,
        "TRANSITTRK": 0,
        "INDUSTRYTR": 0,
        "OTHRTRK": 0,
        "WDCODE": "All other Gates",
        "REVISIONDA": "1975/01/01 00:00:00",
        "LASTUPDATE": "8/28/2025",
        "AADT": "2153",
        "AADTYEAR": "2019",
        "STATENAME": "TEXAS",
        "STATEAB": "TX",
        "COUNTYNAME": "DENTON",
        "CITYNAME": "DENTON",
        "LATDD": 33.2333172,
        "LONGDD": -97.0989239,
        "gridlyProductionCertified": true,
        "gridlyClassification": "PUBLIC_ROADWAY",
        "gridlyDisplayName": "MOCKINGBIRD LANE",
        "gridlyId": "FRA-795309V"
      }
    },
    {
      "type": "Feature",
      "id": 208963,
      "geometry": {
        "type": "Point",
        "coordinates": [
          -97.1017308996993,
          33.2324375996623
        ]
      },
      "properties": {
        "OBJECTID": 208963,
        "CROSSING": "795310P",
        "EFFDATE": 1756339200000,
        "REASON": "14",
        "StateCode": "48",
        "CountyCode": "48121",
        "STCYFIPS": "48121",
        "CITYCD": "481211840",
        "RAILROAD": "UP",
        "RRDIV": "TEXOMA",
        "RRSUBDIV": "Choctaw Sub",
        "HIGHWAY": "NA",
        "STREET": "PRIVATE",
        "TTSTN": "663730",
        "MILEPOST": "0717.060",
        "TYPEXING": "Private",
        "POSXING": "At Grade",
        "PRVCAT": "14",
        "INIT": "1",
        "LATITUDE": 33.2324376,
        "LONGITUD": -97.1017309,
        "LLSOURCE": "1",
        "WHISTBAN": "0",
        "RRCONT": "4025443721",
        "POLCONT": "8008488715",
        "INV_LINK": "https://safetydata.fra.dot.gov/OfficeofSafety/PublicSite/Crossing/Crossing.aspx?phasetype=C&rpttype=I&txtcrossingnum=795310P",
        "ACC_LINK": "https://safetydata.fra.dot.gov/OfficeofSafety/PublicSite/Crossing/Crossing.aspx?phasetype=C&rpttype=A&txtcrossingnum=795310P",
        "TTSTNNAM": "",
        "XPURPOSE": "1",
        "OPERATINGR": "UP",
        "OPERATIN_1": "Primary",
        "DAYTHRU": 9,
        "NGHTTHRU": 8,
        "MAINTRK": 1,
        "SIDINGTRK": 0,
        "YARDTRK": 0,
        "TRANSITTRK": 0,
        "INDUSTRYTR": 0,
        "OTHRTRK": 0,
        "WDCODE": "",
        "REVISIONDA": "1975/01/01 00:00:00",
        "LASTUPDATE": "8/28/2025",
        "AADT": "1",
        "AADTYEAR": "1970",
        "STATENAME": "TEXAS",
        "STATEAB": "TX",
        "COUNTYNAME": "DENTON",
        "CITYNAME": "DENTON",
        "LATDD": 33.2324376,
        "LONGDD": -97.1017309,
        "gridlyProductionCertified": true,
        "gridlyClassification": "PUBLIC_ROADWAY",
        "gridlyDisplayName": "PRIVATE",
        "gridlyId": "FRA-795310P"
      }
    },
    {
      "type": "Feature",
      "id": 208976,
      "geometry": {
        "type": "Point",
        "coordinates": [
          -97.1191883996047,
          33.2248043002104
        ]
      },
      "properties": {
        "OBJECTID": 208976,
        "CROSSING": "795312D",
        "EFFDATE": 1756339200000,
        "REASON": "14",
        "StateCode": "48",
        "CountyCode": "48121",
        "STCYFIPS": "48121",
        "CITYCD": "481211840",
        "RAILROAD": "UP",
        "RRDIV": "TEXOMA",
        "RRSUBDIV": "Choctaw Sub",
        "HIGHWAY": "ST 0000",
        "STREET": "WILLIS STREET",
        "TTSTN": "663730",
        "MILEPOST": "0718.220",
        "TYPEXING": "Public",
        "POSXING": "At Grade",
        "PRVCAT": "14",
        "INIT": "1",
        "LATITUDE": 33.2248043,
        "LONGITUD": -97.1191884,
        "LLSOURCE": "1",
        "WHISTBAN": "0",
        "RRCONT": "4025443721",
        "POLCONT": "8008488715",
        "INV_LINK": "https://safetydata.fra.dot.gov/OfficeofSafety/PublicSite/Crossing/Crossing.aspx?phasetype=C&rpttype=I&txtcrossingnum=795312D",
        "ACC_LINK": "https://safetydata.fra.dot.gov/OfficeofSafety/PublicSite/Crossing/Crossing.aspx?phasetype=C&rpttype=A&txtcrossingnum=795312D",
        "TTSTNNAM": "",
        "XPURPOSE": "1",
        "OPERATINGR": "UP",
        "OPERATIN_1": "Primary",
        "DAYTHRU": 9,
        "NGHTTHRU": 8,
        "MAINTRK": 1,
        "SIDINGTRK": 0,
        "YARDTRK": 1,
        "TRANSITTRK": 0,
        "INDUSTRYTR": 0,
        "OTHRTRK": 1,
        "WDCODE": "All other Gates",
        "REVISIONDA": "1975/01/01 00:00:00",
        "LASTUPDATE": "8/28/2025",
        "AADT": "001379",
        "AADTYEAR": "2019",
        "STATENAME": "TEXAS",
        "STATEAB": "TX",
        "COUNTYNAME": "DENTON",
        "CITYNAME": "DENTON",
        "LATDD": 33.2248043,
        "LONGDD": -97.1191884,
        "gridlyProductionCertified": true,
        "gridlyClassification": "PUBLIC_ROADWAY",
        "gridlyDisplayName": "WILLIS STREET",
        "gridlyId": "FRA-795312D"
      }
    },
    {
      "type": "Feature",
      "id": 208977,
      "geometry": {
        "type": "Point",
        "coordinates": [
          -97.1247323999914,
          33.2211246000372
        ]
      },
      "properties": {
        "OBJECTID": 208977,
        "CROSSING": "795314S",
        "EFFDATE": 1756339200000,
        "REASON": "14",
        "StateCode": "48",
        "CountyCode": "48121",
        "STCYFIPS": "48121",
        "CITYCD": "481211840",
        "RAILROAD": "UP",
        "RRDIV": "TEXOMA",
        "RRSUBDIV": "Choctaw Sub",
        "HIGHWAY": "ST 0000",
        "STREET": "FRAME STREET",
        "TTSTN": "663730",
        "MILEPOST": "0718.645",
        "TYPEXING": "Public",
        "POSXING": "At Grade",
        "PRVCAT": "14",
        "INIT": "1",
        "LATITUDE": 33.2211246,
        "LONGITUD": -97.1247324,
        "LLSOURCE": "1",
        "WHISTBAN": "0",
        "RRCONT": "4025443721",
        "POLCONT": "8008488715",
        "INV_LINK": "https://safetydata.fra.dot.gov/OfficeofSafety/PublicSite/Crossing/Crossing.aspx?phasetype=C&rpttype=I&txtcrossingnum=795314S",
        "ACC_LINK": "https://safetydata.fra.dot.gov/OfficeofSafety/PublicSite/Crossing/Crossing.aspx?phasetype=C&rpttype=A&txtcrossingnum=795314S",
        "TTSTNNAM": "",
        "XPURPOSE": "1",
        "OPERATINGR": "UP",
        "OPERATIN_1": "Primary",
        "DAYTHRU": 9,
        "NGHTTHRU": 8,
        "MAINTRK": 1,
        "SIDINGTRK": 0,
        "YARDTRK": 1,
        "TRANSITTRK": 0,
        "INDUSTRYTR": 0,
        "OTHRTRK": 1,
        "WDCODE": "All other Gates",
        "REVISIONDA": "1975/01/01 00:00:00",
        "LASTUPDATE": "8/28/2025",
        "AADT": "1490",
        "AADTYEAR": "2019",
        "STATENAME": "TEXAS",
        "STATEAB": "TX",
        "COUNTYNAME": "DENTON",
        "CITYNAME": "DENTON",
        "LATDD": 33.2211246,
        "LONGDD": -97.1247324,
        "gridlyProductionCertified": true,
        "gridlyClassification": "PUBLIC_ROADWAY",
        "gridlyDisplayName": "FRAME STREET",
        "gridlyId": "FRA-795314S"
      }
    },
    {
      "type": "Feature",
      "id": 208978,
      "geometry": {
        "type": "Point",
        "coordinates": [
          -97.1267189002747,
          33.214446699746
        ]
      },
      "properties": {
        "OBJECTID": 208978,
        "CROSSING": "795316F",
        "EFFDATE": 1756339200000,
        "REASON": "14",
        "StateCode": "48",
        "CountyCode": "48121",
        "STCYFIPS": "48121",
        "CITYCD": "481211840",
        "RAILROAD": "UP",
        "RRDIV": "Texoma",
        "RRSUBDIV": "Choctaw Sub",
        "HIGHWAY": "TBD",
        "STREET": "HICKORY STREET",
        "TTSTN": "663730",
        "MILEPOST": "0719.110",
        "TYPEXING": "Public",
        "POSXING": "At Grade",
        "PRVCAT": "14",
        "INIT": "1",
        "LATITUDE": 33.2144467,
        "LONGITUD": -97.1267189,
        "LLSOURCE": "1",
        "WHISTBAN": "0",
        "RRCONT": "4025443721",
        "POLCONT": "8008488715",
        "INV_LINK": "https://safetydata.fra.dot.gov/OfficeofSafety/PublicSite/Crossing/Crossing.aspx?phasetype=C&rpttype=I&txtcrossingnum=795316F",
        "ACC_LINK": "https://safetydata.fra.dot.gov/OfficeofSafety/PublicSite/Crossing/Crossing.aspx?phasetype=C&rpttype=A&txtcrossingnum=795316F",
        "TTSTNNAM": "",
        "XPURPOSE": "1",
        "OPERATINGR": "UP",
        "OPERATIN_1": "Primary",
        "DAYTHRU": 8,
        "NGHTTHRU": 8,
        "MAINTRK": 1,
        "SIDINGTRK": 0,
        "YARDTRK": 0,
        "TRANSITTRK": 0,
        "INDUSTRYTR": 0,
        "OTHRTRK": 2,
        "WDCODE": "All other Gates",
        "REVISIONDA": "1975/01/01 00:00:00",
        "LASTUPDATE": "8/28/2025",
        "AADT": "1976",
        "AADTYEAR": "2019",
        "STATENAME": "TEXAS",
        "STATEAB": "TX",
        "COUNTYNAME": "DENTON",
        "CITYNAME": "DENTON",
        "LATDD": 33.2144467,
        "LONGDD": -97.1267189,
        "gridlyProductionCertified": true,
        "gridlyClassification": "PUBLIC_ROADWAY",
        "gridlyDisplayName": "HICKORY STREET",
        "gridlyId": "FRA-795316F"
      }
    },
    {
      "type": "Feature",
      "id": 208990,
      "geometry": {
        "type": "Point",
        "coordinates": [
          -96.9637949004364,
          33.3730549001014
        ]
      },
      "properties": {
        "OBJECTID": 208990,
        "CROSSING": "795382T",
        "EFFDATE": 1756339200000,
        "REASON": "14",
        "StateCode": "48",
        "CountyCode": "48121",
        "STCYFIPS": "48121",
        "CITYCD": "481215350",
        "RAILROAD": "UP",
        "RRDIV": "TEXOMA",
        "RRSUBDIV": "Choctaw Sub",
        "HIGHWAY": "NA",
        "STREET": "Private",
        "TTSTN": "663712",
        "MILEPOST": "0703.370",
        "TYPEXING": "Private",
        "POSXING": "At Grade",
        "PRVCAT": "14",
        "INIT": "1",
        "LATITUDE": 33.3730549,
        "LONGITUD": -96.9637949,
        "LLSOURCE": "1",
        "WHISTBAN": "0",
        "RRCONT": "4025443721",
        "POLCONT": "8008488715",
        "INV_LINK": "https://safetydata.fra.dot.gov/OfficeofSafety/PublicSite/Crossing/Crossing.aspx?phasetype=C&rpttype=I&txtcrossingnum=795382T",
        "ACC_LINK": "https://safetydata.fra.dot.gov/OfficeofSafety/PublicSite/Crossing/Crossing.aspx?phasetype=C&rpttype=A&txtcrossingnum=795382T",
        "TTSTNNAM": "",
        "XPURPOSE": "1",
        "OPERATINGR": "UP",
        "OPERATIN_1": "Primary",
        "DAYTHRU": 9,
        "NGHTTHRU": 8,
        "MAINTRK": 1,
        "SIDINGTRK": 0,
        "YARDTRK": 0,
        "TRANSITTRK": 0,
        "INDUSTRYTR": 0,
        "OTHRTRK": 0,
        "WDCODE": "",
        "REVISIONDA": "1975/01/01 00:00:00",
        "LASTUPDATE": "8/28/2025",
        "AADT": "1",
        "AADTYEAR": "1976",
        "STATENAME": "TEXAS",
        "STATEAB": "TX",
        "COUNTYNAME": "DENTON",
        "CITYNAME": "PILOT POINT",
        "LATDD": 33.3730549,
        "LONGDD": -96.9637949,
        "gridlyProductionCertified": true,
        "gridlyClassification": "PUBLIC_ROADWAY",
        "gridlyDisplayName": "Private",
        "gridlyId": "FRA-795382T"
      }
    },
    {
      "type": "Feature",
      "id": 209003,
      "geometry": {
        "type": "Point",
        "coordinates": [
          -97.1277913997907,
          33.2124500997892
        ]
      },
      "properties": {
        "OBJECTID": 209003,
        "CROSSING": "795318U",
        "EFFDATE": 1756339200000,
        "REASON": "14",
        "StateCode": "48",
        "CountyCode": "48121",
        "STCYFIPS": "48121",
        "CITYCD": "481211840",
        "RAILROAD": "UP",
        "RRDIV": "TEXOMA",
        "RRSUBDIV": "CHOCTAW SUB",
        "HIGHWAY": "ST 0000",
        "STREET": "SYCAMORE STREET",
        "TTSTN": "663730",
        "MILEPOST": "0719.250",
        "TYPEXING": "Public",
        "POSXING": "At Grade",
        "PRVCAT": "14",
        "INIT": "1",
        "LATITUDE": 33.2124501,
        "LONGITUD": -97.1277914,
        "LLSOURCE": "1",
        "WHISTBAN": "0",
        "RRCONT": "4025443721",
        "POLCONT": "8008488715",
        "INV_LINK": "https://safetydata.fra.dot.gov/OfficeofSafety/PublicSite/Crossing/Crossing.aspx?phasetype=C&rpttype=I&txtcrossingnum=795318U",
        "ACC_LINK": "https://safetydata.fra.dot.gov/OfficeofSafety/PublicSite/Crossing/Crossing.aspx?phasetype=C&rpttype=A&txtcrossingnum=795318U",
        "TTSTNNAM": "",
        "XPURPOSE": "1",
        "OPERATINGR": "UP",
        "OPERATIN_1": "Primary",
        "DAYTHRU": 8,
        "NGHTTHRU": 8,
        "MAINTRK": 1,
        "SIDINGTRK": 0,
        "YARDTRK": 3,
        "TRANSITTRK": 0,
        "INDUSTRYTR": 0,
        "OTHRTRK": 3,
        "WDCODE": "All other Gates",
        "REVISIONDA": "1975/01/01 00:00:00",
        "LASTUPDATE": "8/28/2025",
        "AADT": "285",
        "AADTYEAR": "2019",
        "STATENAME": "TEXAS",
        "STATEAB": "TX",
        "COUNTYNAME": "DENTON",
        "CITYNAME": "DENTON",
        "LATDD": 33.2124501,
        "LONGDD": -97.1277914,
        "gridlyProductionCertified": true,
        "gridlyClassification": "PUBLIC_ROADWAY",
        "gridlyDisplayName": "SYCAMORE STREET",
        "gridlyId": "FRA-795318U"
      }
    },
    {
      "type": "Feature",
      "id": 209004,
      "geometry": {
        "type": "Point",
        "coordinates": [
          -97.1287810000774,
          33.2106549999982
        ]
      },
      "properties": {
        "OBJECTID": 209004,
        "CROSSING": "795319B",
        "EFFDATE": 1756339200000,
        "REASON": "14",
        "StateCode": "48",
        "CountyCode": "48121",
        "STCYFIPS": "48121",
        "CITYCD": "481211840",
        "RAILROAD": "UP",
        "RRDIV": "TEXOMA",
        "RRSUBDIV": "Choctaw Sub",
        "HIGHWAY": "ST 0000",
        "STREET": "EAST PRAIRIE STREET",
        "TTSTN": "663730",
        "MILEPOST": "0719.370",
        "TYPEXING": "Public",
        "POSXING": "At Grade",
        "PRVCAT": "14",
        "INIT": "1",
        "LATITUDE": 33.210655,
        "LONGITUD": -97.128781,
        "LLSOURCE": "1",
        "WHISTBAN": "0",
        "RRCONT": "4025443721",
        "POLCONT": "8008488715",
        "INV_LINK": "https://safetydata.fra.dot.gov/OfficeofSafety/PublicSite/Crossing/Crossing.aspx?phasetype=C&rpttype=I&txtcrossingnum=795319B",
        "ACC_LINK": "https://safetydata.fra.dot.gov/OfficeofSafety/PublicSite/Crossing/Crossing.aspx?phasetype=C&rpttype=A&txtcrossingnum=795319B",
        "TTSTNNAM": "",
        "XPURPOSE": "1",
        "OPERATINGR": "UP",
        "OPERATIN_1": "Primary",
        "DAYTHRU": 8,
        "NGHTTHRU": 8,
        "MAINTRK": 1,
        "SIDINGTRK": 0,
        "YARDTRK": 1,
        "TRANSITTRK": 0,
        "INDUSTRYTR": 0,
        "OTHRTRK": 2,
        "WDCODE": "All other Gates",
        "REVISIONDA": "1975/01/01 00:00:00",
        "LASTUPDATE": "8/28/2025",
        "AADT": "501",
        "AADTYEAR": "2019",
        "STATENAME": "TEXAS",
        "STATEAB": "TX",
        "COUNTYNAME": "DENTON",
        "CITYNAME": "DENTON",
        "LATDD": 33.210655,
        "LONGDD": -97.128781,
        "gridlyProductionCertified": true,
        "gridlyClassification": "PUBLIC_ROADWAY",
        "gridlyDisplayName": "EAST PRAIRIE STREET",
        "gridlyId": "FRA-795319B"
      }
    },
    {
      "type": "Feature",
      "id": 209374,
      "geometry": {
        "type": "Point",
        "coordinates": [
          -97.0336020002051,
          33.0667679996892
        ]
      },
      "properties": {
        "OBJECTID": 209374,
        "CROSSING": "969760V",
        "EFFDATE": 1772409600000,
        "REASON": "14",
        "StateCode": "48",
        "CountyCode": "48121",
        "STCYFIPS": "48121",
        "CITYCD": "481213960",
        "RAILROAD": "KCS",
        "RRDIV": "Speedway",
        "RRSUBDIV": "Alliance",
        "HIGHWAY": "NA",
        "STREET": "Martin Brower",
        "TTSTN": "",
        "MILEPOST": "0091.230",
        "TYPEXING": "Private",
        "POSXING": "At Grade",
        "PRVCAT": "14",
        "INIT": "1",
        "LATITUDE": 33.066768,
        "LONGITUD": -97.033602,
        "LLSOURCE": "1",
        "WHISTBAN": "",
        "RRCONT": "3186766269",
        "POLCONT": "8775279464",
        "INV_LINK": "https://safetydata.fra.dot.gov/OfficeofSafety/PublicSite/Crossing/Crossing.aspx?phasetype=C&rpttype=I&txtcrossingnum=969760V",
        "ACC_LINK": "https://safetydata.fra.dot.gov/OfficeofSafety/PublicSite/Crossing/Crossing.aspx?phasetype=C&rpttype=A&txtcrossingnum=969760V",
        "TTSTNNAM": "Lewisville",
        "XPURPOSE": "1",
        "OPERATINGR": "CPKC",
        "OPERATIN_1": "Primary",
        "DAYTHRU": 0,
        "NGHTTHRU": 0,
        "MAINTRK": 0,
        "SIDINGTRK": 0,
        "YARDTRK": 0,
        "TRANSITTRK": 0,
        "INDUSTRYTR": 1,
        "OTHRTRK": 0,
        "WDCODE": "",
        "REVISIONDA": "1975/01/01 00:00:00",
        "LASTUPDATE": "3/2/2026",
        "AADT": "",
        "AADTYEAR": "",
        "STATENAME": "TEXAS",
        "STATEAB": "TX",
        "COUNTYNAME": "DENTON",
        "CITYNAME": "LEWISVILLE",
        "LATDD": 33.066768,
        "LONGDD": -97.033602,
        "gridlyProductionCertified": true,
        "gridlyClassification": "PUBLIC_ROADWAY",
        "gridlyDisplayName": "Martin Brower",
        "gridlyId": "FRA-969760V"
      }
    },
    {
      "type": "Feature",
      "id": 209375,
      "geometry": {
        "type": "Point",
        "coordinates": [
          -97.0003124003911,
          33.2857682002238
        ]
      },
      "properties": {
        "OBJECTID": 209375,
        "CROSSING": "795301R",
        "EFFDATE": 1756339200000,
        "REASON": "14",
        "StateCode": "48",
        "CountyCode": "48121",
        "STCYFIPS": "48121",
        "CITYCD": "481210320",
        "RAILROAD": "UP",
        "RRDIV": "TEXOMA",
        "RRSUBDIV": "Choctaw Sub",
        "HIGHWAY": "CO 0378",
        "STREET": "New Hope Road",
        "TTSTN": "663714",
        "MILEPOST": "0709.910",
        "TYPEXING": "Public",
        "POSXING": "At Grade",
        "PRVCAT": "14",
        "INIT": "1",
        "LATITUDE": 33.2857682,
        "LONGITUD": -97.0003124,
        "LLSOURCE": "1",
        "WHISTBAN": "0",
        "RRCONT": "4025443721",
        "POLCONT": "8008488715",
        "INV_LINK": "https://safetydata.fra.dot.gov/OfficeofSafety/PublicSite/Crossing/Crossing.aspx?phasetype=C&rpttype=I&txtcrossingnum=795301R",
        "ACC_LINK": "https://safetydata.fra.dot.gov/OfficeofSafety/PublicSite/Crossing/Crossing.aspx?phasetype=C&rpttype=A&txtcrossingnum=795301R",
        "TTSTNNAM": "",
        "XPURPOSE": "1",
        "OPERATINGR": "UP",
        "OPERATIN_1": "Primary",
        "DAYTHRU": 9,
        "NGHTTHRU": 8,
        "MAINTRK": 1,
        "SIDINGTRK": 0,
        "YARDTRK": 0,
        "TRANSITTRK": 0,
        "INDUSTRYTR": 0,
        "OTHRTRK": 0,
        "WDCODE": "All other Gates",
        "REVISIONDA": "1975/01/01 00:00:00",
        "LASTUPDATE": "8/28/2025",
        "AADT": "208",
        "AADTYEAR": "2019",
        "STATENAME": "TEXAS",
        "STATEAB": "TX",
        "COUNTYNAME": "DENTON",
        "CITYNAME": "AUBREY",
        "LATDD": 33.2857682,
        "LONGDD": -97.0003124,
        "gridlyProductionCertified": true,
        "gridlyClassification": "PUBLIC_ROADWAY",
        "gridlyDisplayName": "New Hope Road",
        "gridlyId": "FRA-795301R"
      }
    },
    {
      "type": "Feature",
      "id": 209498,
      "geometry": {
        "type": "Point",
        "coordinates": [
          -97.0469358996815,
          33.1467164003433
        ]
      },
      "properties": {
        "OBJECTID": 209498,
        "CROSSING": "415887D",
        "EFFDATE": 1773100800000,
        "REASON": "22",
        "StateCode": "48",
        "CountyCode": "48121",
        "STCYFIPS": "48121",
        "CITYCD": "481211545",
        "RAILROAD": "DCTA",
        "RRDIV": "CENTRAL",
        "RRSUBDIV": "DENTON",
        "HIGHWAY": "ST 0000",
        "STREET": "QUAIL RUN DR",
        "TTSTN": "663730",
        "MILEPOST": "0728.36",
        "TYPEXING": "Public",
        "POSXING": "At Grade",
        "PRVCAT": "22",
        "INIT": "1",
        "LATITUDE": 33.1467164,
        "LONGITUD": -97.0469359,
        "LLSOURCE": "1",
        "WHISTBAN": "1",
        "RRCONT": "9728290901",
        "POLCONT": "9728290901",
        "INV_LINK": "https://safetydata.fra.dot.gov/OfficeofSafety/PublicSite/Crossing/Crossing.aspx?phasetype=C&rpttype=I&txtcrossingnum=415887D",
        "ACC_LINK": "https://safetydata.fra.dot.gov/OfficeofSafety/PublicSite/Crossing/Crossing.aspx?phasetype=C&rpttype=A&txtcrossingnum=415887D",
        "TTSTNNAM": "DENTON",
        "XPURPOSE": "1",
        "OPERATINGR": "DCTA",
        "OPERATIN_1": "Primary",
        "DAYTHRU": 50,
        "NGHTTHRU": 17,
        "MAINTRK": 1,
        "SIDINGTRK": 0,
        "YARDTRK": 0,
        "TRANSITTRK": 0,
        "INDUSTRYTR": 0,
        "OTHRTRK": 0,
        "WDCODE": "All other Gates",
        "REVISIONDA": "2009/01/01 00:00:00",
        "LASTUPDATE": "3/10/2026",
        "AADT": "333",
        "AADTYEAR": "2019",
        "STATENAME": "TEXAS",
        "STATEAB": "TX",
        "COUNTYNAME": "DENTON",
        "CITYNAME": "CORINTH",
        "LATDD": 33.1467164,
        "LONGDD": -97.0469359,
        "gridlyProductionCertified": true,
        "gridlyClassification": "PUBLIC_ROADWAY",
        "gridlyDisplayName": "QUAIL RUN DR",
        "gridlyId": "FRA-415887D"
      }
    },
    {
      "type": "Feature",
      "id": 210412,
      "geometry": {
        "type": "Point",
        "coordinates": [
          -97.0265439998998,
          33.1109890001989
        ]
      },
      "properties": {
        "OBJECTID": 210412,
        "CROSSING": "414014D",
        "EFFDATE": 1773100800000,
        "REASON": "22",
        "StateCode": "48",
        "CountyCode": "48121",
        "STCYFIPS": "48121",
        "CITYCD": "481213157",
        "RAILROAD": "DCTA",
        "RRDIV": "CENTRAL",
        "RRSUBDIV": "DENTON",
        "HIGHWAY": "ST 0000",
        "STREET": "HICKORY HILL Blvd",
        "TTSTN": "663775",
        "MILEPOST": "0731.20",
        "TYPEXING": "Public",
        "POSXING": "At Grade",
        "PRVCAT": "22",
        "INIT": "1",
        "LATITUDE": 33.110989,
        "LONGITUD": -97.026544,
        "LLSOURCE": "1",
        "WHISTBAN": "1",
        "RRCONT": "9728290901",
        "POLCONT": "9728290901",
        "INV_LINK": "https://safetydata.fra.dot.gov/OfficeofSafety/PublicSite/Crossing/Crossing.aspx?phasetype=C&rpttype=I&txtcrossingnum=414014D",
        "ACC_LINK": "https://safetydata.fra.dot.gov/OfficeofSafety/PublicSite/Crossing/Crossing.aspx?phasetype=C&rpttype=A&txtcrossingnum=414014D",
        "TTSTNNAM": "LAKE DALLAS",
        "XPURPOSE": "1",
        "OPERATINGR": "DCTA",
        "OPERATIN_1": "Primary",
        "DAYTHRU": 50,
        "NGHTTHRU": 17,
        "MAINTRK": 1,
        "SIDINGTRK": 0,
        "YARDTRK": 0,
        "TRANSITTRK": 0,
        "INDUSTRYTR": 0,
        "OTHRTRK": 0,
        "WDCODE": "All other Gates",
        "REVISIONDA": "2009/01/01 00:00:00",
        "LASTUPDATE": "3/10/2026",
        "AADT": "1147",
        "AADTYEAR": "2017",
        "STATENAME": "TEXAS",
        "STATEAB": "TX",
        "COUNTYNAME": "DENTON",
        "CITYNAME": "HICKORY CREEK",
        "LATDD": 33.110989,
        "LONGDD": -97.026544,
        "gridlyProductionCertified": true,
        "gridlyClassification": "PUBLIC_ROADWAY",
        "gridlyDisplayName": "HICKORY HILL Blvd",
        "gridlyId": "FRA-414014D"
      }
    },
    {
      "type": "Feature",
      "id": 210761,
      "geometry": {
        "type": "Point",
        "coordinates": [
          -97.167798600401,
          33.3229883001763
        ]
      },
      "properties": {
        "OBJECTID": 210761,
        "CROSSING": "020579D",
        "EFFDATE": 1777334400000,
        "REASON": "14",
        "StateCode": "48",
        "CountyCode": "48121",
        "STCYFIPS": "48121",
        "CITYCD": "481216150",
        "RAILROAD": "BNSF",
        "RRDIV": "RED RIVER",
        "RRSUBDIV": "FT WORTH",
        "HIGHWAY": "CR0000",
        "STREET": "RECTOR ROAD",
        "TTSTN": "663751",
        "MILEPOST": "0389.473",
        "TYPEXING": "Public",
        "POSXING": "At Grade",
        "PRVCAT": "14",
        "INIT": "2",
        "LATITUDE": 33.3229883,
        "LONGITUD": -97.1677986,
        "LLSOURCE": "1",
        "WHISTBAN": "0",
        "RRCONT": "8173521549",
        "POLCONT": "8008325452",
        "INV_LINK": "https://safetydata.fra.dot.gov/OfficeofSafety/PublicSite/Crossing/Crossing.aspx?phasetype=C&rpttype=I&txtcrossingnum=020579D",
        "ACC_LINK": "https://safetydata.fra.dot.gov/OfficeofSafety/PublicSite/Crossing/Crossing.aspx?phasetype=C&rpttype=A&txtcrossingnum=020579D",
        "TTSTNNAM": "METRO",
        "XPURPOSE": "1",
        "OPERATINGR": "BNSF",
        "OPERATIN_1": "Primary",
        "DAYTHRU": 10,
        "NGHTTHRU": 10,
        "MAINTRK": 1,
        "SIDINGTRK": 0,
        "YARDTRK": 0,
        "TRANSITTRK": 0,
        "INDUSTRYTR": 0,
        "OTHRTRK": 0,
        "WDCODE": "All other Gates",
        "REVISIONDA": "1996/01/01 00:00:00",
        "LASTUPDATE": "4/28/2026",
        "AADT": "108",
        "AADTYEAR": "2024",
        "STATENAME": "TEXAS",
        "STATEAB": "TX",
        "COUNTYNAME": "DENTON",
        "CITYNAME": "SANGER",
        "LATDD": 33.3229883,
        "LONGDD": -97.1677986,
        "gridlyProductionCertified": true,
        "gridlyClassification": "PUBLIC_ROADWAY",
        "gridlyDisplayName": "RECTOR ROAD",
        "gridlyId": "FRA-020579D"
      }
    },
    {
      "type": "Feature",
      "id": 210762,
      "geometry": {
        "type": "Point",
        "coordinates": [
          -97.1690861997152,
          33.3592997000677
        ]
      },
      "properties": {
        "OBJECTID": 210762,
        "CROSSING": "020580X",
        "EFFDATE": 1777334400000,
        "REASON": "14",
        "StateCode": "48",
        "CountyCode": "48121",
        "STCYFIPS": "48121",
        "CITYCD": "481216150",
        "RAILROAD": "BNSF",
        "RRDIV": "RED RIVER",
        "RRSUBDIV": "FT WORTH",
        "HIGHWAY": "LS0000",
        "STREET": "EAST WILLOW STREET",
        "TTSTN": "663743",
        "MILEPOST": "0392.017",
        "TYPEXING": "Public",
        "POSXING": "At Grade",
        "PRVCAT": "14",
        "INIT": "2",
        "LATITUDE": 33.3592997,
        "LONGITUD": -97.1690862,
        "LLSOURCE": "1",
        "WHISTBAN": "0",
        "RRCONT": "8173521549",
        "POLCONT": "8008325452",
        "INV_LINK": "https://safetydata.fra.dot.gov/OfficeofSafety/PublicSite/Crossing/Crossing.aspx?phasetype=C&rpttype=I&txtcrossingnum=020580X",
        "ACC_LINK": "https://safetydata.fra.dot.gov/OfficeofSafety/PublicSite/Crossing/Crossing.aspx?phasetype=C&rpttype=A&txtcrossingnum=020580X",
        "TTSTNNAM": "SANGER",
        "XPURPOSE": "1",
        "OPERATINGR": "BNSF",
        "OPERATIN_1": "Primary",
        "DAYTHRU": 10,
        "NGHTTHRU": 10,
        "MAINTRK": 1,
        "SIDINGTRK": 0,
        "YARDTRK": 0,
        "TRANSITTRK": 0,
        "INDUSTRYTR": 0,
        "OTHRTRK": 0,
        "WDCODE": "All other Gates",
        "REVISIONDA": "1996/01/01 00:00:00",
        "LASTUPDATE": "4/28/2026",
        "AADT": "3779",
        "AADTYEAR": "2024",
        "STATENAME": "TEXAS",
        "STATEAB": "TX",
        "COUNTYNAME": "DENTON",
        "CITYNAME": "SANGER",
        "LATDD": 33.3592997,
        "LONGDD": -97.1690862,
        "gridlyProductionCertified": true,
        "gridlyClassification": "PUBLIC_ROADWAY",
        "gridlyDisplayName": "EAST WILLOW STREET",
        "gridlyId": "FRA-020580X"
      }
    },
    {
      "type": "Feature",
      "id": 210764,
      "geometry": {
        "type": "Point",
        "coordinates": [
          -97.0272789996687,
          33.0654013001922
        ]
      },
      "properties": {
        "OBJECTID": 210764,
        "CROSSING": "021669F",
        "EFFDATE": 1777420800000,
        "REASON": "14",
        "StateCode": "48",
        "CountyCode": "48121",
        "STCYFIPS": "48121",
        "CITYCD": "481213960",
        "RAILROAD": "KCS",
        "RRDIV": "Speedway",
        "RRSUBDIV": "Alliance",
        "HIGHWAY": "LS0000",
        "STREET": "MCGEE LANE",
        "TTSTN": "663778",
        "MILEPOST": "0090.990",
        "TYPEXING": "Public",
        "POSXING": "At Grade",
        "PRVCAT": "14",
        "INIT": "2",
        "LATITUDE": 33.0654013,
        "LONGITUD": -97.027279,
        "LLSOURCE": "1",
        "WHISTBAN": "1",
        "RRCONT": "3186766269",
        "POLCONT": "8775279464",
        "INV_LINK": "https://safetydata.fra.dot.gov/OfficeofSafety/PublicSite/Crossing/Crossing.aspx?phasetype=C&rpttype=I&txtcrossingnum=021669F",
        "ACC_LINK": "https://safetydata.fra.dot.gov/OfficeofSafety/PublicSite/Crossing/Crossing.aspx?phasetype=C&rpttype=A&txtcrossingnum=021669F",
        "TTSTNNAM": "663778",
        "XPURPOSE": "1",
        "OPERATINGR": "CPKC",
        "OPERATIN_1": "Primary",
        "DAYTHRU": 1,
        "NGHTTHRU": 1,
        "MAINTRK": 1,
        "SIDINGTRK": 0,
        "YARDTRK": 0,
        "TRANSITTRK": 0,
        "INDUSTRYTR": 0,
        "OTHRTRK": 0,
        "WDCODE": "All other Gates",
        "REVISIONDA": "1975/01/01 00:00:00",
        "LASTUPDATE": "4/29/2026",
        "AADT": "003000",
        "AADTYEAR": "2025",
        "STATENAME": "TEXAS",
        "STATEAB": "TX",
        "COUNTYNAME": "DENTON",
        "CITYNAME": "LEWISVILLE",
        "LATDD": 33.0654013,
        "LONGDD": -97.027279,
        "gridlyProductionCertified": true,
        "gridlyClassification": "PUBLIC_ROADWAY",
        "gridlyDisplayName": "MCGEE LANE",
        "gridlyId": "FRA-021669F"
      }
    },
    {
      "type": "Feature",
      "id": 210765,
      "geometry": {
        "type": "Point",
        "coordinates": [
          -96.9926450000651,
          33.0589010998547
        ]
      },
      "properties": {
        "OBJECTID": 210765,
        "CROSSING": "021663P",
        "EFFDATE": 1777420800000,
        "REASON": "14",
        "StateCode": "48",
        "CountyCode": "48121",
        "STCYFIPS": "48121",
        "CITYCD": "481213960",
        "RAILROAD": "KCS",
        "RRDIV": "Speedway",
        "RRSUBDIV": "Alliance",
        "HIGHWAY": "LS0000",
        "STREET": "N KEALY AVENUE",
        "TTSTN": "663773",
        "MILEPOST": "0088.960",
        "TYPEXING": "Public",
        "POSXING": "At Grade",
        "PRVCAT": "14",
        "INIT": "1",
        "LATITUDE": 33.0589011,
        "LONGITUD": -96.992645,
        "LLSOURCE": "1",
        "WHISTBAN": "0",
        "RRCONT": "3186766269",
        "POLCONT": "8775279464",
        "INV_LINK": "https://safetydata.fra.dot.gov/OfficeofSafety/PublicSite/Crossing/Crossing.aspx?phasetype=C&rpttype=I&txtcrossingnum=021663P",
        "ACC_LINK": "https://safetydata.fra.dot.gov/OfficeofSafety/PublicSite/Crossing/Crossing.aspx?phasetype=C&rpttype=A&txtcrossingnum=021663P",
        "TTSTNNAM": "663773",
        "XPURPOSE": "1",
        "OPERATINGR": "CPKC",
        "OPERATIN_1": "Primary",
        "DAYTHRU": 1,
        "NGHTTHRU": 1,
        "MAINTRK": 1,
        "SIDINGTRK": 0,
        "YARDTRK": 0,
        "TRANSITTRK": 0,
        "INDUSTRYTR": 0,
        "OTHRTRK": 0,
        "WDCODE": "All other Gates",
        "REVISIONDA": "1975/01/01 00:00:00",
        "LASTUPDATE": "4/29/2026",
        "AADT": "2163",
        "AADTYEAR": "2019",
        "STATENAME": "TEXAS",
        "STATEAB": "TX",
        "COUNTYNAME": "DENTON",
        "CITYNAME": "LEWISVILLE",
        "LATDD": 33.0589011,
        "LONGDD": -96.992645,
        "gridlyProductionCertified": true,
        "gridlyClassification": "PUBLIC_ROADWAY",
        "gridlyDisplayName": "N KEALY AVENUE",
        "gridlyId": "FRA-021663P"
      }
    },
    {
      "type": "Feature",
      "id": 211080,
      "geometry": {
        "type": "Point",
        "coordinates": [
          -97.1887560004338,
          33.2510309998336
        ]
      },
      "properties": {
        "OBJECTID": 211080,
        "CROSSING": "021725K",
        "EFFDATE": 1772064000000,
        "REASON": "14",
        "StateCode": "48",
        "CountyCode": "48121",
        "STCYFIPS": "48121",
        "CITYCD": "481211840",
        "RAILROAD": "KCS",
        "RRDIV": "Speedway",
        "RRSUBDIV": "Alliance",
        "HIGHWAY": "NA",
        "STREET": "PRIVATE ROAD",
        "TTSTN": "663730",
        "MILEPOST": "0107.500",
        "TYPEXING": "Private",
        "POSXING": "At Grade",
        "PRVCAT": "14",
        "INIT": "1",
        "LATITUDE": 33.251031,
        "LONGITUD": -97.188756,
        "LLSOURCE": "1",
        "WHISTBAN": "0",
        "RRCONT": "3186766269",
        "POLCONT": "8775279464",
        "INV_LINK": "https://safetydata.fra.dot.gov/OfficeofSafety/PublicSite/Crossing/Crossing.aspx?phasetype=C&rpttype=I&txtcrossingnum=021725K",
        "ACC_LINK": "https://safetydata.fra.dot.gov/OfficeofSafety/PublicSite/Crossing/Crossing.aspx?phasetype=C&rpttype=A&txtcrossingnum=021725K",
        "TTSTNNAM": "663730",
        "XPURPOSE": "1",
        "OPERATINGR": "CPKC",
        "OPERATIN_1": "Primary",
        "DAYTHRU": 1,
        "NGHTTHRU": 1,
        "MAINTRK": 1,
        "SIDINGTRK": 0,
        "YARDTRK": 0,
        "TRANSITTRK": 0,
        "INDUSTRYTR": 0,
        "OTHRTRK": 0,
        "WDCODE": "",
        "REVISIONDA": "1975/01/01 00:00:00",
        "LASTUPDATE": "2/26/2026",
        "AADT": "1",
        "AADTYEAR": "1970",
        "STATENAME": "TEXAS",
        "STATEAB": "TX",
        "COUNTYNAME": "DENTON",
        "CITYNAME": "DENTON",
        "LATDD": 33.251031,
        "LONGDD": -97.188756,
        "gridlyProductionCertified": true,
        "gridlyClassification": "PUBLIC_ROADWAY",
        "gridlyDisplayName": "PRIVATE ROAD",
        "gridlyId": "FRA-021725K"
      }
    },
    {
      "type": "Feature",
      "id": 211135,
      "geometry": {
        "type": "Point",
        "coordinates": [
          -97.0356099998681,
          33.0678600997597
        ]
      },
      "properties": {
        "OBJECTID": 211135,
        "CROSSING": "021774G",
        "EFFDATE": 1772064000000,
        "REASON": "14",
        "StateCode": "48",
        "CountyCode": "48121",
        "STCYFIPS": "48121",
        "CITYCD": "481213960",
        "RAILROAD": "KCS",
        "RRDIV": "Speedway",
        "RRSUBDIV": "Alliance",
        "HIGHWAY": "ST0000",
        "STREET": "GARDEN RIDGE BLVD",
        "TTSTN": "663778",
        "MILEPOST": "0091.510",
        "TYPEXING": "Public",
        "POSXING": "At Grade",
        "PRVCAT": "14",
        "INIT": "1",
        "LATITUDE": 33.0678601,
        "LONGITUD": -97.03561,
        "LLSOURCE": "1",
        "WHISTBAN": "1",
        "RRCONT": "3186766269",
        "POLCONT": "8775279464",
        "INV_LINK": "https://safetydata.fra.dot.gov/OfficeofSafety/PublicSite/Crossing/Crossing.aspx?phasetype=C&rpttype=I&txtcrossingnum=021774G",
        "ACC_LINK": "https://safetydata.fra.dot.gov/OfficeofSafety/PublicSite/Crossing/Crossing.aspx?phasetype=C&rpttype=A&txtcrossingnum=021774G",
        "TTSTNNAM": "663778",
        "XPURPOSE": "1",
        "OPERATINGR": "CPKC",
        "OPERATIN_1": "Primary",
        "DAYTHRU": 1,
        "NGHTTHRU": 1,
        "MAINTRK": 1,
        "SIDINGTRK": 0,
        "YARDTRK": 0,
        "TRANSITTRK": 0,
        "INDUSTRYTR": 0,
        "OTHRTRK": 0,
        "WDCODE": "All other Gates",
        "REVISIONDA": "1975/01/01 00:00:00",
        "LASTUPDATE": "2/26/2026",
        "AADT": "013000",
        "AADTYEAR": "2025",
        "STATENAME": "TEXAS",
        "STATEAB": "TX",
        "COUNTYNAME": "DENTON",
        "CITYNAME": "LEWISVILLE",
        "LATDD": 33.0678601,
        "LONGDD": -97.03561,
        "gridlyProductionCertified": true,
        "gridlyClassification": "PUBLIC_ROADWAY",
        "gridlyDisplayName": "GARDEN RIDGE BLVD",
        "gridlyId": "FRA-021774G"
      }
    },
    {
      "type": "Feature",
      "id": 211399,
      "geometry": {
        "type": "Point",
        "coordinates": [
          -97.1499640003157,
          33.1702939997896
        ]
      },
      "properties": {
        "OBJECTID": 211399,
        "CROSSING": "021703K",
        "EFFDATE": 1772064000000,
        "REASON": "14",
        "StateCode": "48",
        "CountyCode": "48121",
        "STCYFIPS": "48121",
        "CITYCD": "481211840",
        "RAILROAD": "KCS",
        "RRDIV": "Speedway",
        "RRSUBDIV": "Alliance",
        "HIGHWAY": "US 0377",
        "STREET": "US 0377",
        "TTSTN": "663773",
        "MILEPOST": "0101.440",
        "TYPEXING": "Public",
        "POSXING": "RR Over",
        "PRVCAT": "14",
        "INIT": "1",
        "LATITUDE": 33.170294,
        "LONGITUD": -97.149964,
        "LLSOURCE": "1",
        "WHISTBAN": "0",
        "RRCONT": "3186766269",
        "POLCONT": "8775279464",
        "INV_LINK": "https://safetydata.fra.dot.gov/OfficeofSafety/PublicSite/Crossing/Crossing.aspx?phasetype=C&rpttype=I&txtcrossingnum=021703K",
        "ACC_LINK": "https://safetydata.fra.dot.gov/OfficeofSafety/PublicSite/Crossing/Crossing.aspx?phasetype=C&rpttype=A&txtcrossingnum=021703K",
        "TTSTNNAM": "663773",
        "XPURPOSE": "1",
        "OPERATINGR": "CPKC",
        "OPERATIN_1": "Primary",
        "DAYTHRU": 1,
        "NGHTTHRU": 1,
        "MAINTRK": 1,
        "SIDINGTRK": 0,
        "YARDTRK": 0,
        "TRANSITTRK": 0,
        "INDUSTRYTR": 0,
        "OTHRTRK": 0,
        "WDCODE": "",
        "REVISIONDA": "1975/01/01 00:00:00",
        "LASTUPDATE": "2/26/2026",
        "AADT": "9000",
        "AADTYEAR": "2011",
        "STATENAME": "TEXAS",
        "STATEAB": "TX",
        "COUNTYNAME": "DENTON",
        "CITYNAME": "DENTON",
        "LATDD": 33.170294,
        "LONGDD": -97.149964,
        "gridlyProductionCertified": true,
        "gridlyClassification": "PUBLIC_ROADWAY",
        "gridlyDisplayName": "US 0377",
        "gridlyId": "FRA-021703K"
      }
    },
    {
      "type": "Feature",
      "id": 211474,
      "geometry": {
        "type": "Point",
        "coordinates": [
          -97.1462920000479,
          33.1658459996531
        ]
      },
      "properties": {
        "OBJECTID": 211474,
        "CROSSING": "021701W",
        "EFFDATE": 1772064000000,
        "REASON": "14",
        "StateCode": "48",
        "CountyCode": "48121",
        "STCYFIPS": "48121",
        "CITYCD": "481211840",
        "RAILROAD": "KCS",
        "RRDIV": "Speedway",
        "RRSUBDIV": "Alliance",
        "HIGHWAY": "NA",
        "STREET": "PRIVATE ROAD",
        "TTSTN": "663773",
        "MILEPOST": "0101.090",
        "TYPEXING": "Private",
        "POSXING": "At Grade",
        "PRVCAT": "14",
        "INIT": "1",
        "LATITUDE": 33.165846,
        "LONGITUD": -97.146292,
        "LLSOURCE": "1",
        "WHISTBAN": "0",
        "RRCONT": "3186766269",
        "POLCONT": "8775279464",
        "INV_LINK": "https://safetydata.fra.dot.gov/OfficeofSafety/PublicSite/Crossing/Crossing.aspx?phasetype=C&rpttype=I&txtcrossingnum=021701W",
        "ACC_LINK": "https://safetydata.fra.dot.gov/OfficeofSafety/PublicSite/Crossing/Crossing.aspx?phasetype=C&rpttype=A&txtcrossingnum=021701W",
        "TTSTNNAM": "663773",
        "XPURPOSE": "1",
        "OPERATINGR": "CPKC",
        "OPERATIN_1": "Primary",
        "DAYTHRU": 1,
        "NGHTTHRU": 1,
        "MAINTRK": 1,
        "SIDINGTRK": 0,
        "YARDTRK": 0,
        "TRANSITTRK": 0,
        "INDUSTRYTR": 0,
        "OTHRTRK": 0,
        "WDCODE": "",
        "REVISIONDA": "1975/01/01 00:00:00",
        "LASTUPDATE": "2/26/2026",
        "AADT": "1",
        "AADTYEAR": "1970",
        "STATENAME": "TEXAS",
        "STATEAB": "TX",
        "COUNTYNAME": "DENTON",
        "CITYNAME": "DENTON",
        "LATDD": 33.165846,
        "LONGDD": -97.146292,
        "gridlyProductionCertified": true,
        "gridlyClassification": "PUBLIC_ROADWAY",
        "gridlyDisplayName": "PRIVATE ROAD",
        "gridlyId": "FRA-021701W"
      }
    },
    {
      "type": "Feature",
      "id": 211655,
      "geometry": {
        "type": "Point",
        "coordinates": [
          -97.0002803997058,
          33.0585179998851
        ]
      },
      "properties": {
        "OBJECTID": 211655,
        "CROSSING": "974530E",
        "EFFDATE": 1774224000000,
        "REASON": "22",
        "StateCode": "48",
        "CountyCode": "48121",
        "STCYFIPS": "48121",
        "CITYCD": "481213960",
        "RAILROAD": "DCTA",
        "RRDIV": "dcta",
        "RRSUBDIV": "denton",
        "HIGHWAY": "ls0000",
        "STREET": "valley ridge boulevard",
        "TTSTN": "",
        "MILEPOST": "0735.72",
        "TYPEXING": "Public",
        "POSXING": "At Grade",
        "PRVCAT": "22",
        "INIT": "1",
        "LATITUDE": 33.058518,
        "LONGITUD": -97.0002804,
        "LLSOURCE": "1",
        "WHISTBAN": "",
        "RRCONT": "9728290901",
        "POLCONT": "9728290901",
        "INV_LINK": "https://safetydata.fra.dot.gov/OfficeofSafety/PublicSite/Crossing/Crossing.aspx?phasetype=C&rpttype=I&txtcrossingnum=974530E",
        "ACC_LINK": "https://safetydata.fra.dot.gov/OfficeofSafety/PublicSite/Crossing/Crossing.aspx?phasetype=C&rpttype=A&txtcrossingnum=974530E",
        "TTSTNNAM": "old town",
        "XPURPOSE": "1",
        "OPERATINGR": "DCTA",
        "OPERATIN_1": "Primary",
        "DAYTHRU": 50,
        "NGHTTHRU": 10,
        "MAINTRK": 1,
        "SIDINGTRK": 0,
        "YARDTRK": 0,
        "TRANSITTRK": 0,
        "INDUSTRYTR": 0,
        "OTHRTRK": 0,
        "WDCODE": "All other Gates",
        "REVISIONDA": "2009/01/01 00:00:00",
        "LASTUPDATE": "3/23/2026",
        "AADT": "022071",
        "AADTYEAR": "2022",
        "STATENAME": "TEXAS",
        "STATEAB": "TX",
        "COUNTYNAME": "DENTON",
        "CITYNAME": "LEWISVILLE",
        "LATDD": 33.058518,
        "LONGDD": -97.0002804,
        "gridlyProductionCertified": true,
        "gridlyClassification": "PUBLIC_ROADWAY",
        "gridlyDisplayName": "valley ridge boulevard",
        "gridlyId": "FRA-974530E"
      }
    },
    {
      "type": "Feature",
      "id": 211975,
      "geometry": {
        "type": "Point",
        "coordinates": [
          -97.2447880003608,
          32.9971880001996
        ]
      },
      "properties": {
        "OBJECTID": 211975,
        "CROSSING": "975178S",
        "EFFDATE": 1759104000000,
        "REASON": "14",
        "StateCode": "48",
        "CountyCode": "48121",
        "STCYFIPS": "48121",
        "CITYCD": "481215820",
        "RAILROAD": "UP",
        "RRDIV": "TEXOMA",
        "RRSUBDIV": "CHOCTAW SUB",
        "HIGHWAY": "TBD",
        "STREET": "FREEDOM DRIVE",
        "TTSTN": "",
        "MILEPOST": "0736.306",
        "TYPEXING": "Public",
        "POSXING": "At Grade",
        "PRVCAT": "14",
        "INIT": "1",
        "LATITUDE": 32.997188,
        "LONGITUD": -97.244788,
        "LLSOURCE": "1",
        "WHISTBAN": "",
        "RRCONT": "4025443721",
        "POLCONT": "8008488715",
        "INV_LINK": "https://safetydata.fra.dot.gov/OfficeofSafety/PublicSite/Crossing/Crossing.aspx?phasetype=C&rpttype=I&txtcrossingnum=975178S",
        "ACC_LINK": "https://safetydata.fra.dot.gov/OfficeofSafety/PublicSite/Crossing/Crossing.aspx?phasetype=C&rpttype=A&txtcrossingnum=975178S",
        "TTSTNNAM": "",
        "XPURPOSE": "1",
        "OPERATINGR": "UP",
        "OPERATIN_1": "Primary",
        "DAYTHRU": 0,
        "NGHTTHRU": 0,
        "MAINTRK": 0,
        "SIDINGTRK": 0,
        "YARDTRK": 0,
        "TRANSITTRK": 0,
        "INDUSTRYTR": 1,
        "OTHRTRK": 0,
        "WDCODE": "Crossbucks",
        "REVISIONDA": "1975/01/01 00:00:00",
        "LASTUPDATE": "9/29/2025",
        "AADT": "186",
        "AADTYEAR": "2019",
        "STATENAME": "TEXAS",
        "STATEAB": "TX",
        "COUNTYNAME": "DENTON",
        "CITYNAME": "ROANOKE",
        "LATDD": 32.997188,
        "LONGDD": -97.244788,
        "gridlyProductionCertified": true,
        "gridlyClassification": "PUBLIC_ROADWAY",
        "gridlyDisplayName": "FREEDOM DRIVE",
        "gridlyId": "FRA-975178S"
      }
    },
    {
      "type": "Feature",
      "id": 212808,
      "geometry": {
        "type": "Point",
        "coordinates": [
          -97.229543999621,
          33.001688999694
        ]
      },
      "properties": {
        "OBJECTID": 212808,
        "CROSSING": "440964R",
        "EFFDATE": 1758499200000,
        "REASON": "14",
        "StateCode": "48",
        "CountyCode": "48121",
        "STCYFIPS": "48121",
        "CITYCD": "481215820",
        "RAILROAD": "UP",
        "RRDIV": "TEXOMA",
        "RRSUBDIV": "Choctaw Sub",
        "HIGHWAY": "NA",
        "STREET": "ALL PRIVATE IN Yard - ROANOKE",
        "TTSTN": "",
        "MILEPOST": "0735.200",
        "TYPEXING": "Private",
        "POSXING": "At Grade",
        "PRVCAT": "14",
        "INIT": "1",
        "LATITUDE": 33.001689,
        "LONGITUD": -97.229544,
        "LLSOURCE": "1",
        "WHISTBAN": "",
        "RRCONT": "4025443721",
        "POLCONT": "8008488715",
        "INV_LINK": "https://safetydata.fra.dot.gov/OfficeofSafety/PublicSite/Crossing/Crossing.aspx?phasetype=C&rpttype=I&txtcrossingnum=440964R",
        "ACC_LINK": "https://safetydata.fra.dot.gov/OfficeofSafety/PublicSite/Crossing/Crossing.aspx?phasetype=C&rpttype=A&txtcrossingnum=440964R",
        "TTSTNNAM": "",
        "XPURPOSE": "1",
        "OPERATINGR": "UP",
        "OPERATIN_1": "Primary",
        "DAYTHRU": 0,
        "NGHTTHRU": 0,
        "MAINTRK": 0,
        "SIDINGTRK": 0,
        "YARDTRK": 0,
        "TRANSITTRK": 0,
        "INDUSTRYTR": 1,
        "OTHRTRK": 0,
        "WDCODE": "",
        "REVISIONDA": "1975/01/01 00:00:00",
        "LASTUPDATE": "9/22/2025",
        "AADT": "",
        "AADTYEAR": "",
        "STATENAME": "TEXAS",
        "STATEAB": "TX",
        "COUNTYNAME": "DENTON",
        "CITYNAME": "ROANOKE",
        "LATDD": 33.001689,
        "LONGDD": -97.229544,
        "gridlyProductionCertified": true,
        "gridlyClassification": "PUBLIC_ROADWAY",
        "gridlyDisplayName": "ALL PRIVATE IN Yard - ROANOKE",
        "gridlyId": "FRA-440964R"
      }
    },
    {
      "type": "Feature",
      "id": 213142,
      "geometry": {
        "type": "Point",
        "coordinates": [
          -96.9626679998451,
          33.4007040001577
        ]
      },
      "properties": {
        "OBJECTID": 213142,
        "CROSSING": "975176D",
        "EFFDATE": 1758585600000,
        "REASON": "14",
        "StateCode": "48",
        "CountyCode": "48121",
        "STCYFIPS": "48121",
        "CITYCD": "481215350",
        "RAILROAD": "UP",
        "RRDIV": "TEXOMA",
        "RRSUBDIV": "CHOCTAW SUB",
        "HIGHWAY": "TBD",
        "STREET": "BROAD STREET",
        "TTSTN": "",
        "MILEPOST": "0701.460",
        "TYPEXING": "Public",
        "POSXING": "At Grade",
        "PRVCAT": "14",
        "INIT": "1",
        "LATITUDE": 33.400704,
        "LONGITUD": -96.962668,
        "LLSOURCE": "1",
        "WHISTBAN": "",
        "RRCONT": "4025443721",
        "POLCONT": "8008488715",
        "INV_LINK": "https://safetydata.fra.dot.gov/OfficeofSafety/PublicSite/Crossing/Crossing.aspx?phasetype=C&rpttype=I&txtcrossingnum=975176D",
        "ACC_LINK": "https://safetydata.fra.dot.gov/OfficeofSafety/PublicSite/Crossing/Crossing.aspx?phasetype=C&rpttype=A&txtcrossingnum=975176D",
        "TTSTNNAM": "",
        "XPURPOSE": "1",
        "OPERATINGR": "UP",
        "OPERATIN_1": "Primary",
        "DAYTHRU": 0,
        "NGHTTHRU": 0,
        "MAINTRK": 0,
        "SIDINGTRK": 0,
        "YARDTRK": 1,
        "TRANSITTRK": 0,
        "INDUSTRYTR": 0,
        "OTHRTRK": 0,
        "WDCODE": "Crossbucks",
        "REVISIONDA": "1975/01/01 00:00:00",
        "LASTUPDATE": "9/23/2025",
        "AADT": "656",
        "AADTYEAR": "2019",
        "STATENAME": "TEXAS",
        "STATEAB": "TX",
        "COUNTYNAME": "DENTON",
        "CITYNAME": "PILOT POINT",
        "LATDD": 33.400704,
        "LONGDD": -96.962668,
        "gridlyProductionCertified": true,
        "gridlyClassification": "PUBLIC_ROADWAY",
        "gridlyDisplayName": "BROAD STREET",
        "gridlyId": "FRA-975176D"
      }
    },
    {
      "type": "Feature",
      "id": 213147,
      "geometry": {
        "type": "Point",
        "coordinates": [
          -97.2357490001567,
          32.9989349999275
        ]
      },
      "properties": {
        "OBJECTID": 213147,
        "CROSSING": "975177K",
        "EFFDATE": 1758585600000,
        "REASON": "14",
        "StateCode": "48",
        "CountyCode": "48121",
        "STCYFIPS": "48121",
        "CITYCD": "481215820",
        "RAILROAD": "UP",
        "RRDIV": "TEXOMA",
        "RRSUBDIV": "CHOCTAW SUB",
        "HIGHWAY": "NA",
        "STREET": "PRIVATE",
        "TTSTN": "",
        "MILEPOST": "0735.856",
        "TYPEXING": "Private",
        "POSXING": "At Grade",
        "PRVCAT": "14",
        "INIT": "1",
        "LATITUDE": 32.998935,
        "LONGITUD": -97.235749,
        "LLSOURCE": "1",
        "WHISTBAN": "",
        "RRCONT": "4025443721",
        "POLCONT": "8008488715",
        "INV_LINK": "https://safetydata.fra.dot.gov/OfficeofSafety/PublicSite/Crossing/Crossing.aspx?phasetype=C&rpttype=I&txtcrossingnum=975177K",
        "ACC_LINK": "https://safetydata.fra.dot.gov/OfficeofSafety/PublicSite/Crossing/Crossing.aspx?phasetype=C&rpttype=A&txtcrossingnum=975177K",
        "TTSTNNAM": "",
        "XPURPOSE": "1",
        "OPERATINGR": "UP",
        "OPERATIN_1": "Primary",
        "DAYTHRU": 0,
        "NGHTTHRU": 0,
        "MAINTRK": 0,
        "SIDINGTRK": 0,
        "YARDTRK": 0,
        "TRANSITTRK": 0,
        "INDUSTRYTR": 2,
        "OTHRTRK": 0,
        "WDCODE": "",
        "REVISIONDA": "1975/01/01 00:00:00",
        "LASTUPDATE": "9/23/2025",
        "AADT": "",
        "AADTYEAR": "",
        "STATENAME": "TEXAS",
        "STATEAB": "TX",
        "COUNTYNAME": "DENTON",
        "CITYNAME": "ROANOKE",
        "LATDD": 32.998935,
        "LONGDD": -97.235749,
        "gridlyProductionCertified": true,
        "gridlyClassification": "PUBLIC_ROADWAY",
        "gridlyDisplayName": "PRIVATE",
        "gridlyId": "FRA-975177K"
      }
    },
    {
      "type": "Feature",
      "id": 213191,
      "geometry": {
        "type": "Point",
        "coordinates": [
          -97.1264410001534,
          33.2124349999695
        ]
      },
      "properties": {
        "OBJECTID": 213191,
        "CROSSING": "973995M",
        "EFFDATE": 1758585600000,
        "REASON": "24",
        "StateCode": "48",
        "CountyCode": "48121",
        "STCYFIPS": "48121",
        "CITYCD": "481211840",
        "RAILROAD": "UP",
        "RRDIV": "TEXOMA",
        "RRSUBDIV": "CHOCTAW SUB",
        "HIGHWAY": "TBD",
        "STREET": "EAST SYCAMORE STREET",
        "TTSTN": "",
        "MILEPOST": "0719.238",
        "TYPEXING": "Public",
        "POSXING": "At Grade",
        "PRVCAT": "24",
        "INIT": "1",
        "LATITUDE": 33.212435,
        "LONGITUD": -97.126441,
        "LLSOURCE": "1",
        "WHISTBAN": "",
        "RRCONT": "4025443721",
        "POLCONT": "8008488715",
        "INV_LINK": "https://safetydata.fra.dot.gov/OfficeofSafety/PublicSite/Crossing/Crossing.aspx?phasetype=C&rpttype=I&txtcrossingnum=973995M",
        "ACC_LINK": "https://safetydata.fra.dot.gov/OfficeofSafety/PublicSite/Crossing/Crossing.aspx?phasetype=C&rpttype=A&txtcrossingnum=973995M",
        "TTSTNNAM": "",
        "XPURPOSE": "1",
        "OPERATINGR": "UP",
        "OPERATIN_1": "Primary",
        "DAYTHRU": 0,
        "NGHTTHRU": 0,
        "MAINTRK": 0,
        "SIDINGTRK": 0,
        "YARDTRK": 3,
        "TRANSITTRK": 0,
        "INDUSTRYTR": 0,
        "OTHRTRK": 0,
        "WDCODE": "Crossbucks",
        "REVISIONDA": "1975/01/01 00:00:00",
        "LASTUPDATE": "9/23/2025",
        "AADT": "1000",
        "AADTYEAR": "2018",
        "STATENAME": "TEXAS",
        "STATEAB": "TX",
        "COUNTYNAME": "DENTON",
        "CITYNAME": "DENTON",
        "LATDD": 33.212435,
        "LONGDD": -97.126441,
        "gridlyProductionCertified": true,
        "gridlyClassification": "PUBLIC_ROADWAY",
        "gridlyDisplayName": "EAST SYCAMORE STREET",
        "gridlyId": "FRA-973995M"
      }
    },
    {
      "type": "Feature",
      "id": 213192,
      "geometry": {
        "type": "Point",
        "coordinates": [
          -97.1264000001455,
          33.2144350003022
        ]
      },
      "properties": {
        "OBJECTID": 213192,
        "CROSSING": "975274U",
        "EFFDATE": 1758585600000,
        "REASON": "24",
        "StateCode": "48",
        "CountyCode": "48121",
        "STCYFIPS": "48121",
        "CITYCD": "481211840",
        "RAILROAD": "UP",
        "RRDIV": "TEXOMA",
        "RRSUBDIV": "CHOCTAW SUB",
        "HIGHWAY": "TBD",
        "STREET": "HICKORY STREET",
        "TTSTN": "",
        "MILEPOST": "0719.107",
        "TYPEXING": "Public",
        "POSXING": "At Grade",
        "PRVCAT": "24",
        "INIT": "1",
        "LATITUDE": 33.214435,
        "LONGITUD": -97.1264,
        "LLSOURCE": "1",
        "WHISTBAN": "",
        "RRCONT": "4025443721",
        "POLCONT": "8008488715",
        "INV_LINK": "https://safetydata.fra.dot.gov/OfficeofSafety/PublicSite/Crossing/Crossing.aspx?phasetype=C&rpttype=I&txtcrossingnum=975274U",
        "ACC_LINK": "https://safetydata.fra.dot.gov/OfficeofSafety/PublicSite/Crossing/Crossing.aspx?phasetype=C&rpttype=A&txtcrossingnum=975274U",
        "TTSTNNAM": "",
        "XPURPOSE": "1",
        "OPERATINGR": "UP",
        "OPERATIN_1": "Primary",
        "DAYTHRU": 0,
        "NGHTTHRU": 0,
        "MAINTRK": 0,
        "SIDINGTRK": 0,
        "YARDTRK": 1,
        "TRANSITTRK": 0,
        "INDUSTRYTR": 0,
        "OTHRTRK": 0,
        "WDCODE": "Flashing lights",
        "REVISIONDA": "1975/01/01 00:00:00",
        "LASTUPDATE": "9/23/2025",
        "AADT": "1976",
        "AADTYEAR": "2019",
        "STATENAME": "TEXAS",
        "STATEAB": "TX",
        "COUNTYNAME": "DENTON",
        "CITYNAME": "DENTON",
        "LATDD": 33.214435,
        "LONGDD": -97.1264,
        "gridlyProductionCertified": true,
        "gridlyClassification": "PUBLIC_ROADWAY",
        "gridlyDisplayName": "HICKORY STREET",
        "gridlyId": "FRA-975274U"
      }
    },
    {
      "type": "Feature",
      "id": 213196,
      "geometry": {
        "type": "Point",
        "coordinates": [
          -97.1289579996294,
          33.2106418998413
        ]
      },
      "properties": {
        "OBJECTID": 213196,
        "CROSSING": "978277A",
        "EFFDATE": 1758585600000,
        "REASON": "14",
        "StateCode": "48",
        "CountyCode": "48121",
        "STCYFIPS": "48121",
        "CITYCD": "481211840",
        "RAILROAD": "UP",
        "RRDIV": "Texoma",
        "RRSUBDIV": "Choctaw",
        "HIGHWAY": "TBD",
        "STREET": "Prairie Street",
        "TTSTN": "",
        "MILEPOST": "0719.403",
        "TYPEXING": "Public",
        "POSXING": "At Grade",
        "PRVCAT": "14",
        "INIT": "1",
        "LATITUDE": 33.2106419,
        "LONGITUD": -97.128958,
        "LLSOURCE": "1",
        "WHISTBAN": "",
        "RRCONT": "4025443721",
        "POLCONT": "8008488715",
        "INV_LINK": "https://safetydata.fra.dot.gov/OfficeofSafety/PublicSite/Crossing/Crossing.aspx?phasetype=C&rpttype=I&txtcrossingnum=978277A",
        "ACC_LINK": "https://safetydata.fra.dot.gov/OfficeofSafety/PublicSite/Crossing/Crossing.aspx?phasetype=C&rpttype=A&txtcrossingnum=978277A",
        "TTSTNNAM": "",
        "XPURPOSE": "1",
        "OPERATINGR": "UP",
        "OPERATIN_1": "Primary",
        "DAYTHRU": 0,
        "NGHTTHRU": 0,
        "MAINTRK": 0,
        "SIDINGTRK": 0,
        "YARDTRK": 0,
        "TRANSITTRK": 0,
        "INDUSTRYTR": 1,
        "OTHRTRK": 0,
        "WDCODE": "Crossbucks",
        "REVISIONDA": "1975/01/01 00:00:00",
        "LASTUPDATE": "9/23/2025",
        "AADT": "501",
        "AADTYEAR": "2019",
        "STATENAME": "TEXAS",
        "STATEAB": "TX",
        "COUNTYNAME": "DENTON",
        "CITYNAME": "DENTON",
        "LATDD": 33.2106419,
        "LONGDD": -97.128958,
        "gridlyProductionCertified": true,
        "gridlyClassification": "PUBLIC_ROADWAY",
        "gridlyDisplayName": "Prairie Street",
        "gridlyId": "FRA-978277A"
      }
    },
    {
      "type": "Feature",
      "id": 213762,
      "geometry": {
        "type": "Point",
        "coordinates": [
          -97.1820250003667,
          33.2182660001689
        ]
      },
      "properties": {
        "OBJECTID": 213762,
        "CROSSING": "970379R",
        "EFFDATE": 1772064000000,
        "REASON": "24",
        "StateCode": "48",
        "CountyCode": "48121",
        "STCYFIPS": "48121",
        "CITYCD": "481211840",
        "RAILROAD": "KCS",
        "RRDIV": "Speedway",
        "RRSUBDIV": "Alliance",
        "HIGHWAY": "PVT",
        "STREET": "Private",
        "TTSTN": "",
        "MILEPOST": "0105.400",
        "TYPEXING": "Private",
        "POSXING": "At Grade",
        "PRVCAT": "24",
        "INIT": "1",
        "LATITUDE": 33.218266,
        "LONGITUD": -97.182025,
        "LLSOURCE": "1",
        "WHISTBAN": "",
        "RRCONT": "3186766269",
        "POLCONT": "8775279464",
        "INV_LINK": "https://safetydata.fra.dot.gov/OfficeofSafety/PublicSite/Crossing/Crossing.aspx?phasetype=C&rpttype=I&txtcrossingnum=970379R",
        "ACC_LINK": "https://safetydata.fra.dot.gov/OfficeofSafety/PublicSite/Crossing/Crossing.aspx?phasetype=C&rpttype=A&txtcrossingnum=970379R",
        "TTSTNNAM": "",
        "XPURPOSE": "1",
        "OPERATINGR": "CPKC",
        "OPERATIN_1": "Primary",
        "DAYTHRU": 0,
        "NGHTTHRU": 0,
        "MAINTRK": 0,
        "SIDINGTRK": 0,
        "YARDTRK": 0,
        "TRANSITTRK": 0,
        "INDUSTRYTR": 1,
        "OTHRTRK": 0,
        "WDCODE": "",
        "REVISIONDA": "1975/01/01 00:00:00",
        "LASTUPDATE": "2/26/2026",
        "AADT": "",
        "AADTYEAR": "",
        "STATENAME": "TEXAS",
        "STATEAB": "TX",
        "COUNTYNAME": "DENTON",
        "CITYNAME": "DENTON",
        "LATDD": 33.218266,
        "LONGDD": -97.182025,
        "gridlyProductionCertified": true,
        "gridlyClassification": "PUBLIC_ROADWAY",
        "gridlyDisplayName": "Private",
        "gridlyId": "FRA-970379R"
      }
    },
    {
      "type": "Feature",
      "id": 213822,
      "geometry": {
        "type": "Point",
        "coordinates": [
          -97.1928300003844,
          33.259943099979
        ]
      },
      "properties": {
        "OBJECTID": 213822,
        "CROSSING": "021726S",
        "EFFDATE": 1772409600000,
        "REASON": "14",
        "StateCode": "48",
        "CountyCode": "48121",
        "STCYFIPS": "48121",
        "CITYCD": "481211840",
        "RAILROAD": "KCS",
        "RRDIV": "Speedway",
        "RRSUBDIV": "Alliance",
        "HIGHWAY": "FM 1173",
        "STREET": "FM 1173",
        "TTSTN": "663751",
        "MILEPOST": "0108.160",
        "TYPEXING": "Public",
        "POSXING": "At Grade",
        "PRVCAT": "14",
        "INIT": "1",
        "LATITUDE": 33.2599431,
        "LONGITUD": -97.19283,
        "LLSOURCE": "1",
        "WHISTBAN": "0",
        "RRCONT": "3186766269",
        "POLCONT": "8775279464",
        "INV_LINK": "https://safetydata.fra.dot.gov/OfficeofSafety/PublicSite/Crossing/Crossing.aspx?phasetype=C&rpttype=I&txtcrossingnum=021726S",
        "ACC_LINK": "https://safetydata.fra.dot.gov/OfficeofSafety/PublicSite/Crossing/Crossing.aspx?phasetype=C&rpttype=A&txtcrossingnum=021726S",
        "TTSTNNAM": "663751",
        "XPURPOSE": "1",
        "OPERATINGR": "CPKC",
        "OPERATIN_1": "Primary",
        "DAYTHRU": 1,
        "NGHTTHRU": 1,
        "MAINTRK": 1,
        "SIDINGTRK": 0,
        "YARDTRK": 0,
        "TRANSITTRK": 0,
        "INDUSTRYTR": 0,
        "OTHRTRK": 0,
        "WDCODE": "All other Gates",
        "REVISIONDA": "1975/01/01 00:00:00",
        "LASTUPDATE": "3/2/2026",
        "AADT": "10665",
        "AADTYEAR": "2019",
        "STATENAME": "TEXAS",
        "STATEAB": "TX",
        "COUNTYNAME": "DENTON",
        "CITYNAME": "DENTON",
        "LATDD": 33.2599431,
        "LONGDD": -97.19283,
        "gridlyProductionCertified": true,
        "gridlyClassification": "PUBLIC_ROADWAY",
        "gridlyDisplayName": "FM 1173",
        "gridlyId": "FRA-021726S"
      }
    },
    {
      "type": "Feature",
      "id": 214149,
      "geometry": {
        "type": "Point",
        "coordinates": [
          -96.9394329995629,
          32.993967999636
        ]
      },
      "properties": {
        "OBJECTID": 214149,
        "CROSSING": "415856E",
        "EFFDATE": 1773187200000,
        "REASON": "22",
        "StateCode": "48",
        "CountyCode": "48121",
        "STCYFIPS": "48121",
        "CITYCD": "481211190",
        "RAILROAD": "DCTA",
        "RRDIV": "CENTRAL",
        "RRSUBDIV": "DENTON",
        "HIGHWAY": "ls0000",
        "STREET": "FRANKFORD RoaD",
        "TTSTN": "667232",
        "MILEPOST": "0741.37",
        "TYPEXING": "Public",
        "POSXING": "At Grade",
        "PRVCAT": "22",
        "INIT": "1",
        "LATITUDE": 32.993968,
        "LONGITUD": -96.939433,
        "LLSOURCE": "1",
        "WHISTBAN": "1",
        "RRCONT": "9728290901",
        "POLCONT": "9728290901",
        "INV_LINK": "https://safetydata.fra.dot.gov/OfficeofSafety/PublicSite/Crossing/Crossing.aspx?phasetype=C&rpttype=I&txtcrossingnum=415856E",
        "ACC_LINK": "https://safetydata.fra.dot.gov/OfficeofSafety/PublicSite/Crossing/Crossing.aspx?phasetype=C&rpttype=A&txtcrossingnum=415856E",
        "TTSTNNAM": "CARROLLTON",
        "XPURPOSE": "1",
        "OPERATINGR": "DCTA",
        "OPERATIN_1": "Primary",
        "DAYTHRU": 50,
        "NGHTTHRU": 17,
        "MAINTRK": 1,
        "SIDINGTRK": 0,
        "YARDTRK": 0,
        "TRANSITTRK": 0,
        "INDUSTRYTR": 0,
        "OTHRTRK": 0,
        "WDCODE": "All other Gates",
        "REVISIONDA": "2009/01/01 00:00:00",
        "LASTUPDATE": "3/11/2026",
        "AADT": "018133",
        "AADTYEAR": "2025",
        "STATENAME": "TEXAS",
        "STATEAB": "TX",
        "COUNTYNAME": "DENTON",
        "CITYNAME": "CARROLLTON",
        "LATDD": 32.993968,
        "LONGDD": -96.939433,
        "gridlyProductionCertified": true,
        "gridlyClassification": "PUBLIC_ROADWAY",
        "gridlyDisplayName": "FRANKFORD RoaD",
        "gridlyId": "FRA-415856E"
      }
    },
    {
      "type": "Feature",
      "id": 214150,
      "geometry": {
        "type": "Point",
        "coordinates": [
          -96.9614150997554,
          33.0137950000114
        ]
      },
      "properties": {
        "OBJECTID": 214150,
        "CROSSING": "414060E",
        "EFFDATE": 1773187200000,
        "REASON": "22",
        "StateCode": "48",
        "CountyCode": "48121",
        "STCYFIPS": "48121",
        "CITYCD": "481213960",
        "RAILROAD": "DCTA",
        "RRDIV": "CENTRAL",
        "RRSUBDIV": "DENTON",
        "HIGHWAY": "ls0000",
        "STREET": "HEBRON ParkWaY",
        "TTSTN": "",
        "MILEPOST": "0739.48",
        "TYPEXING": "Public",
        "POSXING": "At Grade",
        "PRVCAT": "22",
        "INIT": "1",
        "LATITUDE": 33.013795,
        "LONGITUD": -96.9614151,
        "LLSOURCE": "1",
        "WHISTBAN": "1",
        "RRCONT": "9728290901",
        "POLCONT": "9728290901",
        "INV_LINK": "https://safetydata.fra.dot.gov/OfficeofSafety/PublicSite/Crossing/Crossing.aspx?phasetype=C&rpttype=I&txtcrossingnum=414060E",
        "ACC_LINK": "https://safetydata.fra.dot.gov/OfficeofSafety/PublicSite/Crossing/Crossing.aspx?phasetype=C&rpttype=A&txtcrossingnum=414060E",
        "TTSTNNAM": "",
        "XPURPOSE": "1",
        "OPERATINGR": "DCTA",
        "OPERATIN_1": "Primary",
        "DAYTHRU": 50,
        "NGHTTHRU": 17,
        "MAINTRK": 2,
        "SIDINGTRK": 0,
        "YARDTRK": 0,
        "TRANSITTRK": 0,
        "INDUSTRYTR": 0,
        "OTHRTRK": 0,
        "WDCODE": "All other Gates",
        "REVISIONDA": "2009/01/01 00:00:00",
        "LASTUPDATE": "3/11/2026",
        "AADT": "038285",
        "AADTYEAR": "2025",
        "STATENAME": "TEXAS",
        "STATEAB": "TX",
        "COUNTYNAME": "DENTON",
        "CITYNAME": "LEWISVILLE",
        "LATDD": 33.013795,
        "LONGDD": -96.9614151,
        "gridlyProductionCertified": true,
        "gridlyClassification": "PUBLIC_ROADWAY",
        "gridlyDisplayName": "HEBRON ParkWaY",
        "gridlyId": "FRA-414060E"
      }
    },
    {
      "type": "Feature",
      "id": 214151,
      "geometry": {
        "type": "Point",
        "coordinates": [
          -96.9731099996397,
          33.0273399996908
        ]
      },
      "properties": {
        "OBJECTID": 214151,
        "CROSSING": "414651H",
        "EFFDATE": 1773187200000,
        "REASON": "22",
        "StateCode": "48",
        "CountyCode": "48121",
        "STCYFIPS": "48121",
        "CITYCD": "481213960",
        "RAILROAD": "DCTA",
        "RRDIV": "CENTRAL",
        "RRSUBDIV": "DENTON",
        "HIGHWAY": "lS0000",
        "STREET": "BENNETT LaNe",
        "TTSTN": "",
        "MILEPOST": "0738.30",
        "TYPEXING": "Public",
        "POSXING": "At Grade",
        "PRVCAT": "22",
        "INIT": "1",
        "LATITUDE": 33.02734,
        "LONGITUD": -96.97311,
        "LLSOURCE": "1",
        "WHISTBAN": "0",
        "RRCONT": "9728290901",
        "POLCONT": "9728290901",
        "INV_LINK": "https://safetydata.fra.dot.gov/OfficeofSafety/PublicSite/Crossing/Crossing.aspx?phasetype=C&rpttype=I&txtcrossingnum=414651H",
        "ACC_LINK": "https://safetydata.fra.dot.gov/OfficeofSafety/PublicSite/Crossing/Crossing.aspx?phasetype=C&rpttype=A&txtcrossingnum=414651H",
        "TTSTNNAM": "LEWISVILLE",
        "XPURPOSE": "1",
        "OPERATINGR": "DCTA",
        "OPERATIN_1": "Primary",
        "DAYTHRU": 50,
        "NGHTTHRU": 17,
        "MAINTRK": 2,
        "SIDINGTRK": 0,
        "YARDTRK": 0,
        "TRANSITTRK": 0,
        "INDUSTRYTR": 0,
        "OTHRTRK": 0,
        "WDCODE": "All other Gates",
        "REVISIONDA": "2009/01/01 00:00:00",
        "LASTUPDATE": "3/11/2026",
        "AADT": "002850",
        "AADTYEAR": "2025",
        "STATENAME": "TEXAS",
        "STATEAB": "TX",
        "COUNTYNAME": "DENTON",
        "CITYNAME": "LEWISVILLE",
        "LATDD": 33.02734,
        "LONGDD": -96.97311,
        "gridlyProductionCertified": true,
        "gridlyClassification": "PUBLIC_ROADWAY",
        "gridlyDisplayName": "BENNETT LaNe",
        "gridlyId": "FRA-414651H"
      }
    },
    {
      "type": "Feature",
      "id": 214244,
      "geometry": {
        "type": "Point",
        "coordinates": [
          -97.0396649995522,
          33.1343710002367
        ]
      },
      "properties": {
        "OBJECTID": 214244,
        "CROSSING": "414697W",
        "EFFDATE": 1773100800000,
        "REASON": "22",
        "StateCode": "48",
        "CountyCode": "48121",
        "STCYFIPS": "48121",
        "CITYCD": "481211545",
        "RAILROAD": "DCTA",
        "RRDIV": "CENTRAL",
        "RRSUBDIV": "DENTON",
        "HIGHWAY": "ST 0000",
        "STREET": "BURL ST",
        "TTSTN": "663775",
        "MILEPOST": "0729.49",
        "TYPEXING": "Public",
        "POSXING": "At Grade",
        "PRVCAT": "22",
        "INIT": "1",
        "LATITUDE": 33.134371,
        "LONGITUD": -97.039665,
        "LLSOURCE": "1",
        "WHISTBAN": "1",
        "RRCONT": "9728290901",
        "POLCONT": "9728290901",
        "INV_LINK": "https://safetydata.fra.dot.gov/OfficeofSafety/PublicSite/Crossing/Crossing.aspx?phasetype=C&rpttype=I&txtcrossingnum=414697W",
        "ACC_LINK": "https://safetydata.fra.dot.gov/OfficeofSafety/PublicSite/Crossing/Crossing.aspx?phasetype=C&rpttype=A&txtcrossingnum=414697W",
        "TTSTNNAM": "LAKE DALLAS",
        "XPURPOSE": "1",
        "OPERATINGR": "DCTA",
        "OPERATIN_1": "Primary",
        "DAYTHRU": 50,
        "NGHTTHRU": 17,
        "MAINTRK": 1,
        "SIDINGTRK": 0,
        "YARDTRK": 0,
        "TRANSITTRK": 0,
        "INDUSTRYTR": 0,
        "OTHRTRK": 0,
        "WDCODE": "All other Gates",
        "REVISIONDA": "2009/01/01 00:00:00",
        "LASTUPDATE": "3/10/2026",
        "AADT": "686",
        "AADTYEAR": "2017",
        "STATENAME": "TEXAS",
        "STATEAB": "TX",
        "COUNTYNAME": "DENTON",
        "CITYNAME": "CORINTH",
        "LATDD": 33.134371,
        "LONGDD": -97.039665,
        "gridlyProductionCertified": true,
        "gridlyClassification": "PUBLIC_ROADWAY",
        "gridlyDisplayName": "BURL ST",
        "gridlyId": "FRA-414697W"
      }
    },
    {
      "type": "Feature",
      "id": 214245,
      "geometry": {
        "type": "Point",
        "coordinates": [
          -97.0615029003787,
          33.1549110001261
        ]
      },
      "properties": {
        "OBJECTID": 214245,
        "CROSSING": "414691F",
        "EFFDATE": 1773100800000,
        "REASON": "22",
        "StateCode": "48",
        "CountyCode": "48121",
        "STCYFIPS": "48121",
        "CITYCD": "481211545",
        "RAILROAD": "DCTA",
        "RRDIV": "CENTRAL",
        "RRSUBDIV": "DENTON",
        "HIGHWAY": "ST 0000",
        "STREET": "CORINTH ROAD",
        "TTSTN": "663775",
        "MILEPOST": "0727.33",
        "TYPEXING": "Public",
        "POSXING": "At Grade",
        "PRVCAT": "22",
        "INIT": "1",
        "LATITUDE": 33.154911,
        "LONGITUD": -97.0615029,
        "LLSOURCE": "1",
        "WHISTBAN": "1",
        "RRCONT": "9728290901",
        "POLCONT": "9729720901",
        "INV_LINK": "https://safetydata.fra.dot.gov/OfficeofSafety/PublicSite/Crossing/Crossing.aspx?phasetype=C&rpttype=I&txtcrossingnum=414691F",
        "ACC_LINK": "https://safetydata.fra.dot.gov/OfficeofSafety/PublicSite/Crossing/Crossing.aspx?phasetype=C&rpttype=A&txtcrossingnum=414691F",
        "TTSTNNAM": "LAKE DALLAS",
        "XPURPOSE": "1",
        "OPERATINGR": "DCTA",
        "OPERATIN_1": "Primary",
        "DAYTHRU": 50,
        "NGHTTHRU": 17,
        "MAINTRK": 1,
        "SIDINGTRK": 0,
        "YARDTRK": 0,
        "TRANSITTRK": 0,
        "INDUSTRYTR": 0,
        "OTHRTRK": 0,
        "WDCODE": "All other Gates",
        "REVISIONDA": "2009/01/01 00:00:00",
        "LASTUPDATE": "3/10/2026",
        "AADT": "4123",
        "AADTYEAR": "2019",
        "STATENAME": "TEXAS",
        "STATEAB": "TX",
        "COUNTYNAME": "DENTON",
        "CITYNAME": "CORINTH",
        "LATDD": 33.154911,
        "LONGDD": -97.0615029,
        "gridlyProductionCertified": true,
        "gridlyClassification": "PUBLIC_ROADWAY",
        "gridlyDisplayName": "CORINTH ROAD",
        "gridlyId": "FRA-414691F"
      }
    },
    {
      "type": "Feature",
      "id": 214581,
      "geometry": {
        "type": "Point",
        "coordinates": [
          -96.9870445998517,
          33.2992610997988
        ]
      },
      "properties": {
        "OBJECTID": 214581,
        "CROSSING": "795300J",
        "EFFDATE": 1765756800000,
        "REASON": "14",
        "StateCode": "48",
        "CountyCode": "48121",
        "STCYFIPS": "48121",
        "CITYCD": "481210320",
        "RAILROAD": "UP",
        "RRDIV": "TEXOMA",
        "RRSUBDIV": "Choctaw Sub",
        "HIGHWAY": "FM 0428",
        "STREET": "FM 428/Spring Hill Road",
        "TTSTN": "663714",
        "MILEPOST": "0708.690",
        "TYPEXING": "Public",
        "POSXING": "At Grade",
        "PRVCAT": "14",
        "INIT": "1",
        "LATITUDE": 33.2992611,
        "LONGITUD": -96.9870446,
        "LLSOURCE": "1",
        "WHISTBAN": "0",
        "RRCONT": "4025443721",
        "POLCONT": "8008488715",
        "INV_LINK": "https://safetydata.fra.dot.gov/OfficeofSafety/PublicSite/Crossing/Crossing.aspx?phasetype=C&rpttype=I&txtcrossingnum=795300J",
        "ACC_LINK": "https://safetydata.fra.dot.gov/OfficeofSafety/PublicSite/Crossing/Crossing.aspx?phasetype=C&rpttype=A&txtcrossingnum=795300J",
        "TTSTNNAM": "",
        "XPURPOSE": "1",
        "OPERATINGR": "UP",
        "OPERATIN_1": "Primary",
        "DAYTHRU": 9,
        "NGHTTHRU": 8,
        "MAINTRK": 1,
        "SIDINGTRK": 0,
        "YARDTRK": 0,
        "TRANSITTRK": 0,
        "INDUSTRYTR": 0,
        "OTHRTRK": 0,
        "WDCODE": "All other Gates",
        "REVISIONDA": "1975/01/01 00:00:00",
        "LASTUPDATE": "12/15/2025",
        "AADT": "4159",
        "AADTYEAR": "2019",
        "STATENAME": "TEXAS",
        "STATEAB": "TX",
        "COUNTYNAME": "DENTON",
        "CITYNAME": "AUBREY",
        "LATDD": 33.2992611,
        "LONGDD": -96.9870446,
        "gridlyProductionCertified": true,
        "gridlyClassification": "PUBLIC_ROADWAY",
        "gridlyDisplayName": "FM 428/Spring Hill Road",
        "gridlyId": "FRA-795300J"
      }
    },
    {
      "type": "Feature",
      "id": 214596,
      "geometry": {
        "type": "Point",
        "coordinates": [
          -97.1223029997303,
          33.1313300001114
        ]
      },
      "properties": {
        "OBJECTID": 214596,
        "CROSSING": "021694N",
        "EFFDATE": 1772064000000,
        "REASON": "14",
        "StateCode": "48",
        "CountyCode": "48121",
        "STCYFIPS": "48121",
        "CITYCD": "481211840",
        "RAILROAD": "KCS",
        "RRDIV": "Speedway",
        "RRSUBDIV": "Alliance",
        "HIGHWAY": "NA",
        "STREET": "PRIVATE ROAD",
        "TTSTN": "663773",
        "MILEPOST": "0098.320",
        "TYPEXING": "Private",
        "POSXING": "At Grade",
        "PRVCAT": "14",
        "INIT": "1",
        "LATITUDE": 33.13133,
        "LONGITUD": -97.122303,
        "LLSOURCE": "1",
        "WHISTBAN": "0",
        "RRCONT": "3186766269",
        "POLCONT": "8775279464",
        "INV_LINK": "https://safetydata.fra.dot.gov/OfficeofSafety/PublicSite/Crossing/Crossing.aspx?phasetype=C&rpttype=I&txtcrossingnum=021694N",
        "ACC_LINK": "https://safetydata.fra.dot.gov/OfficeofSafety/PublicSite/Crossing/Crossing.aspx?phasetype=C&rpttype=A&txtcrossingnum=021694N",
        "TTSTNNAM": "663773",
        "XPURPOSE": "1",
        "OPERATINGR": "CPKC",
        "OPERATIN_1": "Primary",
        "DAYTHRU": 1,
        "NGHTTHRU": 1,
        "MAINTRK": 1,
        "SIDINGTRK": 0,
        "YARDTRK": 0,
        "TRANSITTRK": 0,
        "INDUSTRYTR": 0,
        "OTHRTRK": 0,
        "WDCODE": "",
        "REVISIONDA": "1975/01/01 00:00:00",
        "LASTUPDATE": "2/26/2026",
        "AADT": "1",
        "AADTYEAR": "1970",
        "STATENAME": "TEXAS",
        "STATEAB": "TX",
        "COUNTYNAME": "DENTON",
        "CITYNAME": "DENTON",
        "LATDD": 33.13133,
        "LONGDD": -97.122303,
        "gridlyProductionCertified": true,
        "gridlyClassification": "PUBLIC_ROADWAY",
        "gridlyDisplayName": "PRIVATE ROAD",
        "gridlyId": "FRA-021694N"
      }
    },
    {
      "type": "Feature",
      "id": 214619,
      "geometry": {
        "type": "Point",
        "coordinates": [
          -97.1774900002836,
          33.2300799998714
        ]
      },
      "properties": {
        "OBJECTID": 214619,
        "CROSSING": "021722P",
        "EFFDATE": 1772064000000,
        "REASON": "14",
        "StateCode": "48",
        "CountyCode": "48121",
        "STCYFIPS": "48121",
        "CITYCD": "481211840",
        "RAILROAD": "KCS",
        "RRDIV": "Speedway",
        "RRSUBDIV": "Alliance",
        "HIGHWAY": "US 0380",
        "STREET": "US 0380",
        "TTSTN": "663730",
        "MILEPOST": "0105.890",
        "TYPEXING": "Public",
        "POSXING": "RR Over",
        "PRVCAT": "14",
        "INIT": "1",
        "LATITUDE": 33.23008,
        "LONGITUD": -97.17749,
        "LLSOURCE": "1",
        "WHISTBAN": "0",
        "RRCONT": "3186766269",
        "POLCONT": "8775279464",
        "INV_LINK": "https://safetydata.fra.dot.gov/OfficeofSafety/PublicSite/Crossing/Crossing.aspx?phasetype=C&rpttype=I&txtcrossingnum=021722P",
        "ACC_LINK": "https://safetydata.fra.dot.gov/OfficeofSafety/PublicSite/Crossing/Crossing.aspx?phasetype=C&rpttype=A&txtcrossingnum=021722P",
        "TTSTNNAM": "663730",
        "XPURPOSE": "1",
        "OPERATINGR": "CPKC",
        "OPERATIN_1": "Primary",
        "DAYTHRU": 1,
        "NGHTTHRU": 1,
        "MAINTRK": 1,
        "SIDINGTRK": 0,
        "YARDTRK": 0,
        "TRANSITTRK": 0,
        "INDUSTRYTR": 0,
        "OTHRTRK": 0,
        "WDCODE": "",
        "REVISIONDA": "1975/01/01 00:00:00",
        "LASTUPDATE": "2/26/2026",
        "AADT": "19400",
        "AADTYEAR": "2011",
        "STATENAME": "TEXAS",
        "STATEAB": "TX",
        "COUNTYNAME": "DENTON",
        "CITYNAME": "DENTON",
        "LATDD": 33.23008,
        "LONGDD": -97.17749,
        "gridlyProductionCertified": true,
        "gridlyClassification": "PUBLIC_ROADWAY",
        "gridlyDisplayName": "US 0380",
        "gridlyId": "FRA-021722P"
      }
    },
    {
      "type": "Feature",
      "id": 214620,
      "geometry": {
        "type": "Point",
        "coordinates": [
          -96.8970360000225,
          33.0458550001765
        ]
      },
      "properties": {
        "OBJECTID": 214620,
        "CROSSING": "021653J",
        "EFFDATE": 1772064000000,
        "REASON": "14",
        "StateCode": "48",
        "CountyCode": "48121",
        "STCYFIPS": "48121",
        "CITYCD": "481213079",
        "RAILROAD": "KCS",
        "RRDIV": "Speedway",
        "RRSUBDIV": "Alliance",
        "HIGHWAY": "NA",
        "STREET": "PRIVATE ROAD",
        "TTSTN": "668196",
        "MILEPOST": "0083.180",
        "TYPEXING": "Private",
        "POSXING": "RR Over",
        "PRVCAT": "14",
        "INIT": "1",
        "LATITUDE": 33.045855,
        "LONGITUD": -96.897036,
        "LLSOURCE": "1",
        "WHISTBAN": "0",
        "RRCONT": "3186766269",
        "POLCONT": "8775279464",
        "INV_LINK": "https://safetydata.fra.dot.gov/OfficeofSafety/PublicSite/Crossing/Crossing.aspx?phasetype=C&rpttype=I&txtcrossingnum=021653J",
        "ACC_LINK": "https://safetydata.fra.dot.gov/OfficeofSafety/PublicSite/Crossing/Crossing.aspx?phasetype=C&rpttype=A&txtcrossingnum=021653J",
        "TTSTNNAM": "668196",
        "XPURPOSE": "1",
        "OPERATINGR": "CPKC",
        "OPERATIN_1": "Primary",
        "DAYTHRU": 1,
        "NGHTTHRU": 1,
        "MAINTRK": 1,
        "SIDINGTRK": 0,
        "YARDTRK": 0,
        "TRANSITTRK": 0,
        "INDUSTRYTR": 0,
        "OTHRTRK": 0,
        "WDCODE": "",
        "REVISIONDA": "1975/01/01 00:00:00",
        "LASTUPDATE": "2/26/2026",
        "AADT": "1",
        "AADTYEAR": "1970",
        "STATENAME": "TEXAS",
        "STATEAB": "TX",
        "COUNTYNAME": "DENTON",
        "CITYNAME": "HEBRON",
        "LATDD": 33.045855,
        "LONGDD": -96.897036,
        "gridlyProductionCertified": true,
        "gridlyClassification": "PUBLIC_ROADWAY",
        "gridlyDisplayName": "PRIVATE ROAD",
        "gridlyId": "FRA-021653J"
      }
    },
    {
      "type": "Feature",
      "id": 215070,
      "geometry": {
        "type": "Point",
        "coordinates": [
          -96.964691100188,
          33.3680858996399
        ]
      },
      "properties": {
        "OBJECTID": 215070,
        "CROSSING": "795294H",
        "EFFDATE": 1769472000000,
        "REASON": "14",
        "StateCode": "48",
        "CountyCode": "48121",
        "STCYFIPS": "48121",
        "CITYCD": "481215350",
        "RAILROAD": "UP",
        "RRDIV": "TEXOMA",
        "RRSUBDIV": "Choctaw Sub",
        "HIGHWAY": "FM 0455",
        "STREET": "FM 455/ZIPPER ROAD",
        "TTSTN": "663712",
        "MILEPOST": "0703.720",
        "TYPEXING": "Public",
        "POSXING": "At Grade",
        "PRVCAT": "14",
        "INIT": "1",
        "LATITUDE": 33.3680859,
        "LONGITUD": -96.9646911,
        "LLSOURCE": "1",
        "WHISTBAN": "0",
        "RRCONT": "4025443721",
        "POLCONT": "8008488715",
        "INV_LINK": "https://safetydata.fra.dot.gov/OfficeofSafety/PublicSite/Crossing/Crossing.aspx?phasetype=C&rpttype=I&txtcrossingnum=795294H",
        "ACC_LINK": "https://safetydata.fra.dot.gov/OfficeofSafety/PublicSite/Crossing/Crossing.aspx?phasetype=C&rpttype=A&txtcrossingnum=795294H",
        "TTSTNNAM": "",
        "XPURPOSE": "1",
        "OPERATINGR": "UP",
        "OPERATIN_1": "Primary",
        "DAYTHRU": 9,
        "NGHTTHRU": 8,
        "MAINTRK": 1,
        "SIDINGTRK": 0,
        "YARDTRK": 0,
        "TRANSITTRK": 0,
        "INDUSTRYTR": 0,
        "OTHRTRK": 0,
        "WDCODE": "All other Gates",
        "REVISIONDA": "1975/01/01 00:00:00",
        "LASTUPDATE": "1/27/2026",
        "AADT": "4547",
        "AADTYEAR": "2019",
        "STATENAME": "TEXAS",
        "STATEAB": "TX",
        "COUNTYNAME": "DENTON",
        "CITYNAME": "PILOT POINT",
        "LATDD": 33.3680859,
        "LONGDD": -96.9646911,
        "gridlyProductionCertified": true,
        "gridlyClassification": "PUBLIC_ROADWAY",
        "gridlyDisplayName": "FM 455/ZIPPER ROAD",
        "gridlyId": "FRA-795294H"
      }
    },
    {
      "type": "Feature",
      "id": 215139,
      "geometry": {
        "type": "Point",
        "coordinates": [
          -97.2022563999531,
          33.0713578999205
        ]
      },
      "properties": {
        "OBJECTID": 215139,
        "CROSSING": "795337Y",
        "EFFDATE": 1769040000000,
        "REASON": "14",
        "StateCode": "48",
        "CountyCode": "48121",
        "STCYFIPS": "48121",
        "CITYCD": "481212395",
        "RAILROAD": "UP",
        "RRDIV": "TEXOMA",
        "RRSUBDIV": "Choctaw Sub",
        "HIGHWAY": "LS0000",
        "STREET": "CANYON FALLS DRIVE",
        "TTSTN": "663798",
        "MILEPOST": "0730.020",
        "TYPEXING": "Public",
        "POSXING": "At Grade",
        "PRVCAT": "14",
        "INIT": "1",
        "LATITUDE": 33.0713579,
        "LONGITUD": -97.2022564,
        "LLSOURCE": "1",
        "WHISTBAN": "1",
        "RRCONT": "4025443721",
        "POLCONT": "8008488715",
        "INV_LINK": "https://safetydata.fra.dot.gov/OfficeofSafety/PublicSite/Crossing/Crossing.aspx?phasetype=C&rpttype=I&txtcrossingnum=795337Y",
        "ACC_LINK": "https://safetydata.fra.dot.gov/OfficeofSafety/PublicSite/Crossing/Crossing.aspx?phasetype=C&rpttype=A&txtcrossingnum=795337Y",
        "TTSTNNAM": "",
        "XPURPOSE": "1",
        "OPERATINGR": "UP",
        "OPERATIN_1": "Primary",
        "DAYTHRU": 9,
        "NGHTTHRU": 8,
        "MAINTRK": 1,
        "SIDINGTRK": 1,
        "YARDTRK": 0,
        "TRANSITTRK": 0,
        "INDUSTRYTR": 0,
        "OTHRTRK": 0,
        "WDCODE": "All other Gates",
        "REVISIONDA": "1975/01/01 00:00:00",
        "LASTUPDATE": "1/22/2026",
        "AADT": "7272",
        "AADTYEAR": "2025",
        "STATENAME": "TEXAS",
        "STATEAB": "TX",
        "COUNTYNAME": "DENTON",
        "CITYNAME": "FLOWER MOUND",
        "LATDD": 33.0713579,
        "LONGDD": -97.2022564,
        "gridlyProductionCertified": true,
        "gridlyClassification": "PUBLIC_ROADWAY",
        "gridlyDisplayName": "CANYON FALLS DRIVE",
        "gridlyId": "FRA-795337Y"
      }
    },
    {
      "type": "Feature",
      "id": 215189,
      "geometry": {
        "type": "Point",
        "coordinates": [
          -96.9367210000932,
          33.0578899996308
        ]
      },
      "properties": {
        "OBJECTID": 215189,
        "CROSSING": "021659A",
        "EFFDATE": 1772064000000,
        "REASON": "14",
        "StateCode": "48",
        "CountyCode": "48121",
        "STCYFIPS": "48121",
        "CITYCD": "481213960",
        "RAILROAD": "KCS",
        "RRDIV": "Speedway",
        "RRSUBDIV": "Alliance",
        "HIGHWAY": "NA",
        "STREET": "fish hatchery rd",
        "TTSTN": "668196",
        "MILEPOST": "0085.670",
        "TYPEXING": "Public",
        "POSXING": "RR Under",
        "PRVCAT": "14",
        "INIT": "1",
        "LATITUDE": 33.05789,
        "LONGITUD": -96.936721,
        "LLSOURCE": "1",
        "WHISTBAN": "0",
        "RRCONT": "3186766269",
        "POLCONT": "8775279464",
        "INV_LINK": "https://safetydata.fra.dot.gov/OfficeofSafety/PublicSite/Crossing/Crossing.aspx?phasetype=C&rpttype=I&txtcrossingnum=021659A",
        "ACC_LINK": "https://safetydata.fra.dot.gov/OfficeofSafety/PublicSite/Crossing/Crossing.aspx?phasetype=C&rpttype=A&txtcrossingnum=021659A",
        "TTSTNNAM": "668196",
        "XPURPOSE": "1",
        "OPERATINGR": "CPKC",
        "OPERATIN_1": "Primary",
        "DAYTHRU": 1,
        "NGHTTHRU": 1,
        "MAINTRK": 1,
        "SIDINGTRK": 0,
        "YARDTRK": 0,
        "TRANSITTRK": 0,
        "INDUSTRYTR": 0,
        "OTHRTRK": 0,
        "WDCODE": "",
        "REVISIONDA": "1975/01/01 00:00:00",
        "LASTUPDATE": "2/26/2026",
        "AADT": "1",
        "AADTYEAR": "1970",
        "STATENAME": "TEXAS",
        "STATEAB": "TX",
        "COUNTYNAME": "DENTON",
        "CITYNAME": "LEWISVILLE",
        "LATDD": 33.05789,
        "LONGDD": -96.936721,
        "gridlyProductionCertified": true,
        "gridlyClassification": "PUBLIC_ROADWAY",
        "gridlyDisplayName": "fish hatchery rd",
        "gridlyId": "FRA-021659A"
      }
    },
    {
      "type": "Feature",
      "id": 215586,
      "geometry": {
        "type": "Point",
        "coordinates": [
          -97.0898700001336,
          33.1820900000634
        ]
      },
      "properties": {
        "OBJECTID": 215586,
        "CROSSING": "979648L",
        "EFFDATE": 1766448000000,
        "REASON": "14",
        "StateCode": "48",
        "CountyCode": "48121",
        "STCYFIPS": "48121",
        "CITYCD": "481211840",
        "RAILROAD": "DCTA",
        "RRDIV": "CENTRAL",
        "RRSUBDIV": "DENTON",
        "HIGHWAY": "PED PATHWAY",
        "STREET": "MedPark PED CROSSING",
        "TTSTN": "",
        "MILEPOST": "0724.90",
        "TYPEXING": "Public",
        "POSXING": "At Grade",
        "PRVCAT": "14",
        "INIT": "1",
        "LATITUDE": 33.18209,
        "LONGITUD": -97.08987,
        "LLSOURCE": "1",
        "WHISTBAN": "",
        "RRCONT": "9728290901",
        "POLCONT": "9728290901",
        "INV_LINK": "https://safetydata.fra.dot.gov/OfficeofSafety/PublicSite/Crossing/Crossing.aspx?phasetype=C&rpttype=I&txtcrossingnum=979648L",
        "ACC_LINK": "https://safetydata.fra.dot.gov/OfficeofSafety/PublicSite/Crossing/Crossing.aspx?phasetype=C&rpttype=A&txtcrossingnum=979648L",
        "TTSTNNAM": "MEDPARK",
        "XPURPOSE": "2",
        "OPERATINGR": "DCTA",
        "OPERATIN_1": "Primary",
        "DAYTHRU": 50,
        "NGHTTHRU": 17,
        "MAINTRK": 1,
        "SIDINGTRK": 1,
        "YARDTRK": 0,
        "TRANSITTRK": 0,
        "INDUSTRYTR": 0,
        "OTHRTRK": 0,
        "WDCODE": "No signs or signals",
        "REVISIONDA": "2009/01/01 00:00:00",
        "LASTUPDATE": "12/23/2025",
        "AADT": "",
        "AADTYEAR": "",
        "STATENAME": "TEXAS",
        "STATEAB": "TX",
        "COUNTYNAME": "DENTON",
        "CITYNAME": "DENTON",
        "LATDD": 33.18209,
        "LONGDD": -97.08987,
        "gridlyProductionCertified": true,
        "gridlyClassification": "PUBLIC_ROADWAY",
        "gridlyDisplayName": "MedPark PED CROSSING",
        "gridlyId": "FRA-979648L"
      }
    },
    {
      "type": "Feature",
      "id": 215587,
      "geometry": {
        "type": "Point",
        "coordinates": [
          -97.1261099997172,
          33.2128500001779
        ]
      },
      "properties": {
        "OBJECTID": 215587,
        "CROSSING": "979649T",
        "EFFDATE": 1766448000000,
        "REASON": "14",
        "StateCode": "48",
        "CountyCode": "48121",
        "STCYFIPS": "48121",
        "CITYCD": "481211840",
        "RAILROAD": "DCTA",
        "RRDIV": "central",
        "RRSUBDIV": "denton",
        "HIGHWAY": "ped pathway",
        "STREET": "ddtc ped crossing",
        "TTSTN": "",
        "MILEPOST": "0721.60",
        "TYPEXING": "Public",
        "POSXING": "At Grade",
        "PRVCAT": "14",
        "INIT": "1",
        "LATITUDE": 33.21285,
        "LONGITUD": -97.12611,
        "LLSOURCE": "1",
        "WHISTBAN": "",
        "RRCONT": "9728290901",
        "POLCONT": "9728290901",
        "INV_LINK": "https://safetydata.fra.dot.gov/OfficeofSafety/PublicSite/Crossing/Crossing.aspx?phasetype=C&rpttype=I&txtcrossingnum=979649T",
        "ACC_LINK": "https://safetydata.fra.dot.gov/OfficeofSafety/PublicSite/Crossing/Crossing.aspx?phasetype=C&rpttype=A&txtcrossingnum=979649T",
        "TTSTNNAM": "ddtc",
        "XPURPOSE": "2",
        "OPERATINGR": "DCTA",
        "OPERATIN_1": "Primary",
        "DAYTHRU": 50,
        "NGHTTHRU": 17,
        "MAINTRK": 1,
        "SIDINGTRK": 0,
        "YARDTRK": 0,
        "TRANSITTRK": 0,
        "INDUSTRYTR": 0,
        "OTHRTRK": 0,
        "WDCODE": "No signs or signals",
        "REVISIONDA": "2009/01/01 00:00:00",
        "LASTUPDATE": "12/23/2025",
        "AADT": "",
        "AADTYEAR": "",
        "STATENAME": "TEXAS",
        "STATEAB": "TX",
        "COUNTYNAME": "DENTON",
        "CITYNAME": "DENTON",
        "LATDD": 33.21285,
        "LONGDD": -97.12611,
        "gridlyProductionCertified": true,
        "gridlyClassification": "PUBLIC_ROADWAY",
        "gridlyDisplayName": "ddtc ped crossing",
        "gridlyId": "FRA-979649T"
      }
    },
    {
      "type": "Feature",
      "id": 215588,
      "geometry": {
        "type": "Point",
        "coordinates": [
          -97.1722150004087,
          33.2180439997379
        ]
      },
      "properties": {
        "OBJECTID": 215588,
        "CROSSING": "970345W",
        "EFFDATE": 1772064000000,
        "REASON": "14",
        "StateCode": "48",
        "CountyCode": "48121",
        "STCYFIPS": "48121",
        "CITYCD": "481211840",
        "RAILROAD": "KCS",
        "RRDIV": "Speedway",
        "RRSUBDIV": "Alliance",
        "HIGHWAY": "PVT",
        "STREET": "Private Road",
        "TTSTN": "",
        "MILEPOST": "0104.800",
        "TYPEXING": "Private",
        "POSXING": "At Grade",
        "PRVCAT": "14",
        "INIT": "1",
        "LATITUDE": 33.218044,
        "LONGITUD": -97.172215,
        "LLSOURCE": "1",
        "WHISTBAN": "",
        "RRCONT": "3186766269",
        "POLCONT": "8775279464",
        "INV_LINK": "https://safetydata.fra.dot.gov/OfficeofSafety/PublicSite/Crossing/Crossing.aspx?phasetype=C&rpttype=I&txtcrossingnum=970345W",
        "ACC_LINK": "https://safetydata.fra.dot.gov/OfficeofSafety/PublicSite/Crossing/Crossing.aspx?phasetype=C&rpttype=A&txtcrossingnum=970345W",
        "TTSTNNAM": "",
        "XPURPOSE": "1",
        "OPERATINGR": "CPKC",
        "OPERATIN_1": "Primary",
        "DAYTHRU": 0,
        "NGHTTHRU": 0,
        "MAINTRK": 0,
        "SIDINGTRK": 0,
        "YARDTRK": 0,
        "TRANSITTRK": 0,
        "INDUSTRYTR": 1,
        "OTHRTRK": 0,
        "WDCODE": "",
        "REVISIONDA": "1975/01/01 00:00:00",
        "LASTUPDATE": "2/26/2026",
        "AADT": "",
        "AADTYEAR": "",
        "STATENAME": "TEXAS",
        "STATEAB": "TX",
        "COUNTYNAME": "DENTON",
        "CITYNAME": "DENTON",
        "LATDD": 33.218044,
        "LONGDD": -97.172215,
        "gridlyProductionCertified": true,
        "gridlyClassification": "PUBLIC_ROADWAY",
        "gridlyDisplayName": "Private Road",
        "gridlyId": "FRA-970345W"
      }
    },
    {
      "type": "Feature",
      "id": 215590,
      "geometry": {
        "type": "Point",
        "coordinates": [
          -97.026129999623,
          33.0840100000766
        ]
      },
      "properties": {
        "OBJECTID": 215590,
        "CROSSING": "979651U",
        "EFFDATE": 1766448000000,
        "REASON": "14",
        "StateCode": "48",
        "CountyCode": "48121",
        "STCYFIPS": "48121",
        "CITYCD": "481213960",
        "RAILROAD": "DCTA",
        "RRDIV": "centra",
        "RRSUBDIV": "denton",
        "HIGHWAY": "ped pathway",
        "STREET": "hebron station ped crossing",
        "TTSTN": "",
        "MILEPOST": "0739.80",
        "TYPEXING": "Public",
        "POSXING": "At Grade",
        "PRVCAT": "14",
        "INIT": "1",
        "LATITUDE": 33.08401,
        "LONGITUD": -97.02613,
        "LLSOURCE": "1",
        "WHISTBAN": "",
        "RRCONT": "9728290901",
        "POLCONT": "9728290901",
        "INV_LINK": "https://safetydata.fra.dot.gov/OfficeofSafety/PublicSite/Crossing/Crossing.aspx?phasetype=C&rpttype=I&txtcrossingnum=979651U",
        "ACC_LINK": "https://safetydata.fra.dot.gov/OfficeofSafety/PublicSite/Crossing/Crossing.aspx?phasetype=C&rpttype=A&txtcrossingnum=979651U",
        "TTSTNNAM": "hebron station",
        "XPURPOSE": "2",
        "OPERATINGR": "DCTA",
        "OPERATIN_1": "Primary",
        "DAYTHRU": 50,
        "NGHTTHRU": 17,
        "MAINTRK": 2,
        "SIDINGTRK": 0,
        "YARDTRK": 0,
        "TRANSITTRK": 0,
        "INDUSTRYTR": 0,
        "OTHRTRK": 0,
        "WDCODE": "No signs or signals",
        "REVISIONDA": "2009/01/01 00:00:00",
        "LASTUPDATE": "12/23/2025",
        "AADT": "",
        "AADTYEAR": "",
        "STATENAME": "TEXAS",
        "STATEAB": "TX",
        "COUNTYNAME": "DENTON",
        "CITYNAME": "LEWISVILLE",
        "LATDD": 33.08401,
        "LONGDD": -97.02613,
        "gridlyProductionCertified": true,
        "gridlyClassification": "PUBLIC_ROADWAY",
        "gridlyDisplayName": "hebron station ped crossing",
        "gridlyId": "FRA-979651U"
      }
    },
    {
      "type": "Feature",
      "id": 215591,
      "geometry": {
        "type": "Point",
        "coordinates": [
          -97.026129999623,
          33.0840100000766
        ]
      },
      "properties": {
        "OBJECTID": 215591,
        "CROSSING": "979650M",
        "EFFDATE": 1766448000000,
        "REASON": "14",
        "StateCode": "48",
        "CountyCode": "48121",
        "STCYFIPS": "48121",
        "CITYCD": "481213960",
        "RAILROAD": "DCTA",
        "RRDIV": "central",
        "RRSUBDIV": "denton",
        "HIGHWAY": "ped pathway",
        "STREET": "hv/ll ped crossing",
        "TTSTN": "",
        "MILEPOST": "0733.30",
        "TYPEXING": "Public",
        "POSXING": "At Grade",
        "PRVCAT": "14",
        "INIT": "1",
        "LATITUDE": 33.08401,
        "LONGITUD": -97.02613,
        "LLSOURCE": "1",
        "WHISTBAN": "",
        "RRCONT": "9728290901",
        "POLCONT": "9728290901",
        "INV_LINK": "https://safetydata.fra.dot.gov/OfficeofSafety/PublicSite/Crossing/Crossing.aspx?phasetype=C&rpttype=I&txtcrossingnum=979650M",
        "ACC_LINK": "https://safetydata.fra.dot.gov/OfficeofSafety/PublicSite/Crossing/Crossing.aspx?phasetype=C&rpttype=A&txtcrossingnum=979650M",
        "TTSTNNAM": "highland village lake lewisville",
        "XPURPOSE": "2",
        "OPERATINGR": "DCTA",
        "OPERATIN_1": "Primary",
        "DAYTHRU": 50,
        "NGHTTHRU": 17,
        "MAINTRK": 1,
        "SIDINGTRK": 1,
        "YARDTRK": 0,
        "TRANSITTRK": 0,
        "INDUSTRYTR": 0,
        "OTHRTRK": 0,
        "WDCODE": "No signs or signals",
        "REVISIONDA": "2009/01/01 00:00:00",
        "LASTUPDATE": "12/23/2025",
        "AADT": "",
        "AADTYEAR": "",
        "STATENAME": "TEXAS",
        "STATEAB": "TX",
        "COUNTYNAME": "DENTON",
        "CITYNAME": "LEWISVILLE",
        "LATDD": 33.08401,
        "LONGDD": -97.02613,
        "gridlyProductionCertified": true,
        "gridlyClassification": "PUBLIC_ROADWAY",
        "gridlyDisplayName": "hv/ll ped crossing",
        "gridlyId": "FRA-979650M"
      }
    },
    {
      "type": "Feature",
      "id": 215718,
      "geometry": {
        "type": "Point",
        "coordinates": [
          -97.026574000037,
          33.1104099998821
        ]
      },
      "properties": {
        "OBJECTID": 215718,
        "CROSSING": "414705L",
        "EFFDATE": 1773100800000,
        "REASON": "22",
        "StateCode": "48",
        "CountyCode": "48121",
        "STCYFIPS": "48121",
        "CITYCD": "481213157",
        "RAILROAD": "DCTA",
        "RRDIV": "CENTRAL",
        "RRSUBDIV": "DENTON",
        "HIGHWAY": "st 0000",
        "STREET": "KELTON AVENUE",
        "TTSTN": "663775",
        "MILEPOST": "0731.40",
        "TYPEXING": "Public",
        "POSXING": "At Grade",
        "PRVCAT": "22",
        "INIT": "1",
        "LATITUDE": 33.11041,
        "LONGITUD": -97.026574,
        "LLSOURCE": "1",
        "WHISTBAN": "1",
        "RRCONT": "9728290901",
        "POLCONT": "9728290901",
        "INV_LINK": "https://safetydata.fra.dot.gov/OfficeofSafety/PublicSite/Crossing/Crossing.aspx?phasetype=C&rpttype=I&txtcrossingnum=414705L",
        "ACC_LINK": "https://safetydata.fra.dot.gov/OfficeofSafety/PublicSite/Crossing/Crossing.aspx?phasetype=C&rpttype=A&txtcrossingnum=414705L",
        "TTSTNNAM": "LAKE DALLAS",
        "XPURPOSE": "1",
        "OPERATINGR": "DCTA",
        "OPERATIN_1": "Primary",
        "DAYTHRU": 50,
        "NGHTTHRU": 17,
        "MAINTRK": 1,
        "SIDINGTRK": 0,
        "YARDTRK": 0,
        "TRANSITTRK": 0,
        "INDUSTRYTR": 0,
        "OTHRTRK": 0,
        "WDCODE": "All other Gates",
        "REVISIONDA": "2009/01/01 00:00:00",
        "LASTUPDATE": "3/10/2026",
        "AADT": "178",
        "AADTYEAR": "2019",
        "STATENAME": "TEXAS",
        "STATEAB": "TX",
        "COUNTYNAME": "DENTON",
        "CITYNAME": "HICKORY CREEK",
        "LATDD": 33.11041,
        "LONGDD": -97.026574,
        "gridlyProductionCertified": true,
        "gridlyClassification": "PUBLIC_ROADWAY",
        "gridlyDisplayName": "KELTON AVENUE",
        "gridlyId": "FRA-414705L"
      }
    },
    {
      "type": "Feature",
      "id": 215719,
      "geometry": {
        "type": "Point",
        "coordinates": [
          -97.0711659997365,
          33.1656999998013
        ]
      },
      "properties": {
        "OBJECTID": 215719,
        "CROSSING": "414690Y",
        "EFFDATE": 1773100800000,
        "REASON": "22",
        "StateCode": "48",
        "CountyCode": "48121",
        "STCYFIPS": "48121",
        "CITYCD": "481213798",
        "RAILROAD": "DCTA",
        "RRDIV": "CENTRAL",
        "RRSUBDIV": "DENTON",
        "HIGHWAY": "ST 0000",
        "STREET": "LAKEVIEW BLVD",
        "TTSTN": "663775",
        "MILEPOST": "0726.56",
        "TYPEXING": "Public",
        "POSXING": "At Grade",
        "PRVCAT": "22",
        "INIT": "1",
        "LATITUDE": 33.1657,
        "LONGITUD": -97.071166,
        "LLSOURCE": "1",
        "WHISTBAN": "1",
        "RRCONT": "9728290901",
        "POLCONT": "9728290901",
        "INV_LINK": "https://safetydata.fra.dot.gov/OfficeofSafety/PublicSite/Crossing/Crossing.aspx?phasetype=C&rpttype=I&txtcrossingnum=414690Y",
        "ACC_LINK": "https://safetydata.fra.dot.gov/OfficeofSafety/PublicSite/Crossing/Crossing.aspx?phasetype=C&rpttype=A&txtcrossingnum=414690Y",
        "TTSTNNAM": "LAKE DALLAS",
        "XPURPOSE": "1",
        "OPERATINGR": "DCTA",
        "OPERATIN_1": "Primary",
        "DAYTHRU": 50,
        "NGHTTHRU": 17,
        "MAINTRK": 1,
        "SIDINGTRK": 0,
        "YARDTRK": 0,
        "TRANSITTRK": 0,
        "INDUSTRYTR": 0,
        "OTHRTRK": 0,
        "WDCODE": "All other Gates",
        "REVISIONDA": "2009/01/01 00:00:00",
        "LASTUPDATE": "3/10/2026",
        "AADT": "12487",
        "AADTYEAR": "2025",
        "STATENAME": "TEXAS",
        "STATEAB": "TX",
        "COUNTYNAME": "DENTON",
        "CITYNAME": "LAKE DALLAS",
        "LATDD": 33.1657,
        "LONGDD": -97.071166,
        "gridlyProductionCertified": true,
        "gridlyClassification": "PUBLIC_ROADWAY",
        "gridlyDisplayName": "LAKEVIEW BLVD",
        "gridlyId": "FRA-414690Y"
      }
    },
    {
      "type": "Feature",
      "id": 215720,
      "geometry": {
        "type": "Point",
        "coordinates": [
          -97.0261100004299,
          33.1150000000506
        ]
      },
      "properties": {
        "OBJECTID": 215720,
        "CROSSING": "414704E",
        "EFFDATE": 1773100800000,
        "REASON": "22",
        "StateCode": "48",
        "CountyCode": "48121",
        "STCYFIPS": "48121",
        "CITYCD": "481213798",
        "RAILROAD": "DCTA",
        "RRDIV": "CENTRAL",
        "RRSUBDIV": "DENTON",
        "HIGHWAY": "ST 0000",
        "STREET": "CARLISLE DRIVE",
        "TTSTN": "663775",
        "MILEPOST": "0731.10",
        "TYPEXING": "Public",
        "POSXING": "At Grade",
        "PRVCAT": "22",
        "INIT": "1",
        "LATITUDE": 33.115,
        "LONGITUD": -97.02611,
        "LLSOURCE": "1",
        "WHISTBAN": "1",
        "RRCONT": "9728290901",
        "POLCONT": "9728290901",
        "INV_LINK": "https://safetydata.fra.dot.gov/OfficeofSafety/PublicSite/Crossing/Crossing.aspx?phasetype=C&rpttype=I&txtcrossingnum=414704E",
        "ACC_LINK": "https://safetydata.fra.dot.gov/OfficeofSafety/PublicSite/Crossing/Crossing.aspx?phasetype=C&rpttype=A&txtcrossingnum=414704E",
        "TTSTNNAM": "LAKE DALLAS",
        "XPURPOSE": "1",
        "OPERATINGR": "DCTA",
        "OPERATIN_1": "Primary",
        "DAYTHRU": 50,
        "NGHTTHRU": 17,
        "MAINTRK": 1,
        "SIDINGTRK": 0,
        "YARDTRK": 0,
        "TRANSITTRK": 0,
        "INDUSTRYTR": 0,
        "OTHRTRK": 0,
        "WDCODE": "Four Quad (full barrier) Gates",
        "REVISIONDA": "2009/01/01 00:00:00",
        "LASTUPDATE": "3/10/2026",
        "AADT": "1971",
        "AADTYEAR": "2025",
        "STATENAME": "TEXAS",
        "STATEAB": "TX",
        "COUNTYNAME": "DENTON",
        "CITYNAME": "LAKE DALLAS",
        "LATDD": 33.115,
        "LONGDD": -97.02611,
        "gridlyProductionCertified": true,
        "gridlyClassification": "PUBLIC_ROADWAY",
        "gridlyDisplayName": "CARLISLE DRIVE",
        "gridlyId": "FRA-414704E"
      }
    },
    {
      "type": "Feature",
      "id": 215721,
      "geometry": {
        "type": "Point",
        "coordinates": [
          -97.0235000001691,
          33.1225000000473
        ]
      },
      "properties": {
        "OBJECTID": 215721,
        "CROSSING": "414700C",
        "EFFDATE": 1773100800000,
        "REASON": "22",
        "StateCode": "48",
        "CountyCode": "48121",
        "STCYFIPS": "48121",
        "CITYCD": "481213798",
        "RAILROAD": "DCTA",
        "RRDIV": "CENTRAL",
        "RRSUBDIV": "DENTON",
        "HIGHWAY": "ST 0000",
        "STREET": "W HUNDLEY DR",
        "TTSTN": "663775",
        "MILEPOST": "0730.40",
        "TYPEXING": "Public",
        "POSXING": "At Grade",
        "PRVCAT": "22",
        "INIT": "1",
        "LATITUDE": 33.1225,
        "LONGITUD": -97.0235,
        "LLSOURCE": "1",
        "WHISTBAN": "1",
        "RRCONT": "9728290901",
        "POLCONT": "9728290901",
        "INV_LINK": "https://safetydata.fra.dot.gov/OfficeofSafety/PublicSite/Crossing/Crossing.aspx?phasetype=C&rpttype=I&txtcrossingnum=414700C",
        "ACC_LINK": "https://safetydata.fra.dot.gov/OfficeofSafety/PublicSite/Crossing/Crossing.aspx?phasetype=C&rpttype=A&txtcrossingnum=414700C",
        "TTSTNNAM": "LAKE DALLAS",
        "XPURPOSE": "1",
        "OPERATINGR": "DCTA",
        "OPERATIN_1": "Primary",
        "DAYTHRU": 50,
        "NGHTTHRU": 17,
        "MAINTRK": 1,
        "SIDINGTRK": 0,
        "YARDTRK": 0,
        "TRANSITTRK": 0,
        "INDUSTRYTR": 0,
        "OTHRTRK": 0,
        "WDCODE": "Four Quad (full barrier) Gates",
        "REVISIONDA": "2009/01/01 00:00:00",
        "LASTUPDATE": "3/10/2026",
        "AADT": "6280",
        "AADTYEAR": "2025",
        "STATENAME": "TEXAS",
        "STATEAB": "TX",
        "COUNTYNAME": "DENTON",
        "CITYNAME": "LAKE DALLAS",
        "LATDD": 33.1225,
        "LONGDD": -97.0235,
        "gridlyProductionCertified": true,
        "gridlyClassification": "PUBLIC_ROADWAY",
        "gridlyDisplayName": "W HUNDLEY DR",
        "gridlyId": "FRA-414700C"
      }
    },
    {
      "type": "Feature",
      "id": 215722,
      "geometry": {
        "type": "Point",
        "coordinates": [
          -97.0291700000541,
          33.1188899999151
        ]
      },
      "properties": {
        "OBJECTID": 215722,
        "CROSSING": "414701J",
        "EFFDATE": 1773100800000,
        "REASON": "22",
        "StateCode": "48",
        "CountyCode": "48121",
        "STCYFIPS": "48121",
        "CITYCD": "481213798",
        "RAILROAD": "DCTA",
        "RRDIV": "CENTRAL",
        "RRSUBDIV": "DENTON",
        "HIGHWAY": "ST 0000",
        "STREET": "MAIN STREET",
        "TTSTN": "663775",
        "MILEPOST": "0730.64",
        "TYPEXING": "Public",
        "POSXING": "At Grade",
        "PRVCAT": "22",
        "INIT": "1",
        "LATITUDE": 33.11889,
        "LONGITUD": -97.02917,
        "LLSOURCE": "1",
        "WHISTBAN": "1",
        "RRCONT": "9728290901",
        "POLCONT": "9728290901",
        "INV_LINK": "https://safetydata.fra.dot.gov/OfficeofSafety/PublicSite/Crossing/Crossing.aspx?phasetype=C&rpttype=I&txtcrossingnum=414701J",
        "ACC_LINK": "https://safetydata.fra.dot.gov/OfficeofSafety/PublicSite/Crossing/Crossing.aspx?phasetype=C&rpttype=A&txtcrossingnum=414701J",
        "TTSTNNAM": "LAKE DALLAS",
        "XPURPOSE": "1",
        "OPERATINGR": "DCTA",
        "OPERATIN_1": "Primary",
        "DAYTHRU": 50,
        "NGHTTHRU": 17,
        "MAINTRK": 1,
        "SIDINGTRK": 0,
        "YARDTRK": 0,
        "TRANSITTRK": 0,
        "INDUSTRYTR": 0,
        "OTHRTRK": 0,
        "WDCODE": "Four Quad (full barrier) Gates",
        "REVISIONDA": "2009/01/01 00:00:00",
        "LASTUPDATE": "3/10/2026",
        "AADT": "6878",
        "AADTYEAR": "2025",
        "STATENAME": "TEXAS",
        "STATEAB": "TX",
        "COUNTYNAME": "DENTON",
        "CITYNAME": "LAKE DALLAS",
        "LATDD": 33.11889,
        "LONGDD": -97.02917,
        "gridlyProductionCertified": true,
        "gridlyClassification": "PUBLIC_ROADWAY",
        "gridlyDisplayName": "MAIN STREET",
        "gridlyId": "FRA-414701J"
      }
    },
    {
      "type": "Feature",
      "id": 215723,
      "geometry": {
        "type": "Point",
        "coordinates": [
          -97.028329999805,
          33.1180599998456
        ]
      },
      "properties": {
        "OBJECTID": 215723,
        "CROSSING": "414702R",
        "EFFDATE": 1773100800000,
        "REASON": "22",
        "StateCode": "48",
        "CountyCode": "48121",
        "STCYFIPS": "48121",
        "CITYCD": "481213798",
        "RAILROAD": "DCTA",
        "RRDIV": "CENTRAL",
        "RRSUBDIV": "DENTON",
        "HIGHWAY": "ST 0000",
        "STREET": "BETCHAN AVENUE",
        "TTSTN": "663775",
        "MILEPOST": "0730.80",
        "TYPEXING": "Public",
        "POSXING": "At Grade",
        "PRVCAT": "22",
        "INIT": "1",
        "LATITUDE": 33.11806,
        "LONGITUD": -97.02833,
        "LLSOURCE": "1",
        "WHISTBAN": "1",
        "RRCONT": "9728290901",
        "POLCONT": "9728290901",
        "INV_LINK": "https://safetydata.fra.dot.gov/OfficeofSafety/PublicSite/Crossing/Crossing.aspx?phasetype=C&rpttype=I&txtcrossingnum=414702R",
        "ACC_LINK": "https://safetydata.fra.dot.gov/OfficeofSafety/PublicSite/Crossing/Crossing.aspx?phasetype=C&rpttype=A&txtcrossingnum=414702R",
        "TTSTNNAM": "LAKE DALLAS",
        "XPURPOSE": "1",
        "OPERATINGR": "DCTA",
        "OPERATIN_1": "Primary",
        "DAYTHRU": 50,
        "NGHTTHRU": 17,
        "MAINTRK": 1,
        "SIDINGTRK": 0,
        "YARDTRK": 0,
        "TRANSITTRK": 0,
        "INDUSTRYTR": 0,
        "OTHRTRK": 0,
        "WDCODE": "All other Gates",
        "REVISIONDA": "2009/01/01 00:00:00",
        "LASTUPDATE": "3/10/2026",
        "AADT": "623",
        "AADTYEAR": "2025",
        "STATENAME": "TEXAS",
        "STATEAB": "TX",
        "COUNTYNAME": "DENTON",
        "CITYNAME": "LAKE DALLAS",
        "LATDD": 33.11806,
        "LONGDD": -97.02833,
        "gridlyProductionCertified": true,
        "gridlyClassification": "PUBLIC_ROADWAY",
        "gridlyDisplayName": "BETCHAN AVENUE",
        "gridlyId": "FRA-414702R"
      }
    },
    {
      "type": "Feature",
      "id": 215724,
      "geometry": {
        "type": "Point",
        "coordinates": [
          -97.0380600002953,
          33.1299999997449
        ]
      },
      "properties": {
        "OBJECTID": 215724,
        "CROSSING": "414698D",
        "EFFDATE": 1773100800000,
        "REASON": "22",
        "StateCode": "48",
        "CountyCode": "48121",
        "STCYFIPS": "48121",
        "CITYCD": "481213798",
        "RAILROAD": "DCTA",
        "RRDIV": "CENTRAL",
        "RRSUBDIV": "DENTON",
        "HIGHWAY": "ST 0000",
        "STREET": "SWISHER RD",
        "TTSTN": "663775",
        "MILEPOST": "0729.80",
        "TYPEXING": "Public",
        "POSXING": "At Grade",
        "PRVCAT": "22",
        "INIT": "1",
        "LATITUDE": 33.13,
        "LONGITUD": -97.03806,
        "LLSOURCE": "1",
        "WHISTBAN": "1",
        "RRCONT": "9728290901",
        "POLCONT": "9728290901",
        "INV_LINK": "https://safetydata.fra.dot.gov/OfficeofSafety/PublicSite/Crossing/Crossing.aspx?phasetype=C&rpttype=I&txtcrossingnum=414698D",
        "ACC_LINK": "https://safetydata.fra.dot.gov/OfficeofSafety/PublicSite/Crossing/Crossing.aspx?phasetype=C&rpttype=A&txtcrossingnum=414698D",
        "TTSTNNAM": "LAKE DALLAS",
        "XPURPOSE": "1",
        "OPERATINGR": "DCTA",
        "OPERATIN_1": "Primary",
        "DAYTHRU": 50,
        "NGHTTHRU": 17,
        "MAINTRK": 1,
        "SIDINGTRK": 0,
        "YARDTRK": 0,
        "TRANSITTRK": 0,
        "INDUSTRYTR": 0,
        "OTHRTRK": 0,
        "WDCODE": "All other Gates",
        "REVISIONDA": "2009/01/01 00:00:00",
        "LASTUPDATE": "3/10/2026",
        "AADT": "23870",
        "AADTYEAR": "2021",
        "STATENAME": "TEXAS",
        "STATEAB": "TX",
        "COUNTYNAME": "DENTON",
        "CITYNAME": "LAKE DALLAS",
        "LATDD": 33.13,
        "LONGDD": -97.03806,
        "gridlyProductionCertified": true,
        "gridlyClassification": "PUBLIC_ROADWAY",
        "gridlyDisplayName": "SWISHER RD",
        "gridlyId": "FRA-414698D"
      }
    },
    {
      "type": "Feature",
      "id": 215725,
      "geometry": {
        "type": "Point",
        "coordinates": [
          -97.03588139978,
          33.126295799765
        ]
      },
      "properties": {
        "OBJECTID": 215725,
        "CROSSING": "414057W",
        "EFFDATE": 1773100800000,
        "REASON": "22",
        "StateCode": "48",
        "CountyCode": "48121",
        "STCYFIPS": "48121",
        "CITYCD": "481213798",
        "RAILROAD": "DCTA",
        "RRDIV": "CENTRAL",
        "RRSUBDIV": "DENTON",
        "HIGHWAY": "ST 0000",
        "STREET": "W OVERLY DRIVE",
        "TTSTN": "663775",
        "MILEPOST": "0730.18",
        "TYPEXING": "Public",
        "POSXING": "At Grade",
        "PRVCAT": "22",
        "INIT": "1",
        "LATITUDE": 33.1262958,
        "LONGITUD": -97.0358814,
        "LLSOURCE": "1",
        "WHISTBAN": "1",
        "RRCONT": "9728290901",
        "POLCONT": "9728290901",
        "INV_LINK": "https://safetydata.fra.dot.gov/OfficeofSafety/PublicSite/Crossing/Crossing.aspx?phasetype=C&rpttype=I&txtcrossingnum=414057W",
        "ACC_LINK": "https://safetydata.fra.dot.gov/OfficeofSafety/PublicSite/Crossing/Crossing.aspx?phasetype=C&rpttype=A&txtcrossingnum=414057W",
        "TTSTNNAM": "LAKE DALLAS",
        "XPURPOSE": "1",
        "OPERATINGR": "DCTA",
        "OPERATIN_1": "Primary",
        "DAYTHRU": 50,
        "NGHTTHRU": 17,
        "MAINTRK": 1,
        "SIDINGTRK": 0,
        "YARDTRK": 0,
        "TRANSITTRK": 0,
        "INDUSTRYTR": 0,
        "OTHRTRK": 0,
        "WDCODE": "All other Gates",
        "REVISIONDA": "2009/01/01 00:00:00",
        "LASTUPDATE": "3/10/2026",
        "AADT": "2267",
        "AADTYEAR": "2025",
        "STATENAME": "TEXAS",
        "STATEAB": "TX",
        "COUNTYNAME": "DENTON",
        "CITYNAME": "LAKE DALLAS",
        "LATDD": 33.1262958,
        "LONGDD": -97.0358814,
        "gridlyProductionCertified": true,
        "gridlyClassification": "PUBLIC_ROADWAY",
        "gridlyDisplayName": "W OVERLY DRIVE",
        "gridlyId": "FRA-414057W"
      }
    },
    {
      "type": "Feature",
      "id": 215726,
      "geometry": {
        "type": "Point",
        "coordinates": [
          -96.9838867000311,
          33.0416178998487
        ]
      },
      "properties": {
        "OBJECTID": 215726,
        "CROSSING": "414717F",
        "EFFDATE": 1773100800000,
        "REASON": "22",
        "StateCode": "48",
        "CountyCode": "48121",
        "STCYFIPS": "48121",
        "CITYCD": "481213960",
        "RAILROAD": "DCTA",
        "RRDIV": "CENTRAL",
        "RRSUBDIV": "DENTON",
        "HIGHWAY": "bs0121h",
        "STREET": "bs0121h",
        "TTSTN": "663778",
        "MILEPOST": "0737.11",
        "TYPEXING": "Public",
        "POSXING": "At Grade",
        "PRVCAT": "22",
        "INIT": "1",
        "LATITUDE": 33.0416179,
        "LONGITUD": -96.9838867,
        "LLSOURCE": "1",
        "WHISTBAN": "1",
        "RRCONT": "9728290901",
        "POLCONT": "9728290901",
        "INV_LINK": "https://safetydata.fra.dot.gov/OfficeofSafety/PublicSite/Crossing/Crossing.aspx?phasetype=C&rpttype=I&txtcrossingnum=414717F",
        "ACC_LINK": "https://safetydata.fra.dot.gov/OfficeofSafety/PublicSite/Crossing/Crossing.aspx?phasetype=C&rpttype=A&txtcrossingnum=414717F",
        "TTSTNNAM": "LEWISVILLE",
        "XPURPOSE": "1",
        "OPERATINGR": "DCTA",
        "OPERATIN_1": "Primary",
        "DAYTHRU": 50,
        "NGHTTHRU": 17,
        "MAINTRK": 1,
        "SIDINGTRK": 0,
        "YARDTRK": 0,
        "TRANSITTRK": 0,
        "INDUSTRYTR": 0,
        "OTHRTRK": 0,
        "WDCODE": "All other Gates",
        "REVISIONDA": "2009/01/01 00:00:00",
        "LASTUPDATE": "3/10/2026",
        "AADT": "026000",
        "AADTYEAR": "2025",
        "STATENAME": "TEXAS",
        "STATEAB": "TX",
        "COUNTYNAME": "DENTON",
        "CITYNAME": "LEWISVILLE",
        "LATDD": 33.0416179,
        "LONGDD": -96.9838867,
        "gridlyProductionCertified": true,
        "gridlyClassification": "PUBLIC_ROADWAY",
        "gridlyDisplayName": "bs0121h",
        "gridlyId": "FRA-414717F"
      }
    },
    {
      "type": "Feature",
      "id": 215727,
      "geometry": {
        "type": "Point",
        "coordinates": [
          -96.9841380001386,
          33.0420119998391
        ]
      },
      "properties": {
        "OBJECTID": 215727,
        "CROSSING": "414716Y",
        "EFFDATE": 1773100800000,
        "REASON": "22",
        "StateCode": "48",
        "CountyCode": "48121",
        "STCYFIPS": "48121",
        "CITYCD": "481213960",
        "RAILROAD": "DCTA",
        "RRDIV": "CENTRAL",
        "RRSUBDIV": "DENTON",
        "HIGHWAY": "lS0000",
        "STREET": "PURNELL STREET",
        "TTSTN": "663778",
        "MILEPOST": "0737.10",
        "TYPEXING": "Public",
        "POSXING": "At Grade",
        "PRVCAT": "22",
        "INIT": "1",
        "LATITUDE": 33.042012,
        "LONGITUD": -96.984138,
        "LLSOURCE": "1",
        "WHISTBAN": "1",
        "RRCONT": "9728290901",
        "POLCONT": "9728290901",
        "INV_LINK": "https://safetydata.fra.dot.gov/OfficeofSafety/PublicSite/Crossing/Crossing.aspx?phasetype=C&rpttype=I&txtcrossingnum=414716Y",
        "ACC_LINK": "https://safetydata.fra.dot.gov/OfficeofSafety/PublicSite/Crossing/Crossing.aspx?phasetype=C&rpttype=A&txtcrossingnum=414716Y",
        "TTSTNNAM": "LEWISVILLE",
        "XPURPOSE": "1",
        "OPERATINGR": "DCTA",
        "OPERATIN_1": "Primary",
        "DAYTHRU": 50,
        "NGHTTHRU": 17,
        "MAINTRK": 1,
        "SIDINGTRK": 0,
        "YARDTRK": 0,
        "TRANSITTRK": 0,
        "INDUSTRYTR": 0,
        "OTHRTRK": 0,
        "WDCODE": "Four Quad (full barrier) Gates",
        "REVISIONDA": "2009/01/01 00:00:00",
        "LASTUPDATE": "3/10/2026",
        "AADT": "002500",
        "AADTYEAR": "2025",
        "STATENAME": "TEXAS",
        "STATEAB": "TX",
        "COUNTYNAME": "DENTON",
        "CITYNAME": "LEWISVILLE",
        "LATDD": 33.042012,
        "LONGDD": -96.984138,
        "gridlyProductionCertified": true,
        "gridlyClassification": "PUBLIC_ROADWAY",
        "gridlyDisplayName": "PURNELL STREET",
        "gridlyId": "FRA-414716Y"
      }
    },
    {
      "type": "Feature",
      "id": 215734,
      "geometry": {
        "type": "Point",
        "coordinates": [
          -97.0430596000602,
          33.1445349996295
        ]
      },
      "properties": {
        "OBJECTID": 215734,
        "CROSSING": "933968G",
        "EFFDATE": 1773100800000,
        "REASON": "22",
        "StateCode": "48",
        "CountyCode": "48121",
        "STCYFIPS": "48121",
        "CITYCD": "481211545",
        "RAILROAD": "DCTA",
        "RRDIV": "CENTRAL",
        "RRSUBDIV": "DENTON",
        "HIGHWAY": "ST 0000",
        "STREET": "S CORINTH PKWY",
        "TTSTN": "",
        "MILEPOST": "0728.69",
        "TYPEXING": "Public",
        "POSXING": "At Grade",
        "PRVCAT": "22",
        "INIT": "1",
        "LATITUDE": 33.144535,
        "LONGITUD": -97.0430596,
        "LLSOURCE": "1",
        "WHISTBAN": "1",
        "RRCONT": "9728290901",
        "POLCONT": "9728290901",
        "INV_LINK": "https://safetydata.fra.dot.gov/OfficeofSafety/PublicSite/Crossing/Crossing.aspx?phasetype=C&rpttype=I&txtcrossingnum=933968G",
        "ACC_LINK": "https://safetydata.fra.dot.gov/OfficeofSafety/PublicSite/Crossing/Crossing.aspx?phasetype=C&rpttype=A&txtcrossingnum=933968G",
        "TTSTNNAM": "",
        "XPURPOSE": "1",
        "OPERATINGR": "DCTA",
        "OPERATIN_1": "Primary",
        "DAYTHRU": 50,
        "NGHTTHRU": 17,
        "MAINTRK": 1,
        "SIDINGTRK": 0,
        "YARDTRK": 0,
        "TRANSITTRK": 0,
        "INDUSTRYTR": 0,
        "OTHRTRK": 0,
        "WDCODE": "All other Gates",
        "REVISIONDA": "2009/01/01 00:00:00",
        "LASTUPDATE": "3/10/2026",
        "AADT": "8014",
        "AADTYEAR": "2019",
        "STATENAME": "TEXAS",
        "STATEAB": "TX",
        "COUNTYNAME": "DENTON",
        "CITYNAME": "CORINTH",
        "LATDD": 33.144535,
        "LONGDD": -97.0430596,
        "gridlyProductionCertified": true,
        "gridlyClassification": "PUBLIC_ROADWAY",
        "gridlyDisplayName": "S CORINTH PKWY",
        "gridlyId": "FRA-933968G"
      }
    },
    {
      "type": "Feature",
      "id": 215735,
      "geometry": {
        "type": "Point",
        "coordinates": [
          -97.0682778999284,
          33.1632452000783
        ]
      },
      "properties": {
        "OBJECTID": 215735,
        "CROSSING": "414689E",
        "EFFDATE": 1773100800000,
        "REASON": "22",
        "StateCode": "48",
        "CountyCode": "48121",
        "STCYFIPS": "48121",
        "CITYCD": "481211545",
        "RAILROAD": "DCTA",
        "RRDIV": "CENTRAL",
        "RRSUBDIV": "DENTON",
        "HIGHWAY": "ST 0000",
        "STREET": "SHADY SHORES RD",
        "TTSTN": "663775",
        "MILEPOST": "0726.80",
        "TYPEXING": "Public",
        "POSXING": "At Grade",
        "PRVCAT": "22",
        "INIT": "1",
        "LATITUDE": 33.1632452,
        "LONGITUD": -97.0682779,
        "LLSOURCE": "1",
        "WHISTBAN": "1",
        "RRCONT": "9708290901",
        "POLCONT": "9728290901",
        "INV_LINK": "https://safetydata.fra.dot.gov/OfficeofSafety/PublicSite/Crossing/Crossing.aspx?phasetype=C&rpttype=I&txtcrossingnum=414689E",
        "ACC_LINK": "https://safetydata.fra.dot.gov/OfficeofSafety/PublicSite/Crossing/Crossing.aspx?phasetype=C&rpttype=A&txtcrossingnum=414689E",
        "TTSTNNAM": "LAKE DALLAS",
        "XPURPOSE": "1",
        "OPERATINGR": "DCTA",
        "OPERATIN_1": "Primary",
        "DAYTHRU": 50,
        "NGHTTHRU": 17,
        "MAINTRK": 1,
        "SIDINGTRK": 0,
        "YARDTRK": 0,
        "TRANSITTRK": 0,
        "INDUSTRYTR": 0,
        "OTHRTRK": 0,
        "WDCODE": "All other Gates",
        "REVISIONDA": "2009/01/01 00:00:00",
        "LASTUPDATE": "3/10/2026",
        "AADT": "6268",
        "AADTYEAR": "2019",
        "STATENAME": "TEXAS",
        "STATEAB": "TX",
        "COUNTYNAME": "DENTON",
        "CITYNAME": "CORINTH",
        "LATDD": 33.1632452,
        "LONGDD": -97.0682779,
        "gridlyProductionCertified": true,
        "gridlyClassification": "PUBLIC_ROADWAY",
        "gridlyDisplayName": "SHADY SHORES RD",
        "gridlyId": "FRA-414689E"
      }
    },
    {
      "type": "Feature",
      "id": 215809,
      "geometry": {
        "type": "Point",
        "coordinates": [
          -97.1517429996498,
          33.1725140000062
        ]
      },
      "properties": {
        "OBJECTID": 215809,
        "CROSSING": "021704S",
        "EFFDATE": 1772064000000,
        "REASON": "14",
        "StateCode": "48",
        "CountyCode": "48121",
        "STCYFIPS": "48121",
        "CITYCD": "481211840",
        "RAILROAD": "KCS",
        "RRDIV": "Speedway",
        "RRSUBDIV": "Alliance",
        "HIGHWAY": "NA",
        "STREET": "PRIVATE ROAD",
        "TTSTN": "663773",
        "MILEPOST": "0101.490",
        "TYPEXING": "Private",
        "POSXING": "At Grade",
        "PRVCAT": "14",
        "INIT": "1",
        "LATITUDE": 33.172514,
        "LONGITUD": -97.151743,
        "LLSOURCE": "1",
        "WHISTBAN": "0",
        "RRCONT": "3186766269",
        "POLCONT": "8775279464",
        "INV_LINK": "https://safetydata.fra.dot.gov/OfficeofSafety/PublicSite/Crossing/Crossing.aspx?phasetype=C&rpttype=I&txtcrossingnum=021704S",
        "ACC_LINK": "https://safetydata.fra.dot.gov/OfficeofSafety/PublicSite/Crossing/Crossing.aspx?phasetype=C&rpttype=A&txtcrossingnum=021704S",
        "TTSTNNAM": "663773",
        "XPURPOSE": "1",
        "OPERATINGR": "CPKC",
        "OPERATIN_1": "Primary",
        "DAYTHRU": 1,
        "NGHTTHRU": 1,
        "MAINTRK": 1,
        "SIDINGTRK": 0,
        "YARDTRK": 0,
        "TRANSITTRK": 0,
        "INDUSTRYTR": 0,
        "OTHRTRK": 0,
        "WDCODE": "",
        "REVISIONDA": "1975/01/01 00:00:00",
        "LASTUPDATE": "2/26/2026",
        "AADT": "1",
        "AADTYEAR": "1970",
        "STATENAME": "TEXAS",
        "STATEAB": "TX",
        "COUNTYNAME": "DENTON",
        "CITYNAME": "DENTON",
        "LATDD": 33.172514,
        "LONGDD": -97.151743,
        "gridlyProductionCertified": true,
        "gridlyClassification": "PUBLIC_ROADWAY",
        "gridlyDisplayName": "PRIVATE ROAD",
        "gridlyId": "FRA-021704S"
      }
    },
    {
      "type": "Feature",
      "id": 215822,
      "geometry": {
        "type": "Point",
        "coordinates": [
          -97.0930150001467,
          33.0994989996617
        ]
      },
      "properties": {
        "OBJECTID": 215822,
        "CROSSING": "021686W",
        "EFFDATE": 1772064000000,
        "REASON": "14",
        "StateCode": "48",
        "CountyCode": "48121",
        "STCYFIPS": "48121",
        "CITYCD": "481211542",
        "RAILROAD": "KCS",
        "RRDIV": "Speedway",
        "RRSUBDIV": "Alliance",
        "HIGHWAY": "NA",
        "STREET": "PRIVATE ROAD",
        "TTSTN": "663773",
        "MILEPOST": "0095.550",
        "TYPEXING": "Private",
        "POSXING": "At Grade",
        "PRVCAT": "14",
        "INIT": "1",
        "LATITUDE": 33.099499,
        "LONGITUD": -97.093015,
        "LLSOURCE": "1",
        "WHISTBAN": "0",
        "RRCONT": "3186766269",
        "POLCONT": "8775279464",
        "INV_LINK": "https://safetydata.fra.dot.gov/OfficeofSafety/PublicSite/Crossing/Crossing.aspx?phasetype=C&rpttype=I&txtcrossingnum=021686W",
        "ACC_LINK": "https://safetydata.fra.dot.gov/OfficeofSafety/PublicSite/Crossing/Crossing.aspx?phasetype=C&rpttype=A&txtcrossingnum=021686W",
        "TTSTNNAM": "663773",
        "XPURPOSE": "1",
        "OPERATINGR": "CPKC",
        "OPERATIN_1": "Primary",
        "DAYTHRU": 1,
        "NGHTTHRU": 1,
        "MAINTRK": 1,
        "SIDINGTRK": 0,
        "YARDTRK": 0,
        "TRANSITTRK": 0,
        "INDUSTRYTR": 0,
        "OTHRTRK": 0,
        "WDCODE": "",
        "REVISIONDA": "1975/01/01 00:00:00",
        "LASTUPDATE": "2/26/2026",
        "AADT": "1",
        "AADTYEAR": "1970",
        "STATENAME": "TEXAS",
        "STATEAB": "TX",
        "COUNTYNAME": "DENTON",
        "CITYNAME": "COPPER CANYON",
        "LATDD": 33.099499,
        "LONGDD": -97.093015,
        "gridlyProductionCertified": true,
        "gridlyClassification": "PUBLIC_ROADWAY",
        "gridlyDisplayName": "PRIVATE ROAD",
        "gridlyId": "FRA-021686W"
      }
    },
    {
      "type": "Feature",
      "id": 215967,
      "geometry": {
        "type": "Point",
        "coordinates": [
          -97.1238869999691,
          33.1334639996458
        ]
      },
      "properties": {
        "OBJECTID": 215967,
        "CROSSING": "021695V",
        "EFFDATE": 1772064000000,
        "REASON": "14",
        "StateCode": "48",
        "CountyCode": "48121",
        "STCYFIPS": "48121",
        "CITYCD": "481211840",
        "RAILROAD": "KCS",
        "RRDIV": "Speedway",
        "RRSUBDIV": "Alliance",
        "HIGHWAY": "NA",
        "STREET": "PRIVATE ROAD",
        "TTSTN": "663773",
        "MILEPOST": "0098.500",
        "TYPEXING": "Private",
        "POSXING": "RR Over",
        "PRVCAT": "14",
        "INIT": "1",
        "LATITUDE": 33.133464,
        "LONGITUD": -97.123887,
        "LLSOURCE": "1",
        "WHISTBAN": "0",
        "RRCONT": "3186766269",
        "POLCONT": "8775279464",
        "INV_LINK": "https://safetydata.fra.dot.gov/OfficeofSafety/PublicSite/Crossing/Crossing.aspx?phasetype=C&rpttype=I&txtcrossingnum=021695V",
        "ACC_LINK": "https://safetydata.fra.dot.gov/OfficeofSafety/PublicSite/Crossing/Crossing.aspx?phasetype=C&rpttype=A&txtcrossingnum=021695V",
        "TTSTNNAM": "663773",
        "XPURPOSE": "1",
        "OPERATINGR": "CPKC",
        "OPERATIN_1": "Primary",
        "DAYTHRU": 1,
        "NGHTTHRU": 1,
        "MAINTRK": 1,
        "SIDINGTRK": 0,
        "YARDTRK": 0,
        "TRANSITTRK": 0,
        "INDUSTRYTR": 0,
        "OTHRTRK": 0,
        "WDCODE": "",
        "REVISIONDA": "1975/01/01 00:00:00",
        "LASTUPDATE": "2/26/2026",
        "AADT": "1",
        "AADTYEAR": "1970",
        "STATENAME": "TEXAS",
        "STATEAB": "TX",
        "COUNTYNAME": "DENTON",
        "CITYNAME": "DENTON",
        "LATDD": 33.133464,
        "LONGDD": -97.123887,
        "gridlyProductionCertified": true,
        "gridlyClassification": "PUBLIC_ROADWAY",
        "gridlyDisplayName": "PRIVATE ROAD",
        "gridlyId": "FRA-021695V"
      }
    },
    {
      "type": "Feature",
      "id": 216027,
      "geometry": {
        "type": "Point",
        "coordinates": [
          -96.881420999562,
          33.0412741002913
        ]
      },
      "properties": {
        "OBJECTID": 216027,
        "CROSSING": "021765H",
        "EFFDATE": 1772064000000,
        "REASON": "14",
        "StateCode": "48",
        "CountyCode": "48121",
        "STCYFIPS": "48121",
        "CITYCD": "481211190",
        "RAILROAD": "KCS",
        "RRDIV": "Speedway",
        "RRSUBDIV": "Alliance",
        "HIGHWAY": "ST 0000",
        "STREET": "Josey Lane",
        "TTSTN": "393660",
        "MILEPOST": "0082.220",
        "TYPEXING": "Public",
        "POSXING": "At Grade",
        "PRVCAT": "14",
        "INIT": "1",
        "LATITUDE": 33.0412741,
        "LONGITUD": -96.881421,
        "LLSOURCE": "1",
        "WHISTBAN": "0",
        "RRCONT": "3186766269",
        "POLCONT": "8775279464",
        "INV_LINK": "https://safetydata.fra.dot.gov/OfficeofSafety/PublicSite/Crossing/Crossing.aspx?phasetype=C&rpttype=I&txtcrossingnum=021765H",
        "ACC_LINK": "https://safetydata.fra.dot.gov/OfficeofSafety/PublicSite/Crossing/Crossing.aspx?phasetype=C&rpttype=A&txtcrossingnum=021765H",
        "TTSTNNAM": "393660",
        "XPURPOSE": "1",
        "OPERATINGR": "CPKC",
        "OPERATIN_1": "Primary",
        "DAYTHRU": 1,
        "NGHTTHRU": 1,
        "MAINTRK": 1,
        "SIDINGTRK": 0,
        "YARDTRK": 0,
        "TRANSITTRK": 0,
        "INDUSTRYTR": 0,
        "OTHRTRK": 1,
        "WDCODE": "All other Gates",
        "REVISIONDA": "1975/01/01 00:00:00",
        "LASTUPDATE": "2/26/2026",
        "AADT": "27677",
        "AADTYEAR": "2019",
        "STATENAME": "TEXAS",
        "STATEAB": "TX",
        "COUNTYNAME": "DENTON",
        "CITYNAME": "CARROLLTON",
        "LATDD": 33.0412741,
        "LONGDD": -96.881421,
        "gridlyProductionCertified": true,
        "gridlyClassification": "PUBLIC_ROADWAY",
        "gridlyDisplayName": "Josey Lane",
        "gridlyId": "FRA-021765H"
      }
    },
    {
      "type": "Feature",
      "id": 216036,
      "geometry": {
        "type": "Point",
        "coordinates": [
          -97.1655499995655,
          33.205030000117
        ]
      },
      "properties": {
        "OBJECTID": 216036,
        "CROSSING": "021716L",
        "EFFDATE": 1772064000000,
        "REASON": "14",
        "StateCode": "48",
        "CountyCode": "48121",
        "STCYFIPS": "48121",
        "CITYCD": "481211840",
        "RAILROAD": "KCS",
        "RRDIV": "Speedway",
        "RRSUBDIV": "Alliance",
        "HIGHWAY": "FM 1515",
        "STREET": "AIRPORT RD",
        "TTSTN": "663730",
        "MILEPOST": "0104.040",
        "TYPEXING": "Public",
        "POSXING": "RR Under",
        "PRVCAT": "14",
        "INIT": "1",
        "LATITUDE": 33.20503,
        "LONGITUD": -97.16555,
        "LLSOURCE": "1",
        "WHISTBAN": "0",
        "RRCONT": "3186766269",
        "POLCONT": "8775279464",
        "INV_LINK": "https://safetydata.fra.dot.gov/OfficeofSafety/PublicSite/Crossing/Crossing.aspx?phasetype=C&rpttype=I&txtcrossingnum=021716L",
        "ACC_LINK": "https://safetydata.fra.dot.gov/OfficeofSafety/PublicSite/Crossing/Crossing.aspx?phasetype=C&rpttype=A&txtcrossingnum=021716L",
        "TTSTNNAM": "663730",
        "XPURPOSE": "1",
        "OPERATINGR": "CPKC",
        "OPERATIN_1": "Primary",
        "DAYTHRU": 1,
        "NGHTTHRU": 1,
        "MAINTRK": 1,
        "SIDINGTRK": 0,
        "YARDTRK": 0,
        "TRANSITTRK": 0,
        "INDUSTRYTR": 0,
        "OTHRTRK": 0,
        "WDCODE": "",
        "REVISIONDA": "1975/01/01 00:00:00",
        "LASTUPDATE": "2/26/2026",
        "AADT": "9300",
        "AADTYEAR": "2011",
        "STATENAME": "TEXAS",
        "STATEAB": "TX",
        "COUNTYNAME": "DENTON",
        "CITYNAME": "DENTON",
        "LATDD": 33.20503,
        "LONGDD": -97.16555,
        "gridlyProductionCertified": true,
        "gridlyClassification": "PUBLIC_ROADWAY",
        "gridlyDisplayName": "AIRPORT RD",
        "gridlyId": "FRA-021716L"
      }
    },
    {
      "type": "Feature",
      "id": 216037,
      "geometry": {
        "type": "Point",
        "coordinates": [
          -97.1408759997078,
          33.1592389997462
        ]
      },
      "properties": {
        "OBJECTID": 216037,
        "CROSSING": "021699X",
        "EFFDATE": 1772064000000,
        "REASON": "14",
        "StateCode": "48",
        "CountyCode": "48121",
        "STCYFIPS": "48121",
        "CITYCD": "481211840",
        "RAILROAD": "KCS",
        "RRDIV": "Speedway",
        "RRSUBDIV": "Alliance",
        "HIGHWAY": "NA",
        "STREET": "PRIVATE ROAD",
        "TTSTN": "663773",
        "MILEPOST": "0100.540",
        "TYPEXING": "Private",
        "POSXING": "At Grade",
        "PRVCAT": "14",
        "INIT": "1",
        "LATITUDE": 33.159239,
        "LONGITUD": -97.140876,
        "LLSOURCE": "1",
        "WHISTBAN": "0",
        "RRCONT": "3186766269",
        "POLCONT": "8775279464",
        "INV_LINK": "https://safetydata.fra.dot.gov/OfficeofSafety/PublicSite/Crossing/Crossing.aspx?phasetype=C&rpttype=I&txtcrossingnum=021699X",
        "ACC_LINK": "https://safetydata.fra.dot.gov/OfficeofSafety/PublicSite/Crossing/Crossing.aspx?phasetype=C&rpttype=A&txtcrossingnum=021699X",
        "TTSTNNAM": "663773",
        "XPURPOSE": "1",
        "OPERATINGR": "CPKC",
        "OPERATIN_1": "Primary",
        "DAYTHRU": 1,
        "NGHTTHRU": 1,
        "MAINTRK": 1,
        "SIDINGTRK": 0,
        "YARDTRK": 0,
        "TRANSITTRK": 0,
        "INDUSTRYTR": 0,
        "OTHRTRK": 0,
        "WDCODE": "",
        "REVISIONDA": "1975/01/01 00:00:00",
        "LASTUPDATE": "2/26/2026",
        "AADT": "1",
        "AADTYEAR": "1970",
        "STATENAME": "TEXAS",
        "STATEAB": "TX",
        "COUNTYNAME": "DENTON",
        "CITYNAME": "DENTON",
        "LATDD": 33.159239,
        "LONGDD": -97.140876,
        "gridlyProductionCertified": true,
        "gridlyClassification": "PUBLIC_ROADWAY",
        "gridlyDisplayName": "PRIVATE ROAD",
        "gridlyId": "FRA-021699X"
      }
    },
    {
      "type": "Feature",
      "id": 216283,
      "geometry": {
        "type": "Point",
        "coordinates": [
          -97.1252109999169,
          33.2063750000044
        ]
      },
      "properties": {
        "OBJECTID": 216283,
        "CROSSING": "414676D",
        "EFFDATE": 1773014400000,
        "REASON": "22",
        "StateCode": "48",
        "CountyCode": "48121",
        "STCYFIPS": "48121",
        "CITYCD": "481211840",
        "RAILROAD": "DCTA",
        "RRDIV": "CENTRAL",
        "RRSUBDIV": "DENTON",
        "HIGHWAY": "ST 0000",
        "STREET": "MORSE STREET",
        "TTSTN": "663730",
        "MILEPOST": "0722.10",
        "TYPEXING": "Public",
        "POSXING": "At Grade",
        "PRVCAT": "22",
        "INIT": "1",
        "LATITUDE": 33.206375,
        "LONGITUD": -97.125211,
        "LLSOURCE": "1",
        "WHISTBAN": "1",
        "RRCONT": "9728290901",
        "POLCONT": "9728290901",
        "INV_LINK": "https://safetydata.fra.dot.gov/OfficeofSafety/PublicSite/Crossing/Crossing.aspx?phasetype=C&rpttype=I&txtcrossingnum=414676D",
        "ACC_LINK": "https://safetydata.fra.dot.gov/OfficeofSafety/PublicSite/Crossing/Crossing.aspx?phasetype=C&rpttype=A&txtcrossingnum=414676D",
        "TTSTNNAM": "DENTON",
        "XPURPOSE": "1",
        "OPERATINGR": "DCTA",
        "OPERATIN_1": "Primary",
        "DAYTHRU": 50,
        "NGHTTHRU": 17,
        "MAINTRK": 1,
        "SIDINGTRK": 0,
        "YARDTRK": 0,
        "TRANSITTRK": 1,
        "INDUSTRYTR": 0,
        "OTHRTRK": 0,
        "WDCODE": "Four Quad (full barrier) Gates",
        "REVISIONDA": "2009/01/01 00:00:00",
        "LASTUPDATE": "3/9/2026",
        "AADT": "2841",
        "AADTYEAR": "2025",
        "STATENAME": "TEXAS",
        "STATEAB": "TX",
        "COUNTYNAME": "DENTON",
        "CITYNAME": "DENTON",
        "LATDD": 33.206375,
        "LONGDD": -97.125211,
        "gridlyProductionCertified": true,
        "gridlyClassification": "PUBLIC_ROADWAY",
        "gridlyDisplayName": "MORSE STREET",
        "gridlyId": "FRA-414676D"
      }
    },
    {
      "type": "Feature",
      "id": 216284,
      "geometry": {
        "type": "Point",
        "coordinates": [
          -97.1264770001384,
          33.2105990000079
        ]
      },
      "properties": {
        "OBJECTID": 216284,
        "CROSSING": "795446C",
        "EFFDATE": 1773014400000,
        "REASON": "22",
        "StateCode": "48",
        "CountyCode": "48121",
        "STCYFIPS": "48121",
        "CITYCD": "481211840",
        "RAILROAD": "DCTA",
        "RRDIV": "CENTRAL",
        "RRSUBDIV": "DENTON",
        "HIGHWAY": "ST 0000",
        "STREET": "PRAIRIE ST",
        "TTSTN": "663730",
        "MILEPOST": "0721.90",
        "TYPEXING": "Public",
        "POSXING": "At Grade",
        "PRVCAT": "22",
        "INIT": "1",
        "LATITUDE": 33.210599,
        "LONGITUD": -97.126477,
        "LLSOURCE": "1",
        "WHISTBAN": "1",
        "RRCONT": "9728290901",
        "POLCONT": "9728290901",
        "INV_LINK": "https://safetydata.fra.dot.gov/OfficeofSafety/PublicSite/Crossing/Crossing.aspx?phasetype=C&rpttype=I&txtcrossingnum=795446C",
        "ACC_LINK": "https://safetydata.fra.dot.gov/OfficeofSafety/PublicSite/Crossing/Crossing.aspx?phasetype=C&rpttype=A&txtcrossingnum=795446C",
        "TTSTNNAM": "DENTON",
        "XPURPOSE": "1",
        "OPERATINGR": "DCTA",
        "OPERATIN_1": "Primary",
        "DAYTHRU": 50,
        "NGHTTHRU": 17,
        "MAINTRK": 1,
        "SIDINGTRK": 0,
        "YARDTRK": 0,
        "TRANSITTRK": 0,
        "INDUSTRYTR": 0,
        "OTHRTRK": 0,
        "WDCODE": "All other Gates",
        "REVISIONDA": "2009/01/01 00:00:00",
        "LASTUPDATE": "3/9/2026",
        "AADT": "657",
        "AADTYEAR": "2025",
        "STATENAME": "TEXAS",
        "STATEAB": "TX",
        "COUNTYNAME": "DENTON",
        "CITYNAME": "DENTON",
        "LATDD": 33.210599,
        "LONGDD": -97.126477,
        "gridlyProductionCertified": true,
        "gridlyClassification": "PUBLIC_ROADWAY",
        "gridlyDisplayName": "PRAIRIE ST",
        "gridlyId": "FRA-795446C"
      }
    },
    {
      "type": "Feature",
      "id": 216413,
      "geometry": {
        "type": "Point",
        "coordinates": [
          -96.9694718002812,
          33.3414795003213
        ]
      },
      "properties": {
        "OBJECTID": 216413,
        "CROSSING": "795296W",
        "EFFDATE": 1776038400000,
        "REASON": "14",
        "StateCode": "48",
        "CountyCode": "48121",
        "STCYFIPS": "48121",
        "CITYCD": "481210320",
        "RAILROAD": "UP",
        "RRDIV": "TEXOMA",
        "RRSUBDIV": "Choctaw Sub",
        "HIGHWAY": "NA",
        "STREET": "BELEW ROAD",
        "TTSTN": "663714",
        "MILEPOST": "0705.570",
        "TYPEXING": "Public",
        "POSXING": "At Grade",
        "PRVCAT": "14",
        "INIT": "1",
        "LATITUDE": 33.3414795,
        "LONGITUD": -96.9694718,
        "LLSOURCE": "1",
        "WHISTBAN": "0",
        "RRCONT": "4025443721",
        "POLCONT": "8008488715",
        "INV_LINK": "https://safetydata.fra.dot.gov/OfficeofSafety/PublicSite/Crossing/Crossing.aspx?phasetype=C&rpttype=I&txtcrossingnum=795296W",
        "ACC_LINK": "https://safetydata.fra.dot.gov/OfficeofSafety/PublicSite/Crossing/Crossing.aspx?phasetype=C&rpttype=A&txtcrossingnum=795296W",
        "TTSTNNAM": "",
        "XPURPOSE": "1",
        "OPERATINGR": "UP",
        "OPERATIN_1": "Primary",
        "DAYTHRU": 9,
        "NGHTTHRU": 8,
        "MAINTRK": 1,
        "SIDINGTRK": 0,
        "YARDTRK": 0,
        "TRANSITTRK": 0,
        "INDUSTRYTR": 0,
        "OTHRTRK": 0,
        "WDCODE": "All other Gates",
        "REVISIONDA": "1975/01/01 00:00:00",
        "LASTUPDATE": "4/13/2026",
        "AADT": "112",
        "AADTYEAR": "2019",
        "STATENAME": "TEXAS",
        "STATEAB": "TX",
        "COUNTYNAME": "DENTON",
        "CITYNAME": "AUBREY",
        "LATDD": 33.3414795,
        "LONGDD": -96.9694718,
        "gridlyProductionCertified": true,
        "gridlyClassification": "PUBLIC_ROADWAY",
        "gridlyDisplayName": "BELEW ROAD",
        "gridlyId": "FRA-795296W"
      }
    },
    {
      "type": "Feature",
      "id": 216470,
      "geometry": {
        "type": "Point",
        "coordinates": [
          -97.3060259996673,
          33.0389341001776
        ]
      },
      "properties": {
        "OBJECTID": 216470,
        "CROSSING": "020551M",
        "EFFDATE": 1776211200000,
        "REASON": "14",
        "StateCode": "48",
        "CountyCode": "48121",
        "STCYFIPS": "48121",
        "CITYCD": "484392450",
        "RAILROAD": "WMSX",
        "RRDIV": "#N\\A",
        "RRSUBDIV": "#N\\A",
        "HIGHWAY": "LS0000",
        "STREET": "PETTY PLACE",
        "TTSTN": "663795",
        "MILEPOST": "0367.207",
        "TYPEXING": "Public",
        "POSXING": "At Grade",
        "PRVCAT": "14",
        "INIT": "2",
        "LATITUDE": 33.0389341,
        "LONGITUD": -97.306026,
        "LLSOURCE": "1",
        "WHISTBAN": "0",
        "RRCONT": "8173047623",
        "POLCONT": "8173047623",
        "INV_LINK": "https://safetydata.fra.dot.gov/OfficeofSafety/PublicSite/Crossing/Crossing.aspx?phasetype=C&rpttype=I&txtcrossingnum=020551M",
        "ACC_LINK": "https://safetydata.fra.dot.gov/OfficeofSafety/PublicSite/Crossing/Crossing.aspx?phasetype=C&rpttype=A&txtcrossingnum=020551M",
        "TTSTNNAM": "",
        "XPURPOSE": "1",
        "OPERATINGR": "WMSX",
        "OPERATIN_1": "Primary",
        "DAYTHRU": 1,
        "NGHTTHRU": 1,
        "MAINTRK": 1,
        "SIDINGTRK": 0,
        "YARDTRK": 0,
        "TRANSITTRK": 0,
        "INDUSTRYTR": 0,
        "OTHRTRK": 0,
        "WDCODE": "All other Gates",
        "REVISIONDA": "2019/12/12 00:00:00",
        "LASTUPDATE": "4/15/2026",
        "AADT": "000210",
        "AADTYEAR": "2009",
        "STATENAME": "TEXAS",
        "STATEAB": "TX",
        "COUNTYNAME": "DENTON",
        "CITYNAME": "FORT WORTH",
        "LATDD": 33.0389341,
        "LONGDD": -97.306026,
        "gridlyProductionCertified": true,
        "gridlyClassification": "PUBLIC_ROADWAY",
        "gridlyDisplayName": "PETTY PLACE",
        "gridlyId": "FRA-020551M"
      }
    },
    {
      "type": "Feature",
      "id": 216517,
      "geometry": {
        "type": "Point",
        "coordinates": [
          -97.2948775997675,
          33.088385400217
        ]
      },
      "properties": {
        "OBJECTID": 216517,
        "CROSSING": "020557D",
        "EFFDATE": 1776297600000,
        "REASON": "14",
        "StateCode": "48",
        "CountyCode": "48121",
        "STCYFIPS": "48121",
        "CITYCD": "481213560",
        "RAILROAD": "BNSF",
        "RRDIV": "RED RIVER",
        "RRSUBDIV": "FT WORTH",
        "HIGHWAY": "FM0407",
        "STREET": "FM0407 / FIFTH STREET",
        "TTSTN": "663795",
        "MILEPOST": "0370.735",
        "TYPEXING": "Public",
        "POSXING": "At Grade",
        "PRVCAT": "14",
        "INIT": "2",
        "LATITUDE": 33.0883854,
        "LONGITUD": -97.2948776,
        "LLSOURCE": "1",
        "WHISTBAN": "0",
        "RRCONT": "8173521549",
        "POLCONT": "8008325452",
        "INV_LINK": "https://safetydata.fra.dot.gov/OfficeofSafety/PublicSite/Crossing/Crossing.aspx?phasetype=C&rpttype=I&txtcrossingnum=020557D",
        "ACC_LINK": "https://safetydata.fra.dot.gov/OfficeofSafety/PublicSite/Crossing/Crossing.aspx?phasetype=C&rpttype=A&txtcrossingnum=020557D",
        "TTSTNNAM": "JUSTIN",
        "XPURPOSE": "1",
        "OPERATINGR": "BNSF",
        "OPERATIN_1": "Primary",
        "DAYTHRU": 11,
        "NGHTTHRU": 10,
        "MAINTRK": 1,
        "SIDINGTRK": 1,
        "YARDTRK": 1,
        "TRANSITTRK": 0,
        "INDUSTRYTR": 0,
        "OTHRTRK": 2,
        "WDCODE": "All other Gates",
        "REVISIONDA": "1996/01/01 00:00:00",
        "LASTUPDATE": "4/16/2026",
        "AADT": "8521",
        "AADTYEAR": "2023",
        "STATENAME": "TEXAS",
        "STATEAB": "TX",
        "COUNTYNAME": "DENTON",
        "CITYNAME": "JUSTIN",
        "LATDD": 33.0883854,
        "LONGDD": -97.2948776,
        "gridlyProductionCertified": true,
        "gridlyClassification": "PUBLIC_ROADWAY",
        "gridlyDisplayName": "FM0407 / FIFTH STREET",
        "gridlyId": "FRA-020557D"
      }
    },
    {
      "type": "Feature",
      "id": 216578,
      "geometry": {
        "type": "Point",
        "coordinates": [
          -97.2953235998314,
          33.0846404000958
        ]
      },
      "properties": {
        "OBJECTID": 216578,
        "CROSSING": "020811D",
        "EFFDATE": 1777334400000,
        "REASON": "14",
        "StateCode": "48",
        "CountyCode": "48121",
        "STCYFIPS": "48121",
        "CITYCD": "481213560",
        "RAILROAD": "BNSF",
        "RRDIV": "RED RIVER",
        "RRSUBDIV": "FT WORTH",
        "HIGHWAY": "LS0000",
        "STREET": "DOWNE ROAD",
        "TTSTN": "",
        "MILEPOST": "0370.470",
        "TYPEXING": "Public",
        "POSXING": "At Grade",
        "PRVCAT": "14",
        "INIT": "2",
        "LATITUDE": 33.0846404,
        "LONGITUD": -97.2953236,
        "LLSOURCE": "1",
        "WHISTBAN": "",
        "RRCONT": "8173521549",
        "POLCONT": "8008325452",
        "INV_LINK": "https://safetydata.fra.dot.gov/OfficeofSafety/PublicSite/Crossing/Crossing.aspx?phasetype=C&rpttype=I&txtcrossingnum=020811D",
        "ACC_LINK": "https://safetydata.fra.dot.gov/OfficeofSafety/PublicSite/Crossing/Crossing.aspx?phasetype=C&rpttype=A&txtcrossingnum=020811D",
        "TTSTNNAM": "",
        "XPURPOSE": "1",
        "OPERATINGR": "BNSF",
        "OPERATIN_1": "Primary",
        "DAYTHRU": 11,
        "NGHTTHRU": 10,
        "MAINTRK": 1,
        "SIDINGTRK": 1,
        "YARDTRK": 1,
        "TRANSITTRK": 0,
        "INDUSTRYTR": 0,
        "OTHRTRK": 0,
        "WDCODE": "All other Gates",
        "REVISIONDA": "1996/01/01 00:00:00",
        "LASTUPDATE": "4/28/2026",
        "AADT": "493",
        "AADTYEAR": "2024",
        "STATENAME": "TEXAS",
        "STATEAB": "TX",
        "COUNTYNAME": "DENTON",
        "CITYNAME": "JUSTIN",
        "LATDD": 33.0846404,
        "LONGDD": -97.2953236,
        "gridlyProductionCertified": true,
        "gridlyClassification": "PUBLIC_ROADWAY",
        "gridlyDisplayName": "DOWNE ROAD",
        "gridlyId": "FRA-020811D"
      }
    }
  ]
}
