{
  "type": "FeatureCollection",
  "features": [
    {
      "type": "Feature",
      "id": 201318,
      "geometry": {
        "type": "Point",
        "coordinates": [
          -98.4134158001554,
          30.641417600175
        ]
      },
      "properties": {
        "OBJECTID": 201318,
        "CROSSING": "745284R",
        "EFFDATE": 1624233600000,
        "REASON": "21",
        "StateCode": "48",
        "CountyCode": "48053",
        "STCYFIPS": "48053",
        "CITYCD": "482993699",
        "RAILROAD": "AWRR",
        "RRDIV": "cmta",
        "RRSUBDIV": "west",
        "HIGHWAY": "CO 0127",
        "STREET": "CR 0127",
        "TTSTN": "689430",
        "MILEPOST": "0132.12",
        "TYPEXING": "Public",
        "POSXING": "At Grade",
        "PRVCAT": "21",
        "INIT": "1",
        "LATITUDE": 30.6414176,
        "LONGITUD": -98.4134158,
        "LLSOURCE": "2",
        "WHISTBAN": "0",
        "RRCONT": "5123444000",
        "POLCONT": "8445928046",
        "INV_LINK": "https://safetydata.fra.dot.gov/OfficeofSafety/PublicSite/Crossing/Crossing.aspx?phasetype=C&rpttype=I&txtcrossingnum=745284R",
        "ACC_LINK": "https://safetydata.fra.dot.gov/OfficeofSafety/PublicSite/Crossing/Crossing.aspx?phasetype=C&rpttype=A&txtcrossingnum=745284R",
        "TTSTNNAM": "Kingsland ",
        "XPURPOSE": "1",
        "OPERATINGR": "AWRR",
        "OPERATIN_1": "Primary",
        "DAYTHRU": 0,
        "NGHTTHRU": 0,
        "MAINTRK": 1,
        "SIDINGTRK": 0,
        "YARDTRK": 0,
        "TRANSITTRK": 0,
        "INDUSTRYTR": 0,
        "OTHRTRK": 0,
        "WDCODE": "Crossbucks",
        "REVISIONDA": "2007/01/01 00:00:00",
        "LASTUPDATE": "6/21/2021",
        "AADT": "000190",
        "AADTYEAR": "2010",
        "STATENAME": "TEXAS",
        "STATEAB": "TX",
        "COUNTYNAME": "BURNET",
        "CITYNAME": "KINGSLAND",
        "LATDD": 30.6414176,
        "LONGDD": -98.4134158,
        "gridlyProductionCertified": true,
        "gridlyClassification": "PUBLIC_ROADWAY",
        "gridlyDisplayName": "CR 0127",
        "gridlyId": "FRA-745284R"
      }
    },
    {
      "type": "Feature",
      "id": 201319,
      "geometry": {
        "type": "Point",
        "coordinates": [
          -98.4185650996708,
          30.6499260999713
        ]
      },
      "properties": {
        "OBJECTID": 201319,
        "CROSSING": "745298Y",
        "EFFDATE": 1624233600000,
        "REASON": "21",
        "StateCode": "48",
        "CountyCode": "48053",
        "STCYFIPS": "48053",
        "CITYCD": "482993699",
        "RAILROAD": "AWRR",
        "RRDIV": "cmta",
        "RRSUBDIV": "west",
        "HIGHWAY": "road ",
        "STREET": "mountain view ",
        "TTSTN": "689430",
        "MILEPOST": "0132.78",
        "TYPEXING": "Public",
        "POSXING": "At Grade",
        "PRVCAT": "21",
        "INIT": "1",
        "LATITUDE": 30.6499261,
        "LONGITUD": -98.4185651,
        "LLSOURCE": "2",
        "WHISTBAN": "0",
        "RRCONT": "5123444000",
        "POLCONT": "8445928046",
        "INV_LINK": "https://safetydata.fra.dot.gov/OfficeofSafety/PublicSite/Crossing/Crossing.aspx?phasetype=C&rpttype=I&txtcrossingnum=745298Y",
        "ACC_LINK": "https://safetydata.fra.dot.gov/OfficeofSafety/PublicSite/Crossing/Crossing.aspx?phasetype=C&rpttype=A&txtcrossingnum=745298Y",
        "TTSTNNAM": "Kingsland",
        "XPURPOSE": "1",
        "OPERATINGR": "AWRR",
        "OPERATIN_1": "Primary",
        "DAYTHRU": 0,
        "NGHTTHRU": 0,
        "MAINTRK": 1,
        "SIDINGTRK": 0,
        "YARDTRK": 0,
        "TRANSITTRK": 0,
        "INDUSTRYTR": 0,
        "OTHRTRK": 0,
        "WDCODE": "No signs or signals",
        "REVISIONDA": "2007/01/01 00:00:00",
        "LASTUPDATE": "6/21/2021",
        "AADT": "",
        "AADTYEAR": "1970",
        "STATENAME": "TEXAS",
        "STATEAB": "TX",
        "COUNTYNAME": "BURNET",
        "CITYNAME": "KINGSLAND",
        "LATDD": 30.6499261,
        "LONGDD": -98.4185651,
        "gridlyProductionCertified": true,
        "gridlyClassification": "PUBLIC_ROADWAY",
        "gridlyDisplayName": "mountain view",
        "gridlyId": "FRA-745298Y"
      }
    },
    {
      "type": "Feature",
      "id": 201320,
      "geometry": {
        "type": "Point",
        "coordinates": [
          -98.4194649995831,
          30.651656399871
        ]
      },
      "properties": {
        "OBJECTID": 201320,
        "CROSSING": "745297S",
        "EFFDATE": 1624233600000,
        "REASON": "21",
        "StateCode": "48",
        "CountyCode": "48053",
        "STCYFIPS": "48053",
        "CITYCD": "482993699",
        "RAILROAD": "AWRR",
        "RRDIV": "cmta",
        "RRSUBDIV": "west",
        "HIGHWAY": "road ",
        "STREET": "rain drop road ",
        "TTSTN": "689430",
        "MILEPOST": "0132.92",
        "TYPEXING": "Public",
        "POSXING": "At Grade",
        "PRVCAT": "21",
        "INIT": "1",
        "LATITUDE": 30.6516564,
        "LONGITUD": -98.419465,
        "LLSOURCE": "2",
        "WHISTBAN": "0",
        "RRCONT": "5123444000",
        "POLCONT": "8445928046",
        "INV_LINK": "https://safetydata.fra.dot.gov/OfficeofSafety/PublicSite/Crossing/Crossing.aspx?phasetype=C&rpttype=I&txtcrossingnum=745297S",
        "ACC_LINK": "https://safetydata.fra.dot.gov/OfficeofSafety/PublicSite/Crossing/Crossing.aspx?phasetype=C&rpttype=A&txtcrossingnum=745297S",
        "TTSTNNAM": "Kingsland",
        "XPURPOSE": "1",
        "OPERATINGR": "AWRR",
        "OPERATIN_1": "Primary",
        "DAYTHRU": 0,
        "NGHTTHRU": 0,
        "MAINTRK": 1,
        "SIDINGTRK": 0,
        "YARDTRK": 0,
        "TRANSITTRK": 0,
        "INDUSTRYTR": 0,
        "OTHRTRK": 0,
        "WDCODE": "No signs or signals",
        "REVISIONDA": "2007/01/01 00:00:00",
        "LASTUPDATE": "6/21/2021",
        "AADT": "",
        "AADTYEAR": "1970",
        "STATENAME": "TEXAS",
        "STATEAB": "TX",
        "COUNTYNAME": "BURNET",
        "CITYNAME": "KINGSLAND",
        "LATDD": 30.6516564,
        "LONGDD": -98.419465,
        "gridlyProductionCertified": true,
        "gridlyClassification": "PUBLIC_ROADWAY",
        "gridlyDisplayName": "rain drop road",
        "gridlyId": "FRA-745297S"
      }
    },
    {
      "type": "Feature",
      "id": 201323,
      "geometry": {
        "type": "Point",
        "coordinates": [
          -98.4228771998842,
          30.6549506002799
        ]
      },
      "properties": {
        "OBJECTID": 201323,
        "CROSSING": "745286E",
        "EFFDATE": 1624233600000,
        "REASON": "21",
        "StateCode": "48",
        "CountyCode": "48053",
        "STCYFIPS": "48053",
        "CITYCD": "482993699",
        "RAILROAD": "AWRR",
        "RRDIV": "cmta",
        "RRSUBDIV": "west",
        "HIGHWAY": "CO 0000",
        "STREET": "CAMPA PAJAMA",
        "TTSTN": "689430",
        "MILEPOST": "0133.22",
        "TYPEXING": "Public",
        "POSXING": "At Grade",
        "PRVCAT": "21",
        "INIT": "1",
        "LATITUDE": 30.6549506,
        "LONGITUD": -98.4228772,
        "LLSOURCE": "2",
        "WHISTBAN": "0",
        "RRCONT": "5123444000",
        "POLCONT": "8445928046",
        "INV_LINK": "https://safetydata.fra.dot.gov/OfficeofSafety/PublicSite/Crossing/Crossing.aspx?phasetype=C&rpttype=I&txtcrossingnum=745286E",
        "ACC_LINK": "https://safetydata.fra.dot.gov/OfficeofSafety/PublicSite/Crossing/Crossing.aspx?phasetype=C&rpttype=A&txtcrossingnum=745286E",
        "TTSTNNAM": "Kingsland",
        "XPURPOSE": "1",
        "OPERATINGR": "AWRR",
        "OPERATIN_1": "Primary",
        "DAYTHRU": 0,
        "NGHTTHRU": 0,
        "MAINTRK": 1,
        "SIDINGTRK": 0,
        "YARDTRK": 0,
        "TRANSITTRK": 0,
        "INDUSTRYTR": 0,
        "OTHRTRK": 0,
        "WDCODE": "Crossbucks",
        "REVISIONDA": "2007/01/01 00:00:00",
        "LASTUPDATE": "6/21/2021",
        "AADT": "000050",
        "AADTYEAR": "1992",
        "STATENAME": "TEXAS",
        "STATEAB": "TX",
        "COUNTYNAME": "BURNET",
        "CITYNAME": "KINGSLAND",
        "LATDD": 30.6549506,
        "LONGDD": -98.4228772,
        "gridlyProductionCertified": true,
        "gridlyClassification": "PUBLIC_ROADWAY",
        "gridlyDisplayName": "CAMPA PAJAMA",
        "gridlyId": "FRA-745286E"
      }
    },
    {
      "type": "Feature",
      "id": 201324,
      "geometry": {
        "type": "Point",
        "coordinates": [
          -98.426736400074,
          30.6566377000061
        ]
      },
      "properties": {
        "OBJECTID": 201324,
        "CROSSING": "745287L",
        "EFFDATE": 1624233600000,
        "REASON": "21",
        "StateCode": "48",
        "CountyCode": "48053",
        "STCYFIPS": "48053",
        "CITYCD": "482993699",
        "RAILROAD": "AWRR",
        "RRDIV": "cmta",
        "RRSUBDIV": "west",
        "HIGHWAY": "CO 0000",
        "STREET": "CAMPA PAJAMA",
        "TTSTN": "689430",
        "MILEPOST": "0133.48",
        "TYPEXING": "Public",
        "POSXING": "At Grade",
        "PRVCAT": "21",
        "INIT": "1",
        "LATITUDE": 30.6566377,
        "LONGITUD": -98.4267364,
        "LLSOURCE": "2",
        "WHISTBAN": "0",
        "RRCONT": "5123444000",
        "POLCONT": "8445928046",
        "INV_LINK": "https://safetydata.fra.dot.gov/OfficeofSafety/PublicSite/Crossing/Crossing.aspx?phasetype=C&rpttype=I&txtcrossingnum=745287L",
        "ACC_LINK": "https://safetydata.fra.dot.gov/OfficeofSafety/PublicSite/Crossing/Crossing.aspx?phasetype=C&rpttype=A&txtcrossingnum=745287L",
        "TTSTNNAM": "KINGSVILLE",
        "XPURPOSE": "1",
        "OPERATINGR": "AWRR",
        "OPERATIN_1": "Primary",
        "DAYTHRU": 0,
        "NGHTTHRU": 0,
        "MAINTRK": 1,
        "SIDINGTRK": 0,
        "YARDTRK": 0,
        "TRANSITTRK": 0,
        "INDUSTRYTR": 0,
        "OTHRTRK": 0,
        "WDCODE": "Crossbucks",
        "REVISIONDA": "2007/01/01 00:00:00",
        "LASTUPDATE": "6/21/2021",
        "AADT": "000270",
        "AADTYEAR": "1992",
        "STATENAME": "TEXAS",
        "STATEAB": "TX",
        "COUNTYNAME": "BURNET",
        "CITYNAME": "KINGSLAND",
        "LATDD": 30.6566377,
        "LONGDD": -98.4267364,
        "gridlyProductionCertified": true,
        "gridlyClassification": "PUBLIC_ROADWAY",
        "gridlyDisplayName": "CAMPA PAJAMA",
        "gridlyId": "FRA-745287L"
      }
    },
    {
      "type": "Feature",
      "id": 201325,
      "geometry": {
        "type": "Point",
        "coordinates": [
          -98.4176942997838,
          30.6476777997249
        ]
      },
      "properties": {
        "OBJECTID": 201325,
        "CROSSING": "745285X",
        "EFFDATE": 1624233600000,
        "REASON": "21",
        "StateCode": "48",
        "CountyCode": "48053",
        "STCYFIPS": "48053",
        "CITYCD": "482993699",
        "RAILROAD": "AWRR",
        "RRDIV": "cmta",
        "RRSUBDIV": "west",
        "HIGHWAY": "CO 0000",
        "STREET": "SCENIC LP",
        "TTSTN": "689430",
        "MILEPOST": "0132.62",
        "TYPEXING": "Public",
        "POSXING": "At Grade",
        "PRVCAT": "21",
        "INIT": "1",
        "LATITUDE": 30.6476778,
        "LONGITUD": -98.4176943,
        "LLSOURCE": "2",
        "WHISTBAN": "0",
        "RRCONT": "5123444000",
        "POLCONT": "8445928046",
        "INV_LINK": "https://safetydata.fra.dot.gov/OfficeofSafety/PublicSite/Crossing/Crossing.aspx?phasetype=C&rpttype=I&txtcrossingnum=745285X",
        "ACC_LINK": "https://safetydata.fra.dot.gov/OfficeofSafety/PublicSite/Crossing/Crossing.aspx?phasetype=C&rpttype=A&txtcrossingnum=745285X",
        "TTSTNNAM": "Kingsland",
        "XPURPOSE": "1",
        "OPERATINGR": "AWRR",
        "OPERATIN_1": "Primary",
        "DAYTHRU": 0,
        "NGHTTHRU": 0,
        "MAINTRK": 1,
        "SIDINGTRK": 0,
        "YARDTRK": 0,
        "TRANSITTRK": 0,
        "INDUSTRYTR": 0,
        "OTHRTRK": 0,
        "WDCODE": "Crossbucks",
        "REVISIONDA": "2007/01/01 00:00:00",
        "LASTUPDATE": "6/21/2021",
        "AADT": "000010",
        "AADTYEAR": "1992",
        "STATENAME": "TEXAS",
        "STATEAB": "TX",
        "COUNTYNAME": "BURNET",
        "CITYNAME": "KINGSLAND",
        "LATDD": 30.6476778,
        "LONGDD": -98.4176943,
        "gridlyProductionCertified": true,
        "gridlyClassification": "PUBLIC_ROADWAY",
        "gridlyDisplayName": "SCENIC LP",
        "gridlyId": "FRA-745285X"
      }
    },
    {
      "type": "Feature",
      "id": 202186,
      "geometry": {
        "type": "Point",
        "coordinates": [
          -98.2153124002669,
          30.747860200204
        ]
      },
      "properties": {
        "OBJECTID": 202186,
        "CROSSING": "745331W",
        "EFFDATE": 1688947200000,
        "REASON": "14",
        "StateCode": "48",
        "CountyCode": "48053",
        "STCYFIPS": "48053",
        "CITYCD": "480531040",
        "RAILROAD": "AWRR",
        "RRDIV": "cmta",
        "RRSUBDIV": "west",
        "HIGHWAY": "CO 0330",
        "STREET": "WESTFALL ST",
        "TTSTN": "683650",
        "MILEPOST": "0114.69",
        "TYPEXING": "Public",
        "POSXING": "RR Over",
        "PRVCAT": "14",
        "INIT": "1",
        "LATITUDE": 30.7478602,
        "LONGITUD": -98.2153124,
        "LLSOURCE": "2",
        "WHISTBAN": "0",
        "RRCONT": "8663869321",
        "POLCONT": "8663869321",
        "INV_LINK": "https://safetydata.fra.dot.gov/OfficeofSafety/PublicSite/Crossing/Crossing.aspx?phasetype=C&rpttype=I&txtcrossingnum=745331W",
        "ACC_LINK": "https://safetydata.fra.dot.gov/OfficeofSafety/PublicSite/Crossing/Crossing.aspx?phasetype=C&rpttype=A&txtcrossingnum=745331W",
        "TTSTNNAM": "Wilkie",
        "XPURPOSE": "1",
        "OPERATINGR": "AWRR",
        "OPERATIN_1": "Primary",
        "DAYTHRU": 2,
        "NGHTTHRU": 4,
        "MAINTRK": 1,
        "SIDINGTRK": 0,
        "YARDTRK": 0,
        "TRANSITTRK": 0,
        "INDUSTRYTR": 0,
        "OTHRTRK": 0,
        "WDCODE": "",
        "REVISIONDA": "2007/01/01 00:00:00",
        "LASTUPDATE": "7/10/2023",
        "AADT": "001150",
        "AADTYEAR": "2010",
        "STATENAME": "TEXAS",
        "STATEAB": "TX",
        "COUNTYNAME": "BURNET",
        "CITYNAME": "BURNET",
        "LATDD": 30.7478602,
        "LONGDD": -98.2153124,
        "gridlyProductionCertified": true,
        "gridlyClassification": "PUBLIC_ROADWAY",
        "gridlyDisplayName": "WESTFALL ST",
        "gridlyId": "FRA-745331W"
      }
    },
    {
      "type": "Feature",
      "id": 202187,
      "geometry": {
        "type": "Point",
        "coordinates": [
          -98.2224365004074,
          30.7485500998499
        ]
      },
      "properties": {
        "OBJECTID": 202187,
        "CROSSING": "745330P",
        "EFFDATE": 1688947200000,
        "REASON": "14",
        "StateCode": "48",
        "CountyCode": "48053",
        "STCYFIPS": "48053",
        "CITYCD": "480531040",
        "RAILROAD": "AWRR",
        "RRDIV": "cmty",
        "RRSUBDIV": "west",
        "HIGHWAY": "CITY",
        "STREET": "Creek ST",
        "TTSTN": "683650",
        "MILEPOST": "0115.13",
        "TYPEXING": "Public",
        "POSXING": "RR Over",
        "PRVCAT": "14",
        "INIT": "1",
        "LATITUDE": 30.7485501,
        "LONGITUD": -98.2224365,
        "LLSOURCE": "1",
        "WHISTBAN": "0",
        "RRCONT": "8663869321",
        "POLCONT": "8663869321",
        "INV_LINK": "https://safetydata.fra.dot.gov/OfficeofSafety/PublicSite/Crossing/Crossing.aspx?phasetype=C&rpttype=I&txtcrossingnum=745330P",
        "ACC_LINK": "https://safetydata.fra.dot.gov/OfficeofSafety/PublicSite/Crossing/Crossing.aspx?phasetype=C&rpttype=A&txtcrossingnum=745330P",
        "TTSTNNAM": "BURNET",
        "XPURPOSE": "1",
        "OPERATINGR": "AWRR",
        "OPERATIN_1": "Primary",
        "DAYTHRU": 2,
        "NGHTTHRU": 4,
        "MAINTRK": 1,
        "SIDINGTRK": 0,
        "YARDTRK": 1,
        "TRANSITTRK": 0,
        "INDUSTRYTR": 0,
        "OTHRTRK": 0,
        "WDCODE": "",
        "REVISIONDA": "2007/01/01 00:00:00",
        "LASTUPDATE": "7/10/2023",
        "AADT": "",
        "AADTYEAR": "1970",
        "STATENAME": "TEXAS",
        "STATEAB": "TX",
        "COUNTYNAME": "BURNET",
        "CITYNAME": "BURNET",
        "LATDD": 30.7485501,
        "LONGDD": -98.2224365,
        "gridlyProductionCertified": true,
        "gridlyClassification": "PUBLIC_ROADWAY",
        "gridlyDisplayName": "Creek ST",
        "gridlyId": "FRA-745330P"
      }
    },
    {
      "type": "Feature",
      "id": 202194,
      "geometry": {
        "type": "Point",
        "coordinates": [
          -98.2911951997641,
          30.6245857998056
        ]
      },
      "properties": {
        "OBJECTID": 202194,
        "CROSSING": "925941C",
        "EFFDATE": 1688947200000,
        "REASON": "14",
        "StateCode": "48",
        "CountyCode": "48053",
        "STCYFIPS": "48053",
        "CITYCD": "480534310",
        "RAILROAD": "AWRR",
        "RRDIV": "cmta",
        "RRSUBDIV": "west",
        "HIGHWAY": "PRIVATE",
        "STREET": "PRIVATE ROAD",
        "TTSTN": "683682",
        "MILEPOST": "0002.02",
        "TYPEXING": "Private",
        "POSXING": "At Grade",
        "PRVCAT": "14",
        "INIT": "1",
        "LATITUDE": 30.6245858,
        "LONGITUD": -98.2911952,
        "LLSOURCE": "1",
        "WHISTBAN": "0",
        "RRCONT": "8663869321",
        "POLCONT": "8663869321",
        "INV_LINK": "https://safetydata.fra.dot.gov/OfficeofSafety/PublicSite/Crossing/Crossing.aspx?phasetype=C&rpttype=I&txtcrossingnum=925941C",
        "ACC_LINK": "https://safetydata.fra.dot.gov/OfficeofSafety/PublicSite/Crossing/Crossing.aspx?phasetype=C&rpttype=A&txtcrossingnum=925941C",
        "TTSTNNAM": "FAIRLAND",
        "XPURPOSE": "1",
        "OPERATINGR": "AWRR",
        "OPERATIN_1": "Primary",
        "DAYTHRU": 2,
        "NGHTTHRU": 0,
        "MAINTRK": 1,
        "SIDINGTRK": 0,
        "YARDTRK": 0,
        "TRANSITTRK": 0,
        "INDUSTRYTR": 0,
        "OTHRTRK": 0,
        "WDCODE": "",
        "REVISIONDA": "2007/01/01 00:00:00",
        "LASTUPDATE": "7/10/2023",
        "AADT": "",
        "AADTYEAR": "",
        "STATENAME": "TEXAS",
        "STATEAB": "TX",
        "COUNTYNAME": "BURNET",
        "CITYNAME": "MARBLE FALLS",
        "LATDD": 30.6245858,
        "LONGDD": -98.2911952,
        "gridlyProductionCertified": true,
        "gridlyClassification": "PUBLIC_ROADWAY",
        "gridlyDisplayName": "PRIVATE ROAD",
        "gridlyId": "FRA-925941C"
      }
    },
    {
      "type": "Feature",
      "id": 202195,
      "geometry": {
        "type": "Point",
        "coordinates": [
          -98.2924301003105,
          30.6234398003506
        ]
      },
      "properties": {
        "OBJECTID": 202195,
        "CROSSING": "925942J",
        "EFFDATE": 1688947200000,
        "REASON": "14",
        "StateCode": "48",
        "CountyCode": "48053",
        "STCYFIPS": "48053",
        "CITYCD": "480534310",
        "RAILROAD": "AWRR",
        "RRDIV": "cmta",
        "RRSUBDIV": "west",
        "HIGHWAY": "PRIVATE",
        "STREET": "PRIVATE ROAD",
        "TTSTN": "683682",
        "MILEPOST": "0002.56",
        "TYPEXING": "Private",
        "POSXING": "At Grade",
        "PRVCAT": "14",
        "INIT": "1",
        "LATITUDE": 30.6234398,
        "LONGITUD": -98.2924301,
        "LLSOURCE": "1",
        "WHISTBAN": "0",
        "RRCONT": "8663869321",
        "POLCONT": "8663869321",
        "INV_LINK": "https://safetydata.fra.dot.gov/OfficeofSafety/PublicSite/Crossing/Crossing.aspx?phasetype=C&rpttype=I&txtcrossingnum=925942J",
        "ACC_LINK": "https://safetydata.fra.dot.gov/OfficeofSafety/PublicSite/Crossing/Crossing.aspx?phasetype=C&rpttype=A&txtcrossingnum=925942J",
        "TTSTNNAM": "FAIRLAND",
        "XPURPOSE": "1",
        "OPERATINGR": "AWRR",
        "OPERATIN_1": "Primary",
        "DAYTHRU": 2,
        "NGHTTHRU": 0,
        "MAINTRK": 1,
        "SIDINGTRK": 0,
        "YARDTRK": 0,
        "TRANSITTRK": 0,
        "INDUSTRYTR": 0,
        "OTHRTRK": 0,
        "WDCODE": "",
        "REVISIONDA": "2007/01/01 00:00:00",
        "LASTUPDATE": "7/10/2023",
        "AADT": "",
        "AADTYEAR": "",
        "STATENAME": "TEXAS",
        "STATEAB": "TX",
        "COUNTYNAME": "BURNET",
        "CITYNAME": "MARBLE FALLS",
        "LATDD": 30.6234398,
        "LONGDD": -98.2924301,
        "gridlyProductionCertified": true,
        "gridlyClassification": "PUBLIC_ROADWAY",
        "gridlyDisplayName": "PRIVATE ROAD",
        "gridlyId": "FRA-925942J"
      }
    },
    {
      "type": "Feature",
      "id": 202196,
      "geometry": {
        "type": "Point",
        "coordinates": [
          -98.2995578000003,
          30.5912942996374
        ]
      },
      "properties": {
        "OBJECTID": 202196,
        "CROSSING": "745268G",
        "EFFDATE": 1688947200000,
        "REASON": "14",
        "StateCode": "48",
        "CountyCode": "48053",
        "STCYFIPS": "48053",
        "CITYCD": "480534310",
        "RAILROAD": "AWRR",
        "RRDIV": "CMTA",
        "RRSUBDIV": "west",
        "HIGHWAY": "PRIVATE",
        "STREET": "PRIVATE ROAD",
        "TTSTN": "683685",
        "MILEPOST": "0004.42",
        "TYPEXING": "Private",
        "POSXING": "At Grade",
        "PRVCAT": "14",
        "INIT": "1",
        "LATITUDE": 30.5912943,
        "LONGITUD": -98.2995578,
        "LLSOURCE": "1",
        "WHISTBAN": "0",
        "RRCONT": "8663869321",
        "POLCONT": "8663869321",
        "INV_LINK": "https://safetydata.fra.dot.gov/OfficeofSafety/PublicSite/Crossing/Crossing.aspx?phasetype=C&rpttype=I&txtcrossingnum=745268G",
        "ACC_LINK": "https://safetydata.fra.dot.gov/OfficeofSafety/PublicSite/Crossing/Crossing.aspx?phasetype=C&rpttype=A&txtcrossingnum=745268G",
        "TTSTNNAM": "GRANITE MT",
        "XPURPOSE": "1",
        "OPERATINGR": "AWRR",
        "OPERATIN_1": "Primary",
        "DAYTHRU": 2,
        "NGHTTHRU": 0,
        "MAINTRK": 0,
        "SIDINGTRK": 0,
        "YARDTRK": 1,
        "TRANSITTRK": 0,
        "INDUSTRYTR": 0,
        "OTHRTRK": 0,
        "WDCODE": "",
        "REVISIONDA": "2007/01/01 00:00:00",
        "LASTUPDATE": "7/10/2023",
        "AADT": "",
        "AADTYEAR": "1970",
        "STATENAME": "TEXAS",
        "STATEAB": "TX",
        "COUNTYNAME": "BURNET",
        "CITYNAME": "MARBLE FALLS",
        "LATDD": 30.5912943,
        "LONGDD": -98.2995578,
        "gridlyProductionCertified": true,
        "gridlyClassification": "PUBLIC_ROADWAY",
        "gridlyDisplayName": "PRIVATE ROAD",
        "gridlyId": "FRA-745268G"
      }
    },
    {
      "type": "Feature",
      "id": 202203,
      "geometry": {
        "type": "Point",
        "coordinates": [
          -98.2977834997534,
          30.5892460002966
        ]
      },
      "properties": {
        "OBJECTID": 202203,
        "CROSSING": "745269N",
        "EFFDATE": 1688947200000,
        "REASON": "14",
        "StateCode": "48",
        "CountyCode": "48053",
        "STCYFIPS": "48053",
        "CITYCD": "480534310",
        "RAILROAD": "AWRR",
        "RRDIV": "cmta",
        "RRSUBDIV": "west",
        "HIGHWAY": "CO 0000",
        "STREET": "PRIVATE",
        "TTSTN": "683685",
        "MILEPOST": "0004.60",
        "TYPEXING": "Private",
        "POSXING": "At Grade",
        "PRVCAT": "14",
        "INIT": "1",
        "LATITUDE": 30.589246,
        "LONGITUD": -98.2977835,
        "LLSOURCE": "2",
        "WHISTBAN": "0",
        "RRCONT": "8663869321",
        "POLCONT": "8663869321",
        "INV_LINK": "https://safetydata.fra.dot.gov/OfficeofSafety/PublicSite/Crossing/Crossing.aspx?phasetype=C&rpttype=I&txtcrossingnum=745269N",
        "ACC_LINK": "https://safetydata.fra.dot.gov/OfficeofSafety/PublicSite/Crossing/Crossing.aspx?phasetype=C&rpttype=A&txtcrossingnum=745269N",
        "TTSTNNAM": "GRANITE MT",
        "XPURPOSE": "1",
        "OPERATINGR": "AWRR",
        "OPERATIN_1": "Primary",
        "DAYTHRU": 2,
        "NGHTTHRU": 0,
        "MAINTRK": 1,
        "SIDINGTRK": 0,
        "YARDTRK": 0,
        "TRANSITTRK": 0,
        "INDUSTRYTR": 0,
        "OTHRTRK": 0,
        "WDCODE": "",
        "REVISIONDA": "2007/01/01 00:00:00",
        "LASTUPDATE": "7/10/2023",
        "AADT": "000080",
        "AADTYEAR": "1987",
        "STATENAME": "TEXAS",
        "STATEAB": "TX",
        "COUNTYNAME": "BURNET",
        "CITYNAME": "MARBLE FALLS",
        "LATDD": 30.589246,
        "LONGDD": -98.2977835,
        "gridlyProductionCertified": true,
        "gridlyClassification": "PUBLIC_ROADWAY",
        "gridlyDisplayName": "PRIVATE",
        "gridlyId": "FRA-745269N"
      }
    },
    {
      "type": "Feature",
      "id": 202326,
      "geometry": {
        "type": "Point",
        "coordinates": [
          -98.222806200266,
          30.7487194999661
        ]
      },
      "properties": {
        "OBJECTID": 202326,
        "CROSSING": "745329V",
        "EFFDATE": 1688947200000,
        "REASON": "14",
        "StateCode": "48",
        "CountyCode": "48053",
        "STCYFIPS": "48053",
        "CITYCD": "480531040",
        "RAILROAD": "AWRR",
        "RRDIV": "cmta",
        "RRSUBDIV": "west",
        "HIGHWAY": "CITY",
        "STREET": "BOUNDARY ST",
        "TTSTN": "683650",
        "MILEPOST": "0000.09",
        "TYPEXING": "Public",
        "POSXING": "RR Over",
        "PRVCAT": "14",
        "INIT": "1",
        "LATITUDE": 30.7487195,
        "LONGITUD": -98.2228062,
        "LLSOURCE": "2",
        "WHISTBAN": "0",
        "RRCONT": "8663869321",
        "POLCONT": "8663869321",
        "INV_LINK": "https://safetydata.fra.dot.gov/OfficeofSafety/PublicSite/Crossing/Crossing.aspx?phasetype=C&rpttype=I&txtcrossingnum=745329V",
        "ACC_LINK": "https://safetydata.fra.dot.gov/OfficeofSafety/PublicSite/Crossing/Crossing.aspx?phasetype=C&rpttype=A&txtcrossingnum=745329V",
        "TTSTNNAM": "Wilkie",
        "XPURPOSE": "1",
        "OPERATINGR": "AWRR",
        "OPERATIN_1": "Primary",
        "DAYTHRU": 2,
        "NGHTTHRU": 0,
        "MAINTRK": 0,
        "SIDINGTRK": 0,
        "YARDTRK": 1,
        "TRANSITTRK": 0,
        "INDUSTRYTR": 0,
        "OTHRTRK": 0,
        "WDCODE": "",
        "REVISIONDA": "2007/01/01 00:00:00",
        "LASTUPDATE": "7/10/2023",
        "AADT": "",
        "AADTYEAR": "1970",
        "STATENAME": "TEXAS",
        "STATEAB": "TX",
        "COUNTYNAME": "BURNET",
        "CITYNAME": "BURNET",
        "LATDD": 30.7487195,
        "LONGDD": -98.2228062,
        "gridlyProductionCertified": true,
        "gridlyClassification": "PUBLIC_ROADWAY",
        "gridlyDisplayName": "BOUNDARY ST",
        "gridlyId": "FRA-745329V"
      }
    },
    {
      "type": "Feature",
      "id": 202334,
      "geometry": {
        "type": "Point",
        "coordinates": [
          -98.2526860000773,
          30.6550850003298
        ]
      },
      "properties": {
        "OBJECTID": 202334,
        "CROSSING": "745264E",
        "EFFDATE": 1688947200000,
        "REASON": "14",
        "StateCode": "48",
        "CountyCode": "48053",
        "STCYFIPS": "48053",
        "CITYCD": "480534310",
        "RAILROAD": "AWRR",
        "RRDIV": "cmta",
        "RRSUBDIV": "west",
        "HIGHWAY": "PRIVATE",
        "STREET": "PRIVATE ROAD",
        "TTSTN": "683682",
        "MILEPOST": "0000.90",
        "TYPEXING": "Private",
        "POSXING": "At Grade",
        "PRVCAT": "14",
        "INIT": "1",
        "LATITUDE": 30.655085,
        "LONGITUD": -98.252686,
        "LLSOURCE": "2",
        "WHISTBAN": "0",
        "RRCONT": "8663869321",
        "POLCONT": "8663869321",
        "INV_LINK": "https://safetydata.fra.dot.gov/OfficeofSafety/PublicSite/Crossing/Crossing.aspx?phasetype=C&rpttype=I&txtcrossingnum=745264E",
        "ACC_LINK": "https://safetydata.fra.dot.gov/OfficeofSafety/PublicSite/Crossing/Crossing.aspx?phasetype=C&rpttype=A&txtcrossingnum=745264E",
        "TTSTNNAM": "FAIRLAND",
        "XPURPOSE": "1",
        "OPERATINGR": "AWRR",
        "OPERATIN_1": "Primary",
        "DAYTHRU": 0,
        "NGHTTHRU": 0,
        "MAINTRK": 0,
        "SIDINGTRK": 0,
        "YARDTRK": 0,
        "TRANSITTRK": 0,
        "INDUSTRYTR": 1,
        "OTHRTRK": 0,
        "WDCODE": "",
        "REVISIONDA": "2007/01/01 00:00:00",
        "LASTUPDATE": "7/10/2023",
        "AADT": "",
        "AADTYEAR": "1970",
        "STATENAME": "TEXAS",
        "STATEAB": "TX",
        "COUNTYNAME": "BURNET",
        "CITYNAME": "MARBLE FALLS",
        "LATDD": 30.655085,
        "LONGDD": -98.252686,
        "gridlyProductionCertified": true,
        "gridlyClassification": "PUBLIC_ROADWAY",
        "gridlyDisplayName": "PRIVATE ROAD",
        "gridlyId": "FRA-745264E"
      }
    },
    {
      "type": "Feature",
      "id": 202446,
      "geometry": {
        "type": "Point",
        "coordinates": [
          -98.0551968996211,
          30.7443509998819
        ]
      },
      "properties": {
        "OBJECTID": 202446,
        "CROSSING": "745344X",
        "EFFDATE": 1776816000000,
        "REASON": "14",
        "StateCode": "48",
        "CountyCode": "48053",
        "STCYFIPS": "48053",
        "CITYCD": "480530606",
        "RAILROAD": "AWRR",
        "RRDIV": "cmta",
        "RRSUBDIV": "west",
        "HIGHWAY": "ST 0000",
        "STREET": "LAMPASAS",
        "TTSTN": "683663",
        "MILEPOST": "0104.37",
        "TYPEXING": "Public",
        "POSXING": "At Grade",
        "PRVCAT": "14",
        "INIT": "1",
        "LATITUDE": 30.744351,
        "LONGITUD": -98.0551969,
        "LLSOURCE": "2",
        "WHISTBAN": "0",
        "RRCONT": "5123344000",
        "POLCONT": "8445928046",
        "INV_LINK": "https://safetydata.fra.dot.gov/OfficeofSafety/PublicSite/Crossing/Crossing.aspx?phasetype=C&rpttype=I&txtcrossingnum=745344X",
        "ACC_LINK": "https://safetydata.fra.dot.gov/OfficeofSafety/PublicSite/Crossing/Crossing.aspx?phasetype=C&rpttype=A&txtcrossingnum=745344X",
        "TTSTNNAM": "BERTRAM",
        "XPURPOSE": "1",
        "OPERATINGR": "AWRR",
        "OPERATIN_1": "Primary",
        "DAYTHRU": 3,
        "NGHTTHRU": 4,
        "MAINTRK": 1,
        "SIDINGTRK": 1,
        "YARDTRK": 0,
        "TRANSITTRK": 0,
        "INDUSTRYTR": 0,
        "OTHRTRK": 1,
        "WDCODE": "Crossbucks",
        "REVISIONDA": "2007/01/01 00:00:00",
        "LASTUPDATE": "4/22/2026",
        "AADT": "115",
        "AADTYEAR": "2019",
        "STATENAME": "TEXAS",
        "STATEAB": "TX",
        "COUNTYNAME": "BURNET",
        "CITYNAME": "BERTRAM",
        "LATDD": 30.744351,
        "LONGDD": -98.0551969,
        "gridlyProductionCertified": true,
        "gridlyClassification": "PUBLIC_ROADWAY",
        "gridlyDisplayName": "LAMPASAS",
        "gridlyId": "FRA-745344X"
      }
    },
    {
      "type": "Feature",
      "id": 202447,
      "geometry": {
        "type": "Point",
        "coordinates": [
          -98.0568587002517,
          30.7450242999442
        ]
      },
      "properties": {
        "OBJECTID": 202447,
        "CROSSING": "745342J",
        "EFFDATE": 1776816000000,
        "REASON": "14",
        "StateCode": "48",
        "CountyCode": "48053",
        "STCYFIPS": "48053",
        "CITYCD": "480530606",
        "RAILROAD": "AWRR",
        "RRDIV": "cmta",
        "RRSUBDIV": "west",
        "HIGHWAY": "ST 0000",
        "STREET": "WEST",
        "TTSTN": "683663",
        "MILEPOST": "0104.42",
        "TYPEXING": "Public",
        "POSXING": "At Grade",
        "PRVCAT": "14",
        "INIT": "1",
        "LATITUDE": 30.7450243,
        "LONGITUD": -98.0568587,
        "LLSOURCE": "1",
        "WHISTBAN": "0",
        "RRCONT": "5123344000",
        "POLCONT": "8445928046",
        "INV_LINK": "https://safetydata.fra.dot.gov/OfficeofSafety/PublicSite/Crossing/Crossing.aspx?phasetype=C&rpttype=I&txtcrossingnum=745342J",
        "ACC_LINK": "https://safetydata.fra.dot.gov/OfficeofSafety/PublicSite/Crossing/Crossing.aspx?phasetype=C&rpttype=A&txtcrossingnum=745342J",
        "TTSTNNAM": "BERTRAM",
        "XPURPOSE": "1",
        "OPERATINGR": "AWRR",
        "OPERATIN_1": "Primary",
        "DAYTHRU": 3,
        "NGHTTHRU": 4,
        "MAINTRK": 1,
        "SIDINGTRK": 1,
        "YARDTRK": 0,
        "TRANSITTRK": 0,
        "INDUSTRYTR": 0,
        "OTHRTRK": 1,
        "WDCODE": "Crossbucks",
        "REVISIONDA": "2007/01/01 00:00:00",
        "LASTUPDATE": "4/22/2026",
        "AADT": "115",
        "AADTYEAR": "2019",
        "STATENAME": "TEXAS",
        "STATEAB": "TX",
        "COUNTYNAME": "BURNET",
        "CITYNAME": "BERTRAM",
        "LATDD": 30.7450243,
        "LONGDD": -98.0568587,
        "gridlyProductionCertified": true,
        "gridlyClassification": "PUBLIC_ROADWAY",
        "gridlyDisplayName": "WEST",
        "gridlyId": "FRA-745342J"
      }
    },
    {
      "type": "Feature",
      "id": 202454,
      "geometry": {
        "type": "Point",
        "coordinates": [
          -98.0551968996211,
          30.7443509998819
        ]
      },
      "properties": {
        "OBJECTID": 202454,
        "CROSSING": "745343R",
        "EFFDATE": 1776816000000,
        "REASON": "14",
        "StateCode": "48",
        "CountyCode": "48053",
        "STCYFIPS": "48053",
        "CITYCD": "480530606",
        "RAILROAD": "AWRR",
        "RRDIV": "cmta",
        "RRSUBDIV": "west",
        "HIGHWAY": "FM 243",
        "STREET": "GRANGE Street",
        "TTSTN": "683663",
        "MILEPOST": "0104.31",
        "TYPEXING": "Public",
        "POSXING": "At Grade",
        "PRVCAT": "14",
        "INIT": "1",
        "LATITUDE": 30.744351,
        "LONGITUD": -98.0551969,
        "LLSOURCE": "2",
        "WHISTBAN": "0",
        "RRCONT": "5123344000",
        "POLCONT": "8445928046",
        "INV_LINK": "https://safetydata.fra.dot.gov/OfficeofSafety/PublicSite/Crossing/Crossing.aspx?phasetype=C&rpttype=I&txtcrossingnum=745343R",
        "ACC_LINK": "https://safetydata.fra.dot.gov/OfficeofSafety/PublicSite/Crossing/Crossing.aspx?phasetype=C&rpttype=A&txtcrossingnum=745343R",
        "TTSTNNAM": "BERTRAM",
        "XPURPOSE": "1",
        "OPERATINGR": "AWRR",
        "OPERATIN_1": "Primary",
        "DAYTHRU": 3,
        "NGHTTHRU": 4,
        "MAINTRK": 1,
        "SIDINGTRK": 1,
        "YARDTRK": 0,
        "TRANSITTRK": 0,
        "INDUSTRYTR": 0,
        "OTHRTRK": 1,
        "WDCODE": "Flashing lights",
        "REVISIONDA": "2007/01/01 00:00:00",
        "LASTUPDATE": "4/22/2026",
        "AADT": "3875",
        "AADTYEAR": "2020",
        "STATENAME": "TEXAS",
        "STATEAB": "TX",
        "COUNTYNAME": "BURNET",
        "CITYNAME": "BERTRAM",
        "LATDD": 30.744351,
        "LONGDD": -98.0551969,
        "gridlyProductionCertified": true,
        "gridlyClassification": "PUBLIC_ROADWAY",
        "gridlyDisplayName": "GRANGE Street",
        "gridlyId": "FRA-745343R"
      }
    },
    {
      "type": "Feature",
      "id": 202510,
      "geometry": {
        "type": "Point",
        "coordinates": [
          -98.0091988002451,
          30.7237523996632
        ]
      },
      "properties": {
        "OBJECTID": 202510,
        "CROSSING": "744797L",
        "EFFDATE": 1698710400000,
        "REASON": "14",
        "StateCode": "48",
        "CountyCode": "48053",
        "STCYFIPS": "48053",
        "CITYCD": "480530606",
        "RAILROAD": "AWRR",
        "RRDIV": "cmta",
        "RRSUBDIV": "west",
        "HIGHWAY": "PRIVATE",
        "STREET": "PRIVATE ROAD",
        "TTSTN": "683663",
        "MILEPOST": "0101.00",
        "TYPEXING": "Private",
        "POSXING": "At Grade",
        "PRVCAT": "14",
        "INIT": "1",
        "LATITUDE": 30.7237524,
        "LONGITUD": -98.0091988,
        "LLSOURCE": "2",
        "WHISTBAN": "0",
        "RRCONT": "5123344000",
        "POLCONT": "8445928046",
        "INV_LINK": "https://safetydata.fra.dot.gov/OfficeofSafety/PublicSite/Crossing/Crossing.aspx?phasetype=C&rpttype=I&txtcrossingnum=744797L",
        "ACC_LINK": "https://safetydata.fra.dot.gov/OfficeofSafety/PublicSite/Crossing/Crossing.aspx?phasetype=C&rpttype=A&txtcrossingnum=744797L",
        "TTSTNNAM": "BERTRAM",
        "XPURPOSE": "1",
        "OPERATINGR": "AWRR",
        "OPERATIN_1": "Primary",
        "DAYTHRU": 3,
        "NGHTTHRU": 4,
        "MAINTRK": 1,
        "SIDINGTRK": 0,
        "YARDTRK": 0,
        "TRANSITTRK": 0,
        "INDUSTRYTR": 0,
        "OTHRTRK": 0,
        "WDCODE": "",
        "REVISIONDA": "2007/01/01 00:00:00",
        "LASTUPDATE": "10/31/2023",
        "AADT": "",
        "AADTYEAR": "1970",
        "STATENAME": "TEXAS",
        "STATEAB": "TX",
        "COUNTYNAME": "BURNET",
        "CITYNAME": "BERTRAM",
        "LATDD": 30.7237524,
        "LONGDD": -98.0091988,
        "gridlyProductionCertified": true,
        "gridlyClassification": "PUBLIC_ROADWAY",
        "gridlyDisplayName": "PRIVATE ROAD",
        "gridlyId": "FRA-744797L"
      }
    },
    {
      "type": "Feature",
      "id": 202511,
      "geometry": {
        "type": "Point",
        "coordinates": [
          -98.0137010998552,
          30.7251133002465
        ]
      },
      "properties": {
        "OBJECTID": 202511,
        "CROSSING": "744795X",
        "EFFDATE": 1698710400000,
        "REASON": "14",
        "StateCode": "48",
        "CountyCode": "48053",
        "STCYFIPS": "48053",
        "CITYCD": "480530606",
        "RAILROAD": "AWRR",
        "RRDIV": "cmta",
        "RRSUBDIV": "west",
        "HIGHWAY": "PRIVATE",
        "STREET": "PRIVATE ROAD",
        "TTSTN": "683663",
        "MILEPOST": "0101.48",
        "TYPEXING": "Private",
        "POSXING": "At Grade",
        "PRVCAT": "14",
        "INIT": "1",
        "LATITUDE": 30.7251133,
        "LONGITUD": -98.0137011,
        "LLSOURCE": "2",
        "WHISTBAN": "0",
        "RRCONT": "5123344000",
        "POLCONT": "8445928046",
        "INV_LINK": "https://safetydata.fra.dot.gov/OfficeofSafety/PublicSite/Crossing/Crossing.aspx?phasetype=C&rpttype=I&txtcrossingnum=744795X",
        "ACC_LINK": "https://safetydata.fra.dot.gov/OfficeofSafety/PublicSite/Crossing/Crossing.aspx?phasetype=C&rpttype=A&txtcrossingnum=744795X",
        "TTSTNNAM": "BERTRAM",
        "XPURPOSE": "1",
        "OPERATINGR": "AWRR",
        "OPERATIN_1": "Primary",
        "DAYTHRU": 3,
        "NGHTTHRU": 4,
        "MAINTRK": 1,
        "SIDINGTRK": 0,
        "YARDTRK": 0,
        "TRANSITTRK": 0,
        "INDUSTRYTR": 0,
        "OTHRTRK": 0,
        "WDCODE": "",
        "REVISIONDA": "2007/01/01 00:00:00",
        "LASTUPDATE": "10/31/2023",
        "AADT": "",
        "AADTYEAR": "1970",
        "STATENAME": "TEXAS",
        "STATEAB": "TX",
        "COUNTYNAME": "BURNET",
        "CITYNAME": "BERTRAM",
        "LATDD": 30.7251133,
        "LONGDD": -98.0137011,
        "gridlyProductionCertified": true,
        "gridlyClassification": "PUBLIC_ROADWAY",
        "gridlyDisplayName": "PRIVATE ROAD",
        "gridlyId": "FRA-744795X"
      }
    },
    {
      "type": "Feature",
      "id": 202513,
      "geometry": {
        "type": "Point",
        "coordinates": [
          -98.0664290000475,
          30.7475164000222
        ]
      },
      "properties": {
        "OBJECTID": 202513,
        "CROSSING": "745309J",
        "EFFDATE": 1698710400000,
        "REASON": "14",
        "StateCode": "48",
        "CountyCode": "48053",
        "STCYFIPS": "48053",
        "CITYCD": "480530606",
        "RAILROAD": "AWRR",
        "RRDIV": "cmta",
        "RRSUBDIV": "west",
        "HIGHWAY": "PRIVATE",
        "STREET": "FLYING B RANCH",
        "TTSTN": "683663",
        "MILEPOST": "0102.49",
        "TYPEXING": "Private",
        "POSXING": "At Grade",
        "PRVCAT": "14",
        "INIT": "1",
        "LATITUDE": 30.7475164,
        "LONGITUD": -98.066429,
        "LLSOURCE": "2",
        "WHISTBAN": "0",
        "RRCONT": "5123344000",
        "POLCONT": "8445928046",
        "INV_LINK": "https://safetydata.fra.dot.gov/OfficeofSafety/PublicSite/Crossing/Crossing.aspx?phasetype=C&rpttype=I&txtcrossingnum=745309J",
        "ACC_LINK": "https://safetydata.fra.dot.gov/OfficeofSafety/PublicSite/Crossing/Crossing.aspx?phasetype=C&rpttype=A&txtcrossingnum=745309J",
        "TTSTNNAM": "BERTRAM",
        "XPURPOSE": "1",
        "OPERATINGR": "AWRR",
        "OPERATIN_1": "Primary",
        "DAYTHRU": 3,
        "NGHTTHRU": 4,
        "MAINTRK": 1,
        "SIDINGTRK": 0,
        "YARDTRK": 0,
        "TRANSITTRK": 0,
        "INDUSTRYTR": 0,
        "OTHRTRK": 0,
        "WDCODE": "",
        "REVISIONDA": "2007/01/01 00:00:00",
        "LASTUPDATE": "10/31/2023",
        "AADT": "",
        "AADTYEAR": "1970",
        "STATENAME": "TEXAS",
        "STATEAB": "TX",
        "COUNTYNAME": "BURNET",
        "CITYNAME": "BERTRAM",
        "LATDD": 30.7475164,
        "LONGDD": -98.066429,
        "gridlyProductionCertified": true,
        "gridlyClassification": "PUBLIC_ROADWAY",
        "gridlyDisplayName": "FLYING B RANCH",
        "gridlyId": "FRA-745309J"
      }
    },
    {
      "type": "Feature",
      "id": 202514,
      "geometry": {
        "type": "Point",
        "coordinates": [
          -98.0664283002598,
          30.7474433003652
        ]
      },
      "properties": {
        "OBJECTID": 202514,
        "CROSSING": "745308C",
        "EFFDATE": 1698710400000,
        "REASON": "14",
        "StateCode": "48",
        "CountyCode": "48053",
        "STCYFIPS": "48053",
        "CITYCD": "480530606",
        "RAILROAD": "AWRR",
        "RRDIV": "cmta",
        "RRSUBDIV": "west",
        "HIGHWAY": "PRIVATE",
        "STREET": "PRIVATE",
        "TTSTN": "683663",
        "MILEPOST": "0105.03",
        "TYPEXING": "Private",
        "POSXING": "At Grade",
        "PRVCAT": "14",
        "INIT": "1",
        "LATITUDE": 30.7474433,
        "LONGITUD": -98.0664283,
        "LLSOURCE": "1",
        "WHISTBAN": "0",
        "RRCONT": "5123344000",
        "POLCONT": "8445928046",
        "INV_LINK": "https://safetydata.fra.dot.gov/OfficeofSafety/PublicSite/Crossing/Crossing.aspx?phasetype=C&rpttype=I&txtcrossingnum=745308C",
        "ACC_LINK": "https://safetydata.fra.dot.gov/OfficeofSafety/PublicSite/Crossing/Crossing.aspx?phasetype=C&rpttype=A&txtcrossingnum=745308C",
        "TTSTNNAM": "BERTRAM",
        "XPURPOSE": "1",
        "OPERATINGR": "AWRR",
        "OPERATIN_1": "Primary",
        "DAYTHRU": 3,
        "NGHTTHRU": 4,
        "MAINTRK": 1,
        "SIDINGTRK": 0,
        "YARDTRK": 0,
        "TRANSITTRK": 0,
        "INDUSTRYTR": 0,
        "OTHRTRK": 0,
        "WDCODE": "",
        "REVISIONDA": "2007/01/01 00:00:00",
        "LASTUPDATE": "10/31/2023",
        "AADT": "",
        "AADTYEAR": "1970",
        "STATENAME": "TEXAS",
        "STATEAB": "TX",
        "COUNTYNAME": "BURNET",
        "CITYNAME": "BERTRAM",
        "LATDD": 30.7474433,
        "LONGDD": -98.0664283,
        "gridlyProductionCertified": true,
        "gridlyClassification": "PUBLIC_ROADWAY",
        "gridlyDisplayName": "PRIVATE",
        "gridlyId": "FRA-745308C"
      }
    },
    {
      "type": "Feature",
      "id": 202515,
      "geometry": {
        "type": "Point",
        "coordinates": [
          -98.0813699999402,
          30.7483682998468
        ]
      },
      "properties": {
        "OBJECTID": 202515,
        "CROSSING": "745307V",
        "EFFDATE": 1698710400000,
        "REASON": "14",
        "StateCode": "48",
        "CountyCode": "48053",
        "STCYFIPS": "48053",
        "CITYCD": "480530606",
        "RAILROAD": "AWRR",
        "RRDIV": "cmta",
        "RRSUBDIV": "west",
        "HIGHWAY": "PRIVATE",
        "STREET": "JERRY W WIGGINS",
        "TTSTN": "683663",
        "MILEPOST": "0105.92",
        "TYPEXING": "Private",
        "POSXING": "At Grade",
        "PRVCAT": "14",
        "INIT": "1",
        "LATITUDE": 30.7483683,
        "LONGITUD": -98.08137,
        "LLSOURCE": "2",
        "WHISTBAN": "0",
        "RRCONT": "5123344000",
        "POLCONT": "8445928046",
        "INV_LINK": "https://safetydata.fra.dot.gov/OfficeofSafety/PublicSite/Crossing/Crossing.aspx?phasetype=C&rpttype=I&txtcrossingnum=745307V",
        "ACC_LINK": "https://safetydata.fra.dot.gov/OfficeofSafety/PublicSite/Crossing/Crossing.aspx?phasetype=C&rpttype=A&txtcrossingnum=745307V",
        "TTSTNNAM": "BERTRAM",
        "XPURPOSE": "1",
        "OPERATINGR": "AWRR",
        "OPERATIN_1": "Primary",
        "DAYTHRU": 3,
        "NGHTTHRU": 4,
        "MAINTRK": 1,
        "SIDINGTRK": 0,
        "YARDTRK": 0,
        "TRANSITTRK": 0,
        "INDUSTRYTR": 0,
        "OTHRTRK": 0,
        "WDCODE": "",
        "REVISIONDA": "2007/01/01 00:00:00",
        "LASTUPDATE": "10/31/2023",
        "AADT": "",
        "AADTYEAR": "1970",
        "STATENAME": "TEXAS",
        "STATEAB": "TX",
        "COUNTYNAME": "BURNET",
        "CITYNAME": "BERTRAM",
        "LATDD": 30.7483683,
        "LONGDD": -98.08137,
        "gridlyProductionCertified": true,
        "gridlyClassification": "PUBLIC_ROADWAY",
        "gridlyDisplayName": "JERRY W WIGGINS",
        "gridlyId": "FRA-745307V"
      }
    },
    {
      "type": "Feature",
      "id": 202517,
      "geometry": {
        "type": "Point",
        "coordinates": [
          -98.1075328001762,
          30.7477982999564
        ]
      },
      "properties": {
        "OBJECTID": 202517,
        "CROSSING": "745349G",
        "EFFDATE": 1698710400000,
        "REASON": "14",
        "StateCode": "48",
        "CountyCode": "48053",
        "STCYFIPS": "48053",
        "CITYCD": "480530606",
        "RAILROAD": "AWRR",
        "RRDIV": "cmta",
        "RRSUBDIV": "west",
        "HIGHWAY": "PRIVATE",
        "STREET": "PRIVATE ROAD",
        "TTSTN": "683663",
        "MILEPOST": "0107.39",
        "TYPEXING": "Private",
        "POSXING": "At Grade",
        "PRVCAT": "14",
        "INIT": "1",
        "LATITUDE": 30.7477983,
        "LONGITUD": -98.1075328,
        "LLSOURCE": "2",
        "WHISTBAN": "0",
        "RRCONT": "5123344000",
        "POLCONT": "8445928046",
        "INV_LINK": "https://safetydata.fra.dot.gov/OfficeofSafety/PublicSite/Crossing/Crossing.aspx?phasetype=C&rpttype=I&txtcrossingnum=745349G",
        "ACC_LINK": "https://safetydata.fra.dot.gov/OfficeofSafety/PublicSite/Crossing/Crossing.aspx?phasetype=C&rpttype=A&txtcrossingnum=745349G",
        "TTSTNNAM": "BERTRAM",
        "XPURPOSE": "1",
        "OPERATINGR": "AWRR",
        "OPERATIN_1": "Primary",
        "DAYTHRU": 3,
        "NGHTTHRU": 4,
        "MAINTRK": 1,
        "SIDINGTRK": 0,
        "YARDTRK": 0,
        "TRANSITTRK": 0,
        "INDUSTRYTR": 0,
        "OTHRTRK": 0,
        "WDCODE": "",
        "REVISIONDA": "2007/01/01 00:00:00",
        "LASTUPDATE": "10/31/2023",
        "AADT": "",
        "AADTYEAR": "1970",
        "STATENAME": "TEXAS",
        "STATEAB": "TX",
        "COUNTYNAME": "BURNET",
        "CITYNAME": "BERTRAM",
        "LATDD": 30.7477983,
        "LONGDD": -98.1075328,
        "gridlyProductionCertified": true,
        "gridlyClassification": "PUBLIC_ROADWAY",
        "gridlyDisplayName": "PRIVATE ROAD",
        "gridlyId": "FRA-745349G"
      }
    },
    {
      "type": "Feature",
      "id": 202518,
      "geometry": {
        "type": "Point",
        "coordinates": [
          -98.1160949000673,
          30.7492868000421
        ]
      },
      "properties": {
        "OBJECTID": 202518,
        "CROSSING": "745340V",
        "EFFDATE": 1698710400000,
        "REASON": "14",
        "StateCode": "48",
        "CountyCode": "48053",
        "STCYFIPS": "48053",
        "CITYCD": "480530606",
        "RAILROAD": "AWRR",
        "RRDIV": "cmta",
        "RRSUBDIV": "west",
        "HIGHWAY": "PRIVATE",
        "STREET": "R L FICKE",
        "TTSTN": "683667",
        "MILEPOST": "0107.50",
        "TYPEXING": "Private",
        "POSXING": "At Grade",
        "PRVCAT": "14",
        "INIT": "1",
        "LATITUDE": 30.7492868,
        "LONGITUD": -98.1160949,
        "LLSOURCE": "2",
        "WHISTBAN": "0",
        "RRCONT": "5123344000",
        "POLCONT": "8445928046",
        "INV_LINK": "https://safetydata.fra.dot.gov/OfficeofSafety/PublicSite/Crossing/Crossing.aspx?phasetype=C&rpttype=I&txtcrossingnum=745340V",
        "ACC_LINK": "https://safetydata.fra.dot.gov/OfficeofSafety/PublicSite/Crossing/Crossing.aspx?phasetype=C&rpttype=A&txtcrossingnum=745340V",
        "TTSTNNAM": "SUMMIT",
        "XPURPOSE": "1",
        "OPERATINGR": "AWRR",
        "OPERATIN_1": "Primary",
        "DAYTHRU": 3,
        "NGHTTHRU": 4,
        "MAINTRK": 1,
        "SIDINGTRK": 0,
        "YARDTRK": 0,
        "TRANSITTRK": 0,
        "INDUSTRYTR": 0,
        "OTHRTRK": 0,
        "WDCODE": "",
        "REVISIONDA": "2007/01/01 00:00:00",
        "LASTUPDATE": "10/31/2023",
        "AADT": "",
        "AADTYEAR": "1970",
        "STATENAME": "TEXAS",
        "STATEAB": "TX",
        "COUNTYNAME": "BURNET",
        "CITYNAME": "BERTRAM",
        "LATDD": 30.7492868,
        "LONGDD": -98.1160949,
        "gridlyProductionCertified": true,
        "gridlyClassification": "PUBLIC_ROADWAY",
        "gridlyDisplayName": "R L FICKE",
        "gridlyId": "FRA-745340V"
      }
    },
    {
      "type": "Feature",
      "id": 202519,
      "geometry": {
        "type": "Point",
        "coordinates": [
          -98.1160933001678,
          30.7492803003749
        ]
      },
      "properties": {
        "OBJECTID": 202519,
        "CROSSING": "745336F",
        "EFFDATE": 1698710400000,
        "REASON": "14",
        "StateCode": "48",
        "CountyCode": "48053",
        "STCYFIPS": "48053",
        "CITYCD": "480530606",
        "RAILROAD": "AWRR",
        "RRDIV": "cmta",
        "RRSUBDIV": "west",
        "HIGHWAY": "PRIVATE",
        "STREET": "KERRY ZIMMERMAN",
        "TTSTN": "683667",
        "MILEPOST": "0108.03",
        "TYPEXING": "Private",
        "POSXING": "At Grade",
        "PRVCAT": "14",
        "INIT": "1",
        "LATITUDE": 30.7492803,
        "LONGITUD": -98.1160933,
        "LLSOURCE": "1",
        "WHISTBAN": "0",
        "RRCONT": "5123344000",
        "POLCONT": "8445928046",
        "INV_LINK": "https://safetydata.fra.dot.gov/OfficeofSafety/PublicSite/Crossing/Crossing.aspx?phasetype=C&rpttype=I&txtcrossingnum=745336F",
        "ACC_LINK": "https://safetydata.fra.dot.gov/OfficeofSafety/PublicSite/Crossing/Crossing.aspx?phasetype=C&rpttype=A&txtcrossingnum=745336F",
        "TTSTNNAM": "SUMMIT",
        "XPURPOSE": "1",
        "OPERATINGR": "AWRR",
        "OPERATIN_1": "Primary",
        "DAYTHRU": 3,
        "NGHTTHRU": 4,
        "MAINTRK": 1,
        "SIDINGTRK": 0,
        "YARDTRK": 0,
        "TRANSITTRK": 0,
        "INDUSTRYTR": 0,
        "OTHRTRK": 0,
        "WDCODE": "",
        "REVISIONDA": "2007/01/01 00:00:00",
        "LASTUPDATE": "10/31/2023",
        "AADT": "",
        "AADTYEAR": "1970",
        "STATENAME": "TEXAS",
        "STATEAB": "TX",
        "COUNTYNAME": "BURNET",
        "CITYNAME": "BERTRAM",
        "LATDD": 30.7492803,
        "LONGDD": -98.1160933,
        "gridlyProductionCertified": true,
        "gridlyClassification": "PUBLIC_ROADWAY",
        "gridlyDisplayName": "KERRY ZIMMERMAN",
        "gridlyId": "FRA-745336F"
      }
    },
    {
      "type": "Feature",
      "id": 202525,
      "geometry": {
        "type": "Point",
        "coordinates": [
          -98.1306800000209,
          30.751758300079
        ]
      },
      "properties": {
        "OBJECTID": 202525,
        "CROSSING": "745338U",
        "EFFDATE": 1698710400000,
        "REASON": "14",
        "StateCode": "48",
        "CountyCode": "48053",
        "STCYFIPS": "48053",
        "CITYCD": "480530606",
        "RAILROAD": "AWRR",
        "RRDIV": "cmta",
        "RRSUBDIV": "west",
        "HIGHWAY": "PRIVATE",
        "STREET": "PHILLIPS/WATSON",
        "TTSTN": "683667",
        "MILEPOST": "0108.91",
        "TYPEXING": "Private",
        "POSXING": "At Grade",
        "PRVCAT": "14",
        "INIT": "1",
        "LATITUDE": 30.7517583,
        "LONGITUD": -98.13068,
        "LLSOURCE": "1",
        "WHISTBAN": "0",
        "RRCONT": "5123344000",
        "POLCONT": "8445928046",
        "INV_LINK": "https://safetydata.fra.dot.gov/OfficeofSafety/PublicSite/Crossing/Crossing.aspx?phasetype=C&rpttype=I&txtcrossingnum=745338U",
        "ACC_LINK": "https://safetydata.fra.dot.gov/OfficeofSafety/PublicSite/Crossing/Crossing.aspx?phasetype=C&rpttype=A&txtcrossingnum=745338U",
        "TTSTNNAM": "SUMMIT",
        "XPURPOSE": "1",
        "OPERATINGR": "AWRR",
        "OPERATIN_1": "Primary",
        "DAYTHRU": 3,
        "NGHTTHRU": 4,
        "MAINTRK": 1,
        "SIDINGTRK": 0,
        "YARDTRK": 0,
        "TRANSITTRK": 0,
        "INDUSTRYTR": 0,
        "OTHRTRK": 0,
        "WDCODE": "",
        "REVISIONDA": "2007/01/01 00:00:00",
        "LASTUPDATE": "10/31/2023",
        "AADT": "",
        "AADTYEAR": "1970",
        "STATENAME": "TEXAS",
        "STATEAB": "TX",
        "COUNTYNAME": "BURNET",
        "CITYNAME": "BERTRAM",
        "LATDD": 30.7517583,
        "LONGDD": -98.13068,
        "gridlyProductionCertified": true,
        "gridlyClassification": "PUBLIC_ROADWAY",
        "gridlyDisplayName": "PHILLIPS/WATSON",
        "gridlyId": "FRA-745338U"
      }
    },
    {
      "type": "Feature",
      "id": 202526,
      "geometry": {
        "type": "Point",
        "coordinates": [
          -98.1357033000379,
          30.7525316996634
        ]
      },
      "properties": {
        "OBJECTID": 202526,
        "CROSSING": "745337M",
        "EFFDATE": 1698710400000,
        "REASON": "14",
        "StateCode": "48",
        "CountyCode": "48053",
        "STCYFIPS": "48053",
        "CITYCD": "480530606",
        "RAILROAD": "AWRR",
        "RRDIV": "cmta",
        "RRSUBDIV": "west",
        "HIGHWAY": "PRIVATE",
        "STREET": "LOU HARDIN",
        "TTSTN": "683667",
        "MILEPOST": "0109.21",
        "TYPEXING": "Private",
        "POSXING": "At Grade",
        "PRVCAT": "14",
        "INIT": "1",
        "LATITUDE": 30.7525317,
        "LONGITUD": -98.1357033,
        "LLSOURCE": "1",
        "WHISTBAN": "0",
        "RRCONT": "5123344000",
        "POLCONT": "8445928046",
        "INV_LINK": "https://safetydata.fra.dot.gov/OfficeofSafety/PublicSite/Crossing/Crossing.aspx?phasetype=C&rpttype=I&txtcrossingnum=745337M",
        "ACC_LINK": "https://safetydata.fra.dot.gov/OfficeofSafety/PublicSite/Crossing/Crossing.aspx?phasetype=C&rpttype=A&txtcrossingnum=745337M",
        "TTSTNNAM": "SUMMIT",
        "XPURPOSE": "1",
        "OPERATINGR": "AWRR",
        "OPERATIN_1": "Primary",
        "DAYTHRU": 3,
        "NGHTTHRU": 4,
        "MAINTRK": 1,
        "SIDINGTRK": 0,
        "YARDTRK": 0,
        "TRANSITTRK": 0,
        "INDUSTRYTR": 0,
        "OTHRTRK": 0,
        "WDCODE": "",
        "REVISIONDA": "2007/01/01 00:00:00",
        "LASTUPDATE": "10/31/2023",
        "AADT": "",
        "AADTYEAR": "1970",
        "STATENAME": "TEXAS",
        "STATEAB": "TX",
        "COUNTYNAME": "BURNET",
        "CITYNAME": "BERTRAM",
        "LATDD": 30.7525317,
        "LONGDD": -98.1357033,
        "gridlyProductionCertified": true,
        "gridlyClassification": "PUBLIC_ROADWAY",
        "gridlyDisplayName": "LOU HARDIN",
        "gridlyId": "FRA-745337M"
      }
    },
    {
      "type": "Feature",
      "id": 202527,
      "geometry": {
        "type": "Point",
        "coordinates": [
          -98.148430000366,
          30.7496183002429
        ]
      },
      "properties": {
        "OBJECTID": 202527,
        "CROSSING": "745339B",
        "EFFDATE": 1698710400000,
        "REASON": "14",
        "StateCode": "48",
        "CountyCode": "48053",
        "STCYFIPS": "48053",
        "CITYCD": "480530606",
        "RAILROAD": "AWRR",
        "RRDIV": "cmty",
        "RRSUBDIV": "west",
        "HIGHWAY": "PRIVATE",
        "STREET": "PRIVATE ROAD",
        "TTSTN": "683667",
        "MILEPOST": "0110.00",
        "TYPEXING": "Private",
        "POSXING": "At Grade",
        "PRVCAT": "14",
        "INIT": "1",
        "LATITUDE": 30.7496183,
        "LONGITUD": -98.14843,
        "LLSOURCE": "1",
        "WHISTBAN": "0",
        "RRCONT": "5123344000",
        "POLCONT": "8445928046",
        "INV_LINK": "https://safetydata.fra.dot.gov/OfficeofSafety/PublicSite/Crossing/Crossing.aspx?phasetype=C&rpttype=I&txtcrossingnum=745339B",
        "ACC_LINK": "https://safetydata.fra.dot.gov/OfficeofSafety/PublicSite/Crossing/Crossing.aspx?phasetype=C&rpttype=A&txtcrossingnum=745339B",
        "TTSTNNAM": "SUMMIT",
        "XPURPOSE": "1",
        "OPERATINGR": "AWRR",
        "OPERATIN_1": "Primary",
        "DAYTHRU": 3,
        "NGHTTHRU": 4,
        "MAINTRK": 1,
        "SIDINGTRK": 0,
        "YARDTRK": 0,
        "TRANSITTRK": 0,
        "INDUSTRYTR": 0,
        "OTHRTRK": 0,
        "WDCODE": "",
        "REVISIONDA": "2007/01/01 00:00:00",
        "LASTUPDATE": "10/31/2023",
        "AADT": "",
        "AADTYEAR": "1970",
        "STATENAME": "TEXAS",
        "STATEAB": "TX",
        "COUNTYNAME": "BURNET",
        "CITYNAME": "BERTRAM",
        "LATDD": 30.7496183,
        "LONGDD": -98.14843,
        "gridlyProductionCertified": true,
        "gridlyClassification": "PUBLIC_ROADWAY",
        "gridlyDisplayName": "PRIVATE ROAD",
        "gridlyId": "FRA-745339B"
      }
    },
    {
      "type": "Feature",
      "id": 202528,
      "geometry": {
        "type": "Point",
        "coordinates": [
          -98.120851699584,
          30.7500532998828
        ]
      },
      "properties": {
        "OBJECTID": 202528,
        "CROSSING": "745334S",
        "EFFDATE": 1698710400000,
        "REASON": "14",
        "StateCode": "48",
        "CountyCode": "48053",
        "STCYFIPS": "48053",
        "CITYCD": "480531040",
        "RAILROAD": "AWRR",
        "RRDIV": "cmta",
        "RRSUBDIV": "west",
        "HIGHWAY": "PRIVATE",
        "STREET": "LEHNE ROAD",
        "TTSTN": "683667",
        "MILEPOST": "0108.31",
        "TYPEXING": "Private",
        "POSXING": "At Grade",
        "PRVCAT": "14",
        "INIT": "1",
        "LATITUDE": 30.7500533,
        "LONGITUD": -98.1208517,
        "LLSOURCE": "1",
        "WHISTBAN": "0",
        "RRCONT": "5123344000",
        "POLCONT": "8445928046",
        "INV_LINK": "https://safetydata.fra.dot.gov/OfficeofSafety/PublicSite/Crossing/Crossing.aspx?phasetype=C&rpttype=I&txtcrossingnum=745334S",
        "ACC_LINK": "https://safetydata.fra.dot.gov/OfficeofSafety/PublicSite/Crossing/Crossing.aspx?phasetype=C&rpttype=A&txtcrossingnum=745334S",
        "TTSTNNAM": "SUMMIT",
        "XPURPOSE": "1",
        "OPERATINGR": "AWRR",
        "OPERATIN_1": "Primary",
        "DAYTHRU": 3,
        "NGHTTHRU": 4,
        "MAINTRK": 1,
        "SIDINGTRK": 0,
        "YARDTRK": 0,
        "TRANSITTRK": 0,
        "INDUSTRYTR": 0,
        "OTHRTRK": 0,
        "WDCODE": "",
        "REVISIONDA": "2007/01/01 00:00:00",
        "LASTUPDATE": "10/31/2023",
        "AADT": "",
        "AADTYEAR": "1970",
        "STATENAME": "TEXAS",
        "STATEAB": "TX",
        "COUNTYNAME": "BURNET",
        "CITYNAME": "BURNET",
        "LATDD": 30.7500533,
        "LONGDD": -98.1208517,
        "gridlyProductionCertified": true,
        "gridlyClassification": "PUBLIC_ROADWAY",
        "gridlyDisplayName": "LEHNE ROAD",
        "gridlyId": "FRA-745334S"
      }
    },
    {
      "type": "Feature",
      "id": 202529,
      "geometry": {
        "type": "Point",
        "coordinates": [
          -98.1645748002316,
          30.7497479000887
        ]
      },
      "properties": {
        "OBJECTID": 202529,
        "CROSSING": "925934S",
        "EFFDATE": 1698710400000,
        "REASON": "14",
        "StateCode": "48",
        "CountyCode": "48053",
        "STCYFIPS": "48053",
        "CITYCD": "480531040",
        "RAILROAD": "AWRR",
        "RRDIV": "cmty",
        "RRSUBDIV": "west",
        "HIGHWAY": "PRIVATE",
        "STREET": "PRIVATE ROAD",
        "TTSTN": "683663",
        "MILEPOST": "0110.97",
        "TYPEXING": "Private",
        "POSXING": "At Grade",
        "PRVCAT": "14",
        "INIT": "1",
        "LATITUDE": 30.7497479,
        "LONGITUD": -98.1645748,
        "LLSOURCE": "2",
        "WHISTBAN": "0",
        "RRCONT": "5123344000",
        "POLCONT": "8445928046",
        "INV_LINK": "https://safetydata.fra.dot.gov/OfficeofSafety/PublicSite/Crossing/Crossing.aspx?phasetype=C&rpttype=I&txtcrossingnum=925934S",
        "ACC_LINK": "https://safetydata.fra.dot.gov/OfficeofSafety/PublicSite/Crossing/Crossing.aspx?phasetype=C&rpttype=A&txtcrossingnum=925934S",
        "TTSTNNAM": "Summit",
        "XPURPOSE": "1",
        "OPERATINGR": "AWRR",
        "OPERATIN_1": "Primary",
        "DAYTHRU": 3,
        "NGHTTHRU": 4,
        "MAINTRK": 1,
        "SIDINGTRK": 0,
        "YARDTRK": 0,
        "TRANSITTRK": 0,
        "INDUSTRYTR": 0,
        "OTHRTRK": 0,
        "WDCODE": "",
        "REVISIONDA": "2007/01/01 00:00:00",
        "LASTUPDATE": "10/31/2023",
        "AADT": "",
        "AADTYEAR": "",
        "STATENAME": "TEXAS",
        "STATEAB": "TX",
        "COUNTYNAME": "BURNET",
        "CITYNAME": "BURNET",
        "LATDD": 30.7497479,
        "LONGDD": -98.1645748,
        "gridlyProductionCertified": true,
        "gridlyClassification": "PUBLIC_ROADWAY",
        "gridlyDisplayName": "PRIVATE ROAD",
        "gridlyId": "FRA-925934S"
      }
    },
    {
      "type": "Feature",
      "id": 202530,
      "geometry": {
        "type": "Point",
        "coordinates": [
          -98.232047999637,
          30.716576000089
        ]
      },
      "properties": {
        "OBJECTID": 202530,
        "CROSSING": "745250W",
        "EFFDATE": 1698710400000,
        "REASON": "14",
        "StateCode": "48",
        "CountyCode": "48053",
        "STCYFIPS": "48053",
        "CITYCD": "480531040",
        "RAILROAD": "AWRR",
        "RRDIV": "CMTA",
        "RRSUBDIV": "west",
        "HIGHWAY": "PRIVATE",
        "STREET": "PRIVATE ROAD",
        "TTSTN": "683651",
        "MILEPOST": "0117.30",
        "TYPEXING": "Private",
        "POSXING": "At Grade",
        "PRVCAT": "14",
        "INIT": "1",
        "LATITUDE": 30.716576,
        "LONGITUD": -98.232048,
        "LLSOURCE": "2",
        "WHISTBAN": "0",
        "RRCONT": "5123344000",
        "POLCONT": "8445928046",
        "INV_LINK": "https://safetydata.fra.dot.gov/OfficeofSafety/PublicSite/Crossing/Crossing.aspx?phasetype=C&rpttype=I&txtcrossingnum=745250W",
        "ACC_LINK": "https://safetydata.fra.dot.gov/OfficeofSafety/PublicSite/Crossing/Crossing.aspx?phasetype=C&rpttype=A&txtcrossingnum=745250W",
        "TTSTNNAM": "GANDY",
        "XPURPOSE": "1",
        "OPERATINGR": "AWRR",
        "OPERATIN_1": "Primary",
        "DAYTHRU": 3,
        "NGHTTHRU": 4,
        "MAINTRK": 1,
        "SIDINGTRK": 0,
        "YARDTRK": 2,
        "TRANSITTRK": 0,
        "INDUSTRYTR": 0,
        "OTHRTRK": 0,
        "WDCODE": "",
        "REVISIONDA": "2007/01/01 00:00:00",
        "LASTUPDATE": "10/31/2023",
        "AADT": "",
        "AADTYEAR": "1970",
        "STATENAME": "TEXAS",
        "STATEAB": "TX",
        "COUNTYNAME": "BURNET",
        "CITYNAME": "BURNET",
        "LATDD": 30.716576,
        "LONGDD": -98.232048,
        "gridlyProductionCertified": true,
        "gridlyClassification": "PUBLIC_ROADWAY",
        "gridlyDisplayName": "PRIVATE ROAD",
        "gridlyId": "FRA-745250W"
      }
    },
    {
      "type": "Feature",
      "id": 202532,
      "geometry": {
        "type": "Point",
        "coordinates": [
          -98.2331089998191,
          30.7152230000737
        ]
      },
      "properties": {
        "OBJECTID": 202532,
        "CROSSING": "930579R",
        "EFFDATE": 1698710400000,
        "REASON": "14",
        "StateCode": "48",
        "CountyCode": "48053",
        "STCYFIPS": "48053",
        "CITYCD": "480531040",
        "RAILROAD": "AWRR",
        "RRDIV": "CMTA",
        "RRSUBDIV": "west",
        "HIGHWAY": "private",
        "STREET": "PRIVATE",
        "TTSTN": "",
        "MILEPOST": "0118.60",
        "TYPEXING": "Private",
        "POSXING": "At Grade",
        "PRVCAT": "14",
        "INIT": "1",
        "LATITUDE": 30.715223,
        "LONGITUD": -98.233109,
        "LLSOURCE": "2",
        "WHISTBAN": "",
        "RRCONT": "5123344000",
        "POLCONT": "8445928046",
        "INV_LINK": "https://safetydata.fra.dot.gov/OfficeofSafety/PublicSite/Crossing/Crossing.aspx?phasetype=C&rpttype=I&txtcrossingnum=930579R",
        "ACC_LINK": "https://safetydata.fra.dot.gov/OfficeofSafety/PublicSite/Crossing/Crossing.aspx?phasetype=C&rpttype=A&txtcrossingnum=930579R",
        "TTSTNNAM": "Gandy",
        "XPURPOSE": "1",
        "OPERATINGR": "AWRR",
        "OPERATIN_1": "Primary",
        "DAYTHRU": 3,
        "NGHTTHRU": 4,
        "MAINTRK": 1,
        "SIDINGTRK": 0,
        "YARDTRK": 0,
        "TRANSITTRK": 0,
        "INDUSTRYTR": 0,
        "OTHRTRK": 0,
        "WDCODE": "",
        "REVISIONDA": "2007/01/01 00:00:00",
        "LASTUPDATE": "10/31/2023",
        "AADT": "",
        "AADTYEAR": "",
        "STATENAME": "TEXAS",
        "STATEAB": "TX",
        "COUNTYNAME": "BURNET",
        "CITYNAME": "BURNET",
        "LATDD": 30.715223,
        "LONGDD": -98.233109,
        "gridlyProductionCertified": true,
        "gridlyClassification": "PUBLIC_ROADWAY",
        "gridlyDisplayName": "PRIVATE",
        "gridlyId": "FRA-930579R"
      }
    },
    {
      "type": "Feature",
      "id": 202533,
      "geometry": {
        "type": "Point",
        "coordinates": [
          -98.2323533001712,
          30.7161830000748
        ]
      },
      "properties": {
        "OBJECTID": 202533,
        "CROSSING": "745253S",
        "EFFDATE": 1698710400000,
        "REASON": "14",
        "StateCode": "48",
        "CountyCode": "48053",
        "STCYFIPS": "48053",
        "CITYCD": "480531040",
        "RAILROAD": "AWRR",
        "RRDIV": "CMTA",
        "RRSUBDIV": "west",
        "HIGHWAY": "PRIVATE",
        "STREET": "PRIVATE ROAD",
        "TTSTN": "683651",
        "MILEPOST": "0119.77",
        "TYPEXING": "Private",
        "POSXING": "At Grade",
        "PRVCAT": "14",
        "INIT": "1",
        "LATITUDE": 30.716183,
        "LONGITUD": -98.2323533,
        "LLSOURCE": "2",
        "WHISTBAN": "0",
        "RRCONT": "5123344000",
        "POLCONT": "8445928046",
        "INV_LINK": "https://safetydata.fra.dot.gov/OfficeofSafety/PublicSite/Crossing/Crossing.aspx?phasetype=C&rpttype=I&txtcrossingnum=745253S",
        "ACC_LINK": "https://safetydata.fra.dot.gov/OfficeofSafety/PublicSite/Crossing/Crossing.aspx?phasetype=C&rpttype=A&txtcrossingnum=745253S",
        "TTSTNNAM": "GANDY",
        "XPURPOSE": "1",
        "OPERATINGR": "AWRR",
        "OPERATIN_1": "Primary",
        "DAYTHRU": 3,
        "NGHTTHRU": 4,
        "MAINTRK": 1,
        "SIDINGTRK": 0,
        "YARDTRK": 0,
        "TRANSITTRK": 0,
        "INDUSTRYTR": 0,
        "OTHRTRK": 0,
        "WDCODE": "",
        "REVISIONDA": "2007/01/01 00:00:00",
        "LASTUPDATE": "10/31/2023",
        "AADT": "",
        "AADTYEAR": "1970",
        "STATENAME": "TEXAS",
        "STATEAB": "TX",
        "COUNTYNAME": "BURNET",
        "CITYNAME": "BURNET",
        "LATDD": 30.716183,
        "LONGDD": -98.2323533,
        "gridlyProductionCertified": true,
        "gridlyClassification": "PUBLIC_ROADWAY",
        "gridlyDisplayName": "PRIVATE ROAD",
        "gridlyId": "FRA-745253S"
      }
    },
    {
      "type": "Feature",
      "id": 202534,
      "geometry": {
        "type": "Point",
        "coordinates": [
          -98.2402333002839,
          30.7095178998436
        ]
      },
      "properties": {
        "OBJECTID": 202534,
        "CROSSING": "745254Y",
        "EFFDATE": 1698710400000,
        "REASON": "14",
        "StateCode": "48",
        "CountyCode": "48053",
        "STCYFIPS": "48053",
        "CITYCD": "480531040",
        "RAILROAD": "AWRR",
        "RRDIV": "cmta",
        "RRSUBDIV": "west",
        "HIGHWAY": "PRIVATE",
        "STREET": "PRIVATE ROAD",
        "TTSTN": "683651",
        "MILEPOST": "0120.43",
        "TYPEXING": "Private",
        "POSXING": "At Grade",
        "PRVCAT": "14",
        "INIT": "1",
        "LATITUDE": 30.7095179,
        "LONGITUD": -98.2402333,
        "LLSOURCE": "2",
        "WHISTBAN": "0",
        "RRCONT": "5123344000",
        "POLCONT": "8445928046",
        "INV_LINK": "https://safetydata.fra.dot.gov/OfficeofSafety/PublicSite/Crossing/Crossing.aspx?phasetype=C&rpttype=I&txtcrossingnum=745254Y",
        "ACC_LINK": "https://safetydata.fra.dot.gov/OfficeofSafety/PublicSite/Crossing/Crossing.aspx?phasetype=C&rpttype=A&txtcrossingnum=745254Y",
        "TTSTNNAM": "Sudduth",
        "XPURPOSE": "1",
        "OPERATINGR": "AWRR",
        "OPERATIN_1": "Primary",
        "DAYTHRU": 3,
        "NGHTTHRU": 4,
        "MAINTRK": 1,
        "SIDINGTRK": 0,
        "YARDTRK": 0,
        "TRANSITTRK": 0,
        "INDUSTRYTR": 0,
        "OTHRTRK": 0,
        "WDCODE": "",
        "REVISIONDA": "2007/01/01 00:00:00",
        "LASTUPDATE": "10/31/2023",
        "AADT": "",
        "AADTYEAR": "1970",
        "STATENAME": "TEXAS",
        "STATEAB": "TX",
        "COUNTYNAME": "BURNET",
        "CITYNAME": "BURNET",
        "LATDD": 30.7095179,
        "LONGDD": -98.2402333,
        "gridlyProductionCertified": true,
        "gridlyClassification": "PUBLIC_ROADWAY",
        "gridlyDisplayName": "PRIVATE ROAD",
        "gridlyId": "FRA-745254Y"
      }
    },
    {
      "type": "Feature",
      "id": 202535,
      "geometry": {
        "type": "Point",
        "coordinates": [
          -98.232047999637,
          30.716576000089
        ]
      },
      "properties": {
        "OBJECTID": 202535,
        "CROSSING": "745252K",
        "EFFDATE": 1698710400000,
        "REASON": "14",
        "StateCode": "48",
        "CountyCode": "48053",
        "STCYFIPS": "48053",
        "CITYCD": "480531040",
        "RAILROAD": "AWRR",
        "RRDIV": "cmta",
        "RRSUBDIV": "west",
        "HIGHWAY": "PRIVATE",
        "STREET": "PRIVATE ROAD",
        "TTSTN": "683651",
        "MILEPOST": "0121.06",
        "TYPEXING": "Private",
        "POSXING": "At Grade",
        "PRVCAT": "14",
        "INIT": "1",
        "LATITUDE": 30.716576,
        "LONGITUD": -98.232048,
        "LLSOURCE": "2",
        "WHISTBAN": "0",
        "RRCONT": "5123344000",
        "POLCONT": "8445928046",
        "INV_LINK": "https://safetydata.fra.dot.gov/OfficeofSafety/PublicSite/Crossing/Crossing.aspx?phasetype=C&rpttype=I&txtcrossingnum=745252K",
        "ACC_LINK": "https://safetydata.fra.dot.gov/OfficeofSafety/PublicSite/Crossing/Crossing.aspx?phasetype=C&rpttype=A&txtcrossingnum=745252K",
        "TTSTNNAM": "sudduth",
        "XPURPOSE": "1",
        "OPERATINGR": "AWRR",
        "OPERATIN_1": "Primary",
        "DAYTHRU": 3,
        "NGHTTHRU": 4,
        "MAINTRK": 1,
        "SIDINGTRK": 0,
        "YARDTRK": 0,
        "TRANSITTRK": 0,
        "INDUSTRYTR": 0,
        "OTHRTRK": 0,
        "WDCODE": "",
        "REVISIONDA": "2007/01/01 00:00:00",
        "LASTUPDATE": "10/31/2023",
        "AADT": "",
        "AADTYEAR": "1970",
        "STATENAME": "TEXAS",
        "STATEAB": "TX",
        "COUNTYNAME": "BURNET",
        "CITYNAME": "BURNET",
        "LATDD": 30.716576,
        "LONGDD": -98.232048,
        "gridlyProductionCertified": true,
        "gridlyClassification": "PUBLIC_ROADWAY",
        "gridlyDisplayName": "PRIVATE ROAD",
        "gridlyId": "FRA-745252K"
      }
    },
    {
      "type": "Feature",
      "id": 202536,
      "geometry": {
        "type": "Point",
        "coordinates": [
          -98.2491300001604,
          30.6769050001032
        ]
      },
      "properties": {
        "OBJECTID": 202536,
        "CROSSING": "745255F",
        "EFFDATE": 1698710400000,
        "REASON": "14",
        "StateCode": "48",
        "CountyCode": "48053",
        "STCYFIPS": "48053",
        "CITYCD": "480531040",
        "RAILROAD": "AWRR",
        "RRDIV": "cmta",
        "RRSUBDIV": "west",
        "HIGHWAY": "PRIVATE",
        "STREET": "PRIVATE ROAD",
        "TTSTN": "683668",
        "MILEPOST": "0121.25",
        "TYPEXING": "Private",
        "POSXING": "At Grade",
        "PRVCAT": "14",
        "INIT": "1",
        "LATITUDE": 30.676905,
        "LONGITUD": -98.24913,
        "LLSOURCE": "2",
        "WHISTBAN": "0",
        "RRCONT": "5123344000",
        "POLCONT": "8445928046",
        "INV_LINK": "https://safetydata.fra.dot.gov/OfficeofSafety/PublicSite/Crossing/Crossing.aspx?phasetype=C&rpttype=I&txtcrossingnum=745255F",
        "ACC_LINK": "https://safetydata.fra.dot.gov/OfficeofSafety/PublicSite/Crossing/Crossing.aspx?phasetype=C&rpttype=A&txtcrossingnum=745255F",
        "TTSTNNAM": "sudduth",
        "XPURPOSE": "1",
        "OPERATINGR": "AWRR",
        "OPERATIN_1": "Primary",
        "DAYTHRU": 3,
        "NGHTTHRU": 4,
        "MAINTRK": 1,
        "SIDINGTRK": 0,
        "YARDTRK": 0,
        "TRANSITTRK": 0,
        "INDUSTRYTR": 0,
        "OTHRTRK": 0,
        "WDCODE": "",
        "REVISIONDA": "2007/01/01 00:00:00",
        "LASTUPDATE": "10/31/2023",
        "AADT": "",
        "AADTYEAR": "1970",
        "STATENAME": "TEXAS",
        "STATEAB": "TX",
        "COUNTYNAME": "BURNET",
        "CITYNAME": "BURNET",
        "LATDD": 30.676905,
        "LONGDD": -98.24913,
        "gridlyProductionCertified": true,
        "gridlyClassification": "PUBLIC_ROADWAY",
        "gridlyDisplayName": "PRIVATE ROAD",
        "gridlyId": "FRA-745255F"
      }
    },
    {
      "type": "Feature",
      "id": 202539,
      "geometry": {
        "type": "Point",
        "coordinates": [
          -98.2992463999054,
          30.6474956998512
        ]
      },
      "properties": {
        "OBJECTID": 202539,
        "CROSSING": "745273D",
        "EFFDATE": 1698710400000,
        "REASON": "14",
        "StateCode": "48",
        "CountyCode": "48053",
        "STCYFIPS": "48053",
        "CITYCD": "482993699",
        "RAILROAD": "AWRR",
        "RRDIV": "cmta",
        "RRSUBDIV": "west",
        "HIGHWAY": "PRIVATE",
        "STREET": "PRIVATE ROAD",
        "TTSTN": "683682",
        "MILEPOST": "0125.30",
        "TYPEXING": "Private",
        "POSXING": "At Grade",
        "PRVCAT": "14",
        "INIT": "1",
        "LATITUDE": 30.6474957,
        "LONGITUD": -98.2992464,
        "LLSOURCE": "2",
        "WHISTBAN": "0",
        "RRCONT": "5123344000",
        "POLCONT": "8445928046",
        "INV_LINK": "https://safetydata.fra.dot.gov/OfficeofSafety/PublicSite/Crossing/Crossing.aspx?phasetype=C&rpttype=I&txtcrossingnum=745273D",
        "ACC_LINK": "https://safetydata.fra.dot.gov/OfficeofSafety/PublicSite/Crossing/Crossing.aspx?phasetype=C&rpttype=A&txtcrossingnum=745273D",
        "TTSTNNAM": "FAIRLAND",
        "XPURPOSE": "1",
        "OPERATINGR": "AWRR",
        "OPERATIN_1": "Primary",
        "DAYTHRU": 0,
        "NGHTTHRU": 0,
        "MAINTRK": 1,
        "SIDINGTRK": 0,
        "YARDTRK": 0,
        "TRANSITTRK": 0,
        "INDUSTRYTR": 0,
        "OTHRTRK": 0,
        "WDCODE": "",
        "REVISIONDA": "2007/01/01 00:00:00",
        "LASTUPDATE": "10/31/2023",
        "AADT": "",
        "AADTYEAR": "1970",
        "STATENAME": "TEXAS",
        "STATEAB": "TX",
        "COUNTYNAME": "BURNET",
        "CITYNAME": "KINGSLAND",
        "LATDD": 30.6474957,
        "LONGDD": -98.2992464,
        "gridlyProductionCertified": true,
        "gridlyClassification": "PUBLIC_ROADWAY",
        "gridlyDisplayName": "PRIVATE ROAD",
        "gridlyId": "FRA-745273D"
      }
    },
    {
      "type": "Feature",
      "id": 202540,
      "geometry": {
        "type": "Point",
        "coordinates": [
          -98.3105145003168,
          30.6464366998859
        ]
      },
      "properties": {
        "OBJECTID": 202540,
        "CROSSING": "745274K",
        "EFFDATE": 1698710400000,
        "REASON": "14",
        "StateCode": "48",
        "CountyCode": "48053",
        "STCYFIPS": "48053",
        "CITYCD": "482993699",
        "RAILROAD": "AWRR",
        "RRDIV": "cmta",
        "RRSUBDIV": "west",
        "HIGHWAY": "PRIVATE",
        "STREET": "PRIVATE ROAD",
        "TTSTN": "683683",
        "MILEPOST": "0125.84",
        "TYPEXING": "Private",
        "POSXING": "At Grade",
        "PRVCAT": "14",
        "INIT": "1",
        "LATITUDE": 30.6464367,
        "LONGITUD": -98.3105145,
        "LLSOURCE": "2",
        "WHISTBAN": "0",
        "RRCONT": "5123344000",
        "POLCONT": "8445928046",
        "INV_LINK": "https://safetydata.fra.dot.gov/OfficeofSafety/PublicSite/Crossing/Crossing.aspx?phasetype=C&rpttype=I&txtcrossingnum=745274K",
        "ACC_LINK": "https://safetydata.fra.dot.gov/OfficeofSafety/PublicSite/Crossing/Crossing.aspx?phasetype=C&rpttype=A&txtcrossingnum=745274K",
        "TTSTNNAM": "SCOBEE",
        "XPURPOSE": "1",
        "OPERATINGR": "AWRR",
        "OPERATIN_1": "Primary",
        "DAYTHRU": 0,
        "NGHTTHRU": 0,
        "MAINTRK": 1,
        "SIDINGTRK": 0,
        "YARDTRK": 0,
        "TRANSITTRK": 0,
        "INDUSTRYTR": 0,
        "OTHRTRK": 0,
        "WDCODE": "",
        "REVISIONDA": "2007/01/01 00:00:00",
        "LASTUPDATE": "10/31/2023",
        "AADT": "",
        "AADTYEAR": "1970",
        "STATENAME": "TEXAS",
        "STATEAB": "TX",
        "COUNTYNAME": "BURNET",
        "CITYNAME": "KINGSLAND",
        "LATDD": 30.6464367,
        "LONGDD": -98.3105145,
        "gridlyProductionCertified": true,
        "gridlyClassification": "PUBLIC_ROADWAY",
        "gridlyDisplayName": "PRIVATE ROAD",
        "gridlyId": "FRA-745274K"
      }
    },
    {
      "type": "Feature",
      "id": 202541,
      "geometry": {
        "type": "Point",
        "coordinates": [
          -98.3244161000184,
          30.6451233003431
        ]
      },
      "properties": {
        "OBJECTID": 202541,
        "CROSSING": "745276Y",
        "EFFDATE": 1698710400000,
        "REASON": "14",
        "StateCode": "48",
        "CountyCode": "48053",
        "STCYFIPS": "48053",
        "CITYCD": "482993699",
        "RAILROAD": "AWRR",
        "RRDIV": "cmta",
        "RRSUBDIV": "west",
        "HIGHWAY": "PRIVATE",
        "STREET": "MEARS RANCH/IDLWL",
        "TTSTN": "683683",
        "MILEPOST": "0126.67",
        "TYPEXING": "Private",
        "POSXING": "At Grade",
        "PRVCAT": "14",
        "INIT": "1",
        "LATITUDE": 30.6451233,
        "LONGITUD": -98.3244161,
        "LLSOURCE": "1",
        "WHISTBAN": "0",
        "RRCONT": "5123344000",
        "POLCONT": "8445928046",
        "INV_LINK": "https://safetydata.fra.dot.gov/OfficeofSafety/PublicSite/Crossing/Crossing.aspx?phasetype=C&rpttype=I&txtcrossingnum=745276Y",
        "ACC_LINK": "https://safetydata.fra.dot.gov/OfficeofSafety/PublicSite/Crossing/Crossing.aspx?phasetype=C&rpttype=A&txtcrossingnum=745276Y",
        "TTSTNNAM": "SCOBEE",
        "XPURPOSE": "1",
        "OPERATINGR": "AWRR",
        "OPERATIN_1": "Primary",
        "DAYTHRU": 0,
        "NGHTTHRU": 0,
        "MAINTRK": 1,
        "SIDINGTRK": 0,
        "YARDTRK": 0,
        "TRANSITTRK": 0,
        "INDUSTRYTR": 0,
        "OTHRTRK": 0,
        "WDCODE": "",
        "REVISIONDA": "2007/01/01 00:00:00",
        "LASTUPDATE": "10/31/2023",
        "AADT": "",
        "AADTYEAR": "1970",
        "STATENAME": "TEXAS",
        "STATEAB": "TX",
        "COUNTYNAME": "BURNET",
        "CITYNAME": "KINGSLAND",
        "LATDD": 30.6451233,
        "LONGDD": -98.3244161,
        "gridlyProductionCertified": true,
        "gridlyClassification": "PUBLIC_ROADWAY",
        "gridlyDisplayName": "MEARS RANCH/IDLWL",
        "gridlyId": "FRA-745276Y"
      }
    },
    {
      "type": "Feature",
      "id": 202542,
      "geometry": {
        "type": "Point",
        "coordinates": [
          -98.3421640001024,
          30.643208800132
        ]
      },
      "properties": {
        "OBJECTID": 202542,
        "CROSSING": "925940V",
        "EFFDATE": 1698710400000,
        "REASON": "14",
        "StateCode": "48",
        "CountyCode": "48053",
        "STCYFIPS": "48053",
        "CITYCD": "482312281",
        "RAILROAD": "AWRR",
        "RRDIV": "cmta",
        "RRSUBDIV": "west",
        "HIGHWAY": "PRIVATE",
        "STREET": "J LIGHT/SCOBEE",
        "TTSTN": "683683",
        "MILEPOST": "0127.85",
        "TYPEXING": "Private",
        "POSXING": "At Grade",
        "PRVCAT": "14",
        "INIT": "1",
        "LATITUDE": 30.6432088,
        "LONGITUD": -98.342164,
        "LLSOURCE": "1",
        "WHISTBAN": "0",
        "RRCONT": "5123344000",
        "POLCONT": "8445928046",
        "INV_LINK": "https://safetydata.fra.dot.gov/OfficeofSafety/PublicSite/Crossing/Crossing.aspx?phasetype=C&rpttype=I&txtcrossingnum=925940V",
        "ACC_LINK": "https://safetydata.fra.dot.gov/OfficeofSafety/PublicSite/Crossing/Crossing.aspx?phasetype=C&rpttype=A&txtcrossingnum=925940V",
        "TTSTNNAM": "SCOBEE",
        "XPURPOSE": "1",
        "OPERATINGR": "AWRR",
        "OPERATIN_1": "Primary",
        "DAYTHRU": 0,
        "NGHTTHRU": 0,
        "MAINTRK": 0,
        "SIDINGTRK": 0,
        "YARDTRK": 1,
        "TRANSITTRK": 0,
        "INDUSTRYTR": 0,
        "OTHRTRK": 0,
        "WDCODE": "",
        "REVISIONDA": "2007/01/01 00:00:00",
        "LASTUPDATE": "10/31/2023",
        "AADT": "",
        "AADTYEAR": "",
        "STATENAME": "TEXAS",
        "STATEAB": "TX",
        "COUNTYNAME": "BURNET",
        "CITYNAME": "FAIRLIE",
        "LATDD": 30.6432088,
        "LONGDD": -98.342164,
        "gridlyProductionCertified": true,
        "gridlyClassification": "PUBLIC_ROADWAY",
        "gridlyDisplayName": "J LIGHT/SCOBEE",
        "gridlyId": "FRA-925940V"
      }
    },
    {
      "type": "Feature",
      "id": 202549,
      "geometry": {
        "type": "Point",
        "coordinates": [
          -98.2847536997637,
          30.5718354999988
        ]
      },
      "properties": {
        "OBJECTID": 202549,
        "CROSSING": "745271P",
        "EFFDATE": 1698710400000,
        "REASON": "14",
        "StateCode": "48",
        "CountyCode": "48053",
        "STCYFIPS": "48053",
        "CITYCD": "480534310",
        "RAILROAD": "AWRR",
        "RRDIV": "cmta",
        "RRSUBDIV": "west",
        "HIGHWAY": "ST 0000",
        "STREET": "AVE N",
        "TTSTN": "683688",
        "MILEPOST": "0006.20",
        "TYPEXING": "Public",
        "POSXING": "At Grade",
        "PRVCAT": "14",
        "INIT": "1",
        "LATITUDE": 30.5718355,
        "LONGITUD": -98.2847537,
        "LLSOURCE": "2",
        "WHISTBAN": "0",
        "RRCONT": "5123344000",
        "POLCONT": "8445928046",
        "INV_LINK": "https://safetydata.fra.dot.gov/OfficeofSafety/PublicSite/Crossing/Crossing.aspx?phasetype=C&rpttype=I&txtcrossingnum=745271P",
        "ACC_LINK": "https://safetydata.fra.dot.gov/OfficeofSafety/PublicSite/Crossing/Crossing.aspx?phasetype=C&rpttype=A&txtcrossingnum=745271P",
        "TTSTNNAM": "MARBLE FALLS",
        "XPURPOSE": "1",
        "OPERATINGR": "AWRR",
        "OPERATIN_1": "Primary",
        "DAYTHRU": 2,
        "NGHTTHRU": 0,
        "MAINTRK": 0,
        "SIDINGTRK": 0,
        "YARDTRK": 0,
        "TRANSITTRK": 0,
        "INDUSTRYTR": 2,
        "OTHRTRK": 0,
        "WDCODE": "Crossbucks",
        "REVISIONDA": "2007/01/01 00:00:00",
        "LASTUPDATE": "10/31/2023",
        "AADT": "265",
        "AADTYEAR": "2019",
        "STATENAME": "TEXAS",
        "STATEAB": "TX",
        "COUNTYNAME": "BURNET",
        "CITYNAME": "MARBLE FALLS",
        "LATDD": 30.5718355,
        "LONGDD": -98.2847537,
        "gridlyProductionCertified": true,
        "gridlyClassification": "PUBLIC_ROADWAY",
        "gridlyDisplayName": "AVE N",
        "gridlyId": "FRA-745271P"
      }
    },
    {
      "type": "Feature",
      "id": 202552,
      "geometry": {
        "type": "Point",
        "coordinates": [
          -98.2819009001529,
          30.571834000294
        ]
      },
      "properties": {
        "OBJECTID": 202552,
        "CROSSING": "745272W",
        "EFFDATE": 1698710400000,
        "REASON": "14",
        "StateCode": "48",
        "CountyCode": "48053",
        "STCYFIPS": "48053",
        "CITYCD": "480534310",
        "RAILROAD": "AWRR",
        "RRDIV": "CMTA",
        "RRSUBDIV": "west",
        "HIGHWAY": "ST 0000",
        "STREET": "AVE L",
        "TTSTN": "683688",
        "MILEPOST": "0006.40",
        "TYPEXING": "Public",
        "POSXING": "At Grade",
        "PRVCAT": "14",
        "INIT": "1",
        "LATITUDE": 30.571834,
        "LONGITUD": -98.2819009,
        "LLSOURCE": "2",
        "WHISTBAN": "0",
        "RRCONT": "5123344000",
        "POLCONT": "8445928046",
        "INV_LINK": "https://safetydata.fra.dot.gov/OfficeofSafety/PublicSite/Crossing/Crossing.aspx?phasetype=C&rpttype=I&txtcrossingnum=745272W",
        "ACC_LINK": "https://safetydata.fra.dot.gov/OfficeofSafety/PublicSite/Crossing/Crossing.aspx?phasetype=C&rpttype=A&txtcrossingnum=745272W",
        "TTSTNNAM": "MARBLE FALLS",
        "XPURPOSE": "1",
        "OPERATINGR": "AWRR",
        "OPERATIN_1": "Primary",
        "DAYTHRU": 0,
        "NGHTTHRU": 0,
        "MAINTRK": 0,
        "SIDINGTRK": 0,
        "YARDTRK": 0,
        "TRANSITTRK": 0,
        "INDUSTRYTR": 1,
        "OTHRTRK": 0,
        "WDCODE": "Crossbucks",
        "REVISIONDA": "2007/01/01 00:00:00",
        "LASTUPDATE": "10/31/2023",
        "AADT": "265",
        "AADTYEAR": "2019",
        "STATENAME": "TEXAS",
        "STATEAB": "TX",
        "COUNTYNAME": "BURNET",
        "CITYNAME": "MARBLE FALLS",
        "LATDD": 30.571834,
        "LONGDD": -98.2819009,
        "gridlyProductionCertified": true,
        "gridlyClassification": "PUBLIC_ROADWAY",
        "gridlyDisplayName": "AVE L",
        "gridlyId": "FRA-745272W"
      }
    },
    {
      "type": "Feature",
      "id": 202595,
      "geometry": {
        "type": "Point",
        "coordinates": [
          -98.3322297002586,
          30.6443919001616
        ]
      },
      "properties": {
        "OBJECTID": 202595,
        "CROSSING": "925936F",
        "EFFDATE": 1698710400000,
        "REASON": "14",
        "StateCode": "48",
        "CountyCode": "48053",
        "STCYFIPS": "48053",
        "CITYCD": "482993699",
        "RAILROAD": "AWRR",
        "RRDIV": "cmta",
        "RRSUBDIV": "west",
        "HIGHWAY": "PRIVATE",
        "STREET": "COMANCHE CREEK RD",
        "TTSTN": "683683",
        "MILEPOST": "0127.14",
        "TYPEXING": "Private",
        "POSXING": "At Grade",
        "PRVCAT": "14",
        "INIT": "1",
        "LATITUDE": 30.6443919,
        "LONGITUD": -98.3322297,
        "LLSOURCE": "1",
        "WHISTBAN": "0",
        "RRCONT": "5123344000",
        "POLCONT": "8445928046",
        "INV_LINK": "https://safetydata.fra.dot.gov/OfficeofSafety/PublicSite/Crossing/Crossing.aspx?phasetype=C&rpttype=I&txtcrossingnum=925936F",
        "ACC_LINK": "https://safetydata.fra.dot.gov/OfficeofSafety/PublicSite/Crossing/Crossing.aspx?phasetype=C&rpttype=A&txtcrossingnum=925936F",
        "TTSTNNAM": "SCOBEE",
        "XPURPOSE": "1",
        "OPERATINGR": "AWRR",
        "OPERATIN_1": "Primary",
        "DAYTHRU": 0,
        "NGHTTHRU": 0,
        "MAINTRK": 1,
        "SIDINGTRK": 0,
        "YARDTRK": 0,
        "TRANSITTRK": 0,
        "INDUSTRYTR": 0,
        "OTHRTRK": 0,
        "WDCODE": "",
        "REVISIONDA": "2007/01/01 00:00:00",
        "LASTUPDATE": "10/31/2023",
        "AADT": "",
        "AADTYEAR": "",
        "STATENAME": "TEXAS",
        "STATEAB": "TX",
        "COUNTYNAME": "BURNET",
        "CITYNAME": "KINGSLAND",
        "LATDD": 30.6443919,
        "LONGDD": -98.3322297,
        "gridlyProductionCertified": true,
        "gridlyClassification": "PUBLIC_ROADWAY",
        "gridlyDisplayName": "COMANCHE CREEK RD",
        "gridlyId": "FRA-925936F"
      }
    },
    {
      "type": "Feature",
      "id": 202596,
      "geometry": {
        "type": "Point",
        "coordinates": [
          -98.3416947004351,
          30.6435071996179
        ]
      },
      "properties": {
        "OBJECTID": 202596,
        "CROSSING": "745278M",
        "EFFDATE": 1698710400000,
        "REASON": "14",
        "StateCode": "48",
        "CountyCode": "48053",
        "STCYFIPS": "48053",
        "CITYCD": "482993699",
        "RAILROAD": "AWRR",
        "RRDIV": "cmta",
        "RRSUBDIV": "west",
        "HIGHWAY": "CO0120",
        "STREET": "CR 0120",
        "TTSTN": "683683",
        "MILEPOST": "0127.71",
        "TYPEXING": "Public",
        "POSXING": "At Grade",
        "PRVCAT": "14",
        "INIT": "1",
        "LATITUDE": 30.6435072,
        "LONGITUD": -98.3416947,
        "LLSOURCE": "1",
        "WHISTBAN": "0",
        "RRCONT": "5123344000",
        "POLCONT": "8445928046",
        "INV_LINK": "https://safetydata.fra.dot.gov/OfficeofSafety/PublicSite/Crossing/Crossing.aspx?phasetype=C&rpttype=I&txtcrossingnum=745278M",
        "ACC_LINK": "https://safetydata.fra.dot.gov/OfficeofSafety/PublicSite/Crossing/Crossing.aspx?phasetype=C&rpttype=A&txtcrossingnum=745278M",
        "TTSTNNAM": "SCOBEE",
        "XPURPOSE": "1",
        "OPERATINGR": "AWRR",
        "OPERATIN_1": "Primary",
        "DAYTHRU": 0,
        "NGHTTHRU": 0,
        "MAINTRK": 1,
        "SIDINGTRK": 0,
        "YARDTRK": 1,
        "TRANSITTRK": 0,
        "INDUSTRYTR": 0,
        "OTHRTRK": 0,
        "WDCODE": "Crossbucks",
        "REVISIONDA": "2007/01/01 00:00:00",
        "LASTUPDATE": "10/31/2023",
        "AADT": "801",
        "AADTYEAR": "2015",
        "STATENAME": "TEXAS",
        "STATEAB": "TX",
        "COUNTYNAME": "BURNET",
        "CITYNAME": "KINGSLAND",
        "LATDD": 30.6435072,
        "LONGDD": -98.3416947,
        "gridlyProductionCertified": true,
        "gridlyClassification": "PUBLIC_ROADWAY",
        "gridlyDisplayName": "CR 0120",
        "gridlyId": "FRA-745278M"
      }
    },
    {
      "type": "Feature",
      "id": 202597,
      "geometry": {
        "type": "Point",
        "coordinates": [
          -98.2863007999055,
          30.6513231997271
        ]
      },
      "properties": {
        "OBJECTID": 202597,
        "CROSSING": "745260C",
        "EFFDATE": 1698710400000,
        "REASON": "14",
        "StateCode": "48",
        "CountyCode": "48053",
        "STCYFIPS": "48053",
        "CITYCD": "482993699",
        "RAILROAD": "AWRR",
        "RRDIV": "cmta",
        "RRSUBDIV": "west",
        "HIGHWAY": "CR 121",
        "STREET": "CR 121",
        "TTSTN": "683682",
        "MILEPOST": "0124.33",
        "TYPEXING": "Public",
        "POSXING": "At Grade",
        "PRVCAT": "14",
        "INIT": "1",
        "LATITUDE": 30.6513232,
        "LONGITUD": -98.2863008,
        "LLSOURCE": "1",
        "WHISTBAN": "0",
        "RRCONT": "5123344000",
        "POLCONT": "8445928046",
        "INV_LINK": "https://safetydata.fra.dot.gov/OfficeofSafety/PublicSite/Crossing/Crossing.aspx?phasetype=C&rpttype=I&txtcrossingnum=745260C",
        "ACC_LINK": "https://safetydata.fra.dot.gov/OfficeofSafety/PublicSite/Crossing/Crossing.aspx?phasetype=C&rpttype=A&txtcrossingnum=745260C",
        "TTSTNNAM": "FAIRLAND",
        "XPURPOSE": "1",
        "OPERATINGR": "AWRR",
        "OPERATIN_1": "Primary",
        "DAYTHRU": 0,
        "NGHTTHRU": 0,
        "MAINTRK": 1,
        "SIDINGTRK": 0,
        "YARDTRK": 0,
        "TRANSITTRK": 0,
        "INDUSTRYTR": 0,
        "OTHRTRK": 0,
        "WDCODE": "Crossbucks",
        "REVISIONDA": "2007/01/01 00:00:00",
        "LASTUPDATE": "10/31/2023",
        "AADT": "946",
        "AADTYEAR": "2019",
        "STATENAME": "TEXAS",
        "STATEAB": "TX",
        "COUNTYNAME": "BURNET",
        "CITYNAME": "KINGSLAND",
        "LATDD": 30.6513232,
        "LONGDD": -98.2863008,
        "gridlyProductionCertified": true,
        "gridlyClassification": "PUBLIC_ROADWAY",
        "gridlyDisplayName": "CR 121",
        "gridlyId": "FRA-745260C"
      }
    },
    {
      "type": "Feature",
      "id": 202598,
      "geometry": {
        "type": "Point",
        "coordinates": [
          -98.0535559003792,
          30.7435037000343
        ]
      },
      "properties": {
        "OBJECTID": 202598,
        "CROSSING": "745346L",
        "EFFDATE": 1698710400000,
        "REASON": "14",
        "StateCode": "48",
        "CountyCode": "48053",
        "STCYFIPS": "48053",
        "CITYCD": "480530606",
        "RAILROAD": "AWRR",
        "RRDIV": "cmta",
        "RRSUBDIV": "west",
        "HIGHWAY": "ST 0000",
        "STREET": "EAST ST",
        "TTSTN": "683663",
        "MILEPOST": "0104.20",
        "TYPEXING": "Public",
        "POSXING": "At Grade",
        "PRVCAT": "14",
        "INIT": "1",
        "LATITUDE": 30.7435037,
        "LONGITUD": -98.0535559,
        "LLSOURCE": "1",
        "WHISTBAN": "0",
        "RRCONT": "5123344000",
        "POLCONT": "8445928046",
        "INV_LINK": "https://safetydata.fra.dot.gov/OfficeofSafety/PublicSite/Crossing/Crossing.aspx?phasetype=C&rpttype=I&txtcrossingnum=745346L",
        "ACC_LINK": "https://safetydata.fra.dot.gov/OfficeofSafety/PublicSite/Crossing/Crossing.aspx?phasetype=C&rpttype=A&txtcrossingnum=745346L",
        "TTSTNNAM": "BERTRAM",
        "XPURPOSE": "1",
        "OPERATINGR": "AWRR",
        "OPERATIN_1": "Primary",
        "DAYTHRU": 3,
        "NGHTTHRU": 4,
        "MAINTRK": 1,
        "SIDINGTRK": 1,
        "YARDTRK": 0,
        "TRANSITTRK": 0,
        "INDUSTRYTR": 0,
        "OTHRTRK": 1,
        "WDCODE": "Crossbucks",
        "REVISIONDA": "2007/01/01 00:00:00",
        "LASTUPDATE": "10/31/2023",
        "AADT": "115",
        "AADTYEAR": "2019",
        "STATENAME": "TEXAS",
        "STATEAB": "TX",
        "COUNTYNAME": "BURNET",
        "CITYNAME": "BERTRAM",
        "LATDD": 30.7435037,
        "LONGDD": -98.0535559,
        "gridlyProductionCertified": true,
        "gridlyClassification": "PUBLIC_ROADWAY",
        "gridlyDisplayName": "EAST ST",
        "gridlyId": "FRA-745346L"
      }
    },
    {
      "type": "Feature",
      "id": 202599,
      "geometry": {
        "type": "Point",
        "coordinates": [
          -97.9980413004115,
          30.7202807997646
        ]
      },
      "properties": {
        "OBJECTID": 202599,
        "CROSSING": "745310D",
        "EFFDATE": 1698710400000,
        "REASON": "14",
        "StateCode": "48",
        "CountyCode": "48053",
        "STCYFIPS": "48053",
        "CITYCD": "480530606",
        "RAILROAD": "AWRR",
        "RRDIV": "cmta",
        "RRSUBDIV": "west",
        "HIGHWAY": "CO 0206",
        "STREET": "CR 0206",
        "TTSTN": "683663",
        "MILEPOST": "0100.49",
        "TYPEXING": "Public",
        "POSXING": "At Grade",
        "PRVCAT": "14",
        "INIT": "1",
        "LATITUDE": 30.7202808,
        "LONGITUD": -97.9980413,
        "LLSOURCE": "1",
        "WHISTBAN": "0",
        "RRCONT": "5123344000",
        "POLCONT": "8445928046",
        "INV_LINK": "https://safetydata.fra.dot.gov/OfficeofSafety/PublicSite/Crossing/Crossing.aspx?phasetype=C&rpttype=I&txtcrossingnum=745310D",
        "ACC_LINK": "https://safetydata.fra.dot.gov/OfficeofSafety/PublicSite/Crossing/Crossing.aspx?phasetype=C&rpttype=A&txtcrossingnum=745310D",
        "TTSTNNAM": "BERTRAM",
        "XPURPOSE": "1",
        "OPERATINGR": "AWRR",
        "OPERATIN_1": "Primary",
        "DAYTHRU": 3,
        "NGHTTHRU": 4,
        "MAINTRK": 1,
        "SIDINGTRK": 0,
        "YARDTRK": 0,
        "TRANSITTRK": 0,
        "INDUSTRYTR": 0,
        "OTHRTRK": 0,
        "WDCODE": "Crossbucks",
        "REVISIONDA": "2007/01/01 00:00:00",
        "LASTUPDATE": "10/31/2023",
        "AADT": "114",
        "AADTYEAR": "2019",
        "STATENAME": "TEXAS",
        "STATEAB": "TX",
        "COUNTYNAME": "BURNET",
        "CITYNAME": "BERTRAM",
        "LATDD": 30.7202808,
        "LONGDD": -97.9980413,
        "gridlyProductionCertified": true,
        "gridlyClassification": "PUBLIC_ROADWAY",
        "gridlyDisplayName": "CR 0206",
        "gridlyId": "FRA-745310D"
      }
    },
    {
      "type": "Feature",
      "id": 202600,
      "geometry": {
        "type": "Point",
        "coordinates": [
          -98.2537283997431,
          30.6563607003372
        ]
      },
      "properties": {
        "OBJECTID": 202600,
        "CROSSING": "745257U",
        "EFFDATE": 1698710400000,
        "REASON": "14",
        "StateCode": "48",
        "CountyCode": "48053",
        "STCYFIPS": "48053",
        "CITYCD": "480531040",
        "RAILROAD": "AWRR",
        "RRDIV": "cmta",
        "RRSUBDIV": "west",
        "HIGHWAY": "PRIVATE",
        "STREET": "CAPITAL AGGREGATE",
        "TTSTN": "683668",
        "MILEPOST": "0122.28",
        "TYPEXING": "Private",
        "POSXING": "At Grade",
        "PRVCAT": "14",
        "INIT": "1",
        "LATITUDE": 30.6563607,
        "LONGITUD": -98.2537284,
        "LLSOURCE": "1",
        "WHISTBAN": "0",
        "RRCONT": "5123344000",
        "POLCONT": "8445928046",
        "INV_LINK": "https://safetydata.fra.dot.gov/OfficeofSafety/PublicSite/Crossing/Crossing.aspx?phasetype=C&rpttype=I&txtcrossingnum=745257U",
        "ACC_LINK": "https://safetydata.fra.dot.gov/OfficeofSafety/PublicSite/Crossing/Crossing.aspx?phasetype=C&rpttype=A&txtcrossingnum=745257U",
        "TTSTNNAM": "DEMARCO",
        "XPURPOSE": "1",
        "OPERATINGR": "AWRR",
        "OPERATIN_1": "Primary",
        "DAYTHRU": 3,
        "NGHTTHRU": 4,
        "MAINTRK": 1,
        "SIDINGTRK": 0,
        "YARDTRK": 1,
        "TRANSITTRK": 0,
        "INDUSTRYTR": 0,
        "OTHRTRK": 0,
        "WDCODE": "",
        "REVISIONDA": "2007/01/01 00:00:00",
        "LASTUPDATE": "10/31/2023",
        "AADT": "",
        "AADTYEAR": "1970",
        "STATENAME": "TEXAS",
        "STATEAB": "TX",
        "COUNTYNAME": "BURNET",
        "CITYNAME": "BURNET",
        "LATDD": 30.6563607,
        "LONGDD": -98.2537284,
        "gridlyProductionCertified": true,
        "gridlyClassification": "PUBLIC_ROADWAY",
        "gridlyDisplayName": "CAPITAL AGGREGATE",
        "gridlyId": "FRA-745257U"
      }
    },
    {
      "type": "Feature",
      "id": 202604,
      "geometry": {
        "type": "Point",
        "coordinates": [
          -98.2227423004048,
          30.7563772000904
        ]
      },
      "properties": {
        "OBJECTID": 202604,
        "CROSSING": "925935Y",
        "EFFDATE": 1698710400000,
        "REASON": "14",
        "StateCode": "48",
        "CountyCode": "48053",
        "STCYFIPS": "48053",
        "CITYCD": "480531040",
        "RAILROAD": "AWRR",
        "RRDIV": "cmta",
        "RRSUBDIV": "west",
        "HIGHWAY": "CITY",
        "STREET": "E LEAGUE ST",
        "TTSTN": "683650",
        "MILEPOST": "0000.67",
        "TYPEXING": "Public",
        "POSXING": "At Grade",
        "PRVCAT": "14",
        "INIT": "1",
        "LATITUDE": 30.7563772,
        "LONGITUD": -98.2227423,
        "LLSOURCE": "2",
        "WHISTBAN": "0",
        "RRCONT": "5123344000",
        "POLCONT": "8445928046",
        "INV_LINK": "https://safetydata.fra.dot.gov/OfficeofSafety/PublicSite/Crossing/Crossing.aspx?phasetype=C&rpttype=I&txtcrossingnum=925935Y",
        "ACC_LINK": "https://safetydata.fra.dot.gov/OfficeofSafety/PublicSite/Crossing/Crossing.aspx?phasetype=C&rpttype=A&txtcrossingnum=925935Y",
        "TTSTNNAM": "Wilkie",
        "XPURPOSE": "1",
        "OPERATINGR": "AWRR",
        "OPERATIN_1": "Primary",
        "DAYTHRU": 0,
        "NGHTTHRU": 0,
        "MAINTRK": 0,
        "SIDINGTRK": 0,
        "YARDTRK": 2,
        "TRANSITTRK": 0,
        "INDUSTRYTR": 0,
        "OTHRTRK": 1,
        "WDCODE": "Crossbucks",
        "REVISIONDA": "2007/01/01 00:00:00",
        "LASTUPDATE": "10/31/2023",
        "AADT": "265",
        "AADTYEAR": "2019",
        "STATENAME": "TEXAS",
        "STATEAB": "TX",
        "COUNTYNAME": "BURNET",
        "CITYNAME": "BURNET",
        "LATDD": 30.7563772,
        "LONGDD": -98.2227423,
        "gridlyProductionCertified": true,
        "gridlyClassification": "PUBLIC_ROADWAY",
        "gridlyDisplayName": "E LEAGUE ST",
        "gridlyId": "FRA-925935Y"
      }
    },
    {
      "type": "Feature",
      "id": 202639,
      "geometry": {
        "type": "Point",
        "coordinates": [
          -98.232416800282,
          30.7330789999424
        ]
      },
      "properties": {
        "OBJECTID": 202639,
        "CROSSING": "745249C",
        "EFFDATE": 1698710400000,
        "REASON": "14",
        "StateCode": "48",
        "CountyCode": "48053",
        "STCYFIPS": "48053",
        "CITYCD": "480531040",
        "RAILROAD": "AWRR",
        "RRDIV": "cmty",
        "RRSUBDIV": "west",
        "HIGHWAY": "CO340A",
        "STREET": "CO 340A",
        "TTSTN": "683651",
        "MILEPOST": "0116.42",
        "TYPEXING": "Public",
        "POSXING": "At Grade",
        "PRVCAT": "14",
        "INIT": "1",
        "LATITUDE": 30.733079,
        "LONGITUD": -98.2324168,
        "LLSOURCE": "1",
        "WHISTBAN": "0",
        "RRCONT": "5123344000",
        "POLCONT": "8445928046",
        "INV_LINK": "https://safetydata.fra.dot.gov/OfficeofSafety/PublicSite/Crossing/Crossing.aspx?phasetype=C&rpttype=I&txtcrossingnum=745249C",
        "ACC_LINK": "https://safetydata.fra.dot.gov/OfficeofSafety/PublicSite/Crossing/Crossing.aspx?phasetype=C&rpttype=A&txtcrossingnum=745249C",
        "TTSTNNAM": "GANDY",
        "XPURPOSE": "1",
        "OPERATINGR": "AWRR",
        "OPERATIN_1": "Primary",
        "DAYTHRU": 3,
        "NGHTTHRU": 4,
        "MAINTRK": 1,
        "SIDINGTRK": 0,
        "YARDTRK": 0,
        "TRANSITTRK": 0,
        "INDUSTRYTR": 0,
        "OTHRTRK": 0,
        "WDCODE": "Stop signs",
        "REVISIONDA": "2007/01/01 00:00:00",
        "LASTUPDATE": "10/31/2023",
        "AADT": "411",
        "AADTYEAR": "2019",
        "STATENAME": "TEXAS",
        "STATEAB": "TX",
        "COUNTYNAME": "BURNET",
        "CITYNAME": "BURNET",
        "LATDD": 30.733079,
        "LONGDD": -98.2324168,
        "gridlyProductionCertified": true,
        "gridlyClassification": "PUBLIC_ROADWAY",
        "gridlyDisplayName": "CO 340A",
        "gridlyId": "FRA-745249C"
      }
    },
    {
      "type": "Feature",
      "id": 202640,
      "geometry": {
        "type": "Point",
        "coordinates": [
          -98.0981754999175,
          30.7465193002918
        ]
      },
      "properties": {
        "OBJECTID": 202640,
        "CROSSING": "745348A",
        "EFFDATE": 1698710400000,
        "REASON": "14",
        "StateCode": "48",
        "CountyCode": "48053",
        "STCYFIPS": "48053",
        "CITYCD": "480530606",
        "RAILROAD": "AWRR",
        "RRDIV": "cmta",
        "RRSUBDIV": "west",
        "HIGHWAY": "CO0258",
        "STREET": "Ruble Ln",
        "TTSTN": "683663",
        "MILEPOST": "0106.94",
        "TYPEXING": "Public",
        "POSXING": "At Grade",
        "PRVCAT": "14",
        "INIT": "1",
        "LATITUDE": 30.7465193,
        "LONGITUD": -98.0981755,
        "LLSOURCE": "1",
        "WHISTBAN": "0",
        "RRCONT": "5123344000",
        "POLCONT": "8445928046",
        "INV_LINK": "https://safetydata.fra.dot.gov/OfficeofSafety/PublicSite/Crossing/Crossing.aspx?phasetype=C&rpttype=I&txtcrossingnum=745348A",
        "ACC_LINK": "https://safetydata.fra.dot.gov/OfficeofSafety/PublicSite/Crossing/Crossing.aspx?phasetype=C&rpttype=A&txtcrossingnum=745348A",
        "TTSTNNAM": "BERTRAM",
        "XPURPOSE": "1",
        "OPERATINGR": "AWRR",
        "OPERATIN_1": "Primary",
        "DAYTHRU": 3,
        "NGHTTHRU": 4,
        "MAINTRK": 1,
        "SIDINGTRK": 0,
        "YARDTRK": 0,
        "TRANSITTRK": 0,
        "INDUSTRYTR": 0,
        "OTHRTRK": 0,
        "WDCODE": "Crossbucks",
        "REVISIONDA": "2007/01/01 00:00:00",
        "LASTUPDATE": "10/31/2023",
        "AADT": "278",
        "AADTYEAR": "2019",
        "STATENAME": "TEXAS",
        "STATEAB": "TX",
        "COUNTYNAME": "BURNET",
        "CITYNAME": "BERTRAM",
        "LATDD": 30.7465193,
        "LONGDD": -98.0981755,
        "gridlyProductionCertified": true,
        "gridlyClassification": "PUBLIC_ROADWAY",
        "gridlyDisplayName": "Ruble Ln",
        "gridlyId": "FRA-745348A"
      }
    },
    {
      "type": "Feature",
      "id": 202658,
      "geometry": {
        "type": "Point",
        "coordinates": [
          -98.2900652996981,
          30.5749245998863
        ]
      },
      "properties": {
        "OBJECTID": 202658,
        "CROSSING": "745270H",
        "EFFDATE": 1698710400000,
        "REASON": "14",
        "StateCode": "48",
        "CountyCode": "48053",
        "STCYFIPS": "48053",
        "CITYCD": "480534310",
        "RAILROAD": "AWRR",
        "RRDIV": "cmta",
        "RRSUBDIV": "west",
        "HIGHWAY": "ST0000",
        "STREET": "AVENUE S",
        "TTSTN": "683688",
        "MILEPOST": "0005.86",
        "TYPEXING": "Public",
        "POSXING": "At Grade",
        "PRVCAT": "14",
        "INIT": "1",
        "LATITUDE": 30.5749246,
        "LONGITUD": -98.2900653,
        "LLSOURCE": "1",
        "WHISTBAN": "0",
        "RRCONT": "5123344000",
        "POLCONT": "8445928046",
        "INV_LINK": "https://safetydata.fra.dot.gov/OfficeofSafety/PublicSite/Crossing/Crossing.aspx?phasetype=C&rpttype=I&txtcrossingnum=745270H",
        "ACC_LINK": "https://safetydata.fra.dot.gov/OfficeofSafety/PublicSite/Crossing/Crossing.aspx?phasetype=C&rpttype=A&txtcrossingnum=745270H",
        "TTSTNNAM": "MARBLE FALLS",
        "XPURPOSE": "1",
        "OPERATINGR": "AWRR",
        "OPERATIN_1": "Primary",
        "DAYTHRU": 2,
        "NGHTTHRU": 0,
        "MAINTRK": 1,
        "SIDINGTRK": 0,
        "YARDTRK": 0,
        "TRANSITTRK": 0,
        "INDUSTRYTR": 0,
        "OTHRTRK": 0,
        "WDCODE": "Crossbucks",
        "REVISIONDA": "2007/01/01 00:00:00",
        "LASTUPDATE": "10/31/2023",
        "AADT": "619",
        "AADTYEAR": "2019",
        "STATENAME": "TEXAS",
        "STATEAB": "TX",
        "COUNTYNAME": "BURNET",
        "CITYNAME": "MARBLE FALLS",
        "LATDD": 30.5749246,
        "LONGDD": -98.2900653,
        "gridlyProductionCertified": true,
        "gridlyClassification": "PUBLIC_ROADWAY",
        "gridlyDisplayName": "AVENUE S",
        "gridlyId": "FRA-745270H"
      }
    },
    {
      "type": "Feature",
      "id": 202659,
      "geometry": {
        "type": "Point",
        "coordinates": [
          -98.3001960000091,
          30.5926709003561
        ]
      },
      "properties": {
        "OBJECTID": 202659,
        "CROSSING": "745267A",
        "EFFDATE": 1698710400000,
        "REASON": "14",
        "StateCode": "48",
        "CountyCode": "48053",
        "STCYFIPS": "48053",
        "CITYCD": "480534310",
        "RAILROAD": "AWRR",
        "RRDIV": "cmta",
        "RRSUBDIV": "west",
        "HIGHWAY": "RM 1431",
        "STREET": "FM 1431",
        "TTSTN": "683685",
        "MILEPOST": "0004.32",
        "TYPEXING": "Public",
        "POSXING": "At Grade",
        "PRVCAT": "14",
        "INIT": "1",
        "LATITUDE": 30.5926709,
        "LONGITUD": -98.300196,
        "LLSOURCE": "1",
        "WHISTBAN": "0",
        "RRCONT": "5123344000",
        "POLCONT": "8445928046",
        "INV_LINK": "https://safetydata.fra.dot.gov/OfficeofSafety/PublicSite/Crossing/Crossing.aspx?phasetype=C&rpttype=I&txtcrossingnum=745267A",
        "ACC_LINK": "https://safetydata.fra.dot.gov/OfficeofSafety/PublicSite/Crossing/Crossing.aspx?phasetype=C&rpttype=A&txtcrossingnum=745267A",
        "TTSTNNAM": "GRANITE MT",
        "XPURPOSE": "1",
        "OPERATINGR": "AWRR",
        "OPERATIN_1": "Primary",
        "DAYTHRU": 2,
        "NGHTTHRU": 0,
        "MAINTRK": 1,
        "SIDINGTRK": 0,
        "YARDTRK": 0,
        "TRANSITTRK": 0,
        "INDUSTRYTR": 0,
        "OTHRTRK": 0,
        "WDCODE": "Flashing lights",
        "REVISIONDA": "2007/01/01 00:00:00",
        "LASTUPDATE": "10/31/2023",
        "AADT": "16820",
        "AADTYEAR": "2020",
        "STATENAME": "TEXAS",
        "STATEAB": "TX",
        "COUNTYNAME": "BURNET",
        "CITYNAME": "MARBLE FALLS",
        "LATDD": 30.5926709,
        "LONGDD": -98.300196,
        "gridlyProductionCertified": true,
        "gridlyClassification": "PUBLIC_ROADWAY",
        "gridlyDisplayName": "FM 1431",
        "gridlyId": "FRA-745267A"
      }
    },
    {
      "type": "Feature",
      "id": 202660,
      "geometry": {
        "type": "Point",
        "coordinates": [
          -98.1518561002995,
          30.749680999906
        ]
      },
      "properties": {
        "OBJECTID": 202660,
        "CROSSING": "745335Y",
        "EFFDATE": 1698710400000,
        "REASON": "14",
        "StateCode": "48",
        "CountyCode": "48053",
        "STCYFIPS": "48053",
        "CITYCD": "480531040",
        "RAILROAD": "AWRR",
        "RRDIV": "cmty",
        "RRSUBDIV": "west",
        "HIGHWAY": "CO0252",
        "STREET": "CO 252",
        "TTSTN": "683667",
        "MILEPOST": "0110.21",
        "TYPEXING": "Public",
        "POSXING": "At Grade",
        "PRVCAT": "14",
        "INIT": "1",
        "LATITUDE": 30.749681,
        "LONGITUD": -98.1518561,
        "LLSOURCE": "1",
        "WHISTBAN": "0",
        "RRCONT": "5123344000",
        "POLCONT": "8445928046",
        "INV_LINK": "https://safetydata.fra.dot.gov/OfficeofSafety/PublicSite/Crossing/Crossing.aspx?phasetype=C&rpttype=I&txtcrossingnum=745335Y",
        "ACC_LINK": "https://safetydata.fra.dot.gov/OfficeofSafety/PublicSite/Crossing/Crossing.aspx?phasetype=C&rpttype=A&txtcrossingnum=745335Y",
        "TTSTNNAM": "SUMMIT",
        "XPURPOSE": "1",
        "OPERATINGR": "AWRR",
        "OPERATIN_1": "Primary",
        "DAYTHRU": 3,
        "NGHTTHRU": 4,
        "MAINTRK": 1,
        "SIDINGTRK": 0,
        "YARDTRK": 0,
        "TRANSITTRK": 0,
        "INDUSTRYTR": 0,
        "OTHRTRK": 0,
        "WDCODE": "Crossbucks",
        "REVISIONDA": "2007/01/01 00:00:00",
        "LASTUPDATE": "10/31/2023",
        "AADT": "231",
        "AADTYEAR": "2019",
        "STATENAME": "TEXAS",
        "STATEAB": "TX",
        "COUNTYNAME": "BURNET",
        "CITYNAME": "BURNET",
        "LATDD": 30.749681,
        "LONGDD": -98.1518561,
        "gridlyProductionCertified": true,
        "gridlyClassification": "PUBLIC_ROADWAY",
        "gridlyDisplayName": "CO 252",
        "gridlyId": "FRA-745335Y"
      }
    },
    {
      "type": "Feature",
      "id": 202663,
      "geometry": {
        "type": "Point",
        "coordinates": [
          -98.2227423004048,
          30.7563772000904
        ]
      },
      "properties": {
        "OBJECTID": 202663,
        "CROSSING": "745328N",
        "EFFDATE": 1698710400000,
        "REASON": "14",
        "StateCode": "48",
        "CountyCode": "48053",
        "STCYFIPS": "48053",
        "CITYCD": "480531040",
        "RAILROAD": "AWRR",
        "RRDIV": "cmta",
        "RRSUBDIV": "west",
        "HIGHWAY": "ST0000",
        "STREET": "E PECAN STREET",
        "TTSTN": "683650",
        "MILEPOST": "0000.47",
        "TYPEXING": "Public",
        "POSXING": "At Grade",
        "PRVCAT": "14",
        "INIT": "1",
        "LATITUDE": 30.7563772,
        "LONGITUD": -98.2227423,
        "LLSOURCE": "1",
        "WHISTBAN": "0",
        "RRCONT": "5123344000",
        "POLCONT": "8445928046",
        "INV_LINK": "https://safetydata.fra.dot.gov/OfficeofSafety/PublicSite/Crossing/Crossing.aspx?phasetype=C&rpttype=I&txtcrossingnum=745328N",
        "ACC_LINK": "https://safetydata.fra.dot.gov/OfficeofSafety/PublicSite/Crossing/Crossing.aspx?phasetype=C&rpttype=A&txtcrossingnum=745328N",
        "TTSTNNAM": "Wilkie",
        "XPURPOSE": "1",
        "OPERATINGR": "AWRR",
        "OPERATIN_1": "Primary",
        "DAYTHRU": 2,
        "NGHTTHRU": 0,
        "MAINTRK": 0,
        "SIDINGTRK": 0,
        "YARDTRK": 1,
        "TRANSITTRK": 0,
        "INDUSTRYTR": 0,
        "OTHRTRK": 1,
        "WDCODE": "Crossbucks",
        "REVISIONDA": "2007/01/01 00:00:00",
        "LASTUPDATE": "10/31/2023",
        "AADT": "2566",
        "AADTYEAR": "2020",
        "STATENAME": "TEXAS",
        "STATEAB": "TX",
        "COUNTYNAME": "BURNET",
        "CITYNAME": "BURNET",
        "LATDD": 30.7563772,
        "LONGDD": -98.2227423,
        "gridlyProductionCertified": true,
        "gridlyClassification": "PUBLIC_ROADWAY",
        "gridlyDisplayName": "E PECAN STREET",
        "gridlyId": "FRA-745328N"
      }
    },
    {
      "type": "Feature",
      "id": 202664,
      "geometry": {
        "type": "Point",
        "coordinates": [
          -98.2565879996005,
          30.6541096996894
        ]
      },
      "properties": {
        "OBJECTID": 202664,
        "CROSSING": "745259H",
        "EFFDATE": 1698710400000,
        "REASON": "14",
        "StateCode": "48",
        "CountyCode": "48053",
        "STCYFIPS": "48053",
        "CITYCD": "480531040",
        "RAILROAD": "AWRR",
        "RRDIV": "cmta",
        "RRSUBDIV": "west",
        "HIGHWAY": "US 281",
        "STREET": "US 281",
        "TTSTN": "683670",
        "MILEPOST": "0122.52",
        "TYPEXING": "Public",
        "POSXING": "At Grade",
        "PRVCAT": "14",
        "INIT": "1",
        "LATITUDE": 30.6541097,
        "LONGITUD": -98.256588,
        "LLSOURCE": "1",
        "WHISTBAN": "0",
        "RRCONT": "5123344000",
        "POLCONT": "8445928046",
        "INV_LINK": "https://safetydata.fra.dot.gov/OfficeofSafety/PublicSite/Crossing/Crossing.aspx?phasetype=C&rpttype=I&txtcrossingnum=745259H",
        "ACC_LINK": "https://safetydata.fra.dot.gov/OfficeofSafety/PublicSite/Crossing/Crossing.aspx?phasetype=C&rpttype=A&txtcrossingnum=745259H",
        "TTSTNNAM": "SUDDUTH",
        "XPURPOSE": "1",
        "OPERATINGR": "AWRR",
        "OPERATIN_1": "Primary",
        "DAYTHRU": 3,
        "NGHTTHRU": 4,
        "MAINTRK": 1,
        "SIDINGTRK": 0,
        "YARDTRK": 0,
        "TRANSITTRK": 0,
        "INDUSTRYTR": 0,
        "OTHRTRK": 0,
        "WDCODE": "Flashing lights",
        "REVISIONDA": "2007/01/01 00:00:00",
        "LASTUPDATE": "10/31/2023",
        "AADT": "21098",
        "AADTYEAR": "2020",
        "STATENAME": "TEXAS",
        "STATEAB": "TX",
        "COUNTYNAME": "BURNET",
        "CITYNAME": "BURNET",
        "LATDD": 30.6541097,
        "LONGDD": -98.256588,
        "gridlyProductionCertified": true,
        "gridlyClassification": "PUBLIC_ROADWAY",
        "gridlyDisplayName": "US 281",
        "gridlyId": "FRA-745259H"
      }
    },
    {
      "type": "Feature",
      "id": 202667,
      "geometry": {
        "type": "Point",
        "coordinates": [
          -98.2922890001322,
          30.6426512999796
        ]
      },
      "properties": {
        "OBJECTID": 202667,
        "CROSSING": "745263X",
        "EFFDATE": 1698710400000,
        "REASON": "14",
        "StateCode": "48",
        "CountyCode": "48053",
        "STCYFIPS": "48053",
        "CITYCD": "480534310",
        "RAILROAD": "AWRR",
        "RRDIV": "cmta",
        "RRSUBDIV": "west",
        "HIGHWAY": "CO1855",
        "STREET": "FM 1855",
        "TTSTN": "683682",
        "MILEPOST": "0000.52",
        "TYPEXING": "Public",
        "POSXING": "At Grade",
        "PRVCAT": "14",
        "INIT": "1",
        "LATITUDE": 30.6426513,
        "LONGITUD": -98.292289,
        "LLSOURCE": "1",
        "WHISTBAN": "0",
        "RRCONT": "5123344000",
        "POLCONT": "8445928046",
        "INV_LINK": "https://safetydata.fra.dot.gov/OfficeofSafety/PublicSite/Crossing/Crossing.aspx?phasetype=C&rpttype=I&txtcrossingnum=745263X",
        "ACC_LINK": "https://safetydata.fra.dot.gov/OfficeofSafety/PublicSite/Crossing/Crossing.aspx?phasetype=C&rpttype=A&txtcrossingnum=745263X",
        "TTSTNNAM": "FAIRLAND",
        "XPURPOSE": "1",
        "OPERATINGR": "AWRR",
        "OPERATIN_1": "Primary",
        "DAYTHRU": 2,
        "NGHTTHRU": 0,
        "MAINTRK": 1,
        "SIDINGTRK": 0,
        "YARDTRK": 1,
        "TRANSITTRK": 0,
        "INDUSTRYTR": 0,
        "OTHRTRK": 1,
        "WDCODE": "Crossbucks",
        "REVISIONDA": "2007/01/01 00:00:00",
        "LASTUPDATE": "10/31/2023",
        "AADT": "1757",
        "AADTYEAR": "2020",
        "STATENAME": "TEXAS",
        "STATEAB": "TX",
        "COUNTYNAME": "BURNET",
        "CITYNAME": "MARBLE FALLS",
        "LATDD": 30.6426513,
        "LONGDD": -98.292289,
        "gridlyProductionCertified": true,
        "gridlyClassification": "PUBLIC_ROADWAY",
        "gridlyDisplayName": "FM 1855",
        "gridlyId": "FRA-745263X"
      }
    },
    {
      "type": "Feature",
      "id": 202691,
      "geometry": {
        "type": "Point",
        "coordinates": [
          -98.3150120002284,
          30.6460230999617
        ]
      },
      "properties": {
        "OBJECTID": 202691,
        "CROSSING": "745275S",
        "EFFDATE": 1698710400000,
        "REASON": "14",
        "StateCode": "48",
        "CountyCode": "48053",
        "STCYFIPS": "48053",
        "CITYCD": "482993699",
        "RAILROAD": "AWRR",
        "RRDIV": "cmta",
        "RRSUBDIV": "west",
        "HIGHWAY": "CO0120",
        "STREET": "CR 0120",
        "TTSTN": "683683",
        "MILEPOST": "0126.11",
        "TYPEXING": "Public",
        "POSXING": "At Grade",
        "PRVCAT": "14",
        "INIT": "1",
        "LATITUDE": 30.6460231,
        "LONGITUD": -98.315012,
        "LLSOURCE": "1",
        "WHISTBAN": "0",
        "RRCONT": "5123344000",
        "POLCONT": "8445928046",
        "INV_LINK": "https://safetydata.fra.dot.gov/OfficeofSafety/PublicSite/Crossing/Crossing.aspx?phasetype=C&rpttype=I&txtcrossingnum=745275S",
        "ACC_LINK": "https://safetydata.fra.dot.gov/OfficeofSafety/PublicSite/Crossing/Crossing.aspx?phasetype=C&rpttype=A&txtcrossingnum=745275S",
        "TTSTNNAM": "SCOBEE",
        "XPURPOSE": "1",
        "OPERATINGR": "AWRR",
        "OPERATIN_1": "Primary",
        "DAYTHRU": 0,
        "NGHTTHRU": 0,
        "MAINTRK": 1,
        "SIDINGTRK": 0,
        "YARDTRK": 0,
        "TRANSITTRK": 0,
        "INDUSTRYTR": 0,
        "OTHRTRK": 0,
        "WDCODE": "No signs or signals",
        "REVISIONDA": "2007/01/01 00:00:00",
        "LASTUPDATE": "10/31/2023",
        "AADT": "879",
        "AADTYEAR": "2019",
        "STATENAME": "TEXAS",
        "STATEAB": "TX",
        "COUNTYNAME": "BURNET",
        "CITYNAME": "KINGSLAND",
        "LATDD": 30.6460231,
        "LONGDD": -98.315012,
        "gridlyProductionCertified": true,
        "gridlyClassification": "PUBLIC_ROADWAY",
        "gridlyDisplayName": "CR 0120",
        "gridlyId": "FRA-745275S"
      }
    },
    {
      "type": "Feature",
      "id": 202881,
      "geometry": {
        "type": "Point",
        "coordinates": [
          -98.0150300001129,
          30.7255300001791
        ]
      },
      "properties": {
        "OBJECTID": 202881,
        "CROSSING": "982958J",
        "EFFDATE": 1715126400000,
        "REASON": "21",
        "StateCode": "48",
        "CountyCode": "48053",
        "STCYFIPS": "48053",
        "CITYCD": "480530606",
        "RAILROAD": "AWRR",
        "RRDIV": "CMTa",
        "RRSUBDIV": "West",
        "HIGHWAY": "Private",
        "STREET": "Dalton crossing",
        "TTSTN": "",
        "MILEPOST": "0101.490",
        "TYPEXING": "Private",
        "POSXING": "At Grade",
        "PRVCAT": "21",
        "INIT": "1",
        "LATITUDE": 30.72553,
        "LONGITUD": -98.01503,
        "LLSOURCE": "2",
        "WHISTBAN": "",
        "RRCONT": "5123344000",
        "POLCONT": "8445928046",
        "INV_LINK": "https://safetydata.fra.dot.gov/OfficeofSafety/PublicSite/Crossing/Crossing.aspx?phasetype=C&rpttype=I&txtcrossingnum=982958J",
        "ACC_LINK": "https://safetydata.fra.dot.gov/OfficeofSafety/PublicSite/Crossing/Crossing.aspx?phasetype=C&rpttype=A&txtcrossingnum=982958J",
        "TTSTNNAM": "BERTRAM",
        "XPURPOSE": "1",
        "OPERATINGR": "AWRR",
        "OPERATIN_1": "Primary",
        "DAYTHRU": 3,
        "NGHTTHRU": 4,
        "MAINTRK": 1,
        "SIDINGTRK": 0,
        "YARDTRK": 0,
        "TRANSITTRK": 0,
        "INDUSTRYTR": 0,
        "OTHRTRK": 0,
        "WDCODE": "",
        "REVISIONDA": "2007/01/01 00:00:00",
        "LASTUPDATE": "5/8/2024",
        "AADT": "80",
        "AADTYEAR": "2024",
        "STATENAME": "TEXAS",
        "STATEAB": "TX",
        "COUNTYNAME": "BURNET",
        "CITYNAME": "BERTRAM",
        "LATDD": 30.72553,
        "LONGDD": -98.01503,
        "gridlyProductionCertified": true,
        "gridlyClassification": "PUBLIC_ROADWAY",
        "gridlyDisplayName": "Dalton crossing",
        "gridlyId": "FRA-982958J"
      }
    },
    {
      "type": "Feature",
      "id": 203639,
      "geometry": {
        "type": "Point",
        "coordinates": [
          -98.0543758996386,
          30.7439004003574
        ]
      },
      "properties": {
        "OBJECTID": 203639,
        "CROSSING": "745345E",
        "EFFDATE": 1776816000000,
        "REASON": "14",
        "StateCode": "48",
        "CountyCode": "48053",
        "STCYFIPS": "48053",
        "CITYCD": "480530606",
        "RAILROAD": "AWRR",
        "RRDIV": "cmta",
        "RRSUBDIV": "west",
        "HIGHWAY": "ST 0000",
        "STREET": "GABERIAL ST",
        "TTSTN": "683663",
        "MILEPOST": "0104.25",
        "TYPEXING": "Public",
        "POSXING": "At Grade",
        "PRVCAT": "14",
        "INIT": "1",
        "LATITUDE": 30.7439004,
        "LONGITUD": -98.0543759,
        "LLSOURCE": "1",
        "WHISTBAN": "0",
        "RRCONT": "5123344000",
        "POLCONT": "8445928046",
        "INV_LINK": "https://safetydata.fra.dot.gov/OfficeofSafety/PublicSite/Crossing/Crossing.aspx?phasetype=C&rpttype=I&txtcrossingnum=745345E",
        "ACC_LINK": "https://safetydata.fra.dot.gov/OfficeofSafety/PublicSite/Crossing/Crossing.aspx?phasetype=C&rpttype=A&txtcrossingnum=745345E",
        "TTSTNNAM": "BERTRAM",
        "XPURPOSE": "1",
        "OPERATINGR": "AWRR",
        "OPERATIN_1": "Primary",
        "DAYTHRU": 3,
        "NGHTTHRU": 4,
        "MAINTRK": 1,
        "SIDINGTRK": 1,
        "YARDTRK": 0,
        "TRANSITTRK": 0,
        "INDUSTRYTR": 0,
        "OTHRTRK": 1,
        "WDCODE": "Crossbucks",
        "REVISIONDA": "2007/01/01 00:00:00",
        "LASTUPDATE": "4/22/2026",
        "AADT": "63",
        "AADTYEAR": "2019",
        "STATENAME": "TEXAS",
        "STATEAB": "TX",
        "COUNTYNAME": "BURNET",
        "CITYNAME": "BERTRAM",
        "LATDD": 30.7439004,
        "LONGDD": -98.0543759,
        "gridlyProductionCertified": true,
        "gridlyClassification": "PUBLIC_ROADWAY",
        "gridlyDisplayName": "GABERIAL ST",
        "gridlyId": "FRA-745345E"
      }
    },
    {
      "type": "Feature",
      "id": 203640,
      "geometry": {
        "type": "Point",
        "coordinates": [
          -98.2038901004438,
          30.7543088001681
        ]
      },
      "properties": {
        "OBJECTID": 203640,
        "CROSSING": "745332D",
        "EFFDATE": 1776816000000,
        "REASON": "14",
        "StateCode": "48",
        "CountyCode": "48053",
        "STCYFIPS": "48053",
        "CITYCD": "480531040",
        "RAILROAD": "AWRR",
        "RRDIV": "cmty",
        "RRSUBDIV": "west",
        "HIGHWAY": "SH 29",
        "STREET": "EAST POLK STREET",
        "TTSTN": "683650",
        "MILEPOST": "0113.72",
        "TYPEXING": "Public",
        "POSXING": "At Grade",
        "PRVCAT": "14",
        "INIT": "1",
        "LATITUDE": 30.7543088,
        "LONGITUD": -98.2038901,
        "LLSOURCE": "1",
        "WHISTBAN": "0",
        "RRCONT": "5123344000",
        "POLCONT": "8445928046",
        "INV_LINK": "https://safetydata.fra.dot.gov/OfficeofSafety/PublicSite/Crossing/Crossing.aspx?phasetype=C&rpttype=I&txtcrossingnum=745332D",
        "ACC_LINK": "https://safetydata.fra.dot.gov/OfficeofSafety/PublicSite/Crossing/Crossing.aspx?phasetype=C&rpttype=A&txtcrossingnum=745332D",
        "TTSTNNAM": "BURNET",
        "XPURPOSE": "1",
        "OPERATINGR": "AWRR",
        "OPERATIN_1": "Primary",
        "DAYTHRU": 2,
        "NGHTTHRU": 4,
        "MAINTRK": 1,
        "SIDINGTRK": 0,
        "YARDTRK": 0,
        "TRANSITTRK": 0,
        "INDUSTRYTR": 0,
        "OTHRTRK": 0,
        "WDCODE": "Flashing lights",
        "REVISIONDA": "2007/01/01 00:00:00",
        "LASTUPDATE": "4/22/2026",
        "AADT": "19271",
        "AADTYEAR": "2020",
        "STATENAME": "TEXAS",
        "STATEAB": "TX",
        "COUNTYNAME": "BURNET",
        "CITYNAME": "BURNET",
        "LATDD": 30.7543088,
        "LONGDD": -98.2038901,
        "gridlyProductionCertified": true,
        "gridlyClassification": "PUBLIC_ROADWAY",
        "gridlyDisplayName": "EAST POLK STREET",
        "gridlyId": "FRA-745332D"
      }
    },
    {
      "type": "Feature",
      "id": 205371,
      "geometry": {
        "type": "Point",
        "coordinates": [
          -98.2402159996298,
          30.7095629999859
        ]
      },
      "properties": {
        "OBJECTID": 205371,
        "CROSSING": "745256M",
        "EFFDATE": 1739404800000,
        "REASON": "14",
        "StateCode": "48",
        "CountyCode": "48053",
        "STCYFIPS": "48053",
        "CITYCD": "480531040",
        "RAILROAD": "AWRR",
        "RRDIV": "SAN ANTONIO",
        "RRSUBDIV": "AUSTIN",
        "HIGHWAY": "PRIVATE",
        "STREET": "PIONEER QUARRY",
        "TTSTN": "683651",
        "MILEPOST": "0118.24",
        "TYPEXING": "Private",
        "POSXING": "At Grade",
        "PRVCAT": "14",
        "INIT": "1",
        "LATITUDE": 30.709563,
        "LONGITUD": -98.240216,
        "LLSOURCE": "1",
        "WHISTBAN": "0",
        "RRCONT": "5123344000",
        "POLCONT": "8445928046",
        "INV_LINK": "https://safetydata.fra.dot.gov/OfficeofSafety/PublicSite/Crossing/Crossing.aspx?phasetype=C&rpttype=I&txtcrossingnum=745256M",
        "ACC_LINK": "https://safetydata.fra.dot.gov/OfficeofSafety/PublicSite/Crossing/Crossing.aspx?phasetype=C&rpttype=A&txtcrossingnum=745256M",
        "TTSTNNAM": "GANDY",
        "XPURPOSE": "1",
        "OPERATINGR": "AWRR",
        "OPERATIN_1": "Primary",
        "DAYTHRU": 3,
        "NGHTTHRU": 4,
        "MAINTRK": 1,
        "SIDINGTRK": 0,
        "YARDTRK": 0,
        "TRANSITTRK": 0,
        "INDUSTRYTR": 0,
        "OTHRTRK": 0,
        "WDCODE": "",
        "REVISIONDA": "2007/01/01 00:00:00",
        "LASTUPDATE": "2/13/2025",
        "AADT": "",
        "AADTYEAR": "1970",
        "STATENAME": "TEXAS",
        "STATEAB": "TX",
        "COUNTYNAME": "BURNET",
        "CITYNAME": "BURNET",
        "LATDD": 30.709563,
        "LONGDD": -98.240216,
        "gridlyProductionCertified": true,
        "gridlyClassification": "PUBLIC_ROADWAY",
        "gridlyDisplayName": "PIONEER QUARRY",
        "gridlyId": "FRA-745256M"
      }
    },
    {
      "type": "Feature",
      "id": 211852,
      "geometry": {
        "type": "Point",
        "coordinates": [
          -98.0342650000643,
          30.7362699997313
        ]
      },
      "properties": {
        "OBJECTID": 211852,
        "CROSSING": "745347T",
        "EFFDATE": 1765152000000,
        "REASON": "14",
        "StateCode": "48",
        "CountyCode": "48053",
        "STCYFIPS": "48053",
        "CITYCD": "480530606",
        "RAILROAD": "AWRR",
        "RRDIV": "cmta",
        "RRSUBDIV": "west",
        "HIGHWAY": "CR 269",
        "STREET": "OAKS RD",
        "TTSTN": "683663",
        "MILEPOST": "0102.94",
        "TYPEXING": "Public",
        "POSXING": "At Grade",
        "PRVCAT": "14",
        "INIT": "1",
        "LATITUDE": 30.73627,
        "LONGITUD": -98.034265,
        "LLSOURCE": "2",
        "WHISTBAN": "0",
        "RRCONT": "5123344000",
        "POLCONT": "8445928046",
        "INV_LINK": "https://safetydata.fra.dot.gov/OfficeofSafety/PublicSite/Crossing/Crossing.aspx?phasetype=C&rpttype=I&txtcrossingnum=745347T",
        "ACC_LINK": "https://safetydata.fra.dot.gov/OfficeofSafety/PublicSite/Crossing/Crossing.aspx?phasetype=C&rpttype=A&txtcrossingnum=745347T",
        "TTSTNNAM": "BERTRAM",
        "XPURPOSE": "1",
        "OPERATINGR": "AWRR",
        "OPERATIN_1": "Primary",
        "DAYTHRU": 3,
        "NGHTTHRU": 4,
        "MAINTRK": 1,
        "SIDINGTRK": 0,
        "YARDTRK": 0,
        "TRANSITTRK": 0,
        "INDUSTRYTR": 0,
        "OTHRTRK": 0,
        "WDCODE": "All other Gates",
        "REVISIONDA": "2007/01/01 00:00:00",
        "LASTUPDATE": "12/8/2025",
        "AADT": "000020",
        "AADTYEAR": "1987",
        "STATENAME": "TEXAS",
        "STATEAB": "TX",
        "COUNTYNAME": "BURNET",
        "CITYNAME": "BERTRAM",
        "LATDD": 30.73627,
        "LONGDD": -98.034265,
        "gridlyProductionCertified": true,
        "gridlyClassification": "PUBLIC_ROADWAY",
        "gridlyDisplayName": "OAKS RD",
        "gridlyId": "FRA-745347T"
      }
    }
  ]
}
