fixtureId,countyId,countyName,countyFips,community,communityIdentity,queryClass,privacyClass,queryVariantClass,query,expectedResolutionClass,expectedCounty,expectedLocality,expectedExactness,providerAttempted,providerSucceeded,providerResultClass,selectedResultClass,identityAgreement,countyAgreement,localityAgreement,coordinateValidity,precisionClass,rendered,selectable,markerCreated,routeHandoffEligible,failureTruthful,notes
"LP241-TX-48001-01","anderson","","48001","null","null","PUBLIC_FACILITY","PUBLIC_GOVERNMENT_FACILITY","COUNTY_ROAD_SPELLED_OUT"," County Courthouse, Texas","EXACT_OR_ACCEPTABLE_APPROXIMATE","","null","PUBLIC_POI_NOT_RESIDENTIAL_EXACTNESS","null","null","null","null","null","null","null","null","null","null","null","null","null","null","PLAN ONLY — execute in an approved owner browser; no private address and no runtime result claimed."
"LP241-TX-48003-01","andrews","","48003","null","null","COUNTY_ROAD","PUBLIC_GOVERNMENT_FACILITY","CR_ABBREVIATED"," County Courthouse, Texas","EXACT_OR_ACCEPTABLE_APPROXIMATE","","null","PUBLIC_POI_NOT_RESIDENTIAL_EXACTNESS","null","null","null","null","null","null","null","null","null","null","null","null","null","null","PLAN ONLY — execute in an approved owner browser; no private address and no runtime result claimed."
"LP241-TX-48005-01","angelina","","48005","null","null","CR_ABBREVIATION","PUBLIC_GOVERNMENT_FACILITY","FM_RM"," County Courthouse, Texas","EXACT_OR_ACCEPTABLE_APPROXIMATE","","null","PUBLIC_POI_NOT_RESIDENTIAL_EXACTNESS","null","null","null","null","null","null","null","null","null","null","null","null","null","null","PLAN ONLY — execute in an approved owner browser; no private address and no runtime result claimed."
"LP241-TX-48007-01","aransas","","48007","null","null","FM_RM_ROAD","PUBLIC_GOVERNMENT_FACILITY","SH_US"," County Courthouse, Texas","EXACT_OR_ACCEPTABLE_APPROXIMATE","","null","PUBLIC_POI_NOT_RESIDENTIAL_EXACTNESS","null","null","null","null","null","null","null","null","null","null","null","null","null","null","PLAN ONLY — execute in an approved owner browser; no private address and no runtime result claimed."
"LP241-TX-48009-01","archer","","48009","null","null","SH_US_HIGHWAY","PUBLIC_GOVERNMENT_FACILITY","ZIP_INCLUDED"," County Courthouse, Texas","EXACT_OR_ACCEPTABLE_APPROXIMATE","","null","PUBLIC_POI_NOT_RESIDENTIAL_EXACTNESS","null","null","null","null","null","null","null","null","null","null","null","null","null","null","PLAN ONLY — execute in an approved owner browser; no private address and no runtime result claimed."
"LP241-TX-48011-01","armstrong","","48011","null","null","ZIP_QUALIFIED","PUBLIC_GOVERNMENT_FACILITY","CITY_INCLUDED"," County Courthouse, Texas","EXACT_OR_ACCEPTABLE_APPROXIMATE","","null","PUBLIC_POI_NOT_RESIDENTIAL_EXACTNESS","null","null","null","null","null","null","null","null","null","null","null","null","null","null","PLAN ONLY — execute in an approved owner browser; no private address and no runtime result claimed."
"LP241-TX-48013-01","atascosa","","48013","null","null","CITY_QUALIFIED","PUBLIC_GOVERNMENT_FACILITY","PLAIN"," County Courthouse, Texas","EXACT_OR_ACCEPTABLE_APPROXIMATE","","null","PUBLIC_POI_NOT_RESIDENTIAL_EXACTNESS","null","null","null","null","null","null","null","null","null","null","null","null","null","null","PLAN ONLY — execute in an approved owner browser; no private address and no runtime result claimed."
"LP241-TX-48015-01","austin","","48015","null","null","BUSINESS_POI","PUBLIC_GOVERNMENT_FACILITY","INTENTIONAL_TYPO"," County Courthouse, Texas","EXACT_OR_ACCEPTABLE_APPROXIMATE","","null","PUBLIC_POI_NOT_RESIDENTIAL_EXACTNESS","null","null","null","null","null","null","null","null","null","null","null","null","null","null","PLAN ONLY — execute in an approved owner browser; no private address and no runtime result claimed."
"LP241-TX-48017-01","bailey","","48017","null","null","ROAD_ONLY","PUBLIC_GOVERNMENT_FACILITY","COUNTY_ROAD_SPELLED_OUT"," County Courthouse, Texas","EXACT_OR_ACCEPTABLE_APPROXIMATE","","null","PUBLIC_POI_NOT_RESIDENTIAL_EXACTNESS","null","null","null","null","null","null","null","null","null","null","null","null","null","null","PLAN ONLY — execute in an approved owner browser; no private address and no runtime result claimed."
"LP241-TX-48019-01","bandera","","48019","null","null","SYNTHETIC_NO_RESULT","SYNTHETIC_NEGATIVE","CR_ABBREVIATED","Nonexistent LP241 Test Road,  County, Texas","TRUTHFUL_NO_RESULT","","null","NO_RESULT","null","null","null","null","null","null","null","null","null","null","null","null","null","null","PLAN ONLY — execute in an approved owner browser; no private address and no runtime result claimed."
"LP241-TX-48021-01","bastrop","","48021","null","null","TYPO_NORMALIZATION","PUBLIC_GOVERNMENT_FACILITY","FM_RM"," County Courthouse, Texas","EXACT_OR_ACCEPTABLE_APPROXIMATE","","null","PUBLIC_POI_NOT_RESIDENTIAL_EXACTNESS","null","null","null","null","null","null","null","null","null","null","null","null","null","null","PLAN ONLY — execute in an approved owner browser; no private address and no runtime result claimed."
"LP241-TX-48023-01","baylor","","48023","null","null","BOUNDARY_SENSITIVE","PUBLIC_GOVERNMENT_FACILITY","SH_US"," County Courthouse, Texas","EXACT_OR_ACCEPTABLE_APPROXIMATE","","null","PUBLIC_POI_NOT_RESIDENTIAL_EXACTNESS","null","null","null","null","null","null","null","null","null","null","null","null","null","null","PLAN ONLY — execute in an approved owner browser; no private address and no runtime result claimed."
"LP241-TX-48025-01","bee","","48025","null","null","UNINCORPORATED","PUBLIC_GOVERNMENT_FACILITY","ZIP_INCLUDED"," County Courthouse, Texas","EXACT_OR_ACCEPTABLE_APPROXIMATE","","null","PUBLIC_POI_NOT_RESIDENTIAL_EXACTNESS","null","null","null","null","null","null","null","null","null","null","null","null","null","null","PLAN ONLY — execute in an approved owner browser; no private address and no runtime result claimed."
"LP241-TX-48027-01","bell","","48027","null","null","COMMON_STREET","PUBLIC_GOVERNMENT_FACILITY","CITY_INCLUDED"," County Courthouse, Texas","EXACT_OR_ACCEPTABLE_APPROXIMATE","","null","PUBLIC_POI_NOT_RESIDENTIAL_EXACTNESS","null","null","null","null","null","null","null","null","null","null","null","null","null","null","PLAN ONLY — execute in an approved owner browser; no private address and no runtime result claimed."
"LP241-TX-48029-01","bexar","","48029","null","null","PUBLIC_FACILITY","PUBLIC_GOVERNMENT_FACILITY","PLAIN"," County Courthouse, Texas","EXACT_OR_ACCEPTABLE_APPROXIMATE","","null","PUBLIC_POI_NOT_RESIDENTIAL_EXACTNESS","null","null","null","null","null","null","null","null","null","null","null","null","null","null","PLAN ONLY — execute in an approved owner browser; no private address and no runtime result claimed."
"LP241-TX-48031-01","blanco","","48031","null","null","COUNTY_ROAD","PUBLIC_GOVERNMENT_FACILITY","INTENTIONAL_TYPO"," County Courthouse, Texas","EXACT_OR_ACCEPTABLE_APPROXIMATE","","null","PUBLIC_POI_NOT_RESIDENTIAL_EXACTNESS","null","null","null","null","null","null","null","null","null","null","null","null","null","null","PLAN ONLY — execute in an approved owner browser; no private address and no runtime result claimed."
"LP241-TX-48033-01","borden","","48033","null","null","CR_ABBREVIATION","PUBLIC_GOVERNMENT_FACILITY","COUNTY_ROAD_SPELLED_OUT"," County Courthouse, Texas","EXACT_OR_ACCEPTABLE_APPROXIMATE","","null","PUBLIC_POI_NOT_RESIDENTIAL_EXACTNESS","null","null","null","null","null","null","null","null","null","null","null","null","null","null","PLAN ONLY — execute in an approved owner browser; no private address and no runtime result claimed."
"LP241-TX-48035-01","bosque","","48035","null","null","FM_RM_ROAD","PUBLIC_GOVERNMENT_FACILITY","CR_ABBREVIATED"," County Courthouse, Texas","EXACT_OR_ACCEPTABLE_APPROXIMATE","","null","PUBLIC_POI_NOT_RESIDENTIAL_EXACTNESS","null","null","null","null","null","null","null","null","null","null","null","null","null","null","PLAN ONLY — execute in an approved owner browser; no private address and no runtime result claimed."
"LP241-TX-48037-01","bowie","","48037","null","null","SH_US_HIGHWAY","PUBLIC_GOVERNMENT_FACILITY","FM_RM"," County Courthouse, Texas","EXACT_OR_ACCEPTABLE_APPROXIMATE","","null","PUBLIC_POI_NOT_RESIDENTIAL_EXACTNESS","null","null","null","null","null","null","null","null","null","null","null","null","null","null","PLAN ONLY — execute in an approved owner browser; no private address and no runtime result claimed."
"LP241-TX-48039-01","brazoria","","48039","null","null","ZIP_QUALIFIED","PUBLIC_GOVERNMENT_FACILITY","SH_US"," County Courthouse, Texas","EXACT_OR_ACCEPTABLE_APPROXIMATE","","null","PUBLIC_POI_NOT_RESIDENTIAL_EXACTNESS","null","null","null","null","null","null","null","null","null","null","null","null","null","null","PLAN ONLY — execute in an approved owner browser; no private address and no runtime result claimed."
"LP241-TX-48041-01","brazos","","48041","null","null","CITY_QUALIFIED","PUBLIC_GOVERNMENT_FACILITY","ZIP_INCLUDED"," County Courthouse, Texas","EXACT_OR_ACCEPTABLE_APPROXIMATE","","null","PUBLIC_POI_NOT_RESIDENTIAL_EXACTNESS","null","null","null","null","null","null","null","null","null","null","null","null","null","null","PLAN ONLY — execute in an approved owner browser; no private address and no runtime result claimed."
"LP241-TX-48043-01","brewster","","48043","null","null","BUSINESS_POI","PUBLIC_GOVERNMENT_FACILITY","CITY_INCLUDED"," County Courthouse, Texas","EXACT_OR_ACCEPTABLE_APPROXIMATE","","null","PUBLIC_POI_NOT_RESIDENTIAL_EXACTNESS","null","null","null","null","null","null","null","null","null","null","null","null","null","null","PLAN ONLY — execute in an approved owner browser; no private address and no runtime result claimed."
"LP241-TX-48045-01","briscoe","","48045","null","null","ROAD_ONLY","PUBLIC_GOVERNMENT_FACILITY","PLAIN"," County Courthouse, Texas","EXACT_OR_ACCEPTABLE_APPROXIMATE","","null","PUBLIC_POI_NOT_RESIDENTIAL_EXACTNESS","null","null","null","null","null","null","null","null","null","null","null","null","null","null","PLAN ONLY — execute in an approved owner browser; no private address and no runtime result claimed."
"LP241-TX-48047-01","brooks","","48047","null","null","SYNTHETIC_NO_RESULT","SYNTHETIC_NEGATIVE","INTENTIONAL_TYPO","Nonexistent LP241 Test Road,  County, Texas","TRUTHFUL_NO_RESULT","","null","NO_RESULT","null","null","null","null","null","null","null","null","null","null","null","null","null","null","PLAN ONLY — execute in an approved owner browser; no private address and no runtime result claimed."
"LP241-TX-48049-01","brown","","48049","null","null","TYPO_NORMALIZATION","PUBLIC_GOVERNMENT_FACILITY","COUNTY_ROAD_SPELLED_OUT"," County Courthouse, Texas","EXACT_OR_ACCEPTABLE_APPROXIMATE","","null","PUBLIC_POI_NOT_RESIDENTIAL_EXACTNESS","null","null","null","null","null","null","null","null","null","null","null","null","null","null","PLAN ONLY — execute in an approved owner browser; no private address and no runtime result claimed."
"LP241-TX-48051-01","burleson","","48051","null","null","BOUNDARY_SENSITIVE","PUBLIC_GOVERNMENT_FACILITY","CR_ABBREVIATED"," County Courthouse, Texas","EXACT_OR_ACCEPTABLE_APPROXIMATE","","null","PUBLIC_POI_NOT_RESIDENTIAL_EXACTNESS","null","null","null","null","null","null","null","null","null","null","null","null","null","null","PLAN ONLY — execute in an approved owner browser; no private address and no runtime result claimed."
"LP241-TX-48053-01","burnet","","48053","null","null","UNINCORPORATED","PUBLIC_GOVERNMENT_FACILITY","FM_RM"," County Courthouse, Texas","EXACT_OR_ACCEPTABLE_APPROXIMATE","","null","PUBLIC_POI_NOT_RESIDENTIAL_EXACTNESS","null","null","null","null","null","null","null","null","null","null","null","null","null","null","PLAN ONLY — execute in an approved owner browser; no private address and no runtime result claimed."
"LP241-TX-48055-01","caldwell","","48055","null","null","COMMON_STREET","PUBLIC_GOVERNMENT_FACILITY","SH_US"," County Courthouse, Texas","EXACT_OR_ACCEPTABLE_APPROXIMATE","","null","PUBLIC_POI_NOT_RESIDENTIAL_EXACTNESS","null","null","null","null","null","null","null","null","null","null","null","null","null","null","PLAN ONLY — execute in an approved owner browser; no private address and no runtime result claimed."
"LP241-TX-48057-01","calhoun","","48057","null","null","PUBLIC_FACILITY","PUBLIC_GOVERNMENT_FACILITY","ZIP_INCLUDED"," County Courthouse, Texas","EXACT_OR_ACCEPTABLE_APPROXIMATE","","null","PUBLIC_POI_NOT_RESIDENTIAL_EXACTNESS","null","null","null","null","null","null","null","null","null","null","null","null","null","null","PLAN ONLY — execute in an approved owner browser; no private address and no runtime result claimed."
"LP241-TX-48059-01","callahan","","48059","null","null","COUNTY_ROAD","PUBLIC_GOVERNMENT_FACILITY","CITY_INCLUDED"," County Courthouse, Texas","EXACT_OR_ACCEPTABLE_APPROXIMATE","","null","PUBLIC_POI_NOT_RESIDENTIAL_EXACTNESS","null","null","null","null","null","null","null","null","null","null","null","null","null","null","PLAN ONLY — execute in an approved owner browser; no private address and no runtime result claimed."
"LP241-TX-48061-01","cameron","","48061","null","null","CR_ABBREVIATION","PUBLIC_GOVERNMENT_FACILITY","PLAIN"," County Courthouse, Texas","EXACT_OR_ACCEPTABLE_APPROXIMATE","","null","PUBLIC_POI_NOT_RESIDENTIAL_EXACTNESS","null","null","null","null","null","null","null","null","null","null","null","null","null","null","PLAN ONLY — execute in an approved owner browser; no private address and no runtime result claimed."
"LP241-TX-48063-01","camp","","48063","null","null","FM_RM_ROAD","PUBLIC_GOVERNMENT_FACILITY","INTENTIONAL_TYPO"," County Courthouse, Texas","EXACT_OR_ACCEPTABLE_APPROXIMATE","","null","PUBLIC_POI_NOT_RESIDENTIAL_EXACTNESS","null","null","null","null","null","null","null","null","null","null","null","null","null","null","PLAN ONLY — execute in an approved owner browser; no private address and no runtime result claimed."
"LP241-TX-48065-01","carson","","48065","null","null","SH_US_HIGHWAY","PUBLIC_GOVERNMENT_FACILITY","COUNTY_ROAD_SPELLED_OUT"," County Courthouse, Texas","EXACT_OR_ACCEPTABLE_APPROXIMATE","","null","PUBLIC_POI_NOT_RESIDENTIAL_EXACTNESS","null","null","null","null","null","null","null","null","null","null","null","null","null","null","PLAN ONLY — execute in an approved owner browser; no private address and no runtime result claimed."
"LP241-TX-48067-01","cass","","48067","null","null","ZIP_QUALIFIED","PUBLIC_GOVERNMENT_FACILITY","CR_ABBREVIATED"," County Courthouse, Texas","EXACT_OR_ACCEPTABLE_APPROXIMATE","","null","PUBLIC_POI_NOT_RESIDENTIAL_EXACTNESS","null","null","null","null","null","null","null","null","null","null","null","null","null","null","PLAN ONLY — execute in an approved owner browser; no private address and no runtime result claimed."
"LP241-TX-48069-01","castro","","48069","null","null","CITY_QUALIFIED","PUBLIC_GOVERNMENT_FACILITY","FM_RM"," County Courthouse, Texas","EXACT_OR_ACCEPTABLE_APPROXIMATE","","null","PUBLIC_POI_NOT_RESIDENTIAL_EXACTNESS","null","null","null","null","null","null","null","null","null","null","null","null","null","null","PLAN ONLY — execute in an approved owner browser; no private address and no runtime result claimed."
"LP241-TX-48071-01","chambers","","48071","null","null","BUSINESS_POI","PUBLIC_GOVERNMENT_FACILITY","SH_US"," County Courthouse, Texas","EXACT_OR_ACCEPTABLE_APPROXIMATE","","null","PUBLIC_POI_NOT_RESIDENTIAL_EXACTNESS","null","null","null","null","null","null","null","null","null","null","null","null","null","null","PLAN ONLY — execute in an approved owner browser; no private address and no runtime result claimed."
"LP241-TX-48073-01","cherokee","","48073","null","null","ROAD_ONLY","PUBLIC_GOVERNMENT_FACILITY","ZIP_INCLUDED"," County Courthouse, Texas","EXACT_OR_ACCEPTABLE_APPROXIMATE","","null","PUBLIC_POI_NOT_RESIDENTIAL_EXACTNESS","null","null","null","null","null","null","null","null","null","null","null","null","null","null","PLAN ONLY — execute in an approved owner browser; no private address and no runtime result claimed."
"LP241-TX-48075-01","childress","","48075","null","null","SYNTHETIC_NO_RESULT","SYNTHETIC_NEGATIVE","CITY_INCLUDED","Nonexistent LP241 Test Road,  County, Texas","TRUTHFUL_NO_RESULT","","null","NO_RESULT","null","null","null","null","null","null","null","null","null","null","null","null","null","null","PLAN ONLY — execute in an approved owner browser; no private address and no runtime result claimed."
"LP241-TX-48077-01","clay","","48077","null","null","TYPO_NORMALIZATION","PUBLIC_GOVERNMENT_FACILITY","PLAIN"," County Courthouse, Texas","EXACT_OR_ACCEPTABLE_APPROXIMATE","","null","PUBLIC_POI_NOT_RESIDENTIAL_EXACTNESS","null","null","null","null","null","null","null","null","null","null","null","null","null","null","PLAN ONLY — execute in an approved owner browser; no private address and no runtime result claimed."
"LP241-TX-48079-01","cochran","","48079","null","null","BOUNDARY_SENSITIVE","PUBLIC_GOVERNMENT_FACILITY","INTENTIONAL_TYPO"," County Courthouse, Texas","EXACT_OR_ACCEPTABLE_APPROXIMATE","","null","PUBLIC_POI_NOT_RESIDENTIAL_EXACTNESS","null","null","null","null","null","null","null","null","null","null","null","null","null","null","PLAN ONLY — execute in an approved owner browser; no private address and no runtime result claimed."
"LP241-TX-48081-01","coke","","48081","null","null","UNINCORPORATED","PUBLIC_GOVERNMENT_FACILITY","COUNTY_ROAD_SPELLED_OUT"," County Courthouse, Texas","EXACT_OR_ACCEPTABLE_APPROXIMATE","","null","PUBLIC_POI_NOT_RESIDENTIAL_EXACTNESS","null","null","null","null","null","null","null","null","null","null","null","null","null","null","PLAN ONLY — execute in an approved owner browser; no private address and no runtime result claimed."
"LP241-TX-48083-01","coleman","","48083","null","null","COMMON_STREET","PUBLIC_GOVERNMENT_FACILITY","CR_ABBREVIATED"," County Courthouse, Texas","EXACT_OR_ACCEPTABLE_APPROXIMATE","","null","PUBLIC_POI_NOT_RESIDENTIAL_EXACTNESS","null","null","null","null","null","null","null","null","null","null","null","null","null","null","PLAN ONLY — execute in an approved owner browser; no private address and no runtime result claimed."
"LP241-TX-48085-01","collin","","48085","null","null","PUBLIC_FACILITY","PUBLIC_GOVERNMENT_FACILITY","FM_RM"," County Courthouse, Texas","EXACT_OR_ACCEPTABLE_APPROXIMATE","","null","PUBLIC_POI_NOT_RESIDENTIAL_EXACTNESS","null","null","null","null","null","null","null","null","null","null","null","null","null","null","PLAN ONLY — execute in an approved owner browser; no private address and no runtime result claimed."
"LP241-TX-48087-01","collingsworth","","48087","null","null","COUNTY_ROAD","PUBLIC_GOVERNMENT_FACILITY","SH_US"," County Courthouse, Texas","EXACT_OR_ACCEPTABLE_APPROXIMATE","","null","PUBLIC_POI_NOT_RESIDENTIAL_EXACTNESS","null","null","null","null","null","null","null","null","null","null","null","null","null","null","PLAN ONLY — execute in an approved owner browser; no private address and no runtime result claimed."
"LP241-TX-48089-01","colorado","","48089","null","null","CR_ABBREVIATION","PUBLIC_GOVERNMENT_FACILITY","ZIP_INCLUDED"," County Courthouse, Texas","EXACT_OR_ACCEPTABLE_APPROXIMATE","","null","PUBLIC_POI_NOT_RESIDENTIAL_EXACTNESS","null","null","null","null","null","null","null","null","null","null","null","null","null","null","PLAN ONLY — execute in an approved owner browser; no private address and no runtime result claimed."
"LP241-TX-48091-01","comal","","48091","null","null","FM_RM_ROAD","PUBLIC_GOVERNMENT_FACILITY","CITY_INCLUDED"," County Courthouse, Texas","EXACT_OR_ACCEPTABLE_APPROXIMATE","","null","PUBLIC_POI_NOT_RESIDENTIAL_EXACTNESS","null","null","null","null","null","null","null","null","null","null","null","null","null","null","PLAN ONLY — execute in an approved owner browser; no private address and no runtime result claimed."
"LP241-TX-48093-01","comanche","","48093","null","null","SH_US_HIGHWAY","PUBLIC_GOVERNMENT_FACILITY","PLAIN"," County Courthouse, Texas","EXACT_OR_ACCEPTABLE_APPROXIMATE","","null","PUBLIC_POI_NOT_RESIDENTIAL_EXACTNESS","null","null","null","null","null","null","null","null","null","null","null","null","null","null","PLAN ONLY — execute in an approved owner browser; no private address and no runtime result claimed."
"LP241-TX-48095-01","concho","","48095","null","null","ZIP_QUALIFIED","PUBLIC_GOVERNMENT_FACILITY","INTENTIONAL_TYPO"," County Courthouse, Texas","EXACT_OR_ACCEPTABLE_APPROXIMATE","","null","PUBLIC_POI_NOT_RESIDENTIAL_EXACTNESS","null","null","null","null","null","null","null","null","null","null","null","null","null","null","PLAN ONLY — execute in an approved owner browser; no private address and no runtime result claimed."
"LP241-TX-48097-01","cooke","","48097","null","null","CITY_QUALIFIED","PUBLIC_GOVERNMENT_FACILITY","COUNTY_ROAD_SPELLED_OUT"," County Courthouse, Texas","EXACT_OR_ACCEPTABLE_APPROXIMATE","","null","PUBLIC_POI_NOT_RESIDENTIAL_EXACTNESS","null","null","null","null","null","null","null","null","null","null","null","null","null","null","PLAN ONLY — execute in an approved owner browser; no private address and no runtime result claimed."
"LP241-TX-48099-01","coryell","","48099","null","null","BUSINESS_POI","PUBLIC_GOVERNMENT_FACILITY","CR_ABBREVIATED"," County Courthouse, Texas","EXACT_OR_ACCEPTABLE_APPROXIMATE","","null","PUBLIC_POI_NOT_RESIDENTIAL_EXACTNESS","null","null","null","null","null","null","null","null","null","null","null","null","null","null","PLAN ONLY — execute in an approved owner browser; no private address and no runtime result claimed."
"LP241-TX-48101-01","cottle","","48101","null","null","ROAD_ONLY","PUBLIC_GOVERNMENT_FACILITY","FM_RM"," County Courthouse, Texas","EXACT_OR_ACCEPTABLE_APPROXIMATE","","null","PUBLIC_POI_NOT_RESIDENTIAL_EXACTNESS","null","null","null","null","null","null","null","null","null","null","null","null","null","null","PLAN ONLY — execute in an approved owner browser; no private address and no runtime result claimed."
"LP241-TX-48103-01","crane","","48103","null","null","SYNTHETIC_NO_RESULT","SYNTHETIC_NEGATIVE","SH_US","Nonexistent LP241 Test Road,  County, Texas","TRUTHFUL_NO_RESULT","","null","NO_RESULT","null","null","null","null","null","null","null","null","null","null","null","null","null","null","PLAN ONLY — execute in an approved owner browser; no private address and no runtime result claimed."
"LP241-TX-48105-01","crockett","","48105","null","null","TYPO_NORMALIZATION","PUBLIC_GOVERNMENT_FACILITY","ZIP_INCLUDED"," County Courthouse, Texas","EXACT_OR_ACCEPTABLE_APPROXIMATE","","null","PUBLIC_POI_NOT_RESIDENTIAL_EXACTNESS","null","null","null","null","null","null","null","null","null","null","null","null","null","null","PLAN ONLY — execute in an approved owner browser; no private address and no runtime result claimed."
"LP241-TX-48107-01","crosby","","48107","null","null","BOUNDARY_SENSITIVE","PUBLIC_GOVERNMENT_FACILITY","CITY_INCLUDED"," County Courthouse, Texas","EXACT_OR_ACCEPTABLE_APPROXIMATE","","null","PUBLIC_POI_NOT_RESIDENTIAL_EXACTNESS","null","null","null","null","null","null","null","null","null","null","null","null","null","null","PLAN ONLY — execute in an approved owner browser; no private address and no runtime result claimed."
"LP241-TX-48109-01","culberson","","48109","null","null","UNINCORPORATED","PUBLIC_GOVERNMENT_FACILITY","PLAIN"," County Courthouse, Texas","EXACT_OR_ACCEPTABLE_APPROXIMATE","","null","PUBLIC_POI_NOT_RESIDENTIAL_EXACTNESS","null","null","null","null","null","null","null","null","null","null","null","null","null","null","PLAN ONLY — execute in an approved owner browser; no private address and no runtime result claimed."
"LP241-TX-48111-01","dallam","","48111","null","null","COMMON_STREET","PUBLIC_GOVERNMENT_FACILITY","INTENTIONAL_TYPO"," County Courthouse, Texas","EXACT_OR_ACCEPTABLE_APPROXIMATE","","null","PUBLIC_POI_NOT_RESIDENTIAL_EXACTNESS","null","null","null","null","null","null","null","null","null","null","null","null","null","null","PLAN ONLY — execute in an approved owner browser; no private address and no runtime result claimed."
"LP241-TX-48113-01","dallas","","48113","null","null","PUBLIC_FACILITY","PUBLIC_GOVERNMENT_FACILITY","COUNTY_ROAD_SPELLED_OUT"," County Courthouse, Texas","EXACT_OR_ACCEPTABLE_APPROXIMATE","","null","PUBLIC_POI_NOT_RESIDENTIAL_EXACTNESS","null","null","null","null","null","null","null","null","null","null","null","null","null","null","PLAN ONLY — execute in an approved owner browser; no private address and no runtime result claimed."
"LP241-TX-48115-01","dawson","","48115","null","null","COUNTY_ROAD","PUBLIC_GOVERNMENT_FACILITY","CR_ABBREVIATED"," County Courthouse, Texas","EXACT_OR_ACCEPTABLE_APPROXIMATE","","null","PUBLIC_POI_NOT_RESIDENTIAL_EXACTNESS","null","null","null","null","null","null","null","null","null","null","null","null","null","null","PLAN ONLY — execute in an approved owner browser; no private address and no runtime result claimed."
"LP241-TX-48117-01","deaf-smith","","48117","null","null","CR_ABBREVIATION","PUBLIC_GOVERNMENT_FACILITY","FM_RM"," County Courthouse, Texas","EXACT_OR_ACCEPTABLE_APPROXIMATE","","null","PUBLIC_POI_NOT_RESIDENTIAL_EXACTNESS","null","null","null","null","null","null","null","null","null","null","null","null","null","null","PLAN ONLY — execute in an approved owner browser; no private address and no runtime result claimed."
"LP241-TX-48119-01","delta","","48119","null","null","FM_RM_ROAD","PUBLIC_GOVERNMENT_FACILITY","SH_US"," County Courthouse, Texas","EXACT_OR_ACCEPTABLE_APPROXIMATE","","null","PUBLIC_POI_NOT_RESIDENTIAL_EXACTNESS","null","null","null","null","null","null","null","null","null","null","null","null","null","null","PLAN ONLY — execute in an approved owner browser; no private address and no runtime result claimed."
"LP241-TX-48121-01","denton","","48121","null","null","SH_US_HIGHWAY","PUBLIC_GOVERNMENT_FACILITY","ZIP_INCLUDED"," County Courthouse, Texas","EXACT_OR_ACCEPTABLE_APPROXIMATE","","null","PUBLIC_POI_NOT_RESIDENTIAL_EXACTNESS","null","null","null","null","null","null","null","null","null","null","null","null","null","null","PLAN ONLY — execute in an approved owner browser; no private address and no runtime result claimed."
"LP241-TX-48123-01","dewitt","","48123","null","null","ZIP_QUALIFIED","PUBLIC_GOVERNMENT_FACILITY","CITY_INCLUDED"," County Courthouse, Texas","EXACT_OR_ACCEPTABLE_APPROXIMATE","","null","PUBLIC_POI_NOT_RESIDENTIAL_EXACTNESS","null","null","null","null","null","null","null","null","null","null","null","null","null","null","PLAN ONLY — execute in an approved owner browser; no private address and no runtime result claimed."
"LP241-TX-48125-01","dickens","","48125","null","null","CITY_QUALIFIED","PUBLIC_GOVERNMENT_FACILITY","PLAIN"," County Courthouse, Texas","EXACT_OR_ACCEPTABLE_APPROXIMATE","","null","PUBLIC_POI_NOT_RESIDENTIAL_EXACTNESS","null","null","null","null","null","null","null","null","null","null","null","null","null","null","PLAN ONLY — execute in an approved owner browser; no private address and no runtime result claimed."
"LP241-TX-48127-01","dimmit","","48127","null","null","BUSINESS_POI","PUBLIC_GOVERNMENT_FACILITY","INTENTIONAL_TYPO"," County Courthouse, Texas","EXACT_OR_ACCEPTABLE_APPROXIMATE","","null","PUBLIC_POI_NOT_RESIDENTIAL_EXACTNESS","null","null","null","null","null","null","null","null","null","null","null","null","null","null","PLAN ONLY — execute in an approved owner browser; no private address and no runtime result claimed."
"LP241-TX-48129-01","donley","","48129","null","null","ROAD_ONLY","PUBLIC_GOVERNMENT_FACILITY","COUNTY_ROAD_SPELLED_OUT"," County Courthouse, Texas","EXACT_OR_ACCEPTABLE_APPROXIMATE","","null","PUBLIC_POI_NOT_RESIDENTIAL_EXACTNESS","null","null","null","null","null","null","null","null","null","null","null","null","null","null","PLAN ONLY — execute in an approved owner browser; no private address and no runtime result claimed."
"LP241-TX-48131-01","duval","","48131","null","null","SYNTHETIC_NO_RESULT","SYNTHETIC_NEGATIVE","CR_ABBREVIATED","Nonexistent LP241 Test Road,  County, Texas","TRUTHFUL_NO_RESULT","","null","NO_RESULT","null","null","null","null","null","null","null","null","null","null","null","null","null","null","PLAN ONLY — execute in an approved owner browser; no private address and no runtime result claimed."
"LP241-TX-48133-01","eastland","","48133","null","null","TYPO_NORMALIZATION","PUBLIC_GOVERNMENT_FACILITY","FM_RM"," County Courthouse, Texas","EXACT_OR_ACCEPTABLE_APPROXIMATE","","null","PUBLIC_POI_NOT_RESIDENTIAL_EXACTNESS","null","null","null","null","null","null","null","null","null","null","null","null","null","null","PLAN ONLY — execute in an approved owner browser; no private address and no runtime result claimed."
"LP241-TX-48135-01","ector","","48135","null","null","BOUNDARY_SENSITIVE","PUBLIC_GOVERNMENT_FACILITY","SH_US"," County Courthouse, Texas","EXACT_OR_ACCEPTABLE_APPROXIMATE","","null","PUBLIC_POI_NOT_RESIDENTIAL_EXACTNESS","null","null","null","null","null","null","null","null","null","null","null","null","null","null","PLAN ONLY — execute in an approved owner browser; no private address and no runtime result claimed."
"LP241-TX-48137-01","edwards","","48137","null","null","UNINCORPORATED","PUBLIC_GOVERNMENT_FACILITY","ZIP_INCLUDED"," County Courthouse, Texas","EXACT_OR_ACCEPTABLE_APPROXIMATE","","null","PUBLIC_POI_NOT_RESIDENTIAL_EXACTNESS","null","null","null","null","null","null","null","null","null","null","null","null","null","null","PLAN ONLY — execute in an approved owner browser; no private address and no runtime result claimed."
"LP241-TX-48139-01","ellis","","48139","null","null","COMMON_STREET","PUBLIC_GOVERNMENT_FACILITY","CITY_INCLUDED"," County Courthouse, Texas","EXACT_OR_ACCEPTABLE_APPROXIMATE","","null","PUBLIC_POI_NOT_RESIDENTIAL_EXACTNESS","null","null","null","null","null","null","null","null","null","null","null","null","null","null","PLAN ONLY — execute in an approved owner browser; no private address and no runtime result claimed."
"LP241-TX-48141-01","el-paso","","48141","null","null","PUBLIC_FACILITY","PUBLIC_GOVERNMENT_FACILITY","PLAIN"," County Courthouse, Texas","EXACT_OR_ACCEPTABLE_APPROXIMATE","","null","PUBLIC_POI_NOT_RESIDENTIAL_EXACTNESS","null","null","null","null","null","null","null","null","null","null","null","null","null","null","PLAN ONLY — execute in an approved owner browser; no private address and no runtime result claimed."
"LP241-TX-48143-01","erath","","48143","null","null","COUNTY_ROAD","PUBLIC_GOVERNMENT_FACILITY","INTENTIONAL_TYPO"," County Courthouse, Texas","EXACT_OR_ACCEPTABLE_APPROXIMATE","","null","PUBLIC_POI_NOT_RESIDENTIAL_EXACTNESS","null","null","null","null","null","null","null","null","null","null","null","null","null","null","PLAN ONLY — execute in an approved owner browser; no private address and no runtime result claimed."
"LP241-TX-48145-01","falls","","48145","null","null","CR_ABBREVIATION","PUBLIC_GOVERNMENT_FACILITY","COUNTY_ROAD_SPELLED_OUT"," County Courthouse, Texas","EXACT_OR_ACCEPTABLE_APPROXIMATE","","null","PUBLIC_POI_NOT_RESIDENTIAL_EXACTNESS","null","null","null","null","null","null","null","null","null","null","null","null","null","null","PLAN ONLY — execute in an approved owner browser; no private address and no runtime result claimed."
"LP241-TX-48147-01","fannin","","48147","null","null","FM_RM_ROAD","PUBLIC_GOVERNMENT_FACILITY","CR_ABBREVIATED"," County Courthouse, Texas","EXACT_OR_ACCEPTABLE_APPROXIMATE","","null","PUBLIC_POI_NOT_RESIDENTIAL_EXACTNESS","null","null","null","null","null","null","null","null","null","null","null","null","null","null","PLAN ONLY — execute in an approved owner browser; no private address and no runtime result claimed."
"LP241-TX-48149-01","fayette","","48149","null","null","SH_US_HIGHWAY","PUBLIC_GOVERNMENT_FACILITY","FM_RM"," County Courthouse, Texas","EXACT_OR_ACCEPTABLE_APPROXIMATE","","null","PUBLIC_POI_NOT_RESIDENTIAL_EXACTNESS","null","null","null","null","null","null","null","null","null","null","null","null","null","null","PLAN ONLY — execute in an approved owner browser; no private address and no runtime result claimed."
"LP241-TX-48151-01","fisher","","48151","null","null","ZIP_QUALIFIED","PUBLIC_GOVERNMENT_FACILITY","SH_US"," County Courthouse, Texas","EXACT_OR_ACCEPTABLE_APPROXIMATE","","null","PUBLIC_POI_NOT_RESIDENTIAL_EXACTNESS","null","null","null","null","null","null","null","null","null","null","null","null","null","null","PLAN ONLY — execute in an approved owner browser; no private address and no runtime result claimed."
"LP241-TX-48153-01","floyd","","48153","null","null","CITY_QUALIFIED","PUBLIC_GOVERNMENT_FACILITY","ZIP_INCLUDED"," County Courthouse, Texas","EXACT_OR_ACCEPTABLE_APPROXIMATE","","null","PUBLIC_POI_NOT_RESIDENTIAL_EXACTNESS","null","null","null","null","null","null","null","null","null","null","null","null","null","null","PLAN ONLY — execute in an approved owner browser; no private address and no runtime result claimed."
"LP241-TX-48155-01","foard","","48155","null","null","BUSINESS_POI","PUBLIC_GOVERNMENT_FACILITY","CITY_INCLUDED"," County Courthouse, Texas","EXACT_OR_ACCEPTABLE_APPROXIMATE","","null","PUBLIC_POI_NOT_RESIDENTIAL_EXACTNESS","null","null","null","null","null","null","null","null","null","null","null","null","null","null","PLAN ONLY — execute in an approved owner browser; no private address and no runtime result claimed."
"LP241-TX-48157-01","fort-bend","","48157","null","null","ROAD_ONLY","PUBLIC_GOVERNMENT_FACILITY","PLAIN"," County Courthouse, Texas","EXACT_OR_ACCEPTABLE_APPROXIMATE","","null","PUBLIC_POI_NOT_RESIDENTIAL_EXACTNESS","null","null","null","null","null","null","null","null","null","null","null","null","null","null","PLAN ONLY — execute in an approved owner browser; no private address and no runtime result claimed."
"LP241-TX-48159-01","franklin","","48159","null","null","SYNTHETIC_NO_RESULT","SYNTHETIC_NEGATIVE","INTENTIONAL_TYPO","Nonexistent LP241 Test Road,  County, Texas","TRUTHFUL_NO_RESULT","","null","NO_RESULT","null","null","null","null","null","null","null","null","null","null","null","null","null","null","PLAN ONLY — execute in an approved owner browser; no private address and no runtime result claimed."
"LP241-TX-48161-01","freestone","","48161","null","null","TYPO_NORMALIZATION","PUBLIC_GOVERNMENT_FACILITY","COUNTY_ROAD_SPELLED_OUT"," County Courthouse, Texas","EXACT_OR_ACCEPTABLE_APPROXIMATE","","null","PUBLIC_POI_NOT_RESIDENTIAL_EXACTNESS","null","null","null","null","null","null","null","null","null","null","null","null","null","null","PLAN ONLY — execute in an approved owner browser; no private address and no runtime result claimed."
"LP241-TX-48163-01","frio","","48163","null","null","BOUNDARY_SENSITIVE","PUBLIC_GOVERNMENT_FACILITY","CR_ABBREVIATED"," County Courthouse, Texas","EXACT_OR_ACCEPTABLE_APPROXIMATE","","null","PUBLIC_POI_NOT_RESIDENTIAL_EXACTNESS","null","null","null","null","null","null","null","null","null","null","null","null","null","null","PLAN ONLY — execute in an approved owner browser; no private address and no runtime result claimed."
"LP241-TX-48165-01","gaines","","48165","null","null","UNINCORPORATED","PUBLIC_GOVERNMENT_FACILITY","FM_RM"," County Courthouse, Texas","EXACT_OR_ACCEPTABLE_APPROXIMATE","","null","PUBLIC_POI_NOT_RESIDENTIAL_EXACTNESS","null","null","null","null","null","null","null","null","null","null","null","null","null","null","PLAN ONLY — execute in an approved owner browser; no private address and no runtime result claimed."
"LP241-TX-48167-01","galveston","","48167","null","null","COMMON_STREET","PUBLIC_GOVERNMENT_FACILITY","SH_US"," County Courthouse, Texas","EXACT_OR_ACCEPTABLE_APPROXIMATE","","null","PUBLIC_POI_NOT_RESIDENTIAL_EXACTNESS","null","null","null","null","null","null","null","null","null","null","null","null","null","null","PLAN ONLY — execute in an approved owner browser; no private address and no runtime result claimed."
"LP241-TX-48169-01","garza","","48169","null","null","PUBLIC_FACILITY","PUBLIC_GOVERNMENT_FACILITY","ZIP_INCLUDED"," County Courthouse, Texas","EXACT_OR_ACCEPTABLE_APPROXIMATE","","null","PUBLIC_POI_NOT_RESIDENTIAL_EXACTNESS","null","null","null","null","null","null","null","null","null","null","null","null","null","null","PLAN ONLY — execute in an approved owner browser; no private address and no runtime result claimed."
"LP241-TX-48171-01","gillespie","","48171","null","null","COUNTY_ROAD","PUBLIC_GOVERNMENT_FACILITY","CITY_INCLUDED"," County Courthouse, Texas","EXACT_OR_ACCEPTABLE_APPROXIMATE","","null","PUBLIC_POI_NOT_RESIDENTIAL_EXACTNESS","null","null","null","null","null","null","null","null","null","null","null","null","null","null","PLAN ONLY — execute in an approved owner browser; no private address and no runtime result claimed."
"LP241-TX-48173-01","glasscock","","48173","null","null","CR_ABBREVIATION","PUBLIC_GOVERNMENT_FACILITY","PLAIN"," County Courthouse, Texas","EXACT_OR_ACCEPTABLE_APPROXIMATE","","null","PUBLIC_POI_NOT_RESIDENTIAL_EXACTNESS","null","null","null","null","null","null","null","null","null","null","null","null","null","null","PLAN ONLY — execute in an approved owner browser; no private address and no runtime result claimed."
"LP241-TX-48175-01","goliad","","48175","null","null","FM_RM_ROAD","PUBLIC_GOVERNMENT_FACILITY","INTENTIONAL_TYPO"," County Courthouse, Texas","EXACT_OR_ACCEPTABLE_APPROXIMATE","","null","PUBLIC_POI_NOT_RESIDENTIAL_EXACTNESS","null","null","null","null","null","null","null","null","null","null","null","null","null","null","PLAN ONLY — execute in an approved owner browser; no private address and no runtime result claimed."
"LP241-TX-48177-01","gonzales","","48177","null","null","SH_US_HIGHWAY","PUBLIC_GOVERNMENT_FACILITY","COUNTY_ROAD_SPELLED_OUT"," County Courthouse, Texas","EXACT_OR_ACCEPTABLE_APPROXIMATE","","null","PUBLIC_POI_NOT_RESIDENTIAL_EXACTNESS","null","null","null","null","null","null","null","null","null","null","null","null","null","null","PLAN ONLY — execute in an approved owner browser; no private address and no runtime result claimed."
"LP241-TX-48179-01","gray","","48179","null","null","ZIP_QUALIFIED","PUBLIC_GOVERNMENT_FACILITY","CR_ABBREVIATED"," County Courthouse, Texas","EXACT_OR_ACCEPTABLE_APPROXIMATE","","null","PUBLIC_POI_NOT_RESIDENTIAL_EXACTNESS","null","null","null","null","null","null","null","null","null","null","null","null","null","null","PLAN ONLY — execute in an approved owner browser; no private address and no runtime result claimed."
"LP241-TX-48181-01","grayson","","48181","null","null","CITY_QUALIFIED","PUBLIC_GOVERNMENT_FACILITY","FM_RM"," County Courthouse, Texas","EXACT_OR_ACCEPTABLE_APPROXIMATE","","null","PUBLIC_POI_NOT_RESIDENTIAL_EXACTNESS","null","null","null","null","null","null","null","null","null","null","null","null","null","null","PLAN ONLY — execute in an approved owner browser; no private address and no runtime result claimed."
"LP241-TX-48183-01","gregg","","48183","null","null","BUSINESS_POI","PUBLIC_GOVERNMENT_FACILITY","SH_US"," County Courthouse, Texas","EXACT_OR_ACCEPTABLE_APPROXIMATE","","null","PUBLIC_POI_NOT_RESIDENTIAL_EXACTNESS","null","null","null","null","null","null","null","null","null","null","null","null","null","null","PLAN ONLY — execute in an approved owner browser; no private address and no runtime result claimed."
"LP241-TX-48185-01","grimes","","48185","null","null","ROAD_ONLY","PUBLIC_GOVERNMENT_FACILITY","ZIP_INCLUDED"," County Courthouse, Texas","EXACT_OR_ACCEPTABLE_APPROXIMATE","","null","PUBLIC_POI_NOT_RESIDENTIAL_EXACTNESS","null","null","null","null","null","null","null","null","null","null","null","null","null","null","PLAN ONLY — execute in an approved owner browser; no private address and no runtime result claimed."
"LP241-TX-48187-01","guadalupe","","48187","null","null","SYNTHETIC_NO_RESULT","SYNTHETIC_NEGATIVE","CITY_INCLUDED","Nonexistent LP241 Test Road,  County, Texas","TRUTHFUL_NO_RESULT","","null","NO_RESULT","null","null","null","null","null","null","null","null","null","null","null","null","null","null","PLAN ONLY — execute in an approved owner browser; no private address and no runtime result claimed."
"LP241-TX-48189-01","hale","","48189","null","null","TYPO_NORMALIZATION","PUBLIC_GOVERNMENT_FACILITY","PLAIN"," County Courthouse, Texas","EXACT_OR_ACCEPTABLE_APPROXIMATE","","null","PUBLIC_POI_NOT_RESIDENTIAL_EXACTNESS","null","null","null","null","null","null","null","null","null","null","null","null","null","null","PLAN ONLY — execute in an approved owner browser; no private address and no runtime result claimed."
"LP241-TX-48191-01","hall","","48191","null","null","BOUNDARY_SENSITIVE","PUBLIC_GOVERNMENT_FACILITY","INTENTIONAL_TYPO"," County Courthouse, Texas","EXACT_OR_ACCEPTABLE_APPROXIMATE","","null","PUBLIC_POI_NOT_RESIDENTIAL_EXACTNESS","null","null","null","null","null","null","null","null","null","null","null","null","null","null","PLAN ONLY — execute in an approved owner browser; no private address and no runtime result claimed."
"LP241-TX-48193-01","hamilton","","48193","null","null","UNINCORPORATED","PUBLIC_GOVERNMENT_FACILITY","COUNTY_ROAD_SPELLED_OUT"," County Courthouse, Texas","EXACT_OR_ACCEPTABLE_APPROXIMATE","","null","PUBLIC_POI_NOT_RESIDENTIAL_EXACTNESS","null","null","null","null","null","null","null","null","null","null","null","null","null","null","PLAN ONLY — execute in an approved owner browser; no private address and no runtime result claimed."
"LP241-TX-48195-01","hansford","","48195","null","null","COMMON_STREET","PUBLIC_GOVERNMENT_FACILITY","CR_ABBREVIATED"," County Courthouse, Texas","EXACT_OR_ACCEPTABLE_APPROXIMATE","","null","PUBLIC_POI_NOT_RESIDENTIAL_EXACTNESS","null","null","null","null","null","null","null","null","null","null","null","null","null","null","PLAN ONLY — execute in an approved owner browser; no private address and no runtime result claimed."
"LP241-TX-48197-01","hardeman","","48197","null","null","PUBLIC_FACILITY","PUBLIC_GOVERNMENT_FACILITY","FM_RM"," County Courthouse, Texas","EXACT_OR_ACCEPTABLE_APPROXIMATE","","null","PUBLIC_POI_NOT_RESIDENTIAL_EXACTNESS","null","null","null","null","null","null","null","null","null","null","null","null","null","null","PLAN ONLY — execute in an approved owner browser; no private address and no runtime result claimed."
"LP241-TX-48199-01","hardin","","48199","null","null","COUNTY_ROAD","PUBLIC_GOVERNMENT_FACILITY","SH_US"," County Courthouse, Texas","EXACT_OR_ACCEPTABLE_APPROXIMATE","","null","PUBLIC_POI_NOT_RESIDENTIAL_EXACTNESS","null","null","null","null","null","null","null","null","null","null","null","null","null","null","PLAN ONLY — execute in an approved owner browser; no private address and no runtime result claimed."
"LP241-TX-48201-01","harris","","48201","null","null","CR_ABBREVIATION","PUBLIC_GOVERNMENT_FACILITY","ZIP_INCLUDED"," County Courthouse, Texas","EXACT_OR_ACCEPTABLE_APPROXIMATE","","null","PUBLIC_POI_NOT_RESIDENTIAL_EXACTNESS","null","null","null","null","null","null","null","null","null","null","null","null","null","null","PLAN ONLY — execute in an approved owner browser; no private address and no runtime result claimed."
"LP241-TX-48203-01","harrison","","48203","null","null","FM_RM_ROAD","PUBLIC_GOVERNMENT_FACILITY","CITY_INCLUDED"," County Courthouse, Texas","EXACT_OR_ACCEPTABLE_APPROXIMATE","","null","PUBLIC_POI_NOT_RESIDENTIAL_EXACTNESS","null","null","null","null","null","null","null","null","null","null","null","null","null","null","PLAN ONLY — execute in an approved owner browser; no private address and no runtime result claimed."
"LP241-TX-48205-01","hartley","","48205","null","null","SH_US_HIGHWAY","PUBLIC_GOVERNMENT_FACILITY","PLAIN"," County Courthouse, Texas","EXACT_OR_ACCEPTABLE_APPROXIMATE","","null","PUBLIC_POI_NOT_RESIDENTIAL_EXACTNESS","null","null","null","null","null","null","null","null","null","null","null","null","null","null","PLAN ONLY — execute in an approved owner browser; no private address and no runtime result claimed."
"LP241-TX-48207-01","haskell","","48207","null","null","ZIP_QUALIFIED","PUBLIC_GOVERNMENT_FACILITY","INTENTIONAL_TYPO"," County Courthouse, Texas","EXACT_OR_ACCEPTABLE_APPROXIMATE","","null","PUBLIC_POI_NOT_RESIDENTIAL_EXACTNESS","null","null","null","null","null","null","null","null","null","null","null","null","null","null","PLAN ONLY — execute in an approved owner browser; no private address and no runtime result claimed."
"LP241-TX-48209-01","hays","","48209","null","null","CITY_QUALIFIED","PUBLIC_GOVERNMENT_FACILITY","COUNTY_ROAD_SPELLED_OUT"," County Courthouse, Texas","EXACT_OR_ACCEPTABLE_APPROXIMATE","","null","PUBLIC_POI_NOT_RESIDENTIAL_EXACTNESS","null","null","null","null","null","null","null","null","null","null","null","null","null","null","PLAN ONLY — execute in an approved owner browser; no private address and no runtime result claimed."
"LP241-TX-48211-01","hemphill","","48211","null","null","BUSINESS_POI","PUBLIC_GOVERNMENT_FACILITY","CR_ABBREVIATED"," County Courthouse, Texas","EXACT_OR_ACCEPTABLE_APPROXIMATE","","null","PUBLIC_POI_NOT_RESIDENTIAL_EXACTNESS","null","null","null","null","null","null","null","null","null","null","null","null","null","null","PLAN ONLY — execute in an approved owner browser; no private address and no runtime result claimed."
"LP241-TX-48213-01","henderson","","48213","null","null","ROAD_ONLY","PUBLIC_GOVERNMENT_FACILITY","FM_RM"," County Courthouse, Texas","EXACT_OR_ACCEPTABLE_APPROXIMATE","","null","PUBLIC_POI_NOT_RESIDENTIAL_EXACTNESS","null","null","null","null","null","null","null","null","null","null","null","null","null","null","PLAN ONLY — execute in an approved owner browser; no private address and no runtime result claimed."
"LP241-TX-48215-01","hidalgo","","48215","null","null","SYNTHETIC_NO_RESULT","SYNTHETIC_NEGATIVE","SH_US","Nonexistent LP241 Test Road,  County, Texas","TRUTHFUL_NO_RESULT","","null","NO_RESULT","null","null","null","null","null","null","null","null","null","null","null","null","null","null","PLAN ONLY — execute in an approved owner browser; no private address and no runtime result claimed."
"LP241-TX-48217-01","hill","","48217","null","null","TYPO_NORMALIZATION","PUBLIC_GOVERNMENT_FACILITY","ZIP_INCLUDED"," County Courthouse, Texas","EXACT_OR_ACCEPTABLE_APPROXIMATE","","null","PUBLIC_POI_NOT_RESIDENTIAL_EXACTNESS","null","null","null","null","null","null","null","null","null","null","null","null","null","null","PLAN ONLY — execute in an approved owner browser; no private address and no runtime result claimed."
"LP241-TX-48219-01","hockley","","48219","null","null","BOUNDARY_SENSITIVE","PUBLIC_GOVERNMENT_FACILITY","CITY_INCLUDED"," County Courthouse, Texas","EXACT_OR_ACCEPTABLE_APPROXIMATE","","null","PUBLIC_POI_NOT_RESIDENTIAL_EXACTNESS","null","null","null","null","null","null","null","null","null","null","null","null","null","null","PLAN ONLY — execute in an approved owner browser; no private address and no runtime result claimed."
"LP241-TX-48221-01","hood","","48221","null","null","UNINCORPORATED","PUBLIC_GOVERNMENT_FACILITY","PLAIN"," County Courthouse, Texas","EXACT_OR_ACCEPTABLE_APPROXIMATE","","null","PUBLIC_POI_NOT_RESIDENTIAL_EXACTNESS","null","null","null","null","null","null","null","null","null","null","null","null","null","null","PLAN ONLY — execute in an approved owner browser; no private address and no runtime result claimed."
"LP241-TX-48223-01","hopkins","","48223","null","null","COMMON_STREET","PUBLIC_GOVERNMENT_FACILITY","INTENTIONAL_TYPO"," County Courthouse, Texas","EXACT_OR_ACCEPTABLE_APPROXIMATE","","null","PUBLIC_POI_NOT_RESIDENTIAL_EXACTNESS","null","null","null","null","null","null","null","null","null","null","null","null","null","null","PLAN ONLY — execute in an approved owner browser; no private address and no runtime result claimed."
"LP241-TX-48225-01","houston","","48225","null","null","PUBLIC_FACILITY","PUBLIC_GOVERNMENT_FACILITY","COUNTY_ROAD_SPELLED_OUT"," County Courthouse, Texas","EXACT_OR_ACCEPTABLE_APPROXIMATE","","null","PUBLIC_POI_NOT_RESIDENTIAL_EXACTNESS","null","null","null","null","null","null","null","null","null","null","null","null","null","null","PLAN ONLY — execute in an approved owner browser; no private address and no runtime result claimed."
"LP241-TX-48227-01","howard","","48227","null","null","COUNTY_ROAD","PUBLIC_GOVERNMENT_FACILITY","CR_ABBREVIATED"," County Courthouse, Texas","EXACT_OR_ACCEPTABLE_APPROXIMATE","","null","PUBLIC_POI_NOT_RESIDENTIAL_EXACTNESS","null","null","null","null","null","null","null","null","null","null","null","null","null","null","PLAN ONLY — execute in an approved owner browser; no private address and no runtime result claimed."
"LP241-TX-48229-01","hudspeth","","48229","null","null","CR_ABBREVIATION","PUBLIC_GOVERNMENT_FACILITY","FM_RM"," County Courthouse, Texas","EXACT_OR_ACCEPTABLE_APPROXIMATE","","null","PUBLIC_POI_NOT_RESIDENTIAL_EXACTNESS","null","null","null","null","null","null","null","null","null","null","null","null","null","null","PLAN ONLY — execute in an approved owner browser; no private address and no runtime result claimed."
"LP241-TX-48231-01","hunt","","48231","null","null","FM_RM_ROAD","PUBLIC_GOVERNMENT_FACILITY","SH_US"," County Courthouse, Texas","EXACT_OR_ACCEPTABLE_APPROXIMATE","","null","PUBLIC_POI_NOT_RESIDENTIAL_EXACTNESS","null","null","null","null","null","null","null","null","null","null","null","null","null","null","PLAN ONLY — execute in an approved owner browser; no private address and no runtime result claimed."
"LP241-TX-48233-01","hutchinson","","48233","null","null","SH_US_HIGHWAY","PUBLIC_GOVERNMENT_FACILITY","ZIP_INCLUDED"," County Courthouse, Texas","EXACT_OR_ACCEPTABLE_APPROXIMATE","","null","PUBLIC_POI_NOT_RESIDENTIAL_EXACTNESS","null","null","null","null","null","null","null","null","null","null","null","null","null","null","PLAN ONLY — execute in an approved owner browser; no private address and no runtime result claimed."
"LP241-TX-48235-01","irion","","48235","null","null","ZIP_QUALIFIED","PUBLIC_GOVERNMENT_FACILITY","CITY_INCLUDED"," County Courthouse, Texas","EXACT_OR_ACCEPTABLE_APPROXIMATE","","null","PUBLIC_POI_NOT_RESIDENTIAL_EXACTNESS","null","null","null","null","null","null","null","null","null","null","null","null","null","null","PLAN ONLY — execute in an approved owner browser; no private address and no runtime result claimed."
"LP241-TX-48237-01","jack","","48237","null","null","CITY_QUALIFIED","PUBLIC_GOVERNMENT_FACILITY","PLAIN"," County Courthouse, Texas","EXACT_OR_ACCEPTABLE_APPROXIMATE","","null","PUBLIC_POI_NOT_RESIDENTIAL_EXACTNESS","null","null","null","null","null","null","null","null","null","null","null","null","null","null","PLAN ONLY — execute in an approved owner browser; no private address and no runtime result claimed."
"LP241-TX-48239-01","jackson","","48239","null","null","BUSINESS_POI","PUBLIC_GOVERNMENT_FACILITY","INTENTIONAL_TYPO"," County Courthouse, Texas","EXACT_OR_ACCEPTABLE_APPROXIMATE","","null","PUBLIC_POI_NOT_RESIDENTIAL_EXACTNESS","null","null","null","null","null","null","null","null","null","null","null","null","null","null","PLAN ONLY — execute in an approved owner browser; no private address and no runtime result claimed."
"LP241-TX-48241-01","jasper","","48241","null","null","ROAD_ONLY","PUBLIC_GOVERNMENT_FACILITY","COUNTY_ROAD_SPELLED_OUT"," County Courthouse, Texas","EXACT_OR_ACCEPTABLE_APPROXIMATE","","null","PUBLIC_POI_NOT_RESIDENTIAL_EXACTNESS","null","null","null","null","null","null","null","null","null","null","null","null","null","null","PLAN ONLY — execute in an approved owner browser; no private address and no runtime result claimed."
"LP241-TX-48243-01","jeff-davis","","48243","null","null","SYNTHETIC_NO_RESULT","SYNTHETIC_NEGATIVE","CR_ABBREVIATED","Nonexistent LP241 Test Road,  County, Texas","TRUTHFUL_NO_RESULT","","null","NO_RESULT","null","null","null","null","null","null","null","null","null","null","null","null","null","null","PLAN ONLY — execute in an approved owner browser; no private address and no runtime result claimed."
"LP241-TX-48245-01","jefferson","","48245","null","null","TYPO_NORMALIZATION","PUBLIC_GOVERNMENT_FACILITY","FM_RM"," County Courthouse, Texas","EXACT_OR_ACCEPTABLE_APPROXIMATE","","null","PUBLIC_POI_NOT_RESIDENTIAL_EXACTNESS","null","null","null","null","null","null","null","null","null","null","null","null","null","null","PLAN ONLY — execute in an approved owner browser; no private address and no runtime result claimed."
"LP241-TX-48247-01","jim-hogg","","48247","null","null","BOUNDARY_SENSITIVE","PUBLIC_GOVERNMENT_FACILITY","SH_US"," County Courthouse, Texas","EXACT_OR_ACCEPTABLE_APPROXIMATE","","null","PUBLIC_POI_NOT_RESIDENTIAL_EXACTNESS","null","null","null","null","null","null","null","null","null","null","null","null","null","null","PLAN ONLY — execute in an approved owner browser; no private address and no runtime result claimed."
"LP241-TX-48249-01","jim-wells","","48249","null","null","UNINCORPORATED","PUBLIC_GOVERNMENT_FACILITY","ZIP_INCLUDED"," County Courthouse, Texas","EXACT_OR_ACCEPTABLE_APPROXIMATE","","null","PUBLIC_POI_NOT_RESIDENTIAL_EXACTNESS","null","null","null","null","null","null","null","null","null","null","null","null","null","null","PLAN ONLY — execute in an approved owner browser; no private address and no runtime result claimed."
"LP241-TX-48251-01","johnson","","48251","null","null","COMMON_STREET","PUBLIC_GOVERNMENT_FACILITY","CITY_INCLUDED"," County Courthouse, Texas","EXACT_OR_ACCEPTABLE_APPROXIMATE","","null","PUBLIC_POI_NOT_RESIDENTIAL_EXACTNESS","null","null","null","null","null","null","null","null","null","null","null","null","null","null","PLAN ONLY — execute in an approved owner browser; no private address and no runtime result claimed."
"LP241-TX-48253-01","jones","","48253","null","null","PUBLIC_FACILITY","PUBLIC_GOVERNMENT_FACILITY","PLAIN"," County Courthouse, Texas","EXACT_OR_ACCEPTABLE_APPROXIMATE","","null","PUBLIC_POI_NOT_RESIDENTIAL_EXACTNESS","null","null","null","null","null","null","null","null","null","null","null","null","null","null","PLAN ONLY — execute in an approved owner browser; no private address and no runtime result claimed."
"LP241-TX-48255-01","karnes","","48255","null","null","COUNTY_ROAD","PUBLIC_GOVERNMENT_FACILITY","INTENTIONAL_TYPO"," County Courthouse, Texas","EXACT_OR_ACCEPTABLE_APPROXIMATE","","null","PUBLIC_POI_NOT_RESIDENTIAL_EXACTNESS","null","null","null","null","null","null","null","null","null","null","null","null","null","null","PLAN ONLY — execute in an approved owner browser; no private address and no runtime result claimed."
"LP241-TX-48257-01","kaufman","","48257","null","null","CR_ABBREVIATION","PUBLIC_GOVERNMENT_FACILITY","COUNTY_ROAD_SPELLED_OUT"," County Courthouse, Texas","EXACT_OR_ACCEPTABLE_APPROXIMATE","","null","PUBLIC_POI_NOT_RESIDENTIAL_EXACTNESS","null","null","null","null","null","null","null","null","null","null","null","null","null","null","PLAN ONLY — execute in an approved owner browser; no private address and no runtime result claimed."
"LP241-TX-48259-01","kendall","","48259","null","null","FM_RM_ROAD","PUBLIC_GOVERNMENT_FACILITY","CR_ABBREVIATED"," County Courthouse, Texas","EXACT_OR_ACCEPTABLE_APPROXIMATE","","null","PUBLIC_POI_NOT_RESIDENTIAL_EXACTNESS","null","null","null","null","null","null","null","null","null","null","null","null","null","null","PLAN ONLY — execute in an approved owner browser; no private address and no runtime result claimed."
"LP241-TX-48261-01","kenedy","","48261","null","null","SH_US_HIGHWAY","PUBLIC_GOVERNMENT_FACILITY","FM_RM"," County Courthouse, Texas","EXACT_OR_ACCEPTABLE_APPROXIMATE","","null","PUBLIC_POI_NOT_RESIDENTIAL_EXACTNESS","null","null","null","null","null","null","null","null","null","null","null","null","null","null","PLAN ONLY — execute in an approved owner browser; no private address and no runtime result claimed."
"LP241-TX-48263-01","kent","","48263","null","null","ZIP_QUALIFIED","PUBLIC_GOVERNMENT_FACILITY","SH_US"," County Courthouse, Texas","EXACT_OR_ACCEPTABLE_APPROXIMATE","","null","PUBLIC_POI_NOT_RESIDENTIAL_EXACTNESS","null","null","null","null","null","null","null","null","null","null","null","null","null","null","PLAN ONLY — execute in an approved owner browser; no private address and no runtime result claimed."
"LP241-TX-48265-01","kerr","","48265","null","null","CITY_QUALIFIED","PUBLIC_GOVERNMENT_FACILITY","ZIP_INCLUDED"," County Courthouse, Texas","EXACT_OR_ACCEPTABLE_APPROXIMATE","","null","PUBLIC_POI_NOT_RESIDENTIAL_EXACTNESS","null","null","null","null","null","null","null","null","null","null","null","null","null","null","PLAN ONLY — execute in an approved owner browser; no private address and no runtime result claimed."
"LP241-TX-48267-01","kimble","","48267","null","null","BUSINESS_POI","PUBLIC_GOVERNMENT_FACILITY","CITY_INCLUDED"," County Courthouse, Texas","EXACT_OR_ACCEPTABLE_APPROXIMATE","","null","PUBLIC_POI_NOT_RESIDENTIAL_EXACTNESS","null","null","null","null","null","null","null","null","null","null","null","null","null","null","PLAN ONLY — execute in an approved owner browser; no private address and no runtime result claimed."
"LP241-TX-48269-01","king","","48269","null","null","ROAD_ONLY","PUBLIC_GOVERNMENT_FACILITY","PLAIN"," County Courthouse, Texas","EXACT_OR_ACCEPTABLE_APPROXIMATE","","null","PUBLIC_POI_NOT_RESIDENTIAL_EXACTNESS","null","null","null","null","null","null","null","null","null","null","null","null","null","null","PLAN ONLY — execute in an approved owner browser; no private address and no runtime result claimed."
"LP241-TX-48271-01","kinney","","48271","null","null","SYNTHETIC_NO_RESULT","SYNTHETIC_NEGATIVE","INTENTIONAL_TYPO","Nonexistent LP241 Test Road,  County, Texas","TRUTHFUL_NO_RESULT","","null","NO_RESULT","null","null","null","null","null","null","null","null","null","null","null","null","null","null","PLAN ONLY — execute in an approved owner browser; no private address and no runtime result claimed."
"LP241-TX-48273-01","kleberg","","48273","null","null","TYPO_NORMALIZATION","PUBLIC_GOVERNMENT_FACILITY","COUNTY_ROAD_SPELLED_OUT"," County Courthouse, Texas","EXACT_OR_ACCEPTABLE_APPROXIMATE","","null","PUBLIC_POI_NOT_RESIDENTIAL_EXACTNESS","null","null","null","null","null","null","null","null","null","null","null","null","null","null","PLAN ONLY — execute in an approved owner browser; no private address and no runtime result claimed."
"LP241-TX-48275-01","knox","","48275","null","null","BOUNDARY_SENSITIVE","PUBLIC_GOVERNMENT_FACILITY","CR_ABBREVIATED"," County Courthouse, Texas","EXACT_OR_ACCEPTABLE_APPROXIMATE","","null","PUBLIC_POI_NOT_RESIDENTIAL_EXACTNESS","null","null","null","null","null","null","null","null","null","null","null","null","null","null","PLAN ONLY — execute in an approved owner browser; no private address and no runtime result claimed."
"LP241-TX-48277-01","lamar","","48277","null","null","UNINCORPORATED","PUBLIC_GOVERNMENT_FACILITY","FM_RM"," County Courthouse, Texas","EXACT_OR_ACCEPTABLE_APPROXIMATE","","null","PUBLIC_POI_NOT_RESIDENTIAL_EXACTNESS","null","null","null","null","null","null","null","null","null","null","null","null","null","null","PLAN ONLY — execute in an approved owner browser; no private address and no runtime result claimed."
"LP241-TX-48279-01","lamb","","48279","null","null","COMMON_STREET","PUBLIC_GOVERNMENT_FACILITY","SH_US"," County Courthouse, Texas","EXACT_OR_ACCEPTABLE_APPROXIMATE","","null","PUBLIC_POI_NOT_RESIDENTIAL_EXACTNESS","null","null","null","null","null","null","null","null","null","null","null","null","null","null","PLAN ONLY — execute in an approved owner browser; no private address and no runtime result claimed."
"LP241-TX-48281-01","lampasas","","48281","null","null","PUBLIC_FACILITY","PUBLIC_GOVERNMENT_FACILITY","ZIP_INCLUDED"," County Courthouse, Texas","EXACT_OR_ACCEPTABLE_APPROXIMATE","","null","PUBLIC_POI_NOT_RESIDENTIAL_EXACTNESS","null","null","null","null","null","null","null","null","null","null","null","null","null","null","PLAN ONLY — execute in an approved owner browser; no private address and no runtime result claimed."
"LP241-TX-48283-01","la-salle","","48283","null","null","COUNTY_ROAD","PUBLIC_GOVERNMENT_FACILITY","CITY_INCLUDED"," County Courthouse, Texas","EXACT_OR_ACCEPTABLE_APPROXIMATE","","null","PUBLIC_POI_NOT_RESIDENTIAL_EXACTNESS","null","null","null","null","null","null","null","null","null","null","null","null","null","null","PLAN ONLY — execute in an approved owner browser; no private address and no runtime result claimed."
"LP241-TX-48285-01","lavaca","","48285","null","null","CR_ABBREVIATION","PUBLIC_GOVERNMENT_FACILITY","PLAIN"," County Courthouse, Texas","EXACT_OR_ACCEPTABLE_APPROXIMATE","","null","PUBLIC_POI_NOT_RESIDENTIAL_EXACTNESS","null","null","null","null","null","null","null","null","null","null","null","null","null","null","PLAN ONLY — execute in an approved owner browser; no private address and no runtime result claimed."
"LP241-TX-48287-01","lee","","48287","null","null","FM_RM_ROAD","PUBLIC_GOVERNMENT_FACILITY","INTENTIONAL_TYPO"," County Courthouse, Texas","EXACT_OR_ACCEPTABLE_APPROXIMATE","","null","PUBLIC_POI_NOT_RESIDENTIAL_EXACTNESS","null","null","null","null","null","null","null","null","null","null","null","null","null","null","PLAN ONLY — execute in an approved owner browser; no private address and no runtime result claimed."
"LP241-TX-48289-01","leon","","48289","null","null","SH_US_HIGHWAY","PUBLIC_GOVERNMENT_FACILITY","COUNTY_ROAD_SPELLED_OUT"," County Courthouse, Texas","EXACT_OR_ACCEPTABLE_APPROXIMATE","","null","PUBLIC_POI_NOT_RESIDENTIAL_EXACTNESS","null","null","null","null","null","null","null","null","null","null","null","null","null","null","PLAN ONLY — execute in an approved owner browser; no private address and no runtime result claimed."
"LP241-TX-48291-01","liberty","","48291","null","null","ZIP_QUALIFIED","PUBLIC_GOVERNMENT_FACILITY","CR_ABBREVIATED"," County Courthouse, Texas","EXACT_OR_ACCEPTABLE_APPROXIMATE","","null","PUBLIC_POI_NOT_RESIDENTIAL_EXACTNESS","null","null","null","null","null","null","null","null","null","null","null","null","null","null","PLAN ONLY — execute in an approved owner browser; no private address and no runtime result claimed."
"LP241-TX-48293-01","limestone","","48293","null","null","CITY_QUALIFIED","PUBLIC_GOVERNMENT_FACILITY","FM_RM"," County Courthouse, Texas","EXACT_OR_ACCEPTABLE_APPROXIMATE","","null","PUBLIC_POI_NOT_RESIDENTIAL_EXACTNESS","null","null","null","null","null","null","null","null","null","null","null","null","null","null","PLAN ONLY — execute in an approved owner browser; no private address and no runtime result claimed."
"LP241-TX-48295-01","lipscomb","","48295","null","null","BUSINESS_POI","PUBLIC_GOVERNMENT_FACILITY","SH_US"," County Courthouse, Texas","EXACT_OR_ACCEPTABLE_APPROXIMATE","","null","PUBLIC_POI_NOT_RESIDENTIAL_EXACTNESS","null","null","null","null","null","null","null","null","null","null","null","null","null","null","PLAN ONLY — execute in an approved owner browser; no private address and no runtime result claimed."
"LP241-TX-48297-01","live-oak","","48297","null","null","ROAD_ONLY","PUBLIC_GOVERNMENT_FACILITY","ZIP_INCLUDED"," County Courthouse, Texas","EXACT_OR_ACCEPTABLE_APPROXIMATE","","null","PUBLIC_POI_NOT_RESIDENTIAL_EXACTNESS","null","null","null","null","null","null","null","null","null","null","null","null","null","null","PLAN ONLY — execute in an approved owner browser; no private address and no runtime result claimed."
"LP241-TX-48299-01","llano","","48299","null","null","SYNTHETIC_NO_RESULT","SYNTHETIC_NEGATIVE","CITY_INCLUDED","Nonexistent LP241 Test Road,  County, Texas","TRUTHFUL_NO_RESULT","","null","NO_RESULT","null","null","null","null","null","null","null","null","null","null","null","null","null","null","PLAN ONLY — execute in an approved owner browser; no private address and no runtime result claimed."
"LP241-TX-48301-01","loving","","48301","null","null","TYPO_NORMALIZATION","PUBLIC_GOVERNMENT_FACILITY","PLAIN"," County Courthouse, Texas","EXACT_OR_ACCEPTABLE_APPROXIMATE","","null","PUBLIC_POI_NOT_RESIDENTIAL_EXACTNESS","null","null","null","null","null","null","null","null","null","null","null","null","null","null","PLAN ONLY — execute in an approved owner browser; no private address and no runtime result claimed."
"LP241-TX-48303-01","lubbock","","48303","null","null","BOUNDARY_SENSITIVE","PUBLIC_GOVERNMENT_FACILITY","INTENTIONAL_TYPO"," County Courthouse, Texas","EXACT_OR_ACCEPTABLE_APPROXIMATE","","null","PUBLIC_POI_NOT_RESIDENTIAL_EXACTNESS","null","null","null","null","null","null","null","null","null","null","null","null","null","null","PLAN ONLY — execute in an approved owner browser; no private address and no runtime result claimed."
"LP241-TX-48305-01","lynn","","48305","null","null","UNINCORPORATED","PUBLIC_GOVERNMENT_FACILITY","COUNTY_ROAD_SPELLED_OUT"," County Courthouse, Texas","EXACT_OR_ACCEPTABLE_APPROXIMATE","","null","PUBLIC_POI_NOT_RESIDENTIAL_EXACTNESS","null","null","null","null","null","null","null","null","null","null","null","null","null","null","PLAN ONLY — execute in an approved owner browser; no private address and no runtime result claimed."
"LP241-TX-48307-01","mcculloch","","48307","null","null","COMMON_STREET","PUBLIC_GOVERNMENT_FACILITY","CR_ABBREVIATED"," County Courthouse, Texas","EXACT_OR_ACCEPTABLE_APPROXIMATE","","null","PUBLIC_POI_NOT_RESIDENTIAL_EXACTNESS","null","null","null","null","null","null","null","null","null","null","null","null","null","null","PLAN ONLY — execute in an approved owner browser; no private address and no runtime result claimed."
"LP241-TX-48309-01","mclennan","","48309","null","null","PUBLIC_FACILITY","PUBLIC_GOVERNMENT_FACILITY","FM_RM"," County Courthouse, Texas","EXACT_OR_ACCEPTABLE_APPROXIMATE","","null","PUBLIC_POI_NOT_RESIDENTIAL_EXACTNESS","null","null","null","null","null","null","null","null","null","null","null","null","null","null","PLAN ONLY — execute in an approved owner browser; no private address and no runtime result claimed."
"LP241-TX-48311-01","mcmullen","","48311","null","null","COUNTY_ROAD","PUBLIC_GOVERNMENT_FACILITY","SH_US"," County Courthouse, Texas","EXACT_OR_ACCEPTABLE_APPROXIMATE","","null","PUBLIC_POI_NOT_RESIDENTIAL_EXACTNESS","null","null","null","null","null","null","null","null","null","null","null","null","null","null","PLAN ONLY — execute in an approved owner browser; no private address and no runtime result claimed."
"LP241-TX-48313-01","madison","","48313","null","null","CR_ABBREVIATION","PUBLIC_GOVERNMENT_FACILITY","ZIP_INCLUDED"," County Courthouse, Texas","EXACT_OR_ACCEPTABLE_APPROXIMATE","","null","PUBLIC_POI_NOT_RESIDENTIAL_EXACTNESS","null","null","null","null","null","null","null","null","null","null","null","null","null","null","PLAN ONLY — execute in an approved owner browser; no private address and no runtime result claimed."
"LP241-TX-48315-01","marion","","48315","null","null","FM_RM_ROAD","PUBLIC_GOVERNMENT_FACILITY","CITY_INCLUDED"," County Courthouse, Texas","EXACT_OR_ACCEPTABLE_APPROXIMATE","","null","PUBLIC_POI_NOT_RESIDENTIAL_EXACTNESS","null","null","null","null","null","null","null","null","null","null","null","null","null","null","PLAN ONLY — execute in an approved owner browser; no private address and no runtime result claimed."
"LP241-TX-48317-01","martin","","48317","null","null","SH_US_HIGHWAY","PUBLIC_GOVERNMENT_FACILITY","PLAIN"," County Courthouse, Texas","EXACT_OR_ACCEPTABLE_APPROXIMATE","","null","PUBLIC_POI_NOT_RESIDENTIAL_EXACTNESS","null","null","null","null","null","null","null","null","null","null","null","null","null","null","PLAN ONLY — execute in an approved owner browser; no private address and no runtime result claimed."
"LP241-TX-48319-01","mason","","48319","null","null","ZIP_QUALIFIED","PUBLIC_GOVERNMENT_FACILITY","INTENTIONAL_TYPO"," County Courthouse, Texas","EXACT_OR_ACCEPTABLE_APPROXIMATE","","null","PUBLIC_POI_NOT_RESIDENTIAL_EXACTNESS","null","null","null","null","null","null","null","null","null","null","null","null","null","null","PLAN ONLY — execute in an approved owner browser; no private address and no runtime result claimed."
"LP241-TX-48321-01","matagorda","","48321","null","null","CITY_QUALIFIED","PUBLIC_GOVERNMENT_FACILITY","COUNTY_ROAD_SPELLED_OUT"," County Courthouse, Texas","EXACT_OR_ACCEPTABLE_APPROXIMATE","","null","PUBLIC_POI_NOT_RESIDENTIAL_EXACTNESS","null","null","null","null","null","null","null","null","null","null","null","null","null","null","PLAN ONLY — execute in an approved owner browser; no private address and no runtime result claimed."
"LP241-TX-48323-01","maverick","","48323","null","null","BUSINESS_POI","PUBLIC_GOVERNMENT_FACILITY","CR_ABBREVIATED"," County Courthouse, Texas","EXACT_OR_ACCEPTABLE_APPROXIMATE","","null","PUBLIC_POI_NOT_RESIDENTIAL_EXACTNESS","null","null","null","null","null","null","null","null","null","null","null","null","null","null","PLAN ONLY — execute in an approved owner browser; no private address and no runtime result claimed."
"LP241-TX-48325-01","medina","","48325","null","null","ROAD_ONLY","PUBLIC_GOVERNMENT_FACILITY","FM_RM"," County Courthouse, Texas","EXACT_OR_ACCEPTABLE_APPROXIMATE","","null","PUBLIC_POI_NOT_RESIDENTIAL_EXACTNESS","null","null","null","null","null","null","null","null","null","null","null","null","null","null","PLAN ONLY — execute in an approved owner browser; no private address and no runtime result claimed."
"LP241-TX-48327-01","menard","","48327","null","null","SYNTHETIC_NO_RESULT","SYNTHETIC_NEGATIVE","SH_US","Nonexistent LP241 Test Road,  County, Texas","TRUTHFUL_NO_RESULT","","null","NO_RESULT","null","null","null","null","null","null","null","null","null","null","null","null","null","null","PLAN ONLY — execute in an approved owner browser; no private address and no runtime result claimed."
"LP241-TX-48329-01","midland","","48329","null","null","TYPO_NORMALIZATION","PUBLIC_GOVERNMENT_FACILITY","ZIP_INCLUDED"," County Courthouse, Texas","EXACT_OR_ACCEPTABLE_APPROXIMATE","","null","PUBLIC_POI_NOT_RESIDENTIAL_EXACTNESS","null","null","null","null","null","null","null","null","null","null","null","null","null","null","PLAN ONLY — execute in an approved owner browser; no private address and no runtime result claimed."
"LP241-TX-48331-01","milam","","48331","null","null","BOUNDARY_SENSITIVE","PUBLIC_GOVERNMENT_FACILITY","CITY_INCLUDED"," County Courthouse, Texas","EXACT_OR_ACCEPTABLE_APPROXIMATE","","null","PUBLIC_POI_NOT_RESIDENTIAL_EXACTNESS","null","null","null","null","null","null","null","null","null","null","null","null","null","null","PLAN ONLY — execute in an approved owner browser; no private address and no runtime result claimed."
"LP241-TX-48333-01","mills","","48333","null","null","UNINCORPORATED","PUBLIC_GOVERNMENT_FACILITY","PLAIN"," County Courthouse, Texas","EXACT_OR_ACCEPTABLE_APPROXIMATE","","null","PUBLIC_POI_NOT_RESIDENTIAL_EXACTNESS","null","null","null","null","null","null","null","null","null","null","null","null","null","null","PLAN ONLY — execute in an approved owner browser; no private address and no runtime result claimed."
"LP241-TX-48335-01","mitchell","","48335","null","null","COMMON_STREET","PUBLIC_GOVERNMENT_FACILITY","INTENTIONAL_TYPO"," County Courthouse, Texas","EXACT_OR_ACCEPTABLE_APPROXIMATE","","null","PUBLIC_POI_NOT_RESIDENTIAL_EXACTNESS","null","null","null","null","null","null","null","null","null","null","null","null","null","null","PLAN ONLY — execute in an approved owner browser; no private address and no runtime result claimed."
"LP241-TX-48337-01","montague","","48337","null","null","PUBLIC_FACILITY","PUBLIC_GOVERNMENT_FACILITY","COUNTY_ROAD_SPELLED_OUT"," County Courthouse, Texas","EXACT_OR_ACCEPTABLE_APPROXIMATE","","null","PUBLIC_POI_NOT_RESIDENTIAL_EXACTNESS","null","null","null","null","null","null","null","null","null","null","null","null","null","null","PLAN ONLY — execute in an approved owner browser; no private address and no runtime result claimed."
"LP241-TX-48339-01","montgomery","","48339","null","null","COUNTY_ROAD","PUBLIC_GOVERNMENT_FACILITY","CR_ABBREVIATED"," County Courthouse, Texas","EXACT_OR_ACCEPTABLE_APPROXIMATE","","null","PUBLIC_POI_NOT_RESIDENTIAL_EXACTNESS","null","null","null","null","null","null","null","null","null","null","null","null","null","null","PLAN ONLY — execute in an approved owner browser; no private address and no runtime result claimed."
"LP241-TX-48341-01","moore","","48341","null","null","CR_ABBREVIATION","PUBLIC_GOVERNMENT_FACILITY","FM_RM"," County Courthouse, Texas","EXACT_OR_ACCEPTABLE_APPROXIMATE","","null","PUBLIC_POI_NOT_RESIDENTIAL_EXACTNESS","null","null","null","null","null","null","null","null","null","null","null","null","null","null","PLAN ONLY — execute in an approved owner browser; no private address and no runtime result claimed."
"LP241-TX-48343-01","morris","","48343","null","null","FM_RM_ROAD","PUBLIC_GOVERNMENT_FACILITY","SH_US"," County Courthouse, Texas","EXACT_OR_ACCEPTABLE_APPROXIMATE","","null","PUBLIC_POI_NOT_RESIDENTIAL_EXACTNESS","null","null","null","null","null","null","null","null","null","null","null","null","null","null","PLAN ONLY — execute in an approved owner browser; no private address and no runtime result claimed."
"LP241-TX-48345-01","motley","","48345","null","null","SH_US_HIGHWAY","PUBLIC_GOVERNMENT_FACILITY","ZIP_INCLUDED"," County Courthouse, Texas","EXACT_OR_ACCEPTABLE_APPROXIMATE","","null","PUBLIC_POI_NOT_RESIDENTIAL_EXACTNESS","null","null","null","null","null","null","null","null","null","null","null","null","null","null","PLAN ONLY — execute in an approved owner browser; no private address and no runtime result claimed."
"LP241-TX-48347-01","nacogdoches","","48347","null","null","ZIP_QUALIFIED","PUBLIC_GOVERNMENT_FACILITY","CITY_INCLUDED"," County Courthouse, Texas","EXACT_OR_ACCEPTABLE_APPROXIMATE","","null","PUBLIC_POI_NOT_RESIDENTIAL_EXACTNESS","null","null","null","null","null","null","null","null","null","null","null","null","null","null","PLAN ONLY — execute in an approved owner browser; no private address and no runtime result claimed."
"LP241-TX-48349-01","navarro","","48349","null","null","CITY_QUALIFIED","PUBLIC_GOVERNMENT_FACILITY","PLAIN"," County Courthouse, Texas","EXACT_OR_ACCEPTABLE_APPROXIMATE","","null","PUBLIC_POI_NOT_RESIDENTIAL_EXACTNESS","null","null","null","null","null","null","null","null","null","null","null","null","null","null","PLAN ONLY — execute in an approved owner browser; no private address and no runtime result claimed."
"LP241-TX-48351-01","newton","","48351","null","null","BUSINESS_POI","PUBLIC_GOVERNMENT_FACILITY","INTENTIONAL_TYPO"," County Courthouse, Texas","EXACT_OR_ACCEPTABLE_APPROXIMATE","","null","PUBLIC_POI_NOT_RESIDENTIAL_EXACTNESS","null","null","null","null","null","null","null","null","null","null","null","null","null","null","PLAN ONLY — execute in an approved owner browser; no private address and no runtime result claimed."
"LP241-TX-48353-01","nolan","","48353","null","null","ROAD_ONLY","PUBLIC_GOVERNMENT_FACILITY","COUNTY_ROAD_SPELLED_OUT"," County Courthouse, Texas","EXACT_OR_ACCEPTABLE_APPROXIMATE","","null","PUBLIC_POI_NOT_RESIDENTIAL_EXACTNESS","null","null","null","null","null","null","null","null","null","null","null","null","null","null","PLAN ONLY — execute in an approved owner browser; no private address and no runtime result claimed."
"LP241-TX-48355-01","nueces","","48355","null","null","SYNTHETIC_NO_RESULT","SYNTHETIC_NEGATIVE","CR_ABBREVIATED","Nonexistent LP241 Test Road,  County, Texas","TRUTHFUL_NO_RESULT","","null","NO_RESULT","null","null","null","null","null","null","null","null","null","null","null","null","null","null","PLAN ONLY — execute in an approved owner browser; no private address and no runtime result claimed."
"LP241-TX-48357-01","ochiltree","","48357","null","null","TYPO_NORMALIZATION","PUBLIC_GOVERNMENT_FACILITY","FM_RM"," County Courthouse, Texas","EXACT_OR_ACCEPTABLE_APPROXIMATE","","null","PUBLIC_POI_NOT_RESIDENTIAL_EXACTNESS","null","null","null","null","null","null","null","null","null","null","null","null","null","null","PLAN ONLY — execute in an approved owner browser; no private address and no runtime result claimed."
"LP241-TX-48359-01","oldham","","48359","null","null","BOUNDARY_SENSITIVE","PUBLIC_GOVERNMENT_FACILITY","SH_US"," County Courthouse, Texas","EXACT_OR_ACCEPTABLE_APPROXIMATE","","null","PUBLIC_POI_NOT_RESIDENTIAL_EXACTNESS","null","null","null","null","null","null","null","null","null","null","null","null","null","null","PLAN ONLY — execute in an approved owner browser; no private address and no runtime result claimed."
"LP241-TX-48361-01","orange","","48361","null","null","UNINCORPORATED","PUBLIC_GOVERNMENT_FACILITY","ZIP_INCLUDED"," County Courthouse, Texas","EXACT_OR_ACCEPTABLE_APPROXIMATE","","null","PUBLIC_POI_NOT_RESIDENTIAL_EXACTNESS","null","null","null","null","null","null","null","null","null","null","null","null","null","null","PLAN ONLY — execute in an approved owner browser; no private address and no runtime result claimed."
"LP241-TX-48363-01","palo-pinto","","48363","null","null","COMMON_STREET","PUBLIC_GOVERNMENT_FACILITY","CITY_INCLUDED"," County Courthouse, Texas","EXACT_OR_ACCEPTABLE_APPROXIMATE","","null","PUBLIC_POI_NOT_RESIDENTIAL_EXACTNESS","null","null","null","null","null","null","null","null","null","null","null","null","null","null","PLAN ONLY — execute in an approved owner browser; no private address and no runtime result claimed."
"LP241-TX-48365-01","panola","","48365","null","null","PUBLIC_FACILITY","PUBLIC_GOVERNMENT_FACILITY","PLAIN"," County Courthouse, Texas","EXACT_OR_ACCEPTABLE_APPROXIMATE","","null","PUBLIC_POI_NOT_RESIDENTIAL_EXACTNESS","null","null","null","null","null","null","null","null","null","null","null","null","null","null","PLAN ONLY — execute in an approved owner browser; no private address and no runtime result claimed."
"LP241-TX-48367-01","parker","","48367","null","null","COUNTY_ROAD","PUBLIC_GOVERNMENT_FACILITY","INTENTIONAL_TYPO"," County Courthouse, Texas","EXACT_OR_ACCEPTABLE_APPROXIMATE","","null","PUBLIC_POI_NOT_RESIDENTIAL_EXACTNESS","null","null","null","null","null","null","null","null","null","null","null","null","null","null","PLAN ONLY — execute in an approved owner browser; no private address and no runtime result claimed."
"LP241-TX-48369-01","parmer","","48369","null","null","CR_ABBREVIATION","PUBLIC_GOVERNMENT_FACILITY","COUNTY_ROAD_SPELLED_OUT"," County Courthouse, Texas","EXACT_OR_ACCEPTABLE_APPROXIMATE","","null","PUBLIC_POI_NOT_RESIDENTIAL_EXACTNESS","null","null","null","null","null","null","null","null","null","null","null","null","null","null","PLAN ONLY — execute in an approved owner browser; no private address and no runtime result claimed."
"LP241-TX-48371-01","pecos","","48371","null","null","FM_RM_ROAD","PUBLIC_GOVERNMENT_FACILITY","CR_ABBREVIATED"," County Courthouse, Texas","EXACT_OR_ACCEPTABLE_APPROXIMATE","","null","PUBLIC_POI_NOT_RESIDENTIAL_EXACTNESS","null","null","null","null","null","null","null","null","null","null","null","null","null","null","PLAN ONLY — execute in an approved owner browser; no private address and no runtime result claimed."
"LP241-TX-48373-01","polk","","48373","null","null","SH_US_HIGHWAY","PUBLIC_GOVERNMENT_FACILITY","FM_RM"," County Courthouse, Texas","EXACT_OR_ACCEPTABLE_APPROXIMATE","","null","PUBLIC_POI_NOT_RESIDENTIAL_EXACTNESS","null","null","null","null","null","null","null","null","null","null","null","null","null","null","PLAN ONLY — execute in an approved owner browser; no private address and no runtime result claimed."
"LP241-TX-48375-01","potter","","48375","null","null","ZIP_QUALIFIED","PUBLIC_GOVERNMENT_FACILITY","SH_US"," County Courthouse, Texas","EXACT_OR_ACCEPTABLE_APPROXIMATE","","null","PUBLIC_POI_NOT_RESIDENTIAL_EXACTNESS","null","null","null","null","null","null","null","null","null","null","null","null","null","null","PLAN ONLY — execute in an approved owner browser; no private address and no runtime result claimed."
"LP241-TX-48377-01","presidio","","48377","null","null","CITY_QUALIFIED","PUBLIC_GOVERNMENT_FACILITY","ZIP_INCLUDED"," County Courthouse, Texas","EXACT_OR_ACCEPTABLE_APPROXIMATE","","null","PUBLIC_POI_NOT_RESIDENTIAL_EXACTNESS","null","null","null","null","null","null","null","null","null","null","null","null","null","null","PLAN ONLY — execute in an approved owner browser; no private address and no runtime result claimed."
"LP241-TX-48379-01","rains","","48379","null","null","BUSINESS_POI","PUBLIC_GOVERNMENT_FACILITY","CITY_INCLUDED"," County Courthouse, Texas","EXACT_OR_ACCEPTABLE_APPROXIMATE","","null","PUBLIC_POI_NOT_RESIDENTIAL_EXACTNESS","null","null","null","null","null","null","null","null","null","null","null","null","null","null","PLAN ONLY — execute in an approved owner browser; no private address and no runtime result claimed."
"LP241-TX-48381-01","randall","","48381","null","null","ROAD_ONLY","PUBLIC_GOVERNMENT_FACILITY","PLAIN"," County Courthouse, Texas","EXACT_OR_ACCEPTABLE_APPROXIMATE","","null","PUBLIC_POI_NOT_RESIDENTIAL_EXACTNESS","null","null","null","null","null","null","null","null","null","null","null","null","null","null","PLAN ONLY — execute in an approved owner browser; no private address and no runtime result claimed."
"LP241-TX-48383-01","reagan","","48383","null","null","SYNTHETIC_NO_RESULT","SYNTHETIC_NEGATIVE","INTENTIONAL_TYPO","Nonexistent LP241 Test Road,  County, Texas","TRUTHFUL_NO_RESULT","","null","NO_RESULT","null","null","null","null","null","null","null","null","null","null","null","null","null","null","PLAN ONLY — execute in an approved owner browser; no private address and no runtime result claimed."
"LP241-TX-48385-01","real","","48385","null","null","TYPO_NORMALIZATION","PUBLIC_GOVERNMENT_FACILITY","COUNTY_ROAD_SPELLED_OUT"," County Courthouse, Texas","EXACT_OR_ACCEPTABLE_APPROXIMATE","","null","PUBLIC_POI_NOT_RESIDENTIAL_EXACTNESS","null","null","null","null","null","null","null","null","null","null","null","null","null","null","PLAN ONLY — execute in an approved owner browser; no private address and no runtime result claimed."
"LP241-TX-48387-01","red-river","","48387","null","null","BOUNDARY_SENSITIVE","PUBLIC_GOVERNMENT_FACILITY","CR_ABBREVIATED"," County Courthouse, Texas","EXACT_OR_ACCEPTABLE_APPROXIMATE","","null","PUBLIC_POI_NOT_RESIDENTIAL_EXACTNESS","null","null","null","null","null","null","null","null","null","null","null","null","null","null","PLAN ONLY — execute in an approved owner browser; no private address and no runtime result claimed."
"LP241-TX-48389-01","reeves","","48389","null","null","UNINCORPORATED","PUBLIC_GOVERNMENT_FACILITY","FM_RM"," County Courthouse, Texas","EXACT_OR_ACCEPTABLE_APPROXIMATE","","null","PUBLIC_POI_NOT_RESIDENTIAL_EXACTNESS","null","null","null","null","null","null","null","null","null","null","null","null","null","null","PLAN ONLY — execute in an approved owner browser; no private address and no runtime result claimed."
"LP241-TX-48391-01","refugio","","48391","null","null","COMMON_STREET","PUBLIC_GOVERNMENT_FACILITY","SH_US"," County Courthouse, Texas","EXACT_OR_ACCEPTABLE_APPROXIMATE","","null","PUBLIC_POI_NOT_RESIDENTIAL_EXACTNESS","null","null","null","null","null","null","null","null","null","null","null","null","null","null","PLAN ONLY — execute in an approved owner browser; no private address and no runtime result claimed."
"LP241-TX-48393-01","roberts","","48393","null","null","PUBLIC_FACILITY","PUBLIC_GOVERNMENT_FACILITY","ZIP_INCLUDED"," County Courthouse, Texas","EXACT_OR_ACCEPTABLE_APPROXIMATE","","null","PUBLIC_POI_NOT_RESIDENTIAL_EXACTNESS","null","null","null","null","null","null","null","null","null","null","null","null","null","null","PLAN ONLY — execute in an approved owner browser; no private address and no runtime result claimed."
"LP241-TX-48395-01","robertson","","48395","null","null","COUNTY_ROAD","PUBLIC_GOVERNMENT_FACILITY","CITY_INCLUDED"," County Courthouse, Texas","EXACT_OR_ACCEPTABLE_APPROXIMATE","","null","PUBLIC_POI_NOT_RESIDENTIAL_EXACTNESS","null","null","null","null","null","null","null","null","null","null","null","null","null","null","PLAN ONLY — execute in an approved owner browser; no private address and no runtime result claimed."
"LP241-TX-48397-01","rockwall","","48397","null","null","CR_ABBREVIATION","PUBLIC_GOVERNMENT_FACILITY","PLAIN"," County Courthouse, Texas","EXACT_OR_ACCEPTABLE_APPROXIMATE","","null","PUBLIC_POI_NOT_RESIDENTIAL_EXACTNESS","null","null","null","null","null","null","null","null","null","null","null","null","null","null","PLAN ONLY — execute in an approved owner browser; no private address and no runtime result claimed."
"LP241-TX-48399-01","runnels","","48399","null","null","FM_RM_ROAD","PUBLIC_GOVERNMENT_FACILITY","INTENTIONAL_TYPO"," County Courthouse, Texas","EXACT_OR_ACCEPTABLE_APPROXIMATE","","null","PUBLIC_POI_NOT_RESIDENTIAL_EXACTNESS","null","null","null","null","null","null","null","null","null","null","null","null","null","null","PLAN ONLY — execute in an approved owner browser; no private address and no runtime result claimed."
"LP241-TX-48401-01","rusk","","48401","null","null","SH_US_HIGHWAY","PUBLIC_GOVERNMENT_FACILITY","COUNTY_ROAD_SPELLED_OUT"," County Courthouse, Texas","EXACT_OR_ACCEPTABLE_APPROXIMATE","","null","PUBLIC_POI_NOT_RESIDENTIAL_EXACTNESS","null","null","null","null","null","null","null","null","null","null","null","null","null","null","PLAN ONLY — execute in an approved owner browser; no private address and no runtime result claimed."
"LP241-TX-48403-01","sabine","","48403","null","null","ZIP_QUALIFIED","PUBLIC_GOVERNMENT_FACILITY","CR_ABBREVIATED"," County Courthouse, Texas","EXACT_OR_ACCEPTABLE_APPROXIMATE","","null","PUBLIC_POI_NOT_RESIDENTIAL_EXACTNESS","null","null","null","null","null","null","null","null","null","null","null","null","null","null","PLAN ONLY — execute in an approved owner browser; no private address and no runtime result claimed."
"LP241-TX-48405-01","san-augustine","","48405","null","null","CITY_QUALIFIED","PUBLIC_GOVERNMENT_FACILITY","FM_RM"," County Courthouse, Texas","EXACT_OR_ACCEPTABLE_APPROXIMATE","","null","PUBLIC_POI_NOT_RESIDENTIAL_EXACTNESS","null","null","null","null","null","null","null","null","null","null","null","null","null","null","PLAN ONLY — execute in an approved owner browser; no private address and no runtime result claimed."
"LP241-TX-48407-01","san-jacinto","","48407","null","null","BUSINESS_POI","PUBLIC_GOVERNMENT_FACILITY","SH_US"," County Courthouse, Texas","EXACT_OR_ACCEPTABLE_APPROXIMATE","","null","PUBLIC_POI_NOT_RESIDENTIAL_EXACTNESS","null","null","null","null","null","null","null","null","null","null","null","null","null","null","PLAN ONLY — execute in an approved owner browser; no private address and no runtime result claimed."
"LP241-TX-48409-01","san-patricio","","48409","null","null","ROAD_ONLY","PUBLIC_GOVERNMENT_FACILITY","ZIP_INCLUDED"," County Courthouse, Texas","EXACT_OR_ACCEPTABLE_APPROXIMATE","","null","PUBLIC_POI_NOT_RESIDENTIAL_EXACTNESS","null","null","null","null","null","null","null","null","null","null","null","null","null","null","PLAN ONLY — execute in an approved owner browser; no private address and no runtime result claimed."
"LP241-TX-48411-01","san-saba","","48411","null","null","SYNTHETIC_NO_RESULT","SYNTHETIC_NEGATIVE","CITY_INCLUDED","Nonexistent LP241 Test Road,  County, Texas","TRUTHFUL_NO_RESULT","","null","NO_RESULT","null","null","null","null","null","null","null","null","null","null","null","null","null","null","PLAN ONLY — execute in an approved owner browser; no private address and no runtime result claimed."
"LP241-TX-48413-01","schleicher","","48413","null","null","TYPO_NORMALIZATION","PUBLIC_GOVERNMENT_FACILITY","PLAIN"," County Courthouse, Texas","EXACT_OR_ACCEPTABLE_APPROXIMATE","","null","PUBLIC_POI_NOT_RESIDENTIAL_EXACTNESS","null","null","null","null","null","null","null","null","null","null","null","null","null","null","PLAN ONLY — execute in an approved owner browser; no private address and no runtime result claimed."
"LP241-TX-48415-01","scurry","","48415","null","null","BOUNDARY_SENSITIVE","PUBLIC_GOVERNMENT_FACILITY","INTENTIONAL_TYPO"," County Courthouse, Texas","EXACT_OR_ACCEPTABLE_APPROXIMATE","","null","PUBLIC_POI_NOT_RESIDENTIAL_EXACTNESS","null","null","null","null","null","null","null","null","null","null","null","null","null","null","PLAN ONLY — execute in an approved owner browser; no private address and no runtime result claimed."
"LP241-TX-48417-01","shackelford","","48417","null","null","UNINCORPORATED","PUBLIC_GOVERNMENT_FACILITY","COUNTY_ROAD_SPELLED_OUT"," County Courthouse, Texas","EXACT_OR_ACCEPTABLE_APPROXIMATE","","null","PUBLIC_POI_NOT_RESIDENTIAL_EXACTNESS","null","null","null","null","null","null","null","null","null","null","null","null","null","null","PLAN ONLY — execute in an approved owner browser; no private address and no runtime result claimed."
"LP241-TX-48419-01","shelby","","48419","null","null","COMMON_STREET","PUBLIC_GOVERNMENT_FACILITY","CR_ABBREVIATED"," County Courthouse, Texas","EXACT_OR_ACCEPTABLE_APPROXIMATE","","null","PUBLIC_POI_NOT_RESIDENTIAL_EXACTNESS","null","null","null","null","null","null","null","null","null","null","null","null","null","null","PLAN ONLY — execute in an approved owner browser; no private address and no runtime result claimed."
"LP241-TX-48421-01","sherman","","48421","null","null","PUBLIC_FACILITY","PUBLIC_GOVERNMENT_FACILITY","FM_RM"," County Courthouse, Texas","EXACT_OR_ACCEPTABLE_APPROXIMATE","","null","PUBLIC_POI_NOT_RESIDENTIAL_EXACTNESS","null","null","null","null","null","null","null","null","null","null","null","null","null","null","PLAN ONLY — execute in an approved owner browser; no private address and no runtime result claimed."
"LP241-TX-48423-01","smith","","48423","null","null","COUNTY_ROAD","PUBLIC_GOVERNMENT_FACILITY","SH_US"," County Courthouse, Texas","EXACT_OR_ACCEPTABLE_APPROXIMATE","","null","PUBLIC_POI_NOT_RESIDENTIAL_EXACTNESS","null","null","null","null","null","null","null","null","null","null","null","null","null","null","PLAN ONLY — execute in an approved owner browser; no private address and no runtime result claimed."
"LP241-TX-48425-01","somervell","","48425","null","null","CR_ABBREVIATION","PUBLIC_GOVERNMENT_FACILITY","ZIP_INCLUDED"," County Courthouse, Texas","EXACT_OR_ACCEPTABLE_APPROXIMATE","","null","PUBLIC_POI_NOT_RESIDENTIAL_EXACTNESS","null","null","null","null","null","null","null","null","null","null","null","null","null","null","PLAN ONLY — execute in an approved owner browser; no private address and no runtime result claimed."
"LP241-TX-48427-01","starr","","48427","null","null","FM_RM_ROAD","PUBLIC_GOVERNMENT_FACILITY","CITY_INCLUDED"," County Courthouse, Texas","EXACT_OR_ACCEPTABLE_APPROXIMATE","","null","PUBLIC_POI_NOT_RESIDENTIAL_EXACTNESS","null","null","null","null","null","null","null","null","null","null","null","null","null","null","PLAN ONLY — execute in an approved owner browser; no private address and no runtime result claimed."
"LP241-TX-48429-01","stephens","","48429","null","null","SH_US_HIGHWAY","PUBLIC_GOVERNMENT_FACILITY","PLAIN"," County Courthouse, Texas","EXACT_OR_ACCEPTABLE_APPROXIMATE","","null","PUBLIC_POI_NOT_RESIDENTIAL_EXACTNESS","null","null","null","null","null","null","null","null","null","null","null","null","null","null","PLAN ONLY — execute in an approved owner browser; no private address and no runtime result claimed."
"LP241-TX-48431-01","sterling","","48431","null","null","ZIP_QUALIFIED","PUBLIC_GOVERNMENT_FACILITY","INTENTIONAL_TYPO"," County Courthouse, Texas","EXACT_OR_ACCEPTABLE_APPROXIMATE","","null","PUBLIC_POI_NOT_RESIDENTIAL_EXACTNESS","null","null","null","null","null","null","null","null","null","null","null","null","null","null","PLAN ONLY — execute in an approved owner browser; no private address and no runtime result claimed."
"LP241-TX-48433-01","stonewall","","48433","null","null","CITY_QUALIFIED","PUBLIC_GOVERNMENT_FACILITY","COUNTY_ROAD_SPELLED_OUT"," County Courthouse, Texas","EXACT_OR_ACCEPTABLE_APPROXIMATE","","null","PUBLIC_POI_NOT_RESIDENTIAL_EXACTNESS","null","null","null","null","null","null","null","null","null","null","null","null","null","null","PLAN ONLY — execute in an approved owner browser; no private address and no runtime result claimed."
"LP241-TX-48435-01","sutton","","48435","null","null","BUSINESS_POI","PUBLIC_GOVERNMENT_FACILITY","CR_ABBREVIATED"," County Courthouse, Texas","EXACT_OR_ACCEPTABLE_APPROXIMATE","","null","PUBLIC_POI_NOT_RESIDENTIAL_EXACTNESS","null","null","null","null","null","null","null","null","null","null","null","null","null","null","PLAN ONLY — execute in an approved owner browser; no private address and no runtime result claimed."
"LP241-TX-48437-01","swisher","","48437","null","null","ROAD_ONLY","PUBLIC_GOVERNMENT_FACILITY","FM_RM"," County Courthouse, Texas","EXACT_OR_ACCEPTABLE_APPROXIMATE","","null","PUBLIC_POI_NOT_RESIDENTIAL_EXACTNESS","null","null","null","null","null","null","null","null","null","null","null","null","null","null","PLAN ONLY — execute in an approved owner browser; no private address and no runtime result claimed."
"LP241-TX-48439-01","tarrant","","48439","null","null","SYNTHETIC_NO_RESULT","SYNTHETIC_NEGATIVE","SH_US","Nonexistent LP241 Test Road,  County, Texas","TRUTHFUL_NO_RESULT","","null","NO_RESULT","null","null","null","null","null","null","null","null","null","null","null","null","null","null","PLAN ONLY — execute in an approved owner browser; no private address and no runtime result claimed."
"LP241-TX-48441-01","taylor","","48441","null","null","TYPO_NORMALIZATION","PUBLIC_GOVERNMENT_FACILITY","ZIP_INCLUDED"," County Courthouse, Texas","EXACT_OR_ACCEPTABLE_APPROXIMATE","","null","PUBLIC_POI_NOT_RESIDENTIAL_EXACTNESS","null","null","null","null","null","null","null","null","null","null","null","null","null","null","PLAN ONLY — execute in an approved owner browser; no private address and no runtime result claimed."
"LP241-TX-48443-01","terrell","","48443","null","null","BOUNDARY_SENSITIVE","PUBLIC_GOVERNMENT_FACILITY","CITY_INCLUDED"," County Courthouse, Texas","EXACT_OR_ACCEPTABLE_APPROXIMATE","","null","PUBLIC_POI_NOT_RESIDENTIAL_EXACTNESS","null","null","null","null","null","null","null","null","null","null","null","null","null","null","PLAN ONLY — execute in an approved owner browser; no private address and no runtime result claimed."
"LP241-TX-48445-01","terry","","48445","null","null","UNINCORPORATED","PUBLIC_GOVERNMENT_FACILITY","PLAIN"," County Courthouse, Texas","EXACT_OR_ACCEPTABLE_APPROXIMATE","","null","PUBLIC_POI_NOT_RESIDENTIAL_EXACTNESS","null","null","null","null","null","null","null","null","null","null","null","null","null","null","PLAN ONLY — execute in an approved owner browser; no private address and no runtime result claimed."
"LP241-TX-48447-01","throckmorton","","48447","null","null","COMMON_STREET","PUBLIC_GOVERNMENT_FACILITY","INTENTIONAL_TYPO"," County Courthouse, Texas","EXACT_OR_ACCEPTABLE_APPROXIMATE","","null","PUBLIC_POI_NOT_RESIDENTIAL_EXACTNESS","null","null","null","null","null","null","null","null","null","null","null","null","null","null","PLAN ONLY — execute in an approved owner browser; no private address and no runtime result claimed."
"LP241-TX-48449-01","titus","","48449","null","null","PUBLIC_FACILITY","PUBLIC_GOVERNMENT_FACILITY","COUNTY_ROAD_SPELLED_OUT"," County Courthouse, Texas","EXACT_OR_ACCEPTABLE_APPROXIMATE","","null","PUBLIC_POI_NOT_RESIDENTIAL_EXACTNESS","null","null","null","null","null","null","null","null","null","null","null","null","null","null","PLAN ONLY — execute in an approved owner browser; no private address and no runtime result claimed."
"LP241-TX-48451-01","tom-green","","48451","null","null","COUNTY_ROAD","PUBLIC_GOVERNMENT_FACILITY","CR_ABBREVIATED"," County Courthouse, Texas","EXACT_OR_ACCEPTABLE_APPROXIMATE","","null","PUBLIC_POI_NOT_RESIDENTIAL_EXACTNESS","null","null","null","null","null","null","null","null","null","null","null","null","null","null","PLAN ONLY — execute in an approved owner browser; no private address and no runtime result claimed."
"LP241-TX-48453-01","travis","","48453","null","null","CR_ABBREVIATION","PUBLIC_GOVERNMENT_FACILITY","FM_RM"," County Courthouse, Texas","EXACT_OR_ACCEPTABLE_APPROXIMATE","","null","PUBLIC_POI_NOT_RESIDENTIAL_EXACTNESS","null","null","null","null","null","null","null","null","null","null","null","null","null","null","PLAN ONLY — execute in an approved owner browser; no private address and no runtime result claimed."
"LP241-TX-48455-01","trinity","","48455","null","null","FM_RM_ROAD","PUBLIC_GOVERNMENT_FACILITY","SH_US"," County Courthouse, Texas","EXACT_OR_ACCEPTABLE_APPROXIMATE","","null","PUBLIC_POI_NOT_RESIDENTIAL_EXACTNESS","null","null","null","null","null","null","null","null","null","null","null","null","null","null","PLAN ONLY — execute in an approved owner browser; no private address and no runtime result claimed."
"LP241-TX-48457-01","tyler","","48457","null","null","SH_US_HIGHWAY","PUBLIC_GOVERNMENT_FACILITY","ZIP_INCLUDED"," County Courthouse, Texas","EXACT_OR_ACCEPTABLE_APPROXIMATE","","null","PUBLIC_POI_NOT_RESIDENTIAL_EXACTNESS","null","null","null","null","null","null","null","null","null","null","null","null","null","null","PLAN ONLY — execute in an approved owner browser; no private address and no runtime result claimed."
"LP241-TX-48459-01","upshur","","48459","null","null","ZIP_QUALIFIED","PUBLIC_GOVERNMENT_FACILITY","CITY_INCLUDED"," County Courthouse, Texas","EXACT_OR_ACCEPTABLE_APPROXIMATE","","null","PUBLIC_POI_NOT_RESIDENTIAL_EXACTNESS","null","null","null","null","null","null","null","null","null","null","null","null","null","null","PLAN ONLY — execute in an approved owner browser; no private address and no runtime result claimed."
"LP241-TX-48461-01","upton","","48461","null","null","CITY_QUALIFIED","PUBLIC_GOVERNMENT_FACILITY","PLAIN"," County Courthouse, Texas","EXACT_OR_ACCEPTABLE_APPROXIMATE","","null","PUBLIC_POI_NOT_RESIDENTIAL_EXACTNESS","null","null","null","null","null","null","null","null","null","null","null","null","null","null","PLAN ONLY — execute in an approved owner browser; no private address and no runtime result claimed."
"LP241-TX-48463-01","uvalde","","48463","null","null","BUSINESS_POI","PUBLIC_GOVERNMENT_FACILITY","INTENTIONAL_TYPO"," County Courthouse, Texas","EXACT_OR_ACCEPTABLE_APPROXIMATE","","null","PUBLIC_POI_NOT_RESIDENTIAL_EXACTNESS","null","null","null","null","null","null","null","null","null","null","null","null","null","null","PLAN ONLY — execute in an approved owner browser; no private address and no runtime result claimed."
"LP241-TX-48465-01","val-verde","","48465","null","null","ROAD_ONLY","PUBLIC_GOVERNMENT_FACILITY","COUNTY_ROAD_SPELLED_OUT"," County Courthouse, Texas","EXACT_OR_ACCEPTABLE_APPROXIMATE","","null","PUBLIC_POI_NOT_RESIDENTIAL_EXACTNESS","null","null","null","null","null","null","null","null","null","null","null","null","null","null","PLAN ONLY — execute in an approved owner browser; no private address and no runtime result claimed."
"LP241-TX-48467-01","van-zandt","","48467","null","null","SYNTHETIC_NO_RESULT","SYNTHETIC_NEGATIVE","CR_ABBREVIATED","Nonexistent LP241 Test Road,  County, Texas","TRUTHFUL_NO_RESULT","","null","NO_RESULT","null","null","null","null","null","null","null","null","null","null","null","null","null","null","PLAN ONLY — execute in an approved owner browser; no private address and no runtime result claimed."
"LP241-TX-48469-01","victoria","","48469","null","null","TYPO_NORMALIZATION","PUBLIC_GOVERNMENT_FACILITY","FM_RM"," County Courthouse, Texas","EXACT_OR_ACCEPTABLE_APPROXIMATE","","null","PUBLIC_POI_NOT_RESIDENTIAL_EXACTNESS","null","null","null","null","null","null","null","null","null","null","null","null","null","null","PLAN ONLY — execute in an approved owner browser; no private address and no runtime result claimed."
"LP241-TX-48471-01","walker","","48471","null","null","BOUNDARY_SENSITIVE","PUBLIC_GOVERNMENT_FACILITY","SH_US"," County Courthouse, Texas","EXACT_OR_ACCEPTABLE_APPROXIMATE","","null","PUBLIC_POI_NOT_RESIDENTIAL_EXACTNESS","null","null","null","null","null","null","null","null","null","null","null","null","null","null","PLAN ONLY — execute in an approved owner browser; no private address and no runtime result claimed."
"LP241-TX-48473-01","waller","","48473","null","null","UNINCORPORATED","PUBLIC_GOVERNMENT_FACILITY","ZIP_INCLUDED"," County Courthouse, Texas","EXACT_OR_ACCEPTABLE_APPROXIMATE","","null","PUBLIC_POI_NOT_RESIDENTIAL_EXACTNESS","null","null","null","null","null","null","null","null","null","null","null","null","null","null","PLAN ONLY — execute in an approved owner browser; no private address and no runtime result claimed."
"LP241-TX-48475-01","ward","","48475","null","null","COMMON_STREET","PUBLIC_GOVERNMENT_FACILITY","CITY_INCLUDED"," County Courthouse, Texas","EXACT_OR_ACCEPTABLE_APPROXIMATE","","null","PUBLIC_POI_NOT_RESIDENTIAL_EXACTNESS","null","null","null","null","null","null","null","null","null","null","null","null","null","null","PLAN ONLY — execute in an approved owner browser; no private address and no runtime result claimed."
"LP241-TX-48477-01","washington","","48477","null","null","PUBLIC_FACILITY","PUBLIC_GOVERNMENT_FACILITY","PLAIN"," County Courthouse, Texas","EXACT_OR_ACCEPTABLE_APPROXIMATE","","null","PUBLIC_POI_NOT_RESIDENTIAL_EXACTNESS","null","null","null","null","null","null","null","null","null","null","null","null","null","null","PLAN ONLY — execute in an approved owner browser; no private address and no runtime result claimed."
"LP241-TX-48479-01","webb","","48479","null","null","COUNTY_ROAD","PUBLIC_GOVERNMENT_FACILITY","INTENTIONAL_TYPO"," County Courthouse, Texas","EXACT_OR_ACCEPTABLE_APPROXIMATE","","null","PUBLIC_POI_NOT_RESIDENTIAL_EXACTNESS","null","null","null","null","null","null","null","null","null","null","null","null","null","null","PLAN ONLY — execute in an approved owner browser; no private address and no runtime result claimed."
"LP241-TX-48481-01","wharton","","48481","null","null","CR_ABBREVIATION","PUBLIC_GOVERNMENT_FACILITY","COUNTY_ROAD_SPELLED_OUT"," County Courthouse, Texas","EXACT_OR_ACCEPTABLE_APPROXIMATE","","null","PUBLIC_POI_NOT_RESIDENTIAL_EXACTNESS","null","null","null","null","null","null","null","null","null","null","null","null","null","null","PLAN ONLY — execute in an approved owner browser; no private address and no runtime result claimed."
"LP241-TX-48483-01","wheeler","","48483","null","null","FM_RM_ROAD","PUBLIC_GOVERNMENT_FACILITY","CR_ABBREVIATED"," County Courthouse, Texas","EXACT_OR_ACCEPTABLE_APPROXIMATE","","null","PUBLIC_POI_NOT_RESIDENTIAL_EXACTNESS","null","null","null","null","null","null","null","null","null","null","null","null","null","null","PLAN ONLY — execute in an approved owner browser; no private address and no runtime result claimed."
"LP241-TX-48485-01","wichita","","48485","null","null","SH_US_HIGHWAY","PUBLIC_GOVERNMENT_FACILITY","FM_RM"," County Courthouse, Texas","EXACT_OR_ACCEPTABLE_APPROXIMATE","","null","PUBLIC_POI_NOT_RESIDENTIAL_EXACTNESS","null","null","null","null","null","null","null","null","null","null","null","null","null","null","PLAN ONLY — execute in an approved owner browser; no private address and no runtime result claimed."
"LP241-TX-48487-01","wilbarger","","48487","null","null","ZIP_QUALIFIED","PUBLIC_GOVERNMENT_FACILITY","SH_US"," County Courthouse, Texas","EXACT_OR_ACCEPTABLE_APPROXIMATE","","null","PUBLIC_POI_NOT_RESIDENTIAL_EXACTNESS","null","null","null","null","null","null","null","null","null","null","null","null","null","null","PLAN ONLY — execute in an approved owner browser; no private address and no runtime result claimed."
"LP241-TX-48489-01","willacy","","48489","null","null","CITY_QUALIFIED","PUBLIC_GOVERNMENT_FACILITY","ZIP_INCLUDED"," County Courthouse, Texas","EXACT_OR_ACCEPTABLE_APPROXIMATE","","null","PUBLIC_POI_NOT_RESIDENTIAL_EXACTNESS","null","null","null","null","null","null","null","null","null","null","null","null","null","null","PLAN ONLY — execute in an approved owner browser; no private address and no runtime result claimed."
"LP241-TX-48491-01","williamson","","48491","null","null","BUSINESS_POI","PUBLIC_GOVERNMENT_FACILITY","CITY_INCLUDED"," County Courthouse, Texas","EXACT_OR_ACCEPTABLE_APPROXIMATE","","null","PUBLIC_POI_NOT_RESIDENTIAL_EXACTNESS","null","null","null","null","null","null","null","null","null","null","null","null","null","null","PLAN ONLY — execute in an approved owner browser; no private address and no runtime result claimed."
"LP241-TX-48493-01","wilson","","48493","null","null","ROAD_ONLY","PUBLIC_GOVERNMENT_FACILITY","PLAIN"," County Courthouse, Texas","EXACT_OR_ACCEPTABLE_APPROXIMATE","","null","PUBLIC_POI_NOT_RESIDENTIAL_EXACTNESS","null","null","null","null","null","null","null","null","null","null","null","null","null","null","PLAN ONLY — execute in an approved owner browser; no private address and no runtime result claimed."
"LP241-TX-48495-01","winkler","","48495","null","null","SYNTHETIC_NO_RESULT","SYNTHETIC_NEGATIVE","INTENTIONAL_TYPO","Nonexistent LP241 Test Road,  County, Texas","TRUTHFUL_NO_RESULT","","null","NO_RESULT","null","null","null","null","null","null","null","null","null","null","null","null","null","null","PLAN ONLY — execute in an approved owner browser; no private address and no runtime result claimed."
"LP241-TX-48497-01","wise","","48497","null","null","TYPO_NORMALIZATION","PUBLIC_GOVERNMENT_FACILITY","COUNTY_ROAD_SPELLED_OUT"," County Courthouse, Texas","EXACT_OR_ACCEPTABLE_APPROXIMATE","","null","PUBLIC_POI_NOT_RESIDENTIAL_EXACTNESS","null","null","null","null","null","null","null","null","null","null","null","null","null","null","PLAN ONLY — execute in an approved owner browser; no private address and no runtime result claimed."
"LP241-TX-48499-01","wood","","48499","null","null","BOUNDARY_SENSITIVE","PUBLIC_GOVERNMENT_FACILITY","CR_ABBREVIATED"," County Courthouse, Texas","EXACT_OR_ACCEPTABLE_APPROXIMATE","","null","PUBLIC_POI_NOT_RESIDENTIAL_EXACTNESS","null","null","null","null","null","null","null","null","null","null","null","null","null","null","PLAN ONLY — execute in an approved owner browser; no private address and no runtime result claimed."
"LP241-TX-48501-01","yoakum","","48501","null","null","UNINCORPORATED","PUBLIC_GOVERNMENT_FACILITY","FM_RM"," County Courthouse, Texas","EXACT_OR_ACCEPTABLE_APPROXIMATE","","null","PUBLIC_POI_NOT_RESIDENTIAL_EXACTNESS","null","null","null","null","null","null","null","null","null","null","null","null","null","null","PLAN ONLY — execute in an approved owner browser; no private address and no runtime result claimed."
"LP241-TX-48503-01","young","","48503","null","null","COMMON_STREET","PUBLIC_GOVERNMENT_FACILITY","SH_US"," County Courthouse, Texas","EXACT_OR_ACCEPTABLE_APPROXIMATE","","null","PUBLIC_POI_NOT_RESIDENTIAL_EXACTNESS","null","null","null","null","null","null","null","null","null","null","null","null","null","null","PLAN ONLY — execute in an approved owner browser; no private address and no runtime result claimed."
"LP241-TX-48505-01","zapata","","48505","null","null","PUBLIC_FACILITY","PUBLIC_GOVERNMENT_FACILITY","ZIP_INCLUDED"," County Courthouse, Texas","EXACT_OR_ACCEPTABLE_APPROXIMATE","","null","PUBLIC_POI_NOT_RESIDENTIAL_EXACTNESS","null","null","null","null","null","null","null","null","null","null","null","null","null","null","PLAN ONLY — execute in an approved owner browser; no private address and no runtime result claimed."
"LP241-TX-48507-01","zavala","","48507","null","null","COUNTY_ROAD","PUBLIC_GOVERNMENT_FACILITY","CITY_INCLUDED"," County Courthouse, Texas","EXACT_OR_ACCEPTABLE_APPROXIMATE","","null","PUBLIC_POI_NOT_RESIDENTIAL_EXACTNESS","null","null","null","null","null","null","null","null","null","null","null","null","null","null","PLAN ONLY — execute in an approved owner browser; no private address and no runtime result claimed."
