{
  "type": "FeatureCollection",
  "features": [
    {
      "type": "Feature",
      "id": 200480,
      "geometry": {
        "type": "Point",
        "coordinates": [
          -97.5048453002433,
          28.0389023001967
        ]
      },
      "properties": {
        "OBJECTID": 200480,
        "CROSSING": "848257F",
        "EFFDATE": 1776902400000,
        "REASON": "14",
        "StateCode": "48",
        "CountyCode": "48409",
        "STCYFIPS": "48409",
        "CITYCD": "484096400",
        "RAILROAD": "UP",
        "RRDIV": "GULF COAST",
        "RRSUBDIV": "BROWNSVILLE SUB",
        "HIGHWAY": "LS0000",
        "STREET": "FULTON STREET",
        "TTSTN": "688840",
        "MILEPOST": "0162.280",
        "TYPEXING": "Public",
        "POSXING": "At Grade",
        "PRVCAT": "14",
        "INIT": "2",
        "LATITUDE": 28.0389023,
        "LONGITUD": -97.5048453,
        "LLSOURCE": "1",
        "WHISTBAN": "0",
        "RRCONT": "4025443721",
        "POLCONT": "8008488715",
        "INV_LINK": "https://safetydata.fra.dot.gov/OfficeofSafety/PublicSite/Crossing/Crossing.aspx?phasetype=C&rpttype=I&txtcrossingnum=848257F",
        "ACC_LINK": "https://safetydata.fra.dot.gov/OfficeofSafety/PublicSite/Crossing/Crossing.aspx?phasetype=C&rpttype=A&txtcrossingnum=848257F",
        "TTSTNNAM": "",
        "XPURPOSE": "1",
        "OPERATINGR": "UP",
        "OPERATIN_1": "Primary",
        "DAYTHRU": 9,
        "NGHTTHRU": 9,
        "MAINTRK": 1,
        "SIDINGTRK": 0,
        "YARDTRK": 0,
        "TRANSITTRK": 0,
        "INDUSTRYTR": 0,
        "OTHRTRK": 2,
        "WDCODE": "All other Gates",
        "REVISIONDA": "1975/01/01 00:00:00",
        "LASTUPDATE": "4/23/2026",
        "AADT": "641",
        "AADTYEAR": "2021",
        "STATENAME": "TEXAS",
        "STATEAB": "TX",
        "COUNTYNAME": "SAN PATRICIO",
        "CITYNAME": "SINTON",
        "LATDD": 28.0389023,
        "LONGDD": -97.5048453,
        "gridlyProductionCertified": true,
        "gridlyClassification": "PUBLIC_ROADWAY",
        "gridlyDisplayName": "FULTON STREET",
        "gridlyId": "FRA-848257F"
      }
    },
    {
      "type": "Feature",
      "id": 200481,
      "geometry": {
        "type": "Point",
        "coordinates": [
          -97.2913077002183,
          27.9207414001431
        ]
      },
      "properties": {
        "OBJECTID": 200481,
        "CROSSING": "746416C",
        "EFFDATE": 1775174400000,
        "REASON": "14",
        "StateCode": "48",
        "CountyCode": "48409",
        "STCYFIPS": "48409",
        "CITYCD": "484092871",
        "RAILROAD": "UP",
        "RRDIV": "HOUSTON",
        "RRSUBDIV": "Kosmos Ind Ld",
        "HIGHWAY": "FM3284",
        "STREET": "FM3284 / GREGORY AVENUE",
        "TTSTN": "688875",
        "MILEPOST": "0015.420",
        "TYPEXING": "Public",
        "POSXING": "At Grade",
        "PRVCAT": "14",
        "INIT": "2",
        "LATITUDE": 27.9207414,
        "LONGITUD": -97.2913077,
        "LLSOURCE": "1",
        "WHISTBAN": "0",
        "RRCONT": "4025443721",
        "POLCONT": "8008488715",
        "INV_LINK": "https://safetydata.fra.dot.gov/OfficeofSafety/PublicSite/Crossing/Crossing.aspx?phasetype=C&rpttype=I&txtcrossingnum=746416C",
        "ACC_LINK": "https://safetydata.fra.dot.gov/OfficeofSafety/PublicSite/Crossing/Crossing.aspx?phasetype=C&rpttype=A&txtcrossingnum=746416C",
        "TTSTNNAM": "",
        "XPURPOSE": "1",
        "OPERATINGR": "UP",
        "OPERATIN_1": "Primary",
        "DAYTHRU": 0,
        "NGHTTHRU": 0,
        "MAINTRK": 0,
        "SIDINGTRK": 0,
        "YARDTRK": 1,
        "TRANSITTRK": 0,
        "INDUSTRYTR": 0,
        "OTHRTRK": 0,
        "WDCODE": "All other Gates",
        "REVISIONDA": "1975/01/01 00:00:00",
        "LASTUPDATE": "4/3/2026",
        "AADT": "2669",
        "AADTYEAR": "2024",
        "STATENAME": "TEXAS",
        "STATEAB": "TX",
        "COUNTYNAME": "SAN PATRICIO",
        "CITYNAME": "GREGORY",
        "LATDD": 27.9207414,
        "LONGDD": -97.2913077,
        "gridlyProductionCertified": true,
        "gridlyClassification": "PUBLIC_ROADWAY",
        "gridlyDisplayName": "FM3284 / GREGORY AVENUE",
        "gridlyId": "FRA-746416C"
      }
    },
    {
      "type": "Feature",
      "id": 201105,
      "geometry": {
        "type": "Point",
        "coordinates": [
          -97.2602599998078,
          27.8956490002989
        ]
      },
      "properties": {
        "OBJECTID": 201105,
        "CROSSING": "746285B",
        "EFFDATE": 1521417600000,
        "REASON": "21",
        "StateCode": "48",
        "CountyCode": "48409",
        "STCYFIPS": "48409",
        "CITYCD": "484092871",
        "RAILROAD": "UNK",
        "RRDIV": "HOUSTON",
        "RRSUBDIV": "Kosmos Ind Ld",
        "HIGHWAY": "PRIVATE",
        "STREET": "PRIVATE INDUSTRY REYNOLDS ALUMINUM",
        "TTSTN": "688875",
        "MILEPOST": "0018.230",
        "TYPEXING": "Private",
        "POSXING": "At Grade",
        "PRVCAT": "21",
        "INIT": "4",
        "LATITUDE": 27.895649,
        "LONGITUD": -97.26026,
        "LLSOURCE": "1",
        "WHISTBAN": "0",
        "RRCONT": "4025443721",
        "POLCONT": "8008488715",
        "INV_LINK": "https://safetydata.fra.dot.gov/OfficeofSafety/PublicSite/Crossing/Crossing.aspx?phasetype=C&rpttype=I&txtcrossingnum=746285B",
        "ACC_LINK": "https://safetydata.fra.dot.gov/OfficeofSafety/PublicSite/Crossing/Crossing.aspx?phasetype=C&rpttype=A&txtcrossingnum=746285B",
        "TTSTNNAM": "",
        "XPURPOSE": "1",
        "OPERATINGR": "UNK",
        "OPERATIN_1": "Primary",
        "DAYTHRU": 4,
        "NGHTTHRU": 0,
        "MAINTRK": 0,
        "SIDINGTRK": 0,
        "YARDTRK": 1,
        "TRANSITTRK": 0,
        "INDUSTRYTR": 0,
        "OTHRTRK": 0,
        "WDCODE": "",
        "REVISIONDA": "2017/11/14 00:00:00",
        "LASTUPDATE": "3/19/2018",
        "AADT": "1",
        "AADTYEAR": "1970",
        "STATENAME": "TEXAS",
        "STATEAB": "TX",
        "COUNTYNAME": "SAN PATRICIO",
        "CITYNAME": "GREGORY",
        "LATDD": 27.895649,
        "LONGDD": -97.26026,
        "gridlyProductionCertified": true,
        "gridlyClassification": "PUBLIC_ROADWAY",
        "gridlyDisplayName": "PRIVATE INDUSTRY REYNOLDS ALUMINUM",
        "gridlyId": "FRA-746285B"
      }
    },
    {
      "type": "Feature",
      "id": 201711,
      "geometry": {
        "type": "Point",
        "coordinates": [
          -97.4982424996487,
          28.0305797996606
        ]
      },
      "properties": {
        "OBJECTID": 201711,
        "CROSSING": "746385F",
        "EFFDATE": 1774828800000,
        "REASON": "14",
        "StateCode": "48",
        "CountyCode": "48409",
        "STCYFIPS": "48409",
        "CITYCD": "484096400",
        "RAILROAD": "UP",
        "RRDIV": "HOUSTON",
        "RRSUBDIV": "Kosmos Ind Ld",
        "HIGHWAY": "LS0000",
        "STREET": "4TH STREET",
        "TTSTN": "688840",
        "MILEPOST": "0000.680",
        "TYPEXING": "Public",
        "POSXING": "At Grade",
        "PRVCAT": "14",
        "INIT": "2",
        "LATITUDE": 28.0305798,
        "LONGITUD": -97.4982425,
        "LLSOURCE": "1",
        "WHISTBAN": "0",
        "RRCONT": "4025443721",
        "POLCONT": "8008488715",
        "INV_LINK": "https://safetydata.fra.dot.gov/OfficeofSafety/PublicSite/Crossing/Crossing.aspx?phasetype=C&rpttype=I&txtcrossingnum=746385F",
        "ACC_LINK": "https://safetydata.fra.dot.gov/OfficeofSafety/PublicSite/Crossing/Crossing.aspx?phasetype=C&rpttype=A&txtcrossingnum=746385F",
        "TTSTNNAM": "",
        "XPURPOSE": "1",
        "OPERATINGR": "UP",
        "OPERATIN_1": "Primary",
        "DAYTHRU": 0,
        "NGHTTHRU": 0,
        "MAINTRK": 0,
        "SIDINGTRK": 0,
        "YARDTRK": 0,
        "TRANSITTRK": 0,
        "INDUSTRYTR": 1,
        "OTHRTRK": 0,
        "WDCODE": "All other Gates",
        "REVISIONDA": "1975/01/01 00:00:00",
        "LASTUPDATE": "3/30/2026",
        "AADT": "1430",
        "AADTYEAR": "2021",
        "STATENAME": "TEXAS",
        "STATEAB": "TX",
        "COUNTYNAME": "SAN PATRICIO",
        "CITYNAME": "SINTON",
        "LATDD": 28.0305798,
        "LONGDD": -97.4982425,
        "gridlyProductionCertified": true,
        "gridlyClassification": "PUBLIC_ROADWAY",
        "gridlyDisplayName": "4TH STREET",
        "gridlyId": "FRA-746385F"
      }
    },
    {
      "type": "Feature",
      "id": 201712,
      "geometry": {
        "type": "Point",
        "coordinates": [
          -97.4925054998165,
          28.0275933998416
        ]
      },
      "properties": {
        "OBJECTID": 201712,
        "CROSSING": "746386M",
        "EFFDATE": 1774828800000,
        "REASON": "14",
        "StateCode": "48",
        "CountyCode": "48409",
        "STCYFIPS": "48409",
        "CITYCD": "484096400",
        "RAILROAD": "UP",
        "RRDIV": "HOUSTON",
        "RRSUBDIV": "Kosmos Ind Ld",
        "HIGHWAY": "CR0000",
        "STREET": "EAST 5TH STREET",
        "TTSTN": "688840",
        "MILEPOST": "0001.080",
        "TYPEXING": "Public",
        "POSXING": "At Grade",
        "PRVCAT": "14",
        "INIT": "2",
        "LATITUDE": 28.0275934,
        "LONGITUD": -97.4925055,
        "LLSOURCE": "1",
        "WHISTBAN": "0",
        "RRCONT": "4025443721",
        "POLCONT": "8008488715",
        "INV_LINK": "https://safetydata.fra.dot.gov/OfficeofSafety/PublicSite/Crossing/Crossing.aspx?phasetype=C&rpttype=I&txtcrossingnum=746386M",
        "ACC_LINK": "https://safetydata.fra.dot.gov/OfficeofSafety/PublicSite/Crossing/Crossing.aspx?phasetype=C&rpttype=A&txtcrossingnum=746386M",
        "TTSTNNAM": "",
        "XPURPOSE": "1",
        "OPERATINGR": "UP",
        "OPERATIN_1": "Primary",
        "DAYTHRU": 0,
        "NGHTTHRU": 0,
        "MAINTRK": 0,
        "SIDINGTRK": 0,
        "YARDTRK": 0,
        "TRANSITTRK": 0,
        "INDUSTRYTR": 1,
        "OTHRTRK": 0,
        "WDCODE": "Crossbucks",
        "REVISIONDA": "1975/01/01 00:00:00",
        "LASTUPDATE": "3/30/2026",
        "AADT": "179",
        "AADTYEAR": "2019",
        "STATENAME": "TEXAS",
        "STATEAB": "TX",
        "COUNTYNAME": "SAN PATRICIO",
        "CITYNAME": "SINTON",
        "LATDD": 28.0275934,
        "LONGDD": -97.4925055,
        "gridlyProductionCertified": true,
        "gridlyClassification": "PUBLIC_ROADWAY",
        "gridlyDisplayName": "EAST 5TH STREET",
        "gridlyId": "FRA-746386M"
      }
    },
    {
      "type": "Feature",
      "id": 202014,
      "geometry": {
        "type": "Point",
        "coordinates": [
          -97.1546872998588,
          27.8855918000694
        ]
      },
      "properties": {
        "OBJECTID": 202014,
        "CROSSING": "748430E",
        "EFFDATE": 1775779200000,
        "REASON": "14",
        "StateCode": "48",
        "CountyCode": "48409",
        "STCYFIPS": "48409",
        "CITYCD": "484090240",
        "RAILROAD": "UP",
        "RRDIV": "HOUSTON",
        "RRSUBDIV": "Kosmos Ind Ld",
        "HIGHWAY": "LS0000",
        "STREET": "EAST JOHNSON AVENUE",
        "TTSTN": "688867",
        "MILEPOST": "0024.930",
        "TYPEXING": "Public",
        "POSXING": "At Grade",
        "PRVCAT": "14",
        "INIT": "2",
        "LATITUDE": 27.8855918,
        "LONGITUD": -97.1546873,
        "LLSOURCE": "1",
        "WHISTBAN": "0",
        "RRCONT": "4025443721",
        "POLCONT": "8008488715",
        "INV_LINK": "https://safetydata.fra.dot.gov/OfficeofSafety/PublicSite/Crossing/Crossing.aspx?phasetype=C&rpttype=I&txtcrossingnum=748430E",
        "ACC_LINK": "https://safetydata.fra.dot.gov/OfficeofSafety/PublicSite/Crossing/Crossing.aspx?phasetype=C&rpttype=A&txtcrossingnum=748430E",
        "TTSTNNAM": "",
        "XPURPOSE": "1",
        "OPERATINGR": "UP",
        "OPERATIN_1": "Primary",
        "DAYTHRU": 0,
        "NGHTTHRU": 0,
        "MAINTRK": 0,
        "SIDINGTRK": 0,
        "YARDTRK": 0,
        "TRANSITTRK": 0,
        "INDUSTRYTR": 1,
        "OTHRTRK": 0,
        "WDCODE": "Crossbucks",
        "REVISIONDA": "1975/01/01 00:00:00",
        "LASTUPDATE": "4/10/2026",
        "AADT": "50",
        "AADTYEAR": "1980",
        "STATENAME": "TEXAS",
        "STATEAB": "TX",
        "COUNTYNAME": "SAN PATRICIO",
        "CITYNAME": "ARANSAS PASS",
        "LATDD": 27.8855918,
        "LONGDD": -97.1546873,
        "gridlyProductionCertified": true,
        "gridlyClassification": "PUBLIC_ROADWAY",
        "gridlyDisplayName": "EAST JOHNSON AVENUE",
        "gridlyId": "FRA-748430E"
      }
    },
    {
      "type": "Feature",
      "id": 202015,
      "geometry": {
        "type": "Point",
        "coordinates": [
          -97.2032050002319,
          27.876447999944
        ]
      },
      "properties": {
        "OBJECTID": 202015,
        "CROSSING": "748438J",
        "EFFDATE": 1775779200000,
        "REASON": "14",
        "StateCode": "48",
        "CountyCode": "48409",
        "STCYFIPS": "48409",
        "CITYCD": "484093380",
        "RAILROAD": "UP",
        "RRDIV": "HOUSTON",
        "RRSUBDIV": "Kosmos Ind Ld",
        "HIGHWAY": "ST 0000",
        "STREET": "AVENUE J",
        "TTSTN": "688875",
        "MILEPOST": "0021.570",
        "TYPEXING": "Public",
        "POSXING": "At Grade",
        "PRVCAT": "14",
        "INIT": "2",
        "LATITUDE": 27.876448,
        "LONGITUD": -97.203205,
        "LLSOURCE": "1",
        "WHISTBAN": "0",
        "RRCONT": "4025443721",
        "POLCONT": "8008488715",
        "INV_LINK": "https://safetydata.fra.dot.gov/OfficeofSafety/PublicSite/Crossing/Crossing.aspx?phasetype=C&rpttype=I&txtcrossingnum=748438J",
        "ACC_LINK": "https://safetydata.fra.dot.gov/OfficeofSafety/PublicSite/Crossing/Crossing.aspx?phasetype=C&rpttype=A&txtcrossingnum=748438J",
        "TTSTNNAM": "",
        "XPURPOSE": "1",
        "OPERATINGR": "UP",
        "OPERATIN_1": "Primary",
        "DAYTHRU": 0,
        "NGHTTHRU": 0,
        "MAINTRK": 0,
        "SIDINGTRK": 0,
        "YARDTRK": 0,
        "TRANSITTRK": 0,
        "INDUSTRYTR": 1,
        "OTHRTRK": 0,
        "WDCODE": "All other Gates",
        "REVISIONDA": "1975/01/01 00:00:00",
        "LASTUPDATE": "4/10/2026",
        "AADT": "179",
        "AADTYEAR": "2019",
        "STATENAME": "TEXAS",
        "STATEAB": "TX",
        "COUNTYNAME": "SAN PATRICIO",
        "CITYNAME": "INGLESIDE",
        "LATDD": 27.876448,
        "LONGDD": -97.203205,
        "gridlyProductionCertified": true,
        "gridlyClassification": "PUBLIC_ROADWAY",
        "gridlyDisplayName": "AVENUE J",
        "gridlyId": "FRA-748438J"
      }
    },
    {
      "type": "Feature",
      "id": 202091,
      "geometry": {
        "type": "Point",
        "coordinates": [
          -97.6943303998399,
          27.976192199898
        ]
      },
      "properties": {
        "OBJECTID": 202091,
        "CROSSING": "435574T",
        "EFFDATE": 1775433600000,
        "REASON": "14",
        "StateCode": "48",
        "CountyCode": "48409",
        "STCYFIPS": "48409",
        "CITYCD": "484092125",
        "RAILROAD": "UP",
        "RRDIV": "SOUTH TEXAS",
        "RRSUBDIV": "CORPUS CHRISTI SUB",
        "HIGHWAY": "NA",
        "STREET": "Private - Edroy Coop",
        "TTSTN": "688895",
        "MILEPOST": "0125.030",
        "TYPEXING": "Private",
        "POSXING": "At Grade",
        "PRVCAT": "14",
        "INIT": "1",
        "LATITUDE": 27.9761922,
        "LONGITUD": -97.6943304,
        "LLSOURCE": "1",
        "WHISTBAN": "0",
        "RRCONT": "4025443721",
        "POLCONT": "8008488715",
        "INV_LINK": "https://safetydata.fra.dot.gov/OfficeofSafety/PublicSite/Crossing/Crossing.aspx?phasetype=C&rpttype=I&txtcrossingnum=435574T",
        "ACC_LINK": "https://safetydata.fra.dot.gov/OfficeofSafety/PublicSite/Crossing/Crossing.aspx?phasetype=C&rpttype=A&txtcrossingnum=435574T",
        "TTSTNNAM": "",
        "XPURPOSE": "1",
        "OPERATINGR": "UP",
        "OPERATIN_1": "Primary",
        "DAYTHRU": 1,
        "NGHTTHRU": 1,
        "MAINTRK": 1,
        "SIDINGTRK": 0,
        "YARDTRK": 0,
        "TRANSITTRK": 0,
        "INDUSTRYTR": 0,
        "OTHRTRK": 0,
        "WDCODE": "",
        "REVISIONDA": "1975/01/01 00:00:00",
        "LASTUPDATE": "4/6/2026",
        "AADT": "1",
        "AADTYEAR": "1970",
        "STATENAME": "TEXAS",
        "STATEAB": "TX",
        "COUNTYNAME": "SAN PATRICIO",
        "CITYNAME": "EDROY",
        "LATDD": 27.9761922,
        "LONGDD": -97.6943304,
        "gridlyProductionCertified": true,
        "gridlyClassification": "PUBLIC_ROADWAY",
        "gridlyDisplayName": "Private - Edroy Coop",
        "gridlyId": "FRA-435574T"
      }
    },
    {
      "type": "Feature",
      "id": 202092,
      "geometry": {
        "type": "Point",
        "coordinates": [
          -97.6862878001691,
          27.9749324003704
        ]
      },
      "properties": {
        "OBJECTID": 202092,
        "CROSSING": "435573L",
        "EFFDATE": 1775433600000,
        "REASON": "14",
        "StateCode": "48",
        "CountyCode": "48409",
        "STCYFIPS": "48409",
        "CITYCD": "484092125",
        "RAILROAD": "UP",
        "RRDIV": "South Texas",
        "RRSUBDIV": "Corpus Christi Sub",
        "HIGHWAY": "CR1525",
        "STREET": "CR 1525",
        "TTSTN": "688895",
        "MILEPOST": "0125.500",
        "TYPEXING": "Public",
        "POSXING": "At Grade",
        "PRVCAT": "14",
        "INIT": "1",
        "LATITUDE": 27.9749324,
        "LONGITUD": -97.6862878,
        "LLSOURCE": "1",
        "WHISTBAN": "0",
        "RRCONT": "4025443721",
        "POLCONT": "8008488715",
        "INV_LINK": "https://safetydata.fra.dot.gov/OfficeofSafety/PublicSite/Crossing/Crossing.aspx?phasetype=C&rpttype=I&txtcrossingnum=435573L",
        "ACC_LINK": "https://safetydata.fra.dot.gov/OfficeofSafety/PublicSite/Crossing/Crossing.aspx?phasetype=C&rpttype=A&txtcrossingnum=435573L",
        "TTSTNNAM": "",
        "XPURPOSE": "1",
        "OPERATINGR": "UP",
        "OPERATIN_1": "Primary",
        "DAYTHRU": 1,
        "NGHTTHRU": 1,
        "MAINTRK": 1,
        "SIDINGTRK": 0,
        "YARDTRK": 0,
        "TRANSITTRK": 0,
        "INDUSTRYTR": 0,
        "OTHRTRK": 0,
        "WDCODE": "Crossbucks",
        "REVISIONDA": "1975/01/01 00:00:00",
        "LASTUPDATE": "4/6/2026",
        "AADT": "58",
        "AADTYEAR": "2022",
        "STATENAME": "TEXAS",
        "STATEAB": "TX",
        "COUNTYNAME": "SAN PATRICIO",
        "CITYNAME": "EDROY",
        "LATDD": 27.9749324,
        "LONGDD": -97.6862878,
        "gridlyProductionCertified": true,
        "gridlyClassification": "PUBLIC_ROADWAY",
        "gridlyDisplayName": "CR 1525",
        "gridlyId": "FRA-435573L"
      }
    },
    {
      "type": "Feature",
      "id": 202095,
      "geometry": {
        "type": "Point",
        "coordinates": [
          -97.7724447995558,
          28.0348858001941
        ]
      },
      "properties": {
        "OBJECTID": 202095,
        "CROSSING": "435581D",
        "EFFDATE": 1775433600000,
        "REASON": "14",
        "StateCode": "48",
        "CountyCode": "48409",
        "STCYFIPS": "48409",
        "CITYCD": "484094400",
        "RAILROAD": "UP",
        "RRDIV": "SOUTH TEXAS",
        "RRSUBDIV": "CORPUS CHRISTI SUB",
        "HIGHWAY": "CR0050",
        "STREET": "CR 1168",
        "TTSTN": "688833",
        "MILEPOST": "0118.570",
        "TYPEXING": "Public",
        "POSXING": "At Grade",
        "PRVCAT": "14",
        "INIT": "1",
        "LATITUDE": 28.0348858,
        "LONGITUD": -97.7724448,
        "LLSOURCE": "1",
        "WHISTBAN": "0",
        "RRCONT": "4025443721",
        "POLCONT": "8008488715",
        "INV_LINK": "https://safetydata.fra.dot.gov/OfficeofSafety/PublicSite/Crossing/Crossing.aspx?phasetype=C&rpttype=I&txtcrossingnum=435581D",
        "ACC_LINK": "https://safetydata.fra.dot.gov/OfficeofSafety/PublicSite/Crossing/Crossing.aspx?phasetype=C&rpttype=A&txtcrossingnum=435581D",
        "TTSTNNAM": "",
        "XPURPOSE": "1",
        "OPERATINGR": "UP",
        "OPERATIN_1": "Primary",
        "DAYTHRU": 1,
        "NGHTTHRU": 1,
        "MAINTRK": 1,
        "SIDINGTRK": 0,
        "YARDTRK": 0,
        "TRANSITTRK": 0,
        "INDUSTRYTR": 0,
        "OTHRTRK": 0,
        "WDCODE": "Crossbucks",
        "REVISIONDA": "1975/01/01 00:00:00",
        "LASTUPDATE": "4/6/2026",
        "AADT": "32",
        "AADTYEAR": "2022",
        "STATENAME": "TEXAS",
        "STATEAB": "TX",
        "COUNTYNAME": "SAN PATRICIO",
        "CITYNAME": "MATHIS",
        "LATDD": 28.0348858,
        "LONGDD": -97.7724448,
        "gridlyProductionCertified": true,
        "gridlyClassification": "PUBLIC_ROADWAY",
        "gridlyDisplayName": "CR 1168",
        "gridlyId": "FRA-435581D"
      }
    },
    {
      "type": "Feature",
      "id": 202096,
      "geometry": {
        "type": "Point",
        "coordinates": [
          -97.6010678999307,
          27.9272902002447
        ]
      },
      "properties": {
        "OBJECTID": 202096,
        "CROSSING": "436031F",
        "EFFDATE": 1775433600000,
        "REASON": "14",
        "StateCode": "48",
        "CountyCode": "48409",
        "STCYFIPS": "48409",
        "CITYCD": "484095020",
        "RAILROAD": "UP",
        "RRDIV": "GULF COAST",
        "RRSUBDIV": "BROWNSVILLE SUB",
        "HIGHWAY": "CR 47",
        "STREET": "CR 47",
        "TTSTN": "688880",
        "MILEPOST": "0152.690",
        "TYPEXING": "Public",
        "POSXING": "At Grade",
        "PRVCAT": "14",
        "INIT": "1",
        "LATITUDE": 27.9272902,
        "LONGITUD": -97.6010679,
        "LLSOURCE": "1",
        "WHISTBAN": "0",
        "RRCONT": "4025443721",
        "POLCONT": "8008488715",
        "INV_LINK": "https://safetydata.fra.dot.gov/OfficeofSafety/PublicSite/Crossing/Crossing.aspx?phasetype=C&rpttype=I&txtcrossingnum=436031F",
        "ACC_LINK": "https://safetydata.fra.dot.gov/OfficeofSafety/PublicSite/Crossing/Crossing.aspx?phasetype=C&rpttype=A&txtcrossingnum=436031F",
        "TTSTNNAM": "",
        "XPURPOSE": "1",
        "OPERATINGR": "UP",
        "OPERATIN_1": "Primary",
        "DAYTHRU": 8,
        "NGHTTHRU": 8,
        "MAINTRK": 1,
        "SIDINGTRK": 0,
        "YARDTRK": 0,
        "TRANSITTRK": 0,
        "INDUSTRYTR": 0,
        "OTHRTRK": 0,
        "WDCODE": "All other Gates",
        "REVISIONDA": "1975/01/01 00:00:00",
        "LASTUPDATE": "4/6/2026",
        "AADT": "995",
        "AADTYEAR": "2021",
        "STATENAME": "TEXAS",
        "STATEAB": "TX",
        "COUNTYNAME": "SAN PATRICIO",
        "CITYNAME": "ODEM",
        "LATDD": 27.9272902,
        "LONGDD": -97.6010679,
        "gridlyProductionCertified": true,
        "gridlyClassification": "PUBLIC_ROADWAY",
        "gridlyDisplayName": "CR 47",
        "gridlyId": "FRA-436031F"
      }
    },
    {
      "type": "Feature",
      "id": 202100,
      "geometry": {
        "type": "Point",
        "coordinates": [
          -97.6769204001517,
          27.9734571000843
        ]
      },
      "properties": {
        "OBJECTID": 202100,
        "CROSSING": "435570R",
        "EFFDATE": 1775433600000,
        "REASON": "14",
        "StateCode": "48",
        "CountyCode": "48409",
        "STCYFIPS": "48409",
        "CITYCD": "484095020",
        "RAILROAD": "UP",
        "RRDIV": "SOUTH TEXAS",
        "RRSUBDIV": "CORPUS CHRISTI SUB",
        "HIGHWAY": "cr0025",
        "STREET": "CR 25",
        "TTSTN": "688895",
        "MILEPOST": "0126.070",
        "TYPEXING": "Public",
        "POSXING": "At Grade",
        "PRVCAT": "14",
        "INIT": "1",
        "LATITUDE": 27.9734571,
        "LONGITUD": -97.6769204,
        "LLSOURCE": "1",
        "WHISTBAN": "0",
        "RRCONT": "4025443721",
        "POLCONT": "8008488715",
        "INV_LINK": "https://safetydata.fra.dot.gov/OfficeofSafety/PublicSite/Crossing/Crossing.aspx?phasetype=C&rpttype=I&txtcrossingnum=435570R",
        "ACC_LINK": "https://safetydata.fra.dot.gov/OfficeofSafety/PublicSite/Crossing/Crossing.aspx?phasetype=C&rpttype=A&txtcrossingnum=435570R",
        "TTSTNNAM": "",
        "XPURPOSE": "1",
        "OPERATINGR": "UP",
        "OPERATIN_1": "Primary",
        "DAYTHRU": 1,
        "NGHTTHRU": 1,
        "MAINTRK": 1,
        "SIDINGTRK": 0,
        "YARDTRK": 0,
        "TRANSITTRK": 0,
        "INDUSTRYTR": 1,
        "OTHRTRK": 1,
        "WDCODE": "All other Gates",
        "REVISIONDA": "1975/01/01 00:00:00",
        "LASTUPDATE": "4/6/2026",
        "AADT": "431",
        "AADTYEAR": "2019",
        "STATENAME": "TEXAS",
        "STATEAB": "TX",
        "COUNTYNAME": "SAN PATRICIO",
        "CITYNAME": "ODEM",
        "LATDD": 27.9734571,
        "LONGDD": -97.6769204,
        "gridlyProductionCertified": true,
        "gridlyClassification": "PUBLIC_ROADWAY",
        "gridlyDisplayName": "CR 25",
        "gridlyId": "FRA-435570R"
      }
    },
    {
      "type": "Feature",
      "id": 202159,
      "geometry": {
        "type": "Point",
        "coordinates": [
          -97.8666887996427,
          28.1409923003122
        ]
      },
      "properties": {
        "OBJECTID": 202159,
        "CROSSING": "435602U",
        "EFFDATE": 1773014400000,
        "REASON": "14",
        "StateCode": "48",
        "CountyCode": "48409",
        "STCYFIPS": "48409",
        "CITYCD": "484094400",
        "RAILROAD": "UP",
        "RRDIV": "SOUTH TEXAS",
        "RRSUBDIV": "CORPUS CHRISTI SUB",
        "HIGHWAY": "CR0249",
        "STREET": "CR 249",
        "TTSTN": "688833",
        "MILEPOST": "0109.468",
        "TYPEXING": "Public",
        "POSXING": "At Grade",
        "PRVCAT": "14",
        "INIT": "2",
        "LATITUDE": 28.1409923,
        "LONGITUD": -97.8666888,
        "LLSOURCE": "1",
        "WHISTBAN": "0",
        "RRCONT": "4025443721",
        "POLCONT": "8008488715",
        "INV_LINK": "https://safetydata.fra.dot.gov/OfficeofSafety/PublicSite/Crossing/Crossing.aspx?phasetype=C&rpttype=I&txtcrossingnum=435602U",
        "ACC_LINK": "https://safetydata.fra.dot.gov/OfficeofSafety/PublicSite/Crossing/Crossing.aspx?phasetype=C&rpttype=A&txtcrossingnum=435602U",
        "TTSTNNAM": "",
        "XPURPOSE": "1",
        "OPERATINGR": "UP",
        "OPERATIN_1": "Primary",
        "DAYTHRU": 1,
        "NGHTTHRU": 1,
        "MAINTRK": 1,
        "SIDINGTRK": 0,
        "YARDTRK": 0,
        "TRANSITTRK": 0,
        "INDUSTRYTR": 0,
        "OTHRTRK": 0,
        "WDCODE": "All other Gates",
        "REVISIONDA": "1975/01/01 00:00:00",
        "LASTUPDATE": "3/9/2026",
        "AADT": "348",
        "AADTYEAR": "2019",
        "STATENAME": "TEXAS",
        "STATEAB": "TX",
        "COUNTYNAME": "SAN PATRICIO",
        "CITYNAME": "MATHIS",
        "LATDD": 28.1409923,
        "LONGDD": -97.8666888,
        "gridlyProductionCertified": true,
        "gridlyClassification": "PUBLIC_ROADWAY",
        "gridlyDisplayName": "CR 249",
        "gridlyId": "FRA-435602U"
      }
    },
    {
      "type": "Feature",
      "id": 202178,
      "geometry": {
        "type": "Point",
        "coordinates": [
          -97.8230908998912,
          28.0946306003177
        ]
      },
      "properties": {
        "OBJECTID": 202178,
        "CROSSING": "435586M",
        "EFFDATE": 1773014400000,
        "REASON": "14",
        "StateCode": "48",
        "CountyCode": "48409",
        "STCYFIPS": "48409",
        "CITYCD": "484094400",
        "RAILROAD": "UP",
        "RRDIV": "SOUTH TEXAS",
        "RRSUBDIV": "CORPUS CHRISTI SUB",
        "HIGHWAY": "LS0000",
        "STREET": "NORTH DUVAL STREET",
        "TTSTN": "688833",
        "MILEPOST": "0113.400",
        "TYPEXING": "Public",
        "POSXING": "At Grade",
        "PRVCAT": "14",
        "INIT": "2",
        "LATITUDE": 28.0946306,
        "LONGITUD": -97.8230909,
        "LLSOURCE": "1",
        "WHISTBAN": "0",
        "RRCONT": "4025443721",
        "POLCONT": "8008488715",
        "INV_LINK": "https://safetydata.fra.dot.gov/OfficeofSafety/PublicSite/Crossing/Crossing.aspx?phasetype=C&rpttype=I&txtcrossingnum=435586M",
        "ACC_LINK": "https://safetydata.fra.dot.gov/OfficeofSafety/PublicSite/Crossing/Crossing.aspx?phasetype=C&rpttype=A&txtcrossingnum=435586M",
        "TTSTNNAM": "",
        "XPURPOSE": "1",
        "OPERATINGR": "UP",
        "OPERATIN_1": "Primary",
        "DAYTHRU": 1,
        "NGHTTHRU": 1,
        "MAINTRK": 1,
        "SIDINGTRK": 0,
        "YARDTRK": 0,
        "TRANSITTRK": 0,
        "INDUSTRYTR": 0,
        "OTHRTRK": 1,
        "WDCODE": "All other Gates",
        "REVISIONDA": "1975/01/01 00:00:00",
        "LASTUPDATE": "3/9/2026",
        "AADT": "285",
        "AADTYEAR": "2019",
        "STATENAME": "TEXAS",
        "STATEAB": "TX",
        "COUNTYNAME": "SAN PATRICIO",
        "CITYNAME": "MATHIS",
        "LATDD": 28.0946306,
        "LONGDD": -97.8230909,
        "gridlyProductionCertified": true,
        "gridlyClassification": "PUBLIC_ROADWAY",
        "gridlyDisplayName": "NORTH DUVAL STREET",
        "gridlyId": "FRA-435586M"
      }
    },
    {
      "type": "Feature",
      "id": 202250,
      "geometry": {
        "type": "Point",
        "coordinates": [
          -97.5020550997332,
          28.0325641996474
        ]
      },
      "properties": {
        "OBJECTID": 202250,
        "CROSSING": "746384Y",
        "EFFDATE": 1774828800000,
        "REASON": "14",
        "StateCode": "48",
        "CountyCode": "48409",
        "STCYFIPS": "48409",
        "CITYCD": "484096400",
        "RAILROAD": "UP",
        "RRDIV": "HOUSTON",
        "RRSUBDIV": "Kosmos Ind Ld",
        "HIGHWAY": "LS0000",
        "STREET": "SOUTH ISLEY AVENUE",
        "TTSTN": "688840",
        "MILEPOST": "0000.440",
        "TYPEXING": "Public",
        "POSXING": "At Grade",
        "PRVCAT": "14",
        "INIT": "2",
        "LATITUDE": 28.0325642,
        "LONGITUD": -97.5020551,
        "LLSOURCE": "1",
        "WHISTBAN": "0",
        "RRCONT": "4025443721",
        "POLCONT": "8008488715",
        "INV_LINK": "https://safetydata.fra.dot.gov/OfficeofSafety/PublicSite/Crossing/Crossing.aspx?phasetype=C&rpttype=I&txtcrossingnum=746384Y",
        "ACC_LINK": "https://safetydata.fra.dot.gov/OfficeofSafety/PublicSite/Crossing/Crossing.aspx?phasetype=C&rpttype=A&txtcrossingnum=746384Y",
        "TTSTNNAM": "",
        "XPURPOSE": "1",
        "OPERATINGR": "UP",
        "OPERATIN_1": "Primary",
        "DAYTHRU": 0,
        "NGHTTHRU": 0,
        "MAINTRK": 0,
        "SIDINGTRK": 0,
        "YARDTRK": 1,
        "TRANSITTRK": 0,
        "INDUSTRYTR": 1,
        "OTHRTRK": 0,
        "WDCODE": "All other Gates",
        "REVISIONDA": "1975/01/01 00:00:00",
        "LASTUPDATE": "3/30/2026",
        "AADT": "371",
        "AADTYEAR": "2019",
        "STATENAME": "TEXAS",
        "STATEAB": "TX",
        "COUNTYNAME": "SAN PATRICIO",
        "CITYNAME": "SINTON",
        "LATDD": 28.0325642,
        "LONGDD": -97.5020551,
        "gridlyProductionCertified": true,
        "gridlyClassification": "PUBLIC_ROADWAY",
        "gridlyDisplayName": "SOUTH ISLEY AVENUE",
        "gridlyId": "FRA-746384Y"
      }
    },
    {
      "type": "Feature",
      "id": 202251,
      "geometry": {
        "type": "Point",
        "coordinates": [
          -97.4642194999655,
          28.0128510002329
        ]
      },
      "properties": {
        "OBJECTID": 202251,
        "CROSSING": "746388B",
        "EFFDATE": 1774828800000,
        "REASON": "14",
        "StateCode": "48",
        "CountyCode": "48409",
        "STCYFIPS": "48409",
        "CITYCD": "484096400",
        "RAILROAD": "UP",
        "RRDIV": "HOUSTON",
        "RRSUBDIV": "Kosmos Ind Ld",
        "HIGHWAY": "FM1074",
        "STREET": "FM1074",
        "TTSTN": "688872",
        "MILEPOST": "0003.067",
        "TYPEXING": "Public",
        "POSXING": "At Grade",
        "PRVCAT": "14",
        "INIT": "2",
        "LATITUDE": 28.012851,
        "LONGITUD": -97.4642195,
        "LLSOURCE": "1",
        "WHISTBAN": "0",
        "RRCONT": "4025443721",
        "POLCONT": "8008488715",
        "INV_LINK": "https://safetydata.fra.dot.gov/OfficeofSafety/PublicSite/Crossing/Crossing.aspx?phasetype=C&rpttype=I&txtcrossingnum=746388B",
        "ACC_LINK": "https://safetydata.fra.dot.gov/OfficeofSafety/PublicSite/Crossing/Crossing.aspx?phasetype=C&rpttype=A&txtcrossingnum=746388B",
        "TTSTNNAM": "",
        "XPURPOSE": "1",
        "OPERATINGR": "UP",
        "OPERATIN_1": "Primary",
        "DAYTHRU": 0,
        "NGHTTHRU": 0,
        "MAINTRK": 0,
        "SIDINGTRK": 0,
        "YARDTRK": 0,
        "TRANSITTRK": 0,
        "INDUSTRYTR": 1,
        "OTHRTRK": 0,
        "WDCODE": "All other Gates",
        "REVISIONDA": "1975/01/01 00:00:00",
        "LASTUPDATE": "3/30/2026",
        "AADT": "210",
        "AADTYEAR": "2024",
        "STATENAME": "TEXAS",
        "STATEAB": "TX",
        "COUNTYNAME": "SAN PATRICIO",
        "CITYNAME": "SINTON",
        "LATDD": 28.012851,
        "LONGDD": -97.4642195,
        "gridlyProductionCertified": true,
        "gridlyClassification": "PUBLIC_ROADWAY",
        "gridlyDisplayName": "FM1074",
        "gridlyId": "FRA-746388B"
      }
    },
    {
      "type": "Feature",
      "id": 202419,
      "geometry": {
        "type": "Point",
        "coordinates": [
          -97.8340867999917,
          28.1044451000647
        ]
      },
      "properties": {
        "OBJECTID": 202419,
        "CROSSING": "435594E",
        "EFFDATE": 1773014400000,
        "REASON": "14",
        "StateCode": "48",
        "CountyCode": "48409",
        "STCYFIPS": "48409",
        "CITYCD": "484094400",
        "RAILROAD": "UP",
        "RRDIV": "SOUTH TEXAS",
        "RRSUBDIV": "CORPUS CHRISTI SUB",
        "HIGHWAY": "FM3377",
        "STREET": "FM3377",
        "TTSTN": "688833",
        "MILEPOST": "0112.550",
        "TYPEXING": "Public",
        "POSXING": "At Grade",
        "PRVCAT": "14",
        "INIT": "2",
        "LATITUDE": 28.1044451,
        "LONGITUD": -97.8340868,
        "LLSOURCE": "1",
        "WHISTBAN": "0",
        "RRCONT": "4025443721",
        "POLCONT": "8008488715",
        "INV_LINK": "https://safetydata.fra.dot.gov/OfficeofSafety/PublicSite/Crossing/Crossing.aspx?phasetype=C&rpttype=I&txtcrossingnum=435594E",
        "ACC_LINK": "https://safetydata.fra.dot.gov/OfficeofSafety/PublicSite/Crossing/Crossing.aspx?phasetype=C&rpttype=A&txtcrossingnum=435594E",
        "TTSTNNAM": "",
        "XPURPOSE": "1",
        "OPERATINGR": "UP",
        "OPERATIN_1": "Primary",
        "DAYTHRU": 1,
        "NGHTTHRU": 1,
        "MAINTRK": 1,
        "SIDINGTRK": 0,
        "YARDTRK": 0,
        "TRANSITTRK": 0,
        "INDUSTRYTR": 0,
        "OTHRTRK": 0,
        "WDCODE": "All other Gates",
        "REVISIONDA": "1975/01/01 00:00:00",
        "LASTUPDATE": "3/9/2026",
        "AADT": "2013",
        "AADTYEAR": "2024",
        "STATENAME": "TEXAS",
        "STATEAB": "TX",
        "COUNTYNAME": "SAN PATRICIO",
        "CITYNAME": "MATHIS",
        "LATDD": 28.1044451,
        "LONGDD": -97.8340868,
        "gridlyProductionCertified": true,
        "gridlyClassification": "PUBLIC_ROADWAY",
        "gridlyDisplayName": "FM3377",
        "gridlyId": "FRA-435594E"
      }
    },
    {
      "type": "Feature",
      "id": 203060,
      "geometry": {
        "type": "Point",
        "coordinates": [
          -97.8585419998906,
          28.1333524001204
        ]
      },
      "properties": {
        "OBJECTID": 203060,
        "CROSSING": "435600F",
        "EFFDATE": 1773014400000,
        "REASON": "14",
        "StateCode": "48",
        "CountyCode": "48409",
        "STCYFIPS": "48409",
        "CITYCD": "484094400",
        "RAILROAD": "UP",
        "RRDIV": "SOUTH TEXAS",
        "RRSUBDIV": "CORPUS CHRISTI SUB",
        "HIGHWAY": "CR0325",
        "STREET": "COUNTY ROAD 325",
        "TTSTN": "688833",
        "MILEPOST": "0110.170",
        "TYPEXING": "Public",
        "POSXING": "At Grade",
        "PRVCAT": "14",
        "INIT": "2",
        "LATITUDE": 28.1333524,
        "LONGITUD": -97.858542,
        "LLSOURCE": "1",
        "WHISTBAN": "0",
        "RRCONT": "4025443721",
        "POLCONT": "8008488715",
        "INV_LINK": "https://safetydata.fra.dot.gov/OfficeofSafety/PublicSite/Crossing/Crossing.aspx?phasetype=C&rpttype=I&txtcrossingnum=435600F",
        "ACC_LINK": "https://safetydata.fra.dot.gov/OfficeofSafety/PublicSite/Crossing/Crossing.aspx?phasetype=C&rpttype=A&txtcrossingnum=435600F",
        "TTSTNNAM": "",
        "XPURPOSE": "1",
        "OPERATINGR": "UP",
        "OPERATIN_1": "Primary",
        "DAYTHRU": 1,
        "NGHTTHRU": 1,
        "MAINTRK": 1,
        "SIDINGTRK": 0,
        "YARDTRK": 0,
        "TRANSITTRK": 0,
        "INDUSTRYTR": 0,
        "OTHRTRK": 0,
        "WDCODE": "All other Gates",
        "REVISIONDA": "1975/01/01 00:00:00",
        "LASTUPDATE": "3/9/2026",
        "AADT": "691",
        "AADTYEAR": "2021",
        "STATENAME": "TEXAS",
        "STATEAB": "TX",
        "COUNTYNAME": "SAN PATRICIO",
        "CITYNAME": "MATHIS",
        "LATDD": 28.1333524,
        "LONGDD": -97.858542,
        "gridlyProductionCertified": true,
        "gridlyClassification": "PUBLIC_ROADWAY",
        "gridlyDisplayName": "COUNTY ROAD 325",
        "gridlyId": "FRA-435600F"
      }
    },
    {
      "type": "Feature",
      "id": 203061,
      "geometry": {
        "type": "Point",
        "coordinates": [
          -97.8295587995812,
          28.0994799001361
        ]
      },
      "properties": {
        "OBJECTID": 203061,
        "CROSSING": "435590C",
        "EFFDATE": 1773014400000,
        "REASON": "14",
        "StateCode": "48",
        "CountyCode": "48409",
        "STCYFIPS": "48409",
        "CITYCD": "484094400",
        "RAILROAD": "UP",
        "RRDIV": "SOUTH TEXAS",
        "RRSUBDIV": "CORPUS CHRISTI SUB",
        "HIGHWAY": "LS0000",
        "STREET": "FRIO STREET",
        "TTSTN": "688833",
        "MILEPOST": "0112.930",
        "TYPEXING": "Public",
        "POSXING": "At Grade",
        "PRVCAT": "14",
        "INIT": "2",
        "LATITUDE": 28.0994799,
        "LONGITUD": -97.8295588,
        "LLSOURCE": "1",
        "WHISTBAN": "0",
        "RRCONT": "4025443721",
        "POLCONT": "8008488715",
        "INV_LINK": "https://safetydata.fra.dot.gov/OfficeofSafety/PublicSite/Crossing/Crossing.aspx?phasetype=C&rpttype=I&txtcrossingnum=435590C",
        "ACC_LINK": "https://safetydata.fra.dot.gov/OfficeofSafety/PublicSite/Crossing/Crossing.aspx?phasetype=C&rpttype=A&txtcrossingnum=435590C",
        "TTSTNNAM": "",
        "XPURPOSE": "1",
        "OPERATINGR": "UP",
        "OPERATIN_1": "Primary",
        "DAYTHRU": 1,
        "NGHTTHRU": 1,
        "MAINTRK": 1,
        "SIDINGTRK": 0,
        "YARDTRK": 0,
        "TRANSITTRK": 0,
        "INDUSTRYTR": 0,
        "OTHRTRK": 1,
        "WDCODE": "All other Gates",
        "REVISIONDA": "1975/01/01 00:00:00",
        "LASTUPDATE": "3/9/2026",
        "AADT": "754",
        "AADTYEAR": "2021",
        "STATENAME": "TEXAS",
        "STATEAB": "TX",
        "COUNTYNAME": "SAN PATRICIO",
        "CITYNAME": "MATHIS",
        "LATDD": 28.0994799,
        "LONGDD": -97.8295588,
        "gridlyProductionCertified": true,
        "gridlyClassification": "PUBLIC_ROADWAY",
        "gridlyDisplayName": "FRIO STREET",
        "gridlyId": "FRA-435590C"
      }
    },
    {
      "type": "Feature",
      "id": 205338,
      "geometry": {
        "type": "Point",
        "coordinates": [
          -97.7128259003612,
          27.9791071996972
        ]
      },
      "properties": {
        "OBJECTID": 205338,
        "CROSSING": "435575A",
        "EFFDATE": 1772755200000,
        "REASON": "14",
        "StateCode": "48",
        "CountyCode": "48409",
        "STCYFIPS": "48409",
        "CITYCD": "484092125",
        "RAILROAD": "UP",
        "RRDIV": "SOUTH TEXAS",
        "RRSUBDIV": "CORPUS CHRISTI SUB",
        "HIGHWAY": "CR0021",
        "STREET": "COUNTY ROAD 21",
        "TTSTN": "688895",
        "MILEPOST": "0123.900",
        "TYPEXING": "Public",
        "POSXING": "At Grade",
        "PRVCAT": "14",
        "INIT": "2",
        "LATITUDE": 27.9791072,
        "LONGITUD": -97.7128259,
        "LLSOURCE": "1",
        "WHISTBAN": "0",
        "RRCONT": "4025443721",
        "POLCONT": "8008488715",
        "INV_LINK": "https://safetydata.fra.dot.gov/OfficeofSafety/PublicSite/Crossing/Crossing.aspx?phasetype=C&rpttype=I&txtcrossingnum=435575A",
        "ACC_LINK": "https://safetydata.fra.dot.gov/OfficeofSafety/PublicSite/Crossing/Crossing.aspx?phasetype=C&rpttype=A&txtcrossingnum=435575A",
        "TTSTNNAM": "",
        "XPURPOSE": "1",
        "OPERATINGR": "UP",
        "OPERATIN_1": "Primary",
        "DAYTHRU": 1,
        "NGHTTHRU": 1,
        "MAINTRK": 1,
        "SIDINGTRK": 0,
        "YARDTRK": 0,
        "TRANSITTRK": 0,
        "INDUSTRYTR": 0,
        "OTHRTRK": 0,
        "WDCODE": "Flashing lights",
        "REVISIONDA": "1975/01/01 00:00:00",
        "LASTUPDATE": "3/6/2026",
        "AADT": "68",
        "AADTYEAR": "2022",
        "STATENAME": "TEXAS",
        "STATEAB": "TX",
        "COUNTYNAME": "SAN PATRICIO",
        "CITYNAME": "EDROY",
        "LATDD": 27.9791072,
        "LONGDD": -97.7128259,
        "gridlyProductionCertified": true,
        "gridlyClassification": "PUBLIC_ROADWAY",
        "gridlyDisplayName": "COUNTY ROAD 21",
        "gridlyId": "FRA-435575A"
      }
    },
    {
      "type": "Feature",
      "id": 205575,
      "geometry": {
        "type": "Point",
        "coordinates": [
          -97.2332372998425,
          27.8921964997784
        ]
      },
      "properties": {
        "OBJECTID": 205575,
        "CROSSING": "746289D",
        "EFFDATE": 1773792000000,
        "REASON": "14",
        "StateCode": "48",
        "CountyCode": "48409",
        "STCYFIPS": "48409",
        "CITYCD": "484093380",
        "RAILROAD": "UP",
        "RRDIV": "HOUSTON",
        "RRSUBDIV": "Kosmos Ind Ld",
        "HIGHWAY": "CR93",
        "STREET": "MCCAMPBELL ROAD",
        "TTSTN": "688867",
        "MILEPOST": "0019.435",
        "TYPEXING": "Public",
        "POSXING": "At Grade",
        "PRVCAT": "14",
        "INIT": "2",
        "LATITUDE": 27.8921965,
        "LONGITUD": -97.2332373,
        "LLSOURCE": "1",
        "WHISTBAN": "0",
        "RRCONT": "4025443721",
        "POLCONT": "8008488715",
        "INV_LINK": "https://safetydata.fra.dot.gov/OfficeofSafety/PublicSite/Crossing/Crossing.aspx?phasetype=C&rpttype=I&txtcrossingnum=746289D",
        "ACC_LINK": "https://safetydata.fra.dot.gov/OfficeofSafety/PublicSite/Crossing/Crossing.aspx?phasetype=C&rpttype=A&txtcrossingnum=746289D",
        "TTSTNNAM": "",
        "XPURPOSE": "1",
        "OPERATINGR": "UP",
        "OPERATIN_1": "Primary",
        "DAYTHRU": 0,
        "NGHTTHRU": 0,
        "MAINTRK": 0,
        "SIDINGTRK": 0,
        "YARDTRK": 0,
        "TRANSITTRK": 0,
        "INDUSTRYTR": 1,
        "OTHRTRK": 0,
        "WDCODE": "Crossbucks",
        "REVISIONDA": "1975/01/01 00:00:00",
        "LASTUPDATE": "3/18/2026",
        "AADT": "179",
        "AADTYEAR": "2019",
        "STATENAME": "TEXAS",
        "STATEAB": "TX",
        "COUNTYNAME": "SAN PATRICIO",
        "CITYNAME": "INGLESIDE",
        "LATDD": 27.8921965,
        "LONGDD": -97.2332373,
        "gridlyProductionCertified": true,
        "gridlyClassification": "PUBLIC_ROADWAY",
        "gridlyDisplayName": "MCCAMPBELL ROAD",
        "gridlyId": "FRA-746289D"
      }
    },
    {
      "type": "Feature",
      "id": 205589,
      "geometry": {
        "type": "Point",
        "coordinates": [
          -97.2607964000336,
          27.9062437999607
        ]
      },
      "properties": {
        "OBJECTID": 205589,
        "CROSSING": "746284U",
        "EFFDATE": 1773792000000,
        "REASON": "14",
        "StateCode": "48",
        "CountyCode": "48409",
        "STCYFIPS": "48409",
        "CITYCD": "484093380",
        "RAILROAD": "UP",
        "RRDIV": "HOUSTON",
        "RRSUBDIV": "Kosmos Ind Ld",
        "HIGHWAY": "SH0361",
        "STREET": "sh0361",
        "TTSTN": "688875",
        "MILEPOST": "0017.500",
        "TYPEXING": "Public",
        "POSXING": "At Grade",
        "PRVCAT": "14",
        "INIT": "2",
        "LATITUDE": 27.9062438,
        "LONGITUD": -97.2607964,
        "LLSOURCE": "1",
        "WHISTBAN": "0",
        "RRCONT": "4025443721",
        "POLCONT": "8008488715",
        "INV_LINK": "https://safetydata.fra.dot.gov/OfficeofSafety/PublicSite/Crossing/Crossing.aspx?phasetype=C&rpttype=I&txtcrossingnum=746284U",
        "ACC_LINK": "https://safetydata.fra.dot.gov/OfficeofSafety/PublicSite/Crossing/Crossing.aspx?phasetype=C&rpttype=A&txtcrossingnum=746284U",
        "TTSTNNAM": "",
        "XPURPOSE": "1",
        "OPERATINGR": "UP",
        "OPERATIN_1": "Primary",
        "DAYTHRU": 0,
        "NGHTTHRU": 0,
        "MAINTRK": 0,
        "SIDINGTRK": 0,
        "YARDTRK": 1,
        "TRANSITTRK": 0,
        "INDUSTRYTR": 0,
        "OTHRTRK": 1,
        "WDCODE": "Flashing lights",
        "REVISIONDA": "1975/01/01 00:00:00",
        "LASTUPDATE": "3/18/2026",
        "AADT": "21500",
        "AADTYEAR": "2024",
        "STATENAME": "TEXAS",
        "STATEAB": "TX",
        "COUNTYNAME": "SAN PATRICIO",
        "CITYNAME": "INGLESIDE",
        "LATDD": 27.9062438,
        "LONGDD": -97.2607964,
        "gridlyProductionCertified": true,
        "gridlyClassification": "PUBLIC_ROADWAY",
        "gridlyDisplayName": "sh0361",
        "gridlyId": "FRA-746284U"
      }
    },
    {
      "type": "Feature",
      "id": 205873,
      "geometry": {
        "type": "Point",
        "coordinates": [
          -97.5815530002081,
          27.9498801999334
        ]
      },
      "properties": {
        "OBJECTID": 205873,
        "CROSSING": "436017K",
        "EFFDATE": 1773705600000,
        "REASON": "14",
        "StateCode": "48",
        "CountyCode": "48409",
        "STCYFIPS": "48409",
        "CITYCD": "484095020",
        "RAILROAD": "UP",
        "RRDIV": "GULF COAST",
        "RRSUBDIV": "BROWNSVILLE SUB",
        "HIGHWAY": "FM0631",
        "STREET": "FM 631",
        "TTSTN": "688880",
        "MILEPOST": "0154.540",
        "TYPEXING": "Public",
        "POSXING": "At Grade",
        "PRVCAT": "14",
        "INIT": "2",
        "LATITUDE": 27.9498802,
        "LONGITUD": -97.581553,
        "LLSOURCE": "1",
        "WHISTBAN": "0",
        "RRCONT": "4025443721",
        "POLCONT": "8008488715",
        "INV_LINK": "https://safetydata.fra.dot.gov/OfficeofSafety/PublicSite/Crossing/Crossing.aspx?phasetype=C&rpttype=I&txtcrossingnum=436017K",
        "ACC_LINK": "https://safetydata.fra.dot.gov/OfficeofSafety/PublicSite/Crossing/Crossing.aspx?phasetype=C&rpttype=A&txtcrossingnum=436017K",
        "TTSTNNAM": "",
        "XPURPOSE": "1",
        "OPERATINGR": "UP",
        "OPERATIN_1": "Primary",
        "DAYTHRU": 9,
        "NGHTTHRU": 9,
        "MAINTRK": 1,
        "SIDINGTRK": 1,
        "YARDTRK": 0,
        "TRANSITTRK": 0,
        "INDUSTRYTR": 0,
        "OTHRTRK": 2,
        "WDCODE": "All other Gates",
        "REVISIONDA": "1975/01/01 00:00:00",
        "LASTUPDATE": "3/17/2026",
        "AADT": "1945",
        "AADTYEAR": "2024",
        "STATENAME": "TEXAS",
        "STATEAB": "TX",
        "COUNTYNAME": "SAN PATRICIO",
        "CITYNAME": "ODEM",
        "LATDD": 27.9498802,
        "LONGDD": -97.581553,
        "gridlyProductionCertified": true,
        "gridlyClassification": "PUBLIC_ROADWAY",
        "gridlyDisplayName": "FM 631",
        "gridlyId": "FRA-436017K"
      }
    },
    {
      "type": "Feature",
      "id": 205874,
      "geometry": {
        "type": "Point",
        "coordinates": [
          -97.5756780002836,
          27.9566800002361
        ]
      },
      "properties": {
        "OBJECTID": 205874,
        "CROSSING": "436020T",
        "EFFDATE": 1773705600000,
        "REASON": "14",
        "StateCode": "48",
        "CountyCode": "48409",
        "STCYFIPS": "48409",
        "CITYCD": "484095020",
        "RAILROAD": "UP",
        "RRDIV": "GULF COAST",
        "RRSUBDIV": "BROWNSVILLE SUB",
        "HIGHWAY": "cr1694",
        "STREET": "CR 1694",
        "TTSTN": "",
        "MILEPOST": "0155.090",
        "TYPEXING": "Public",
        "POSXING": "At Grade",
        "PRVCAT": "14",
        "INIT": "2",
        "LATITUDE": 27.95668,
        "LONGITUD": -97.575678,
        "LLSOURCE": "1",
        "WHISTBAN": "0",
        "RRCONT": "4025443721",
        "POLCONT": "8008488715",
        "INV_LINK": "https://safetydata.fra.dot.gov/OfficeofSafety/PublicSite/Crossing/Crossing.aspx?phasetype=C&rpttype=I&txtcrossingnum=436020T",
        "ACC_LINK": "https://safetydata.fra.dot.gov/OfficeofSafety/PublicSite/Crossing/Crossing.aspx?phasetype=C&rpttype=A&txtcrossingnum=436020T",
        "TTSTNNAM": "",
        "XPURPOSE": "1",
        "OPERATINGR": "UP",
        "OPERATIN_1": "Primary",
        "DAYTHRU": 10,
        "NGHTTHRU": 9,
        "MAINTRK": 1,
        "SIDINGTRK": 1,
        "YARDTRK": 0,
        "TRANSITTRK": 0,
        "INDUSTRYTR": 0,
        "OTHRTRK": 1,
        "WDCODE": "All other Gates",
        "REVISIONDA": "1975/01/01 00:00:00",
        "LASTUPDATE": "3/17/2026",
        "AADT": "52",
        "AADTYEAR": "2019",
        "STATENAME": "TEXAS",
        "STATEAB": "TX",
        "COUNTYNAME": "SAN PATRICIO",
        "CITYNAME": "ODEM",
        "LATDD": 27.95668,
        "LONGDD": -97.575678,
        "gridlyProductionCertified": true,
        "gridlyClassification": "PUBLIC_ROADWAY",
        "gridlyDisplayName": "CR 1694",
        "gridlyId": "FRA-436020T"
      }
    },
    {
      "type": "Feature",
      "id": 205941,
      "geometry": {
        "type": "Point",
        "coordinates": [
          -97.5836473001221,
          27.9474079000166
        ]
      },
      "properties": {
        "OBJECTID": 205941,
        "CROSSING": "436029E",
        "EFFDATE": 1773705600000,
        "REASON": "14",
        "StateCode": "48",
        "CountyCode": "48409",
        "STCYFIPS": "48409",
        "CITYCD": "484095020",
        "RAILROAD": "UP",
        "RRDIV": "GULF COAST",
        "RRSUBDIV": "BROWNSVILLE SUB",
        "HIGHWAY": "LS0000",
        "STREET": "WEST WILLIS STREET",
        "TTSTN": "688880",
        "MILEPOST": "0154.360",
        "TYPEXING": "Public",
        "POSXING": "At Grade",
        "PRVCAT": "14",
        "INIT": "2",
        "LATITUDE": 27.9474079,
        "LONGITUD": -97.5836473,
        "LLSOURCE": "1",
        "WHISTBAN": "0",
        "RRCONT": "4025443721",
        "POLCONT": "8008488715",
        "INV_LINK": "https://safetydata.fra.dot.gov/OfficeofSafety/PublicSite/Crossing/Crossing.aspx?phasetype=C&rpttype=I&txtcrossingnum=436029E",
        "ACC_LINK": "https://safetydata.fra.dot.gov/OfficeofSafety/PublicSite/Crossing/Crossing.aspx?phasetype=C&rpttype=A&txtcrossingnum=436029E",
        "TTSTNNAM": "",
        "XPURPOSE": "1",
        "OPERATINGR": "UP",
        "OPERATIN_1": "Primary",
        "DAYTHRU": 9,
        "NGHTTHRU": 9,
        "MAINTRK": 1,
        "SIDINGTRK": 0,
        "YARDTRK": 2,
        "TRANSITTRK": 0,
        "INDUSTRYTR": 0,
        "OTHRTRK": 1,
        "WDCODE": "All other Gates",
        "REVISIONDA": "1975/01/01 00:00:00",
        "LASTUPDATE": "3/17/2026",
        "AADT": "809",
        "AADTYEAR": "2021",
        "STATENAME": "TEXAS",
        "STATEAB": "TX",
        "COUNTYNAME": "SAN PATRICIO",
        "CITYNAME": "ODEM",
        "LATDD": 27.9474079,
        "LONGDD": -97.5836473,
        "gridlyProductionCertified": true,
        "gridlyClassification": "PUBLIC_ROADWAY",
        "gridlyDisplayName": "WEST WILLIS STREET",
        "gridlyId": "FRA-436029E"
      }
    },
    {
      "type": "Feature",
      "id": 205972,
      "geometry": {
        "type": "Point",
        "coordinates": [
          -97.6366188997762,
          27.9671366997214
        ]
      },
      "properties": {
        "OBJECTID": 205972,
        "CROSSING": "435563F",
        "EFFDATE": 1772755200000,
        "REASON": "14",
        "StateCode": "48",
        "CountyCode": "48409",
        "STCYFIPS": "48409",
        "CITYCD": "484092125",
        "RAILROAD": "UP",
        "RRDIV": "SOUTH TEXAS",
        "RRSUBDIV": "CORPUS CHRISTI SUB",
        "HIGHWAY": "cr1839",
        "STREET": "County Road 1839",
        "TTSTN": "688895",
        "MILEPOST": "0128.610",
        "TYPEXING": "Public",
        "POSXING": "At Grade",
        "PRVCAT": "14",
        "INIT": "2",
        "LATITUDE": 27.9671367,
        "LONGITUD": -97.6366189,
        "LLSOURCE": "1",
        "WHISTBAN": "0",
        "RRCONT": "4025443721",
        "POLCONT": "8008488715",
        "INV_LINK": "https://safetydata.fra.dot.gov/OfficeofSafety/PublicSite/Crossing/Crossing.aspx?phasetype=C&rpttype=I&txtcrossingnum=435563F",
        "ACC_LINK": "https://safetydata.fra.dot.gov/OfficeofSafety/PublicSite/Crossing/Crossing.aspx?phasetype=C&rpttype=A&txtcrossingnum=435563F",
        "TTSTNNAM": "",
        "XPURPOSE": "1",
        "OPERATINGR": "UP",
        "OPERATIN_1": "Primary",
        "DAYTHRU": 1,
        "NGHTTHRU": 1,
        "MAINTRK": 1,
        "SIDINGTRK": 0,
        "YARDTRK": 0,
        "TRANSITTRK": 0,
        "INDUSTRYTR": 0,
        "OTHRTRK": 0,
        "WDCODE": "Crossbucks",
        "REVISIONDA": "1975/01/01 00:00:00",
        "LASTUPDATE": "3/6/2026",
        "AADT": "4",
        "AADTYEAR": "2022",
        "STATENAME": "TEXAS",
        "STATEAB": "TX",
        "COUNTYNAME": "SAN PATRICIO",
        "CITYNAME": "EDROY",
        "LATDD": 27.9671367,
        "LONGDD": -97.6366189,
        "gridlyProductionCertified": true,
        "gridlyClassification": "PUBLIC_ROADWAY",
        "gridlyDisplayName": "County Road 1839",
        "gridlyId": "FRA-435563F"
      }
    },
    {
      "type": "Feature",
      "id": 205973,
      "geometry": {
        "type": "Point",
        "coordinates": [
          -97.6780231001292,
          27.9736369000418
        ]
      },
      "properties": {
        "OBJECTID": 205973,
        "CROSSING": "435571X",
        "EFFDATE": 1772755200000,
        "REASON": "14",
        "StateCode": "48",
        "CountyCode": "48409",
        "STCYFIPS": "48409",
        "CITYCD": "484092125",
        "RAILROAD": "UP",
        "RRDIV": "SOUTH TEXAS",
        "RRSUBDIV": "CORPUS CHRISTI SUB",
        "HIGHWAY": "CR1615",
        "STREET": "CR 1615",
        "TTSTN": "688895",
        "MILEPOST": "0125.980",
        "TYPEXING": "Public",
        "POSXING": "At Grade",
        "PRVCAT": "14",
        "INIT": "2",
        "LATITUDE": 27.9736369,
        "LONGITUD": -97.6780231,
        "LLSOURCE": "1",
        "WHISTBAN": "0",
        "RRCONT": "4025443721",
        "POLCONT": "8008488715",
        "INV_LINK": "https://safetydata.fra.dot.gov/OfficeofSafety/PublicSite/Crossing/Crossing.aspx?phasetype=C&rpttype=I&txtcrossingnum=435571X",
        "ACC_LINK": "https://safetydata.fra.dot.gov/OfficeofSafety/PublicSite/Crossing/Crossing.aspx?phasetype=C&rpttype=A&txtcrossingnum=435571X",
        "TTSTNNAM": "",
        "XPURPOSE": "1",
        "OPERATINGR": "UP",
        "OPERATIN_1": "Primary",
        "DAYTHRU": 1,
        "NGHTTHRU": 1,
        "MAINTRK": 1,
        "SIDINGTRK": 0,
        "YARDTRK": 0,
        "TRANSITTRK": 0,
        "INDUSTRYTR": 0,
        "OTHRTRK": 1,
        "WDCODE": "Crossbucks",
        "REVISIONDA": "1975/01/01 00:00:00",
        "LASTUPDATE": "3/6/2026",
        "AADT": "52",
        "AADTYEAR": "2019",
        "STATENAME": "TEXAS",
        "STATEAB": "TX",
        "COUNTYNAME": "SAN PATRICIO",
        "CITYNAME": "EDROY",
        "LATDD": 27.9736369,
        "LONGDD": -97.6780231,
        "gridlyProductionCertified": true,
        "gridlyClassification": "PUBLIC_ROADWAY",
        "gridlyDisplayName": "CR 1615",
        "gridlyId": "FRA-435571X"
      }
    },
    {
      "type": "Feature",
      "id": 205986,
      "geometry": {
        "type": "Point",
        "coordinates": [
          -97.8213683003838,
          28.0933476001313
        ]
      },
      "properties": {
        "OBJECTID": 205986,
        "CROSSING": "435585F",
        "EFFDATE": 1772755200000,
        "REASON": "14",
        "StateCode": "48",
        "CountyCode": "48409",
        "STCYFIPS": "48409",
        "CITYCD": "484094400",
        "RAILROAD": "UP",
        "RRDIV": "SOUTH TEXAS",
        "RRSUBDIV": "CORPUS CHRISTI SUB",
        "HIGHWAY": "LS0000",
        "STREET": "HIDALGO STREET",
        "TTSTN": "688833",
        "MILEPOST": "0113.520",
        "TYPEXING": "Public",
        "POSXING": "At Grade",
        "PRVCAT": "14",
        "INIT": "2",
        "LATITUDE": 28.0933476,
        "LONGITUD": -97.8213683,
        "LLSOURCE": "1",
        "WHISTBAN": "0",
        "RRCONT": "4025443721",
        "POLCONT": "8008488715",
        "INV_LINK": "https://safetydata.fra.dot.gov/OfficeofSafety/PublicSite/Crossing/Crossing.aspx?phasetype=C&rpttype=I&txtcrossingnum=435585F",
        "ACC_LINK": "https://safetydata.fra.dot.gov/OfficeofSafety/PublicSite/Crossing/Crossing.aspx?phasetype=C&rpttype=A&txtcrossingnum=435585F",
        "TTSTNNAM": "",
        "XPURPOSE": "1",
        "OPERATINGR": "UP",
        "OPERATIN_1": "Primary",
        "DAYTHRU": 1,
        "NGHTTHRU": 1,
        "MAINTRK": 1,
        "SIDINGTRK": 0,
        "YARDTRK": 0,
        "TRANSITTRK": 0,
        "INDUSTRYTR": 0,
        "OTHRTRK": 0,
        "WDCODE": "All other Gates",
        "REVISIONDA": "1975/01/01 00:00:00",
        "LASTUPDATE": "3/6/2026",
        "AADT": "1207",
        "AADTYEAR": "2021",
        "STATENAME": "TEXAS",
        "STATEAB": "TX",
        "COUNTYNAME": "SAN PATRICIO",
        "CITYNAME": "MATHIS",
        "LATDD": 28.0933476,
        "LONGDD": -97.8213683,
        "gridlyProductionCertified": true,
        "gridlyClassification": "PUBLIC_ROADWAY",
        "gridlyDisplayName": "HIDALGO STREET",
        "gridlyId": "FRA-435585F"
      }
    },
    {
      "type": "Feature",
      "id": 206202,
      "geometry": {
        "type": "Point",
        "coordinates": [
          -97.3001830004282,
          27.9272320998113
        ]
      },
      "properties": {
        "OBJECTID": 206202,
        "CROSSING": "746414N",
        "EFFDATE": 1775174400000,
        "REASON": "14",
        "StateCode": "48",
        "CountyCode": "48409",
        "STCYFIPS": "48409",
        "CITYCD": "484092871",
        "RAILROAD": "UP",
        "RRDIV": "HOUSTON",
        "RRSUBDIV": "Kosmos Ind Ld",
        "HIGHWAY": "US0181",
        "STREET": "US0181",
        "TTSTN": "688875",
        "MILEPOST": "0014.690",
        "TYPEXING": "Public",
        "POSXING": "At Grade",
        "PRVCAT": "14",
        "INIT": "2",
        "LATITUDE": 27.9272321,
        "LONGITUD": -97.300183,
        "LLSOURCE": "1",
        "WHISTBAN": "0",
        "RRCONT": "4025443721",
        "POLCONT": "8008488715",
        "INV_LINK": "https://safetydata.fra.dot.gov/OfficeofSafety/PublicSite/Crossing/Crossing.aspx?phasetype=C&rpttype=I&txtcrossingnum=746414N",
        "ACC_LINK": "https://safetydata.fra.dot.gov/OfficeofSafety/PublicSite/Crossing/Crossing.aspx?phasetype=C&rpttype=A&txtcrossingnum=746414N",
        "TTSTNNAM": "",
        "XPURPOSE": "1",
        "OPERATINGR": "UP",
        "OPERATIN_1": "Primary",
        "DAYTHRU": 0,
        "NGHTTHRU": 0,
        "MAINTRK": 0,
        "SIDINGTRK": 0,
        "YARDTRK": 0,
        "TRANSITTRK": 0,
        "INDUSTRYTR": 1,
        "OTHRTRK": 0,
        "WDCODE": "All other Gates",
        "REVISIONDA": "1975/01/01 00:00:00",
        "LASTUPDATE": "4/3/2026",
        "AADT": "3012",
        "AADTYEAR": "2024",
        "STATENAME": "TEXAS",
        "STATEAB": "TX",
        "COUNTYNAME": "SAN PATRICIO",
        "CITYNAME": "GREGORY",
        "LATDD": 27.9272321,
        "LONGDD": -97.300183,
        "gridlyProductionCertified": true,
        "gridlyClassification": "PUBLIC_ROADWAY",
        "gridlyDisplayName": "US0181",
        "gridlyId": "FRA-746414N"
      }
    },
    {
      "type": "Feature",
      "id": 206335,
      "geometry": {
        "type": "Point",
        "coordinates": [
          -97.8145447001806,
          28.0877495999134
        ]
      },
      "properties": {
        "OBJECTID": 206335,
        "CROSSING": "435583S",
        "EFFDATE": 1772755200000,
        "REASON": "14",
        "StateCode": "48",
        "CountyCode": "48409",
        "STCYFIPS": "48409",
        "CITYCD": "484094400",
        "RAILROAD": "UP",
        "RRDIV": "SOUTH TEXAS",
        "RRSUBDIV": "CORPUS CHRISTI SUB",
        "HIGHWAY": "LS0000",
        "STREET": "Lamar Street",
        "TTSTN": "688833",
        "MILEPOST": "0114.050",
        "TYPEXING": "Public",
        "POSXING": "At Grade",
        "PRVCAT": "14",
        "INIT": "2",
        "LATITUDE": 28.0877496,
        "LONGITUD": -97.8145447,
        "LLSOURCE": "1",
        "WHISTBAN": "0",
        "RRCONT": "4025443721",
        "POLCONT": "8008488715",
        "INV_LINK": "https://safetydata.fra.dot.gov/OfficeofSafety/PublicSite/Crossing/Crossing.aspx?phasetype=C&rpttype=I&txtcrossingnum=435583S",
        "ACC_LINK": "https://safetydata.fra.dot.gov/OfficeofSafety/PublicSite/Crossing/Crossing.aspx?phasetype=C&rpttype=A&txtcrossingnum=435583S",
        "TTSTNNAM": "",
        "XPURPOSE": "1",
        "OPERATINGR": "UP",
        "OPERATIN_1": "Primary",
        "DAYTHRU": 1,
        "NGHTTHRU": 1,
        "MAINTRK": 1,
        "SIDINGTRK": 0,
        "YARDTRK": 0,
        "TRANSITTRK": 0,
        "INDUSTRYTR": 0,
        "OTHRTRK": 0,
        "WDCODE": "All other Gates",
        "REVISIONDA": "1975/01/01 00:00:00",
        "LASTUPDATE": "3/6/2026",
        "AADT": "1124",
        "AADTYEAR": "2021",
        "STATENAME": "TEXAS",
        "STATEAB": "TX",
        "COUNTYNAME": "SAN PATRICIO",
        "CITYNAME": "MATHIS",
        "LATDD": 28.0877496,
        "LONGDD": -97.8145447,
        "gridlyProductionCertified": true,
        "gridlyClassification": "PUBLIC_ROADWAY",
        "gridlyDisplayName": "Lamar Street",
        "gridlyId": "FRA-435583S"
      }
    },
    {
      "type": "Feature",
      "id": 206336,
      "geometry": {
        "type": "Point",
        "coordinates": [
          -97.7816360004202,
          28.0508720003846
        ]
      },
      "properties": {
        "OBJECTID": 206336,
        "CROSSING": "435582K",
        "EFFDATE": 1772755200000,
        "REASON": "14",
        "StateCode": "48",
        "CountyCode": "48409",
        "STCYFIPS": "48409",
        "CITYCD": "484094400",
        "RAILROAD": "UP",
        "RRDIV": "SOUTH TEXAS",
        "RRSUBDIV": "CORPUS CHRISTI SUB",
        "HIGHWAY": "CR1136",
        "STREET": "CR 1136",
        "TTSTN": "688833",
        "MILEPOST": "0117.310",
        "TYPEXING": "Public",
        "POSXING": "At Grade",
        "PRVCAT": "14",
        "INIT": "2",
        "LATITUDE": 28.050872,
        "LONGITUD": -97.781636,
        "LLSOURCE": "1",
        "WHISTBAN": "0",
        "RRCONT": "4025443721",
        "POLCONT": "8008488715",
        "INV_LINK": "https://safetydata.fra.dot.gov/OfficeofSafety/PublicSite/Crossing/Crossing.aspx?phasetype=C&rpttype=I&txtcrossingnum=435582K",
        "ACC_LINK": "https://safetydata.fra.dot.gov/OfficeofSafety/PublicSite/Crossing/Crossing.aspx?phasetype=C&rpttype=A&txtcrossingnum=435582K",
        "TTSTNNAM": "",
        "XPURPOSE": "1",
        "OPERATINGR": "UP",
        "OPERATIN_1": "Primary",
        "DAYTHRU": 1,
        "NGHTTHRU": 1,
        "MAINTRK": 1,
        "SIDINGTRK": 0,
        "YARDTRK": 0,
        "TRANSITTRK": 0,
        "INDUSTRYTR": 0,
        "OTHRTRK": 0,
        "WDCODE": "Stop signs",
        "REVISIONDA": "1975/01/01 00:00:00",
        "LASTUPDATE": "3/6/2026",
        "AADT": "485",
        "AADTYEAR": "2021",
        "STATENAME": "TEXAS",
        "STATEAB": "TX",
        "COUNTYNAME": "SAN PATRICIO",
        "CITYNAME": "MATHIS",
        "LATDD": 28.050872,
        "LONGDD": -97.781636,
        "gridlyProductionCertified": true,
        "gridlyClassification": "PUBLIC_ROADWAY",
        "gridlyDisplayName": "CR 1136",
        "gridlyId": "FRA-435582K"
      }
    },
    {
      "type": "Feature",
      "id": 206367,
      "geometry": {
        "type": "Point",
        "coordinates": [
          -97.6077316000133,
          27.962295099707
        ]
      },
      "properties": {
        "OBJECTID": 206367,
        "CROSSING": "435560K",
        "EFFDATE": 1772755200000,
        "REASON": "14",
        "StateCode": "48",
        "CountyCode": "48409",
        "STCYFIPS": "48409",
        "CITYCD": "484095020",
        "RAILROAD": "UP",
        "RRDIV": "SOUTH TEXAS",
        "RRSUBDIV": "CORPUS CHRISTI SUB",
        "HIGHWAY": "cr2015",
        "STREET": "County Road 2015",
        "TTSTN": "688880",
        "MILEPOST": "0130.400",
        "TYPEXING": "Public",
        "POSXING": "At Grade",
        "PRVCAT": "14",
        "INIT": "2",
        "LATITUDE": 27.9622951,
        "LONGITUD": -97.6077316,
        "LLSOURCE": "1",
        "WHISTBAN": "0",
        "RRCONT": "4025443721",
        "POLCONT": "8008488715",
        "INV_LINK": "https://safetydata.fra.dot.gov/OfficeofSafety/PublicSite/Crossing/Crossing.aspx?phasetype=C&rpttype=I&txtcrossingnum=435560K",
        "ACC_LINK": "https://safetydata.fra.dot.gov/OfficeofSafety/PublicSite/Crossing/Crossing.aspx?phasetype=C&rpttype=A&txtcrossingnum=435560K",
        "TTSTNNAM": "",
        "XPURPOSE": "1",
        "OPERATINGR": "UP",
        "OPERATIN_1": "Primary",
        "DAYTHRU": 1,
        "NGHTTHRU": 1,
        "MAINTRK": 1,
        "SIDINGTRK": 0,
        "YARDTRK": 0,
        "TRANSITTRK": 0,
        "INDUSTRYTR": 0,
        "OTHRTRK": 0,
        "WDCODE": "Stop signs",
        "REVISIONDA": "1975/01/01 00:00:00",
        "LASTUPDATE": "3/6/2026",
        "AADT": "482",
        "AADTYEAR": "2024",
        "STATENAME": "TEXAS",
        "STATEAB": "TX",
        "COUNTYNAME": "SAN PATRICIO",
        "CITYNAME": "ODEM",
        "LATDD": 27.9622951,
        "LONGDD": -97.6077316,
        "gridlyProductionCertified": true,
        "gridlyClassification": "PUBLIC_ROADWAY",
        "gridlyDisplayName": "County Road 2015",
        "gridlyId": "FRA-435560K"
      }
    },
    {
      "type": "Feature",
      "id": 206637,
      "geometry": {
        "type": "Point",
        "coordinates": [
          -97.5385568001187,
          27.9996916997615
        ]
      },
      "properties": {
        "OBJECTID": 206637,
        "CROSSING": "436027R",
        "EFFDATE": 1776038400000,
        "REASON": "14",
        "StateCode": "48",
        "CountyCode": "48409",
        "STCYFIPS": "48409",
        "CITYCD": "484096400",
        "RAILROAD": "UP",
        "RRDIV": "GULF COAST",
        "RRSUBDIV": "BROWNSVILLE SUB",
        "HIGHWAY": "CR82",
        "STREET": "CR 82",
        "TTSTN": "688840",
        "MILEPOST": "0158.850",
        "TYPEXING": "Public",
        "POSXING": "At Grade",
        "PRVCAT": "14",
        "INIT": "1",
        "LATITUDE": 27.9996917,
        "LONGITUD": -97.5385568,
        "LLSOURCE": "1",
        "WHISTBAN": "0",
        "RRCONT": "4025443721",
        "POLCONT": "8008488715",
        "INV_LINK": "https://safetydata.fra.dot.gov/OfficeofSafety/PublicSite/Crossing/Crossing.aspx?phasetype=C&rpttype=I&txtcrossingnum=436027R",
        "ACC_LINK": "https://safetydata.fra.dot.gov/OfficeofSafety/PublicSite/Crossing/Crossing.aspx?phasetype=C&rpttype=A&txtcrossingnum=436027R",
        "TTSTNNAM": "",
        "XPURPOSE": "1",
        "OPERATINGR": "UP",
        "OPERATIN_1": "Primary",
        "DAYTHRU": 10,
        "NGHTTHRU": 9,
        "MAINTRK": 1,
        "SIDINGTRK": 0,
        "YARDTRK": 0,
        "TRANSITTRK": 0,
        "INDUSTRYTR": 0,
        "OTHRTRK": 0,
        "WDCODE": "Crossbucks",
        "REVISIONDA": "1975/01/01 00:00:00",
        "LASTUPDATE": "4/13/2026",
        "AADT": "52",
        "AADTYEAR": "2019",
        "STATENAME": "TEXAS",
        "STATEAB": "TX",
        "COUNTYNAME": "SAN PATRICIO",
        "CITYNAME": "SINTON",
        "LATDD": 27.9996917,
        "LONGDD": -97.5385568,
        "gridlyProductionCertified": true,
        "gridlyClassification": "PUBLIC_ROADWAY",
        "gridlyDisplayName": "CR 82",
        "gridlyId": "FRA-436027R"
      }
    },
    {
      "type": "Feature",
      "id": 206716,
      "geometry": {
        "type": "Point",
        "coordinates": [
          -97.5066722004434,
          28.0366805999675
        ]
      },
      "properties": {
        "OBJECTID": 206716,
        "CROSSING": "436011U",
        "EFFDATE": 1773360000000,
        "REASON": "14",
        "StateCode": "48",
        "CountyCode": "48409",
        "STCYFIPS": "48409",
        "CITYCD": "484096400",
        "RAILROAD": "UP",
        "RRDIV": "GULF COAST",
        "RRSUBDIV": "BROWNSVILLE SUB",
        "HIGHWAY": "us0181",
        "STREET": "US0181/East Sinton Street",
        "TTSTN": "688840",
        "MILEPOST": "0162.090",
        "TYPEXING": "Public",
        "POSXING": "At Grade",
        "PRVCAT": "14",
        "INIT": "2",
        "LATITUDE": 28.0366806,
        "LONGITUD": -97.5066722,
        "LLSOURCE": "1",
        "WHISTBAN": "0",
        "RRCONT": "4025443721",
        "POLCONT": "8008488715",
        "INV_LINK": "https://safetydata.fra.dot.gov/OfficeofSafety/PublicSite/Crossing/Crossing.aspx?phasetype=C&rpttype=I&txtcrossingnum=436011U",
        "ACC_LINK": "https://safetydata.fra.dot.gov/OfficeofSafety/PublicSite/Crossing/Crossing.aspx?phasetype=C&rpttype=A&txtcrossingnum=436011U",
        "TTSTNNAM": "",
        "XPURPOSE": "1",
        "OPERATINGR": "UP",
        "OPERATIN_1": "Primary",
        "DAYTHRU": 9,
        "NGHTTHRU": 9,
        "MAINTRK": 1,
        "SIDINGTRK": 0,
        "YARDTRK": 0,
        "TRANSITTRK": 0,
        "INDUSTRYTR": 0,
        "OTHRTRK": 0,
        "WDCODE": "All other Gates",
        "REVISIONDA": "1975/01/01 00:00:00",
        "LASTUPDATE": "3/13/2026",
        "AADT": "2024",
        "AADTYEAR": "8796",
        "STATENAME": "TEXAS",
        "STATEAB": "TX",
        "COUNTYNAME": "SAN PATRICIO",
        "CITYNAME": "SINTON",
        "LATDD": 28.0366806,
        "LONGDD": -97.5066722,
        "gridlyProductionCertified": true,
        "gridlyClassification": "PUBLIC_ROADWAY",
        "gridlyDisplayName": "US0181/East Sinton Street",
        "gridlyId": "FRA-436011U"
      }
    },
    {
      "type": "Feature",
      "id": 206874,
      "geometry": {
        "type": "Point",
        "coordinates": [
          -97.3346059004315,
          27.9452353999572
        ]
      },
      "properties": {
        "OBJECTID": 206874,
        "CROSSING": "746410L",
        "EFFDATE": 1775174400000,
        "REASON": "14",
        "StateCode": "48",
        "CountyCode": "48409",
        "STCYFIPS": "48409",
        "CITYCD": "484092871",
        "RAILROAD": "UP",
        "RRDIV": "HOUSTON",
        "RRSUBDIV": "Kosmos Ind Ld",
        "HIGHWAY": "Cr3667",
        "STREET": "County Road 3667",
        "TTSTN": "688875",
        "MILEPOST": "0012.240",
        "TYPEXING": "Public",
        "POSXING": "At Grade",
        "PRVCAT": "14",
        "INIT": "2",
        "LATITUDE": 27.9452354,
        "LONGITUD": -97.3346059,
        "LLSOURCE": "1",
        "WHISTBAN": "0",
        "RRCONT": "4025443721",
        "POLCONT": "8008488715",
        "INV_LINK": "https://safetydata.fra.dot.gov/OfficeofSafety/PublicSite/Crossing/Crossing.aspx?phasetype=C&rpttype=I&txtcrossingnum=746410L",
        "ACC_LINK": "https://safetydata.fra.dot.gov/OfficeofSafety/PublicSite/Crossing/Crossing.aspx?phasetype=C&rpttype=A&txtcrossingnum=746410L",
        "TTSTNNAM": "",
        "XPURPOSE": "1",
        "OPERATINGR": "UP",
        "OPERATIN_1": "Primary",
        "DAYTHRU": 0,
        "NGHTTHRU": 0,
        "MAINTRK": 0,
        "SIDINGTRK": 0,
        "YARDTRK": 0,
        "TRANSITTRK": 0,
        "INDUSTRYTR": 1,
        "OTHRTRK": 0,
        "WDCODE": "All other Gates",
        "REVISIONDA": "1975/01/01 00:00:00",
        "LASTUPDATE": "4/3/2026",
        "AADT": "123",
        "AADTYEAR": "2019",
        "STATENAME": "TEXAS",
        "STATEAB": "TX",
        "COUNTYNAME": "SAN PATRICIO",
        "CITYNAME": "GREGORY",
        "LATDD": 27.9452354,
        "LONGDD": -97.3346059,
        "gridlyProductionCertified": true,
        "gridlyClassification": "PUBLIC_ROADWAY",
        "gridlyDisplayName": "County Road 3667",
        "gridlyId": "FRA-746410L"
      }
    },
    {
      "type": "Feature",
      "id": 206988,
      "geometry": {
        "type": "Point",
        "coordinates": [
          -97.2903994998728,
          27.9221138999096
        ]
      },
      "properties": {
        "OBJECTID": 206988,
        "CROSSING": "746415V",
        "EFFDATE": 1775174400000,
        "REASON": "14",
        "StateCode": "48",
        "CountyCode": "48409",
        "STCYFIPS": "48409",
        "CITYCD": "484092871",
        "RAILROAD": "UP",
        "RRDIV": "HOUSTON",
        "RRSUBDIV": "Kosmos Ind Ld",
        "HIGHWAY": "FM3284",
        "STREET": "fm3284 / south GREGORY",
        "TTSTN": "688875",
        "MILEPOST": "0015.380",
        "TYPEXING": "Public",
        "POSXING": "At Grade",
        "PRVCAT": "14",
        "INIT": "2",
        "LATITUDE": 27.9221139,
        "LONGITUD": -97.2903995,
        "LLSOURCE": "1",
        "WHISTBAN": "0",
        "RRCONT": "4025443721",
        "POLCONT": "8008488715",
        "INV_LINK": "https://safetydata.fra.dot.gov/OfficeofSafety/PublicSite/Crossing/Crossing.aspx?phasetype=C&rpttype=I&txtcrossingnum=746415V",
        "ACC_LINK": "https://safetydata.fra.dot.gov/OfficeofSafety/PublicSite/Crossing/Crossing.aspx?phasetype=C&rpttype=A&txtcrossingnum=746415V",
        "TTSTNNAM": "",
        "XPURPOSE": "1",
        "OPERATINGR": "UP",
        "OPERATIN_1": "Primary",
        "DAYTHRU": 0,
        "NGHTTHRU": 0,
        "MAINTRK": 0,
        "SIDINGTRK": 0,
        "YARDTRK": 0,
        "TRANSITTRK": 0,
        "INDUSTRYTR": 1,
        "OTHRTRK": 0,
        "WDCODE": "All other Gates",
        "REVISIONDA": "1975/01/01 00:00:00",
        "LASTUPDATE": "4/3/2026",
        "AADT": "2669",
        "AADTYEAR": "2024",
        "STATENAME": "TEXAS",
        "STATEAB": "TX",
        "COUNTYNAME": "SAN PATRICIO",
        "CITYNAME": "GREGORY",
        "LATDD": 27.9221139,
        "LONGDD": -97.2903995,
        "gridlyProductionCertified": true,
        "gridlyClassification": "PUBLIC_ROADWAY",
        "gridlyDisplayName": "fm3284 / south GREGORY",
        "gridlyId": "FRA-746415V"
      }
    },
    {
      "type": "Feature",
      "id": 207702,
      "geometry": {
        "type": "Point",
        "coordinates": [
          -97.2824149996414,
          27.9179384000783
        ]
      },
      "properties": {
        "OBJECTID": 207702,
        "CROSSING": "753749V",
        "EFFDATE": 1776643200000,
        "REASON": "14",
        "StateCode": "48",
        "CountyCode": "48409",
        "STCYFIPS": "48409",
        "CITYCD": "484092871",
        "RAILROAD": "UP",
        "RRDIV": "HOUSTON",
        "RRSUBDIV": "Kosmos Ind Ld",
        "HIGHWAY": "SH0035",
        "STREET": "S0035 WestBound Frontage",
        "TTSTN": "688875",
        "MILEPOST": "0015.950",
        "TYPEXING": "Public",
        "POSXING": "At Grade",
        "PRVCAT": "14",
        "INIT": "2",
        "LATITUDE": 27.9179384,
        "LONGITUD": -97.282415,
        "LLSOURCE": "1",
        "WHISTBAN": "0",
        "RRCONT": "4025443721",
        "POLCONT": "8008488715",
        "INV_LINK": "https://safetydata.fra.dot.gov/OfficeofSafety/PublicSite/Crossing/Crossing.aspx?phasetype=C&rpttype=I&txtcrossingnum=753749V",
        "ACC_LINK": "https://safetydata.fra.dot.gov/OfficeofSafety/PublicSite/Crossing/Crossing.aspx?phasetype=C&rpttype=A&txtcrossingnum=753749V",
        "TTSTNNAM": "",
        "XPURPOSE": "1",
        "OPERATINGR": "UP",
        "OPERATIN_1": "Primary",
        "DAYTHRU": 0,
        "NGHTTHRU": 0,
        "MAINTRK": 0,
        "SIDINGTRK": 0,
        "YARDTRK": 0,
        "TRANSITTRK": 0,
        "INDUSTRYTR": 1,
        "OTHRTRK": 0,
        "WDCODE": "All other Gates",
        "REVISIONDA": "1975/01/01 00:00:00",
        "LASTUPDATE": "4/20/2026",
        "AADT": "1597",
        "AADTYEAR": "2024",
        "STATENAME": "TEXAS",
        "STATEAB": "TX",
        "COUNTYNAME": "SAN PATRICIO",
        "CITYNAME": "GREGORY",
        "LATDD": 27.9179384,
        "LONGDD": -97.282415,
        "gridlyProductionCertified": true,
        "gridlyClassification": "PUBLIC_ROADWAY",
        "gridlyDisplayName": "S0035 WestBound Frontage",
        "gridlyId": "FRA-753749V"
      }
    },
    {
      "type": "Feature",
      "id": 207815,
      "geometry": {
        "type": "Point",
        "coordinates": [
          -97.2262809996072,
          27.888543000205
        ]
      },
      "properties": {
        "OBJECTID": 207815,
        "CROSSING": "746291E",
        "EFFDATE": 1756684800000,
        "REASON": "14",
        "StateCode": "48",
        "CountyCode": "48409",
        "STCYFIPS": "48409",
        "CITYCD": "484093380",
        "RAILROAD": "UP",
        "RRDIV": "HOUSTON",
        "RRSUBDIV": "Kosmos Ind Ld",
        "HIGHWAY": "PRIVATE",
        "STREET": "PRIVATE",
        "TTSTN": "688867",
        "MILEPOST": "0019.932",
        "TYPEXING": "Private",
        "POSXING": "At Grade",
        "PRVCAT": "14",
        "INIT": "1",
        "LATITUDE": 27.888543,
        "LONGITUD": -97.226281,
        "LLSOURCE": "1",
        "WHISTBAN": "0",
        "RRCONT": "4025443721",
        "POLCONT": "8008488715",
        "INV_LINK": "https://safetydata.fra.dot.gov/OfficeofSafety/PublicSite/Crossing/Crossing.aspx?phasetype=C&rpttype=I&txtcrossingnum=746291E",
        "ACC_LINK": "https://safetydata.fra.dot.gov/OfficeofSafety/PublicSite/Crossing/Crossing.aspx?phasetype=C&rpttype=A&txtcrossingnum=746291E",
        "TTSTNNAM": "",
        "XPURPOSE": "1",
        "OPERATINGR": "UP",
        "OPERATIN_1": "Primary",
        "DAYTHRU": 0,
        "NGHTTHRU": 0,
        "MAINTRK": 0,
        "SIDINGTRK": 0,
        "YARDTRK": 0,
        "TRANSITTRK": 0,
        "INDUSTRYTR": 1,
        "OTHRTRK": 0,
        "WDCODE": "",
        "REVISIONDA": "1975/01/01 00:00:00",
        "LASTUPDATE": "9/1/2025",
        "AADT": "1",
        "AADTYEAR": "1970",
        "STATENAME": "TEXAS",
        "STATEAB": "TX",
        "COUNTYNAME": "SAN PATRICIO",
        "CITYNAME": "INGLESIDE",
        "LATDD": 27.888543,
        "LONGDD": -97.226281,
        "gridlyProductionCertified": true,
        "gridlyClassification": "PUBLIC_ROADWAY",
        "gridlyDisplayName": "PRIVATE",
        "gridlyId": "FRA-746291E"
      }
    },
    {
      "type": "Feature",
      "id": 207816,
      "geometry": {
        "type": "Point",
        "coordinates": [
          -97.4305283002189,
          27.9953067001404
        ]
      },
      "properties": {
        "OBJECTID": 207816,
        "CROSSING": "746391J",
        "EFFDATE": 1756684800000,
        "REASON": "14",
        "StateCode": "48",
        "CountyCode": "48409",
        "STCYFIPS": "48409",
        "CITYCD": "484096730",
        "RAILROAD": "UP",
        "RRDIV": "HOUSTON",
        "RRSUBDIV": "Kosmos Ind Ld",
        "HIGHWAY": "PRIVATE",
        "STREET": "PRIVATE",
        "TTSTN": "688872",
        "MILEPOST": "0005.460",
        "TYPEXING": "Private",
        "POSXING": "At Grade",
        "PRVCAT": "14",
        "INIT": "1",
        "LATITUDE": 27.9953067,
        "LONGITUD": -97.4305283,
        "LLSOURCE": "1",
        "WHISTBAN": "0",
        "RRCONT": "4025443721",
        "POLCONT": "8008488715",
        "INV_LINK": "https://safetydata.fra.dot.gov/OfficeofSafety/PublicSite/Crossing/Crossing.aspx?phasetype=C&rpttype=I&txtcrossingnum=746391J",
        "ACC_LINK": "https://safetydata.fra.dot.gov/OfficeofSafety/PublicSite/Crossing/Crossing.aspx?phasetype=C&rpttype=A&txtcrossingnum=746391J",
        "TTSTNNAM": "",
        "XPURPOSE": "1",
        "OPERATINGR": "UP",
        "OPERATIN_1": "Primary",
        "DAYTHRU": 0,
        "NGHTTHRU": 0,
        "MAINTRK": 0,
        "SIDINGTRK": 0,
        "YARDTRK": 0,
        "TRANSITTRK": 0,
        "INDUSTRYTR": 1,
        "OTHRTRK": 0,
        "WDCODE": "",
        "REVISIONDA": "1975/01/01 00:00:00",
        "LASTUPDATE": "9/1/2025",
        "AADT": "1",
        "AADTYEAR": "1970",
        "STATENAME": "TEXAS",
        "STATEAB": "TX",
        "COUNTYNAME": "SAN PATRICIO",
        "CITYNAME": "TAFT",
        "LATDD": 27.9953067,
        "LONGDD": -97.4305283,
        "gridlyProductionCertified": true,
        "gridlyClassification": "PUBLIC_ROADWAY",
        "gridlyDisplayName": "PRIVATE",
        "gridlyId": "FRA-746391J"
      }
    },
    {
      "type": "Feature",
      "id": 207817,
      "geometry": {
        "type": "Point",
        "coordinates": [
          -97.4216792002726,
          27.9906928996736
        ]
      },
      "properties": {
        "OBJECTID": 207817,
        "CROSSING": "746392R",
        "EFFDATE": 1756684800000,
        "REASON": "14",
        "StateCode": "48",
        "CountyCode": "48409",
        "STCYFIPS": "48409",
        "CITYCD": "484096730",
        "RAILROAD": "UP",
        "RRDIV": "HOUSTON",
        "RRSUBDIV": "Kosmos Ind Ld",
        "HIGHWAY": "PRIVATE",
        "STREET": "PRIVATE",
        "TTSTN": "688872",
        "MILEPOST": "0006.080",
        "TYPEXING": "Private",
        "POSXING": "At Grade",
        "PRVCAT": "14",
        "INIT": "1",
        "LATITUDE": 27.9906929,
        "LONGITUD": -97.4216792,
        "LLSOURCE": "1",
        "WHISTBAN": "0",
        "RRCONT": "4025443721",
        "POLCONT": "8008488715",
        "INV_LINK": "https://safetydata.fra.dot.gov/OfficeofSafety/PublicSite/Crossing/Crossing.aspx?phasetype=C&rpttype=I&txtcrossingnum=746392R",
        "ACC_LINK": "https://safetydata.fra.dot.gov/OfficeofSafety/PublicSite/Crossing/Crossing.aspx?phasetype=C&rpttype=A&txtcrossingnum=746392R",
        "TTSTNNAM": "",
        "XPURPOSE": "1",
        "OPERATINGR": "UP",
        "OPERATIN_1": "Primary",
        "DAYTHRU": 0,
        "NGHTTHRU": 0,
        "MAINTRK": 0,
        "SIDINGTRK": 0,
        "YARDTRK": 0,
        "TRANSITTRK": 0,
        "INDUSTRYTR": 1,
        "OTHRTRK": 0,
        "WDCODE": "",
        "REVISIONDA": "1975/01/01 00:00:00",
        "LASTUPDATE": "9/1/2025",
        "AADT": "1",
        "AADTYEAR": "1970",
        "STATENAME": "TEXAS",
        "STATEAB": "TX",
        "COUNTYNAME": "SAN PATRICIO",
        "CITYNAME": "TAFT",
        "LATDD": 27.9906929,
        "LONGDD": -97.4216792,
        "gridlyProductionCertified": true,
        "gridlyClassification": "PUBLIC_ROADWAY",
        "gridlyDisplayName": "PRIVATE",
        "gridlyId": "FRA-746392R"
      }
    },
    {
      "type": "Feature",
      "id": 207818,
      "geometry": {
        "type": "Point",
        "coordinates": [
          -97.4128981998114,
          27.9861137999522
        ]
      },
      "properties": {
        "OBJECTID": 207818,
        "CROSSING": "746393X",
        "EFFDATE": 1756684800000,
        "REASON": "14",
        "StateCode": "48",
        "CountyCode": "48409",
        "STCYFIPS": "48409",
        "CITYCD": "484096730",
        "RAILROAD": "UP",
        "RRDIV": "HOUSTON",
        "RRSUBDIV": "Kosmos Ind Ld",
        "HIGHWAY": "PRIVATE",
        "STREET": "PRIVATE",
        "TTSTN": "688872",
        "MILEPOST": "0006.700",
        "TYPEXING": "Private",
        "POSXING": "At Grade",
        "PRVCAT": "14",
        "INIT": "1",
        "LATITUDE": 27.9861138,
        "LONGITUD": -97.4128982,
        "LLSOURCE": "1",
        "WHISTBAN": "0",
        "RRCONT": "4025443721",
        "POLCONT": "8008488715",
        "INV_LINK": "https://safetydata.fra.dot.gov/OfficeofSafety/PublicSite/Crossing/Crossing.aspx?phasetype=C&rpttype=I&txtcrossingnum=746393X",
        "ACC_LINK": "https://safetydata.fra.dot.gov/OfficeofSafety/PublicSite/Crossing/Crossing.aspx?phasetype=C&rpttype=A&txtcrossingnum=746393X",
        "TTSTNNAM": "",
        "XPURPOSE": "1",
        "OPERATINGR": "UP",
        "OPERATIN_1": "Primary",
        "DAYTHRU": 0,
        "NGHTTHRU": 0,
        "MAINTRK": 0,
        "SIDINGTRK": 0,
        "YARDTRK": 0,
        "TRANSITTRK": 0,
        "INDUSTRYTR": 1,
        "OTHRTRK": 0,
        "WDCODE": "",
        "REVISIONDA": "1975/01/01 00:00:00",
        "LASTUPDATE": "9/1/2025",
        "AADT": "1",
        "AADTYEAR": "1970",
        "STATENAME": "TEXAS",
        "STATEAB": "TX",
        "COUNTYNAME": "SAN PATRICIO",
        "CITYNAME": "TAFT",
        "LATDD": 27.9861138,
        "LONGDD": -97.4128982,
        "gridlyProductionCertified": true,
        "gridlyClassification": "PUBLIC_ROADWAY",
        "gridlyDisplayName": "PRIVATE",
        "gridlyId": "FRA-746393X"
      }
    },
    {
      "type": "Feature",
      "id": 207823,
      "geometry": {
        "type": "Point",
        "coordinates": [
          -97.3195449997029,
          27.9373690003034
        ]
      },
      "properties": {
        "OBJECTID": 207823,
        "CROSSING": "746411T",
        "EFFDATE": 1756684800000,
        "REASON": "14",
        "StateCode": "48",
        "CountyCode": "48409",
        "STCYFIPS": "48409",
        "CITYCD": "484092871",
        "RAILROAD": "UP",
        "RRDIV": "HOUSTON",
        "RRSUBDIV": "Kosmos Ind Ld",
        "HIGHWAY": "PRIVATE",
        "STREET": "PRIVATE",
        "TTSTN": "688875",
        "MILEPOST": "0013.314",
        "TYPEXING": "Private",
        "POSXING": "At Grade",
        "PRVCAT": "14",
        "INIT": "1",
        "LATITUDE": 27.937369,
        "LONGITUD": -97.319545,
        "LLSOURCE": "1",
        "WHISTBAN": "0",
        "RRCONT": "4025443721",
        "POLCONT": "8008488715",
        "INV_LINK": "https://safetydata.fra.dot.gov/OfficeofSafety/PublicSite/Crossing/Crossing.aspx?phasetype=C&rpttype=I&txtcrossingnum=746411T",
        "ACC_LINK": "https://safetydata.fra.dot.gov/OfficeofSafety/PublicSite/Crossing/Crossing.aspx?phasetype=C&rpttype=A&txtcrossingnum=746411T",
        "TTSTNNAM": "",
        "XPURPOSE": "1",
        "OPERATINGR": "UP",
        "OPERATIN_1": "Primary",
        "DAYTHRU": 0,
        "NGHTTHRU": 0,
        "MAINTRK": 0,
        "SIDINGTRK": 0,
        "YARDTRK": 0,
        "TRANSITTRK": 0,
        "INDUSTRYTR": 1,
        "OTHRTRK": 0,
        "WDCODE": "",
        "REVISIONDA": "1975/01/01 00:00:00",
        "LASTUPDATE": "9/1/2025",
        "AADT": "1",
        "AADTYEAR": "1970",
        "STATENAME": "TEXAS",
        "STATEAB": "TX",
        "COUNTYNAME": "SAN PATRICIO",
        "CITYNAME": "GREGORY",
        "LATDD": 27.937369,
        "LONGDD": -97.319545,
        "gridlyProductionCertified": true,
        "gridlyClassification": "PUBLIC_ROADWAY",
        "gridlyDisplayName": "PRIVATE",
        "gridlyId": "FRA-746411T"
      }
    },
    {
      "type": "Feature",
      "id": 207933,
      "geometry": {
        "type": "Point",
        "coordinates": [
          -97.3011550000235,
          27.9277459996888
        ]
      },
      "properties": {
        "OBJECTID": 207933,
        "CROSSING": "922511G",
        "EFFDATE": 1756166400000,
        "REASON": "14",
        "StateCode": "48",
        "CountyCode": "48409",
        "STCYFIPS": "48409",
        "CITYCD": "484092871",
        "RAILROAD": "UP",
        "RRDIV": "HOUSTON",
        "RRSUBDIV": "Kosmos Ind Ld",
        "HIGHWAY": "NA",
        "STREET": "US 181 SOUTHBOUND",
        "TTSTN": "688875",
        "MILEPOST": "0014.620",
        "TYPEXING": "Public",
        "POSXING": "RR Under",
        "PRVCAT": "14",
        "INIT": "1",
        "LATITUDE": 27.927746,
        "LONGITUD": -97.301155,
        "LLSOURCE": "1",
        "WHISTBAN": "0",
        "RRCONT": "4025443721",
        "POLCONT": "8008488715",
        "INV_LINK": "https://safetydata.fra.dot.gov/OfficeofSafety/PublicSite/Crossing/Crossing.aspx?phasetype=C&rpttype=I&txtcrossingnum=922511G",
        "ACC_LINK": "https://safetydata.fra.dot.gov/OfficeofSafety/PublicSite/Crossing/Crossing.aspx?phasetype=C&rpttype=A&txtcrossingnum=922511G",
        "TTSTNNAM": "",
        "XPURPOSE": "1",
        "OPERATINGR": "UP",
        "OPERATIN_1": "Primary",
        "DAYTHRU": 0,
        "NGHTTHRU": 0,
        "MAINTRK": 0,
        "SIDINGTRK": 0,
        "YARDTRK": 0,
        "TRANSITTRK": 0,
        "INDUSTRYTR": 1,
        "OTHRTRK": 0,
        "WDCODE": "",
        "REVISIONDA": "1975/01/01 00:00:00",
        "LASTUPDATE": "8/26/2025",
        "AADT": "1",
        "AADTYEAR": "",
        "STATENAME": "TEXAS",
        "STATEAB": "TX",
        "COUNTYNAME": "SAN PATRICIO",
        "CITYNAME": "GREGORY",
        "LATDD": 27.927746,
        "LONGDD": -97.301155,
        "gridlyProductionCertified": true,
        "gridlyClassification": "PUBLIC_ROADWAY",
        "gridlyDisplayName": "US 181 SOUTHBOUND",
        "gridlyId": "FRA-922511G"
      }
    },
    {
      "type": "Feature",
      "id": 208311,
      "geometry": {
        "type": "Point",
        "coordinates": [
          -97.6688222001548,
          27.972208600316
        ]
      },
      "properties": {
        "OBJECTID": 208311,
        "CROSSING": "435565U",
        "EFFDATE": 1772755200000,
        "REASON": "14",
        "StateCode": "48",
        "CountyCode": "48409",
        "STCYFIPS": "48409",
        "CITYCD": "484095020",
        "RAILROAD": "UP",
        "RRDIV": "SOUTH TEXAS",
        "RRSUBDIV": "CORPUS CHRISTI SUB",
        "HIGHWAY": "IH0037",
        "STREET": "IH0037 FRONTAGE ROAD",
        "TTSTN": "688895",
        "MILEPOST": "0126.620",
        "TYPEXING": "Public",
        "POSXING": "At Grade",
        "PRVCAT": "14",
        "INIT": "2",
        "LATITUDE": 27.9722086,
        "LONGITUD": -97.6688222,
        "LLSOURCE": "1",
        "WHISTBAN": "0",
        "RRCONT": "4025443721",
        "POLCONT": "8008488715",
        "INV_LINK": "https://safetydata.fra.dot.gov/OfficeofSafety/PublicSite/Crossing/Crossing.aspx?phasetype=C&rpttype=I&txtcrossingnum=435565U",
        "ACC_LINK": "https://safetydata.fra.dot.gov/OfficeofSafety/PublicSite/Crossing/Crossing.aspx?phasetype=C&rpttype=A&txtcrossingnum=435565U",
        "TTSTNNAM": "",
        "XPURPOSE": "1",
        "OPERATINGR": "UP",
        "OPERATIN_1": "Primary",
        "DAYTHRU": 1,
        "NGHTTHRU": 1,
        "MAINTRK": 1,
        "SIDINGTRK": 0,
        "YARDTRK": 0,
        "TRANSITTRK": 0,
        "INDUSTRYTR": 0,
        "OTHRTRK": 0,
        "WDCODE": "Flashing lights",
        "REVISIONDA": "1975/01/01 00:00:00",
        "LASTUPDATE": "3/6/2026",
        "AADT": "46",
        "AADTYEAR": "2024",
        "STATENAME": "TEXAS",
        "STATEAB": "TX",
        "COUNTYNAME": "SAN PATRICIO",
        "CITYNAME": "ODEM",
        "LATDD": 27.9722086,
        "LONGDD": -97.6688222,
        "gridlyProductionCertified": true,
        "gridlyClassification": "PUBLIC_ROADWAY",
        "gridlyDisplayName": "IH0037 FRONTAGE ROAD",
        "gridlyId": "FRA-435565U"
      }
    },
    {
      "type": "Feature",
      "id": 208312,
      "geometry": {
        "type": "Point",
        "coordinates": [
          -97.5971659004075,
          27.9559467003431
        ]
      },
      "properties": {
        "OBJECTID": 208312,
        "CROSSING": "435549K",
        "EFFDATE": 1772755200000,
        "REASON": "14",
        "StateCode": "48",
        "CountyCode": "48409",
        "STCYFIPS": "48409",
        "CITYCD": "484095020",
        "RAILROAD": "UP",
        "RRDIV": "SOUTH TEXAS",
        "RRSUBDIV": "CORPUS CHRISTI SUB",
        "HIGHWAY": "CR2047 ",
        "STREET": "COUNTY ROAD 2047",
        "TTSTN": "688880",
        "MILEPOST": "0131.180",
        "TYPEXING": "Public",
        "POSXING": "At Grade",
        "PRVCAT": "14",
        "INIT": "2",
        "LATITUDE": 27.9559467,
        "LONGITUD": -97.5971659,
        "LLSOURCE": "1",
        "WHISTBAN": "0",
        "RRCONT": "4025443721",
        "POLCONT": "8008488715",
        "INV_LINK": "https://safetydata.fra.dot.gov/OfficeofSafety/PublicSite/Crossing/Crossing.aspx?phasetype=C&rpttype=I&txtcrossingnum=435549K",
        "ACC_LINK": "https://safetydata.fra.dot.gov/OfficeofSafety/PublicSite/Crossing/Crossing.aspx?phasetype=C&rpttype=A&txtcrossingnum=435549K",
        "TTSTNNAM": "",
        "XPURPOSE": "1",
        "OPERATINGR": "UP",
        "OPERATIN_1": "Primary",
        "DAYTHRU": 1,
        "NGHTTHRU": 1,
        "MAINTRK": 1,
        "SIDINGTRK": 0,
        "YARDTRK": 1,
        "TRANSITTRK": 0,
        "INDUSTRYTR": 0,
        "OTHRTRK": 1,
        "WDCODE": "All other Gates",
        "REVISIONDA": "1975/01/01 00:00:00",
        "LASTUPDATE": "3/6/2026",
        "AADT": "276",
        "AADTYEAR": "2019",
        "STATENAME": "TEXAS",
        "STATEAB": "TX",
        "COUNTYNAME": "SAN PATRICIO",
        "CITYNAME": "ODEM",
        "LATDD": 27.9559467,
        "LONGDD": -97.5971659,
        "gridlyProductionCertified": true,
        "gridlyClassification": "PUBLIC_ROADWAY",
        "gridlyDisplayName": "COUNTY ROAD 2047",
        "gridlyId": "FRA-435549K"
      }
    },
    {
      "type": "Feature",
      "id": 208316,
      "geometry": {
        "type": "Point",
        "coordinates": [
          -97.5853188995759,
          27.9504084002171
        ]
      },
      "properties": {
        "OBJECTID": 208316,
        "CROSSING": "435547W",
        "EFFDATE": 1772755200000,
        "REASON": "14",
        "StateCode": "48",
        "CountyCode": "48409",
        "STCYFIPS": "48409",
        "CITYCD": "484095020",
        "RAILROAD": "UP",
        "RRDIV": "SOUTH TEXAS",
        "RRSUBDIV": "CORPUS CHRISTI SUB",
        "HIGHWAY": "LS0000",
        "STREET": "HAISLEY AVENUE",
        "TTSTN": "688880",
        "MILEPOST": "0132.040",
        "TYPEXING": "Public",
        "POSXING": "At Grade",
        "PRVCAT": "14",
        "INIT": "2",
        "LATITUDE": 27.9504084,
        "LONGITUD": -97.5853189,
        "LLSOURCE": "1",
        "WHISTBAN": "0",
        "RRCONT": "4025443721",
        "POLCONT": "8008488715",
        "INV_LINK": "https://safetydata.fra.dot.gov/OfficeofSafety/PublicSite/Crossing/Crossing.aspx?phasetype=C&rpttype=I&txtcrossingnum=435547W",
        "ACC_LINK": "https://safetydata.fra.dot.gov/OfficeofSafety/PublicSite/Crossing/Crossing.aspx?phasetype=C&rpttype=A&txtcrossingnum=435547W",
        "TTSTNNAM": "",
        "XPURPOSE": "1",
        "OPERATINGR": "UP",
        "OPERATIN_1": "Primary",
        "DAYTHRU": 1,
        "NGHTTHRU": 1,
        "MAINTRK": 1,
        "SIDINGTRK": 0,
        "YARDTRK": 1,
        "TRANSITTRK": 0,
        "INDUSTRYTR": 0,
        "OTHRTRK": 1,
        "WDCODE": "All other Gates",
        "REVISIONDA": "1975/01/01 00:00:00",
        "LASTUPDATE": "3/6/2026",
        "AADT": "402",
        "AADTYEAR": "2019",
        "STATENAME": "TEXAS",
        "STATEAB": "TX",
        "COUNTYNAME": "SAN PATRICIO",
        "CITYNAME": "ODEM",
        "LATDD": 27.9504084,
        "LONGDD": -97.5853189,
        "gridlyProductionCertified": true,
        "gridlyClassification": "PUBLIC_ROADWAY",
        "gridlyDisplayName": "HAISLEY AVENUE",
        "gridlyId": "FRA-435547W"
      }
    },
    {
      "type": "Feature",
      "id": 208317,
      "geometry": {
        "type": "Point",
        "coordinates": [
          -97.5862088003407,
          27.951007000329
        ]
      },
      "properties": {
        "OBJECTID": 208317,
        "CROSSING": "435548D",
        "EFFDATE": 1772755200000,
        "REASON": "14",
        "StateCode": "48",
        "CountyCode": "48409",
        "STCYFIPS": "48409",
        "CITYCD": "484095020",
        "RAILROAD": "UP",
        "RRDIV": "SOUTH TEXAS",
        "RRSUBDIV": "CORPUS CHRISTI SUB",
        "HIGHWAY": "LS0000",
        "STREET": "COOK AVENUE",
        "TTSTN": "688880",
        "MILEPOST": "0131.970",
        "TYPEXING": "Public",
        "POSXING": "At Grade",
        "PRVCAT": "14",
        "INIT": "2",
        "LATITUDE": 27.951007,
        "LONGITUD": -97.5862088,
        "LLSOURCE": "1",
        "WHISTBAN": "0",
        "RRCONT": "4025443721",
        "POLCONT": "8008488715",
        "INV_LINK": "https://safetydata.fra.dot.gov/OfficeofSafety/PublicSite/Crossing/Crossing.aspx?phasetype=C&rpttype=I&txtcrossingnum=435548D",
        "ACC_LINK": "https://safetydata.fra.dot.gov/OfficeofSafety/PublicSite/Crossing/Crossing.aspx?phasetype=C&rpttype=A&txtcrossingnum=435548D",
        "TTSTNNAM": "",
        "XPURPOSE": "1",
        "OPERATINGR": "UP",
        "OPERATIN_1": "Primary",
        "DAYTHRU": 1,
        "NGHTTHRU": 1,
        "MAINTRK": 1,
        "SIDINGTRK": 0,
        "YARDTRK": 1,
        "TRANSITTRK": 0,
        "INDUSTRYTR": 0,
        "OTHRTRK": 1,
        "WDCODE": "All other Gates",
        "REVISIONDA": "1975/01/01 00:00:00",
        "LASTUPDATE": "3/6/2026",
        "AADT": "1210",
        "AADTYEAR": "2021",
        "STATENAME": "TEXAS",
        "STATEAB": "TX",
        "COUNTYNAME": "SAN PATRICIO",
        "CITYNAME": "ODEM",
        "LATDD": 27.951007,
        "LONGDD": -97.5862088,
        "gridlyProductionCertified": true,
        "gridlyClassification": "PUBLIC_ROADWAY",
        "gridlyDisplayName": "COOK AVENUE",
        "gridlyId": "FRA-435548D"
      }
    },
    {
      "type": "Feature",
      "id": 208356,
      "geometry": {
        "type": "Point",
        "coordinates": [
          -97.6126119996282,
          27.9190948003398
        ]
      },
      "properties": {
        "OBJECTID": 208356,
        "CROSSING": "427583W",
        "EFFDATE": 1756252800000,
        "REASON": "14",
        "StateCode": "48",
        "CountyCode": "48409",
        "STCYFIPS": "48409",
        "CITYCD": "484095020",
        "RAILROAD": "UP",
        "RRDIV": "GULF COAST",
        "RRSUBDIV": "BROWNSVILLE SUB",
        "HIGHWAY": "NA",
        "STREET": "PRIVATE",
        "TTSTN": "688880",
        "MILEPOST": "0151.770",
        "TYPEXING": "Private",
        "POSXING": "At Grade",
        "PRVCAT": "14",
        "INIT": "1",
        "LATITUDE": 27.9190948,
        "LONGITUD": -97.612612,
        "LLSOURCE": "1",
        "WHISTBAN": "0",
        "RRCONT": "4025443721",
        "POLCONT": "8008488715",
        "INV_LINK": "https://safetydata.fra.dot.gov/OfficeofSafety/PublicSite/Crossing/Crossing.aspx?phasetype=C&rpttype=I&txtcrossingnum=427583W",
        "ACC_LINK": "https://safetydata.fra.dot.gov/OfficeofSafety/PublicSite/Crossing/Crossing.aspx?phasetype=C&rpttype=A&txtcrossingnum=427583W",
        "TTSTNNAM": "",
        "XPURPOSE": "1",
        "OPERATINGR": "UP",
        "OPERATIN_1": "Primary",
        "DAYTHRU": 8,
        "NGHTTHRU": 8,
        "MAINTRK": 1,
        "SIDINGTRK": 0,
        "YARDTRK": 0,
        "TRANSITTRK": 0,
        "INDUSTRYTR": 0,
        "OTHRTRK": 0,
        "WDCODE": "",
        "REVISIONDA": "1975/01/01 00:00:00",
        "LASTUPDATE": "8/27/2025",
        "AADT": "1",
        "AADTYEAR": "1970",
        "STATENAME": "TEXAS",
        "STATEAB": "TX",
        "COUNTYNAME": "SAN PATRICIO",
        "CITYNAME": "ODEM",
        "LATDD": 27.9190948,
        "LONGDD": -97.612612,
        "gridlyProductionCertified": true,
        "gridlyClassification": "PUBLIC_ROADWAY",
        "gridlyDisplayName": "PRIVATE",
        "gridlyId": "FRA-427583W"
      }
    },
    {
      "type": "Feature",
      "id": 209406,
      "geometry": {
        "type": "Point",
        "coordinates": [
          -97.4779858996236,
          28.0801350000435
        ]
      },
      "properties": {
        "OBJECTID": 209406,
        "CROSSING": "436007E",
        "EFFDATE": 1756339200000,
        "REASON": "14",
        "StateCode": "48",
        "CountyCode": "48409",
        "STCYFIPS": "48409",
        "CITYCD": "484096400",
        "RAILROAD": "UP",
        "RRDIV": "GULF COAST",
        "RRSUBDIV": "BROWNSVILLE SUB",
        "HIGHWAY": "NA",
        "STREET": "PRIVATE ABRAXAS",
        "TTSTN": "688840",
        "MILEPOST": "0165.580",
        "TYPEXING": "Private",
        "POSXING": "At Grade",
        "PRVCAT": "14",
        "INIT": "1",
        "LATITUDE": 28.080135,
        "LONGITUD": -97.4779859,
        "LLSOURCE": "1",
        "WHISTBAN": "0",
        "RRCONT": "4025443721",
        "POLCONT": "8008488715",
        "INV_LINK": "https://safetydata.fra.dot.gov/OfficeofSafety/PublicSite/Crossing/Crossing.aspx?phasetype=C&rpttype=I&txtcrossingnum=436007E",
        "ACC_LINK": "https://safetydata.fra.dot.gov/OfficeofSafety/PublicSite/Crossing/Crossing.aspx?phasetype=C&rpttype=A&txtcrossingnum=436007E",
        "TTSTNNAM": "",
        "XPURPOSE": "1",
        "OPERATINGR": "UP",
        "OPERATIN_1": "Primary",
        "DAYTHRU": 9,
        "NGHTTHRU": 9,
        "MAINTRK": 1,
        "SIDINGTRK": 0,
        "YARDTRK": 0,
        "TRANSITTRK": 0,
        "INDUSTRYTR": 0,
        "OTHRTRK": 0,
        "WDCODE": "",
        "REVISIONDA": "1975/01/01 00:00:00",
        "LASTUPDATE": "8/28/2025",
        "AADT": "1",
        "AADTYEAR": "1970",
        "STATENAME": "TEXAS",
        "STATEAB": "TX",
        "COUNTYNAME": "SAN PATRICIO",
        "CITYNAME": "SINTON",
        "LATDD": 28.080135,
        "LONGDD": -97.4779859,
        "gridlyProductionCertified": true,
        "gridlyClassification": "PUBLIC_ROADWAY",
        "gridlyDisplayName": "PRIVATE ABRAXAS",
        "gridlyId": "FRA-436007E"
      }
    },
    {
      "type": "Feature",
      "id": 209505,
      "geometry": {
        "type": "Point",
        "coordinates": [
          -97.4971209997289,
          28.0547509998953
        ]
      },
      "properties": {
        "OBJECTID": 209505,
        "CROSSING": "924162F",
        "EFFDATE": 1756339200000,
        "REASON": "14",
        "StateCode": "48",
        "CountyCode": "48409",
        "STCYFIPS": "48409",
        "CITYCD": "484096400",
        "RAILROAD": "UP",
        "RRDIV": "GULF COAST",
        "RRSUBDIV": "BROWNSVILLE SUB",
        "HIGHWAY": "SH 0089",
        "STREET": "TX 89",
        "TTSTN": "688840",
        "MILEPOST": "0163.461",
        "TYPEXING": "Public",
        "POSXING": "RR Under",
        "PRVCAT": "14",
        "INIT": "1",
        "LATITUDE": 28.054751,
        "LONGITUD": -97.497121,
        "LLSOURCE": "1",
        "WHISTBAN": "0",
        "RRCONT": "4025443721",
        "POLCONT": "8008488715",
        "INV_LINK": "https://safetydata.fra.dot.gov/OfficeofSafety/PublicSite/Crossing/Crossing.aspx?phasetype=C&rpttype=I&txtcrossingnum=924162F",
        "ACC_LINK": "https://safetydata.fra.dot.gov/OfficeofSafety/PublicSite/Crossing/Crossing.aspx?phasetype=C&rpttype=A&txtcrossingnum=924162F",
        "TTSTNNAM": "",
        "XPURPOSE": "1",
        "OPERATINGR": "UP",
        "OPERATIN_1": "Primary",
        "DAYTHRU": 3,
        "NGHTTHRU": 2,
        "MAINTRK": 1,
        "SIDINGTRK": 0,
        "YARDTRK": 0,
        "TRANSITTRK": 0,
        "INDUSTRYTR": 0,
        "OTHRTRK": 0,
        "WDCODE": "",
        "REVISIONDA": "1975/01/01 00:00:00",
        "LASTUPDATE": "8/28/2025",
        "AADT": "3100",
        "AADTYEAR": "2011",
        "STATENAME": "TEXAS",
        "STATEAB": "TX",
        "COUNTYNAME": "SAN PATRICIO",
        "CITYNAME": "SINTON",
        "LATDD": 28.054751,
        "LONGDD": -97.497121,
        "gridlyProductionCertified": true,
        "gridlyClassification": "PUBLIC_ROADWAY",
        "gridlyDisplayName": "TX 89",
        "gridlyId": "FRA-924162F"
      }
    },
    {
      "type": "Feature",
      "id": 209506,
      "geometry": {
        "type": "Point",
        "coordinates": [
          -97.8390440998865,
          28.1103615000237
        ]
      },
      "properties": {
        "OBJECTID": 209506,
        "CROSSING": "435595L",
        "EFFDATE": 1756252800000,
        "REASON": "14",
        "StateCode": "48",
        "CountyCode": "48409",
        "STCYFIPS": "48409",
        "CITYCD": "484094400",
        "RAILROAD": "UP",
        "RRDIV": "SOUTH TEXAS",
        "RRSUBDIV": "CORPUS CHRISTI SUB",
        "HIGHWAY": "NA",
        "STREET": "PRIVATE",
        "TTSTN": "688833",
        "MILEPOST": "0112.120",
        "TYPEXING": "Private",
        "POSXING": "At Grade",
        "PRVCAT": "14",
        "INIT": "1",
        "LATITUDE": 28.1103615,
        "LONGITUD": -97.8390441,
        "LLSOURCE": "1",
        "WHISTBAN": "0",
        "RRCONT": "4025443721",
        "POLCONT": "8008488715",
        "INV_LINK": "https://safetydata.fra.dot.gov/OfficeofSafety/PublicSite/Crossing/Crossing.aspx?phasetype=C&rpttype=I&txtcrossingnum=435595L",
        "ACC_LINK": "https://safetydata.fra.dot.gov/OfficeofSafety/PublicSite/Crossing/Crossing.aspx?phasetype=C&rpttype=A&txtcrossingnum=435595L",
        "TTSTNNAM": "",
        "XPURPOSE": "1",
        "OPERATINGR": "UP",
        "OPERATIN_1": "Primary",
        "DAYTHRU": 1,
        "NGHTTHRU": 1,
        "MAINTRK": 1,
        "SIDINGTRK": 0,
        "YARDTRK": 0,
        "TRANSITTRK": 0,
        "INDUSTRYTR": 0,
        "OTHRTRK": 0,
        "WDCODE": "",
        "REVISIONDA": "1975/01/01 00:00:00",
        "LASTUPDATE": "8/27/2025",
        "AADT": "1",
        "AADTYEAR": "1970",
        "STATENAME": "TEXAS",
        "STATEAB": "TX",
        "COUNTYNAME": "SAN PATRICIO",
        "CITYNAME": "MATHIS",
        "LATDD": 28.1103615,
        "LONGDD": -97.8390441,
        "gridlyProductionCertified": true,
        "gridlyClassification": "PUBLIC_ROADWAY",
        "gridlyDisplayName": "PRIVATE",
        "gridlyId": "FRA-435595L"
      }
    },
    {
      "type": "Feature",
      "id": 209507,
      "geometry": {
        "type": "Point",
        "coordinates": [
          -97.8403222004148,
          28.1118885002792
        ]
      },
      "properties": {
        "OBJECTID": 209507,
        "CROSSING": "435596T",
        "EFFDATE": 1756252800000,
        "REASON": "14",
        "StateCode": "48",
        "CountyCode": "48409",
        "STCYFIPS": "48409",
        "CITYCD": "484094400",
        "RAILROAD": "UP",
        "RRDIV": "SOUTH TEXAS",
        "RRSUBDIV": "CORPUS CHRISTI SUB",
        "HIGHWAY": "NA",
        "STREET": "PRIVATE",
        "TTSTN": "688833",
        "MILEPOST": "0112.010",
        "TYPEXING": "Private",
        "POSXING": "At Grade",
        "PRVCAT": "14",
        "INIT": "1",
        "LATITUDE": 28.1118885,
        "LONGITUD": -97.8403222,
        "LLSOURCE": "1",
        "WHISTBAN": "0",
        "RRCONT": "4025443721",
        "POLCONT": "8008488715",
        "INV_LINK": "https://safetydata.fra.dot.gov/OfficeofSafety/PublicSite/Crossing/Crossing.aspx?phasetype=C&rpttype=I&txtcrossingnum=435596T",
        "ACC_LINK": "https://safetydata.fra.dot.gov/OfficeofSafety/PublicSite/Crossing/Crossing.aspx?phasetype=C&rpttype=A&txtcrossingnum=435596T",
        "TTSTNNAM": "",
        "XPURPOSE": "1",
        "OPERATINGR": "UP",
        "OPERATIN_1": "Primary",
        "DAYTHRU": 1,
        "NGHTTHRU": 1,
        "MAINTRK": 1,
        "SIDINGTRK": 0,
        "YARDTRK": 0,
        "TRANSITTRK": 0,
        "INDUSTRYTR": 0,
        "OTHRTRK": 0,
        "WDCODE": "",
        "REVISIONDA": "1975/01/01 00:00:00",
        "LASTUPDATE": "8/27/2025",
        "AADT": "1",
        "AADTYEAR": "1970",
        "STATENAME": "TEXAS",
        "STATEAB": "TX",
        "COUNTYNAME": "SAN PATRICIO",
        "CITYNAME": "MATHIS",
        "LATDD": 28.1118885,
        "LONGDD": -97.8403222,
        "gridlyProductionCertified": true,
        "gridlyClassification": "PUBLIC_ROADWAY",
        "gridlyDisplayName": "PRIVATE",
        "gridlyId": "FRA-435596T"
      }
    },
    {
      "type": "Feature",
      "id": 209549,
      "geometry": {
        "type": "Point",
        "coordinates": [
          -97.7544929998686,
          28.0158048998717
        ]
      },
      "properties": {
        "OBJECTID": 209549,
        "CROSSING": "435580W",
        "EFFDATE": 1756252800000,
        "REASON": "14",
        "StateCode": "48",
        "CountyCode": "48409",
        "STCYFIPS": "48409",
        "CITYCD": "484092125",
        "RAILROAD": "UP",
        "RRDIV": "SOUTH TEXAS",
        "RRSUBDIV": "CORPUS CHRISTI SUB",
        "HIGHWAY": "NA",
        "STREET": "PRIVATE",
        "TTSTN": "688833",
        "MILEPOST": "0120.280",
        "TYPEXING": "Private",
        "POSXING": "At Grade",
        "PRVCAT": "14",
        "INIT": "1",
        "LATITUDE": 28.0158049,
        "LONGITUD": -97.754493,
        "LLSOURCE": "1",
        "WHISTBAN": "0",
        "RRCONT": "4025443721",
        "POLCONT": "8008488715",
        "INV_LINK": "https://safetydata.fra.dot.gov/OfficeofSafety/PublicSite/Crossing/Crossing.aspx?phasetype=C&rpttype=I&txtcrossingnum=435580W",
        "ACC_LINK": "https://safetydata.fra.dot.gov/OfficeofSafety/PublicSite/Crossing/Crossing.aspx?phasetype=C&rpttype=A&txtcrossingnum=435580W",
        "TTSTNNAM": "",
        "XPURPOSE": "1",
        "OPERATINGR": "UP",
        "OPERATIN_1": "Primary",
        "DAYTHRU": 1,
        "NGHTTHRU": 1,
        "MAINTRK": 1,
        "SIDINGTRK": 0,
        "YARDTRK": 0,
        "TRANSITTRK": 0,
        "INDUSTRYTR": 0,
        "OTHRTRK": 0,
        "WDCODE": "",
        "REVISIONDA": "1975/01/01 00:00:00",
        "LASTUPDATE": "8/27/2025",
        "AADT": "1",
        "AADTYEAR": "1970",
        "STATENAME": "TEXAS",
        "STATEAB": "TX",
        "COUNTYNAME": "SAN PATRICIO",
        "CITYNAME": "EDROY",
        "LATDD": 28.0158049,
        "LONGDD": -97.754493,
        "gridlyProductionCertified": true,
        "gridlyClassification": "PUBLIC_ROADWAY",
        "gridlyDisplayName": "PRIVATE",
        "gridlyId": "FRA-435580W"
      }
    },
    {
      "type": "Feature",
      "id": 209665,
      "geometry": {
        "type": "Point",
        "coordinates": [
          -97.8628835998796,
          28.1374239001778
        ]
      },
      "properties": {
        "OBJECTID": 209665,
        "CROSSING": "435601M",
        "EFFDATE": 1756252800000,
        "REASON": "14",
        "StateCode": "48",
        "CountyCode": "48409",
        "STCYFIPS": "48409",
        "CITYCD": "484094400",
        "RAILROAD": "UP",
        "RRDIV": "SOUTH TEXAS",
        "RRSUBDIV": "CORPUS CHRISTI SUB",
        "HIGHWAY": "NA",
        "STREET": "PRIVATE",
        "TTSTN": "688833",
        "MILEPOST": "0109.790",
        "TYPEXING": "Private",
        "POSXING": "At Grade",
        "PRVCAT": "14",
        "INIT": "1",
        "LATITUDE": 28.1374239,
        "LONGITUD": -97.8628836,
        "LLSOURCE": "1",
        "WHISTBAN": "0",
        "RRCONT": "4025443721",
        "POLCONT": "8008488715",
        "INV_LINK": "https://safetydata.fra.dot.gov/OfficeofSafety/PublicSite/Crossing/Crossing.aspx?phasetype=C&rpttype=I&txtcrossingnum=435601M",
        "ACC_LINK": "https://safetydata.fra.dot.gov/OfficeofSafety/PublicSite/Crossing/Crossing.aspx?phasetype=C&rpttype=A&txtcrossingnum=435601M",
        "TTSTNNAM": "",
        "XPURPOSE": "1",
        "OPERATINGR": "UP",
        "OPERATIN_1": "Primary",
        "DAYTHRU": 1,
        "NGHTTHRU": 1,
        "MAINTRK": 1,
        "SIDINGTRK": 0,
        "YARDTRK": 0,
        "TRANSITTRK": 0,
        "INDUSTRYTR": 0,
        "OTHRTRK": 0,
        "WDCODE": "",
        "REVISIONDA": "1975/01/01 00:00:00",
        "LASTUPDATE": "8/27/2025",
        "AADT": "1",
        "AADTYEAR": "1970",
        "STATENAME": "TEXAS",
        "STATEAB": "TX",
        "COUNTYNAME": "SAN PATRICIO",
        "CITYNAME": "MATHIS",
        "LATDD": 28.1374239,
        "LONGDD": -97.8628836,
        "gridlyProductionCertified": true,
        "gridlyClassification": "PUBLIC_ROADWAY",
        "gridlyDisplayName": "PRIVATE",
        "gridlyId": "FRA-435601M"
      }
    },
    {
      "type": "Feature",
      "id": 209675,
      "geometry": {
        "type": "Point",
        "coordinates": [
          -97.614752100147,
          27.9637102002068
        ]
      },
      "properties": {
        "OBJECTID": 209675,
        "CROSSING": "435744K",
        "EFFDATE": 1756252800000,
        "REASON": "14",
        "StateCode": "48",
        "CountyCode": "48409",
        "STCYFIPS": "48409",
        "CITYCD": "484095020",
        "RAILROAD": "UP",
        "RRDIV": "SOUTH TEXAS",
        "RRSUBDIV": "CORPUS CHRISTI SUB",
        "HIGHWAY": "NA",
        "STREET": "PRIVATE",
        "TTSTN": "687936",
        "MILEPOST": "0129.960",
        "TYPEXING": "Private",
        "POSXING": "At Grade",
        "PRVCAT": "14",
        "INIT": "1",
        "LATITUDE": 27.9637102,
        "LONGITUD": -97.6147521,
        "LLSOURCE": "1",
        "WHISTBAN": "0",
        "RRCONT": "4025443721",
        "POLCONT": "8008488715",
        "INV_LINK": "https://safetydata.fra.dot.gov/OfficeofSafety/PublicSite/Crossing/Crossing.aspx?phasetype=C&rpttype=I&txtcrossingnum=435744K",
        "ACC_LINK": "https://safetydata.fra.dot.gov/OfficeofSafety/PublicSite/Crossing/Crossing.aspx?phasetype=C&rpttype=A&txtcrossingnum=435744K",
        "TTSTNNAM": "",
        "XPURPOSE": "1",
        "OPERATINGR": "UP",
        "OPERATIN_1": "Primary",
        "DAYTHRU": 1,
        "NGHTTHRU": 1,
        "MAINTRK": 1,
        "SIDINGTRK": 0,
        "YARDTRK": 0,
        "TRANSITTRK": 0,
        "INDUSTRYTR": 0,
        "OTHRTRK": 0,
        "WDCODE": "",
        "REVISIONDA": "1975/01/01 00:00:00",
        "LASTUPDATE": "8/27/2025",
        "AADT": "1",
        "AADTYEAR": "1970",
        "STATENAME": "TEXAS",
        "STATEAB": "TX",
        "COUNTYNAME": "SAN PATRICIO",
        "CITYNAME": "ODEM",
        "LATDD": 27.9637102,
        "LONGDD": -97.6147521,
        "gridlyProductionCertified": true,
        "gridlyClassification": "PUBLIC_ROADWAY",
        "gridlyDisplayName": "PRIVATE",
        "gridlyId": "FRA-435744K"
      }
    },
    {
      "type": "Feature",
      "id": 209676,
      "geometry": {
        "type": "Point",
        "coordinates": [
          -97.7430284001754,
          28.0044353998063
        ]
      },
      "properties": {
        "OBJECTID": 209676,
        "CROSSING": "920357E",
        "EFFDATE": 1756252800000,
        "REASON": "14",
        "StateCode": "48",
        "CountyCode": "48409",
        "STCYFIPS": "48409",
        "CITYCD": "484092125",
        "RAILROAD": "UP",
        "RRDIV": "SOUTH TEXAS",
        "RRSUBDIV": "CORPUS CHRISTI SUB",
        "HIGHWAY": "NA",
        "STREET": "PRIVATE",
        "TTSTN": "688880",
        "MILEPOST": "0121.290",
        "TYPEXING": "Private",
        "POSXING": "At Grade",
        "PRVCAT": "14",
        "INIT": "1",
        "LATITUDE": 28.0044354,
        "LONGITUD": -97.7430284,
        "LLSOURCE": "1",
        "WHISTBAN": "0",
        "RRCONT": "4025443721",
        "POLCONT": "8008488715",
        "INV_LINK": "https://safetydata.fra.dot.gov/OfficeofSafety/PublicSite/Crossing/Crossing.aspx?phasetype=C&rpttype=I&txtcrossingnum=920357E",
        "ACC_LINK": "https://safetydata.fra.dot.gov/OfficeofSafety/PublicSite/Crossing/Crossing.aspx?phasetype=C&rpttype=A&txtcrossingnum=920357E",
        "TTSTNNAM": "",
        "XPURPOSE": "1",
        "OPERATINGR": "UP",
        "OPERATIN_1": "Primary",
        "DAYTHRU": 1,
        "NGHTTHRU": 1,
        "MAINTRK": 1,
        "SIDINGTRK": 0,
        "YARDTRK": 0,
        "TRANSITTRK": 0,
        "INDUSTRYTR": 0,
        "OTHRTRK": 0,
        "WDCODE": "",
        "REVISIONDA": "1975/01/01 00:00:00",
        "LASTUPDATE": "8/27/2025",
        "AADT": "1",
        "AADTYEAR": "",
        "STATENAME": "TEXAS",
        "STATEAB": "TX",
        "COUNTYNAME": "SAN PATRICIO",
        "CITYNAME": "EDROY",
        "LATDD": 28.0044354,
        "LONGDD": -97.7430284,
        "gridlyProductionCertified": true,
        "gridlyClassification": "PUBLIC_ROADWAY",
        "gridlyDisplayName": "PRIVATE",
        "gridlyId": "FRA-920357E"
      }
    },
    {
      "type": "Feature",
      "id": 209684,
      "geometry": {
        "type": "Point",
        "coordinates": [
          -97.629155799702,
          27.9659731000761
        ]
      },
      "properties": {
        "OBJECTID": 209684,
        "CROSSING": "920358L",
        "EFFDATE": 1756252800000,
        "REASON": "14",
        "StateCode": "48",
        "CountyCode": "48409",
        "STCYFIPS": "48409",
        "CITYCD": "484092125",
        "RAILROAD": "UP",
        "RRDIV": "SOUTH TEXAS",
        "RRSUBDIV": "CORPUS CHRISTI SUB",
        "HIGHWAY": "NA",
        "STREET": "PRIVATE",
        "TTSTN": "688880",
        "MILEPOST": "0129.070",
        "TYPEXING": "Private",
        "POSXING": "At Grade",
        "PRVCAT": "14",
        "INIT": "1",
        "LATITUDE": 27.9659731,
        "LONGITUD": -97.6291558,
        "LLSOURCE": "1",
        "WHISTBAN": "0",
        "RRCONT": "4025443721",
        "POLCONT": "8008488715",
        "INV_LINK": "https://safetydata.fra.dot.gov/OfficeofSafety/PublicSite/Crossing/Crossing.aspx?phasetype=C&rpttype=I&txtcrossingnum=920358L",
        "ACC_LINK": "https://safetydata.fra.dot.gov/OfficeofSafety/PublicSite/Crossing/Crossing.aspx?phasetype=C&rpttype=A&txtcrossingnum=920358L",
        "TTSTNNAM": "",
        "XPURPOSE": "1",
        "OPERATINGR": "UP",
        "OPERATIN_1": "Primary",
        "DAYTHRU": 1,
        "NGHTTHRU": 1,
        "MAINTRK": 1,
        "SIDINGTRK": 0,
        "YARDTRK": 0,
        "TRANSITTRK": 0,
        "INDUSTRYTR": 0,
        "OTHRTRK": 0,
        "WDCODE": "",
        "REVISIONDA": "1975/01/01 00:00:00",
        "LASTUPDATE": "8/27/2025",
        "AADT": "1",
        "AADTYEAR": "",
        "STATENAME": "TEXAS",
        "STATEAB": "TX",
        "COUNTYNAME": "SAN PATRICIO",
        "CITYNAME": "EDROY",
        "LATDD": 27.9659731,
        "LONGDD": -97.6291558,
        "gridlyProductionCertified": true,
        "gridlyClassification": "PUBLIC_ROADWAY",
        "gridlyDisplayName": "PRIVATE",
        "gridlyId": "FRA-920358L"
      }
    },
    {
      "type": "Feature",
      "id": 209707,
      "geometry": {
        "type": "Point",
        "coordinates": [
          -97.6708139995999,
          27.9725139996495
        ]
      },
      "properties": {
        "OBJECTID": 209707,
        "CROSSING": "435566B",
        "EFFDATE": 1756252800000,
        "REASON": "14",
        "StateCode": "48",
        "CountyCode": "48409",
        "STCYFIPS": "48409",
        "CITYCD": "484092125",
        "RAILROAD": "UP",
        "RRDIV": "SOUTH TEXAS",
        "RRSUBDIV": "CORPUS CHRISTI SUB",
        "HIGHWAY": "IH 0037",
        "STREET": "I 37 NORTH",
        "TTSTN": "688895",
        "MILEPOST": "0126.496",
        "TYPEXING": "Public",
        "POSXING": "RR Under",
        "PRVCAT": "14",
        "INIT": "1",
        "LATITUDE": 27.972514,
        "LONGITUD": -97.670814,
        "LLSOURCE": "1",
        "WHISTBAN": "0",
        "RRCONT": "4025443721",
        "POLCONT": "8008488715",
        "INV_LINK": "https://safetydata.fra.dot.gov/OfficeofSafety/PublicSite/Crossing/Crossing.aspx?phasetype=C&rpttype=I&txtcrossingnum=435566B",
        "ACC_LINK": "https://safetydata.fra.dot.gov/OfficeofSafety/PublicSite/Crossing/Crossing.aspx?phasetype=C&rpttype=A&txtcrossingnum=435566B",
        "TTSTNNAM": "",
        "XPURPOSE": "1",
        "OPERATINGR": "UP",
        "OPERATIN_1": "Primary",
        "DAYTHRU": 1,
        "NGHTTHRU": 1,
        "MAINTRK": 1,
        "SIDINGTRK": 0,
        "YARDTRK": 0,
        "TRANSITTRK": 0,
        "INDUSTRYTR": 0,
        "OTHRTRK": 0,
        "WDCODE": "",
        "REVISIONDA": "1975/01/01 00:00:00",
        "LASTUPDATE": "8/27/2025",
        "AADT": "20630",
        "AADTYEAR": "2011",
        "STATENAME": "TEXAS",
        "STATEAB": "TX",
        "COUNTYNAME": "SAN PATRICIO",
        "CITYNAME": "EDROY",
        "LATDD": 27.972514,
        "LONGDD": -97.670814,
        "gridlyProductionCertified": true,
        "gridlyClassification": "PUBLIC_ROADWAY",
        "gridlyDisplayName": "I 37 NORTH",
        "gridlyId": "FRA-435566B"
      }
    },
    {
      "type": "Feature",
      "id": 209708,
      "geometry": {
        "type": "Point",
        "coordinates": [
          -97.6712000002876,
          27.9725729999973
        ]
      },
      "properties": {
        "OBJECTID": 209708,
        "CROSSING": "435567H",
        "EFFDATE": 1756252800000,
        "REASON": "14",
        "StateCode": "48",
        "CountyCode": "48409",
        "STCYFIPS": "48409",
        "CITYCD": "484092125",
        "RAILROAD": "UP",
        "RRDIV": "SOUTH TEXAS",
        "RRSUBDIV": "CORPUS CHRISTI SUB",
        "HIGHWAY": "IH 0037",
        "STREET": "I 37 SOUTH",
        "TTSTN": "688895",
        "MILEPOST": "0126.471",
        "TYPEXING": "Public",
        "POSXING": "RR Under",
        "PRVCAT": "14",
        "INIT": "1",
        "LATITUDE": 27.972573,
        "LONGITUD": -97.6712,
        "LLSOURCE": "1",
        "WHISTBAN": "0",
        "RRCONT": "4025443721",
        "POLCONT": "8008488715",
        "INV_LINK": "https://safetydata.fra.dot.gov/OfficeofSafety/PublicSite/Crossing/Crossing.aspx?phasetype=C&rpttype=I&txtcrossingnum=435567H",
        "ACC_LINK": "https://safetydata.fra.dot.gov/OfficeofSafety/PublicSite/Crossing/Crossing.aspx?phasetype=C&rpttype=A&txtcrossingnum=435567H",
        "TTSTNNAM": "",
        "XPURPOSE": "1",
        "OPERATINGR": "UP",
        "OPERATIN_1": "Primary",
        "DAYTHRU": 1,
        "NGHTTHRU": 1,
        "MAINTRK": 1,
        "SIDINGTRK": 0,
        "YARDTRK": 0,
        "TRANSITTRK": 0,
        "INDUSTRYTR": 0,
        "OTHRTRK": 0,
        "WDCODE": "",
        "REVISIONDA": "1975/01/01 00:00:00",
        "LASTUPDATE": "8/27/2025",
        "AADT": "20630",
        "AADTYEAR": "2011",
        "STATENAME": "TEXAS",
        "STATEAB": "TX",
        "COUNTYNAME": "SAN PATRICIO",
        "CITYNAME": "EDROY",
        "LATDD": 27.972573,
        "LONGDD": -97.6712,
        "gridlyProductionCertified": true,
        "gridlyClassification": "PUBLIC_ROADWAY",
        "gridlyDisplayName": "I 37 SOUTH",
        "gridlyId": "FRA-435567H"
      }
    },
    {
      "type": "Feature",
      "id": 209712,
      "geometry": {
        "type": "Point",
        "coordinates": [
          -97.6719800002623,
          27.972685000367
        ]
      },
      "properties": {
        "OBJECTID": 209712,
        "CROSSING": "435568P",
        "EFFDATE": 1756252800000,
        "REASON": "14",
        "StateCode": "48",
        "CountyCode": "48409",
        "STCYFIPS": "48409",
        "CITYCD": "484092125",
        "RAILROAD": "UP",
        "RRDIV": "SOUTH TEXAS",
        "RRSUBDIV": "CORPUS CHRISTI SUB",
        "HIGHWAY": "IH 0037",
        "STREET": "I 37 SOUTH FRONTAGE",
        "TTSTN": "688895",
        "MILEPOST": "0126.426",
        "TYPEXING": "Public",
        "POSXING": "RR Over",
        "PRVCAT": "14",
        "INIT": "1",
        "LATITUDE": 27.972685,
        "LONGITUD": -97.67198,
        "LLSOURCE": "1",
        "WHISTBAN": "0",
        "RRCONT": "4025443721",
        "POLCONT": "8008488715",
        "INV_LINK": "https://safetydata.fra.dot.gov/OfficeofSafety/PublicSite/Crossing/Crossing.aspx?phasetype=C&rpttype=I&txtcrossingnum=435568P",
        "ACC_LINK": "https://safetydata.fra.dot.gov/OfficeofSafety/PublicSite/Crossing/Crossing.aspx?phasetype=C&rpttype=A&txtcrossingnum=435568P",
        "TTSTNNAM": "",
        "XPURPOSE": "1",
        "OPERATINGR": "UP",
        "OPERATIN_1": "Primary",
        "DAYTHRU": 1,
        "NGHTTHRU": 1,
        "MAINTRK": 1,
        "SIDINGTRK": 0,
        "YARDTRK": 0,
        "TRANSITTRK": 0,
        "INDUSTRYTR": 0,
        "OTHRTRK": 0,
        "WDCODE": "",
        "REVISIONDA": "1975/01/01 00:00:00",
        "LASTUPDATE": "8/27/2025",
        "AADT": "70",
        "AADTYEAR": "2011",
        "STATENAME": "TEXAS",
        "STATEAB": "TX",
        "COUNTYNAME": "SAN PATRICIO",
        "CITYNAME": "EDROY",
        "LATDD": 27.972685,
        "LONGDD": -97.67198,
        "gridlyProductionCertified": true,
        "gridlyClassification": "PUBLIC_ROADWAY",
        "gridlyDisplayName": "I 37 SOUTH FRONTAGE",
        "gridlyId": "FRA-435568P"
      }
    },
    {
      "type": "Feature",
      "id": 209718,
      "geometry": {
        "type": "Point",
        "coordinates": [
          -97.8203880003553,
          28.0926170002645
        ]
      },
      "properties": {
        "OBJECTID": 209718,
        "CROSSING": "435584Y",
        "EFFDATE": 1756252800000,
        "REASON": "14",
        "StateCode": "48",
        "CountyCode": "48409",
        "STCYFIPS": "48409",
        "CITYCD": "484094400",
        "RAILROAD": "UP",
        "RRDIV": "SOUTH TEXAS",
        "RRSUBDIV": "CORPUS CHRISTI SUB",
        "HIGHWAY": "SH 0359",
        "STREET": "TX 359",
        "TTSTN": "688833",
        "MILEPOST": "0113.597",
        "TYPEXING": "Public",
        "POSXING": "RR Over",
        "PRVCAT": "14",
        "INIT": "1",
        "LATITUDE": 28.092617,
        "LONGITUD": -97.820388,
        "LLSOURCE": "1",
        "WHISTBAN": "0",
        "RRCONT": "4025443721",
        "POLCONT": "8008488715",
        "INV_LINK": "https://safetydata.fra.dot.gov/OfficeofSafety/PublicSite/Crossing/Crossing.aspx?phasetype=C&rpttype=I&txtcrossingnum=435584Y",
        "ACC_LINK": "https://safetydata.fra.dot.gov/OfficeofSafety/PublicSite/Crossing/Crossing.aspx?phasetype=C&rpttype=A&txtcrossingnum=435584Y",
        "TTSTNNAM": "",
        "XPURPOSE": "1",
        "OPERATINGR": "UP",
        "OPERATIN_1": "Primary",
        "DAYTHRU": 1,
        "NGHTTHRU": 1,
        "MAINTRK": 1,
        "SIDINGTRK": 0,
        "YARDTRK": 0,
        "TRANSITTRK": 0,
        "INDUSTRYTR": 0,
        "OTHRTRK": 0,
        "WDCODE": "",
        "REVISIONDA": "1975/01/01 00:00:00",
        "LASTUPDATE": "8/27/2025",
        "AADT": "8000",
        "AADTYEAR": "2011",
        "STATENAME": "TEXAS",
        "STATEAB": "TX",
        "COUNTYNAME": "SAN PATRICIO",
        "CITYNAME": "MATHIS",
        "LATDD": 28.092617,
        "LONGDD": -97.820388,
        "gridlyProductionCertified": true,
        "gridlyClassification": "PUBLIC_ROADWAY",
        "gridlyDisplayName": "TX 359",
        "gridlyId": "FRA-435584Y"
      }
    },
    {
      "type": "Feature",
      "id": 209731,
      "geometry": {
        "type": "Point",
        "coordinates": [
          -97.4423849004476,
          28.1214597998906
        ]
      },
      "properties": {
        "OBJECTID": 209731,
        "CROSSING": "436006X",
        "EFFDATE": 1756339200000,
        "REASON": "14",
        "StateCode": "48",
        "CountyCode": "48409",
        "STCYFIPS": "48409",
        "CITYCD": "484096400",
        "RAILROAD": "UP",
        "RRDIV": "GULF COAST",
        "RRSUBDIV": "BROWNSVILLE SUB",
        "HIGHWAY": "PRIVATE",
        "STREET": "EAST WELDER RANCH ROAD",
        "TTSTN": "688840",
        "MILEPOST": "0169.190",
        "TYPEXING": "Private",
        "POSXING": "At Grade",
        "PRVCAT": "14",
        "INIT": "1",
        "LATITUDE": 28.1214598,
        "LONGITUD": -97.4423849,
        "LLSOURCE": "1",
        "WHISTBAN": "0",
        "RRCONT": "4025443721",
        "POLCONT": "8008488715",
        "INV_LINK": "https://safetydata.fra.dot.gov/OfficeofSafety/PublicSite/Crossing/Crossing.aspx?phasetype=C&rpttype=I&txtcrossingnum=436006X",
        "ACC_LINK": "https://safetydata.fra.dot.gov/OfficeofSafety/PublicSite/Crossing/Crossing.aspx?phasetype=C&rpttype=A&txtcrossingnum=436006X",
        "TTSTNNAM": "",
        "XPURPOSE": "1",
        "OPERATINGR": "UP",
        "OPERATIN_1": "Primary",
        "DAYTHRU": 9,
        "NGHTTHRU": 9,
        "MAINTRK": 1,
        "SIDINGTRK": 0,
        "YARDTRK": 0,
        "TRANSITTRK": 0,
        "INDUSTRYTR": 0,
        "OTHRTRK": 0,
        "WDCODE": "",
        "REVISIONDA": "1975/01/01 00:00:00",
        "LASTUPDATE": "8/28/2025",
        "AADT": "70",
        "AADTYEAR": "1992",
        "STATENAME": "TEXAS",
        "STATEAB": "TX",
        "COUNTYNAME": "SAN PATRICIO",
        "CITYNAME": "SINTON",
        "LATDD": 28.1214598,
        "LONGDD": -97.4423849,
        "gridlyProductionCertified": true,
        "gridlyClassification": "PUBLIC_ROADWAY",
        "gridlyDisplayName": "EAST WELDER RANCH ROAD",
        "gridlyId": "FRA-436006X"
      }
    },
    {
      "type": "Feature",
      "id": 209761,
      "geometry": {
        "type": "Point",
        "coordinates": [
          -97.3755640001094,
          27.9666443998183
        ]
      },
      "properties": {
        "OBJECTID": 209761,
        "CROSSING": "746405P",
        "EFFDATE": 1756166400000,
        "REASON": "14",
        "StateCode": "48",
        "CountyCode": "48409",
        "STCYFIPS": "48409",
        "CITYCD": "484096730",
        "RAILROAD": "UP",
        "RRDIV": "HOUSTON",
        "RRSUBDIV": "Kosmos Ind Ld",
        "HIGHWAY": "PRIVATE",
        "STREET": "PRIVATE",
        "TTSTN": "688872",
        "MILEPOST": "0009.344",
        "TYPEXING": "Private",
        "POSXING": "At Grade",
        "PRVCAT": "14",
        "INIT": "1",
        "LATITUDE": 27.9666444,
        "LONGITUD": -97.375564,
        "LLSOURCE": "1",
        "WHISTBAN": "0",
        "RRCONT": "4025443721",
        "POLCONT": "8008488715",
        "INV_LINK": "https://safetydata.fra.dot.gov/OfficeofSafety/PublicSite/Crossing/Crossing.aspx?phasetype=C&rpttype=I&txtcrossingnum=746405P",
        "ACC_LINK": "https://safetydata.fra.dot.gov/OfficeofSafety/PublicSite/Crossing/Crossing.aspx?phasetype=C&rpttype=A&txtcrossingnum=746405P",
        "TTSTNNAM": "",
        "XPURPOSE": "1",
        "OPERATINGR": "UP",
        "OPERATIN_1": "Primary",
        "DAYTHRU": 0,
        "NGHTTHRU": 0,
        "MAINTRK": 0,
        "SIDINGTRK": 0,
        "YARDTRK": 0,
        "TRANSITTRK": 0,
        "INDUSTRYTR": 1,
        "OTHRTRK": 0,
        "WDCODE": "",
        "REVISIONDA": "1975/01/01 00:00:00",
        "LASTUPDATE": "8/26/2025",
        "AADT": "1",
        "AADTYEAR": "1970",
        "STATENAME": "TEXAS",
        "STATEAB": "TX",
        "COUNTYNAME": "SAN PATRICIO",
        "CITYNAME": "TAFT",
        "LATDD": 27.9666444,
        "LONGDD": -97.375564,
        "gridlyProductionCertified": true,
        "gridlyClassification": "PUBLIC_ROADWAY",
        "gridlyDisplayName": "PRIVATE",
        "gridlyId": "FRA-746405P"
      }
    },
    {
      "type": "Feature",
      "id": 209762,
      "geometry": {
        "type": "Point",
        "coordinates": [
          -97.3646369998929,
          27.9609130001978
        ]
      },
      "properties": {
        "OBJECTID": 209762,
        "CROSSING": "746407D",
        "EFFDATE": 1756166400000,
        "REASON": "14",
        "StateCode": "48",
        "CountyCode": "48409",
        "STCYFIPS": "48409",
        "CITYCD": "484096730",
        "RAILROAD": "UP",
        "RRDIV": "HOUSTON",
        "RRSUBDIV": "Kosmos Ind Ld",
        "HIGHWAY": "PRIVATE",
        "STREET": "PRIVATE",
        "TTSTN": "688872",
        "MILEPOST": "0010.110",
        "TYPEXING": "Private",
        "POSXING": "At Grade",
        "PRVCAT": "14",
        "INIT": "1",
        "LATITUDE": 27.960913,
        "LONGITUD": -97.364637,
        "LLSOURCE": "1",
        "WHISTBAN": "0",
        "RRCONT": "4025443721",
        "POLCONT": "8008488715",
        "INV_LINK": "https://safetydata.fra.dot.gov/OfficeofSafety/PublicSite/Crossing/Crossing.aspx?phasetype=C&rpttype=I&txtcrossingnum=746407D",
        "ACC_LINK": "https://safetydata.fra.dot.gov/OfficeofSafety/PublicSite/Crossing/Crossing.aspx?phasetype=C&rpttype=A&txtcrossingnum=746407D",
        "TTSTNNAM": "",
        "XPURPOSE": "1",
        "OPERATINGR": "UP",
        "OPERATIN_1": "Primary",
        "DAYTHRU": 0,
        "NGHTTHRU": 0,
        "MAINTRK": 0,
        "SIDINGTRK": 0,
        "YARDTRK": 0,
        "TRANSITTRK": 0,
        "INDUSTRYTR": 1,
        "OTHRTRK": 0,
        "WDCODE": "",
        "REVISIONDA": "1975/01/01 00:00:00",
        "LASTUPDATE": "8/26/2025",
        "AADT": "1",
        "AADTYEAR": "1970",
        "STATENAME": "TEXAS",
        "STATEAB": "TX",
        "COUNTYNAME": "SAN PATRICIO",
        "CITYNAME": "TAFT",
        "LATDD": 27.960913,
        "LONGDD": -97.364637,
        "gridlyProductionCertified": true,
        "gridlyClassification": "PUBLIC_ROADWAY",
        "gridlyDisplayName": "PRIVATE",
        "gridlyId": "FRA-746407D"
      }
    },
    {
      "type": "Feature",
      "id": 209764,
      "geometry": {
        "type": "Point",
        "coordinates": [
          -97.2470329998502,
          27.8994159996078
        ]
      },
      "properties": {
        "OBJECTID": 209764,
        "CROSSING": "748427W",
        "EFFDATE": 1756166400000,
        "REASON": "14",
        "StateCode": "48",
        "CountyCode": "48409",
        "STCYFIPS": "48409",
        "CITYCD": "484093380",
        "RAILROAD": "UP",
        "RRDIV": "HOUSTON",
        "RRSUBDIV": "Kosmos Ind Ld",
        "HIGHWAY": "NA",
        "STREET": "PRIVATE INDUSTRY AEP TEXAS",
        "TTSTN": "688867",
        "MILEPOST": "0018.460",
        "TYPEXING": "Private",
        "POSXING": "At Grade",
        "PRVCAT": "14",
        "INIT": "1",
        "LATITUDE": 27.899416,
        "LONGITUD": -97.247033,
        "LLSOURCE": "1",
        "WHISTBAN": "0",
        "RRCONT": "4025443721",
        "POLCONT": "8008488715",
        "INV_LINK": "https://safetydata.fra.dot.gov/OfficeofSafety/PublicSite/Crossing/Crossing.aspx?phasetype=C&rpttype=I&txtcrossingnum=748427W",
        "ACC_LINK": "https://safetydata.fra.dot.gov/OfficeofSafety/PublicSite/Crossing/Crossing.aspx?phasetype=C&rpttype=A&txtcrossingnum=748427W",
        "TTSTNNAM": "",
        "XPURPOSE": "1",
        "OPERATINGR": "UP",
        "OPERATIN_1": "Primary",
        "DAYTHRU": 0,
        "NGHTTHRU": 0,
        "MAINTRK": 0,
        "SIDINGTRK": 0,
        "YARDTRK": 0,
        "TRANSITTRK": 0,
        "INDUSTRYTR": 1,
        "OTHRTRK": 0,
        "WDCODE": "",
        "REVISIONDA": "1975/01/01 00:00:00",
        "LASTUPDATE": "8/26/2025",
        "AADT": "1",
        "AADTYEAR": "",
        "STATENAME": "TEXAS",
        "STATEAB": "TX",
        "COUNTYNAME": "SAN PATRICIO",
        "CITYNAME": "INGLESIDE",
        "LATDD": 27.899416,
        "LONGDD": -97.247033,
        "gridlyProductionCertified": true,
        "gridlyClassification": "PUBLIC_ROADWAY",
        "gridlyDisplayName": "PRIVATE INDUSTRY AEP TEXAS",
        "gridlyId": "FRA-748427W"
      }
    },
    {
      "type": "Feature",
      "id": 209765,
      "geometry": {
        "type": "Point",
        "coordinates": [
          -97.1809669996593,
          27.8733880000021
        ]
      },
      "properties": {
        "OBJECTID": 209765,
        "CROSSING": "748428D",
        "EFFDATE": 1756166400000,
        "REASON": "14",
        "StateCode": "48",
        "CountyCode": "48409",
        "STCYFIPS": "48409",
        "CITYCD": "484093380",
        "RAILROAD": "UP",
        "RRDIV": "HOUSTON",
        "RRSUBDIV": "Kosmos Ind Ld",
        "HIGHWAY": "NA",
        "STREET": "PRIVATE",
        "TTSTN": "688867",
        "MILEPOST": "0023.080",
        "TYPEXING": "Private",
        "POSXING": "At Grade",
        "PRVCAT": "14",
        "INIT": "1",
        "LATITUDE": 27.873388,
        "LONGITUD": -97.180967,
        "LLSOURCE": "1",
        "WHISTBAN": "0",
        "RRCONT": "4025443721",
        "POLCONT": "8008488715",
        "INV_LINK": "https://safetydata.fra.dot.gov/OfficeofSafety/PublicSite/Crossing/Crossing.aspx?phasetype=C&rpttype=I&txtcrossingnum=748428D",
        "ACC_LINK": "https://safetydata.fra.dot.gov/OfficeofSafety/PublicSite/Crossing/Crossing.aspx?phasetype=C&rpttype=A&txtcrossingnum=748428D",
        "TTSTNNAM": "",
        "XPURPOSE": "1",
        "OPERATINGR": "UP",
        "OPERATIN_1": "Primary",
        "DAYTHRU": 0,
        "NGHTTHRU": 0,
        "MAINTRK": 0,
        "SIDINGTRK": 0,
        "YARDTRK": 0,
        "TRANSITTRK": 0,
        "INDUSTRYTR": 1,
        "OTHRTRK": 0,
        "WDCODE": "",
        "REVISIONDA": "1975/01/01 00:00:00",
        "LASTUPDATE": "8/26/2025",
        "AADT": "1",
        "AADTYEAR": "",
        "STATENAME": "TEXAS",
        "STATEAB": "TX",
        "COUNTYNAME": "SAN PATRICIO",
        "CITYNAME": "INGLESIDE",
        "LATDD": 27.873388,
        "LONGDD": -97.180967,
        "gridlyProductionCertified": true,
        "gridlyClassification": "PUBLIC_ROADWAY",
        "gridlyDisplayName": "PRIVATE",
        "gridlyId": "FRA-748428D"
      }
    },
    {
      "type": "Feature",
      "id": 209768,
      "geometry": {
        "type": "Point",
        "coordinates": [
          -97.3402954997594,
          27.948217600242
        ]
      },
      "properties": {
        "OBJECTID": 209768,
        "CROSSING": "746409S",
        "EFFDATE": 1756166400000,
        "REASON": "14",
        "StateCode": "48",
        "CountyCode": "48409",
        "STCYFIPS": "48409",
        "CITYCD": "484092871",
        "RAILROAD": "UP",
        "RRDIV": "HOUSTON",
        "RRSUBDIV": "Kosmos Ind Ld",
        "HIGHWAY": "PRIVATE",
        "STREET": "PRIVATE",
        "TTSTN": "688875",
        "MILEPOST": "0011.843",
        "TYPEXING": "Private",
        "POSXING": "At Grade",
        "PRVCAT": "14",
        "INIT": "1",
        "LATITUDE": 27.9482176,
        "LONGITUD": -97.3402955,
        "LLSOURCE": "1",
        "WHISTBAN": "0",
        "RRCONT": "4025443721",
        "POLCONT": "8008488715",
        "INV_LINK": "https://safetydata.fra.dot.gov/OfficeofSafety/PublicSite/Crossing/Crossing.aspx?phasetype=C&rpttype=I&txtcrossingnum=746409S",
        "ACC_LINK": "https://safetydata.fra.dot.gov/OfficeofSafety/PublicSite/Crossing/Crossing.aspx?phasetype=C&rpttype=A&txtcrossingnum=746409S",
        "TTSTNNAM": "",
        "XPURPOSE": "1",
        "OPERATINGR": "UP",
        "OPERATIN_1": "Primary",
        "DAYTHRU": 0,
        "NGHTTHRU": 0,
        "MAINTRK": 0,
        "SIDINGTRK": 0,
        "YARDTRK": 0,
        "TRANSITTRK": 0,
        "INDUSTRYTR": 1,
        "OTHRTRK": 0,
        "WDCODE": "",
        "REVISIONDA": "1975/01/01 00:00:00",
        "LASTUPDATE": "8/26/2025",
        "AADT": "1",
        "AADTYEAR": "1970",
        "STATENAME": "TEXAS",
        "STATEAB": "TX",
        "COUNTYNAME": "SAN PATRICIO",
        "CITYNAME": "GREGORY",
        "LATDD": 27.9482176,
        "LONGDD": -97.3402955,
        "gridlyProductionCertified": true,
        "gridlyClassification": "PUBLIC_ROADWAY",
        "gridlyDisplayName": "PRIVATE",
        "gridlyId": "FRA-746409S"
      }
    },
    {
      "type": "Feature",
      "id": 209769,
      "geometry": {
        "type": "Point",
        "coordinates": [
          -97.2806079998198,
          27.9169969999982
        ]
      },
      "properties": {
        "OBJECTID": 209769,
        "CROSSING": "748429K",
        "EFFDATE": 1756166400000,
        "REASON": "14",
        "StateCode": "48",
        "CountyCode": "48409",
        "STCYFIPS": "48409",
        "CITYCD": "484092871",
        "RAILROAD": "UP",
        "RRDIV": "HOUSTON",
        "RRSUBDIV": "Kosmos Ind Ld",
        "HIGHWAY": "SH 0035",
        "STREET": "TX 35",
        "TTSTN": "688875",
        "MILEPOST": "0016.070",
        "TYPEXING": "Public",
        "POSXING": "RR Under",
        "PRVCAT": "14",
        "INIT": "1",
        "LATITUDE": 27.916997,
        "LONGITUD": -97.280608,
        "LLSOURCE": "1",
        "WHISTBAN": "0",
        "RRCONT": "4025443721",
        "POLCONT": "8008488715",
        "INV_LINK": "https://safetydata.fra.dot.gov/OfficeofSafety/PublicSite/Crossing/Crossing.aspx?phasetype=C&rpttype=I&txtcrossingnum=748429K",
        "ACC_LINK": "https://safetydata.fra.dot.gov/OfficeofSafety/PublicSite/Crossing/Crossing.aspx?phasetype=C&rpttype=A&txtcrossingnum=748429K",
        "TTSTNNAM": "",
        "XPURPOSE": "1",
        "OPERATINGR": "UP",
        "OPERATIN_1": "Primary",
        "DAYTHRU": 0,
        "NGHTTHRU": 0,
        "MAINTRK": 0,
        "SIDINGTRK": 0,
        "YARDTRK": 0,
        "TRANSITTRK": 0,
        "INDUSTRYTR": 1,
        "OTHRTRK": 0,
        "WDCODE": "",
        "REVISIONDA": "1975/01/01 00:00:00",
        "LASTUPDATE": "8/26/2025",
        "AADT": "10220",
        "AADTYEAR": "2011",
        "STATENAME": "TEXAS",
        "STATEAB": "TX",
        "COUNTYNAME": "SAN PATRICIO",
        "CITYNAME": "GREGORY",
        "LATDD": 27.916997,
        "LONGDD": -97.280608,
        "gridlyProductionCertified": true,
        "gridlyClassification": "PUBLIC_ROADWAY",
        "gridlyDisplayName": "TX 35",
        "gridlyId": "FRA-748429K"
      }
    },
    {
      "type": "Feature",
      "id": 209770,
      "geometry": {
        "type": "Point",
        "coordinates": [
          -97.2888820001179,
          27.92132859979
        ]
      },
      "properties": {
        "OBJECTID": 209770,
        "CROSSING": "746279X",
        "EFFDATE": 1756166400000,
        "REASON": "14",
        "StateCode": "48",
        "CountyCode": "48409",
        "STCYFIPS": "48409",
        "CITYCD": "484092871",
        "RAILROAD": "UP",
        "RRDIV": "HOUSTON",
        "RRSUBDIV": "Kosmos Ind Ld",
        "HIGHWAY": "PRIVATE",
        "STREET": "PRIVATE INDUSTRY GREGORY ELEVATOR",
        "TTSTN": "688875",
        "MILEPOST": "0015.490",
        "TYPEXING": "Private",
        "POSXING": "At Grade",
        "PRVCAT": "14",
        "INIT": "1",
        "LATITUDE": 27.9213286,
        "LONGITUD": -97.288882,
        "LLSOURCE": "1",
        "WHISTBAN": "0",
        "RRCONT": "4025443721",
        "POLCONT": "8008488715",
        "INV_LINK": "https://safetydata.fra.dot.gov/OfficeofSafety/PublicSite/Crossing/Crossing.aspx?phasetype=C&rpttype=I&txtcrossingnum=746279X",
        "ACC_LINK": "https://safetydata.fra.dot.gov/OfficeofSafety/PublicSite/Crossing/Crossing.aspx?phasetype=C&rpttype=A&txtcrossingnum=746279X",
        "TTSTNNAM": "",
        "XPURPOSE": "1",
        "OPERATINGR": "UP",
        "OPERATIN_1": "Primary",
        "DAYTHRU": 0,
        "NGHTTHRU": 0,
        "MAINTRK": 0,
        "SIDINGTRK": 0,
        "YARDTRK": 0,
        "TRANSITTRK": 0,
        "INDUSTRYTR": 1,
        "OTHRTRK": 0,
        "WDCODE": "",
        "REVISIONDA": "1975/01/01 00:00:00",
        "LASTUPDATE": "8/26/2025",
        "AADT": "1",
        "AADTYEAR": "1970",
        "STATENAME": "TEXAS",
        "STATEAB": "TX",
        "COUNTYNAME": "SAN PATRICIO",
        "CITYNAME": "GREGORY",
        "LATDD": 27.9213286,
        "LONGDD": -97.288882,
        "gridlyProductionCertified": true,
        "gridlyClassification": "PUBLIC_ROADWAY",
        "gridlyDisplayName": "PRIVATE INDUSTRY GREGORY ELEVATOR",
        "gridlyId": "FRA-746279X"
      }
    },
    {
      "type": "Feature",
      "id": 209772,
      "geometry": {
        "type": "Point",
        "coordinates": [
          -97.2281410997435,
          27.8895202998436
        ]
      },
      "properties": {
        "OBJECTID": 209772,
        "CROSSING": "746290X",
        "EFFDATE": 1756166400000,
        "REASON": "14",
        "StateCode": "48",
        "CountyCode": "48409",
        "STCYFIPS": "48409",
        "CITYCD": "484093380",
        "RAILROAD": "UP",
        "RRDIV": "HOUSTON",
        "RRSUBDIV": "Kosmos Ind Ld",
        "HIGHWAY": "PRIVATE",
        "STREET": "PRIVATE",
        "TTSTN": "688867",
        "MILEPOST": "0019.800",
        "TYPEXING": "Private",
        "POSXING": "At Grade",
        "PRVCAT": "14",
        "INIT": "1",
        "LATITUDE": 27.8895203,
        "LONGITUD": -97.2281411,
        "LLSOURCE": "1",
        "WHISTBAN": "0",
        "RRCONT": "4025443721",
        "POLCONT": "8008488715",
        "INV_LINK": "https://safetydata.fra.dot.gov/OfficeofSafety/PublicSite/Crossing/Crossing.aspx?phasetype=C&rpttype=I&txtcrossingnum=746290X",
        "ACC_LINK": "https://safetydata.fra.dot.gov/OfficeofSafety/PublicSite/Crossing/Crossing.aspx?phasetype=C&rpttype=A&txtcrossingnum=746290X",
        "TTSTNNAM": "",
        "XPURPOSE": "1",
        "OPERATINGR": "UP",
        "OPERATIN_1": "Primary",
        "DAYTHRU": 0,
        "NGHTTHRU": 0,
        "MAINTRK": 0,
        "SIDINGTRK": 0,
        "YARDTRK": 0,
        "TRANSITTRK": 0,
        "INDUSTRYTR": 1,
        "OTHRTRK": 0,
        "WDCODE": "",
        "REVISIONDA": "1975/01/01 00:00:00",
        "LASTUPDATE": "8/26/2025",
        "AADT": "1",
        "AADTYEAR": "1970",
        "STATENAME": "TEXAS",
        "STATEAB": "TX",
        "COUNTYNAME": "SAN PATRICIO",
        "CITYNAME": "INGLESIDE",
        "LATDD": 27.8895203,
        "LONGDD": -97.2281411,
        "gridlyProductionCertified": true,
        "gridlyClassification": "PUBLIC_ROADWAY",
        "gridlyDisplayName": "PRIVATE",
        "gridlyId": "FRA-746290X"
      }
    },
    {
      "type": "Feature",
      "id": 209773,
      "geometry": {
        "type": "Point",
        "coordinates": [
          -97.2125684997644,
          27.8813582003779
        ]
      },
      "properties": {
        "OBJECTID": 209773,
        "CROSSING": "746293T",
        "EFFDATE": 1756166400000,
        "REASON": "14",
        "StateCode": "48",
        "CountyCode": "48409",
        "STCYFIPS": "48409",
        "CITYCD": "484093380",
        "RAILROAD": "UP",
        "RRDIV": "HOUSTON",
        "RRSUBDIV": "Kosmos Ind Ld",
        "HIGHWAY": "PRIVATE",
        "STREET": "PRIVATE",
        "TTSTN": "688867",
        "MILEPOST": "0020.904",
        "TYPEXING": "Private",
        "POSXING": "At Grade",
        "PRVCAT": "14",
        "INIT": "1",
        "LATITUDE": 27.8813582,
        "LONGITUD": -97.2125685,
        "LLSOURCE": "1",
        "WHISTBAN": "0",
        "RRCONT": "4025443721",
        "POLCONT": "8008488715",
        "INV_LINK": "https://safetydata.fra.dot.gov/OfficeofSafety/PublicSite/Crossing/Crossing.aspx?phasetype=C&rpttype=I&txtcrossingnum=746293T",
        "ACC_LINK": "https://safetydata.fra.dot.gov/OfficeofSafety/PublicSite/Crossing/Crossing.aspx?phasetype=C&rpttype=A&txtcrossingnum=746293T",
        "TTSTNNAM": "",
        "XPURPOSE": "1",
        "OPERATINGR": "UP",
        "OPERATIN_1": "Primary",
        "DAYTHRU": 0,
        "NGHTTHRU": 0,
        "MAINTRK": 0,
        "SIDINGTRK": 0,
        "YARDTRK": 0,
        "TRANSITTRK": 0,
        "INDUSTRYTR": 1,
        "OTHRTRK": 0,
        "WDCODE": "",
        "REVISIONDA": "1975/01/01 00:00:00",
        "LASTUPDATE": "8/26/2025",
        "AADT": "1",
        "AADTYEAR": "1970",
        "STATENAME": "TEXAS",
        "STATEAB": "TX",
        "COUNTYNAME": "SAN PATRICIO",
        "CITYNAME": "INGLESIDE",
        "LATDD": 27.8813582,
        "LONGDD": -97.2125685,
        "gridlyProductionCertified": true,
        "gridlyClassification": "PUBLIC_ROADWAY",
        "gridlyDisplayName": "PRIVATE",
        "gridlyId": "FRA-746293T"
      }
    },
    {
      "type": "Feature",
      "id": 209884,
      "geometry": {
        "type": "Point",
        "coordinates": [
          -97.2876040002008,
          27.9206409997117
        ]
      },
      "properties": {
        "OBJECTID": 209884,
        "CROSSING": "746280S",
        "EFFDATE": 1756166400000,
        "REASON": "14",
        "StateCode": "48",
        "CountyCode": "48409",
        "STCYFIPS": "48409",
        "CITYCD": "484092871",
        "RAILROAD": "UP",
        "RRDIV": "HOUSTON",
        "RRSUBDIV": "Kosmos Ind Ld",
        "HIGHWAY": "ST 0000",
        "STREET": "POLK STREET",
        "TTSTN": "688875",
        "MILEPOST": "0015.580",
        "TYPEXING": "Public",
        "POSXING": "At Grade",
        "PRVCAT": "14",
        "INIT": "1",
        "LATITUDE": 27.920641,
        "LONGITUD": -97.287604,
        "LLSOURCE": "1",
        "WHISTBAN": "0",
        "RRCONT": "4025443721",
        "POLCONT": "8008488715",
        "INV_LINK": "https://safetydata.fra.dot.gov/OfficeofSafety/PublicSite/Crossing/Crossing.aspx?phasetype=C&rpttype=I&txtcrossingnum=746280S",
        "ACC_LINK": "https://safetydata.fra.dot.gov/OfficeofSafety/PublicSite/Crossing/Crossing.aspx?phasetype=C&rpttype=A&txtcrossingnum=746280S",
        "TTSTNNAM": "",
        "XPURPOSE": "1",
        "OPERATINGR": "UP",
        "OPERATIN_1": "Primary",
        "DAYTHRU": 0,
        "NGHTTHRU": 0,
        "MAINTRK": 0,
        "SIDINGTRK": 0,
        "YARDTRK": 0,
        "TRANSITTRK": 0,
        "INDUSTRYTR": 1,
        "OTHRTRK": 1,
        "WDCODE": "Crossbucks",
        "REVISIONDA": "1975/01/01 00:00:00",
        "LASTUPDATE": "8/26/2025",
        "AADT": "619",
        "AADTYEAR": "1998",
        "STATENAME": "TEXAS",
        "STATEAB": "TX",
        "COUNTYNAME": "SAN PATRICIO",
        "CITYNAME": "GREGORY",
        "LATDD": 27.920641,
        "LONGDD": -97.287604,
        "gridlyProductionCertified": true,
        "gridlyClassification": "PUBLIC_ROADWAY",
        "gridlyDisplayName": "POLK STREET",
        "gridlyId": "FRA-746280S"
      }
    },
    {
      "type": "Feature",
      "id": 209885,
      "geometry": {
        "type": "Point",
        "coordinates": [
          -97.2566119998295,
          27.9044290003285
        ]
      },
      "properties": {
        "OBJECTID": 209885,
        "CROSSING": "746287P",
        "EFFDATE": 1756166400000,
        "REASON": "14",
        "StateCode": "48",
        "CountyCode": "48409",
        "STCYFIPS": "48409",
        "CITYCD": "484092871",
        "RAILROAD": "UP",
        "RRDIV": "HOUSTON",
        "RRSUBDIV": "Kosmos Ind Ld",
        "HIGHWAY": "PRIVATE",
        "STREET": "PRIVATE INDUSTRY SAN PATRICIO WATER",
        "TTSTN": "688875",
        "MILEPOST": "0017.780",
        "TYPEXING": "Private",
        "POSXING": "At Grade",
        "PRVCAT": "14",
        "INIT": "1",
        "LATITUDE": 27.904429,
        "LONGITUD": -97.256612,
        "LLSOURCE": "1",
        "WHISTBAN": "0",
        "RRCONT": "4025443721",
        "POLCONT": "8008488715",
        "INV_LINK": "https://safetydata.fra.dot.gov/OfficeofSafety/PublicSite/Crossing/Crossing.aspx?phasetype=C&rpttype=I&txtcrossingnum=746287P",
        "ACC_LINK": "https://safetydata.fra.dot.gov/OfficeofSafety/PublicSite/Crossing/Crossing.aspx?phasetype=C&rpttype=A&txtcrossingnum=746287P",
        "TTSTNNAM": "",
        "XPURPOSE": "1",
        "OPERATINGR": "UP",
        "OPERATIN_1": "Primary",
        "DAYTHRU": 0,
        "NGHTTHRU": 0,
        "MAINTRK": 0,
        "SIDINGTRK": 0,
        "YARDTRK": 0,
        "TRANSITTRK": 0,
        "INDUSTRYTR": 1,
        "OTHRTRK": 0,
        "WDCODE": "",
        "REVISIONDA": "1975/01/01 00:00:00",
        "LASTUPDATE": "8/26/2025",
        "AADT": "1",
        "AADTYEAR": "1970",
        "STATENAME": "TEXAS",
        "STATEAB": "TX",
        "COUNTYNAME": "SAN PATRICIO",
        "CITYNAME": "GREGORY",
        "LATDD": 27.904429,
        "LONGDD": -97.256612,
        "gridlyProductionCertified": true,
        "gridlyClassification": "PUBLIC_ROADWAY",
        "gridlyDisplayName": "PRIVATE INDUSTRY SAN PATRICIO WATER",
        "gridlyId": "FRA-746287P"
      }
    },
    {
      "type": "Feature",
      "id": 209997,
      "geometry": {
        "type": "Point",
        "coordinates": [
          -97.72841999972,
          27.98994199972
        ]
      },
      "properties": {
        "OBJECTID": 209997,
        "CROSSING": "435576G",
        "EFFDATE": 1756252800000,
        "REASON": "14",
        "StateCode": "48",
        "CountyCode": "48409",
        "STCYFIPS": "48409",
        "CITYCD": "484092125",
        "RAILROAD": "UP",
        "RRDIV": "SOUTH TEXAS",
        "RRSUBDIV": "CORPUS CHRISTI SUB",
        "HIGHWAY": "NA",
        "STREET": "PRIVATE",
        "TTSTN": "688895",
        "MILEPOST": "0122.650",
        "TYPEXING": "Private",
        "POSXING": "At Grade",
        "PRVCAT": "14",
        "INIT": "1",
        "LATITUDE": 27.989942,
        "LONGITUD": -97.72842,
        "LLSOURCE": "1",
        "WHISTBAN": "0",
        "RRCONT": "4025443721",
        "POLCONT": "8008488715",
        "INV_LINK": "https://safetydata.fra.dot.gov/OfficeofSafety/PublicSite/Crossing/Crossing.aspx?phasetype=C&rpttype=I&txtcrossingnum=435576G",
        "ACC_LINK": "https://safetydata.fra.dot.gov/OfficeofSafety/PublicSite/Crossing/Crossing.aspx?phasetype=C&rpttype=A&txtcrossingnum=435576G",
        "TTSTNNAM": "",
        "XPURPOSE": "1",
        "OPERATINGR": "UP",
        "OPERATIN_1": "Primary",
        "DAYTHRU": 4,
        "NGHTTHRU": 4,
        "MAINTRK": 1,
        "SIDINGTRK": 0,
        "YARDTRK": 0,
        "TRANSITTRK": 0,
        "INDUSTRYTR": 0,
        "OTHRTRK": 0,
        "WDCODE": "",
        "REVISIONDA": "1975/01/01 00:00:00",
        "LASTUPDATE": "8/27/2025",
        "AADT": "",
        "AADTYEAR": "1970",
        "STATENAME": "TEXAS",
        "STATEAB": "TX",
        "COUNTYNAME": "SAN PATRICIO",
        "CITYNAME": "EDROY",
        "LATDD": 27.989942,
        "LONGDD": -97.72842,
        "gridlyProductionCertified": true,
        "gridlyClassification": "PUBLIC_ROADWAY",
        "gridlyDisplayName": "PRIVATE",
        "gridlyId": "FRA-435576G"
      }
    },
    {
      "type": "Feature",
      "id": 210844,
      "geometry": {
        "type": "Point",
        "coordinates": [
          -97.5574876996851,
          27.8634186997425
        ]
      },
      "properties": {
        "OBJECTID": 210844,
        "CROSSING": "921099F",
        "EFFDATE": 1756252800000,
        "REASON": "14",
        "StateCode": "48",
        "CountyCode": "48355",
        "STCYFIPS": "48355",
        "CITYCD": "483551550",
        "RAILROAD": "UP",
        "RRDIV": "GULF COAST",
        "RRSUBDIV": "CORPUS CHRISTI SUB",
        "HIGHWAY": "NA",
        "STREET": "Private",
        "TTSTN": "689150",
        "MILEPOST": "0138.480",
        "TYPEXING": "Private",
        "POSXING": "At Grade",
        "PRVCAT": "14",
        "INIT": "1",
        "LATITUDE": 27.8634187,
        "LONGITUD": -97.5574877,
        "LLSOURCE": "1",
        "WHISTBAN": "0",
        "RRCONT": "4025443721",
        "POLCONT": "8008488715",
        "INV_LINK": "https://safetydata.fra.dot.gov/OfficeofSafety/PublicSite/Crossing/Crossing.aspx?phasetype=C&rpttype=I&txtcrossingnum=921099F",
        "ACC_LINK": "https://safetydata.fra.dot.gov/OfficeofSafety/PublicSite/Crossing/Crossing.aspx?phasetype=C&rpttype=A&txtcrossingnum=921099F",
        "TTSTNNAM": "",
        "XPURPOSE": "1",
        "OPERATINGR": "UP",
        "OPERATIN_1": "Primary",
        "DAYTHRU": 3,
        "NGHTTHRU": 3,
        "MAINTRK": 1,
        "SIDINGTRK": 0,
        "YARDTRK": 0,
        "TRANSITTRK": 0,
        "INDUSTRYTR": 0,
        "OTHRTRK": 0,
        "WDCODE": "",
        "REVISIONDA": "1975/01/01 00:00:00",
        "LASTUPDATE": "8/27/2025",
        "AADT": "1",
        "AADTYEAR": "",
        "STATENAME": "TEXAS",
        "STATEAB": "TX",
        "COUNTYNAME": "NUECES",
        "CITYNAME": "CORPUS CHRISTI",
        "LATDD": 27.8634187,
        "LONGDD": -97.5574877,
        "gridlyProductionCertified": true,
        "gridlyClassification": "PUBLIC_ROADWAY",
        "gridlyDisplayName": "Private",
        "gridlyId": "FRA-921099F"
      }
    },
    {
      "type": "Feature",
      "id": 211993,
      "geometry": {
        "type": "Point",
        "coordinates": [
          -97.3204340003558,
          27.9367479997844
        ]
      },
      "properties": {
        "OBJECTID": 211993,
        "CROSSING": "975193U",
        "EFFDATE": 1759104000000,
        "REASON": "14",
        "StateCode": "48",
        "CountyCode": "48409",
        "STCYFIPS": "48409",
        "CITYCD": "484092871",
        "RAILROAD": "UP",
        "RRDIV": "Gulf Coast",
        "RRSUBDIV": "Kosmos Ind Ld",
        "HIGHWAY": "NA",
        "STREET": "All Private in Industry-The PPAR",
        "TTSTN": "",
        "MILEPOST": "0013.290",
        "TYPEXING": "Private",
        "POSXING": "At Grade",
        "PRVCAT": "14",
        "INIT": "1",
        "LATITUDE": 27.936748,
        "LONGITUD": -97.320434,
        "LLSOURCE": "1",
        "WHISTBAN": "",
        "RRCONT": "4025443721",
        "POLCONT": "5555555555",
        "INV_LINK": "https://safetydata.fra.dot.gov/OfficeofSafety/PublicSite/Crossing/Crossing.aspx?phasetype=C&rpttype=I&txtcrossingnum=975193U",
        "ACC_LINK": "https://safetydata.fra.dot.gov/OfficeofSafety/PublicSite/Crossing/Crossing.aspx?phasetype=C&rpttype=A&txtcrossingnum=975193U",
        "TTSTNNAM": "",
        "XPURPOSE": "1",
        "OPERATINGR": "UP",
        "OPERATIN_1": "Primary",
        "DAYTHRU": 0,
        "NGHTTHRU": 0,
        "MAINTRK": 0,
        "SIDINGTRK": 0,
        "YARDTRK": 0,
        "TRANSITTRK": 0,
        "INDUSTRYTR": 3,
        "OTHRTRK": 0,
        "WDCODE": "",
        "REVISIONDA": "1975/01/01 00:00:00",
        "LASTUPDATE": "9/29/2025",
        "AADT": "",
        "AADTYEAR": "",
        "STATENAME": "TEXAS",
        "STATEAB": "TX",
        "COUNTYNAME": "SAN PATRICIO",
        "CITYNAME": "GREGORY",
        "LATDD": 27.936748,
        "LONGDD": -97.320434,
        "gridlyProductionCertified": true,
        "gridlyClassification": "PUBLIC_ROADWAY",
        "gridlyDisplayName": "All Private in Industry-The PPAR",
        "gridlyId": "FRA-975193U"
      }
    },
    {
      "type": "Feature",
      "id": 212019,
      "geometry": {
        "type": "Point",
        "coordinates": [
          -97.1735689995954,
          27.8748759997498
        ]
      },
      "properties": {
        "OBJECTID": 212019,
        "CROSSING": "410990Y",
        "EFFDATE": 1758499200000,
        "REASON": "14",
        "StateCode": "48",
        "CountyCode": "48409",
        "STCYFIPS": "48409",
        "CITYCD": "484093380",
        "RAILROAD": "UP",
        "RRDIV": "HOUSTON",
        "RRSUBDIV": "Kosmos Ind Ld",
        "HIGHWAY": "TBD",
        "STREET": "CR 2212/KENNEY LANE",
        "TTSTN": "688863",
        "MILEPOST": "0023.490",
        "TYPEXING": "Public",
        "POSXING": "At Grade",
        "PRVCAT": "14",
        "INIT": "1",
        "LATITUDE": 27.874876,
        "LONGITUD": -97.173569,
        "LLSOURCE": "1",
        "WHISTBAN": "0",
        "RRCONT": "4025443721",
        "POLCONT": "8008488715",
        "INV_LINK": "https://safetydata.fra.dot.gov/OfficeofSafety/PublicSite/Crossing/Crossing.aspx?phasetype=C&rpttype=I&txtcrossingnum=410990Y",
        "ACC_LINK": "https://safetydata.fra.dot.gov/OfficeofSafety/PublicSite/Crossing/Crossing.aspx?phasetype=C&rpttype=A&txtcrossingnum=410990Y",
        "TTSTNNAM": "",
        "XPURPOSE": "1",
        "OPERATINGR": "UP",
        "OPERATIN_1": "Primary",
        "DAYTHRU": 1,
        "NGHTTHRU": 1,
        "MAINTRK": 0,
        "SIDINGTRK": 0,
        "YARDTRK": 0,
        "TRANSITTRK": 0,
        "INDUSTRYTR": 1,
        "OTHRTRK": 1,
        "WDCODE": "Stop signs",
        "REVISIONDA": "1975/01/01 00:00:00",
        "LASTUPDATE": "9/22/2025",
        "AADT": "451",
        "AADTYEAR": "2014",
        "STATENAME": "TEXAS",
        "STATEAB": "TX",
        "COUNTYNAME": "SAN PATRICIO",
        "CITYNAME": "INGLESIDE",
        "LATDD": 27.874876,
        "LONGDD": -97.173569,
        "gridlyProductionCertified": true,
        "gridlyClassification": "PUBLIC_ROADWAY",
        "gridlyDisplayName": "CR 2212/KENNEY LANE",
        "gridlyId": "FRA-410990Y"
      }
    },
    {
      "type": "Feature",
      "id": 212157,
      "geometry": {
        "type": "Point",
        "coordinates": [
          -97.5199422000587,
          28.0213175996947
        ]
      },
      "properties": {
        "OBJECTID": 212157,
        "CROSSING": "412012H",
        "EFFDATE": 1758499200000,
        "REASON": "14",
        "StateCode": "48",
        "CountyCode": "48409",
        "STCYFIPS": "48409",
        "CITYCD": "484096400",
        "RAILROAD": "UP",
        "RRDIV": "GULF COAST",
        "RRSUBDIV": "BROWNSVILLE SUB",
        "HIGHWAY": "PRIVATE",
        "STREET": "PRIVATE",
        "TTSTN": "688840",
        "MILEPOST": "0160.750",
        "TYPEXING": "Private",
        "POSXING": "At Grade",
        "PRVCAT": "14",
        "INIT": "1",
        "LATITUDE": 28.0213176,
        "LONGITUD": -97.5199422,
        "LLSOURCE": "1",
        "WHISTBAN": "0",
        "RRCONT": "4025443721",
        "POLCONT": "8008488715",
        "INV_LINK": "https://safetydata.fra.dot.gov/OfficeofSafety/PublicSite/Crossing/Crossing.aspx?phasetype=C&rpttype=I&txtcrossingnum=412012H",
        "ACC_LINK": "https://safetydata.fra.dot.gov/OfficeofSafety/PublicSite/Crossing/Crossing.aspx?phasetype=C&rpttype=A&txtcrossingnum=412012H",
        "TTSTNNAM": "",
        "XPURPOSE": "1",
        "OPERATINGR": "UP",
        "OPERATIN_1": "Primary",
        "DAYTHRU": 10,
        "NGHTTHRU": 9,
        "MAINTRK": 1,
        "SIDINGTRK": 1,
        "YARDTRK": 0,
        "TRANSITTRK": 0,
        "INDUSTRYTR": 0,
        "OTHRTRK": 0,
        "WDCODE": "",
        "REVISIONDA": "1975/01/01 00:00:00",
        "LASTUPDATE": "9/22/2025",
        "AADT": "1",
        "AADTYEAR": "",
        "STATENAME": "TEXAS",
        "STATEAB": "TX",
        "COUNTYNAME": "SAN PATRICIO",
        "CITYNAME": "SINTON",
        "LATDD": 28.0213176,
        "LONGDD": -97.5199422,
        "gridlyProductionCertified": true,
        "gridlyClassification": "PUBLIC_ROADWAY",
        "gridlyDisplayName": "PRIVATE",
        "gridlyId": "FRA-412012H"
      }
    },
    {
      "type": "Feature",
      "id": 212440,
      "geometry": {
        "type": "Point",
        "coordinates": [
          -97.2985809997477,
          27.9062859996626
        ]
      },
      "properties": {
        "OBJECTID": 212440,
        "CROSSING": "410991F",
        "EFFDATE": 1758499200000,
        "REASON": "14",
        "StateCode": "48",
        "CountyCode": "48409",
        "STCYFIPS": "48409",
        "CITYCD": "484092871",
        "RAILROAD": "UP",
        "RRDIV": "HOUSTON",
        "RRSUBDIV": "Kosmos Ind Ld",
        "HIGHWAY": "NA",
        "STREET": "PRIVATE INDUSTRY GULF COMPRESS",
        "TTSTN": "688875",
        "MILEPOST": "0016.570",
        "TYPEXING": "Private",
        "POSXING": "At Grade",
        "PRVCAT": "14",
        "INIT": "1",
        "LATITUDE": 27.906286,
        "LONGITUD": -97.298581,
        "LLSOURCE": "1",
        "WHISTBAN": "0",
        "RRCONT": "4025443721",
        "POLCONT": "8008488715",
        "INV_LINK": "https://safetydata.fra.dot.gov/OfficeofSafety/PublicSite/Crossing/Crossing.aspx?phasetype=C&rpttype=I&txtcrossingnum=410991F",
        "ACC_LINK": "https://safetydata.fra.dot.gov/OfficeofSafety/PublicSite/Crossing/Crossing.aspx?phasetype=C&rpttype=A&txtcrossingnum=410991F",
        "TTSTNNAM": "",
        "XPURPOSE": "1",
        "OPERATINGR": "UP",
        "OPERATIN_1": "Primary",
        "DAYTHRU": 0,
        "NGHTTHRU": 0,
        "MAINTRK": 0,
        "SIDINGTRK": 0,
        "YARDTRK": 0,
        "TRANSITTRK": 0,
        "INDUSTRYTR": 1,
        "OTHRTRK": 1,
        "WDCODE": "",
        "REVISIONDA": "1975/01/01 00:00:00",
        "LASTUPDATE": "9/22/2025",
        "AADT": "1",
        "AADTYEAR": "",
        "STATENAME": "TEXAS",
        "STATEAB": "TX",
        "COUNTYNAME": "SAN PATRICIO",
        "CITYNAME": "GREGORY",
        "LATDD": 27.906286,
        "LONGDD": -97.298581,
        "gridlyProductionCertified": true,
        "gridlyClassification": "PUBLIC_ROADWAY",
        "gridlyDisplayName": "PRIVATE INDUSTRY GULF COMPRESS",
        "gridlyId": "FRA-410991F"
      }
    },
    {
      "type": "Feature",
      "id": 212786,
      "geometry": {
        "type": "Point",
        "coordinates": [
          -97.5702334002798,
          27.9629158001948
        ]
      },
      "properties": {
        "OBJECTID": 212786,
        "CROSSING": "436022G",
        "EFFDATE": 1758499200000,
        "REASON": "14",
        "StateCode": "48",
        "CountyCode": "48409",
        "STCYFIPS": "48409",
        "CITYCD": "484095020",
        "RAILROAD": "UP",
        "RRDIV": "GULF COAST",
        "RRSUBDIV": "BROWNSVILLE SUB",
        "HIGHWAY": "NA",
        "STREET": "PRIVATE",
        "TTSTN": "688880",
        "MILEPOST": "0155.640",
        "TYPEXING": "Private",
        "POSXING": "At Grade",
        "PRVCAT": "14",
        "INIT": "1",
        "LATITUDE": 27.9629158,
        "LONGITUD": -97.5702334,
        "LLSOURCE": "1",
        "WHISTBAN": "0",
        "RRCONT": "4025443721",
        "POLCONT": "8008488715",
        "INV_LINK": "https://safetydata.fra.dot.gov/OfficeofSafety/PublicSite/Crossing/Crossing.aspx?phasetype=C&rpttype=I&txtcrossingnum=436022G",
        "ACC_LINK": "https://safetydata.fra.dot.gov/OfficeofSafety/PublicSite/Crossing/Crossing.aspx?phasetype=C&rpttype=A&txtcrossingnum=436022G",
        "TTSTNNAM": "",
        "XPURPOSE": "1",
        "OPERATINGR": "UP",
        "OPERATIN_1": "Primary",
        "DAYTHRU": 10,
        "NGHTTHRU": 9,
        "MAINTRK": 1,
        "SIDINGTRK": 0,
        "YARDTRK": 0,
        "TRANSITTRK": 0,
        "INDUSTRYTR": 0,
        "OTHRTRK": 0,
        "WDCODE": "",
        "REVISIONDA": "1975/01/01 00:00:00",
        "LASTUPDATE": "9/22/2025",
        "AADT": "1",
        "AADTYEAR": "1970",
        "STATENAME": "TEXAS",
        "STATEAB": "TX",
        "COUNTYNAME": "SAN PATRICIO",
        "CITYNAME": "ODEM",
        "LATDD": 27.9629158,
        "LONGDD": -97.5702334,
        "gridlyProductionCertified": true,
        "gridlyClassification": "PUBLIC_ROADWAY",
        "gridlyDisplayName": "PRIVATE",
        "gridlyId": "FRA-436022G"
      }
    },
    {
      "type": "Feature",
      "id": 212789,
      "geometry": {
        "type": "Point",
        "coordinates": [
          -97.5509065996929,
          27.9854232996274
        ]
      },
      "properties": {
        "OBJECTID": 212789,
        "CROSSING": "436025C",
        "EFFDATE": 1758499200000,
        "REASON": "14",
        "StateCode": "48",
        "CountyCode": "48409",
        "STCYFIPS": "48409",
        "CITYCD": "484096400",
        "RAILROAD": "UP",
        "RRDIV": "GULF COAST",
        "RRSUBDIV": "BROWNSVILLE SUB",
        "HIGHWAY": "NA",
        "STREET": "PRIVATE",
        "TTSTN": "688840",
        "MILEPOST": "0157.630",
        "TYPEXING": "Private",
        "POSXING": "At Grade",
        "PRVCAT": "14",
        "INIT": "1",
        "LATITUDE": 27.9854233,
        "LONGITUD": -97.5509066,
        "LLSOURCE": "1",
        "WHISTBAN": "0",
        "RRCONT": "4025443721",
        "POLCONT": "8008488715",
        "INV_LINK": "https://safetydata.fra.dot.gov/OfficeofSafety/PublicSite/Crossing/Crossing.aspx?phasetype=C&rpttype=I&txtcrossingnum=436025C",
        "ACC_LINK": "https://safetydata.fra.dot.gov/OfficeofSafety/PublicSite/Crossing/Crossing.aspx?phasetype=C&rpttype=A&txtcrossingnum=436025C",
        "TTSTNNAM": "",
        "XPURPOSE": "1",
        "OPERATINGR": "UP",
        "OPERATIN_1": "Primary",
        "DAYTHRU": 10,
        "NGHTTHRU": 9,
        "MAINTRK": 1,
        "SIDINGTRK": 0,
        "YARDTRK": 1,
        "TRANSITTRK": 0,
        "INDUSTRYTR": 0,
        "OTHRTRK": 0,
        "WDCODE": "",
        "REVISIONDA": "1975/01/01 00:00:00",
        "LASTUPDATE": "9/22/2025",
        "AADT": "1",
        "AADTYEAR": "1970",
        "STATENAME": "TEXAS",
        "STATEAB": "TX",
        "COUNTYNAME": "SAN PATRICIO",
        "CITYNAME": "SINTON",
        "LATDD": 27.9854233,
        "LONGDD": -97.5509066,
        "gridlyProductionCertified": true,
        "gridlyClassification": "PUBLIC_ROADWAY",
        "gridlyDisplayName": "PRIVATE",
        "gridlyId": "FRA-436025C"
      }
    },
    {
      "type": "Feature",
      "id": 212799,
      "geometry": {
        "type": "Point",
        "coordinates": [
          -97.295825999722,
          27.9098500003169
        ]
      },
      "properties": {
        "OBJECTID": 212799,
        "CROSSING": "441061H",
        "EFFDATE": 1758499200000,
        "REASON": "14",
        "StateCode": "48",
        "CountyCode": "48409",
        "STCYFIPS": "48409",
        "CITYCD": "484092871",
        "RAILROAD": "UP",
        "RRDIV": "GULF COAST",
        "RRSUBDIV": "Kosmos Ind Ld",
        "HIGHWAY": "NA",
        "STREET": "All PRIVATE In Industry - Ingram Readymix",
        "TTSTN": "",
        "MILEPOST": "0016.300",
        "TYPEXING": "Private",
        "POSXING": "At Grade",
        "PRVCAT": "14",
        "INIT": "1",
        "LATITUDE": 27.90985,
        "LONGITUD": -97.295826,
        "LLSOURCE": "1",
        "WHISTBAN": "",
        "RRCONT": "4025443721",
        "POLCONT": "8008488715",
        "INV_LINK": "https://safetydata.fra.dot.gov/OfficeofSafety/PublicSite/Crossing/Crossing.aspx?phasetype=C&rpttype=I&txtcrossingnum=441061H",
        "ACC_LINK": "https://safetydata.fra.dot.gov/OfficeofSafety/PublicSite/Crossing/Crossing.aspx?phasetype=C&rpttype=A&txtcrossingnum=441061H",
        "TTSTNNAM": "",
        "XPURPOSE": "1",
        "OPERATINGR": "UP",
        "OPERATIN_1": "Primary",
        "DAYTHRU": 0,
        "NGHTTHRU": 0,
        "MAINTRK": 0,
        "SIDINGTRK": 0,
        "YARDTRK": 0,
        "TRANSITTRK": 0,
        "INDUSTRYTR": 2,
        "OTHRTRK": 0,
        "WDCODE": "",
        "REVISIONDA": "1975/01/01 00:00:00",
        "LASTUPDATE": "9/22/2025",
        "AADT": "",
        "AADTYEAR": "",
        "STATENAME": "TEXAS",
        "STATEAB": "TX",
        "COUNTYNAME": "SAN PATRICIO",
        "CITYNAME": "GREGORY",
        "LATDD": 27.90985,
        "LONGDD": -97.295826,
        "gridlyProductionCertified": true,
        "gridlyClassification": "PUBLIC_ROADWAY",
        "gridlyDisplayName": "All PRIVATE In Industry - Ingram Readymix",
        "gridlyId": "FRA-441061H"
      }
    },
    {
      "type": "Feature",
      "id": 212906,
      "geometry": {
        "type": "Point",
        "coordinates": [
          -97.2988579997571,
          27.9090040003297
        ]
      },
      "properties": {
        "OBJECTID": 212906,
        "CROSSING": "924242Y",
        "EFFDATE": 1758585600000,
        "REASON": "14",
        "StateCode": "48",
        "CountyCode": "48409",
        "STCYFIPS": "48409",
        "CITYCD": "484092871",
        "RAILROAD": "UP",
        "RRDIV": "HOUSTON",
        "RRSUBDIV": "Kosmos Ind Ld",
        "HIGHWAY": "NA",
        "STREET": "PRIVATE TEJAS ENERGY",
        "TTSTN": "",
        "MILEPOST": "0016.358",
        "TYPEXING": "Private",
        "POSXING": "At Grade",
        "PRVCAT": "14",
        "INIT": "1",
        "LATITUDE": 27.909004,
        "LONGITUD": -97.298858,
        "LLSOURCE": "1",
        "WHISTBAN": "",
        "RRCONT": "4025443721",
        "POLCONT": "8008488715",
        "INV_LINK": "https://safetydata.fra.dot.gov/OfficeofSafety/PublicSite/Crossing/Crossing.aspx?phasetype=C&rpttype=I&txtcrossingnum=924242Y",
        "ACC_LINK": "https://safetydata.fra.dot.gov/OfficeofSafety/PublicSite/Crossing/Crossing.aspx?phasetype=C&rpttype=A&txtcrossingnum=924242Y",
        "TTSTNNAM": "",
        "XPURPOSE": "1",
        "OPERATINGR": "UP",
        "OPERATIN_1": "Primary",
        "DAYTHRU": 0,
        "NGHTTHRU": 0,
        "MAINTRK": 0,
        "SIDINGTRK": 0,
        "YARDTRK": 0,
        "TRANSITTRK": 0,
        "INDUSTRYTR": 1,
        "OTHRTRK": 0,
        "WDCODE": "",
        "REVISIONDA": "1975/01/01 00:00:00",
        "LASTUPDATE": "9/23/2025",
        "AADT": "",
        "AADTYEAR": "",
        "STATENAME": "TEXAS",
        "STATEAB": "TX",
        "COUNTYNAME": "SAN PATRICIO",
        "CITYNAME": "GREGORY",
        "LATDD": 27.909004,
        "LONGDD": -97.298858,
        "gridlyProductionCertified": true,
        "gridlyClassification": "PUBLIC_ROADWAY",
        "gridlyDisplayName": "PRIVATE TEJAS ENERGY",
        "gridlyId": "FRA-924242Y"
      }
    },
    {
      "type": "Feature",
      "id": 212945,
      "geometry": {
        "type": "Point",
        "coordinates": [
          -97.2605529997108,
          27.8986630000455
        ]
      },
      "properties": {
        "OBJECTID": 212945,
        "CROSSING": "446993W",
        "EFFDATE": 1758499200000,
        "REASON": "14",
        "StateCode": "48",
        "CountyCode": "48409",
        "STCYFIPS": "48409",
        "CITYCD": "484092871",
        "RAILROAD": "UP",
        "RRDIV": "HOUSTON",
        "RRSUBDIV": "KOSMOS IND LD",
        "HIGHWAY": "NA",
        "STREET": "PRIVATE INDUSTRY CHENIERE",
        "TTSTN": "",
        "MILEPOST": "0018.030",
        "TYPEXING": "Private",
        "POSXING": "At Grade",
        "PRVCAT": "14",
        "INIT": "1",
        "LATITUDE": 27.898663,
        "LONGITUD": -97.260553,
        "LLSOURCE": "1",
        "WHISTBAN": "",
        "RRCONT": "4025443721",
        "POLCONT": "8008488715",
        "INV_LINK": "https://safetydata.fra.dot.gov/OfficeofSafety/PublicSite/Crossing/Crossing.aspx?phasetype=C&rpttype=I&txtcrossingnum=446993W",
        "ACC_LINK": "https://safetydata.fra.dot.gov/OfficeofSafety/PublicSite/Crossing/Crossing.aspx?phasetype=C&rpttype=A&txtcrossingnum=446993W",
        "TTSTNNAM": "",
        "XPURPOSE": "1",
        "OPERATINGR": "UP",
        "OPERATIN_1": "Primary",
        "DAYTHRU": 0,
        "NGHTTHRU": 0,
        "MAINTRK": 0,
        "SIDINGTRK": 0,
        "YARDTRK": 1,
        "TRANSITTRK": 0,
        "INDUSTRYTR": 0,
        "OTHRTRK": 0,
        "WDCODE": "",
        "REVISIONDA": "1975/01/01 00:00:00",
        "LASTUPDATE": "9/22/2025",
        "AADT": "",
        "AADTYEAR": "",
        "STATENAME": "TEXAS",
        "STATEAB": "TX",
        "COUNTYNAME": "SAN PATRICIO",
        "CITYNAME": "GREGORY",
        "LATDD": 27.898663,
        "LONGDD": -97.260553,
        "gridlyProductionCertified": true,
        "gridlyClassification": "PUBLIC_ROADWAY",
        "gridlyDisplayName": "PRIVATE INDUSTRY CHENIERE",
        "gridlyId": "FRA-446993W"
      }
    },
    {
      "type": "Feature",
      "id": 213043,
      "geometry": {
        "type": "Point",
        "coordinates": [
          -97.5403418999119,
          27.9976699997298
        ]
      },
      "properties": {
        "OBJECTID": 213043,
        "CROSSING": "436026J",
        "EFFDATE": 1758499200000,
        "REASON": "14",
        "StateCode": "48",
        "CountyCode": "48409",
        "STCYFIPS": "48409",
        "CITYCD": "484096400",
        "RAILROAD": "UP",
        "RRDIV": "GULF COAST",
        "RRSUBDIV": "BROWNSVILLE SUB",
        "HIGHWAY": "NA",
        "STREET": "PRIVATE",
        "TTSTN": "688840",
        "MILEPOST": "0158.670",
        "TYPEXING": "Private",
        "POSXING": "At Grade",
        "PRVCAT": "14",
        "INIT": "1",
        "LATITUDE": 27.99767,
        "LONGITUD": -97.5403419,
        "LLSOURCE": "1",
        "WHISTBAN": "0",
        "RRCONT": "4025443721",
        "POLCONT": "8008488715",
        "INV_LINK": "https://safetydata.fra.dot.gov/OfficeofSafety/PublicSite/Crossing/Crossing.aspx?phasetype=C&rpttype=I&txtcrossingnum=436026J",
        "ACC_LINK": "https://safetydata.fra.dot.gov/OfficeofSafety/PublicSite/Crossing/Crossing.aspx?phasetype=C&rpttype=A&txtcrossingnum=436026J",
        "TTSTNNAM": "",
        "XPURPOSE": "1",
        "OPERATINGR": "UP",
        "OPERATIN_1": "Primary",
        "DAYTHRU": 10,
        "NGHTTHRU": 9,
        "MAINTRK": 1,
        "SIDINGTRK": 0,
        "YARDTRK": 1,
        "TRANSITTRK": 0,
        "INDUSTRYTR": 0,
        "OTHRTRK": 0,
        "WDCODE": "",
        "REVISIONDA": "1975/01/01 00:00:00",
        "LASTUPDATE": "9/22/2025",
        "AADT": "1",
        "AADTYEAR": "1970",
        "STATENAME": "TEXAS",
        "STATEAB": "TX",
        "COUNTYNAME": "SAN PATRICIO",
        "CITYNAME": "SINTON",
        "LATDD": 27.99767,
        "LONGDD": -97.5403419,
        "gridlyProductionCertified": true,
        "gridlyClassification": "PUBLIC_ROADWAY",
        "gridlyDisplayName": "PRIVATE",
        "gridlyId": "FRA-436026J"
      }
    },
    {
      "type": "Feature",
      "id": 213277,
      "geometry": {
        "type": "Point",
        "coordinates": [
          -97.298455700037,
          27.9096060003671
        ]
      },
      "properties": {
        "OBJECTID": 213277,
        "CROSSING": "974081S",
        "EFFDATE": 1758585600000,
        "REASON": "14",
        "StateCode": "48",
        "CountyCode": "48409",
        "STCYFIPS": "48409",
        "CITYCD": "484092871",
        "RAILROAD": "UP",
        "RRDIV": "HOUSTON",
        "RRSUBDIV": "Kosmos Ind Ld",
        "HIGHWAY": "NA",
        "STREET": "Private Industry Ingram Readymix",
        "TTSTN": "",
        "MILEPOST": "0016.310",
        "TYPEXING": "Private",
        "POSXING": "At Grade",
        "PRVCAT": "14",
        "INIT": "1",
        "LATITUDE": 27.909606,
        "LONGITUD": -97.2984557,
        "LLSOURCE": "1",
        "WHISTBAN": "",
        "RRCONT": "4025443721",
        "POLCONT": "8008488715",
        "INV_LINK": "https://safetydata.fra.dot.gov/OfficeofSafety/PublicSite/Crossing/Crossing.aspx?phasetype=C&rpttype=I&txtcrossingnum=974081S",
        "ACC_LINK": "https://safetydata.fra.dot.gov/OfficeofSafety/PublicSite/Crossing/Crossing.aspx?phasetype=C&rpttype=A&txtcrossingnum=974081S",
        "TTSTNNAM": "",
        "XPURPOSE": "1",
        "OPERATINGR": "UP",
        "OPERATIN_1": "Primary",
        "DAYTHRU": 0,
        "NGHTTHRU": 0,
        "MAINTRK": 0,
        "SIDINGTRK": 0,
        "YARDTRK": 0,
        "TRANSITTRK": 0,
        "INDUSTRYTR": 1,
        "OTHRTRK": 0,
        "WDCODE": "",
        "REVISIONDA": "1975/01/01 00:00:00",
        "LASTUPDATE": "9/23/2025",
        "AADT": "",
        "AADTYEAR": "",
        "STATENAME": "TEXAS",
        "STATEAB": "TX",
        "COUNTYNAME": "SAN PATRICIO",
        "CITYNAME": "GREGORY",
        "LATDD": 27.909606,
        "LONGDD": -97.2984557,
        "gridlyProductionCertified": true,
        "gridlyClassification": "PUBLIC_ROADWAY",
        "gridlyDisplayName": "Private Industry Ingram Readymix",
        "gridlyId": "FRA-974081S"
      }
    },
    {
      "type": "Feature",
      "id": 213278,
      "geometry": {
        "type": "Point",
        "coordinates": [
          -97.2951970002584,
          27.9144930000314
        ]
      },
      "properties": {
        "OBJECTID": 213278,
        "CROSSING": "753712F",
        "EFFDATE": 1758585600000,
        "REASON": "14",
        "StateCode": "48",
        "CountyCode": "48409",
        "STCYFIPS": "48409",
        "CITYCD": "484092871",
        "RAILROAD": "UP",
        "RRDIV": "HOUSTON",
        "RRSUBDIV": "Kosmos Ind Ld",
        "HIGHWAY": "NA",
        "STREET": "TX 35",
        "TTSTN": "688875",
        "MILEPOST": "0015.922",
        "TYPEXING": "Public",
        "POSXING": "RR Under",
        "PRVCAT": "14",
        "INIT": "1",
        "LATITUDE": 27.914493,
        "LONGITUD": -97.295197,
        "LLSOURCE": "1",
        "WHISTBAN": "0",
        "RRCONT": "4025443721",
        "POLCONT": "8008488715",
        "INV_LINK": "https://safetydata.fra.dot.gov/OfficeofSafety/PublicSite/Crossing/Crossing.aspx?phasetype=C&rpttype=I&txtcrossingnum=753712F",
        "ACC_LINK": "https://safetydata.fra.dot.gov/OfficeofSafety/PublicSite/Crossing/Crossing.aspx?phasetype=C&rpttype=A&txtcrossingnum=753712F",
        "TTSTNNAM": "",
        "XPURPOSE": "1",
        "OPERATINGR": "UP",
        "OPERATIN_1": "Primary",
        "DAYTHRU": 0,
        "NGHTTHRU": 0,
        "MAINTRK": 0,
        "SIDINGTRK": 0,
        "YARDTRK": 0,
        "TRANSITTRK": 0,
        "INDUSTRYTR": 1,
        "OTHRTRK": 0,
        "WDCODE": "",
        "REVISIONDA": "1975/01/01 00:00:00",
        "LASTUPDATE": "9/23/2025",
        "AADT": "1",
        "AADTYEAR": "",
        "STATENAME": "TEXAS",
        "STATEAB": "TX",
        "COUNTYNAME": "SAN PATRICIO",
        "CITYNAME": "GREGORY",
        "LATDD": 27.914493,
        "LONGDD": -97.295197,
        "gridlyProductionCertified": true,
        "gridlyClassification": "PUBLIC_ROADWAY",
        "gridlyDisplayName": "TX 35",
        "gridlyId": "FRA-753712F"
      }
    },
    {
      "type": "Feature",
      "id": 213279,
      "geometry": {
        "type": "Point",
        "coordinates": [
          -97.297003199681,
          27.911730000237
        ]
      },
      "properties": {
        "OBJECTID": 213279,
        "CROSSING": "920473T",
        "EFFDATE": 1758585600000,
        "REASON": "14",
        "StateCode": "48",
        "CountyCode": "48409",
        "STCYFIPS": "48409",
        "CITYCD": "484092871",
        "RAILROAD": "UP",
        "RRDIV": "HOUSTON",
        "RRSUBDIV": "Kosmos Ind Ld",
        "HIGHWAY": "NA",
        "STREET": "PRIVATE INDUSTRY MARTIN MARIETTA",
        "TTSTN": "688875",
        "MILEPOST": "0016.140",
        "TYPEXING": "Private",
        "POSXING": "At Grade",
        "PRVCAT": "14",
        "INIT": "1",
        "LATITUDE": 27.91173,
        "LONGITUD": -97.2970032,
        "LLSOURCE": "1",
        "WHISTBAN": "0",
        "RRCONT": "4025443721",
        "POLCONT": "8008488715",
        "INV_LINK": "https://safetydata.fra.dot.gov/OfficeofSafety/PublicSite/Crossing/Crossing.aspx?phasetype=C&rpttype=I&txtcrossingnum=920473T",
        "ACC_LINK": "https://safetydata.fra.dot.gov/OfficeofSafety/PublicSite/Crossing/Crossing.aspx?phasetype=C&rpttype=A&txtcrossingnum=920473T",
        "TTSTNNAM": "",
        "XPURPOSE": "1",
        "OPERATINGR": "UP",
        "OPERATIN_1": "Primary",
        "DAYTHRU": 0,
        "NGHTTHRU": 0,
        "MAINTRK": 0,
        "SIDINGTRK": 0,
        "YARDTRK": 0,
        "TRANSITTRK": 0,
        "INDUSTRYTR": 2,
        "OTHRTRK": 0,
        "WDCODE": "",
        "REVISIONDA": "1975/01/01 00:00:00",
        "LASTUPDATE": "9/23/2025",
        "AADT": "1",
        "AADTYEAR": "",
        "STATENAME": "TEXAS",
        "STATEAB": "TX",
        "COUNTYNAME": "SAN PATRICIO",
        "CITYNAME": "GREGORY",
        "LATDD": 27.91173,
        "LONGDD": -97.2970032,
        "gridlyProductionCertified": true,
        "gridlyClassification": "PUBLIC_ROADWAY",
        "gridlyDisplayName": "PRIVATE INDUSTRY MARTIN MARIETTA",
        "gridlyId": "FRA-920473T"
      }
    },
    {
      "type": "Feature",
      "id": 214289,
      "geometry": {
        "type": "Point",
        "coordinates": [
          -97.2926958003516,
          27.9182597996534
        ]
      },
      "properties": {
        "OBJECTID": 214289,
        "CROSSING": "746418R",
        "EFFDATE": 1775088000000,
        "REASON": "14",
        "StateCode": "48",
        "CountyCode": "48409",
        "STCYFIPS": "48409",
        "CITYCD": "484092871",
        "RAILROAD": "UP",
        "RRDIV": "HOUSTON",
        "RRSUBDIV": "Kosmos Ind Ld",
        "HIGHWAY": "LS0000",
        "STREET": "ALAMO STREET",
        "TTSTN": "688875",
        "MILEPOST": "0015.620",
        "TYPEXING": "Public",
        "POSXING": "At Grade",
        "PRVCAT": "14",
        "INIT": "2",
        "LATITUDE": 27.9182598,
        "LONGITUD": -97.2926958,
        "LLSOURCE": "1",
        "WHISTBAN": "0",
        "RRCONT": "4025443721",
        "POLCONT": "8008488715",
        "INV_LINK": "https://safetydata.fra.dot.gov/OfficeofSafety/PublicSite/Crossing/Crossing.aspx?phasetype=C&rpttype=I&txtcrossingnum=746418R",
        "ACC_LINK": "https://safetydata.fra.dot.gov/OfficeofSafety/PublicSite/Crossing/Crossing.aspx?phasetype=C&rpttype=A&txtcrossingnum=746418R",
        "TTSTNNAM": "",
        "XPURPOSE": "1",
        "OPERATINGR": "UP",
        "OPERATIN_1": "Primary",
        "DAYTHRU": 0,
        "NGHTTHRU": 0,
        "MAINTRK": 0,
        "SIDINGTRK": 0,
        "YARDTRK": 0,
        "TRANSITTRK": 0,
        "INDUSTRYTR": 1,
        "OTHRTRK": 1,
        "WDCODE": "Crossbucks",
        "REVISIONDA": "1975/01/01 00:00:00",
        "LASTUPDATE": "4/2/2026",
        "AADT": "323",
        "AADTYEAR": "2021",
        "STATENAME": "TEXAS",
        "STATEAB": "TX",
        "COUNTYNAME": "SAN PATRICIO",
        "CITYNAME": "GREGORY",
        "LATDD": 27.9182598,
        "LONGDD": -97.2926958,
        "gridlyProductionCertified": true,
        "gridlyClassification": "PUBLIC_ROADWAY",
        "gridlyDisplayName": "ALAMO STREET",
        "gridlyId": "FRA-746418R"
      }
    },
    {
      "type": "Feature",
      "id": 214290,
      "geometry": {
        "type": "Point",
        "coordinates": [
          -97.2905534001456,
          27.9206913003482
        ]
      },
      "properties": {
        "OBJECTID": 214290,
        "CROSSING": "746417J",
        "EFFDATE": 1775088000000,
        "REASON": "14",
        "StateCode": "48",
        "CountyCode": "48409",
        "STCYFIPS": "48409",
        "CITYCD": "484092871",
        "RAILROAD": "UP",
        "RRDIV": "HOUSTON",
        "RRSUBDIV": "Kosmos Ind Ld",
        "HIGHWAY": "ls0000",
        "STREET": "DOGWOOD STREET",
        "TTSTN": "688875",
        "MILEPOST": "0015.390",
        "TYPEXING": "Public",
        "POSXING": "At Grade",
        "PRVCAT": "14",
        "INIT": "2",
        "LATITUDE": 27.9206913,
        "LONGITUD": -97.2905534,
        "LLSOURCE": "1",
        "WHISTBAN": "0",
        "RRCONT": "4025443721",
        "POLCONT": "8008488715",
        "INV_LINK": "https://safetydata.fra.dot.gov/OfficeofSafety/PublicSite/Crossing/Crossing.aspx?phasetype=C&rpttype=I&txtcrossingnum=746417J",
        "ACC_LINK": "https://safetydata.fra.dot.gov/OfficeofSafety/PublicSite/Crossing/Crossing.aspx?phasetype=C&rpttype=A&txtcrossingnum=746417J",
        "TTSTNNAM": "",
        "XPURPOSE": "1",
        "OPERATINGR": "UP",
        "OPERATIN_1": "Primary",
        "DAYTHRU": 0,
        "NGHTTHRU": 0,
        "MAINTRK": 0,
        "SIDINGTRK": 0,
        "YARDTRK": 1,
        "TRANSITTRK": 0,
        "INDUSTRYTR": 0,
        "OTHRTRK": 0,
        "WDCODE": "Crossbucks",
        "REVISIONDA": "1975/01/01 00:00:00",
        "LASTUPDATE": "4/2/2026",
        "AADT": "209",
        "AADTYEAR": "2019",
        "STATENAME": "TEXAS",
        "STATEAB": "TX",
        "COUNTYNAME": "SAN PATRICIO",
        "CITYNAME": "GREGORY",
        "LATDD": 27.9206913,
        "LONGDD": -97.2905534,
        "gridlyProductionCertified": true,
        "gridlyClassification": "PUBLIC_ROADWAY",
        "gridlyDisplayName": "DOGWOOD STREET",
        "gridlyId": "FRA-746417J"
      }
    },
    {
      "type": "Feature",
      "id": 214291,
      "geometry": {
        "type": "Point",
        "coordinates": [
          -97.3509272003859,
          27.9537738999355
        ]
      },
      "properties": {
        "OBJECTID": 214291,
        "CROSSING": "746408K",
        "EFFDATE": 1775088000000,
        "REASON": "14",
        "StateCode": "48",
        "CountyCode": "48409",
        "STCYFIPS": "48409",
        "CITYCD": "484096730",
        "RAILROAD": "UP",
        "RRDIV": "HOUSTON",
        "RRSUBDIV": "Kosmos Ind Ld",
        "HIGHWAY": "CR1197",
        "STREET": "5479 MIDWAY RD",
        "TTSTN": "688872",
        "MILEPOST": "0011.090",
        "TYPEXING": "Public",
        "POSXING": "At Grade",
        "PRVCAT": "14",
        "INIT": "2",
        "LATITUDE": 27.9537739,
        "LONGITUD": -97.3509272,
        "LLSOURCE": "1",
        "WHISTBAN": "0",
        "RRCONT": "4025443721",
        "POLCONT": "8008488715",
        "INV_LINK": "https://safetydata.fra.dot.gov/OfficeofSafety/PublicSite/Crossing/Crossing.aspx?phasetype=C&rpttype=I&txtcrossingnum=746408K",
        "ACC_LINK": "https://safetydata.fra.dot.gov/OfficeofSafety/PublicSite/Crossing/Crossing.aspx?phasetype=C&rpttype=A&txtcrossingnum=746408K",
        "TTSTNNAM": "",
        "XPURPOSE": "1",
        "OPERATINGR": "UP",
        "OPERATIN_1": "Primary",
        "DAYTHRU": 0,
        "NGHTTHRU": 0,
        "MAINTRK": 0,
        "SIDINGTRK": 0,
        "YARDTRK": 0,
        "TRANSITTRK": 0,
        "INDUSTRYTR": 1,
        "OTHRTRK": 0,
        "WDCODE": "Crossbucks",
        "REVISIONDA": "1975/01/01 00:00:00",
        "LASTUPDATE": "4/2/2026",
        "AADT": "354",
        "AADTYEAR": "2019",
        "STATENAME": "TEXAS",
        "STATEAB": "TX",
        "COUNTYNAME": "SAN PATRICIO",
        "CITYNAME": "TAFT",
        "LATDD": 27.9537739,
        "LONGDD": -97.3509272,
        "gridlyProductionCertified": true,
        "gridlyClassification": "PUBLIC_ROADWAY",
        "gridlyDisplayName": "5479 MIDWAY RD",
        "gridlyId": "FRA-746408K"
      }
    },
    {
      "type": "Feature",
      "id": 214355,
      "geometry": {
        "type": "Point",
        "coordinates": [
          -97.1885501999954,
          27.8706362000229
        ]
      },
      "properties": {
        "OBJECTID": 214355,
        "CROSSING": "746297V",
        "EFFDATE": 1774224000000,
        "REASON": "14",
        "StateCode": "48",
        "CountyCode": "48409",
        "STCYFIPS": "48409",
        "CITYCD": "484093380",
        "RAILROAD": "UP",
        "RRDIV": "HOUSTON",
        "RRSUBDIV": "Kosmos Ind Ld",
        "HIGHWAY": "ls0000",
        "STREET": "SUNRAY ROAD",
        "TTSTN": "688866",
        "MILEPOST": "0022.573",
        "TYPEXING": "Public",
        "POSXING": "At Grade",
        "PRVCAT": "14",
        "INIT": "2",
        "LATITUDE": 27.8706362,
        "LONGITUD": -97.1885502,
        "LLSOURCE": "1",
        "WHISTBAN": "0",
        "RRCONT": "4025443721",
        "POLCONT": "8008488715",
        "INV_LINK": "https://safetydata.fra.dot.gov/OfficeofSafety/PublicSite/Crossing/Crossing.aspx?phasetype=C&rpttype=I&txtcrossingnum=746297V",
        "ACC_LINK": "https://safetydata.fra.dot.gov/OfficeofSafety/PublicSite/Crossing/Crossing.aspx?phasetype=C&rpttype=A&txtcrossingnum=746297V",
        "TTSTNNAM": "",
        "XPURPOSE": "1",
        "OPERATINGR": "UP",
        "OPERATIN_1": "Primary",
        "DAYTHRU": 0,
        "NGHTTHRU": 0,
        "MAINTRK": 0,
        "SIDINGTRK": 0,
        "YARDTRK": 0,
        "TRANSITTRK": 0,
        "INDUSTRYTR": 1,
        "OTHRTRK": 0,
        "WDCODE": "All other Gates",
        "REVISIONDA": "1975/01/01 00:00:00",
        "LASTUPDATE": "3/23/2026",
        "AADT": "2117",
        "AADTYEAR": "2021",
        "STATENAME": "TEXAS",
        "STATEAB": "TX",
        "COUNTYNAME": "SAN PATRICIO",
        "CITYNAME": "INGLESIDE",
        "LATDD": 27.8706362,
        "LONGDD": -97.1885502,
        "gridlyProductionCertified": true,
        "gridlyClassification": "PUBLIC_ROADWAY",
        "gridlyDisplayName": "SUNRAY ROAD",
        "gridlyId": "FRA-746297V"
      }
    },
    {
      "type": "Feature",
      "id": 214356,
      "geometry": {
        "type": "Point",
        "coordinates": [
          -97.174863700092,
          27.8756093000823
        ]
      },
      "properties": {
        "OBJECTID": 214356,
        "CROSSING": "746298C",
        "EFFDATE": 1774224000000,
        "REASON": "14",
        "StateCode": "48",
        "CountyCode": "48409",
        "STCYFIPS": "48409",
        "CITYCD": "484093380",
        "RAILROAD": "UP",
        "RRDIV": "HOUSTON",
        "RRSUBDIV": "Kosmos Ind Ld",
        "HIGHWAY": "CR140",
        "STREET": "KENNEY LANE",
        "TTSTN": "688866",
        "MILEPOST": "0023.480",
        "TYPEXING": "Public",
        "POSXING": "At Grade",
        "PRVCAT": "14",
        "INIT": "1",
        "LATITUDE": 27.8756093,
        "LONGITUD": -97.1748637,
        "LLSOURCE": "1",
        "WHISTBAN": "0",
        "RRCONT": "4025443721",
        "POLCONT": "8008488715",
        "INV_LINK": "https://safetydata.fra.dot.gov/OfficeofSafety/PublicSite/Crossing/Crossing.aspx?phasetype=C&rpttype=I&txtcrossingnum=746298C",
        "ACC_LINK": "https://safetydata.fra.dot.gov/OfficeofSafety/PublicSite/Crossing/Crossing.aspx?phasetype=C&rpttype=A&txtcrossingnum=746298C",
        "TTSTNNAM": "",
        "XPURPOSE": "1",
        "OPERATINGR": "UP",
        "OPERATIN_1": "Primary",
        "DAYTHRU": 0,
        "NGHTTHRU": 0,
        "MAINTRK": 0,
        "SIDINGTRK": 0,
        "YARDTRK": 0,
        "TRANSITTRK": 0,
        "INDUSTRYTR": 1,
        "OTHRTRK": 0,
        "WDCODE": "Crossbucks",
        "REVISIONDA": "1975/01/01 00:00:00",
        "LASTUPDATE": "3/23/2026",
        "AADT": "548",
        "AADTYEAR": "2019",
        "STATENAME": "TEXAS",
        "STATEAB": "TX",
        "COUNTYNAME": "SAN PATRICIO",
        "CITYNAME": "INGLESIDE",
        "LATDD": 27.8756093,
        "LONGDD": -97.1748637,
        "gridlyProductionCertified": true,
        "gridlyClassification": "PUBLIC_ROADWAY",
        "gridlyDisplayName": "KENNEY LANE",
        "gridlyId": "FRA-746298C"
      }
    },
    {
      "type": "Feature",
      "id": 214359,
      "geometry": {
        "type": "Point",
        "coordinates": [
          -97.2103100003928,
          27.8801811001878
        ]
      },
      "properties": {
        "OBJECTID": 214359,
        "CROSSING": "746294A",
        "EFFDATE": 1774224000000,
        "REASON": "14",
        "StateCode": "48",
        "CountyCode": "48409",
        "STCYFIPS": "48409",
        "CITYCD": "484093380",
        "RAILROAD": "UP",
        "RRDIV": "HOUSTON",
        "RRSUBDIV": "Kosmos Ind Ld",
        "HIGHWAY": "fm1069",
        "STREET": "FM1069 / west main street",
        "TTSTN": "688867",
        "MILEPOST": "0021.063",
        "TYPEXING": "Public",
        "POSXING": "At Grade",
        "PRVCAT": "14",
        "INIT": "2",
        "LATITUDE": 27.8801811,
        "LONGITUD": -97.21031,
        "LLSOURCE": "1",
        "WHISTBAN": "0",
        "RRCONT": "4025443721",
        "POLCONT": "8008488715",
        "INV_LINK": "https://safetydata.fra.dot.gov/OfficeofSafety/PublicSite/Crossing/Crossing.aspx?phasetype=C&rpttype=I&txtcrossingnum=746294A",
        "ACC_LINK": "https://safetydata.fra.dot.gov/OfficeofSafety/PublicSite/Crossing/Crossing.aspx?phasetype=C&rpttype=A&txtcrossingnum=746294A",
        "TTSTNNAM": "",
        "XPURPOSE": "1",
        "OPERATINGR": "UP",
        "OPERATIN_1": "Primary",
        "DAYTHRU": 0,
        "NGHTTHRU": 0,
        "MAINTRK": 0,
        "SIDINGTRK": 0,
        "YARDTRK": 0,
        "TRANSITTRK": 0,
        "INDUSTRYTR": 1,
        "OTHRTRK": 0,
        "WDCODE": "All other Gates",
        "REVISIONDA": "1975/01/01 00:00:00",
        "LASTUPDATE": "3/23/2026",
        "AADT": "16901",
        "AADTYEAR": "2024",
        "STATENAME": "TEXAS",
        "STATEAB": "TX",
        "COUNTYNAME": "SAN PATRICIO",
        "CITYNAME": "INGLESIDE",
        "LATDD": 27.8801811,
        "LONGDD": -97.21031,
        "gridlyProductionCertified": true,
        "gridlyClassification": "PUBLIC_ROADWAY",
        "gridlyDisplayName": "FM1069 / west main street",
        "gridlyId": "FRA-746294A"
      }
    },
    {
      "type": "Feature",
      "id": 214362,
      "geometry": {
        "type": "Point",
        "coordinates": [
          -97.2196220004084,
          27.8851090998092
        ]
      },
      "properties": {
        "OBJECTID": 214362,
        "CROSSING": "746292L",
        "EFFDATE": 1774224000000,
        "REASON": "14",
        "StateCode": "48",
        "CountyCode": "48409",
        "STCYFIPS": "48409",
        "CITYCD": "484093380",
        "RAILROAD": "UP",
        "RRDIV": "HOUSTON",
        "RRSUBDIV": "Kosmos Ind Ld",
        "HIGHWAY": "SH0361",
        "STREET": "sh0361",
        "TTSTN": "688867",
        "MILEPOST": "0020.400",
        "TYPEXING": "Public",
        "POSXING": "At Grade",
        "PRVCAT": "14",
        "INIT": "2",
        "LATITUDE": 27.8851091,
        "LONGITUD": -97.219622,
        "LLSOURCE": "1",
        "WHISTBAN": "0",
        "RRCONT": "4025443721",
        "POLCONT": "8008488715",
        "INV_LINK": "https://safetydata.fra.dot.gov/OfficeofSafety/PublicSite/Crossing/Crossing.aspx?phasetype=C&rpttype=I&txtcrossingnum=746292L",
        "ACC_LINK": "https://safetydata.fra.dot.gov/OfficeofSafety/PublicSite/Crossing/Crossing.aspx?phasetype=C&rpttype=A&txtcrossingnum=746292L",
        "TTSTNNAM": "",
        "XPURPOSE": "1",
        "OPERATINGR": "UP",
        "OPERATIN_1": "Primary",
        "DAYTHRU": 0,
        "NGHTTHRU": 0,
        "MAINTRK": 0,
        "SIDINGTRK": 0,
        "YARDTRK": 0,
        "TRANSITTRK": 0,
        "INDUSTRYTR": 1,
        "OTHRTRK": 0,
        "WDCODE": "All other Gates",
        "REVISIONDA": "1975/01/01 00:00:00",
        "LASTUPDATE": "3/23/2026",
        "AADT": "15296",
        "AADTYEAR": "2024",
        "STATENAME": "TEXAS",
        "STATEAB": "TX",
        "COUNTYNAME": "SAN PATRICIO",
        "CITYNAME": "INGLESIDE",
        "LATDD": 27.8851091,
        "LONGDD": -97.219622,
        "gridlyProductionCertified": true,
        "gridlyClassification": "PUBLIC_ROADWAY",
        "gridlyDisplayName": "sh0361",
        "gridlyId": "FRA-746292L"
      }
    },
    {
      "type": "Feature",
      "id": 214366,
      "geometry": {
        "type": "Point",
        "coordinates": [
          -97.1962389999882,
          27.8727900001022
        ]
      },
      "properties": {
        "OBJECTID": 214366,
        "CROSSING": "746296N",
        "EFFDATE": 1774224000000,
        "REASON": "14",
        "StateCode": "48",
        "CountyCode": "48409",
        "STCYFIPS": "48409",
        "CITYCD": "484093380",
        "RAILROAD": "UP",
        "RRDIV": "HOUSTON",
        "RRSUBDIV": "Kosmos Ind Ld",
        "HIGHWAY": "LS0000",
        "STREET": "AVENUE A",
        "TTSTN": "688866",
        "MILEPOST": "0022.080",
        "TYPEXING": "Public",
        "POSXING": "At Grade",
        "PRVCAT": "14",
        "INIT": "2",
        "LATITUDE": 27.87279,
        "LONGITUD": -97.196239,
        "LLSOURCE": "1",
        "WHISTBAN": "0",
        "RRCONT": "4025443721",
        "POLCONT": "8008488715",
        "INV_LINK": "https://safetydata.fra.dot.gov/OfficeofSafety/PublicSite/Crossing/Crossing.aspx?phasetype=C&rpttype=I&txtcrossingnum=746296N",
        "ACC_LINK": "https://safetydata.fra.dot.gov/OfficeofSafety/PublicSite/Crossing/Crossing.aspx?phasetype=C&rpttype=A&txtcrossingnum=746296N",
        "TTSTNNAM": "",
        "XPURPOSE": "1",
        "OPERATINGR": "UP",
        "OPERATIN_1": "Primary",
        "DAYTHRU": 0,
        "NGHTTHRU": 0,
        "MAINTRK": 0,
        "SIDINGTRK": 0,
        "YARDTRK": 0,
        "TRANSITTRK": 0,
        "INDUSTRYTR": 1,
        "OTHRTRK": 0,
        "WDCODE": "All other Gates",
        "REVISIONDA": "1975/01/01 00:00:00",
        "LASTUPDATE": "3/23/2026",
        "AADT": "2425",
        "AADTYEAR": "2021",
        "STATENAME": "TEXAS",
        "STATEAB": "TX",
        "COUNTYNAME": "SAN PATRICIO",
        "CITYNAME": "INGLESIDE",
        "LATDD": 27.87279,
        "LONGDD": -97.196239,
        "gridlyProductionCertified": true,
        "gridlyClassification": "PUBLIC_ROADWAY",
        "gridlyDisplayName": "AVENUE A",
        "gridlyId": "FRA-746296N"
      }
    },
    {
      "type": "Feature",
      "id": 214653,
      "geometry": {
        "type": "Point",
        "coordinates": [
          -97.5798044995761,
          27.9466702003599
        ]
      },
      "properties": {
        "OBJECTID": 214653,
        "CROSSING": "435543U",
        "EFFDATE": 1772668800000,
        "REASON": "14",
        "StateCode": "48",
        "CountyCode": "48409",
        "STCYFIPS": "48409",
        "CITYCD": "484095020",
        "RAILROAD": "UP",
        "RRDIV": "GULF COAST",
        "RRSUBDIV": "CORPUS CHRISTI SUB",
        "HIGHWAY": "ls0000",
        "STREET": "SOUTH THIRD STREET",
        "TTSTN": "688880",
        "MILEPOST": "0132.490",
        "TYPEXING": "Public",
        "POSXING": "At Grade",
        "PRVCAT": "14",
        "INIT": "2",
        "LATITUDE": 27.9466702,
        "LONGITUD": -97.5798045,
        "LLSOURCE": "1",
        "WHISTBAN": "0",
        "RRCONT": "4025443721",
        "POLCONT": "8008488715",
        "INV_LINK": "https://safetydata.fra.dot.gov/OfficeofSafety/PublicSite/Crossing/Crossing.aspx?phasetype=C&rpttype=I&txtcrossingnum=435543U",
        "ACC_LINK": "https://safetydata.fra.dot.gov/OfficeofSafety/PublicSite/Crossing/Crossing.aspx?phasetype=C&rpttype=A&txtcrossingnum=435543U",
        "TTSTNNAM": "",
        "XPURPOSE": "1",
        "OPERATINGR": "UP",
        "OPERATIN_1": "Primary",
        "DAYTHRU": 3,
        "NGHTTHRU": 3,
        "MAINTRK": 1,
        "SIDINGTRK": 0,
        "YARDTRK": 0,
        "TRANSITTRK": 0,
        "INDUSTRYTR": 0,
        "OTHRTRK": 0,
        "WDCODE": "All other Gates",
        "REVISIONDA": "1975/01/01 00:00:00",
        "LASTUPDATE": "3/5/2026",
        "AADT": "720",
        "AADTYEAR": "2021",
        "STATENAME": "TEXAS",
        "STATEAB": "TX",
        "COUNTYNAME": "SAN PATRICIO",
        "CITYNAME": "ODEM",
        "LATDD": 27.9466702,
        "LONGDD": -97.5798045,
        "gridlyProductionCertified": true,
        "gridlyClassification": "PUBLIC_ROADWAY",
        "gridlyDisplayName": "SOUTH THIRD STREET",
        "gridlyId": "FRA-435543U"
      }
    },
    {
      "type": "Feature",
      "id": 214654,
      "geometry": {
        "type": "Point",
        "coordinates": [
          -97.5754047004348,
          27.9327808002792
        ]
      },
      "properties": {
        "OBJECTID": 214654,
        "CROSSING": "435542M",
        "EFFDATE": 1772668800000,
        "REASON": "14",
        "StateCode": "48",
        "CountyCode": "48409",
        "STCYFIPS": "48409",
        "CITYCD": "484095020",
        "RAILROAD": "UP",
        "RRDIV": "GULF COAST",
        "RRSUBDIV": "CORPUS CHRISTI SUB",
        "HIGHWAY": "CR1856",
        "STREET": "COUNTY ROAD 1856",
        "TTSTN": "688880",
        "MILEPOST": "0133.540",
        "TYPEXING": "Public",
        "POSXING": "At Grade",
        "PRVCAT": "14",
        "INIT": "2",
        "LATITUDE": 27.9327808,
        "LONGITUD": -97.5754047,
        "LLSOURCE": "1",
        "WHISTBAN": "0",
        "RRCONT": "4025443721",
        "POLCONT": "8008488715",
        "INV_LINK": "https://safetydata.fra.dot.gov/OfficeofSafety/PublicSite/Crossing/Crossing.aspx?phasetype=C&rpttype=I&txtcrossingnum=435542M",
        "ACC_LINK": "https://safetydata.fra.dot.gov/OfficeofSafety/PublicSite/Crossing/Crossing.aspx?phasetype=C&rpttype=A&txtcrossingnum=435542M",
        "TTSTNNAM": "",
        "XPURPOSE": "1",
        "OPERATINGR": "UP",
        "OPERATIN_1": "Primary",
        "DAYTHRU": 3,
        "NGHTTHRU": 3,
        "MAINTRK": 1,
        "SIDINGTRK": 0,
        "YARDTRK": 0,
        "TRANSITTRK": 0,
        "INDUSTRYTR": 0,
        "OTHRTRK": 0,
        "WDCODE": "Crossbucks",
        "REVISIONDA": "1975/01/01 00:00:00",
        "LASTUPDATE": "3/5/2026",
        "AADT": "52",
        "AADTYEAR": "2019",
        "STATENAME": "TEXAS",
        "STATEAB": "TX",
        "COUNTYNAME": "SAN PATRICIO",
        "CITYNAME": "ODEM",
        "LATDD": 27.9327808,
        "LONGDD": -97.5754047,
        "gridlyProductionCertified": true,
        "gridlyClassification": "PUBLIC_ROADWAY",
        "gridlyDisplayName": "COUNTY ROAD 1856",
        "gridlyId": "FRA-435542M"
      }
    },
    {
      "type": "Feature",
      "id": 214655,
      "geometry": {
        "type": "Point",
        "coordinates": [
          -97.5835436004024,
          27.9491452001214
        ]
      },
      "properties": {
        "OBJECTID": 214655,
        "CROSSING": "435545H",
        "EFFDATE": 1772668800000,
        "REASON": "14",
        "StateCode": "48",
        "CountyCode": "48409",
        "STCYFIPS": "48409",
        "CITYCD": "484095020",
        "RAILROAD": "UP",
        "RRDIV": "GULF COAST",
        "RRSUBDIV": "CORPUS CHRISTI SUB",
        "HIGHWAY": "US0077",
        "STREET": "VOSS AVENUE/US 77",
        "TTSTN": "688880",
        "MILEPOST": "0132.180",
        "TYPEXING": "Public",
        "POSXING": "At Grade",
        "PRVCAT": "14",
        "INIT": "2",
        "LATITUDE": 27.9491452,
        "LONGITUD": -97.5835436,
        "LLSOURCE": "1",
        "WHISTBAN": "0",
        "RRCONT": "4025443721",
        "POLCONT": "8008488715",
        "INV_LINK": "https://safetydata.fra.dot.gov/OfficeofSafety/PublicSite/Crossing/Crossing.aspx?phasetype=C&rpttype=I&txtcrossingnum=435545H",
        "ACC_LINK": "https://safetydata.fra.dot.gov/OfficeofSafety/PublicSite/Crossing/Crossing.aspx?phasetype=C&rpttype=A&txtcrossingnum=435545H",
        "TTSTNNAM": "",
        "XPURPOSE": "1",
        "OPERATINGR": "UP",
        "OPERATIN_1": "Primary",
        "DAYTHRU": 3,
        "NGHTTHRU": 3,
        "MAINTRK": 1,
        "SIDINGTRK": 0,
        "YARDTRK": 1,
        "TRANSITTRK": 0,
        "INDUSTRYTR": 0,
        "OTHRTRK": 1,
        "WDCODE": "All other Gates",
        "REVISIONDA": "1975/01/01 00:00:00",
        "LASTUPDATE": "3/5/2026",
        "AADT": "23294",
        "AADTYEAR": "2022",
        "STATENAME": "TEXAS",
        "STATEAB": "TX",
        "COUNTYNAME": "SAN PATRICIO",
        "CITYNAME": "ODEM",
        "LATDD": 27.9491452,
        "LONGDD": -97.5835436,
        "gridlyProductionCertified": true,
        "gridlyClassification": "PUBLIC_ROADWAY",
        "gridlyDisplayName": "VOSS AVENUE/US 77",
        "gridlyId": "FRA-435545H"
      }
    },
    {
      "type": "Feature",
      "id": 214714,
      "geometry": {
        "type": "Point",
        "coordinates": [
          -97.6526858004353,
          27.9696791998869
        ]
      },
      "properties": {
        "OBJECTID": 214714,
        "CROSSING": "435564M",
        "EFFDATE": 1775433600000,
        "REASON": "14",
        "StateCode": "48",
        "CountyCode": "48409",
        "STCYFIPS": "48409",
        "CITYCD": "484092125",
        "RAILROAD": "UP",
        "RRDIV": "SOUTH TEXAS",
        "RRSUBDIV": "CORPUS CHRISTI SUB",
        "HIGHWAY": "CR 29",
        "STREET": "CR 29",
        "TTSTN": "688895",
        "MILEPOST": "0127.620",
        "TYPEXING": "Public",
        "POSXING": "At Grade",
        "PRVCAT": "14",
        "INIT": "1",
        "LATITUDE": 27.9696792,
        "LONGITUD": -97.6526858,
        "LLSOURCE": "1",
        "WHISTBAN": "0",
        "RRCONT": "4025443721",
        "POLCONT": "8008488715",
        "INV_LINK": "https://safetydata.fra.dot.gov/OfficeofSafety/PublicSite/Crossing/Crossing.aspx?phasetype=C&rpttype=I&txtcrossingnum=435564M",
        "ACC_LINK": "https://safetydata.fra.dot.gov/OfficeofSafety/PublicSite/Crossing/Crossing.aspx?phasetype=C&rpttype=A&txtcrossingnum=435564M",
        "TTSTNNAM": "",
        "XPURPOSE": "1",
        "OPERATINGR": "UP",
        "OPERATIN_1": "Primary",
        "DAYTHRU": 1,
        "NGHTTHRU": 1,
        "MAINTRK": 1,
        "SIDINGTRK": 0,
        "YARDTRK": 0,
        "TRANSITTRK": 0,
        "INDUSTRYTR": 0,
        "OTHRTRK": 0,
        "WDCODE": "Crossbucks",
        "REVISIONDA": "1975/01/01 00:00:00",
        "LASTUPDATE": "4/6/2026",
        "AADT": "52",
        "AADTYEAR": "2019",
        "STATENAME": "TEXAS",
        "STATEAB": "TX",
        "COUNTYNAME": "SAN PATRICIO",
        "CITYNAME": "EDROY",
        "LATDD": 27.9696792,
        "LONGDD": -97.6526858,
        "gridlyProductionCertified": true,
        "gridlyClassification": "PUBLIC_ROADWAY",
        "gridlyDisplayName": "CR 29",
        "gridlyId": "FRA-435564M"
      }
    },
    {
      "type": "Feature",
      "id": 215027,
      "geometry": {
        "type": "Point",
        "coordinates": [
          -97.3045961997386,
          27.9295185999807
        ]
      },
      "properties": {
        "OBJECTID": 215027,
        "CROSSING": "746412A",
        "EFFDATE": 1775174400000,
        "REASON": "14",
        "StateCode": "48",
        "CountyCode": "48409",
        "STCYFIPS": "48409",
        "CITYCD": "484092871",
        "RAILROAD": "UP",
        "RRDIV": "HOUSTON",
        "RRSUBDIV": "Kosmos Ind Ld",
        "HIGHWAY": "FM2986",
        "STREET": "FM2986",
        "TTSTN": "688875",
        "MILEPOST": "0014.375",
        "TYPEXING": "Public",
        "POSXING": "At Grade",
        "PRVCAT": "14",
        "INIT": "2",
        "LATITUDE": 27.9295186,
        "LONGITUD": -97.3045962,
        "LLSOURCE": "1",
        "WHISTBAN": "0",
        "RRCONT": "4025443721",
        "POLCONT": "8008488715",
        "INV_LINK": "https://safetydata.fra.dot.gov/OfficeofSafety/PublicSite/Crossing/Crossing.aspx?phasetype=C&rpttype=I&txtcrossingnum=746412A",
        "ACC_LINK": "https://safetydata.fra.dot.gov/OfficeofSafety/PublicSite/Crossing/Crossing.aspx?phasetype=C&rpttype=A&txtcrossingnum=746412A",
        "TTSTNNAM": "",
        "XPURPOSE": "1",
        "OPERATINGR": "UP",
        "OPERATIN_1": "Primary",
        "DAYTHRU": 0,
        "NGHTTHRU": 0,
        "MAINTRK": 0,
        "SIDINGTRK": 0,
        "YARDTRK": 0,
        "TRANSITTRK": 0,
        "INDUSTRYTR": 1,
        "OTHRTRK": 0,
        "WDCODE": "All other Gates",
        "REVISIONDA": "1975/01/01 00:00:00",
        "LASTUPDATE": "4/3/2026",
        "AADT": "2776",
        "AADTYEAR": "2024",
        "STATENAME": "TEXAS",
        "STATEAB": "TX",
        "COUNTYNAME": "SAN PATRICIO",
        "CITYNAME": "GREGORY",
        "LATDD": 27.9295186,
        "LONGDD": -97.3045962,
        "gridlyProductionCertified": true,
        "gridlyClassification": "PUBLIC_ROADWAY",
        "gridlyDisplayName": "FM2986",
        "gridlyId": "FRA-746412A"
      }
    },
    {
      "type": "Feature",
      "id": 215696,
      "geometry": {
        "type": "Point",
        "coordinates": [
          -97.5843644997736,
          27.9466165003095
        ]
      },
      "properties": {
        "OBJECTID": 215696,
        "CROSSING": "436030Y",
        "EFFDATE": 1773705600000,
        "REASON": "14",
        "StateCode": "48",
        "CountyCode": "48409",
        "STCYFIPS": "48409",
        "CITYCD": "484095020",
        "RAILROAD": "UP",
        "RRDIV": "GULF COAST",
        "RRSUBDIV": "BROWNSVILLE SUB",
        "HIGHWAY": "lS0000",
        "STREET": "WEST BAYLOR STREET",
        "TTSTN": "688880",
        "MILEPOST": "0154.290",
        "TYPEXING": "Public",
        "POSXING": "At Grade",
        "PRVCAT": "14",
        "INIT": "2",
        "LATITUDE": 27.9466165,
        "LONGITUD": -97.5843645,
        "LLSOURCE": "1",
        "WHISTBAN": "0",
        "RRCONT": "4025443721",
        "POLCONT": "8008488715",
        "INV_LINK": "https://safetydata.fra.dot.gov/OfficeofSafety/PublicSite/Crossing/Crossing.aspx?phasetype=C&rpttype=I&txtcrossingnum=436030Y",
        "ACC_LINK": "https://safetydata.fra.dot.gov/OfficeofSafety/PublicSite/Crossing/Crossing.aspx?phasetype=C&rpttype=A&txtcrossingnum=436030Y",
        "TTSTNNAM": "",
        "XPURPOSE": "1",
        "OPERATINGR": "UP",
        "OPERATIN_1": "Primary",
        "DAYTHRU": 9,
        "NGHTTHRU": 9,
        "MAINTRK": 1,
        "SIDINGTRK": 0,
        "YARDTRK": 0,
        "TRANSITTRK": 0,
        "INDUSTRYTR": 0,
        "OTHRTRK": 0,
        "WDCODE": "All other Gates",
        "REVISIONDA": "1975/01/01 00:00:00",
        "LASTUPDATE": "3/17/2026",
        "AADT": "1243",
        "AADTYEAR": "2021",
        "STATENAME": "TEXAS",
        "STATEAB": "TX",
        "COUNTYNAME": "SAN PATRICIO",
        "CITYNAME": "ODEM",
        "LATDD": 27.9466165,
        "LONGDD": -97.5843645,
        "gridlyProductionCertified": true,
        "gridlyClassification": "PUBLIC_ROADWAY",
        "gridlyDisplayName": "WEST BAYLOR STREET",
        "gridlyId": "FRA-436030Y"
      }
    },
    {
      "type": "Feature",
      "id": 215697,
      "geometry": {
        "type": "Point",
        "coordinates": [
          -97.5632661001738,
          27.9710968002829
        ]
      },
      "properties": {
        "OBJECTID": 215697,
        "CROSSING": "436023N",
        "EFFDATE": 1773705600000,
        "REASON": "14",
        "StateCode": "48",
        "CountyCode": "48409",
        "STCYFIPS": "48409",
        "CITYCD": "484095020",
        "RAILROAD": "UP",
        "RRDIV": "GULF COAST",
        "RRSUBDIV": "BROWNSVILLE SUB",
        "HIGHWAY": "FM1944",
        "STREET": "FM 1944",
        "TTSTN": "688880",
        "MILEPOST": "0156.380",
        "TYPEXING": "Public",
        "POSXING": "At Grade",
        "PRVCAT": "14",
        "INIT": "2",
        "LATITUDE": 27.9710968,
        "LONGITUD": -97.5632661,
        "LLSOURCE": "1",
        "WHISTBAN": "0",
        "RRCONT": "4025443721",
        "POLCONT": "8008488715",
        "INV_LINK": "https://safetydata.fra.dot.gov/OfficeofSafety/PublicSite/Crossing/Crossing.aspx?phasetype=C&rpttype=I&txtcrossingnum=436023N",
        "ACC_LINK": "https://safetydata.fra.dot.gov/OfficeofSafety/PublicSite/Crossing/Crossing.aspx?phasetype=C&rpttype=A&txtcrossingnum=436023N",
        "TTSTNNAM": "",
        "XPURPOSE": "1",
        "OPERATINGR": "UP",
        "OPERATIN_1": "Primary",
        "DAYTHRU": 10,
        "NGHTTHRU": 9,
        "MAINTRK": 1,
        "SIDINGTRK": 0,
        "YARDTRK": 1,
        "TRANSITTRK": 0,
        "INDUSTRYTR": 0,
        "OTHRTRK": 0,
        "WDCODE": "All other Gates",
        "REVISIONDA": "1975/01/01 00:00:00",
        "LASTUPDATE": "3/17/2026",
        "AADT": "1232",
        "AADTYEAR": "2024",
        "STATENAME": "TEXAS",
        "STATEAB": "TX",
        "COUNTYNAME": "SAN PATRICIO",
        "CITYNAME": "ODEM",
        "LATDD": 27.9710968,
        "LONGDD": -97.5632661,
        "gridlyProductionCertified": true,
        "gridlyClassification": "PUBLIC_ROADWAY",
        "gridlyDisplayName": "FM 1944",
        "gridlyId": "FRA-436023N"
      }
    },
    {
      "type": "Feature",
      "id": 215698,
      "geometry": {
        "type": "Point",
        "coordinates": [
          -97.5231648998522,
          28.0175543001045
        ]
      },
      "properties": {
        "OBJECTID": 215698,
        "CROSSING": "436028X",
        "EFFDATE": 1773705600000,
        "REASON": "14",
        "StateCode": "48",
        "CountyCode": "48409",
        "STCYFIPS": "48409",
        "CITYCD": "484096400",
        "RAILROAD": "UP",
        "RRDIV": "GULF COAST",
        "RRSUBDIV": "BROWNSVILLE SUB",
        "HIGHWAY": "Cr0057",
        "STREET": "CR 57",
        "TTSTN": "688840",
        "MILEPOST": "0160.430",
        "TYPEXING": "Public",
        "POSXING": "At Grade",
        "PRVCAT": "14",
        "INIT": "2",
        "LATITUDE": 28.0175543,
        "LONGITUD": -97.5231649,
        "LLSOURCE": "1",
        "WHISTBAN": "0",
        "RRCONT": "4025443721",
        "POLCONT": "8008488715",
        "INV_LINK": "https://safetydata.fra.dot.gov/OfficeofSafety/PublicSite/Crossing/Crossing.aspx?phasetype=C&rpttype=I&txtcrossingnum=436028X",
        "ACC_LINK": "https://safetydata.fra.dot.gov/OfficeofSafety/PublicSite/Crossing/Crossing.aspx?phasetype=C&rpttype=A&txtcrossingnum=436028X",
        "TTSTNNAM": "",
        "XPURPOSE": "1",
        "OPERATINGR": "UP",
        "OPERATIN_1": "Primary",
        "DAYTHRU": 10,
        "NGHTTHRU": 9,
        "MAINTRK": 1,
        "SIDINGTRK": 1,
        "YARDTRK": 0,
        "TRANSITTRK": 0,
        "INDUSTRYTR": 0,
        "OTHRTRK": 1,
        "WDCODE": "All other Gates",
        "REVISIONDA": "1975/01/01 00:00:00",
        "LASTUPDATE": "3/17/2026",
        "AADT": "678",
        "AADTYEAR": "2021",
        "STATENAME": "TEXAS",
        "STATEAB": "TX",
        "COUNTYNAME": "SAN PATRICIO",
        "CITYNAME": "SINTON",
        "LATDD": 28.0175543,
        "LONGDD": -97.5231649,
        "gridlyProductionCertified": true,
        "gridlyClassification": "PUBLIC_ROADWAY",
        "gridlyDisplayName": "CR 57",
        "gridlyId": "FRA-436028X"
      }
    },
    {
      "type": "Feature",
      "id": 216159,
      "geometry": {
        "type": "Point",
        "coordinates": [
          -97.2953677996383,
          27.9142111996829
        ]
      },
      "properties": {
        "OBJECTID": 216159,
        "CROSSING": "764983S",
        "EFFDATE": 1776643200000,
        "REASON": "14",
        "StateCode": "48",
        "CountyCode": "48409",
        "STCYFIPS": "48409",
        "CITYCD": "484092871",
        "RAILROAD": "UP",
        "RRDIV": "HOUSTON",
        "RRSUBDIV": "Kosmos Ind Ld",
        "HIGHWAY": "SH0035",
        "STREET": "SH0035 EASTBOUND FRONTAGE",
        "TTSTN": "688875",
        "MILEPOST": "0015.942",
        "TYPEXING": "Public",
        "POSXING": "At Grade",
        "PRVCAT": "14",
        "INIT": "2",
        "LATITUDE": 27.9142112,
        "LONGITUD": -97.2953678,
        "LLSOURCE": "1",
        "WHISTBAN": "0",
        "RRCONT": "4025443721",
        "POLCONT": "8008488715",
        "INV_LINK": "https://safetydata.fra.dot.gov/OfficeofSafety/PublicSite/Crossing/Crossing.aspx?phasetype=C&rpttype=I&txtcrossingnum=764983S",
        "ACC_LINK": "https://safetydata.fra.dot.gov/OfficeofSafety/PublicSite/Crossing/Crossing.aspx?phasetype=C&rpttype=A&txtcrossingnum=764983S",
        "TTSTNNAM": "",
        "XPURPOSE": "1",
        "OPERATINGR": "UP",
        "OPERATIN_1": "Primary",
        "DAYTHRU": 0,
        "NGHTTHRU": 0,
        "MAINTRK": 0,
        "SIDINGTRK": 0,
        "YARDTRK": 0,
        "TRANSITTRK": 0,
        "INDUSTRYTR": 1,
        "OTHRTRK": 0,
        "WDCODE": "Flashing lights",
        "REVISIONDA": "1975/01/01 00:00:00",
        "LASTUPDATE": "4/20/2026",
        "AADT": "4493",
        "AADTYEAR": "2024",
        "STATENAME": "TEXAS",
        "STATEAB": "TX",
        "COUNTYNAME": "SAN PATRICIO",
        "CITYNAME": "GREGORY",
        "LATDD": 27.9142112,
        "LONGDD": -97.2953678,
        "gridlyProductionCertified": true,
        "gridlyClassification": "PUBLIC_ROADWAY",
        "gridlyDisplayName": "SH0035 EASTBOUND FRONTAGE",
        "gridlyId": "FRA-764983S"
      }
    },
    {
      "type": "Feature",
      "id": 216193,
      "geometry": {
        "type": "Point",
        "coordinates": [
          -97.4883582000336,
          28.0254344000466
        ]
      },
      "properties": {
        "OBJECTID": 216193,
        "CROSSING": "746387U",
        "EFFDATE": 1774828800000,
        "REASON": "14",
        "StateCode": "48",
        "CountyCode": "48409",
        "STCYFIPS": "48409",
        "CITYCD": "484096400",
        "RAILROAD": "UP",
        "RRDIV": "HOUSTON",
        "RRSUBDIV": "Kosmos Ind Ld",
        "HIGHWAY": "CR0061",
        "STREET": "County Road 61a",
        "TTSTN": "688840",
        "MILEPOST": "0001.370",
        "TYPEXING": "Public",
        "POSXING": "At Grade",
        "PRVCAT": "14",
        "INIT": "2",
        "LATITUDE": 28.0254344,
        "LONGITUD": -97.4883582,
        "LLSOURCE": "1",
        "WHISTBAN": "0",
        "RRCONT": "4025443721",
        "POLCONT": "8008488715",
        "INV_LINK": "https://safetydata.fra.dot.gov/OfficeofSafety/PublicSite/Crossing/Crossing.aspx?phasetype=C&rpttype=I&txtcrossingnum=746387U",
        "ACC_LINK": "https://safetydata.fra.dot.gov/OfficeofSafety/PublicSite/Crossing/Crossing.aspx?phasetype=C&rpttype=A&txtcrossingnum=746387U",
        "TTSTNNAM": "",
        "XPURPOSE": "1",
        "OPERATINGR": "UP",
        "OPERATIN_1": "Primary",
        "DAYTHRU": 0,
        "NGHTTHRU": 0,
        "MAINTRK": 0,
        "SIDINGTRK": 0,
        "YARDTRK": 0,
        "TRANSITTRK": 0,
        "INDUSTRYTR": 1,
        "OTHRTRK": 0,
        "WDCODE": "Crossbucks",
        "REVISIONDA": "1975/01/01 00:00:00",
        "LASTUPDATE": "3/30/2026",
        "AADT": "379",
        "AADTYEAR": "2019",
        "STATENAME": "TEXAS",
        "STATEAB": "TX",
        "COUNTYNAME": "SAN PATRICIO",
        "CITYNAME": "SINTON",
        "LATDD": 28.0254344,
        "LONGDD": -97.4883582,
        "gridlyProductionCertified": true,
        "gridlyClassification": "PUBLIC_ROADWAY",
        "gridlyDisplayName": "County Road 61a",
        "gridlyId": "FRA-746387U"
      }
    },
    {
      "type": "Feature",
      "id": 216218,
      "geometry": {
        "type": "Point",
        "coordinates": [
          -97.5105686995821,
          28.0323400996385
        ]
      },
      "properties": {
        "OBJECTID": 216218,
        "CROSSING": "436013H",
        "EFFDATE": 1773360000000,
        "REASON": "14",
        "StateCode": "48",
        "CountyCode": "48409",
        "STCYFIPS": "48409",
        "CITYCD": "484096400",
        "RAILROAD": "UP",
        "RRDIV": "Gulf Coast",
        "RRSUBDIV": "Brownsville Sub",
        "HIGHWAY": "LS0000",
        "STREET": "South Rachal Street",
        "TTSTN": "688840",
        "MILEPOST": "0161.700",
        "TYPEXING": "Public",
        "POSXING": "At Grade",
        "PRVCAT": "14",
        "INIT": "2",
        "LATITUDE": 28.0323401,
        "LONGITUD": -97.5105687,
        "LLSOURCE": "1",
        "WHISTBAN": "0",
        "RRCONT": "4025443721",
        "POLCONT": "8008488715",
        "INV_LINK": "https://safetydata.fra.dot.gov/OfficeofSafety/PublicSite/Crossing/Crossing.aspx?phasetype=C&rpttype=I&txtcrossingnum=436013H",
        "ACC_LINK": "https://safetydata.fra.dot.gov/OfficeofSafety/PublicSite/Crossing/Crossing.aspx?phasetype=C&rpttype=A&txtcrossingnum=436013H",
        "TTSTNNAM": "",
        "XPURPOSE": "1",
        "OPERATINGR": "UP",
        "OPERATIN_1": "Primary",
        "DAYTHRU": 9,
        "NGHTTHRU": 9,
        "MAINTRK": 1,
        "SIDINGTRK": 0,
        "YARDTRK": 0,
        "TRANSITTRK": 0,
        "INDUSTRYTR": 1,
        "OTHRTRK": 0,
        "WDCODE": "All other Gates",
        "REVISIONDA": "1975/01/01 00:00:00",
        "LASTUPDATE": "3/13/2026",
        "AADT": "1529",
        "AADTYEAR": "2021",
        "STATENAME": "TEXAS",
        "STATEAB": "TX",
        "COUNTYNAME": "SAN PATRICIO",
        "CITYNAME": "SINTON",
        "LATDD": 28.0323401,
        "LONGDD": -97.5105687,
        "gridlyProductionCertified": true,
        "gridlyClassification": "PUBLIC_ROADWAY",
        "gridlyDisplayName": "South Rachal Street",
        "gridlyId": "FRA-436013H"
      }
    },
    {
      "type": "Feature",
      "id": 216219,
      "geometry": {
        "type": "Point",
        "coordinates": [
          -97.5057672996099,
          28.0377528996986
        ]
      },
      "properties": {
        "OBJECTID": 216219,
        "CROSSING": "436010M",
        "EFFDATE": 1773360000000,
        "REASON": "14",
        "StateCode": "48",
        "CountyCode": "48409",
        "STCYFIPS": "48409",
        "CITYCD": "484096400",
        "RAILROAD": "UP",
        "RRDIV": "GULF COAST",
        "RRSUBDIV": "BROWNSVILLE SUB",
        "HIGHWAY": "LS0000",
        "STREET": "EAST MARKET STREET",
        "TTSTN": "688840",
        "MILEPOST": "0162.190",
        "TYPEXING": "Public",
        "POSXING": "At Grade",
        "PRVCAT": "14",
        "INIT": "2",
        "LATITUDE": 28.0377529,
        "LONGITUD": -97.5057673,
        "LLSOURCE": "1",
        "WHISTBAN": "0",
        "RRCONT": "4025443721",
        "POLCONT": "8008488715",
        "INV_LINK": "https://safetydata.fra.dot.gov/OfficeofSafety/PublicSite/Crossing/Crossing.aspx?phasetype=C&rpttype=I&txtcrossingnum=436010M",
        "ACC_LINK": "https://safetydata.fra.dot.gov/OfficeofSafety/PublicSite/Crossing/Crossing.aspx?phasetype=C&rpttype=A&txtcrossingnum=436010M",
        "TTSTNNAM": "",
        "XPURPOSE": "1",
        "OPERATINGR": "UP",
        "OPERATIN_1": "Primary",
        "DAYTHRU": 9,
        "NGHTTHRU": 9,
        "MAINTRK": 1,
        "SIDINGTRK": 0,
        "YARDTRK": 0,
        "TRANSITTRK": 0,
        "INDUSTRYTR": 0,
        "OTHRTRK": 1,
        "WDCODE": "All other Gates",
        "REVISIONDA": "1975/01/01 00:00:00",
        "LASTUPDATE": "3/13/2026",
        "AADT": "849",
        "AADTYEAR": "2021",
        "STATENAME": "TEXAS",
        "STATEAB": "TX",
        "COUNTYNAME": "SAN PATRICIO",
        "CITYNAME": "SINTON",
        "LATDD": 28.0377529,
        "LONGDD": -97.5057673,
        "gridlyProductionCertified": true,
        "gridlyClassification": "PUBLIC_ROADWAY",
        "gridlyDisplayName": "EAST MARKET STREET",
        "gridlyId": "FRA-436010M"
      }
    },
    {
      "type": "Feature",
      "id": 216220,
      "geometry": {
        "type": "Point",
        "coordinates": [
          -97.5093094996073,
          28.0336438003554
        ]
      },
      "properties": {
        "OBJECTID": 216220,
        "CROSSING": "436012B",
        "EFFDATE": 1773360000000,
        "REASON": "14",
        "StateCode": "48",
        "CountyCode": "48409",
        "STCYFIPS": "48409",
        "CITYCD": "484096400",
        "RAILROAD": "UP",
        "RRDIV": "GULF COAST",
        "RRSUBDIV": "BROWNSVILLE SUB",
        "HIGHWAY": "LS0000",
        "STREET": "FIRST STREET",
        "TTSTN": "688840",
        "MILEPOST": "0161.830",
        "TYPEXING": "Public",
        "POSXING": "At Grade",
        "PRVCAT": "14",
        "INIT": "2",
        "LATITUDE": 28.0336438,
        "LONGITUD": -97.5093095,
        "LLSOURCE": "1",
        "WHISTBAN": "0",
        "RRCONT": "4025443721",
        "POLCONT": "8008488715",
        "INV_LINK": "https://safetydata.fra.dot.gov/OfficeofSafety/PublicSite/Crossing/Crossing.aspx?phasetype=C&rpttype=I&txtcrossingnum=436012B",
        "ACC_LINK": "https://safetydata.fra.dot.gov/OfficeofSafety/PublicSite/Crossing/Crossing.aspx?phasetype=C&rpttype=A&txtcrossingnum=436012B",
        "TTSTNNAM": "",
        "XPURPOSE": "1",
        "OPERATINGR": "UP",
        "OPERATIN_1": "Primary",
        "DAYTHRU": 9,
        "NGHTTHRU": 9,
        "MAINTRK": 2,
        "SIDINGTRK": 0,
        "YARDTRK": 0,
        "TRANSITTRK": 0,
        "INDUSTRYTR": 0,
        "OTHRTRK": 0,
        "WDCODE": "All other Gates",
        "REVISIONDA": "1975/01/01 00:00:00",
        "LASTUPDATE": "3/13/2026",
        "AADT": "179",
        "AADTYEAR": "2019",
        "STATENAME": "TEXAS",
        "STATEAB": "TX",
        "COUNTYNAME": "SAN PATRICIO",
        "CITYNAME": "SINTON",
        "LATDD": 28.0336438,
        "LONGDD": -97.5093095,
        "gridlyProductionCertified": true,
        "gridlyClassification": "PUBLIC_ROADWAY",
        "gridlyDisplayName": "FIRST STREET",
        "gridlyId": "FRA-436012B"
      }
    },
    {
      "type": "Feature",
      "id": 216221,
      "geometry": {
        "type": "Point",
        "coordinates": [
          -97.5138644997819,
          28.028429499819
        ]
      },
      "properties": {
        "OBJECTID": 216221,
        "CROSSING": "436015W",
        "EFFDATE": 1773360000000,
        "REASON": "14",
        "StateCode": "48",
        "CountyCode": "48409",
        "STCYFIPS": "48409",
        "CITYCD": "484096400",
        "RAILROAD": "UP",
        "RRDIV": "GULF COAST",
        "RRSUBDIV": "BROWNSVILLE SUB",
        "HIGHWAY": "LS0000",
        "STREET": "WEST FIFTH STREET",
        "TTSTN": "688840",
        "MILEPOST": "0161.370",
        "TYPEXING": "Public",
        "POSXING": "At Grade",
        "PRVCAT": "14",
        "INIT": "2",
        "LATITUDE": 28.0284295,
        "LONGITUD": -97.5138645,
        "LLSOURCE": "1",
        "WHISTBAN": "0",
        "RRCONT": "4025443721",
        "POLCONT": "8008488715",
        "INV_LINK": "https://safetydata.fra.dot.gov/OfficeofSafety/PublicSite/Crossing/Crossing.aspx?phasetype=C&rpttype=I&txtcrossingnum=436015W",
        "ACC_LINK": "https://safetydata.fra.dot.gov/OfficeofSafety/PublicSite/Crossing/Crossing.aspx?phasetype=C&rpttype=A&txtcrossingnum=436015W",
        "TTSTNNAM": "",
        "XPURPOSE": "1",
        "OPERATINGR": "UP",
        "OPERATIN_1": "Primary",
        "DAYTHRU": 9,
        "NGHTTHRU": 9,
        "MAINTRK": 1,
        "SIDINGTRK": 1,
        "YARDTRK": 0,
        "TRANSITTRK": 0,
        "INDUSTRYTR": 0,
        "OTHRTRK": 1,
        "WDCODE": "All other Gates",
        "REVISIONDA": "1975/01/01 00:00:00",
        "LASTUPDATE": "3/13/2026",
        "AADT": "1857",
        "AADTYEAR": "2021",
        "STATENAME": "TEXAS",
        "STATEAB": "TX",
        "COUNTYNAME": "SAN PATRICIO",
        "CITYNAME": "SINTON",
        "LATDD": 28.0284295,
        "LONGDD": -97.5138645,
        "gridlyProductionCertified": true,
        "gridlyClassification": "PUBLIC_ROADWAY",
        "gridlyDisplayName": "WEST FIFTH STREET",
        "gridlyId": "FRA-436015W"
      }
    },
    {
      "type": "Feature",
      "id": 216223,
      "geometry": {
        "type": "Point",
        "coordinates": [
          -97.5120142002654,
          28.0305751998148
        ]
      },
      "properties": {
        "OBJECTID": 216223,
        "CROSSING": "436014P",
        "EFFDATE": 1773360000000,
        "REASON": "14",
        "StateCode": "48",
        "CountyCode": "48409",
        "STCYFIPS": "48409",
        "CITYCD": "484096400",
        "RAILROAD": "UP",
        "RRDIV": "GULF COAST",
        "RRSUBDIV": "BROWNSVILLE SUB",
        "HIGHWAY": "LS0000",
        "STREET": "WEST FOURTH STREET",
        "TTSTN": "688840",
        "MILEPOST": "0161.550",
        "TYPEXING": "Public",
        "POSXING": "At Grade",
        "PRVCAT": "14",
        "INIT": "2",
        "LATITUDE": 28.0305752,
        "LONGITUD": -97.5120142,
        "LLSOURCE": "1",
        "WHISTBAN": "0",
        "RRCONT": "4025443721",
        "POLCONT": "8008488715",
        "INV_LINK": "https://safetydata.fra.dot.gov/OfficeofSafety/PublicSite/Crossing/Crossing.aspx?phasetype=C&rpttype=I&txtcrossingnum=436014P",
        "ACC_LINK": "https://safetydata.fra.dot.gov/OfficeofSafety/PublicSite/Crossing/Crossing.aspx?phasetype=C&rpttype=A&txtcrossingnum=436014P",
        "TTSTNNAM": "",
        "XPURPOSE": "1",
        "OPERATINGR": "UP",
        "OPERATIN_1": "Primary",
        "DAYTHRU": 9,
        "NGHTTHRU": 9,
        "MAINTRK": 1,
        "SIDINGTRK": 1,
        "YARDTRK": 0,
        "TRANSITTRK": 0,
        "INDUSTRYTR": 0,
        "OTHRTRK": 1,
        "WDCODE": "All other Gates",
        "REVISIONDA": "1975/01/01 00:00:00",
        "LASTUPDATE": "3/13/2026",
        "AADT": "2042",
        "AADTYEAR": "2021",
        "STATENAME": "TEXAS",
        "STATEAB": "TX",
        "COUNTYNAME": "SAN PATRICIO",
        "CITYNAME": "SINTON",
        "LATDD": 28.0305752,
        "LONGDD": -97.5120142,
        "gridlyProductionCertified": true,
        "gridlyClassification": "PUBLIC_ROADWAY",
        "gridlyDisplayName": "WEST FOURTH STREET",
        "gridlyId": "FRA-436014P"
      }
    },
    {
      "type": "Feature",
      "id": 216245,
      "geometry": {
        "type": "Point",
        "coordinates": [
          -97.568212499911,
          27.885804399692
        ]
      },
      "properties": {
        "OBJECTID": 216245,
        "CROSSING": "921098Y",
        "EFFDATE": 1774915200000,
        "REASON": "14",
        "StateCode": "48",
        "CountyCode": "48273",
        "STCYFIPS": "48273",
        "CITYCD": "482731550",
        "RAILROAD": "UP",
        "RRDIV": "GULF COAST",
        "RRSUBDIV": "CORPUS CHRISTI SUB",
        "HIGHWAY": "NA",
        "STREET": "PRIVATE",
        "TTSTN": "689100",
        "MILEPOST": "0136.819",
        "TYPEXING": "Private",
        "POSXING": "At Grade",
        "PRVCAT": "14",
        "INIT": "1",
        "LATITUDE": 27.8858044,
        "LONGITUD": -97.5682125,
        "LLSOURCE": "1",
        "WHISTBAN": "0",
        "RRCONT": "4025443721",
        "POLCONT": "8008488715",
        "INV_LINK": "https://safetydata.fra.dot.gov/OfficeofSafety/PublicSite/Crossing/Crossing.aspx?phasetype=C&rpttype=I&txtcrossingnum=921098Y",
        "ACC_LINK": "https://safetydata.fra.dot.gov/OfficeofSafety/PublicSite/Crossing/Crossing.aspx?phasetype=C&rpttype=A&txtcrossingnum=921098Y",
        "TTSTNNAM": "",
        "XPURPOSE": "1",
        "OPERATINGR": "UP",
        "OPERATIN_1": "Primary",
        "DAYTHRU": 3,
        "NGHTTHRU": 3,
        "MAINTRK": 1,
        "SIDINGTRK": 0,
        "YARDTRK": 0,
        "TRANSITTRK": 0,
        "INDUSTRYTR": 0,
        "OTHRTRK": 0,
        "WDCODE": "",
        "REVISIONDA": "1975/01/01 00:00:00",
        "LASTUPDATE": "3/31/2026",
        "AADT": "1",
        "AADTYEAR": "",
        "STATENAME": "TEXAS",
        "STATEAB": "TX",
        "COUNTYNAME": "KLEBERG",
        "CITYNAME": "CORPUS CHRISTI",
        "LATDD": 27.8858044,
        "LONGDD": -97.5682125,
        "gridlyProductionCertified": true,
        "gridlyClassification": "PUBLIC_ROADWAY",
        "gridlyDisplayName": "PRIVATE",
        "gridlyId": "FRA-921098Y"
      }
    },
    {
      "type": "Feature",
      "id": 216250,
      "geometry": {
        "type": "Point",
        "coordinates": [
          -97.8517799998614,
          28.1255771003318
        ]
      },
      "properties": {
        "OBJECTID": 216250,
        "CROSSING": "435599N",
        "EFFDATE": 1774915200000,
        "REASON": "14",
        "StateCode": "48",
        "CountyCode": "48409",
        "STCYFIPS": "48409",
        "CITYCD": "484094400",
        "RAILROAD": "UP",
        "RRDIV": "SOUTH TEXAS",
        "RRSUBDIV": "CORPUS CHRISTI SUB",
        "HIGHWAY": "CR0509",
        "STREET": "COUNTY ROAD 509 ",
        "TTSTN": "688833",
        "MILEPOST": "0110.909",
        "TYPEXING": "Public",
        "POSXING": "At Grade",
        "PRVCAT": "14",
        "INIT": "1",
        "LATITUDE": 28.1255771,
        "LONGITUD": -97.85178,
        "LLSOURCE": "1",
        "WHISTBAN": "0",
        "RRCONT": "4025443721",
        "POLCONT": "8008488715",
        "INV_LINK": "https://safetydata.fra.dot.gov/OfficeofSafety/PublicSite/Crossing/Crossing.aspx?phasetype=C&rpttype=I&txtcrossingnum=435599N",
        "ACC_LINK": "https://safetydata.fra.dot.gov/OfficeofSafety/PublicSite/Crossing/Crossing.aspx?phasetype=C&rpttype=A&txtcrossingnum=435599N",
        "TTSTNNAM": "",
        "XPURPOSE": "1",
        "OPERATINGR": "UP",
        "OPERATIN_1": "Primary",
        "DAYTHRU": 1,
        "NGHTTHRU": 1,
        "MAINTRK": 1,
        "SIDINGTRK": 0,
        "YARDTRK": 0,
        "TRANSITTRK": 0,
        "INDUSTRYTR": 0,
        "OTHRTRK": 0,
        "WDCODE": "All other Gates",
        "REVISIONDA": "1975/01/01 00:00:00",
        "LASTUPDATE": "3/31/2026",
        "AADT": "52",
        "AADTYEAR": "2019",
        "STATENAME": "TEXAS",
        "STATEAB": "TX",
        "COUNTYNAME": "SAN PATRICIO",
        "CITYNAME": "MATHIS",
        "LATDD": 28.1255771,
        "LONGDD": -97.85178,
        "gridlyProductionCertified": true,
        "gridlyClassification": "PUBLIC_ROADWAY",
        "gridlyDisplayName": "COUNTY ROAD 509",
        "gridlyId": "FRA-435599N"
      }
    },
    {
      "type": "Feature",
      "id": 216251,
      "geometry": {
        "type": "Point",
        "coordinates": [
          -97.8450460003195,
          28.1175250003702
        ]
      },
      "properties": {
        "OBJECTID": 216251,
        "CROSSING": "435597A",
        "EFFDATE": 1774915200000,
        "REASON": "14",
        "StateCode": "48",
        "CountyCode": "48409",
        "STCYFIPS": "48409",
        "CITYCD": "484094400",
        "RAILROAD": "UP",
        "RRDIV": "SOUTH TEXAS",
        "RRSUBDIV": "CORPUS CHRISTI SUB",
        "HIGHWAY": "NA",
        "STREET": "FRELS ROAD",
        "TTSTN": "688833",
        "MILEPOST": "0111.559",
        "TYPEXING": "Private",
        "POSXING": "At Grade",
        "PRVCAT": "14",
        "INIT": "1",
        "LATITUDE": 28.117525,
        "LONGITUD": -97.845046,
        "LLSOURCE": "1",
        "WHISTBAN": "0",
        "RRCONT": "4025443721",
        "POLCONT": "8008488715",
        "INV_LINK": "https://safetydata.fra.dot.gov/OfficeofSafety/PublicSite/Crossing/Crossing.aspx?phasetype=C&rpttype=I&txtcrossingnum=435597A",
        "ACC_LINK": "https://safetydata.fra.dot.gov/OfficeofSafety/PublicSite/Crossing/Crossing.aspx?phasetype=C&rpttype=A&txtcrossingnum=435597A",
        "TTSTNNAM": "",
        "XPURPOSE": "1",
        "OPERATINGR": "UP",
        "OPERATIN_1": "Primary",
        "DAYTHRU": 1,
        "NGHTTHRU": 1,
        "MAINTRK": 1,
        "SIDINGTRK": 0,
        "YARDTRK": 0,
        "TRANSITTRK": 0,
        "INDUSTRYTR": 0,
        "OTHRTRK": 0,
        "WDCODE": "",
        "REVISIONDA": "1975/01/01 00:00:00",
        "LASTUPDATE": "3/31/2026",
        "AADT": "",
        "AADTYEAR": "1970",
        "STATENAME": "TEXAS",
        "STATEAB": "TX",
        "COUNTYNAME": "SAN PATRICIO",
        "CITYNAME": "MATHIS",
        "LATDD": 28.117525,
        "LONGDD": -97.845046,
        "gridlyProductionCertified": true,
        "gridlyClassification": "PUBLIC_ROADWAY",
        "gridlyDisplayName": "FRELS ROAD",
        "gridlyId": "FRA-435597A"
      }
    },
    {
      "type": "Feature",
      "id": 216252,
      "geometry": {
        "type": "Point",
        "coordinates": [
          -97.4479388999817,
          28.0043455997019
        ]
      },
      "properties": {
        "OBJECTID": 216252,
        "CROSSING": "746389H",
        "EFFDATE": 1774915200000,
        "REASON": "14",
        "StateCode": "48",
        "CountyCode": "48409",
        "STCYFIPS": "48409",
        "CITYCD": "484096730",
        "RAILROAD": "UP",
        "RRDIV": "HOUSTON",
        "RRSUBDIV": "Kosmos Ind Ld",
        "HIGHWAY": "CR0065",
        "STREET": "COUNTY ROAD 65",
        "TTSTN": "688872",
        "MILEPOST": "0004.230",
        "TYPEXING": "Public",
        "POSXING": "At Grade",
        "PRVCAT": "14",
        "INIT": "2",
        "LATITUDE": 28.0043456,
        "LONGITUD": -97.4479389,
        "LLSOURCE": "1",
        "WHISTBAN": "0",
        "RRCONT": "4025443721",
        "POLCONT": "8008488715",
        "INV_LINK": "https://safetydata.fra.dot.gov/OfficeofSafety/PublicSite/Crossing/Crossing.aspx?phasetype=C&rpttype=I&txtcrossingnum=746389H",
        "ACC_LINK": "https://safetydata.fra.dot.gov/OfficeofSafety/PublicSite/Crossing/Crossing.aspx?phasetype=C&rpttype=A&txtcrossingnum=746389H",
        "TTSTNNAM": "",
        "XPURPOSE": "1",
        "OPERATINGR": "UP",
        "OPERATIN_1": "Primary",
        "DAYTHRU": 0,
        "NGHTTHRU": 0,
        "MAINTRK": 0,
        "SIDINGTRK": 0,
        "YARDTRK": 0,
        "TRANSITTRK": 0,
        "INDUSTRYTR": 1,
        "OTHRTRK": 0,
        "WDCODE": "Crossbucks",
        "REVISIONDA": "1975/01/01 00:00:00",
        "LASTUPDATE": "3/31/2026",
        "AADT": "38",
        "AADTYEAR": "2022",
        "STATENAME": "TEXAS",
        "STATEAB": "TX",
        "COUNTYNAME": "SAN PATRICIO",
        "CITYNAME": "TAFT",
        "LATDD": 28.0043456,
        "LONGDD": -97.4479389,
        "gridlyProductionCertified": true,
        "gridlyClassification": "PUBLIC_ROADWAY",
        "gridlyDisplayName": "COUNTY ROAD 65",
        "gridlyId": "FRA-746389H"
      }
    },
    {
      "type": "Feature",
      "id": 216253,
      "geometry": {
        "type": "Point",
        "coordinates": [
          -97.4017999995664,
          27.9801319996164
        ]
      },
      "properties": {
        "OBJECTID": 216253,
        "CROSSING": "974080K",
        "EFFDATE": 1774915200000,
        "REASON": "14",
        "StateCode": "48",
        "CountyCode": "48409",
        "STCYFIPS": "48409",
        "CITYCD": "484096730",
        "RAILROAD": "UP",
        "RRDIV": "HOUSTON",
        "RRSUBDIV": "Kosmos Ind Ld",
        "HIGHWAY": "LS0000",
        "STREET": "Abazola Avenue",
        "TTSTN": "",
        "MILEPOST": "0007.490",
        "TYPEXING": "Public",
        "POSXING": "At Grade",
        "PRVCAT": "14",
        "INIT": "2",
        "LATITUDE": 27.980132,
        "LONGITUD": -97.4018,
        "LLSOURCE": "1",
        "WHISTBAN": "",
        "RRCONT": "4025443721",
        "POLCONT": "8008488715",
        "INV_LINK": "https://safetydata.fra.dot.gov/OfficeofSafety/PublicSite/Crossing/Crossing.aspx?phasetype=C&rpttype=I&txtcrossingnum=974080K",
        "ACC_LINK": "https://safetydata.fra.dot.gov/OfficeofSafety/PublicSite/Crossing/Crossing.aspx?phasetype=C&rpttype=A&txtcrossingnum=974080K",
        "TTSTNNAM": "",
        "XPURPOSE": "1",
        "OPERATINGR": "UP",
        "OPERATIN_1": "Primary",
        "DAYTHRU": 0,
        "NGHTTHRU": 0,
        "MAINTRK": 0,
        "SIDINGTRK": 0,
        "YARDTRK": 0,
        "TRANSITTRK": 0,
        "INDUSTRYTR": 1,
        "OTHRTRK": 0,
        "WDCODE": "No signs or signals",
        "REVISIONDA": "1975/01/01 00:00:00",
        "LASTUPDATE": "3/31/2026",
        "AADT": "44",
        "AADTYEAR": "2022",
        "STATENAME": "TEXAS",
        "STATEAB": "TX",
        "COUNTYNAME": "SAN PATRICIO",
        "CITYNAME": "TAFT",
        "LATDD": 27.980132,
        "LONGDD": -97.4018,
        "gridlyProductionCertified": true,
        "gridlyClassification": "PUBLIC_ROADWAY",
        "gridlyDisplayName": "Abazola Avenue",
        "gridlyId": "FRA-974080K"
      }
    },
    {
      "type": "Feature",
      "id": 216254,
      "geometry": {
        "type": "Point",
        "coordinates": [
          -97.4016733999934,
          27.9802983997508
        ]
      },
      "properties": {
        "OBJECTID": 216254,
        "CROSSING": "746397A",
        "EFFDATE": 1774915200000,
        "REASON": "14",
        "StateCode": "48",
        "CountyCode": "48409",
        "STCYFIPS": "48409",
        "CITYCD": "484096730",
        "RAILROAD": "UP",
        "RRDIV": "HOUSTON",
        "RRSUBDIV": "Kosmos Ind Ld",
        "HIGHWAY": "LS0000",
        "STREET": "ABAZOLA AVENUE",
        "TTSTN": "688872",
        "MILEPOST": "0007.510",
        "TYPEXING": "Public",
        "POSXING": "At Grade",
        "PRVCAT": "14",
        "INIT": "2",
        "LATITUDE": 27.9802984,
        "LONGITUD": -97.4016734,
        "LLSOURCE": "1",
        "WHISTBAN": "0",
        "RRCONT": "4025443721",
        "POLCONT": "8008488715",
        "INV_LINK": "https://safetydata.fra.dot.gov/OfficeofSafety/PublicSite/Crossing/Crossing.aspx?phasetype=C&rpttype=I&txtcrossingnum=746397A",
        "ACC_LINK": "https://safetydata.fra.dot.gov/OfficeofSafety/PublicSite/Crossing/Crossing.aspx?phasetype=C&rpttype=A&txtcrossingnum=746397A",
        "TTSTNNAM": "",
        "XPURPOSE": "1",
        "OPERATINGR": "UP",
        "OPERATIN_1": "Primary",
        "DAYTHRU": 0,
        "NGHTTHRU": 0,
        "MAINTRK": 0,
        "SIDINGTRK": 0,
        "YARDTRK": 0,
        "TRANSITTRK": 0,
        "INDUSTRYTR": 1,
        "OTHRTRK": 3,
        "WDCODE": "All other Gates",
        "REVISIONDA": "1975/01/01 00:00:00",
        "LASTUPDATE": "3/31/2026",
        "AADT": "44",
        "AADTYEAR": "2022",
        "STATENAME": "TEXAS",
        "STATEAB": "TX",
        "COUNTYNAME": "SAN PATRICIO",
        "CITYNAME": "TAFT",
        "LATDD": 27.9802984,
        "LONGDD": -97.4016734,
        "gridlyProductionCertified": true,
        "gridlyClassification": "PUBLIC_ROADWAY",
        "gridlyDisplayName": "ABAZOLA AVENUE",
        "gridlyId": "FRA-746397A"
      }
    },
    {
      "type": "Feature",
      "id": 216264,
      "geometry": {
        "type": "Point",
        "coordinates": [
          -97.3687124003171,
          27.9630257000455
        ]
      },
      "properties": {
        "OBJECTID": 216264,
        "CROSSING": "746406W",
        "EFFDATE": 1775001600000,
        "REASON": "14",
        "StateCode": "48",
        "CountyCode": "48409",
        "STCYFIPS": "48409",
        "CITYCD": "484096730",
        "RAILROAD": "UP",
        "RRDIV": "HOUSTON",
        "RRSUBDIV": "Kosmos Ind Ld",
        "HIGHWAY": "CR3561",
        "STREET": "COUNTY ROAD 3561",
        "TTSTN": "688872",
        "MILEPOST": "0009.830",
        "TYPEXING": "Public",
        "POSXING": "At Grade",
        "PRVCAT": "14",
        "INIT": "2",
        "LATITUDE": 27.9630257,
        "LONGITUD": -97.3687124,
        "LLSOURCE": "1",
        "WHISTBAN": "0",
        "RRCONT": "4025443721",
        "POLCONT": "8008488715",
        "INV_LINK": "https://safetydata.fra.dot.gov/OfficeofSafety/PublicSite/Crossing/Crossing.aspx?phasetype=C&rpttype=I&txtcrossingnum=746406W",
        "ACC_LINK": "https://safetydata.fra.dot.gov/OfficeofSafety/PublicSite/Crossing/Crossing.aspx?phasetype=C&rpttype=A&txtcrossingnum=746406W",
        "TTSTNNAM": "",
        "XPURPOSE": "1",
        "OPERATINGR": "UP",
        "OPERATIN_1": "Primary",
        "DAYTHRU": 0,
        "NGHTTHRU": 0,
        "MAINTRK": 0,
        "SIDINGTRK": 0,
        "YARDTRK": 0,
        "TRANSITTRK": 0,
        "INDUSTRYTR": 1,
        "OTHRTRK": 0,
        "WDCODE": "Crossbucks",
        "REVISIONDA": "1975/01/01 00:00:00",
        "LASTUPDATE": "4/1/2026",
        "AADT": "48",
        "AADTYEAR": "2022",
        "STATENAME": "TEXAS",
        "STATEAB": "TX",
        "COUNTYNAME": "SAN PATRICIO",
        "CITYNAME": "TAFT",
        "LATDD": 27.9630257,
        "LONGDD": -97.3687124,
        "gridlyProductionCertified": true,
        "gridlyClassification": "PUBLIC_ROADWAY",
        "gridlyDisplayName": "COUNTY ROAD 3561",
        "gridlyId": "FRA-746406W"
      }
    },
    {
      "type": "Feature",
      "id": 216265,
      "geometry": {
        "type": "Point",
        "coordinates": [
          -97.3987240997616,
          27.9787086997295
        ]
      },
      "properties": {
        "OBJECTID": 216265,
        "CROSSING": "746401M",
        "EFFDATE": 1775001600000,
        "REASON": "14",
        "StateCode": "48",
        "CountyCode": "48409",
        "STCYFIPS": "48409",
        "CITYCD": "484096730",
        "RAILROAD": "UP",
        "RRDIV": "HOUSTON",
        "RRSUBDIV": "Kosmos Ind Ld",
        "HIGHWAY": "FM0631",
        "STREET": "FM0631 / Davis Road",
        "TTSTN": "688872",
        "MILEPOST": "0007.703",
        "TYPEXING": "Public",
        "POSXING": "At Grade",
        "PRVCAT": "14",
        "INIT": "2",
        "LATITUDE": 27.9787087,
        "LONGITUD": -97.3987241,
        "LLSOURCE": "1",
        "WHISTBAN": "0",
        "RRCONT": "4025443721",
        "POLCONT": "8008488715",
        "INV_LINK": "https://safetydata.fra.dot.gov/OfficeofSafety/PublicSite/Crossing/Crossing.aspx?phasetype=C&rpttype=I&txtcrossingnum=746401M",
        "ACC_LINK": "https://safetydata.fra.dot.gov/OfficeofSafety/PublicSite/Crossing/Crossing.aspx?phasetype=C&rpttype=A&txtcrossingnum=746401M",
        "TTSTNNAM": "",
        "XPURPOSE": "1",
        "OPERATINGR": "UP",
        "OPERATIN_1": "Primary",
        "DAYTHRU": 0,
        "NGHTTHRU": 0,
        "MAINTRK": 0,
        "SIDINGTRK": 0,
        "YARDTRK": 0,
        "TRANSITTRK": 0,
        "INDUSTRYTR": 1,
        "OTHRTRK": 0,
        "WDCODE": "All other Gates",
        "REVISIONDA": "1975/01/01 00:00:00",
        "LASTUPDATE": "4/1/2026",
        "AADT": "3379",
        "AADTYEAR": "2024",
        "STATENAME": "TEXAS",
        "STATEAB": "TX",
        "COUNTYNAME": "SAN PATRICIO",
        "CITYNAME": "TAFT",
        "LATDD": 27.9787087,
        "LONGDD": -97.3987241,
        "gridlyProductionCertified": true,
        "gridlyClassification": "PUBLIC_ROADWAY",
        "gridlyDisplayName": "FM0631 / Davis Road",
        "gridlyId": "FRA-746401M"
      }
    },
    {
      "type": "Feature",
      "id": 216266,
      "geometry": {
        "type": "Point",
        "coordinates": [
          -97.3941712995611,
          27.9763409003635
        ]
      },
      "properties": {
        "OBJECTID": 216266,
        "CROSSING": "746403B",
        "EFFDATE": 1775001600000,
        "REASON": "14",
        "StateCode": "48",
        "CountyCode": "48409",
        "STCYFIPS": "48409",
        "CITYCD": "484096730",
        "RAILROAD": "UP",
        "RRDIV": "HOUSTON",
        "RRSUBDIV": "Kosmos Ind Ld",
        "HIGHWAY": "LS0000",
        "STREET": "TOLAND AVENUE",
        "TTSTN": "688872",
        "MILEPOST": "0008.025",
        "TYPEXING": "Public",
        "POSXING": "At Grade",
        "PRVCAT": "14",
        "INIT": "2",
        "LATITUDE": 27.9763409,
        "LONGITUD": -97.3941713,
        "LLSOURCE": "1",
        "WHISTBAN": "0",
        "RRCONT": "4025443721",
        "POLCONT": "8008488715",
        "INV_LINK": "https://safetydata.fra.dot.gov/OfficeofSafety/PublicSite/Crossing/Crossing.aspx?phasetype=C&rpttype=I&txtcrossingnum=746403B",
        "ACC_LINK": "https://safetydata.fra.dot.gov/OfficeofSafety/PublicSite/Crossing/Crossing.aspx?phasetype=C&rpttype=A&txtcrossingnum=746403B",
        "TTSTNNAM": "",
        "XPURPOSE": "1",
        "OPERATINGR": "UP",
        "OPERATIN_1": "Primary",
        "DAYTHRU": 0,
        "NGHTTHRU": 0,
        "MAINTRK": 0,
        "SIDINGTRK": 0,
        "YARDTRK": 0,
        "TRANSITTRK": 0,
        "INDUSTRYTR": 1,
        "OTHRTRK": 0,
        "WDCODE": "All other Gates",
        "REVISIONDA": "1975/01/01 00:00:00",
        "LASTUPDATE": "4/1/2026",
        "AADT": "1585",
        "AADTYEAR": "2021",
        "STATENAME": "TEXAS",
        "STATEAB": "TX",
        "COUNTYNAME": "SAN PATRICIO",
        "CITYNAME": "TAFT",
        "LATDD": 27.9763409,
        "LONGDD": -97.3941713,
        "gridlyProductionCertified": true,
        "gridlyClassification": "PUBLIC_ROADWAY",
        "gridlyDisplayName": "TOLAND AVENUE",
        "gridlyId": "FRA-746403B"
      }
    },
    {
      "type": "Feature",
      "id": 216267,
      "geometry": {
        "type": "Point",
        "coordinates": [
          -97.3918912999115,
          27.9751501000837
        ]
      },
      "properties": {
        "OBJECTID": 216267,
        "CROSSING": "746404H",
        "EFFDATE": 1775001600000,
        "REASON": "14",
        "StateCode": "48",
        "CountyCode": "48409",
        "STCYFIPS": "48409",
        "CITYCD": "484096730",
        "RAILROAD": "UP",
        "RRDIV": "HOUSTON",
        "RRSUBDIV": "Kosmos Ind Ld",
        "HIGHWAY": "LS0000",
        "STREET": "FIELD AVENUE",
        "TTSTN": "688872",
        "MILEPOST": "0008.185",
        "TYPEXING": "Public",
        "POSXING": "At Grade",
        "PRVCAT": "14",
        "INIT": "2",
        "LATITUDE": 27.9751501,
        "LONGITUD": -97.3918913,
        "LLSOURCE": "1",
        "WHISTBAN": "0",
        "RRCONT": "4025443721",
        "POLCONT": "8008488715",
        "INV_LINK": "https://safetydata.fra.dot.gov/OfficeofSafety/PublicSite/Crossing/Crossing.aspx?phasetype=C&rpttype=I&txtcrossingnum=746404H",
        "ACC_LINK": "https://safetydata.fra.dot.gov/OfficeofSafety/PublicSite/Crossing/Crossing.aspx?phasetype=C&rpttype=A&txtcrossingnum=746404H",
        "TTSTNNAM": "",
        "XPURPOSE": "1",
        "OPERATINGR": "UP",
        "OPERATIN_1": "Primary",
        "DAYTHRU": 0,
        "NGHTTHRU": 0,
        "MAINTRK": 0,
        "SIDINGTRK": 0,
        "YARDTRK": 0,
        "TRANSITTRK": 0,
        "INDUSTRYTR": 1,
        "OTHRTRK": 0,
        "WDCODE": "All other Gates",
        "REVISIONDA": "1975/01/01 00:00:00",
        "LASTUPDATE": "4/1/2026",
        "AADT": "52",
        "AADTYEAR": "2019",
        "STATENAME": "TEXAS",
        "STATEAB": "TX",
        "COUNTYNAME": "SAN PATRICIO",
        "CITYNAME": "TAFT",
        "LATDD": 27.9751501,
        "LONGDD": -97.3918913,
        "gridlyProductionCertified": true,
        "gridlyClassification": "PUBLIC_ROADWAY",
        "gridlyDisplayName": "FIELD AVENUE",
        "gridlyId": "FRA-746404H"
      }
    },
    {
      "type": "Feature",
      "id": 216268,
      "geometry": {
        "type": "Point",
        "coordinates": [
          -97.3972534004363,
          27.9779237999724
        ]
      },
      "properties": {
        "OBJECTID": 216268,
        "CROSSING": "746402U",
        "EFFDATE": 1775001600000,
        "REASON": "14",
        "StateCode": "48",
        "CountyCode": "48409",
        "STCYFIPS": "48409",
        "CITYCD": "484096730",
        "RAILROAD": "UP",
        "RRDIV": "HOUSTON",
        "RRSUBDIV": "Kosmos Ind Ld",
        "HIGHWAY": "LS0000",
        "STREET": "AVENUE C",
        "TTSTN": "688872",
        "MILEPOST": "0007.808",
        "TYPEXING": "Public",
        "POSXING": "At Grade",
        "PRVCAT": "14",
        "INIT": "2",
        "LATITUDE": 27.9779238,
        "LONGITUD": -97.3972534,
        "LLSOURCE": "1",
        "WHISTBAN": "0",
        "RRCONT": "4025443721",
        "POLCONT": "8008488715",
        "INV_LINK": "https://safetydata.fra.dot.gov/OfficeofSafety/PublicSite/Crossing/Crossing.aspx?phasetype=C&rpttype=I&txtcrossingnum=746402U",
        "ACC_LINK": "https://safetydata.fra.dot.gov/OfficeofSafety/PublicSite/Crossing/Crossing.aspx?phasetype=C&rpttype=A&txtcrossingnum=746402U",
        "TTSTNNAM": "",
        "XPURPOSE": "1",
        "OPERATINGR": "UP",
        "OPERATIN_1": "Primary",
        "DAYTHRU": 0,
        "NGHTTHRU": 0,
        "MAINTRK": 0,
        "SIDINGTRK": 0,
        "YARDTRK": 0,
        "TRANSITTRK": 0,
        "INDUSTRYTR": 1,
        "OTHRTRK": 1,
        "WDCODE": "All other Gates",
        "REVISIONDA": "1975/01/01 00:00:00",
        "LASTUPDATE": "4/1/2026",
        "AADT": "2748",
        "AADTYEAR": "2021",
        "STATENAME": "TEXAS",
        "STATEAB": "TX",
        "COUNTYNAME": "SAN PATRICIO",
        "CITYNAME": "TAFT",
        "LATDD": 27.9779238,
        "LONGDD": -97.3972534,
        "gridlyProductionCertified": true,
        "gridlyClassification": "PUBLIC_ROADWAY",
        "gridlyDisplayName": "AVENUE C",
        "gridlyId": "FRA-746402U"
      }
    },
    {
      "type": "Feature",
      "id": 216289,
      "geometry": {
        "type": "Point",
        "coordinates": [
          -97.8261544999631,
          28.0969078002321
        ]
      },
      "properties": {
        "OBJECTID": 216289,
        "CROSSING": "435588B",
        "EFFDATE": 1773014400000,
        "REASON": "14",
        "StateCode": "48",
        "CountyCode": "48409",
        "STCYFIPS": "48409",
        "CITYCD": "484094400",
        "RAILROAD": "UP",
        "RRDIV": "SOUTH TEXAS",
        "RRSUBDIV": "CORPUS CHRISTI SUB",
        "HIGHWAY": "BS0359",
        "STREET": "bs0359 / Front Street",
        "TTSTN": "688833",
        "MILEPOST": "0113.180",
        "TYPEXING": "Public",
        "POSXING": "At Grade",
        "PRVCAT": "14",
        "INIT": "2",
        "LATITUDE": 28.0969078,
        "LONGITUD": -97.8261545,
        "LLSOURCE": "1",
        "WHISTBAN": "0",
        "RRCONT": "4025443721",
        "POLCONT": "8008488715",
        "INV_LINK": "https://safetydata.fra.dot.gov/OfficeofSafety/PublicSite/Crossing/Crossing.aspx?phasetype=C&rpttype=I&txtcrossingnum=435588B",
        "ACC_LINK": "https://safetydata.fra.dot.gov/OfficeofSafety/PublicSite/Crossing/Crossing.aspx?phasetype=C&rpttype=A&txtcrossingnum=435588B",
        "TTSTNNAM": "",
        "XPURPOSE": "1",
        "OPERATINGR": "UP",
        "OPERATIN_1": "Primary",
        "DAYTHRU": 1,
        "NGHTTHRU": 1,
        "MAINTRK": 1,
        "SIDINGTRK": 0,
        "YARDTRK": 0,
        "TRANSITTRK": 0,
        "INDUSTRYTR": 0,
        "OTHRTRK": 0,
        "WDCODE": "All other Gates",
        "REVISIONDA": "1975/01/01 00:00:00",
        "LASTUPDATE": "3/9/2026",
        "AADT": "3830",
        "AADTYEAR": "2024",
        "STATENAME": "TEXAS",
        "STATEAB": "TX",
        "COUNTYNAME": "SAN PATRICIO",
        "CITYNAME": "MATHIS",
        "LATDD": 28.0969078,
        "LONGDD": -97.8261545,
        "gridlyProductionCertified": true,
        "gridlyClassification": "PUBLIC_ROADWAY",
        "gridlyDisplayName": "bs0359 / Front Street",
        "gridlyId": "FRA-435588B"
      }
    },
    {
      "type": "Feature",
      "id": 216307,
      "geometry": {
        "type": "Point",
        "coordinates": [
          -97.2791342004085,
          27.9162388997253
        ]
      },
      "properties": {
        "OBJECTID": 216307,
        "CROSSING": "746282F",
        "EFFDATE": 1773878400000,
        "REASON": "14",
        "StateCode": "48",
        "CountyCode": "48409",
        "STCYFIPS": "48409",
        "CITYCD": "484092871",
        "RAILROAD": "UP",
        "RRDIV": "HOUSTON",
        "RRSUBDIV": "Kosmos Ind Ld",
        "HIGHWAY": "SH0035",
        "STREET": "SH0035 EASTBOUND FRONTAGE",
        "TTSTN": "688875",
        "MILEPOST": "0016.180",
        "TYPEXING": "Public",
        "POSXING": "At Grade",
        "PRVCAT": "14",
        "INIT": "2",
        "LATITUDE": 27.9162389,
        "LONGITUD": -97.2791342,
        "LLSOURCE": "1",
        "WHISTBAN": "0",
        "RRCONT": "4025443721",
        "POLCONT": "8008488715",
        "INV_LINK": "https://safetydata.fra.dot.gov/OfficeofSafety/PublicSite/Crossing/Crossing.aspx?phasetype=C&rpttype=I&txtcrossingnum=746282F",
        "ACC_LINK": "https://safetydata.fra.dot.gov/OfficeofSafety/PublicSite/Crossing/Crossing.aspx?phasetype=C&rpttype=A&txtcrossingnum=746282F",
        "TTSTNNAM": "",
        "XPURPOSE": "1",
        "OPERATINGR": "UP",
        "OPERATIN_1": "Primary",
        "DAYTHRU": 0,
        "NGHTTHRU": 0,
        "MAINTRK": 0,
        "SIDINGTRK": 0,
        "YARDTRK": 0,
        "TRANSITTRK": 0,
        "INDUSTRYTR": 1,
        "OTHRTRK": 0,
        "WDCODE": "All other Gates",
        "REVISIONDA": "1975/01/01 00:00:00",
        "LASTUPDATE": "3/19/2026",
        "AADT": "4493",
        "AADTYEAR": "2024",
        "STATENAME": "TEXAS",
        "STATEAB": "TX",
        "COUNTYNAME": "SAN PATRICIO",
        "CITYNAME": "GREGORY",
        "LATDD": 27.9162389,
        "LONGDD": -97.2791342,
        "gridlyProductionCertified": true,
        "gridlyClassification": "PUBLIC_ROADWAY",
        "gridlyDisplayName": "SH0035 EASTBOUND FRONTAGE",
        "gridlyId": "FRA-746282F"
      }
    },
    {
      "type": "Feature",
      "id": 216308,
      "geometry": {
        "type": "Point",
        "coordinates": [
          -97.2779111001317,
          27.9155117002134
        ]
      },
      "properties": {
        "OBJECTID": 216308,
        "CROSSING": "746283M",
        "EFFDATE": 1773878400000,
        "REASON": "14",
        "StateCode": "48",
        "CountyCode": "48409",
        "STCYFIPS": "48409",
        "CITYCD": "484092871",
        "RAILROAD": "UP",
        "RRDIV": "HOUSTON",
        "RRSUBDIV": "Kosmos Ind Ld",
        "HIGHWAY": "Sp0202",
        "STREET": "sp0202",
        "TTSTN": "688875",
        "MILEPOST": "0016.266",
        "TYPEXING": "Public",
        "POSXING": "At Grade",
        "PRVCAT": "14",
        "INIT": "2",
        "LATITUDE": 27.9155117,
        "LONGITUD": -97.2779111,
        "LLSOURCE": "1",
        "WHISTBAN": "0",
        "RRCONT": "4025443721",
        "POLCONT": "8008488715",
        "INV_LINK": "https://safetydata.fra.dot.gov/OfficeofSafety/PublicSite/Crossing/Crossing.aspx?phasetype=C&rpttype=I&txtcrossingnum=746283M",
        "ACC_LINK": "https://safetydata.fra.dot.gov/OfficeofSafety/PublicSite/Crossing/Crossing.aspx?phasetype=C&rpttype=A&txtcrossingnum=746283M",
        "TTSTNNAM": "",
        "XPURPOSE": "1",
        "OPERATINGR": "UP",
        "OPERATIN_1": "Primary",
        "DAYTHRU": 0,
        "NGHTTHRU": 0,
        "MAINTRK": 0,
        "SIDINGTRK": 0,
        "YARDTRK": 0,
        "TRANSITTRK": 0,
        "INDUSTRYTR": 1,
        "OTHRTRK": 0,
        "WDCODE": "All other Gates",
        "REVISIONDA": "1975/01/01 00:00:00",
        "LASTUPDATE": "3/19/2026",
        "AADT": "2101",
        "AADTYEAR": "2021",
        "STATENAME": "TEXAS",
        "STATEAB": "TX",
        "COUNTYNAME": "SAN PATRICIO",
        "CITYNAME": "GREGORY",
        "LATDD": 27.9155117,
        "LONGDD": -97.2779111,
        "gridlyProductionCertified": true,
        "gridlyClassification": "PUBLIC_ROADWAY",
        "gridlyDisplayName": "sp0202",
        "gridlyId": "FRA-746283M"
      }
    },
    {
      "type": "Feature",
      "id": 216309,
      "geometry": {
        "type": "Point",
        "coordinates": [
          -97.2949739997773,
          27.9148095002465
        ]
      },
      "properties": {
        "OBJECTID": 216309,
        "CROSSING": "746268K",
        "EFFDATE": 1773878400000,
        "REASON": "14",
        "StateCode": "48",
        "CountyCode": "48409",
        "STCYFIPS": "48409",
        "CITYCD": "484092871",
        "RAILROAD": "UP",
        "RRDIV": "HOUSTON",
        "RRSUBDIV": "Kosmos Ind Ld",
        "HIGHWAY": "SH0035",
        "STREET": "SH0035 / Sunset Road",
        "TTSTN": "688875",
        "MILEPOST": "0015.899",
        "TYPEXING": "Public",
        "POSXING": "At Grade",
        "PRVCAT": "14",
        "INIT": "2",
        "LATITUDE": 27.9148095,
        "LONGITUD": -97.294974,
        "LLSOURCE": "1",
        "WHISTBAN": "0",
        "RRCONT": "4025443721",
        "POLCONT": "8008488715",
        "INV_LINK": "https://safetydata.fra.dot.gov/OfficeofSafety/PublicSite/Crossing/Crossing.aspx?phasetype=C&rpttype=I&txtcrossingnum=746268K",
        "ACC_LINK": "https://safetydata.fra.dot.gov/OfficeofSafety/PublicSite/Crossing/Crossing.aspx?phasetype=C&rpttype=A&txtcrossingnum=746268K",
        "TTSTNNAM": "",
        "XPURPOSE": "1",
        "OPERATINGR": "UP",
        "OPERATIN_1": "Primary",
        "DAYTHRU": 0,
        "NGHTTHRU": 0,
        "MAINTRK": 0,
        "SIDINGTRK": 0,
        "YARDTRK": 0,
        "TRANSITTRK": 0,
        "INDUSTRYTR": 1,
        "OTHRTRK": 0,
        "WDCODE": "Flashing lights",
        "REVISIONDA": "1975/01/01 00:00:00",
        "LASTUPDATE": "3/19/2026",
        "AADT": "1597",
        "AADTYEAR": "2024",
        "STATENAME": "TEXAS",
        "STATEAB": "TX",
        "COUNTYNAME": "SAN PATRICIO",
        "CITYNAME": "GREGORY",
        "LATDD": 27.9148095,
        "LONGDD": -97.294974,
        "gridlyProductionCertified": true,
        "gridlyClassification": "PUBLIC_ROADWAY",
        "gridlyDisplayName": "SH0035 / Sunset Road",
        "gridlyId": "FRA-746268K"
      }
    },
    {
      "type": "Feature",
      "id": 216310,
      "geometry": {
        "type": "Point",
        "coordinates": [
          -97.2371587002809,
          27.8937940001793
        ]
      },
      "properties": {
        "OBJECTID": 216310,
        "CROSSING": "746288W",
        "EFFDATE": 1773878400000,
        "REASON": "14",
        "StateCode": "48",
        "CountyCode": "48409",
        "STCYFIPS": "48409",
        "CITYCD": "484093380",
        "RAILROAD": "UP",
        "RRDIV": "HOUSTON",
        "RRSUBDIV": "Kosmos Ind Ld",
        "HIGHWAY": "SH0361",
        "STREET": "sh0361",
        "TTSTN": "688875",
        "MILEPOST": "0019.170",
        "TYPEXING": "Public",
        "POSXING": "At Grade",
        "PRVCAT": "14",
        "INIT": "2",
        "LATITUDE": 27.893794,
        "LONGITUD": -97.2371587,
        "LLSOURCE": "1",
        "WHISTBAN": "0",
        "RRCONT": "4025443721",
        "POLCONT": "8008488715",
        "INV_LINK": "https://safetydata.fra.dot.gov/OfficeofSafety/PublicSite/Crossing/Crossing.aspx?phasetype=C&rpttype=I&txtcrossingnum=746288W",
        "ACC_LINK": "https://safetydata.fra.dot.gov/OfficeofSafety/PublicSite/Crossing/Crossing.aspx?phasetype=C&rpttype=A&txtcrossingnum=746288W",
        "TTSTNNAM": "",
        "XPURPOSE": "1",
        "OPERATINGR": "UP",
        "OPERATIN_1": "Primary",
        "DAYTHRU": 0,
        "NGHTTHRU": 0,
        "MAINTRK": 0,
        "SIDINGTRK": 0,
        "YARDTRK": 1,
        "TRANSITTRK": 0,
        "INDUSTRYTR": 0,
        "OTHRTRK": 1,
        "WDCODE": "All other Gates",
        "REVISIONDA": "1975/01/01 00:00:00",
        "LASTUPDATE": "3/19/2026",
        "AADT": "18482",
        "AADTYEAR": "2024",
        "STATENAME": "TEXAS",
        "STATEAB": "TX",
        "COUNTYNAME": "SAN PATRICIO",
        "CITYNAME": "INGLESIDE",
        "LATDD": 27.893794,
        "LONGDD": -97.2371587,
        "gridlyProductionCertified": true,
        "gridlyClassification": "PUBLIC_ROADWAY",
        "gridlyDisplayName": "sh0361",
        "gridlyId": "FRA-746288W"
      }
    },
    {
      "type": "Feature",
      "id": 216368,
      "geometry": {
        "type": "Point",
        "coordinates": [
          -97.1415923998587,
          27.9048122996048
        ]
      },
      "properties": {
        "OBJECTID": 216368,
        "CROSSING": "746308F",
        "EFFDATE": 1774569600000,
        "REASON": "14",
        "StateCode": "48",
        "CountyCode": "48007",
        "STCYFIPS": "48007",
        "CITYCD": "480070240",
        "RAILROAD": "UP",
        "RRDIV": "HOUSTON",
        "RRSUBDIV": "Kosmos Ind Ld",
        "HIGHWAY": "LS0000",
        "STREET": "EAST WHEELER AVENUE",
        "TTSTN": "688863",
        "MILEPOST": "0026.490",
        "TYPEXING": "Public",
        "POSXING": "At Grade",
        "PRVCAT": "14",
        "INIT": "2",
        "LATITUDE": 27.9048123,
        "LONGITUD": -97.1415924,
        "LLSOURCE": "1",
        "WHISTBAN": "0",
        "RRCONT": "4025443721",
        "POLCONT": "8008488715",
        "INV_LINK": "https://safetydata.fra.dot.gov/OfficeofSafety/PublicSite/Crossing/Crossing.aspx?phasetype=C&rpttype=I&txtcrossingnum=746308F",
        "ACC_LINK": "https://safetydata.fra.dot.gov/OfficeofSafety/PublicSite/Crossing/Crossing.aspx?phasetype=C&rpttype=A&txtcrossingnum=746308F",
        "TTSTNNAM": "",
        "XPURPOSE": "1",
        "OPERATINGR": "UP",
        "OPERATIN_1": "Primary",
        "DAYTHRU": 0,
        "NGHTTHRU": 0,
        "MAINTRK": 0,
        "SIDINGTRK": 0,
        "YARDTRK": 0,
        "TRANSITTRK": 0,
        "INDUSTRYTR": 1,
        "OTHRTRK": 1,
        "WDCODE": "Crossbucks",
        "REVISIONDA": "1975/01/01 00:00:00",
        "LASTUPDATE": "3/27/2026",
        "AADT": "135",
        "AADTYEAR": "2019",
        "STATENAME": "TEXAS",
        "STATEAB": "TX",
        "COUNTYNAME": "ARANSAS",
        "CITYNAME": "ARANSAS PASS",
        "LATDD": 27.9048123,
        "LONGDD": -97.1415924,
        "gridlyProductionCertified": true,
        "gridlyClassification": "PUBLIC_ROADWAY",
        "gridlyDisplayName": "EAST WHEELER AVENUE",
        "gridlyId": "FRA-746308F"
      }
    },
    {
      "type": "Feature",
      "id": 216369,
      "geometry": {
        "type": "Point",
        "coordinates": [
          -97.1659557003074,
          27.8789409003771
        ]
      },
      "properties": {
        "OBJECTID": 216369,
        "CROSSING": "746299J",
        "EFFDATE": 1774569600000,
        "REASON": "14",
        "StateCode": "48",
        "CountyCode": "48409",
        "STCYFIPS": "48409",
        "CITYCD": "480070240",
        "RAILROAD": "UP",
        "RRDIV": "HOUSTON",
        "RRSUBDIV": "Kosmos Ind Ld",
        "HIGHWAY": "FM2725",
        "STREET": "FM2725",
        "TTSTN": "688866",
        "MILEPOST": "0024.068",
        "TYPEXING": "Public",
        "POSXING": "At Grade",
        "PRVCAT": "14",
        "INIT": "2",
        "LATITUDE": 27.8789409,
        "LONGITUD": -97.1659557,
        "LLSOURCE": "1",
        "WHISTBAN": "0",
        "RRCONT": "4025443721",
        "POLCONT": "8008488715",
        "INV_LINK": "https://safetydata.fra.dot.gov/OfficeofSafety/PublicSite/Crossing/Crossing.aspx?phasetype=C&rpttype=I&txtcrossingnum=746299J",
        "ACC_LINK": "https://safetydata.fra.dot.gov/OfficeofSafety/PublicSite/Crossing/Crossing.aspx?phasetype=C&rpttype=A&txtcrossingnum=746299J",
        "TTSTNNAM": "",
        "XPURPOSE": "1",
        "OPERATINGR": "UP",
        "OPERATIN_1": "Primary",
        "DAYTHRU": 0,
        "NGHTTHRU": 0,
        "MAINTRK": 0,
        "SIDINGTRK": 0,
        "YARDTRK": 0,
        "TRANSITTRK": 0,
        "INDUSTRYTR": 1,
        "OTHRTRK": 0,
        "WDCODE": "All other Gates",
        "REVISIONDA": "1975/01/01 00:00:00",
        "LASTUPDATE": "3/27/2026",
        "AADT": "2580",
        "AADTYEAR": "2022",
        "STATENAME": "TEXAS",
        "STATEAB": "TX",
        "COUNTYNAME": "SAN PATRICIO",
        "CITYNAME": "ARANSAS PASS",
        "LATDD": 27.8789409,
        "LONGDD": -97.1659557,
        "gridlyProductionCertified": true,
        "gridlyClassification": "PUBLIC_ROADWAY",
        "gridlyDisplayName": "FM2725",
        "gridlyId": "FRA-746299J"
      }
    },
    {
      "type": "Feature",
      "id": 216371,
      "geometry": {
        "type": "Point",
        "coordinates": [
          -97.1431078999638,
          27.90234360019
        ]
      },
      "properties": {
        "OBJECTID": 216371,
        "CROSSING": "746307Y",
        "EFFDATE": 1774569600000,
        "REASON": "14",
        "StateCode": "48",
        "CountyCode": "48007",
        "STCYFIPS": "48007",
        "CITYCD": "480070240",
        "RAILROAD": "UP",
        "RRDIV": "HOUSTON",
        "RRSUBDIV": "Kosmos Ind Ld",
        "HIGHWAY": "LS0000",
        "STREET": "East WILSON AVENUE",
        "TTSTN": "688863",
        "MILEPOST": "0026.300",
        "TYPEXING": "Public",
        "POSXING": "At Grade",
        "PRVCAT": "14",
        "INIT": "2",
        "LATITUDE": 27.9023436,
        "LONGITUD": -97.1431079,
        "LLSOURCE": "1",
        "WHISTBAN": "0",
        "RRCONT": "4025443721",
        "POLCONT": "8008488715",
        "INV_LINK": "https://safetydata.fra.dot.gov/OfficeofSafety/PublicSite/Crossing/Crossing.aspx?phasetype=C&rpttype=I&txtcrossingnum=746307Y",
        "ACC_LINK": "https://safetydata.fra.dot.gov/OfficeofSafety/PublicSite/Crossing/Crossing.aspx?phasetype=C&rpttype=A&txtcrossingnum=746307Y",
        "TTSTNNAM": "",
        "XPURPOSE": "1",
        "OPERATINGR": "UP",
        "OPERATIN_1": "Primary",
        "DAYTHRU": 0,
        "NGHTTHRU": 0,
        "MAINTRK": 0,
        "SIDINGTRK": 0,
        "YARDTRK": 0,
        "TRANSITTRK": 0,
        "INDUSTRYTR": 1,
        "OTHRTRK": 0,
        "WDCODE": "All other Gates",
        "REVISIONDA": "1975/01/01 00:00:00",
        "LASTUPDATE": "3/27/2026",
        "AADT": "564",
        "AADTYEAR": "2024",
        "STATENAME": "TEXAS",
        "STATEAB": "TX",
        "COUNTYNAME": "ARANSAS",
        "CITYNAME": "ARANSAS PASS",
        "LATDD": 27.9023436,
        "LONGDD": -97.1431079,
        "gridlyProductionCertified": true,
        "gridlyClassification": "PUBLIC_ROADWAY",
        "gridlyDisplayName": "East WILSON AVENUE",
        "gridlyId": "FRA-746307Y"
      }
    },
    {
      "type": "Feature",
      "id": 216377,
      "geometry": {
        "type": "Point",
        "coordinates": [
          -97.1438785996803,
          27.901190999812
        ]
      },
      "properties": {
        "OBJECTID": 216377,
        "CROSSING": "746306S",
        "EFFDATE": 1774569600000,
        "REASON": "14",
        "StateCode": "48",
        "CountyCode": "48409",
        "STCYFIPS": "48409",
        "CITYCD": "484090240",
        "RAILROAD": "UP",
        "RRDIV": "HOUSTON",
        "RRSUBDIV": "Kosmos Ind Ld",
        "HIGHWAY": "SH0361",
        "STREET": "sh0361 / GOODNIGHT AVENUE",
        "TTSTN": "688863",
        "MILEPOST": "0026.200",
        "TYPEXING": "Public",
        "POSXING": "At Grade",
        "PRVCAT": "14",
        "INIT": "2",
        "LATITUDE": 27.901191,
        "LONGITUD": -97.1438786,
        "LLSOURCE": "1",
        "WHISTBAN": "0",
        "RRCONT": "4025443721",
        "POLCONT": "8008488715",
        "INV_LINK": "https://safetydata.fra.dot.gov/OfficeofSafety/PublicSite/Crossing/Crossing.aspx?phasetype=C&rpttype=I&txtcrossingnum=746306S",
        "ACC_LINK": "https://safetydata.fra.dot.gov/OfficeofSafety/PublicSite/Crossing/Crossing.aspx?phasetype=C&rpttype=A&txtcrossingnum=746306S",
        "TTSTNNAM": "",
        "XPURPOSE": "1",
        "OPERATINGR": "UP",
        "OPERATIN_1": "Primary",
        "DAYTHRU": 0,
        "NGHTTHRU": 0,
        "MAINTRK": 0,
        "SIDINGTRK": 0,
        "YARDTRK": 0,
        "TRANSITTRK": 0,
        "INDUSTRYTR": 1,
        "OTHRTRK": 0,
        "WDCODE": "All other Gates",
        "REVISIONDA": "1975/01/01 00:00:00",
        "LASTUPDATE": "3/27/2026",
        "AADT": "9090",
        "AADTYEAR": "2024",
        "STATENAME": "TEXAS",
        "STATEAB": "TX",
        "COUNTYNAME": "SAN PATRICIO",
        "CITYNAME": "ARANSAS PASS",
        "LATDD": 27.901191,
        "LONGDD": -97.1438786,
        "gridlyProductionCertified": true,
        "gridlyClassification": "PUBLIC_ROADWAY",
        "gridlyDisplayName": "sh0361 / GOODNIGHT AVENUE",
        "gridlyId": "FRA-746306S"
      }
    },
    {
      "type": "Feature",
      "id": 216378,
      "geometry": {
        "type": "Point",
        "coordinates": [
          -97.151568299785,
          27.8900686999867
        ]
      },
      "properties": {
        "OBJECTID": 216378,
        "CROSSING": "746301H",
        "EFFDATE": 1774569600000,
        "REASON": "14",
        "StateCode": "48",
        "CountyCode": "48409",
        "STCYFIPS": "48409",
        "CITYCD": "484090240",
        "RAILROAD": "UP",
        "RRDIV": "HOUSTON",
        "RRSUBDIV": "Kosmos Ind Ld",
        "HIGHWAY": "LS0000",
        "STREET": "RANSOM ROAD",
        "TTSTN": "688863",
        "MILEPOST": "0025.310",
        "TYPEXING": "Public",
        "POSXING": "At Grade",
        "PRVCAT": "14",
        "INIT": "2",
        "LATITUDE": 27.8900687,
        "LONGITUD": -97.1515683,
        "LLSOURCE": "1",
        "WHISTBAN": "0",
        "RRCONT": "4025443721",
        "POLCONT": "8008488715",
        "INV_LINK": "https://safetydata.fra.dot.gov/OfficeofSafety/PublicSite/Crossing/Crossing.aspx?phasetype=C&rpttype=I&txtcrossingnum=746301H",
        "ACC_LINK": "https://safetydata.fra.dot.gov/OfficeofSafety/PublicSite/Crossing/Crossing.aspx?phasetype=C&rpttype=A&txtcrossingnum=746301H",
        "TTSTNNAM": "",
        "XPURPOSE": "1",
        "OPERATINGR": "UP",
        "OPERATIN_1": "Primary",
        "DAYTHRU": 0,
        "NGHTTHRU": 0,
        "MAINTRK": 0,
        "SIDINGTRK": 0,
        "YARDTRK": 0,
        "TRANSITTRK": 0,
        "INDUSTRYTR": 1,
        "OTHRTRK": 0,
        "WDCODE": "Crossbucks",
        "REVISIONDA": "1975/01/01 00:00:00",
        "LASTUPDATE": "3/27/2026",
        "AADT": "1377",
        "AADTYEAR": "2021",
        "STATENAME": "TEXAS",
        "STATEAB": "TX",
        "COUNTYNAME": "SAN PATRICIO",
        "CITYNAME": "ARANSAS PASS",
        "LATDD": 27.8900687,
        "LONGDD": -97.1515683,
        "gridlyProductionCertified": true,
        "gridlyClassification": "PUBLIC_ROADWAY",
        "gridlyDisplayName": "RANSOM ROAD",
        "gridlyId": "FRA-746301H"
      }
    },
    {
      "type": "Feature",
      "id": 216379,
      "geometry": {
        "type": "Point",
        "coordinates": [
          -97.1612511000953,
          27.8806282000972
        ]
      },
      "properties": {
        "OBJECTID": 216379,
        "CROSSING": "746300B",
        "EFFDATE": 1774569600000,
        "REASON": "14",
        "StateCode": "48",
        "CountyCode": "48409",
        "STCYFIPS": "48409",
        "CITYCD": "484090240",
        "RAILROAD": "UP",
        "RRDIV": "HOUSTON",
        "RRSUBDIV": "Kosmos Ind Ld",
        "HIGHWAY": "LS0000",
        "STREET": "EAST BEASLEY AVENUE",
        "TTSTN": "688863",
        "MILEPOST": "0024.390",
        "TYPEXING": "Public",
        "POSXING": "At Grade",
        "PRVCAT": "14",
        "INIT": "2",
        "LATITUDE": 27.8806282,
        "LONGITUD": -97.1612511,
        "LLSOURCE": "1",
        "WHISTBAN": "0",
        "RRCONT": "4025443721",
        "POLCONT": "8008488715",
        "INV_LINK": "https://safetydata.fra.dot.gov/OfficeofSafety/PublicSite/Crossing/Crossing.aspx?phasetype=C&rpttype=I&txtcrossingnum=746300B",
        "ACC_LINK": "https://safetydata.fra.dot.gov/OfficeofSafety/PublicSite/Crossing/Crossing.aspx?phasetype=C&rpttype=A&txtcrossingnum=746300B",
        "TTSTNNAM": "",
        "XPURPOSE": "1",
        "OPERATINGR": "UP",
        "OPERATIN_1": "Primary",
        "DAYTHRU": 0,
        "NGHTTHRU": 0,
        "MAINTRK": 0,
        "SIDINGTRK": 0,
        "YARDTRK": 0,
        "TRANSITTRK": 0,
        "INDUSTRYTR": 1,
        "OTHRTRK": 0,
        "WDCODE": "All other Gates",
        "REVISIONDA": "1975/01/01 00:00:00",
        "LASTUPDATE": "3/27/2026",
        "AADT": "272",
        "AADTYEAR": "2021",
        "STATENAME": "TEXAS",
        "STATEAB": "TX",
        "COUNTYNAME": "SAN PATRICIO",
        "CITYNAME": "ARANSAS PASS",
        "LATDD": 27.8806282,
        "LONGDD": -97.1612511,
        "gridlyProductionCertified": true,
        "gridlyClassification": "PUBLIC_ROADWAY",
        "gridlyDisplayName": "EAST BEASLEY AVENUE",
        "gridlyId": "FRA-746300B"
      }
    },
    {
      "type": "Feature",
      "id": 216380,
      "geometry": {
        "type": "Point",
        "coordinates": [
          -97.5059346000518,
          28.0345628996618
        ]
      },
      "properties": {
        "OBJECTID": 216380,
        "CROSSING": "746382K",
        "EFFDATE": 1774569600000,
        "REASON": "14",
        "StateCode": "48",
        "CountyCode": "48409",
        "STCYFIPS": "48409",
        "CITYCD": "484096400",
        "RAILROAD": "UP",
        "RRDIV": "HOUSTON",
        "RRSUBDIV": "Kosmos Ind Ld",
        "HIGHWAY": "LS0000",
        "STREET": "AVENUE D",
        "TTSTN": "688840",
        "MILEPOST": "0000.187",
        "TYPEXING": "Public",
        "POSXING": "At Grade",
        "PRVCAT": "14",
        "INIT": "2",
        "LATITUDE": 28.0345629,
        "LONGITUD": -97.5059346,
        "LLSOURCE": "1",
        "WHISTBAN": "0",
        "RRCONT": "4025443721",
        "POLCONT": "8008488715",
        "INV_LINK": "https://safetydata.fra.dot.gov/OfficeofSafety/PublicSite/Crossing/Crossing.aspx?phasetype=C&rpttype=I&txtcrossingnum=746382K",
        "ACC_LINK": "https://safetydata.fra.dot.gov/OfficeofSafety/PublicSite/Crossing/Crossing.aspx?phasetype=C&rpttype=A&txtcrossingnum=746382K",
        "TTSTNNAM": "",
        "XPURPOSE": "1",
        "OPERATINGR": "UP",
        "OPERATIN_1": "Primary",
        "DAYTHRU": 0,
        "NGHTTHRU": 0,
        "MAINTRK": 0,
        "SIDINGTRK": 0,
        "YARDTRK": 0,
        "TRANSITTRK": 0,
        "INDUSTRYTR": 1,
        "OTHRTRK": 1,
        "WDCODE": "Stop signs",
        "REVISIONDA": "1975/01/01 00:00:00",
        "LASTUPDATE": "3/27/2026",
        "AADT": "249",
        "AADTYEAR": "2019",
        "STATENAME": "TEXAS",
        "STATEAB": "TX",
        "COUNTYNAME": "SAN PATRICIO",
        "CITYNAME": "SINTON",
        "LATDD": 28.0345629,
        "LONGDD": -97.5059346,
        "gridlyProductionCertified": true,
        "gridlyClassification": "PUBLIC_ROADWAY",
        "gridlyDisplayName": "AVENUE D",
        "gridlyId": "FRA-746382K"
      }
    },
    {
      "type": "Feature",
      "id": 216381,
      "geometry": {
        "type": "Point",
        "coordinates": [
          -97.5048078000718,
          28.0339798002248
        ]
      },
      "properties": {
        "OBJECTID": 216381,
        "CROSSING": "746383S",
        "EFFDATE": 1774569600000,
        "REASON": "14",
        "StateCode": "48",
        "CountyCode": "48409",
        "STCYFIPS": "48409",
        "CITYCD": "484096400",
        "RAILROAD": "UP",
        "RRDIV": "HOUSTON",
        "RRSUBDIV": "Kosmos Ind Ld",
        "HIGHWAY": "fm2046",
        "STREET": "FM 2046 / SODVILLE street",
        "TTSTN": "688840",
        "MILEPOST": "0000.260",
        "TYPEXING": "Public",
        "POSXING": "At Grade",
        "PRVCAT": "14",
        "INIT": "2",
        "LATITUDE": 28.0339798,
        "LONGITUD": -97.5048078,
        "LLSOURCE": "1",
        "WHISTBAN": "0",
        "RRCONT": "4025443721",
        "POLCONT": "8008488715",
        "INV_LINK": "https://safetydata.fra.dot.gov/OfficeofSafety/PublicSite/Crossing/Crossing.aspx?phasetype=C&rpttype=I&txtcrossingnum=746383S",
        "ACC_LINK": "https://safetydata.fra.dot.gov/OfficeofSafety/PublicSite/Crossing/Crossing.aspx?phasetype=C&rpttype=A&txtcrossingnum=746383S",
        "TTSTNNAM": "",
        "XPURPOSE": "1",
        "OPERATINGR": "UP",
        "OPERATIN_1": "Primary",
        "DAYTHRU": 0,
        "NGHTTHRU": 0,
        "MAINTRK": 0,
        "SIDINGTRK": 0,
        "YARDTRK": 1,
        "TRANSITTRK": 0,
        "INDUSTRYTR": 1,
        "OTHRTRK": 1,
        "WDCODE": "All other Gates",
        "REVISIONDA": "1975/01/01 00:00:00",
        "LASTUPDATE": "3/27/2026",
        "AADT": "2174",
        "AADTYEAR": "2024",
        "STATENAME": "TEXAS",
        "STATEAB": "TX",
        "COUNTYNAME": "SAN PATRICIO",
        "CITYNAME": "SINTON",
        "LATDD": 28.0339798,
        "LONGDD": -97.5048078,
        "gridlyProductionCertified": true,
        "gridlyClassification": "PUBLIC_ROADWAY",
        "gridlyDisplayName": "FM 2046 / SODVILLE street",
        "gridlyId": "FRA-746383S"
      }
    }
  ]
}
