{
  "type": "FeatureCollection",
  "features": [
    {
      "type": "Feature",
      "id": 201291,
      "geometry": {
        "type": "Point",
        "coordinates": [
          -99.4208405997196,
          31.8309778998569
        ]
      },
      "properties": {
        "OBJECTID": 201291,
        "CROSSING": "021224F",
        "EFFDATE": 1767830400000,
        "REASON": "14",
        "StateCode": "48",
        "CountyCode": "48083",
        "STCYFIPS": "48083",
        "CITYCD": "480831430",
        "RAILROAD": "BNSF",
        "RRDIV": "RED RIVER",
        "RRSUBDIV": "LAMPASAS",
        "HIGHWAY": "lS0000",
        "STREET": "LIVE OAK STREET",
        "TTSTN": "690458",
        "MILEPOST": "0378.541",
        "TYPEXING": "Public",
        "POSXING": "At Grade",
        "PRVCAT": "14",
        "INIT": "2",
        "LATITUDE": 31.8309779,
        "LONGITUD": -99.4208406,
        "LLSOURCE": "1",
        "WHISTBAN": "0",
        "RRCONT": "8173521549",
        "POLCONT": "8008325452",
        "INV_LINK": "https://safetydata.fra.dot.gov/OfficeofSafety/PublicSite/Crossing/Crossing.aspx?phasetype=C&rpttype=I&txtcrossingnum=021224F",
        "ACC_LINK": "https://safetydata.fra.dot.gov/OfficeofSafety/PublicSite/Crossing/Crossing.aspx?phasetype=C&rpttype=A&txtcrossingnum=021224F",
        "TTSTNNAM": "COLEMAN",
        "XPURPOSE": "1",
        "OPERATINGR": "BNSF",
        "OPERATIN_1": "Primary",
        "DAYTHRU": 4,
        "NGHTTHRU": 3,
        "MAINTRK": 1,
        "SIDINGTRK": 0,
        "YARDTRK": 0,
        "TRANSITTRK": 0,
        "INDUSTRYTR": 0,
        "OTHRTRK": 0,
        "WDCODE": "All other Gates",
        "REVISIONDA": "1996/01/01 00:00:00",
        "LASTUPDATE": "1/8/2026",
        "AADT": "261",
        "AADTYEAR": "2022",
        "STATENAME": "TEXAS",
        "STATEAB": "TX",
        "COUNTYNAME": "COLEMAN",
        "CITYNAME": "COLEMAN",
        "LATDD": 31.8309779,
        "LONGDD": -99.4208406,
        "gridlyProductionCertified": true,
        "gridlyClassification": "PUBLIC_ROADWAY",
        "gridlyDisplayName": "LIVE OAK STREET",
        "gridlyId": "FRA-021224F"
      }
    },
    {
      "type": "Feature",
      "id": 201292,
      "geometry": {
        "type": "Point",
        "coordinates": [
          -99.4674924004329,
          31.7579415996224
        ]
      },
      "properties": {
        "OBJECTID": 201292,
        "CROSSING": "021390X",
        "EFFDATE": 1767830400000,
        "REASON": "14",
        "StateCode": "48",
        "CountyCode": "48083",
        "STCYFIPS": "48083",
        "CITYCD": "480831430",
        "RAILROAD": "TXPF",
        "RRDIV": "SOUTHERN",
        "RRSUBDIV": "SAN ANGELO",
        "HIGHWAY": "US0067",
        "STREET": "US0067",
        "TTSTN": "691449",
        "MILEPOST": "0006.11",
        "TYPEXING": "Public",
        "POSXING": "At Grade",
        "PRVCAT": "14",
        "INIT": "2",
        "LATITUDE": 31.7579416,
        "LONGITUD": -99.4674924,
        "LLSOURCE": "1",
        "WHISTBAN": "0",
        "RRCONT": "3259428164",
        "POLCONT": "8007428905",
        "INV_LINK": "https://safetydata.fra.dot.gov/OfficeofSafety/PublicSite/Crossing/Crossing.aspx?phasetype=C&rpttype=I&txtcrossingnum=021390X",
        "ACC_LINK": "https://safetydata.fra.dot.gov/OfficeofSafety/PublicSite/Crossing/Crossing.aspx?phasetype=C&rpttype=A&txtcrossingnum=021390X",
        "TTSTNNAM": "SAN ANGLEO JCT",
        "XPURPOSE": "1",
        "OPERATINGR": "TXPF",
        "OPERATIN_1": "Primary",
        "DAYTHRU": 1,
        "NGHTTHRU": 1,
        "MAINTRK": 1,
        "SIDINGTRK": 0,
        "YARDTRK": 0,
        "TRANSITTRK": 0,
        "INDUSTRYTR": 0,
        "OTHRTRK": 0,
        "WDCODE": "Flashing lights",
        "REVISIONDA": "2001/01/01 00:00:00",
        "LASTUPDATE": "1/8/2026",
        "AADT": "1682",
        "AADTYEAR": "2023",
        "STATENAME": "TEXAS",
        "STATEAB": "TX",
        "COUNTYNAME": "COLEMAN",
        "CITYNAME": "COLEMAN",
        "LATDD": 31.7579416,
        "LONGDD": -99.4674924,
        "gridlyProductionCertified": true,
        "gridlyClassification": "PUBLIC_ROADWAY",
        "gridlyDisplayName": "US0067",
        "gridlyId": "FRA-021390X"
      }
    },
    {
      "type": "Feature",
      "id": 203362,
      "geometry": {
        "type": "Point",
        "coordinates": [
          -99.5994419996929,
          31.7557689998038
        ]
      },
      "properties": {
        "OBJECTID": 203362,
        "CROSSING": "968154L",
        "EFFDATE": 1704758400000,
        "REASON": "14",
        "StateCode": "48",
        "CountyCode": "48083",
        "STCYFIPS": "48083",
        "CITYCD": "480837105",
        "RAILROAD": "TXPF",
        "RRDIV": "southern",
        "RRSUBDIV": "SAN ANGELO",
        "HIGHWAY": "us67 and cr368",
        "STREET": "private",
        "TTSTN": "",
        "MILEPOST": "0014.30",
        "TYPEXING": "Private",
        "POSXING": "At Grade",
        "PRVCAT": "14",
        "INIT": "1",
        "LATITUDE": 31.755769,
        "LONGITUD": -99.599442,
        "LLSOURCE": "1",
        "WHISTBAN": "",
        "RRCONT": "3259428164",
        "POLCONT": "8007428905",
        "INV_LINK": "https://safetydata.fra.dot.gov/OfficeofSafety/PublicSite/Crossing/Crossing.aspx?phasetype=C&rpttype=I&txtcrossingnum=968154L",
        "ACC_LINK": "https://safetydata.fra.dot.gov/OfficeofSafety/PublicSite/Crossing/Crossing.aspx?phasetype=C&rpttype=A&txtcrossingnum=968154L",
        "TTSTNNAM": "TALPA",
        "XPURPOSE": "1",
        "OPERATINGR": "TXPF",
        "OPERATIN_1": "Primary",
        "DAYTHRU": 1,
        "NGHTTHRU": 1,
        "MAINTRK": 1,
        "SIDINGTRK": 0,
        "YARDTRK": 0,
        "TRANSITTRK": 0,
        "INDUSTRYTR": 0,
        "OTHRTRK": 0,
        "WDCODE": "",
        "REVISIONDA": "2001/01/01 00:00:00",
        "LASTUPDATE": "1/9/2024",
        "AADT": "",
        "AADTYEAR": "",
        "STATENAME": "TEXAS",
        "STATEAB": "TX",
        "COUNTYNAME": "COLEMAN",
        "CITYNAME": "VALERA",
        "LATDD": 31.755769,
        "LONGDD": -99.599442,
        "gridlyProductionCertified": true,
        "gridlyClassification": "PUBLIC_ROADWAY",
        "gridlyDisplayName": "private",
        "gridlyId": "FRA-968154L"
      }
    },
    {
      "type": "Feature",
      "id": 203364,
      "geometry": {
        "type": "Point",
        "coordinates": [
          -99.3715689999223,
          31.7772770000531
        ]
      },
      "properties": {
        "OBJECTID": 203364,
        "CROSSING": "968153E",
        "EFFDATE": 1704758400000,
        "REASON": "14",
        "StateCode": "48",
        "CountyCode": "48083",
        "STCYFIPS": "48083",
        "CITYCD": "480831430",
        "RAILROAD": "TXPF",
        "RRDIV": "SOUTHERN",
        "RRSUBDIV": "SAN ANGELO",
        "HIGHWAY": "cr110",
        "STREET": "private",
        "TTSTN": "",
        "MILEPOST": "0000.027",
        "TYPEXING": "Private",
        "POSXING": "At Grade",
        "PRVCAT": "14",
        "INIT": "1",
        "LATITUDE": 31.777277,
        "LONGITUD": -99.371569,
        "LLSOURCE": "1",
        "WHISTBAN": "",
        "RRCONT": "3259428164",
        "POLCONT": "8007428905",
        "INV_LINK": "https://safetydata.fra.dot.gov/OfficeofSafety/PublicSite/Crossing/Crossing.aspx?phasetype=C&rpttype=I&txtcrossingnum=968153E",
        "ACC_LINK": "https://safetydata.fra.dot.gov/OfficeofSafety/PublicSite/Crossing/Crossing.aspx?phasetype=C&rpttype=A&txtcrossingnum=968153E",
        "TTSTNNAM": "SAN ANGLEO JCT",
        "XPURPOSE": "1",
        "OPERATINGR": "TXPF",
        "OPERATIN_1": "Primary",
        "DAYTHRU": 0,
        "NGHTTHRU": 0,
        "MAINTRK": 0,
        "SIDINGTRK": 0,
        "YARDTRK": 1,
        "TRANSITTRK": 0,
        "INDUSTRYTR": 0,
        "OTHRTRK": 0,
        "WDCODE": "",
        "REVISIONDA": "2001/01/01 00:00:00",
        "LASTUPDATE": "1/9/2024",
        "AADT": "",
        "AADTYEAR": "",
        "STATENAME": "TEXAS",
        "STATEAB": "TX",
        "COUNTYNAME": "COLEMAN",
        "CITYNAME": "COLEMAN",
        "LATDD": 31.777277,
        "LONGDD": -99.371569,
        "gridlyProductionCertified": true,
        "gridlyClassification": "PUBLIC_ROADWAY",
        "gridlyDisplayName": "private",
        "gridlyId": "FRA-968153E"
      }
    },
    {
      "type": "Feature",
      "id": 204099,
      "geometry": {
        "type": "Point",
        "coordinates": [
          -99.4047980002855,
          31.8199580001424
        ]
      },
      "properties": {
        "OBJECTID": 204099,
        "CROSSING": "021220D",
        "EFFDATE": 1734393600000,
        "REASON": "14",
        "StateCode": "48",
        "CountyCode": "48083",
        "STCYFIPS": "48083",
        "CITYCD": "480831430",
        "RAILROAD": "BNSF",
        "RRDIV": "RED RIVER",
        "RRSUBDIV": "LAMPASAS",
        "HIGHWAY": "Not Yet Reported by State",
        "STREET": "PRIVATE ROAD",
        "TTSTN": "690458",
        "MILEPOST": "0377.316",
        "TYPEXING": "Private",
        "POSXING": "At Grade",
        "PRVCAT": "14",
        "INIT": "1",
        "LATITUDE": 31.819958,
        "LONGITUD": -99.404798,
        "LLSOURCE": "1",
        "WHISTBAN": "0",
        "RRCONT": "8173521549",
        "POLCONT": "8008325452",
        "INV_LINK": "https://safetydata.fra.dot.gov/OfficeofSafety/PublicSite/Crossing/Crossing.aspx?phasetype=C&rpttype=I&txtcrossingnum=021220D",
        "ACC_LINK": "https://safetydata.fra.dot.gov/OfficeofSafety/PublicSite/Crossing/Crossing.aspx?phasetype=C&rpttype=A&txtcrossingnum=021220D",
        "TTSTNNAM": "COLEMAN",
        "XPURPOSE": "1",
        "OPERATINGR": "BNSF",
        "OPERATIN_1": "Primary",
        "DAYTHRU": 4,
        "NGHTTHRU": 3,
        "MAINTRK": 1,
        "SIDINGTRK": 1,
        "YARDTRK": 0,
        "TRANSITTRK": 0,
        "INDUSTRYTR": 0,
        "OTHRTRK": 1,
        "WDCODE": "",
        "REVISIONDA": "1996/01/01 00:00:00",
        "LASTUPDATE": "12/17/2024",
        "AADT": "",
        "AADTYEAR": "1970",
        "STATENAME": "TEXAS",
        "STATEAB": "TX",
        "COUNTYNAME": "COLEMAN",
        "CITYNAME": "COLEMAN",
        "LATDD": 31.819958,
        "LONGDD": -99.404798,
        "gridlyProductionCertified": true,
        "gridlyClassification": "PUBLIC_ROADWAY",
        "gridlyDisplayName": "PRIVATE ROAD",
        "gridlyId": "FRA-021220D"
      }
    },
    {
      "type": "Feature",
      "id": 204101,
      "geometry": {
        "type": "Point",
        "coordinates": [
          -99.5137949999442,
          31.8882600000169
        ]
      },
      "properties": {
        "OBJECTID": 204101,
        "CROSSING": "021247M",
        "EFFDATE": 1734393600000,
        "REASON": "14",
        "StateCode": "48",
        "CountyCode": "48083",
        "STCYFIPS": "48083",
        "CITYCD": "480831430",
        "RAILROAD": "BNSF",
        "RRDIV": "RED RIVER",
        "RRSUBDIV": "LAMPASAS",
        "HIGHWAY": "Not Yet Reported by State",
        "STREET": "PRIVATE",
        "TTSTN": "690443",
        "MILEPOST": "0385.509",
        "TYPEXING": "Private",
        "POSXING": "At Grade",
        "PRVCAT": "14",
        "INIT": "1",
        "LATITUDE": 31.88826,
        "LONGITUD": -99.513795,
        "LLSOURCE": "1",
        "WHISTBAN": "0",
        "RRCONT": "8173521549",
        "POLCONT": "8008325452",
        "INV_LINK": "https://safetydata.fra.dot.gov/OfficeofSafety/PublicSite/Crossing/Crossing.aspx?phasetype=C&rpttype=I&txtcrossingnum=021247M",
        "ACC_LINK": "https://safetydata.fra.dot.gov/OfficeofSafety/PublicSite/Crossing/Crossing.aspx?phasetype=C&rpttype=A&txtcrossingnum=021247M",
        "TTSTNNAM": "SILVER VALLEY",
        "XPURPOSE": "1",
        "OPERATINGR": "BNSF",
        "OPERATIN_1": "Primary",
        "DAYTHRU": 4,
        "NGHTTHRU": 3,
        "MAINTRK": 1,
        "SIDINGTRK": 0,
        "YARDTRK": 0,
        "TRANSITTRK": 0,
        "INDUSTRYTR": 0,
        "OTHRTRK": 0,
        "WDCODE": "",
        "REVISIONDA": "1996/01/01 00:00:00",
        "LASTUPDATE": "12/17/2024",
        "AADT": "",
        "AADTYEAR": "1970",
        "STATENAME": "TEXAS",
        "STATEAB": "TX",
        "COUNTYNAME": "COLEMAN",
        "CITYNAME": "COLEMAN",
        "LATDD": 31.88826,
        "LONGDD": -99.513795,
        "gridlyProductionCertified": true,
        "gridlyClassification": "PUBLIC_ROADWAY",
        "gridlyDisplayName": "PRIVATE",
        "gridlyId": "FRA-021247M"
      }
    },
    {
      "type": "Feature",
      "id": 204102,
      "geometry": {
        "type": "Point",
        "coordinates": [
          -99.5285500000641,
          31.9216755998952
        ]
      },
      "properties": {
        "OBJECTID": 204102,
        "CROSSING": "021249B",
        "EFFDATE": 1734393600000,
        "REASON": "14",
        "StateCode": "48",
        "CountyCode": "48083",
        "STCYFIPS": "48083",
        "CITYCD": "480834980",
        "RAILROAD": "BNSF",
        "RRDIV": "RED RIVER",
        "RRSUBDIV": "LAMPASAS",
        "HIGHWAY": "Not Yet Reported by State",
        "STREET": "PRIVATE",
        "TTSTN": "690443",
        "MILEPOST": "0388.062",
        "TYPEXING": "Private",
        "POSXING": "RR Over",
        "PRVCAT": "14",
        "INIT": "1",
        "LATITUDE": 31.9216756,
        "LONGITUD": -99.52855,
        "LLSOURCE": "1",
        "WHISTBAN": "0",
        "RRCONT": "8173521549",
        "POLCONT": "8008325452",
        "INV_LINK": "https://safetydata.fra.dot.gov/OfficeofSafety/PublicSite/Crossing/Crossing.aspx?phasetype=C&rpttype=I&txtcrossingnum=021249B",
        "ACC_LINK": "https://safetydata.fra.dot.gov/OfficeofSafety/PublicSite/Crossing/Crossing.aspx?phasetype=C&rpttype=A&txtcrossingnum=021249B",
        "TTSTNNAM": "SILVER VALLEY",
        "XPURPOSE": "1",
        "OPERATINGR": "BNSF",
        "OPERATIN_1": "Primary",
        "DAYTHRU": 4,
        "NGHTTHRU": 3,
        "MAINTRK": 1,
        "SIDINGTRK": 0,
        "YARDTRK": 0,
        "TRANSITTRK": 0,
        "INDUSTRYTR": 0,
        "OTHRTRK": 0,
        "WDCODE": "",
        "REVISIONDA": "1996/01/01 00:00:00",
        "LASTUPDATE": "12/17/2024",
        "AADT": "",
        "AADTYEAR": "1970",
        "STATENAME": "TEXAS",
        "STATEAB": "TX",
        "COUNTYNAME": "COLEMAN",
        "CITYNAME": "NOVICE",
        "LATDD": 31.9216756,
        "LONGDD": -99.52855,
        "gridlyProductionCertified": true,
        "gridlyClassification": "PUBLIC_ROADWAY",
        "gridlyDisplayName": "PRIVATE",
        "gridlyId": "FRA-021249B"
      }
    },
    {
      "type": "Feature",
      "id": 204122,
      "geometry": {
        "type": "Point",
        "coordinates": [
          -99.2618149998551,
          31.7283487997943
        ]
      },
      "properties": {
        "OBJECTID": 204122,
        "CROSSING": "021207P",
        "EFFDATE": 1734393600000,
        "REASON": "14",
        "StateCode": "48",
        "CountyCode": "48083",
        "STCYFIPS": "48083",
        "CITYCD": "480836210",
        "RAILROAD": "BNSF",
        "RRDIV": "RED RIVER",
        "RRSUBDIV": "LAMPASAS",
        "HIGHWAY": "Not Yet Reported by State",
        "STREET": "PRIVATE ROAD",
        "TTSTN": "690452",
        "MILEPOST": "0365.950",
        "TYPEXING": "Private",
        "POSXING": "At Grade",
        "PRVCAT": "14",
        "INIT": "1",
        "LATITUDE": 31.7283488,
        "LONGITUD": -99.261815,
        "LLSOURCE": "1",
        "WHISTBAN": "0",
        "RRCONT": "8173521549",
        "POLCONT": "8008325452",
        "INV_LINK": "https://safetydata.fra.dot.gov/OfficeofSafety/PublicSite/Crossing/Crossing.aspx?phasetype=C&rpttype=I&txtcrossingnum=021207P",
        "ACC_LINK": "https://safetydata.fra.dot.gov/OfficeofSafety/PublicSite/Crossing/Crossing.aspx?phasetype=C&rpttype=A&txtcrossingnum=021207P",
        "TTSTNNAM": "OBREGON",
        "XPURPOSE": "1",
        "OPERATINGR": "BNSF",
        "OPERATIN_1": "Primary",
        "DAYTHRU": 4,
        "NGHTTHRU": 3,
        "MAINTRK": 1,
        "SIDINGTRK": 0,
        "YARDTRK": 0,
        "TRANSITTRK": 0,
        "INDUSTRYTR": 0,
        "OTHRTRK": 0,
        "WDCODE": "",
        "REVISIONDA": "1996/01/01 00:00:00",
        "LASTUPDATE": "12/17/2024",
        "AADT": "",
        "AADTYEAR": "1970",
        "STATENAME": "TEXAS",
        "STATEAB": "TX",
        "COUNTYNAME": "COLEMAN",
        "CITYNAME": "SANTA ANNA",
        "LATDD": 31.7283488,
        "LONGDD": -99.261815,
        "gridlyProductionCertified": true,
        "gridlyClassification": "PUBLIC_ROADWAY",
        "gridlyDisplayName": "PRIVATE ROAD",
        "gridlyId": "FRA-021207P"
      }
    },
    {
      "type": "Feature",
      "id": 204136,
      "geometry": {
        "type": "Point",
        "coordinates": [
          -99.547504999633,
          31.9619545000537
        ]
      },
      "properties": {
        "OBJECTID": 204136,
        "CROSSING": "021254X",
        "EFFDATE": 1734393600000,
        "REASON": "14",
        "StateCode": "48",
        "CountyCode": "48083",
        "STCYFIPS": "48083",
        "CITYCD": "480834980",
        "RAILROAD": "BNSF",
        "RRDIV": "RED RIVER",
        "RRSUBDIV": "LAMPASAS",
        "HIGHWAY": "Not Yet Reported by State",
        "STREET": "PRIVATE ROAD",
        "TTSTN": "690443",
        "MILEPOST": "0391.250",
        "TYPEXING": "Private",
        "POSXING": "At Grade",
        "PRVCAT": "14",
        "INIT": "1",
        "LATITUDE": 31.9619545,
        "LONGITUD": -99.547505,
        "LLSOURCE": "1",
        "WHISTBAN": "0",
        "RRCONT": "8173521549",
        "POLCONT": "8008325452",
        "INV_LINK": "https://safetydata.fra.dot.gov/OfficeofSafety/PublicSite/Crossing/Crossing.aspx?phasetype=C&rpttype=I&txtcrossingnum=021254X",
        "ACC_LINK": "https://safetydata.fra.dot.gov/OfficeofSafety/PublicSite/Crossing/Crossing.aspx?phasetype=C&rpttype=A&txtcrossingnum=021254X",
        "TTSTNNAM": "SILVER VALLEY",
        "XPURPOSE": "1",
        "OPERATINGR": "BNSF",
        "OPERATIN_1": "Primary",
        "DAYTHRU": 4,
        "NGHTTHRU": 3,
        "MAINTRK": 1,
        "SIDINGTRK": 1,
        "YARDTRK": 0,
        "TRANSITTRK": 0,
        "INDUSTRYTR": 0,
        "OTHRTRK": 1,
        "WDCODE": "",
        "REVISIONDA": "1996/01/01 00:00:00",
        "LASTUPDATE": "12/17/2024",
        "AADT": "",
        "AADTYEAR": "1970",
        "STATENAME": "TEXAS",
        "STATEAB": "TX",
        "COUNTYNAME": "COLEMAN",
        "CITYNAME": "NOVICE",
        "LATDD": 31.9619545,
        "LONGDD": -99.547505,
        "gridlyProductionCertified": true,
        "gridlyClassification": "PUBLIC_ROADWAY",
        "gridlyDisplayName": "PRIVATE ROAD",
        "gridlyId": "FRA-021254X"
      }
    },
    {
      "type": "Feature",
      "id": 204140,
      "geometry": {
        "type": "Point",
        "coordinates": [
          -99.5712019998726,
          31.9645373003497
        ]
      },
      "properties": {
        "OBJECTID": 204140,
        "CROSSING": "021257T",
        "EFFDATE": 1734393600000,
        "REASON": "14",
        "StateCode": "48",
        "CountyCode": "48083",
        "STCYFIPS": "48083",
        "CITYCD": "480834980",
        "RAILROAD": "BNSF",
        "RRDIV": "RED RIVER",
        "RRSUBDIV": "LAMPASAS",
        "HIGHWAY": "Not Yet Reported by State",
        "STREET": "PRIVATE ROAD",
        "TTSTN": "690443",
        "MILEPOST": "0392.700",
        "TYPEXING": "Private",
        "POSXING": "At Grade",
        "PRVCAT": "14",
        "INIT": "1",
        "LATITUDE": 31.9645373,
        "LONGITUD": -99.571202,
        "LLSOURCE": "1",
        "WHISTBAN": "0",
        "RRCONT": "8173521549",
        "POLCONT": "8008325452",
        "INV_LINK": "https://safetydata.fra.dot.gov/OfficeofSafety/PublicSite/Crossing/Crossing.aspx?phasetype=C&rpttype=I&txtcrossingnum=021257T",
        "ACC_LINK": "https://safetydata.fra.dot.gov/OfficeofSafety/PublicSite/Crossing/Crossing.aspx?phasetype=C&rpttype=A&txtcrossingnum=021257T",
        "TTSTNNAM": "SILVER VALLEY",
        "XPURPOSE": "1",
        "OPERATINGR": "BNSF",
        "OPERATIN_1": "Primary",
        "DAYTHRU": 4,
        "NGHTTHRU": 3,
        "MAINTRK": 1,
        "SIDINGTRK": 0,
        "YARDTRK": 0,
        "TRANSITTRK": 0,
        "INDUSTRYTR": 0,
        "OTHRTRK": 0,
        "WDCODE": "",
        "REVISIONDA": "1996/01/01 00:00:00",
        "LASTUPDATE": "12/17/2024",
        "AADT": "",
        "AADTYEAR": "1970",
        "STATENAME": "TEXAS",
        "STATEAB": "TX",
        "COUNTYNAME": "COLEMAN",
        "CITYNAME": "NOVICE",
        "LATDD": 31.9645373,
        "LONGDD": -99.571202,
        "gridlyProductionCertified": true,
        "gridlyClassification": "PUBLIC_ROADWAY",
        "gridlyDisplayName": "PRIVATE ROAD",
        "gridlyId": "FRA-021257T"
      }
    },
    {
      "type": "Feature",
      "id": 204141,
      "geometry": {
        "type": "Point",
        "coordinates": [
          -99.5945590003536,
          31.9660050001585
        ]
      },
      "properties": {
        "OBJECTID": 204141,
        "CROSSING": "021259G",
        "EFFDATE": 1734393600000,
        "REASON": "14",
        "StateCode": "48",
        "CountyCode": "48083",
        "STCYFIPS": "48083",
        "CITYCD": "480834980",
        "RAILROAD": "BNSF",
        "RRDIV": "RED RIVER",
        "RRSUBDIV": "LAMPASAS",
        "HIGHWAY": "Not Yet Reported by State",
        "STREET": "PRIVATE ROAD",
        "TTSTN": "690437",
        "MILEPOST": "0394.080",
        "TYPEXING": "Private",
        "POSXING": "At Grade",
        "PRVCAT": "14",
        "INIT": "1",
        "LATITUDE": 31.966005,
        "LONGITUD": -99.594559,
        "LLSOURCE": "1",
        "WHISTBAN": "0",
        "RRCONT": "8173521549",
        "POLCONT": "8008325452",
        "INV_LINK": "https://safetydata.fra.dot.gov/OfficeofSafety/PublicSite/Crossing/Crossing.aspx?phasetype=C&rpttype=I&txtcrossingnum=021259G",
        "ACC_LINK": "https://safetydata.fra.dot.gov/OfficeofSafety/PublicSite/Crossing/Crossing.aspx?phasetype=C&rpttype=A&txtcrossingnum=021259G",
        "TTSTNNAM": "NOVICE",
        "XPURPOSE": "1",
        "OPERATINGR": "BNSF",
        "OPERATIN_1": "Primary",
        "DAYTHRU": 4,
        "NGHTTHRU": 3,
        "MAINTRK": 1,
        "SIDINGTRK": 0,
        "YARDTRK": 0,
        "TRANSITTRK": 0,
        "INDUSTRYTR": 0,
        "OTHRTRK": 0,
        "WDCODE": "",
        "REVISIONDA": "1996/01/01 00:00:00",
        "LASTUPDATE": "12/17/2024",
        "AADT": "",
        "AADTYEAR": "1970",
        "STATENAME": "TEXAS",
        "STATEAB": "TX",
        "COUNTYNAME": "COLEMAN",
        "CITYNAME": "NOVICE",
        "LATDD": 31.966005,
        "LONGDD": -99.594559,
        "gridlyProductionCertified": true,
        "gridlyClassification": "PUBLIC_ROADWAY",
        "gridlyDisplayName": "PRIVATE ROAD",
        "gridlyId": "FRA-021259G"
      }
    },
    {
      "type": "Feature",
      "id": 204152,
      "geometry": {
        "type": "Point",
        "coordinates": [
          -99.6349880004139,
          31.9981749998538
        ]
      },
      "properties": {
        "OBJECTID": 204152,
        "CROSSING": "021266S",
        "EFFDATE": 1734393600000,
        "REASON": "14",
        "StateCode": "48",
        "CountyCode": "48083",
        "STCYFIPS": "48083",
        "CITYCD": "480834980",
        "RAILROAD": "BNSF",
        "RRDIV": "RED RIVER",
        "RRSUBDIV": "LAMPASAS",
        "HIGHWAY": "Not Yet Reported by State",
        "STREET": "PRIVATE",
        "TTSTN": "690437",
        "MILEPOST": "0397.540",
        "TYPEXING": "Private",
        "POSXING": "RR Over",
        "PRVCAT": "14",
        "INIT": "1",
        "LATITUDE": 31.998175,
        "LONGITUD": -99.634988,
        "LLSOURCE": "1",
        "WHISTBAN": "0",
        "RRCONT": "8173521549",
        "POLCONT": "8008325452",
        "INV_LINK": "https://safetydata.fra.dot.gov/OfficeofSafety/PublicSite/Crossing/Crossing.aspx?phasetype=C&rpttype=I&txtcrossingnum=021266S",
        "ACC_LINK": "https://safetydata.fra.dot.gov/OfficeofSafety/PublicSite/Crossing/Crossing.aspx?phasetype=C&rpttype=A&txtcrossingnum=021266S",
        "TTSTNNAM": "NOVICE",
        "XPURPOSE": "1",
        "OPERATINGR": "BNSF",
        "OPERATIN_1": "Primary",
        "DAYTHRU": 4,
        "NGHTTHRU": 3,
        "MAINTRK": 1,
        "SIDINGTRK": 0,
        "YARDTRK": 0,
        "TRANSITTRK": 0,
        "INDUSTRYTR": 0,
        "OTHRTRK": 0,
        "WDCODE": "",
        "REVISIONDA": "1996/01/01 00:00:00",
        "LASTUPDATE": "12/17/2024",
        "AADT": "",
        "AADTYEAR": "1970",
        "STATENAME": "TEXAS",
        "STATEAB": "TX",
        "COUNTYNAME": "COLEMAN",
        "CITYNAME": "NOVICE",
        "LATDD": 31.998175,
        "LONGDD": -99.634988,
        "gridlyProductionCertified": true,
        "gridlyClassification": "PUBLIC_ROADWAY",
        "gridlyDisplayName": "PRIVATE",
        "gridlyId": "FRA-021266S"
      }
    },
    {
      "type": "Feature",
      "id": 204907,
      "geometry": {
        "type": "Point",
        "coordinates": [
          -99.6879129999627,
          32.0704108996761
        ]
      },
      "properties": {
        "OBJECTID": 204907,
        "CROSSING": "021269M",
        "EFFDATE": 1734393600000,
        "REASON": "14",
        "StateCode": "48",
        "CountyCode": "48083",
        "STCYFIPS": "48083",
        "CITYCD": "480834980",
        "RAILROAD": "BNSF",
        "RRDIV": "RED RIVER",
        "RRSUBDIV": "LAMPASAS",
        "HIGHWAY": "Not Yet Reported by State",
        "STREET": "PRIVATE ROAD",
        "TTSTN": "690433",
        "MILEPOST": "0403.600",
        "TYPEXING": "Private",
        "POSXING": "At Grade",
        "PRVCAT": "14",
        "INIT": "1",
        "LATITUDE": 32.0704109,
        "LONGITUD": -99.687913,
        "LLSOURCE": "1",
        "WHISTBAN": "0",
        "RRCONT": "8173521549",
        "POLCONT": "8008325452",
        "INV_LINK": "https://safetydata.fra.dot.gov/OfficeofSafety/PublicSite/Crossing/Crossing.aspx?phasetype=C&rpttype=I&txtcrossingnum=021269M",
        "ACC_LINK": "https://safetydata.fra.dot.gov/OfficeofSafety/PublicSite/Crossing/Crossing.aspx?phasetype=C&rpttype=A&txtcrossingnum=021269M",
        "TTSTNNAM": "GOLDSBORO",
        "XPURPOSE": "1",
        "OPERATINGR": "BNSF",
        "OPERATIN_1": "Primary",
        "DAYTHRU": 4,
        "NGHTTHRU": 3,
        "MAINTRK": 1,
        "SIDINGTRK": 0,
        "YARDTRK": 0,
        "TRANSITTRK": 0,
        "INDUSTRYTR": 0,
        "OTHRTRK": 0,
        "WDCODE": "",
        "REVISIONDA": "1996/01/01 00:00:00",
        "LASTUPDATE": "12/17/2024",
        "AADT": "",
        "AADTYEAR": "1970",
        "STATENAME": "TEXAS",
        "STATEAB": "TX",
        "COUNTYNAME": "COLEMAN",
        "CITYNAME": "NOVICE",
        "LATDD": 32.0704109,
        "LONGDD": -99.687913,
        "gridlyProductionCertified": true,
        "gridlyClassification": "PUBLIC_ROADWAY",
        "gridlyDisplayName": "PRIVATE ROAD",
        "gridlyId": "FRA-021269M"
      }
    },
    {
      "type": "Feature",
      "id": 205864,
      "geometry": {
        "type": "Point",
        "coordinates": [
          -99.6924940000765,
          32.0776239997608
        ]
      },
      "properties": {
        "OBJECTID": 205864,
        "CROSSING": "967388L",
        "EFFDATE": 1736985600000,
        "REASON": "14",
        "StateCode": "48",
        "CountyCode": "48083",
        "STCYFIPS": "48083",
        "CITYCD": "480832693",
        "RAILROAD": "BNSF",
        "RRDIV": "RED RIVER",
        "RRSUBDIV": "LAMPASAS",
        "HIGHWAY": "PRIVATE",
        "STREET": "PRIVATE",
        "TTSTN": "",
        "MILEPOST": "0404.160",
        "TYPEXING": "Private",
        "POSXING": "At Grade",
        "PRVCAT": "14",
        "INIT": "1",
        "LATITUDE": 32.077624,
        "LONGITUD": -99.692494,
        "LLSOURCE": "1",
        "WHISTBAN": "",
        "RRCONT": "8173521549",
        "POLCONT": "8008325452",
        "INV_LINK": "https://safetydata.fra.dot.gov/OfficeofSafety/PublicSite/Crossing/Crossing.aspx?phasetype=C&rpttype=I&txtcrossingnum=967388L",
        "ACC_LINK": "https://safetydata.fra.dot.gov/OfficeofSafety/PublicSite/Crossing/Crossing.aspx?phasetype=C&rpttype=A&txtcrossingnum=967388L",
        "TTSTNNAM": "",
        "XPURPOSE": "1",
        "OPERATINGR": "BNSF",
        "OPERATIN_1": "Primary",
        "DAYTHRU": 4,
        "NGHTTHRU": 3,
        "MAINTRK": 1,
        "SIDINGTRK": 0,
        "YARDTRK": 0,
        "TRANSITTRK": 0,
        "INDUSTRYTR": 0,
        "OTHRTRK": 0,
        "WDCODE": "",
        "REVISIONDA": "1996/01/01 00:00:00",
        "LASTUPDATE": "1/16/2025",
        "AADT": "",
        "AADTYEAR": "",
        "STATENAME": "TEXAS",
        "STATEAB": "TX",
        "COUNTYNAME": "COLEMAN",
        "CITYNAME": "GOLDSBORO",
        "LATDD": 32.077624,
        "LONGDD": -99.692494,
        "gridlyProductionCertified": true,
        "gridlyClassification": "PUBLIC_ROADWAY",
        "gridlyDisplayName": "PRIVATE",
        "gridlyId": "FRA-967388L"
      }
    },
    {
      "type": "Feature",
      "id": 206901,
      "geometry": {
        "type": "Point",
        "coordinates": [
          -99.2324347998857,
          31.7221146003042
        ]
      },
      "properties": {
        "OBJECTID": 206901,
        "CROSSING": "021204U",
        "EFFDATE": 1757980800000,
        "REASON": "14",
        "StateCode": "48",
        "CountyCode": "48083",
        "STCYFIPS": "48083",
        "CITYCD": "480836210",
        "RAILROAD": "BNSF",
        "RRDIV": "RED RIVER",
        "RRSUBDIV": "LAMPASAS",
        "HIGHWAY": "cr0100",
        "STREET": "COunty RoaD 100",
        "TTSTN": "690452",
        "MILEPOST": "0364.150",
        "TYPEXING": "Public",
        "POSXING": "At Grade",
        "PRVCAT": "14",
        "INIT": "2",
        "LATITUDE": 31.7221146,
        "LONGITUD": -99.2324348,
        "LLSOURCE": "1",
        "WHISTBAN": "0",
        "RRCONT": "8173521549",
        "POLCONT": "8008325452",
        "INV_LINK": "https://safetydata.fra.dot.gov/OfficeofSafety/PublicSite/Crossing/Crossing.aspx?phasetype=C&rpttype=I&txtcrossingnum=021204U",
        "ACC_LINK": "https://safetydata.fra.dot.gov/OfficeofSafety/PublicSite/Crossing/Crossing.aspx?phasetype=C&rpttype=A&txtcrossingnum=021204U",
        "TTSTNNAM": "OBREGON",
        "XPURPOSE": "1",
        "OPERATINGR": "BNSF",
        "OPERATIN_1": "Primary",
        "DAYTHRU": 4,
        "NGHTTHRU": 3,
        "MAINTRK": 1,
        "SIDINGTRK": 1,
        "YARDTRK": 0,
        "TRANSITTRK": 0,
        "INDUSTRYTR": 0,
        "OTHRTRK": 1,
        "WDCODE": "Crossbucks",
        "REVISIONDA": "1996/01/01 00:00:00",
        "LASTUPDATE": "9/16/2025",
        "AADT": "21",
        "AADTYEAR": "2022",
        "STATENAME": "TEXAS",
        "STATEAB": "TX",
        "COUNTYNAME": "COLEMAN",
        "CITYNAME": "SANTA ANNA",
        "LATDD": 31.7221146,
        "LONGDD": -99.2324348,
        "gridlyProductionCertified": true,
        "gridlyClassification": "PUBLIC_ROADWAY",
        "gridlyDisplayName": "COunty RoaD 100",
        "gridlyId": "FRA-021204U"
      }
    },
    {
      "type": "Feature",
      "id": 206914,
      "geometry": {
        "type": "Point",
        "coordinates": [
          -99.4312990000563,
          31.8370522996375
        ]
      },
      "properties": {
        "OBJECTID": 206914,
        "CROSSING": "021243K",
        "EFFDATE": 1757894400000,
        "REASON": "14",
        "StateCode": "48",
        "CountyCode": "48083",
        "STCYFIPS": "48083",
        "CITYCD": "480831430",
        "RAILROAD": "BNSF",
        "RRDIV": "RED RIVER",
        "RRSUBDIV": "LAMPASAS",
        "HIGHWAY": "lS0000",
        "STREET": "VALE STreet",
        "TTSTN": "690458",
        "MILEPOST": "0379.220",
        "TYPEXING": "Public",
        "POSXING": "At Grade",
        "PRVCAT": "14",
        "INIT": "2",
        "LATITUDE": 31.8370523,
        "LONGITUD": -99.431299,
        "LLSOURCE": "1",
        "WHISTBAN": "0",
        "RRCONT": "8173521549",
        "POLCONT": "8008325452",
        "INV_LINK": "https://safetydata.fra.dot.gov/OfficeofSafety/PublicSite/Crossing/Crossing.aspx?phasetype=C&rpttype=I&txtcrossingnum=021243K",
        "ACC_LINK": "https://safetydata.fra.dot.gov/OfficeofSafety/PublicSite/Crossing/Crossing.aspx?phasetype=C&rpttype=A&txtcrossingnum=021243K",
        "TTSTNNAM": "COLEMAN",
        "XPURPOSE": "1",
        "OPERATINGR": "BNSF",
        "OPERATIN_1": "Primary",
        "DAYTHRU": 6,
        "NGHTTHRU": 6,
        "MAINTRK": 0,
        "SIDINGTRK": 0,
        "YARDTRK": 0,
        "TRANSITTRK": 0,
        "INDUSTRYTR": 1,
        "OTHRTRK": 1,
        "WDCODE": "Crossbucks",
        "REVISIONDA": "1996/01/01 00:00:00",
        "LASTUPDATE": "9/15/2025",
        "AADT": "428",
        "AADTYEAR": "2018",
        "STATENAME": "TEXAS",
        "STATEAB": "TX",
        "COUNTYNAME": "COLEMAN",
        "CITYNAME": "COLEMAN",
        "LATDD": 31.8370523,
        "LONGDD": -99.431299,
        "gridlyProductionCertified": true,
        "gridlyClassification": "PUBLIC_ROADWAY",
        "gridlyDisplayName": "VALE STreet",
        "gridlyId": "FRA-021243K"
      }
    },
    {
      "type": "Feature",
      "id": 206916,
      "geometry": {
        "type": "Point",
        "coordinates": [
          -99.5286407999764,
          31.9157086000709
        ]
      },
      "properties": {
        "OBJECTID": 206916,
        "CROSSING": "021248U",
        "EFFDATE": 1757894400000,
        "REASON": "14",
        "StateCode": "48",
        "CountyCode": "48083",
        "STCYFIPS": "48083",
        "CITYCD": "480834980",
        "RAILROAD": "BNSF",
        "RRDIV": "RED RIVER",
        "RRSUBDIV": "LAMPASAS",
        "HIGHWAY": "cr0462",
        "STREET": "white chapel road",
        "TTSTN": "690443",
        "MILEPOST": "0387.650",
        "TYPEXING": "Public",
        "POSXING": "At Grade",
        "PRVCAT": "14",
        "INIT": "2",
        "LATITUDE": 31.9157086,
        "LONGITUD": -99.5286408,
        "LLSOURCE": "1",
        "WHISTBAN": "0",
        "RRCONT": "8173521549",
        "POLCONT": "8008325452",
        "INV_LINK": "https://safetydata.fra.dot.gov/OfficeofSafety/PublicSite/Crossing/Crossing.aspx?phasetype=C&rpttype=I&txtcrossingnum=021248U",
        "ACC_LINK": "https://safetydata.fra.dot.gov/OfficeofSafety/PublicSite/Crossing/Crossing.aspx?phasetype=C&rpttype=A&txtcrossingnum=021248U",
        "TTSTNNAM": "SILVER VALLEY",
        "XPURPOSE": "1",
        "OPERATINGR": "BNSF",
        "OPERATIN_1": "Primary",
        "DAYTHRU": 4,
        "NGHTTHRU": 3,
        "MAINTRK": 1,
        "SIDINGTRK": 0,
        "YARDTRK": 0,
        "TRANSITTRK": 0,
        "INDUSTRYTR": 0,
        "OTHRTRK": 0,
        "WDCODE": "Crossbucks",
        "REVISIONDA": "1996/01/01 00:00:00",
        "LASTUPDATE": "9/15/2025",
        "AADT": "28",
        "AADTYEAR": "2022",
        "STATENAME": "TEXAS",
        "STATEAB": "TX",
        "COUNTYNAME": "COLEMAN",
        "CITYNAME": "NOVICE",
        "LATDD": 31.9157086,
        "LONGDD": -99.5286408,
        "gridlyProductionCertified": true,
        "gridlyClassification": "PUBLIC_ROADWAY",
        "gridlyDisplayName": "white chapel road",
        "gridlyId": "FRA-021248U"
      }
    },
    {
      "type": "Feature",
      "id": 206918,
      "geometry": {
        "type": "Point",
        "coordinates": [
          -99.5272269999412,
          31.9340512999096
        ]
      },
      "properties": {
        "OBJECTID": 206918,
        "CROSSING": "021250V",
        "EFFDATE": 1757894400000,
        "REASON": "14",
        "StateCode": "48",
        "CountyCode": "48083",
        "STCYFIPS": "48083",
        "CITYCD": "480834980",
        "RAILROAD": "BNSF",
        "RRDIV": "RED RIVER",
        "RRSUBDIV": "LAMPASAS",
        "HIGHWAY": "cr0470",
        "STREET": "COunty RoaD 470",
        "TTSTN": "690443",
        "MILEPOST": "0388.915",
        "TYPEXING": "Public",
        "POSXING": "At Grade",
        "PRVCAT": "14",
        "INIT": "2",
        "LATITUDE": 31.9340513,
        "LONGITUD": -99.527227,
        "LLSOURCE": "1",
        "WHISTBAN": "0",
        "RRCONT": "8173521549",
        "POLCONT": "8008325452",
        "INV_LINK": "https://safetydata.fra.dot.gov/OfficeofSafety/PublicSite/Crossing/Crossing.aspx?phasetype=C&rpttype=I&txtcrossingnum=021250V",
        "ACC_LINK": "https://safetydata.fra.dot.gov/OfficeofSafety/PublicSite/Crossing/Crossing.aspx?phasetype=C&rpttype=A&txtcrossingnum=021250V",
        "TTSTNNAM": "SILVER VALLEY",
        "XPURPOSE": "1",
        "OPERATINGR": "BNSF",
        "OPERATIN_1": "Primary",
        "DAYTHRU": 4,
        "NGHTTHRU": 3,
        "MAINTRK": 1,
        "SIDINGTRK": 0,
        "YARDTRK": 0,
        "TRANSITTRK": 0,
        "INDUSTRYTR": 0,
        "OTHRTRK": 0,
        "WDCODE": "Crossbucks",
        "REVISIONDA": "1996/01/01 00:00:00",
        "LASTUPDATE": "9/15/2025",
        "AADT": "26",
        "AADTYEAR": "2022",
        "STATENAME": "TEXAS",
        "STATEAB": "TX",
        "COUNTYNAME": "COLEMAN",
        "CITYNAME": "NOVICE",
        "LATDD": 31.9340513,
        "LONGDD": -99.527227,
        "gridlyProductionCertified": true,
        "gridlyClassification": "PUBLIC_ROADWAY",
        "gridlyDisplayName": "COunty RoaD 470",
        "gridlyId": "FRA-021250V"
      }
    },
    {
      "type": "Feature",
      "id": 206919,
      "geometry": {
        "type": "Point",
        "coordinates": [
          -99.5348036003549,
          31.9513920002062
        ]
      },
      "properties": {
        "OBJECTID": 206919,
        "CROSSING": "021252J",
        "EFFDATE": 1757894400000,
        "REASON": "14",
        "StateCode": "48",
        "CountyCode": "48083",
        "STCYFIPS": "48083",
        "CITYCD": "480834980",
        "RAILROAD": "BNSF",
        "RRDIV": "RED RIVER",
        "RRSUBDIV": "LAMPASAS",
        "HIGHWAY": "cr0474",
        "STREET": "COunty RoaD 474",
        "TTSTN": "690443",
        "MILEPOST": "0390.217",
        "TYPEXING": "Public",
        "POSXING": "At Grade",
        "PRVCAT": "14",
        "INIT": "2",
        "LATITUDE": 31.951392,
        "LONGITUD": -99.5348036,
        "LLSOURCE": "1",
        "WHISTBAN": "0",
        "RRCONT": "8173521549",
        "POLCONT": "8008325452",
        "INV_LINK": "https://safetydata.fra.dot.gov/OfficeofSafety/PublicSite/Crossing/Crossing.aspx?phasetype=C&rpttype=I&txtcrossingnum=021252J",
        "ACC_LINK": "https://safetydata.fra.dot.gov/OfficeofSafety/PublicSite/Crossing/Crossing.aspx?phasetype=C&rpttype=A&txtcrossingnum=021252J",
        "TTSTNNAM": "SILVER VALLEY",
        "XPURPOSE": "1",
        "OPERATINGR": "BNSF",
        "OPERATIN_1": "Primary",
        "DAYTHRU": 4,
        "NGHTTHRU": 3,
        "MAINTRK": 1,
        "SIDINGTRK": 0,
        "YARDTRK": 0,
        "TRANSITTRK": 0,
        "INDUSTRYTR": 0,
        "OTHRTRK": 0,
        "WDCODE": "Crossbucks",
        "REVISIONDA": "1996/01/01 00:00:00",
        "LASTUPDATE": "9/15/2025",
        "AADT": "27",
        "AADTYEAR": "2022",
        "STATENAME": "TEXAS",
        "STATEAB": "TX",
        "COUNTYNAME": "COLEMAN",
        "CITYNAME": "NOVICE",
        "LATDD": 31.951392,
        "LONGDD": -99.5348036,
        "gridlyProductionCertified": true,
        "gridlyClassification": "PUBLIC_ROADWAY",
        "gridlyDisplayName": "COunty RoaD 474",
        "gridlyId": "FRA-021252J"
      }
    },
    {
      "type": "Feature",
      "id": 206920,
      "geometry": {
        "type": "Point",
        "coordinates": [
          -99.5589837998942,
          31.9646082999263
        ]
      },
      "properties": {
        "OBJECTID": 206920,
        "CROSSING": "021255E",
        "EFFDATE": 1757894400000,
        "REASON": "14",
        "StateCode": "48",
        "CountyCode": "48083",
        "STCYFIPS": "48083",
        "CITYCD": "480834980",
        "RAILROAD": "BNSF",
        "RRDIV": "RED RIVER",
        "RRSUBDIV": "LAMPASAS",
        "HIGHWAY": "cr0477",
        "STREET": "County Road 477",
        "TTSTN": "690443",
        "MILEPOST": "0391.994",
        "TYPEXING": "Public",
        "POSXING": "At Grade",
        "PRVCAT": "14",
        "INIT": "2",
        "LATITUDE": 31.9646083,
        "LONGITUD": -99.5589838,
        "LLSOURCE": "1",
        "WHISTBAN": "0",
        "RRCONT": "8173521549",
        "POLCONT": "8008325452",
        "INV_LINK": "https://safetydata.fra.dot.gov/OfficeofSafety/PublicSite/Crossing/Crossing.aspx?phasetype=C&rpttype=I&txtcrossingnum=021255E",
        "ACC_LINK": "https://safetydata.fra.dot.gov/OfficeofSafety/PublicSite/Crossing/Crossing.aspx?phasetype=C&rpttype=A&txtcrossingnum=021255E",
        "TTSTNNAM": "SILVER VALLEY",
        "XPURPOSE": "1",
        "OPERATINGR": "BNSF",
        "OPERATIN_1": "Primary",
        "DAYTHRU": 4,
        "NGHTTHRU": 3,
        "MAINTRK": 1,
        "SIDINGTRK": 0,
        "YARDTRK": 0,
        "TRANSITTRK": 0,
        "INDUSTRYTR": 0,
        "OTHRTRK": 0,
        "WDCODE": "Stop signs",
        "REVISIONDA": "1996/01/01 00:00:00",
        "LASTUPDATE": "9/15/2025",
        "AADT": "14",
        "AADTYEAR": "2022",
        "STATENAME": "TEXAS",
        "STATEAB": "TX",
        "COUNTYNAME": "COLEMAN",
        "CITYNAME": "NOVICE",
        "LATDD": 31.9646083,
        "LONGDD": -99.5589838,
        "gridlyProductionCertified": true,
        "gridlyClassification": "PUBLIC_ROADWAY",
        "gridlyDisplayName": "County Road 477",
        "gridlyId": "FRA-021255E"
      }
    },
    {
      "type": "Feature",
      "id": 206923,
      "geometry": {
        "type": "Point",
        "coordinates": [
          -99.4571686000651,
          31.7600768001003
        ]
      },
      "properties": {
        "OBJECTID": 206923,
        "CROSSING": "021389D",
        "EFFDATE": 1767830400000,
        "REASON": "14",
        "StateCode": "48",
        "CountyCode": "48083",
        "STCYFIPS": "48083",
        "CITYCD": "480831430",
        "RAILROAD": "TXPF",
        "RRDIV": "SOUTHERN",
        "RRSUBDIV": "SAN ANGELO",
        "HIGHWAY": "FM1026",
        "STREET": "FM1026",
        "TTSTN": "691449",
        "MILEPOST": "0005.49",
        "TYPEXING": "Public",
        "POSXING": "At Grade",
        "PRVCAT": "14",
        "INIT": "2",
        "LATITUDE": 31.7600768,
        "LONGITUD": -99.4571686,
        "LLSOURCE": "1",
        "WHISTBAN": "0",
        "RRCONT": "3259428164",
        "POLCONT": "8007428905",
        "INV_LINK": "https://safetydata.fra.dot.gov/OfficeofSafety/PublicSite/Crossing/Crossing.aspx?phasetype=C&rpttype=I&txtcrossingnum=021389D",
        "ACC_LINK": "https://safetydata.fra.dot.gov/OfficeofSafety/PublicSite/Crossing/Crossing.aspx?phasetype=C&rpttype=A&txtcrossingnum=021389D",
        "TTSTNNAM": "SAN ANGLEO JCT",
        "XPURPOSE": "1",
        "OPERATINGR": "TXPF",
        "OPERATIN_1": "Primary",
        "DAYTHRU": 1,
        "NGHTTHRU": 1,
        "MAINTRK": 1,
        "SIDINGTRK": 0,
        "YARDTRK": 0,
        "TRANSITTRK": 0,
        "INDUSTRYTR": 0,
        "OTHRTRK": 0,
        "WDCODE": "Flashing lights",
        "REVISIONDA": "2001/01/01 00:00:00",
        "LASTUPDATE": "1/8/2026",
        "AADT": "265",
        "AADTYEAR": "2023",
        "STATENAME": "TEXAS",
        "STATEAB": "TX",
        "COUNTYNAME": "COLEMAN",
        "CITYNAME": "COLEMAN",
        "LATDD": 31.7600768,
        "LONGDD": -99.4571686,
        "gridlyProductionCertified": true,
        "gridlyClassification": "PUBLIC_ROADWAY",
        "gridlyDisplayName": "FM1026",
        "gridlyId": "FRA-021389D"
      }
    },
    {
      "type": "Feature",
      "id": 206927,
      "geometry": {
        "type": "Point",
        "coordinates": [
          -99.4843580003977,
          31.8618362000539
        ]
      },
      "properties": {
        "OBJECTID": 206927,
        "CROSSING": "021244S",
        "EFFDATE": 1757894400000,
        "REASON": "14",
        "StateCode": "48",
        "CountyCode": "48083",
        "STCYFIPS": "48083",
        "CITYCD": "480831430",
        "RAILROAD": "BNSF",
        "RRDIV": "RED RIVER",
        "RRSUBDIV": "LAMPASAS",
        "HIGHWAY": "cr0426",
        "STREET": "County Road 426",
        "TTSTN": "690458",
        "MILEPOST": "0382.990",
        "TYPEXING": "Public",
        "POSXING": "At Grade",
        "PRVCAT": "14",
        "INIT": "2",
        "LATITUDE": 31.8618362,
        "LONGITUD": -99.484358,
        "LLSOURCE": "1",
        "WHISTBAN": "0",
        "RRCONT": "8173521549",
        "POLCONT": "8008325452",
        "INV_LINK": "https://safetydata.fra.dot.gov/OfficeofSafety/PublicSite/Crossing/Crossing.aspx?phasetype=C&rpttype=I&txtcrossingnum=021244S",
        "ACC_LINK": "https://safetydata.fra.dot.gov/OfficeofSafety/PublicSite/Crossing/Crossing.aspx?phasetype=C&rpttype=A&txtcrossingnum=021244S",
        "TTSTNNAM": "COLEMAN",
        "XPURPOSE": "1",
        "OPERATINGR": "BNSF",
        "OPERATIN_1": "Primary",
        "DAYTHRU": 4,
        "NGHTTHRU": 3,
        "MAINTRK": 1,
        "SIDINGTRK": 0,
        "YARDTRK": 0,
        "TRANSITTRK": 0,
        "INDUSTRYTR": 0,
        "OTHRTRK": 0,
        "WDCODE": "Crossbucks",
        "REVISIONDA": "1996/01/01 00:00:00",
        "LASTUPDATE": "9/15/2025",
        "AADT": "18",
        "AADTYEAR": "2019",
        "STATENAME": "TEXAS",
        "STATEAB": "TX",
        "COUNTYNAME": "COLEMAN",
        "CITYNAME": "COLEMAN",
        "LATDD": 31.8618362,
        "LONGDD": -99.484358,
        "gridlyProductionCertified": true,
        "gridlyClassification": "PUBLIC_ROADWAY",
        "gridlyDisplayName": "County Road 426",
        "gridlyId": "FRA-021244S"
      }
    },
    {
      "type": "Feature",
      "id": 206928,
      "geometry": {
        "type": "Point",
        "coordinates": [
          -99.4262754997149,
          31.8343600001118
        ]
      },
      "properties": {
        "OBJECTID": 206928,
        "CROSSING": "021228H",
        "EFFDATE": 1757635200000,
        "REASON": "14",
        "StateCode": "48",
        "CountyCode": "48083",
        "STCYFIPS": "48083",
        "CITYCD": "480831430",
        "RAILROAD": "BNSF",
        "RRDIV": "RED RIVER",
        "RRSUBDIV": "LAMPASAS",
        "HIGHWAY": "ls0000",
        "STREET": "north FRIO STREET",
        "TTSTN": "690458",
        "MILEPOST": "0378.900",
        "TYPEXING": "Public",
        "POSXING": "At Grade",
        "PRVCAT": "14",
        "INIT": "2",
        "LATITUDE": 31.83436,
        "LONGITUD": -99.4262755,
        "LLSOURCE": "1",
        "WHISTBAN": "0",
        "RRCONT": "8173521549",
        "POLCONT": "8008325452",
        "INV_LINK": "https://safetydata.fra.dot.gov/OfficeofSafety/PublicSite/Crossing/Crossing.aspx?phasetype=C&rpttype=I&txtcrossingnum=021228H",
        "ACC_LINK": "https://safetydata.fra.dot.gov/OfficeofSafety/PublicSite/Crossing/Crossing.aspx?phasetype=C&rpttype=A&txtcrossingnum=021228H",
        "TTSTNNAM": "COLEMAN",
        "XPURPOSE": "1",
        "OPERATINGR": "BNSF",
        "OPERATIN_1": "Primary",
        "DAYTHRU": 4,
        "NGHTTHRU": 3,
        "MAINTRK": 1,
        "SIDINGTRK": 0,
        "YARDTRK": 0,
        "TRANSITTRK": 0,
        "INDUSTRYTR": 0,
        "OTHRTRK": 0,
        "WDCODE": "Crossbucks",
        "REVISIONDA": "1996/01/01 00:00:00",
        "LASTUPDATE": "9/12/2025",
        "AADT": "32",
        "AADTYEAR": "2022",
        "STATENAME": "TEXAS",
        "STATEAB": "TX",
        "COUNTYNAME": "COLEMAN",
        "CITYNAME": "COLEMAN",
        "LATDD": 31.83436,
        "LONGDD": -99.4262755,
        "gridlyProductionCertified": true,
        "gridlyClassification": "PUBLIC_ROADWAY",
        "gridlyDisplayName": "north FRIO STREET",
        "gridlyId": "FRA-021228H"
      }
    },
    {
      "type": "Feature",
      "id": 206969,
      "geometry": {
        "type": "Point",
        "coordinates": [
          -99.6292553996317,
          31.9915979999556
        ]
      },
      "properties": {
        "OBJECTID": 206969,
        "CROSSING": "021265K",
        "EFFDATE": 1757548800000,
        "REASON": "14",
        "StateCode": "48",
        "CountyCode": "48083",
        "STCYFIPS": "48083",
        "CITYCD": "480834980",
        "RAILROAD": "BNSF",
        "RRDIV": "RED RIVER",
        "RRSUBDIV": "LAMPASAS",
        "HIGHWAY": "ls0000",
        "STREET": "white avenue",
        "TTSTN": "690437",
        "MILEPOST": "0396.940",
        "TYPEXING": "Public",
        "POSXING": "At Grade",
        "PRVCAT": "14",
        "INIT": "2",
        "LATITUDE": 31.991598,
        "LONGITUD": -99.6292554,
        "LLSOURCE": "1",
        "WHISTBAN": "0",
        "RRCONT": "8173521549",
        "POLCONT": "8008325452",
        "INV_LINK": "https://safetydata.fra.dot.gov/OfficeofSafety/PublicSite/Crossing/Crossing.aspx?phasetype=C&rpttype=I&txtcrossingnum=021265K",
        "ACC_LINK": "https://safetydata.fra.dot.gov/OfficeofSafety/PublicSite/Crossing/Crossing.aspx?phasetype=C&rpttype=A&txtcrossingnum=021265K",
        "TTSTNNAM": "NOVICE",
        "XPURPOSE": "1",
        "OPERATINGR": "BNSF",
        "OPERATIN_1": "Primary",
        "DAYTHRU": 4,
        "NGHTTHRU": 3,
        "MAINTRK": 1,
        "SIDINGTRK": 0,
        "YARDTRK": 0,
        "TRANSITTRK": 0,
        "INDUSTRYTR": 0,
        "OTHRTRK": 0,
        "WDCODE": "Stop signs",
        "REVISIONDA": "1996/01/01 00:00:00",
        "LASTUPDATE": "9/11/2025",
        "AADT": "000189",
        "AADTYEAR": "2002",
        "STATENAME": "TEXAS",
        "STATEAB": "TX",
        "COUNTYNAME": "COLEMAN",
        "CITYNAME": "NOVICE",
        "LATDD": 31.991598,
        "LONGDD": -99.6292554,
        "gridlyProductionCertified": true,
        "gridlyClassification": "PUBLIC_ROADWAY",
        "gridlyDisplayName": "white avenue",
        "gridlyId": "FRA-021265K"
      }
    },
    {
      "type": "Feature",
      "id": 206970,
      "geometry": {
        "type": "Point",
        "coordinates": [
          -99.6710172004347,
          32.0391881998114
        ]
      },
      "properties": {
        "OBJECTID": 206970,
        "CROSSING": "021267Y",
        "EFFDATE": 1757548800000,
        "REASON": "14",
        "StateCode": "48",
        "CountyCode": "48083",
        "STCYFIPS": "48083",
        "CITYCD": "480834980",
        "RAILROAD": "BNSF",
        "RRDIV": "RED RIVER",
        "RRSUBDIV": "LAMPASAS",
        "HIGHWAY": "cr0490",
        "STREET": "County Road 490",
        "TTSTN": "690433",
        "MILEPOST": "0401.250",
        "TYPEXING": "Public",
        "POSXING": "At Grade",
        "PRVCAT": "14",
        "INIT": "2",
        "LATITUDE": 32.0391882,
        "LONGITUD": -99.6710172,
        "LLSOURCE": "1",
        "WHISTBAN": "0",
        "RRCONT": "8173521549",
        "POLCONT": "8008325452",
        "INV_LINK": "https://safetydata.fra.dot.gov/OfficeofSafety/PublicSite/Crossing/Crossing.aspx?phasetype=C&rpttype=I&txtcrossingnum=021267Y",
        "ACC_LINK": "https://safetydata.fra.dot.gov/OfficeofSafety/PublicSite/Crossing/Crossing.aspx?phasetype=C&rpttype=A&txtcrossingnum=021267Y",
        "TTSTNNAM": "GOLDSBORO",
        "XPURPOSE": "1",
        "OPERATINGR": "BNSF",
        "OPERATIN_1": "Primary",
        "DAYTHRU": 4,
        "NGHTTHRU": 3,
        "MAINTRK": 1,
        "SIDINGTRK": 0,
        "YARDTRK": 0,
        "TRANSITTRK": 0,
        "INDUSTRYTR": 0,
        "OTHRTRK": 0,
        "WDCODE": "Crossbucks",
        "REVISIONDA": "1996/01/01 00:00:00",
        "LASTUPDATE": "9/11/2025",
        "AADT": "26",
        "AADTYEAR": "2022",
        "STATENAME": "TEXAS",
        "STATEAB": "TX",
        "COUNTYNAME": "COLEMAN",
        "CITYNAME": "NOVICE",
        "LATDD": 32.0391882,
        "LONGDD": -99.6710172,
        "gridlyProductionCertified": true,
        "gridlyClassification": "PUBLIC_ROADWAY",
        "gridlyDisplayName": "County Road 490",
        "gridlyId": "FRA-021267Y"
      }
    },
    {
      "type": "Feature",
      "id": 206983,
      "geometry": {
        "type": "Point",
        "coordinates": [
          -99.3532948999825,
          31.758531200226
        ]
      },
      "properties": {
        "OBJECTID": 206983,
        "CROSSING": "021217V",
        "EFFDATE": 1758067200000,
        "REASON": "14",
        "StateCode": "48",
        "CountyCode": "48083",
        "STCYFIPS": "48083",
        "CITYCD": "480836210",
        "RAILROAD": "BNSF",
        "RRDIV": "RED RIVER",
        "RRSUBDIV": "LAMPASAS",
        "HIGHWAY": "CR0108",
        "STREET": "SANTA ANNA MOUNTAIN ROAD",
        "TTSTN": "691449",
        "MILEPOST": "0372.070",
        "TYPEXING": "Public",
        "POSXING": "At Grade",
        "PRVCAT": "14",
        "INIT": "2",
        "LATITUDE": 31.7585312,
        "LONGITUD": -99.3532949,
        "LLSOURCE": "1",
        "WHISTBAN": "0",
        "RRCONT": "8173521549",
        "POLCONT": "8008325452",
        "INV_LINK": "https://safetydata.fra.dot.gov/OfficeofSafety/PublicSite/Crossing/Crossing.aspx?phasetype=C&rpttype=I&txtcrossingnum=021217V",
        "ACC_LINK": "https://safetydata.fra.dot.gov/OfficeofSafety/PublicSite/Crossing/Crossing.aspx?phasetype=C&rpttype=A&txtcrossingnum=021217V",
        "TTSTNNAM": "SAN ANGELO JCT",
        "XPURPOSE": "1",
        "OPERATINGR": "BNSF",
        "OPERATIN_1": "Primary",
        "DAYTHRU": 4,
        "NGHTTHRU": 3,
        "MAINTRK": 1,
        "SIDINGTRK": 0,
        "YARDTRK": 0,
        "TRANSITTRK": 0,
        "INDUSTRYTR": 0,
        "OTHRTRK": 0,
        "WDCODE": "Crossbucks",
        "REVISIONDA": "1996/01/01 00:00:00",
        "LASTUPDATE": "9/17/2025",
        "AADT": "49",
        "AADTYEAR": "2022",
        "STATENAME": "TEXAS",
        "STATEAB": "TX",
        "COUNTYNAME": "COLEMAN",
        "CITYNAME": "SANTA ANNA",
        "LATDD": 31.7585312,
        "LONGDD": -99.3532949,
        "gridlyProductionCertified": true,
        "gridlyClassification": "PUBLIC_ROADWAY",
        "gridlyDisplayName": "SANTA ANNA MOUNTAIN ROAD",
        "gridlyId": "FRA-021217V"
      }
    },
    {
      "type": "Feature",
      "id": 207040,
      "geometry": {
        "type": "Point",
        "coordinates": [
          -99.6171293003261,
          31.9745914999865
        ]
      },
      "properties": {
        "OBJECTID": 207040,
        "CROSSING": "021262P",
        "EFFDATE": 1767830400000,
        "REASON": "14",
        "StateCode": "48",
        "CountyCode": "48083",
        "STCYFIPS": "48083",
        "CITYCD": "480834980",
        "RAILROAD": "BNSF",
        "RRDIV": "RED RIVER",
        "RRSUBDIV": "LAMPASAS",
        "HIGHWAY": "cr0427",
        "STREET": "County Road 427",
        "TTSTN": "690437",
        "MILEPOST": "0395.550",
        "TYPEXING": "Public",
        "POSXING": "At Grade",
        "PRVCAT": "14",
        "INIT": "2",
        "LATITUDE": 31.9745915,
        "LONGITUD": -99.6171293,
        "LLSOURCE": "1",
        "WHISTBAN": "0",
        "RRCONT": "8173521549",
        "POLCONT": "8008325452",
        "INV_LINK": "https://safetydata.fra.dot.gov/OfficeofSafety/PublicSite/Crossing/Crossing.aspx?phasetype=C&rpttype=I&txtcrossingnum=021262P",
        "ACC_LINK": "https://safetydata.fra.dot.gov/OfficeofSafety/PublicSite/Crossing/Crossing.aspx?phasetype=C&rpttype=A&txtcrossingnum=021262P",
        "TTSTNNAM": "NOVICE",
        "XPURPOSE": "1",
        "OPERATINGR": "BNSF",
        "OPERATIN_1": "Primary",
        "DAYTHRU": 4,
        "NGHTTHRU": 3,
        "MAINTRK": 1,
        "SIDINGTRK": 1,
        "YARDTRK": 0,
        "TRANSITTRK": 0,
        "INDUSTRYTR": 0,
        "OTHRTRK": 1,
        "WDCODE": "All other Gates",
        "REVISIONDA": "1996/01/01 00:00:00",
        "LASTUPDATE": "1/8/2026",
        "AADT": "45",
        "AADTYEAR": "2022",
        "STATENAME": "TEXAS",
        "STATEAB": "TX",
        "COUNTYNAME": "COLEMAN",
        "CITYNAME": "NOVICE",
        "LATDD": 31.9745915,
        "LONGDD": -99.6171293,
        "gridlyProductionCertified": true,
        "gridlyClassification": "PUBLIC_ROADWAY",
        "gridlyDisplayName": "County Road 427",
        "gridlyId": "FRA-021262P"
      }
    },
    {
      "type": "Feature",
      "id": 207416,
      "geometry": {
        "type": "Point",
        "coordinates": [
          -99.5621725999639,
          31.7526265997817
        ]
      },
      "properties": {
        "OBJECTID": 207416,
        "CROSSING": "021395G",
        "EFFDATE": 1758067200000,
        "REASON": "14",
        "StateCode": "48",
        "CountyCode": "48083",
        "STCYFIPS": "48083",
        "CITYCD": "480837105",
        "RAILROAD": "TXPF",
        "RRDIV": "SOUTHERN",
        "RRSUBDIV": "SAN ANGELO",
        "HIGHWAY": "Cr0368",
        "STREET": "County Road 368",
        "TTSTN": "690468",
        "MILEPOST": "0012.15",
        "TYPEXING": "Public",
        "POSXING": "At Grade",
        "PRVCAT": "14",
        "INIT": "2",
        "LATITUDE": 31.7526266,
        "LONGITUD": -99.5621726,
        "LLSOURCE": "1",
        "WHISTBAN": "0",
        "RRCONT": "3259428164",
        "POLCONT": "8007428905",
        "INV_LINK": "https://safetydata.fra.dot.gov/OfficeofSafety/PublicSite/Crossing/Crossing.aspx?phasetype=C&rpttype=I&txtcrossingnum=021395G",
        "ACC_LINK": "https://safetydata.fra.dot.gov/OfficeofSafety/PublicSite/Crossing/Crossing.aspx?phasetype=C&rpttype=A&txtcrossingnum=021395G",
        "TTSTNNAM": "TALPA",
        "XPURPOSE": "1",
        "OPERATINGR": "TXPF",
        "OPERATIN_1": "Primary",
        "DAYTHRU": 1,
        "NGHTTHRU": 1,
        "MAINTRK": 1,
        "SIDINGTRK": 0,
        "YARDTRK": 0,
        "TRANSITTRK": 0,
        "INDUSTRYTR": 0,
        "OTHRTRK": 0,
        "WDCODE": "Crossbucks",
        "REVISIONDA": "2001/01/01 00:00:00",
        "LASTUPDATE": "9/17/2025",
        "AADT": "11",
        "AADTYEAR": "2019",
        "STATENAME": "TEXAS",
        "STATEAB": "TX",
        "COUNTYNAME": "COLEMAN",
        "CITYNAME": "VALERA",
        "LATDD": 31.7526266,
        "LONGDD": -99.5621726,
        "gridlyProductionCertified": true,
        "gridlyClassification": "PUBLIC_ROADWAY",
        "gridlyDisplayName": "County Road 368",
        "gridlyId": "FRA-021395G"
      }
    },
    {
      "type": "Feature",
      "id": 207460,
      "geometry": {
        "type": "Point",
        "coordinates": [
          -99.4352506997709,
          31.7684797996825
        ]
      },
      "properties": {
        "OBJECTID": 207460,
        "CROSSING": "021388W",
        "EFFDATE": 1758067200000,
        "REASON": "14",
        "StateCode": "48",
        "CountyCode": "48083",
        "STCYFIPS": "48083",
        "CITYCD": "480831430",
        "RAILROAD": "TXPF",
        "RRDIV": "SOUTHERN",
        "RRSUBDIV": "SAN ANGELO",
        "HIGHWAY": "Cr0400",
        "STREET": "County Road 400",
        "TTSTN": "691449",
        "MILEPOST": "0004.08",
        "TYPEXING": "Public",
        "POSXING": "At Grade",
        "PRVCAT": "14",
        "INIT": "2",
        "LATITUDE": 31.7684798,
        "LONGITUD": -99.4352507,
        "LLSOURCE": "1",
        "WHISTBAN": "0",
        "RRCONT": "3259428164",
        "POLCONT": "8007428905",
        "INV_LINK": "https://safetydata.fra.dot.gov/OfficeofSafety/PublicSite/Crossing/Crossing.aspx?phasetype=C&rpttype=I&txtcrossingnum=021388W",
        "ACC_LINK": "https://safetydata.fra.dot.gov/OfficeofSafety/PublicSite/Crossing/Crossing.aspx?phasetype=C&rpttype=A&txtcrossingnum=021388W",
        "TTSTNNAM": "SAN ANGLEO JCT",
        "XPURPOSE": "1",
        "OPERATINGR": "TXPF",
        "OPERATIN_1": "Primary",
        "DAYTHRU": 1,
        "NGHTTHRU": 1,
        "MAINTRK": 1,
        "SIDINGTRK": 0,
        "YARDTRK": 0,
        "TRANSITTRK": 0,
        "INDUSTRYTR": 0,
        "OTHRTRK": 0,
        "WDCODE": "Crossbucks",
        "REVISIONDA": "2001/01/01 00:00:00",
        "LASTUPDATE": "9/17/2025",
        "AADT": "18",
        "AADTYEAR": "2019",
        "STATENAME": "TEXAS",
        "STATEAB": "TX",
        "COUNTYNAME": "COLEMAN",
        "CITYNAME": "COLEMAN",
        "LATDD": 31.7684798,
        "LONGDD": -99.4352507,
        "gridlyProductionCertified": true,
        "gridlyClassification": "PUBLIC_ROADWAY",
        "gridlyDisplayName": "County Road 400",
        "gridlyId": "FRA-021388W"
      }
    },
    {
      "type": "Feature",
      "id": 207461,
      "geometry": {
        "type": "Point",
        "coordinates": [
          -99.3722015001206,
          31.7770821002558
        ]
      },
      "properties": {
        "OBJECTID": 207461,
        "CROSSING": "021385B",
        "EFFDATE": 1758067200000,
        "REASON": "14",
        "StateCode": "48",
        "CountyCode": "48083",
        "STCYFIPS": "48083",
        "CITYCD": "480831430",
        "RAILROAD": "TXPF",
        "RRDIV": "SOUTHERN",
        "RRSUBDIV": "SAN ANGELO",
        "HIGHWAY": "cr0110",
        "STREET": "COunty RoaD 110",
        "TTSTN": "",
        "MILEPOST": "0000.31",
        "TYPEXING": "Public",
        "POSXING": "At Grade",
        "PRVCAT": "14",
        "INIT": "2",
        "LATITUDE": 31.7770821,
        "LONGITUD": -99.3722015,
        "LLSOURCE": "1",
        "WHISTBAN": "0",
        "RRCONT": "3259428164",
        "POLCONT": "8007428905",
        "INV_LINK": "https://safetydata.fra.dot.gov/OfficeofSafety/PublicSite/Crossing/Crossing.aspx?phasetype=C&rpttype=I&txtcrossingnum=021385B",
        "ACC_LINK": "https://safetydata.fra.dot.gov/OfficeofSafety/PublicSite/Crossing/Crossing.aspx?phasetype=C&rpttype=A&txtcrossingnum=021385B",
        "TTSTNNAM": "SAN ANGLEO JCT",
        "XPURPOSE": "1",
        "OPERATINGR": "TXPF",
        "OPERATIN_1": "Primary",
        "DAYTHRU": 1,
        "NGHTTHRU": 1,
        "MAINTRK": 1,
        "SIDINGTRK": 0,
        "YARDTRK": 0,
        "TRANSITTRK": 0,
        "INDUSTRYTR": 0,
        "OTHRTRK": 0,
        "WDCODE": "Crossbucks",
        "REVISIONDA": "2001/01/01 00:00:00",
        "LASTUPDATE": "9/17/2025",
        "AADT": "42",
        "AADTYEAR": "2022",
        "STATENAME": "TEXAS",
        "STATEAB": "TX",
        "COUNTYNAME": "COLEMAN",
        "CITYNAME": "COLEMAN",
        "LATDD": 31.7770821,
        "LONGDD": -99.3722015,
        "gridlyProductionCertified": true,
        "gridlyClassification": "PUBLIC_ROADWAY",
        "gridlyDisplayName": "COunty RoaD 110",
        "gridlyId": "FRA-021385B"
      }
    },
    {
      "type": "Feature",
      "id": 207489,
      "geometry": {
        "type": "Point",
        "coordinates": [
          -99.6634884999885,
          31.7699269999747
        ]
      },
      "properties": {
        "OBJECTID": 207489,
        "CROSSING": "021402P",
        "EFFDATE": 1758153600000,
        "REASON": "14",
        "StateCode": "48",
        "CountyCode": "48083",
        "STCYFIPS": "48083",
        "CITYCD": "480836760",
        "RAILROAD": "TXPF",
        "RRDIV": "SOUTHERN",
        "RRSUBDIV": "SAN ANGELO",
        "HIGHWAY": "COr0372",
        "STREET": "County Road 372",
        "TTSTN": "690468",
        "MILEPOST": "0018.30",
        "TYPEXING": "Public",
        "POSXING": "At Grade",
        "PRVCAT": "14",
        "INIT": "2",
        "LATITUDE": 31.769927,
        "LONGITUD": -99.6634885,
        "LLSOURCE": "1",
        "WHISTBAN": "0",
        "RRCONT": "3259428164",
        "POLCONT": "8007428164",
        "INV_LINK": "https://safetydata.fra.dot.gov/OfficeofSafety/PublicSite/Crossing/Crossing.aspx?phasetype=C&rpttype=I&txtcrossingnum=021402P",
        "ACC_LINK": "https://safetydata.fra.dot.gov/OfficeofSafety/PublicSite/Crossing/Crossing.aspx?phasetype=C&rpttype=A&txtcrossingnum=021402P",
        "TTSTNNAM": "TALPA",
        "XPURPOSE": "1",
        "OPERATINGR": "TXPF",
        "OPERATIN_1": "Primary",
        "DAYTHRU": 1,
        "NGHTTHRU": 1,
        "MAINTRK": 1,
        "SIDINGTRK": 0,
        "YARDTRK": 0,
        "TRANSITTRK": 0,
        "INDUSTRYTR": 0,
        "OTHRTRK": 0,
        "WDCODE": "Crossbucks",
        "REVISIONDA": "2001/01/01 00:00:00",
        "LASTUPDATE": "9/18/2025",
        "AADT": "4",
        "AADTYEAR": "2022",
        "STATENAME": "TEXAS",
        "STATEAB": "TX",
        "COUNTYNAME": "COLEMAN",
        "CITYNAME": "TALPA",
        "LATDD": 31.769927,
        "LONGDD": -99.6634885,
        "gridlyProductionCertified": true,
        "gridlyClassification": "PUBLIC_ROADWAY",
        "gridlyDisplayName": "County Road 372",
        "gridlyId": "FRA-021402P"
      }
    },
    {
      "type": "Feature",
      "id": 207490,
      "geometry": {
        "type": "Point",
        "coordinates": [
          -99.6955031002585,
          31.7752100002626
        ]
      },
      "properties": {
        "OBJECTID": 207490,
        "CROSSING": "021405K",
        "EFFDATE": 1758153600000,
        "REASON": "14",
        "StateCode": "48",
        "CountyCode": "48083",
        "STCYFIPS": "48083",
        "CITYCD": "480836760",
        "RAILROAD": "TXPF",
        "RRDIV": "SOUTHERN",
        "RRSUBDIV": "SAN ANGELO",
        "HIGHWAY": "Cr0374",
        "STREET": "County Road 374",
        "TTSTN": "690468",
        "MILEPOST": "0020.22",
        "TYPEXING": "Public",
        "POSXING": "At Grade",
        "PRVCAT": "14",
        "INIT": "2",
        "LATITUDE": 31.77521,
        "LONGITUD": -99.6955031,
        "LLSOURCE": "1",
        "WHISTBAN": "0",
        "RRCONT": "3259428164",
        "POLCONT": "8007428905",
        "INV_LINK": "https://safetydata.fra.dot.gov/OfficeofSafety/PublicSite/Crossing/Crossing.aspx?phasetype=C&rpttype=I&txtcrossingnum=021405K",
        "ACC_LINK": "https://safetydata.fra.dot.gov/OfficeofSafety/PublicSite/Crossing/Crossing.aspx?phasetype=C&rpttype=A&txtcrossingnum=021405K",
        "TTSTNNAM": "TALPA",
        "XPURPOSE": "1",
        "OPERATINGR": "TXPF",
        "OPERATIN_1": "Primary",
        "DAYTHRU": 1,
        "NGHTTHRU": 1,
        "MAINTRK": 1,
        "SIDINGTRK": 0,
        "YARDTRK": 0,
        "TRANSITTRK": 0,
        "INDUSTRYTR": 0,
        "OTHRTRK": 0,
        "WDCODE": "Crossbucks",
        "REVISIONDA": "2001/01/01 00:00:00",
        "LASTUPDATE": "9/18/2025",
        "AADT": "26",
        "AADTYEAR": "2022",
        "STATENAME": "TEXAS",
        "STATEAB": "TX",
        "COUNTYNAME": "COLEMAN",
        "CITYNAME": "TALPA",
        "LATDD": 31.77521,
        "LONGDD": -99.6955031,
        "gridlyProductionCertified": true,
        "gridlyClassification": "PUBLIC_ROADWAY",
        "gridlyDisplayName": "County Road 374",
        "gridlyId": "FRA-021405K"
      }
    },
    {
      "type": "Feature",
      "id": 207571,
      "geometry": {
        "type": "Point",
        "coordinates": [
          -99.4161931000201,
          31.770890999697
        ]
      },
      "properties": {
        "OBJECTID": 207571,
        "CROSSING": "021387P",
        "EFFDATE": 1758067200000,
        "REASON": "14",
        "StateCode": "48",
        "CountyCode": "48083",
        "STCYFIPS": "48083",
        "CITYCD": "480831430",
        "RAILROAD": "TXPF",
        "RRDIV": "SOUTHERN",
        "RRSUBDIV": "SAN ANGELO",
        "HIGHWAY": "FM2131",
        "STREET": "FM2131",
        "TTSTN": "691449",
        "MILEPOST": "0002.94",
        "TYPEXING": "Public",
        "POSXING": "At Grade",
        "PRVCAT": "14",
        "INIT": "2",
        "LATITUDE": 31.770891,
        "LONGITUD": -99.4161931,
        "LLSOURCE": "1",
        "WHISTBAN": "0",
        "RRCONT": "3259428164",
        "POLCONT": "8007428905",
        "INV_LINK": "https://safetydata.fra.dot.gov/OfficeofSafety/PublicSite/Crossing/Crossing.aspx?phasetype=C&rpttype=I&txtcrossingnum=021387P",
        "ACC_LINK": "https://safetydata.fra.dot.gov/OfficeofSafety/PublicSite/Crossing/Crossing.aspx?phasetype=C&rpttype=A&txtcrossingnum=021387P",
        "TTSTNNAM": "SAN ANGLEO JCT",
        "XPURPOSE": "1",
        "OPERATINGR": "TXPF",
        "OPERATIN_1": "Primary",
        "DAYTHRU": 1,
        "NGHTTHRU": 1,
        "MAINTRK": 1,
        "SIDINGTRK": 0,
        "YARDTRK": 0,
        "TRANSITTRK": 0,
        "INDUSTRYTR": 0,
        "OTHRTRK": 0,
        "WDCODE": "Crossbucks",
        "REVISIONDA": "2001/01/01 00:00:00",
        "LASTUPDATE": "9/17/2025",
        "AADT": "225",
        "AADTYEAR": "2024",
        "STATENAME": "TEXAS",
        "STATEAB": "TX",
        "COUNTYNAME": "COLEMAN",
        "CITYNAME": "COLEMAN",
        "LATDD": 31.770891,
        "LONGDD": -99.4161931,
        "gridlyProductionCertified": true,
        "gridlyClassification": "PUBLIC_ROADWAY",
        "gridlyDisplayName": "FM2131",
        "gridlyId": "FRA-021387P"
      }
    },
    {
      "type": "Feature",
      "id": 207576,
      "geometry": {
        "type": "Point",
        "coordinates": [
          -99.6820445999606,
          32.0606742001593
        ]
      },
      "properties": {
        "OBJECTID": 207576,
        "CROSSING": "021268F",
        "EFFDATE": 1767830400000,
        "REASON": "14",
        "StateCode": "48",
        "CountyCode": "48083",
        "STCYFIPS": "48083",
        "CITYCD": "480834980",
        "RAILROAD": "BNSF",
        "RRDIV": "RED RIVER",
        "RRSUBDIV": "LAMPASAS",
        "HIGHWAY": "cr0498",
        "STREET": "county road 498",
        "TTSTN": "690433",
        "MILEPOST": "0402.880",
        "TYPEXING": "Public",
        "POSXING": "At Grade",
        "PRVCAT": "14",
        "INIT": "2",
        "LATITUDE": 32.0606742,
        "LONGITUD": -99.6820446,
        "LLSOURCE": "1",
        "WHISTBAN": "0",
        "RRCONT": "8173521549",
        "POLCONT": "8008325452",
        "INV_LINK": "https://safetydata.fra.dot.gov/OfficeofSafety/PublicSite/Crossing/Crossing.aspx?phasetype=C&rpttype=I&txtcrossingnum=021268F",
        "ACC_LINK": "https://safetydata.fra.dot.gov/OfficeofSafety/PublicSite/Crossing/Crossing.aspx?phasetype=C&rpttype=A&txtcrossingnum=021268F",
        "TTSTNNAM": "GOLDSBORO",
        "XPURPOSE": "1",
        "OPERATINGR": "BNSF",
        "OPERATIN_1": "Primary",
        "DAYTHRU": 4,
        "NGHTTHRU": 3,
        "MAINTRK": 1,
        "SIDINGTRK": 0,
        "YARDTRK": 1,
        "TRANSITTRK": 0,
        "INDUSTRYTR": 0,
        "OTHRTRK": 1,
        "WDCODE": "Flashing lights",
        "REVISIONDA": "1996/01/01 00:00:00",
        "LASTUPDATE": "1/8/2026",
        "AADT": "46",
        "AADTYEAR": "2022",
        "STATENAME": "TEXAS",
        "STATEAB": "TX",
        "COUNTYNAME": "COLEMAN",
        "CITYNAME": "NOVICE",
        "LATDD": 32.0606742,
        "LONGDD": -99.6820446,
        "gridlyProductionCertified": true,
        "gridlyClassification": "PUBLIC_ROADWAY",
        "gridlyDisplayName": "county road 498",
        "gridlyId": "FRA-021268F"
      }
    },
    {
      "type": "Feature",
      "id": 207586,
      "geometry": {
        "type": "Point",
        "coordinates": [
          -99.7084468003215,
          31.7751440002753
        ]
      },
      "properties": {
        "OBJECTID": 207586,
        "CROSSING": "021407Y",
        "EFFDATE": 1758153600000,
        "REASON": "14",
        "StateCode": "48",
        "CountyCode": "48083",
        "STCYFIPS": "48083",
        "CITYCD": "480836760",
        "RAILROAD": "TXPF",
        "RRDIV": "SOUTHERN",
        "RRSUBDIV": "SAN ANGELO",
        "HIGHWAY": "lS0000",
        "STREET": "fifTH AVEnue",
        "TTSTN": "690468",
        "MILEPOST": "0020.98",
        "TYPEXING": "Public",
        "POSXING": "At Grade",
        "PRVCAT": "14",
        "INIT": "2",
        "LATITUDE": 31.775144,
        "LONGITUD": -99.7084468,
        "LLSOURCE": "1",
        "WHISTBAN": "0",
        "RRCONT": "3259428164",
        "POLCONT": "8007428905",
        "INV_LINK": "https://safetydata.fra.dot.gov/OfficeofSafety/PublicSite/Crossing/Crossing.aspx?phasetype=C&rpttype=I&txtcrossingnum=021407Y",
        "ACC_LINK": "https://safetydata.fra.dot.gov/OfficeofSafety/PublicSite/Crossing/Crossing.aspx?phasetype=C&rpttype=A&txtcrossingnum=021407Y",
        "TTSTNNAM": "TALPA",
        "XPURPOSE": "1",
        "OPERATINGR": "TXPF",
        "OPERATIN_1": "Primary",
        "DAYTHRU": 1,
        "NGHTTHRU": 1,
        "MAINTRK": 1,
        "SIDINGTRK": 1,
        "YARDTRK": 0,
        "TRANSITTRK": 0,
        "INDUSTRYTR": 0,
        "OTHRTRK": 2,
        "WDCODE": "Crossbucks",
        "REVISIONDA": "2001/01/01 00:00:00",
        "LASTUPDATE": "9/18/2025",
        "AADT": "25",
        "AADTYEAR": "2022",
        "STATENAME": "TEXAS",
        "STATEAB": "TX",
        "COUNTYNAME": "COLEMAN",
        "CITYNAME": "TALPA",
        "LATDD": 31.775144,
        "LONGDD": -99.7084468,
        "gridlyProductionCertified": true,
        "gridlyClassification": "PUBLIC_ROADWAY",
        "gridlyDisplayName": "fifTH AVEnue",
        "gridlyId": "FRA-021407Y"
      }
    },
    {
      "type": "Feature",
      "id": 207616,
      "geometry": {
        "type": "Point",
        "coordinates": [
          -99.6400862001627,
          31.7668850999909
        ]
      },
      "properties": {
        "OBJECTID": 207616,
        "CROSSING": "021399J",
        "EFFDATE": 1758153600000,
        "REASON": "14",
        "StateCode": "48",
        "CountyCode": "48083",
        "STCYFIPS": "48083",
        "CITYCD": "480836760",
        "RAILROAD": "TXPF",
        "RRDIV": "SOUTHERN",
        "RRSUBDIV": "SAN ANGELO",
        "HIGHWAY": "Cr0370",
        "STREET": "County Road 370",
        "TTSTN": "690468",
        "MILEPOST": "0016.87",
        "TYPEXING": "Public",
        "POSXING": "At Grade",
        "PRVCAT": "14",
        "INIT": "2",
        "LATITUDE": 31.7668851,
        "LONGITUD": -99.6400862,
        "LLSOURCE": "1",
        "WHISTBAN": "0",
        "RRCONT": "3235942816",
        "POLCONT": "8007428905",
        "INV_LINK": "https://safetydata.fra.dot.gov/OfficeofSafety/PublicSite/Crossing/Crossing.aspx?phasetype=C&rpttype=I&txtcrossingnum=021399J",
        "ACC_LINK": "https://safetydata.fra.dot.gov/OfficeofSafety/PublicSite/Crossing/Crossing.aspx?phasetype=C&rpttype=A&txtcrossingnum=021399J",
        "TTSTNNAM": "TALPA",
        "XPURPOSE": "1",
        "OPERATINGR": "TXPF",
        "OPERATIN_1": "Primary",
        "DAYTHRU": 1,
        "NGHTTHRU": 1,
        "MAINTRK": 1,
        "SIDINGTRK": 0,
        "YARDTRK": 0,
        "TRANSITTRK": 0,
        "INDUSTRYTR": 0,
        "OTHRTRK": 0,
        "WDCODE": "Crossbucks",
        "REVISIONDA": "2001/01/01 00:00:00",
        "LASTUPDATE": "9/18/2025",
        "AADT": "16",
        "AADTYEAR": "2022",
        "STATENAME": "TEXAS",
        "STATEAB": "TX",
        "COUNTYNAME": "COLEMAN",
        "CITYNAME": "TALPA",
        "LATDD": 31.7668851,
        "LONGDD": -99.6400862,
        "gridlyProductionCertified": true,
        "gridlyClassification": "PUBLIC_ROADWAY",
        "gridlyDisplayName": "County Road 370",
        "gridlyId": "FRA-021399J"
      }
    },
    {
      "type": "Feature",
      "id": 207617,
      "geometry": {
        "type": "Point",
        "coordinates": [
          -99.6118698996962,
          31.7595065000277
        ]
      },
      "properties": {
        "OBJECTID": 207617,
        "CROSSING": "021396N",
        "EFFDATE": 1758153600000,
        "REASON": "14",
        "StateCode": "48",
        "CountyCode": "48083",
        "STCYFIPS": "48083",
        "CITYCD": "480837105",
        "RAILROAD": "TXPF",
        "RRDIV": "SOUTHERN",
        "RRSUBDIV": "SAN ANGELO",
        "HIGHWAY": "Cr0368",
        "STREET": "County Road 368",
        "TTSTN": "690468",
        "MILEPOST": "0015.15",
        "TYPEXING": "Public",
        "POSXING": "At Grade",
        "PRVCAT": "14",
        "INIT": "2",
        "LATITUDE": 31.7595065,
        "LONGITUD": -99.6118699,
        "LLSOURCE": "1",
        "WHISTBAN": "0",
        "RRCONT": "3259428164",
        "POLCONT": "8007428905",
        "INV_LINK": "https://safetydata.fra.dot.gov/OfficeofSafety/PublicSite/Crossing/Crossing.aspx?phasetype=C&rpttype=I&txtcrossingnum=021396N",
        "ACC_LINK": "https://safetydata.fra.dot.gov/OfficeofSafety/PublicSite/Crossing/Crossing.aspx?phasetype=C&rpttype=A&txtcrossingnum=021396N",
        "TTSTNNAM": "TALPA",
        "XPURPOSE": "1",
        "OPERATINGR": "TXPF",
        "OPERATIN_1": "Primary",
        "DAYTHRU": 1,
        "NGHTTHRU": 1,
        "MAINTRK": 1,
        "SIDINGTRK": 0,
        "YARDTRK": 0,
        "TRANSITTRK": 0,
        "INDUSTRYTR": 0,
        "OTHRTRK": 0,
        "WDCODE": "Crossbucks",
        "REVISIONDA": "2001/01/01 00:00:00",
        "LASTUPDATE": "9/18/2025",
        "AADT": "13",
        "AADTYEAR": "2022",
        "STATENAME": "TEXAS",
        "STATEAB": "TX",
        "COUNTYNAME": "COLEMAN",
        "CITYNAME": "VALERA",
        "LATDD": 31.7595065,
        "LONGDD": -99.6118699,
        "gridlyProductionCertified": true,
        "gridlyClassification": "PUBLIC_ROADWAY",
        "gridlyDisplayName": "County Road 368",
        "gridlyId": "FRA-021396N"
      }
    },
    {
      "type": "Feature",
      "id": 210906,
      "geometry": {
        "type": "Point",
        "coordinates": [
          -99.6262207001591,
          31.9881263997704
        ]
      },
      "properties": {
        "OBJECTID": 210906,
        "CROSSING": "021264D",
        "EFFDATE": 1767830400000,
        "REASON": "14",
        "StateCode": "48",
        "CountyCode": "48083",
        "STCYFIPS": "48083",
        "CITYCD": "480834980",
        "RAILROAD": "BNSF",
        "RRDIV": "RED RIVER",
        "RRSUBDIV": "LAMPASAS",
        "HIGHWAY": "FM1770",
        "STREET": "fm1770 / W COMMERCIAL AVEnue",
        "TTSTN": "690437",
        "MILEPOST": "0396.640",
        "TYPEXING": "Public",
        "POSXING": "At Grade",
        "PRVCAT": "14",
        "INIT": "2",
        "LATITUDE": 31.9881264,
        "LONGITUD": -99.6262207,
        "LLSOURCE": "1",
        "WHISTBAN": "0",
        "RRCONT": "8173521549",
        "POLCONT": "8008325452",
        "INV_LINK": "https://safetydata.fra.dot.gov/OfficeofSafety/PublicSite/Crossing/Crossing.aspx?phasetype=C&rpttype=I&txtcrossingnum=021264D",
        "ACC_LINK": "https://safetydata.fra.dot.gov/OfficeofSafety/PublicSite/Crossing/Crossing.aspx?phasetype=C&rpttype=A&txtcrossingnum=021264D",
        "TTSTNNAM": "NOVICE",
        "XPURPOSE": "1",
        "OPERATINGR": "BNSF",
        "OPERATIN_1": "Primary",
        "DAYTHRU": 4,
        "NGHTTHRU": 3,
        "MAINTRK": 1,
        "SIDINGTRK": 1,
        "YARDTRK": 1,
        "TRANSITTRK": 0,
        "INDUSTRYTR": 0,
        "OTHRTRK": 2,
        "WDCODE": "All other Gates",
        "REVISIONDA": "1996/01/01 00:00:00",
        "LASTUPDATE": "1/8/2026",
        "AADT": "268",
        "AADTYEAR": "2019",
        "STATENAME": "TEXAS",
        "STATEAB": "TX",
        "COUNTYNAME": "COLEMAN",
        "CITYNAME": "NOVICE",
        "LATDD": 31.9881264,
        "LONGDD": -99.6262207,
        "gridlyProductionCertified": true,
        "gridlyClassification": "PUBLIC_ROADWAY",
        "gridlyDisplayName": "fm1770 / W COMMERCIAL AVEnue",
        "gridlyId": "FRA-021264D"
      }
    },
    {
      "type": "Feature",
      "id": 210907,
      "geometry": {
        "type": "Point",
        "coordinates": [
          -99.5434834999225,
          31.9587060999147
        ]
      },
      "properties": {
        "OBJECTID": 210907,
        "CROSSING": "021253R",
        "EFFDATE": 1767830400000,
        "REASON": "14",
        "StateCode": "48",
        "CountyCode": "48083",
        "STCYFIPS": "48083",
        "CITYCD": "480834980",
        "RAILROAD": "BNSF",
        "RRDIV": "RED RIVER",
        "RRSUBDIV": "LAMPASAS",
        "HIGHWAY": "Cr0474",
        "STREET": "County Road 474",
        "TTSTN": "690443",
        "MILEPOST": "0390.930",
        "TYPEXING": "Public",
        "POSXING": "At Grade",
        "PRVCAT": "14",
        "INIT": "2",
        "LATITUDE": 31.9587061,
        "LONGITUD": -99.5434835,
        "LLSOURCE": "1",
        "WHISTBAN": "0",
        "RRCONT": "8173521549",
        "POLCONT": "8008325452",
        "INV_LINK": "https://safetydata.fra.dot.gov/OfficeofSafety/PublicSite/Crossing/Crossing.aspx?phasetype=C&rpttype=I&txtcrossingnum=021253R",
        "ACC_LINK": "https://safetydata.fra.dot.gov/OfficeofSafety/PublicSite/Crossing/Crossing.aspx?phasetype=C&rpttype=A&txtcrossingnum=021253R",
        "TTSTNNAM": "SILVER VALLEY",
        "XPURPOSE": "1",
        "OPERATINGR": "BNSF",
        "OPERATIN_1": "Primary",
        "DAYTHRU": 4,
        "NGHTTHRU": 3,
        "MAINTRK": 1,
        "SIDINGTRK": 1,
        "YARDTRK": 0,
        "TRANSITTRK": 0,
        "INDUSTRYTR": 0,
        "OTHRTRK": 1,
        "WDCODE": "All other Gates",
        "REVISIONDA": "1996/01/01 00:00:00",
        "LASTUPDATE": "1/8/2026",
        "AADT": "32",
        "AADTYEAR": "2022",
        "STATENAME": "TEXAS",
        "STATEAB": "TX",
        "COUNTYNAME": "COLEMAN",
        "CITYNAME": "NOVICE",
        "LATDD": 31.9587061,
        "LONGDD": -99.5434835,
        "gridlyProductionCertified": true,
        "gridlyClassification": "PUBLIC_ROADWAY",
        "gridlyDisplayName": "County Road 474",
        "gridlyId": "FRA-021253R"
      }
    },
    {
      "type": "Feature",
      "id": 211220,
      "geometry": {
        "type": "Point",
        "coordinates": [
          -99.2470314997846,
          31.7260610997738
        ]
      },
      "properties": {
        "OBJECTID": 211220,
        "CROSSING": "021205B",
        "EFFDATE": 1767830400000,
        "REASON": "14",
        "StateCode": "48",
        "CountyCode": "48083",
        "STCYFIPS": "48083",
        "CITYCD": "480836210",
        "RAILROAD": "BNSF",
        "RRDIV": "RED RIVER",
        "RRSUBDIV": "LAMPASAS",
        "HIGHWAY": "FM0567",
        "STREET": "fm0567",
        "TTSTN": "690452",
        "MILEPOST": "0365.040",
        "TYPEXING": "Public",
        "POSXING": "At Grade",
        "PRVCAT": "14",
        "INIT": "2",
        "LATITUDE": 31.7260611,
        "LONGITUD": -99.2470315,
        "LLSOURCE": "1",
        "WHISTBAN": "0",
        "RRCONT": "8173521549",
        "POLCONT": "8008325452",
        "INV_LINK": "https://safetydata.fra.dot.gov/OfficeofSafety/PublicSite/Crossing/Crossing.aspx?phasetype=C&rpttype=I&txtcrossingnum=021205B",
        "ACC_LINK": "https://safetydata.fra.dot.gov/OfficeofSafety/PublicSite/Crossing/Crossing.aspx?phasetype=C&rpttype=A&txtcrossingnum=021205B",
        "TTSTNNAM": "OBREGON",
        "XPURPOSE": "1",
        "OPERATINGR": "BNSF",
        "OPERATIN_1": "Primary",
        "DAYTHRU": 4,
        "NGHTTHRU": 3,
        "MAINTRK": 1,
        "SIDINGTRK": 0,
        "YARDTRK": 0,
        "TRANSITTRK": 0,
        "INDUSTRYTR": 0,
        "OTHRTRK": 0,
        "WDCODE": "All other Gates",
        "REVISIONDA": "1996/01/01 00:00:00",
        "LASTUPDATE": "1/8/2026",
        "AADT": "89",
        "AADTYEAR": "2023",
        "STATENAME": "TEXAS",
        "STATEAB": "TX",
        "COUNTYNAME": "COLEMAN",
        "CITYNAME": "SANTA ANNA",
        "LATDD": 31.7260611,
        "LONGDD": -99.2470315,
        "gridlyProductionCertified": true,
        "gridlyClassification": "PUBLIC_ROADWAY",
        "gridlyDisplayName": "fm0567",
        "gridlyId": "FRA-021205B"
      }
    },
    {
      "type": "Feature",
      "id": 211612,
      "geometry": {
        "type": "Point",
        "coordinates": [
          -99.3384850999354,
          31.7434917999868
        ]
      },
      "properties": {
        "OBJECTID": 211612,
        "CROSSING": "021216N",
        "EFFDATE": 1760572800000,
        "REASON": "14",
        "StateCode": "48",
        "CountyCode": "48083",
        "STCYFIPS": "48083",
        "CITYCD": "480836210",
        "RAILROAD": "BNSF",
        "RRDIV": "RED RIVER",
        "RRSUBDIV": "LAMPASAS",
        "HIGHWAY": "US0067",
        "STREET": "US0067",
        "TTSTN": "690454",
        "MILEPOST": "0370.690",
        "TYPEXING": "Public",
        "POSXING": "RR Under",
        "PRVCAT": "14",
        "INIT": "2",
        "LATITUDE": 31.7434918,
        "LONGITUD": -99.3384851,
        "LLSOURCE": "1",
        "WHISTBAN": "0",
        "RRCONT": "8173521549",
        "POLCONT": "8008325452",
        "INV_LINK": "https://safetydata.fra.dot.gov/OfficeofSafety/PublicSite/Crossing/Crossing.aspx?phasetype=C&rpttype=I&txtcrossingnum=021216N",
        "ACC_LINK": "https://safetydata.fra.dot.gov/OfficeofSafety/PublicSite/Crossing/Crossing.aspx?phasetype=C&rpttype=A&txtcrossingnum=021216N",
        "TTSTNNAM": "SANTA ANNA",
        "XPURPOSE": "1",
        "OPERATINGR": "BNSF",
        "OPERATIN_1": "Primary",
        "DAYTHRU": 4,
        "NGHTTHRU": 3,
        "MAINTRK": 1,
        "SIDINGTRK": 0,
        "YARDTRK": 0,
        "TRANSITTRK": 0,
        "INDUSTRYTR": 0,
        "OTHRTRK": 0,
        "WDCODE": "",
        "REVISIONDA": "1996/01/01 00:00:00",
        "LASTUPDATE": "10/16/2025",
        "AADT": "1926",
        "AADTYEAR": "2024",
        "STATENAME": "TEXAS",
        "STATEAB": "TX",
        "COUNTYNAME": "COLEMAN",
        "CITYNAME": "SANTA ANNA",
        "LATDD": 31.7434918,
        "LONGDD": -99.3384851,
        "gridlyProductionCertified": true,
        "gridlyClassification": "PUBLIC_ROADWAY",
        "gridlyDisplayName": "US0067",
        "gridlyId": "FRA-021216N"
      }
    },
    {
      "type": "Feature",
      "id": 211614,
      "geometry": {
        "type": "Point",
        "coordinates": [
          -99.386235400104,
          31.798729800238
        ]
      },
      "properties": {
        "OBJECTID": 211614,
        "CROSSING": "021218C",
        "EFFDATE": 1760572800000,
        "REASON": "14",
        "StateCode": "48",
        "CountyCode": "48083",
        "STCYFIPS": "48083",
        "CITYCD": "480831430",
        "RAILROAD": "BNSF",
        "RRDIV": "RED RIVER",
        "RRSUBDIV": "LAMPASAS",
        "HIGHWAY": "us0084",
        "STREET": "US0084 / us0283",
        "TTSTN": "690458",
        "MILEPOST": "0375.460",
        "TYPEXING": "Public",
        "POSXING": "RR Under",
        "PRVCAT": "14",
        "INIT": "2",
        "LATITUDE": 31.7987298,
        "LONGITUD": -99.3862354,
        "LLSOURCE": "1",
        "WHISTBAN": "0",
        "RRCONT": "8173521549",
        "POLCONT": "8008325452",
        "INV_LINK": "https://safetydata.fra.dot.gov/OfficeofSafety/PublicSite/Crossing/Crossing.aspx?phasetype=C&rpttype=I&txtcrossingnum=021218C",
        "ACC_LINK": "https://safetydata.fra.dot.gov/OfficeofSafety/PublicSite/Crossing/Crossing.aspx?phasetype=C&rpttype=A&txtcrossingnum=021218C",
        "TTSTNNAM": "COLEMAN",
        "XPURPOSE": "1",
        "OPERATINGR": "BNSF",
        "OPERATIN_1": "Primary",
        "DAYTHRU": 4,
        "NGHTTHRU": 3,
        "MAINTRK": 1,
        "SIDINGTRK": 0,
        "YARDTRK": 0,
        "TRANSITTRK": 0,
        "INDUSTRYTR": 0,
        "OTHRTRK": 0,
        "WDCODE": "",
        "REVISIONDA": "1996/01/01 00:00:00",
        "LASTUPDATE": "10/16/2025",
        "AADT": "6289",
        "AADTYEAR": "2024",
        "STATENAME": "TEXAS",
        "STATEAB": "TX",
        "COUNTYNAME": "COLEMAN",
        "CITYNAME": "COLEMAN",
        "LATDD": 31.7987298,
        "LONGDD": -99.3862354,
        "gridlyProductionCertified": true,
        "gridlyClassification": "PUBLIC_ROADWAY",
        "gridlyDisplayName": "US0084 / us0283",
        "gridlyId": "FRA-021218C"
      }
    },
    {
      "type": "Feature",
      "id": 211615,
      "geometry": {
        "type": "Point",
        "coordinates": [
          -99.4139946997377,
          31.8267997000738
        ]
      },
      "properties": {
        "OBJECTID": 211615,
        "CROSSING": "021221K",
        "EFFDATE": 1760572800000,
        "REASON": "14",
        "StateCode": "48",
        "CountyCode": "48083",
        "STCYFIPS": "48083",
        "CITYCD": "480831430",
        "RAILROAD": "BNSF",
        "RRDIV": "RED RIVER",
        "RRSUBDIV": "LAMPASAS",
        "HIGHWAY": "US0084",
        "STREET": "US0084",
        "TTSTN": "690458",
        "MILEPOST": "0378.071",
        "TYPEXING": "Public",
        "POSXING": "RR Under",
        "PRVCAT": "14",
        "INIT": "2",
        "LATITUDE": 31.8267997,
        "LONGITUD": -99.4139947,
        "LLSOURCE": "1",
        "WHISTBAN": "0",
        "RRCONT": "8173521549",
        "POLCONT": "8008325452",
        "INV_LINK": "https://safetydata.fra.dot.gov/OfficeofSafety/PublicSite/Crossing/Crossing.aspx?phasetype=C&rpttype=I&txtcrossingnum=021221K",
        "ACC_LINK": "https://safetydata.fra.dot.gov/OfficeofSafety/PublicSite/Crossing/Crossing.aspx?phasetype=C&rpttype=A&txtcrossingnum=021221K",
        "TTSTNNAM": "COLEMAN",
        "XPURPOSE": "1",
        "OPERATINGR": "BNSF",
        "OPERATIN_1": "Primary",
        "DAYTHRU": 4,
        "NGHTTHRU": 3,
        "MAINTRK": 1,
        "SIDINGTRK": 0,
        "YARDTRK": 0,
        "TRANSITTRK": 0,
        "INDUSTRYTR": 0,
        "OTHRTRK": 0,
        "WDCODE": "",
        "REVISIONDA": "1996/01/01 00:00:00",
        "LASTUPDATE": "10/16/2025",
        "AADT": "4331",
        "AADTYEAR": "2024",
        "STATENAME": "TEXAS",
        "STATEAB": "TX",
        "COUNTYNAME": "COLEMAN",
        "CITYNAME": "COLEMAN",
        "LATDD": 31.8267997,
        "LONGDD": -99.4139947,
        "gridlyProductionCertified": true,
        "gridlyClassification": "PUBLIC_ROADWAY",
        "gridlyDisplayName": "US0084",
        "gridlyId": "FRA-021221K"
      }
    },
    {
      "type": "Feature",
      "id": 211618,
      "geometry": {
        "type": "Point",
        "coordinates": [
          -99.4272939997026,
          31.8349979998273
        ]
      },
      "properties": {
        "OBJECTID": 211618,
        "CROSSING": "021229P",
        "EFFDATE": 1760572800000,
        "REASON": "14",
        "StateCode": "48",
        "CountyCode": "48083",
        "STCYFIPS": "48083",
        "CITYCD": "480831430",
        "RAILROAD": "BNSF",
        "RRDIV": "RED RIVER",
        "RRSUBDIV": "LAMPASAS",
        "HIGHWAY": "sh0206",
        "STREET": "sh0206 / NECHES STREET",
        "TTSTN": "690458",
        "MILEPOST": "0378.978",
        "TYPEXING": "Public",
        "POSXING": "RR Over",
        "PRVCAT": "14",
        "INIT": "2",
        "LATITUDE": 31.834998,
        "LONGITUD": -99.427294,
        "LLSOURCE": "1",
        "WHISTBAN": "0",
        "RRCONT": "8173521549",
        "POLCONT": "8008325452",
        "INV_LINK": "https://safetydata.fra.dot.gov/OfficeofSafety/PublicSite/Crossing/Crossing.aspx?phasetype=C&rpttype=I&txtcrossingnum=021229P",
        "ACC_LINK": "https://safetydata.fra.dot.gov/OfficeofSafety/PublicSite/Crossing/Crossing.aspx?phasetype=C&rpttype=A&txtcrossingnum=021229P",
        "TTSTNNAM": "COLEMAN",
        "XPURPOSE": "1",
        "OPERATINGR": "BNSF",
        "OPERATIN_1": "Primary",
        "DAYTHRU": 4,
        "NGHTTHRU": 3,
        "MAINTRK": 1,
        "SIDINGTRK": 0,
        "YARDTRK": 0,
        "TRANSITTRK": 0,
        "INDUSTRYTR": 0,
        "OTHRTRK": 0,
        "WDCODE": "",
        "REVISIONDA": "1996/01/01 00:00:00",
        "LASTUPDATE": "10/16/2025",
        "AADT": "3135",
        "AADTYEAR": "2024",
        "STATENAME": "TEXAS",
        "STATEAB": "TX",
        "COUNTYNAME": "COLEMAN",
        "CITYNAME": "COLEMAN",
        "LATDD": 31.834998,
        "LONGDD": -99.427294,
        "gridlyProductionCertified": true,
        "gridlyClassification": "PUBLIC_ROADWAY",
        "gridlyDisplayName": "sh0206 / NECHES STREET",
        "gridlyId": "FRA-021229P"
      }
    },
    {
      "type": "Feature",
      "id": 211619,
      "geometry": {
        "type": "Point",
        "coordinates": [
          -99.4979641001849,
          31.8724684002256
        ]
      },
      "properties": {
        "OBJECTID": 211619,
        "CROSSING": "021245Y",
        "EFFDATE": 1760572800000,
        "REASON": "14",
        "StateCode": "48",
        "CountyCode": "48083",
        "STCYFIPS": "48083",
        "CITYCD": "480831430",
        "RAILROAD": "BNSF",
        "RRDIV": "RED RIVER",
        "RRSUBDIV": "LAMPASAS",
        "HIGHWAY": "Cr0457",
        "STREET": "County Road 457",
        "TTSTN": "690458",
        "MILEPOST": "0384.070",
        "TYPEXING": "Public",
        "POSXING": "RR Over",
        "PRVCAT": "14",
        "INIT": "2",
        "LATITUDE": 31.8724684,
        "LONGITUD": -99.4979641,
        "LLSOURCE": "1",
        "WHISTBAN": "0",
        "RRCONT": "8173521549",
        "POLCONT": "8008325452",
        "INV_LINK": "https://safetydata.fra.dot.gov/OfficeofSafety/PublicSite/Crossing/Crossing.aspx?phasetype=C&rpttype=I&txtcrossingnum=021245Y",
        "ACC_LINK": "https://safetydata.fra.dot.gov/OfficeofSafety/PublicSite/Crossing/Crossing.aspx?phasetype=C&rpttype=A&txtcrossingnum=021245Y",
        "TTSTNNAM": "COLEMAN",
        "XPURPOSE": "1",
        "OPERATINGR": "BNSF",
        "OPERATIN_1": "Primary",
        "DAYTHRU": 4,
        "NGHTTHRU": 3,
        "MAINTRK": 1,
        "SIDINGTRK": 0,
        "YARDTRK": 0,
        "TRANSITTRK": 0,
        "INDUSTRYTR": 0,
        "OTHRTRK": 0,
        "WDCODE": "",
        "REVISIONDA": "1996/01/01 00:00:00",
        "LASTUPDATE": "10/16/2025",
        "AADT": "28",
        "AADTYEAR": "2022",
        "STATENAME": "TEXAS",
        "STATEAB": "TX",
        "COUNTYNAME": "COLEMAN",
        "CITYNAME": "COLEMAN",
        "LATDD": 31.8724684,
        "LONGDD": -99.4979641,
        "gridlyProductionCertified": true,
        "gridlyClassification": "PUBLIC_ROADWAY",
        "gridlyDisplayName": "County Road 457",
        "gridlyId": "FRA-021245Y"
      }
    },
    {
      "type": "Feature",
      "id": 211649,
      "geometry": {
        "type": "Point",
        "coordinates": [
          -99.6000603999345,
          31.9672030002475
        ]
      },
      "properties": {
        "OBJECTID": 211649,
        "CROSSING": "021260B",
        "EFFDATE": 1760572800000,
        "REASON": "14",
        "StateCode": "48",
        "CountyCode": "48083",
        "STCYFIPS": "48083",
        "CITYCD": "480834980",
        "RAILROAD": "BNSF",
        "RRDIV": "RED RIVER",
        "RRSUBDIV": "LAMPASAS",
        "HIGHWAY": "Cr0484",
        "STREET": "county road 484",
        "TTSTN": "690437",
        "MILEPOST": "0394.421",
        "TYPEXING": "Public",
        "POSXING": "RR Over",
        "PRVCAT": "14",
        "INIT": "2",
        "LATITUDE": 31.967203,
        "LONGITUD": -99.6000604,
        "LLSOURCE": "1",
        "WHISTBAN": "0",
        "RRCONT": "8173521549",
        "POLCONT": "8008325452",
        "INV_LINK": "https://safetydata.fra.dot.gov/OfficeofSafety/PublicSite/Crossing/Crossing.aspx?phasetype=C&rpttype=I&txtcrossingnum=021260B",
        "ACC_LINK": "https://safetydata.fra.dot.gov/OfficeofSafety/PublicSite/Crossing/Crossing.aspx?phasetype=C&rpttype=A&txtcrossingnum=021260B",
        "TTSTNNAM": "NOVICE",
        "XPURPOSE": "1",
        "OPERATINGR": "BNSF",
        "OPERATIN_1": "Primary",
        "DAYTHRU": 4,
        "NGHTTHRU": 3,
        "MAINTRK": 1,
        "SIDINGTRK": 0,
        "YARDTRK": 0,
        "TRANSITTRK": 0,
        "INDUSTRYTR": 0,
        "OTHRTRK": 0,
        "WDCODE": "",
        "REVISIONDA": "1996/01/01 00:00:00",
        "LASTUPDATE": "10/16/2025",
        "AADT": "20",
        "AADTYEAR": "2022",
        "STATENAME": "TEXAS",
        "STATEAB": "TX",
        "COUNTYNAME": "COLEMAN",
        "CITYNAME": "NOVICE",
        "LATDD": 31.967203,
        "LONGDD": -99.6000604,
        "gridlyProductionCertified": true,
        "gridlyClassification": "PUBLIC_ROADWAY",
        "gridlyDisplayName": "county road 484",
        "gridlyId": "FRA-021260B"
      }
    },
    {
      "type": "Feature",
      "id": 211830,
      "geometry": {
        "type": "Point",
        "coordinates": [
          -99.3270127998835,
          31.7411344999736
        ]
      },
      "properties": {
        "OBJECTID": 211830,
        "CROSSING": "021214A",
        "EFFDATE": 1767830400000,
        "REASON": "14",
        "StateCode": "48",
        "CountyCode": "48083",
        "STCYFIPS": "48083",
        "CITYCD": "480836210",
        "RAILROAD": "BNSF",
        "RRDIV": "RED RIVER",
        "RRSUBDIV": "LAMPASAS",
        "HIGHWAY": "ls0000",
        "STREET": "south FIFTH STREET",
        "TTSTN": "690454",
        "MILEPOST": "0369.991",
        "TYPEXING": "Public",
        "POSXING": "At Grade",
        "PRVCAT": "14",
        "INIT": "2",
        "LATITUDE": 31.7411345,
        "LONGITUD": -99.3270128,
        "LLSOURCE": "1",
        "WHISTBAN": "0",
        "RRCONT": "8173521549",
        "POLCONT": "8008325452",
        "INV_LINK": "https://safetydata.fra.dot.gov/OfficeofSafety/PublicSite/Crossing/Crossing.aspx?phasetype=C&rpttype=I&txtcrossingnum=021214A",
        "ACC_LINK": "https://safetydata.fra.dot.gov/OfficeofSafety/PublicSite/Crossing/Crossing.aspx?phasetype=C&rpttype=A&txtcrossingnum=021214A",
        "TTSTNNAM": "SANTA ANNA",
        "XPURPOSE": "1",
        "OPERATINGR": "BNSF",
        "OPERATIN_1": "Primary",
        "DAYTHRU": 4,
        "NGHTTHRU": 3,
        "MAINTRK": 1,
        "SIDINGTRK": 0,
        "YARDTRK": 0,
        "TRANSITTRK": 0,
        "INDUSTRYTR": 0,
        "OTHRTRK": 0,
        "WDCODE": "All other Gates",
        "REVISIONDA": "1996/01/01 00:00:00",
        "LASTUPDATE": "1/8/2026",
        "AADT": "266",
        "AADTYEAR": "2022",
        "STATENAME": "TEXAS",
        "STATEAB": "TX",
        "COUNTYNAME": "COLEMAN",
        "CITYNAME": "SANTA ANNA",
        "LATDD": 31.7411345,
        "LONGDD": -99.3270128,
        "gridlyProductionCertified": true,
        "gridlyClassification": "PUBLIC_ROADWAY",
        "gridlyDisplayName": "south FIFTH STREET",
        "gridlyId": "FRA-021214A"
      }
    },
    {
      "type": "Feature",
      "id": 211831,
      "geometry": {
        "type": "Point",
        "coordinates": [
          -99.3306958000219,
          31.7412400001571
        ]
      },
      "properties": {
        "OBJECTID": 211831,
        "CROSSING": "021215G",
        "EFFDATE": 1767830400000,
        "REASON": "14",
        "StateCode": "48",
        "CountyCode": "48083",
        "STCYFIPS": "48083",
        "CITYCD": "480836210",
        "RAILROAD": "BNSF",
        "RRDIV": "RED RIVER",
        "RRSUBDIV": "LAMPASAS",
        "HIGHWAY": "us0283",
        "STREET": "us0283 / north eighth street",
        "TTSTN": "690454",
        "MILEPOST": "0370.207",
        "TYPEXING": "Public",
        "POSXING": "At Grade",
        "PRVCAT": "14",
        "INIT": "2",
        "LATITUDE": 31.74124,
        "LONGITUD": -99.3306958,
        "LLSOURCE": "1",
        "WHISTBAN": "0",
        "RRCONT": "8173521549",
        "POLCONT": "8008325452",
        "INV_LINK": "https://safetydata.fra.dot.gov/OfficeofSafety/PublicSite/Crossing/Crossing.aspx?phasetype=C&rpttype=I&txtcrossingnum=021215G",
        "ACC_LINK": "https://safetydata.fra.dot.gov/OfficeofSafety/PublicSite/Crossing/Crossing.aspx?phasetype=C&rpttype=A&txtcrossingnum=021215G",
        "TTSTNNAM": "SANTA ANNA",
        "XPURPOSE": "1",
        "OPERATINGR": "BNSF",
        "OPERATIN_1": "Primary",
        "DAYTHRU": 4,
        "NGHTTHRU": 3,
        "MAINTRK": 1,
        "SIDINGTRK": 0,
        "YARDTRK": 0,
        "TRANSITTRK": 0,
        "INDUSTRYTR": 0,
        "OTHRTRK": 0,
        "WDCODE": "All other Gates",
        "REVISIONDA": "1996/01/01 00:00:00",
        "LASTUPDATE": "1/8/2026",
        "AADT": "2079",
        "AADTYEAR": "2023",
        "STATENAME": "TEXAS",
        "STATEAB": "TX",
        "COUNTYNAME": "COLEMAN",
        "CITYNAME": "SANTA ANNA",
        "LATDD": 31.74124,
        "LONGDD": -99.3306958,
        "gridlyProductionCertified": true,
        "gridlyClassification": "PUBLIC_ROADWAY",
        "gridlyDisplayName": "us0283 / north eighth street",
        "gridlyId": "FRA-021215G"
      }
    },
    {
      "type": "Feature",
      "id": 211837,
      "geometry": {
        "type": "Point",
        "coordinates": [
          -99.3221409001278,
          31.7410151002096
        ]
      },
      "properties": {
        "OBJECTID": 211837,
        "CROSSING": "021211E",
        "EFFDATE": 1767830400000,
        "REASON": "14",
        "StateCode": "48",
        "CountyCode": "48083",
        "STCYFIPS": "48083",
        "CITYCD": "480836210",
        "RAILROAD": "BNSF",
        "RRDIV": "RED RIVER",
        "RRSUBDIV": "LAMPASAS",
        "HIGHWAY": "FM1176",
        "STREET": "FM1176 / FIRST STREET",
        "TTSTN": "690454",
        "MILEPOST": "0369.703",
        "TYPEXING": "Public",
        "POSXING": "At Grade",
        "PRVCAT": "14",
        "INIT": "2",
        "LATITUDE": 31.7410151,
        "LONGITUD": -99.3221409,
        "LLSOURCE": "1",
        "WHISTBAN": "0",
        "RRCONT": "8173521549",
        "POLCONT": "8008325452",
        "INV_LINK": "https://safetydata.fra.dot.gov/OfficeofSafety/PublicSite/Crossing/Crossing.aspx?phasetype=C&rpttype=I&txtcrossingnum=021211E",
        "ACC_LINK": "https://safetydata.fra.dot.gov/OfficeofSafety/PublicSite/Crossing/Crossing.aspx?phasetype=C&rpttype=A&txtcrossingnum=021211E",
        "TTSTNNAM": "SANTA ANNA",
        "XPURPOSE": "1",
        "OPERATINGR": "BNSF",
        "OPERATIN_1": "Primary",
        "DAYTHRU": 4,
        "NGHTTHRU": 3,
        "MAINTRK": 1,
        "SIDINGTRK": 0,
        "YARDTRK": 1,
        "TRANSITTRK": 0,
        "INDUSTRYTR": 0,
        "OTHRTRK": 1,
        "WDCODE": "All other Gates",
        "REVISIONDA": "1996/01/01 00:00:00",
        "LASTUPDATE": "1/8/2026",
        "AADT": "1192",
        "AADTYEAR": "2023",
        "STATENAME": "TEXAS",
        "STATEAB": "TX",
        "COUNTYNAME": "COLEMAN",
        "CITYNAME": "SANTA ANNA",
        "LATDD": 31.7410151,
        "LONGDD": -99.3221409,
        "gridlyProductionCertified": true,
        "gridlyClassification": "PUBLIC_ROADWAY",
        "gridlyDisplayName": "FM1176 / FIRST STREET",
        "gridlyId": "FRA-021211E"
      }
    },
    {
      "type": "Feature",
      "id": 211838,
      "geometry": {
        "type": "Point",
        "coordinates": [
          -99.2500568001843,
          31.7268783000328
        ]
      },
      "properties": {
        "OBJECTID": 211838,
        "CROSSING": "021206H",
        "EFFDATE": 1767830400000,
        "REASON": "14",
        "StateCode": "48",
        "CountyCode": "48083",
        "STCYFIPS": "48083",
        "CITYCD": "480836210",
        "RAILROAD": "BNSF",
        "RRDIV": "RED RIVER",
        "RRSUBDIV": "LAMPASAS",
        "HIGHWAY": "cr0204",
        "STREET": "COunty RoaD 204",
        "TTSTN": "690452",
        "MILEPOST": "0365.250",
        "TYPEXING": "Public",
        "POSXING": "At Grade",
        "PRVCAT": "14",
        "INIT": "2",
        "LATITUDE": 31.7268783,
        "LONGITUD": -99.2500568,
        "LLSOURCE": "1",
        "WHISTBAN": "0",
        "RRCONT": "8173521549",
        "POLCONT": "8008325452",
        "INV_LINK": "https://safetydata.fra.dot.gov/OfficeofSafety/PublicSite/Crossing/Crossing.aspx?phasetype=C&rpttype=I&txtcrossingnum=021206H",
        "ACC_LINK": "https://safetydata.fra.dot.gov/OfficeofSafety/PublicSite/Crossing/Crossing.aspx?phasetype=C&rpttype=A&txtcrossingnum=021206H",
        "TTSTNNAM": "OBREGON",
        "XPURPOSE": "1",
        "OPERATINGR": "BNSF",
        "OPERATIN_1": "Primary",
        "DAYTHRU": 4,
        "NGHTTHRU": 3,
        "MAINTRK": 1,
        "SIDINGTRK": 0,
        "YARDTRK": 0,
        "TRANSITTRK": 0,
        "INDUSTRYTR": 0,
        "OTHRTRK": 0,
        "WDCODE": "All other Gates",
        "REVISIONDA": "1996/01/01 00:00:00",
        "LASTUPDATE": "1/8/2026",
        "AADT": "3",
        "AADTYEAR": "2022",
        "STATENAME": "TEXAS",
        "STATEAB": "TX",
        "COUNTYNAME": "COLEMAN",
        "CITYNAME": "SANTA ANNA",
        "LATDD": 31.7268783,
        "LONGDD": -99.2500568,
        "gridlyProductionCertified": true,
        "gridlyClassification": "PUBLIC_ROADWAY",
        "gridlyDisplayName": "COunty RoaD 204",
        "gridlyId": "FRA-021206H"
      }
    },
    {
      "type": "Feature",
      "id": 212190,
      "geometry": {
        "type": "Point",
        "coordinates": [
          -99.4024919997983,
          31.7717889999763
        ]
      },
      "properties": {
        "OBJECTID": 212190,
        "CROSSING": "021386H",
        "EFFDATE": 1760572800000,
        "REASON": "14",
        "StateCode": "48",
        "CountyCode": "48083",
        "STCYFIPS": "48083",
        "CITYCD": "480831430",
        "RAILROAD": "TXPF",
        "RRDIV": "SOUTHERN",
        "RRSUBDIV": "SAN ANGELO",
        "HIGHWAY": "cr0114",
        "STREET": "County Road 114",
        "TTSTN": "",
        "MILEPOST": "0002.10",
        "TYPEXING": "Public",
        "POSXING": "RR Over",
        "PRVCAT": "14",
        "INIT": "2",
        "LATITUDE": 31.771789,
        "LONGITUD": -99.402492,
        "LLSOURCE": "1",
        "WHISTBAN": "0",
        "RRCONT": "3259428164",
        "POLCONT": "8007428905",
        "INV_LINK": "https://safetydata.fra.dot.gov/OfficeofSafety/PublicSite/Crossing/Crossing.aspx?phasetype=C&rpttype=I&txtcrossingnum=021386H",
        "ACC_LINK": "https://safetydata.fra.dot.gov/OfficeofSafety/PublicSite/Crossing/Crossing.aspx?phasetype=C&rpttype=A&txtcrossingnum=021386H",
        "TTSTNNAM": "SAN ANGLEO JCT",
        "XPURPOSE": "1",
        "OPERATINGR": "TXPF",
        "OPERATIN_1": "Primary",
        "DAYTHRU": 1,
        "NGHTTHRU": 1,
        "MAINTRK": 1,
        "SIDINGTRK": 0,
        "YARDTRK": 0,
        "TRANSITTRK": 0,
        "INDUSTRYTR": 0,
        "OTHRTRK": 0,
        "WDCODE": "",
        "REVISIONDA": "2001/01/01 00:00:00",
        "LASTUPDATE": "10/16/2025",
        "AADT": "28",
        "AADTYEAR": "2022",
        "STATENAME": "TEXAS",
        "STATEAB": "TX",
        "COUNTYNAME": "COLEMAN",
        "CITYNAME": "COLEMAN",
        "LATDD": 31.771789,
        "LONGDD": -99.402492,
        "gridlyProductionCertified": true,
        "gridlyClassification": "PUBLIC_ROADWAY",
        "gridlyDisplayName": "County Road 114",
        "gridlyId": "FRA-021386H"
      }
    },
    {
      "type": "Feature",
      "id": 212211,
      "geometry": {
        "type": "Point",
        "coordinates": [
          -99.2776585999959,
          31.7272161000746
        ]
      },
      "properties": {
        "OBJECTID": 212211,
        "CROSSING": "021208W",
        "EFFDATE": 1767830400000,
        "REASON": "14",
        "StateCode": "48",
        "CountyCode": "48083",
        "STCYFIPS": "48083",
        "CITYCD": "480836210",
        "RAILROAD": "BNSF",
        "RRDIV": "RED RIVER",
        "RRSUBDIV": "LAMPASAS",
        "HIGHWAY": "cr0204",
        "STREET": "County Road 204",
        "TTSTN": "690454",
        "MILEPOST": "0366.880",
        "TYPEXING": "Public",
        "POSXING": "At Grade",
        "PRVCAT": "14",
        "INIT": "2",
        "LATITUDE": 31.7272161,
        "LONGITUD": -99.2776586,
        "LLSOURCE": "1",
        "WHISTBAN": "0",
        "RRCONT": "8173521549",
        "POLCONT": "8008325452",
        "INV_LINK": "https://safetydata.fra.dot.gov/OfficeofSafety/PublicSite/Crossing/Crossing.aspx?phasetype=C&rpttype=I&txtcrossingnum=021208W",
        "ACC_LINK": "https://safetydata.fra.dot.gov/OfficeofSafety/PublicSite/Crossing/Crossing.aspx?phasetype=C&rpttype=A&txtcrossingnum=021208W",
        "TTSTNNAM": "SANTA ANNA",
        "XPURPOSE": "1",
        "OPERATINGR": "BNSF",
        "OPERATIN_1": "Primary",
        "DAYTHRU": 4,
        "NGHTTHRU": 3,
        "MAINTRK": 1,
        "SIDINGTRK": 0,
        "YARDTRK": 0,
        "TRANSITTRK": 0,
        "INDUSTRYTR": 0,
        "OTHRTRK": 0,
        "WDCODE": "Flashing lights",
        "REVISIONDA": "1996/01/01 00:00:00",
        "LASTUPDATE": "1/8/2026",
        "AADT": "11",
        "AADTYEAR": "2019",
        "STATENAME": "TEXAS",
        "STATEAB": "TX",
        "COUNTYNAME": "COLEMAN",
        "CITYNAME": "SANTA ANNA",
        "LATDD": 31.7272161,
        "LONGDD": -99.2776586,
        "gridlyProductionCertified": true,
        "gridlyClassification": "PUBLIC_ROADWAY",
        "gridlyDisplayName": "County Road 204",
        "gridlyId": "FRA-021208W"
      }
    },
    {
      "type": "Feature",
      "id": 212216,
      "geometry": {
        "type": "Point",
        "coordinates": [
          -99.3233494997993,
          31.7410411000063
        ]
      },
      "properties": {
        "OBJECTID": 212216,
        "CROSSING": "021212L",
        "EFFDATE": 1767830400000,
        "REASON": "14",
        "StateCode": "48",
        "CountyCode": "48083",
        "STCYFIPS": "48083",
        "CITYCD": "480836210",
        "RAILROAD": "BNSF",
        "RRDIV": "RED RIVER",
        "RRSUBDIV": "LAMPASAS",
        "HIGHWAY": "lS0000",
        "STREET": "SECOND STREET",
        "TTSTN": "690454",
        "MILEPOST": "0369.775",
        "TYPEXING": "Public",
        "POSXING": "At Grade",
        "PRVCAT": "14",
        "INIT": "2",
        "LATITUDE": 31.7410411,
        "LONGITUD": -99.3233495,
        "LLSOURCE": "1",
        "WHISTBAN": "0",
        "RRCONT": "8173521549",
        "POLCONT": "8008325452",
        "INV_LINK": "https://safetydata.fra.dot.gov/OfficeofSafety/PublicSite/Crossing/Crossing.aspx?phasetype=C&rpttype=I&txtcrossingnum=021212L",
        "ACC_LINK": "https://safetydata.fra.dot.gov/OfficeofSafety/PublicSite/Crossing/Crossing.aspx?phasetype=C&rpttype=A&txtcrossingnum=021212L",
        "TTSTNNAM": "SANTA ANNA",
        "XPURPOSE": "1",
        "OPERATINGR": "BNSF",
        "OPERATIN_1": "Primary",
        "DAYTHRU": 4,
        "NGHTTHRU": 3,
        "MAINTRK": 1,
        "SIDINGTRK": 0,
        "YARDTRK": 1,
        "TRANSITTRK": 0,
        "INDUSTRYTR": 0,
        "OTHRTRK": 1,
        "WDCODE": "All other Gates",
        "REVISIONDA": "1996/01/01 00:00:00",
        "LASTUPDATE": "1/8/2026",
        "AADT": "178",
        "AADTYEAR": "2022",
        "STATENAME": "TEXAS",
        "STATEAB": "TX",
        "COUNTYNAME": "COLEMAN",
        "CITYNAME": "SANTA ANNA",
        "LATDD": 31.7410411,
        "LONGDD": -99.3233495,
        "gridlyProductionCertified": true,
        "gridlyClassification": "PUBLIC_ROADWAY",
        "gridlyDisplayName": "SECOND STREET",
        "gridlyId": "FRA-021212L"
      }
    },
    {
      "type": "Feature",
      "id": 212219,
      "geometry": {
        "type": "Point",
        "coordinates": [
          -99.5484817001122,
          31.749102099853
        ]
      },
      "properties": {
        "OBJECTID": 212219,
        "CROSSING": "021393T",
        "EFFDATE": 1767830400000,
        "REASON": "14",
        "StateCode": "48",
        "CountyCode": "48083",
        "STCYFIPS": "48083",
        "CITYCD": "480837105",
        "RAILROAD": "TXPF",
        "RRDIV": "SOUTHERN",
        "RRSUBDIV": "SAN ANGELO",
        "HIGHWAY": "FM0503",
        "STREET": "FM0503",
        "TTSTN": "690468",
        "MILEPOST": "0011.30",
        "TYPEXING": "Public",
        "POSXING": "At Grade",
        "PRVCAT": "14",
        "INIT": "2",
        "LATITUDE": 31.7491021,
        "LONGITUD": -99.5484817,
        "LLSOURCE": "1",
        "WHISTBAN": "0",
        "RRCONT": "3259428164",
        "POLCONT": "8007428905",
        "INV_LINK": "https://safetydata.fra.dot.gov/OfficeofSafety/PublicSite/Crossing/Crossing.aspx?phasetype=C&rpttype=I&txtcrossingnum=021393T",
        "ACC_LINK": "https://safetydata.fra.dot.gov/OfficeofSafety/PublicSite/Crossing/Crossing.aspx?phasetype=C&rpttype=A&txtcrossingnum=021393T",
        "TTSTNNAM": "TALPA",
        "XPURPOSE": "1",
        "OPERATINGR": "TXPF",
        "OPERATIN_1": "Primary",
        "DAYTHRU": 1,
        "NGHTTHRU": 1,
        "MAINTRK": 1,
        "SIDINGTRK": 0,
        "YARDTRK": 0,
        "TRANSITTRK": 0,
        "INDUSTRYTR": 0,
        "OTHRTRK": 0,
        "WDCODE": "Flashing lights",
        "REVISIONDA": "2001/01/01 00:00:00",
        "LASTUPDATE": "1/8/2026",
        "AADT": "351",
        "AADTYEAR": "2023",
        "STATENAME": "TEXAS",
        "STATEAB": "TX",
        "COUNTYNAME": "COLEMAN",
        "CITYNAME": "VALERA",
        "LATDD": 31.7491021,
        "LONGDD": -99.5484817,
        "gridlyProductionCertified": true,
        "gridlyClassification": "PUBLIC_ROADWAY",
        "gridlyDisplayName": "FM0503",
        "gridlyId": "FRA-021393T"
      }
    },
    {
      "type": "Feature",
      "id": 212262,
      "geometry": {
        "type": "Point",
        "coordinates": [
          -99.3977663996698,
          31.8129745999425
        ]
      },
      "properties": {
        "OBJECTID": 212262,
        "CROSSING": "021219J",
        "EFFDATE": 1767830400000,
        "REASON": "14",
        "StateCode": "48",
        "CountyCode": "48083",
        "STCYFIPS": "48083",
        "CITYCD": "480831430",
        "RAILROAD": "BNSF",
        "RRDIV": "RED RIVER",
        "RRSUBDIV": "LAMPASAS",
        "HIGHWAY": "FM0568",
        "STREET": "FM0568 / SANTA ANNA AVENUE",
        "TTSTN": "690458",
        "MILEPOST": "0376.656",
        "TYPEXING": "Public",
        "POSXING": "At Grade",
        "PRVCAT": "14",
        "INIT": "2",
        "LATITUDE": 31.8129746,
        "LONGITUD": -99.3977664,
        "LLSOURCE": "1",
        "WHISTBAN": "0",
        "RRCONT": "8173521549",
        "POLCONT": "8008325452",
        "INV_LINK": "https://safetydata.fra.dot.gov/OfficeofSafety/PublicSite/Crossing/Crossing.aspx?phasetype=C&rpttype=I&txtcrossingnum=021219J",
        "ACC_LINK": "https://safetydata.fra.dot.gov/OfficeofSafety/PublicSite/Crossing/Crossing.aspx?phasetype=C&rpttype=A&txtcrossingnum=021219J",
        "TTSTNNAM": "COLEMAN",
        "XPURPOSE": "1",
        "OPERATINGR": "BNSF",
        "OPERATIN_1": "Primary",
        "DAYTHRU": 4,
        "NGHTTHRU": 3,
        "MAINTRK": 1,
        "SIDINGTRK": 0,
        "YARDTRK": 0,
        "TRANSITTRK": 0,
        "INDUSTRYTR": 0,
        "OTHRTRK": 0,
        "WDCODE": "All other Gates",
        "REVISIONDA": "1996/01/01 00:00:00",
        "LASTUPDATE": "1/8/2026",
        "AADT": "263",
        "AADTYEAR": "2023",
        "STATENAME": "TEXAS",
        "STATEAB": "TX",
        "COUNTYNAME": "COLEMAN",
        "CITYNAME": "COLEMAN",
        "LATDD": 31.8129746,
        "LONGDD": -99.3977664,
        "gridlyProductionCertified": true,
        "gridlyClassification": "PUBLIC_ROADWAY",
        "gridlyDisplayName": "FM0568 / SANTA ANNA AVENUE",
        "gridlyId": "FRA-021219J"
      }
    },
    {
      "type": "Feature",
      "id": 212777,
      "geometry": {
        "type": "Point",
        "coordinates": [
          -99.4352196000958,
          31.8402680001533
        ]
      },
      "properties": {
        "OBJECTID": 212777,
        "CROSSING": "021241W",
        "EFFDATE": 1767830400000,
        "REASON": "14",
        "StateCode": "48",
        "CountyCode": "48083",
        "STCYFIPS": "48083",
        "CITYCD": "480831430",
        "RAILROAD": "BNSF",
        "RRDIV": "RED RIVER",
        "RRSUBDIV": "LAMPASAS",
        "HIGHWAY": "ls0000",
        "STREET": "MOUNTAIN STREET",
        "TTSTN": "690458",
        "MILEPOST": "0379.510",
        "TYPEXING": "Public",
        "POSXING": "At Grade",
        "PRVCAT": "14",
        "INIT": "2",
        "LATITUDE": 31.840268,
        "LONGITUD": -99.4352196,
        "LLSOURCE": "1",
        "WHISTBAN": "0",
        "RRCONT": "8173521549",
        "POLCONT": "8008325452",
        "INV_LINK": "https://safetydata.fra.dot.gov/OfficeofSafety/PublicSite/Crossing/Crossing.aspx?phasetype=C&rpttype=I&txtcrossingnum=021241W",
        "ACC_LINK": "https://safetydata.fra.dot.gov/OfficeofSafety/PublicSite/Crossing/Crossing.aspx?phasetype=C&rpttype=A&txtcrossingnum=021241W",
        "TTSTNNAM": "COLEMAN",
        "XPURPOSE": "1",
        "OPERATINGR": "BNSF",
        "OPERATIN_1": "Primary",
        "DAYTHRU": 4,
        "NGHTTHRU": 3,
        "MAINTRK": 1,
        "SIDINGTRK": 0,
        "YARDTRK": 0,
        "TRANSITTRK": 0,
        "INDUSTRYTR": 0,
        "OTHRTRK": 0,
        "WDCODE": "All other Gates",
        "REVISIONDA": "1996/01/01 00:00:00",
        "LASTUPDATE": "1/8/2026",
        "AADT": "9105",
        "AADTYEAR": "2022",
        "STATENAME": "TEXAS",
        "STATEAB": "TX",
        "COUNTYNAME": "COLEMAN",
        "CITYNAME": "COLEMAN",
        "LATDD": 31.840268,
        "LONGDD": -99.4352196,
        "gridlyProductionCertified": true,
        "gridlyClassification": "PUBLIC_ROADWAY",
        "gridlyDisplayName": "MOUNTAIN STREET",
        "gridlyId": "FRA-021241W"
      }
    },
    {
      "type": "Feature",
      "id": 212778,
      "geometry": {
        "type": "Point",
        "coordinates": [
          -99.4218928000051,
          31.8316068003004
        ]
      },
      "properties": {
        "OBJECTID": 212778,
        "CROSSING": "021225M",
        "EFFDATE": 1767830400000,
        "REASON": "14",
        "StateCode": "48",
        "CountyCode": "48083",
        "STCYFIPS": "48083",
        "CITYCD": "480831430",
        "RAILROAD": "BNSF",
        "RRDIV": "RED RIVER",
        "RRSUBDIV": "LAMPASAS",
        "HIGHWAY": "lS0000",
        "STREET": "COLORADO STreet",
        "TTSTN": "690458",
        "MILEPOST": "0378.612",
        "TYPEXING": "Public",
        "POSXING": "At Grade",
        "PRVCAT": "14",
        "INIT": "2",
        "LATITUDE": 31.8316068,
        "LONGITUD": -99.4218928,
        "LLSOURCE": "1",
        "WHISTBAN": "0",
        "RRCONT": "8173521549",
        "POLCONT": "8008325452",
        "INV_LINK": "https://safetydata.fra.dot.gov/OfficeofSafety/PublicSite/Crossing/Crossing.aspx?phasetype=C&rpttype=I&txtcrossingnum=021225M",
        "ACC_LINK": "https://safetydata.fra.dot.gov/OfficeofSafety/PublicSite/Crossing/Crossing.aspx?phasetype=C&rpttype=A&txtcrossingnum=021225M",
        "TTSTNNAM": "COLEMAN",
        "XPURPOSE": "1",
        "OPERATINGR": "BNSF",
        "OPERATIN_1": "Primary",
        "DAYTHRU": 4,
        "NGHTTHRU": 3,
        "MAINTRK": 1,
        "SIDINGTRK": 0,
        "YARDTRK": 0,
        "TRANSITTRK": 0,
        "INDUSTRYTR": 0,
        "OTHRTRK": 0,
        "WDCODE": "All other Gates",
        "REVISIONDA": "1996/01/01 00:00:00",
        "LASTUPDATE": "1/8/2026",
        "AADT": "2118",
        "AADTYEAR": "2019",
        "STATENAME": "TEXAS",
        "STATEAB": "TX",
        "COUNTYNAME": "COLEMAN",
        "CITYNAME": "COLEMAN",
        "LATDD": 31.8316068,
        "LONGDD": -99.4218928,
        "gridlyProductionCertified": true,
        "gridlyClassification": "PUBLIC_ROADWAY",
        "gridlyDisplayName": "COLORADO STreet",
        "gridlyId": "FRA-021225M"
      }
    },
    {
      "type": "Feature",
      "id": 215597,
      "geometry": {
        "type": "Point",
        "coordinates": [
          -99.43129550022,
          31.8376673996722
        ]
      },
      "properties": {
        "OBJECTID": 215597,
        "CROSSING": "021239V",
        "EFFDATE": 1769731200000,
        "REASON": "14",
        "StateCode": "48",
        "CountyCode": "48083",
        "STCYFIPS": "48083",
        "CITYCD": "480831430",
        "RAILROAD": "BNSF",
        "RRDIV": "RED RIVER",
        "RRSUBDIV": "LAMPASAS",
        "HIGHWAY": "lS0000",
        "STREET": "VALE STREET",
        "TTSTN": "690458",
        "MILEPOST": "0379.240",
        "TYPEXING": "Public",
        "POSXING": "At Grade",
        "PRVCAT": "14",
        "INIT": "2",
        "LATITUDE": 31.8376674,
        "LONGITUD": -99.4312955,
        "LLSOURCE": "1",
        "WHISTBAN": "0",
        "RRCONT": "8173521549",
        "POLCONT": "8008325452",
        "INV_LINK": "https://safetydata.fra.dot.gov/OfficeofSafety/PublicSite/Crossing/Crossing.aspx?phasetype=C&rpttype=I&txtcrossingnum=021239V",
        "ACC_LINK": "https://safetydata.fra.dot.gov/OfficeofSafety/PublicSite/Crossing/Crossing.aspx?phasetype=C&rpttype=A&txtcrossingnum=021239V",
        "TTSTNNAM": "COLEMAN",
        "XPURPOSE": "1",
        "OPERATINGR": "BNSF",
        "OPERATIN_1": "Primary",
        "DAYTHRU": 4,
        "NGHTTHRU": 3,
        "MAINTRK": 1,
        "SIDINGTRK": 0,
        "YARDTRK": 0,
        "TRANSITTRK": 0,
        "INDUSTRYTR": 0,
        "OTHRTRK": 0,
        "WDCODE": "All other Gates",
        "REVISIONDA": "1996/01/01 00:00:00",
        "LASTUPDATE": "1/30/2026",
        "AADT": "317",
        "AADTYEAR": "2022",
        "STATENAME": "TEXAS",
        "STATEAB": "TX",
        "COUNTYNAME": "COLEMAN",
        "CITYNAME": "COLEMAN",
        "LATDD": 31.8376674,
        "LONGDD": -99.4312955,
        "gridlyProductionCertified": true,
        "gridlyClassification": "PUBLIC_ROADWAY",
        "gridlyDisplayName": "VALE STREET",
        "gridlyId": "FRA-021239V"
      }
    }
  ]
}
