{
  "type": "FeatureCollection",
  "features": [
    {
      "type": "Feature",
      "id": 200581,
      "geometry": {
        "type": "Point",
        "coordinates": [
          -98.485602999744,
          33.9109000003047
        ]
      },
      "properties": {
        "OBJECTID": 200581,
        "CROSSING": "415473C",
        "EFFDATE": 688953600000,
        "REASON": "14",
        "StateCode": "48",
        "CountyCode": "48485",
        "STCYFIPS": "48485",
        "CITYCD": "480097490",
        "RAILROAD": "WTJR",
        "RRDIV": "CENTRAL",
        "RRSUBDIV": "WESTERN",
        "HIGHWAY": "",
        "STREET": "PRIVATE ROAD",
        "TTSTN": "664300",
        "MILEPOST": "0007.15",
        "TYPEXING": "Private",
        "POSXING": "At Grade",
        "PRVCAT": "14",
        "INIT": "1",
        "LATITUDE": 33.9109,
        "LONGITUD": -98.485603,
        "LLSOURCE": "",
        "WHISTBAN": "0",
        "RRCONT": "",
        "POLCONT": "8008488715",
        "INV_LINK": "https://safetydata.fra.dot.gov/OfficeofSafety/PublicSite/Crossing/Crossing.aspx?phasetype=C&rpttype=I&txtcrossingnum=415473C",
        "ACC_LINK": "https://safetydata.fra.dot.gov/OfficeofSafety/PublicSite/Crossing/Crossing.aspx?phasetype=C&rpttype=A&txtcrossingnum=415473C",
        "TTSTNNAM": "WICHITA FALLS",
        "XPURPOSE": "1",
        "OPERATINGR": "WTJR",
        "OPERATIN_1": "Primary",
        "DAYTHRU": 0,
        "NGHTTHRU": 0,
        "MAINTRK": 0,
        "SIDINGTRK": 0,
        "YARDTRK": 0,
        "TRANSITTRK": 0,
        "INDUSTRYTR": 0,
        "OTHRTRK": 0,
        "WDCODE": "No signs or signals",
        "REVISIONDA": "1991/01/01 00:00:00",
        "LASTUPDATE": "11/1/1991",
        "AADT": "",
        "AADTYEAR": "1970",
        "STATENAME": "TEXAS",
        "STATEAB": "TX",
        "COUNTYNAME": "WICHITA",
        "CITYNAME": "WICHITA FALLS",
        "LATDD": 33.9109,
        "LONGDD": -98.485603,
        "gridlyProductionCertified": true,
        "gridlyClassification": "PUBLIC_ROADWAY",
        "gridlyDisplayName": "PRIVATE ROAD",
        "gridlyId": "FRA-415473C"
      }
    },
    {
      "type": "Feature",
      "id": 200847,
      "geometry": {
        "type": "Point",
        "coordinates": [
          -98.5155790001391,
          33.9699790000568
        ]
      },
      "properties": {
        "OBJECTID": 200847,
        "CROSSING": "311075H",
        "EFFDATE": 1230768000000,
        "REASON": "14",
        "StateCode": "48",
        "CountyCode": "48485",
        "STCYFIPS": "48485",
        "CITYCD": "480097490",
        "RAILROAD": "DOD",
        "RRDIV": "USAF",
        "RRSUBDIV": "SHEPPARD AFB",
        "HIGHWAY": "ON BASE",
        "STREET": "SKAGGS DR",
        "TTSTN": "664300",
        "MILEPOST": "0081.06",
        "TYPEXING": "Private",
        "POSXING": "At Grade",
        "PRVCAT": "14",
        "INIT": "2",
        "LATITUDE": 33.969979,
        "LONGITUD": -98.515579,
        "LLSOURCE": "",
        "WHISTBAN": "0",
        "RRCONT": "",
        "POLCONT": "",
        "INV_LINK": "https://safetydata.fra.dot.gov/OfficeofSafety/PublicSite/Crossing/Crossing.aspx?phasetype=C&rpttype=I&txtcrossingnum=311075H",
        "ACC_LINK": "https://safetydata.fra.dot.gov/OfficeofSafety/PublicSite/Crossing/Crossing.aspx?phasetype=C&rpttype=A&txtcrossingnum=311075H",
        "TTSTNNAM": "WICHITA FALLS",
        "XPURPOSE": "1",
        "OPERATINGR": "DOD",
        "OPERATIN_1": "Primary",
        "DAYTHRU": 0,
        "NGHTTHRU": 0,
        "MAINTRK": 0,
        "SIDINGTRK": 0,
        "YARDTRK": 0,
        "TRANSITTRK": 0,
        "INDUSTRYTR": 0,
        "OTHRTRK": 0,
        "WDCODE": "No signs or signals",
        "REVISIONDA": "1995/01/01 00:00:00",
        "LASTUPDATE": "1/1/2009",
        "AADT": "",
        "AADTYEAR": "1975",
        "STATENAME": "TEXAS",
        "STATEAB": "TX",
        "COUNTYNAME": "WICHITA",
        "CITYNAME": "WICHITA FALLS",
        "LATDD": 33.969979,
        "LONGDD": -98.515579,
        "gridlyProductionCertified": true,
        "gridlyClassification": "PUBLIC_ROADWAY",
        "gridlyDisplayName": "SKAGGS DR",
        "gridlyId": "FRA-311075H"
      }
    },
    {
      "type": "Feature",
      "id": 200854,
      "geometry": {
        "type": "Point",
        "coordinates": [
          -98.5140979998325,
          33.9704009999169
        ]
      },
      "properties": {
        "OBJECTID": 200854,
        "CROSSING": "311074B",
        "EFFDATE": 1230768000000,
        "REASON": "14",
        "StateCode": "48",
        "CountyCode": "48485",
        "STCYFIPS": "48485",
        "CITYCD": "480097490",
        "RAILROAD": "DOD",
        "RRDIV": "USAF",
        "RRSUBDIV": "SHEPPARD AFB",
        "HIGHWAY": "ON BASE",
        "STREET": "MOATES",
        "TTSTN": "664300",
        "MILEPOST": "0081.06",
        "TYPEXING": "Private",
        "POSXING": "At Grade",
        "PRVCAT": "14",
        "INIT": "2",
        "LATITUDE": 33.970401,
        "LONGITUD": -98.514098,
        "LLSOURCE": "",
        "WHISTBAN": "0",
        "RRCONT": "",
        "POLCONT": "",
        "INV_LINK": "https://safetydata.fra.dot.gov/OfficeofSafety/PublicSite/Crossing/Crossing.aspx?phasetype=C&rpttype=I&txtcrossingnum=311074B",
        "ACC_LINK": "https://safetydata.fra.dot.gov/OfficeofSafety/PublicSite/Crossing/Crossing.aspx?phasetype=C&rpttype=A&txtcrossingnum=311074B",
        "TTSTNNAM": "WICHITA FALLS",
        "XPURPOSE": "1",
        "OPERATINGR": "DOD",
        "OPERATIN_1": "Primary",
        "DAYTHRU": 0,
        "NGHTTHRU": 0,
        "MAINTRK": 0,
        "SIDINGTRK": 0,
        "YARDTRK": 0,
        "TRANSITTRK": 0,
        "INDUSTRYTR": 0,
        "OTHRTRK": 0,
        "WDCODE": "No signs or signals",
        "REVISIONDA": "1995/01/01 00:00:00",
        "LASTUPDATE": "1/1/2009",
        "AADT": "",
        "AADTYEAR": "1975",
        "STATENAME": "TEXAS",
        "STATEAB": "TX",
        "COUNTYNAME": "WICHITA",
        "CITYNAME": "WICHITA FALLS",
        "LATDD": 33.970401,
        "LONGDD": -98.514098,
        "gridlyProductionCertified": true,
        "gridlyClassification": "PUBLIC_ROADWAY",
        "gridlyDisplayName": "MOATES",
        "gridlyId": "FRA-311074B"
      }
    },
    {
      "type": "Feature",
      "id": 200856,
      "geometry": {
        "type": "Point",
        "coordinates": [
          -98.5128550000755,
          33.9726009998443
        ]
      },
      "properties": {
        "OBJECTID": 200856,
        "CROSSING": "311073U",
        "EFFDATE": 1230768000000,
        "REASON": "14",
        "StateCode": "48",
        "CountyCode": "48485",
        "STCYFIPS": "48485",
        "CITYCD": "480097490",
        "RAILROAD": "DOD",
        "RRDIV": "USAF",
        "RRSUBDIV": "SHEPPARD AFB",
        "HIGHWAY": "ON BASE",
        "STREET": "BEDINGER,AVE",
        "TTSTN": "664300",
        "MILEPOST": "0081.06",
        "TYPEXING": "Private",
        "POSXING": "At Grade",
        "PRVCAT": "14",
        "INIT": "2",
        "LATITUDE": 33.972601,
        "LONGITUD": -98.512855,
        "LLSOURCE": "",
        "WHISTBAN": "0",
        "RRCONT": "",
        "POLCONT": "",
        "INV_LINK": "https://safetydata.fra.dot.gov/OfficeofSafety/PublicSite/Crossing/Crossing.aspx?phasetype=C&rpttype=I&txtcrossingnum=311073U",
        "ACC_LINK": "https://safetydata.fra.dot.gov/OfficeofSafety/PublicSite/Crossing/Crossing.aspx?phasetype=C&rpttype=A&txtcrossingnum=311073U",
        "TTSTNNAM": "WICHITA FALLS",
        "XPURPOSE": "1",
        "OPERATINGR": "DOD",
        "OPERATIN_1": "Primary",
        "DAYTHRU": 0,
        "NGHTTHRU": 0,
        "MAINTRK": 0,
        "SIDINGTRK": 0,
        "YARDTRK": 0,
        "TRANSITTRK": 0,
        "INDUSTRYTR": 0,
        "OTHRTRK": 0,
        "WDCODE": "No signs or signals",
        "REVISIONDA": "1995/01/01 00:00:00",
        "LASTUPDATE": "1/1/2009",
        "AADT": "",
        "AADTYEAR": "1975",
        "STATENAME": "TEXAS",
        "STATEAB": "TX",
        "COUNTYNAME": "WICHITA",
        "CITYNAME": "WICHITA FALLS",
        "LATDD": 33.972601,
        "LONGDD": -98.512855,
        "gridlyProductionCertified": true,
        "gridlyClassification": "PUBLIC_ROADWAY",
        "gridlyDisplayName": "BEDINGER,AVE",
        "gridlyId": "FRA-311073U"
      }
    },
    {
      "type": "Feature",
      "id": 200857,
      "geometry": {
        "type": "Point",
        "coordinates": [
          -98.5127820002806,
          33.9758940000059
        ]
      },
      "properties": {
        "OBJECTID": 200857,
        "CROSSING": "311072M",
        "EFFDATE": 1230768000000,
        "REASON": "14",
        "StateCode": "48",
        "CountyCode": "48485",
        "STCYFIPS": "48485",
        "CITYCD": "480097490",
        "RAILROAD": "DOD",
        "RRDIV": "USAF",
        "RRSUBDIV": "SHEPPARD AFB",
        "HIGHWAY": "ON BASE",
        "STREET": "SEVENTH ST",
        "TTSTN": "664300",
        "MILEPOST": "0081.06",
        "TYPEXING": "Private",
        "POSXING": "At Grade",
        "PRVCAT": "14",
        "INIT": "2",
        "LATITUDE": 33.975894,
        "LONGITUD": -98.512782,
        "LLSOURCE": "",
        "WHISTBAN": "0",
        "RRCONT": "",
        "POLCONT": "",
        "INV_LINK": "https://safetydata.fra.dot.gov/OfficeofSafety/PublicSite/Crossing/Crossing.aspx?phasetype=C&rpttype=I&txtcrossingnum=311072M",
        "ACC_LINK": "https://safetydata.fra.dot.gov/OfficeofSafety/PublicSite/Crossing/Crossing.aspx?phasetype=C&rpttype=A&txtcrossingnum=311072M",
        "TTSTNNAM": "WICHITA FALLS",
        "XPURPOSE": "1",
        "OPERATINGR": "DOD",
        "OPERATIN_1": "Primary",
        "DAYTHRU": 0,
        "NGHTTHRU": 0,
        "MAINTRK": 0,
        "SIDINGTRK": 0,
        "YARDTRK": 0,
        "TRANSITTRK": 0,
        "INDUSTRYTR": 0,
        "OTHRTRK": 0,
        "WDCODE": "No signs or signals",
        "REVISIONDA": "1995/01/01 00:00:00",
        "LASTUPDATE": "1/1/2009",
        "AADT": "",
        "AADTYEAR": "1975",
        "STATENAME": "TEXAS",
        "STATEAB": "TX",
        "COUNTYNAME": "WICHITA",
        "CITYNAME": "WICHITA FALLS",
        "LATDD": 33.975894,
        "LONGDD": -98.512782,
        "gridlyProductionCertified": true,
        "gridlyClassification": "PUBLIC_ROADWAY",
        "gridlyDisplayName": "SEVENTH ST",
        "gridlyId": "FRA-311072M"
      }
    },
    {
      "type": "Feature",
      "id": 200858,
      "geometry": {
        "type": "Point",
        "coordinates": [
          -98.5127169999833,
          33.9786330000486
        ]
      },
      "properties": {
        "OBJECTID": 200858,
        "CROSSING": "311071F",
        "EFFDATE": 1230768000000,
        "REASON": "14",
        "StateCode": "48",
        "CountyCode": "48485",
        "STCYFIPS": "48485",
        "CITYCD": "480097490",
        "RAILROAD": "DOD",
        "RRDIV": "USAF",
        "RRSUBDIV": "SHEPPARD AFB",
        "HIGHWAY": "ON BASE",
        "STREET": "EIGHT&STREET",
        "TTSTN": "664300",
        "MILEPOST": "0081.06",
        "TYPEXING": "Private",
        "POSXING": "At Grade",
        "PRVCAT": "14",
        "INIT": "2",
        "LATITUDE": 33.978633,
        "LONGITUD": -98.512717,
        "LLSOURCE": "",
        "WHISTBAN": "0",
        "RRCONT": "",
        "POLCONT": "",
        "INV_LINK": "https://safetydata.fra.dot.gov/OfficeofSafety/PublicSite/Crossing/Crossing.aspx?phasetype=C&rpttype=I&txtcrossingnum=311071F",
        "ACC_LINK": "https://safetydata.fra.dot.gov/OfficeofSafety/PublicSite/Crossing/Crossing.aspx?phasetype=C&rpttype=A&txtcrossingnum=311071F",
        "TTSTNNAM": "WICHITA FALLS",
        "XPURPOSE": "1",
        "OPERATINGR": "DOD",
        "OPERATIN_1": "Primary",
        "DAYTHRU": 0,
        "NGHTTHRU": 0,
        "MAINTRK": 0,
        "SIDINGTRK": 0,
        "YARDTRK": 0,
        "TRANSITTRK": 0,
        "INDUSTRYTR": 0,
        "OTHRTRK": 0,
        "WDCODE": "No signs or signals",
        "REVISIONDA": "1995/01/01 00:00:00",
        "LASTUPDATE": "1/1/2009",
        "AADT": "",
        "AADTYEAR": "1975",
        "STATENAME": "TEXAS",
        "STATEAB": "TX",
        "COUNTYNAME": "WICHITA",
        "CITYNAME": "WICHITA FALLS",
        "LATDD": 33.978633,
        "LONGDD": -98.512717,
        "gridlyProductionCertified": true,
        "gridlyClassification": "PUBLIC_ROADWAY",
        "gridlyDisplayName": "EIGHT&STREET",
        "gridlyId": "FRA-311071F"
      }
    },
    {
      "type": "Feature",
      "id": 200860,
      "geometry": {
        "type": "Point",
        "coordinates": [
          -98.5126790003484,
          33.9801710002629
        ]
      },
      "properties": {
        "OBJECTID": 200860,
        "CROSSING": "311070Y",
        "EFFDATE": 1230768000000,
        "REASON": "14",
        "StateCode": "48",
        "CountyCode": "48485",
        "STCYFIPS": "48485",
        "CITYCD": "480097490",
        "RAILROAD": "DOD",
        "RRDIV": "USAF",
        "RRSUBDIV": "MKT OILDOM TX",
        "HIGHWAY": "NONE",
        "STREET": "PRIVATE CROSSING",
        "TTSTN": "664300",
        "MILEPOST": "0081.05",
        "TYPEXING": "Private",
        "POSXING": "At Grade",
        "PRVCAT": "14",
        "INIT": "2",
        "LATITUDE": 33.980171,
        "LONGITUD": -98.512679,
        "LLSOURCE": "",
        "WHISTBAN": "0",
        "RRCONT": "",
        "POLCONT": "",
        "INV_LINK": "https://safetydata.fra.dot.gov/OfficeofSafety/PublicSite/Crossing/Crossing.aspx?phasetype=C&rpttype=I&txtcrossingnum=311070Y",
        "ACC_LINK": "https://safetydata.fra.dot.gov/OfficeofSafety/PublicSite/Crossing/Crossing.aspx?phasetype=C&rpttype=A&txtcrossingnum=311070Y",
        "TTSTNNAM": "WICHITA FALLS",
        "XPURPOSE": "1",
        "OPERATINGR": "DOD",
        "OPERATIN_1": "Primary",
        "DAYTHRU": 0,
        "NGHTTHRU": 0,
        "MAINTRK": 0,
        "SIDINGTRK": 0,
        "YARDTRK": 0,
        "TRANSITTRK": 0,
        "INDUSTRYTR": 0,
        "OTHRTRK": 0,
        "WDCODE": "No signs or signals",
        "REVISIONDA": "1995/01/01 00:00:00",
        "LASTUPDATE": "1/1/2009",
        "AADT": "",
        "AADTYEAR": "1975",
        "STATENAME": "TEXAS",
        "STATEAB": "TX",
        "COUNTYNAME": "WICHITA",
        "CITYNAME": "WICHITA FALLS",
        "LATDD": 33.980171,
        "LONGDD": -98.512679,
        "gridlyProductionCertified": true,
        "gridlyClassification": "PUBLIC_ROADWAY",
        "gridlyDisplayName": "PRIVATE CROSSING",
        "gridlyId": "FRA-311070Y"
      }
    },
    {
      "type": "Feature",
      "id": 200961,
      "geometry": {
        "type": "Point",
        "coordinates": [
          -98.5061584000939,
          33.9389262000487
        ]
      },
      "properties": {
        "OBJECTID": 200961,
        "CROSSING": "900207S",
        "EFFDATE": 1325376000000,
        "REASON": "14",
        "StateCode": "48",
        "CountyCode": "48485",
        "STCYFIPS": "48485",
        "CITYCD": "484857490",
        "RAILROAD": "WTJR",
        "RRDIV": "CENTRAL",
        "RRSUBDIV": "WESTERN",
        "HIGHWAY": "MH 0890",
        "STREET": "PLEASANT VIEW DR",
        "TTSTN": "664300",
        "MILEPOST": "0002.10",
        "TYPEXING": "Public",
        "POSXING": "At Grade",
        "PRVCAT": "14",
        "INIT": "2",
        "LATITUDE": 33.9389262,
        "LONGITUD": -98.5061584,
        "LLSOURCE": "",
        "WHISTBAN": "0",
        "RRCONT": "",
        "POLCONT": "8008488715",
        "INV_LINK": "https://safetydata.fra.dot.gov/OfficeofSafety/PublicSite/Crossing/Crossing.aspx?phasetype=C&rpttype=I&txtcrossingnum=900207S",
        "ACC_LINK": "https://safetydata.fra.dot.gov/OfficeofSafety/PublicSite/Crossing/Crossing.aspx?phasetype=C&rpttype=A&txtcrossingnum=900207S",
        "TTSTNNAM": "WICHITA FALLS",
        "XPURPOSE": "1",
        "OPERATINGR": "WTJR",
        "OPERATIN_1": "Primary",
        "DAYTHRU": 0,
        "NGHTTHRU": 0,
        "MAINTRK": 0,
        "SIDINGTRK": 0,
        "YARDTRK": 0,
        "TRANSITTRK": 0,
        "INDUSTRYTR": 0,
        "OTHRTRK": 1,
        "WDCODE": "Crossbucks",
        "REVISIONDA": "1991/01/01 00:00:00",
        "LASTUPDATE": "1/1/2012",
        "AADT": "001240",
        "AADTYEAR": "2010",
        "STATENAME": "TEXAS",
        "STATEAB": "TX",
        "COUNTYNAME": "WICHITA",
        "CITYNAME": "WICHITA FALLS",
        "LATDD": 33.9389262,
        "LONGDD": -98.5061584,
        "gridlyProductionCertified": true,
        "gridlyClassification": "PUBLIC_ROADWAY",
        "gridlyDisplayName": "PLEASANT VIEW DR",
        "gridlyId": "FRA-900207S"
      }
    },
    {
      "type": "Feature",
      "id": 200963,
      "geometry": {
        "type": "Point",
        "coordinates": [
          -98.5315710001681,
          33.9692390000341
        ]
      },
      "properties": {
        "OBJECTID": 200963,
        "CROSSING": "415470G",
        "EFFDATE": 1325376000000,
        "REASON": "14",
        "StateCode": "48",
        "CountyCode": "48485",
        "STCYFIPS": "48485",
        "CITYCD": "484857490",
        "RAILROAD": "WTJR",
        "RRDIV": "CENTRAL",
        "RRSUBDIV": "WESTERN",
        "HIGHWAY": "IH 0044",
        "STREET": "CENTRAL FWY",
        "TTSTN": "664300",
        "MILEPOST": "0004.60",
        "TYPEXING": "Public",
        "POSXING": "RR Under",
        "PRVCAT": "14",
        "INIT": "2",
        "LATITUDE": 33.969239,
        "LONGITUD": -98.531571,
        "LLSOURCE": "",
        "WHISTBAN": "0",
        "RRCONT": "",
        "POLCONT": "8008488715",
        "INV_LINK": "https://safetydata.fra.dot.gov/OfficeofSafety/PublicSite/Crossing/Crossing.aspx?phasetype=C&rpttype=I&txtcrossingnum=415470G",
        "ACC_LINK": "https://safetydata.fra.dot.gov/OfficeofSafety/PublicSite/Crossing/Crossing.aspx?phasetype=C&rpttype=A&txtcrossingnum=415470G",
        "TTSTNNAM": "WICHITA FALLS",
        "XPURPOSE": "1",
        "OPERATINGR": "WTJR",
        "OPERATIN_1": "Primary",
        "DAYTHRU": 0,
        "NGHTTHRU": 0,
        "MAINTRK": 0,
        "SIDINGTRK": 0,
        "YARDTRK": 0,
        "TRANSITTRK": 0,
        "INDUSTRYTR": 0,
        "OTHRTRK": 0,
        "WDCODE": "No signs or signals",
        "REVISIONDA": "1991/01/01 00:00:00",
        "LASTUPDATE": "1/1/2012",
        "AADT": "023670",
        "AADTYEAR": "2011",
        "STATENAME": "TEXAS",
        "STATEAB": "TX",
        "COUNTYNAME": "WICHITA",
        "CITYNAME": "WICHITA FALLS",
        "LATDD": 33.969239,
        "LONGDD": -98.531571,
        "gridlyProductionCertified": true,
        "gridlyClassification": "PUBLIC_ROADWAY",
        "gridlyDisplayName": "CENTRAL FWY",
        "gridlyId": "FRA-415470G"
      }
    },
    {
      "type": "Feature",
      "id": 200964,
      "geometry": {
        "type": "Point",
        "coordinates": [
          -98.5315019996729,
          33.9700999999272
        ]
      },
      "properties": {
        "OBJECTID": 200964,
        "CROSSING": "415467Y",
        "EFFDATE": 1325376000000,
        "REASON": "14",
        "StateCode": "48",
        "CountyCode": "48485",
        "STCYFIPS": "48485",
        "CITYCD": "484857490",
        "RAILROAD": "WTJR",
        "RRDIV": "CENTRAL",
        "RRSUBDIV": "WESTERN",
        "HIGHWAY": "SS 0325",
        "STREET": "LP 0325",
        "TTSTN": "664300",
        "MILEPOST": "0003.40",
        "TYPEXING": "Public",
        "POSXING": "RR Under",
        "PRVCAT": "14",
        "INIT": "2",
        "LATITUDE": 33.9701,
        "LONGITUD": -98.531502,
        "LLSOURCE": "",
        "WHISTBAN": "0",
        "RRCONT": "",
        "POLCONT": "8008488715",
        "INV_LINK": "https://safetydata.fra.dot.gov/OfficeofSafety/PublicSite/Crossing/Crossing.aspx?phasetype=C&rpttype=I&txtcrossingnum=415467Y",
        "ACC_LINK": "https://safetydata.fra.dot.gov/OfficeofSafety/PublicSite/Crossing/Crossing.aspx?phasetype=C&rpttype=A&txtcrossingnum=415467Y",
        "TTSTNNAM": "WICHITA FALLS",
        "XPURPOSE": "1",
        "OPERATINGR": "WTJR",
        "OPERATIN_1": "Primary",
        "DAYTHRU": 0,
        "NGHTTHRU": 0,
        "MAINTRK": 0,
        "SIDINGTRK": 0,
        "YARDTRK": 0,
        "TRANSITTRK": 0,
        "INDUSTRYTR": 0,
        "OTHRTRK": 0,
        "WDCODE": "No signs or signals",
        "REVISIONDA": "1991/01/01 00:00:00",
        "LASTUPDATE": "1/1/2012",
        "AADT": "012520",
        "AADTYEAR": "2011",
        "STATENAME": "TEXAS",
        "STATEAB": "TX",
        "COUNTYNAME": "WICHITA",
        "CITYNAME": "WICHITA FALLS",
        "LATDD": 33.9701,
        "LONGDD": -98.531502,
        "gridlyProductionCertified": true,
        "gridlyClassification": "PUBLIC_ROADWAY",
        "gridlyDisplayName": "LP 0325",
        "gridlyId": "FRA-415467Y"
      }
    },
    {
      "type": "Feature",
      "id": 200973,
      "geometry": {
        "type": "Point",
        "coordinates": [
          -98.4870868998124,
          33.9119876003582
        ]
      },
      "properties": {
        "OBJECTID": 200973,
        "CROSSING": "415456L",
        "EFFDATE": 1380499200000,
        "REASON": "14",
        "StateCode": "48",
        "CountyCode": "48485",
        "STCYFIPS": "48485",
        "CITYCD": "484857490",
        "RAILROAD": "WTJR",
        "RRDIV": "CENTRAL",
        "RRSUBDIV": "WESTERN",
        "HIGHWAY": "ST 0000",
        "STREET": "10TH ST",
        "TTSTN": "664300",
        "MILEPOST": "0790.10",
        "TYPEXING": "Public",
        "POSXING": "At Grade",
        "PRVCAT": "14",
        "INIT": "2",
        "LATITUDE": 33.9119876,
        "LONGITUD": -98.4870869,
        "LLSOURCE": "",
        "WHISTBAN": "0",
        "RRCONT": "",
        "POLCONT": "8008488715",
        "INV_LINK": "https://safetydata.fra.dot.gov/OfficeofSafety/PublicSite/Crossing/Crossing.aspx?phasetype=C&rpttype=I&txtcrossingnum=415456L",
        "ACC_LINK": "https://safetydata.fra.dot.gov/OfficeofSafety/PublicSite/Crossing/Crossing.aspx?phasetype=C&rpttype=A&txtcrossingnum=415456L",
        "TTSTNNAM": "WICHITA FALLS",
        "XPURPOSE": "1",
        "OPERATINGR": "WTJR",
        "OPERATIN_1": "Primary",
        "DAYTHRU": 0,
        "NGHTTHRU": 0,
        "MAINTRK": 0,
        "SIDINGTRK": 0,
        "YARDTRK": 0,
        "TRANSITTRK": 0,
        "INDUSTRYTR": 0,
        "OTHRTRK": 5,
        "WDCODE": "Crossbucks",
        "REVISIONDA": "1991/01/01 00:00:00",
        "LASTUPDATE": "9/30/2013",
        "AADT": "000410",
        "AADTYEAR": "2013",
        "STATENAME": "TEXAS",
        "STATEAB": "TX",
        "COUNTYNAME": "WICHITA",
        "CITYNAME": "WICHITA FALLS",
        "LATDD": 33.9119876,
        "LONGDD": -98.4870869,
        "gridlyProductionCertified": true,
        "gridlyClassification": "PUBLIC_ROADWAY",
        "gridlyDisplayName": "10TH ST",
        "gridlyId": "FRA-415456L"
      }
    },
    {
      "type": "Feature",
      "id": 201077,
      "geometry": {
        "type": "Point",
        "coordinates": [
          -98.5855729997925,
          34.126075000198
        ]
      },
      "properties": {
        "OBJECTID": 201077,
        "CROSSING": "415495C",
        "EFFDATE": 1489708800000,
        "REASON": "14",
        "StateCode": "48",
        "CountyCode": "48485",
        "STCYFIPS": "48485",
        "CITYCD": "484851020",
        "RAILROAD": "WTJR",
        "RRDIV": "#N\\A",
        "RRSUBDIV": "red river",
        "HIGHWAY": "none",
        "STREET": "PRIVATE ROAD",
        "TTSTN": "664300",
        "MILEPOST": "0016.20",
        "TYPEXING": "Private",
        "POSXING": "At Grade",
        "PRVCAT": "14",
        "INIT": "1",
        "LATITUDE": 34.126075,
        "LONGITUD": -98.585573,
        "LLSOURCE": "2",
        "WHISTBAN": "0",
        "RRCONT": "9407331246",
        "POLCONT": "8667773388",
        "INV_LINK": "https://safetydata.fra.dot.gov/OfficeofSafety/PublicSite/Crossing/Crossing.aspx?phasetype=C&rpttype=I&txtcrossingnum=415495C",
        "ACC_LINK": "https://safetydata.fra.dot.gov/OfficeofSafety/PublicSite/Crossing/Crossing.aspx?phasetype=C&rpttype=A&txtcrossingnum=415495C",
        "TTSTNNAM": "WICHITA FALLS",
        "XPURPOSE": "1",
        "OPERATINGR": "WTJR",
        "OPERATIN_1": "Primary",
        "DAYTHRU": 0,
        "NGHTTHRU": 0,
        "MAINTRK": 1,
        "SIDINGTRK": 0,
        "YARDTRK": 0,
        "TRANSITTRK": 0,
        "INDUSTRYTR": 0,
        "OTHRTRK": 0,
        "WDCODE": "",
        "REVISIONDA": "1991/01/01 00:00:00",
        "LASTUPDATE": "3/17/2017",
        "AADT": "",
        "AADTYEAR": "1970",
        "STATENAME": "TEXAS",
        "STATEAB": "TX",
        "COUNTYNAME": "WICHITA",
        "CITYNAME": "BURKBURNETT",
        "LATDD": 34.126075,
        "LONGDD": -98.585573,
        "gridlyProductionCertified": true,
        "gridlyClassification": "PUBLIC_ROADWAY",
        "gridlyDisplayName": "PRIVATE ROAD",
        "gridlyId": "FRA-415495C"
      }
    },
    {
      "type": "Feature",
      "id": 201078,
      "geometry": {
        "type": "Point",
        "coordinates": [
          -98.5789899998634,
          34.1124649996804
        ]
      },
      "properties": {
        "OBJECTID": 201078,
        "CROSSING": "415492G",
        "EFFDATE": 1489708800000,
        "REASON": "14",
        "StateCode": "48",
        "CountyCode": "48485",
        "STCYFIPS": "48485",
        "CITYCD": "484851020",
        "RAILROAD": "WTJR",
        "RRDIV": "#N\\A",
        "RRSUBDIV": "red river",
        "HIGHWAY": "none",
        "STREET": "PRIVATE ROAD",
        "TTSTN": "664300",
        "MILEPOST": "0015.10",
        "TYPEXING": "Private",
        "POSXING": "At Grade",
        "PRVCAT": "14",
        "INIT": "1",
        "LATITUDE": 34.112465,
        "LONGITUD": -98.57899,
        "LLSOURCE": "2",
        "WHISTBAN": "0",
        "RRCONT": "9407331246",
        "POLCONT": "8667773388",
        "INV_LINK": "https://safetydata.fra.dot.gov/OfficeofSafety/PublicSite/Crossing/Crossing.aspx?phasetype=C&rpttype=I&txtcrossingnum=415492G",
        "ACC_LINK": "https://safetydata.fra.dot.gov/OfficeofSafety/PublicSite/Crossing/Crossing.aspx?phasetype=C&rpttype=A&txtcrossingnum=415492G",
        "TTSTNNAM": "WICHITA FALLS",
        "XPURPOSE": "1",
        "OPERATINGR": "WTJR",
        "OPERATIN_1": "Primary",
        "DAYTHRU": 0,
        "NGHTTHRU": 0,
        "MAINTRK": 1,
        "SIDINGTRK": 0,
        "YARDTRK": 0,
        "TRANSITTRK": 0,
        "INDUSTRYTR": 0,
        "OTHRTRK": 0,
        "WDCODE": "",
        "REVISIONDA": "1991/01/01 00:00:00",
        "LASTUPDATE": "3/17/2017",
        "AADT": "",
        "AADTYEAR": "1970",
        "STATENAME": "TEXAS",
        "STATEAB": "TX",
        "COUNTYNAME": "WICHITA",
        "CITYNAME": "BURKBURNETT",
        "LATDD": 34.112465,
        "LONGDD": -98.57899,
        "gridlyProductionCertified": true,
        "gridlyClassification": "PUBLIC_ROADWAY",
        "gridlyDisplayName": "PRIVATE ROAD",
        "gridlyId": "FRA-415492G"
      }
    },
    {
      "type": "Feature",
      "id": 201079,
      "geometry": {
        "type": "Point",
        "coordinates": [
          -98.485602999744,
          33.9109000003047
        ]
      },
      "properties": {
        "OBJECTID": 201079,
        "CROSSING": "415478L",
        "EFFDATE": 1489708800000,
        "REASON": "14",
        "StateCode": "48",
        "CountyCode": "48485",
        "STCYFIPS": "48485",
        "CITYCD": "484851020",
        "RAILROAD": "WTJR",
        "RRDIV": "#N\\A",
        "RRSUBDIV": "red river",
        "HIGHWAY": "none",
        "STREET": "PRIVATE ROAD",
        "TTSTN": "664300",
        "MILEPOST": "0010.20",
        "TYPEXING": "Private",
        "POSXING": "At Grade",
        "PRVCAT": "14",
        "INIT": "1",
        "LATITUDE": 33.9109,
        "LONGITUD": -98.485603,
        "LLSOURCE": "2",
        "WHISTBAN": "0",
        "RRCONT": "9407331246",
        "POLCONT": "8667773388",
        "INV_LINK": "https://safetydata.fra.dot.gov/OfficeofSafety/PublicSite/Crossing/Crossing.aspx?phasetype=C&rpttype=I&txtcrossingnum=415478L",
        "ACC_LINK": "https://safetydata.fra.dot.gov/OfficeofSafety/PublicSite/Crossing/Crossing.aspx?phasetype=C&rpttype=A&txtcrossingnum=415478L",
        "TTSTNNAM": "WICHITA FALLS",
        "XPURPOSE": "1",
        "OPERATINGR": "WTJR",
        "OPERATIN_1": "Primary",
        "DAYTHRU": 0,
        "NGHTTHRU": 0,
        "MAINTRK": 1,
        "SIDINGTRK": 0,
        "YARDTRK": 0,
        "TRANSITTRK": 0,
        "INDUSTRYTR": 0,
        "OTHRTRK": 0,
        "WDCODE": "",
        "REVISIONDA": "1991/01/01 00:00:00",
        "LASTUPDATE": "3/17/2017",
        "AADT": "",
        "AADTYEAR": "1970",
        "STATENAME": "TEXAS",
        "STATEAB": "TX",
        "COUNTYNAME": "WICHITA",
        "CITYNAME": "BURKBURNETT",
        "LATDD": 33.9109,
        "LONGDD": -98.485603,
        "gridlyProductionCertified": true,
        "gridlyClassification": "PUBLIC_ROADWAY",
        "gridlyDisplayName": "PRIVATE ROAD",
        "gridlyId": "FRA-415478L"
      }
    },
    {
      "type": "Feature",
      "id": 201080,
      "geometry": {
        "type": "Point",
        "coordinates": [
          -98.485602999744,
          33.9109000003047
        ]
      },
      "properties": {
        "OBJECTID": 201080,
        "CROSSING": "415476X",
        "EFFDATE": 1489708800000,
        "REASON": "14",
        "StateCode": "48",
        "CountyCode": "48485",
        "STCYFIPS": "48485",
        "CITYCD": "484851020",
        "RAILROAD": "WTJR",
        "RRDIV": "#N\\A",
        "RRSUBDIV": "red river",
        "HIGHWAY": "none",
        "STREET": "PRIVATE ROAD",
        "TTSTN": "664300",
        "MILEPOST": "0009.30",
        "TYPEXING": "Private",
        "POSXING": "At Grade",
        "PRVCAT": "14",
        "INIT": "1",
        "LATITUDE": 33.9109,
        "LONGITUD": -98.485603,
        "LLSOURCE": "2",
        "WHISTBAN": "0",
        "RRCONT": "9407331246",
        "POLCONT": "8667773388",
        "INV_LINK": "https://safetydata.fra.dot.gov/OfficeofSafety/PublicSite/Crossing/Crossing.aspx?phasetype=C&rpttype=I&txtcrossingnum=415476X",
        "ACC_LINK": "https://safetydata.fra.dot.gov/OfficeofSafety/PublicSite/Crossing/Crossing.aspx?phasetype=C&rpttype=A&txtcrossingnum=415476X",
        "TTSTNNAM": "WICHITA FALLS",
        "XPURPOSE": "1",
        "OPERATINGR": "WTJR",
        "OPERATIN_1": "Primary",
        "DAYTHRU": 0,
        "NGHTTHRU": 0,
        "MAINTRK": 1,
        "SIDINGTRK": 0,
        "YARDTRK": 0,
        "TRANSITTRK": 0,
        "INDUSTRYTR": 0,
        "OTHRTRK": 0,
        "WDCODE": "",
        "REVISIONDA": "1991/01/01 00:00:00",
        "LASTUPDATE": "3/17/2017",
        "AADT": "",
        "AADTYEAR": "1970",
        "STATENAME": "TEXAS",
        "STATEAB": "TX",
        "COUNTYNAME": "WICHITA",
        "CITYNAME": "BURKBURNETT",
        "LATDD": 33.9109,
        "LONGDD": -98.485603,
        "gridlyProductionCertified": true,
        "gridlyClassification": "PUBLIC_ROADWAY",
        "gridlyDisplayName": "PRIVATE ROAD",
        "gridlyId": "FRA-415476X"
      }
    },
    {
      "type": "Feature",
      "id": 201081,
      "geometry": {
        "type": "Point",
        "coordinates": [
          -98.485602999744,
          33.9109000003047
        ]
      },
      "properties": {
        "OBJECTID": 201081,
        "CROSSING": "415477E",
        "EFFDATE": 1489708800000,
        "REASON": "14",
        "StateCode": "48",
        "CountyCode": "48485",
        "STCYFIPS": "48485",
        "CITYCD": "484851020",
        "RAILROAD": "WTJR",
        "RRDIV": "#N\\A",
        "RRSUBDIV": "red river",
        "HIGHWAY": "private",
        "STREET": "PRIVATE ROAD",
        "TTSTN": "664300",
        "MILEPOST": "0010.00",
        "TYPEXING": "Private",
        "POSXING": "At Grade",
        "PRVCAT": "14",
        "INIT": "1",
        "LATITUDE": 33.9109,
        "LONGITUD": -98.485603,
        "LLSOURCE": "2",
        "WHISTBAN": "0",
        "RRCONT": "9407331246",
        "POLCONT": "8667773388",
        "INV_LINK": "https://safetydata.fra.dot.gov/OfficeofSafety/PublicSite/Crossing/Crossing.aspx?phasetype=C&rpttype=I&txtcrossingnum=415477E",
        "ACC_LINK": "https://safetydata.fra.dot.gov/OfficeofSafety/PublicSite/Crossing/Crossing.aspx?phasetype=C&rpttype=A&txtcrossingnum=415477E",
        "TTSTNNAM": "WICHITA FALLS",
        "XPURPOSE": "1",
        "OPERATINGR": "WTJR",
        "OPERATIN_1": "Primary",
        "DAYTHRU": 0,
        "NGHTTHRU": 0,
        "MAINTRK": 1,
        "SIDINGTRK": 0,
        "YARDTRK": 0,
        "TRANSITTRK": 0,
        "INDUSTRYTR": 0,
        "OTHRTRK": 0,
        "WDCODE": "",
        "REVISIONDA": "1991/01/01 00:00:00",
        "LASTUPDATE": "3/17/2017",
        "AADT": "",
        "AADTYEAR": "1970",
        "STATENAME": "TEXAS",
        "STATEAB": "TX",
        "COUNTYNAME": "WICHITA",
        "CITYNAME": "BURKBURNETT",
        "LATDD": 33.9109,
        "LONGDD": -98.485603,
        "gridlyProductionCertified": true,
        "gridlyClassification": "PUBLIC_ROADWAY",
        "gridlyDisplayName": "PRIVATE ROAD",
        "gridlyId": "FRA-415477E"
      }
    },
    {
      "type": "Feature",
      "id": 201085,
      "geometry": {
        "type": "Point",
        "coordinates": [
          -98.5821399998993,
          34.121503000064
        ]
      },
      "properties": {
        "OBJECTID": 201085,
        "CROSSING": "415494V",
        "EFFDATE": 1489708800000,
        "REASON": "14",
        "StateCode": "48",
        "CountyCode": "48485",
        "STCYFIPS": "48485",
        "CITYCD": "484851020",
        "RAILROAD": "WTJR",
        "RRDIV": "#N\\A",
        "RRSUBDIV": "red river",
        "HIGHWAY": "none",
        "STREET": "PRIVATE ROAD",
        "TTSTN": "664300",
        "MILEPOST": "0015.80",
        "TYPEXING": "Private",
        "POSXING": "At Grade",
        "PRVCAT": "14",
        "INIT": "1",
        "LATITUDE": 34.121503,
        "LONGITUD": -98.58214,
        "LLSOURCE": "2",
        "WHISTBAN": "0",
        "RRCONT": "9407331246",
        "POLCONT": "8667773388",
        "INV_LINK": "https://safetydata.fra.dot.gov/OfficeofSafety/PublicSite/Crossing/Crossing.aspx?phasetype=C&rpttype=I&txtcrossingnum=415494V",
        "ACC_LINK": "https://safetydata.fra.dot.gov/OfficeofSafety/PublicSite/Crossing/Crossing.aspx?phasetype=C&rpttype=A&txtcrossingnum=415494V",
        "TTSTNNAM": "WICHITA FALLS",
        "XPURPOSE": "1",
        "OPERATINGR": "WTJR",
        "OPERATIN_1": "Primary",
        "DAYTHRU": 0,
        "NGHTTHRU": 0,
        "MAINTRK": 1,
        "SIDINGTRK": 0,
        "YARDTRK": 0,
        "TRANSITTRK": 0,
        "INDUSTRYTR": 0,
        "OTHRTRK": 0,
        "WDCODE": "",
        "REVISIONDA": "1991/01/01 00:00:00",
        "LASTUPDATE": "3/17/2017",
        "AADT": "",
        "AADTYEAR": "1970",
        "STATENAME": "TEXAS",
        "STATEAB": "TX",
        "COUNTYNAME": "WICHITA",
        "CITYNAME": "BURKBURNETT",
        "LATDD": 34.121503,
        "LONGDD": -98.58214,
        "gridlyProductionCertified": true,
        "gridlyClassification": "PUBLIC_ROADWAY",
        "gridlyDisplayName": "PRIVATE ROAD",
        "gridlyId": "FRA-415494V"
      }
    },
    {
      "type": "Feature",
      "id": 201087,
      "geometry": {
        "type": "Point",
        "coordinates": [
          -98.485602999744,
          33.9109000003047
        ]
      },
      "properties": {
        "OBJECTID": 201087,
        "CROSSING": "415474J",
        "EFFDATE": 1489622400000,
        "REASON": "14",
        "StateCode": "48",
        "CountyCode": "48485",
        "STCYFIPS": "48485",
        "CITYCD": "480097490",
        "RAILROAD": "WTJR",
        "RRDIV": "#N\\A",
        "RRSUBDIV": "red river",
        "HIGHWAY": "Interstate 44",
        "STREET": "PRIVATE ROAD",
        "TTSTN": "664300",
        "MILEPOST": "0007.50",
        "TYPEXING": "Private",
        "POSXING": "At Grade",
        "PRVCAT": "14",
        "INIT": "1",
        "LATITUDE": 33.9109,
        "LONGITUD": -98.485603,
        "LLSOURCE": "2",
        "WHISTBAN": "0",
        "RRCONT": "9407331246",
        "POLCONT": "8667773388",
        "INV_LINK": "https://safetydata.fra.dot.gov/OfficeofSafety/PublicSite/Crossing/Crossing.aspx?phasetype=C&rpttype=I&txtcrossingnum=415474J",
        "ACC_LINK": "https://safetydata.fra.dot.gov/OfficeofSafety/PublicSite/Crossing/Crossing.aspx?phasetype=C&rpttype=A&txtcrossingnum=415474J",
        "TTSTNNAM": "WICHITA FALLS",
        "XPURPOSE": "1",
        "OPERATINGR": "WTJR",
        "OPERATIN_1": "Primary",
        "DAYTHRU": 0,
        "NGHTTHRU": 0,
        "MAINTRK": 1,
        "SIDINGTRK": 0,
        "YARDTRK": 0,
        "TRANSITTRK": 0,
        "INDUSTRYTR": 0,
        "OTHRTRK": 0,
        "WDCODE": "",
        "REVISIONDA": "1991/01/01 00:00:00",
        "LASTUPDATE": "3/16/2017",
        "AADT": "",
        "AADTYEAR": "1970",
        "STATENAME": "TEXAS",
        "STATEAB": "TX",
        "COUNTYNAME": "WICHITA",
        "CITYNAME": "WICHITA FALLS",
        "LATDD": 33.9109,
        "LONGDD": -98.485603,
        "gridlyProductionCertified": true,
        "gridlyClassification": "PUBLIC_ROADWAY",
        "gridlyDisplayName": "PRIVATE ROAD",
        "gridlyId": "FRA-415474J"
      }
    },
    {
      "type": "Feature",
      "id": 201258,
      "geometry": {
        "type": "Point",
        "coordinates": [
          -98.4761700002529,
          33.9068299999367
        ]
      },
      "properties": {
        "OBJECTID": 201258,
        "CROSSING": "933689L",
        "EFFDATE": 1589241600000,
        "REASON": "14",
        "StateCode": "48",
        "CountyCode": "48485",
        "STCYFIPS": "48485",
        "CITYCD": "484857490",
        "RAILROAD": "BNSF",
        "RRDIV": "TEXAS",
        "RRSUBDIV": "WICHITA FALLS",
        "HIGHWAY": "ped",
        "STREET": "WICHITA RIVER TRL",
        "TTSTN": "",
        "MILEPOST": "0113.23",
        "TYPEXING": "Public",
        "POSXING": "RR Over",
        "PRVCAT": "14",
        "INIT": "1",
        "LATITUDE": 33.90683,
        "LONGITUD": -98.47617,
        "LLSOURCE": "1",
        "WHISTBAN": "0",
        "RRCONT": "8173521549",
        "POLCONT": "8008325452",
        "INV_LINK": "https://safetydata.fra.dot.gov/OfficeofSafety/PublicSite/Crossing/Crossing.aspx?phasetype=C&rpttype=I&txtcrossingnum=933689L",
        "ACC_LINK": "https://safetydata.fra.dot.gov/OfficeofSafety/PublicSite/Crossing/Crossing.aspx?phasetype=C&rpttype=A&txtcrossingnum=933689L",
        "TTSTNNAM": "",
        "XPURPOSE": "2",
        "OPERATINGR": "BNSF",
        "OPERATIN_1": "Primary",
        "DAYTHRU": 0,
        "NGHTTHRU": 0,
        "MAINTRK": 2,
        "SIDINGTRK": 0,
        "YARDTRK": 0,
        "TRANSITTRK": 0,
        "INDUSTRYTR": 0,
        "OTHRTRK": 0,
        "WDCODE": "",
        "REVISIONDA": "1996/01/01 00:00:00",
        "LASTUPDATE": "5/12/2020",
        "AADT": "",
        "AADTYEAR": "",
        "STATENAME": "TEXAS",
        "STATEAB": "TX",
        "COUNTYNAME": "WICHITA",
        "CITYNAME": "WICHITA FALLS",
        "LATDD": 33.90683,
        "LONGDD": -98.47617,
        "gridlyProductionCertified": true,
        "gridlyClassification": "PUBLIC_ROADWAY",
        "gridlyDisplayName": "WICHITA RIVER TRL",
        "gridlyId": "FRA-933689L"
      }
    },
    {
      "type": "Feature",
      "id": 201911,
      "geometry": {
        "type": "Point",
        "coordinates": [
          -98.5461568996223,
          33.9959857003111
        ]
      },
      "properties": {
        "OBJECTID": 201911,
        "CROSSING": "415472V",
        "EFFDATE": 1665705600000,
        "REASON": "14",
        "StateCode": "48",
        "CountyCode": "48485",
        "STCYFIPS": "48485",
        "CITYCD": "480097490",
        "RAILROAD": "WTJR",
        "RRDIV": "#N\\A",
        "RRSUBDIV": "red river",
        "HIGHWAY": "CO 0201",
        "STREET": "BACON SWITCH RD",
        "TTSTN": "664300",
        "MILEPOST": "0006.70",
        "TYPEXING": "Public",
        "POSXING": "At Grade",
        "PRVCAT": "14",
        "INIT": "2",
        "LATITUDE": 33.9959857,
        "LONGITUD": -98.5461569,
        "LLSOURCE": "2",
        "WHISTBAN": "0",
        "RRCONT": "9407331246",
        "POLCONT": "8667773388",
        "INV_LINK": "https://safetydata.fra.dot.gov/OfficeofSafety/PublicSite/Crossing/Crossing.aspx?phasetype=C&rpttype=I&txtcrossingnum=415472V",
        "ACC_LINK": "https://safetydata.fra.dot.gov/OfficeofSafety/PublicSite/Crossing/Crossing.aspx?phasetype=C&rpttype=A&txtcrossingnum=415472V",
        "TTSTNNAM": "WICHITA FALLS",
        "XPURPOSE": "1",
        "OPERATINGR": "WTJR",
        "OPERATIN_1": "Primary",
        "DAYTHRU": 0,
        "NGHTTHRU": 0,
        "MAINTRK": 1,
        "SIDINGTRK": 1,
        "YARDTRK": 0,
        "TRANSITTRK": 0,
        "INDUSTRYTR": 0,
        "OTHRTRK": 1,
        "WDCODE": "Crossbucks",
        "REVISIONDA": "1991/01/01 00:00:00",
        "LASTUPDATE": "10/14/2022",
        "AADT": "284",
        "AADTYEAR": "2019",
        "STATENAME": "TEXAS",
        "STATEAB": "TX",
        "COUNTYNAME": "WICHITA",
        "CITYNAME": "WICHITA FALLS",
        "LATDD": 33.9959857,
        "LONGDD": -98.5461569,
        "gridlyProductionCertified": true,
        "gridlyClassification": "PUBLIC_ROADWAY",
        "gridlyDisplayName": "BACON SWITCH RD",
        "gridlyId": "FRA-415472V"
      }
    },
    {
      "type": "Feature",
      "id": 201912,
      "geometry": {
        "type": "Point",
        "coordinates": [
          -98.5142841999296,
          33.953161000237
        ]
      },
      "properties": {
        "OBJECTID": 201912,
        "CROSSING": "415466S",
        "EFFDATE": 1665705600000,
        "REASON": "14",
        "StateCode": "48",
        "CountyCode": "48485",
        "STCYFIPS": "48485",
        "CITYCD": "484857490",
        "RAILROAD": "WTJR",
        "RRDIV": "CENTRAL",
        "RRSUBDIV": "WESTERN",
        "HIGHWAY": "LP 0325",
        "STREET": "SHEPPARD ACCESS",
        "TTSTN": "664300",
        "MILEPOST": "0003.35",
        "TYPEXING": "Public",
        "POSXING": "At Grade",
        "PRVCAT": "14",
        "INIT": "2",
        "LATITUDE": 33.953161,
        "LONGITUD": -98.5142842,
        "LLSOURCE": "",
        "WHISTBAN": "0",
        "RRCONT": "",
        "POLCONT": "8008488715",
        "INV_LINK": "https://safetydata.fra.dot.gov/OfficeofSafety/PublicSite/Crossing/Crossing.aspx?phasetype=C&rpttype=I&txtcrossingnum=415466S",
        "ACC_LINK": "https://safetydata.fra.dot.gov/OfficeofSafety/PublicSite/Crossing/Crossing.aspx?phasetype=C&rpttype=A&txtcrossingnum=415466S",
        "TTSTNNAM": "WICHITA FALLS",
        "XPURPOSE": "1",
        "OPERATINGR": "WTJR",
        "OPERATIN_1": "Primary",
        "DAYTHRU": 0,
        "NGHTTHRU": 0,
        "MAINTRK": 1,
        "SIDINGTRK": 0,
        "YARDTRK": 0,
        "TRANSITTRK": 0,
        "INDUSTRYTR": 0,
        "OTHRTRK": 0,
        "WDCODE": "Flashing lights",
        "REVISIONDA": "1991/01/01 00:00:00",
        "LASTUPDATE": "10/14/2022",
        "AADT": "1463",
        "AADTYEAR": "2019",
        "STATENAME": "TEXAS",
        "STATEAB": "TX",
        "COUNTYNAME": "WICHITA",
        "CITYNAME": "WICHITA FALLS",
        "LATDD": 33.953161,
        "LONGDD": -98.5142842,
        "gridlyProductionCertified": true,
        "gridlyClassification": "PUBLIC_ROADWAY",
        "gridlyDisplayName": "SHEPPARD ACCESS",
        "gridlyId": "FRA-415466S"
      }
    },
    {
      "type": "Feature",
      "id": 201913,
      "geometry": {
        "type": "Point",
        "coordinates": [
          -98.5740214000606,
          34.0955304001007
        ]
      },
      "properties": {
        "OBJECTID": 201913,
        "CROSSING": "415488S",
        "EFFDATE": 1665705600000,
        "REASON": "14",
        "StateCode": "48",
        "CountyCode": "48485",
        "STCYFIPS": "48485",
        "CITYCD": "484851020",
        "RAILROAD": "WTJR",
        "RRDIV": "#N\\A",
        "RRSUBDIV": "red river",
        "HIGHWAY": "ST 0000",
        "STREET": "E 2ND ST",
        "TTSTN": "664300",
        "MILEPOST": "0013.95",
        "TYPEXING": "Public",
        "POSXING": "At Grade",
        "PRVCAT": "14",
        "INIT": "2",
        "LATITUDE": 34.0955304,
        "LONGITUD": -98.5740214,
        "LLSOURCE": "2",
        "WHISTBAN": "0",
        "RRCONT": "9407331246",
        "POLCONT": "8667773388",
        "INV_LINK": "https://safetydata.fra.dot.gov/OfficeofSafety/PublicSite/Crossing/Crossing.aspx?phasetype=C&rpttype=I&txtcrossingnum=415488S",
        "ACC_LINK": "https://safetydata.fra.dot.gov/OfficeofSafety/PublicSite/Crossing/Crossing.aspx?phasetype=C&rpttype=A&txtcrossingnum=415488S",
        "TTSTNNAM": "WICHITA FALLS",
        "XPURPOSE": "1",
        "OPERATINGR": "WTJR",
        "OPERATIN_1": "Primary",
        "DAYTHRU": 0,
        "NGHTTHRU": 0,
        "MAINTRK": 1,
        "SIDINGTRK": 0,
        "YARDTRK": 0,
        "TRANSITTRK": 0,
        "INDUSTRYTR": 0,
        "OTHRTRK": 4,
        "WDCODE": "Crossbucks",
        "REVISIONDA": "1991/01/01 00:00:00",
        "LASTUPDATE": "10/14/2022",
        "AADT": "310",
        "AADTYEAR": "2019",
        "STATENAME": "TEXAS",
        "STATEAB": "TX",
        "COUNTYNAME": "WICHITA",
        "CITYNAME": "BURKBURNETT",
        "LATDD": 34.0955304,
        "LONGDD": -98.5740214,
        "gridlyProductionCertified": true,
        "gridlyClassification": "PUBLIC_ROADWAY",
        "gridlyDisplayName": "E 2ND ST",
        "gridlyId": "FRA-415488S"
      }
    },
    {
      "type": "Feature",
      "id": 201914,
      "geometry": {
        "type": "Point",
        "coordinates": [
          -98.5745428002178,
          34.0965833001067
        ]
      },
      "properties": {
        "OBJECTID": 201914,
        "CROSSING": "415489Y",
        "EFFDATE": 1665705600000,
        "REASON": "14",
        "StateCode": "48",
        "CountyCode": "48485",
        "STCYFIPS": "48485",
        "CITYCD": "484851020",
        "RAILROAD": "WTJR",
        "RRDIV": "CENTRAL",
        "RRSUBDIV": "WESTERN",
        "HIGHWAY": "SH 0240",
        "STREET": "SH 0240",
        "TTSTN": "664300",
        "MILEPOST": "0013.90",
        "TYPEXING": "Public",
        "POSXING": "At Grade",
        "PRVCAT": "14",
        "INIT": "2",
        "LATITUDE": 34.0965833,
        "LONGITUD": -98.5745428,
        "LLSOURCE": "",
        "WHISTBAN": "0",
        "RRCONT": "",
        "POLCONT": "8008488715",
        "INV_LINK": "https://safetydata.fra.dot.gov/OfficeofSafety/PublicSite/Crossing/Crossing.aspx?phasetype=C&rpttype=I&txtcrossingnum=415489Y",
        "ACC_LINK": "https://safetydata.fra.dot.gov/OfficeofSafety/PublicSite/Crossing/Crossing.aspx?phasetype=C&rpttype=A&txtcrossingnum=415489Y",
        "TTSTNNAM": "WICHITA FALLS",
        "XPURPOSE": "1",
        "OPERATINGR": "WTJR",
        "OPERATIN_1": "Primary",
        "DAYTHRU": 0,
        "NGHTTHRU": 0,
        "MAINTRK": 1,
        "SIDINGTRK": 0,
        "YARDTRK": 0,
        "TRANSITTRK": 0,
        "INDUSTRYTR": 0,
        "OTHRTRK": 3,
        "WDCODE": "Flashing lights",
        "REVISIONDA": "1991/01/01 00:00:00",
        "LASTUPDATE": "10/14/2022",
        "AADT": "2627",
        "AADTYEAR": "2019",
        "STATENAME": "TEXAS",
        "STATEAB": "TX",
        "COUNTYNAME": "WICHITA",
        "CITYNAME": "BURKBURNETT",
        "LATDD": 34.0965833,
        "LONGDD": -98.5745428,
        "gridlyProductionCertified": true,
        "gridlyClassification": "PUBLIC_ROADWAY",
        "gridlyDisplayName": "SH 0240",
        "gridlyId": "FRA-415489Y"
      }
    },
    {
      "type": "Feature",
      "id": 201921,
      "geometry": {
        "type": "Point",
        "coordinates": [
          -98.5661182997704,
          34.0685670998858
        ]
      },
      "properties": {
        "OBJECTID": 201921,
        "CROSSING": "415481U",
        "EFFDATE": 1665705600000,
        "REASON": "14",
        "StateCode": "48",
        "CountyCode": "48485",
        "STCYFIPS": "48485",
        "CITYCD": "484851020",
        "RAILROAD": "WTJR",
        "RRDIV": "#N\\A",
        "RRSUBDIV": "red river",
        "HIGHWAY": "ST 0000",
        "STREET": "CROPPER RD",
        "TTSTN": "664300",
        "MILEPOST": "0012.00",
        "TYPEXING": "Public",
        "POSXING": "At Grade",
        "PRVCAT": "14",
        "INIT": "2",
        "LATITUDE": 34.0685671,
        "LONGITUD": -98.5661183,
        "LLSOURCE": "2",
        "WHISTBAN": "0",
        "RRCONT": "9407331246",
        "POLCONT": "8667773388",
        "INV_LINK": "https://safetydata.fra.dot.gov/OfficeofSafety/PublicSite/Crossing/Crossing.aspx?phasetype=C&rpttype=I&txtcrossingnum=415481U",
        "ACC_LINK": "https://safetydata.fra.dot.gov/OfficeofSafety/PublicSite/Crossing/Crossing.aspx?phasetype=C&rpttype=A&txtcrossingnum=415481U",
        "TTSTNNAM": "WICHITA FALLS",
        "XPURPOSE": "1",
        "OPERATINGR": "WTJR",
        "OPERATIN_1": "Primary",
        "DAYTHRU": 0,
        "NGHTTHRU": 0,
        "MAINTRK": 1,
        "SIDINGTRK": 0,
        "YARDTRK": 0,
        "TRANSITTRK": 0,
        "INDUSTRYTR": 0,
        "OTHRTRK": 0,
        "WDCODE": "Crossbucks",
        "REVISIONDA": "1991/01/01 00:00:00",
        "LASTUPDATE": "10/14/2022",
        "AADT": "677",
        "AADTYEAR": "2019",
        "STATENAME": "TEXAS",
        "STATEAB": "TX",
        "COUNTYNAME": "WICHITA",
        "CITYNAME": "BURKBURNETT",
        "LATDD": 34.0685671,
        "LONGDD": -98.5661183,
        "gridlyProductionCertified": true,
        "gridlyClassification": "PUBLIC_ROADWAY",
        "gridlyDisplayName": "CROPPER RD",
        "gridlyId": "FRA-415481U"
      }
    },
    {
      "type": "Feature",
      "id": 201922,
      "geometry": {
        "type": "Point",
        "coordinates": [
          -98.5703076002844,
          34.0802451999837
        ]
      },
      "properties": {
        "OBJECTID": 201922,
        "CROSSING": "415483H",
        "EFFDATE": 1665705600000,
        "REASON": "14",
        "StateCode": "48",
        "CountyCode": "48485",
        "STCYFIPS": "48485",
        "CITYCD": "484851020",
        "RAILROAD": "WTJR",
        "RRDIV": "#N\\A",
        "RRSUBDIV": "red river",
        "HIGHWAY": "ST 0000",
        "STREET": "W KRAMER RD",
        "TTSTN": "664300",
        "MILEPOST": "0012.85",
        "TYPEXING": "Public",
        "POSXING": "At Grade",
        "PRVCAT": "14",
        "INIT": "2",
        "LATITUDE": 34.0802452,
        "LONGITUD": -98.5703076,
        "LLSOURCE": "2",
        "WHISTBAN": "0",
        "RRCONT": "9407331246",
        "POLCONT": "8667773388",
        "INV_LINK": "https://safetydata.fra.dot.gov/OfficeofSafety/PublicSite/Crossing/Crossing.aspx?phasetype=C&rpttype=I&txtcrossingnum=415483H",
        "ACC_LINK": "https://safetydata.fra.dot.gov/OfficeofSafety/PublicSite/Crossing/Crossing.aspx?phasetype=C&rpttype=A&txtcrossingnum=415483H",
        "TTSTNNAM": "WICHITA FALLS",
        "XPURPOSE": "1",
        "OPERATINGR": "WTJR",
        "OPERATIN_1": "Primary",
        "DAYTHRU": 0,
        "NGHTTHRU": 0,
        "MAINTRK": 1,
        "SIDINGTRK": 0,
        "YARDTRK": 0,
        "TRANSITTRK": 0,
        "INDUSTRYTR": 0,
        "OTHRTRK": 0,
        "WDCODE": "All other Gates",
        "REVISIONDA": "1991/01/01 00:00:00",
        "LASTUPDATE": "10/14/2022",
        "AADT": "4281",
        "AADTYEAR": "2019",
        "STATENAME": "TEXAS",
        "STATEAB": "TX",
        "COUNTYNAME": "WICHITA",
        "CITYNAME": "BURKBURNETT",
        "LATDD": 34.0802452,
        "LONGDD": -98.5703076,
        "gridlyProductionCertified": true,
        "gridlyClassification": "PUBLIC_ROADWAY",
        "gridlyDisplayName": "W KRAMER RD",
        "gridlyId": "FRA-415483H"
      }
    },
    {
      "type": "Feature",
      "id": 201923,
      "geometry": {
        "type": "Point",
        "coordinates": [
          -98.5718141998817,
          34.0876273001696
        ]
      },
      "properties": {
        "OBJECTID": 201923,
        "CROSSING": "415484P",
        "EFFDATE": 1665705600000,
        "REASON": "14",
        "StateCode": "48",
        "CountyCode": "48485",
        "STCYFIPS": "48485",
        "CITYCD": "484851020",
        "RAILROAD": "WTJR",
        "RRDIV": "#N\\A",
        "RRSUBDIV": "red river",
        "HIGHWAY": "ST 0000",
        "STREET": "WILLIAMS ST",
        "TTSTN": "664300",
        "MILEPOST": "0013.40",
        "TYPEXING": "Public",
        "POSXING": "At Grade",
        "PRVCAT": "14",
        "INIT": "2",
        "LATITUDE": 34.0876273,
        "LONGITUD": -98.5718142,
        "LLSOURCE": "2",
        "WHISTBAN": "0",
        "RRCONT": "9407331246",
        "POLCONT": "8667773388",
        "INV_LINK": "https://safetydata.fra.dot.gov/OfficeofSafety/PublicSite/Crossing/Crossing.aspx?phasetype=C&rpttype=I&txtcrossingnum=415484P",
        "ACC_LINK": "https://safetydata.fra.dot.gov/OfficeofSafety/PublicSite/Crossing/Crossing.aspx?phasetype=C&rpttype=A&txtcrossingnum=415484P",
        "TTSTNNAM": "WICHITA FALLS",
        "XPURPOSE": "1",
        "OPERATINGR": "WTJR",
        "OPERATIN_1": "Primary",
        "DAYTHRU": 0,
        "NGHTTHRU": 0,
        "MAINTRK": 1,
        "SIDINGTRK": 0,
        "YARDTRK": 0,
        "TRANSITTRK": 0,
        "INDUSTRYTR": 0,
        "OTHRTRK": 2,
        "WDCODE": "Crossbucks",
        "REVISIONDA": "1991/01/01 00:00:00",
        "LASTUPDATE": "10/14/2022",
        "AADT": "2273",
        "AADTYEAR": "2019",
        "STATENAME": "TEXAS",
        "STATEAB": "TX",
        "COUNTYNAME": "WICHITA",
        "CITYNAME": "BURKBURNETT",
        "LATDD": 34.0876273,
        "LONGDD": -98.5718142,
        "gridlyProductionCertified": true,
        "gridlyClassification": "PUBLIC_ROADWAY",
        "gridlyDisplayName": "WILLIAMS ST",
        "gridlyId": "FRA-415484P"
      }
    },
    {
      "type": "Feature",
      "id": 201924,
      "geometry": {
        "type": "Point",
        "coordinates": [
          -98.5516204001797,
          34.0123473999719
        ]
      },
      "properties": {
        "OBJECTID": 201924,
        "CROSSING": "415475R",
        "EFFDATE": 1665705600000,
        "REASON": "14",
        "StateCode": "48",
        "CountyCode": "48485",
        "STCYFIPS": "48485",
        "CITYCD": "480097490",
        "RAILROAD": "WTJR",
        "RRDIV": "#N\\A",
        "RRSUBDIV": "red river",
        "HIGHWAY": "CO 0289",
        "STREET": "CR 0289",
        "TTSTN": "664300",
        "MILEPOST": "0007.90",
        "TYPEXING": "Public",
        "POSXING": "At Grade",
        "PRVCAT": "14",
        "INIT": "2",
        "LATITUDE": 34.0123474,
        "LONGITUD": -98.5516204,
        "LLSOURCE": "2",
        "WHISTBAN": "0",
        "RRCONT": "9407331246",
        "POLCONT": "8667773388",
        "INV_LINK": "https://safetydata.fra.dot.gov/OfficeofSafety/PublicSite/Crossing/Crossing.aspx?phasetype=C&rpttype=I&txtcrossingnum=415475R",
        "ACC_LINK": "https://safetydata.fra.dot.gov/OfficeofSafety/PublicSite/Crossing/Crossing.aspx?phasetype=C&rpttype=A&txtcrossingnum=415475R",
        "TTSTNNAM": "WICHITA FALLS",
        "XPURPOSE": "1",
        "OPERATINGR": "WTJR",
        "OPERATIN_1": "Primary",
        "DAYTHRU": 0,
        "NGHTTHRU": 0,
        "MAINTRK": 1,
        "SIDINGTRK": 0,
        "YARDTRK": 0,
        "TRANSITTRK": 0,
        "INDUSTRYTR": 0,
        "OTHRTRK": 0,
        "WDCODE": "Crossbucks",
        "REVISIONDA": "1991/01/01 00:00:00",
        "LASTUPDATE": "10/14/2022",
        "AADT": "34",
        "AADTYEAR": "2019",
        "STATENAME": "TEXAS",
        "STATEAB": "TX",
        "COUNTYNAME": "WICHITA",
        "CITYNAME": "WICHITA FALLS",
        "LATDD": 34.0123474,
        "LONGDD": -98.5516204,
        "gridlyProductionCertified": true,
        "gridlyClassification": "PUBLIC_ROADWAY",
        "gridlyDisplayName": "CR 0289",
        "gridlyId": "FRA-415475R"
      }
    },
    {
      "type": "Feature",
      "id": 201929,
      "geometry": {
        "type": "Point",
        "coordinates": [
          -98.5725371999549,
          34.091165000143
        ]
      },
      "properties": {
        "OBJECTID": 201929,
        "CROSSING": "415486D",
        "EFFDATE": 1665705600000,
        "REASON": "14",
        "StateCode": "48",
        "CountyCode": "48485",
        "STCYFIPS": "48485",
        "CITYCD": "484851020",
        "RAILROAD": "WTJR",
        "RRDIV": "#N\\A",
        "RRSUBDIV": "red river",
        "HIGHWAY": "ST 0000",
        "STREET": "HAYWORTH ST",
        "TTSTN": "664300",
        "MILEPOST": "0013.65",
        "TYPEXING": "Public",
        "POSXING": "At Grade",
        "PRVCAT": "14",
        "INIT": "2",
        "LATITUDE": 34.091165,
        "LONGITUD": -98.5725372,
        "LLSOURCE": "2",
        "WHISTBAN": "0",
        "RRCONT": "9407331246",
        "POLCONT": "8667773388",
        "INV_LINK": "https://safetydata.fra.dot.gov/OfficeofSafety/PublicSite/Crossing/Crossing.aspx?phasetype=C&rpttype=I&txtcrossingnum=415486D",
        "ACC_LINK": "https://safetydata.fra.dot.gov/OfficeofSafety/PublicSite/Crossing/Crossing.aspx?phasetype=C&rpttype=A&txtcrossingnum=415486D",
        "TTSTNNAM": "WICHITA FALLS",
        "XPURPOSE": "1",
        "OPERATINGR": "WTJR",
        "OPERATIN_1": "Primary",
        "DAYTHRU": 0,
        "NGHTTHRU": 0,
        "MAINTRK": 1,
        "SIDINGTRK": 0,
        "YARDTRK": 0,
        "TRANSITTRK": 0,
        "INDUSTRYTR": 0,
        "OTHRTRK": 1,
        "WDCODE": "Crossbucks",
        "REVISIONDA": "1991/01/01 00:00:00",
        "LASTUPDATE": "10/14/2022",
        "AADT": "429",
        "AADTYEAR": "2019",
        "STATENAME": "TEXAS",
        "STATEAB": "TX",
        "COUNTYNAME": "WICHITA",
        "CITYNAME": "BURKBURNETT",
        "LATDD": 34.091165,
        "LONGDD": -98.5725372,
        "gridlyProductionCertified": true,
        "gridlyClassification": "PUBLIC_ROADWAY",
        "gridlyDisplayName": "HAYWORTH ST",
        "gridlyId": "FRA-415486D"
      }
    },
    {
      "type": "Feature",
      "id": 201930,
      "geometry": {
        "type": "Point",
        "coordinates": [
          -98.5730955999221,
          34.0934841001749
        ]
      },
      "properties": {
        "OBJECTID": 201930,
        "CROSSING": "415487K",
        "EFFDATE": 1665705600000,
        "REASON": "14",
        "StateCode": "48",
        "CountyCode": "48485",
        "STCYFIPS": "48485",
        "CITYCD": "484851020",
        "RAILROAD": "WTJR",
        "RRDIV": "#N\\A",
        "RRSUBDIV": "red river",
        "HIGHWAY": "ST 0000",
        "STREET": "COLLEGE ST",
        "TTSTN": "664300",
        "MILEPOST": "0013.80",
        "TYPEXING": "Public",
        "POSXING": "At Grade",
        "PRVCAT": "14",
        "INIT": "2",
        "LATITUDE": 34.0934841,
        "LONGITUD": -98.5730956,
        "LLSOURCE": "2",
        "WHISTBAN": "0",
        "RRCONT": "9407331246",
        "POLCONT": "8667773388",
        "INV_LINK": "https://safetydata.fra.dot.gov/OfficeofSafety/PublicSite/Crossing/Crossing.aspx?phasetype=C&rpttype=I&txtcrossingnum=415487K",
        "ACC_LINK": "https://safetydata.fra.dot.gov/OfficeofSafety/PublicSite/Crossing/Crossing.aspx?phasetype=C&rpttype=A&txtcrossingnum=415487K",
        "TTSTNNAM": "WICHITA FALLS",
        "XPURPOSE": "1",
        "OPERATINGR": "WTJR",
        "OPERATIN_1": "Primary",
        "DAYTHRU": 0,
        "NGHTTHRU": 0,
        "MAINTRK": 1,
        "SIDINGTRK": 1,
        "YARDTRK": 0,
        "TRANSITTRK": 0,
        "INDUSTRYTR": 0,
        "OTHRTRK": 2,
        "WDCODE": "Crossbucks",
        "REVISIONDA": "1991/01/01 00:00:00",
        "LASTUPDATE": "10/14/2022",
        "AADT": "1920",
        "AADTYEAR": "2019",
        "STATENAME": "TEXAS",
        "STATEAB": "TX",
        "COUNTYNAME": "WICHITA",
        "CITYNAME": "BURKBURNETT",
        "LATDD": 34.0934841,
        "LONGDD": -98.5730956,
        "gridlyProductionCertified": true,
        "gridlyClassification": "PUBLIC_ROADWAY",
        "gridlyDisplayName": "COLLEGE ST",
        "gridlyId": "FRA-415487K"
      }
    },
    {
      "type": "Feature",
      "id": 201931,
      "geometry": {
        "type": "Point",
        "coordinates": [
          -98.575042600384,
          34.0976332003361
        ]
      },
      "properties": {
        "OBJECTID": 201931,
        "CROSSING": "415490T",
        "EFFDATE": 1665705600000,
        "REASON": "14",
        "StateCode": "48",
        "CountyCode": "48485",
        "STCYFIPS": "48485",
        "CITYCD": "484851020",
        "RAILROAD": "WTJR",
        "RRDIV": "#N\\A",
        "RRSUBDIV": "red river",
        "HIGHWAY": "ST 0000",
        "STREET": "4TH ST",
        "TTSTN": "664300",
        "MILEPOST": "0014.10",
        "TYPEXING": "Public",
        "POSXING": "At Grade",
        "PRVCAT": "14",
        "INIT": "2",
        "LATITUDE": 34.0976332,
        "LONGITUD": -98.5750426,
        "LLSOURCE": "2",
        "WHISTBAN": "0",
        "RRCONT": "9407331246",
        "POLCONT": "8667773388",
        "INV_LINK": "https://safetydata.fra.dot.gov/OfficeofSafety/PublicSite/Crossing/Crossing.aspx?phasetype=C&rpttype=I&txtcrossingnum=415490T",
        "ACC_LINK": "https://safetydata.fra.dot.gov/OfficeofSafety/PublicSite/Crossing/Crossing.aspx?phasetype=C&rpttype=A&txtcrossingnum=415490T",
        "TTSTNNAM": "WICHITA FALLS",
        "XPURPOSE": "1",
        "OPERATINGR": "WTJR",
        "OPERATIN_1": "Primary",
        "DAYTHRU": 0,
        "NGHTTHRU": 0,
        "MAINTRK": 1,
        "SIDINGTRK": 1,
        "YARDTRK": 0,
        "TRANSITTRK": 0,
        "INDUSTRYTR": 0,
        "OTHRTRK": 3,
        "WDCODE": "Crossbucks",
        "REVISIONDA": "1991/01/01 00:00:00",
        "LASTUPDATE": "10/14/2022",
        "AADT": "55",
        "AADTYEAR": "2019",
        "STATENAME": "TEXAS",
        "STATEAB": "TX",
        "COUNTYNAME": "WICHITA",
        "CITYNAME": "BURKBURNETT",
        "LATDD": 34.0976332,
        "LONGDD": -98.5750426,
        "gridlyProductionCertified": true,
        "gridlyClassification": "PUBLIC_ROADWAY",
        "gridlyDisplayName": "4TH ST",
        "gridlyId": "FRA-415490T"
      }
    },
    {
      "type": "Feature",
      "id": 201932,
      "geometry": {
        "type": "Point",
        "coordinates": [
          -98.50138619986,
          33.9254892997953
        ]
      },
      "properties": {
        "OBJECTID": 201932,
        "CROSSING": "415461H",
        "EFFDATE": 1665705600000,
        "REASON": "14",
        "StateCode": "48",
        "CountyCode": "48485",
        "STCYFIPS": "48485",
        "CITYCD": "484857490",
        "RAILROAD": "WTJR",
        "RRDIV": "CENTRAL",
        "RRSUBDIV": "WESTERN LEASE",
        "HIGHWAY": "ST 0000",
        "STREET": "OLD IOWA PK HWY",
        "TTSTN": "664300",
        "MILEPOST": "0001.20",
        "TYPEXING": "Public",
        "POSXING": "At Grade",
        "PRVCAT": "14",
        "INIT": "2",
        "LATITUDE": 33.9254893,
        "LONGITUD": -98.5013862,
        "LLSOURCE": "1",
        "WHISTBAN": "0",
        "RRCONT": "9407331246",
        "POLCONT": "8008488715",
        "INV_LINK": "https://safetydata.fra.dot.gov/OfficeofSafety/PublicSite/Crossing/Crossing.aspx?phasetype=C&rpttype=I&txtcrossingnum=415461H",
        "ACC_LINK": "https://safetydata.fra.dot.gov/OfficeofSafety/PublicSite/Crossing/Crossing.aspx?phasetype=C&rpttype=A&txtcrossingnum=415461H",
        "TTSTNNAM": "WICHITA FALLS",
        "XPURPOSE": "1",
        "OPERATINGR": "WTJR",
        "OPERATIN_1": "Primary",
        "DAYTHRU": 0,
        "NGHTTHRU": 2,
        "MAINTRK": 1,
        "SIDINGTRK": 0,
        "YARDTRK": 1,
        "TRANSITTRK": 0,
        "INDUSTRYTR": 0,
        "OTHRTRK": 1,
        "WDCODE": "All other Gates",
        "REVISIONDA": "1991/01/01 00:00:00",
        "LASTUPDATE": "10/14/2022",
        "AADT": "2334",
        "AADTYEAR": "2019",
        "STATENAME": "TEXAS",
        "STATEAB": "TX",
        "COUNTYNAME": "WICHITA",
        "CITYNAME": "WICHITA FALLS",
        "LATDD": 33.9254893,
        "LONGDD": -98.5013862,
        "gridlyProductionCertified": true,
        "gridlyClassification": "PUBLIC_ROADWAY",
        "gridlyDisplayName": "OLD IOWA PK HWY",
        "gridlyId": "FRA-415461H"
      }
    },
    {
      "type": "Feature",
      "id": 201933,
      "geometry": {
        "type": "Point",
        "coordinates": [
          -98.5064057000034,
          33.9388698000692
        ]
      },
      "properties": {
        "OBJECTID": 201933,
        "CROSSING": "415464D",
        "EFFDATE": 1665705600000,
        "REASON": "14",
        "StateCode": "48",
        "CountyCode": "48485",
        "STCYFIPS": "48485",
        "CITYCD": "484857490",
        "RAILROAD": "WTJR",
        "RRDIV": "#N\\A",
        "RRSUBDIV": "Red river",
        "HIGHWAY": "ST 0000",
        "STREET": "PLEASANT VIEW DR",
        "TTSTN": "664300",
        "MILEPOST": "0002.10",
        "TYPEXING": "Public",
        "POSXING": "At Grade",
        "PRVCAT": "14",
        "INIT": "2",
        "LATITUDE": 33.9388698,
        "LONGITUD": -98.5064057,
        "LLSOURCE": "2",
        "WHISTBAN": "0",
        "RRCONT": "9407331246",
        "POLCONT": "8667773388",
        "INV_LINK": "https://safetydata.fra.dot.gov/OfficeofSafety/PublicSite/Crossing/Crossing.aspx?phasetype=C&rpttype=I&txtcrossingnum=415464D",
        "ACC_LINK": "https://safetydata.fra.dot.gov/OfficeofSafety/PublicSite/Crossing/Crossing.aspx?phasetype=C&rpttype=A&txtcrossingnum=415464D",
        "TTSTNNAM": "WICHITA FALLS",
        "XPURPOSE": "1",
        "OPERATINGR": "WTJR",
        "OPERATIN_1": "Primary",
        "DAYTHRU": 0,
        "NGHTTHRU": 0,
        "MAINTRK": 1,
        "SIDINGTRK": 1,
        "YARDTRK": 0,
        "TRANSITTRK": 0,
        "INDUSTRYTR": 0,
        "OTHRTRK": 2,
        "WDCODE": "Crossbucks",
        "REVISIONDA": "1991/01/01 00:00:00",
        "LASTUPDATE": "10/14/2022",
        "AADT": "946",
        "AADTYEAR": "2019",
        "STATENAME": "TEXAS",
        "STATEAB": "TX",
        "COUNTYNAME": "WICHITA",
        "CITYNAME": "WICHITA FALLS",
        "LATDD": 33.9388698,
        "LONGDD": -98.5064057,
        "gridlyProductionCertified": true,
        "gridlyClassification": "PUBLIC_ROADWAY",
        "gridlyDisplayName": "PLEASANT VIEW DR",
        "gridlyId": "FRA-415464D"
      }
    },
    {
      "type": "Feature",
      "id": 201934,
      "geometry": {
        "type": "Point",
        "coordinates": [
          -98.5238475997657,
          33.9633527002443
        ]
      },
      "properties": {
        "OBJECTID": 201934,
        "CROSSING": "415469M",
        "EFFDATE": 1665705600000,
        "REASON": "14",
        "StateCode": "48",
        "CountyCode": "48485",
        "STCYFIPS": "48485",
        "CITYCD": "484857490",
        "RAILROAD": "WTJR",
        "RRDIV": "#N\\A",
        "RRSUBDIV": "red river",
        "HIGHWAY": "ST 0000",
        "STREET": "LENORE ST",
        "TTSTN": "664300",
        "MILEPOST": "0004.00",
        "TYPEXING": "Public",
        "POSXING": "At Grade",
        "PRVCAT": "14",
        "INIT": "2",
        "LATITUDE": 33.9633527,
        "LONGITUD": -98.5238476,
        "LLSOURCE": "2",
        "WHISTBAN": "0",
        "RRCONT": "9407331246",
        "POLCONT": "8667773388",
        "INV_LINK": "https://safetydata.fra.dot.gov/OfficeofSafety/PublicSite/Crossing/Crossing.aspx?phasetype=C&rpttype=I&txtcrossingnum=415469M",
        "ACC_LINK": "https://safetydata.fra.dot.gov/OfficeofSafety/PublicSite/Crossing/Crossing.aspx?phasetype=C&rpttype=A&txtcrossingnum=415469M",
        "TTSTNNAM": "WICHITA FALLS",
        "XPURPOSE": "1",
        "OPERATINGR": "WTJR",
        "OPERATIN_1": "Primary",
        "DAYTHRU": 0,
        "NGHTTHRU": 0,
        "MAINTRK": 1,
        "SIDINGTRK": 0,
        "YARDTRK": 0,
        "TRANSITTRK": 0,
        "INDUSTRYTR": 0,
        "OTHRTRK": 0,
        "WDCODE": "Crossbucks",
        "REVISIONDA": "1991/01/01 00:00:00",
        "LASTUPDATE": "10/14/2022",
        "AADT": "397",
        "AADTYEAR": "2019",
        "STATENAME": "TEXAS",
        "STATEAB": "TX",
        "COUNTYNAME": "WICHITA",
        "CITYNAME": "WICHITA FALLS",
        "LATDD": 33.9633527,
        "LONGDD": -98.5238476,
        "gridlyProductionCertified": true,
        "gridlyClassification": "PUBLIC_ROADWAY",
        "gridlyDisplayName": "LENORE ST",
        "gridlyId": "FRA-415469M"
      }
    },
    {
      "type": "Feature",
      "id": 201938,
      "geometry": {
        "type": "Point",
        "coordinates": [
          -98.5106865002173,
          33.9493960002041
        ]
      },
      "properties": {
        "OBJECTID": 201938,
        "CROSSING": "415465K",
        "EFFDATE": 1665705600000,
        "REASON": "14",
        "StateCode": "48",
        "CountyCode": "48485",
        "STCYFIPS": "48485",
        "CITYCD": "484857490",
        "RAILROAD": "WTJR",
        "RRDIV": "CENTRAL",
        "RRSUBDIV": "WESTERN",
        "HIGHWAY": "FM 0890",
        "STREET": "AIRPORT DR",
        "TTSTN": "664300",
        "MILEPOST": "0003.00",
        "TYPEXING": "Public",
        "POSXING": "At Grade",
        "PRVCAT": "14",
        "INIT": "2",
        "LATITUDE": 33.949396,
        "LONGITUD": -98.5106865,
        "LLSOURCE": "",
        "WHISTBAN": "0",
        "RRCONT": "",
        "POLCONT": "8008488715",
        "INV_LINK": "https://safetydata.fra.dot.gov/OfficeofSafety/PublicSite/Crossing/Crossing.aspx?phasetype=C&rpttype=I&txtcrossingnum=415465K",
        "ACC_LINK": "https://safetydata.fra.dot.gov/OfficeofSafety/PublicSite/Crossing/Crossing.aspx?phasetype=C&rpttype=A&txtcrossingnum=415465K",
        "TTSTNNAM": "WICHITA FALLS",
        "XPURPOSE": "1",
        "OPERATINGR": "WTJR",
        "OPERATIN_1": "Primary",
        "DAYTHRU": 0,
        "NGHTTHRU": 0,
        "MAINTRK": 1,
        "SIDINGTRK": 0,
        "YARDTRK": 0,
        "TRANSITTRK": 0,
        "INDUSTRYTR": 0,
        "OTHRTRK": 0,
        "WDCODE": "All other Gates",
        "REVISIONDA": "1991/01/01 00:00:00",
        "LASTUPDATE": "10/14/2022",
        "AADT": "3501",
        "AADTYEAR": "2019",
        "STATENAME": "TEXAS",
        "STATEAB": "TX",
        "COUNTYNAME": "WICHITA",
        "CITYNAME": "WICHITA FALLS",
        "LATDD": 33.949396,
        "LONGDD": -98.5106865,
        "gridlyProductionCertified": true,
        "gridlyClassification": "PUBLIC_ROADWAY",
        "gridlyDisplayName": "AIRPORT DR",
        "gridlyId": "FRA-415465K"
      }
    },
    {
      "type": "Feature",
      "id": 201950,
      "geometry": {
        "type": "Point",
        "coordinates": [
          -98.5779720002373,
          34.1037014997428
        ]
      },
      "properties": {
        "OBJECTID": 201950,
        "CROSSING": "415491A",
        "EFFDATE": 1665705600000,
        "REASON": "14",
        "StateCode": "48",
        "CountyCode": "48485",
        "STCYFIPS": "48485",
        "CITYCD": "484851020",
        "RAILROAD": "WTJR",
        "RRDIV": "#N\\A",
        "RRSUBDIV": "red river",
        "HIGHWAY": "CO 0255",
        "STREET": "GRESHAM RD",
        "TTSTN": "664300",
        "MILEPOST": "0014.60",
        "TYPEXING": "Public",
        "POSXING": "At Grade",
        "PRVCAT": "14",
        "INIT": "2",
        "LATITUDE": 34.1037015,
        "LONGITUD": -98.577972,
        "LLSOURCE": "2",
        "WHISTBAN": "0",
        "RRCONT": "9407331246",
        "POLCONT": "8667773388",
        "INV_LINK": "https://safetydata.fra.dot.gov/OfficeofSafety/PublicSite/Crossing/Crossing.aspx?phasetype=C&rpttype=I&txtcrossingnum=415491A",
        "ACC_LINK": "https://safetydata.fra.dot.gov/OfficeofSafety/PublicSite/Crossing/Crossing.aspx?phasetype=C&rpttype=A&txtcrossingnum=415491A",
        "TTSTNNAM": "WICHITA FALLS",
        "XPURPOSE": "1",
        "OPERATINGR": "WTJR",
        "OPERATIN_1": "Primary",
        "DAYTHRU": 0,
        "NGHTTHRU": 0,
        "MAINTRK": 1,
        "SIDINGTRK": 0,
        "YARDTRK": 0,
        "TRANSITTRK": 0,
        "INDUSTRYTR": 0,
        "OTHRTRK": 0,
        "WDCODE": "Crossbucks",
        "REVISIONDA": "1991/01/01 00:00:00",
        "LASTUPDATE": "10/14/2022",
        "AADT": "354",
        "AADTYEAR": "2019",
        "STATENAME": "TEXAS",
        "STATEAB": "TX",
        "COUNTYNAME": "WICHITA",
        "CITYNAME": "BURKBURNETT",
        "LATDD": 34.1037015,
        "LONGDD": -98.577972,
        "gridlyProductionCertified": true,
        "gridlyClassification": "PUBLIC_ROADWAY",
        "gridlyDisplayName": "GRESHAM RD",
        "gridlyId": "FRA-415491A"
      }
    },
    {
      "type": "Feature",
      "id": 201951,
      "geometry": {
        "type": "Point",
        "coordinates": [
          -98.5792171999684,
          34.1152007002615
        ]
      },
      "properties": {
        "OBJECTID": 201951,
        "CROSSING": "415493N",
        "EFFDATE": 1665705600000,
        "REASON": "14",
        "StateCode": "48",
        "CountyCode": "48485",
        "STCYFIPS": "48485",
        "CITYCD": "484851020",
        "RAILROAD": "WTJR",
        "RRDIV": "#N\\A",
        "RRSUBDIV": "red river",
        "HIGHWAY": "CO 0253",
        "STREET": "CR 0253",
        "TTSTN": "664300",
        "MILEPOST": "0015.40",
        "TYPEXING": "Public",
        "POSXING": "At Grade",
        "PRVCAT": "14",
        "INIT": "2",
        "LATITUDE": 34.1152007,
        "LONGITUD": -98.5792172,
        "LLSOURCE": "2",
        "WHISTBAN": "0",
        "RRCONT": "9407331246",
        "POLCONT": "8667773388",
        "INV_LINK": "https://safetydata.fra.dot.gov/OfficeofSafety/PublicSite/Crossing/Crossing.aspx?phasetype=C&rpttype=I&txtcrossingnum=415493N",
        "ACC_LINK": "https://safetydata.fra.dot.gov/OfficeofSafety/PublicSite/Crossing/Crossing.aspx?phasetype=C&rpttype=A&txtcrossingnum=415493N",
        "TTSTNNAM": "WICHITA FALLS",
        "XPURPOSE": "1",
        "OPERATINGR": "WTJR",
        "OPERATIN_1": "Primary",
        "DAYTHRU": 0,
        "NGHTTHRU": 0,
        "MAINTRK": 1,
        "SIDINGTRK": 0,
        "YARDTRK": 0,
        "TRANSITTRK": 0,
        "INDUSTRYTR": 0,
        "OTHRTRK": 0,
        "WDCODE": "Crossbucks",
        "REVISIONDA": "1991/01/01 00:00:00",
        "LASTUPDATE": "10/14/2022",
        "AADT": "110",
        "AADTYEAR": "2019",
        "STATENAME": "TEXAS",
        "STATEAB": "TX",
        "COUNTYNAME": "WICHITA",
        "CITYNAME": "BURKBURNETT",
        "LATDD": 34.1152007,
        "LONGDD": -98.5792172,
        "gridlyProductionCertified": true,
        "gridlyClassification": "PUBLIC_ROADWAY",
        "gridlyDisplayName": "CR 0253",
        "gridlyId": "FRA-415493N"
      }
    },
    {
      "type": "Feature",
      "id": 201952,
      "geometry": {
        "type": "Point",
        "coordinates": [
          -98.560867499611,
          34.055791100158
        ]
      },
      "properties": {
        "OBJECTID": 201952,
        "CROSSING": "415479T",
        "EFFDATE": 1665705600000,
        "REASON": "14",
        "StateCode": "48",
        "CountyCode": "48485",
        "STCYFIPS": "48485",
        "CITYCD": "484851020",
        "RAILROAD": "WTJR",
        "RRDIV": "#N\\A",
        "RRSUBDIV": "red river",
        "HIGHWAY": "FM 3429",
        "STREET": "FM 3429",
        "TTSTN": "664300",
        "MILEPOST": "0011.05",
        "TYPEXING": "Public",
        "POSXING": "At Grade",
        "PRVCAT": "14",
        "INIT": "2",
        "LATITUDE": 34.0557911,
        "LONGITUD": -98.5608675,
        "LLSOURCE": "2",
        "WHISTBAN": "0",
        "RRCONT": "9407331246",
        "POLCONT": "8667773388",
        "INV_LINK": "https://safetydata.fra.dot.gov/OfficeofSafety/PublicSite/Crossing/Crossing.aspx?phasetype=C&rpttype=I&txtcrossingnum=415479T",
        "ACC_LINK": "https://safetydata.fra.dot.gov/OfficeofSafety/PublicSite/Crossing/Crossing.aspx?phasetype=C&rpttype=A&txtcrossingnum=415479T",
        "TTSTNNAM": "WICHITA FALLS",
        "XPURPOSE": "1",
        "OPERATINGR": "WTJR",
        "OPERATIN_1": "Primary",
        "DAYTHRU": 0,
        "NGHTTHRU": 0,
        "MAINTRK": 1,
        "SIDINGTRK": 0,
        "YARDTRK": 0,
        "TRANSITTRK": 0,
        "INDUSTRYTR": 0,
        "OTHRTRK": 0,
        "WDCODE": "Highway signals, bells",
        "REVISIONDA": "1991/01/01 00:00:00",
        "LASTUPDATE": "10/14/2022",
        "AADT": "5308",
        "AADTYEAR": "2019",
        "STATENAME": "TEXAS",
        "STATEAB": "TX",
        "COUNTYNAME": "WICHITA",
        "CITYNAME": "BURKBURNETT",
        "LATDD": 34.0557911,
        "LONGDD": -98.5608675,
        "gridlyProductionCertified": true,
        "gridlyClassification": "PUBLIC_ROADWAY",
        "gridlyDisplayName": "FM 3429",
        "gridlyId": "FRA-415479T"
      }
    },
    {
      "type": "Feature",
      "id": 201981,
      "geometry": {
        "type": "Point",
        "coordinates": [
          -98.5414458998121,
          33.9815015996531
        ]
      },
      "properties": {
        "OBJECTID": 201981,
        "CROSSING": "415471N",
        "EFFDATE": 1665705600000,
        "REASON": "14",
        "StateCode": "48",
        "CountyCode": "48485",
        "STCYFIPS": "48485",
        "CITYCD": "484857490",
        "RAILROAD": "WTJR",
        "RRDIV": "CENTRAL",
        "RRSUBDIV": "WESTERN",
        "HIGHWAY": "FM 3492",
        "STREET": "REILLY RD",
        "TTSTN": "664300",
        "MILEPOST": "0005.65",
        "TYPEXING": "Public",
        "POSXING": "At Grade",
        "PRVCAT": "14",
        "INIT": "2",
        "LATITUDE": 33.9815016,
        "LONGITUD": -98.5414459,
        "LLSOURCE": "",
        "WHISTBAN": "0",
        "RRCONT": "",
        "POLCONT": "8008488715",
        "INV_LINK": "https://safetydata.fra.dot.gov/OfficeofSafety/PublicSite/Crossing/Crossing.aspx?phasetype=C&rpttype=I&txtcrossingnum=415471N",
        "ACC_LINK": "https://safetydata.fra.dot.gov/OfficeofSafety/PublicSite/Crossing/Crossing.aspx?phasetype=C&rpttype=A&txtcrossingnum=415471N",
        "TTSTNNAM": "WICHITA FALLS",
        "XPURPOSE": "1",
        "OPERATINGR": "WTJR",
        "OPERATIN_1": "Primary",
        "DAYTHRU": 0,
        "NGHTTHRU": 0,
        "MAINTRK": 1,
        "SIDINGTRK": 0,
        "YARDTRK": 0,
        "TRANSITTRK": 0,
        "INDUSTRYTR": 0,
        "OTHRTRK": 0,
        "WDCODE": "All other Gates",
        "REVISIONDA": "1991/01/01 00:00:00",
        "LASTUPDATE": "10/14/2022",
        "AADT": "1674",
        "AADTYEAR": "2019",
        "STATENAME": "TEXAS",
        "STATEAB": "TX",
        "COUNTYNAME": "WICHITA",
        "CITYNAME": "WICHITA FALLS",
        "LATDD": 33.9815016,
        "LONGDD": -98.5414459,
        "gridlyProductionCertified": true,
        "gridlyClassification": "PUBLIC_ROADWAY",
        "gridlyDisplayName": "REILLY RD",
        "gridlyId": "FRA-415471N"
      }
    },
    {
      "type": "Feature",
      "id": 204971,
      "geometry": {
        "type": "Point",
        "coordinates": [
          -98.4860967003494,
          33.9010934998584
        ]
      },
      "properties": {
        "OBJECTID": 204971,
        "CROSSING": "276564X",
        "EFFDATE": 1745280000000,
        "REASON": "14",
        "StateCode": "48",
        "CountyCode": "48485",
        "STCYFIPS": "48485",
        "CITYCD": "484857490",
        "RAILROAD": "BNSF",
        "RRDIV": "RED RIVER",
        "RRSUBDIV": "WICHITA FALLS YD, TX",
        "HIGHWAY": "ST 0000",
        "STREET": "FT WORTH",
        "TTSTN": "664300",
        "MILEPOST": "0113.167",
        "TYPEXING": "Public",
        "POSXING": "At Grade",
        "PRVCAT": "14",
        "INIT": "2",
        "LATITUDE": 33.9010935,
        "LONGITUD": -98.4860967,
        "LLSOURCE": "1",
        "WHISTBAN": "0",
        "RRCONT": "8173521549",
        "POLCONT": "8008325452",
        "INV_LINK": "https://safetydata.fra.dot.gov/OfficeofSafety/PublicSite/Crossing/Crossing.aspx?phasetype=C&rpttype=I&txtcrossingnum=276564X",
        "ACC_LINK": "https://safetydata.fra.dot.gov/OfficeofSafety/PublicSite/Crossing/Crossing.aspx?phasetype=C&rpttype=A&txtcrossingnum=276564X",
        "TTSTNNAM": "WICHITA FALLS YD, TX",
        "XPURPOSE": "1",
        "OPERATINGR": "BNSF",
        "OPERATIN_1": "Primary",
        "DAYTHRU": 0,
        "NGHTTHRU": 0,
        "MAINTRK": 0,
        "SIDINGTRK": 0,
        "YARDTRK": 1,
        "TRANSITTRK": 0,
        "INDUSTRYTR": 0,
        "OTHRTRK": 1,
        "WDCODE": "Crossbucks",
        "REVISIONDA": "1996/01/01 00:00:00",
        "LASTUPDATE": "4/22/2025",
        "AADT": "000140",
        "AADTYEAR": "2019",
        "STATENAME": "TEXAS",
        "STATEAB": "TX",
        "COUNTYNAME": "WICHITA",
        "CITYNAME": "WICHITA FALLS",
        "LATDD": 33.9010935,
        "LONGDD": -98.4860967,
        "gridlyProductionCertified": true,
        "gridlyClassification": "PUBLIC_ROADWAY",
        "gridlyDisplayName": "FT WORTH",
        "gridlyId": "FRA-276564X"
      }
    },
    {
      "type": "Feature",
      "id": 204973,
      "geometry": {
        "type": "Point",
        "coordinates": [
          -98.4860729003843,
          33.9025443000367
        ]
      },
      "properties": {
        "OBJECTID": 204973,
        "CROSSING": "276566L",
        "EFFDATE": 1745280000000,
        "REASON": "14",
        "StateCode": "48",
        "CountyCode": "48485",
        "STCYFIPS": "48485",
        "CITYCD": "484857490",
        "RAILROAD": "BNSF",
        "RRDIV": "RED RIVER",
        "RRSUBDIV": "WICHITA FALLS YD, TX",
        "HIGHWAY": "ST 0000",
        "STREET": "MILL ST",
        "TTSTN": "664300",
        "MILEPOST": "0113.262",
        "TYPEXING": "Public",
        "POSXING": "At Grade",
        "PRVCAT": "14",
        "INIT": "2",
        "LATITUDE": 33.9025443,
        "LONGITUD": -98.4860729,
        "LLSOURCE": "1",
        "WHISTBAN": "0",
        "RRCONT": "8173521549",
        "POLCONT": "8008325452",
        "INV_LINK": "https://safetydata.fra.dot.gov/OfficeofSafety/PublicSite/Crossing/Crossing.aspx?phasetype=C&rpttype=I&txtcrossingnum=276566L",
        "ACC_LINK": "https://safetydata.fra.dot.gov/OfficeofSafety/PublicSite/Crossing/Crossing.aspx?phasetype=C&rpttype=A&txtcrossingnum=276566L",
        "TTSTNNAM": "WICHITA FALLS",
        "XPURPOSE": "1",
        "OPERATINGR": "BNSF",
        "OPERATIN_1": "Primary",
        "DAYTHRU": 0,
        "NGHTTHRU": 0,
        "MAINTRK": 0,
        "SIDINGTRK": 0,
        "YARDTRK": 1,
        "TRANSITTRK": 0,
        "INDUSTRYTR": 0,
        "OTHRTRK": 1,
        "WDCODE": "Crossbucks",
        "REVISIONDA": "1996/01/01 00:00:00",
        "LASTUPDATE": "4/22/2025",
        "AADT": "000140",
        "AADTYEAR": "2019",
        "STATENAME": "TEXAS",
        "STATEAB": "TX",
        "COUNTYNAME": "WICHITA",
        "CITYNAME": "WICHITA FALLS",
        "LATDD": 33.9025443,
        "LONGDD": -98.4860729,
        "gridlyProductionCertified": true,
        "gridlyClassification": "PUBLIC_ROADWAY",
        "gridlyDisplayName": "MILL ST",
        "gridlyId": "FRA-276566L"
      }
    },
    {
      "type": "Feature",
      "id": 204990,
      "geometry": {
        "type": "Point",
        "coordinates": [
          -98.5697289999014,
          33.8730109997037
        ]
      },
      "properties": {
        "OBJECTID": 204990,
        "CROSSING": "675235A",
        "EFFDATE": 1742169600000,
        "REASON": "14",
        "StateCode": "48",
        "CountyCode": "48485",
        "STCYFIPS": "48485",
        "CITYCD": "484857490",
        "RAILROAD": "BNSF",
        "RRDIV": "RED RIVER",
        "RRSUBDIV": "VALLEY JCT-ALLENDALE",
        "HIGHWAY": "KELL BLVD",
        "STREET": "US HWY 82 WB FRONTAGE RD",
        "TTSTN": "",
        "MILEPOST": "0006.005",
        "TYPEXING": "Public",
        "POSXING": "At Grade",
        "PRVCAT": "14",
        "INIT": "2",
        "LATITUDE": 33.873011,
        "LONGITUD": -98.569729,
        "LLSOURCE": "1",
        "WHISTBAN": "",
        "RRCONT": "8173521549",
        "POLCONT": "8008325452",
        "INV_LINK": "https://safetydata.fra.dot.gov/OfficeofSafety/PublicSite/Crossing/Crossing.aspx?phasetype=C&rpttype=I&txtcrossingnum=675235A",
        "ACC_LINK": "https://safetydata.fra.dot.gov/OfficeofSafety/PublicSite/Crossing/Crossing.aspx?phasetype=C&rpttype=A&txtcrossingnum=675235A",
        "TTSTNNAM": "HOWARD",
        "XPURPOSE": "1",
        "OPERATINGR": "BNSF",
        "OPERATIN_1": "Primary",
        "DAYTHRU": 0,
        "NGHTTHRU": 0,
        "MAINTRK": 0,
        "SIDINGTRK": 0,
        "YARDTRK": 1,
        "TRANSITTRK": 0,
        "INDUSTRYTR": 0,
        "OTHRTRK": 0,
        "WDCODE": "Crossbucks",
        "REVISIONDA": "1996/01/01 00:00:00",
        "LASTUPDATE": "3/17/2025",
        "AADT": "001445",
        "AADTYEAR": "2023",
        "STATENAME": "TEXAS",
        "STATEAB": "TX",
        "COUNTYNAME": "WICHITA",
        "CITYNAME": "WICHITA FALLS",
        "LATDD": 33.873011,
        "LONGDD": -98.569729,
        "gridlyProductionCertified": true,
        "gridlyClassification": "PUBLIC_ROADWAY",
        "gridlyDisplayName": "US HWY 82 WB FRONTAGE RD",
        "gridlyId": "FRA-675235A"
      }
    },
    {
      "type": "Feature",
      "id": 205312,
      "geometry": {
        "type": "Point",
        "coordinates": [
          -98.4867269996753,
          33.9119140000612
        ]
      },
      "properties": {
        "OBJECTID": 205312,
        "CROSSING": "926455R",
        "EFFDATE": 1736985600000,
        "REASON": "14",
        "StateCode": "48",
        "CountyCode": "48485",
        "STCYFIPS": "48485",
        "CITYCD": "484857490",
        "RAILROAD": "BNSF",
        "RRDIV": "RED RIVER",
        "RRSUBDIV": "WICHITA FALLS",
        "HIGHWAY": "Not Yet Reported by State",
        "STREET": "PRIVATE",
        "TTSTN": "",
        "MILEPOST": "0113.990",
        "TYPEXING": "Private",
        "POSXING": "At Grade",
        "PRVCAT": "14",
        "INIT": "1",
        "LATITUDE": 33.911914,
        "LONGITUD": -98.486727,
        "LLSOURCE": "1",
        "WHISTBAN": "0",
        "RRCONT": "8173521549",
        "POLCONT": "8008325452",
        "INV_LINK": "https://safetydata.fra.dot.gov/OfficeofSafety/PublicSite/Crossing/Crossing.aspx?phasetype=C&rpttype=I&txtcrossingnum=926455R",
        "ACC_LINK": "https://safetydata.fra.dot.gov/OfficeofSafety/PublicSite/Crossing/Crossing.aspx?phasetype=C&rpttype=A&txtcrossingnum=926455R",
        "TTSTNNAM": "",
        "XPURPOSE": "1",
        "OPERATINGR": "BNSF",
        "OPERATIN_1": "Primary",
        "DAYTHRU": 13,
        "NGHTTHRU": 13,
        "MAINTRK": 1,
        "SIDINGTRK": 0,
        "YARDTRK": 3,
        "TRANSITTRK": 0,
        "INDUSTRYTR": 0,
        "OTHRTRK": 0,
        "WDCODE": "",
        "REVISIONDA": "1996/01/01 00:00:00",
        "LASTUPDATE": "1/16/2025",
        "AADT": "",
        "AADTYEAR": "",
        "STATENAME": "TEXAS",
        "STATEAB": "TX",
        "COUNTYNAME": "WICHITA",
        "CITYNAME": "WICHITA FALLS",
        "LATDD": 33.911914,
        "LONGDD": -98.486727,
        "gridlyProductionCertified": true,
        "gridlyClassification": "PUBLIC_ROADWAY",
        "gridlyDisplayName": "PRIVATE",
        "gridlyId": "FRA-926455R"
      }
    },
    {
      "type": "Feature",
      "id": 205357,
      "geometry": {
        "type": "Point",
        "coordinates": [
          -98.4845700000493,
          33.910035900264
        ]
      },
      "properties": {
        "OBJECTID": 205357,
        "CROSSING": "675130L",
        "EFFDATE": 1736985600000,
        "REASON": "14",
        "StateCode": "48",
        "CountyCode": "48485",
        "STCYFIPS": "48485",
        "CITYCD": "484857490",
        "RAILROAD": "BNSF",
        "RRDIV": "RED RIVER",
        "RRSUBDIV": "WICHITA FALLS",
        "HIGHWAY": "TX 447",
        "STREET": "TX 447 SPUR",
        "TTSTN": "664300",
        "MILEPOST": "0113.860",
        "TYPEXING": "Public",
        "POSXING": "RR Under",
        "PRVCAT": "14",
        "INIT": "1",
        "LATITUDE": 33.9100359,
        "LONGITUD": -98.48457,
        "LLSOURCE": "1",
        "WHISTBAN": "0",
        "RRCONT": "8173521549",
        "POLCONT": "8008325452",
        "INV_LINK": "https://safetydata.fra.dot.gov/OfficeofSafety/PublicSite/Crossing/Crossing.aspx?phasetype=C&rpttype=I&txtcrossingnum=675130L",
        "ACC_LINK": "https://safetydata.fra.dot.gov/OfficeofSafety/PublicSite/Crossing/Crossing.aspx?phasetype=C&rpttype=A&txtcrossingnum=675130L",
        "TTSTNNAM": "WICHITA FALLS YD, TX",
        "XPURPOSE": "1",
        "OPERATINGR": "BNSF",
        "OPERATIN_1": "Primary",
        "DAYTHRU": 9,
        "NGHTTHRU": 8,
        "MAINTRK": 1,
        "SIDINGTRK": 0,
        "YARDTRK": 0,
        "TRANSITTRK": 0,
        "INDUSTRYTR": 0,
        "OTHRTRK": 1,
        "WDCODE": "",
        "REVISIONDA": "1996/01/01 00:00:00",
        "LASTUPDATE": "1/16/2025",
        "AADT": "005200",
        "AADTYEAR": "2011",
        "STATENAME": "TEXAS",
        "STATEAB": "TX",
        "COUNTYNAME": "WICHITA",
        "CITYNAME": "WICHITA FALLS",
        "LATDD": 33.9100359,
        "LONGDD": -98.48457,
        "gridlyProductionCertified": true,
        "gridlyClassification": "PUBLIC_ROADWAY",
        "gridlyDisplayName": "TX 447 SPUR",
        "gridlyId": "FRA-675130L"
      }
    },
    {
      "type": "Feature",
      "id": 205405,
      "geometry": {
        "type": "Point",
        "coordinates": [
          -98.48882499975,
          33.8979663001
        ]
      },
      "properties": {
        "OBJECTID": 205405,
        "CROSSING": "276562J",
        "EFFDATE": 1736812800000,
        "REASON": "14",
        "StateCode": "48",
        "CountyCode": "48485",
        "STCYFIPS": "48485",
        "CITYCD": "484857490",
        "RAILROAD": "BNSF",
        "RRDIV": "RED RIVER",
        "RRSUBDIV": "WICHITA FALLS YD, TX",
        "HIGHWAY": "ST 0000",
        "STREET": "BLUFF",
        "TTSTN": "664300",
        "MILEPOST": "0112.890",
        "TYPEXING": "Public",
        "POSXING": "At Grade",
        "PRVCAT": "14",
        "INIT": "1",
        "LATITUDE": 33.8979663,
        "LONGITUD": -98.488825,
        "LLSOURCE": "1",
        "WHISTBAN": "0",
        "RRCONT": "8173521549",
        "POLCONT": "8008325452",
        "INV_LINK": "https://safetydata.fra.dot.gov/OfficeofSafety/PublicSite/Crossing/Crossing.aspx?phasetype=C&rpttype=I&txtcrossingnum=276562J",
        "ACC_LINK": "https://safetydata.fra.dot.gov/OfficeofSafety/PublicSite/Crossing/Crossing.aspx?phasetype=C&rpttype=A&txtcrossingnum=276562J",
        "TTSTNNAM": "WICHITA FALLS YD, TX",
        "XPURPOSE": "1",
        "OPERATINGR": "BNSF",
        "OPERATIN_1": "Primary",
        "DAYTHRU": 0,
        "NGHTTHRU": 0,
        "MAINTRK": 0,
        "SIDINGTRK": 0,
        "YARDTRK": 2,
        "TRANSITTRK": 0,
        "INDUSTRYTR": 0,
        "OTHRTRK": 5,
        "WDCODE": "Crossbucks",
        "REVISIONDA": "1996/01/01 00:00:00",
        "LASTUPDATE": "1/14/2025",
        "AADT": "000080",
        "AADTYEAR": "2013",
        "STATENAME": "TEXAS",
        "STATEAB": "TX",
        "COUNTYNAME": "WICHITA",
        "CITYNAME": "WICHITA FALLS",
        "LATDD": 33.8979663,
        "LONGDD": -98.488825,
        "gridlyProductionCertified": true,
        "gridlyClassification": "PUBLIC_ROADWAY",
        "gridlyDisplayName": "BLUFF",
        "gridlyId": "FRA-276562J"
      }
    },
    {
      "type": "Feature",
      "id": 205502,
      "geometry": {
        "type": "Point",
        "coordinates": [
          -98.5423879998815,
          33.9309780001618
        ]
      },
      "properties": {
        "OBJECTID": 205502,
        "CROSSING": "930191E",
        "EFFDATE": 1736985600000,
        "REASON": "14",
        "StateCode": "48",
        "CountyCode": "48485",
        "STCYFIPS": "48485",
        "CITYCD": "484857490",
        "RAILROAD": "BNSF",
        "RRDIV": "TEXAS",
        "RRSUBDIV": "WICHITA FALLS",
        "HIGHWAY": "PRIVATE",
        "STREET": "RRYARD",
        "TTSTN": "",
        "MILEPOST": "0000.00",
        "TYPEXING": "Private",
        "POSXING": "At Grade",
        "PRVCAT": "14",
        "INIT": "1",
        "LATITUDE": 33.930978,
        "LONGITUD": -98.542388,
        "LLSOURCE": "1",
        "WHISTBAN": "0",
        "RRCONT": "8173521549",
        "POLCONT": "8008325452",
        "INV_LINK": "https://safetydata.fra.dot.gov/OfficeofSafety/PublicSite/Crossing/Crossing.aspx?phasetype=C&rpttype=I&txtcrossingnum=930191E",
        "ACC_LINK": "https://safetydata.fra.dot.gov/OfficeofSafety/PublicSite/Crossing/Crossing.aspx?phasetype=C&rpttype=A&txtcrossingnum=930191E",
        "TTSTNNAM": "",
        "XPURPOSE": "1",
        "OPERATINGR": "BNSF",
        "OPERATIN_1": "Primary",
        "DAYTHRU": 0,
        "NGHTTHRU": 0,
        "MAINTRK": 0,
        "SIDINGTRK": 0,
        "YARDTRK": 1,
        "TRANSITTRK": 0,
        "INDUSTRYTR": 0,
        "OTHRTRK": 1,
        "WDCODE": "",
        "REVISIONDA": "1996/01/01 00:00:00",
        "LASTUPDATE": "1/16/2025",
        "AADT": "",
        "AADTYEAR": "",
        "STATENAME": "TEXAS",
        "STATEAB": "TX",
        "COUNTYNAME": "WICHITA",
        "CITYNAME": "WICHITA FALLS",
        "LATDD": 33.930978,
        "LONGDD": -98.542388,
        "gridlyProductionCertified": true,
        "gridlyClassification": "PUBLIC_ROADWAY",
        "gridlyDisplayName": "RRYARD",
        "gridlyId": "FRA-930191E"
      }
    },
    {
      "type": "Feature",
      "id": 205572,
      "geometry": {
        "type": "Point",
        "coordinates": [
          -98.5237909996145,
          33.9283199001666
        ]
      },
      "properties": {
        "OBJECTID": 205572,
        "CROSSING": "274651U",
        "EFFDATE": 1736812800000,
        "REASON": "14",
        "StateCode": "48",
        "CountyCode": "48485",
        "STCYFIPS": "48485",
        "CITYCD": "484857490",
        "RAILROAD": "BNSF",
        "RRDIV": "RED RIVER",
        "RRSUBDIV": "RED RIVER VALLEY",
        "HIGHWAY": "ST 0000",
        "STREET": "JACQUELINE RD",
        "TTSTN": "664300",
        "MILEPOST": "0116.400",
        "TYPEXING": "Public",
        "POSXING": "At Grade",
        "PRVCAT": "14",
        "INIT": "1",
        "LATITUDE": 33.9283199,
        "LONGITUD": -98.523791,
        "LLSOURCE": "1",
        "WHISTBAN": "0",
        "RRCONT": "8173521549",
        "POLCONT": "8008325452",
        "INV_LINK": "https://safetydata.fra.dot.gov/OfficeofSafety/PublicSite/Crossing/Crossing.aspx?phasetype=C&rpttype=I&txtcrossingnum=274651U",
        "ACC_LINK": "https://safetydata.fra.dot.gov/OfficeofSafety/PublicSite/Crossing/Crossing.aspx?phasetype=C&rpttype=A&txtcrossingnum=274651U",
        "TTSTNNAM": "WICHITA FALLS YD, TX",
        "XPURPOSE": "1",
        "OPERATINGR": "BNSF",
        "OPERATIN_1": "Primary",
        "DAYTHRU": 7,
        "NGHTTHRU": 6,
        "MAINTRK": 1,
        "SIDINGTRK": 0,
        "YARDTRK": 0,
        "TRANSITTRK": 0,
        "INDUSTRYTR": 0,
        "OTHRTRK": 0,
        "WDCODE": "All other Gates",
        "REVISIONDA": "1996/01/01 00:00:00",
        "LASTUPDATE": "1/14/2025",
        "AADT": "496",
        "AADTYEAR": "2019",
        "STATENAME": "TEXAS",
        "STATEAB": "TX",
        "COUNTYNAME": "WICHITA",
        "CITYNAME": "WICHITA FALLS",
        "LATDD": 33.9283199,
        "LONGDD": -98.523791,
        "gridlyProductionCertified": true,
        "gridlyClassification": "PUBLIC_ROADWAY",
        "gridlyDisplayName": "JACQUELINE RD",
        "gridlyId": "FRA-274651U"
      }
    },
    {
      "type": "Feature",
      "id": 205608,
      "geometry": {
        "type": "Point",
        "coordinates": [
          -98.9170870000544,
          34.0279150998454
        ]
      },
      "properties": {
        "OBJECTID": 205608,
        "CROSSING": "274775M",
        "EFFDATE": 1736812800000,
        "REASON": "14",
        "StateCode": "48",
        "CountyCode": "48485",
        "STCYFIPS": "48485",
        "CITYCD": "484852150",
        "RAILROAD": "BNSF",
        "RRDIV": "RED RIVER",
        "RRSUBDIV": "RED RIVER VALLEY",
        "HIGHWAY": "ST 0000",
        "STREET": "S WILBARGER ST",
        "TTSTN": "664453",
        "MILEPOST": "0140.260",
        "TYPEXING": "Public",
        "POSXING": "At Grade",
        "PRVCAT": "14",
        "INIT": "1",
        "LATITUDE": 34.0279151,
        "LONGITUD": -98.917087,
        "LLSOURCE": "1",
        "WHISTBAN": "0",
        "RRCONT": "8173521549",
        "POLCONT": "8008325452",
        "INV_LINK": "https://safetydata.fra.dot.gov/OfficeofSafety/PublicSite/Crossing/Crossing.aspx?phasetype=C&rpttype=I&txtcrossingnum=274775M",
        "ACC_LINK": "https://safetydata.fra.dot.gov/OfficeofSafety/PublicSite/Crossing/Crossing.aspx?phasetype=C&rpttype=A&txtcrossingnum=274775M",
        "TTSTNNAM": "ELECTRA",
        "XPURPOSE": "1",
        "OPERATINGR": "BNSF",
        "OPERATIN_1": "Primary",
        "DAYTHRU": 7,
        "NGHTTHRU": 6,
        "MAINTRK": 1,
        "SIDINGTRK": 0,
        "YARDTRK": 0,
        "TRANSITTRK": 0,
        "INDUSTRYTR": 0,
        "OTHRTRK": 0,
        "WDCODE": "All other Gates",
        "REVISIONDA": "1996/01/01 00:00:00",
        "LASTUPDATE": "1/14/2025",
        "AADT": "328",
        "AADTYEAR": "2019",
        "STATENAME": "TEXAS",
        "STATEAB": "TX",
        "COUNTYNAME": "WICHITA",
        "CITYNAME": "ELECTRA",
        "LATDD": 34.0279151,
        "LONGDD": -98.917087,
        "gridlyProductionCertified": true,
        "gridlyClassification": "PUBLIC_ROADWAY",
        "gridlyDisplayName": "S WILBARGER ST",
        "gridlyId": "FRA-274775M"
      }
    },
    {
      "type": "Feature",
      "id": 205609,
      "geometry": {
        "type": "Point",
        "coordinates": [
          -98.9192370000077,
          34.0288944998619
        ]
      },
      "properties": {
        "OBJECTID": 205609,
        "CROSSING": "274810Y",
        "EFFDATE": 1736812800000,
        "REASON": "14",
        "StateCode": "48",
        "CountyCode": "48485",
        "STCYFIPS": "48485",
        "CITYCD": "484852150",
        "RAILROAD": "BNSF",
        "RRDIV": "RED RIVER",
        "RRSUBDIV": "RED RIVER VALLEY",
        "HIGHWAY": "ST 0000",
        "STREET": "MAIN ST",
        "TTSTN": "664453",
        "MILEPOST": "0140.395",
        "TYPEXING": "Public",
        "POSXING": "At Grade",
        "PRVCAT": "14",
        "INIT": "1",
        "LATITUDE": 34.0288945,
        "LONGITUD": -98.919237,
        "LLSOURCE": "1",
        "WHISTBAN": "0",
        "RRCONT": "8173521549",
        "POLCONT": "8008325452",
        "INV_LINK": "https://safetydata.fra.dot.gov/OfficeofSafety/PublicSite/Crossing/Crossing.aspx?phasetype=C&rpttype=I&txtcrossingnum=274810Y",
        "ACC_LINK": "https://safetydata.fra.dot.gov/OfficeofSafety/PublicSite/Crossing/Crossing.aspx?phasetype=C&rpttype=A&txtcrossingnum=274810Y",
        "TTSTNNAM": "ELECTRA",
        "XPURPOSE": "1",
        "OPERATINGR": "BNSF",
        "OPERATIN_1": "Primary",
        "DAYTHRU": 7,
        "NGHTTHRU": 6,
        "MAINTRK": 1,
        "SIDINGTRK": 0,
        "YARDTRK": 0,
        "TRANSITTRK": 0,
        "INDUSTRYTR": 0,
        "OTHRTRK": 0,
        "WDCODE": "All other Gates",
        "REVISIONDA": "1996/01/01 00:00:00",
        "LASTUPDATE": "1/14/2025",
        "AADT": "559",
        "AADTYEAR": "2019",
        "STATENAME": "TEXAS",
        "STATEAB": "TX",
        "COUNTYNAME": "WICHITA",
        "CITYNAME": "ELECTRA",
        "LATDD": 34.0288945,
        "LONGDD": -98.919237,
        "gridlyProductionCertified": true,
        "gridlyClassification": "PUBLIC_ROADWAY",
        "gridlyDisplayName": "MAIN ST",
        "gridlyId": "FRA-274810Y"
      }
    },
    {
      "type": "Feature",
      "id": 205612,
      "geometry": {
        "type": "Point",
        "coordinates": [
          -98.4859070004159,
          33.9045025999981
        ]
      },
      "properties": {
        "OBJECTID": 205612,
        "CROSSING": "276568A",
        "EFFDATE": 1736812800000,
        "REASON": "14",
        "StateCode": "48",
        "CountyCode": "48485",
        "STCYFIPS": "48485",
        "CITYCD": "484857490",
        "RAILROAD": "BNSF",
        "RRDIV": "RED RIVER",
        "RRSUBDIV": "WICHITA FALLS YD, TX",
        "HIGHWAY": "TX 447",
        "STREET": "WALNUT-SCOTT",
        "TTSTN": "664300",
        "MILEPOST": "0113.403",
        "TYPEXING": "Public",
        "POSXING": "At Grade",
        "PRVCAT": "14",
        "INIT": "1",
        "LATITUDE": 33.9045026,
        "LONGITUD": -98.485907,
        "LLSOURCE": "1",
        "WHISTBAN": "0",
        "RRCONT": "8173521549",
        "POLCONT": "8008325452",
        "INV_LINK": "https://safetydata.fra.dot.gov/OfficeofSafety/PublicSite/Crossing/Crossing.aspx?phasetype=C&rpttype=I&txtcrossingnum=276568A",
        "ACC_LINK": "https://safetydata.fra.dot.gov/OfficeofSafety/PublicSite/Crossing/Crossing.aspx?phasetype=C&rpttype=A&txtcrossingnum=276568A",
        "TTSTNNAM": "WICHITA FALLS YD, TX",
        "XPURPOSE": "1",
        "OPERATINGR": "BNSF",
        "OPERATIN_1": "Primary",
        "DAYTHRU": 0,
        "NGHTTHRU": 0,
        "MAINTRK": 0,
        "SIDINGTRK": 0,
        "YARDTRK": 1,
        "TRANSITTRK": 0,
        "INDUSTRYTR": 0,
        "OTHRTRK": 1,
        "WDCODE": "Highway signals, bells",
        "REVISIONDA": "1996/01/01 00:00:00",
        "LASTUPDATE": "1/14/2025",
        "AADT": "000070",
        "AADTYEAR": "2013",
        "STATENAME": "TEXAS",
        "STATEAB": "TX",
        "COUNTYNAME": "WICHITA",
        "CITYNAME": "WICHITA FALLS",
        "LATDD": 33.9045026,
        "LONGDD": -98.485907,
        "gridlyProductionCertified": true,
        "gridlyClassification": "PUBLIC_ROADWAY",
        "gridlyDisplayName": "WALNUT-SCOTT",
        "gridlyId": "FRA-276568A"
      }
    },
    {
      "type": "Feature",
      "id": 205620,
      "geometry": {
        "type": "Point",
        "coordinates": [
          -98.9527569997257,
          34.0441213002013
        ]
      },
      "properties": {
        "OBJECTID": 205620,
        "CROSSING": "274943R",
        "EFFDATE": 1736812800000,
        "REASON": "14",
        "StateCode": "48",
        "CountyCode": "48485",
        "STCYFIPS": "48485",
        "CITYCD": "484852150",
        "RAILROAD": "BNSF",
        "RRDIV": "RED RIVER",
        "RRSUBDIV": "RED RIVER VALLEY",
        "HIGHWAY": "CO 0000",
        "STREET": "COUNTY LINE RD S",
        "TTSTN": "664453",
        "MILEPOST": "0142.570",
        "TYPEXING": "Public",
        "POSXING": "At Grade",
        "PRVCAT": "14",
        "INIT": "1",
        "LATITUDE": 34.0441213,
        "LONGITUD": -98.952757,
        "LLSOURCE": "1",
        "WHISTBAN": "0",
        "RRCONT": "8173521549",
        "POLCONT": "8008325452",
        "INV_LINK": "https://safetydata.fra.dot.gov/OfficeofSafety/PublicSite/Crossing/Crossing.aspx?phasetype=C&rpttype=I&txtcrossingnum=274943R",
        "ACC_LINK": "https://safetydata.fra.dot.gov/OfficeofSafety/PublicSite/Crossing/Crossing.aspx?phasetype=C&rpttype=A&txtcrossingnum=274943R",
        "TTSTNNAM": "ELECTRA",
        "XPURPOSE": "1",
        "OPERATINGR": "BNSF",
        "OPERATIN_1": "Primary",
        "DAYTHRU": 7,
        "NGHTTHRU": 6,
        "MAINTRK": 1,
        "SIDINGTRK": 0,
        "YARDTRK": 0,
        "TRANSITTRK": 0,
        "INDUSTRYTR": 0,
        "OTHRTRK": 0,
        "WDCODE": "All other Gates",
        "REVISIONDA": "1996/01/01 00:00:00",
        "LASTUPDATE": "1/14/2025",
        "AADT": "123",
        "AADTYEAR": "2019",
        "STATENAME": "TEXAS",
        "STATEAB": "TX",
        "COUNTYNAME": "WICHITA",
        "CITYNAME": "ELECTRA",
        "LATDD": 34.0441213,
        "LONGDD": -98.952757,
        "gridlyProductionCertified": true,
        "gridlyClassification": "PUBLIC_ROADWAY",
        "gridlyDisplayName": "COUNTY LINE RD S",
        "gridlyId": "FRA-274943R"
      }
    },
    {
      "type": "Feature",
      "id": 205621,
      "geometry": {
        "type": "Point",
        "coordinates": [
          -98.9338559996851,
          34.0355368003699
        ]
      },
      "properties": {
        "OBJECTID": 205621,
        "CROSSING": "274945E",
        "EFFDATE": 1736812800000,
        "REASON": "14",
        "StateCode": "48",
        "CountyCode": "48485",
        "STCYFIPS": "48485",
        "CITYCD": "484852150",
        "RAILROAD": "BNSF",
        "RRDIV": "RED RIVER",
        "RRSUBDIV": "RED RIVER VALLEY",
        "HIGHWAY": "Not Yet Reported by State",
        "STREET": "PRIVATE",
        "TTSTN": "664453",
        "MILEPOST": "0141.336",
        "TYPEXING": "Private",
        "POSXING": "At Grade",
        "PRVCAT": "14",
        "INIT": "1",
        "LATITUDE": 34.0355368,
        "LONGITUD": -98.933856,
        "LLSOURCE": "1",
        "WHISTBAN": "0",
        "RRCONT": "8173521549",
        "POLCONT": "8008325452",
        "INV_LINK": "https://safetydata.fra.dot.gov/OfficeofSafety/PublicSite/Crossing/Crossing.aspx?phasetype=C&rpttype=I&txtcrossingnum=274945E",
        "ACC_LINK": "https://safetydata.fra.dot.gov/OfficeofSafety/PublicSite/Crossing/Crossing.aspx?phasetype=C&rpttype=A&txtcrossingnum=274945E",
        "TTSTNNAM": "ELECTRA",
        "XPURPOSE": "1",
        "OPERATINGR": "BNSF",
        "OPERATIN_1": "Primary",
        "DAYTHRU": 7,
        "NGHTTHRU": 6,
        "MAINTRK": 1,
        "SIDINGTRK": 0,
        "YARDTRK": 0,
        "TRANSITTRK": 0,
        "INDUSTRYTR": 0,
        "OTHRTRK": 0,
        "WDCODE": "",
        "REVISIONDA": "1996/01/01 00:00:00",
        "LASTUPDATE": "1/14/2025",
        "AADT": "",
        "AADTYEAR": "1978",
        "STATENAME": "TEXAS",
        "STATEAB": "TX",
        "COUNTYNAME": "WICHITA",
        "CITYNAME": "ELECTRA",
        "LATDD": 34.0355368,
        "LONGDD": -98.933856,
        "gridlyProductionCertified": true,
        "gridlyClassification": "PUBLIC_ROADWAY",
        "gridlyDisplayName": "PRIVATE",
        "gridlyId": "FRA-274945E"
      }
    },
    {
      "type": "Feature",
      "id": 205629,
      "geometry": {
        "type": "Point",
        "coordinates": [
          -98.9259739999226,
          34.0319553998058
        ]
      },
      "properties": {
        "OBJECTID": 205629,
        "CROSSING": "274947T",
        "EFFDATE": 1736812800000,
        "REASON": "14",
        "StateCode": "48",
        "CountyCode": "48485",
        "STCYFIPS": "48485",
        "CITYCD": "484852150",
        "RAILROAD": "BNSF",
        "RRDIV": "RED RIVER",
        "RRSUBDIV": "RED RIVER VALLEY",
        "HIGHWAY": "Not Yet Reported by State",
        "STREET": "PRIVATE",
        "TTSTN": "664453",
        "MILEPOST": "0140.825",
        "TYPEXING": "Private",
        "POSXING": "At Grade",
        "PRVCAT": "14",
        "INIT": "1",
        "LATITUDE": 34.0319554,
        "LONGITUD": -98.925974,
        "LLSOURCE": "1",
        "WHISTBAN": "0",
        "RRCONT": "8173521549",
        "POLCONT": "8008325452",
        "INV_LINK": "https://safetydata.fra.dot.gov/OfficeofSafety/PublicSite/Crossing/Crossing.aspx?phasetype=C&rpttype=I&txtcrossingnum=274947T",
        "ACC_LINK": "https://safetydata.fra.dot.gov/OfficeofSafety/PublicSite/Crossing/Crossing.aspx?phasetype=C&rpttype=A&txtcrossingnum=274947T",
        "TTSTNNAM": "ELECTRA",
        "XPURPOSE": "1",
        "OPERATINGR": "BNSF",
        "OPERATIN_1": "Primary",
        "DAYTHRU": 7,
        "NGHTTHRU": 6,
        "MAINTRK": 1,
        "SIDINGTRK": 0,
        "YARDTRK": 0,
        "TRANSITTRK": 0,
        "INDUSTRYTR": 0,
        "OTHRTRK": 0,
        "WDCODE": "",
        "REVISIONDA": "1996/01/01 00:00:00",
        "LASTUPDATE": "1/14/2025",
        "AADT": "",
        "AADTYEAR": "1988",
        "STATENAME": "TEXAS",
        "STATEAB": "TX",
        "COUNTYNAME": "WICHITA",
        "CITYNAME": "ELECTRA",
        "LATDD": 34.0319554,
        "LONGDD": -98.925974,
        "gridlyProductionCertified": true,
        "gridlyClassification": "PUBLIC_ROADWAY",
        "gridlyDisplayName": "PRIVATE",
        "gridlyId": "FRA-274947T"
      }
    },
    {
      "type": "Feature",
      "id": 205714,
      "geometry": {
        "type": "Point",
        "coordinates": [
          -98.5074010001005,
          33.9258000000395
        ]
      },
      "properties": {
        "OBJECTID": 205714,
        "CROSSING": "275335A",
        "EFFDATE": 1736812800000,
        "REASON": "14",
        "StateCode": "48",
        "CountyCode": "48485",
        "STCYFIPS": "48485",
        "CITYCD": "480097490",
        "RAILROAD": "BNSF",
        "RRDIV": "RED RIVER",
        "RRSUBDIV": "WICHITA FALLS YD, TX",
        "HIGHWAY": "ST 0000",
        "STREET": "OAK STREET",
        "TTSTN": "664300",
        "MILEPOST": "0113.509",
        "TYPEXING": "Public",
        "POSXING": "At Grade",
        "PRVCAT": "14",
        "INIT": "1",
        "LATITUDE": 33.9258,
        "LONGITUD": -98.507401,
        "LLSOURCE": "1",
        "WHISTBAN": "0",
        "RRCONT": "8173521549",
        "POLCONT": "8008325452",
        "INV_LINK": "https://safetydata.fra.dot.gov/OfficeofSafety/PublicSite/Crossing/Crossing.aspx?phasetype=C&rpttype=I&txtcrossingnum=275335A",
        "ACC_LINK": "https://safetydata.fra.dot.gov/OfficeofSafety/PublicSite/Crossing/Crossing.aspx?phasetype=C&rpttype=A&txtcrossingnum=275335A",
        "TTSTNNAM": "WICHITA FALLS YD, TX",
        "XPURPOSE": "1",
        "OPERATINGR": "BNSF",
        "OPERATIN_1": "Primary",
        "DAYTHRU": 0,
        "NGHTTHRU": 0,
        "MAINTRK": 0,
        "SIDINGTRK": 0,
        "YARDTRK": 1,
        "TRANSITTRK": 0,
        "INDUSTRYTR": 0,
        "OTHRTRK": 2,
        "WDCODE": "Crossbucks",
        "REVISIONDA": "1996/01/01 00:00:00",
        "LASTUPDATE": "1/14/2025",
        "AADT": "175",
        "AADTYEAR": "2019",
        "STATENAME": "TEXAS",
        "STATEAB": "TX",
        "COUNTYNAME": "WICHITA",
        "CITYNAME": "WICHITA FALLS",
        "LATDD": 33.9258,
        "LONGDD": -98.507401,
        "gridlyProductionCertified": true,
        "gridlyClassification": "PUBLIC_ROADWAY",
        "gridlyDisplayName": "OAK STREET",
        "gridlyId": "FRA-275335A"
      }
    },
    {
      "type": "Feature",
      "id": 205759,
      "geometry": {
        "type": "Point",
        "coordinates": [
          -98.4847059995935,
          33.9068720998126
        ]
      },
      "properties": {
        "OBJECTID": 205759,
        "CROSSING": "275336G",
        "EFFDATE": 1736812800000,
        "REASON": "14",
        "StateCode": "48",
        "CountyCode": "48485",
        "STCYFIPS": "48485",
        "CITYCD": "480097490",
        "RAILROAD": "BNSF",
        "RRDIV": "RED RIVER",
        "RRSUBDIV": "WICHITA FALLS YD, TX",
        "HIGHWAY": "ST 0000",
        "STREET": "MISSISSIPPI ST",
        "TTSTN": "664300",
        "MILEPOST": "0113.514",
        "TYPEXING": "Public",
        "POSXING": "At Grade",
        "PRVCAT": "14",
        "INIT": "1",
        "LATITUDE": 33.9068721,
        "LONGITUD": -98.484706,
        "LLSOURCE": "1",
        "WHISTBAN": "0",
        "RRCONT": "8173521549",
        "POLCONT": "8008325452",
        "INV_LINK": "https://safetydata.fra.dot.gov/OfficeofSafety/PublicSite/Crossing/Crossing.aspx?phasetype=C&rpttype=I&txtcrossingnum=275336G",
        "ACC_LINK": "https://safetydata.fra.dot.gov/OfficeofSafety/PublicSite/Crossing/Crossing.aspx?phasetype=C&rpttype=A&txtcrossingnum=275336G",
        "TTSTNNAM": "WICHITA FALLS YD, TX",
        "XPURPOSE": "1",
        "OPERATINGR": "BNSF",
        "OPERATIN_1": "Primary",
        "DAYTHRU": 0,
        "NGHTTHRU": 0,
        "MAINTRK": 0,
        "SIDINGTRK": 0,
        "YARDTRK": 2,
        "TRANSITTRK": 0,
        "INDUSTRYTR": 0,
        "OTHRTRK": 2,
        "WDCODE": "Crossbucks",
        "REVISIONDA": "1996/01/01 00:00:00",
        "LASTUPDATE": "1/14/2025",
        "AADT": "85",
        "AADTYEAR": "2019",
        "STATENAME": "TEXAS",
        "STATEAB": "TX",
        "COUNTYNAME": "WICHITA",
        "CITYNAME": "WICHITA FALLS",
        "LATDD": 33.9068721,
        "LONGDD": -98.484706,
        "gridlyProductionCertified": true,
        "gridlyClassification": "PUBLIC_ROADWAY",
        "gridlyDisplayName": "MISSISSIPPI ST",
        "gridlyId": "FRA-275336G"
      }
    },
    {
      "type": "Feature",
      "id": 205760,
      "geometry": {
        "type": "Point",
        "coordinates": [
          -98.4833799999958,
          33.9068291000543
        ]
      },
      "properties": {
        "OBJECTID": 205760,
        "CROSSING": "275337N",
        "EFFDATE": 1736812800000,
        "REASON": "14",
        "StateCode": "48",
        "CountyCode": "48485",
        "STCYFIPS": "48485",
        "CITYCD": "480097490",
        "RAILROAD": "BNSF",
        "RRDIV": "RED RIVER",
        "RRSUBDIV": "WICHITA FALLS YD, TX",
        "HIGHWAY": "ST 0000",
        "STREET": "VIRGINIA ST",
        "TTSTN": "664300",
        "MILEPOST": "0113.503",
        "TYPEXING": "Public",
        "POSXING": "At Grade",
        "PRVCAT": "14",
        "INIT": "1",
        "LATITUDE": 33.9068291,
        "LONGITUD": -98.48338,
        "LLSOURCE": "1",
        "WHISTBAN": "0",
        "RRCONT": "8173521549",
        "POLCONT": "8008325452",
        "INV_LINK": "https://safetydata.fra.dot.gov/OfficeofSafety/PublicSite/Crossing/Crossing.aspx?phasetype=C&rpttype=I&txtcrossingnum=275337N",
        "ACC_LINK": "https://safetydata.fra.dot.gov/OfficeofSafety/PublicSite/Crossing/Crossing.aspx?phasetype=C&rpttype=A&txtcrossingnum=275337N",
        "TTSTNNAM": "WICHITA FALLS YD, TX",
        "XPURPOSE": "1",
        "OPERATINGR": "BNSF",
        "OPERATIN_1": "Primary",
        "DAYTHRU": 0,
        "NGHTTHRU": 0,
        "MAINTRK": 0,
        "SIDINGTRK": 0,
        "YARDTRK": 1,
        "TRANSITTRK": 0,
        "INDUSTRYTR": 0,
        "OTHRTRK": 1,
        "WDCODE": "Crossbucks",
        "REVISIONDA": "1996/01/01 00:00:00",
        "LASTUPDATE": "1/14/2025",
        "AADT": "200",
        "AADTYEAR": "2019",
        "STATENAME": "TEXAS",
        "STATEAB": "TX",
        "COUNTYNAME": "WICHITA",
        "CITYNAME": "WICHITA FALLS",
        "LATDD": 33.9068291,
        "LONGDD": -98.48338,
        "gridlyProductionCertified": true,
        "gridlyClassification": "PUBLIC_ROADWAY",
        "gridlyDisplayName": "VIRGINIA ST",
        "gridlyId": "FRA-275337N"
      }
    },
    {
      "type": "Feature",
      "id": 205763,
      "geometry": {
        "type": "Point",
        "coordinates": [
          -98.5778209997263,
          33.8669370001891
        ]
      },
      "properties": {
        "OBJECTID": 205763,
        "CROSSING": "276367J",
        "EFFDATE": 1736812800000,
        "REASON": "14",
        "StateCode": "48",
        "CountyCode": "48485",
        "STCYFIPS": "48485",
        "CITYCD": "484857490",
        "RAILROAD": "BNSF",
        "RRDIV": "RED RIVER",
        "RRSUBDIV": "VALLEY JCT-ALLENDALE",
        "HIGHWAY": "ST 0000",
        "STREET": "BARNETT RD",
        "TTSTN": "664475",
        "MILEPOST": "0006.600",
        "TYPEXING": "Public",
        "POSXING": "At Grade",
        "PRVCAT": "14",
        "INIT": "1",
        "LATITUDE": 33.866937,
        "LONGITUD": -98.577821,
        "LLSOURCE": "1",
        "WHISTBAN": "0",
        "RRCONT": "8173521549",
        "POLCONT": "8008325452",
        "INV_LINK": "https://safetydata.fra.dot.gov/OfficeofSafety/PublicSite/Crossing/Crossing.aspx?phasetype=C&rpttype=I&txtcrossingnum=276367J",
        "ACC_LINK": "https://safetydata.fra.dot.gov/OfficeofSafety/PublicSite/Crossing/Crossing.aspx?phasetype=C&rpttype=A&txtcrossingnum=276367J",
        "TTSTNNAM": "HOWARD",
        "XPURPOSE": "1",
        "OPERATINGR": "BNSF",
        "OPERATIN_1": "Primary",
        "DAYTHRU": 0,
        "NGHTTHRU": 0,
        "MAINTRK": 0,
        "SIDINGTRK": 0,
        "YARDTRK": 1,
        "TRANSITTRK": 0,
        "INDUSTRYTR": 0,
        "OTHRTRK": 1,
        "WDCODE": "Flashing lights",
        "REVISIONDA": "1996/01/01 00:00:00",
        "LASTUPDATE": "1/14/2025",
        "AADT": "14894",
        "AADTYEAR": "2019",
        "STATENAME": "TEXAS",
        "STATEAB": "TX",
        "COUNTYNAME": "WICHITA",
        "CITYNAME": "WICHITA FALLS",
        "LATDD": 33.866937,
        "LONGDD": -98.577821,
        "gridlyProductionCertified": true,
        "gridlyClassification": "PUBLIC_ROADWAY",
        "gridlyDisplayName": "BARNETT RD",
        "gridlyId": "FRA-276367J"
      }
    },
    {
      "type": "Feature",
      "id": 205767,
      "geometry": {
        "type": "Point",
        "coordinates": [
          -98.6236479996851,
          33.8425729998267
        ]
      },
      "properties": {
        "OBJECTID": 205767,
        "CROSSING": "276363G",
        "EFFDATE": 1736812800000,
        "REASON": "14",
        "StateCode": "48",
        "CountyCode": "48485",
        "STCYFIPS": "48485",
        "CITYCD": "480097490",
        "RAILROAD": "BNSF",
        "RRDIV": "RED RIVER",
        "RRSUBDIV": "WICHITA FALLS YD, TX",
        "HIGHWAY": "PRIVATE",
        "STREET": "PRIVATE ROAD",
        "TTSTN": "682492",
        "MILEPOST": "0113.792",
        "TYPEXING": "Private",
        "POSXING": "At Grade",
        "PRVCAT": "14",
        "INIT": "1",
        "LATITUDE": 33.842573,
        "LONGITUD": -98.623648,
        "LLSOURCE": "1",
        "WHISTBAN": "0",
        "RRCONT": "8173521549",
        "POLCONT": "8008325452",
        "INV_LINK": "https://safetydata.fra.dot.gov/OfficeofSafety/PublicSite/Crossing/Crossing.aspx?phasetype=C&rpttype=I&txtcrossingnum=276363G",
        "ACC_LINK": "https://safetydata.fra.dot.gov/OfficeofSafety/PublicSite/Crossing/Crossing.aspx?phasetype=C&rpttype=A&txtcrossingnum=276363G",
        "TTSTNNAM": "VALLEY JCT",
        "XPURPOSE": "1",
        "OPERATINGR": "BNSF",
        "OPERATIN_1": "Primary",
        "DAYTHRU": 0,
        "NGHTTHRU": 0,
        "MAINTRK": 0,
        "SIDINGTRK": 0,
        "YARDTRK": 1,
        "TRANSITTRK": 0,
        "INDUSTRYTR": 0,
        "OTHRTRK": 0,
        "WDCODE": "",
        "REVISIONDA": "1996/01/01 00:00:00",
        "LASTUPDATE": "1/14/2025",
        "AADT": "",
        "AADTYEAR": "1970",
        "STATENAME": "TEXAS",
        "STATEAB": "TX",
        "COUNTYNAME": "WICHITA",
        "CITYNAME": "WICHITA FALLS",
        "LATDD": 33.842573,
        "LONGDD": -98.623648,
        "gridlyProductionCertified": true,
        "gridlyClassification": "PUBLIC_ROADWAY",
        "gridlyDisplayName": "PRIVATE ROAD",
        "gridlyId": "FRA-276363G"
      }
    },
    {
      "type": "Feature",
      "id": 205773,
      "geometry": {
        "type": "Point",
        "coordinates": [
          -98.4922030002899,
          33.9173010003664
        ]
      },
      "properties": {
        "OBJECTID": 205773,
        "CROSSING": "276366C",
        "EFFDATE": 1736812800000,
        "REASON": "14",
        "StateCode": "48",
        "CountyCode": "48485",
        "STCYFIPS": "48485",
        "CITYCD": "480097490",
        "RAILROAD": "BNSF",
        "RRDIV": "RED RIVER",
        "RRSUBDIV": "VALLEY JCT-ALLENDALE",
        "HIGHWAY": "FM 0369",
        "STREET": "FM 369",
        "TTSTN": "682492",
        "MILEPOST": "0007.625",
        "TYPEXING": "Public",
        "POSXING": "At Grade",
        "PRVCAT": "14",
        "INIT": "1",
        "LATITUDE": 33.917301,
        "LONGITUD": -98.492203,
        "LLSOURCE": "1",
        "WHISTBAN": "0",
        "RRCONT": "8173521549",
        "POLCONT": "8008325452",
        "INV_LINK": "https://safetydata.fra.dot.gov/OfficeofSafety/PublicSite/Crossing/Crossing.aspx?phasetype=C&rpttype=I&txtcrossingnum=276366C",
        "ACC_LINK": "https://safetydata.fra.dot.gov/OfficeofSafety/PublicSite/Crossing/Crossing.aspx?phasetype=C&rpttype=A&txtcrossingnum=276366C",
        "TTSTNNAM": "VALLEY JCT",
        "XPURPOSE": "1",
        "OPERATINGR": "BNSF",
        "OPERATIN_1": "Primary",
        "DAYTHRU": 0,
        "NGHTTHRU": 0,
        "MAINTRK": 0,
        "SIDINGTRK": 0,
        "YARDTRK": 1,
        "TRANSITTRK": 0,
        "INDUSTRYTR": 0,
        "OTHRTRK": 0,
        "WDCODE": "Flashing lights",
        "REVISIONDA": "1996/01/01 00:00:00",
        "LASTUPDATE": "1/14/2025",
        "AADT": "14829",
        "AADTYEAR": "2019",
        "STATENAME": "TEXAS",
        "STATEAB": "TX",
        "COUNTYNAME": "WICHITA",
        "CITYNAME": "WICHITA FALLS",
        "LATDD": 33.917301,
        "LONGDD": -98.492203,
        "gridlyProductionCertified": true,
        "gridlyClassification": "PUBLIC_ROADWAY",
        "gridlyDisplayName": "FM 369",
        "gridlyId": "FRA-276366C"
      }
    },
    {
      "type": "Feature",
      "id": 205774,
      "geometry": {
        "type": "Point",
        "coordinates": [
          -98.5697869996278,
          33.8722482996729
        ]
      },
      "properties": {
        "OBJECTID": 205774,
        "CROSSING": "276368R",
        "EFFDATE": 1736812800000,
        "REASON": "14",
        "StateCode": "48",
        "CountyCode": "48485",
        "STCYFIPS": "48485",
        "CITYCD": "480097490",
        "RAILROAD": "BNSF",
        "RRDIV": "RED RIVER",
        "RRSUBDIV": "VALLEY JCT-ALLENDALE",
        "HIGHWAY": "US277",
        "STREET": "US 0082",
        "TTSTN": "664300",
        "MILEPOST": "0006.057",
        "TYPEXING": "Public",
        "POSXING": "RR Under",
        "PRVCAT": "14",
        "INIT": "1",
        "LATITUDE": 33.8722483,
        "LONGITUD": -98.569787,
        "LLSOURCE": "1",
        "WHISTBAN": "0",
        "RRCONT": "8173521549",
        "POLCONT": "8008325452",
        "INV_LINK": "https://safetydata.fra.dot.gov/OfficeofSafety/PublicSite/Crossing/Crossing.aspx?phasetype=C&rpttype=I&txtcrossingnum=276368R",
        "ACC_LINK": "https://safetydata.fra.dot.gov/OfficeofSafety/PublicSite/Crossing/Crossing.aspx?phasetype=C&rpttype=A&txtcrossingnum=276368R",
        "TTSTNNAM": "WICHITA FALLS YD, TX",
        "XPURPOSE": "1",
        "OPERATINGR": "BNSF",
        "OPERATIN_1": "Primary",
        "DAYTHRU": 0,
        "NGHTTHRU": 0,
        "MAINTRK": 1,
        "SIDINGTRK": 0,
        "YARDTRK": 0,
        "TRANSITTRK": 0,
        "INDUSTRYTR": 0,
        "OTHRTRK": 0,
        "WDCODE": "",
        "REVISIONDA": "1996/01/01 00:00:00",
        "LASTUPDATE": "1/14/2025",
        "AADT": "025240",
        "AADTYEAR": "2011",
        "STATENAME": "TEXAS",
        "STATEAB": "TX",
        "COUNTYNAME": "WICHITA",
        "CITYNAME": "WICHITA FALLS",
        "LATDD": 33.8722483,
        "LONGDD": -98.569787,
        "gridlyProductionCertified": true,
        "gridlyClassification": "PUBLIC_ROADWAY",
        "gridlyDisplayName": "US 0082",
        "gridlyId": "FRA-276368R"
      }
    },
    {
      "type": "Feature",
      "id": 205778,
      "geometry": {
        "type": "Point",
        "coordinates": [
          -98.5664299999026,
          33.9190025996511
        ]
      },
      "properties": {
        "OBJECTID": 205778,
        "CROSSING": "276374U",
        "EFFDATE": 1736812800000,
        "REASON": "14",
        "StateCode": "48",
        "CountyCode": "48485",
        "STCYFIPS": "48485",
        "CITYCD": "480097490",
        "RAILROAD": "BNSF",
        "RRDIV": "RED RIVER",
        "RRSUBDIV": "VALLEY JCT-ALLENDALE",
        "HIGHWAY": "FM 0367",
        "STREET": "FM 0367",
        "TTSTN": "664300",
        "MILEPOST": "0002.821",
        "TYPEXING": "Public",
        "POSXING": "At Grade",
        "PRVCAT": "14",
        "INIT": "1",
        "LATITUDE": 33.9190026,
        "LONGITUD": -98.56643,
        "LLSOURCE": "1",
        "WHISTBAN": "0",
        "RRCONT": "8173521549",
        "POLCONT": "8008325452",
        "INV_LINK": "https://safetydata.fra.dot.gov/OfficeofSafety/PublicSite/Crossing/Crossing.aspx?phasetype=C&rpttype=I&txtcrossingnum=276374U",
        "ACC_LINK": "https://safetydata.fra.dot.gov/OfficeofSafety/PublicSite/Crossing/Crossing.aspx?phasetype=C&rpttype=A&txtcrossingnum=276374U",
        "TTSTNNAM": "WICHITA FALLS YD, TX",
        "XPURPOSE": "1",
        "OPERATINGR": "BNSF",
        "OPERATIN_1": "Primary",
        "DAYTHRU": 0,
        "NGHTTHRU": 0,
        "MAINTRK": 0,
        "SIDINGTRK": 0,
        "YARDTRK": 1,
        "TRANSITTRK": 0,
        "INDUSTRYTR": 0,
        "OTHRTRK": 1,
        "WDCODE": "Flashing lights",
        "REVISIONDA": "1996/01/01 00:00:00",
        "LASTUPDATE": "1/14/2025",
        "AADT": "892",
        "AADTYEAR": "2019",
        "STATENAME": "TEXAS",
        "STATEAB": "TX",
        "COUNTYNAME": "WICHITA",
        "CITYNAME": "WICHITA FALLS",
        "LATDD": 33.9190026,
        "LONGDD": -98.56643,
        "gridlyProductionCertified": true,
        "gridlyClassification": "PUBLIC_ROADWAY",
        "gridlyDisplayName": "FM 0367",
        "gridlyId": "FRA-276374U"
      }
    },
    {
      "type": "Feature",
      "id": 205779,
      "geometry": {
        "type": "Point",
        "coordinates": [
          -98.837244000085,
          33.9944323003409
        ]
      },
      "properties": {
        "OBJECTID": 205779,
        "CROSSING": "274971U",
        "EFFDATE": 1736812800000,
        "REASON": "14",
        "StateCode": "48",
        "CountyCode": "48485",
        "STCYFIPS": "48485",
        "CITYCD": "484853390",
        "RAILROAD": "BNSF",
        "RRDIV": "RED RIVER",
        "RRSUBDIV": "RED RIVER VALLEY",
        "HIGHWAY": "FM 2384",
        "STREET": "FOWLKES STATION RD",
        "TTSTN": "664457",
        "MILEPOST": "0135.110",
        "TYPEXING": "Public",
        "POSXING": "At Grade",
        "PRVCAT": "14",
        "INIT": "1",
        "LATITUDE": 33.9944323,
        "LONGITUD": -98.837244,
        "LLSOURCE": "1",
        "WHISTBAN": "0",
        "RRCONT": "8173521549",
        "POLCONT": "8008325452",
        "INV_LINK": "https://safetydata.fra.dot.gov/OfficeofSafety/PublicSite/Crossing/Crossing.aspx?phasetype=C&rpttype=I&txtcrossingnum=274971U",
        "ACC_LINK": "https://safetydata.fra.dot.gov/OfficeofSafety/PublicSite/Crossing/Crossing.aspx?phasetype=C&rpttype=A&txtcrossingnum=274971U",
        "TTSTNNAM": "FOWLKES",
        "XPURPOSE": "1",
        "OPERATINGR": "BNSF",
        "OPERATIN_1": "Primary",
        "DAYTHRU": 7,
        "NGHTTHRU": 6,
        "MAINTRK": 1,
        "SIDINGTRK": 0,
        "YARDTRK": 0,
        "TRANSITTRK": 0,
        "INDUSTRYTR": 0,
        "OTHRTRK": 0,
        "WDCODE": "All other Gates",
        "REVISIONDA": "1996/01/01 00:00:00",
        "LASTUPDATE": "1/14/2025",
        "AADT": "66",
        "AADTYEAR": "2019",
        "STATENAME": "TEXAS",
        "STATEAB": "TX",
        "COUNTYNAME": "WICHITA",
        "CITYNAME": "IOWA PARK",
        "LATDD": 33.9944323,
        "LONGDD": -98.837244,
        "gridlyProductionCertified": true,
        "gridlyClassification": "PUBLIC_ROADWAY",
        "gridlyDisplayName": "FOWLKES STATION RD",
        "gridlyId": "FRA-274971U"
      }
    },
    {
      "type": "Feature",
      "id": 205780,
      "geometry": {
        "type": "Point",
        "coordinates": [
          -98.8180479995934,
          33.9863832000117
        ]
      },
      "properties": {
        "OBJECTID": 205780,
        "CROSSING": "274973H",
        "EFFDATE": 1736812800000,
        "REASON": "14",
        "StateCode": "48",
        "CountyCode": "48485",
        "STCYFIPS": "48485",
        "CITYCD": "484853390",
        "RAILROAD": "BNSF",
        "RRDIV": "RED RIVER",
        "RRSUBDIV": "RED RIVER VALLEY",
        "HIGHWAY": "Not Yet Reported by State",
        "STREET": "PRIVATE",
        "TTSTN": "664457",
        "MILEPOST": "0133.890",
        "TYPEXING": "Private",
        "POSXING": "At Grade",
        "PRVCAT": "14",
        "INIT": "1",
        "LATITUDE": 33.9863832,
        "LONGITUD": -98.818048,
        "LLSOURCE": "1",
        "WHISTBAN": "0",
        "RRCONT": "8173521549",
        "POLCONT": "8008325452",
        "INV_LINK": "https://safetydata.fra.dot.gov/OfficeofSafety/PublicSite/Crossing/Crossing.aspx?phasetype=C&rpttype=I&txtcrossingnum=274973H",
        "ACC_LINK": "https://safetydata.fra.dot.gov/OfficeofSafety/PublicSite/Crossing/Crossing.aspx?phasetype=C&rpttype=A&txtcrossingnum=274973H",
        "TTSTNNAM": "FOWLKES",
        "XPURPOSE": "1",
        "OPERATINGR": "BNSF",
        "OPERATIN_1": "Primary",
        "DAYTHRU": 7,
        "NGHTTHRU": 6,
        "MAINTRK": 1,
        "SIDINGTRK": 0,
        "YARDTRK": 0,
        "TRANSITTRK": 0,
        "INDUSTRYTR": 0,
        "OTHRTRK": 0,
        "WDCODE": "",
        "REVISIONDA": "1996/01/01 00:00:00",
        "LASTUPDATE": "1/14/2025",
        "AADT": "",
        "AADTYEAR": "1978",
        "STATENAME": "TEXAS",
        "STATEAB": "TX",
        "COUNTYNAME": "WICHITA",
        "CITYNAME": "IOWA PARK",
        "LATDD": 33.9863832,
        "LONGDD": -98.818048,
        "gridlyProductionCertified": true,
        "gridlyClassification": "PUBLIC_ROADWAY",
        "gridlyDisplayName": "PRIVATE",
        "gridlyId": "FRA-274973H"
      }
    },
    {
      "type": "Feature",
      "id": 205781,
      "geometry": {
        "type": "Point",
        "coordinates": [
          -98.8051060000411,
          33.9809549997536
        ]
      },
      "properties": {
        "OBJECTID": 205781,
        "CROSSING": "274974P",
        "EFFDATE": 1736812800000,
        "REASON": "14",
        "StateCode": "48",
        "CountyCode": "48485",
        "STCYFIPS": "48485",
        "CITYCD": "484853390",
        "RAILROAD": "BNSF",
        "RRDIV": "RED RIVER",
        "RRSUBDIV": "RED RIVER VALLEY",
        "HIGHWAY": "Not Yet Reported by State",
        "STREET": "PRIVATE",
        "TTSTN": "664457",
        "MILEPOST": "0133.050",
        "TYPEXING": "Private",
        "POSXING": "At Grade",
        "PRVCAT": "14",
        "INIT": "1",
        "LATITUDE": 33.980955,
        "LONGITUD": -98.805106,
        "LLSOURCE": "1",
        "WHISTBAN": "0",
        "RRCONT": "8173521549",
        "POLCONT": "8008325452",
        "INV_LINK": "https://safetydata.fra.dot.gov/OfficeofSafety/PublicSite/Crossing/Crossing.aspx?phasetype=C&rpttype=I&txtcrossingnum=274974P",
        "ACC_LINK": "https://safetydata.fra.dot.gov/OfficeofSafety/PublicSite/Crossing/Crossing.aspx?phasetype=C&rpttype=A&txtcrossingnum=274974P",
        "TTSTNNAM": "FOWLKES",
        "XPURPOSE": "1",
        "OPERATINGR": "BNSF",
        "OPERATIN_1": "Primary",
        "DAYTHRU": 7,
        "NGHTTHRU": 6,
        "MAINTRK": 1,
        "SIDINGTRK": 0,
        "YARDTRK": 0,
        "TRANSITTRK": 0,
        "INDUSTRYTR": 0,
        "OTHRTRK": 0,
        "WDCODE": "",
        "REVISIONDA": "1996/01/01 00:00:00",
        "LASTUPDATE": "1/14/2025",
        "AADT": "",
        "AADTYEAR": "1978",
        "STATENAME": "TEXAS",
        "STATEAB": "TX",
        "COUNTYNAME": "WICHITA",
        "CITYNAME": "IOWA PARK",
        "LATDD": 33.980955,
        "LONGDD": -98.805106,
        "gridlyProductionCertified": true,
        "gridlyClassification": "PUBLIC_ROADWAY",
        "gridlyDisplayName": "PRIVATE",
        "gridlyId": "FRA-274974P"
      }
    },
    {
      "type": "Feature",
      "id": 205782,
      "geometry": {
        "type": "Point",
        "coordinates": [
          -98.5689899999347,
          33.8832432999314
        ]
      },
      "properties": {
        "OBJECTID": 205782,
        "CROSSING": "276371Y",
        "EFFDATE": 1736812800000,
        "REASON": "14",
        "StateCode": "48",
        "CountyCode": "48485",
        "STCYFIPS": "48485",
        "CITYCD": "484857490",
        "RAILROAD": "BNSF",
        "RRDIV": "RED RIVER",
        "RRSUBDIV": "VALLEY JCT-ALLENDALE",
        "HIGHWAY": "BU 0277 ",
        "STREET": "BU 0277",
        "TTSTN": "664300",
        "MILEPOST": "0005.298",
        "TYPEXING": "Public",
        "POSXING": "RR Under",
        "PRVCAT": "14",
        "INIT": "1",
        "LATITUDE": 33.8832433,
        "LONGITUD": -98.56899,
        "LLSOURCE": "1",
        "WHISTBAN": "0",
        "RRCONT": "8173521549",
        "POLCONT": "8008325452",
        "INV_LINK": "https://safetydata.fra.dot.gov/OfficeofSafety/PublicSite/Crossing/Crossing.aspx?phasetype=C&rpttype=I&txtcrossingnum=276371Y",
        "ACC_LINK": "https://safetydata.fra.dot.gov/OfficeofSafety/PublicSite/Crossing/Crossing.aspx?phasetype=C&rpttype=A&txtcrossingnum=276371Y",
        "TTSTNNAM": "WICHITA FALLS YD, TX",
        "XPURPOSE": "1",
        "OPERATINGR": "BNSF",
        "OPERATIN_1": "Primary",
        "DAYTHRU": 0,
        "NGHTTHRU": 0,
        "MAINTRK": 1,
        "SIDINGTRK": 0,
        "YARDTRK": 0,
        "TRANSITTRK": 0,
        "INDUSTRYTR": 0,
        "OTHRTRK": 0,
        "WDCODE": "",
        "REVISIONDA": "1996/01/01 00:00:00",
        "LASTUPDATE": "1/14/2025",
        "AADT": "003700",
        "AADTYEAR": "2009",
        "STATENAME": "TEXAS",
        "STATEAB": "TX",
        "COUNTYNAME": "WICHITA",
        "CITYNAME": "WICHITA FALLS",
        "LATDD": 33.8832433,
        "LONGDD": -98.56899,
        "gridlyProductionCertified": true,
        "gridlyClassification": "PUBLIC_ROADWAY",
        "gridlyDisplayName": "BU 0277",
        "gridlyId": "FRA-276371Y"
      }
    },
    {
      "type": "Feature",
      "id": 205783,
      "geometry": {
        "type": "Point",
        "coordinates": [
          -98.5205679997837,
          33.9278153998743
        ]
      },
      "properties": {
        "OBJECTID": 205783,
        "CROSSING": "274976D",
        "EFFDATE": 1736812800000,
        "REASON": "14",
        "StateCode": "48",
        "CountyCode": "48485",
        "STCYFIPS": "48485",
        "CITYCD": "484857490",
        "RAILROAD": "BNSF",
        "RRDIV": "RED RIVER",
        "RRSUBDIV": "RED RIVER VALLEY",
        "HIGHWAY": "Not Yet Reported by State",
        "STREET": "PRIVATE",
        "TTSTN": "664300",
        "MILEPOST": "0116.211",
        "TYPEXING": "Private",
        "POSXING": "At Grade",
        "PRVCAT": "14",
        "INIT": "1",
        "LATITUDE": 33.9278154,
        "LONGITUD": -98.520568,
        "LLSOURCE": "1",
        "WHISTBAN": "0",
        "RRCONT": "8173521549",
        "POLCONT": "8008325452",
        "INV_LINK": "https://safetydata.fra.dot.gov/OfficeofSafety/PublicSite/Crossing/Crossing.aspx?phasetype=C&rpttype=I&txtcrossingnum=274976D",
        "ACC_LINK": "https://safetydata.fra.dot.gov/OfficeofSafety/PublicSite/Crossing/Crossing.aspx?phasetype=C&rpttype=A&txtcrossingnum=274976D",
        "TTSTNNAM": "WICHITA FALLS YD, TX",
        "XPURPOSE": "1",
        "OPERATINGR": "BNSF",
        "OPERATIN_1": "Primary",
        "DAYTHRU": 7,
        "NGHTTHRU": 6,
        "MAINTRK": 1,
        "SIDINGTRK": 0,
        "YARDTRK": 0,
        "TRANSITTRK": 0,
        "INDUSTRYTR": 0,
        "OTHRTRK": 0,
        "WDCODE": "",
        "REVISIONDA": "1996/01/01 00:00:00",
        "LASTUPDATE": "1/14/2025",
        "AADT": "",
        "AADTYEAR": "1978",
        "STATENAME": "TEXAS",
        "STATEAB": "TX",
        "COUNTYNAME": "WICHITA",
        "CITYNAME": "WICHITA FALLS",
        "LATDD": 33.9278154,
        "LONGDD": -98.520568,
        "gridlyProductionCertified": true,
        "gridlyClassification": "PUBLIC_ROADWAY",
        "gridlyDisplayName": "PRIVATE",
        "gridlyId": "FRA-274976D"
      }
    },
    {
      "type": "Feature",
      "id": 205784,
      "geometry": {
        "type": "Point",
        "coordinates": [
          -98.5138109997773,
          33.9268066996571
        ]
      },
      "properties": {
        "OBJECTID": 205784,
        "CROSSING": "274977K",
        "EFFDATE": 1736812800000,
        "REASON": "14",
        "StateCode": "48",
        "CountyCode": "48485",
        "STCYFIPS": "48485",
        "CITYCD": "484857490",
        "RAILROAD": "BNSF",
        "RRDIV": "RED RIVER",
        "RRSUBDIV": "RED RIVER VALLEY",
        "HIGHWAY": "I-44",
        "STREET": "CENTRAL FWY",
        "TTSTN": "664300",
        "MILEPOST": "0115.820",
        "TYPEXING": "Public",
        "POSXING": "RR Under",
        "PRVCAT": "14",
        "INIT": "1",
        "LATITUDE": 33.9268067,
        "LONGITUD": -98.513811,
        "LLSOURCE": "1",
        "WHISTBAN": "0",
        "RRCONT": "8173521549",
        "POLCONT": "8008325452",
        "INV_LINK": "https://safetydata.fra.dot.gov/OfficeofSafety/PublicSite/Crossing/Crossing.aspx?phasetype=C&rpttype=I&txtcrossingnum=274977K",
        "ACC_LINK": "https://safetydata.fra.dot.gov/OfficeofSafety/PublicSite/Crossing/Crossing.aspx?phasetype=C&rpttype=A&txtcrossingnum=274977K",
        "TTSTNNAM": "WICHITA FALLS YD, TX",
        "XPURPOSE": "1",
        "OPERATINGR": "BNSF",
        "OPERATIN_1": "Primary",
        "DAYTHRU": 2,
        "NGHTTHRU": 1,
        "MAINTRK": 1,
        "SIDINGTRK": 0,
        "YARDTRK": 0,
        "TRANSITTRK": 0,
        "INDUSTRYTR": 0,
        "OTHRTRK": 0,
        "WDCODE": "",
        "REVISIONDA": "1996/01/01 00:00:00",
        "LASTUPDATE": "1/14/2025",
        "AADT": "060730",
        "AADTYEAR": "2010",
        "STATENAME": "TEXAS",
        "STATEAB": "TX",
        "COUNTYNAME": "WICHITA",
        "CITYNAME": "WICHITA FALLS",
        "LATDD": 33.9268067,
        "LONGDD": -98.513811,
        "gridlyProductionCertified": true,
        "gridlyClassification": "PUBLIC_ROADWAY",
        "gridlyDisplayName": "CENTRAL FWY",
        "gridlyId": "FRA-274977K"
      }
    },
    {
      "type": "Feature",
      "id": 205785,
      "geometry": {
        "type": "Point",
        "coordinates": [
          -98.5118330002515,
          33.9264979999603
        ]
      },
      "properties": {
        "OBJECTID": 205785,
        "CROSSING": "274978S",
        "EFFDATE": 1736812800000,
        "REASON": "14",
        "StateCode": "48",
        "CountyCode": "48485",
        "STCYFIPS": "48485",
        "CITYCD": "484857490",
        "RAILROAD": "BNSF",
        "RRDIV": "RED RIVER",
        "RRSUBDIV": "RED RIVER VALLEY",
        "HIGHWAY": "ST 0000",
        "STREET": "VERMONT ST",
        "TTSTN": "664300",
        "MILEPOST": "0115.710",
        "TYPEXING": "Public",
        "POSXING": "At Grade",
        "PRVCAT": "14",
        "INIT": "1",
        "LATITUDE": 33.926498,
        "LONGITUD": -98.511833,
        "LLSOURCE": "1",
        "WHISTBAN": "0",
        "RRCONT": "8173521549",
        "POLCONT": "8008325452",
        "INV_LINK": "https://safetydata.fra.dot.gov/OfficeofSafety/PublicSite/Crossing/Crossing.aspx?phasetype=C&rpttype=I&txtcrossingnum=274978S",
        "ACC_LINK": "https://safetydata.fra.dot.gov/OfficeofSafety/PublicSite/Crossing/Crossing.aspx?phasetype=C&rpttype=A&txtcrossingnum=274978S",
        "TTSTNNAM": "WICHITA FALLS YD, TX",
        "XPURPOSE": "1",
        "OPERATINGR": "BNSF",
        "OPERATIN_1": "Primary",
        "DAYTHRU": 6,
        "NGHTTHRU": 6,
        "MAINTRK": 2,
        "SIDINGTRK": 0,
        "YARDTRK": 0,
        "TRANSITTRK": 0,
        "INDUSTRYTR": 0,
        "OTHRTRK": 0,
        "WDCODE": "All other Gates",
        "REVISIONDA": "1996/01/01 00:00:00",
        "LASTUPDATE": "1/14/2025",
        "AADT": "270",
        "AADTYEAR": "2019",
        "STATENAME": "TEXAS",
        "STATEAB": "TX",
        "COUNTYNAME": "WICHITA",
        "CITYNAME": "WICHITA FALLS",
        "LATDD": 33.926498,
        "LONGDD": -98.511833,
        "gridlyProductionCertified": true,
        "gridlyClassification": "PUBLIC_ROADWAY",
        "gridlyDisplayName": "VERMONT ST",
        "gridlyId": "FRA-274978S"
      }
    },
    {
      "type": "Feature",
      "id": 205786,
      "geometry": {
        "type": "Point",
        "coordinates": [
          -98.5053719996228,
          33.925494000223
        ]
      },
      "properties": {
        "OBJECTID": 205786,
        "CROSSING": "274979Y",
        "EFFDATE": 1736812800000,
        "REASON": "14",
        "StateCode": "48",
        "CountyCode": "48485",
        "STCYFIPS": "48485",
        "CITYCD": "484857490",
        "RAILROAD": "BNSF",
        "RRDIV": "RED RIVER",
        "RRSUBDIV": "RED RIVER VALLEY",
        "HIGHWAY": "ST 0000",
        "STREET": "N BROADWAY ST",
        "TTSTN": "664300",
        "MILEPOST": "0115.340",
        "TYPEXING": "Public",
        "POSXING": "At Grade",
        "PRVCAT": "14",
        "INIT": "1",
        "LATITUDE": 33.925494,
        "LONGITUD": -98.505372,
        "LLSOURCE": "1",
        "WHISTBAN": "0",
        "RRCONT": "8173521549",
        "POLCONT": "8008325452",
        "INV_LINK": "https://safetydata.fra.dot.gov/OfficeofSafety/PublicSite/Crossing/Crossing.aspx?phasetype=C&rpttype=I&txtcrossingnum=274979Y",
        "ACC_LINK": "https://safetydata.fra.dot.gov/OfficeofSafety/PublicSite/Crossing/Crossing.aspx?phasetype=C&rpttype=A&txtcrossingnum=274979Y",
        "TTSTNNAM": "WICHITA FALLS YD, TX",
        "XPURPOSE": "1",
        "OPERATINGR": "BNSF",
        "OPERATIN_1": "Primary",
        "DAYTHRU": 6,
        "NGHTTHRU": 6,
        "MAINTRK": 2,
        "SIDINGTRK": 0,
        "YARDTRK": 0,
        "TRANSITTRK": 0,
        "INDUSTRYTR": 0,
        "OTHRTRK": 0,
        "WDCODE": "All other Gates",
        "REVISIONDA": "1996/01/01 00:00:00",
        "LASTUPDATE": "1/14/2025",
        "AADT": "822",
        "AADTYEAR": "2019",
        "STATENAME": "TEXAS",
        "STATEAB": "TX",
        "COUNTYNAME": "WICHITA",
        "CITYNAME": "WICHITA FALLS",
        "LATDD": 33.925494,
        "LONGDD": -98.505372,
        "gridlyProductionCertified": true,
        "gridlyClassification": "PUBLIC_ROADWAY",
        "gridlyDisplayName": "N BROADWAY ST",
        "gridlyId": "FRA-274979Y"
      }
    },
    {
      "type": "Feature",
      "id": 205787,
      "geometry": {
        "type": "Point",
        "coordinates": [
          -98.5027070000088,
          33.9249929999625
        ]
      },
      "properties": {
        "OBJECTID": 205787,
        "CROSSING": "274980T",
        "EFFDATE": 1736812800000,
        "REASON": "14",
        "StateCode": "48",
        "CountyCode": "48485",
        "STCYFIPS": "48485",
        "CITYCD": "484857490",
        "RAILROAD": "BNSF",
        "RRDIV": "RED RIVER",
        "RRSUBDIV": "RED RIVER VALLEY",
        "HIGHWAY": "BU0287J",
        "STREET": "N SCOTT AVE",
        "TTSTN": "664300",
        "MILEPOST": "0115.200",
        "TYPEXING": "Public",
        "POSXING": "RR Under",
        "PRVCAT": "14",
        "INIT": "1",
        "LATITUDE": 33.924993,
        "LONGITUD": -98.502707,
        "LLSOURCE": "1",
        "WHISTBAN": "0",
        "RRCONT": "8173521549",
        "POLCONT": "8008325452",
        "INV_LINK": "https://safetydata.fra.dot.gov/OfficeofSafety/PublicSite/Crossing/Crossing.aspx?phasetype=C&rpttype=I&txtcrossingnum=274980T",
        "ACC_LINK": "https://safetydata.fra.dot.gov/OfficeofSafety/PublicSite/Crossing/Crossing.aspx?phasetype=C&rpttype=A&txtcrossingnum=274980T",
        "TTSTNNAM": "WICHITA FALLS YD, TX",
        "XPURPOSE": "1",
        "OPERATINGR": "BNSF",
        "OPERATIN_1": "Primary",
        "DAYTHRU": 2,
        "NGHTTHRU": 1,
        "MAINTRK": 1,
        "SIDINGTRK": 0,
        "YARDTRK": 0,
        "TRANSITTRK": 0,
        "INDUSTRYTR": 0,
        "OTHRTRK": 0,
        "WDCODE": "",
        "REVISIONDA": "1996/01/01 00:00:00",
        "LASTUPDATE": "1/14/2025",
        "AADT": "009100",
        "AADTYEAR": "2011",
        "STATENAME": "TEXAS",
        "STATEAB": "TX",
        "COUNTYNAME": "WICHITA",
        "CITYNAME": "WICHITA FALLS",
        "LATDD": 33.924993,
        "LONGDD": -98.502707,
        "gridlyProductionCertified": true,
        "gridlyClassification": "PUBLIC_ROADWAY",
        "gridlyDisplayName": "N SCOTT AVE",
        "gridlyId": "FRA-274980T"
      }
    },
    {
      "type": "Feature",
      "id": 205789,
      "geometry": {
        "type": "Point",
        "coordinates": [
          -98.4985140002324,
          33.9227657996292
        ]
      },
      "properties": {
        "OBJECTID": 205789,
        "CROSSING": "274981A",
        "EFFDATE": 1736812800000,
        "REASON": "14",
        "StateCode": "48",
        "CountyCode": "48485",
        "STCYFIPS": "48485",
        "CITYCD": "484857490",
        "RAILROAD": "BNSF",
        "RRDIV": "RED RIVER",
        "RRSUBDIV": "RED RIVER VALLEY",
        "HIGHWAY": "FM 0171",
        "STREET": "LINCOLN ST",
        "TTSTN": "664300",
        "MILEPOST": "0114.918",
        "TYPEXING": "Public",
        "POSXING": "RR Over",
        "PRVCAT": "14",
        "INIT": "1",
        "LATITUDE": 33.9227658,
        "LONGITUD": -98.498514,
        "LLSOURCE": "1",
        "WHISTBAN": "0",
        "RRCONT": "8173521549",
        "POLCONT": "8008325452",
        "INV_LINK": "https://safetydata.fra.dot.gov/OfficeofSafety/PublicSite/Crossing/Crossing.aspx?phasetype=C&rpttype=I&txtcrossingnum=274981A",
        "ACC_LINK": "https://safetydata.fra.dot.gov/OfficeofSafety/PublicSite/Crossing/Crossing.aspx?phasetype=C&rpttype=A&txtcrossingnum=274981A",
        "TTSTNNAM": "WICHITA FALLS YD, TX",
        "XPURPOSE": "1",
        "OPERATINGR": "BNSF",
        "OPERATIN_1": "Primary",
        "DAYTHRU": 2,
        "NGHTTHRU": 1,
        "MAINTRK": 1,
        "SIDINGTRK": 0,
        "YARDTRK": 0,
        "TRANSITTRK": 0,
        "INDUSTRYTR": 0,
        "OTHRTRK": 0,
        "WDCODE": "",
        "REVISIONDA": "1996/01/01 00:00:00",
        "LASTUPDATE": "1/14/2025",
        "AADT": "003500",
        "AADTYEAR": "2011",
        "STATENAME": "TEXAS",
        "STATEAB": "TX",
        "COUNTYNAME": "WICHITA",
        "CITYNAME": "WICHITA FALLS",
        "LATDD": 33.9227658,
        "LONGDD": -98.498514,
        "gridlyProductionCertified": true,
        "gridlyClassification": "PUBLIC_ROADWAY",
        "gridlyDisplayName": "LINCOLN ST",
        "gridlyId": "FRA-274981A"
      }
    },
    {
      "type": "Feature",
      "id": 205790,
      "geometry": {
        "type": "Point",
        "coordinates": [
          -98.4956930000844,
          33.9202171999188
        ]
      },
      "properties": {
        "OBJECTID": 205790,
        "CROSSING": "274982G",
        "EFFDATE": 1736812800000,
        "REASON": "14",
        "StateCode": "48",
        "CountyCode": "48485",
        "STCYFIPS": "48485",
        "CITYCD": "484857490",
        "RAILROAD": "BNSF",
        "RRDIV": "RED RIVER",
        "RRSUBDIV": "RED RIVER VALLEY",
        "HIGHWAY": "Not Yet Reported by State",
        "STREET": "OHIO ST",
        "TTSTN": "664300",
        "MILEPOST": "0114.706",
        "TYPEXING": "Public",
        "POSXING": "RR Over",
        "PRVCAT": "14",
        "INIT": "1",
        "LATITUDE": 33.9202172,
        "LONGITUD": -98.495693,
        "LLSOURCE": "1",
        "WHISTBAN": "0",
        "RRCONT": "8173521549",
        "POLCONT": "8008325452",
        "INV_LINK": "https://safetydata.fra.dot.gov/OfficeofSafety/PublicSite/Crossing/Crossing.aspx?phasetype=C&rpttype=I&txtcrossingnum=274982G",
        "ACC_LINK": "https://safetydata.fra.dot.gov/OfficeofSafety/PublicSite/Crossing/Crossing.aspx?phasetype=C&rpttype=A&txtcrossingnum=274982G",
        "TTSTNNAM": "WICHITA FALLS YD, TX",
        "XPURPOSE": "1",
        "OPERATINGR": "BNSF",
        "OPERATIN_1": "Primary",
        "DAYTHRU": 6,
        "NGHTTHRU": 6,
        "MAINTRK": 1,
        "SIDINGTRK": 0,
        "YARDTRK": 0,
        "TRANSITTRK": 0,
        "INDUSTRYTR": 0,
        "OTHRTRK": 0,
        "WDCODE": "",
        "REVISIONDA": "1996/01/01 00:00:00",
        "LASTUPDATE": "1/14/2025",
        "AADT": "000200",
        "AADTYEAR": "1978",
        "STATENAME": "TEXAS",
        "STATEAB": "TX",
        "COUNTYNAME": "WICHITA",
        "CITYNAME": "WICHITA FALLS",
        "LATDD": 33.9202172,
        "LONGDD": -98.495693,
        "gridlyProductionCertified": true,
        "gridlyClassification": "PUBLIC_ROADWAY",
        "gridlyDisplayName": "OHIO ST",
        "gridlyId": "FRA-274982G"
      }
    },
    {
      "type": "Feature",
      "id": 205791,
      "geometry": {
        "type": "Point",
        "coordinates": [
          -98.4892149997373,
          33.9149836998697
        ]
      },
      "properties": {
        "OBJECTID": 205791,
        "CROSSING": "274983N",
        "EFFDATE": 1736812800000,
        "REASON": "14",
        "StateCode": "48",
        "CountyCode": "48485",
        "STCYFIPS": "48485",
        "CITYCD": "484857490",
        "RAILROAD": "BNSF",
        "RRDIV": "RED RIVER",
        "RRSUBDIV": "RED RIVER VALLEY",
        "HIGHWAY": "ST 0000",
        "STREET": "7TH ST",
        "TTSTN": "664300",
        "MILEPOST": "0114.222",
        "TYPEXING": "Public",
        "POSXING": "At Grade",
        "PRVCAT": "14",
        "INIT": "1",
        "LATITUDE": 33.9149837,
        "LONGITUD": -98.489215,
        "LLSOURCE": "1",
        "WHISTBAN": "0",
        "RRCONT": "8173521549",
        "POLCONT": "8008325452",
        "INV_LINK": "https://safetydata.fra.dot.gov/OfficeofSafety/PublicSite/Crossing/Crossing.aspx?phasetype=C&rpttype=I&txtcrossingnum=274983N",
        "ACC_LINK": "https://safetydata.fra.dot.gov/OfficeofSafety/PublicSite/Crossing/Crossing.aspx?phasetype=C&rpttype=A&txtcrossingnum=274983N",
        "TTSTNNAM": "WICHITA FALLS YD, TX",
        "XPURPOSE": "1",
        "OPERATINGR": "BNSF",
        "OPERATIN_1": "Primary",
        "DAYTHRU": 6,
        "NGHTTHRU": 6,
        "MAINTRK": 2,
        "SIDINGTRK": 0,
        "YARDTRK": 7,
        "TRANSITTRK": 0,
        "INDUSTRYTR": 0,
        "OTHRTRK": 8,
        "WDCODE": "All other Gates",
        "REVISIONDA": "1996/01/01 00:00:00",
        "LASTUPDATE": "1/14/2025",
        "AADT": "1334",
        "AADTYEAR": "2019",
        "STATENAME": "TEXAS",
        "STATEAB": "TX",
        "COUNTYNAME": "WICHITA",
        "CITYNAME": "WICHITA FALLS",
        "LATDD": 33.9149837,
        "LONGDD": -98.489215,
        "gridlyProductionCertified": true,
        "gridlyClassification": "PUBLIC_ROADWAY",
        "gridlyDisplayName": "7TH ST",
        "gridlyId": "FRA-274983N"
      }
    },
    {
      "type": "Feature",
      "id": 205792,
      "geometry": {
        "type": "Point",
        "coordinates": [
          -98.4767760001503,
          33.9070599997418
        ]
      },
      "properties": {
        "OBJECTID": 205792,
        "CROSSING": "274985C",
        "EFFDATE": 1736812800000,
        "REASON": "14",
        "StateCode": "48",
        "CountyCode": "48485",
        "STCYFIPS": "48485",
        "CITYCD": "484857490",
        "RAILROAD": "BNSF",
        "RRDIV": "RED RIVER",
        "RRSUBDIV": "WICHITA FALLS",
        "HIGHWAY": "MH 0672",
        "STREET": "S ROSEWOOD AVE",
        "TTSTN": "664300",
        "MILEPOST": "0113.282",
        "TYPEXING": "Public",
        "POSXING": "At Grade",
        "PRVCAT": "14",
        "INIT": "1",
        "LATITUDE": 33.90706,
        "LONGITUD": -98.476776,
        "LLSOURCE": "1",
        "WHISTBAN": "0",
        "RRCONT": "8173521549",
        "POLCONT": "8008325452",
        "INV_LINK": "https://safetydata.fra.dot.gov/OfficeofSafety/PublicSite/Crossing/Crossing.aspx?phasetype=C&rpttype=I&txtcrossingnum=274985C",
        "ACC_LINK": "https://safetydata.fra.dot.gov/OfficeofSafety/PublicSite/Crossing/Crossing.aspx?phasetype=C&rpttype=A&txtcrossingnum=274985C",
        "TTSTNNAM": "WICHITA FALLS YD, TX",
        "XPURPOSE": "1",
        "OPERATINGR": "BNSF",
        "OPERATIN_1": "Primary",
        "DAYTHRU": 13,
        "NGHTTHRU": 13,
        "MAINTRK": 2,
        "SIDINGTRK": 0,
        "YARDTRK": 0,
        "TRANSITTRK": 0,
        "INDUSTRYTR": 0,
        "OTHRTRK": 1,
        "WDCODE": "All other Gates",
        "REVISIONDA": "1996/01/01 00:00:00",
        "LASTUPDATE": "1/14/2025",
        "AADT": "1500",
        "AADTYEAR": "2019",
        "STATENAME": "TEXAS",
        "STATEAB": "TX",
        "COUNTYNAME": "WICHITA",
        "CITYNAME": "WICHITA FALLS",
        "LATDD": 33.90706,
        "LONGDD": -98.476776,
        "gridlyProductionCertified": true,
        "gridlyClassification": "PUBLIC_ROADWAY",
        "gridlyDisplayName": "S ROSEWOOD AVE",
        "gridlyId": "FRA-274985C"
      }
    },
    {
      "type": "Feature",
      "id": 205793,
      "geometry": {
        "type": "Point",
        "coordinates": [
          -98.4622379997654,
          33.9012760002028
        ]
      },
      "properties": {
        "OBJECTID": 205793,
        "CROSSING": "274988X",
        "EFFDATE": 1736812800000,
        "REASON": "14",
        "StateCode": "48",
        "CountyCode": "48485",
        "STCYFIPS": "48485",
        "CITYCD": "484857490",
        "RAILROAD": "BNSF",
        "RRDIV": "RED RIVER",
        "RRSUBDIV": "WICHITA FALLS",
        "HIGHWAY": "ST 0000",
        "STREET": "PRIVATE",
        "TTSTN": "664300",
        "MILEPOST": "0112.394",
        "TYPEXING": "Private",
        "POSXING": "At Grade",
        "PRVCAT": "14",
        "INIT": "1",
        "LATITUDE": 33.901276,
        "LONGITUD": -98.462238,
        "LLSOURCE": "1",
        "WHISTBAN": "0",
        "RRCONT": "8173521549",
        "POLCONT": "8008325452",
        "INV_LINK": "https://safetydata.fra.dot.gov/OfficeofSafety/PublicSite/Crossing/Crossing.aspx?phasetype=C&rpttype=I&txtcrossingnum=274988X",
        "ACC_LINK": "https://safetydata.fra.dot.gov/OfficeofSafety/PublicSite/Crossing/Crossing.aspx?phasetype=C&rpttype=A&txtcrossingnum=274988X",
        "TTSTNNAM": "WICHITA FALLS YD, TX",
        "XPURPOSE": "1",
        "OPERATINGR": "BNSF",
        "OPERATIN_1": "Primary",
        "DAYTHRU": 6,
        "NGHTTHRU": 6,
        "MAINTRK": 1,
        "SIDINGTRK": 0,
        "YARDTRK": 0,
        "TRANSITTRK": 0,
        "INDUSTRYTR": 0,
        "OTHRTRK": 0,
        "WDCODE": "",
        "REVISIONDA": "1996/01/01 00:00:00",
        "LASTUPDATE": "1/14/2025",
        "AADT": "000010",
        "AADTYEAR": "1988",
        "STATENAME": "TEXAS",
        "STATEAB": "TX",
        "COUNTYNAME": "WICHITA",
        "CITYNAME": "WICHITA FALLS",
        "LATDD": 33.901276,
        "LONGDD": -98.462238,
        "gridlyProductionCertified": true,
        "gridlyClassification": "PUBLIC_ROADWAY",
        "gridlyDisplayName": "PRIVATE",
        "gridlyId": "FRA-274988X"
      }
    },
    {
      "type": "Feature",
      "id": 205794,
      "geometry": {
        "type": "Point",
        "coordinates": [
          -98.4604560000582,
          33.9005652003575
        ]
      },
      "properties": {
        "OBJECTID": 205794,
        "CROSSING": "274989E",
        "EFFDATE": 1736812800000,
        "REASON": "14",
        "StateCode": "48",
        "CountyCode": "48485",
        "STCYFIPS": "48485",
        "CITYCD": "484857490",
        "RAILROAD": "BNSF",
        "RRDIV": "RED RIVER",
        "RRSUBDIV": "WICHITA FALLS",
        "HIGHWAY": "BUS 287",
        "STREET": "SCOTT AVE",
        "TTSTN": "664300",
        "MILEPOST": "0112.350",
        "TYPEXING": "Public",
        "POSXING": "RR Over",
        "PRVCAT": "14",
        "INIT": "1",
        "LATITUDE": 33.9005652,
        "LONGITUD": -98.460456,
        "LLSOURCE": "1",
        "WHISTBAN": "0",
        "RRCONT": "8173521549",
        "POLCONT": "8008325452",
        "INV_LINK": "https://safetydata.fra.dot.gov/OfficeofSafety/PublicSite/Crossing/Crossing.aspx?phasetype=C&rpttype=I&txtcrossingnum=274989E",
        "ACC_LINK": "https://safetydata.fra.dot.gov/OfficeofSafety/PublicSite/Crossing/Crossing.aspx?phasetype=C&rpttype=A&txtcrossingnum=274989E",
        "TTSTNNAM": "WICHITA FALLS YD, TX",
        "XPURPOSE": "1",
        "OPERATINGR": "BNSF",
        "OPERATIN_1": "Primary",
        "DAYTHRU": 6,
        "NGHTTHRU": 6,
        "MAINTRK": 1,
        "SIDINGTRK": 0,
        "YARDTRK": 0,
        "TRANSITTRK": 0,
        "INDUSTRYTR": 0,
        "OTHRTRK": 0,
        "WDCODE": "",
        "REVISIONDA": "1996/01/01 00:00:00",
        "LASTUPDATE": "1/14/2025",
        "AADT": "004900",
        "AADTYEAR": "2010",
        "STATENAME": "TEXAS",
        "STATEAB": "TX",
        "COUNTYNAME": "WICHITA",
        "CITYNAME": "WICHITA FALLS",
        "LATDD": 33.9005652,
        "LONGDD": -98.460456,
        "gridlyProductionCertified": true,
        "gridlyClassification": "PUBLIC_ROADWAY",
        "gridlyDisplayName": "SCOTT AVE",
        "gridlyId": "FRA-274989E"
      }
    },
    {
      "type": "Feature",
      "id": 205796,
      "geometry": {
        "type": "Point",
        "coordinates": [
          -98.7764340004007,
          33.9711510002589
        ]
      },
      "properties": {
        "OBJECTID": 205796,
        "CROSSING": "274975W",
        "EFFDATE": 1736812800000,
        "REASON": "14",
        "StateCode": "48",
        "CountyCode": "48485",
        "STCYFIPS": "48485",
        "CITYCD": "484853390",
        "RAILROAD": "BNSF",
        "RRDIV": "RED RIVER",
        "RRSUBDIV": "RED RIVER VALLEY",
        "HIGHWAY": "Not Yet Reported by State",
        "STREET": "PRIVATE",
        "TTSTN": "664457",
        "MILEPOST": "0131.250",
        "TYPEXING": "Private",
        "POSXING": "At Grade",
        "PRVCAT": "14",
        "INIT": "1",
        "LATITUDE": 33.971151,
        "LONGITUD": -98.776434,
        "LLSOURCE": "1",
        "WHISTBAN": "0",
        "RRCONT": "8173521549",
        "POLCONT": "8008325452",
        "INV_LINK": "https://safetydata.fra.dot.gov/OfficeofSafety/PublicSite/Crossing/Crossing.aspx?phasetype=C&rpttype=I&txtcrossingnum=274975W",
        "ACC_LINK": "https://safetydata.fra.dot.gov/OfficeofSafety/PublicSite/Crossing/Crossing.aspx?phasetype=C&rpttype=A&txtcrossingnum=274975W",
        "TTSTNNAM": "FOWLKES",
        "XPURPOSE": "1",
        "OPERATINGR": "BNSF",
        "OPERATIN_1": "Primary",
        "DAYTHRU": 7,
        "NGHTTHRU": 6,
        "MAINTRK": 1,
        "SIDINGTRK": 0,
        "YARDTRK": 0,
        "TRANSITTRK": 0,
        "INDUSTRYTR": 0,
        "OTHRTRK": 0,
        "WDCODE": "",
        "REVISIONDA": "1996/01/01 00:00:00",
        "LASTUPDATE": "1/14/2025",
        "AADT": "",
        "AADTYEAR": "1978",
        "STATENAME": "TEXAS",
        "STATEAB": "TX",
        "COUNTYNAME": "WICHITA",
        "CITYNAME": "IOWA PARK",
        "LATDD": 33.971151,
        "LONGDD": -98.776434,
        "gridlyProductionCertified": true,
        "gridlyClassification": "PUBLIC_ROADWAY",
        "gridlyDisplayName": "PRIVATE",
        "gridlyId": "FRA-274975W"
      }
    },
    {
      "type": "Feature",
      "id": 205797,
      "geometry": {
        "type": "Point",
        "coordinates": [
          -98.4345849995759,
          33.8902630000256
        ]
      },
      "properties": {
        "OBJECTID": 205797,
        "CROSSING": "274992M",
        "EFFDATE": 1736812800000,
        "REASON": "14",
        "StateCode": "48",
        "CountyCode": "48485",
        "STCYFIPS": "48485",
        "CITYCD": "480097490",
        "RAILROAD": "BNSF",
        "RRDIV": "RED RIVER",
        "RRSUBDIV": "WICHITA FALLS",
        "HIGHWAY": "Not Yet Reported by State",
        "STREET": "PRIVATE",
        "TTSTN": "664300",
        "MILEPOST": "0110.508",
        "TYPEXING": "Private",
        "POSXING": "At Grade",
        "PRVCAT": "14",
        "INIT": "1",
        "LATITUDE": 33.890263,
        "LONGITUD": -98.434585,
        "LLSOURCE": "1",
        "WHISTBAN": "0",
        "RRCONT": "8173521549",
        "POLCONT": "8008325452",
        "INV_LINK": "https://safetydata.fra.dot.gov/OfficeofSafety/PublicSite/Crossing/Crossing.aspx?phasetype=C&rpttype=I&txtcrossingnum=274992M",
        "ACC_LINK": "https://safetydata.fra.dot.gov/OfficeofSafety/PublicSite/Crossing/Crossing.aspx?phasetype=C&rpttype=A&txtcrossingnum=274992M",
        "TTSTNNAM": "WICHITA FALLS YD, TX",
        "XPURPOSE": "1",
        "OPERATINGR": "BNSF",
        "OPERATIN_1": "Primary",
        "DAYTHRU": 6,
        "NGHTTHRU": 6,
        "MAINTRK": 1,
        "SIDINGTRK": 0,
        "YARDTRK": 0,
        "TRANSITTRK": 0,
        "INDUSTRYTR": 0,
        "OTHRTRK": 0,
        "WDCODE": "",
        "REVISIONDA": "1996/01/01 00:00:00",
        "LASTUPDATE": "1/14/2025",
        "AADT": "",
        "AADTYEAR": "1978",
        "STATENAME": "TEXAS",
        "STATEAB": "TX",
        "COUNTYNAME": "WICHITA",
        "CITYNAME": "WICHITA FALLS",
        "LATDD": 33.890263,
        "LONGDD": -98.434585,
        "gridlyProductionCertified": true,
        "gridlyClassification": "PUBLIC_ROADWAY",
        "gridlyDisplayName": "PRIVATE",
        "gridlyId": "FRA-274992M"
      }
    },
    {
      "type": "Feature",
      "id": 205799,
      "geometry": {
        "type": "Point",
        "coordinates": [
          -98.4597270001372,
          33.9002751002805
        ]
      },
      "properties": {
        "OBJECTID": 205799,
        "CROSSING": "274990Y",
        "EFFDATE": 1736812800000,
        "REASON": "14",
        "StateCode": "48",
        "CountyCode": "48485",
        "STCYFIPS": "48485",
        "CITYCD": "484857490",
        "RAILROAD": "BNSF",
        "RRDIV": "RED RIVER",
        "RRSUBDIV": "WICHITA FALLS",
        "HIGHWAY": "ST 0000",
        "STREET": "FORT WORTH ST",
        "TTSTN": "664300",
        "MILEPOST": "0112.290",
        "TYPEXING": "Public",
        "POSXING": "At Grade",
        "PRVCAT": "14",
        "INIT": "1",
        "LATITUDE": 33.9002751,
        "LONGITUD": -98.459727,
        "LLSOURCE": "1",
        "WHISTBAN": "0",
        "RRCONT": "8173521549",
        "POLCONT": "8008325452",
        "INV_LINK": "https://safetydata.fra.dot.gov/OfficeofSafety/PublicSite/Crossing/Crossing.aspx?phasetype=C&rpttype=I&txtcrossingnum=274990Y",
        "ACC_LINK": "https://safetydata.fra.dot.gov/OfficeofSafety/PublicSite/Crossing/Crossing.aspx?phasetype=C&rpttype=A&txtcrossingnum=274990Y",
        "TTSTNNAM": "WICHITA FALLS YD, TX",
        "XPURPOSE": "1",
        "OPERATINGR": "BNSF",
        "OPERATIN_1": "Primary",
        "DAYTHRU": 6,
        "NGHTTHRU": 6,
        "MAINTRK": 1,
        "SIDINGTRK": 0,
        "YARDTRK": 0,
        "TRANSITTRK": 0,
        "INDUSTRYTR": 0,
        "OTHRTRK": 0,
        "WDCODE": "All other Gates",
        "REVISIONDA": "1996/01/01 00:00:00",
        "LASTUPDATE": "1/14/2025",
        "AADT": "136",
        "AADTYEAR": "2019",
        "STATENAME": "TEXAS",
        "STATEAB": "TX",
        "COUNTYNAME": "WICHITA",
        "CITYNAME": "WICHITA FALLS",
        "LATDD": 33.9002751,
        "LONGDD": -98.459727,
        "gridlyProductionCertified": true,
        "gridlyClassification": "PUBLIC_ROADWAY",
        "gridlyDisplayName": "FORT WORTH ST",
        "gridlyId": "FRA-274990Y"
      }
    },
    {
      "type": "Feature",
      "id": 205800,
      "geometry": {
        "type": "Point",
        "coordinates": [
          -98.4444859997705,
          33.8942113996682
        ]
      },
      "properties": {
        "OBJECTID": 205800,
        "CROSSING": "274991F",
        "EFFDATE": 1736812800000,
        "REASON": "14",
        "StateCode": "48",
        "CountyCode": "48485",
        "STCYFIPS": "48485",
        "CITYCD": "484857490",
        "RAILROAD": "BNSF",
        "RRDIV": "RED RIVER",
        "RRSUBDIV": "WICHITA FALLS",
        "HIGHWAY": "TX 79",
        "STREET": "SH 0079",
        "TTSTN": "664300",
        "MILEPOST": "0111.130",
        "TYPEXING": "Public",
        "POSXING": "RR Under",
        "PRVCAT": "14",
        "INIT": "1",
        "LATITUDE": 33.8942114,
        "LONGITUD": -98.444486,
        "LLSOURCE": "1",
        "WHISTBAN": "0",
        "RRCONT": "8173521549",
        "POLCONT": "8008325452",
        "INV_LINK": "https://safetydata.fra.dot.gov/OfficeofSafety/PublicSite/Crossing/Crossing.aspx?phasetype=C&rpttype=I&txtcrossingnum=274991F",
        "ACC_LINK": "https://safetydata.fra.dot.gov/OfficeofSafety/PublicSite/Crossing/Crossing.aspx?phasetype=C&rpttype=A&txtcrossingnum=274991F",
        "TTSTNNAM": "WICHITA FALLS YD, TX",
        "XPURPOSE": "1",
        "OPERATINGR": "BNSF",
        "OPERATIN_1": "Primary",
        "DAYTHRU": 6,
        "NGHTTHRU": 6,
        "MAINTRK": 1,
        "SIDINGTRK": 0,
        "YARDTRK": 0,
        "TRANSITTRK": 0,
        "INDUSTRYTR": 0,
        "OTHRTRK": 0,
        "WDCODE": "",
        "REVISIONDA": "1996/01/01 00:00:00",
        "LASTUPDATE": "1/14/2025",
        "AADT": "003850",
        "AADTYEAR": "2011",
        "STATENAME": "TEXAS",
        "STATEAB": "TX",
        "COUNTYNAME": "WICHITA",
        "CITYNAME": "WICHITA FALLS",
        "LATDD": 33.8942114,
        "LONGDD": -98.444486,
        "gridlyProductionCertified": true,
        "gridlyClassification": "PUBLIC_ROADWAY",
        "gridlyDisplayName": "SH 0079",
        "gridlyId": "FRA-274991F"
      }
    },
    {
      "type": "Feature",
      "id": 205801,
      "geometry": {
        "type": "Point",
        "coordinates": [
          -98.4459129996505,
          33.8947778998482
        ]
      },
      "properties": {
        "OBJECTID": 205801,
        "CROSSING": "274997W",
        "EFFDATE": 1736812800000,
        "REASON": "14",
        "StateCode": "48",
        "CountyCode": "48485",
        "STCYFIPS": "48485",
        "CITYCD": "484857490",
        "RAILROAD": "BNSF",
        "RRDIV": "RED RIVER",
        "RRSUBDIV": "WICHITA FALLS",
        "HIGHWAY": "SH 0079",
        "STREET": "COTTONWOOD RD",
        "TTSTN": "664300",
        "MILEPOST": "0111.230",
        "TYPEXING": "Public",
        "POSXING": "At Grade",
        "PRVCAT": "14",
        "INIT": "1",
        "LATITUDE": 33.8947779,
        "LONGITUD": -98.445913,
        "LLSOURCE": "1",
        "WHISTBAN": "0",
        "RRCONT": "8173521549",
        "POLCONT": "8008325452",
        "INV_LINK": "https://safetydata.fra.dot.gov/OfficeofSafety/PublicSite/Crossing/Crossing.aspx?phasetype=C&rpttype=I&txtcrossingnum=274997W",
        "ACC_LINK": "https://safetydata.fra.dot.gov/OfficeofSafety/PublicSite/Crossing/Crossing.aspx?phasetype=C&rpttype=A&txtcrossingnum=274997W",
        "TTSTNNAM": "WICHITA FALLS YD TX",
        "XPURPOSE": "1",
        "OPERATINGR": "BNSF",
        "OPERATIN_1": "Primary",
        "DAYTHRU": 6,
        "NGHTTHRU": 6,
        "MAINTRK": 1,
        "SIDINGTRK": 0,
        "YARDTRK": 0,
        "TRANSITTRK": 0,
        "INDUSTRYTR": 0,
        "OTHRTRK": 0,
        "WDCODE": "All other Gates",
        "REVISIONDA": "1996/01/01 00:00:00",
        "LASTUPDATE": "1/14/2025",
        "AADT": "443",
        "AADTYEAR": "2019",
        "STATENAME": "TEXAS",
        "STATEAB": "TX",
        "COUNTYNAME": "WICHITA",
        "CITYNAME": "WICHITA FALLS",
        "LATDD": 33.8947779,
        "LONGDD": -98.445913,
        "gridlyProductionCertified": true,
        "gridlyClassification": "PUBLIC_ROADWAY",
        "gridlyDisplayName": "COTTONWOOD RD",
        "gridlyId": "FRA-274997W"
      }
    },
    {
      "type": "Feature",
      "id": 205803,
      "geometry": {
        "type": "Point",
        "coordinates": [
          -98.4308019998784,
          33.8887576002432
        ]
      },
      "properties": {
        "OBJECTID": 205803,
        "CROSSING": "274996P",
        "EFFDATE": 1736812800000,
        "REASON": "14",
        "StateCode": "48",
        "CountyCode": "48485",
        "STCYFIPS": "48485",
        "CITYCD": "480097490",
        "RAILROAD": "BNSF",
        "RRDIV": "RED RIVER",
        "RRSUBDIV": "WICHITA FALLS",
        "HIGHWAY": "ST 0000",
        "STREET": "FISHER RD",
        "TTSTN": "664300",
        "MILEPOST": "0110.289",
        "TYPEXING": "Public",
        "POSXING": "At Grade",
        "PRVCAT": "14",
        "INIT": "1",
        "LATITUDE": 33.8887576,
        "LONGITUD": -98.430802,
        "LLSOURCE": "1",
        "WHISTBAN": "0",
        "RRCONT": "8173521549",
        "POLCONT": "8008325452",
        "INV_LINK": "https://safetydata.fra.dot.gov/OfficeofSafety/PublicSite/Crossing/Crossing.aspx?phasetype=C&rpttype=I&txtcrossingnum=274996P",
        "ACC_LINK": "https://safetydata.fra.dot.gov/OfficeofSafety/PublicSite/Crossing/Crossing.aspx?phasetype=C&rpttype=A&txtcrossingnum=274996P",
        "TTSTNNAM": "WICHITA FALLS YD, TX",
        "XPURPOSE": "1",
        "OPERATINGR": "BNSF",
        "OPERATIN_1": "Primary",
        "DAYTHRU": 6,
        "NGHTTHRU": 6,
        "MAINTRK": 1,
        "SIDINGTRK": 0,
        "YARDTRK": 1,
        "TRANSITTRK": 0,
        "INDUSTRYTR": 0,
        "OTHRTRK": 1,
        "WDCODE": "All other Gates",
        "REVISIONDA": "1996/01/01 00:00:00",
        "LASTUPDATE": "1/14/2025",
        "AADT": "177",
        "AADTYEAR": "2019",
        "STATENAME": "TEXAS",
        "STATEAB": "TX",
        "COUNTYNAME": "WICHITA",
        "CITYNAME": "WICHITA FALLS",
        "LATDD": 33.8887576,
        "LONGDD": -98.430802,
        "gridlyProductionCertified": true,
        "gridlyClassification": "PUBLIC_ROADWAY",
        "gridlyDisplayName": "FISHER RD",
        "gridlyId": "FRA-274996P"
      }
    },
    {
      "type": "Feature",
      "id": 205804,
      "geometry": {
        "type": "Point",
        "coordinates": [
          -98.7211320002197,
          33.9589555998935
        ]
      },
      "properties": {
        "OBJECTID": 205804,
        "CROSSING": "275001S",
        "EFFDATE": 1736812800000,
        "REASON": "14",
        "StateCode": "48",
        "CountyCode": "48485",
        "STCYFIPS": "48485",
        "CITYCD": "484853390",
        "RAILROAD": "BNSF",
        "RRDIV": "RED RIVER",
        "RRSUBDIV": "RED RIVER VALLEY",
        "HIGHWAY": "CO 0233",
        "STREET": "HARMONY ROAD",
        "TTSTN": "664473",
        "MILEPOST": "0127.970",
        "TYPEXING": "Public",
        "POSXING": "At Grade",
        "PRVCAT": "14",
        "INIT": "1",
        "LATITUDE": 33.9589556,
        "LONGITUD": -98.721132,
        "LLSOURCE": "1",
        "WHISTBAN": "0",
        "RRCONT": "8173521549",
        "POLCONT": "8008325452",
        "INV_LINK": "https://safetydata.fra.dot.gov/OfficeofSafety/PublicSite/Crossing/Crossing.aspx?phasetype=C&rpttype=I&txtcrossingnum=275001S",
        "ACC_LINK": "https://safetydata.fra.dot.gov/OfficeofSafety/PublicSite/Crossing/Crossing.aspx?phasetype=C&rpttype=A&txtcrossingnum=275001S",
        "TTSTNNAM": "IOWA PARK",
        "XPURPOSE": "1",
        "OPERATINGR": "BNSF",
        "OPERATIN_1": "Primary",
        "DAYTHRU": 7,
        "NGHTTHRU": 6,
        "MAINTRK": 1,
        "SIDINGTRK": 0,
        "YARDTRK": 0,
        "TRANSITTRK": 0,
        "INDUSTRYTR": 0,
        "OTHRTRK": 0,
        "WDCODE": "All other Gates",
        "REVISIONDA": "1996/01/01 00:00:00",
        "LASTUPDATE": "1/14/2025",
        "AADT": "51",
        "AADTYEAR": "2019",
        "STATENAME": "TEXAS",
        "STATEAB": "TX",
        "COUNTYNAME": "WICHITA",
        "CITYNAME": "IOWA PARK",
        "LATDD": 33.9589556,
        "LONGDD": -98.721132,
        "gridlyProductionCertified": true,
        "gridlyClassification": "PUBLIC_ROADWAY",
        "gridlyDisplayName": "HARMONY ROAD",
        "gridlyId": "FRA-275001S"
      }
    },
    {
      "type": "Feature",
      "id": 205805,
      "geometry": {
        "type": "Point",
        "coordinates": [
          -98.6906269999201,
          33.954239300117
        ]
      },
      "properties": {
        "OBJECTID": 205805,
        "CROSSING": "275002Y",
        "EFFDATE": 1736812800000,
        "REASON": "14",
        "StateCode": "48",
        "CountyCode": "48485",
        "STCYFIPS": "48485",
        "CITYCD": "484853390",
        "RAILROAD": "BNSF",
        "RRDIV": "RED RIVER",
        "RRSUBDIV": "RED RIVER VALLEY",
        "HIGHWAY": "CO 0000",
        "STREET": "JOHNSON RD",
        "TTSTN": "664473",
        "MILEPOST": "0126.186",
        "TYPEXING": "Public",
        "POSXING": "At Grade",
        "PRVCAT": "14",
        "INIT": "1",
        "LATITUDE": 33.9542393,
        "LONGITUD": -98.690627,
        "LLSOURCE": "1",
        "WHISTBAN": "0",
        "RRCONT": "8173521549",
        "POLCONT": "8008325452",
        "INV_LINK": "https://safetydata.fra.dot.gov/OfficeofSafety/PublicSite/Crossing/Crossing.aspx?phasetype=C&rpttype=I&txtcrossingnum=275002Y",
        "ACC_LINK": "https://safetydata.fra.dot.gov/OfficeofSafety/PublicSite/Crossing/Crossing.aspx?phasetype=C&rpttype=A&txtcrossingnum=275002Y",
        "TTSTNNAM": "IOWA PARK",
        "XPURPOSE": "1",
        "OPERATINGR": "BNSF",
        "OPERATIN_1": "Primary",
        "DAYTHRU": 7,
        "NGHTTHRU": 6,
        "MAINTRK": 1,
        "SIDINGTRK": 0,
        "YARDTRK": 0,
        "TRANSITTRK": 0,
        "INDUSTRYTR": 0,
        "OTHRTRK": 0,
        "WDCODE": "All other Gates",
        "REVISIONDA": "1996/01/01 00:00:00",
        "LASTUPDATE": "1/14/2025",
        "AADT": "338",
        "AADTYEAR": "2019",
        "STATENAME": "TEXAS",
        "STATEAB": "TX",
        "COUNTYNAME": "WICHITA",
        "CITYNAME": "IOWA PARK",
        "LATDD": 33.9542393,
        "LONGDD": -98.690627,
        "gridlyProductionCertified": true,
        "gridlyClassification": "PUBLIC_ROADWAY",
        "gridlyDisplayName": "JOHNSON RD",
        "gridlyId": "FRA-275002Y"
      }
    },
    {
      "type": "Feature",
      "id": 205806,
      "geometry": {
        "type": "Point",
        "coordinates": [
          -98.6701969998923,
          33.9510000002611
        ]
      },
      "properties": {
        "OBJECTID": 205806,
        "CROSSING": "275003F",
        "EFFDATE": 1736812800000,
        "REASON": "14",
        "StateCode": "48",
        "CountyCode": "48485",
        "STCYFIPS": "48485",
        "CITYCD": "484853390",
        "RAILROAD": "BNSF",
        "RRDIV": "RED RIVER",
        "RRSUBDIV": "RED RIVER VALLEY",
        "HIGHWAY": "ST 0000",
        "STREET": "JACKSON ST",
        "TTSTN": "664473",
        "MILEPOST": "0125.000",
        "TYPEXING": "Public",
        "POSXING": "At Grade",
        "PRVCAT": "14",
        "INIT": "1",
        "LATITUDE": 33.951,
        "LONGITUD": -98.670197,
        "LLSOURCE": "1",
        "WHISTBAN": "0",
        "RRCONT": "8173521549",
        "POLCONT": "8008325452",
        "INV_LINK": "https://safetydata.fra.dot.gov/OfficeofSafety/PublicSite/Crossing/Crossing.aspx?phasetype=C&rpttype=I&txtcrossingnum=275003F",
        "ACC_LINK": "https://safetydata.fra.dot.gov/OfficeofSafety/PublicSite/Crossing/Crossing.aspx?phasetype=C&rpttype=A&txtcrossingnum=275003F",
        "TTSTNNAM": "IOWA PARK",
        "XPURPOSE": "1",
        "OPERATINGR": "BNSF",
        "OPERATIN_1": "Primary",
        "DAYTHRU": 7,
        "NGHTTHRU": 6,
        "MAINTRK": 1,
        "SIDINGTRK": 0,
        "YARDTRK": 0,
        "TRANSITTRK": 0,
        "INDUSTRYTR": 0,
        "OTHRTRK": 0,
        "WDCODE": "All other Gates",
        "REVISIONDA": "1996/01/01 00:00:00",
        "LASTUPDATE": "1/14/2025",
        "AADT": "310",
        "AADTYEAR": "2019",
        "STATENAME": "TEXAS",
        "STATEAB": "TX",
        "COUNTYNAME": "WICHITA",
        "CITYNAME": "IOWA PARK",
        "LATDD": 33.951,
        "LONGDD": -98.670197,
        "gridlyProductionCertified": true,
        "gridlyClassification": "PUBLIC_ROADWAY",
        "gridlyDisplayName": "JACKSON ST",
        "gridlyId": "FRA-275003F"
      }
    },
    {
      "type": "Feature",
      "id": 205807,
      "geometry": {
        "type": "Point",
        "coordinates": [
          -98.6678860002806,
          33.9507202002316
        ]
      },
      "properties": {
        "OBJECTID": 205807,
        "CROSSING": "275004M",
        "EFFDATE": 1736812800000,
        "REASON": "14",
        "StateCode": "48",
        "CountyCode": "48485",
        "STCYFIPS": "48485",
        "CITYCD": "484853390",
        "RAILROAD": "BNSF",
        "RRDIV": "RED RIVER",
        "RRSUBDIV": "RED RIVER VALLEY",
        "HIGHWAY": "FM 0368",
        "STREET": "S YOSEMITE",
        "TTSTN": "664473",
        "MILEPOST": "0124.930",
        "TYPEXING": "Public",
        "POSXING": "At Grade",
        "PRVCAT": "14",
        "INIT": "1",
        "LATITUDE": 33.9507202,
        "LONGITUD": -98.667886,
        "LLSOURCE": "1",
        "WHISTBAN": "0",
        "RRCONT": "8173521549",
        "POLCONT": "8008325452",
        "INV_LINK": "https://safetydata.fra.dot.gov/OfficeofSafety/PublicSite/Crossing/Crossing.aspx?phasetype=C&rpttype=I&txtcrossingnum=275004M",
        "ACC_LINK": "https://safetydata.fra.dot.gov/OfficeofSafety/PublicSite/Crossing/Crossing.aspx?phasetype=C&rpttype=A&txtcrossingnum=275004M",
        "TTSTNNAM": "IOWA PARK",
        "XPURPOSE": "1",
        "OPERATINGR": "BNSF",
        "OPERATIN_1": "Primary",
        "DAYTHRU": 7,
        "NGHTTHRU": 7,
        "MAINTRK": 1,
        "SIDINGTRK": 1,
        "YARDTRK": 0,
        "TRANSITTRK": 0,
        "INDUSTRYTR": 0,
        "OTHRTRK": 1,
        "WDCODE": "All other Gates",
        "REVISIONDA": "1996/01/01 00:00:00",
        "LASTUPDATE": "1/14/2025",
        "AADT": "1517",
        "AADTYEAR": "2019",
        "STATENAME": "TEXAS",
        "STATEAB": "TX",
        "COUNTYNAME": "WICHITA",
        "CITYNAME": "IOWA PARK",
        "LATDD": 33.9507202,
        "LONGDD": -98.667886,
        "gridlyProductionCertified": true,
        "gridlyClassification": "PUBLIC_ROADWAY",
        "gridlyDisplayName": "S YOSEMITE",
        "gridlyId": "FRA-275004M"
      }
    },
    {
      "type": "Feature",
      "id": 205808,
      "geometry": {
        "type": "Point",
        "coordinates": [
          -98.6678489995723,
          33.9507117999422
        ]
      },
      "properties": {
        "OBJECTID": 205808,
        "CROSSING": "275005U",
        "EFFDATE": 1736812800000,
        "REASON": "14",
        "StateCode": "48",
        "CountyCode": "48485",
        "STCYFIPS": "48485",
        "CITYCD": "484853390",
        "RAILROAD": "BNSF",
        "RRDIV": "RED RIVER",
        "RRSUBDIV": "RED RIVER VALLEY",
        "HIGHWAY": "ST 0000",
        "STREET": "WALL ST",
        "TTSTN": "664473",
        "MILEPOST": "0124.860",
        "TYPEXING": "Public",
        "POSXING": "At Grade",
        "PRVCAT": "14",
        "INIT": "1",
        "LATITUDE": 33.9507118,
        "LONGITUD": -98.667849,
        "LLSOURCE": "1",
        "WHISTBAN": "0",
        "RRCONT": "8173521549",
        "POLCONT": "8008325452",
        "INV_LINK": "https://safetydata.fra.dot.gov/OfficeofSafety/PublicSite/Crossing/Crossing.aspx?phasetype=C&rpttype=I&txtcrossingnum=275005U",
        "ACC_LINK": "https://safetydata.fra.dot.gov/OfficeofSafety/PublicSite/Crossing/Crossing.aspx?phasetype=C&rpttype=A&txtcrossingnum=275005U",
        "TTSTNNAM": "IOWA PARK",
        "XPURPOSE": "1",
        "OPERATINGR": "BNSF",
        "OPERATIN_1": "Primary",
        "DAYTHRU": 7,
        "NGHTTHRU": 7,
        "MAINTRK": 1,
        "SIDINGTRK": 1,
        "YARDTRK": 0,
        "TRANSITTRK": 0,
        "INDUSTRYTR": 0,
        "OTHRTRK": 1,
        "WDCODE": "All other Gates",
        "REVISIONDA": "1996/01/01 00:00:00",
        "LASTUPDATE": "1/14/2025",
        "AADT": "1484",
        "AADTYEAR": "2019",
        "STATENAME": "TEXAS",
        "STATEAB": "TX",
        "COUNTYNAME": "WICHITA",
        "CITYNAME": "IOWA PARK",
        "LATDD": 33.9507118,
        "LONGDD": -98.667849,
        "gridlyProductionCertified": true,
        "gridlyClassification": "PUBLIC_ROADWAY",
        "gridlyDisplayName": "WALL ST",
        "gridlyId": "FRA-275005U"
      }
    },
    {
      "type": "Feature",
      "id": 205810,
      "geometry": {
        "type": "Point",
        "coordinates": [
          -98.6641799996776,
          33.9501446998734
        ]
      },
      "properties": {
        "OBJECTID": 205810,
        "CROSSING": "275006B",
        "EFFDATE": 1736812800000,
        "REASON": "14",
        "StateCode": "48",
        "CountyCode": "48485",
        "STCYFIPS": "48485",
        "CITYCD": "484853390",
        "RAILROAD": "BNSF",
        "RRDIV": "RED RIVER",
        "RRSUBDIV": "RED RIVER VALLEY",
        "HIGHWAY": "ST 0000",
        "STREET": "N VICTORIA AVE",
        "TTSTN": "664473",
        "MILEPOST": "0124.640",
        "TYPEXING": "Public",
        "POSXING": "At Grade",
        "PRVCAT": "14",
        "INIT": "1",
        "LATITUDE": 33.9501447,
        "LONGITUD": -98.66418,
        "LLSOURCE": "1",
        "WHISTBAN": "0",
        "RRCONT": "8173521549",
        "POLCONT": "8008325452",
        "INV_LINK": "https://safetydata.fra.dot.gov/OfficeofSafety/PublicSite/Crossing/Crossing.aspx?phasetype=C&rpttype=I&txtcrossingnum=275006B",
        "ACC_LINK": "https://safetydata.fra.dot.gov/OfficeofSafety/PublicSite/Crossing/Crossing.aspx?phasetype=C&rpttype=A&txtcrossingnum=275006B",
        "TTSTNNAM": "IOWA PARK",
        "XPURPOSE": "1",
        "OPERATINGR": "BNSF",
        "OPERATIN_1": "Primary",
        "DAYTHRU": 7,
        "NGHTTHRU": 7,
        "MAINTRK": 1,
        "SIDINGTRK": 1,
        "YARDTRK": 0,
        "TRANSITTRK": 0,
        "INDUSTRYTR": 0,
        "OTHRTRK": 1,
        "WDCODE": "All other Gates",
        "REVISIONDA": "1996/01/01 00:00:00",
        "LASTUPDATE": "1/14/2025",
        "AADT": "990",
        "AADTYEAR": "2019",
        "STATENAME": "TEXAS",
        "STATEAB": "TX",
        "COUNTYNAME": "WICHITA",
        "CITYNAME": "IOWA PARK",
        "LATDD": 33.9501447,
        "LONGDD": -98.66418,
        "gridlyProductionCertified": true,
        "gridlyClassification": "PUBLIC_ROADWAY",
        "gridlyDisplayName": "N VICTORIA AVE",
        "gridlyId": "FRA-275006B"
      }
    },
    {
      "type": "Feature",
      "id": 205811,
      "geometry": {
        "type": "Point",
        "coordinates": [
          -98.655609000177,
          33.9488172001519
        ]
      },
      "properties": {
        "OBJECTID": 205811,
        "CROSSING": "275007H",
        "EFFDATE": 1736812800000,
        "REASON": "14",
        "StateCode": "48",
        "CountyCode": "48485",
        "STCYFIPS": "48485",
        "CITYCD": "484853390",
        "RAILROAD": "BNSF",
        "RRDIV": "RED RIVER",
        "RRSUBDIV": "RED RIVER VALLEY",
        "HIGHWAY": "FM 1814",
        "STREET": "BELL RD",
        "TTSTN": "664473",
        "MILEPOST": "0124.150",
        "TYPEXING": "Public",
        "POSXING": "At Grade",
        "PRVCAT": "14",
        "INIT": "1",
        "LATITUDE": 33.9488172,
        "LONGITUD": -98.655609,
        "LLSOURCE": "1",
        "WHISTBAN": "0",
        "RRCONT": "8173521549",
        "POLCONT": "8008325452",
        "INV_LINK": "https://safetydata.fra.dot.gov/OfficeofSafety/PublicSite/Crossing/Crossing.aspx?phasetype=C&rpttype=I&txtcrossingnum=275007H",
        "ACC_LINK": "https://safetydata.fra.dot.gov/OfficeofSafety/PublicSite/Crossing/Crossing.aspx?phasetype=C&rpttype=A&txtcrossingnum=275007H",
        "TTSTNNAM": "IOWA PARK",
        "XPURPOSE": "1",
        "OPERATINGR": "BNSF",
        "OPERATIN_1": "Primary",
        "DAYTHRU": 7,
        "NGHTTHRU": 7,
        "MAINTRK": 1,
        "SIDINGTRK": 1,
        "YARDTRK": 0,
        "TRANSITTRK": 0,
        "INDUSTRYTR": 0,
        "OTHRTRK": 1,
        "WDCODE": "All other Gates",
        "REVISIONDA": "1996/01/01 00:00:00",
        "LASTUPDATE": "1/14/2025",
        "AADT": "440",
        "AADTYEAR": "2019",
        "STATENAME": "TEXAS",
        "STATEAB": "TX",
        "COUNTYNAME": "WICHITA",
        "CITYNAME": "IOWA PARK",
        "LATDD": 33.9488172,
        "LONGDD": -98.655609,
        "gridlyProductionCertified": true,
        "gridlyClassification": "PUBLIC_ROADWAY",
        "gridlyDisplayName": "BELL RD",
        "gridlyId": "FRA-275007H"
      }
    },
    {
      "type": "Feature",
      "id": 205812,
      "geometry": {
        "type": "Point",
        "coordinates": [
          -98.6433959996475,
          33.9469236998346
        ]
      },
      "properties": {
        "OBJECTID": 205812,
        "CROSSING": "275008P",
        "EFFDATE": 1736812800000,
        "REASON": "14",
        "StateCode": "48",
        "CountyCode": "48485",
        "STCYFIPS": "48485",
        "CITYCD": "484853390",
        "RAILROAD": "BNSF",
        "RRDIV": "RED RIVER",
        "RRSUBDIV": "RED RIVER VALLEY",
        "HIGHWAY": "Not Yet Reported by State",
        "STREET": "PRIVATE",
        "TTSTN": "664457",
        "MILEPOST": "0123.430",
        "TYPEXING": "Private",
        "POSXING": "At Grade",
        "PRVCAT": "14",
        "INIT": "1",
        "LATITUDE": 33.9469237,
        "LONGITUD": -98.643396,
        "LLSOURCE": "1",
        "WHISTBAN": "0",
        "RRCONT": "8173521549",
        "POLCONT": "8008325452",
        "INV_LINK": "https://safetydata.fra.dot.gov/OfficeofSafety/PublicSite/Crossing/Crossing.aspx?phasetype=C&rpttype=I&txtcrossingnum=275008P",
        "ACC_LINK": "https://safetydata.fra.dot.gov/OfficeofSafety/PublicSite/Crossing/Crossing.aspx?phasetype=C&rpttype=A&txtcrossingnum=275008P",
        "TTSTNNAM": "FOWLKES",
        "XPURPOSE": "1",
        "OPERATINGR": "BNSF",
        "OPERATIN_1": "Primary",
        "DAYTHRU": 7,
        "NGHTTHRU": 6,
        "MAINTRK": 1,
        "SIDINGTRK": 0,
        "YARDTRK": 0,
        "TRANSITTRK": 0,
        "INDUSTRYTR": 0,
        "OTHRTRK": 0,
        "WDCODE": "",
        "REVISIONDA": "1996/01/01 00:00:00",
        "LASTUPDATE": "1/14/2025",
        "AADT": "",
        "AADTYEAR": "1978",
        "STATENAME": "TEXAS",
        "STATEAB": "TX",
        "COUNTYNAME": "WICHITA",
        "CITYNAME": "IOWA PARK",
        "LATDD": 33.9469237,
        "LONGDD": -98.643396,
        "gridlyProductionCertified": true,
        "gridlyClassification": "PUBLIC_ROADWAY",
        "gridlyDisplayName": "PRIVATE",
        "gridlyId": "FRA-275008P"
      }
    },
    {
      "type": "Feature",
      "id": 205813,
      "geometry": {
        "type": "Point",
        "coordinates": [
          -98.6121289998149,
          33.9420713000004
        ]
      },
      "properties": {
        "OBJECTID": 205813,
        "CROSSING": "275009W",
        "EFFDATE": 1736812800000,
        "REASON": "14",
        "StateCode": "48",
        "CountyCode": "48485",
        "STCYFIPS": "48485",
        "CITYCD": "484853390",
        "RAILROAD": "BNSF",
        "RRDIV": "RED RIVER",
        "RRSUBDIV": "RED RIVER VALLEY",
        "HIGHWAY": "Not Yet Reported by State",
        "STREET": "PRIVATE",
        "TTSTN": "664457",
        "MILEPOST": "0121.600",
        "TYPEXING": "Private",
        "POSXING": "At Grade",
        "PRVCAT": "14",
        "INIT": "1",
        "LATITUDE": 33.9420713,
        "LONGITUD": -98.612129,
        "LLSOURCE": "1",
        "WHISTBAN": "0",
        "RRCONT": "8173521549",
        "POLCONT": "8008325452",
        "INV_LINK": "https://safetydata.fra.dot.gov/OfficeofSafety/PublicSite/Crossing/Crossing.aspx?phasetype=C&rpttype=I&txtcrossingnum=275009W",
        "ACC_LINK": "https://safetydata.fra.dot.gov/OfficeofSafety/PublicSite/Crossing/Crossing.aspx?phasetype=C&rpttype=A&txtcrossingnum=275009W",
        "TTSTNNAM": "FOWLKES",
        "XPURPOSE": "1",
        "OPERATINGR": "BNSF",
        "OPERATIN_1": "Primary",
        "DAYTHRU": 7,
        "NGHTTHRU": 6,
        "MAINTRK": 1,
        "SIDINGTRK": 0,
        "YARDTRK": 0,
        "TRANSITTRK": 0,
        "INDUSTRYTR": 0,
        "OTHRTRK": 0,
        "WDCODE": "",
        "REVISIONDA": "1996/01/01 00:00:00",
        "LASTUPDATE": "1/14/2025",
        "AADT": "",
        "AADTYEAR": "1978",
        "STATENAME": "TEXAS",
        "STATEAB": "TX",
        "COUNTYNAME": "WICHITA",
        "CITYNAME": "IOWA PARK",
        "LATDD": 33.9420713,
        "LONGDD": -98.612129,
        "gridlyProductionCertified": true,
        "gridlyClassification": "PUBLIC_ROADWAY",
        "gridlyDisplayName": "PRIVATE",
        "gridlyId": "FRA-275009W"
      }
    },
    {
      "type": "Feature",
      "id": 205814,
      "geometry": {
        "type": "Point",
        "coordinates": [
          -98.6300209995519,
          33.9448492002101
        ]
      },
      "properties": {
        "OBJECTID": 205814,
        "CROSSING": "275010R",
        "EFFDATE": 1736812800000,
        "REASON": "14",
        "StateCode": "48",
        "CountyCode": "48485",
        "STCYFIPS": "48485",
        "CITYCD": "484853390",
        "RAILROAD": "BNSF",
        "RRDIV": "RED RIVER",
        "RRSUBDIV": "RED RIVER VALLEY",
        "HIGHWAY": "CO 0000",
        "STREET": "PETERSON RD",
        "TTSTN": "664473",
        "MILEPOST": "0122.645",
        "TYPEXING": "Public",
        "POSXING": "At Grade",
        "PRVCAT": "14",
        "INIT": "1",
        "LATITUDE": 33.9448492,
        "LONGITUD": -98.630021,
        "LLSOURCE": "1",
        "WHISTBAN": "0",
        "RRCONT": "8173521549",
        "POLCONT": "8008325452",
        "INV_LINK": "https://safetydata.fra.dot.gov/OfficeofSafety/PublicSite/Crossing/Crossing.aspx?phasetype=C&rpttype=I&txtcrossingnum=275010R",
        "ACC_LINK": "https://safetydata.fra.dot.gov/OfficeofSafety/PublicSite/Crossing/Crossing.aspx?phasetype=C&rpttype=A&txtcrossingnum=275010R",
        "TTSTNNAM": "IOWA PARK",
        "XPURPOSE": "1",
        "OPERATINGR": "BNSF",
        "OPERATIN_1": "Primary",
        "DAYTHRU": 7,
        "NGHTTHRU": 6,
        "MAINTRK": 1,
        "SIDINGTRK": 0,
        "YARDTRK": 0,
        "TRANSITTRK": 0,
        "INDUSTRYTR": 0,
        "OTHRTRK": 0,
        "WDCODE": "All other Gates",
        "REVISIONDA": "1996/01/01 00:00:00",
        "LASTUPDATE": "1/14/2025",
        "AADT": "190",
        "AADTYEAR": "2019",
        "STATENAME": "TEXAS",
        "STATEAB": "TX",
        "COUNTYNAME": "WICHITA",
        "CITYNAME": "IOWA PARK",
        "LATDD": 33.9448492,
        "LONGDD": -98.630021,
        "gridlyProductionCertified": true,
        "gridlyClassification": "PUBLIC_ROADWAY",
        "gridlyDisplayName": "PETERSON RD",
        "gridlyId": "FRA-275010R"
      }
    },
    {
      "type": "Feature",
      "id": 205815,
      "geometry": {
        "type": "Point",
        "coordinates": [
          -98.6207679999859,
          33.9434130002712
        ]
      },
      "properties": {
        "OBJECTID": 205815,
        "CROSSING": "275011X",
        "EFFDATE": 1736812800000,
        "REASON": "14",
        "StateCode": "48",
        "CountyCode": "48485",
        "STCYFIPS": "48485",
        "CITYCD": "484853390",
        "RAILROAD": "BNSF",
        "RRDIV": "RED RIVER",
        "RRSUBDIV": "RED RIVER VALLEY",
        "HIGHWAY": "CO 0000",
        "STREET": "HORSEHOE LAKE RD",
        "TTSTN": "664473",
        "MILEPOST": "0122.100",
        "TYPEXING": "Public",
        "POSXING": "At Grade",
        "PRVCAT": "14",
        "INIT": "1",
        "LATITUDE": 33.943413,
        "LONGITUD": -98.620768,
        "LLSOURCE": "1",
        "WHISTBAN": "0",
        "RRCONT": "8173521549",
        "POLCONT": "8008325452",
        "INV_LINK": "https://safetydata.fra.dot.gov/OfficeofSafety/PublicSite/Crossing/Crossing.aspx?phasetype=C&rpttype=I&txtcrossingnum=275011X",
        "ACC_LINK": "https://safetydata.fra.dot.gov/OfficeofSafety/PublicSite/Crossing/Crossing.aspx?phasetype=C&rpttype=A&txtcrossingnum=275011X",
        "TTSTNNAM": "IOWA PARK",
        "XPURPOSE": "1",
        "OPERATINGR": "BNSF",
        "OPERATIN_1": "Primary",
        "DAYTHRU": 7,
        "NGHTTHRU": 6,
        "MAINTRK": 1,
        "SIDINGTRK": 0,
        "YARDTRK": 0,
        "TRANSITTRK": 0,
        "INDUSTRYTR": 0,
        "OTHRTRK": 0,
        "WDCODE": "All other Gates",
        "REVISIONDA": "1996/01/01 00:00:00",
        "LASTUPDATE": "1/14/2025",
        "AADT": "177",
        "AADTYEAR": "2019",
        "STATENAME": "TEXAS",
        "STATEAB": "TX",
        "COUNTYNAME": "WICHITA",
        "CITYNAME": "IOWA PARK",
        "LATDD": 33.943413,
        "LONGDD": -98.620768,
        "gridlyProductionCertified": true,
        "gridlyClassification": "PUBLIC_ROADWAY",
        "gridlyDisplayName": "HORSEHOE LAKE RD",
        "gridlyId": "FRA-275011X"
      }
    },
    {
      "type": "Feature",
      "id": 205816,
      "geometry": {
        "type": "Point",
        "coordinates": [
          -98.6339620003315,
          33.9454608003158
        ]
      },
      "properties": {
        "OBJECTID": 205816,
        "CROSSING": "275012E",
        "EFFDATE": 1736812800000,
        "REASON": "14",
        "StateCode": "48",
        "CountyCode": "48485",
        "STCYFIPS": "48485",
        "CITYCD": "484853390",
        "RAILROAD": "BNSF",
        "RRDIV": "RED RIVER",
        "RRSUBDIV": "RED RIVER VALLEY",
        "HIGHWAY": "Not Yet Reported by State",
        "STREET": "PRIVATE",
        "TTSTN": "664457",
        "MILEPOST": "0122.875",
        "TYPEXING": "Private",
        "POSXING": "At Grade",
        "PRVCAT": "14",
        "INIT": "1",
        "LATITUDE": 33.9454608,
        "LONGITUD": -98.633962,
        "LLSOURCE": "1",
        "WHISTBAN": "0",
        "RRCONT": "8173521549",
        "POLCONT": "8008325452",
        "INV_LINK": "https://safetydata.fra.dot.gov/OfficeofSafety/PublicSite/Crossing/Crossing.aspx?phasetype=C&rpttype=I&txtcrossingnum=275012E",
        "ACC_LINK": "https://safetydata.fra.dot.gov/OfficeofSafety/PublicSite/Crossing/Crossing.aspx?phasetype=C&rpttype=A&txtcrossingnum=275012E",
        "TTSTNNAM": "FOWLKES",
        "XPURPOSE": "1",
        "OPERATINGR": "BNSF",
        "OPERATIN_1": "Primary",
        "DAYTHRU": 7,
        "NGHTTHRU": 6,
        "MAINTRK": 1,
        "SIDINGTRK": 0,
        "YARDTRK": 0,
        "TRANSITTRK": 0,
        "INDUSTRYTR": 0,
        "OTHRTRK": 0,
        "WDCODE": "",
        "REVISIONDA": "1996/01/01 00:00:00",
        "LASTUPDATE": "1/14/2025",
        "AADT": "",
        "AADTYEAR": "1978",
        "STATENAME": "TEXAS",
        "STATEAB": "TX",
        "COUNTYNAME": "WICHITA",
        "CITYNAME": "IOWA PARK",
        "LATDD": 33.9454608,
        "LONGDD": -98.633962,
        "gridlyProductionCertified": true,
        "gridlyClassification": "PUBLIC_ROADWAY",
        "gridlyDisplayName": "PRIVATE",
        "gridlyId": "FRA-275012E"
      }
    },
    {
      "type": "Feature",
      "id": 205817,
      "geometry": {
        "type": "Point",
        "coordinates": [
          -98.6031930004413,
          33.9406825998445
        ]
      },
      "properties": {
        "OBJECTID": 205817,
        "CROSSING": "275013L",
        "EFFDATE": 1736812800000,
        "REASON": "14",
        "StateCode": "48",
        "CountyCode": "48485",
        "STCYFIPS": "48485",
        "CITYCD": "484853390",
        "RAILROAD": "BNSF",
        "RRDIV": "RED RIVER",
        "RRSUBDIV": "RED RIVER VALLEY",
        "HIGHWAY": "FM 0369",
        "STREET": "FM 369 ROAD",
        "TTSTN": "664473",
        "MILEPOST": "0121.070",
        "TYPEXING": "Public",
        "POSXING": "At Grade",
        "PRVCAT": "14",
        "INIT": "1",
        "LATITUDE": 33.9406826,
        "LONGITUD": -98.603193,
        "LLSOURCE": "1",
        "WHISTBAN": "0",
        "RRCONT": "8173521549",
        "POLCONT": "8008325452",
        "INV_LINK": "https://safetydata.fra.dot.gov/OfficeofSafety/PublicSite/Crossing/Crossing.aspx?phasetype=C&rpttype=I&txtcrossingnum=275013L",
        "ACC_LINK": "https://safetydata.fra.dot.gov/OfficeofSafety/PublicSite/Crossing/Crossing.aspx?phasetype=C&rpttype=A&txtcrossingnum=275013L",
        "TTSTNNAM": "IOWA PARK",
        "XPURPOSE": "1",
        "OPERATINGR": "BNSF",
        "OPERATIN_1": "Primary",
        "DAYTHRU": 7,
        "NGHTTHRU": 6,
        "MAINTRK": 1,
        "SIDINGTRK": 0,
        "YARDTRK": 0,
        "TRANSITTRK": 0,
        "INDUSTRYTR": 0,
        "OTHRTRK": 0,
        "WDCODE": "All other Gates",
        "REVISIONDA": "1996/01/01 00:00:00",
        "LASTUPDATE": "1/14/2025",
        "AADT": "5595",
        "AADTYEAR": "2019",
        "STATENAME": "TEXAS",
        "STATEAB": "TX",
        "COUNTYNAME": "WICHITA",
        "CITYNAME": "IOWA PARK",
        "LATDD": 33.9406826,
        "LONGDD": -98.603193,
        "gridlyProductionCertified": true,
        "gridlyClassification": "PUBLIC_ROADWAY",
        "gridlyDisplayName": "FM 369 ROAD",
        "gridlyId": "FRA-275013L"
      }
    },
    {
      "type": "Feature",
      "id": 205818,
      "geometry": {
        "type": "Point",
        "coordinates": [
          -98.5895360003134,
          33.9385608996471
        ]
      },
      "properties": {
        "OBJECTID": 205818,
        "CROSSING": "275015A",
        "EFFDATE": 1736812800000,
        "REASON": "14",
        "StateCode": "48",
        "CountyCode": "48485",
        "STCYFIPS": "48485",
        "CITYCD": "484853390",
        "RAILROAD": "BNSF",
        "RRDIV": "RED RIVER",
        "RRSUBDIV": "RED RIVER VALLEY",
        "HIGHWAY": "ST 0000",
        "STREET": "HUNTINGTON LANE",
        "TTSTN": "664473",
        "MILEPOST": "0120.280",
        "TYPEXING": "Public",
        "POSXING": "At Grade",
        "PRVCAT": "14",
        "INIT": "1",
        "LATITUDE": 33.9385609,
        "LONGITUD": -98.589536,
        "LLSOURCE": "1",
        "WHISTBAN": "0",
        "RRCONT": "8173521549",
        "POLCONT": "8008325452",
        "INV_LINK": "https://safetydata.fra.dot.gov/OfficeofSafety/PublicSite/Crossing/Crossing.aspx?phasetype=C&rpttype=I&txtcrossingnum=275015A",
        "ACC_LINK": "https://safetydata.fra.dot.gov/OfficeofSafety/PublicSite/Crossing/Crossing.aspx?phasetype=C&rpttype=A&txtcrossingnum=275015A",
        "TTSTNNAM": "IOWA PARK",
        "XPURPOSE": "1",
        "OPERATINGR": "BNSF",
        "OPERATIN_1": "Primary",
        "DAYTHRU": 7,
        "NGHTTHRU": 6,
        "MAINTRK": 1,
        "SIDINGTRK": 0,
        "YARDTRK": 0,
        "TRANSITTRK": 0,
        "INDUSTRYTR": 0,
        "OTHRTRK": 0,
        "WDCODE": "All other Gates",
        "REVISIONDA": "1996/01/01 00:00:00",
        "LASTUPDATE": "1/14/2025",
        "AADT": "315",
        "AADTYEAR": "2019",
        "STATENAME": "TEXAS",
        "STATEAB": "TX",
        "COUNTYNAME": "WICHITA",
        "CITYNAME": "IOWA PARK",
        "LATDD": 33.9385609,
        "LONGDD": -98.589536,
        "gridlyProductionCertified": true,
        "gridlyClassification": "PUBLIC_ROADWAY",
        "gridlyDisplayName": "HUNTINGTON LANE",
        "gridlyId": "FRA-275015A"
      }
    },
    {
      "type": "Feature",
      "id": 205819,
      "geometry": {
        "type": "Point",
        "coordinates": [
          -98.5666159996754,
          33.9349965002093
        ]
      },
      "properties": {
        "OBJECTID": 205819,
        "CROSSING": "275018V",
        "EFFDATE": 1736812800000,
        "REASON": "14",
        "StateCode": "48",
        "CountyCode": "48485",
        "STCYFIPS": "48485",
        "CITYCD": "484857490",
        "RAILROAD": "BNSF",
        "RRDIV": "RED RIVER",
        "RRSUBDIV": "RED RIVER VALLEY",
        "HIGHWAY": "ST 0000",
        "STREET": "SPRINGLAKE RD",
        "TTSTN": "664300",
        "MILEPOST": "0118.940",
        "TYPEXING": "Public",
        "POSXING": "At Grade",
        "PRVCAT": "14",
        "INIT": "1",
        "LATITUDE": 33.9349965,
        "LONGITUD": -98.566616,
        "LLSOURCE": "1",
        "WHISTBAN": "0",
        "RRCONT": "8173521549",
        "POLCONT": "8008325452",
        "INV_LINK": "https://safetydata.fra.dot.gov/OfficeofSafety/PublicSite/Crossing/Crossing.aspx?phasetype=C&rpttype=I&txtcrossingnum=275018V",
        "ACC_LINK": "https://safetydata.fra.dot.gov/OfficeofSafety/PublicSite/Crossing/Crossing.aspx?phasetype=C&rpttype=A&txtcrossingnum=275018V",
        "TTSTNNAM": "WICHITA FALLS YD, TX",
        "XPURPOSE": "1",
        "OPERATINGR": "BNSF",
        "OPERATIN_1": "Primary",
        "DAYTHRU": 7,
        "NGHTTHRU": 6,
        "MAINTRK": 1,
        "SIDINGTRK": 0,
        "YARDTRK": 0,
        "TRANSITTRK": 0,
        "INDUSTRYTR": 0,
        "OTHRTRK": 0,
        "WDCODE": "All other Gates",
        "REVISIONDA": "1996/01/01 00:00:00",
        "LASTUPDATE": "1/14/2025",
        "AADT": "205",
        "AADTYEAR": "2019",
        "STATENAME": "TEXAS",
        "STATEAB": "TX",
        "COUNTYNAME": "WICHITA",
        "CITYNAME": "WICHITA FALLS",
        "LATDD": 33.9349965,
        "LONGDD": -98.566616,
        "gridlyProductionCertified": true,
        "gridlyClassification": "PUBLIC_ROADWAY",
        "gridlyDisplayName": "SPRINGLAKE RD",
        "gridlyId": "FRA-275018V"
      }
    },
    {
      "type": "Feature",
      "id": 205820,
      "geometry": {
        "type": "Point",
        "coordinates": [
          -98.5615810000001,
          33.9342107996357
        ]
      },
      "properties": {
        "OBJECTID": 205820,
        "CROSSING": "275019C",
        "EFFDATE": 1736812800000,
        "REASON": "14",
        "StateCode": "48",
        "CountyCode": "48485",
        "STCYFIPS": "48485",
        "CITYCD": "484857490",
        "RAILROAD": "BNSF",
        "RRDIV": "RED RIVER",
        "RRSUBDIV": "RED RIVER VALLEY",
        "HIGHWAY": "Not Yet Reported by State",
        "STREET": "PRIVATE",
        "TTSTN": "664300",
        "MILEPOST": "0118.640",
        "TYPEXING": "Private",
        "POSXING": "At Grade",
        "PRVCAT": "14",
        "INIT": "1",
        "LATITUDE": 33.9342108,
        "LONGITUD": -98.561581,
        "LLSOURCE": "1",
        "WHISTBAN": "0",
        "RRCONT": "8173521549",
        "POLCONT": "8008325452",
        "INV_LINK": "https://safetydata.fra.dot.gov/OfficeofSafety/PublicSite/Crossing/Crossing.aspx?phasetype=C&rpttype=I&txtcrossingnum=275019C",
        "ACC_LINK": "https://safetydata.fra.dot.gov/OfficeofSafety/PublicSite/Crossing/Crossing.aspx?phasetype=C&rpttype=A&txtcrossingnum=275019C",
        "TTSTNNAM": "WICHITA FALLS YD, TX",
        "XPURPOSE": "1",
        "OPERATINGR": "BNSF",
        "OPERATIN_1": "Primary",
        "DAYTHRU": 7,
        "NGHTTHRU": 6,
        "MAINTRK": 1,
        "SIDINGTRK": 0,
        "YARDTRK": 0,
        "TRANSITTRK": 0,
        "INDUSTRYTR": 0,
        "OTHRTRK": 0,
        "WDCODE": "",
        "REVISIONDA": "1996/01/01 00:00:00",
        "LASTUPDATE": "1/14/2025",
        "AADT": "",
        "AADTYEAR": "1978",
        "STATENAME": "TEXAS",
        "STATEAB": "TX",
        "COUNTYNAME": "WICHITA",
        "CITYNAME": "WICHITA FALLS",
        "LATDD": 33.9342108,
        "LONGDD": -98.561581,
        "gridlyProductionCertified": true,
        "gridlyClassification": "PUBLIC_ROADWAY",
        "gridlyDisplayName": "PRIVATE",
        "gridlyId": "FRA-275019C"
      }
    },
    {
      "type": "Feature",
      "id": 205821,
      "geometry": {
        "type": "Point",
        "coordinates": [
          -98.5541090003164,
          33.9330485998819
        ]
      },
      "properties": {
        "OBJECTID": 205821,
        "CROSSING": "275020W",
        "EFFDATE": 1736812800000,
        "REASON": "14",
        "StateCode": "48",
        "CountyCode": "48485",
        "STCYFIPS": "48485",
        "CITYCD": "484857490",
        "RAILROAD": "BNSF",
        "RRDIV": "RED RIVER",
        "RRSUBDIV": "RED RIVER VALLEY",
        "HIGHWAY": "Not Yet Reported by State",
        "STREET": "PRIVATE",
        "TTSTN": "664300",
        "MILEPOST": "0118.208",
        "TYPEXING": "Private",
        "POSXING": "At Grade",
        "PRVCAT": "14",
        "INIT": "1",
        "LATITUDE": 33.9330486,
        "LONGITUD": -98.554109,
        "LLSOURCE": "1",
        "WHISTBAN": "0",
        "RRCONT": "8173521549",
        "POLCONT": "8008325452",
        "INV_LINK": "https://safetydata.fra.dot.gov/OfficeofSafety/PublicSite/Crossing/Crossing.aspx?phasetype=C&rpttype=I&txtcrossingnum=275020W",
        "ACC_LINK": "https://safetydata.fra.dot.gov/OfficeofSafety/PublicSite/Crossing/Crossing.aspx?phasetype=C&rpttype=A&txtcrossingnum=275020W",
        "TTSTNNAM": "WICHITA FALLS YD, TX",
        "XPURPOSE": "1",
        "OPERATINGR": "BNSF",
        "OPERATIN_1": "Primary",
        "DAYTHRU": 7,
        "NGHTTHRU": 6,
        "MAINTRK": 1,
        "SIDINGTRK": 0,
        "YARDTRK": 1,
        "TRANSITTRK": 0,
        "INDUSTRYTR": 0,
        "OTHRTRK": 1,
        "WDCODE": "",
        "REVISIONDA": "1996/01/01 00:00:00",
        "LASTUPDATE": "1/14/2025",
        "AADT": "",
        "AADTYEAR": "1978",
        "STATENAME": "TEXAS",
        "STATEAB": "TX",
        "COUNTYNAME": "WICHITA",
        "CITYNAME": "WICHITA FALLS",
        "LATDD": 33.9330486,
        "LONGDD": -98.554109,
        "gridlyProductionCertified": true,
        "gridlyClassification": "PUBLIC_ROADWAY",
        "gridlyDisplayName": "PRIVATE",
        "gridlyId": "FRA-275020W"
      }
    },
    {
      "type": "Feature",
      "id": 205822,
      "geometry": {
        "type": "Point",
        "coordinates": [
          -98.5807990002331,
          33.9372100997151
        ]
      },
      "properties": {
        "OBJECTID": 205822,
        "CROSSING": "275016G",
        "EFFDATE": 1736812800000,
        "REASON": "14",
        "StateCode": "48",
        "CountyCode": "48485",
        "STCYFIPS": "48485",
        "CITYCD": "484853390",
        "RAILROAD": "BNSF",
        "RRDIV": "RED RIVER",
        "RRSUBDIV": "RED RIVER VALLEY",
        "HIGHWAY": "ST 0000",
        "STREET": "BURKS LN",
        "TTSTN": "664473",
        "MILEPOST": "0119.767",
        "TYPEXING": "Public",
        "POSXING": "At Grade",
        "PRVCAT": "14",
        "INIT": "1",
        "LATITUDE": 33.9372101,
        "LONGITUD": -98.580799,
        "LLSOURCE": "1",
        "WHISTBAN": "0",
        "RRCONT": "8173521549",
        "POLCONT": "8008325452",
        "INV_LINK": "https://safetydata.fra.dot.gov/OfficeofSafety/PublicSite/Crossing/Crossing.aspx?phasetype=C&rpttype=I&txtcrossingnum=275016G",
        "ACC_LINK": "https://safetydata.fra.dot.gov/OfficeofSafety/PublicSite/Crossing/Crossing.aspx?phasetype=C&rpttype=A&txtcrossingnum=275016G",
        "TTSTNNAM": "IOWA PARK",
        "XPURPOSE": "1",
        "OPERATINGR": "BNSF",
        "OPERATIN_1": "Primary",
        "DAYTHRU": 7,
        "NGHTTHRU": 6,
        "MAINTRK": 1,
        "SIDINGTRK": 0,
        "YARDTRK": 0,
        "TRANSITTRK": 0,
        "INDUSTRYTR": 0,
        "OTHRTRK": 0,
        "WDCODE": "All other Gates",
        "REVISIONDA": "1996/01/01 00:00:00",
        "LASTUPDATE": "1/14/2025",
        "AADT": "000082",
        "AADTYEAR": "2000",
        "STATENAME": "TEXAS",
        "STATEAB": "TX",
        "COUNTYNAME": "WICHITA",
        "CITYNAME": "IOWA PARK",
        "LATDD": 33.9372101,
        "LONGDD": -98.580799,
        "gridlyProductionCertified": true,
        "gridlyClassification": "PUBLIC_ROADWAY",
        "gridlyDisplayName": "BURKS LN",
        "gridlyId": "FRA-275016G"
      }
    },
    {
      "type": "Feature",
      "id": 205823,
      "geometry": {
        "type": "Point",
        "coordinates": [
          -98.5752869996335,
          33.936345899821
        ]
      },
      "properties": {
        "OBJECTID": 205823,
        "CROSSING": "275017N",
        "EFFDATE": 1736812800000,
        "REASON": "14",
        "StateCode": "48",
        "CountyCode": "48485",
        "STCYFIPS": "48485",
        "CITYCD": "484853390",
        "RAILROAD": "BNSF",
        "RRDIV": "RED RIVER",
        "RRSUBDIV": "RED RIVER VALLEY",
        "HIGHWAY": "CO 0000",
        "STREET": "WELLINGTON LN",
        "TTSTN": "664473",
        "MILEPOST": "0119.445",
        "TYPEXING": "Public",
        "POSXING": "At Grade",
        "PRVCAT": "14",
        "INIT": "1",
        "LATITUDE": 33.9363459,
        "LONGITUD": -98.575287,
        "LLSOURCE": "1",
        "WHISTBAN": "0",
        "RRCONT": "8173521549",
        "POLCONT": "8008325452",
        "INV_LINK": "https://safetydata.fra.dot.gov/OfficeofSafety/PublicSite/Crossing/Crossing.aspx?phasetype=C&rpttype=I&txtcrossingnum=275017N",
        "ACC_LINK": "https://safetydata.fra.dot.gov/OfficeofSafety/PublicSite/Crossing/Crossing.aspx?phasetype=C&rpttype=A&txtcrossingnum=275017N",
        "TTSTNNAM": "IOWA PARK",
        "XPURPOSE": "1",
        "OPERATINGR": "BNSF",
        "OPERATIN_1": "Primary",
        "DAYTHRU": 7,
        "NGHTTHRU": 6,
        "MAINTRK": 1,
        "SIDINGTRK": 0,
        "YARDTRK": 0,
        "TRANSITTRK": 0,
        "INDUSTRYTR": 0,
        "OTHRTRK": 0,
        "WDCODE": "All other Gates",
        "REVISIONDA": "1996/01/01 00:00:00",
        "LASTUPDATE": "1/14/2025",
        "AADT": "1463",
        "AADTYEAR": "2019",
        "STATENAME": "TEXAS",
        "STATEAB": "TX",
        "COUNTYNAME": "WICHITA",
        "CITYNAME": "IOWA PARK",
        "LATDD": 33.9363459,
        "LONGDD": -98.575287,
        "gridlyProductionCertified": true,
        "gridlyClassification": "PUBLIC_ROADWAY",
        "gridlyDisplayName": "WELLINGTON LN",
        "gridlyId": "FRA-275017N"
      }
    },
    {
      "type": "Feature",
      "id": 205827,
      "geometry": {
        "type": "Point",
        "coordinates": [
          -98.5514429999791,
          33.9326334998353
        ]
      },
      "properties": {
        "OBJECTID": 205827,
        "CROSSING": "275021D",
        "EFFDATE": 1736812800000,
        "REASON": "14",
        "StateCode": "48",
        "CountyCode": "48485",
        "STCYFIPS": "48485",
        "CITYCD": "484857490",
        "RAILROAD": "BNSF",
        "RRDIV": "RED RIVER",
        "RRSUBDIV": "RED RIVER VALLEY",
        "HIGHWAY": "Not Yet Reported by State",
        "STREET": "PRIVATE",
        "TTSTN": "664300",
        "MILEPOST": "0118.052",
        "TYPEXING": "Private",
        "POSXING": "At Grade",
        "PRVCAT": "14",
        "INIT": "1",
        "LATITUDE": 33.9326335,
        "LONGITUD": -98.551443,
        "LLSOURCE": "1",
        "WHISTBAN": "0",
        "RRCONT": "8173521549",
        "POLCONT": "8008325452",
        "INV_LINK": "https://safetydata.fra.dot.gov/OfficeofSafety/PublicSite/Crossing/Crossing.aspx?phasetype=C&rpttype=I&txtcrossingnum=275021D",
        "ACC_LINK": "https://safetydata.fra.dot.gov/OfficeofSafety/PublicSite/Crossing/Crossing.aspx?phasetype=C&rpttype=A&txtcrossingnum=275021D",
        "TTSTNNAM": "WICHITA FALLS YD, TX",
        "XPURPOSE": "1",
        "OPERATINGR": "BNSF",
        "OPERATIN_1": "Primary",
        "DAYTHRU": 7,
        "NGHTTHRU": 6,
        "MAINTRK": 1,
        "SIDINGTRK": 0,
        "YARDTRK": 1,
        "TRANSITTRK": 0,
        "INDUSTRYTR": 0,
        "OTHRTRK": 1,
        "WDCODE": "",
        "REVISIONDA": "1996/01/01 00:00:00",
        "LASTUPDATE": "1/14/2025",
        "AADT": "",
        "AADTYEAR": "1988",
        "STATENAME": "TEXAS",
        "STATEAB": "TX",
        "COUNTYNAME": "WICHITA",
        "CITYNAME": "WICHITA FALLS",
        "LATDD": 33.9326335,
        "LONGDD": -98.551443,
        "gridlyProductionCertified": true,
        "gridlyClassification": "PUBLIC_ROADWAY",
        "gridlyDisplayName": "PRIVATE",
        "gridlyId": "FRA-275021D"
      }
    },
    {
      "type": "Feature",
      "id": 205828,
      "geometry": {
        "type": "Point",
        "coordinates": [
          -98.5360610000454,
          33.9302327997766
        ]
      },
      "properties": {
        "OBJECTID": 205828,
        "CROSSING": "275023S",
        "EFFDATE": 1736812800000,
        "REASON": "14",
        "StateCode": "48",
        "CountyCode": "48485",
        "STCYFIPS": "48485",
        "CITYCD": "484857490",
        "RAILROAD": "BNSF",
        "RRDIV": "RED RIVER",
        "RRSUBDIV": "RED RIVER VALLEY",
        "HIGHWAY": "TX 11",
        "STREET": "NEW N BEVERLEY",
        "TTSTN": "664300",
        "MILEPOST": "0117.142",
        "TYPEXING": "Public",
        "POSXING": "RR Under",
        "PRVCAT": "14",
        "INIT": "1",
        "LATITUDE": 33.9302328,
        "LONGITUD": -98.536061,
        "LLSOURCE": "1",
        "WHISTBAN": "0",
        "RRCONT": "8173521549",
        "POLCONT": "8008325452",
        "INV_LINK": "https://safetydata.fra.dot.gov/OfficeofSafety/PublicSite/Crossing/Crossing.aspx?phasetype=C&rpttype=I&txtcrossingnum=275023S",
        "ACC_LINK": "https://safetydata.fra.dot.gov/OfficeofSafety/PublicSite/Crossing/Crossing.aspx?phasetype=C&rpttype=A&txtcrossingnum=275023S",
        "TTSTNNAM": "WICHITA FALLS YD, TX",
        "XPURPOSE": "1",
        "OPERATINGR": "BNSF",
        "OPERATIN_1": "Primary",
        "DAYTHRU": 7,
        "NGHTTHRU": 6,
        "MAINTRK": 1,
        "SIDINGTRK": 0,
        "YARDTRK": 0,
        "TRANSITTRK": 0,
        "INDUSTRYTR": 0,
        "OTHRTRK": 0,
        "WDCODE": "",
        "REVISIONDA": "1996/01/01 00:00:00",
        "LASTUPDATE": "1/14/2025",
        "AADT": "007800",
        "AADTYEAR": "2010",
        "STATENAME": "TEXAS",
        "STATEAB": "TX",
        "COUNTYNAME": "WICHITA",
        "CITYNAME": "WICHITA FALLS",
        "LATDD": 33.9302328,
        "LONGDD": -98.536061,
        "gridlyProductionCertified": true,
        "gridlyClassification": "PUBLIC_ROADWAY",
        "gridlyDisplayName": "NEW N BEVERLEY",
        "gridlyId": "FRA-275023S"
      }
    },
    {
      "type": "Feature",
      "id": 205829,
      "geometry": {
        "type": "Point",
        "coordinates": [
          -98.5319240003456,
          33.9295876000424
        ]
      },
      "properties": {
        "OBJECTID": 205829,
        "CROSSING": "275024Y",
        "EFFDATE": 1736812800000,
        "REASON": "14",
        "StateCode": "48",
        "CountyCode": "48485",
        "STCYFIPS": "48485",
        "CITYCD": "484857490",
        "RAILROAD": "BNSF",
        "RRDIV": "RED RIVER",
        "RRSUBDIV": "RED RIVER VALLEY",
        "HIGHWAY": "ST 0000",
        "STREET": "N BEVERLY DR",
        "TTSTN": "664300",
        "MILEPOST": "0116.884",
        "TYPEXING": "Public",
        "POSXING": "At Grade",
        "PRVCAT": "14",
        "INIT": "1",
        "LATITUDE": 33.9295876,
        "LONGITUD": -98.531924,
        "LLSOURCE": "1",
        "WHISTBAN": "0",
        "RRCONT": "8173521549",
        "POLCONT": "8008325452",
        "INV_LINK": "https://safetydata.fra.dot.gov/OfficeofSafety/PublicSite/Crossing/Crossing.aspx?phasetype=C&rpttype=I&txtcrossingnum=275024Y",
        "ACC_LINK": "https://safetydata.fra.dot.gov/OfficeofSafety/PublicSite/Crossing/Crossing.aspx?phasetype=C&rpttype=A&txtcrossingnum=275024Y",
        "TTSTNNAM": "WICHITA FALLS YD TX",
        "XPURPOSE": "1",
        "OPERATINGR": "BNSF",
        "OPERATIN_1": "Primary",
        "DAYTHRU": 7,
        "NGHTTHRU": 6,
        "MAINTRK": 1,
        "SIDINGTRK": 0,
        "YARDTRK": 1,
        "TRANSITTRK": 0,
        "INDUSTRYTR": 0,
        "OTHRTRK": 1,
        "WDCODE": "All other Gates",
        "REVISIONDA": "1996/01/01 00:00:00",
        "LASTUPDATE": "1/14/2025",
        "AADT": "3538",
        "AADTYEAR": "2019",
        "STATENAME": "TEXAS",
        "STATEAB": "TX",
        "COUNTYNAME": "WICHITA",
        "CITYNAME": "WICHITA FALLS",
        "LATDD": 33.9295876,
        "LONGDD": -98.531924,
        "gridlyProductionCertified": true,
        "gridlyClassification": "PUBLIC_ROADWAY",
        "gridlyDisplayName": "N BEVERLY DR",
        "gridlyId": "FRA-275024Y"
      }
    },
    {
      "type": "Feature",
      "id": 205845,
      "geometry": {
        "type": "Point",
        "coordinates": [
          -98.9243880000339,
          34.0312353000239
        ]
      },
      "properties": {
        "OBJECTID": 205845,
        "CROSSING": "275033X",
        "EFFDATE": 1736812800000,
        "REASON": "14",
        "StateCode": "48",
        "CountyCode": "48485",
        "STCYFIPS": "48485",
        "CITYCD": "484852150",
        "RAILROAD": "BNSF",
        "RRDIV": "RED RIVER",
        "RRSUBDIV": "RED RIVER VALLEY",
        "HIGHWAY": "SH 0025",
        "STREET": "BAILEY ST",
        "TTSTN": "664453",
        "MILEPOST": "0140.720",
        "TYPEXING": "Public",
        "POSXING": "At Grade",
        "PRVCAT": "14",
        "INIT": "1",
        "LATITUDE": 34.0312353,
        "LONGITUD": -98.924388,
        "LLSOURCE": "1",
        "WHISTBAN": "0",
        "RRCONT": "8173521549",
        "POLCONT": "8008325452",
        "INV_LINK": "https://safetydata.fra.dot.gov/OfficeofSafety/PublicSite/Crossing/Crossing.aspx?phasetype=C&rpttype=I&txtcrossingnum=275033X",
        "ACC_LINK": "https://safetydata.fra.dot.gov/OfficeofSafety/PublicSite/Crossing/Crossing.aspx?phasetype=C&rpttype=A&txtcrossingnum=275033X",
        "TTSTNNAM": "ELECTRA",
        "XPURPOSE": "1",
        "OPERATINGR": "BNSF",
        "OPERATIN_1": "Primary",
        "DAYTHRU": 7,
        "NGHTTHRU": 6,
        "MAINTRK": 1,
        "SIDINGTRK": 0,
        "YARDTRK": 0,
        "TRANSITTRK": 0,
        "INDUSTRYTR": 0,
        "OTHRTRK": 1,
        "WDCODE": "All other Gates",
        "REVISIONDA": "1996/01/01 00:00:00",
        "LASTUPDATE": "1/14/2025",
        "AADT": "2460",
        "AADTYEAR": "2019",
        "STATENAME": "TEXAS",
        "STATEAB": "TX",
        "COUNTYNAME": "WICHITA",
        "CITYNAME": "ELECTRA",
        "LATDD": 34.0312353,
        "LONGDD": -98.924388,
        "gridlyProductionCertified": true,
        "gridlyClassification": "PUBLIC_ROADWAY",
        "gridlyDisplayName": "BAILEY ST",
        "gridlyId": "FRA-275033X"
      }
    },
    {
      "type": "Feature",
      "id": 205848,
      "geometry": {
        "type": "Point",
        "coordinates": [
          -98.9085320004473,
          34.0242880003107
        ]
      },
      "properties": {
        "OBJECTID": 205848,
        "CROSSING": "275063P",
        "EFFDATE": 1736812800000,
        "REASON": "14",
        "StateCode": "48",
        "CountyCode": "48485",
        "STCYFIPS": "48485",
        "CITYCD": "484852150",
        "RAILROAD": "BNSF",
        "RRDIV": "RED RIVER",
        "RRSUBDIV": "RED RIVER VALLEY",
        "HIGHWAY": "ST 0000",
        "STREET": "HANDLEY ST",
        "TTSTN": "664453",
        "MILEPOST": "0139.700",
        "TYPEXING": "Public",
        "POSXING": "At Grade",
        "PRVCAT": "14",
        "INIT": "1",
        "LATITUDE": 34.024288,
        "LONGITUD": -98.908532,
        "LLSOURCE": "1",
        "WHISTBAN": "0",
        "RRCONT": "8173521549",
        "POLCONT": "8008325452",
        "INV_LINK": "https://safetydata.fra.dot.gov/OfficeofSafety/PublicSite/Crossing/Crossing.aspx?phasetype=C&rpttype=I&txtcrossingnum=275063P",
        "ACC_LINK": "https://safetydata.fra.dot.gov/OfficeofSafety/PublicSite/Crossing/Crossing.aspx?phasetype=C&rpttype=A&txtcrossingnum=275063P",
        "TTSTNNAM": "ELECTRA",
        "XPURPOSE": "1",
        "OPERATINGR": "BNSF",
        "OPERATIN_1": "Primary",
        "DAYTHRU": 7,
        "NGHTTHRU": 6,
        "MAINTRK": 1,
        "SIDINGTRK": 0,
        "YARDTRK": 0,
        "TRANSITTRK": 0,
        "INDUSTRYTR": 0,
        "OTHRTRK": 0,
        "WDCODE": "All other Gates",
        "REVISIONDA": "1996/01/01 00:00:00",
        "LASTUPDATE": "1/14/2025",
        "AADT": "160",
        "AADTYEAR": "2019",
        "STATENAME": "TEXAS",
        "STATEAB": "TX",
        "COUNTYNAME": "WICHITA",
        "CITYNAME": "ELECTRA",
        "LATDD": 34.024288,
        "LONGDD": -98.908532,
        "gridlyProductionCertified": true,
        "gridlyClassification": "PUBLIC_ROADWAY",
        "gridlyDisplayName": "HANDLEY ST",
        "gridlyId": "FRA-275063P"
      }
    },
    {
      "type": "Feature",
      "id": 205876,
      "geometry": {
        "type": "Point",
        "coordinates": [
          -98.8971080001134,
          34.0195069003223
        ]
      },
      "properties": {
        "OBJECTID": 205876,
        "CROSSING": "275064W",
        "EFFDATE": 1736812800000,
        "REASON": "14",
        "StateCode": "48",
        "CountyCode": "48485",
        "STCYFIPS": "48485",
        "CITYCD": "484852150",
        "RAILROAD": "BNSF",
        "RRDIV": "RED RIVER",
        "RRSUBDIV": "RED RIVER VALLEY",
        "HIGHWAY": "Not Yet Reported by State",
        "STREET": "PRIVATE",
        "TTSTN": "664453",
        "MILEPOST": "0138.956",
        "TYPEXING": "Private",
        "POSXING": "At Grade",
        "PRVCAT": "14",
        "INIT": "1",
        "LATITUDE": 34.0195069,
        "LONGITUD": -98.897108,
        "LLSOURCE": "1",
        "WHISTBAN": "0",
        "RRCONT": "8173521549",
        "POLCONT": "8008325452",
        "INV_LINK": "https://safetydata.fra.dot.gov/OfficeofSafety/PublicSite/Crossing/Crossing.aspx?phasetype=C&rpttype=I&txtcrossingnum=275064W",
        "ACC_LINK": "https://safetydata.fra.dot.gov/OfficeofSafety/PublicSite/Crossing/Crossing.aspx?phasetype=C&rpttype=A&txtcrossingnum=275064W",
        "TTSTNNAM": "ELECTRA",
        "XPURPOSE": "1",
        "OPERATINGR": "BNSF",
        "OPERATIN_1": "Primary",
        "DAYTHRU": 7,
        "NGHTTHRU": 6,
        "MAINTRK": 1,
        "SIDINGTRK": 0,
        "YARDTRK": 0,
        "TRANSITTRK": 0,
        "INDUSTRYTR": 0,
        "OTHRTRK": 0,
        "WDCODE": "",
        "REVISIONDA": "1996/01/01 00:00:00",
        "LASTUPDATE": "1/14/2025",
        "AADT": "",
        "AADTYEAR": "1978",
        "STATENAME": "TEXAS",
        "STATEAB": "TX",
        "COUNTYNAME": "WICHITA",
        "CITYNAME": "ELECTRA",
        "LATDD": 34.0195069,
        "LONGDD": -98.897108,
        "gridlyProductionCertified": true,
        "gridlyClassification": "PUBLIC_ROADWAY",
        "gridlyDisplayName": "PRIVATE",
        "gridlyId": "FRA-275064W"
      }
    },
    {
      "type": "Feature",
      "id": 205877,
      "geometry": {
        "type": "Point",
        "coordinates": [
          -98.891589999666,
          34.0172014996649
        ]
      },
      "properties": {
        "OBJECTID": 205877,
        "CROSSING": "275065D",
        "EFFDATE": 1736812800000,
        "REASON": "14",
        "StateCode": "48",
        "CountyCode": "48485",
        "STCYFIPS": "48485",
        "CITYCD": "484852150",
        "RAILROAD": "BNSF",
        "RRDIV": "RED RIVER",
        "RRSUBDIV": "RED RIVER VALLEY",
        "HIGHWAY": "Not Yet Reported by State",
        "STREET": "NATCO RD",
        "TTSTN": "664453",
        "MILEPOST": "0138.607",
        "TYPEXING": "Public",
        "POSXING": "At Grade",
        "PRVCAT": "14",
        "INIT": "1",
        "LATITUDE": 34.0172015,
        "LONGITUD": -98.89159,
        "LLSOURCE": "1",
        "WHISTBAN": "0",
        "RRCONT": "8173521549",
        "POLCONT": "8008325452",
        "INV_LINK": "https://safetydata.fra.dot.gov/OfficeofSafety/PublicSite/Crossing/Crossing.aspx?phasetype=C&rpttype=I&txtcrossingnum=275065D",
        "ACC_LINK": "https://safetydata.fra.dot.gov/OfficeofSafety/PublicSite/Crossing/Crossing.aspx?phasetype=C&rpttype=A&txtcrossingnum=275065D",
        "TTSTNNAM": "ELECTRA",
        "XPURPOSE": "1",
        "OPERATINGR": "BNSF",
        "OPERATIN_1": "Primary",
        "DAYTHRU": 7,
        "NGHTTHRU": 6,
        "MAINTRK": 1,
        "SIDINGTRK": 0,
        "YARDTRK": 0,
        "TRANSITTRK": 0,
        "INDUSTRYTR": 0,
        "OTHRTRK": 0,
        "WDCODE": "All other Gates",
        "REVISIONDA": "1996/01/01 00:00:00",
        "LASTUPDATE": "1/14/2025",
        "AADT": "",
        "AADTYEAR": "1978",
        "STATENAME": "TEXAS",
        "STATEAB": "TX",
        "COUNTYNAME": "WICHITA",
        "CITYNAME": "ELECTRA",
        "LATDD": 34.0172015,
        "LONGDD": -98.89159,
        "gridlyProductionCertified": true,
        "gridlyClassification": "PUBLIC_ROADWAY",
        "gridlyDisplayName": "NATCO RD",
        "gridlyId": "FRA-275065D"
      }
    },
    {
      "type": "Feature",
      "id": 205890,
      "geometry": {
        "type": "Point",
        "coordinates": [
          -98.8719410003361,
          34.0089693999455
        ]
      },
      "properties": {
        "OBJECTID": 205890,
        "CROSSING": "275067S",
        "EFFDATE": 1736812800000,
        "REASON": "14",
        "StateCode": "48",
        "CountyCode": "48485",
        "STCYFIPS": "48485",
        "CITYCD": "484852150",
        "RAILROAD": "BNSF",
        "RRDIV": "RED RIVER",
        "RRSUBDIV": "RED RIVER VALLEY",
        "HIGHWAY": "CO 0000",
        "STREET": "MIDWAY CHURCH RD",
        "TTSTN": "664457",
        "MILEPOST": "0137.350",
        "TYPEXING": "Public",
        "POSXING": "At Grade",
        "PRVCAT": "14",
        "INIT": "1",
        "LATITUDE": 34.0089694,
        "LONGITUD": -98.871941,
        "LLSOURCE": "1",
        "WHISTBAN": "0",
        "RRCONT": "8173521549",
        "POLCONT": "8008325452",
        "INV_LINK": "https://safetydata.fra.dot.gov/OfficeofSafety/PublicSite/Crossing/Crossing.aspx?phasetype=C&rpttype=I&txtcrossingnum=275067S",
        "ACC_LINK": "https://safetydata.fra.dot.gov/OfficeofSafety/PublicSite/Crossing/Crossing.aspx?phasetype=C&rpttype=A&txtcrossingnum=275067S",
        "TTSTNNAM": "FOWLKES",
        "XPURPOSE": "1",
        "OPERATINGR": "BNSF",
        "OPERATIN_1": "Primary",
        "DAYTHRU": 7,
        "NGHTTHRU": 6,
        "MAINTRK": 1,
        "SIDINGTRK": 0,
        "YARDTRK": 0,
        "TRANSITTRK": 0,
        "INDUSTRYTR": 0,
        "OTHRTRK": 0,
        "WDCODE": "All other Gates",
        "REVISIONDA": "1996/01/01 00:00:00",
        "LASTUPDATE": "1/14/2025",
        "AADT": "53",
        "AADTYEAR": "2019",
        "STATENAME": "TEXAS",
        "STATEAB": "TX",
        "COUNTYNAME": "WICHITA",
        "CITYNAME": "ELECTRA",
        "LATDD": 34.0089694,
        "LONGDD": -98.871941,
        "gridlyProductionCertified": true,
        "gridlyClassification": "PUBLIC_ROADWAY",
        "gridlyDisplayName": "MIDWAY CHURCH RD",
        "gridlyId": "FRA-275067S"
      }
    },
    {
      "type": "Feature",
      "id": 205891,
      "geometry": {
        "type": "Point",
        "coordinates": [
          -98.8545359997724,
          34.0016745998752
        ]
      },
      "properties": {
        "OBJECTID": 205891,
        "CROSSING": "275068Y",
        "EFFDATE": 1736812800000,
        "REASON": "14",
        "StateCode": "48",
        "CountyCode": "48485",
        "STCYFIPS": "48485",
        "CITYCD": "484852150",
        "RAILROAD": "BNSF",
        "RRDIV": "RED RIVER",
        "RRSUBDIV": "RED RIVER VALLEY",
        "HIGHWAY": "CO 0000",
        "STREET": "PRIVATE",
        "TTSTN": "664457",
        "MILEPOST": "0136.228",
        "TYPEXING": "Private",
        "POSXING": "At Grade",
        "PRVCAT": "14",
        "INIT": "1",
        "LATITUDE": 34.0016746,
        "LONGITUD": -98.854536,
        "LLSOURCE": "1",
        "WHISTBAN": "0",
        "RRCONT": "8173521549",
        "POLCONT": "8008325452",
        "INV_LINK": "https://safetydata.fra.dot.gov/OfficeofSafety/PublicSite/Crossing/Crossing.aspx?phasetype=C&rpttype=I&txtcrossingnum=275068Y",
        "ACC_LINK": "https://safetydata.fra.dot.gov/OfficeofSafety/PublicSite/Crossing/Crossing.aspx?phasetype=C&rpttype=A&txtcrossingnum=275068Y",
        "TTSTNNAM": "FOWLKES",
        "XPURPOSE": "1",
        "OPERATINGR": "BNSF",
        "OPERATIN_1": "Primary",
        "DAYTHRU": 7,
        "NGHTTHRU": 6,
        "MAINTRK": 1,
        "SIDINGTRK": 1,
        "YARDTRK": 0,
        "TRANSITTRK": 0,
        "INDUSTRYTR": 0,
        "OTHRTRK": 1,
        "WDCODE": "",
        "REVISIONDA": "1996/01/01 00:00:00",
        "LASTUPDATE": "1/14/2025",
        "AADT": "000010",
        "AADTYEAR": "1982",
        "STATENAME": "TEXAS",
        "STATEAB": "TX",
        "COUNTYNAME": "WICHITA",
        "CITYNAME": "ELECTRA",
        "LATDD": 34.0016746,
        "LONGDD": -98.854536,
        "gridlyProductionCertified": true,
        "gridlyClassification": "PUBLIC_ROADWAY",
        "gridlyDisplayName": "PRIVATE",
        "gridlyId": "FRA-275068Y"
      }
    },
    {
      "type": "Feature",
      "id": 206076,
      "geometry": {
        "type": "Point",
        "coordinates": [
          -98.4453460001111,
          33.8919037999124
        ]
      },
      "properties": {
        "OBJECTID": 206076,
        "CROSSING": "415447M",
        "EFFDATE": 1736899200000,
        "REASON": "14",
        "StateCode": "48",
        "CountyCode": "48485",
        "STCYFIPS": "48485",
        "CITYCD": "484857490",
        "RAILROAD": "BNSF",
        "RRDIV": "RED RIVER",
        "RRSUBDIV": "WICHITA FALLS",
        "HIGHWAY": "TX 79",
        "STREET": "SH 0079",
        "TTSTN": "664300",
        "MILEPOST": "0111.227",
        "TYPEXING": "Public",
        "POSXING": "RR Under",
        "PRVCAT": "14",
        "INIT": "1",
        "LATITUDE": 33.8919038,
        "LONGITUD": -98.445346,
        "LLSOURCE": "1",
        "WHISTBAN": "0",
        "RRCONT": "8173521549",
        "POLCONT": "8008325452",
        "INV_LINK": "https://safetydata.fra.dot.gov/OfficeofSafety/PublicSite/Crossing/Crossing.aspx?phasetype=C&rpttype=I&txtcrossingnum=415447M",
        "ACC_LINK": "https://safetydata.fra.dot.gov/OfficeofSafety/PublicSite/Crossing/Crossing.aspx?phasetype=C&rpttype=A&txtcrossingnum=415447M",
        "TTSTNNAM": "WICHITA FALLS YD, TX",
        "XPURPOSE": "1",
        "OPERATINGR": "BNSF",
        "OPERATIN_1": "Primary",
        "DAYTHRU": 1,
        "NGHTTHRU": 0,
        "MAINTRK": 1,
        "SIDINGTRK": 0,
        "YARDTRK": 0,
        "TRANSITTRK": 0,
        "INDUSTRYTR": 0,
        "OTHRTRK": 1,
        "WDCODE": "",
        "REVISIONDA": "1996/01/01 00:00:00",
        "LASTUPDATE": "1/15/2025",
        "AADT": "000440",
        "AADTYEAR": "2011",
        "STATENAME": "TEXAS",
        "STATEAB": "TX",
        "COUNTYNAME": "WICHITA",
        "CITYNAME": "WICHITA FALLS",
        "LATDD": 33.8919038,
        "LONGDD": -98.445346,
        "gridlyProductionCertified": true,
        "gridlyClassification": "PUBLIC_ROADWAY",
        "gridlyDisplayName": "SH 0079",
        "gridlyId": "FRA-415447M"
      }
    },
    {
      "type": "Feature",
      "id": 206077,
      "geometry": {
        "type": "Point",
        "coordinates": [
          -98.4454540000661,
          33.8919081002691
        ]
      },
      "properties": {
        "OBJECTID": 206077,
        "CROSSING": "415448U",
        "EFFDATE": 1736899200000,
        "REASON": "14",
        "StateCode": "48",
        "CountyCode": "48485",
        "STCYFIPS": "48485",
        "CITYCD": "484857490",
        "RAILROAD": "BNSF",
        "RRDIV": "RED RIVER",
        "RRSUBDIV": "WICHITA FALLS",
        "HIGHWAY": "TX-79S",
        "STREET": "SH 0079",
        "TTSTN": "664300",
        "MILEPOST": "0111.268",
        "TYPEXING": "Public",
        "POSXING": "At Grade",
        "PRVCAT": "14",
        "INIT": "1",
        "LATITUDE": 33.8919081,
        "LONGITUD": -98.445454,
        "LLSOURCE": "1",
        "WHISTBAN": "0",
        "RRCONT": "8173521549",
        "POLCONT": "8008325452",
        "INV_LINK": "https://safetydata.fra.dot.gov/OfficeofSafety/PublicSite/Crossing/Crossing.aspx?phasetype=C&rpttype=I&txtcrossingnum=415448U",
        "ACC_LINK": "https://safetydata.fra.dot.gov/OfficeofSafety/PublicSite/Crossing/Crossing.aspx?phasetype=C&rpttype=A&txtcrossingnum=415448U",
        "TTSTNNAM": "WICHITA FALLS YD, TX",
        "XPURPOSE": "1",
        "OPERATINGR": "BNSF",
        "OPERATIN_1": "Primary",
        "DAYTHRU": 1,
        "NGHTTHRU": 0,
        "MAINTRK": 0,
        "SIDINGTRK": 1,
        "YARDTRK": 0,
        "TRANSITTRK": 0,
        "INDUSTRYTR": 0,
        "OTHRTRK": 1,
        "WDCODE": "Flashing lights",
        "REVISIONDA": "1996/01/01 00:00:00",
        "LASTUPDATE": "1/15/2025",
        "AADT": "443",
        "AADTYEAR": "2019",
        "STATENAME": "TEXAS",
        "STATEAB": "TX",
        "COUNTYNAME": "WICHITA",
        "CITYNAME": "WICHITA FALLS",
        "LATDD": 33.8919081,
        "LONGDD": -98.445454,
        "gridlyProductionCertified": true,
        "gridlyClassification": "PUBLIC_ROADWAY",
        "gridlyDisplayName": "SH 0079",
        "gridlyId": "FRA-415448U"
      }
    },
    {
      "type": "Feature",
      "id": 206082,
      "geometry": {
        "type": "Point",
        "coordinates": [
          -98.4617669995873,
          33.8995490002404
        ]
      },
      "properties": {
        "OBJECTID": 206082,
        "CROSSING": "415450V",
        "EFFDATE": 1736899200000,
        "REASON": "14",
        "StateCode": "48",
        "CountyCode": "48485",
        "STCYFIPS": "48485",
        "CITYCD": "484857490",
        "RAILROAD": "BNSF",
        "RRDIV": "RED RIVER",
        "RRSUBDIV": "WICHITA FALLS",
        "HIGHWAY": "ST 0000",
        "STREET": "FT WORTH ST",
        "TTSTN": "664300",
        "MILEPOST": "0112.327",
        "TYPEXING": "Public",
        "POSXING": "At Grade",
        "PRVCAT": "14",
        "INIT": "1",
        "LATITUDE": 33.899549,
        "LONGITUD": -98.461767,
        "LLSOURCE": "1",
        "WHISTBAN": "0",
        "RRCONT": "8173521549",
        "POLCONT": "8008325452",
        "INV_LINK": "https://safetydata.fra.dot.gov/OfficeofSafety/PublicSite/Crossing/Crossing.aspx?phasetype=C&rpttype=I&txtcrossingnum=415450V",
        "ACC_LINK": "https://safetydata.fra.dot.gov/OfficeofSafety/PublicSite/Crossing/Crossing.aspx?phasetype=C&rpttype=A&txtcrossingnum=415450V",
        "TTSTNNAM": "WICHITA FALLS YD, TX",
        "XPURPOSE": "1",
        "OPERATINGR": "BNSF",
        "OPERATIN_1": "Primary",
        "DAYTHRU": 1,
        "NGHTTHRU": 0,
        "MAINTRK": 0,
        "SIDINGTRK": 1,
        "YARDTRK": 0,
        "TRANSITTRK": 0,
        "INDUSTRYTR": 0,
        "OTHRTRK": 1,
        "WDCODE": "No signs or signals",
        "REVISIONDA": "1996/01/01 00:00:00",
        "LASTUPDATE": "1/15/2025",
        "AADT": "136",
        "AADTYEAR": "2019",
        "STATENAME": "TEXAS",
        "STATEAB": "TX",
        "COUNTYNAME": "WICHITA",
        "CITYNAME": "WICHITA FALLS",
        "LATDD": 33.899549,
        "LONGDD": -98.461767,
        "gridlyProductionCertified": true,
        "gridlyClassification": "PUBLIC_ROADWAY",
        "gridlyDisplayName": "FT WORTH ST",
        "gridlyId": "FRA-415450V"
      }
    },
    {
      "type": "Feature",
      "id": 206084,
      "geometry": {
        "type": "Point",
        "coordinates": [
          -98.4308310001907,
          33.8863525998365
        ]
      },
      "properties": {
        "OBJECTID": 206084,
        "CROSSING": "415443K",
        "EFFDATE": 1736899200000,
        "REASON": "14",
        "StateCode": "48",
        "CountyCode": "48485",
        "STCYFIPS": "48485",
        "CITYCD": "480097490",
        "RAILROAD": "BNSF",
        "RRDIV": "RED RIVER",
        "RRSUBDIV": "WICHITA FALLS",
        "HIGHWAY": "ST 0000",
        "STREET": "FISHER RD",
        "TTSTN": "664300",
        "MILEPOST": "0110.340",
        "TYPEXING": "Public",
        "POSXING": "At Grade",
        "PRVCAT": "14",
        "INIT": "1",
        "LATITUDE": 33.8863526,
        "LONGITUD": -98.430831,
        "LLSOURCE": "1",
        "WHISTBAN": "0",
        "RRCONT": "8173521549",
        "POLCONT": "8008325452",
        "INV_LINK": "https://safetydata.fra.dot.gov/OfficeofSafety/PublicSite/Crossing/Crossing.aspx?phasetype=C&rpttype=I&txtcrossingnum=415443K",
        "ACC_LINK": "https://safetydata.fra.dot.gov/OfficeofSafety/PublicSite/Crossing/Crossing.aspx?phasetype=C&rpttype=A&txtcrossingnum=415443K",
        "TTSTNNAM": "WICHITA FALLS YD, TX",
        "XPURPOSE": "1",
        "OPERATINGR": "BNSF",
        "OPERATIN_1": "Primary",
        "DAYTHRU": 1,
        "NGHTTHRU": 0,
        "MAINTRK": 0,
        "SIDINGTRK": 1,
        "YARDTRK": 0,
        "TRANSITTRK": 0,
        "INDUSTRYTR": 0,
        "OTHRTRK": 1,
        "WDCODE": "Crossbucks",
        "REVISIONDA": "1996/01/01 00:00:00",
        "LASTUPDATE": "1/15/2025",
        "AADT": "177",
        "AADTYEAR": "2019",
        "STATENAME": "TEXAS",
        "STATEAB": "TX",
        "COUNTYNAME": "WICHITA",
        "CITYNAME": "WICHITA FALLS",
        "LATDD": 33.8863526,
        "LONGDD": -98.430831,
        "gridlyProductionCertified": true,
        "gridlyClassification": "PUBLIC_ROADWAY",
        "gridlyDisplayName": "FISHER RD",
        "gridlyId": "FRA-415443K"
      }
    },
    {
      "type": "Feature",
      "id": 206085,
      "geometry": {
        "type": "Point",
        "coordinates": [
          -98.4487430000193,
          33.8932880002388
        ]
      },
      "properties": {
        "OBJECTID": 206085,
        "CROSSING": "415449B",
        "EFFDATE": 1736899200000,
        "REASON": "14",
        "StateCode": "48",
        "CountyCode": "48485",
        "STCYFIPS": "48485",
        "CITYCD": "480097490",
        "RAILROAD": "BNSF",
        "RRDIV": "RED RIVER",
        "RRSUBDIV": "WICHITA FALLS",
        "HIGHWAY": "Not Yet Reported by State",
        "STREET": "PRIVATE XING",
        "TTSTN": "664300",
        "MILEPOST": "0111.387",
        "TYPEXING": "Private",
        "POSXING": "At Grade",
        "PRVCAT": "14",
        "INIT": "1",
        "LATITUDE": 33.893288,
        "LONGITUD": -98.448743,
        "LLSOURCE": "1",
        "WHISTBAN": "0",
        "RRCONT": "8173521549",
        "POLCONT": "8008325452",
        "INV_LINK": "https://safetydata.fra.dot.gov/OfficeofSafety/PublicSite/Crossing/Crossing.aspx?phasetype=C&rpttype=I&txtcrossingnum=415449B",
        "ACC_LINK": "https://safetydata.fra.dot.gov/OfficeofSafety/PublicSite/Crossing/Crossing.aspx?phasetype=C&rpttype=A&txtcrossingnum=415449B",
        "TTSTNNAM": "WICHITA FALLS YD, TX",
        "XPURPOSE": "1",
        "OPERATINGR": "BNSF",
        "OPERATIN_1": "Primary",
        "DAYTHRU": 8,
        "NGHTTHRU": 8,
        "MAINTRK": 0,
        "SIDINGTRK": 0,
        "YARDTRK": 0,
        "TRANSITTRK": 0,
        "INDUSTRYTR": 1,
        "OTHRTRK": 1,
        "WDCODE": "",
        "REVISIONDA": "1996/01/01 00:00:00",
        "LASTUPDATE": "1/15/2025",
        "AADT": "",
        "AADTYEAR": "1970",
        "STATENAME": "TEXAS",
        "STATEAB": "TX",
        "COUNTYNAME": "WICHITA",
        "CITYNAME": "WICHITA FALLS",
        "LATDD": 33.893288,
        "LONGDD": -98.448743,
        "gridlyProductionCertified": true,
        "gridlyClassification": "PUBLIC_ROADWAY",
        "gridlyDisplayName": "PRIVATE XING",
        "gridlyId": "FRA-415449B"
      }
    },
    {
      "type": "Feature",
      "id": 206177,
      "geometry": {
        "type": "Point",
        "coordinates": [
          -98.4614739996843,
          33.9009739997195
        ]
      },
      "properties": {
        "OBJECTID": 206177,
        "CROSSING": "415451C",
        "EFFDATE": 1736899200000,
        "REASON": "14",
        "StateCode": "48",
        "CountyCode": "48485",
        "STCYFIPS": "48485",
        "CITYCD": "484857490",
        "RAILROAD": "BNSF",
        "RRDIV": "RED RIVER",
        "RRSUBDIV": "WICHITA FALLS",
        "HIGHWAY": "BUS 287",
        "STREET": "BU 287 SCOTT AVE",
        "TTSTN": "664300",
        "MILEPOST": "0112.422",
        "TYPEXING": "Public",
        "POSXING": "RR Over",
        "PRVCAT": "14",
        "INIT": "1",
        "LATITUDE": 33.900974,
        "LONGITUD": -98.461474,
        "LLSOURCE": "1",
        "WHISTBAN": "0",
        "RRCONT": "8173521549",
        "POLCONT": "8008325452",
        "INV_LINK": "https://safetydata.fra.dot.gov/OfficeofSafety/PublicSite/Crossing/Crossing.aspx?phasetype=C&rpttype=I&txtcrossingnum=415451C",
        "ACC_LINK": "https://safetydata.fra.dot.gov/OfficeofSafety/PublicSite/Crossing/Crossing.aspx?phasetype=C&rpttype=A&txtcrossingnum=415451C",
        "TTSTNNAM": "WICHITA FALLS YD, TX",
        "XPURPOSE": "1",
        "OPERATINGR": "BNSF",
        "OPERATIN_1": "Primary",
        "DAYTHRU": 1,
        "NGHTTHRU": 0,
        "MAINTRK": 1,
        "SIDINGTRK": 0,
        "YARDTRK": 0,
        "TRANSITTRK": 0,
        "INDUSTRYTR": 0,
        "OTHRTRK": 1,
        "WDCODE": "",
        "REVISIONDA": "1996/01/01 00:00:00",
        "LASTUPDATE": "1/15/2025",
        "AADT": "004900",
        "AADTYEAR": "2010",
        "STATENAME": "TEXAS",
        "STATEAB": "TX",
        "COUNTYNAME": "WICHITA",
        "CITYNAME": "WICHITA FALLS",
        "LATDD": 33.900974,
        "LONGDD": -98.461474,
        "gridlyProductionCertified": true,
        "gridlyClassification": "PUBLIC_ROADWAY",
        "gridlyDisplayName": "BU 287 SCOTT AVE",
        "gridlyId": "FRA-415451C"
      }
    },
    {
      "type": "Feature",
      "id": 207932,
      "geometry": {
        "type": "Point",
        "coordinates": [
          -98.4867019995609,
          33.8992536997399
        ]
      },
      "properties": {
        "OBJECTID": 207932,
        "CROSSING": "276563R",
        "EFFDATE": 1758499200000,
        "REASON": "19",
        "StateCode": "48",
        "CountyCode": "48485",
        "STCYFIPS": "48485",
        "CITYCD": "484857490",
        "RAILROAD": "BNSF",
        "RRDIV": "RED RIVER",
        "RRSUBDIV": "RED RIVER VALLEY",
        "HIGHWAY": "ST 0000",
        "STREET": "KELL-AUSTIN ST",
        "TTSTN": "664300",
        "MILEPOST": "0113.046",
        "TYPEXING": "Public",
        "POSXING": "At Grade",
        "PRVCAT": "19",
        "INIT": "1",
        "LATITUDE": 33.8992537,
        "LONGITUD": -98.486702,
        "LLSOURCE": "1",
        "WHISTBAN": "0",
        "RRCONT": "8173521549",
        "POLCONT": "8008325452",
        "INV_LINK": "https://safetydata.fra.dot.gov/OfficeofSafety/PublicSite/Crossing/Crossing.aspx?phasetype=C&rpttype=I&txtcrossingnum=276563R",
        "ACC_LINK": "https://safetydata.fra.dot.gov/OfficeofSafety/PublicSite/Crossing/Crossing.aspx?phasetype=C&rpttype=A&txtcrossingnum=276563R",
        "TTSTNNAM": "WICHITA FALLS",
        "XPURPOSE": "1",
        "OPERATINGR": "BNSF",
        "OPERATIN_1": "Primary",
        "DAYTHRU": 0,
        "NGHTTHRU": 0,
        "MAINTRK": 0,
        "SIDINGTRK": 0,
        "YARDTRK": 2,
        "TRANSITTRK": 0,
        "INDUSTRYTR": 2,
        "OTHRTRK": 4,
        "WDCODE": "Crossbucks",
        "REVISIONDA": "1996/01/01 00:00:00",
        "LASTUPDATE": "9/22/2025",
        "AADT": "548",
        "AADTYEAR": "2019",
        "STATENAME": "TEXAS",
        "STATEAB": "TX",
        "COUNTYNAME": "WICHITA",
        "CITYNAME": "WICHITA FALLS",
        "LATDD": 33.8992537,
        "LONGDD": -98.486702,
        "gridlyProductionCertified": true,
        "gridlyClassification": "PUBLIC_ROADWAY",
        "gridlyDisplayName": "KELL-AUSTIN ST",
        "gridlyId": "FRA-276563R"
      }
    },
    {
      "type": "Feature",
      "id": 208050,
      "geometry": {
        "type": "Point",
        "coordinates": [
          -98.4853209997117,
          33.9117009998097
        ]
      },
      "properties": {
        "OBJECTID": 208050,
        "CROSSING": "276372F",
        "EFFDATE": 1758499200000,
        "REASON": "19",
        "StateCode": "48",
        "CountyCode": "48485",
        "STCYFIPS": "48485",
        "CITYCD": "480097490",
        "RAILROAD": "BNSF",
        "RRDIV": "RED RIVER",
        "RRSUBDIV": "VALLEY JCT-ALLENDALE",
        "HIGHWAY": "CO 0000",
        "STREET": "ANCHOR RD",
        "TTSTN": "664300",
        "MILEPOST": "0004.107",
        "TYPEXING": "Public",
        "POSXING": "At Grade",
        "PRVCAT": "19",
        "INIT": "1",
        "LATITUDE": 33.911701,
        "LONGITUD": -98.485321,
        "LLSOURCE": "1",
        "WHISTBAN": "0",
        "RRCONT": "8173521549",
        "POLCONT": "8008325452",
        "INV_LINK": "https://safetydata.fra.dot.gov/OfficeofSafety/PublicSite/Crossing/Crossing.aspx?phasetype=C&rpttype=I&txtcrossingnum=276372F",
        "ACC_LINK": "https://safetydata.fra.dot.gov/OfficeofSafety/PublicSite/Crossing/Crossing.aspx?phasetype=C&rpttype=A&txtcrossingnum=276372F",
        "TTSTNNAM": "WICHITA FALLS YD TX",
        "XPURPOSE": "1",
        "OPERATINGR": "BNSF",
        "OPERATIN_1": "Primary",
        "DAYTHRU": 0,
        "NGHTTHRU": 0,
        "MAINTRK": 0,
        "SIDINGTRK": 0,
        "YARDTRK": 1,
        "TRANSITTRK": 0,
        "INDUSTRYTR": 0,
        "OTHRTRK": 0,
        "WDCODE": "Crossbucks",
        "REVISIONDA": "1996/01/01 00:00:00",
        "LASTUPDATE": "9/22/2025",
        "AADT": "279",
        "AADTYEAR": "2019",
        "STATENAME": "TEXAS",
        "STATEAB": "TX",
        "COUNTYNAME": "WICHITA",
        "CITYNAME": "WICHITA FALLS",
        "LATDD": 33.911701,
        "LONGDD": -98.485321,
        "gridlyProductionCertified": true,
        "gridlyClassification": "PUBLIC_ROADWAY",
        "gridlyDisplayName": "ANCHOR RD",
        "gridlyId": "FRA-276372F"
      }
    },
    {
      "type": "Feature",
      "id": 208369,
      "geometry": {
        "type": "Point",
        "coordinates": [
          -98.4855990004444,
          33.9067079997948
        ]
      },
      "properties": {
        "OBJECTID": 208369,
        "CROSSING": "276570B",
        "EFFDATE": 1758499200000,
        "REASON": "19",
        "StateCode": "48",
        "CountyCode": "48485",
        "STCYFIPS": "48485",
        "CITYCD": "484857490",
        "RAILROAD": "BNSF",
        "RRDIV": "RED RIVER",
        "RRSUBDIV": "RED RIVER VALLEY",
        "HIGHWAY": "ST 0000",
        "STREET": "OAK ST",
        "TTSTN": "664300",
        "MILEPOST": "0113.556",
        "TYPEXING": "Public",
        "POSXING": "At Grade",
        "PRVCAT": "19",
        "INIT": "1",
        "LATITUDE": 33.906708,
        "LONGITUD": -98.485599,
        "LLSOURCE": "1",
        "WHISTBAN": "0",
        "RRCONT": "8173521549",
        "POLCONT": "8008325452",
        "INV_LINK": "https://safetydata.fra.dot.gov/OfficeofSafety/PublicSite/Crossing/Crossing.aspx?phasetype=C&rpttype=I&txtcrossingnum=276570B",
        "ACC_LINK": "https://safetydata.fra.dot.gov/OfficeofSafety/PublicSite/Crossing/Crossing.aspx?phasetype=C&rpttype=A&txtcrossingnum=276570B",
        "TTSTNNAM": "WICHITA FALLS",
        "XPURPOSE": "1",
        "OPERATINGR": "BNSF",
        "OPERATIN_1": "Primary",
        "DAYTHRU": 0,
        "NGHTTHRU": 0,
        "MAINTRK": 0,
        "SIDINGTRK": 0,
        "YARDTRK": 1,
        "TRANSITTRK": 0,
        "INDUSTRYTR": 0,
        "OTHRTRK": 3,
        "WDCODE": "Crossbucks",
        "REVISIONDA": "1996/01/01 00:00:00",
        "LASTUPDATE": "9/22/2025",
        "AADT": "175",
        "AADTYEAR": "2019",
        "STATENAME": "TEXAS",
        "STATEAB": "TX",
        "COUNTYNAME": "WICHITA",
        "CITYNAME": "WICHITA FALLS",
        "LATDD": 33.906708,
        "LONGDD": -98.485599,
        "gridlyProductionCertified": true,
        "gridlyClassification": "PUBLIC_ROADWAY",
        "gridlyDisplayName": "OAK ST",
        "gridlyId": "FRA-276570B"
      }
    }
  ]
}
