{
  "type": "FeatureCollection",
  "features": [
    {
      "type": "Feature",
      "id": 201352,
      "geometry": {
        "type": "Point",
        "coordinates": [
          -97.7840444995796,
          33.2477585997179
        ]
      },
      "properties": {
        "OBJECTID": 201352,
        "CROSSING": "598488W",
        "EFFDATE": 1626307200000,
        "REASON": "14",
        "StateCode": "48",
        "CountyCode": "48497",
        "STCYFIPS": "48497",
        "CITYCD": "484970890",
        "RAILROAD": "UP",
        "RRDIV": "TEXOMA",
        "RRSUBDIV": "DUNCAN SUB",
        "HIGHWAY": "CO 0000",
        "STREET": "PRIVATE INDUSTRY CHICO LIMESTONE",
        "TTSTN": "663972",
        "MILEPOST": "0566.600",
        "TYPEXING": "Private",
        "POSXING": "At Grade",
        "PRVCAT": "14",
        "INIT": "1",
        "LATITUDE": 33.2477586,
        "LONGITUD": -97.7840445,
        "LLSOURCE": "1",
        "WHISTBAN": "0",
        "RRCONT": "4025443721",
        "POLCONT": "8008488715",
        "INV_LINK": "https://safetydata.fra.dot.gov/OfficeofSafety/PublicSite/Crossing/Crossing.aspx?phasetype=C&rpttype=I&txtcrossingnum=598488W",
        "ACC_LINK": "https://safetydata.fra.dot.gov/OfficeofSafety/PublicSite/Crossing/Crossing.aspx?phasetype=C&rpttype=A&txtcrossingnum=598488W",
        "TTSTNNAM": "",
        "XPURPOSE": "1",
        "OPERATINGR": "UP",
        "OPERATIN_1": "Primary",
        "DAYTHRU": 6,
        "NGHTTHRU": 6,
        "MAINTRK": 1,
        "SIDINGTRK": 0,
        "YARDTRK": 0,
        "TRANSITTRK": 0,
        "INDUSTRYTR": 0,
        "OTHRTRK": 0,
        "WDCODE": "",
        "REVISIONDA": "1975/01/01 00:00:00",
        "LASTUPDATE": "7/15/2021",
        "AADT": "10",
        "AADTYEAR": "1992",
        "STATENAME": "TEXAS",
        "STATEAB": "TX",
        "COUNTYNAME": "WISE",
        "CITYNAME": "BRIDGEPORT",
        "LATDD": 33.2477586,
        "LONGDD": -97.7840445,
        "gridlyProductionCertified": true,
        "gridlyClassification": "PUBLIC_ROADWAY",
        "gridlyDisplayName": "PRIVATE INDUSTRY CHICO LIMESTONE",
        "gridlyId": "FRA-598488W"
      }
    },
    {
      "type": "Feature",
      "id": 202898,
      "geometry": {
        "type": "Point",
        "coordinates": [
          -97.5321062001843,
          33.0515071002662
        ]
      },
      "properties": {
        "OBJECTID": 202898,
        "CROSSING": "598521U",
        "EFFDATE": 1776988800000,
        "REASON": "14",
        "StateCode": "48",
        "CountyCode": "48497",
        "STCYFIPS": "48497",
        "CITYCD": "484970329",
        "RAILROAD": "UP",
        "RRDIV": "TEXOMA",
        "RRSUBDIV": "DUNCAN SUB",
        "HIGHWAY": "Cr4668",
        "STREET": "County Road 4668",
        "TTSTN": "663986",
        "MILEPOST": "0587.270",
        "TYPEXING": "Public",
        "POSXING": "At Grade",
        "PRVCAT": "14",
        "INIT": "1",
        "LATITUDE": 33.0515071,
        "LONGITUD": -97.5321062,
        "LLSOURCE": "1",
        "WHISTBAN": "0",
        "RRCONT": "4025443721",
        "POLCONT": "8008488715",
        "INV_LINK": "https://safetydata.fra.dot.gov/OfficeofSafety/PublicSite/Crossing/Crossing.aspx?phasetype=C&rpttype=I&txtcrossingnum=598521U",
        "ACC_LINK": "https://safetydata.fra.dot.gov/OfficeofSafety/PublicSite/Crossing/Crossing.aspx?phasetype=C&rpttype=A&txtcrossingnum=598521U",
        "TTSTNNAM": "",
        "XPURPOSE": "1",
        "OPERATINGR": "UP",
        "OPERATIN_1": "Primary",
        "DAYTHRU": 5,
        "NGHTTHRU": 4,
        "MAINTRK": 1,
        "SIDINGTRK": 0,
        "YARDTRK": 0,
        "TRANSITTRK": 0,
        "INDUSTRYTR": 0,
        "OTHRTRK": 0,
        "WDCODE": "All other Gates",
        "REVISIONDA": "1975/01/01 00:00:00",
        "LASTUPDATE": "4/24/2026",
        "AADT": "8292",
        "AADTYEAR": "2024",
        "STATENAME": "TEXAS",
        "STATEAB": "TX",
        "COUNTYNAME": "WISE",
        "CITYNAME": "AURORA",
        "LATDD": 33.0515071,
        "LONGDD": -97.5321062,
        "gridlyProductionCertified": true,
        "gridlyClassification": "PUBLIC_ROADWAY",
        "gridlyDisplayName": "County Road 4668",
        "gridlyId": "FRA-598521U"
      }
    },
    {
      "type": "Feature",
      "id": 205055,
      "geometry": {
        "type": "Point",
        "coordinates": [
          -97.6640619996164,
          33.3331294003235
        ]
      },
      "properties": {
        "OBJECTID": 205055,
        "CROSSING": "674460N",
        "EFFDATE": 1736985600000,
        "REASON": "14",
        "StateCode": "48",
        "CountyCode": "48497",
        "STCYFIPS": "48497",
        "CITYCD": "484970140",
        "RAILROAD": "BNSF",
        "RRDIV": "RED RIVER",
        "RRSUBDIV": "WICHITA FALLS",
        "HIGHWAY": "Not Yet Reported by State",
        "STREET": "PRIVATE",
        "TTSTN": "663925",
        "MILEPOST": "0049.108",
        "TYPEXING": "Private",
        "POSXING": "At Grade",
        "PRVCAT": "14",
        "INIT": "1",
        "LATITUDE": 33.3331294,
        "LONGITUD": -97.664062,
        "LLSOURCE": "1",
        "WHISTBAN": "0",
        "RRCONT": "8173521549",
        "POLCONT": "8008325452",
        "INV_LINK": "https://safetydata.fra.dot.gov/OfficeofSafety/PublicSite/Crossing/Crossing.aspx?phasetype=C&rpttype=I&txtcrossingnum=674460N",
        "ACC_LINK": "https://safetydata.fra.dot.gov/OfficeofSafety/PublicSite/Crossing/Crossing.aspx?phasetype=C&rpttype=A&txtcrossingnum=674460N",
        "TTSTNNAM": "ALVORD",
        "XPURPOSE": "1",
        "OPERATINGR": "BNSF",
        "OPERATIN_1": "Primary",
        "DAYTHRU": 7,
        "NGHTTHRU": 7,
        "MAINTRK": 1,
        "SIDINGTRK": 0,
        "YARDTRK": 0,
        "TRANSITTRK": 0,
        "INDUSTRYTR": 0,
        "OTHRTRK": 0,
        "WDCODE": "",
        "REVISIONDA": "1996/01/01 00:00:00",
        "LASTUPDATE": "1/16/2025",
        "AADT": "",
        "AADTYEAR": "1988",
        "STATENAME": "TEXAS",
        "STATEAB": "TX",
        "COUNTYNAME": "WISE",
        "CITYNAME": "ALVORD",
        "LATDD": 33.3331294,
        "LONGDD": -97.664062,
        "gridlyProductionCertified": true,
        "gridlyClassification": "PUBLIC_ROADWAY",
        "gridlyDisplayName": "PRIVATE",
        "gridlyId": "FRA-674460N"
      }
    },
    {
      "type": "Feature",
      "id": 205494,
      "geometry": {
        "type": "Point",
        "coordinates": [
          -97.4830879998574,
          33.1210663998511
        ]
      },
      "properties": {
        "OBJECTID": 205494,
        "CROSSING": "274625E",
        "EFFDATE": 1736812800000,
        "REASON": "14",
        "StateCode": "48",
        "CountyCode": "48497",
        "STCYFIPS": "48497",
        "CITYCD": "484975710",
        "RAILROAD": "BNSF",
        "RRDIV": "RED RIVER",
        "RRSUBDIV": "WICHITA FALLS",
        "HIGHWAY": "Not Yet Reported by State",
        "STREET": "PRIVATE",
        "TTSTN": "663982",
        "MILEPOST": "0030.300",
        "TYPEXING": "Private",
        "POSXING": "At Grade",
        "PRVCAT": "14",
        "INIT": "1",
        "LATITUDE": 33.1210664,
        "LONGITUD": -97.483088,
        "LLSOURCE": "1",
        "WHISTBAN": "0",
        "RRCONT": "8173521549",
        "POLCONT": "8008325452",
        "INV_LINK": "https://safetydata.fra.dot.gov/OfficeofSafety/PublicSite/Crossing/Crossing.aspx?phasetype=C&rpttype=I&txtcrossingnum=274625E",
        "ACC_LINK": "https://safetydata.fra.dot.gov/OfficeofSafety/PublicSite/Crossing/Crossing.aspx?phasetype=C&rpttype=A&txtcrossingnum=274625E",
        "TTSTNNAM": "RHOME",
        "XPURPOSE": "1",
        "OPERATINGR": "BNSF",
        "OPERATIN_1": "Primary",
        "DAYTHRU": 7,
        "NGHTTHRU": 7,
        "MAINTRK": 1,
        "SIDINGTRK": 0,
        "YARDTRK": 0,
        "TRANSITTRK": 0,
        "INDUSTRYTR": 0,
        "OTHRTRK": 0,
        "WDCODE": "",
        "REVISIONDA": "1996/01/01 00:00:00",
        "LASTUPDATE": "1/14/2025",
        "AADT": "",
        "AADTYEAR": "1978",
        "STATENAME": "TEXAS",
        "STATEAB": "TX",
        "COUNTYNAME": "WISE",
        "CITYNAME": "RHOME",
        "LATDD": 33.1210664,
        "LONGDD": -97.483088,
        "gridlyProductionCertified": true,
        "gridlyClassification": "PUBLIC_ROADWAY",
        "gridlyDisplayName": "PRIVATE",
        "gridlyId": "FRA-274625E"
      }
    },
    {
      "type": "Feature",
      "id": 205496,
      "geometry": {
        "type": "Point",
        "coordinates": [
          -97.4723809997489,
          33.1078050001624
        ]
      },
      "properties": {
        "OBJECTID": 205496,
        "CROSSING": "274626L",
        "EFFDATE": 1736812800000,
        "REASON": "14",
        "StateCode": "48",
        "CountyCode": "48497",
        "STCYFIPS": "48497",
        "CITYCD": "484975710",
        "RAILROAD": "BNSF",
        "RRDIV": "RED RIVER",
        "RRSUBDIV": "WICHITA FALLS",
        "HIGHWAY": "Not Yet Reported by State",
        "STREET": "PRIVATE",
        "TTSTN": "663960",
        "MILEPOST": "0029.180",
        "TYPEXING": "Private",
        "POSXING": "At Grade",
        "PRVCAT": "14",
        "INIT": "1",
        "LATITUDE": 33.107805,
        "LONGITUD": -97.472381,
        "LLSOURCE": "1",
        "WHISTBAN": "0",
        "RRCONT": "8173521549",
        "POLCONT": "8008325452",
        "INV_LINK": "https://safetydata.fra.dot.gov/OfficeofSafety/PublicSite/Crossing/Crossing.aspx?phasetype=C&rpttype=I&txtcrossingnum=274626L",
        "ACC_LINK": "https://safetydata.fra.dot.gov/OfficeofSafety/PublicSite/Crossing/Crossing.aspx?phasetype=C&rpttype=A&txtcrossingnum=274626L",
        "TTSTNNAM": "HERMAN",
        "XPURPOSE": "1",
        "OPERATINGR": "BNSF",
        "OPERATIN_1": "Primary",
        "DAYTHRU": 7,
        "NGHTTHRU": 7,
        "MAINTRK": 1,
        "SIDINGTRK": 0,
        "YARDTRK": 0,
        "TRANSITTRK": 0,
        "INDUSTRYTR": 0,
        "OTHRTRK": 0,
        "WDCODE": "",
        "REVISIONDA": "1996/01/01 00:00:00",
        "LASTUPDATE": "1/14/2025",
        "AADT": "",
        "AADTYEAR": "1978",
        "STATENAME": "TEXAS",
        "STATEAB": "TX",
        "COUNTYNAME": "WISE",
        "CITYNAME": "RHOME",
        "LATDD": 33.107805,
        "LONGDD": -97.472381,
        "gridlyProductionCertified": true,
        "gridlyClassification": "PUBLIC_ROADWAY",
        "gridlyDisplayName": "PRIVATE",
        "gridlyId": "FRA-274626L"
      }
    },
    {
      "type": "Feature",
      "id": 205497,
      "geometry": {
        "type": "Point",
        "coordinates": [
          -97.4316179997777,
          33.0131990002957
        ]
      },
      "properties": {
        "OBJECTID": 205497,
        "CROSSING": "274635K",
        "EFFDATE": 1736812800000,
        "REASON": "14",
        "StateCode": "48",
        "CountyCode": "48497",
        "STCYFIPS": "48497",
        "CITYCD": "484975710",
        "RAILROAD": "BNSF",
        "RRDIV": "RED RIVER",
        "RRSUBDIV": "WICHITA FALLS",
        "HIGHWAY": "Not Yet Reported by State",
        "STREET": "PRIVATE",
        "TTSTN": "668123",
        "MILEPOST": "0021.732",
        "TYPEXING": "Private",
        "POSXING": "At Grade",
        "PRVCAT": "14",
        "INIT": "1",
        "LATITUDE": 33.013199,
        "LONGITUD": -97.431618,
        "LLSOURCE": "1",
        "WHISTBAN": "0",
        "RRCONT": "8173521549",
        "POLCONT": "8008325452",
        "INV_LINK": "https://safetydata.fra.dot.gov/OfficeofSafety/PublicSite/Crossing/Crossing.aspx?phasetype=C&rpttype=I&txtcrossingnum=274635K",
        "ACC_LINK": "https://safetydata.fra.dot.gov/OfficeofSafety/PublicSite/Crossing/Crossing.aspx?phasetype=C&rpttype=A&txtcrossingnum=274635K",
        "TTSTNNAM": "AVONDALE",
        "XPURPOSE": "1",
        "OPERATINGR": "BNSF",
        "OPERATIN_1": "Primary",
        "DAYTHRU": 7,
        "NGHTTHRU": 7,
        "MAINTRK": 1,
        "SIDINGTRK": 0,
        "YARDTRK": 0,
        "TRANSITTRK": 0,
        "INDUSTRYTR": 0,
        "OTHRTRK": 0,
        "WDCODE": "",
        "REVISIONDA": "1996/01/01 00:00:00",
        "LASTUPDATE": "1/14/2025",
        "AADT": "1",
        "AADTYEAR": "1978",
        "STATENAME": "TEXAS",
        "STATEAB": "TX",
        "COUNTYNAME": "WISE",
        "CITYNAME": "RHOME",
        "LATDD": 33.013199,
        "LONGDD": -97.431618,
        "gridlyProductionCertified": true,
        "gridlyClassification": "PUBLIC_ROADWAY",
        "gridlyDisplayName": "PRIVATE",
        "gridlyId": "FRA-274635K"
      }
    },
    {
      "type": "Feature",
      "id": 205498,
      "geometry": {
        "type": "Point",
        "coordinates": [
          -97.6165290001184,
          33.2706158002091
        ]
      },
      "properties": {
        "OBJECTID": 205498,
        "CROSSING": "274611W",
        "EFFDATE": 1736812800000,
        "REASON": "14",
        "StateCode": "48",
        "CountyCode": "48497",
        "STCYFIPS": "48497",
        "CITYCD": "484971780",
        "RAILROAD": "BNSF",
        "RRDIV": "RED RIVER",
        "RRSUBDIV": "WICHITA FALLS",
        "HIGHWAY": "Not Yet Reported by State",
        "STREET": "PRIVATE",
        "TTSTN": "663940",
        "MILEPOST": "0043.620",
        "TYPEXING": "Private",
        "POSXING": "At Grade",
        "PRVCAT": "14",
        "INIT": "1",
        "LATITUDE": 33.2706158,
        "LONGITUD": -97.616529,
        "LLSOURCE": "1",
        "WHISTBAN": "0",
        "RRCONT": "8173521549",
        "POLCONT": "8008325452",
        "INV_LINK": "https://safetydata.fra.dot.gov/OfficeofSafety/PublicSite/Crossing/Crossing.aspx?phasetype=C&rpttype=I&txtcrossingnum=274611W",
        "ACC_LINK": "https://safetydata.fra.dot.gov/OfficeofSafety/PublicSite/Crossing/Crossing.aspx?phasetype=C&rpttype=A&txtcrossingnum=274611W",
        "TTSTNNAM": "DECATUR",
        "XPURPOSE": "1",
        "OPERATINGR": "BNSF",
        "OPERATIN_1": "Primary",
        "DAYTHRU": 7,
        "NGHTTHRU": 7,
        "MAINTRK": 1,
        "SIDINGTRK": 0,
        "YARDTRK": 0,
        "TRANSITTRK": 0,
        "INDUSTRYTR": 0,
        "OTHRTRK": 0,
        "WDCODE": "",
        "REVISIONDA": "1996/01/01 00:00:00",
        "LASTUPDATE": "1/14/2025",
        "AADT": "",
        "AADTYEAR": "1978",
        "STATENAME": "TEXAS",
        "STATEAB": "TX",
        "COUNTYNAME": "WISE",
        "CITYNAME": "DECATUR",
        "LATDD": 33.2706158,
        "LONGDD": -97.616529,
        "gridlyProductionCertified": true,
        "gridlyClassification": "PUBLIC_ROADWAY",
        "gridlyDisplayName": "PRIVATE",
        "gridlyId": "FRA-274611W"
      }
    },
    {
      "type": "Feature",
      "id": 205499,
      "geometry": {
        "type": "Point",
        "coordinates": [
          -97.5358030002422,
          33.1701124002392
        ]
      },
      "properties": {
        "OBJECTID": 205499,
        "CROSSING": "274622J",
        "EFFDATE": 1736812800000,
        "REASON": "14",
        "StateCode": "48",
        "CountyCode": "48497",
        "STCYFIPS": "48497",
        "CITYCD": "484971780",
        "RAILROAD": "BNSF",
        "RRDIV": "RED RIVER",
        "RRSUBDIV": "WICHITA FALLS",
        "HIGHWAY": "CO 0000",
        "STREET": "PRIVATE",
        "TTSTN": "663960",
        "MILEPOST": "0035.059",
        "TYPEXING": "Private",
        "POSXING": "At Grade",
        "PRVCAT": "14",
        "INIT": "1",
        "LATITUDE": 33.1701124,
        "LONGITUD": -97.535803,
        "LLSOURCE": "1",
        "WHISTBAN": "0",
        "RRCONT": "8173521549",
        "POLCONT": "8008325452",
        "INV_LINK": "https://safetydata.fra.dot.gov/OfficeofSafety/PublicSite/Crossing/Crossing.aspx?phasetype=C&rpttype=I&txtcrossingnum=274622J",
        "ACC_LINK": "https://safetydata.fra.dot.gov/OfficeofSafety/PublicSite/Crossing/Crossing.aspx?phasetype=C&rpttype=A&txtcrossingnum=274622J",
        "TTSTNNAM": "HERMAN",
        "XPURPOSE": "1",
        "OPERATINGR": "BNSF",
        "OPERATIN_1": "Primary",
        "DAYTHRU": 7,
        "NGHTTHRU": 6,
        "MAINTRK": 1,
        "SIDINGTRK": 1,
        "YARDTRK": 0,
        "TRANSITTRK": 0,
        "INDUSTRYTR": 0,
        "OTHRTRK": 1,
        "WDCODE": "",
        "REVISIONDA": "1996/01/01 00:00:00",
        "LASTUPDATE": "1/14/2025",
        "AADT": "000030",
        "AADTYEAR": "1988",
        "STATENAME": "TEXAS",
        "STATEAB": "TX",
        "COUNTYNAME": "WISE",
        "CITYNAME": "DECATUR",
        "LATDD": 33.1701124,
        "LONGDD": -97.535803,
        "gridlyProductionCertified": true,
        "gridlyClassification": "PUBLIC_ROADWAY",
        "gridlyDisplayName": "PRIVATE",
        "gridlyId": "FRA-274622J"
      }
    },
    {
      "type": "Feature",
      "id": 205576,
      "geometry": {
        "type": "Point",
        "coordinates": [
          -97.7281579997792,
          33.3940770001952
        ]
      },
      "properties": {
        "OBJECTID": 205576,
        "CROSSING": "274778H",
        "EFFDATE": 1736812800000,
        "REASON": "14",
        "StateCode": "48",
        "CountyCode": "48497",
        "STCYFIPS": "48497",
        "CITYCD": "484970140",
        "RAILROAD": "BNSF",
        "RRDIV": "RED RIVER",
        "RRSUBDIV": "WICHITA FALLS",
        "HIGHWAY": "Not Yet Reported by State",
        "STREET": "PRIVATE RD 2603",
        "TTSTN": "663487",
        "MILEPOST": "0054.818",
        "TYPEXING": "Private",
        "POSXING": "At Grade",
        "PRVCAT": "14",
        "INIT": "1",
        "LATITUDE": 33.394077,
        "LONGITUD": -97.728158,
        "LLSOURCE": "1",
        "WHISTBAN": "0",
        "RRCONT": "8173521549",
        "POLCONT": "8008325452",
        "INV_LINK": "https://safetydata.fra.dot.gov/OfficeofSafety/PublicSite/Crossing/Crossing.aspx?phasetype=C&rpttype=I&txtcrossingnum=274778H",
        "ACC_LINK": "https://safetydata.fra.dot.gov/OfficeofSafety/PublicSite/Crossing/Crossing.aspx?phasetype=C&rpttype=A&txtcrossingnum=274778H",
        "TTSTNNAM": "SUNSET",
        "XPURPOSE": "1",
        "OPERATINGR": "BNSF",
        "OPERATIN_1": "Primary",
        "DAYTHRU": 7,
        "NGHTTHRU": 7,
        "MAINTRK": 1,
        "SIDINGTRK": 0,
        "YARDTRK": 0,
        "TRANSITTRK": 0,
        "INDUSTRYTR": 0,
        "OTHRTRK": 0,
        "WDCODE": "",
        "REVISIONDA": "1996/01/01 00:00:00",
        "LASTUPDATE": "1/14/2025",
        "AADT": "",
        "AADTYEAR": "1978",
        "STATENAME": "TEXAS",
        "STATEAB": "TX",
        "COUNTYNAME": "WISE",
        "CITYNAME": "ALVORD",
        "LATDD": 33.394077,
        "LONGDD": -97.728158,
        "gridlyProductionCertified": true,
        "gridlyClassification": "PUBLIC_ROADWAY",
        "gridlyDisplayName": "PRIVATE RD 2603",
        "gridlyId": "FRA-274778H"
      }
    },
    {
      "type": "Feature",
      "id": 205577,
      "geometry": {
        "type": "Point",
        "coordinates": [
          -97.7232879999603,
          33.390226799834
        ]
      },
      "properties": {
        "OBJECTID": 205577,
        "CROSSING": "274811F",
        "EFFDATE": 1736812800000,
        "REASON": "14",
        "StateCode": "48",
        "CountyCode": "48497",
        "STCYFIPS": "48497",
        "CITYCD": "484970140",
        "RAILROAD": "BNSF",
        "RRDIV": "RED RIVER",
        "RRSUBDIV": "WICHITA FALLS",
        "HIGHWAY": "Not Yet Reported by State",
        "STREET": "PRIVATE RD 2604",
        "TTSTN": "663487",
        "MILEPOST": "0054.431",
        "TYPEXING": "Private",
        "POSXING": "At Grade",
        "PRVCAT": "14",
        "INIT": "1",
        "LATITUDE": 33.3902268,
        "LONGITUD": -97.723288,
        "LLSOURCE": "1",
        "WHISTBAN": "0",
        "RRCONT": "8173521549",
        "POLCONT": "8008325452",
        "INV_LINK": "https://safetydata.fra.dot.gov/OfficeofSafety/PublicSite/Crossing/Crossing.aspx?phasetype=C&rpttype=I&txtcrossingnum=274811F",
        "ACC_LINK": "https://safetydata.fra.dot.gov/OfficeofSafety/PublicSite/Crossing/Crossing.aspx?phasetype=C&rpttype=A&txtcrossingnum=274811F",
        "TTSTNNAM": "SUNSET",
        "XPURPOSE": "1",
        "OPERATINGR": "BNSF",
        "OPERATIN_1": "Primary",
        "DAYTHRU": 7,
        "NGHTTHRU": 7,
        "MAINTRK": 1,
        "SIDINGTRK": 0,
        "YARDTRK": 0,
        "TRANSITTRK": 0,
        "INDUSTRYTR": 0,
        "OTHRTRK": 0,
        "WDCODE": "",
        "REVISIONDA": "1996/01/01 00:00:00",
        "LASTUPDATE": "1/14/2025",
        "AADT": "",
        "AADTYEAR": "1978",
        "STATENAME": "TEXAS",
        "STATEAB": "TX",
        "COUNTYNAME": "WISE",
        "CITYNAME": "ALVORD",
        "LATDD": 33.3902268,
        "LONGDD": -97.723288,
        "gridlyProductionCertified": true,
        "gridlyClassification": "PUBLIC_ROADWAY",
        "gridlyDisplayName": "PRIVATE RD 2604",
        "gridlyId": "FRA-274811F"
      }
    },
    {
      "type": "Feature",
      "id": 205578,
      "geometry": {
        "type": "Point",
        "coordinates": [
          -97.7059169997318,
          33.3720829999768
        ]
      },
      "properties": {
        "OBJECTID": 205578,
        "CROSSING": "274813U",
        "EFFDATE": 1736812800000,
        "REASON": "14",
        "StateCode": "48",
        "CountyCode": "48497",
        "STCYFIPS": "48497",
        "CITYCD": "484970140",
        "RAILROAD": "BNSF",
        "RRDIV": "RED RIVER",
        "RRSUBDIV": "WICHITA FALLS",
        "HIGHWAY": "Not Yet Reported by State",
        "STREET": "PRIVATE",
        "TTSTN": "663487",
        "MILEPOST": "0052.731",
        "TYPEXING": "Private",
        "POSXING": "At Grade",
        "PRVCAT": "14",
        "INIT": "1",
        "LATITUDE": 33.372083,
        "LONGITUD": -97.705917,
        "LLSOURCE": "1",
        "WHISTBAN": "0",
        "RRCONT": "8173521549",
        "POLCONT": "8008325452",
        "INV_LINK": "https://safetydata.fra.dot.gov/OfficeofSafety/PublicSite/Crossing/Crossing.aspx?phasetype=C&rpttype=I&txtcrossingnum=274813U",
        "ACC_LINK": "https://safetydata.fra.dot.gov/OfficeofSafety/PublicSite/Crossing/Crossing.aspx?phasetype=C&rpttype=A&txtcrossingnum=274813U",
        "TTSTNNAM": "SUNSET",
        "XPURPOSE": "1",
        "OPERATINGR": "BNSF",
        "OPERATIN_1": "Primary",
        "DAYTHRU": 7,
        "NGHTTHRU": 7,
        "MAINTRK": 1,
        "SIDINGTRK": 0,
        "YARDTRK": 0,
        "TRANSITTRK": 0,
        "INDUSTRYTR": 0,
        "OTHRTRK": 0,
        "WDCODE": "",
        "REVISIONDA": "1996/01/01 00:00:00",
        "LASTUPDATE": "1/14/2025",
        "AADT": "",
        "AADTYEAR": "1978",
        "STATENAME": "TEXAS",
        "STATEAB": "TX",
        "COUNTYNAME": "WISE",
        "CITYNAME": "ALVORD",
        "LATDD": 33.372083,
        "LONGDD": -97.705917,
        "gridlyProductionCertified": true,
        "gridlyClassification": "PUBLIC_ROADWAY",
        "gridlyDisplayName": "PRIVATE",
        "gridlyId": "FRA-274813U"
      }
    },
    {
      "type": "Feature",
      "id": 205836,
      "geometry": {
        "type": "Point",
        "coordinates": [
          -97.7531179998672,
          33.4275819998462
        ]
      },
      "properties": {
        "OBJECTID": 205836,
        "CROSSING": "275048M",
        "EFFDATE": 1736812800000,
        "REASON": "14",
        "StateCode": "48",
        "CountyCode": "48337",
        "STCYFIPS": "48337",
        "CITYCD": "483376701",
        "RAILROAD": "BNSF",
        "RRDIV": "RED RIVER",
        "RRSUBDIV": "WICHITA FALLS",
        "HIGHWAY": "Not Yet Reported by State",
        "STREET": "PRIVATE",
        "TTSTN": "663490",
        "MILEPOST": "0057.566",
        "TYPEXING": "Private",
        "POSXING": "At Grade",
        "PRVCAT": "14",
        "INIT": "1",
        "LATITUDE": 33.427582,
        "LONGITUD": -97.753118,
        "LLSOURCE": "1",
        "WHISTBAN": "0",
        "RRCONT": "8173521549",
        "POLCONT": "8008325452",
        "INV_LINK": "https://safetydata.fra.dot.gov/OfficeofSafety/PublicSite/Crossing/Crossing.aspx?phasetype=C&rpttype=I&txtcrossingnum=275048M",
        "ACC_LINK": "https://safetydata.fra.dot.gov/OfficeofSafety/PublicSite/Crossing/Crossing.aspx?phasetype=C&rpttype=A&txtcrossingnum=275048M",
        "TTSTNNAM": "BOWIE",
        "XPURPOSE": "1",
        "OPERATINGR": "BNSF",
        "OPERATIN_1": "Primary",
        "DAYTHRU": 7,
        "NGHTTHRU": 7,
        "MAINTRK": 1,
        "SIDINGTRK": 0,
        "YARDTRK": 0,
        "TRANSITTRK": 0,
        "INDUSTRYTR": 0,
        "OTHRTRK": 0,
        "WDCODE": "",
        "REVISIONDA": "1996/01/01 00:00:00",
        "LASTUPDATE": "1/14/2025",
        "AADT": "",
        "AADTYEAR": "1978",
        "STATENAME": "TEXAS",
        "STATEAB": "TX",
        "COUNTYNAME": "MONTAGUE",
        "CITYNAME": "SUNSET",
        "LATDD": 33.427582,
        "LONGDD": -97.753118,
        "gridlyProductionCertified": true,
        "gridlyClassification": "PUBLIC_ROADWAY",
        "gridlyDisplayName": "PRIVATE",
        "gridlyId": "FRA-275048M"
      }
    },
    {
      "type": "Feature",
      "id": 205871,
      "geometry": {
        "type": "Point",
        "coordinates": [
          -97.7486149995711,
          33.4227509998256
        ]
      },
      "properties": {
        "OBJECTID": 205871,
        "CROSSING": "275049U",
        "EFFDATE": 1736812800000,
        "REASON": "14",
        "StateCode": "48",
        "CountyCode": "48337",
        "STCYFIPS": "48337",
        "CITYCD": "483376701",
        "RAILROAD": "BNSF",
        "RRDIV": "RED RIVER",
        "RRSUBDIV": "WICHITA FALLS",
        "HIGHWAY": "Not Yet Reported by State",
        "STREET": "PRIVATE",
        "TTSTN": "663925",
        "MILEPOST": "0057.139",
        "TYPEXING": "Private",
        "POSXING": "At Grade",
        "PRVCAT": "14",
        "INIT": "1",
        "LATITUDE": 33.422751,
        "LONGITUD": -97.748615,
        "LLSOURCE": "1",
        "WHISTBAN": "0",
        "RRCONT": "8173521549",
        "POLCONT": "8008325452",
        "INV_LINK": "https://safetydata.fra.dot.gov/OfficeofSafety/PublicSite/Crossing/Crossing.aspx?phasetype=C&rpttype=I&txtcrossingnum=275049U",
        "ACC_LINK": "https://safetydata.fra.dot.gov/OfficeofSafety/PublicSite/Crossing/Crossing.aspx?phasetype=C&rpttype=A&txtcrossingnum=275049U",
        "TTSTNNAM": "ALVORD",
        "XPURPOSE": "1",
        "OPERATINGR": "BNSF",
        "OPERATIN_1": "Primary",
        "DAYTHRU": 7,
        "NGHTTHRU": 7,
        "MAINTRK": 1,
        "SIDINGTRK": 0,
        "YARDTRK": 0,
        "TRANSITTRK": 0,
        "INDUSTRYTR": 0,
        "OTHRTRK": 0,
        "WDCODE": "",
        "REVISIONDA": "1996/01/01 00:00:00",
        "LASTUPDATE": "1/14/2025",
        "AADT": "",
        "AADTYEAR": "1970",
        "STATENAME": "TEXAS",
        "STATEAB": "TX",
        "COUNTYNAME": "MONTAGUE",
        "CITYNAME": "SUNSET",
        "LATDD": 33.422751,
        "LONGDD": -97.748615,
        "gridlyProductionCertified": true,
        "gridlyClassification": "PUBLIC_ROADWAY",
        "gridlyDisplayName": "PRIVATE",
        "gridlyId": "FRA-275049U"
      }
    },
    {
      "type": "Feature",
      "id": 205887,
      "geometry": {
        "type": "Point",
        "coordinates": [
          -97.5610839998222,
          33.1975219999383
        ]
      },
      "properties": {
        "OBJECTID": 205887,
        "CROSSING": "274620V",
        "EFFDATE": 1768262400000,
        "REASON": "14",
        "StateCode": "48",
        "CountyCode": "48497",
        "STCYFIPS": "48497",
        "CITYCD": "484971780",
        "RAILROAD": "BNSF",
        "RRDIV": "RED RIVER",
        "RRSUBDIV": "WICHITA FALLS",
        "HIGHWAY": "FM2264",
        "STREET": "FM2264",
        "TTSTN": "663940",
        "MILEPOST": "0037.470",
        "TYPEXING": "Public",
        "POSXING": "At Grade",
        "PRVCAT": "14",
        "INIT": "2",
        "LATITUDE": 33.197522,
        "LONGITUD": -97.561084,
        "LLSOURCE": "1",
        "WHISTBAN": "0",
        "RRCONT": "8173521549",
        "POLCONT": "8008325452",
        "INV_LINK": "https://safetydata.fra.dot.gov/OfficeofSafety/PublicSite/Crossing/Crossing.aspx?phasetype=C&rpttype=I&txtcrossingnum=274620V",
        "ACC_LINK": "https://safetydata.fra.dot.gov/OfficeofSafety/PublicSite/Crossing/Crossing.aspx?phasetype=C&rpttype=A&txtcrossingnum=274620V",
        "TTSTNNAM": "DECATUR",
        "XPURPOSE": "1",
        "OPERATINGR": "BNSF",
        "OPERATIN_1": "Primary",
        "DAYTHRU": 7,
        "NGHTTHRU": 7,
        "MAINTRK": 1,
        "SIDINGTRK": 0,
        "YARDTRK": 0,
        "TRANSITTRK": 0,
        "INDUSTRYTR": 0,
        "OTHRTRK": 0,
        "WDCODE": "All other Gates",
        "REVISIONDA": "1996/01/01 00:00:00",
        "LASTUPDATE": "1/13/2026",
        "AADT": "6923",
        "AADTYEAR": "2023",
        "STATENAME": "TEXAS",
        "STATEAB": "TX",
        "COUNTYNAME": "WISE",
        "CITYNAME": "DECATUR",
        "LATDD": 33.197522,
        "LONGDD": -97.561084,
        "gridlyProductionCertified": true,
        "gridlyClassification": "PUBLIC_ROADWAY",
        "gridlyDisplayName": "FM2264",
        "gridlyId": "FRA-274620V"
      }
    },
    {
      "type": "Feature",
      "id": 205901,
      "geometry": {
        "type": "Point",
        "coordinates": [
          -97.6583609997693,
          33.3279041003435
        ]
      },
      "properties": {
        "OBJECTID": 205901,
        "CROSSING": "274818D",
        "EFFDATE": 1736812800000,
        "REASON": "14",
        "StateCode": "48",
        "CountyCode": "48497",
        "STCYFIPS": "48497",
        "CITYCD": "484970140",
        "RAILROAD": "BNSF",
        "RRDIV": "RED RIVER",
        "RRSUBDIV": "WICHITA FALLS",
        "HIGHWAY": "Not Yet Reported by State",
        "STREET": "PRIVATE",
        "TTSTN": "663487",
        "MILEPOST": "0048.600",
        "TYPEXING": "Private",
        "POSXING": "At Grade",
        "PRVCAT": "14",
        "INIT": "1",
        "LATITUDE": 33.3279041,
        "LONGITUD": -97.658361,
        "LLSOURCE": "1",
        "WHISTBAN": "0",
        "RRCONT": "8173521549",
        "POLCONT": "8008325452",
        "INV_LINK": "https://safetydata.fra.dot.gov/OfficeofSafety/PublicSite/Crossing/Crossing.aspx?phasetype=C&rpttype=I&txtcrossingnum=274818D",
        "ACC_LINK": "https://safetydata.fra.dot.gov/OfficeofSafety/PublicSite/Crossing/Crossing.aspx?phasetype=C&rpttype=A&txtcrossingnum=274818D",
        "TTSTNNAM": "SUNSET",
        "XPURPOSE": "1",
        "OPERATINGR": "BNSF",
        "OPERATIN_1": "Primary",
        "DAYTHRU": 7,
        "NGHTTHRU": 7,
        "MAINTRK": 1,
        "SIDINGTRK": 0,
        "YARDTRK": 0,
        "TRANSITTRK": 0,
        "INDUSTRYTR": 0,
        "OTHRTRK": 0,
        "WDCODE": "",
        "REVISIONDA": "1996/01/01 00:00:00",
        "LASTUPDATE": "1/14/2025",
        "AADT": "",
        "AADTYEAR": "1978",
        "STATENAME": "TEXAS",
        "STATEAB": "TX",
        "COUNTYNAME": "WISE",
        "CITYNAME": "ALVORD",
        "LATDD": 33.3279041,
        "LONGDD": -97.658361,
        "gridlyProductionCertified": true,
        "gridlyClassification": "PUBLIC_ROADWAY",
        "gridlyDisplayName": "PRIVATE",
        "gridlyId": "FRA-274818D"
      }
    },
    {
      "type": "Feature",
      "id": 205930,
      "geometry": {
        "type": "Point",
        "coordinates": [
          -97.5466525998172,
          33.0653346000376
        ]
      },
      "properties": {
        "OBJECTID": 205930,
        "CROSSING": "598520M",
        "EFFDATE": 1775433600000,
        "REASON": "14",
        "StateCode": "48",
        "CountyCode": "48497",
        "STCYFIPS": "48497",
        "CITYCD": "484970810",
        "RAILROAD": "UP",
        "RRDIV": "TEXOMA",
        "RRSUBDIV": "DUNCAN SUB",
        "HIGHWAY": "cr4896",
        "STREET": "Jennings Avenue",
        "TTSTN": "663986",
        "MILEPOST": "0586.040",
        "TYPEXING": "Public",
        "POSXING": "At Grade",
        "PRVCAT": "14",
        "INIT": "1",
        "LATITUDE": 33.0653346,
        "LONGITUD": -97.5466526,
        "LLSOURCE": "1",
        "WHISTBAN": "0",
        "RRCONT": "4025443721",
        "POLCONT": "8008488715",
        "INV_LINK": "https://safetydata.fra.dot.gov/OfficeofSafety/PublicSite/Crossing/Crossing.aspx?phasetype=C&rpttype=I&txtcrossingnum=598520M",
        "ACC_LINK": "https://safetydata.fra.dot.gov/OfficeofSafety/PublicSite/Crossing/Crossing.aspx?phasetype=C&rpttype=A&txtcrossingnum=598520M",
        "TTSTNNAM": "",
        "XPURPOSE": "1",
        "OPERATINGR": "UP",
        "OPERATIN_1": "Primary",
        "DAYTHRU": 5,
        "NGHTTHRU": 4,
        "MAINTRK": 1,
        "SIDINGTRK": 0,
        "YARDTRK": 0,
        "TRANSITTRK": 0,
        "INDUSTRYTR": 0,
        "OTHRTRK": 0,
        "WDCODE": "Crossbucks",
        "REVISIONDA": "1975/01/01 00:00:00",
        "LASTUPDATE": "4/6/2026",
        "AADT": "150",
        "AADTYEAR": "2024",
        "STATENAME": "TEXAS",
        "STATEAB": "TX",
        "COUNTYNAME": "WISE",
        "CITYNAME": "BOYD",
        "LATDD": 33.0653346,
        "LONGDD": -97.5466526,
        "gridlyProductionCertified": true,
        "gridlyClassification": "PUBLIC_ROADWAY",
        "gridlyDisplayName": "Jennings Avenue",
        "gridlyId": "FRA-598520M"
      }
    },
    {
      "type": "Feature",
      "id": 206036,
      "geometry": {
        "type": "Point",
        "coordinates": [
          -97.4710792995797,
          33.0549253002415
        ]
      },
      "properties": {
        "OBJECTID": 206036,
        "CROSSING": "274631H",
        "EFFDATE": 1768262400000,
        "REASON": "14",
        "StateCode": "48",
        "CountyCode": "48497",
        "STCYFIPS": "48497",
        "CITYCD": "484975710",
        "RAILROAD": "BNSF",
        "RRDIV": "RED RIVER",
        "RRSUBDIV": "WICHITA FALLS",
        "HIGHWAY": "lS0000",
        "STREET": "east second STREET",
        "TTSTN": "668123",
        "MILEPOST": "0025.430",
        "TYPEXING": "Public",
        "POSXING": "At Grade",
        "PRVCAT": "14",
        "INIT": "2",
        "LATITUDE": 33.0549253,
        "LONGITUD": -97.4710793,
        "LLSOURCE": "1",
        "WHISTBAN": "0",
        "RRCONT": "8173521549",
        "POLCONT": "8008325452",
        "INV_LINK": "https://safetydata.fra.dot.gov/OfficeofSafety/PublicSite/Crossing/Crossing.aspx?phasetype=C&rpttype=I&txtcrossingnum=274631H",
        "ACC_LINK": "https://safetydata.fra.dot.gov/OfficeofSafety/PublicSite/Crossing/Crossing.aspx?phasetype=C&rpttype=A&txtcrossingnum=274631H",
        "TTSTNNAM": "AVONDALE",
        "XPURPOSE": "1",
        "OPERATINGR": "BNSF",
        "OPERATIN_1": "Primary",
        "DAYTHRU": 7,
        "NGHTTHRU": 7,
        "MAINTRK": 1,
        "SIDINGTRK": 0,
        "YARDTRK": 0,
        "TRANSITTRK": 0,
        "INDUSTRYTR": 0,
        "OTHRTRK": 0,
        "WDCODE": "All other Gates",
        "REVISIONDA": "1996/01/01 00:00:00",
        "LASTUPDATE": "1/13/2026",
        "AADT": "2314",
        "AADTYEAR": "2019",
        "STATENAME": "TEXAS",
        "STATEAB": "TX",
        "COUNTYNAME": "WISE",
        "CITYNAME": "RHOME",
        "LATDD": 33.0549253,
        "LONGDD": -97.4710793,
        "gridlyProductionCertified": true,
        "gridlyClassification": "PUBLIC_ROADWAY",
        "gridlyDisplayName": "east second STREET",
        "gridlyId": "FRA-274631H"
      }
    },
    {
      "type": "Feature",
      "id": 207613,
      "geometry": {
        "type": "Point",
        "coordinates": [
          -97.5469570002394,
          33.1803636003494
        ]
      },
      "properties": {
        "OBJECTID": 207613,
        "CROSSING": "274621C",
        "EFFDATE": 1756425600000,
        "REASON": "14",
        "StateCode": "48",
        "CountyCode": "48497",
        "STCYFIPS": "48497",
        "CITYCD": "484971780",
        "RAILROAD": "BNSF",
        "RRDIV": "RED RIVER",
        "RRSUBDIV": "WICHITA FALLS",
        "HIGHWAY": "PRIVATE",
        "STREET": "PRIVATE",
        "TTSTN": "663940",
        "MILEPOST": "0036.020",
        "TYPEXING": "Private",
        "POSXING": "At Grade",
        "PRVCAT": "14",
        "INIT": "1",
        "LATITUDE": 33.1803636,
        "LONGITUD": -97.546957,
        "LLSOURCE": "1",
        "WHISTBAN": "0",
        "RRCONT": "8173521549",
        "POLCONT": "8008325452",
        "INV_LINK": "https://safetydata.fra.dot.gov/OfficeofSafety/PublicSite/Crossing/Crossing.aspx?phasetype=C&rpttype=I&txtcrossingnum=274621C",
        "ACC_LINK": "https://safetydata.fra.dot.gov/OfficeofSafety/PublicSite/Crossing/Crossing.aspx?phasetype=C&rpttype=A&txtcrossingnum=274621C",
        "TTSTNNAM": "DECATUR",
        "XPURPOSE": "1",
        "OPERATINGR": "BNSF",
        "OPERATIN_1": "Primary",
        "DAYTHRU": 7,
        "NGHTTHRU": 7,
        "MAINTRK": 1,
        "SIDINGTRK": 0,
        "YARDTRK": 0,
        "TRANSITTRK": 0,
        "INDUSTRYTR": 0,
        "OTHRTRK": 0,
        "WDCODE": "",
        "REVISIONDA": "1996/01/01 00:00:00",
        "LASTUPDATE": "8/29/2025",
        "AADT": "",
        "AADTYEAR": "1978",
        "STATENAME": "TEXAS",
        "STATEAB": "TX",
        "COUNTYNAME": "WISE",
        "CITYNAME": "DECATUR",
        "LATDD": 33.1803636,
        "LONGDD": -97.546957,
        "gridlyProductionCertified": true,
        "gridlyClassification": "PUBLIC_ROADWAY",
        "gridlyDisplayName": "PRIVATE",
        "gridlyId": "FRA-274621C"
      }
    },
    {
      "type": "Feature",
      "id": 208807,
      "geometry": {
        "type": "Point",
        "coordinates": [
          -97.5843963001347,
          33.2439639998989
        ]
      },
      "properties": {
        "OBJECTID": 208807,
        "CROSSING": "274613K",
        "EFFDATE": 1768262400000,
        "REASON": "14",
        "StateCode": "48",
        "CountyCode": "48497",
        "STCYFIPS": "48497",
        "CITYCD": "484971780",
        "RAILROAD": "BNSF",
        "RRDIV": "RED RIVER",
        "RRSUBDIV": "WICHITA FALLS",
        "HIGHWAY": "lS0000",
        "STREET": "GREENWOOD RoaD",
        "TTSTN": "663940",
        "MILEPOST": "0040.970",
        "TYPEXING": "Public",
        "POSXING": "At Grade",
        "PRVCAT": "14",
        "INIT": "2",
        "LATITUDE": 33.243964,
        "LONGITUD": -97.5843963,
        "LLSOURCE": "1",
        "WHISTBAN": "0",
        "RRCONT": "8173521549",
        "POLCONT": "8008325452",
        "INV_LINK": "https://safetydata.fra.dot.gov/OfficeofSafety/PublicSite/Crossing/Crossing.aspx?phasetype=C&rpttype=I&txtcrossingnum=274613K",
        "ACC_LINK": "https://safetydata.fra.dot.gov/OfficeofSafety/PublicSite/Crossing/Crossing.aspx?phasetype=C&rpttype=A&txtcrossingnum=274613K",
        "TTSTNNAM": "DECATUR",
        "XPURPOSE": "1",
        "OPERATINGR": "BNSF",
        "OPERATIN_1": "Primary",
        "DAYTHRU": 7,
        "NGHTTHRU": 7,
        "MAINTRK": 1,
        "SIDINGTRK": 0,
        "YARDTRK": 0,
        "TRANSITTRK": 0,
        "INDUSTRYTR": 0,
        "OTHRTRK": 0,
        "WDCODE": "All other Gates",
        "REVISIONDA": "1996/01/01 00:00:00",
        "LASTUPDATE": "1/13/2026",
        "AADT": "955",
        "AADTYEAR": "2019",
        "STATENAME": "TEXAS",
        "STATEAB": "TX",
        "COUNTYNAME": "WISE",
        "CITYNAME": "DECATUR",
        "LATDD": 33.243964,
        "LONGDD": -97.5843963,
        "gridlyProductionCertified": true,
        "gridlyClassification": "PUBLIC_ROADWAY",
        "gridlyDisplayName": "GREENWOOD RoaD",
        "gridlyId": "FRA-274613K"
      }
    },
    {
      "type": "Feature",
      "id": 210170,
      "geometry": {
        "type": "Point",
        "coordinates": [
          -97.4727036000388,
          33.069845500122
        ]
      },
      "properties": {
        "OBJECTID": 210170,
        "CROSSING": "274630B",
        "EFFDATE": 1768262400000,
        "REASON": "14",
        "StateCode": "48",
        "CountyCode": "48497",
        "STCYFIPS": "48497",
        "CITYCD": "484975710",
        "RAILROAD": "BNSF",
        "RRDIV": "RED RIVER",
        "RRSUBDIV": "WICHITA FALLS",
        "HIGHWAY": "ls0000",
        "STREET": "PIONEER ROAD",
        "TTSTN": "668123",
        "MILEPOST": "0026.470",
        "TYPEXING": "Public",
        "POSXING": "At Grade",
        "PRVCAT": "14",
        "INIT": "2",
        "LATITUDE": 33.0698455,
        "LONGITUD": -97.4727036,
        "LLSOURCE": "1",
        "WHISTBAN": "0",
        "RRCONT": "8173521549",
        "POLCONT": "8008325452",
        "INV_LINK": "https://safetydata.fra.dot.gov/OfficeofSafety/PublicSite/Crossing/Crossing.aspx?phasetype=C&rpttype=I&txtcrossingnum=274630B",
        "ACC_LINK": "https://safetydata.fra.dot.gov/OfficeofSafety/PublicSite/Crossing/Crossing.aspx?phasetype=C&rpttype=A&txtcrossingnum=274630B",
        "TTSTNNAM": "AVONDALE",
        "XPURPOSE": "1",
        "OPERATINGR": "BNSF",
        "OPERATIN_1": "Primary",
        "DAYTHRU": 7,
        "NGHTTHRU": 7,
        "MAINTRK": 1,
        "SIDINGTRK": 0,
        "YARDTRK": 0,
        "TRANSITTRK": 0,
        "INDUSTRYTR": 0,
        "OTHRTRK": 0,
        "WDCODE": "All other Gates",
        "REVISIONDA": "1996/01/01 00:00:00",
        "LASTUPDATE": "1/13/2026",
        "AADT": "386",
        "AADTYEAR": "2019",
        "STATENAME": "TEXAS",
        "STATEAB": "TX",
        "COUNTYNAME": "WISE",
        "CITYNAME": "RHOME",
        "LATDD": 33.0698455,
        "LONGDD": -97.4727036,
        "gridlyProductionCertified": true,
        "gridlyClassification": "PUBLIC_ROADWAY",
        "gridlyDisplayName": "PIONEER ROAD",
        "gridlyId": "FRA-274630B"
      }
    },
    {
      "type": "Feature",
      "id": 211470,
      "geometry": {
        "type": "Point",
        "coordinates": [
          -97.5854011996289,
          33.2452694003483
        ]
      },
      "properties": {
        "OBJECTID": 211470,
        "CROSSING": "675126W",
        "EFFDATE": 1764806400000,
        "REASON": "14",
        "StateCode": "48",
        "CountyCode": "48497",
        "STCYFIPS": "48497",
        "CITYCD": "484971780",
        "RAILROAD": "BNSF",
        "RRDIV": "RED RIVER",
        "RRSUBDIV": "WICHITA FALLS",
        "HIGHWAY": "US0380",
        "STREET": "US0380",
        "TTSTN": "663940",
        "MILEPOST": "0041.070",
        "TYPEXING": "Public",
        "POSXING": "RR Under",
        "PRVCAT": "14",
        "INIT": "2",
        "LATITUDE": 33.2452694,
        "LONGITUD": -97.5854012,
        "LLSOURCE": "1",
        "WHISTBAN": "0",
        "RRCONT": "8173521549",
        "POLCONT": "8008325452",
        "INV_LINK": "https://safetydata.fra.dot.gov/OfficeofSafety/PublicSite/Crossing/Crossing.aspx?phasetype=C&rpttype=I&txtcrossingnum=675126W",
        "ACC_LINK": "https://safetydata.fra.dot.gov/OfficeofSafety/PublicSite/Crossing/Crossing.aspx?phasetype=C&rpttype=A&txtcrossingnum=675126W",
        "TTSTNNAM": "DECATUR",
        "XPURPOSE": "1",
        "OPERATINGR": "BNSF",
        "OPERATIN_1": "Primary",
        "DAYTHRU": 7,
        "NGHTTHRU": 7,
        "MAINTRK": 1,
        "SIDINGTRK": 0,
        "YARDTRK": 0,
        "TRANSITTRK": 0,
        "INDUSTRYTR": 0,
        "OTHRTRK": 0,
        "WDCODE": "",
        "REVISIONDA": "1996/01/01 00:00:00",
        "LASTUPDATE": "12/4/2025",
        "AADT": "18194",
        "AADTYEAR": "2024",
        "STATENAME": "TEXAS",
        "STATEAB": "TX",
        "COUNTYNAME": "WISE",
        "CITYNAME": "DECATUR",
        "LATDD": 33.2452694,
        "LONGDD": -97.5854012,
        "gridlyProductionCertified": true,
        "gridlyClassification": "PUBLIC_ROADWAY",
        "gridlyDisplayName": "US0380",
        "gridlyId": "FRA-675126W"
      }
    },
    {
      "type": "Feature",
      "id": 211594,
      "geometry": {
        "type": "Point",
        "coordinates": [
          -97.4615886003996,
          33.0456293999455
        ]
      },
      "properties": {
        "OBJECTID": 211594,
        "CROSSING": "274632P",
        "EFFDATE": 1763424000000,
        "REASON": "14",
        "StateCode": "48",
        "CountyCode": "48497",
        "STCYFIPS": "48497",
        "CITYCD": "484975710",
        "RAILROAD": "BNSF",
        "RRDIV": "RED RIVER",
        "RRSUBDIV": "WICHITA FALLS",
        "HIGHWAY": "sh0114",
        "STREET": "sh0114",
        "TTSTN": "668123",
        "MILEPOST": "0024.560",
        "TYPEXING": "Public",
        "POSXING": "RR Under",
        "PRVCAT": "14",
        "INIT": "2",
        "LATITUDE": 33.0456294,
        "LONGITUD": -97.4615886,
        "LLSOURCE": "1",
        "WHISTBAN": "0",
        "RRCONT": "8173521549",
        "POLCONT": "8008325452",
        "INV_LINK": "https://safetydata.fra.dot.gov/OfficeofSafety/PublicSite/Crossing/Crossing.aspx?phasetype=C&rpttype=I&txtcrossingnum=274632P",
        "ACC_LINK": "https://safetydata.fra.dot.gov/OfficeofSafety/PublicSite/Crossing/Crossing.aspx?phasetype=C&rpttype=A&txtcrossingnum=274632P",
        "TTSTNNAM": "AVONDALE",
        "XPURPOSE": "1",
        "OPERATINGR": "BNSF",
        "OPERATIN_1": "Primary",
        "DAYTHRU": 7,
        "NGHTTHRU": 7,
        "MAINTRK": 1,
        "SIDINGTRK": 0,
        "YARDTRK": 0,
        "TRANSITTRK": 0,
        "INDUSTRYTR": 0,
        "OTHRTRK": 0,
        "WDCODE": "",
        "REVISIONDA": "1996/01/01 00:00:00",
        "LASTUPDATE": "11/18/2025",
        "AADT": "25215",
        "AADTYEAR": "2024",
        "STATENAME": "TEXAS",
        "STATEAB": "TX",
        "COUNTYNAME": "WISE",
        "CITYNAME": "RHOME",
        "LATDD": 33.0456294,
        "LONGDD": -97.4615886,
        "gridlyProductionCertified": true,
        "gridlyClassification": "PUBLIC_ROADWAY",
        "gridlyDisplayName": "sh0114",
        "gridlyId": "FRA-274632P"
      }
    },
    {
      "type": "Feature",
      "id": 211708,
      "geometry": {
        "type": "Point",
        "coordinates": [
          -97.5809858003444,
          33.2375339998469
        ]
      },
      "properties": {
        "OBJECTID": 211708,
        "CROSSING": "089365F",
        "EFFDATE": 1763424000000,
        "REASON": "14",
        "StateCode": "48",
        "CountyCode": "48497",
        "STCYFIPS": "48497",
        "CITYCD": "484971780",
        "RAILROAD": "BNSF",
        "RRDIV": "RED RIVER",
        "RRSUBDIV": "WICHITA FALLS",
        "HIGHWAY": "us0380",
        "STREET": "bu0380 / fm0051",
        "TTSTN": "663940",
        "MILEPOST": "0040.490",
        "TYPEXING": "Public",
        "POSXING": "RR Over",
        "PRVCAT": "14",
        "INIT": "2",
        "LATITUDE": 33.237534,
        "LONGITUD": -97.5809858,
        "LLSOURCE": "1",
        "WHISTBAN": "0",
        "RRCONT": "8173521549",
        "POLCONT": "8008325452",
        "INV_LINK": "https://safetydata.fra.dot.gov/OfficeofSafety/PublicSite/Crossing/Crossing.aspx?phasetype=C&rpttype=I&txtcrossingnum=089365F",
        "ACC_LINK": "https://safetydata.fra.dot.gov/OfficeofSafety/PublicSite/Crossing/Crossing.aspx?phasetype=C&rpttype=A&txtcrossingnum=089365F",
        "TTSTNNAM": "DECATUR",
        "XPURPOSE": "1",
        "OPERATINGR": "BNSF",
        "OPERATIN_1": "Primary",
        "DAYTHRU": 7,
        "NGHTTHRU": 7,
        "MAINTRK": 1,
        "SIDINGTRK": 0,
        "YARDTRK": 0,
        "TRANSITTRK": 0,
        "INDUSTRYTR": 0,
        "OTHRTRK": 0,
        "WDCODE": "",
        "REVISIONDA": "1996/01/01 00:00:00",
        "LASTUPDATE": "11/18/2025",
        "AADT": "8606",
        "AADTYEAR": "2024",
        "STATENAME": "TEXAS",
        "STATEAB": "TX",
        "COUNTYNAME": "WISE",
        "CITYNAME": "DECATUR",
        "LATDD": 33.237534,
        "LONGDD": -97.5809858,
        "gridlyProductionCertified": true,
        "gridlyClassification": "PUBLIC_ROADWAY",
        "gridlyDisplayName": "bu0380 / fm0051",
        "gridlyId": "FRA-089365F"
      }
    },
    {
      "type": "Feature",
      "id": 211916,
      "geometry": {
        "type": "Point",
        "coordinates": [
          -97.7779680003504,
          33.2423129999128
        ]
      },
      "properties": {
        "OBJECTID": 211916,
        "CROSSING": "598489D",
        "EFFDATE": 1759104000000,
        "REASON": "14",
        "StateCode": "48",
        "CountyCode": "48497",
        "STCYFIPS": "48497",
        "CITYCD": "484970890",
        "RAILROAD": "UP",
        "RRDIV": "TEXOMA",
        "RRSUBDIV": "DUNCAN SUB",
        "HIGHWAY": "NA",
        "STREET": "PRIVATE",
        "TTSTN": "663972",
        "MILEPOST": "0567.140",
        "TYPEXING": "Private",
        "POSXING": "At Grade",
        "PRVCAT": "14",
        "INIT": "1",
        "LATITUDE": 33.242313,
        "LONGITUD": -97.777968,
        "LLSOURCE": "1",
        "WHISTBAN": "0",
        "RRCONT": "4025443721",
        "POLCONT": "8008488715",
        "INV_LINK": "https://safetydata.fra.dot.gov/OfficeofSafety/PublicSite/Crossing/Crossing.aspx?phasetype=C&rpttype=I&txtcrossingnum=598489D",
        "ACC_LINK": "https://safetydata.fra.dot.gov/OfficeofSafety/PublicSite/Crossing/Crossing.aspx?phasetype=C&rpttype=A&txtcrossingnum=598489D",
        "TTSTNNAM": "",
        "XPURPOSE": "1",
        "OPERATINGR": "UP",
        "OPERATIN_1": "Primary",
        "DAYTHRU": 6,
        "NGHTTHRU": 6,
        "MAINTRK": 1,
        "SIDINGTRK": 0,
        "YARDTRK": 0,
        "TRANSITTRK": 0,
        "INDUSTRYTR": 0,
        "OTHRTRK": 0,
        "WDCODE": "",
        "REVISIONDA": "1975/01/01 00:00:00",
        "LASTUPDATE": "9/29/2025",
        "AADT": "",
        "AADTYEAR": "1970",
        "STATENAME": "TEXAS",
        "STATEAB": "TX",
        "COUNTYNAME": "WISE",
        "CITYNAME": "BRIDGEPORT",
        "LATDD": 33.242313,
        "LONGDD": -97.777968,
        "gridlyProductionCertified": true,
        "gridlyClassification": "PUBLIC_ROADWAY",
        "gridlyDisplayName": "PRIVATE",
        "gridlyId": "FRA-598489D"
      }
    },
    {
      "type": "Feature",
      "id": 211945,
      "geometry": {
        "type": "Point",
        "coordinates": [
          -97.7339788995639,
          33.1881130002539
        ]
      },
      "properties": {
        "OBJECTID": 211945,
        "CROSSING": "598497V",
        "EFFDATE": 1759104000000,
        "REASON": "14",
        "StateCode": "48",
        "CountyCode": "48497",
        "STCYFIPS": "48497",
        "CITYCD": "484970890",
        "RAILROAD": "UP",
        "RRDIV": "TEXOMA",
        "RRSUBDIV": "DUNCAN SUB",
        "HIGHWAY": "PRIVATE",
        "STREET": "PRIVATE INDUSTRY-DEVON ENERGY",
        "TTSTN": "663972",
        "MILEPOST": "0571.920",
        "TYPEXING": "Private",
        "POSXING": "At Grade",
        "PRVCAT": "14",
        "INIT": "1",
        "LATITUDE": 33.188113,
        "LONGITUD": -97.7339789,
        "LLSOURCE": "1",
        "WHISTBAN": "0",
        "RRCONT": "4025443721",
        "POLCONT": "8008488715",
        "INV_LINK": "https://safetydata.fra.dot.gov/OfficeofSafety/PublicSite/Crossing/Crossing.aspx?phasetype=C&rpttype=I&txtcrossingnum=598497V",
        "ACC_LINK": "https://safetydata.fra.dot.gov/OfficeofSafety/PublicSite/Crossing/Crossing.aspx?phasetype=C&rpttype=A&txtcrossingnum=598497V",
        "TTSTNNAM": "",
        "XPURPOSE": "1",
        "OPERATINGR": "UP",
        "OPERATIN_1": "Primary",
        "DAYTHRU": 5,
        "NGHTTHRU": 4,
        "MAINTRK": 1,
        "SIDINGTRK": 0,
        "YARDTRK": 0,
        "TRANSITTRK": 0,
        "INDUSTRYTR": 0,
        "OTHRTRK": 0,
        "WDCODE": "",
        "REVISIONDA": "1975/01/01 00:00:00",
        "LASTUPDATE": "9/29/2025",
        "AADT": "1",
        "AADTYEAR": "1970",
        "STATENAME": "TEXAS",
        "STATEAB": "TX",
        "COUNTYNAME": "WISE",
        "CITYNAME": "BRIDGEPORT",
        "LATDD": 33.188113,
        "LONGDD": -97.7339789,
        "gridlyProductionCertified": true,
        "gridlyClassification": "PUBLIC_ROADWAY",
        "gridlyDisplayName": "PRIVATE INDUSTRY-DEVON ENERGY",
        "gridlyId": "FRA-598497V"
      }
    },
    {
      "type": "Feature",
      "id": 212006,
      "geometry": {
        "type": "Point",
        "coordinates": [
          -97.6076079999151,
          33.0961200000834
        ]
      },
      "properties": {
        "OBJECTID": 212006,
        "CROSSING": "598512V",
        "EFFDATE": 1759104000000,
        "REASON": "14",
        "StateCode": "48",
        "CountyCode": "48497",
        "STCYFIPS": "48497",
        "CITYCD": "484970810",
        "RAILROAD": "UP",
        "RRDIV": "TEXOMA",
        "RRSUBDIV": "DUNCAN SUB",
        "HIGHWAY": "NA",
        "STREET": "PRIVATE",
        "TTSTN": "663986",
        "MILEPOST": "0581.750",
        "TYPEXING": "Private",
        "POSXING": "At Grade",
        "PRVCAT": "14",
        "INIT": "1",
        "LATITUDE": 33.09612,
        "LONGITUD": -97.607608,
        "LLSOURCE": "1",
        "WHISTBAN": "0",
        "RRCONT": "4025443721",
        "POLCONT": "8008488715",
        "INV_LINK": "https://safetydata.fra.dot.gov/OfficeofSafety/PublicSite/Crossing/Crossing.aspx?phasetype=C&rpttype=I&txtcrossingnum=598512V",
        "ACC_LINK": "https://safetydata.fra.dot.gov/OfficeofSafety/PublicSite/Crossing/Crossing.aspx?phasetype=C&rpttype=A&txtcrossingnum=598512V",
        "TTSTNNAM": "",
        "XPURPOSE": "1",
        "OPERATINGR": "UP",
        "OPERATIN_1": "Primary",
        "DAYTHRU": 5,
        "NGHTTHRU": 4,
        "MAINTRK": 1,
        "SIDINGTRK": 1,
        "YARDTRK": 0,
        "TRANSITTRK": 0,
        "INDUSTRYTR": 0,
        "OTHRTRK": 0,
        "WDCODE": "",
        "REVISIONDA": "1975/01/01 00:00:00",
        "LASTUPDATE": "9/29/2025",
        "AADT": "",
        "AADTYEAR": "1970",
        "STATENAME": "TEXAS",
        "STATEAB": "TX",
        "COUNTYNAME": "WISE",
        "CITYNAME": "BOYD",
        "LATDD": 33.09612,
        "LONGDD": -97.607608,
        "gridlyProductionCertified": true,
        "gridlyClassification": "PUBLIC_ROADWAY",
        "gridlyDisplayName": "PRIVATE",
        "gridlyId": "FRA-598512V"
      }
    },
    {
      "type": "Feature",
      "id": 212007,
      "geometry": {
        "type": "Point",
        "coordinates": [
          -97.7015950000841,
          33.1644719998009
        ]
      },
      "properties": {
        "OBJECTID": 212007,
        "CROSSING": "598505K",
        "EFFDATE": 1759104000000,
        "REASON": "14",
        "StateCode": "48",
        "CountyCode": "48497",
        "STCYFIPS": "48497",
        "CITYCD": "484975219",
        "RAILROAD": "UP",
        "RRDIV": "TEXOMA",
        "RRSUBDIV": "DUNCAN SUB",
        "HIGHWAY": "NA",
        "STREET": "PRIVATE",
        "TTSTN": "663972",
        "MILEPOST": "0574.420",
        "TYPEXING": "Private",
        "POSXING": "At Grade",
        "PRVCAT": "14",
        "INIT": "1",
        "LATITUDE": 33.164472,
        "LONGITUD": -97.701595,
        "LLSOURCE": "1",
        "WHISTBAN": "0",
        "RRCONT": "4025443721",
        "POLCONT": "8008488715",
        "INV_LINK": "https://safetydata.fra.dot.gov/OfficeofSafety/PublicSite/Crossing/Crossing.aspx?phasetype=C&rpttype=I&txtcrossingnum=598505K",
        "ACC_LINK": "https://safetydata.fra.dot.gov/OfficeofSafety/PublicSite/Crossing/Crossing.aspx?phasetype=C&rpttype=A&txtcrossingnum=598505K",
        "TTSTNNAM": "",
        "XPURPOSE": "1",
        "OPERATINGR": "UP",
        "OPERATIN_1": "Primary",
        "DAYTHRU": 5,
        "NGHTTHRU": 4,
        "MAINTRK": 1,
        "SIDINGTRK": 0,
        "YARDTRK": 0,
        "TRANSITTRK": 0,
        "INDUSTRYTR": 0,
        "OTHRTRK": 0,
        "WDCODE": "",
        "REVISIONDA": "1975/01/01 00:00:00",
        "LASTUPDATE": "9/29/2025",
        "AADT": "",
        "AADTYEAR": "1970",
        "STATENAME": "TEXAS",
        "STATEAB": "TX",
        "COUNTYNAME": "WISE",
        "CITYNAME": "PARADISE",
        "LATDD": 33.164472,
        "LONGDD": -97.701595,
        "gridlyProductionCertified": true,
        "gridlyClassification": "PUBLIC_ROADWAY",
        "gridlyDisplayName": "PRIVATE",
        "gridlyId": "FRA-598505K"
      }
    },
    {
      "type": "Feature",
      "id": 212016,
      "geometry": {
        "type": "Point",
        "coordinates": [
          -97.5111779998899,
          33.0281789998399
        ]
      },
      "properties": {
        "OBJECTID": 212016,
        "CROSSING": "598525W",
        "EFFDATE": 1759104000000,
        "REASON": "14",
        "StateCode": "48",
        "CountyCode": "48497",
        "STCYFIPS": "48497",
        "CITYCD": "484974855",
        "RAILROAD": "UP",
        "RRDIV": "TEXOMA",
        "RRSUBDIV": "DUNCAN SUB",
        "HIGHWAY": "NA",
        "STREET": "PRIVATE",
        "TTSTN": "663984",
        "MILEPOST": "0589.290",
        "TYPEXING": "Private",
        "POSXING": "At Grade",
        "PRVCAT": "14",
        "INIT": "1",
        "LATITUDE": 33.028179,
        "LONGITUD": -97.511178,
        "LLSOURCE": "1",
        "WHISTBAN": "0",
        "RRCONT": "4025443721",
        "POLCONT": "8008488715",
        "INV_LINK": "https://safetydata.fra.dot.gov/OfficeofSafety/PublicSite/Crossing/Crossing.aspx?phasetype=C&rpttype=I&txtcrossingnum=598525W",
        "ACC_LINK": "https://safetydata.fra.dot.gov/OfficeofSafety/PublicSite/Crossing/Crossing.aspx?phasetype=C&rpttype=A&txtcrossingnum=598525W",
        "TTSTNNAM": "",
        "XPURPOSE": "1",
        "OPERATINGR": "UP",
        "OPERATIN_1": "Primary",
        "DAYTHRU": 5,
        "NGHTTHRU": 4,
        "MAINTRK": 1,
        "SIDINGTRK": 0,
        "YARDTRK": 0,
        "TRANSITTRK": 0,
        "INDUSTRYTR": 0,
        "OTHRTRK": 0,
        "WDCODE": "",
        "REVISIONDA": "1975/01/01 00:00:00",
        "LASTUPDATE": "9/29/2025",
        "AADT": "",
        "AADTYEAR": "1970",
        "STATENAME": "TEXAS",
        "STATEAB": "TX",
        "COUNTYNAME": "WISE",
        "CITYNAME": "NEWARK",
        "LATDD": 33.028179,
        "LONGDD": -97.511178,
        "gridlyProductionCertified": true,
        "gridlyClassification": "PUBLIC_ROADWAY",
        "gridlyDisplayName": "PRIVATE",
        "gridlyId": "FRA-598525W"
      }
    },
    {
      "type": "Feature",
      "id": 212017,
      "geometry": {
        "type": "Point",
        "coordinates": [
          -97.50843100026,
          33.0245529996656
        ]
      },
      "properties": {
        "OBJECTID": 212017,
        "CROSSING": "598526D",
        "EFFDATE": 1759104000000,
        "REASON": "14",
        "StateCode": "48",
        "CountyCode": "48497",
        "STCYFIPS": "48497",
        "CITYCD": "484974855",
        "RAILROAD": "UP",
        "RRDIV": "TEXOMA",
        "RRSUBDIV": "DUNCAN SUB",
        "HIGHWAY": "NA",
        "STREET": "PRIVATE",
        "TTSTN": "663984",
        "MILEPOST": "0589.600",
        "TYPEXING": "Private",
        "POSXING": "At Grade",
        "PRVCAT": "14",
        "INIT": "1",
        "LATITUDE": 33.024553,
        "LONGITUD": -97.508431,
        "LLSOURCE": "1",
        "WHISTBAN": "0",
        "RRCONT": "4025443721",
        "POLCONT": "8008488715",
        "INV_LINK": "https://safetydata.fra.dot.gov/OfficeofSafety/PublicSite/Crossing/Crossing.aspx?phasetype=C&rpttype=I&txtcrossingnum=598526D",
        "ACC_LINK": "https://safetydata.fra.dot.gov/OfficeofSafety/PublicSite/Crossing/Crossing.aspx?phasetype=C&rpttype=A&txtcrossingnum=598526D",
        "TTSTNNAM": "",
        "XPURPOSE": "1",
        "OPERATINGR": "UP",
        "OPERATIN_1": "Primary",
        "DAYTHRU": 5,
        "NGHTTHRU": 4,
        "MAINTRK": 1,
        "SIDINGTRK": 0,
        "YARDTRK": 0,
        "TRANSITTRK": 0,
        "INDUSTRYTR": 0,
        "OTHRTRK": 0,
        "WDCODE": "",
        "REVISIONDA": "1975/01/01 00:00:00",
        "LASTUPDATE": "9/29/2025",
        "AADT": "",
        "AADTYEAR": "1970",
        "STATENAME": "TEXAS",
        "STATEAB": "TX",
        "COUNTYNAME": "WISE",
        "CITYNAME": "NEWARK",
        "LATDD": 33.024553,
        "LONGDD": -97.508431,
        "gridlyProductionCertified": true,
        "gridlyClassification": "PUBLIC_ROADWAY",
        "gridlyDisplayName": "PRIVATE",
        "gridlyId": "FRA-598526D"
      }
    },
    {
      "type": "Feature",
      "id": 212102,
      "geometry": {
        "type": "Point",
        "coordinates": [
          -97.7225239998791,
          33.1814289997512
        ]
      },
      "properties": {
        "OBJECTID": 212102,
        "CROSSING": "598499J",
        "EFFDATE": 1759104000000,
        "REASON": "14",
        "StateCode": "48",
        "CountyCode": "48497",
        "STCYFIPS": "48497",
        "CITYCD": "484970890",
        "RAILROAD": "UP",
        "RRDIV": "TEXOMA",
        "RRSUBDIV": "DUNCAN SUB",
        "HIGHWAY": "NA",
        "STREET": "PRIVATE",
        "TTSTN": "663972",
        "MILEPOST": "0572.740",
        "TYPEXING": "Private",
        "POSXING": "At Grade",
        "PRVCAT": "14",
        "INIT": "1",
        "LATITUDE": 33.181429,
        "LONGITUD": -97.722524,
        "LLSOURCE": "1",
        "WHISTBAN": "0",
        "RRCONT": "4025443721",
        "POLCONT": "8008488715",
        "INV_LINK": "https://safetydata.fra.dot.gov/OfficeofSafety/PublicSite/Crossing/Crossing.aspx?phasetype=C&rpttype=I&txtcrossingnum=598499J",
        "ACC_LINK": "https://safetydata.fra.dot.gov/OfficeofSafety/PublicSite/Crossing/Crossing.aspx?phasetype=C&rpttype=A&txtcrossingnum=598499J",
        "TTSTNNAM": "",
        "XPURPOSE": "1",
        "OPERATINGR": "UP",
        "OPERATIN_1": "Primary",
        "DAYTHRU": 5,
        "NGHTTHRU": 4,
        "MAINTRK": 1,
        "SIDINGTRK": 0,
        "YARDTRK": 0,
        "TRANSITTRK": 0,
        "INDUSTRYTR": 0,
        "OTHRTRK": 0,
        "WDCODE": "",
        "REVISIONDA": "1975/01/01 00:00:00",
        "LASTUPDATE": "9/29/2025",
        "AADT": "",
        "AADTYEAR": "1970",
        "STATENAME": "TEXAS",
        "STATEAB": "TX",
        "COUNTYNAME": "WISE",
        "CITYNAME": "BRIDGEPORT",
        "LATDD": 33.181429,
        "LONGDD": -97.722524,
        "gridlyProductionCertified": true,
        "gridlyClassification": "PUBLIC_ROADWAY",
        "gridlyDisplayName": "PRIVATE",
        "gridlyId": "FRA-598499J"
      }
    },
    {
      "type": "Feature",
      "id": 212203,
      "geometry": {
        "type": "Point",
        "coordinates": [
          -97.8228529999528,
          33.3981899999085
        ]
      },
      "properties": {
        "OBJECTID": 212203,
        "CROSSING": "598474N",
        "EFFDATE": 1759104000000,
        "REASON": "14",
        "StateCode": "48",
        "CountyCode": "48497",
        "STCYFIPS": "48497",
        "CITYCD": "484971298",
        "RAILROAD": "UP",
        "RRDIV": "TEXOMA",
        "RRSUBDIV": "DUNCAN SUB",
        "HIGHWAY": "NA",
        "STREET": "PRIVATE",
        "TTSTN": "663950",
        "MILEPOST": "0555.810",
        "TYPEXING": "Private",
        "POSXING": "At Grade",
        "PRVCAT": "14",
        "INIT": "1",
        "LATITUDE": 33.39819,
        "LONGITUD": -97.822853,
        "LLSOURCE": "1",
        "WHISTBAN": "0",
        "RRCONT": "4025443721",
        "POLCONT": "8008488715",
        "INV_LINK": "https://safetydata.fra.dot.gov/OfficeofSafety/PublicSite/Crossing/Crossing.aspx?phasetype=C&rpttype=I&txtcrossingnum=598474N",
        "ACC_LINK": "https://safetydata.fra.dot.gov/OfficeofSafety/PublicSite/Crossing/Crossing.aspx?phasetype=C&rpttype=A&txtcrossingnum=598474N",
        "TTSTNNAM": "",
        "XPURPOSE": "1",
        "OPERATINGR": "UP",
        "OPERATIN_1": "Primary",
        "DAYTHRU": 3,
        "NGHTTHRU": 2,
        "MAINTRK": 1,
        "SIDINGTRK": 0,
        "YARDTRK": 0,
        "TRANSITTRK": 0,
        "INDUSTRYTR": 0,
        "OTHRTRK": 0,
        "WDCODE": "",
        "REVISIONDA": "1975/01/01 00:00:00",
        "LASTUPDATE": "9/29/2025",
        "AADT": "",
        "AADTYEAR": "1970",
        "STATENAME": "TEXAS",
        "STATEAB": "TX",
        "COUNTYNAME": "WISE",
        "CITYNAME": "CHICO",
        "LATDD": 33.39819,
        "LONGDD": -97.822853,
        "gridlyProductionCertified": true,
        "gridlyClassification": "PUBLIC_ROADWAY",
        "gridlyDisplayName": "PRIVATE",
        "gridlyId": "FRA-598474N"
      }
    },
    {
      "type": "Feature",
      "id": 212426,
      "geometry": {
        "type": "Point",
        "coordinates": [
          -97.774725000428,
          33.2353173001324
        ]
      },
      "properties": {
        "OBJECTID": 212426,
        "CROSSING": "412466G",
        "EFFDATE": 1758499200000,
        "REASON": "14",
        "StateCode": "48",
        "CountyCode": "48497",
        "STCYFIPS": "48497",
        "CITYCD": "484970890",
        "RAILROAD": "UP",
        "RRDIV": "TEXOMA",
        "RRSUBDIV": "DUNCAN SUB",
        "HIGHWAY": "NA",
        "STREET": "PRIVATE",
        "TTSTN": "663950",
        "MILEPOST": "0567.670",
        "TYPEXING": "Private",
        "POSXING": "At Grade",
        "PRVCAT": "14",
        "INIT": "1",
        "LATITUDE": 33.2353173,
        "LONGITUD": -97.774725,
        "LLSOURCE": "1",
        "WHISTBAN": "0",
        "RRCONT": "4025443721",
        "POLCONT": "8008488715",
        "INV_LINK": "https://safetydata.fra.dot.gov/OfficeofSafety/PublicSite/Crossing/Crossing.aspx?phasetype=C&rpttype=I&txtcrossingnum=412466G",
        "ACC_LINK": "https://safetydata.fra.dot.gov/OfficeofSafety/PublicSite/Crossing/Crossing.aspx?phasetype=C&rpttype=A&txtcrossingnum=412466G",
        "TTSTNNAM": "",
        "XPURPOSE": "1",
        "OPERATINGR": "UP",
        "OPERATIN_1": "Primary",
        "DAYTHRU": 6,
        "NGHTTHRU": 6,
        "MAINTRK": 1,
        "SIDINGTRK": 0,
        "YARDTRK": 0,
        "TRANSITTRK": 0,
        "INDUSTRYTR": 0,
        "OTHRTRK": 0,
        "WDCODE": "",
        "REVISIONDA": "1975/01/01 00:00:00",
        "LASTUPDATE": "9/22/2025",
        "AADT": "1",
        "AADTYEAR": "",
        "STATENAME": "TEXAS",
        "STATEAB": "TX",
        "COUNTYNAME": "WISE",
        "CITYNAME": "BRIDGEPORT",
        "LATDD": 33.2353173,
        "LONGDD": -97.774725,
        "gridlyProductionCertified": true,
        "gridlyClassification": "PUBLIC_ROADWAY",
        "gridlyDisplayName": "PRIVATE",
        "gridlyId": "FRA-412466G"
      }
    },
    {
      "type": "Feature",
      "id": 212821,
      "geometry": {
        "type": "Point",
        "coordinates": [
          -97.5272569999576,
          33.0468749996475
        ]
      },
      "properties": {
        "OBJECTID": 212821,
        "CROSSING": "598522B",
        "EFFDATE": 1758499200000,
        "REASON": "14",
        "StateCode": "48",
        "CountyCode": "48497",
        "STCYFIPS": "48497",
        "CITYCD": "484970810",
        "RAILROAD": "UP",
        "RRDIV": "TEXOMA",
        "RRSUBDIV": "DUNCAN SUB",
        "HIGHWAY": "NA",
        "STREET": "PRIVATE",
        "TTSTN": "663986",
        "MILEPOST": "0587.69",
        "TYPEXING": "Private",
        "POSXING": "At Grade",
        "PRVCAT": "14",
        "INIT": "1",
        "LATITUDE": 33.046875,
        "LONGITUD": -97.527257,
        "LLSOURCE": "1",
        "WHISTBAN": "0",
        "RRCONT": "4025443721",
        "POLCONT": "8008488715",
        "INV_LINK": "https://safetydata.fra.dot.gov/OfficeofSafety/PublicSite/Crossing/Crossing.aspx?phasetype=C&rpttype=I&txtcrossingnum=598522B",
        "ACC_LINK": "https://safetydata.fra.dot.gov/OfficeofSafety/PublicSite/Crossing/Crossing.aspx?phasetype=C&rpttype=A&txtcrossingnum=598522B",
        "TTSTNNAM": "",
        "XPURPOSE": "1",
        "OPERATINGR": "UP",
        "OPERATIN_1": "Primary",
        "DAYTHRU": 5,
        "NGHTTHRU": 4,
        "MAINTRK": 1,
        "SIDINGTRK": 0,
        "YARDTRK": 0,
        "TRANSITTRK": 0,
        "INDUSTRYTR": 0,
        "OTHRTRK": 0,
        "WDCODE": "",
        "REVISIONDA": "1975/01/01 00:00:00",
        "LASTUPDATE": "9/22/2025",
        "AADT": "",
        "AADTYEAR": "1970",
        "STATENAME": "TEXAS",
        "STATEAB": "TX",
        "COUNTYNAME": "WISE",
        "CITYNAME": "BOYD",
        "LATDD": 33.046875,
        "LONGDD": -97.527257,
        "gridlyProductionCertified": true,
        "gridlyClassification": "PUBLIC_ROADWAY",
        "gridlyDisplayName": "PRIVATE",
        "gridlyId": "FRA-598522B"
      }
    },
    {
      "type": "Feature",
      "id": 212829,
      "geometry": {
        "type": "Point",
        "coordinates": [
          -97.8239979998005,
          33.3820296997959
        ]
      },
      "properties": {
        "OBJECTID": 212829,
        "CROSSING": "598475V",
        "EFFDATE": 1764547200000,
        "REASON": "14",
        "StateCode": "48",
        "CountyCode": "48497",
        "STCYFIPS": "48497",
        "CITYCD": "484971298",
        "RAILROAD": "UP",
        "RRDIV": "TEXOMA",
        "RRSUBDIV": "DUNCAN SUB",
        "HIGHWAY": "cr1782",
        "STREET": "County Road 1782",
        "TTSTN": "663950",
        "MILEPOST": "0556.980",
        "TYPEXING": "Public",
        "POSXING": "RR Over",
        "PRVCAT": "14",
        "INIT": "1",
        "LATITUDE": 33.3820297,
        "LONGITUD": -97.823998,
        "LLSOURCE": "1",
        "WHISTBAN": "0",
        "RRCONT": "4025443721",
        "POLCONT": "8008488715",
        "INV_LINK": "https://safetydata.fra.dot.gov/OfficeofSafety/PublicSite/Crossing/Crossing.aspx?phasetype=C&rpttype=I&txtcrossingnum=598475V",
        "ACC_LINK": "https://safetydata.fra.dot.gov/OfficeofSafety/PublicSite/Crossing/Crossing.aspx?phasetype=C&rpttype=A&txtcrossingnum=598475V",
        "TTSTNNAM": "",
        "XPURPOSE": "1",
        "OPERATINGR": "UP",
        "OPERATIN_1": "Primary",
        "DAYTHRU": 0,
        "NGHTTHRU": 0,
        "MAINTRK": 0,
        "SIDINGTRK": 0,
        "YARDTRK": 0,
        "TRANSITTRK": 0,
        "INDUSTRYTR": 0,
        "OTHRTRK": 0,
        "WDCODE": "",
        "REVISIONDA": "1975/01/01 00:00:00",
        "LASTUPDATE": "12/1/2025",
        "AADT": "43",
        "AADTYEAR": "2024",
        "STATENAME": "TEXAS",
        "STATEAB": "TX",
        "COUNTYNAME": "WISE",
        "CITYNAME": "CHICO",
        "LATDD": 33.3820297,
        "LONGDD": -97.823998,
        "gridlyProductionCertified": true,
        "gridlyClassification": "PUBLIC_ROADWAY",
        "gridlyDisplayName": "County Road 1782",
        "gridlyId": "FRA-598475V"
      }
    },
    {
      "type": "Feature",
      "id": 212830,
      "geometry": {
        "type": "Point",
        "coordinates": [
          -97.7733482002027,
          33.2224562000889
        ]
      },
      "properties": {
        "OBJECTID": 212830,
        "CROSSING": "598491E",
        "EFFDATE": 1764547200000,
        "REASON": "14",
        "StateCode": "48",
        "CountyCode": "48497",
        "STCYFIPS": "48497",
        "CITYCD": "484970890",
        "RAILROAD": "UP",
        "RRDIV": "TEXOMA",
        "RRSUBDIV": "DUNCAN SUB",
        "HIGHWAY": "us0380",
        "STREET": "us0380",
        "TTSTN": "663972",
        "MILEPOST": "0568.531",
        "TYPEXING": "Public",
        "POSXING": "RR Over",
        "PRVCAT": "14",
        "INIT": "1",
        "LATITUDE": 33.2224562,
        "LONGITUD": -97.7733482,
        "LLSOURCE": "1",
        "WHISTBAN": "0",
        "RRCONT": "4025443721",
        "POLCONT": "8008488715",
        "INV_LINK": "https://safetydata.fra.dot.gov/OfficeofSafety/PublicSite/Crossing/Crossing.aspx?phasetype=C&rpttype=I&txtcrossingnum=598491E",
        "ACC_LINK": "https://safetydata.fra.dot.gov/OfficeofSafety/PublicSite/Crossing/Crossing.aspx?phasetype=C&rpttype=A&txtcrossingnum=598491E",
        "TTSTNNAM": "",
        "XPURPOSE": "1",
        "OPERATINGR": "UP",
        "OPERATIN_1": "Primary",
        "DAYTHRU": 0,
        "NGHTTHRU": 0,
        "MAINTRK": 0,
        "SIDINGTRK": 0,
        "YARDTRK": 0,
        "TRANSITTRK": 0,
        "INDUSTRYTR": 0,
        "OTHRTRK": 0,
        "WDCODE": "",
        "REVISIONDA": "1975/01/01 00:00:00",
        "LASTUPDATE": "12/1/2025",
        "AADT": "7441",
        "AADTYEAR": "2024",
        "STATENAME": "TEXAS",
        "STATEAB": "TX",
        "COUNTYNAME": "WISE",
        "CITYNAME": "BRIDGEPORT",
        "LATDD": 33.2224562,
        "LONGDD": -97.7733482,
        "gridlyProductionCertified": true,
        "gridlyClassification": "PUBLIC_ROADWAY",
        "gridlyDisplayName": "us0380",
        "gridlyId": "FRA-598491E"
      }
    },
    {
      "type": "Feature",
      "id": 212831,
      "geometry": {
        "type": "Point",
        "coordinates": [
          -97.5152259999013,
          33.0335319998638
        ]
      },
      "properties": {
        "OBJECTID": 212831,
        "CROSSING": "598524P",
        "EFFDATE": 1758499200000,
        "REASON": "14",
        "StateCode": "48",
        "CountyCode": "48497",
        "STCYFIPS": "48497",
        "CITYCD": "484974855",
        "RAILROAD": "UP",
        "RRDIV": "TEXOMA",
        "RRSUBDIV": "DUNCAN SUB",
        "HIGHWAY": "NA",
        "STREET": "PRIVATE",
        "TTSTN": "663984",
        "MILEPOST": "0588.860",
        "TYPEXING": "Private",
        "POSXING": "At Grade",
        "PRVCAT": "14",
        "INIT": "1",
        "LATITUDE": 33.033532,
        "LONGITUD": -97.515226,
        "LLSOURCE": "1",
        "WHISTBAN": "0",
        "RRCONT": "4025443721",
        "POLCONT": "8008488715",
        "INV_LINK": "https://safetydata.fra.dot.gov/OfficeofSafety/PublicSite/Crossing/Crossing.aspx?phasetype=C&rpttype=I&txtcrossingnum=598524P",
        "ACC_LINK": "https://safetydata.fra.dot.gov/OfficeofSafety/PublicSite/Crossing/Crossing.aspx?phasetype=C&rpttype=A&txtcrossingnum=598524P",
        "TTSTNNAM": "",
        "XPURPOSE": "1",
        "OPERATINGR": "UP",
        "OPERATIN_1": "Primary",
        "DAYTHRU": 5,
        "NGHTTHRU": 4,
        "MAINTRK": 1,
        "SIDINGTRK": 0,
        "YARDTRK": 0,
        "TRANSITTRK": 0,
        "INDUSTRYTR": 0,
        "OTHRTRK": 0,
        "WDCODE": "",
        "REVISIONDA": "1975/01/01 00:00:00",
        "LASTUPDATE": "9/22/2025",
        "AADT": "",
        "AADTYEAR": "1970",
        "STATENAME": "TEXAS",
        "STATEAB": "TX",
        "COUNTYNAME": "WISE",
        "CITYNAME": "NEWARK",
        "LATDD": 33.033532,
        "LONGDD": -97.515226,
        "gridlyProductionCertified": true,
        "gridlyClassification": "PUBLIC_ROADWAY",
        "gridlyDisplayName": "PRIVATE",
        "gridlyId": "FRA-598524P"
      }
    },
    {
      "type": "Feature",
      "id": 212989,
      "geometry": {
        "type": "Point",
        "coordinates": [
          -97.7546146003171,
          33.2004057000404
        ]
      },
      "properties": {
        "OBJECTID": 212989,
        "CROSSING": "598496N",
        "EFFDATE": 1764547200000,
        "REASON": "14",
        "StateCode": "48",
        "CountyCode": "48497",
        "STCYFIPS": "48497",
        "CITYCD": "484970890",
        "RAILROAD": "UP",
        "RRDIV": "TEXOMA",
        "RRSUBDIV": "DUNCAN SUB",
        "HIGHWAY": "sh0114",
        "STREET": "sh0114 / thirteenth street",
        "TTSTN": "663972",
        "MILEPOST": "0570.460",
        "TYPEXING": "Public",
        "POSXING": "RR Under",
        "PRVCAT": "14",
        "INIT": "1",
        "LATITUDE": 33.2004057,
        "LONGITUD": -97.7546146,
        "LLSOURCE": "1",
        "WHISTBAN": "0",
        "RRCONT": "4025443721",
        "POLCONT": "8008488715",
        "INV_LINK": "https://safetydata.fra.dot.gov/OfficeofSafety/PublicSite/Crossing/Crossing.aspx?phasetype=C&rpttype=I&txtcrossingnum=598496N",
        "ACC_LINK": "https://safetydata.fra.dot.gov/OfficeofSafety/PublicSite/Crossing/Crossing.aspx?phasetype=C&rpttype=A&txtcrossingnum=598496N",
        "TTSTNNAM": "",
        "XPURPOSE": "1",
        "OPERATINGR": "UP",
        "OPERATIN_1": "Primary",
        "DAYTHRU": 0,
        "NGHTTHRU": 0,
        "MAINTRK": 0,
        "SIDINGTRK": 0,
        "YARDTRK": 0,
        "TRANSITTRK": 0,
        "INDUSTRYTR": 0,
        "OTHRTRK": 0,
        "WDCODE": "",
        "REVISIONDA": "1975/01/01 00:00:00",
        "LASTUPDATE": "12/1/2025",
        "AADT": "10038",
        "AADTYEAR": "2024",
        "STATENAME": "TEXAS",
        "STATEAB": "TX",
        "COUNTYNAME": "WISE",
        "CITYNAME": "BRIDGEPORT",
        "LATDD": 33.2004057,
        "LONGDD": -97.7546146,
        "gridlyProductionCertified": true,
        "gridlyClassification": "PUBLIC_ROADWAY",
        "gridlyDisplayName": "sh0114 / thirteenth street",
        "gridlyId": "FRA-598496N"
      }
    },
    {
      "type": "Feature",
      "id": 213014,
      "geometry": {
        "type": "Point",
        "coordinates": [
          -97.478386000268,
          32.9986399997611
        ]
      },
      "properties": {
        "OBJECTID": 213014,
        "CROSSING": "598302F",
        "EFFDATE": 1758499200000,
        "REASON": "14",
        "StateCode": "48",
        "CountyCode": "48497",
        "STCYFIPS": "48497",
        "CITYCD": "484974855",
        "RAILROAD": "UP",
        "RRDIV": "TEXOMA",
        "RRSUBDIV": "DUNCAN SUB",
        "HIGHWAY": "NA",
        "STREET": "PRIVATE",
        "TTSTN": "668124",
        "MILEPOST": "0592.140",
        "TYPEXING": "Private",
        "POSXING": "At Grade",
        "PRVCAT": "14",
        "INIT": "1",
        "LATITUDE": 32.99864,
        "LONGITUD": -97.478386,
        "LLSOURCE": "1",
        "WHISTBAN": "0",
        "RRCONT": "4025443721",
        "POLCONT": "8008488715",
        "INV_LINK": "https://safetydata.fra.dot.gov/OfficeofSafety/PublicSite/Crossing/Crossing.aspx?phasetype=C&rpttype=I&txtcrossingnum=598302F",
        "ACC_LINK": "https://safetydata.fra.dot.gov/OfficeofSafety/PublicSite/Crossing/Crossing.aspx?phasetype=C&rpttype=A&txtcrossingnum=598302F",
        "TTSTNNAM": "",
        "XPURPOSE": "1",
        "OPERATINGR": "UP",
        "OPERATIN_1": "Primary",
        "DAYTHRU": 5,
        "NGHTTHRU": 4,
        "MAINTRK": 1,
        "SIDINGTRK": 0,
        "YARDTRK": 0,
        "TRANSITTRK": 0,
        "INDUSTRYTR": 0,
        "OTHRTRK": 0,
        "WDCODE": "",
        "REVISIONDA": "1975/01/01 00:00:00",
        "LASTUPDATE": "9/22/2025",
        "AADT": "1",
        "AADTYEAR": "1982",
        "STATENAME": "TEXAS",
        "STATEAB": "TX",
        "COUNTYNAME": "WISE",
        "CITYNAME": "NEWARK",
        "LATDD": 32.99864,
        "LONGDD": -97.478386,
        "gridlyProductionCertified": true,
        "gridlyClassification": "PUBLIC_ROADWAY",
        "gridlyDisplayName": "PRIVATE",
        "gridlyId": "FRA-598302F"
      }
    },
    {
      "type": "Feature",
      "id": 213027,
      "geometry": {
        "type": "Point",
        "coordinates": [
          -97.7685039999988,
          33.2017419998163
        ]
      },
      "properties": {
        "OBJECTID": 213027,
        "CROSSING": "601669H",
        "EFFDATE": 1758499200000,
        "REASON": "14",
        "StateCode": "48",
        "CountyCode": "48497",
        "STCYFIPS": "48497",
        "CITYCD": "484970890",
        "RAILROAD": "UP",
        "RRDIV": "TEXOMA",
        "RRSUBDIV": "DUNCAN SUB",
        "HIGHWAY": "TBD",
        "STREET": "1ST STREET",
        "TTSTN": "663950",
        "MILEPOST": "0569.900",
        "TYPEXING": "Public",
        "POSXING": "At Grade",
        "PRVCAT": "14",
        "INIT": "1",
        "LATITUDE": 33.201742,
        "LONGITUD": -97.768504,
        "LLSOURCE": "1",
        "WHISTBAN": "0",
        "RRCONT": "4025443721",
        "POLCONT": "8008488715",
        "INV_LINK": "https://safetydata.fra.dot.gov/OfficeofSafety/PublicSite/Crossing/Crossing.aspx?phasetype=C&rpttype=I&txtcrossingnum=601669H",
        "ACC_LINK": "https://safetydata.fra.dot.gov/OfficeofSafety/PublicSite/Crossing/Crossing.aspx?phasetype=C&rpttype=A&txtcrossingnum=601669H",
        "TTSTNNAM": "",
        "XPURPOSE": "1",
        "OPERATINGR": "UP",
        "OPERATIN_1": "Primary",
        "DAYTHRU": 0,
        "NGHTTHRU": 0,
        "MAINTRK": 0,
        "SIDINGTRK": 0,
        "YARDTRK": 2,
        "TRANSITTRK": 0,
        "INDUSTRYTR": 1,
        "OTHRTRK": 1,
        "WDCODE": "Crossbucks",
        "REVISIONDA": "1975/01/01 00:00:00",
        "LASTUPDATE": "9/22/2025",
        "AADT": "000283",
        "AADTYEAR": "1999",
        "STATENAME": "TEXAS",
        "STATEAB": "TX",
        "COUNTYNAME": "WISE",
        "CITYNAME": "BRIDGEPORT",
        "LATDD": 33.201742,
        "LONGDD": -97.768504,
        "gridlyProductionCertified": true,
        "gridlyClassification": "PUBLIC_ROADWAY",
        "gridlyDisplayName": "1ST STREET",
        "gridlyId": "FRA-601669H"
      }
    },
    {
      "type": "Feature",
      "id": 213028,
      "geometry": {
        "type": "Point",
        "coordinates": [
          -97.7319364998154,
          33.1871052000126
        ]
      },
      "properties": {
        "OBJECTID": 213028,
        "CROSSING": "598498C",
        "EFFDATE": 1758499200000,
        "REASON": "14",
        "StateCode": "48",
        "CountyCode": "48497",
        "STCYFIPS": "48497",
        "CITYCD": "484970890",
        "RAILROAD": "UP",
        "RRDIV": "TEXOMA",
        "RRSUBDIV": "DUNCAN SUB",
        "HIGHWAY": "NA",
        "STREET": "PRIVATE",
        "TTSTN": "663972",
        "MILEPOST": "0572.060",
        "TYPEXING": "Private",
        "POSXING": "At Grade",
        "PRVCAT": "14",
        "INIT": "1",
        "LATITUDE": 33.1871052,
        "LONGITUD": -97.7319365,
        "LLSOURCE": "1",
        "WHISTBAN": "0",
        "RRCONT": "4025443721",
        "POLCONT": "8008488715",
        "INV_LINK": "https://safetydata.fra.dot.gov/OfficeofSafety/PublicSite/Crossing/Crossing.aspx?phasetype=C&rpttype=I&txtcrossingnum=598498C",
        "ACC_LINK": "https://safetydata.fra.dot.gov/OfficeofSafety/PublicSite/Crossing/Crossing.aspx?phasetype=C&rpttype=A&txtcrossingnum=598498C",
        "TTSTNNAM": "",
        "XPURPOSE": "1",
        "OPERATINGR": "UP",
        "OPERATIN_1": "Primary",
        "DAYTHRU": 5,
        "NGHTTHRU": 4,
        "MAINTRK": 1,
        "SIDINGTRK": 0,
        "YARDTRK": 0,
        "TRANSITTRK": 0,
        "INDUSTRYTR": 0,
        "OTHRTRK": 0,
        "WDCODE": "",
        "REVISIONDA": "1975/01/01 00:00:00",
        "LASTUPDATE": "9/22/2025",
        "AADT": "",
        "AADTYEAR": "1970",
        "STATENAME": "TEXAS",
        "STATEAB": "TX",
        "COUNTYNAME": "WISE",
        "CITYNAME": "BRIDGEPORT",
        "LATDD": 33.1871052,
        "LONGDD": -97.7319365,
        "gridlyProductionCertified": true,
        "gridlyClassification": "PUBLIC_ROADWAY",
        "gridlyDisplayName": "PRIVATE",
        "gridlyId": "FRA-598498C"
      }
    },
    {
      "type": "Feature",
      "id": 213034,
      "geometry": {
        "type": "Point",
        "coordinates": [
          -97.6766900002476,
          33.1442900001694
        ]
      },
      "properties": {
        "OBJECTID": 213034,
        "CROSSING": "598426Y",
        "EFFDATE": 1758499200000,
        "REASON": "14",
        "StateCode": "48",
        "CountyCode": "48497",
        "STCYFIPS": "48497",
        "CITYCD": "484975219",
        "RAILROAD": "UP",
        "RRDIV": "TEXOMA",
        "RRSUBDIV": "DUNCAN SUB",
        "HIGHWAY": "NA",
        "STREET": "PRIVATE",
        "TTSTN": "663972",
        "MILEPOST": "0576.410",
        "TYPEXING": "Private",
        "POSXING": "At Grade",
        "PRVCAT": "14",
        "INIT": "1",
        "LATITUDE": 33.14429,
        "LONGITUD": -97.67669,
        "LLSOURCE": "1",
        "WHISTBAN": "0",
        "RRCONT": "4025443721",
        "POLCONT": "8008488715",
        "INV_LINK": "https://safetydata.fra.dot.gov/OfficeofSafety/PublicSite/Crossing/Crossing.aspx?phasetype=C&rpttype=I&txtcrossingnum=598426Y",
        "ACC_LINK": "https://safetydata.fra.dot.gov/OfficeofSafety/PublicSite/Crossing/Crossing.aspx?phasetype=C&rpttype=A&txtcrossingnum=598426Y",
        "TTSTNNAM": "",
        "XPURPOSE": "1",
        "OPERATINGR": "UP",
        "OPERATIN_1": "Primary",
        "DAYTHRU": 5,
        "NGHTTHRU": 4,
        "MAINTRK": 1,
        "SIDINGTRK": 0,
        "YARDTRK": 0,
        "TRANSITTRK": 0,
        "INDUSTRYTR": 0,
        "OTHRTRK": 0,
        "WDCODE": "",
        "REVISIONDA": "1975/01/01 00:00:00",
        "LASTUPDATE": "9/22/2025",
        "AADT": "",
        "AADTYEAR": "1970",
        "STATENAME": "TEXAS",
        "STATEAB": "TX",
        "COUNTYNAME": "WISE",
        "CITYNAME": "PARADISE",
        "LATDD": 33.14429,
        "LONGDD": -97.67669,
        "gridlyProductionCertified": true,
        "gridlyClassification": "PUBLIC_ROADWAY",
        "gridlyDisplayName": "PRIVATE",
        "gridlyId": "FRA-598426Y"
      }
    },
    {
      "type": "Feature",
      "id": 213035,
      "geometry": {
        "type": "Point",
        "coordinates": [
          -97.7152570002348,
          33.1755440003539
        ]
      },
      "properties": {
        "OBJECTID": 213035,
        "CROSSING": "598501H",
        "EFFDATE": 1758499200000,
        "REASON": "14",
        "StateCode": "48",
        "CountyCode": "48497",
        "STCYFIPS": "48497",
        "CITYCD": "484975219",
        "RAILROAD": "UP",
        "RRDIV": "TEXOMA",
        "RRSUBDIV": "DUNCAN SUB",
        "HIGHWAY": "NA",
        "STREET": "PRIVATE",
        "TTSTN": "663972",
        "MILEPOST": "0573.31",
        "TYPEXING": "Private",
        "POSXING": "At Grade",
        "PRVCAT": "14",
        "INIT": "1",
        "LATITUDE": 33.175544,
        "LONGITUD": -97.715257,
        "LLSOURCE": "1",
        "WHISTBAN": "0",
        "RRCONT": "4025443721",
        "POLCONT": "8008488715",
        "INV_LINK": "https://safetydata.fra.dot.gov/OfficeofSafety/PublicSite/Crossing/Crossing.aspx?phasetype=C&rpttype=I&txtcrossingnum=598501H",
        "ACC_LINK": "https://safetydata.fra.dot.gov/OfficeofSafety/PublicSite/Crossing/Crossing.aspx?phasetype=C&rpttype=A&txtcrossingnum=598501H",
        "TTSTNNAM": "",
        "XPURPOSE": "1",
        "OPERATINGR": "UP",
        "OPERATIN_1": "Primary",
        "DAYTHRU": 5,
        "NGHTTHRU": 4,
        "MAINTRK": 1,
        "SIDINGTRK": 0,
        "YARDTRK": 0,
        "TRANSITTRK": 0,
        "INDUSTRYTR": 0,
        "OTHRTRK": 0,
        "WDCODE": "",
        "REVISIONDA": "1975/01/01 00:00:00",
        "LASTUPDATE": "9/22/2025",
        "AADT": "",
        "AADTYEAR": "1970",
        "STATENAME": "TEXAS",
        "STATEAB": "TX",
        "COUNTYNAME": "WISE",
        "CITYNAME": "PARADISE",
        "LATDD": 33.175544,
        "LONGDD": -97.715257,
        "gridlyProductionCertified": true,
        "gridlyClassification": "PUBLIC_ROADWAY",
        "gridlyDisplayName": "PRIVATE",
        "gridlyId": "FRA-598501H"
      }
    },
    {
      "type": "Feature",
      "id": 213036,
      "geometry": {
        "type": "Point",
        "coordinates": [
          -97.7138739998375,
          33.174421000223
        ]
      },
      "properties": {
        "OBJECTID": 213036,
        "CROSSING": "598502P",
        "EFFDATE": 1758499200000,
        "REASON": "14",
        "StateCode": "48",
        "CountyCode": "48497",
        "STCYFIPS": "48497",
        "CITYCD": "484975219",
        "RAILROAD": "UP",
        "RRDIV": "TEXOMA",
        "RRSUBDIV": "DUNCAN SUB",
        "HIGHWAY": "NA",
        "STREET": "PRIVATE",
        "TTSTN": "663972",
        "MILEPOST": "0573.43",
        "TYPEXING": "Private",
        "POSXING": "At Grade",
        "PRVCAT": "14",
        "INIT": "1",
        "LATITUDE": 33.174421,
        "LONGITUD": -97.713874,
        "LLSOURCE": "1",
        "WHISTBAN": "0",
        "RRCONT": "4025443721",
        "POLCONT": "8008488715",
        "INV_LINK": "https://safetydata.fra.dot.gov/OfficeofSafety/PublicSite/Crossing/Crossing.aspx?phasetype=C&rpttype=I&txtcrossingnum=598502P",
        "ACC_LINK": "https://safetydata.fra.dot.gov/OfficeofSafety/PublicSite/Crossing/Crossing.aspx?phasetype=C&rpttype=A&txtcrossingnum=598502P",
        "TTSTNNAM": "",
        "XPURPOSE": "1",
        "OPERATINGR": "UP",
        "OPERATIN_1": "Primary",
        "DAYTHRU": 5,
        "NGHTTHRU": 4,
        "MAINTRK": 1,
        "SIDINGTRK": 0,
        "YARDTRK": 0,
        "TRANSITTRK": 0,
        "INDUSTRYTR": 0,
        "OTHRTRK": 0,
        "WDCODE": "",
        "REVISIONDA": "1975/01/01 00:00:00",
        "LASTUPDATE": "9/22/2025",
        "AADT": "",
        "AADTYEAR": "1970",
        "STATENAME": "TEXAS",
        "STATEAB": "TX",
        "COUNTYNAME": "WISE",
        "CITYNAME": "PARADISE",
        "LATDD": 33.174421,
        "LONGDD": -97.713874,
        "gridlyProductionCertified": true,
        "gridlyClassification": "PUBLIC_ROADWAY",
        "gridlyDisplayName": "PRIVATE",
        "gridlyId": "FRA-598502P"
      }
    },
    {
      "type": "Feature",
      "id": 213040,
      "geometry": {
        "type": "Point",
        "coordinates": [
          -97.695640100405,
          33.1596518997009
        ]
      },
      "properties": {
        "OBJECTID": 213040,
        "CROSSING": "598506S",
        "EFFDATE": 1758499200000,
        "REASON": "14",
        "StateCode": "48",
        "CountyCode": "48497",
        "STCYFIPS": "48497",
        "CITYCD": "484975219",
        "RAILROAD": "UP",
        "RRDIV": "TEXOMA",
        "RRSUBDIV": "DUNCAN SUB",
        "HIGHWAY": "PRIVATE",
        "STREET": "PRIVATE Industry-TRINITY MATERIALS",
        "TTSTN": "663972",
        "MILEPOST": "0574.890",
        "TYPEXING": "Private",
        "POSXING": "At Grade",
        "PRVCAT": "14",
        "INIT": "1",
        "LATITUDE": 33.1596519,
        "LONGITUD": -97.6956401,
        "LLSOURCE": "1",
        "WHISTBAN": "0",
        "RRCONT": "4025443721",
        "POLCONT": "8008488715",
        "INV_LINK": "https://safetydata.fra.dot.gov/OfficeofSafety/PublicSite/Crossing/Crossing.aspx?phasetype=C&rpttype=I&txtcrossingnum=598506S",
        "ACC_LINK": "https://safetydata.fra.dot.gov/OfficeofSafety/PublicSite/Crossing/Crossing.aspx?phasetype=C&rpttype=A&txtcrossingnum=598506S",
        "TTSTNNAM": "",
        "XPURPOSE": "1",
        "OPERATINGR": "UP",
        "OPERATIN_1": "Primary",
        "DAYTHRU": 5,
        "NGHTTHRU": 4,
        "MAINTRK": 1,
        "SIDINGTRK": 0,
        "YARDTRK": 0,
        "TRANSITTRK": 0,
        "INDUSTRYTR": 0,
        "OTHRTRK": 0,
        "WDCODE": "",
        "REVISIONDA": "1975/01/01 00:00:00",
        "LASTUPDATE": "9/22/2025",
        "AADT": "1",
        "AADTYEAR": "1970",
        "STATENAME": "TEXAS",
        "STATEAB": "TX",
        "COUNTYNAME": "WISE",
        "CITYNAME": "PARADISE",
        "LATDD": 33.1596519,
        "LONGDD": -97.6956401,
        "gridlyProductionCertified": true,
        "gridlyClassification": "PUBLIC_ROADWAY",
        "gridlyDisplayName": "PRIVATE Industry-TRINITY MATERIALS",
        "gridlyId": "FRA-598506S"
      }
    },
    {
      "type": "Feature",
      "id": 213064,
      "geometry": {
        "type": "Point",
        "coordinates": [
          -97.8243440003052,
          33.3765420000644
        ]
      },
      "properties": {
        "OBJECTID": 213064,
        "CROSSING": "598476C",
        "EFFDATE": 1758499200000,
        "REASON": "14",
        "StateCode": "48",
        "CountyCode": "48497",
        "STCYFIPS": "48497",
        "CITYCD": "484971298",
        "RAILROAD": "UP",
        "RRDIV": "TEXOMA",
        "RRSUBDIV": "DUNCAN SUB",
        "HIGHWAY": "NA",
        "STREET": "PRIVATE FIELD",
        "TTSTN": "663950",
        "MILEPOST": "0557.310",
        "TYPEXING": "Private",
        "POSXING": "At Grade",
        "PRVCAT": "14",
        "INIT": "1",
        "LATITUDE": 33.376542,
        "LONGITUD": -97.824344,
        "LLSOURCE": "1",
        "WHISTBAN": "0",
        "RRCONT": "4025443721",
        "POLCONT": "8008488715",
        "INV_LINK": "https://safetydata.fra.dot.gov/OfficeofSafety/PublicSite/Crossing/Crossing.aspx?phasetype=C&rpttype=I&txtcrossingnum=598476C",
        "ACC_LINK": "https://safetydata.fra.dot.gov/OfficeofSafety/PublicSite/Crossing/Crossing.aspx?phasetype=C&rpttype=A&txtcrossingnum=598476C",
        "TTSTNNAM": "",
        "XPURPOSE": "1",
        "OPERATINGR": "UP",
        "OPERATIN_1": "Primary",
        "DAYTHRU": 3,
        "NGHTTHRU": 2,
        "MAINTRK": 1,
        "SIDINGTRK": 0,
        "YARDTRK": 0,
        "TRANSITTRK": 0,
        "INDUSTRYTR": 0,
        "OTHRTRK": 0,
        "WDCODE": "",
        "REVISIONDA": "1975/01/01 00:00:00",
        "LASTUPDATE": "9/22/2025",
        "AADT": "",
        "AADTYEAR": "1970",
        "STATENAME": "TEXAS",
        "STATEAB": "TX",
        "COUNTYNAME": "WISE",
        "CITYNAME": "CHICO",
        "LATDD": 33.376542,
        "LONGDD": -97.824344,
        "gridlyProductionCertified": true,
        "gridlyClassification": "PUBLIC_ROADWAY",
        "gridlyDisplayName": "PRIVATE FIELD",
        "gridlyId": "FRA-598476C"
      }
    },
    {
      "type": "Feature",
      "id": 213065,
      "geometry": {
        "type": "Point",
        "coordinates": [
          -97.7933910002919,
          33.2603508003384
        ]
      },
      "properties": {
        "OBJECTID": 213065,
        "CROSSING": "598485B",
        "EFFDATE": 1758499200000,
        "REASON": "14",
        "StateCode": "48",
        "CountyCode": "48497",
        "STCYFIPS": "48497",
        "CITYCD": "484971298",
        "RAILROAD": "UP",
        "RRDIV": "TEXOMA",
        "RRSUBDIV": "DUNCAN SUB",
        "HIGHWAY": "CO 0000",
        "STREET": "Private",
        "TTSTN": "663950",
        "MILEPOST": "0565.500",
        "TYPEXING": "Private",
        "POSXING": "At Grade",
        "PRVCAT": "14",
        "INIT": "1",
        "LATITUDE": 33.2603508,
        "LONGITUD": -97.793391,
        "LLSOURCE": "1",
        "WHISTBAN": "0",
        "RRCONT": "4025443721",
        "POLCONT": "8008488715",
        "INV_LINK": "https://safetydata.fra.dot.gov/OfficeofSafety/PublicSite/Crossing/Crossing.aspx?phasetype=C&rpttype=I&txtcrossingnum=598485B",
        "ACC_LINK": "https://safetydata.fra.dot.gov/OfficeofSafety/PublicSite/Crossing/Crossing.aspx?phasetype=C&rpttype=A&txtcrossingnum=598485B",
        "TTSTNNAM": "",
        "XPURPOSE": "1",
        "OPERATINGR": "UP",
        "OPERATIN_1": "Primary",
        "DAYTHRU": 4,
        "NGHTTHRU": 4,
        "MAINTRK": 1,
        "SIDINGTRK": 0,
        "YARDTRK": 0,
        "TRANSITTRK": 0,
        "INDUSTRYTR": 0,
        "OTHRTRK": 0,
        "WDCODE": "",
        "REVISIONDA": "1975/01/01 00:00:00",
        "LASTUPDATE": "9/22/2025",
        "AADT": "2480",
        "AADTYEAR": "1992",
        "STATENAME": "TEXAS",
        "STATEAB": "TX",
        "COUNTYNAME": "WISE",
        "CITYNAME": "CHICO",
        "LATDD": 33.2603508,
        "LONGDD": -97.793391,
        "gridlyProductionCertified": true,
        "gridlyClassification": "PUBLIC_ROADWAY",
        "gridlyDisplayName": "Private",
        "gridlyId": "FRA-598485B"
      }
    },
    {
      "type": "Feature",
      "id": 213088,
      "geometry": {
        "type": "Point",
        "coordinates": [
          -97.6595499999979,
          33.1261900000467
        ]
      },
      "properties": {
        "OBJECTID": 213088,
        "CROSSING": "598509M",
        "EFFDATE": 1758499200000,
        "REASON": "14",
        "StateCode": "48",
        "CountyCode": "48497",
        "STCYFIPS": "48497",
        "CITYCD": "484975219",
        "RAILROAD": "UP",
        "RRDIV": "TEXOMA",
        "RRSUBDIV": "DUNCAN SUB",
        "HIGHWAY": "NA",
        "STREET": "PRIVATE",
        "TTSTN": "663986",
        "MILEPOST": "0578.000",
        "TYPEXING": "Private",
        "POSXING": "At Grade",
        "PRVCAT": "14",
        "INIT": "1",
        "LATITUDE": 33.12619,
        "LONGITUD": -97.65955,
        "LLSOURCE": "1",
        "WHISTBAN": "0",
        "RRCONT": "4025443721",
        "POLCONT": "8008488715",
        "INV_LINK": "https://safetydata.fra.dot.gov/OfficeofSafety/PublicSite/Crossing/Crossing.aspx?phasetype=C&rpttype=I&txtcrossingnum=598509M",
        "ACC_LINK": "https://safetydata.fra.dot.gov/OfficeofSafety/PublicSite/Crossing/Crossing.aspx?phasetype=C&rpttype=A&txtcrossingnum=598509M",
        "TTSTNNAM": "",
        "XPURPOSE": "1",
        "OPERATINGR": "UP",
        "OPERATIN_1": "Primary",
        "DAYTHRU": 5,
        "NGHTTHRU": 4,
        "MAINTRK": 1,
        "SIDINGTRK": 0,
        "YARDTRK": 0,
        "TRANSITTRK": 0,
        "INDUSTRYTR": 0,
        "OTHRTRK": 0,
        "WDCODE": "",
        "REVISIONDA": "1975/01/01 00:00:00",
        "LASTUPDATE": "9/22/2025",
        "AADT": "",
        "AADTYEAR": "1970",
        "STATENAME": "TEXAS",
        "STATEAB": "TX",
        "COUNTYNAME": "WISE",
        "CITYNAME": "PARADISE",
        "LATDD": 33.12619,
        "LONGDD": -97.65955,
        "gridlyProductionCertified": true,
        "gridlyClassification": "PUBLIC_ROADWAY",
        "gridlyDisplayName": "PRIVATE",
        "gridlyId": "FRA-598509M"
      }
    },
    {
      "type": "Feature",
      "id": 213366,
      "geometry": {
        "type": "Point",
        "coordinates": [
          -97.5488739996658,
          33.0674440000352
        ]
      },
      "properties": {
        "OBJECTID": 213366,
        "CROSSING": "598519T",
        "EFFDATE": 1758499200000,
        "REASON": "14",
        "StateCode": "48",
        "CountyCode": "48497",
        "STCYFIPS": "48497",
        "CITYCD": "484970810",
        "RAILROAD": "UP",
        "RRDIV": "TEXOMA",
        "RRSUBDIV": "DUNCAN SUB",
        "HIGHWAY": "NA",
        "STREET": "PRIVATE",
        "TTSTN": "663986",
        "MILEPOST": "0585.850",
        "TYPEXING": "Private",
        "POSXING": "At Grade",
        "PRVCAT": "14",
        "INIT": "1",
        "LATITUDE": 33.067444,
        "LONGITUD": -97.548874,
        "LLSOURCE": "1",
        "WHISTBAN": "0",
        "RRCONT": "4025443721",
        "POLCONT": "8008488715",
        "INV_LINK": "https://safetydata.fra.dot.gov/OfficeofSafety/PublicSite/Crossing/Crossing.aspx?phasetype=C&rpttype=I&txtcrossingnum=598519T",
        "ACC_LINK": "https://safetydata.fra.dot.gov/OfficeofSafety/PublicSite/Crossing/Crossing.aspx?phasetype=C&rpttype=A&txtcrossingnum=598519T",
        "TTSTNNAM": "",
        "XPURPOSE": "1",
        "OPERATINGR": "UP",
        "OPERATIN_1": "Primary",
        "DAYTHRU": 5,
        "NGHTTHRU": 4,
        "MAINTRK": 1,
        "SIDINGTRK": 0,
        "YARDTRK": 0,
        "TRANSITTRK": 0,
        "INDUSTRYTR": 0,
        "OTHRTRK": 0,
        "WDCODE": "",
        "REVISIONDA": "1975/01/01 00:00:00",
        "LASTUPDATE": "9/22/2025",
        "AADT": "",
        "AADTYEAR": "1970",
        "STATENAME": "TEXAS",
        "STATEAB": "TX",
        "COUNTYNAME": "WISE",
        "CITYNAME": "BOYD",
        "LATDD": 33.067444,
        "LONGDD": -97.548874,
        "gridlyProductionCertified": true,
        "gridlyClassification": "PUBLIC_ROADWAY",
        "gridlyDisplayName": "PRIVATE",
        "gridlyId": "FRA-598519T"
      }
    },
    {
      "type": "Feature",
      "id": 213675,
      "geometry": {
        "type": "Point",
        "coordinates": [
          -97.795434000115,
          33.2670439997792
        ]
      },
      "properties": {
        "OBJECTID": 213675,
        "CROSSING": "978157J",
        "EFFDATE": 1758585600000,
        "REASON": "14",
        "StateCode": "48",
        "CountyCode": "48497",
        "STCYFIPS": "48497",
        "CITYCD": "484971298",
        "RAILROAD": "UP",
        "RRDIV": "Texoma",
        "RRSUBDIV": "Duncan Sub",
        "HIGHWAY": "NA",
        "STREET": "All Private In Yard - Chico",
        "TTSTN": "",
        "MILEPOST": "0565.011",
        "TYPEXING": "Private",
        "POSXING": "At Grade",
        "PRVCAT": "14",
        "INIT": "1",
        "LATITUDE": 33.267044,
        "LONGITUD": -97.795434,
        "LLSOURCE": "1",
        "WHISTBAN": "",
        "RRCONT": "4025443721",
        "POLCONT": "8008488715",
        "INV_LINK": "https://safetydata.fra.dot.gov/OfficeofSafety/PublicSite/Crossing/Crossing.aspx?phasetype=C&rpttype=I&txtcrossingnum=978157J",
        "ACC_LINK": "https://safetydata.fra.dot.gov/OfficeofSafety/PublicSite/Crossing/Crossing.aspx?phasetype=C&rpttype=A&txtcrossingnum=978157J",
        "TTSTNNAM": "",
        "XPURPOSE": "1",
        "OPERATINGR": "UP",
        "OPERATIN_1": "Primary",
        "DAYTHRU": 0,
        "NGHTTHRU": 0,
        "MAINTRK": 0,
        "SIDINGTRK": 0,
        "YARDTRK": 3,
        "TRANSITTRK": 0,
        "INDUSTRYTR": 1,
        "OTHRTRK": 0,
        "WDCODE": "",
        "REVISIONDA": "1975/01/01 00:00:00",
        "LASTUPDATE": "9/23/2025",
        "AADT": "",
        "AADTYEAR": "",
        "STATENAME": "TEXAS",
        "STATEAB": "TX",
        "COUNTYNAME": "WISE",
        "CITYNAME": "CHICO",
        "LATDD": 33.267044,
        "LONGDD": -97.795434,
        "gridlyProductionCertified": true,
        "gridlyClassification": "PUBLIC_ROADWAY",
        "gridlyDisplayName": "All Private In Yard - Chico",
        "gridlyId": "FRA-978157J"
      }
    },
    {
      "type": "Feature",
      "id": 213683,
      "geometry": {
        "type": "Point",
        "coordinates": [
          -97.7945880000181,
          33.2601870000595
        ]
      },
      "properties": {
        "OBJECTID": 213683,
        "CROSSING": "978158R",
        "EFFDATE": 1758585600000,
        "REASON": "14",
        "StateCode": "48",
        "CountyCode": "48497",
        "STCYFIPS": "48497",
        "CITYCD": "484971298",
        "RAILROAD": "UP",
        "RRDIV": "Texoma",
        "RRSUBDIV": "Duncan Sub",
        "HIGHWAY": "NA",
        "STREET": "All Private In Industry",
        "TTSTN": "",
        "MILEPOST": "0565.469",
        "TYPEXING": "Private",
        "POSXING": "At Grade",
        "PRVCAT": "14",
        "INIT": "1",
        "LATITUDE": 33.260187,
        "LONGITUD": -97.794588,
        "LLSOURCE": "1",
        "WHISTBAN": "",
        "RRCONT": "4025443721",
        "POLCONT": "5555555555",
        "INV_LINK": "https://safetydata.fra.dot.gov/OfficeofSafety/PublicSite/Crossing/Crossing.aspx?phasetype=C&rpttype=I&txtcrossingnum=978158R",
        "ACC_LINK": "https://safetydata.fra.dot.gov/OfficeofSafety/PublicSite/Crossing/Crossing.aspx?phasetype=C&rpttype=A&txtcrossingnum=978158R",
        "TTSTNNAM": "",
        "XPURPOSE": "1",
        "OPERATINGR": "UP",
        "OPERATIN_1": "Primary",
        "DAYTHRU": 0,
        "NGHTTHRU": 0,
        "MAINTRK": 0,
        "SIDINGTRK": 0,
        "YARDTRK": 2,
        "TRANSITTRK": 0,
        "INDUSTRYTR": 0,
        "OTHRTRK": 0,
        "WDCODE": "",
        "REVISIONDA": "1975/01/01 00:00:00",
        "LASTUPDATE": "9/23/2025",
        "AADT": "",
        "AADTYEAR": "",
        "STATENAME": "TEXAS",
        "STATEAB": "TX",
        "COUNTYNAME": "WISE",
        "CITYNAME": "CHICO",
        "LATDD": 33.260187,
        "LONGDD": -97.794588,
        "gridlyProductionCertified": true,
        "gridlyClassification": "PUBLIC_ROADWAY",
        "gridlyDisplayName": "All Private In Industry",
        "gridlyId": "FRA-978158R"
      }
    },
    {
      "type": "Feature",
      "id": 214329,
      "geometry": {
        "type": "Point",
        "coordinates": [
          -97.4520686996846,
          33.036187899772
        ]
      },
      "properties": {
        "OBJECTID": 214329,
        "CROSSING": "274633W",
        "EFFDATE": 1768262400000,
        "REASON": "14",
        "StateCode": "48",
        "CountyCode": "48497",
        "STCYFIPS": "48497",
        "CITYCD": "484975710",
        "RAILROAD": "BNSF",
        "RRDIV": "RED RIVER",
        "RRSUBDIV": "WICHITA FALLS",
        "HIGHWAY": "cr4838",
        "STREET": "SCHUTER ROAD",
        "TTSTN": "668123",
        "MILEPOST": "0023.702",
        "TYPEXING": "Public",
        "POSXING": "At Grade",
        "PRVCAT": "14",
        "INIT": "2",
        "LATITUDE": 33.0361879,
        "LONGITUD": -97.4520687,
        "LLSOURCE": "1",
        "WHISTBAN": "0",
        "RRCONT": "8173521549",
        "POLCONT": "8008325452",
        "INV_LINK": "https://safetydata.fra.dot.gov/OfficeofSafety/PublicSite/Crossing/Crossing.aspx?phasetype=C&rpttype=I&txtcrossingnum=274633W",
        "ACC_LINK": "https://safetydata.fra.dot.gov/OfficeofSafety/PublicSite/Crossing/Crossing.aspx?phasetype=C&rpttype=A&txtcrossingnum=274633W",
        "TTSTNNAM": "AVONDALE",
        "XPURPOSE": "1",
        "OPERATINGR": "BNSF",
        "OPERATIN_1": "Primary",
        "DAYTHRU": 7,
        "NGHTTHRU": 7,
        "MAINTRK": 1,
        "SIDINGTRK": 0,
        "YARDTRK": 0,
        "TRANSITTRK": 0,
        "INDUSTRYTR": 0,
        "OTHRTRK": 0,
        "WDCODE": "All other Gates",
        "REVISIONDA": "1996/01/01 00:00:00",
        "LASTUPDATE": "1/13/2026",
        "AADT": "1313",
        "AADTYEAR": "2024",
        "STATENAME": "TEXAS",
        "STATEAB": "TX",
        "COUNTYNAME": "WISE",
        "CITYNAME": "RHOME",
        "LATDD": 33.0361879,
        "LONGDD": -97.4520687,
        "gridlyProductionCertified": true,
        "gridlyClassification": "PUBLIC_ROADWAY",
        "gridlyDisplayName": "SCHUTER ROAD",
        "gridlyId": "FRA-274633W"
      }
    },
    {
      "type": "Feature",
      "id": 214346,
      "geometry": {
        "type": "Point",
        "coordinates": [
          -97.5798972003236,
          33.2340275001223
        ]
      },
      "properties": {
        "OBJECTID": 214346,
        "CROSSING": "274615Y",
        "EFFDATE": 1768262400000,
        "REASON": "14",
        "StateCode": "48",
        "CountyCode": "48497",
        "STCYFIPS": "48497",
        "CITYCD": "484971780",
        "RAILROAD": "BNSF",
        "RRDIV": "RED RIVER",
        "RRSUBDIV": "WICHITA FALLS",
        "HIGHWAY": "lS0000",
        "STREET": "East MAIN STreet",
        "TTSTN": "663940",
        "MILEPOST": "0040.250",
        "TYPEXING": "Public",
        "POSXING": "At Grade",
        "PRVCAT": "14",
        "INIT": "2",
        "LATITUDE": 33.2340275,
        "LONGITUD": -97.5798972,
        "LLSOURCE": "1",
        "WHISTBAN": "0",
        "RRCONT": "8173521549",
        "POLCONT": "8008325452",
        "INV_LINK": "https://safetydata.fra.dot.gov/OfficeofSafety/PublicSite/Crossing/Crossing.aspx?phasetype=C&rpttype=I&txtcrossingnum=274615Y",
        "ACC_LINK": "https://safetydata.fra.dot.gov/OfficeofSafety/PublicSite/Crossing/Crossing.aspx?phasetype=C&rpttype=A&txtcrossingnum=274615Y",
        "TTSTNNAM": "DECATUR",
        "XPURPOSE": "1",
        "OPERATINGR": "BNSF",
        "OPERATIN_1": "Primary",
        "DAYTHRU": 7,
        "NGHTTHRU": 7,
        "MAINTRK": 1,
        "SIDINGTRK": 0,
        "YARDTRK": 1,
        "TRANSITTRK": 0,
        "INDUSTRYTR": 0,
        "OTHRTRK": 1,
        "WDCODE": "All other Gates",
        "REVISIONDA": "1996/01/01 00:00:00",
        "LASTUPDATE": "1/13/2026",
        "AADT": "1008",
        "AADTYEAR": "2019",
        "STATENAME": "TEXAS",
        "STATEAB": "TX",
        "COUNTYNAME": "WISE",
        "CITYNAME": "DECATUR",
        "LATDD": 33.2340275,
        "LONGDD": -97.5798972,
        "gridlyProductionCertified": true,
        "gridlyClassification": "PUBLIC_ROADWAY",
        "gridlyDisplayName": "East MAIN STreet",
        "gridlyId": "FRA-274615Y"
      }
    },
    {
      "type": "Feature",
      "id": 214347,
      "geometry": {
        "type": "Point",
        "coordinates": [
          -97.5701790001028,
          33.219013799766
        ]
      },
      "properties": {
        "OBJECTID": 214347,
        "CROSSING": "274618U",
        "EFFDATE": 1768262400000,
        "REASON": "14",
        "StateCode": "48",
        "CountyCode": "48497",
        "STCYFIPS": "48497",
        "CITYCD": "484971780",
        "RAILROAD": "BNSF",
        "RRDIV": "RED RIVER",
        "RRSUBDIV": "WICHITA FALLS",
        "HIGHWAY": "CR4010",
        "STREET": "COUNTY ROAD 4010",
        "TTSTN": "663940",
        "MILEPOST": "0039.047",
        "TYPEXING": "Public",
        "POSXING": "At Grade",
        "PRVCAT": "14",
        "INIT": "2",
        "LATITUDE": 33.2190138,
        "LONGITUD": -97.570179,
        "LLSOURCE": "1",
        "WHISTBAN": "0",
        "RRCONT": "8173521549",
        "POLCONT": "8008325452",
        "INV_LINK": "https://safetydata.fra.dot.gov/OfficeofSafety/PublicSite/Crossing/Crossing.aspx?phasetype=C&rpttype=I&txtcrossingnum=274618U",
        "ACC_LINK": "https://safetydata.fra.dot.gov/OfficeofSafety/PublicSite/Crossing/Crossing.aspx?phasetype=C&rpttype=A&txtcrossingnum=274618U",
        "TTSTNNAM": "DECATUR",
        "XPURPOSE": "1",
        "OPERATINGR": "BNSF",
        "OPERATIN_1": "Primary",
        "DAYTHRU": 7,
        "NGHTTHRU": 7,
        "MAINTRK": 1,
        "SIDINGTRK": 0,
        "YARDTRK": 0,
        "TRANSITTRK": 0,
        "INDUSTRYTR": 0,
        "OTHRTRK": 0,
        "WDCODE": "All other Gates",
        "REVISIONDA": "1996/01/01 00:00:00",
        "LASTUPDATE": "1/13/2026",
        "AADT": "2687",
        "AADTYEAR": "2024",
        "STATENAME": "TEXAS",
        "STATEAB": "TX",
        "COUNTYNAME": "WISE",
        "CITYNAME": "DECATUR",
        "LATDD": 33.2190138,
        "LONGDD": -97.570179,
        "gridlyProductionCertified": true,
        "gridlyClassification": "PUBLIC_ROADWAY",
        "gridlyDisplayName": "COUNTY ROAD 4010",
        "gridlyId": "FRA-274618U"
      }
    },
    {
      "type": "Feature",
      "id": 214349,
      "geometry": {
        "type": "Point",
        "coordinates": [
          -97.4444166003628,
          33.0262578999383
        ]
      },
      "properties": {
        "OBJECTID": 214349,
        "CROSSING": "274634D",
        "EFFDATE": 1768262400000,
        "REASON": "14",
        "StateCode": "48",
        "CountyCode": "48497",
        "STCYFIPS": "48497",
        "CITYCD": "484975710",
        "RAILROAD": "BNSF",
        "RRDIV": "RED RIVER",
        "RRSUBDIV": "WICHITA FALLS",
        "HIGHWAY": "CR4840",
        "STREET": "ROBERTSON ROAD",
        "TTSTN": "668123",
        "MILEPOST": "0022.886",
        "TYPEXING": "Public",
        "POSXING": "At Grade",
        "PRVCAT": "14",
        "INIT": "2",
        "LATITUDE": 33.0262579,
        "LONGITUD": -97.4444166,
        "LLSOURCE": "1",
        "WHISTBAN": "0",
        "RRCONT": "8173521549",
        "POLCONT": "8008325452",
        "INV_LINK": "https://safetydata.fra.dot.gov/OfficeofSafety/PublicSite/Crossing/Crossing.aspx?phasetype=C&rpttype=I&txtcrossingnum=274634D",
        "ACC_LINK": "https://safetydata.fra.dot.gov/OfficeofSafety/PublicSite/Crossing/Crossing.aspx?phasetype=C&rpttype=A&txtcrossingnum=274634D",
        "TTSTNNAM": "AVONDALE",
        "XPURPOSE": "1",
        "OPERATINGR": "BNSF",
        "OPERATIN_1": "Primary",
        "DAYTHRU": 7,
        "NGHTTHRU": 7,
        "MAINTRK": 1,
        "SIDINGTRK": 0,
        "YARDTRK": 0,
        "TRANSITTRK": 0,
        "INDUSTRYTR": 0,
        "OTHRTRK": 0,
        "WDCODE": "All other Gates",
        "REVISIONDA": "1996/01/01 00:00:00",
        "LASTUPDATE": "1/13/2026",
        "AADT": "5520",
        "AADTYEAR": "2024",
        "STATENAME": "TEXAS",
        "STATEAB": "TX",
        "COUNTYNAME": "WISE",
        "CITYNAME": "RHOME",
        "LATDD": 33.0262579,
        "LONGDD": -97.4444166,
        "gridlyProductionCertified": true,
        "gridlyClassification": "PUBLIC_ROADWAY",
        "gridlyDisplayName": "ROBERTSON ROAD",
        "gridlyId": "FRA-274634D"
      }
    },
    {
      "type": "Feature",
      "id": 214404,
      "geometry": {
        "type": "Point",
        "coordinates": [
          -97.7440729998153,
          33.4178565998767
        ]
      },
      "properties": {
        "OBJECTID": 214404,
        "CROSSING": "275050N",
        "EFFDATE": 1768348800000,
        "REASON": "14",
        "StateCode": "48",
        "CountyCode": "48337",
        "STCYFIPS": "48337",
        "CITYCD": "483376701",
        "RAILROAD": "BNSF",
        "RRDIV": "RED RIVER",
        "RRSUBDIV": "WICHITA FALLS",
        "HIGHWAY": "cr2893",
        "STREET": "COunty RoaD 2893",
        "TTSTN": "663487",
        "MILEPOST": "0056.711",
        "TYPEXING": "Public",
        "POSXING": "At Grade",
        "PRVCAT": "14",
        "INIT": "2",
        "LATITUDE": 33.4178566,
        "LONGITUD": -97.744073,
        "LLSOURCE": "1",
        "WHISTBAN": "0",
        "RRCONT": "8173521549",
        "POLCONT": "8008325452",
        "INV_LINK": "https://safetydata.fra.dot.gov/OfficeofSafety/PublicSite/Crossing/Crossing.aspx?phasetype=C&rpttype=I&txtcrossingnum=275050N",
        "ACC_LINK": "https://safetydata.fra.dot.gov/OfficeofSafety/PublicSite/Crossing/Crossing.aspx?phasetype=C&rpttype=A&txtcrossingnum=275050N",
        "TTSTNNAM": "SUNSET",
        "XPURPOSE": "1",
        "OPERATINGR": "BNSF",
        "OPERATIN_1": "Primary",
        "DAYTHRU": 7,
        "NGHTTHRU": 7,
        "MAINTRK": 1,
        "SIDINGTRK": 0,
        "YARDTRK": 0,
        "TRANSITTRK": 0,
        "INDUSTRYTR": 0,
        "OTHRTRK": 0,
        "WDCODE": "All other Gates",
        "REVISIONDA": "1996/01/01 00:00:00",
        "LASTUPDATE": "1/14/2026",
        "AADT": "179",
        "AADTYEAR": "2024",
        "STATENAME": "TEXAS",
        "STATEAB": "TX",
        "COUNTYNAME": "MONTAGUE",
        "CITYNAME": "SUNSET",
        "LATDD": 33.4178566,
        "LONGDD": -97.744073,
        "gridlyProductionCertified": true,
        "gridlyClassification": "PUBLIC_ROADWAY",
        "gridlyDisplayName": "COunty RoaD 2893",
        "gridlyId": "FRA-275050N"
      }
    },
    {
      "type": "Feature",
      "id": 214501,
      "geometry": {
        "type": "Point",
        "coordinates": [
          -97.6942401002892,
          33.3594997003525
        ]
      },
      "properties": {
        "OBJECTID": 214501,
        "CROSSING": "274816P",
        "EFFDATE": 1768348800000,
        "REASON": "14",
        "StateCode": "48",
        "CountyCode": "48497",
        "STCYFIPS": "48497",
        "CITYCD": "484970140",
        "RAILROAD": "BNSF",
        "RRDIV": "RED RIVER",
        "RRSUBDIV": "WICHITA FALLS",
        "HIGHWAY": "FM1655",
        "STREET": "FM1655 / N WICKHAM STREET",
        "TTSTN": "663925",
        "MILEPOST": "0051.590",
        "TYPEXING": "Public",
        "POSXING": "At Grade",
        "PRVCAT": "14",
        "INIT": "2",
        "LATITUDE": 33.3594997,
        "LONGITUD": -97.6942401,
        "LLSOURCE": "1",
        "WHISTBAN": "0",
        "RRCONT": "8173521549",
        "POLCONT": "8008325452",
        "INV_LINK": "https://safetydata.fra.dot.gov/OfficeofSafety/PublicSite/Crossing/Crossing.aspx?phasetype=C&rpttype=I&txtcrossingnum=274816P",
        "ACC_LINK": "https://safetydata.fra.dot.gov/OfficeofSafety/PublicSite/Crossing/Crossing.aspx?phasetype=C&rpttype=A&txtcrossingnum=274816P",
        "TTSTNNAM": "ALVORD",
        "XPURPOSE": "1",
        "OPERATINGR": "BNSF",
        "OPERATIN_1": "Primary",
        "DAYTHRU": 9,
        "NGHTTHRU": 9,
        "MAINTRK": 1,
        "SIDINGTRK": 0,
        "YARDTRK": 0,
        "TRANSITTRK": 0,
        "INDUSTRYTR": 0,
        "OTHRTRK": 0,
        "WDCODE": "All other Gates",
        "REVISIONDA": "1996/01/01 00:00:00",
        "LASTUPDATE": "1/14/2026",
        "AADT": "3274",
        "AADTYEAR": "2023",
        "STATENAME": "TEXAS",
        "STATEAB": "TX",
        "COUNTYNAME": "WISE",
        "CITYNAME": "ALVORD",
        "LATDD": 33.3594997,
        "LONGDD": -97.6942401,
        "gridlyProductionCertified": true,
        "gridlyClassification": "PUBLIC_ROADWAY",
        "gridlyDisplayName": "FM1655 / N WICKHAM STREET",
        "gridlyId": "FRA-274816P"
      }
    },
    {
      "type": "Feature",
      "id": 214502,
      "geometry": {
        "type": "Point",
        "coordinates": [
          -97.6953387003558,
          33.360066499884
        ]
      },
      "properties": {
        "OBJECTID": 214502,
        "CROSSING": "274814B",
        "EFFDATE": 1768348800000,
        "REASON": "14",
        "StateCode": "48",
        "CountyCode": "48497",
        "STCYFIPS": "48497",
        "CITYCD": "484970140",
        "RAILROAD": "BNSF",
        "RRDIV": "RED RIVER",
        "RRSUBDIV": "WICHITA FALLS",
        "HIGHWAY": "LS0000",
        "STREET": "NORTH ONEILL STREET",
        "TTSTN": "663925",
        "MILEPOST": "0051.660",
        "TYPEXING": "Public",
        "POSXING": "At Grade",
        "PRVCAT": "14",
        "INIT": "2",
        "LATITUDE": 33.3600665,
        "LONGITUD": -97.6953387,
        "LLSOURCE": "1",
        "WHISTBAN": "0",
        "RRCONT": "8173521549",
        "POLCONT": "8008325452",
        "INV_LINK": "https://safetydata.fra.dot.gov/OfficeofSafety/PublicSite/Crossing/Crossing.aspx?phasetype=C&rpttype=I&txtcrossingnum=274814B",
        "ACC_LINK": "https://safetydata.fra.dot.gov/OfficeofSafety/PublicSite/Crossing/Crossing.aspx?phasetype=C&rpttype=A&txtcrossingnum=274814B",
        "TTSTNNAM": "ALVORD",
        "XPURPOSE": "1",
        "OPERATINGR": "BNSF",
        "OPERATIN_1": "Primary",
        "DAYTHRU": 7,
        "NGHTTHRU": 7,
        "MAINTRK": 1,
        "SIDINGTRK": 0,
        "YARDTRK": 0,
        "TRANSITTRK": 0,
        "INDUSTRYTR": 0,
        "OTHRTRK": 0,
        "WDCODE": "All other Gates",
        "REVISIONDA": "1996/01/01 00:00:00",
        "LASTUPDATE": "1/14/2026",
        "AADT": "270",
        "AADTYEAR": "2024",
        "STATENAME": "TEXAS",
        "STATEAB": "TX",
        "COUNTYNAME": "WISE",
        "CITYNAME": "ALVORD",
        "LATDD": 33.3600665,
        "LONGDD": -97.6953387,
        "gridlyProductionCertified": true,
        "gridlyClassification": "PUBLIC_ROADWAY",
        "gridlyDisplayName": "NORTH ONEILL STREET",
        "gridlyId": "FRA-274814B"
      }
    },
    {
      "type": "Feature",
      "id": 214503,
      "geometry": {
        "type": "Point",
        "coordinates": [
          -97.7354432001894,
          33.4045533996523
        ]
      },
      "properties": {
        "OBJECTID": 214503,
        "CROSSING": "274776U",
        "EFFDATE": 1768348800000,
        "REASON": "14",
        "StateCode": "48",
        "CountyCode": "48497",
        "STCYFIPS": "48497",
        "CITYCD": "484970140",
        "RAILROAD": "BNSF",
        "RRDIV": "RED RIVER",
        "RRSUBDIV": "WICHITA FALLS",
        "HIGHWAY": "CR2898",
        "STREET": "COUNTY ROAD 2898",
        "TTSTN": "663925",
        "MILEPOST": "0055.663",
        "TYPEXING": "Public",
        "POSXING": "At Grade",
        "PRVCAT": "14",
        "INIT": "2",
        "LATITUDE": 33.4045534,
        "LONGITUD": -97.7354432,
        "LLSOURCE": "1",
        "WHISTBAN": "0",
        "RRCONT": "8173521549",
        "POLCONT": "8008325452",
        "INV_LINK": "https://safetydata.fra.dot.gov/OfficeofSafety/PublicSite/Crossing/Crossing.aspx?phasetype=C&rpttype=I&txtcrossingnum=274776U",
        "ACC_LINK": "https://safetydata.fra.dot.gov/OfficeofSafety/PublicSite/Crossing/Crossing.aspx?phasetype=C&rpttype=A&txtcrossingnum=274776U",
        "TTSTNNAM": "ALVORD",
        "XPURPOSE": "1",
        "OPERATINGR": "BNSF",
        "OPERATIN_1": "Primary",
        "DAYTHRU": 7,
        "NGHTTHRU": 7,
        "MAINTRK": 1,
        "SIDINGTRK": 0,
        "YARDTRK": 0,
        "TRANSITTRK": 0,
        "INDUSTRYTR": 0,
        "OTHRTRK": 0,
        "WDCODE": "All other Gates",
        "REVISIONDA": "1996/01/01 00:00:00",
        "LASTUPDATE": "1/14/2026",
        "AADT": "179",
        "AADTYEAR": "2024",
        "STATENAME": "TEXAS",
        "STATEAB": "TX",
        "COUNTYNAME": "WISE",
        "CITYNAME": "ALVORD",
        "LATDD": 33.4045534,
        "LONGDD": -97.7354432,
        "gridlyProductionCertified": true,
        "gridlyClassification": "PUBLIC_ROADWAY",
        "gridlyDisplayName": "COUNTY ROAD 2898",
        "gridlyId": "FRA-274776U"
      }
    },
    {
      "type": "Feature",
      "id": 214504,
      "geometry": {
        "type": "Point",
        "coordinates": [
          -97.6931422000102,
          33.3590070000476
        ]
      },
      "properties": {
        "OBJECTID": 214504,
        "CROSSING": "274815H",
        "EFFDATE": 1768348800000,
        "REASON": "14",
        "StateCode": "48",
        "CountyCode": "48497",
        "STCYFIPS": "48497",
        "CITYCD": "484970140",
        "RAILROAD": "BNSF",
        "RRDIV": "RED RIVER",
        "RRSUBDIV": "WICHITA FALLS",
        "HIGHWAY": "LS0000",
        "STREET": "NORTH TRAPPIER STREET",
        "TTSTN": "663925",
        "MILEPOST": "0051.520",
        "TYPEXING": "Public",
        "POSXING": "At Grade",
        "PRVCAT": "14",
        "INIT": "2",
        "LATITUDE": 33.359007,
        "LONGITUD": -97.6931422,
        "LLSOURCE": "1",
        "WHISTBAN": "0",
        "RRCONT": "8173521549",
        "POLCONT": "8008325452",
        "INV_LINK": "https://safetydata.fra.dot.gov/OfficeofSafety/PublicSite/Crossing/Crossing.aspx?phasetype=C&rpttype=I&txtcrossingnum=274815H",
        "ACC_LINK": "https://safetydata.fra.dot.gov/OfficeofSafety/PublicSite/Crossing/Crossing.aspx?phasetype=C&rpttype=A&txtcrossingnum=274815H",
        "TTSTNNAM": "ALVORD",
        "XPURPOSE": "1",
        "OPERATINGR": "BNSF",
        "OPERATIN_1": "Primary",
        "DAYTHRU": 7,
        "NGHTTHRU": 7,
        "MAINTRK": 1,
        "SIDINGTRK": 0,
        "YARDTRK": 0,
        "TRANSITTRK": 0,
        "INDUSTRYTR": 0,
        "OTHRTRK": 0,
        "WDCODE": "All other Gates",
        "REVISIONDA": "1996/01/01 00:00:00",
        "LASTUPDATE": "1/14/2026",
        "AADT": "800",
        "AADTYEAR": "2024",
        "STATENAME": "TEXAS",
        "STATEAB": "TX",
        "COUNTYNAME": "WISE",
        "CITYNAME": "ALVORD",
        "LATDD": 33.359007,
        "LONGDD": -97.6931422,
        "gridlyProductionCertified": true,
        "gridlyClassification": "PUBLIC_ROADWAY",
        "gridlyDisplayName": "NORTH TRAPPIER STREET",
        "gridlyId": "FRA-274815H"
      }
    },
    {
      "type": "Feature",
      "id": 214505,
      "geometry": {
        "type": "Point",
        "coordinates": [
          -97.7163469998309,
          33.3847248999661
        ]
      },
      "properties": {
        "OBJECTID": 214505,
        "CROSSING": "274812M",
        "EFFDATE": 1768348800000,
        "REASON": "14",
        "StateCode": "48",
        "CountyCode": "48497",
        "STCYFIPS": "48497",
        "CITYCD": "484970140",
        "RAILROAD": "BNSF",
        "RRDIV": "RED RIVER",
        "RRSUBDIV": "WICHITA FALLS",
        "HIGHWAY": "CR2798",
        "STREET": "ENSON NIVENS ROAD",
        "TTSTN": "663925",
        "MILEPOST": "0053.869",
        "TYPEXING": "Public",
        "POSXING": "At Grade",
        "PRVCAT": "14",
        "INIT": "2",
        "LATITUDE": 33.3847249,
        "LONGITUD": -97.716347,
        "LLSOURCE": "1",
        "WHISTBAN": "0",
        "RRCONT": "8173521549",
        "POLCONT": "8008325452",
        "INV_LINK": "https://safetydata.fra.dot.gov/OfficeofSafety/PublicSite/Crossing/Crossing.aspx?phasetype=C&rpttype=I&txtcrossingnum=274812M",
        "ACC_LINK": "https://safetydata.fra.dot.gov/OfficeofSafety/PublicSite/Crossing/Crossing.aspx?phasetype=C&rpttype=A&txtcrossingnum=274812M",
        "TTSTNNAM": "ALVORD",
        "XPURPOSE": "1",
        "OPERATINGR": "BNSF",
        "OPERATIN_1": "Primary",
        "DAYTHRU": 7,
        "NGHTTHRU": 7,
        "MAINTRK": 1,
        "SIDINGTRK": 0,
        "YARDTRK": 0,
        "TRANSITTRK": 0,
        "INDUSTRYTR": 0,
        "OTHRTRK": 0,
        "WDCODE": "All other Gates",
        "REVISIONDA": "1996/01/01 00:00:00",
        "LASTUPDATE": "1/14/2026",
        "AADT": "298",
        "AADTYEAR": "2024",
        "STATENAME": "TEXAS",
        "STATEAB": "TX",
        "COUNTYNAME": "WISE",
        "CITYNAME": "ALVORD",
        "LATDD": 33.3847249,
        "LONGDD": -97.716347,
        "gridlyProductionCertified": true,
        "gridlyClassification": "PUBLIC_ROADWAY",
        "gridlyDisplayName": "ENSON NIVENS ROAD",
        "gridlyId": "FRA-274812M"
      }
    },
    {
      "type": "Feature",
      "id": 214506,
      "geometry": {
        "type": "Point",
        "coordinates": [
          -97.6473323003811,
          33.3127816998834
        ]
      },
      "properties": {
        "OBJECTID": 214506,
        "CROSSING": "274819K",
        "EFFDATE": 1768348800000,
        "REASON": "14",
        "StateCode": "48",
        "CountyCode": "48497",
        "STCYFIPS": "48497",
        "CITYCD": "484970140",
        "RAILROAD": "BNSF",
        "RRDIV": "RED RIVER",
        "RRSUBDIV": "WICHITA FALLS",
        "HIGHWAY": "cr2395",
        "STREET": "County Road 2395",
        "TTSTN": "663925",
        "MILEPOST": "0047.293",
        "TYPEXING": "Public",
        "POSXING": "At Grade",
        "PRVCAT": "14",
        "INIT": "2",
        "LATITUDE": 33.3127817,
        "LONGITUD": -97.6473323,
        "LLSOURCE": "1",
        "WHISTBAN": "0",
        "RRCONT": "8173521549",
        "POLCONT": "8008325452",
        "INV_LINK": "https://safetydata.fra.dot.gov/OfficeofSafety/PublicSite/Crossing/Crossing.aspx?phasetype=C&rpttype=I&txtcrossingnum=274819K",
        "ACC_LINK": "https://safetydata.fra.dot.gov/OfficeofSafety/PublicSite/Crossing/Crossing.aspx?phasetype=C&rpttype=A&txtcrossingnum=274819K",
        "TTSTNNAM": "ALVORD",
        "XPURPOSE": "1",
        "OPERATINGR": "BNSF",
        "OPERATIN_1": "Primary",
        "DAYTHRU": 7,
        "NGHTTHRU": 7,
        "MAINTRK": 1,
        "SIDINGTRK": 0,
        "YARDTRK": 0,
        "TRANSITTRK": 0,
        "INDUSTRYTR": 0,
        "OTHRTRK": 0,
        "WDCODE": "All other Gates",
        "REVISIONDA": "1996/01/01 00:00:00",
        "LASTUPDATE": "1/14/2026",
        "AADT": "227",
        "AADTYEAR": "2024",
        "STATENAME": "TEXAS",
        "STATEAB": "TX",
        "COUNTYNAME": "WISE",
        "CITYNAME": "ALVORD",
        "LATDD": 33.3127817,
        "LONGDD": -97.6473323,
        "gridlyProductionCertified": true,
        "gridlyClassification": "PUBLIC_ROADWAY",
        "gridlyDisplayName": "County Road 2395",
        "gridlyId": "FRA-274819K"
      }
    },
    {
      "type": "Feature",
      "id": 214507,
      "geometry": {
        "type": "Point",
        "coordinates": [
          -97.5203908995599,
          33.0402813000085
        ]
      },
      "properties": {
        "OBJECTID": 214507,
        "CROSSING": "598523H",
        "EFFDATE": 1768348800000,
        "REASON": "14",
        "StateCode": "48",
        "CountyCode": "48497",
        "STCYFIPS": "48497",
        "CITYCD": "484970329",
        "RAILROAD": "UP",
        "RRDIV": "TEXOMA",
        "RRSUBDIV": "DUNCAN SUB",
        "HIGHWAY": "CR4659",
        "STREET": "COUNTY ROAD 4659",
        "TTSTN": "663984",
        "MILEPOST": "0588.310",
        "TYPEXING": "Public",
        "POSXING": "At Grade",
        "PRVCAT": "14",
        "INIT": "2",
        "LATITUDE": 33.0402813,
        "LONGITUD": -97.5203909,
        "LLSOURCE": "1",
        "WHISTBAN": "0",
        "RRCONT": "4025443721",
        "POLCONT": "8008488715",
        "INV_LINK": "https://safetydata.fra.dot.gov/OfficeofSafety/PublicSite/Crossing/Crossing.aspx?phasetype=C&rpttype=I&txtcrossingnum=598523H",
        "ACC_LINK": "https://safetydata.fra.dot.gov/OfficeofSafety/PublicSite/Crossing/Crossing.aspx?phasetype=C&rpttype=A&txtcrossingnum=598523H",
        "TTSTNNAM": "",
        "XPURPOSE": "1",
        "OPERATINGR": "UP",
        "OPERATIN_1": "Primary",
        "DAYTHRU": 5,
        "NGHTTHRU": 4,
        "MAINTRK": 1,
        "SIDINGTRK": 0,
        "YARDTRK": 0,
        "TRANSITTRK": 0,
        "INDUSTRYTR": 0,
        "OTHRTRK": 0,
        "WDCODE": "All other Gates",
        "REVISIONDA": "1975/01/01 00:00:00",
        "LASTUPDATE": "1/14/2026",
        "AADT": "1658",
        "AADTYEAR": "2019",
        "STATENAME": "TEXAS",
        "STATEAB": "TX",
        "COUNTYNAME": "WISE",
        "CITYNAME": "AURORA",
        "LATDD": 33.0402813,
        "LONGDD": -97.5203909,
        "gridlyProductionCertified": true,
        "gridlyClassification": "PUBLIC_ROADWAY",
        "gridlyDisplayName": "COUNTY ROAD 4659",
        "gridlyId": "FRA-598523H"
      }
    },
    {
      "type": "Feature",
      "id": 214508,
      "geometry": {
        "type": "Point",
        "coordinates": [
          -97.56063120041,
          33.078572600307
        ]
      },
      "properties": {
        "OBJECTID": 214508,
        "CROSSING": "598518L",
        "EFFDATE": 1768348800000,
        "REASON": "14",
        "StateCode": "48",
        "CountyCode": "48497",
        "STCYFIPS": "48497",
        "CITYCD": "484970810",
        "RAILROAD": "UP",
        "RRDIV": "TEXOMA",
        "RRSUBDIV": "DUNCAN SUB",
        "HIGHWAY": "SH0114",
        "STREET": "sh0114",
        "TTSTN": "663986",
        "MILEPOST": "0584.840",
        "TYPEXING": "Public",
        "POSXING": "At Grade",
        "PRVCAT": "14",
        "INIT": "2",
        "LATITUDE": 33.0785726,
        "LONGITUD": -97.5606312,
        "LLSOURCE": "1",
        "WHISTBAN": "0",
        "RRCONT": "4025443721",
        "POLCONT": "8008488715",
        "INV_LINK": "https://safetydata.fra.dot.gov/OfficeofSafety/PublicSite/Crossing/Crossing.aspx?phasetype=C&rpttype=I&txtcrossingnum=598518L",
        "ACC_LINK": "https://safetydata.fra.dot.gov/OfficeofSafety/PublicSite/Crossing/Crossing.aspx?phasetype=C&rpttype=A&txtcrossingnum=598518L",
        "TTSTNNAM": "",
        "XPURPOSE": "1",
        "OPERATINGR": "UP",
        "OPERATIN_1": "Primary",
        "DAYTHRU": 5,
        "NGHTTHRU": 4,
        "MAINTRK": 1,
        "SIDINGTRK": 0,
        "YARDTRK": 0,
        "TRANSITTRK": 0,
        "INDUSTRYTR": 0,
        "OTHRTRK": 1,
        "WDCODE": "All other Gates",
        "REVISIONDA": "1975/01/01 00:00:00",
        "LASTUPDATE": "1/14/2026",
        "AADT": "13512",
        "AADTYEAR": "2024",
        "STATENAME": "TEXAS",
        "STATEAB": "TX",
        "COUNTYNAME": "WISE",
        "CITYNAME": "BOYD",
        "LATDD": 33.0785726,
        "LONGDD": -97.5606312,
        "gridlyProductionCertified": true,
        "gridlyClassification": "PUBLIC_ROADWAY",
        "gridlyDisplayName": "sh0114",
        "gridlyId": "FRA-598518L"
      }
    },
    {
      "type": "Feature",
      "id": 214509,
      "geometry": {
        "type": "Point",
        "coordinates": [
          -97.5651100000923,
          33.080974099982
        ]
      },
      "properties": {
        "OBJECTID": 214509,
        "CROSSING": "598515R",
        "EFFDATE": 1768348800000,
        "REASON": "14",
        "StateCode": "48",
        "CountyCode": "48497",
        "STCYFIPS": "48497",
        "CITYCD": "484970810",
        "RAILROAD": "UP",
        "RRDIV": "TEXOMA",
        "RRSUBDIV": "DUNCAN SUB",
        "HIGHWAY": "LS0000",
        "STREET": "NORTH ALLEN STREET",
        "TTSTN": "663986",
        "MILEPOST": "0584.510",
        "TYPEXING": "Public",
        "POSXING": "At Grade",
        "PRVCAT": "14",
        "INIT": "2",
        "LATITUDE": 33.0809741,
        "LONGITUD": -97.56511,
        "LLSOURCE": "1",
        "WHISTBAN": "0",
        "RRCONT": "4025443721",
        "POLCONT": "8008488715",
        "INV_LINK": "https://safetydata.fra.dot.gov/OfficeofSafety/PublicSite/Crossing/Crossing.aspx?phasetype=C&rpttype=I&txtcrossingnum=598515R",
        "ACC_LINK": "https://safetydata.fra.dot.gov/OfficeofSafety/PublicSite/Crossing/Crossing.aspx?phasetype=C&rpttype=A&txtcrossingnum=598515R",
        "TTSTNNAM": "",
        "XPURPOSE": "1",
        "OPERATINGR": "UP",
        "OPERATIN_1": "Primary",
        "DAYTHRU": 5,
        "NGHTTHRU": 4,
        "MAINTRK": 1,
        "SIDINGTRK": 0,
        "YARDTRK": 0,
        "TRANSITTRK": 0,
        "INDUSTRYTR": 0,
        "OTHRTRK": 2,
        "WDCODE": "All other Gates",
        "REVISIONDA": "1975/01/01 00:00:00",
        "LASTUPDATE": "1/14/2026",
        "AADT": "1047",
        "AADTYEAR": "2024",
        "STATENAME": "TEXAS",
        "STATEAB": "TX",
        "COUNTYNAME": "WISE",
        "CITYNAME": "BOYD",
        "LATDD": 33.0809741,
        "LONGDD": -97.56511,
        "gridlyProductionCertified": true,
        "gridlyClassification": "PUBLIC_ROADWAY",
        "gridlyDisplayName": "NORTH ALLEN STREET",
        "gridlyId": "FRA-598515R"
      }
    },
    {
      "type": "Feature",
      "id": 214510,
      "geometry": {
        "type": "Point",
        "coordinates": [
          -97.5610157997259,
          33.0788860003002
        ]
      },
      "properties": {
        "OBJECTID": 214510,
        "CROSSING": "598517E",
        "EFFDATE": 1768348800000,
        "REASON": "14",
        "StateCode": "48",
        "CountyCode": "48497",
        "STCYFIPS": "48497",
        "CITYCD": "484970810",
        "RAILROAD": "UP",
        "RRDIV": "TEXOMA",
        "RRSUBDIV": "DUNCAN SUB",
        "HIGHWAY": "lS0000",
        "STREET": "north Wilson Street",
        "TTSTN": "663986",
        "MILEPOST": "0584.810",
        "TYPEXING": "Public",
        "POSXING": "At Grade",
        "PRVCAT": "14",
        "INIT": "2",
        "LATITUDE": 33.078886,
        "LONGITUD": -97.5610158,
        "LLSOURCE": "1",
        "WHISTBAN": "0",
        "RRCONT": "4025443721",
        "POLCONT": "8008488715",
        "INV_LINK": "https://safetydata.fra.dot.gov/OfficeofSafety/PublicSite/Crossing/Crossing.aspx?phasetype=C&rpttype=I&txtcrossingnum=598517E",
        "ACC_LINK": "https://safetydata.fra.dot.gov/OfficeofSafety/PublicSite/Crossing/Crossing.aspx?phasetype=C&rpttype=A&txtcrossingnum=598517E",
        "TTSTNNAM": "",
        "XPURPOSE": "1",
        "OPERATINGR": "UP",
        "OPERATIN_1": "Primary",
        "DAYTHRU": 5,
        "NGHTTHRU": 4,
        "MAINTRK": 1,
        "SIDINGTRK": 0,
        "YARDTRK": 0,
        "TRANSITTRK": 0,
        "INDUSTRYTR": 0,
        "OTHRTRK": 1,
        "WDCODE": "All other Gates",
        "REVISIONDA": "1975/01/01 00:00:00",
        "LASTUPDATE": "1/14/2026",
        "AADT": "2392",
        "AADTYEAR": "2024",
        "STATENAME": "TEXAS",
        "STATEAB": "TX",
        "COUNTYNAME": "WISE",
        "CITYNAME": "BOYD",
        "LATDD": 33.078886,
        "LONGDD": -97.5610158,
        "gridlyProductionCertified": true,
        "gridlyClassification": "PUBLIC_ROADWAY",
        "gridlyDisplayName": "north Wilson Street",
        "gridlyId": "FRA-598517E"
      }
    },
    {
      "type": "Feature",
      "id": 214511,
      "geometry": {
        "type": "Point",
        "coordinates": [
          -97.5629726996223,
          33.0801129997799
        ]
      },
      "properties": {
        "OBJECTID": 214511,
        "CROSSING": "598516X",
        "EFFDATE": 1768348800000,
        "REASON": "14",
        "StateCode": "48",
        "CountyCode": "48497",
        "STCYFIPS": "48497",
        "CITYCD": "484970810",
        "RAILROAD": "UP",
        "RRDIV": "TEXOMA",
        "RRSUBDIV": "DUNCAN SUB",
        "HIGHWAY": "lS0000",
        "STREET": "HITT STREET",
        "TTSTN": "663986",
        "MILEPOST": "0584.650",
        "TYPEXING": "Public",
        "POSXING": "At Grade",
        "PRVCAT": "14",
        "INIT": "2",
        "LATITUDE": 33.080113,
        "LONGITUD": -97.5629727,
        "LLSOURCE": "1",
        "WHISTBAN": "0",
        "RRCONT": "4025443721",
        "POLCONT": "8008488715",
        "INV_LINK": "https://safetydata.fra.dot.gov/OfficeofSafety/PublicSite/Crossing/Crossing.aspx?phasetype=C&rpttype=I&txtcrossingnum=598516X",
        "ACC_LINK": "https://safetydata.fra.dot.gov/OfficeofSafety/PublicSite/Crossing/Crossing.aspx?phasetype=C&rpttype=A&txtcrossingnum=598516X",
        "TTSTNNAM": "",
        "XPURPOSE": "1",
        "OPERATINGR": "UP",
        "OPERATIN_1": "Primary",
        "DAYTHRU": 5,
        "NGHTTHRU": 4,
        "MAINTRK": 1,
        "SIDINGTRK": 0,
        "YARDTRK": 0,
        "TRANSITTRK": 0,
        "INDUSTRYTR": 0,
        "OTHRTRK": 1,
        "WDCODE": "All other Gates",
        "REVISIONDA": "1975/01/01 00:00:00",
        "LASTUPDATE": "1/14/2026",
        "AADT": "683",
        "AADTYEAR": "2025",
        "STATENAME": "TEXAS",
        "STATEAB": "TX",
        "COUNTYNAME": "WISE",
        "CITYNAME": "BOYD",
        "LATDD": 33.080113,
        "LONGDD": -97.5629727,
        "gridlyProductionCertified": true,
        "gridlyClassification": "PUBLIC_ROADWAY",
        "gridlyDisplayName": "HITT STREET",
        "gridlyId": "FRA-598516X"
      }
    },
    {
      "type": "Feature",
      "id": 214512,
      "geometry": {
        "type": "Point",
        "coordinates": [
          -97.773818499695,
          33.2306275998678
        ]
      },
      "properties": {
        "OBJECTID": 214512,
        "CROSSING": "598490X",
        "EFFDATE": 1768348800000,
        "REASON": "14",
        "StateCode": "48",
        "CountyCode": "48497",
        "STCYFIPS": "48497",
        "CITYCD": "484970890",
        "RAILROAD": "UP",
        "RRDIV": "TEXOMA",
        "RRSUBDIV": "DUNCAN SUB",
        "HIGHWAY": "CR0000",
        "STREET": "George Mitchell Parkway",
        "TTSTN": "663972",
        "MILEPOST": "0567.990",
        "TYPEXING": "Public",
        "POSXING": "At Grade",
        "PRVCAT": "14",
        "INIT": "2",
        "LATITUDE": 33.2306276,
        "LONGITUD": -97.7738185,
        "LLSOURCE": "1",
        "WHISTBAN": "0",
        "RRCONT": "4025443721",
        "POLCONT": "8008488715",
        "INV_LINK": "https://safetydata.fra.dot.gov/OfficeofSafety/PublicSite/Crossing/Crossing.aspx?phasetype=C&rpttype=I&txtcrossingnum=598490X",
        "ACC_LINK": "https://safetydata.fra.dot.gov/OfficeofSafety/PublicSite/Crossing/Crossing.aspx?phasetype=C&rpttype=A&txtcrossingnum=598490X",
        "TTSTNNAM": "",
        "XPURPOSE": "1",
        "OPERATINGR": "UP",
        "OPERATIN_1": "Primary",
        "DAYTHRU": 6,
        "NGHTTHRU": 6,
        "MAINTRK": 1,
        "SIDINGTRK": 0,
        "YARDTRK": 0,
        "TRANSITTRK": 0,
        "INDUSTRYTR": 0,
        "OTHRTRK": 0,
        "WDCODE": "Stop signs",
        "REVISIONDA": "1975/01/01 00:00:00",
        "LASTUPDATE": "1/14/2026",
        "AADT": "253",
        "AADTYEAR": "2019",
        "STATENAME": "TEXAS",
        "STATEAB": "TX",
        "COUNTYNAME": "WISE",
        "CITYNAME": "BRIDGEPORT",
        "LATDD": 33.2306276,
        "LONGDD": -97.7738185,
        "gridlyProductionCertified": true,
        "gridlyClassification": "PUBLIC_ROADWAY",
        "gridlyDisplayName": "George Mitchell Parkway",
        "gridlyId": "FRA-598490X"
      }
    },
    {
      "type": "Feature",
      "id": 214513,
      "geometry": {
        "type": "Point",
        "coordinates": [
          -97.76304090009,
          33.2094278998649
        ]
      },
      "properties": {
        "OBJECTID": 214513,
        "CROSSING": "598494A",
        "EFFDATE": 1768348800000,
        "REASON": "14",
        "StateCode": "48",
        "CountyCode": "48497",
        "STCYFIPS": "48497",
        "CITYCD": "484970890",
        "RAILROAD": "UP",
        "RRDIV": "TEXOMA",
        "RRSUBDIV": "DUNCAN SUB",
        "HIGHWAY": "LS0000",
        "STREET": "CATES STREET",
        "TTSTN": "663972",
        "MILEPOST": "0569.650",
        "TYPEXING": "Public",
        "POSXING": "At Grade",
        "PRVCAT": "14",
        "INIT": "2",
        "LATITUDE": 33.2094279,
        "LONGITUD": -97.7630409,
        "LLSOURCE": "1",
        "WHISTBAN": "0",
        "RRCONT": "4025443721",
        "POLCONT": "8008488715",
        "INV_LINK": "https://safetydata.fra.dot.gov/OfficeofSafety/PublicSite/Crossing/Crossing.aspx?phasetype=C&rpttype=I&txtcrossingnum=598494A",
        "ACC_LINK": "https://safetydata.fra.dot.gov/OfficeofSafety/PublicSite/Crossing/Crossing.aspx?phasetype=C&rpttype=A&txtcrossingnum=598494A",
        "TTSTNNAM": "",
        "XPURPOSE": "1",
        "OPERATINGR": "UP",
        "OPERATIN_1": "Primary",
        "DAYTHRU": 5,
        "NGHTTHRU": 4,
        "MAINTRK": 1,
        "SIDINGTRK": 0,
        "YARDTRK": 0,
        "TRANSITTRK": 0,
        "INDUSTRYTR": 0,
        "OTHRTRK": 3,
        "WDCODE": "All other Gates",
        "REVISIONDA": "1975/01/01 00:00:00",
        "LASTUPDATE": "1/14/2026",
        "AADT": "1672",
        "AADTYEAR": "2024",
        "STATENAME": "TEXAS",
        "STATEAB": "TX",
        "COUNTYNAME": "WISE",
        "CITYNAME": "BRIDGEPORT",
        "LATDD": 33.2094279,
        "LONGDD": -97.7630409,
        "gridlyProductionCertified": true,
        "gridlyClassification": "PUBLIC_ROADWAY",
        "gridlyDisplayName": "CATES STREET",
        "gridlyId": "FRA-598494A"
      }
    },
    {
      "type": "Feature",
      "id": 214514,
      "geometry": {
        "type": "Point",
        "coordinates": [
          -97.7588361997571,
          33.2057328000605
        ]
      },
      "properties": {
        "OBJECTID": 214514,
        "CROSSING": "598495G",
        "EFFDATE": 1768348800000,
        "REASON": "14",
        "StateCode": "48",
        "CountyCode": "48497",
        "STCYFIPS": "48497",
        "CITYCD": "484970890",
        "RAILROAD": "UP",
        "RRDIV": "TEXOMA",
        "RRSUBDIV": "DUNCAN SUB",
        "HIGHWAY": "LS0000",
        "STREET": "Cobb Street",
        "TTSTN": "663972",
        "MILEPOST": "0570.020",
        "TYPEXING": "Public",
        "POSXING": "At Grade",
        "PRVCAT": "14",
        "INIT": "2",
        "LATITUDE": 33.2057328,
        "LONGITUD": -97.7588362,
        "LLSOURCE": "1",
        "WHISTBAN": "0",
        "RRCONT": "4025443721",
        "POLCONT": "8008488715",
        "INV_LINK": "https://safetydata.fra.dot.gov/OfficeofSafety/PublicSite/Crossing/Crossing.aspx?phasetype=C&rpttype=I&txtcrossingnum=598495G",
        "ACC_LINK": "https://safetydata.fra.dot.gov/OfficeofSafety/PublicSite/Crossing/Crossing.aspx?phasetype=C&rpttype=A&txtcrossingnum=598495G",
        "TTSTNNAM": "",
        "XPURPOSE": "1",
        "OPERATINGR": "UP",
        "OPERATIN_1": "Primary",
        "DAYTHRU": 5,
        "NGHTTHRU": 4,
        "MAINTRK": 1,
        "SIDINGTRK": 0,
        "YARDTRK": 0,
        "TRANSITTRK": 0,
        "INDUSTRYTR": 0,
        "OTHRTRK": 0,
        "WDCODE": "Crossbucks",
        "REVISIONDA": "1975/01/01 00:00:00",
        "LASTUPDATE": "1/14/2026",
        "AADT": "10",
        "AADTYEAR": "2013",
        "STATENAME": "TEXAS",
        "STATEAB": "TX",
        "COUNTYNAME": "WISE",
        "CITYNAME": "BRIDGEPORT",
        "LATDD": 33.2057328,
        "LONGDD": -97.7588362,
        "gridlyProductionCertified": true,
        "gridlyClassification": "PUBLIC_ROADWAY",
        "gridlyDisplayName": "Cobb Street",
        "gridlyId": "FRA-598495G"
      }
    },
    {
      "type": "Feature",
      "id": 214515,
      "geometry": {
        "type": "Point",
        "coordinates": [
          -97.7708887998044,
          33.2163603002104
        ]
      },
      "properties": {
        "OBJECTID": 214515,
        "CROSSING": "598492L",
        "EFFDATE": 1768348800000,
        "REASON": "14",
        "StateCode": "48",
        "CountyCode": "48497",
        "STCYFIPS": "48497",
        "CITYCD": "484970890",
        "RAILROAD": "UP",
        "RRDIV": "TEXOMA",
        "RRSUBDIV": "DUNCAN SUB",
        "HIGHWAY": "FM1658",
        "STREET": "FM1658",
        "TTSTN": "663972",
        "MILEPOST": "0568.960",
        "TYPEXING": "Public",
        "POSXING": "At Grade",
        "PRVCAT": "14",
        "INIT": "2",
        "LATITUDE": 33.2163603,
        "LONGITUD": -97.7708888,
        "LLSOURCE": "1",
        "WHISTBAN": "0",
        "RRCONT": "4025443721",
        "POLCONT": "8008488715",
        "INV_LINK": "https://safetydata.fra.dot.gov/OfficeofSafety/PublicSite/Crossing/Crossing.aspx?phasetype=C&rpttype=I&txtcrossingnum=598492L",
        "ACC_LINK": "https://safetydata.fra.dot.gov/OfficeofSafety/PublicSite/Crossing/Crossing.aspx?phasetype=C&rpttype=A&txtcrossingnum=598492L",
        "TTSTNNAM": "",
        "XPURPOSE": "1",
        "OPERATINGR": "UP",
        "OPERATIN_1": "Primary",
        "DAYTHRU": 6,
        "NGHTTHRU": 6,
        "MAINTRK": 1,
        "SIDINGTRK": 0,
        "YARDTRK": 0,
        "TRANSITTRK": 0,
        "INDUSTRYTR": 0,
        "OTHRTRK": 1,
        "WDCODE": "All other Gates",
        "REVISIONDA": "1975/01/01 00:00:00",
        "LASTUPDATE": "1/14/2026",
        "AADT": "4177",
        "AADTYEAR": "2023",
        "STATENAME": "TEXAS",
        "STATEAB": "TX",
        "COUNTYNAME": "WISE",
        "CITYNAME": "BRIDGEPORT",
        "LATDD": 33.2163603,
        "LONGDD": -97.7708888,
        "gridlyProductionCertified": true,
        "gridlyClassification": "PUBLIC_ROADWAY",
        "gridlyDisplayName": "FM1658",
        "gridlyId": "FRA-598492L"
      }
    },
    {
      "type": "Feature",
      "id": 214516,
      "geometry": {
        "type": "Point",
        "coordinates": [
          -97.7948425996376,
          33.2654491003078
        ]
      },
      "properties": {
        "OBJECTID": 214516,
        "CROSSING": "598480S",
        "EFFDATE": 1768348800000,
        "REASON": "14",
        "StateCode": "48",
        "CountyCode": "48497",
        "STCYFIPS": "48497",
        "CITYCD": "484970890",
        "RAILROAD": "UP",
        "RRDIV": "TEXOMA",
        "RRSUBDIV": "DUNCAN SUB",
        "HIGHWAY": "cr1536",
        "STREET": "County Road 1536",
        "TTSTN": "663950",
        "MILEPOST": "0565.130",
        "TYPEXING": "Public",
        "POSXING": "At Grade",
        "PRVCAT": "14",
        "INIT": "2",
        "LATITUDE": 33.2654491,
        "LONGITUD": -97.7948426,
        "LLSOURCE": "1",
        "WHISTBAN": "0",
        "RRCONT": "4025443721",
        "POLCONT": "8008488715",
        "INV_LINK": "https://safetydata.fra.dot.gov/OfficeofSafety/PublicSite/Crossing/Crossing.aspx?phasetype=C&rpttype=I&txtcrossingnum=598480S",
        "ACC_LINK": "https://safetydata.fra.dot.gov/OfficeofSafety/PublicSite/Crossing/Crossing.aspx?phasetype=C&rpttype=A&txtcrossingnum=598480S",
        "TTSTNNAM": "",
        "XPURPOSE": "1",
        "OPERATINGR": "UP",
        "OPERATIN_1": "Primary",
        "DAYTHRU": 4,
        "NGHTTHRU": 4,
        "MAINTRK": 1,
        "SIDINGTRK": 0,
        "YARDTRK": 0,
        "TRANSITTRK": 0,
        "INDUSTRYTR": 0,
        "OTHRTRK": 0,
        "WDCODE": "All other Gates",
        "REVISIONDA": "1975/01/01 00:00:00",
        "LASTUPDATE": "1/14/2026",
        "AADT": "139",
        "AADTYEAR": "2019",
        "STATENAME": "TEXAS",
        "STATEAB": "TX",
        "COUNTYNAME": "WISE",
        "CITYNAME": "BRIDGEPORT",
        "LATDD": 33.2654491,
        "LONGDD": -97.7948426,
        "gridlyProductionCertified": true,
        "gridlyClassification": "PUBLIC_ROADWAY",
        "gridlyDisplayName": "County Road 1536",
        "gridlyId": "FRA-598480S"
      }
    },
    {
      "type": "Feature",
      "id": 214517,
      "geometry": {
        "type": "Point",
        "coordinates": [
          -97.7637255995928,
          33.2100157002831
        ]
      },
      "properties": {
        "OBJECTID": 214517,
        "CROSSING": "598493T",
        "EFFDATE": 1768348800000,
        "REASON": "14",
        "StateCode": "48",
        "CountyCode": "48497",
        "STCYFIPS": "48497",
        "CITYCD": "484970890",
        "RAILROAD": "UP",
        "RRDIV": "TEXOMA",
        "RRSUBDIV": "DUNCAN SUB",
        "HIGHWAY": "FM0920",
        "STREET": "FM0920 / HALSELL STREET",
        "TTSTN": "663972",
        "MILEPOST": "0569.590",
        "TYPEXING": "Public",
        "POSXING": "At Grade",
        "PRVCAT": "14",
        "INIT": "2",
        "LATITUDE": 33.2100157,
        "LONGITUD": -97.7637256,
        "LLSOURCE": "1",
        "WHISTBAN": "0",
        "RRCONT": "4025443721",
        "POLCONT": "8008488715",
        "INV_LINK": "https://safetydata.fra.dot.gov/OfficeofSafety/PublicSite/Crossing/Crossing.aspx?phasetype=C&rpttype=I&txtcrossingnum=598493T",
        "ACC_LINK": "https://safetydata.fra.dot.gov/OfficeofSafety/PublicSite/Crossing/Crossing.aspx?phasetype=C&rpttype=A&txtcrossingnum=598493T",
        "TTSTNNAM": "",
        "XPURPOSE": "1",
        "OPERATINGR": "UP",
        "OPERATIN_1": "Primary",
        "DAYTHRU": 5,
        "NGHTTHRU": 4,
        "MAINTRK": 1,
        "SIDINGTRK": 0,
        "YARDTRK": 0,
        "TRANSITTRK": 0,
        "INDUSTRYTR": 0,
        "OTHRTRK": 1,
        "WDCODE": "All other Gates",
        "REVISIONDA": "1975/01/01 00:00:00",
        "LASTUPDATE": "1/14/2026",
        "AADT": "3962",
        "AADTYEAR": "2023",
        "STATENAME": "TEXAS",
        "STATEAB": "TX",
        "COUNTYNAME": "WISE",
        "CITYNAME": "BRIDGEPORT",
        "LATDD": 33.2100157,
        "LONGDD": -97.7637256,
        "gridlyProductionCertified": true,
        "gridlyClassification": "PUBLIC_ROADWAY",
        "gridlyDisplayName": "FM0920 / HALSELL STREET",
        "gridlyId": "FRA-598493T"
      }
    },
    {
      "type": "Feature",
      "id": 214518,
      "geometry": {
        "type": "Point",
        "coordinates": [
          -97.8168869997917,
          33.4128597996318
        ]
      },
      "properties": {
        "OBJECTID": 214518,
        "CROSSING": "598471T",
        "EFFDATE": 1768348800000,
        "REASON": "14",
        "StateCode": "48",
        "CountyCode": "48497",
        "STCYFIPS": "48497",
        "CITYCD": "484971298",
        "RAILROAD": "UP",
        "RRDIV": "TEXOMA",
        "RRSUBDIV": "DUNCAN SUB",
        "HIGHWAY": "cr1792",
        "STREET": "County Road 1792",
        "TTSTN": "663950",
        "MILEPOST": "0554.740",
        "TYPEXING": "Public",
        "POSXING": "At Grade",
        "PRVCAT": "14",
        "INIT": "2",
        "LATITUDE": 33.4128598,
        "LONGITUD": -97.816887,
        "LLSOURCE": "1",
        "WHISTBAN": "0",
        "RRCONT": "4025443721",
        "POLCONT": "8008488715",
        "INV_LINK": "https://safetydata.fra.dot.gov/OfficeofSafety/PublicSite/Crossing/Crossing.aspx?phasetype=C&rpttype=I&txtcrossingnum=598471T",
        "ACC_LINK": "https://safetydata.fra.dot.gov/OfficeofSafety/PublicSite/Crossing/Crossing.aspx?phasetype=C&rpttype=A&txtcrossingnum=598471T",
        "TTSTNNAM": "",
        "XPURPOSE": "1",
        "OPERATINGR": "UP",
        "OPERATIN_1": "Primary",
        "DAYTHRU": 3,
        "NGHTTHRU": 2,
        "MAINTRK": 1,
        "SIDINGTRK": 0,
        "YARDTRK": 0,
        "TRANSITTRK": 0,
        "INDUSTRYTR": 0,
        "OTHRTRK": 0,
        "WDCODE": "Crossbucks",
        "REVISIONDA": "1975/01/01 00:00:00",
        "LASTUPDATE": "1/14/2026",
        "AADT": "102",
        "AADTYEAR": "2024",
        "STATENAME": "TEXAS",
        "STATEAB": "TX",
        "COUNTYNAME": "WISE",
        "CITYNAME": "CHICO",
        "LATDD": 33.4128598,
        "LONGDD": -97.816887,
        "gridlyProductionCertified": true,
        "gridlyClassification": "PUBLIC_ROADWAY",
        "gridlyDisplayName": "County Road 1792",
        "gridlyId": "FRA-598471T"
      }
    },
    {
      "type": "Feature",
      "id": 214519,
      "geometry": {
        "type": "Point",
        "coordinates": [
          -97.8230908998912,
          33.3636964002569
        ]
      },
      "properties": {
        "OBJECTID": 214519,
        "CROSSING": "598477J",
        "EFFDATE": 1768348800000,
        "REASON": "14",
        "StateCode": "48",
        "CountyCode": "48497",
        "STCYFIPS": "48497",
        "CITYCD": "484971298",
        "RAILROAD": "UP",
        "RRDIV": "TEXOMA",
        "RRSUBDIV": "DUNCAN SUB",
        "HIGHWAY": "FM2265",
        "STREET": "FM2265",
        "TTSTN": "663950",
        "MILEPOST": "0558.200",
        "TYPEXING": "Public",
        "POSXING": "At Grade",
        "PRVCAT": "14",
        "INIT": "2",
        "LATITUDE": 33.3636964,
        "LONGITUD": -97.8230909,
        "LLSOURCE": "1",
        "WHISTBAN": "0",
        "RRCONT": "4025443721",
        "POLCONT": "8008488715",
        "INV_LINK": "https://safetydata.fra.dot.gov/OfficeofSafety/PublicSite/Crossing/Crossing.aspx?phasetype=C&rpttype=I&txtcrossingnum=598477J",
        "ACC_LINK": "https://safetydata.fra.dot.gov/OfficeofSafety/PublicSite/Crossing/Crossing.aspx?phasetype=C&rpttype=A&txtcrossingnum=598477J",
        "TTSTNNAM": "",
        "XPURPOSE": "1",
        "OPERATINGR": "UP",
        "OPERATIN_1": "Primary",
        "DAYTHRU": 3,
        "NGHTTHRU": 2,
        "MAINTRK": 1,
        "SIDINGTRK": 0,
        "YARDTRK": 0,
        "TRANSITTRK": 0,
        "INDUSTRYTR": 0,
        "OTHRTRK": 0,
        "WDCODE": "All other Gates",
        "REVISIONDA": "1975/01/01 00:00:00",
        "LASTUPDATE": "1/14/2026",
        "AADT": "804",
        "AADTYEAR": "2023",
        "STATENAME": "TEXAS",
        "STATEAB": "TX",
        "COUNTYNAME": "WISE",
        "CITYNAME": "CHICO",
        "LATDD": 33.3636964,
        "LONGDD": -97.8230909,
        "gridlyProductionCertified": true,
        "gridlyClassification": "PUBLIC_ROADWAY",
        "gridlyDisplayName": "FM2265",
        "gridlyId": "FRA-598477J"
      }
    },
    {
      "type": "Feature",
      "id": 214520,
      "geometry": {
        "type": "Point",
        "coordinates": [
          -97.7938039001325,
          33.2841135002901
        ]
      },
      "properties": {
        "OBJECTID": 214520,
        "CROSSING": "598394V",
        "EFFDATE": 1768348800000,
        "REASON": "14",
        "StateCode": "48",
        "CountyCode": "48497",
        "STCYFIPS": "48497",
        "CITYCD": "484971298",
        "RAILROAD": "UP",
        "RRDIV": "TEXOMA",
        "RRSUBDIV": "DUNCAN SUB",
        "HIGHWAY": "sh0101",
        "STREET": "sh0101",
        "TTSTN": "663950",
        "MILEPOST": "0564.210",
        "TYPEXING": "Public",
        "POSXING": "At Grade",
        "PRVCAT": "14",
        "INIT": "2",
        "LATITUDE": 33.2841135,
        "LONGITUD": -97.7938039,
        "LLSOURCE": "1",
        "WHISTBAN": "0",
        "RRCONT": "4025443721",
        "POLCONT": "8008488715",
        "INV_LINK": "https://safetydata.fra.dot.gov/OfficeofSafety/PublicSite/Crossing/Crossing.aspx?phasetype=C&rpttype=I&txtcrossingnum=598394V",
        "ACC_LINK": "https://safetydata.fra.dot.gov/OfficeofSafety/PublicSite/Crossing/Crossing.aspx?phasetype=C&rpttype=A&txtcrossingnum=598394V",
        "TTSTNNAM": "",
        "XPURPOSE": "1",
        "OPERATINGR": "UP",
        "OPERATIN_1": "Primary",
        "DAYTHRU": 2,
        "NGHTTHRU": 2,
        "MAINTRK": 0,
        "SIDINGTRK": 0,
        "YARDTRK": 0,
        "TRANSITTRK": 0,
        "INDUSTRYTR": 1,
        "OTHRTRK": 1,
        "WDCODE": "All other Gates",
        "REVISIONDA": "1975/01/01 00:00:00",
        "LASTUPDATE": "1/14/2026",
        "AADT": "7668",
        "AADTYEAR": "2023",
        "STATENAME": "TEXAS",
        "STATEAB": "TX",
        "COUNTYNAME": "WISE",
        "CITYNAME": "CHICO",
        "LATDD": 33.2841135,
        "LONGDD": -97.7938039,
        "gridlyProductionCertified": true,
        "gridlyClassification": "PUBLIC_ROADWAY",
        "gridlyDisplayName": "sh0101",
        "gridlyId": "FRA-598394V"
      }
    },
    {
      "type": "Feature",
      "id": 214521,
      "geometry": {
        "type": "Point",
        "coordinates": [
          -97.8025859004186,
          33.2923245002334
        ]
      },
      "properties": {
        "OBJECTID": 214521,
        "CROSSING": "598482F",
        "EFFDATE": 1768348800000,
        "REASON": "14",
        "StateCode": "48",
        "CountyCode": "48497",
        "STCYFIPS": "48497",
        "CITYCD": "484971298",
        "RAILROAD": "UP",
        "RRDIV": "TEXOMA",
        "RRSUBDIV": "DUNCAN SUB",
        "HIGHWAY": "LS0000",
        "STREET": "PARK ROAD",
        "TTSTN": "663950",
        "MILEPOST": "0563.250",
        "TYPEXING": "Public",
        "POSXING": "At Grade",
        "PRVCAT": "14",
        "INIT": "2",
        "LATITUDE": 33.2923245,
        "LONGITUD": -97.8025859,
        "LLSOURCE": "1",
        "WHISTBAN": "0",
        "RRCONT": "4025443721",
        "POLCONT": "8008488715",
        "INV_LINK": "https://safetydata.fra.dot.gov/OfficeofSafety/PublicSite/Crossing/Crossing.aspx?phasetype=C&rpttype=I&txtcrossingnum=598482F",
        "ACC_LINK": "https://safetydata.fra.dot.gov/OfficeofSafety/PublicSite/Crossing/Crossing.aspx?phasetype=C&rpttype=A&txtcrossingnum=598482F",
        "TTSTNNAM": "",
        "XPURPOSE": "1",
        "OPERATINGR": "UP",
        "OPERATIN_1": "Primary",
        "DAYTHRU": 4,
        "NGHTTHRU": 4,
        "MAINTRK": 1,
        "SIDINGTRK": 1,
        "YARDTRK": 0,
        "TRANSITTRK": 0,
        "INDUSTRYTR": 0,
        "OTHRTRK": 1,
        "WDCODE": "All other Gates",
        "REVISIONDA": "1975/01/01 00:00:00",
        "LASTUPDATE": "1/14/2026",
        "AADT": "388",
        "AADTYEAR": "2024",
        "STATENAME": "TEXAS",
        "STATEAB": "TX",
        "COUNTYNAME": "WISE",
        "CITYNAME": "CHICO",
        "LATDD": 33.2923245,
        "LONGDD": -97.8025859,
        "gridlyProductionCertified": true,
        "gridlyClassification": "PUBLIC_ROADWAY",
        "gridlyDisplayName": "PARK ROAD",
        "gridlyId": "FRA-598482F"
      }
    },
    {
      "type": "Feature",
      "id": 214522,
      "geometry": {
        "type": "Point",
        "coordinates": [
          -97.809213599618,
          33.3154640000932
        ]
      },
      "properties": {
        "OBJECTID": 214522,
        "CROSSING": "598484U",
        "EFFDATE": 1768348800000,
        "REASON": "14",
        "StateCode": "48",
        "CountyCode": "48497",
        "STCYFIPS": "48497",
        "CITYCD": "484971298",
        "RAILROAD": "UP",
        "RRDIV": "TEXOMA",
        "RRSUBDIV": "DUNCAN SUB",
        "HIGHWAY": "CR1650",
        "STREET": "COUNTY ROAD 1650",
        "TTSTN": "663950",
        "MILEPOST": "0561.600",
        "TYPEXING": "Public",
        "POSXING": "At Grade",
        "PRVCAT": "14",
        "INIT": "2",
        "LATITUDE": 33.315464,
        "LONGITUD": -97.8092136,
        "LLSOURCE": "1",
        "WHISTBAN": "0",
        "RRCONT": "4025443721",
        "POLCONT": "8008488715",
        "INV_LINK": "https://safetydata.fra.dot.gov/OfficeofSafety/PublicSite/Crossing/Crossing.aspx?phasetype=C&rpttype=I&txtcrossingnum=598484U",
        "ACC_LINK": "https://safetydata.fra.dot.gov/OfficeofSafety/PublicSite/Crossing/Crossing.aspx?phasetype=C&rpttype=A&txtcrossingnum=598484U",
        "TTSTNNAM": "",
        "XPURPOSE": "1",
        "OPERATINGR": "UP",
        "OPERATIN_1": "Primary",
        "DAYTHRU": 3,
        "NGHTTHRU": 2,
        "MAINTRK": 1,
        "SIDINGTRK": 0,
        "YARDTRK": 0,
        "TRANSITTRK": 0,
        "INDUSTRYTR": 0,
        "OTHRTRK": 0,
        "WDCODE": "Crossbucks",
        "REVISIONDA": "1975/01/01 00:00:00",
        "LASTUPDATE": "1/14/2026",
        "AADT": "163",
        "AADTYEAR": "2024",
        "STATENAME": "TEXAS",
        "STATEAB": "TX",
        "COUNTYNAME": "WISE",
        "CITYNAME": "CHICO",
        "LATDD": 33.315464,
        "LONGDD": -97.8092136,
        "gridlyProductionCertified": true,
        "gridlyClassification": "PUBLIC_ROADWAY",
        "gridlyDisplayName": "COUNTY ROAD 1650",
        "gridlyId": "FRA-598484U"
      }
    },
    {
      "type": "Feature",
      "id": 214523,
      "geometry": {
        "type": "Point",
        "coordinates": [
          -97.7957101000126,
          33.2837243003442
        ]
      },
      "properties": {
        "OBJECTID": 214523,
        "CROSSING": "598393N",
        "EFFDATE": 1768348800000,
        "REASON": "14",
        "StateCode": "48",
        "CountyCode": "48497",
        "STCYFIPS": "48497",
        "CITYCD": "484971298",
        "RAILROAD": "UP",
        "RRDIV": "TEXOMA",
        "RRSUBDIV": "DUNCAN SUB",
        "HIGHWAY": "ls0000",
        "STREET": "south WEATHERFORD STREET",
        "TTSTN": "663950",
        "MILEPOST": "0564.090",
        "TYPEXING": "Public",
        "POSXING": "At Grade",
        "PRVCAT": "14",
        "INIT": "2",
        "LATITUDE": 33.2837243,
        "LONGITUD": -97.7957101,
        "LLSOURCE": "1",
        "WHISTBAN": "0",
        "RRCONT": "4025443721",
        "POLCONT": "8007717677",
        "INV_LINK": "https://safetydata.fra.dot.gov/OfficeofSafety/PublicSite/Crossing/Crossing.aspx?phasetype=C&rpttype=I&txtcrossingnum=598393N",
        "ACC_LINK": "https://safetydata.fra.dot.gov/OfficeofSafety/PublicSite/Crossing/Crossing.aspx?phasetype=C&rpttype=A&txtcrossingnum=598393N",
        "TTSTNNAM": "",
        "XPURPOSE": "1",
        "OPERATINGR": "UP",
        "OPERATIN_1": "Primary",
        "DAYTHRU": 0,
        "NGHTTHRU": 0,
        "MAINTRK": 0,
        "SIDINGTRK": 0,
        "YARDTRK": 0,
        "TRANSITTRK": 0,
        "INDUSTRYTR": 1,
        "OTHRTRK": 1,
        "WDCODE": "Stop signs",
        "REVISIONDA": "1975/01/01 00:00:00",
        "LASTUPDATE": "1/14/2026",
        "AADT": "388",
        "AADTYEAR": "2024",
        "STATENAME": "TEXAS",
        "STATEAB": "TX",
        "COUNTYNAME": "WISE",
        "CITYNAME": "CHICO",
        "LATDD": 33.2837243,
        "LONGDD": -97.7957101,
        "gridlyProductionCertified": true,
        "gridlyClassification": "PUBLIC_ROADWAY",
        "gridlyDisplayName": "south WEATHERFORD STREET",
        "gridlyId": "FRA-598393N"
      }
    },
    {
      "type": "Feature",
      "id": 214525,
      "geometry": {
        "type": "Point",
        "coordinates": [
          -97.8161748998761,
          33.3396041997181
        ]
      },
      "properties": {
        "OBJECTID": 214525,
        "CROSSING": "598478R",
        "EFFDATE": 1768348800000,
        "REASON": "14",
        "StateCode": "48",
        "CountyCode": "48497",
        "STCYFIPS": "48497",
        "CITYCD": "484971298",
        "RAILROAD": "UP",
        "RRDIV": "TEXOMA",
        "RRSUBDIV": "DUNCAN SUB",
        "HIGHWAY": "cr1667",
        "STREET": "County Road 1667",
        "TTSTN": "663950",
        "MILEPOST": "0559.890",
        "TYPEXING": "Public",
        "POSXING": "At Grade",
        "PRVCAT": "14",
        "INIT": "2",
        "LATITUDE": 33.3396042,
        "LONGITUD": -97.8161749,
        "LLSOURCE": "1",
        "WHISTBAN": "0",
        "RRCONT": "4025443721",
        "POLCONT": "8008488715",
        "INV_LINK": "https://safetydata.fra.dot.gov/OfficeofSafety/PublicSite/Crossing/Crossing.aspx?phasetype=C&rpttype=I&txtcrossingnum=598478R",
        "ACC_LINK": "https://safetydata.fra.dot.gov/OfficeofSafety/PublicSite/Crossing/Crossing.aspx?phasetype=C&rpttype=A&txtcrossingnum=598478R",
        "TTSTNNAM": "",
        "XPURPOSE": "1",
        "OPERATINGR": "UP",
        "OPERATIN_1": "Primary",
        "DAYTHRU": 3,
        "NGHTTHRU": 2,
        "MAINTRK": 1,
        "SIDINGTRK": 0,
        "YARDTRK": 0,
        "TRANSITTRK": 0,
        "INDUSTRYTR": 0,
        "OTHRTRK": 0,
        "WDCODE": "All other Gates",
        "REVISIONDA": "1975/01/01 00:00:00",
        "LASTUPDATE": "1/14/2026",
        "AADT": "294",
        "AADTYEAR": "2024",
        "STATENAME": "TEXAS",
        "STATEAB": "TX",
        "COUNTYNAME": "WISE",
        "CITYNAME": "CHICO",
        "LATDD": 33.3396042,
        "LONGDD": -97.8161749,
        "gridlyProductionCertified": true,
        "gridlyClassification": "PUBLIC_ROADWAY",
        "gridlyDisplayName": "County Road 1667",
        "gridlyId": "FRA-598478R"
      }
    },
    {
      "type": "Feature",
      "id": 214526,
      "geometry": {
        "type": "Point",
        "coordinates": [
          -97.8187820003752,
          33.4081925003281
        ]
      },
      "properties": {
        "OBJECTID": 214526,
        "CROSSING": "598472A",
        "EFFDATE": 1768348800000,
        "REASON": "14",
        "StateCode": "48",
        "CountyCode": "48497",
        "STCYFIPS": "48497",
        "CITYCD": "484971298",
        "RAILROAD": "UP",
        "RRDIV": "TEXOMA",
        "RRSUBDIV": "DUNCAN SUB",
        "HIGHWAY": "cr1780",
        "STREET": "County Road 1780",
        "TTSTN": "663950",
        "MILEPOST": "0555.090",
        "TYPEXING": "Public",
        "POSXING": "At Grade",
        "PRVCAT": "14",
        "INIT": "2",
        "LATITUDE": 33.4081925,
        "LONGITUD": -97.818782,
        "LLSOURCE": "1",
        "WHISTBAN": "0",
        "RRCONT": "4025443721",
        "POLCONT": "8008488715",
        "INV_LINK": "https://safetydata.fra.dot.gov/OfficeofSafety/PublicSite/Crossing/Crossing.aspx?phasetype=C&rpttype=I&txtcrossingnum=598472A",
        "ACC_LINK": "https://safetydata.fra.dot.gov/OfficeofSafety/PublicSite/Crossing/Crossing.aspx?phasetype=C&rpttype=A&txtcrossingnum=598472A",
        "TTSTNNAM": "",
        "XPURPOSE": "1",
        "OPERATINGR": "UP",
        "OPERATIN_1": "Primary",
        "DAYTHRU": 3,
        "NGHTTHRU": 2,
        "MAINTRK": 1,
        "SIDINGTRK": 0,
        "YARDTRK": 0,
        "TRANSITTRK": 0,
        "INDUSTRYTR": 0,
        "OTHRTRK": 0,
        "WDCODE": "Crossbucks",
        "REVISIONDA": "1975/01/01 00:00:00",
        "LASTUPDATE": "1/14/2026",
        "AADT": "7",
        "AADTYEAR": "2024",
        "STATENAME": "TEXAS",
        "STATEAB": "TX",
        "COUNTYNAME": "WISE",
        "CITYNAME": "CHICO",
        "LATDD": 33.4081925,
        "LONGDD": -97.818782,
        "gridlyProductionCertified": true,
        "gridlyClassification": "PUBLIC_ROADWAY",
        "gridlyDisplayName": "County Road 1780",
        "gridlyId": "FRA-598472A"
      }
    },
    {
      "type": "Feature",
      "id": 214527,
      "geometry": {
        "type": "Point",
        "coordinates": [
          -97.8036624998456,
          33.2960636001037
        ]
      },
      "properties": {
        "OBJECTID": 214527,
        "CROSSING": "598481Y",
        "EFFDATE": 1768348800000,
        "REASON": "14",
        "StateCode": "48",
        "CountyCode": "48497",
        "STCYFIPS": "48497",
        "CITYCD": "484971298",
        "RAILROAD": "UP",
        "RRDIV": "TEXOMA",
        "RRSUBDIV": "DUNCAN SUB",
        "HIGHWAY": "FM1810",
        "STREET": "FM1810",
        "TTSTN": "663950",
        "MILEPOST": "0562.970",
        "TYPEXING": "Public",
        "POSXING": "At Grade",
        "PRVCAT": "14",
        "INIT": "2",
        "LATITUDE": 33.2960636,
        "LONGITUD": -97.8036625,
        "LLSOURCE": "1",
        "WHISTBAN": "0",
        "RRCONT": "4025443721",
        "POLCONT": "8008488715",
        "INV_LINK": "https://safetydata.fra.dot.gov/OfficeofSafety/PublicSite/Crossing/Crossing.aspx?phasetype=C&rpttype=I&txtcrossingnum=598481Y",
        "ACC_LINK": "https://safetydata.fra.dot.gov/OfficeofSafety/PublicSite/Crossing/Crossing.aspx?phasetype=C&rpttype=A&txtcrossingnum=598481Y",
        "TTSTNNAM": "",
        "XPURPOSE": "1",
        "OPERATINGR": "UP",
        "OPERATIN_1": "Primary",
        "DAYTHRU": 3,
        "NGHTTHRU": 2,
        "MAINTRK": 1,
        "SIDINGTRK": 1,
        "YARDTRK": 1,
        "TRANSITTRK": 0,
        "INDUSTRYTR": 0,
        "OTHRTRK": 0,
        "WDCODE": "All other Gates",
        "REVISIONDA": "1975/01/01 00:00:00",
        "LASTUPDATE": "1/14/2026",
        "AADT": "3593",
        "AADTYEAR": "2023",
        "STATENAME": "TEXAS",
        "STATEAB": "TX",
        "COUNTYNAME": "WISE",
        "CITYNAME": "CHICO",
        "LATDD": 33.2960636,
        "LONGDD": -97.8036625,
        "gridlyProductionCertified": true,
        "gridlyClassification": "PUBLIC_ROADWAY",
        "gridlyDisplayName": "FM1810",
        "gridlyId": "FRA-598481Y"
      }
    },
    {
      "type": "Feature",
      "id": 214528,
      "geometry": {
        "type": "Point",
        "coordinates": [
          -97.8007239003455,
          33.2858686002281
        ]
      },
      "properties": {
        "OBJECTID": 214528,
        "CROSSING": "598483M",
        "EFFDATE": 1768348800000,
        "REASON": "14",
        "StateCode": "48",
        "CountyCode": "48497",
        "STCYFIPS": "48497",
        "CITYCD": "484971298",
        "RAILROAD": "UP",
        "RRDIV": "TEXOMA",
        "RRSUBDIV": "DUNCAN SUB",
        "HIGHWAY": "CR1540",
        "STREET": "COUNTY ROAD 1540",
        "TTSTN": "663951",
        "MILEPOST": "0563.690",
        "TYPEXING": "Public",
        "POSXING": "At Grade",
        "PRVCAT": "14",
        "INIT": "2",
        "LATITUDE": 33.2858686,
        "LONGITUD": -97.8007239,
        "LLSOURCE": "1",
        "WHISTBAN": "0",
        "RRCONT": "4025443721",
        "POLCONT": "8008488715",
        "INV_LINK": "https://safetydata.fra.dot.gov/OfficeofSafety/PublicSite/Crossing/Crossing.aspx?phasetype=C&rpttype=I&txtcrossingnum=598483M",
        "ACC_LINK": "https://safetydata.fra.dot.gov/OfficeofSafety/PublicSite/Crossing/Crossing.aspx?phasetype=C&rpttype=A&txtcrossingnum=598483M",
        "TTSTNNAM": "",
        "XPURPOSE": "1",
        "OPERATINGR": "UP",
        "OPERATIN_1": "Primary",
        "DAYTHRU": 4,
        "NGHTTHRU": 4,
        "MAINTRK": 1,
        "SIDINGTRK": 0,
        "YARDTRK": 0,
        "TRANSITTRK": 0,
        "INDUSTRYTR": 0,
        "OTHRTRK": 0,
        "WDCODE": "All other Gates",
        "REVISIONDA": "1975/01/01 00:00:00",
        "LASTUPDATE": "1/14/2026",
        "AADT": "327",
        "AADTYEAR": "2024",
        "STATENAME": "TEXAS",
        "STATEAB": "TX",
        "COUNTYNAME": "WISE",
        "CITYNAME": "CHICO",
        "LATDD": 33.2858686,
        "LONGDD": -97.8007239,
        "gridlyProductionCertified": true,
        "gridlyClassification": "PUBLIC_ROADWAY",
        "gridlyDisplayName": "COUNTY ROAD 1540",
        "gridlyId": "FRA-598483M"
      }
    },
    {
      "type": "Feature",
      "id": 214529,
      "geometry": {
        "type": "Point",
        "coordinates": [
          -97.814190599567,
          33.3327255997522
        ]
      },
      "properties": {
        "OBJECTID": 214529,
        "CROSSING": "598479X",
        "EFFDATE": 1768348800000,
        "REASON": "14",
        "StateCode": "48",
        "CountyCode": "48497",
        "STCYFIPS": "48497",
        "CITYCD": "484971298",
        "RAILROAD": "UP",
        "RRDIV": "TEXOMA",
        "RRSUBDIV": "DUNCAN SUB",
        "HIGHWAY": "Cr1653",
        "STREET": "County Road 1653",
        "TTSTN": "663950",
        "MILEPOST": "0560.370",
        "TYPEXING": "Public",
        "POSXING": "At Grade",
        "PRVCAT": "14",
        "INIT": "2",
        "LATITUDE": 33.3327256,
        "LONGITUD": -97.8141906,
        "LLSOURCE": "1",
        "WHISTBAN": "0",
        "RRCONT": "4025443721",
        "POLCONT": "8008488715",
        "INV_LINK": "https://safetydata.fra.dot.gov/OfficeofSafety/PublicSite/Crossing/Crossing.aspx?phasetype=C&rpttype=I&txtcrossingnum=598479X",
        "ACC_LINK": "https://safetydata.fra.dot.gov/OfficeofSafety/PublicSite/Crossing/Crossing.aspx?phasetype=C&rpttype=A&txtcrossingnum=598479X",
        "TTSTNNAM": "",
        "XPURPOSE": "1",
        "OPERATINGR": "UP",
        "OPERATIN_1": "Primary",
        "DAYTHRU": 3,
        "NGHTTHRU": 2,
        "MAINTRK": 1,
        "SIDINGTRK": 0,
        "YARDTRK": 0,
        "TRANSITTRK": 0,
        "INDUSTRYTR": 0,
        "OTHRTRK": 0,
        "WDCODE": "Crossbucks",
        "REVISIONDA": "1975/01/01 00:00:00",
        "LASTUPDATE": "1/14/2026",
        "AADT": "41",
        "AADTYEAR": "2024",
        "STATENAME": "TEXAS",
        "STATEAB": "TX",
        "COUNTYNAME": "WISE",
        "CITYNAME": "CHICO",
        "LATDD": 33.3327256,
        "LONGDD": -97.8141906,
        "gridlyProductionCertified": true,
        "gridlyClassification": "PUBLIC_ROADWAY",
        "gridlyDisplayName": "County Road 1653",
        "gridlyId": "FRA-598479X"
      }
    },
    {
      "type": "Feature",
      "id": 214530,
      "geometry": {
        "type": "Point",
        "coordinates": [
          -97.8199648004317,
          33.405512000142
        ]
      },
      "properties": {
        "OBJECTID": 214530,
        "CROSSING": "598473G",
        "EFFDATE": 1768348800000,
        "REASON": "14",
        "StateCode": "48",
        "CountyCode": "48497",
        "STCYFIPS": "48497",
        "CITYCD": "484971298",
        "RAILROAD": "UP",
        "RRDIV": "TEXOMA",
        "RRSUBDIV": "DUNCAN SUB",
        "HIGHWAY": "cr1785",
        "STREET": "County Road 1785",
        "TTSTN": "663950",
        "MILEPOST": "0555.290",
        "TYPEXING": "Public",
        "POSXING": "At Grade",
        "PRVCAT": "14",
        "INIT": "2",
        "LATITUDE": 33.405512,
        "LONGITUD": -97.8199648,
        "LLSOURCE": "1",
        "WHISTBAN": "0",
        "RRCONT": "4025443721",
        "POLCONT": "8008488715",
        "INV_LINK": "https://safetydata.fra.dot.gov/OfficeofSafety/PublicSite/Crossing/Crossing.aspx?phasetype=C&rpttype=I&txtcrossingnum=598473G",
        "ACC_LINK": "https://safetydata.fra.dot.gov/OfficeofSafety/PublicSite/Crossing/Crossing.aspx?phasetype=C&rpttype=A&txtcrossingnum=598473G",
        "TTSTNNAM": "",
        "XPURPOSE": "1",
        "OPERATINGR": "UP",
        "OPERATIN_1": "Primary",
        "DAYTHRU": 3,
        "NGHTTHRU": 2,
        "MAINTRK": 1,
        "SIDINGTRK": 0,
        "YARDTRK": 0,
        "TRANSITTRK": 0,
        "INDUSTRYTR": 0,
        "OTHRTRK": 0,
        "WDCODE": "All other Gates",
        "REVISIONDA": "1975/01/01 00:00:00",
        "LASTUPDATE": "1/14/2026",
        "AADT": "315",
        "AADTYEAR": "2019",
        "STATENAME": "TEXAS",
        "STATEAB": "TX",
        "COUNTYNAME": "WISE",
        "CITYNAME": "CHICO",
        "LATDD": 33.405512,
        "LONGDD": -97.8199648,
        "gridlyProductionCertified": true,
        "gridlyClassification": "PUBLIC_ROADWAY",
        "gridlyDisplayName": "County Road 1785",
        "gridlyId": "FRA-598473G"
      }
    },
    {
      "type": "Feature",
      "id": 214531,
      "geometry": {
        "type": "Point",
        "coordinates": [
          -97.6206556997352,
          33.2826706998252
        ]
      },
      "properties": {
        "OBJECTID": 214531,
        "CROSSING": "274821L",
        "EFFDATE": 1768348800000,
        "REASON": "14",
        "StateCode": "48",
        "CountyCode": "48497",
        "STCYFIPS": "48497",
        "CITYCD": "484971780",
        "RAILROAD": "BNSF",
        "RRDIV": "RED RIVER",
        "RRSUBDIV": "WICHITA FALLS",
        "HIGHWAY": "cr2175",
        "STREET": "County Road 2175",
        "TTSTN": "663940",
        "MILEPOST": "0044.503",
        "TYPEXING": "Public",
        "POSXING": "At Grade",
        "PRVCAT": "14",
        "INIT": "2",
        "LATITUDE": 33.2826707,
        "LONGITUD": -97.6206557,
        "LLSOURCE": "1",
        "WHISTBAN": "0",
        "RRCONT": "8173521549",
        "POLCONT": "8008325452",
        "INV_LINK": "https://safetydata.fra.dot.gov/OfficeofSafety/PublicSite/Crossing/Crossing.aspx?phasetype=C&rpttype=I&txtcrossingnum=274821L",
        "ACC_LINK": "https://safetydata.fra.dot.gov/OfficeofSafety/PublicSite/Crossing/Crossing.aspx?phasetype=C&rpttype=A&txtcrossingnum=274821L",
        "TTSTNNAM": "DECATUR",
        "XPURPOSE": "1",
        "OPERATINGR": "BNSF",
        "OPERATIN_1": "Primary",
        "DAYTHRU": 7,
        "NGHTTHRU": 7,
        "MAINTRK": 1,
        "SIDINGTRK": 0,
        "YARDTRK": 0,
        "TRANSITTRK": 0,
        "INDUSTRYTR": 0,
        "OTHRTRK": 0,
        "WDCODE": "All other Gates",
        "REVISIONDA": "1996/01/01 00:00:00",
        "LASTUPDATE": "1/14/2026",
        "AADT": "759",
        "AADTYEAR": "2024",
        "STATENAME": "TEXAS",
        "STATEAB": "TX",
        "COUNTYNAME": "WISE",
        "CITYNAME": "DECATUR",
        "LATDD": 33.2826707,
        "LONGDD": -97.6206557,
        "gridlyProductionCertified": true,
        "gridlyClassification": "PUBLIC_ROADWAY",
        "gridlyDisplayName": "County Road 2175",
        "gridlyId": "FRA-274821L"
      }
    },
    {
      "type": "Feature",
      "id": 214532,
      "geometry": {
        "type": "Point",
        "coordinates": [
          -97.5007146004286,
          33.0143510001892
        ]
      },
      "properties": {
        "OBJECTID": 214532,
        "CROSSING": "598527K",
        "EFFDATE": 1768348800000,
        "REASON": "14",
        "StateCode": "48",
        "CountyCode": "48497",
        "STCYFIPS": "48497",
        "CITYCD": "484974855",
        "RAILROAD": "UP",
        "RRDIV": "TEXOMA",
        "RRSUBDIV": "DUNCAN SUB",
        "HIGHWAY": "CR4850",
        "STREET": "COUNTY ROAD 4850",
        "TTSTN": "663984",
        "MILEPOST": "0590.430",
        "TYPEXING": "Public",
        "POSXING": "At Grade",
        "PRVCAT": "14",
        "INIT": "2",
        "LATITUDE": 33.014351,
        "LONGITUD": -97.5007146,
        "LLSOURCE": "1",
        "WHISTBAN": "0",
        "RRCONT": "4025443721",
        "POLCONT": "8008488715",
        "INV_LINK": "https://safetydata.fra.dot.gov/OfficeofSafety/PublicSite/Crossing/Crossing.aspx?phasetype=C&rpttype=I&txtcrossingnum=598527K",
        "ACC_LINK": "https://safetydata.fra.dot.gov/OfficeofSafety/PublicSite/Crossing/Crossing.aspx?phasetype=C&rpttype=A&txtcrossingnum=598527K",
        "TTSTNNAM": "",
        "XPURPOSE": "1",
        "OPERATINGR": "UP",
        "OPERATIN_1": "Primary",
        "DAYTHRU": 5,
        "NGHTTHRU": 4,
        "MAINTRK": 1,
        "SIDINGTRK": 0,
        "YARDTRK": 0,
        "TRANSITTRK": 0,
        "INDUSTRYTR": 0,
        "OTHRTRK": 0,
        "WDCODE": "All other Gates",
        "REVISIONDA": "1975/01/01 00:00:00",
        "LASTUPDATE": "1/14/2026",
        "AADT": "1144",
        "AADTYEAR": "2019",
        "STATENAME": "TEXAS",
        "STATEAB": "TX",
        "COUNTYNAME": "WISE",
        "CITYNAME": "NEWARK",
        "LATDD": 33.014351,
        "LONGDD": -97.5007146,
        "gridlyProductionCertified": true,
        "gridlyClassification": "PUBLIC_ROADWAY",
        "gridlyDisplayName": "COUNTY ROAD 4850",
        "gridlyId": "FRA-598527K"
      }
    },
    {
      "type": "Feature",
      "id": 214535,
      "geometry": {
        "type": "Point",
        "coordinates": [
          -97.4916870995584,
          33.0068110999946
        ]
      },
      "properties": {
        "OBJECTID": 214535,
        "CROSSING": "598528S",
        "EFFDATE": 1768348800000,
        "REASON": "14",
        "StateCode": "48",
        "CountyCode": "48497",
        "STCYFIPS": "48497",
        "CITYCD": "484974855",
        "RAILROAD": "UP",
        "RRDIV": "TEXOMA",
        "RRSUBDIV": "DUNCAN SUB",
        "HIGHWAY": "LS0000",
        "STREET": "CENTRAL DRIVE",
        "TTSTN": "663984",
        "MILEPOST": "0591.190",
        "TYPEXING": "Public",
        "POSXING": "At Grade",
        "PRVCAT": "14",
        "INIT": "2",
        "LATITUDE": 33.0068111,
        "LONGITUD": -97.4916871,
        "LLSOURCE": "1",
        "WHISTBAN": "0",
        "RRCONT": "4025443721",
        "POLCONT": "8008488715",
        "INV_LINK": "https://safetydata.fra.dot.gov/OfficeofSafety/PublicSite/Crossing/Crossing.aspx?phasetype=C&rpttype=I&txtcrossingnum=598528S",
        "ACC_LINK": "https://safetydata.fra.dot.gov/OfficeofSafety/PublicSite/Crossing/Crossing.aspx?phasetype=C&rpttype=A&txtcrossingnum=598528S",
        "TTSTNNAM": "",
        "XPURPOSE": "1",
        "OPERATINGR": "UP",
        "OPERATIN_1": "Primary",
        "DAYTHRU": 5,
        "NGHTTHRU": 4,
        "MAINTRK": 1,
        "SIDINGTRK": 0,
        "YARDTRK": 0,
        "TRANSITTRK": 0,
        "INDUSTRYTR": 0,
        "OTHRTRK": 0,
        "WDCODE": "All other Gates",
        "REVISIONDA": "1975/01/01 00:00:00",
        "LASTUPDATE": "1/14/2026",
        "AADT": "390",
        "AADTYEAR": "2024",
        "STATENAME": "TEXAS",
        "STATEAB": "TX",
        "COUNTYNAME": "WISE",
        "CITYNAME": "NEWARK",
        "LATDD": 33.0068111,
        "LONGDD": -97.4916871,
        "gridlyProductionCertified": true,
        "gridlyClassification": "PUBLIC_ROADWAY",
        "gridlyDisplayName": "CENTRAL DRIVE",
        "gridlyId": "FRA-598528S"
      }
    },
    {
      "type": "Feature",
      "id": 214536,
      "geometry": {
        "type": "Point",
        "coordinates": [
          -97.4857943004149,
          33.0031806997672
        ]
      },
      "properties": {
        "OBJECTID": 214536,
        "CROSSING": "598529Y",
        "EFFDATE": 1768348800000,
        "REASON": "14",
        "StateCode": "48",
        "CountyCode": "48497",
        "STCYFIPS": "48497",
        "CITYCD": "484974855",
        "RAILROAD": "UP",
        "RRDIV": "TEXOMA",
        "RRSUBDIV": "DUNCAN SUB",
        "HIGHWAY": "lS0000",
        "STREET": "MCCANNE STREET",
        "TTSTN": "663984",
        "MILEPOST": "0591.610",
        "TYPEXING": "Public",
        "POSXING": "At Grade",
        "PRVCAT": "14",
        "INIT": "2",
        "LATITUDE": 33.0031807,
        "LONGITUD": -97.4857943,
        "LLSOURCE": "1",
        "WHISTBAN": "0",
        "RRCONT": "4025443721",
        "POLCONT": "8008488715",
        "INV_LINK": "https://safetydata.fra.dot.gov/OfficeofSafety/PublicSite/Crossing/Crossing.aspx?phasetype=C&rpttype=I&txtcrossingnum=598529Y",
        "ACC_LINK": "https://safetydata.fra.dot.gov/OfficeofSafety/PublicSite/Crossing/Crossing.aspx?phasetype=C&rpttype=A&txtcrossingnum=598529Y",
        "TTSTNNAM": "",
        "XPURPOSE": "1",
        "OPERATINGR": "UP",
        "OPERATIN_1": "Primary",
        "DAYTHRU": 5,
        "NGHTTHRU": 4,
        "MAINTRK": 1,
        "SIDINGTRK": 0,
        "YARDTRK": 0,
        "TRANSITTRK": 0,
        "INDUSTRYTR": 0,
        "OTHRTRK": 1,
        "WDCODE": "All other Gates",
        "REVISIONDA": "1975/01/01 00:00:00",
        "LASTUPDATE": "1/14/2026",
        "AADT": "5641",
        "AADTYEAR": "2024",
        "STATENAME": "TEXAS",
        "STATEAB": "TX",
        "COUNTYNAME": "WISE",
        "CITYNAME": "NEWARK",
        "LATDD": 33.0031807,
        "LONGDD": -97.4857943,
        "gridlyProductionCertified": true,
        "gridlyClassification": "PUBLIC_ROADWAY",
        "gridlyDisplayName": "MCCANNE STREET",
        "gridlyId": "FRA-598529Y"
      }
    },
    {
      "type": "Feature",
      "id": 214537,
      "geometry": {
        "type": "Point",
        "coordinates": [
          -97.4835762000783,
          33.0018252996513
        ]
      },
      "properties": {
        "OBJECTID": 214537,
        "CROSSING": "598530T",
        "EFFDATE": 1768348800000,
        "REASON": "14",
        "StateCode": "48",
        "CountyCode": "48497",
        "STCYFIPS": "48497",
        "CITYCD": "484974855",
        "RAILROAD": "UP",
        "RRDIV": "TEXOMA",
        "RRSUBDIV": "DUNCAN SUB",
        "HIGHWAY": "LS0000",
        "STREET": "HUDSON STREET",
        "TTSTN": "663984",
        "MILEPOST": "0591.770",
        "TYPEXING": "Public",
        "POSXING": "At Grade",
        "PRVCAT": "14",
        "INIT": "2",
        "LATITUDE": 33.0018253,
        "LONGITUD": -97.4835762,
        "LLSOURCE": "1",
        "WHISTBAN": "0",
        "RRCONT": "4025443721",
        "POLCONT": "8008488715",
        "INV_LINK": "https://safetydata.fra.dot.gov/OfficeofSafety/PublicSite/Crossing/Crossing.aspx?phasetype=C&rpttype=I&txtcrossingnum=598530T",
        "ACC_LINK": "https://safetydata.fra.dot.gov/OfficeofSafety/PublicSite/Crossing/Crossing.aspx?phasetype=C&rpttype=A&txtcrossingnum=598530T",
        "TTSTNNAM": "",
        "XPURPOSE": "1",
        "OPERATINGR": "UP",
        "OPERATIN_1": "Primary",
        "DAYTHRU": 5,
        "NGHTTHRU": 4,
        "MAINTRK": 1,
        "SIDINGTRK": 0,
        "YARDTRK": 0,
        "TRANSITTRK": 0,
        "INDUSTRYTR": 0,
        "OTHRTRK": 0,
        "WDCODE": "All other Gates",
        "REVISIONDA": "1975/01/01 00:00:00",
        "LASTUPDATE": "1/14/2026",
        "AADT": "1065",
        "AADTYEAR": "2024",
        "STATENAME": "TEXAS",
        "STATEAB": "TX",
        "COUNTYNAME": "WISE",
        "CITYNAME": "NEWARK",
        "LATDD": 33.0018253,
        "LONGDD": -97.4835762,
        "gridlyProductionCertified": true,
        "gridlyClassification": "PUBLIC_ROADWAY",
        "gridlyDisplayName": "HUDSON STREET",
        "gridlyId": "FRA-598530T"
      }
    },
    {
      "type": "Feature",
      "id": 214538,
      "geometry": {
        "type": "Point",
        "coordinates": [
          -97.6876681999437,
          33.1532072998362
        ]
      },
      "properties": {
        "OBJECTID": 214538,
        "CROSSING": "598507Y",
        "EFFDATE": 1768348800000,
        "REASON": "14",
        "StateCode": "48",
        "CountyCode": "48497",
        "STCYFIPS": "48497",
        "CITYCD": "484975219",
        "RAILROAD": "UP",
        "RRDIV": "TEXOMA",
        "RRSUBDIV": "DUNCAN SUB",
        "HIGHWAY": "FM3259",
        "STREET": "FM3259",
        "TTSTN": "663972",
        "MILEPOST": "0575.540",
        "TYPEXING": "Public",
        "POSXING": "At Grade",
        "PRVCAT": "14",
        "INIT": "2",
        "LATITUDE": 33.1532073,
        "LONGITUD": -97.6876682,
        "LLSOURCE": "1",
        "WHISTBAN": "0",
        "RRCONT": "4025443721",
        "POLCONT": "8008488715",
        "INV_LINK": "https://safetydata.fra.dot.gov/OfficeofSafety/PublicSite/Crossing/Crossing.aspx?phasetype=C&rpttype=I&txtcrossingnum=598507Y",
        "ACC_LINK": "https://safetydata.fra.dot.gov/OfficeofSafety/PublicSite/Crossing/Crossing.aspx?phasetype=C&rpttype=A&txtcrossingnum=598507Y",
        "TTSTNNAM": "",
        "XPURPOSE": "1",
        "OPERATINGR": "UP",
        "OPERATIN_1": "Primary",
        "DAYTHRU": 5,
        "NGHTTHRU": 4,
        "MAINTRK": 1,
        "SIDINGTRK": 0,
        "YARDTRK": 0,
        "TRANSITTRK": 0,
        "INDUSTRYTR": 0,
        "OTHRTRK": 0,
        "WDCODE": "All other Gates",
        "REVISIONDA": "1975/01/01 00:00:00",
        "LASTUPDATE": "1/14/2026",
        "AADT": "2120",
        "AADTYEAR": "2023",
        "STATENAME": "TEXAS",
        "STATEAB": "TX",
        "COUNTYNAME": "WISE",
        "CITYNAME": "PARADISE",
        "LATDD": 33.1532073,
        "LONGDD": -97.6876682,
        "gridlyProductionCertified": true,
        "gridlyClassification": "PUBLIC_ROADWAY",
        "gridlyDisplayName": "FM3259",
        "gridlyId": "FRA-598507Y"
      }
    },
    {
      "type": "Feature",
      "id": 214539,
      "geometry": {
        "type": "Point",
        "coordinates": [
          -97.7115054999627,
          33.1725278998883
        ]
      },
      "properties": {
        "OBJECTID": 214539,
        "CROSSING": "598503W",
        "EFFDATE": 1768348800000,
        "REASON": "14",
        "StateCode": "48",
        "CountyCode": "48497",
        "STCYFIPS": "48497",
        "CITYCD": "484975219",
        "RAILROAD": "UP",
        "RRDIV": "TEXOMA",
        "RRSUBDIV": "DUNCAN SUB",
        "HIGHWAY": "cr3250",
        "STREET": "County Road 3250",
        "TTSTN": "663972",
        "MILEPOST": "0573.620",
        "TYPEXING": "Public",
        "POSXING": "At Grade",
        "PRVCAT": "14",
        "INIT": "2",
        "LATITUDE": 33.1725279,
        "LONGITUD": -97.7115055,
        "LLSOURCE": "1",
        "WHISTBAN": "0",
        "RRCONT": "4025443721",
        "POLCONT": "8008488715",
        "INV_LINK": "https://safetydata.fra.dot.gov/OfficeofSafety/PublicSite/Crossing/Crossing.aspx?phasetype=C&rpttype=I&txtcrossingnum=598503W",
        "ACC_LINK": "https://safetydata.fra.dot.gov/OfficeofSafety/PublicSite/Crossing/Crossing.aspx?phasetype=C&rpttype=A&txtcrossingnum=598503W",
        "TTSTNNAM": "",
        "XPURPOSE": "1",
        "OPERATINGR": "UP",
        "OPERATIN_1": "Primary",
        "DAYTHRU": 5,
        "NGHTTHRU": 4,
        "MAINTRK": 1,
        "SIDINGTRK": 0,
        "YARDTRK": 0,
        "TRANSITTRK": 0,
        "INDUSTRYTR": 0,
        "OTHRTRK": 0,
        "WDCODE": "All other Gates",
        "REVISIONDA": "1975/01/01 00:00:00",
        "LASTUPDATE": "1/14/2026",
        "AADT": "93",
        "AADTYEAR": "2024",
        "STATENAME": "TEXAS",
        "STATEAB": "TX",
        "COUNTYNAME": "WISE",
        "CITYNAME": "PARADISE",
        "LATDD": 33.1725279,
        "LONGDD": -97.7115055,
        "gridlyProductionCertified": true,
        "gridlyClassification": "PUBLIC_ROADWAY",
        "gridlyDisplayName": "County Road 3250",
        "gridlyId": "FRA-598503W"
      }
    },
    {
      "type": "Feature",
      "id": 214540,
      "geometry": {
        "type": "Point",
        "coordinates": [
          -97.7061888002924,
          33.168199899752
        ]
      },
      "properties": {
        "OBJECTID": 214540,
        "CROSSING": "598504D",
        "EFFDATE": 1768348800000,
        "REASON": "14",
        "StateCode": "48",
        "CountyCode": "48497",
        "STCYFIPS": "48497",
        "CITYCD": "484975219",
        "RAILROAD": "UP",
        "RRDIV": "TEXOMA",
        "RRSUBDIV": "DUNCAN SUB",
        "HIGHWAY": "Cr3241",
        "STREET": "County Road 3241",
        "TTSTN": "663972",
        "MILEPOST": "0574.050",
        "TYPEXING": "Public",
        "POSXING": "At Grade",
        "PRVCAT": "14",
        "INIT": "2",
        "LATITUDE": 33.1681999,
        "LONGITUD": -97.7061888,
        "LLSOURCE": "1",
        "WHISTBAN": "0",
        "RRCONT": "4025443721",
        "POLCONT": "8008488715",
        "INV_LINK": "https://safetydata.fra.dot.gov/OfficeofSafety/PublicSite/Crossing/Crossing.aspx?phasetype=C&rpttype=I&txtcrossingnum=598504D",
        "ACC_LINK": "https://safetydata.fra.dot.gov/OfficeofSafety/PublicSite/Crossing/Crossing.aspx?phasetype=C&rpttype=A&txtcrossingnum=598504D",
        "TTSTNNAM": "",
        "XPURPOSE": "1",
        "OPERATINGR": "UP",
        "OPERATIN_1": "Primary",
        "DAYTHRU": 5,
        "NGHTTHRU": 4,
        "MAINTRK": 1,
        "SIDINGTRK": 0,
        "YARDTRK": 0,
        "TRANSITTRK": 0,
        "INDUSTRYTR": 0,
        "OTHRTRK": 0,
        "WDCODE": "All other Gates",
        "REVISIONDA": "1975/01/01 00:00:00",
        "LASTUPDATE": "1/14/2026",
        "AADT": "551",
        "AADTYEAR": "2024",
        "STATENAME": "TEXAS",
        "STATEAB": "TX",
        "COUNTYNAME": "WISE",
        "CITYNAME": "PARADISE",
        "LATDD": 33.1681999,
        "LONGDD": -97.7061888,
        "gridlyProductionCertified": true,
        "gridlyClassification": "PUBLIC_ROADWAY",
        "gridlyDisplayName": "County Road 3241",
        "gridlyId": "FRA-598504D"
      }
    },
    {
      "type": "Feature",
      "id": 214541,
      "geometry": {
        "type": "Point",
        "coordinates": [
          -97.6693217002836,
          33.1383348000949
        ]
      },
      "properties": {
        "OBJECTID": 214541,
        "CROSSING": "598508F",
        "EFFDATE": 1768348800000,
        "REASON": "14",
        "StateCode": "48",
        "CountyCode": "48497",
        "STCYFIPS": "48497",
        "CITYCD": "484975219",
        "RAILROAD": "UP",
        "RRDIV": "TEXOMA",
        "RRSUBDIV": "DUNCAN SUB",
        "HIGHWAY": "CR3390",
        "STREET": "County RoAD 3390",
        "TTSTN": "663986",
        "MILEPOST": "0576.990",
        "TYPEXING": "Public",
        "POSXING": "At Grade",
        "PRVCAT": "14",
        "INIT": "2",
        "LATITUDE": 33.1383348,
        "LONGITUD": -97.6693217,
        "LLSOURCE": "1",
        "WHISTBAN": "0",
        "RRCONT": "4025443721",
        "POLCONT": "8008488715",
        "INV_LINK": "https://safetydata.fra.dot.gov/OfficeofSafety/PublicSite/Crossing/Crossing.aspx?phasetype=C&rpttype=I&txtcrossingnum=598508F",
        "ACC_LINK": "https://safetydata.fra.dot.gov/OfficeofSafety/PublicSite/Crossing/Crossing.aspx?phasetype=C&rpttype=A&txtcrossingnum=598508F",
        "TTSTNNAM": "",
        "XPURPOSE": "1",
        "OPERATINGR": "UP",
        "OPERATIN_1": "Primary",
        "DAYTHRU": 5,
        "NGHTTHRU": 4,
        "MAINTRK": 1,
        "SIDINGTRK": 0,
        "YARDTRK": 0,
        "TRANSITTRK": 0,
        "INDUSTRYTR": 0,
        "OTHRTRK": 0,
        "WDCODE": "All other Gates",
        "REVISIONDA": "1975/01/01 00:00:00",
        "LASTUPDATE": "1/14/2026",
        "AADT": "574",
        "AADTYEAR": "2024",
        "STATENAME": "TEXAS",
        "STATEAB": "TX",
        "COUNTYNAME": "WISE",
        "CITYNAME": "PARADISE",
        "LATDD": 33.1383348,
        "LONGDD": -97.6693217,
        "gridlyProductionCertified": true,
        "gridlyClassification": "PUBLIC_ROADWAY",
        "gridlyDisplayName": "County RoAD 3390",
        "gridlyId": "FRA-598508F"
      }
    },
    {
      "type": "Feature",
      "id": 214542,
      "geometry": {
        "type": "Point",
        "coordinates": [
          -97.653481399655,
          33.1197643998182
        ]
      },
      "properties": {
        "OBJECTID": 214542,
        "CROSSING": "598510G",
        "EFFDATE": 1768348800000,
        "REASON": "14",
        "StateCode": "48",
        "CountyCode": "48497",
        "STCYFIPS": "48497",
        "CITYCD": "484975219",
        "RAILROAD": "UP",
        "RRDIV": "TEXOMA",
        "RRSUBDIV": "DUNCAN SUB",
        "HIGHWAY": "FM0051",
        "STREET": "FM0051",
        "TTSTN": "663986",
        "MILEPOST": "0578.515",
        "TYPEXING": "Public",
        "POSXING": "At Grade",
        "PRVCAT": "14",
        "INIT": "2",
        "LATITUDE": 33.1197644,
        "LONGITUD": -97.6534814,
        "LLSOURCE": "1",
        "WHISTBAN": "0",
        "RRCONT": "4025443721",
        "POLCONT": "8008488715",
        "INV_LINK": "https://safetydata.fra.dot.gov/OfficeofSafety/PublicSite/Crossing/Crossing.aspx?phasetype=C&rpttype=I&txtcrossingnum=598510G",
        "ACC_LINK": "https://safetydata.fra.dot.gov/OfficeofSafety/PublicSite/Crossing/Crossing.aspx?phasetype=C&rpttype=A&txtcrossingnum=598510G",
        "TTSTNNAM": "",
        "XPURPOSE": "1",
        "OPERATINGR": "UP",
        "OPERATIN_1": "Primary",
        "DAYTHRU": 5,
        "NGHTTHRU": 4,
        "MAINTRK": 1,
        "SIDINGTRK": 0,
        "YARDTRK": 0,
        "TRANSITTRK": 0,
        "INDUSTRYTR": 0,
        "OTHRTRK": 0,
        "WDCODE": "All other Gates",
        "REVISIONDA": "1975/01/01 00:00:00",
        "LASTUPDATE": "1/14/2026",
        "AADT": "6781",
        "AADTYEAR": "2023",
        "STATENAME": "TEXAS",
        "STATEAB": "TX",
        "COUNTYNAME": "WISE",
        "CITYNAME": "PARADISE",
        "LATDD": 33.1197644,
        "LONGDD": -97.6534814,
        "gridlyProductionCertified": true,
        "gridlyClassification": "PUBLIC_ROADWAY",
        "gridlyDisplayName": "FM0051",
        "gridlyId": "FRA-598510G"
      }
    },
    {
      "type": "Feature",
      "id": 214543,
      "geometry": {
        "type": "Point",
        "coordinates": [
          -97.7203687995787,
          33.1797062996603
        ]
      },
      "properties": {
        "OBJECTID": 214543,
        "CROSSING": "598500B",
        "EFFDATE": 1768348800000,
        "REASON": "14",
        "StateCode": "48",
        "CountyCode": "48497",
        "STCYFIPS": "48497",
        "CITYCD": "484975219",
        "RAILROAD": "UP",
        "RRDIV": "TEXOMA",
        "RRSUBDIV": "DUNCAN SUB",
        "HIGHWAY": "Cr3332",
        "STREET": "County Road 3332",
        "TTSTN": "663972",
        "MILEPOST": "0572.910",
        "TYPEXING": "Public",
        "POSXING": "At Grade",
        "PRVCAT": "14",
        "INIT": "2",
        "LATITUDE": 33.1797063,
        "LONGITUD": -97.7203688,
        "LLSOURCE": "1",
        "WHISTBAN": "0",
        "RRCONT": "4025443721",
        "POLCONT": "8008488715",
        "INV_LINK": "https://safetydata.fra.dot.gov/OfficeofSafety/PublicSite/Crossing/Crossing.aspx?phasetype=C&rpttype=I&txtcrossingnum=598500B",
        "ACC_LINK": "https://safetydata.fra.dot.gov/OfficeofSafety/PublicSite/Crossing/Crossing.aspx?phasetype=C&rpttype=A&txtcrossingnum=598500B",
        "TTSTNNAM": "",
        "XPURPOSE": "1",
        "OPERATINGR": "UP",
        "OPERATIN_1": "Primary",
        "DAYTHRU": 5,
        "NGHTTHRU": 4,
        "MAINTRK": 1,
        "SIDINGTRK": 0,
        "YARDTRK": 0,
        "TRANSITTRK": 0,
        "INDUSTRYTR": 0,
        "OTHRTRK": 0,
        "WDCODE": "All other Gates",
        "REVISIONDA": "1975/01/01 00:00:00",
        "LASTUPDATE": "1/14/2026",
        "AADT": "346",
        "AADTYEAR": "2024",
        "STATENAME": "TEXAS",
        "STATEAB": "TX",
        "COUNTYNAME": "WISE",
        "CITYNAME": "PARADISE",
        "LATDD": 33.1797063,
        "LONGDD": -97.7203688,
        "gridlyProductionCertified": true,
        "gridlyClassification": "PUBLIC_ROADWAY",
        "gridlyDisplayName": "County Road 3332",
        "gridlyId": "FRA-598500B"
      }
    },
    {
      "type": "Feature",
      "id": 214544,
      "geometry": {
        "type": "Point",
        "coordinates": [
          -97.4166375997766,
          32.9956965996268
        ]
      },
      "properties": {
        "OBJECTID": 214544,
        "CROSSING": "675304F",
        "EFFDATE": 1768348800000,
        "REASON": "14",
        "StateCode": "48",
        "CountyCode": "48497",
        "STCYFIPS": "48497",
        "CITYCD": "484975710",
        "RAILROAD": "BNSF",
        "RRDIV": "RED RIVER",
        "RRSUBDIV": "WICHITA FALLS",
        "HIGHWAY": "LS0000",
        "STREET": "NORTHSTAR PARKWAY",
        "TTSTN": "",
        "MILEPOST": "0020.232",
        "TYPEXING": "Public",
        "POSXING": "At Grade",
        "PRVCAT": "14",
        "INIT": "2",
        "LATITUDE": 32.9956966,
        "LONGITUD": -97.4166376,
        "LLSOURCE": "1",
        "WHISTBAN": "",
        "RRCONT": "8173521549",
        "POLCONT": "8008325452",
        "INV_LINK": "https://safetydata.fra.dot.gov/OfficeofSafety/PublicSite/Crossing/Crossing.aspx?phasetype=C&rpttype=I&txtcrossingnum=675304F",
        "ACC_LINK": "https://safetydata.fra.dot.gov/OfficeofSafety/PublicSite/Crossing/Crossing.aspx?phasetype=C&rpttype=A&txtcrossingnum=675304F",
        "TTSTNNAM": "AVONDALE",
        "XPURPOSE": "1",
        "OPERATINGR": "BNSF",
        "OPERATIN_1": "Primary",
        "DAYTHRU": 7,
        "NGHTTHRU": 7,
        "MAINTRK": 1,
        "SIDINGTRK": 0,
        "YARDTRK": 0,
        "TRANSITTRK": 0,
        "INDUSTRYTR": 0,
        "OTHRTRK": 0,
        "WDCODE": "All other Gates",
        "REVISIONDA": "1996/01/01 00:00:00",
        "LASTUPDATE": "1/14/2026",
        "AADT": "00050",
        "AADTYEAR": "2020",
        "STATENAME": "TEXAS",
        "STATEAB": "TX",
        "COUNTYNAME": "WISE",
        "CITYNAME": "RHOME",
        "LATDD": 32.9956966,
        "LONGDD": -97.4166376,
        "gridlyProductionCertified": true,
        "gridlyClassification": "PUBLIC_ROADWAY",
        "gridlyDisplayName": "NORTHSTAR PARKWAY",
        "gridlyId": "FRA-675304F"
      }
    },
    {
      "type": "Feature",
      "id": 216068,
      "geometry": {
        "type": "Point",
        "coordinates": [
          -97.619021799879,
          33.2754156001385
        ]
      },
      "properties": {
        "OBJECTID": 216068,
        "CROSSING": "274610P",
        "EFFDATE": 1768262400000,
        "REASON": "14",
        "StateCode": "48",
        "CountyCode": "48497",
        "STCYFIPS": "48497",
        "CITYCD": "484971780",
        "RAILROAD": "BNSF",
        "RRDIV": "RED RIVER",
        "RRSUBDIV": "WICHITA FALLS",
        "HIGHWAY": "cr2195",
        "STREET": "County Road 2195",
        "TTSTN": "663940",
        "MILEPOST": "0043.980",
        "TYPEXING": "Public",
        "POSXING": "At Grade",
        "PRVCAT": "14",
        "INIT": "2",
        "LATITUDE": 33.2754156,
        "LONGITUD": -97.6190218,
        "LLSOURCE": "1",
        "WHISTBAN": "0",
        "RRCONT": "8173521549",
        "POLCONT": "8008325452",
        "INV_LINK": "https://safetydata.fra.dot.gov/OfficeofSafety/PublicSite/Crossing/Crossing.aspx?phasetype=C&rpttype=I&txtcrossingnum=274610P",
        "ACC_LINK": "https://safetydata.fra.dot.gov/OfficeofSafety/PublicSite/Crossing/Crossing.aspx?phasetype=C&rpttype=A&txtcrossingnum=274610P",
        "TTSTNNAM": "DECATUR",
        "XPURPOSE": "1",
        "OPERATINGR": "BNSF",
        "OPERATIN_1": "Primary",
        "DAYTHRU": 7,
        "NGHTTHRU": 7,
        "MAINTRK": 1,
        "SIDINGTRK": 0,
        "YARDTRK": 0,
        "TRANSITTRK": 0,
        "INDUSTRYTR": 0,
        "OTHRTRK": 0,
        "WDCODE": "All other Gates",
        "REVISIONDA": "1996/01/01 00:00:00",
        "LASTUPDATE": "1/13/2026",
        "AADT": "120",
        "AADTYEAR": "2023",
        "STATENAME": "TEXAS",
        "STATEAB": "TX",
        "COUNTYNAME": "WISE",
        "CITYNAME": "DECATUR",
        "LATDD": 33.2754156,
        "LONGDD": -97.6190218,
        "gridlyProductionCertified": true,
        "gridlyClassification": "PUBLIC_ROADWAY",
        "gridlyDisplayName": "County Road 2195",
        "gridlyId": "FRA-274610P"
      }
    },
    {
      "type": "Feature",
      "id": 216075,
      "geometry": {
        "type": "Point",
        "coordinates": [
          -97.5862984001038,
          33.2462239998478
        ]
      },
      "properties": {
        "OBJECTID": 216075,
        "CROSSING": "274612D",
        "EFFDATE": 1768262400000,
        "REASON": "14",
        "StateCode": "48",
        "CountyCode": "48497",
        "STCYFIPS": "48497",
        "CITYCD": "484971780",
        "RAILROAD": "BNSF",
        "RRDIV": "RED RIVER",
        "RRSUBDIV": "WICHITA FALLS",
        "HIGHWAY": "FM0730",
        "STREET": "fm0730 / North TRINITY STreet",
        "TTSTN": "663940",
        "MILEPOST": "0041.165",
        "TYPEXING": "Public",
        "POSXING": "At Grade",
        "PRVCAT": "14",
        "INIT": "2",
        "LATITUDE": 33.246224,
        "LONGITUD": -97.5862984,
        "LLSOURCE": "1",
        "WHISTBAN": "0",
        "RRCONT": "8173521549",
        "POLCONT": "8008325452",
        "INV_LINK": "https://safetydata.fra.dot.gov/OfficeofSafety/PublicSite/Crossing/Crossing.aspx?phasetype=C&rpttype=I&txtcrossingnum=274612D",
        "ACC_LINK": "https://safetydata.fra.dot.gov/OfficeofSafety/PublicSite/Crossing/Crossing.aspx?phasetype=C&rpttype=A&txtcrossingnum=274612D",
        "TTSTNNAM": "DECATUR",
        "XPURPOSE": "1",
        "OPERATINGR": "BNSF",
        "OPERATIN_1": "Primary",
        "DAYTHRU": 7,
        "NGHTTHRU": 7,
        "MAINTRK": 1,
        "SIDINGTRK": 0,
        "YARDTRK": 0,
        "TRANSITTRK": 0,
        "INDUSTRYTR": 0,
        "OTHRTRK": 0,
        "WDCODE": "All other Gates",
        "REVISIONDA": "1996/01/01 00:00:00",
        "LASTUPDATE": "1/13/2026",
        "AADT": "3958",
        "AADTYEAR": "2023",
        "STATENAME": "TEXAS",
        "STATEAB": "TX",
        "COUNTYNAME": "WISE",
        "CITYNAME": "DECATUR",
        "LATDD": 33.246224,
        "LONGDD": -97.5862984,
        "gridlyProductionCertified": true,
        "gridlyClassification": "PUBLIC_ROADWAY",
        "gridlyDisplayName": "fm0730 / North TRINITY STreet",
        "gridlyId": "FRA-274612D"
      }
    },
    {
      "type": "Feature",
      "id": 216104,
      "geometry": {
        "type": "Point",
        "coordinates": [
          -97.5087194996034,
          33.1513282997401
        ]
      },
      "properties": {
        "OBJECTID": 216104,
        "CROSSING": "274624X",
        "EFFDATE": 1768262400000,
        "REASON": "14",
        "StateCode": "48",
        "CountyCode": "48497",
        "STCYFIPS": "48497",
        "CITYCD": "480852282",
        "RAILROAD": "BNSF",
        "RRDIV": "RED RIVER",
        "RRSUBDIV": "WICHITA FALLS",
        "HIGHWAY": "cr4421",
        "STREET": "County Road 4421",
        "TTSTN": "663960",
        "MILEPOST": "0033.017",
        "TYPEXING": "Public",
        "POSXING": "At Grade",
        "PRVCAT": "14",
        "INIT": "2",
        "LATITUDE": 33.1513283,
        "LONGITUD": -97.5087195,
        "LLSOURCE": "1",
        "WHISTBAN": "0",
        "RRCONT": "8173521549",
        "POLCONT": "8008325452",
        "INV_LINK": "https://safetydata.fra.dot.gov/OfficeofSafety/PublicSite/Crossing/Crossing.aspx?phasetype=C&rpttype=I&txtcrossingnum=274624X",
        "ACC_LINK": "https://safetydata.fra.dot.gov/OfficeofSafety/PublicSite/Crossing/Crossing.aspx?phasetype=C&rpttype=A&txtcrossingnum=274624X",
        "TTSTNNAM": "HERMAN",
        "XPURPOSE": "1",
        "OPERATINGR": "BNSF",
        "OPERATIN_1": "Primary",
        "DAYTHRU": 0,
        "NGHTTHRU": 0,
        "MAINTRK": 0,
        "SIDINGTRK": 0,
        "YARDTRK": 0,
        "TRANSITTRK": 0,
        "INDUSTRYTR": 0,
        "OTHRTRK": 0,
        "WDCODE": "All other Gates",
        "REVISIONDA": "1996/01/01 00:00:00",
        "LASTUPDATE": "1/13/2026",
        "AADT": "1469",
        "AADTYEAR": "2024",
        "STATENAME": "TEXAS",
        "STATEAB": "TX",
        "COUNTYNAME": "WISE",
        "CITYNAME": "FAIRVIEW",
        "LATDD": 33.1513283,
        "LONGDD": -97.5087195,
        "gridlyProductionCertified": true,
        "gridlyClassification": "PUBLIC_ROADWAY",
        "gridlyDisplayName": "County Road 4421",
        "gridlyId": "FRA-274624X"
      }
    },
    {
      "type": "Feature",
      "id": 216108,
      "geometry": {
        "type": "Point",
        "coordinates": [
          -97.4684237996498,
          33.0999790999399
        ]
      },
      "properties": {
        "OBJECTID": 216108,
        "CROSSING": "274627T",
        "EFFDATE": 1768262400000,
        "REASON": "14",
        "StateCode": "48",
        "CountyCode": "48497",
        "STCYFIPS": "48497",
        "CITYCD": "484975710",
        "RAILROAD": "BNSF",
        "RRDIV": "RED RIVER",
        "RRSUBDIV": "WICHITA FALLS",
        "HIGHWAY": "FM0407",
        "STREET": "fm0407 / ILLINOIS street",
        "TTSTN": "663960",
        "MILEPOST": "0028.562",
        "TYPEXING": "Public",
        "POSXING": "At Grade",
        "PRVCAT": "14",
        "INIT": "2",
        "LATITUDE": 33.0999791,
        "LONGITUD": -97.4684238,
        "LLSOURCE": "1",
        "WHISTBAN": "0",
        "RRCONT": "8173521549",
        "POLCONT": "8008325452",
        "INV_LINK": "https://safetydata.fra.dot.gov/OfficeofSafety/PublicSite/Crossing/Crossing.aspx?phasetype=C&rpttype=I&txtcrossingnum=274627T",
        "ACC_LINK": "https://safetydata.fra.dot.gov/OfficeofSafety/PublicSite/Crossing/Crossing.aspx?phasetype=C&rpttype=A&txtcrossingnum=274627T",
        "TTSTNNAM": "HERMAN",
        "XPURPOSE": "1",
        "OPERATINGR": "BNSF",
        "OPERATIN_1": "Primary",
        "DAYTHRU": 7,
        "NGHTTHRU": 7,
        "MAINTRK": 1,
        "SIDINGTRK": 0,
        "YARDTRK": 0,
        "TRANSITTRK": 0,
        "INDUSTRYTR": 0,
        "OTHRTRK": 0,
        "WDCODE": "All other Gates",
        "REVISIONDA": "1996/01/01 00:00:00",
        "LASTUPDATE": "1/13/2026",
        "AADT": "6069",
        "AADTYEAR": "2023",
        "STATENAME": "TEXAS",
        "STATEAB": "TX",
        "COUNTYNAME": "WISE",
        "CITYNAME": "RHOME",
        "LATDD": 33.0999791,
        "LONGDD": -97.4684238,
        "gridlyProductionCertified": true,
        "gridlyClassification": "PUBLIC_ROADWAY",
        "gridlyDisplayName": "fm0407 / ILLINOIS street",
        "gridlyId": "FRA-274627T"
      }
    }
  ]
}
