{
  "type": "FeatureCollection",
  "features": [
    {
      "type": "Feature",
      "id": 202816,
      "geometry": {
        "type": "Point",
        "coordinates": [
          -94.0640899997066,
          33.2072700000571
        ]
      },
      "properties": {
        "OBJECTID": 202816,
        "CROSSING": "330900B",
        "EFFDATE": 1772064000000,
        "REASON": "14",
        "StateCode": "48",
        "CountyCode": "48067",
        "STCYFIPS": "48067",
        "CITYCD": "480671963",
        "RAILROAD": "KCS",
        "RRDIV": "North",
        "RRSUBDIV": "Shreveport",
        "HIGHWAY": "PRIVATE",
        "STREET": "PRIVATE",
        "TTSTN": "661417",
        "MILEPOST": "0502.470",
        "TYPEXING": "Private",
        "POSXING": "At Grade",
        "PRVCAT": "14",
        "INIT": "1",
        "LATITUDE": 33.20727,
        "LONGITUD": -94.06409,
        "LLSOURCE": "1",
        "WHISTBAN": "0",
        "RRCONT": "3186766269",
        "POLCONT": "8775279464",
        "INV_LINK": "https://safetydata.fra.dot.gov/OfficeofSafety/PublicSite/Crossing/Crossing.aspx?phasetype=C&rpttype=I&txtcrossingnum=330900B",
        "ACC_LINK": "https://safetydata.fra.dot.gov/OfficeofSafety/PublicSite/Crossing/Crossing.aspx?phasetype=C&rpttype=A&txtcrossingnum=330900B",
        "TTSTNNAM": "661417",
        "XPURPOSE": "1",
        "OPERATINGR": "CPKC",
        "OPERATIN_1": "Primary",
        "DAYTHRU": 8,
        "NGHTTHRU": 8,
        "MAINTRK": 1,
        "SIDINGTRK": 0,
        "YARDTRK": 0,
        "TRANSITTRK": 0,
        "INDUSTRYTR": 0,
        "OTHRTRK": 0,
        "WDCODE": "",
        "REVISIONDA": "1975/01/01 00:00:00",
        "LASTUPDATE": "2/26/2026",
        "AADT": "20",
        "AADTYEAR": "1992",
        "STATENAME": "TEXAS",
        "STATEAB": "TX",
        "COUNTYNAME": "CASS",
        "CITYNAME": "DOMINO",
        "LATDD": 33.20727,
        "LONGDD": -94.06409,
        "gridlyProductionCertified": true,
        "gridlyClassification": "PUBLIC_ROADWAY",
        "gridlyDisplayName": "PRIVATE",
        "gridlyId": "FRA-330900B"
      }
    },
    {
      "type": "Feature",
      "id": 202850,
      "geometry": {
        "type": "Point",
        "coordinates": [
          -94.6323250001476,
          32.9979589998957
        ]
      },
      "properties": {
        "OBJECTID": 202850,
        "CROSSING": "331487A",
        "EFFDATE": 1772064000000,
        "REASON": "14",
        "StateCode": "48",
        "CountyCode": "48067",
        "STCYFIPS": "48067",
        "CITYCD": "480673310",
        "RAILROAD": "KCS",
        "RRDIV": "Speedway",
        "RRSUBDIV": "Greenville",
        "HIGHWAY": "FM 0250",
        "STREET": "FM 250 / Haines Blvd",
        "TTSTN": "661493",
        "MILEPOST": "0076.299",
        "TYPEXING": "Public",
        "POSXING": "At Grade",
        "PRVCAT": "14",
        "INIT": "1",
        "LATITUDE": 32.997959,
        "LONGITUD": -94.632325,
        "LLSOURCE": "1",
        "WHISTBAN": "0",
        "RRCONT": "3186766269",
        "POLCONT": "8775279464",
        "INV_LINK": "https://safetydata.fra.dot.gov/OfficeofSafety/PublicSite/Crossing/Crossing.aspx?phasetype=C&rpttype=I&txtcrossingnum=331487A",
        "ACC_LINK": "https://safetydata.fra.dot.gov/OfficeofSafety/PublicSite/Crossing/Crossing.aspx?phasetype=C&rpttype=A&txtcrossingnum=331487A",
        "TTSTNNAM": "661493",
        "XPURPOSE": "1",
        "OPERATINGR": "CPKC",
        "OPERATIN_1": "Primary",
        "DAYTHRU": 4,
        "NGHTTHRU": 3,
        "MAINTRK": 1,
        "SIDINGTRK": 0,
        "YARDTRK": 0,
        "TRANSITTRK": 0,
        "INDUSTRYTR": 0,
        "OTHRTRK": 0,
        "WDCODE": "All other Gates",
        "REVISIONDA": "1975/01/01 00:00:00",
        "LASTUPDATE": "2/26/2026",
        "AADT": "3548",
        "AADTYEAR": "2022",
        "STATENAME": "TEXAS",
        "STATEAB": "TX",
        "COUNTYNAME": "CASS",
        "CITYNAME": "HUGHES SPRINGS",
        "LATDD": 32.997959,
        "LONGDD": -94.632325,
        "gridlyProductionCertified": true,
        "gridlyClassification": "PUBLIC_ROADWAY",
        "gridlyDisplayName": "FM 250 / Haines Blvd",
        "gridlyId": "FRA-331487A"
      }
    },
    {
      "type": "Feature",
      "id": 202857,
      "geometry": {
        "type": "Point",
        "coordinates": [
          -94.5521170003052,
          32.8952930002523
        ]
      },
      "properties": {
        "OBJECTID": 202857,
        "CROSSING": "331473S",
        "EFFDATE": 1772064000000,
        "REASON": "14",
        "StateCode": "48",
        "CountyCode": "48067",
        "STCYFIPS": "48067",
        "CITYCD": "480670360",
        "RAILROAD": "KCS",
        "RRDIV": "Speedway",
        "RRSUBDIV": "Greenville",
        "HIGHWAY": "SH 0155",
        "STREET": "SH 0155",
        "TTSTN": "661497",
        "MILEPOST": "0066.940",
        "TYPEXING": "Public",
        "POSXING": "RR Over",
        "PRVCAT": "14",
        "INIT": "1",
        "LATITUDE": 32.895293,
        "LONGITUD": -94.552117,
        "LLSOURCE": "1",
        "WHISTBAN": "0",
        "RRCONT": "3186766269",
        "POLCONT": "8775279464",
        "INV_LINK": "https://safetydata.fra.dot.gov/OfficeofSafety/PublicSite/Crossing/Crossing.aspx?phasetype=C&rpttype=I&txtcrossingnum=331473S",
        "ACC_LINK": "https://safetydata.fra.dot.gov/OfficeofSafety/PublicSite/Crossing/Crossing.aspx?phasetype=C&rpttype=A&txtcrossingnum=331473S",
        "TTSTNNAM": "661497",
        "XPURPOSE": "1",
        "OPERATINGR": "CPKC",
        "OPERATIN_1": "Primary",
        "DAYTHRU": 4,
        "NGHTTHRU": 3,
        "MAINTRK": 0,
        "SIDINGTRK": 0,
        "YARDTRK": 0,
        "TRANSITTRK": 0,
        "INDUSTRYTR": 0,
        "OTHRTRK": 0,
        "WDCODE": "",
        "REVISIONDA": "1975/01/01 00:00:00",
        "LASTUPDATE": "2/26/2026",
        "AADT": "2800",
        "AADTYEAR": "2011",
        "STATENAME": "TEXAS",
        "STATEAB": "TX",
        "COUNTYNAME": "CASS",
        "CITYNAME": "AVINGER",
        "LATDD": 32.895293,
        "LONGDD": -94.552117,
        "gridlyProductionCertified": true,
        "gridlyClassification": "PUBLIC_ROADWAY",
        "gridlyDisplayName": "SH 0155",
        "gridlyId": "FRA-331473S"
      }
    },
    {
      "type": "Feature",
      "id": 202939,
      "geometry": {
        "type": "Point",
        "coordinates": [
          -94.0616900004065,
          33.1846199996497
        ]
      },
      "properties": {
        "OBJECTID": 202939,
        "CROSSING": "330902P",
        "EFFDATE": 1772064000000,
        "REASON": "14",
        "StateCode": "48",
        "CountyCode": "48067",
        "STCYFIPS": "48067",
        "CITYCD": "480670690",
        "RAILROAD": "KCS",
        "RRDIV": "North",
        "RRSUBDIV": "Shreveport",
        "HIGHWAY": "NA",
        "STREET": "CR 3990",
        "TTSTN": "661417",
        "MILEPOST": "0503.990",
        "TYPEXING": "Public",
        "POSXING": "At Grade",
        "PRVCAT": "14",
        "INIT": "1",
        "LATITUDE": 33.18462,
        "LONGITUD": -94.06169,
        "LLSOURCE": "1",
        "WHISTBAN": "0",
        "RRCONT": "3186766269",
        "POLCONT": "8775279464",
        "INV_LINK": "https://safetydata.fra.dot.gov/OfficeofSafety/PublicSite/Crossing/Crossing.aspx?phasetype=C&rpttype=I&txtcrossingnum=330902P",
        "ACC_LINK": "https://safetydata.fra.dot.gov/OfficeofSafety/PublicSite/Crossing/Crossing.aspx?phasetype=C&rpttype=A&txtcrossingnum=330902P",
        "TTSTNNAM": "661417",
        "XPURPOSE": "1",
        "OPERATINGR": "CPKC",
        "OPERATIN_1": "Primary",
        "DAYTHRU": 8,
        "NGHTTHRU": 8,
        "MAINTRK": 1,
        "SIDINGTRK": 0,
        "YARDTRK": 0,
        "TRANSITTRK": 0,
        "INDUSTRYTR": 0,
        "OTHRTRK": 0,
        "WDCODE": "All other Gates",
        "REVISIONDA": "1975/01/01 00:00:00",
        "LASTUPDATE": "2/26/2026",
        "AADT": "74",
        "AADTYEAR": "2019",
        "STATENAME": "TEXAS",
        "STATEAB": "TX",
        "COUNTYNAME": "CASS",
        "CITYNAME": "BLOOMBURG",
        "LATDD": 33.18462,
        "LONGDD": -94.06169,
        "gridlyProductionCertified": true,
        "gridlyClassification": "PUBLIC_ROADWAY",
        "gridlyDisplayName": "CR 3990",
        "gridlyId": "FRA-330902P"
      }
    },
    {
      "type": "Feature",
      "id": 203040,
      "geometry": {
        "type": "Point",
        "coordinates": [
          -94.0640279997824,
          33.2469049996991
        ]
      },
      "properties": {
        "OBJECTID": 203040,
        "CROSSING": "330850A",
        "EFFDATE": 1772064000000,
        "REASON": "14",
        "StateCode": "48",
        "CountyCode": "48067",
        "STCYFIPS": "48067",
        "CITYCD": "480671963",
        "RAILROAD": "KCS",
        "RRDIV": "North",
        "RRSUBDIV": "Shreveport",
        "HIGHWAY": "NA",
        "STREET": "PRIVATE ROAD",
        "TTSTN": "661417",
        "MILEPOST": "0499.650",
        "TYPEXING": "Private",
        "POSXING": "At Grade",
        "PRVCAT": "14",
        "INIT": "1",
        "LATITUDE": 33.246905,
        "LONGITUD": -94.064028,
        "LLSOURCE": "1",
        "WHISTBAN": "0",
        "RRCONT": "3186766269",
        "POLCONT": "8775279464",
        "INV_LINK": "https://safetydata.fra.dot.gov/OfficeofSafety/PublicSite/Crossing/Crossing.aspx?phasetype=C&rpttype=I&txtcrossingnum=330850A",
        "ACC_LINK": "https://safetydata.fra.dot.gov/OfficeofSafety/PublicSite/Crossing/Crossing.aspx?phasetype=C&rpttype=A&txtcrossingnum=330850A",
        "TTSTNNAM": "661417",
        "XPURPOSE": "1",
        "OPERATINGR": "CPKC",
        "OPERATIN_1": "Primary",
        "DAYTHRU": 8,
        "NGHTTHRU": 8,
        "MAINTRK": 1,
        "SIDINGTRK": 0,
        "YARDTRK": 0,
        "TRANSITTRK": 0,
        "INDUSTRYTR": 0,
        "OTHRTRK": 0,
        "WDCODE": "",
        "REVISIONDA": "1975/01/01 00:00:00",
        "LASTUPDATE": "2/26/2026",
        "AADT": "1",
        "AADTYEAR": "1992",
        "STATENAME": "TEXAS",
        "STATEAB": "TX",
        "COUNTYNAME": "CASS",
        "CITYNAME": "DOMINO",
        "LATDD": 33.246905,
        "LONGDD": -94.064028,
        "gridlyProductionCertified": true,
        "gridlyClassification": "PUBLIC_ROADWAY",
        "gridlyDisplayName": "PRIVATE ROAD",
        "gridlyId": "FRA-330850A"
      }
    },
    {
      "type": "Feature",
      "id": 203107,
      "geometry": {
        "type": "Point",
        "coordinates": [
          -94.0638599995529,
          33.1950800003339
        ]
      },
      "properties": {
        "OBJECTID": 203107,
        "CROSSING": "330901H",
        "EFFDATE": 1772064000000,
        "REASON": "14",
        "StateCode": "48",
        "CountyCode": "48067",
        "STCYFIPS": "48067",
        "CITYCD": "480670690",
        "RAILROAD": "KCS",
        "RRDIV": "North",
        "RRSUBDIV": "Shreveport",
        "HIGHWAY": "FM 0251",
        "STREET": "FM 251",
        "TTSTN": "661417",
        "MILEPOST": "0503.250",
        "TYPEXING": "Public",
        "POSXING": "At Grade",
        "PRVCAT": "14",
        "INIT": "1",
        "LATITUDE": 33.19508,
        "LONGITUD": -94.06386,
        "LLSOURCE": "1",
        "WHISTBAN": "0",
        "RRCONT": "3186766269",
        "POLCONT": "8775279464",
        "INV_LINK": "https://safetydata.fra.dot.gov/OfficeofSafety/PublicSite/Crossing/Crossing.aspx?phasetype=C&rpttype=I&txtcrossingnum=330901H",
        "ACC_LINK": "https://safetydata.fra.dot.gov/OfficeofSafety/PublicSite/Crossing/Crossing.aspx?phasetype=C&rpttype=A&txtcrossingnum=330901H",
        "TTSTNNAM": "661417",
        "XPURPOSE": "1",
        "OPERATINGR": "CPKC",
        "OPERATIN_1": "Primary",
        "DAYTHRU": 8,
        "NGHTTHRU": 8,
        "MAINTRK": 1,
        "SIDINGTRK": 0,
        "YARDTRK": 0,
        "TRANSITTRK": 0,
        "INDUSTRYTR": 0,
        "OTHRTRK": 0,
        "WDCODE": "All other Gates",
        "REVISIONDA": "1975/01/01 00:00:00",
        "LASTUPDATE": "2/26/2026",
        "AADT": "433",
        "AADTYEAR": "2019",
        "STATENAME": "TEXAS",
        "STATEAB": "TX",
        "COUNTYNAME": "CASS",
        "CITYNAME": "BLOOMBURG",
        "LATDD": 33.19508,
        "LONGDD": -94.06386,
        "gridlyProductionCertified": true,
        "gridlyClassification": "PUBLIC_ROADWAY",
        "gridlyDisplayName": "FM 251",
        "gridlyId": "FRA-330901H"
      }
    },
    {
      "type": "Feature",
      "id": 203895,
      "geometry": {
        "type": "Point",
        "coordinates": [
          -94.5378540002799,
          32.8801330002706
        ]
      },
      "properties": {
        "OBJECTID": 203895,
        "CROSSING": "331471D",
        "EFFDATE": 1772064000000,
        "REASON": "14",
        "StateCode": "48",
        "CountyCode": "48067",
        "STCYFIPS": "48067",
        "CITYCD": "480670360",
        "RAILROAD": "KCS",
        "RRDIV": "Speedway",
        "RRSUBDIV": "Greenville",
        "HIGHWAY": "CO 3896",
        "STREET": "RD 9070",
        "TTSTN": "661497",
        "MILEPOST": "0065.430",
        "TYPEXING": "Public",
        "POSXING": "At Grade",
        "PRVCAT": "14",
        "INIT": "1",
        "LATITUDE": 32.880133,
        "LONGITUD": -94.537854,
        "LLSOURCE": "1",
        "WHISTBAN": "0",
        "RRCONT": "3186766269",
        "POLCONT": "8775279464",
        "INV_LINK": "https://safetydata.fra.dot.gov/OfficeofSafety/PublicSite/Crossing/Crossing.aspx?phasetype=C&rpttype=I&txtcrossingnum=331471D",
        "ACC_LINK": "https://safetydata.fra.dot.gov/OfficeofSafety/PublicSite/Crossing/Crossing.aspx?phasetype=C&rpttype=A&txtcrossingnum=331471D",
        "TTSTNNAM": "661497",
        "XPURPOSE": "1",
        "OPERATINGR": "CPKC",
        "OPERATIN_1": "Primary",
        "DAYTHRU": 4,
        "NGHTTHRU": 3,
        "MAINTRK": 1,
        "SIDINGTRK": 0,
        "YARDTRK": 0,
        "TRANSITTRK": 0,
        "INDUSTRYTR": 0,
        "OTHRTRK": 0,
        "WDCODE": "All other Gates",
        "REVISIONDA": "1975/01/01 00:00:00",
        "LASTUPDATE": "2/26/2026",
        "AADT": "63",
        "AADTYEAR": "2019",
        "STATENAME": "TEXAS",
        "STATEAB": "TX",
        "COUNTYNAME": "CASS",
        "CITYNAME": "AVINGER",
        "LATDD": 32.880133,
        "LONGDD": -94.537854,
        "gridlyProductionCertified": true,
        "gridlyClassification": "PUBLIC_ROADWAY",
        "gridlyDisplayName": "RD 9070",
        "gridlyId": "FRA-331471D"
      }
    },
    {
      "type": "Feature",
      "id": 205348,
      "geometry": {
        "type": "Point",
        "coordinates": [
          -94.6018330002668,
          32.986520999842
        ]
      },
      "properties": {
        "OBJECTID": 205348,
        "CROSSING": "331479H",
        "EFFDATE": 1772064000000,
        "REASON": "14",
        "StateCode": "48",
        "CountyCode": "48067",
        "STCYFIPS": "48067",
        "CITYCD": "480673310",
        "RAILROAD": "KCS",
        "RRDIV": "Speedway",
        "RRSUBDIV": "Greenville",
        "HIGHWAY": "NA",
        "STREET": "Private",
        "TTSTN": "661493",
        "MILEPOST": "0074.110",
        "TYPEXING": "Private",
        "POSXING": "At Grade",
        "PRVCAT": "14",
        "INIT": "1",
        "LATITUDE": 32.986521,
        "LONGITUD": -94.601833,
        "LLSOURCE": "1",
        "WHISTBAN": "0",
        "RRCONT": "3186766269",
        "POLCONT": "8775279464",
        "INV_LINK": "https://safetydata.fra.dot.gov/OfficeofSafety/PublicSite/Crossing/Crossing.aspx?phasetype=C&rpttype=I&txtcrossingnum=331479H",
        "ACC_LINK": "https://safetydata.fra.dot.gov/OfficeofSafety/PublicSite/Crossing/Crossing.aspx?phasetype=C&rpttype=A&txtcrossingnum=331479H",
        "TTSTNNAM": "661493",
        "XPURPOSE": "1",
        "OPERATINGR": "CPKC",
        "OPERATIN_1": "Primary",
        "DAYTHRU": 4,
        "NGHTTHRU": 3,
        "MAINTRK": 1,
        "SIDINGTRK": 0,
        "YARDTRK": 0,
        "TRANSITTRK": 0,
        "INDUSTRYTR": 0,
        "OTHRTRK": 0,
        "WDCODE": "",
        "REVISIONDA": "1975/01/01 00:00:00",
        "LASTUPDATE": "2/26/2026",
        "AADT": "1",
        "AADTYEAR": "1970",
        "STATENAME": "TEXAS",
        "STATEAB": "TX",
        "COUNTYNAME": "CASS",
        "CITYNAME": "HUGHES SPRINGS",
        "LATDD": 32.986521,
        "LONGDD": -94.601833,
        "gridlyProductionCertified": true,
        "gridlyClassification": "PUBLIC_ROADWAY",
        "gridlyDisplayName": "Private",
        "gridlyId": "FRA-331479H"
      }
    },
    {
      "type": "Feature",
      "id": 206750,
      "geometry": {
        "type": "Point",
        "coordinates": [
          -94.5592409998344,
          32.9088929996471
        ]
      },
      "properties": {
        "OBJECTID": 206750,
        "CROSSING": "331475F",
        "EFFDATE": 1772409600000,
        "REASON": "14",
        "StateCode": "48",
        "CountyCode": "48067",
        "STCYFIPS": "48067",
        "CITYCD": "480670360",
        "RAILROAD": "KCS",
        "RRDIV": "Speedway",
        "RRSUBDIV": "Greenville",
        "HIGHWAY": "CO 1587",
        "STREET": "CR 1587",
        "TTSTN": "661497",
        "MILEPOST": "0068.010",
        "TYPEXING": "Public",
        "POSXING": "At Grade",
        "PRVCAT": "14",
        "INIT": "1",
        "LATITUDE": 32.908893,
        "LONGITUD": -94.559241,
        "LLSOURCE": "1",
        "WHISTBAN": "0",
        "RRCONT": "3186766269",
        "POLCONT": "8775279464",
        "INV_LINK": "https://safetydata.fra.dot.gov/OfficeofSafety/PublicSite/Crossing/Crossing.aspx?phasetype=C&rpttype=I&txtcrossingnum=331475F",
        "ACC_LINK": "https://safetydata.fra.dot.gov/OfficeofSafety/PublicSite/Crossing/Crossing.aspx?phasetype=C&rpttype=A&txtcrossingnum=331475F",
        "TTSTNNAM": "661497",
        "XPURPOSE": "1",
        "OPERATINGR": "CPKC",
        "OPERATIN_1": "Primary",
        "DAYTHRU": 4,
        "NGHTTHRU": 3,
        "MAINTRK": 1,
        "SIDINGTRK": 0,
        "YARDTRK": 0,
        "TRANSITTRK": 0,
        "INDUSTRYTR": 0,
        "OTHRTRK": 0,
        "WDCODE": "Crossbucks",
        "REVISIONDA": "1975/01/01 00:00:00",
        "LASTUPDATE": "3/2/2026",
        "AADT": "33",
        "AADTYEAR": "2019",
        "STATENAME": "TEXAS",
        "STATEAB": "TX",
        "COUNTYNAME": "CASS",
        "CITYNAME": "AVINGER",
        "LATDD": 32.908893,
        "LONGDD": -94.559241,
        "gridlyProductionCertified": true,
        "gridlyClassification": "PUBLIC_ROADWAY",
        "gridlyDisplayName": "CR 1587",
        "gridlyId": "FRA-331475F"
      }
    },
    {
      "type": "Feature",
      "id": 207284,
      "geometry": {
        "type": "Point",
        "coordinates": [
          -94.1346763996623,
          33.2333159002033
        ]
      },
      "properties": {
        "OBJECTID": 207284,
        "CROSSING": "794534J",
        "EFFDATE": 1756425600000,
        "REASON": "14",
        "StateCode": "48",
        "CountyCode": "48067",
        "STCYFIPS": "48067",
        "CITYCD": "480675580",
        "RAILROAD": "UP",
        "RRDIV": "MID AMERICA",
        "RRSUBDIV": "LITTLE ROCK SUB",
        "HIGHWAY": "FM 2327",
        "STREET": "FM 2327",
        "TTSTN": "661416",
        "MILEPOST": "0015.210",
        "TYPEXING": "Public",
        "POSXING": "At Grade",
        "PRVCAT": "14",
        "INIT": "1",
        "LATITUDE": 33.2333159,
        "LONGITUD": -94.1346764,
        "LLSOURCE": "1",
        "WHISTBAN": "0",
        "RRCONT": "4025443721",
        "POLCONT": "8008488715",
        "INV_LINK": "https://safetydata.fra.dot.gov/OfficeofSafety/PublicSite/Crossing/Crossing.aspx?phasetype=C&rpttype=I&txtcrossingnum=794534J",
        "ACC_LINK": "https://safetydata.fra.dot.gov/OfficeofSafety/PublicSite/Crossing/Crossing.aspx?phasetype=C&rpttype=A&txtcrossingnum=794534J",
        "TTSTNNAM": "",
        "XPURPOSE": "1",
        "OPERATINGR": "UP",
        "OPERATIN_1": "Primary",
        "DAYTHRU": 14,
        "NGHTTHRU": 13,
        "MAINTRK": 1,
        "SIDINGTRK": 1,
        "YARDTRK": 0,
        "TRANSITTRK": 0,
        "INDUSTRYTR": 0,
        "OTHRTRK": 1,
        "WDCODE": "All other Gates",
        "REVISIONDA": "1975/01/01 00:00:00",
        "LASTUPDATE": "8/29/2025",
        "AADT": "476",
        "AADTYEAR": "2019",
        "STATENAME": "TEXAS",
        "STATEAB": "TX",
        "COUNTYNAME": "CASS",
        "CITYNAME": "QUEEN CITY",
        "LATDD": 33.2333159,
        "LONGDD": -94.1346764,
        "gridlyProductionCertified": true,
        "gridlyClassification": "PUBLIC_ROADWAY",
        "gridlyDisplayName": "FM 2327",
        "gridlyId": "FRA-794534J"
      }
    },
    {
      "type": "Feature",
      "id": 207285,
      "geometry": {
        "type": "Point",
        "coordinates": [
          -94.1520758998415,
          33.1798394999762
        ]
      },
      "properties": {
        "OBJECTID": 207285,
        "CROSSING": "794536X",
        "EFFDATE": 1756425600000,
        "REASON": "14",
        "StateCode": "48",
        "CountyCode": "48067",
        "STCYFIPS": "48067",
        "CITYCD": "480675580",
        "RAILROAD": "UP",
        "RRDIV": "MID AMERICA",
        "RRSUBDIV": "LITTLE ROCK SUB",
        "HIGHWAY": "FM 2327",
        "STREET": "FM 2327",
        "TTSTN": "661416",
        "MILEPOST": "0019.130",
        "TYPEXING": "Public",
        "POSXING": "At Grade",
        "PRVCAT": "14",
        "INIT": "1",
        "LATITUDE": 33.1798395,
        "LONGITUD": -94.1520759,
        "LLSOURCE": "1",
        "WHISTBAN": "0",
        "RRCONT": "4025443721",
        "POLCONT": "8008488715",
        "INV_LINK": "https://safetydata.fra.dot.gov/OfficeofSafety/PublicSite/Crossing/Crossing.aspx?phasetype=C&rpttype=I&txtcrossingnum=794536X",
        "ACC_LINK": "https://safetydata.fra.dot.gov/OfficeofSafety/PublicSite/Crossing/Crossing.aspx?phasetype=C&rpttype=A&txtcrossingnum=794536X",
        "TTSTNNAM": "",
        "XPURPOSE": "1",
        "OPERATINGR": "UP",
        "OPERATIN_1": "Primary",
        "DAYTHRU": 14,
        "NGHTTHRU": 13,
        "MAINTRK": 1,
        "SIDINGTRK": 0,
        "YARDTRK": 0,
        "TRANSITTRK": 0,
        "INDUSTRYTR": 0,
        "OTHRTRK": 0,
        "WDCODE": "All other Gates",
        "REVISIONDA": "1975/01/01 00:00:00",
        "LASTUPDATE": "8/29/2025",
        "AADT": "698",
        "AADTYEAR": "2019",
        "STATENAME": "TEXAS",
        "STATEAB": "TX",
        "COUNTYNAME": "CASS",
        "CITYNAME": "QUEEN CITY",
        "LATDD": 33.1798395,
        "LONGDD": -94.1520759,
        "gridlyProductionCertified": true,
        "gridlyClassification": "PUBLIC_ROADWAY",
        "gridlyDisplayName": "FM 2327",
        "gridlyId": "FRA-794536X"
      }
    },
    {
      "type": "Feature",
      "id": 207286,
      "geometry": {
        "type": "Point",
        "coordinates": [
          -94.1507756998588,
          33.1508198003147
        ]
      },
      "properties": {
        "OBJECTID": 207286,
        "CROSSING": "794538L",
        "EFFDATE": 1756425600000,
        "REASON": "14",
        "StateCode": "48",
        "CountyCode": "48067",
        "STCYFIPS": "48067",
        "CITYCD": "480675580",
        "RAILROAD": "UP",
        "RRDIV": "MID AMERICA",
        "RRSUBDIV": "LITTLE ROCK SUB",
        "HIGHWAY": "ST 0000",
        "STREET": "LANARK STREET",
        "TTSTN": "661416",
        "MILEPOST": "0021.140",
        "TYPEXING": "Public",
        "POSXING": "At Grade",
        "PRVCAT": "14",
        "INIT": "1",
        "LATITUDE": 33.1508198,
        "LONGITUD": -94.1507757,
        "LLSOURCE": "1",
        "WHISTBAN": "0",
        "RRCONT": "4025443721",
        "POLCONT": "8008488715",
        "INV_LINK": "https://safetydata.fra.dot.gov/OfficeofSafety/PublicSite/Crossing/Crossing.aspx?phasetype=C&rpttype=I&txtcrossingnum=794538L",
        "ACC_LINK": "https://safetydata.fra.dot.gov/OfficeofSafety/PublicSite/Crossing/Crossing.aspx?phasetype=C&rpttype=A&txtcrossingnum=794538L",
        "TTSTNNAM": "",
        "XPURPOSE": "1",
        "OPERATINGR": "UP",
        "OPERATIN_1": "Primary",
        "DAYTHRU": 14,
        "NGHTTHRU": 13,
        "MAINTRK": 1,
        "SIDINGTRK": 1,
        "YARDTRK": 0,
        "TRANSITTRK": 0,
        "INDUSTRYTR": 0,
        "OTHRTRK": 1,
        "WDCODE": "All other Gates",
        "REVISIONDA": "1975/01/01 00:00:00",
        "LASTUPDATE": "8/29/2025",
        "AADT": "783",
        "AADTYEAR": "2019",
        "STATENAME": "TEXAS",
        "STATEAB": "TX",
        "COUNTYNAME": "CASS",
        "CITYNAME": "QUEEN CITY",
        "LATDD": 33.1508198,
        "LONGDD": -94.1507757,
        "gridlyProductionCertified": true,
        "gridlyClassification": "PUBLIC_ROADWAY",
        "gridlyDisplayName": "LANARK STREET",
        "gridlyId": "FRA-794538L"
      }
    },
    {
      "type": "Feature",
      "id": 207287,
      "geometry": {
        "type": "Point",
        "coordinates": [
          -94.1520877998241,
          33.1489409002517
        ]
      },
      "properties": {
        "OBJECTID": 207287,
        "CROSSING": "794539T",
        "EFFDATE": 1756425600000,
        "REASON": "14",
        "StateCode": "48",
        "CountyCode": "48067",
        "STCYFIPS": "48067",
        "CITYCD": "480675580",
        "RAILROAD": "UP",
        "RRDIV": "MID AMERICA",
        "RRSUBDIV": "LITTLE ROCK SUB",
        "HIGHWAY": "FM 0074",
        "STREET": "FM 74",
        "TTSTN": "661416",
        "MILEPOST": "0021.290",
        "TYPEXING": "Public",
        "POSXING": "At Grade",
        "PRVCAT": "14",
        "INIT": "1",
        "LATITUDE": 33.1489409,
        "LONGITUD": -94.1520878,
        "LLSOURCE": "1",
        "WHISTBAN": "0",
        "RRCONT": "4025443721",
        "POLCONT": "8008488715",
        "INV_LINK": "https://safetydata.fra.dot.gov/OfficeofSafety/PublicSite/Crossing/Crossing.aspx?phasetype=C&rpttype=I&txtcrossingnum=794539T",
        "ACC_LINK": "https://safetydata.fra.dot.gov/OfficeofSafety/PublicSite/Crossing/Crossing.aspx?phasetype=C&rpttype=A&txtcrossingnum=794539T",
        "TTSTNNAM": "",
        "XPURPOSE": "1",
        "OPERATINGR": "UP",
        "OPERATIN_1": "Primary",
        "DAYTHRU": 14,
        "NGHTTHRU": 13,
        "MAINTRK": 1,
        "SIDINGTRK": 0,
        "YARDTRK": 0,
        "TRANSITTRK": 0,
        "INDUSTRYTR": 0,
        "OTHRTRK": 0,
        "WDCODE": "All other Gates",
        "REVISIONDA": "1975/01/01 00:00:00",
        "LASTUPDATE": "8/29/2025",
        "AADT": "3124",
        "AADTYEAR": "2019",
        "STATENAME": "TEXAS",
        "STATEAB": "TX",
        "COUNTYNAME": "CASS",
        "CITYNAME": "QUEEN CITY",
        "LATDD": 33.1489409,
        "LONGDD": -94.1520878,
        "gridlyProductionCertified": true,
        "gridlyClassification": "PUBLIC_ROADWAY",
        "gridlyDisplayName": "FM 74",
        "gridlyId": "FRA-794539T"
      }
    },
    {
      "type": "Feature",
      "id": 207292,
      "geometry": {
        "type": "Point",
        "coordinates": [
          -94.1639235995624,
          33.1188052998948
        ]
      },
      "properties": {
        "OBJECTID": 207292,
        "CROSSING": "794541U",
        "EFFDATE": 1756425600000,
        "REASON": "14",
        "StateCode": "48",
        "CountyCode": "48067",
        "STCYFIPS": "48067",
        "CITYCD": "480670310",
        "RAILROAD": "UP",
        "RRDIV": "MID AMERICA",
        "RRSUBDIV": "LITTLE ROCK SUB",
        "HIGHWAY": "ST 0000",
        "STREET": "ALLDAY STREET",
        "TTSTN": "661419",
        "MILEPOST": "0023.520",
        "TYPEXING": "Public",
        "POSXING": "At Grade",
        "PRVCAT": "14",
        "INIT": "1",
        "LATITUDE": 33.1188053,
        "LONGITUD": -94.1639236,
        "LLSOURCE": "1",
        "WHISTBAN": "0",
        "RRCONT": "4025443721",
        "POLCONT": "8008488715",
        "INV_LINK": "https://safetydata.fra.dot.gov/OfficeofSafety/PublicSite/Crossing/Crossing.aspx?phasetype=C&rpttype=I&txtcrossingnum=794541U",
        "ACC_LINK": "https://safetydata.fra.dot.gov/OfficeofSafety/PublicSite/Crossing/Crossing.aspx?phasetype=C&rpttype=A&txtcrossingnum=794541U",
        "TTSTNNAM": "",
        "XPURPOSE": "1",
        "OPERATINGR": "UP",
        "OPERATIN_1": "Primary",
        "DAYTHRU": 14,
        "NGHTTHRU": 13,
        "MAINTRK": 1,
        "SIDINGTRK": 0,
        "YARDTRK": 0,
        "TRANSITTRK": 0,
        "INDUSTRYTR": 0,
        "OTHRTRK": 0,
        "WDCODE": "All other Gates",
        "REVISIONDA": "1975/01/01 00:00:00",
        "LASTUPDATE": "8/29/2025",
        "AADT": "3398",
        "AADTYEAR": "2019",
        "STATENAME": "TEXAS",
        "STATEAB": "TX",
        "COUNTYNAME": "CASS",
        "CITYNAME": "ATLANTA",
        "LATDD": 33.1188053,
        "LONGDD": -94.1639236,
        "gridlyProductionCertified": true,
        "gridlyClassification": "PUBLIC_ROADWAY",
        "gridlyDisplayName": "ALLDAY STREET",
        "gridlyId": "FRA-794541U"
      }
    },
    {
      "type": "Feature",
      "id": 207293,
      "geometry": {
        "type": "Point",
        "coordinates": [
          -94.1532958003192,
          33.1454785002787
        ]
      },
      "properties": {
        "OBJECTID": 207293,
        "CROSSING": "794540M",
        "EFFDATE": 1756425600000,
        "REASON": "14",
        "StateCode": "48",
        "CountyCode": "48067",
        "STCYFIPS": "48067",
        "CITYCD": "480675580",
        "RAILROAD": "UP",
        "RRDIV": "MID AMERICA",
        "RRSUBDIV": "LITTLE ROCK SUB",
        "HIGHWAY": "ST 0000",
        "STREET": "FIRST STREET",
        "TTSTN": "661416",
        "MILEPOST": "0021.530",
        "TYPEXING": "Public",
        "POSXING": "At Grade",
        "PRVCAT": "14",
        "INIT": "1",
        "LATITUDE": 33.1454785,
        "LONGITUD": -94.1532958,
        "LLSOURCE": "1",
        "WHISTBAN": "0",
        "RRCONT": "4025443721",
        "POLCONT": "8008488715",
        "INV_LINK": "https://safetydata.fra.dot.gov/OfficeofSafety/PublicSite/Crossing/Crossing.aspx?phasetype=C&rpttype=I&txtcrossingnum=794540M",
        "ACC_LINK": "https://safetydata.fra.dot.gov/OfficeofSafety/PublicSite/Crossing/Crossing.aspx?phasetype=C&rpttype=A&txtcrossingnum=794540M",
        "TTSTNNAM": "",
        "XPURPOSE": "1",
        "OPERATINGR": "UP",
        "OPERATIN_1": "Primary",
        "DAYTHRU": 14,
        "NGHTTHRU": 13,
        "MAINTRK": 1,
        "SIDINGTRK": 0,
        "YARDTRK": 0,
        "TRANSITTRK": 0,
        "INDUSTRYTR": 0,
        "OTHRTRK": 0,
        "WDCODE": "All other Gates",
        "REVISIONDA": "1975/01/01 00:00:00",
        "LASTUPDATE": "8/29/2025",
        "AADT": "437",
        "AADTYEAR": "2019",
        "STATENAME": "TEXAS",
        "STATEAB": "TX",
        "COUNTYNAME": "CASS",
        "CITYNAME": "QUEEN CITY",
        "LATDD": 33.1454785,
        "LONGDD": -94.1532958,
        "gridlyProductionCertified": true,
        "gridlyClassification": "PUBLIC_ROADWAY",
        "gridlyDisplayName": "FIRST STREET",
        "gridlyId": "FRA-794540M"
      }
    },
    {
      "type": "Feature",
      "id": 207294,
      "geometry": {
        "type": "Point",
        "coordinates": [
          -94.1646636999654,
          33.1168508003687
        ]
      },
      "properties": {
        "OBJECTID": 207294,
        "CROSSING": "794542B",
        "EFFDATE": 1756425600000,
        "REASON": "14",
        "StateCode": "48",
        "CountyCode": "48067",
        "STCYFIPS": "48067",
        "CITYCD": "480670310",
        "RAILROAD": "UP",
        "RRDIV": "MID AMERICA",
        "RRSUBDIV": "LITTLE ROCK SUB",
        "HIGHWAY": "ST 0000",
        "STREET": "MILLER STREET",
        "TTSTN": "661419",
        "MILEPOST": "0023.660",
        "TYPEXING": "Public",
        "POSXING": "At Grade",
        "PRVCAT": "14",
        "INIT": "1",
        "LATITUDE": 33.1168508,
        "LONGITUD": -94.1646637,
        "LLSOURCE": "1",
        "WHISTBAN": "0",
        "RRCONT": "4025443721",
        "POLCONT": "8008488715",
        "INV_LINK": "https://safetydata.fra.dot.gov/OfficeofSafety/PublicSite/Crossing/Crossing.aspx?phasetype=C&rpttype=I&txtcrossingnum=794542B",
        "ACC_LINK": "https://safetydata.fra.dot.gov/OfficeofSafety/PublicSite/Crossing/Crossing.aspx?phasetype=C&rpttype=A&txtcrossingnum=794542B",
        "TTSTNNAM": "",
        "XPURPOSE": "1",
        "OPERATINGR": "UP",
        "OPERATIN_1": "Primary",
        "DAYTHRU": 14,
        "NGHTTHRU": 13,
        "MAINTRK": 1,
        "SIDINGTRK": 0,
        "YARDTRK": 0,
        "TRANSITTRK": 0,
        "INDUSTRYTR": 0,
        "OTHRTRK": 0,
        "WDCODE": "All other Gates",
        "REVISIONDA": "1975/01/01 00:00:00",
        "LASTUPDATE": "8/29/2025",
        "AADT": "1537",
        "AADTYEAR": "2019",
        "STATENAME": "TEXAS",
        "STATEAB": "TX",
        "COUNTYNAME": "CASS",
        "CITYNAME": "ATLANTA",
        "LATDD": 33.1168508,
        "LONGDD": -94.1646637,
        "gridlyProductionCertified": true,
        "gridlyClassification": "PUBLIC_ROADWAY",
        "gridlyDisplayName": "MILLER STREET",
        "gridlyId": "FRA-794542B"
      }
    },
    {
      "type": "Feature",
      "id": 207295,
      "geometry": {
        "type": "Point",
        "coordinates": [
          -94.1653475002546,
          33.1150450000011
        ]
      },
      "properties": {
        "OBJECTID": 207295,
        "CROSSING": "794543H",
        "EFFDATE": 1756425600000,
        "REASON": "14",
        "StateCode": "48",
        "CountyCode": "48067",
        "STCYFIPS": "48067",
        "CITYCD": "480670310",
        "RAILROAD": "UP",
        "RRDIV": "MID AMERICA",
        "RRSUBDIV": "LITTLE ROCK SUB",
        "HIGHWAY": "ST 0000",
        "STREET": "HIRAM STREET",
        "TTSTN": "661419",
        "MILEPOST": "0023.790",
        "TYPEXING": "Public",
        "POSXING": "At Grade",
        "PRVCAT": "14",
        "INIT": "1",
        "LATITUDE": 33.115045,
        "LONGITUD": -94.1653475,
        "LLSOURCE": "1",
        "WHISTBAN": "0",
        "RRCONT": "4025443721",
        "POLCONT": "8008488715",
        "INV_LINK": "https://safetydata.fra.dot.gov/OfficeofSafety/PublicSite/Crossing/Crossing.aspx?phasetype=C&rpttype=I&txtcrossingnum=794543H",
        "ACC_LINK": "https://safetydata.fra.dot.gov/OfficeofSafety/PublicSite/Crossing/Crossing.aspx?phasetype=C&rpttype=A&txtcrossingnum=794543H",
        "TTSTNNAM": "",
        "XPURPOSE": "1",
        "OPERATINGR": "UP",
        "OPERATIN_1": "Primary",
        "DAYTHRU": 14,
        "NGHTTHRU": 13,
        "MAINTRK": 1,
        "SIDINGTRK": 0,
        "YARDTRK": 0,
        "TRANSITTRK": 0,
        "INDUSTRYTR": 0,
        "OTHRTRK": 0,
        "WDCODE": "All other Gates",
        "REVISIONDA": "1975/01/01 00:00:00",
        "LASTUPDATE": "8/29/2025",
        "AADT": "530",
        "AADTYEAR": "2019",
        "STATENAME": "TEXAS",
        "STATEAB": "TX",
        "COUNTYNAME": "CASS",
        "CITYNAME": "ATLANTA",
        "LATDD": 33.115045,
        "LONGDD": -94.1653475,
        "gridlyProductionCertified": true,
        "gridlyClassification": "PUBLIC_ROADWAY",
        "gridlyDisplayName": "HIRAM STREET",
        "gridlyId": "FRA-794543H"
      }
    },
    {
      "type": "Feature",
      "id": 207297,
      "geometry": {
        "type": "Point",
        "coordinates": [
          -94.1656840998899,
          33.1141559999185
        ]
      },
      "properties": {
        "OBJECTID": 207297,
        "CROSSING": "794544P",
        "EFFDATE": 1756425600000,
        "REASON": "14",
        "StateCode": "48",
        "CountyCode": "48067",
        "STCYFIPS": "48067",
        "CITYCD": "480670310",
        "RAILROAD": "UP",
        "RRDIV": "MID AMERICA",
        "RRSUBDIV": "LITTLE ROCK SUB",
        "HIGHWAY": "FM 0249",
        "STREET": "EAST MAIN STREET",
        "TTSTN": "661419",
        "MILEPOST": "0023.860",
        "TYPEXING": "Public",
        "POSXING": "At Grade",
        "PRVCAT": "14",
        "INIT": "1",
        "LATITUDE": 33.114156,
        "LONGITUD": -94.1656841,
        "LLSOURCE": "1",
        "WHISTBAN": "0",
        "RRCONT": "4025443721",
        "POLCONT": "8008488715",
        "INV_LINK": "https://safetydata.fra.dot.gov/OfficeofSafety/PublicSite/Crossing/Crossing.aspx?phasetype=C&rpttype=I&txtcrossingnum=794544P",
        "ACC_LINK": "https://safetydata.fra.dot.gov/OfficeofSafety/PublicSite/Crossing/Crossing.aspx?phasetype=C&rpttype=A&txtcrossingnum=794544P",
        "TTSTNNAM": "",
        "XPURPOSE": "1",
        "OPERATINGR": "UP",
        "OPERATIN_1": "Primary",
        "DAYTHRU": 14,
        "NGHTTHRU": 13,
        "MAINTRK": 1,
        "SIDINGTRK": 0,
        "YARDTRK": 0,
        "TRANSITTRK": 0,
        "INDUSTRYTR": 0,
        "OTHRTRK": 2,
        "WDCODE": "All other Gates",
        "REVISIONDA": "1975/01/01 00:00:00",
        "LASTUPDATE": "8/29/2025",
        "AADT": "6746",
        "AADTYEAR": "2020",
        "STATENAME": "TEXAS",
        "STATEAB": "TX",
        "COUNTYNAME": "CASS",
        "CITYNAME": "ATLANTA",
        "LATDD": 33.114156,
        "LONGDD": -94.1656841,
        "gridlyProductionCertified": true,
        "gridlyClassification": "PUBLIC_ROADWAY",
        "gridlyDisplayName": "EAST MAIN STREET",
        "gridlyId": "FRA-794544P"
      }
    },
    {
      "type": "Feature",
      "id": 207298,
      "geometry": {
        "type": "Point",
        "coordinates": [
          -94.1999260001433,
          33.0195640001261
        ]
      },
      "properties": {
        "OBJECTID": 207298,
        "CROSSING": "794551A",
        "EFFDATE": 1756425600000,
        "REASON": "14",
        "StateCode": "48",
        "CountyCode": "48067",
        "STCYFIPS": "48067",
        "CITYCD": "480670663",
        "RAILROAD": "UP",
        "RRDIV": "MID AMERICA",
        "RRSUBDIV": "LITTLE ROCK SUB",
        "HIGHWAY": "SH 0043",
        "STREET": "TX 43",
        "TTSTN": "661455",
        "MILEPOST": "0030.870",
        "TYPEXING": "Public",
        "POSXING": "RR Under",
        "PRVCAT": "14",
        "INIT": "1",
        "LATITUDE": 33.019564,
        "LONGITUD": -94.199926,
        "LLSOURCE": "1",
        "WHISTBAN": "0",
        "RRCONT": "4025443721",
        "POLCONT": "8008488715",
        "INV_LINK": "https://safetydata.fra.dot.gov/OfficeofSafety/PublicSite/Crossing/Crossing.aspx?phasetype=C&rpttype=I&txtcrossingnum=794551A",
        "ACC_LINK": "https://safetydata.fra.dot.gov/OfficeofSafety/PublicSite/Crossing/Crossing.aspx?phasetype=C&rpttype=A&txtcrossingnum=794551A",
        "TTSTNNAM": "",
        "XPURPOSE": "1",
        "OPERATINGR": "UP",
        "OPERATIN_1": "Primary",
        "DAYTHRU": 17,
        "NGHTTHRU": 16,
        "MAINTRK": 1,
        "SIDINGTRK": 1,
        "YARDTRK": 0,
        "TRANSITTRK": 0,
        "INDUSTRYTR": 0,
        "OTHRTRK": 0,
        "WDCODE": "",
        "REVISIONDA": "1975/01/01 00:00:00",
        "LASTUPDATE": "8/29/2025",
        "AADT": "1750",
        "AADTYEAR": "2011",
        "STATENAME": "TEXAS",
        "STATEAB": "TX",
        "COUNTYNAME": "CASS",
        "CITYNAME": "BIVINS",
        "LATDD": 33.019564,
        "LONGDD": -94.199926,
        "gridlyProductionCertified": true,
        "gridlyClassification": "PUBLIC_ROADWAY",
        "gridlyDisplayName": "TX 43",
        "gridlyId": "FRA-794551A"
      }
    },
    {
      "type": "Feature",
      "id": 207299,
      "geometry": {
        "type": "Point",
        "coordinates": [
          -94.2050194999065,
          33.0044373002616
        ]
      },
      "properties": {
        "OBJECTID": 207299,
        "CROSSING": "794552G",
        "EFFDATE": 1756425600000,
        "REASON": "14",
        "StateCode": "48",
        "CountyCode": "48067",
        "STCYFIPS": "48067",
        "CITYCD": "480670663",
        "RAILROAD": "UP",
        "RRDIV": "MID AMERICA",
        "RRSUBDIV": "LITTLE ROCK SUB",
        "HIGHWAY": "CO 4124",
        "STREET": "CR 4124",
        "TTSTN": "661455",
        "MILEPOST": "0031.960",
        "TYPEXING": "Public",
        "POSXING": "At Grade",
        "PRVCAT": "14",
        "INIT": "1",
        "LATITUDE": 33.0044373,
        "LONGITUD": -94.2050195,
        "LLSOURCE": "1",
        "WHISTBAN": "0",
        "RRCONT": "4025443721",
        "POLCONT": "8008488715",
        "INV_LINK": "https://safetydata.fra.dot.gov/OfficeofSafety/PublicSite/Crossing/Crossing.aspx?phasetype=C&rpttype=I&txtcrossingnum=794552G",
        "ACC_LINK": "https://safetydata.fra.dot.gov/OfficeofSafety/PublicSite/Crossing/Crossing.aspx?phasetype=C&rpttype=A&txtcrossingnum=794552G",
        "TTSTNNAM": "",
        "XPURPOSE": "1",
        "OPERATINGR": "UP",
        "OPERATIN_1": "Primary",
        "DAYTHRU": 14,
        "NGHTTHRU": 13,
        "MAINTRK": 1,
        "SIDINGTRK": 0,
        "YARDTRK": 0,
        "TRANSITTRK": 0,
        "INDUSTRYTR": 0,
        "OTHRTRK": 0,
        "WDCODE": "All other Gates",
        "REVISIONDA": "1975/01/01 00:00:00",
        "LASTUPDATE": "8/29/2025",
        "AADT": "10",
        "AADTYEAR": "2019",
        "STATENAME": "TEXAS",
        "STATEAB": "TX",
        "COUNTYNAME": "CASS",
        "CITYNAME": "BIVINS",
        "LATDD": 33.0044373,
        "LONGDD": -94.2050195,
        "gridlyProductionCertified": true,
        "gridlyClassification": "PUBLIC_ROADWAY",
        "gridlyDisplayName": "CR 4124",
        "gridlyId": "FRA-794552G"
      }
    },
    {
      "type": "Feature",
      "id": 207300,
      "geometry": {
        "type": "Point",
        "coordinates": [
          -94.1807276002515,
          33.0670428003685
        ]
      },
      "properties": {
        "OBJECTID": 207300,
        "CROSSING": "794546D",
        "EFFDATE": 1756425600000,
        "REASON": "14",
        "StateCode": "48",
        "CountyCode": "48067",
        "STCYFIPS": "48067",
        "CITYCD": "480670310",
        "RAILROAD": "UP",
        "RRDIV": "MID AMERICA",
        "RRSUBDIV": "LITTLE ROCK SUB",
        "HIGHWAY": "CO 4224",
        "STREET": "CR 4224",
        "TTSTN": "661419",
        "MILEPOST": "0027.265",
        "TYPEXING": "Public",
        "POSXING": "At Grade",
        "PRVCAT": "14",
        "INIT": "1",
        "LATITUDE": 33.0670428,
        "LONGITUD": -94.1807276,
        "LLSOURCE": "1",
        "WHISTBAN": "0",
        "RRCONT": "4025443721",
        "POLCONT": "8008488715",
        "INV_LINK": "https://safetydata.fra.dot.gov/OfficeofSafety/PublicSite/Crossing/Crossing.aspx?phasetype=C&rpttype=I&txtcrossingnum=794546D",
        "ACC_LINK": "https://safetydata.fra.dot.gov/OfficeofSafety/PublicSite/Crossing/Crossing.aspx?phasetype=C&rpttype=A&txtcrossingnum=794546D",
        "TTSTNNAM": "",
        "XPURPOSE": "1",
        "OPERATINGR": "UP",
        "OPERATIN_1": "Primary",
        "DAYTHRU": 14,
        "NGHTTHRU": 13,
        "MAINTRK": 1,
        "SIDINGTRK": 0,
        "YARDTRK": 0,
        "TRANSITTRK": 0,
        "INDUSTRYTR": 0,
        "OTHRTRK": 0,
        "WDCODE": "Stop signs",
        "REVISIONDA": "1975/01/01 00:00:00",
        "LASTUPDATE": "8/29/2025",
        "AADT": "27",
        "AADTYEAR": "2019",
        "STATENAME": "TEXAS",
        "STATEAB": "TX",
        "COUNTYNAME": "CASS",
        "CITYNAME": "ATLANTA",
        "LATDD": 33.0670428,
        "LONGDD": -94.1807276,
        "gridlyProductionCertified": true,
        "gridlyClassification": "PUBLIC_ROADWAY",
        "gridlyDisplayName": "CR 4224",
        "gridlyId": "FRA-794546D"
      }
    },
    {
      "type": "Feature",
      "id": 207301,
      "geometry": {
        "type": "Point",
        "coordinates": [
          -94.1863450998964,
          33.0374219001435
        ]
      },
      "properties": {
        "OBJECTID": 207301,
        "CROSSING": "794548S",
        "EFFDATE": 1756425600000,
        "REASON": "14",
        "StateCode": "48",
        "CountyCode": "48067",
        "STCYFIPS": "48067",
        "CITYCD": "480670310",
        "RAILROAD": "UP",
        "RRDIV": "MID AMERICA",
        "RRSUBDIV": "LITTLE ROCK SUB",
        "HIGHWAY": "CO 4230",
        "STREET": "CR 4230",
        "TTSTN": "661455",
        "MILEPOST": "0029.360",
        "TYPEXING": "Public",
        "POSXING": "At Grade",
        "PRVCAT": "14",
        "INIT": "1",
        "LATITUDE": 33.0374219,
        "LONGITUD": -94.1863451,
        "LLSOURCE": "1",
        "WHISTBAN": "0",
        "RRCONT": "4025443721",
        "POLCONT": "8008488715",
        "INV_LINK": "https://safetydata.fra.dot.gov/OfficeofSafety/PublicSite/Crossing/Crossing.aspx?phasetype=C&rpttype=I&txtcrossingnum=794548S",
        "ACC_LINK": "https://safetydata.fra.dot.gov/OfficeofSafety/PublicSite/Crossing/Crossing.aspx?phasetype=C&rpttype=A&txtcrossingnum=794548S",
        "TTSTNNAM": "",
        "XPURPOSE": "1",
        "OPERATINGR": "UP",
        "OPERATIN_1": "Primary",
        "DAYTHRU": 14,
        "NGHTTHRU": 13,
        "MAINTRK": 1,
        "SIDINGTRK": 0,
        "YARDTRK": 0,
        "TRANSITTRK": 0,
        "INDUSTRYTR": 0,
        "OTHRTRK": 0,
        "WDCODE": "All other Gates",
        "REVISIONDA": "1975/01/01 00:00:00",
        "LASTUPDATE": "8/29/2025",
        "AADT": "82",
        "AADTYEAR": "2019",
        "STATENAME": "TEXAS",
        "STATEAB": "TX",
        "COUNTYNAME": "CASS",
        "CITYNAME": "ATLANTA",
        "LATDD": 33.0374219,
        "LONGDD": -94.1863451,
        "gridlyProductionCertified": true,
        "gridlyClassification": "PUBLIC_ROADWAY",
        "gridlyDisplayName": "CR 4230",
        "gridlyId": "FRA-794548S"
      }
    },
    {
      "type": "Feature",
      "id": 207314,
      "geometry": {
        "type": "Point",
        "coordinates": [
          -94.23954940004,
          32.9551627002186
        ]
      },
      "properties": {
        "OBJECTID": 207314,
        "CROSSING": "794554V",
        "EFFDATE": 1756425600000,
        "REASON": "14",
        "StateCode": "48",
        "CountyCode": "48067",
        "STCYFIPS": "48067",
        "CITYCD": "480673678",
        "RAILROAD": "UP",
        "RRDIV": "MID AMERICA",
        "RRSUBDIV": "LITTLE ROCK SUB",
        "HIGHWAY": "CO 1885",
        "STREET": "CR 1875",
        "TTSTN": "661462",
        "MILEPOST": "0035.867",
        "TYPEXING": "Public",
        "POSXING": "At Grade",
        "PRVCAT": "14",
        "INIT": "1",
        "LATITUDE": 32.9551627,
        "LONGITUD": -94.2395494,
        "LLSOURCE": "1",
        "WHISTBAN": "0",
        "RRCONT": "4025443721",
        "POLCONT": "8008488715",
        "INV_LINK": "https://safetydata.fra.dot.gov/OfficeofSafety/PublicSite/Crossing/Crossing.aspx?phasetype=C&rpttype=I&txtcrossingnum=794554V",
        "ACC_LINK": "https://safetydata.fra.dot.gov/OfficeofSafety/PublicSite/Crossing/Crossing.aspx?phasetype=C&rpttype=A&txtcrossingnum=794554V",
        "TTSTNNAM": "",
        "XPURPOSE": "1",
        "OPERATINGR": "UP",
        "OPERATIN_1": "Primary",
        "DAYTHRU": 14,
        "NGHTTHRU": 13,
        "MAINTRK": 1,
        "SIDINGTRK": 0,
        "YARDTRK": 0,
        "TRANSITTRK": 0,
        "INDUSTRYTR": 0,
        "OTHRTRK": 0,
        "WDCODE": "Stop signs",
        "REVISIONDA": "1975/01/01 00:00:00",
        "LASTUPDATE": "8/29/2025",
        "AADT": "56",
        "AADTYEAR": "2019",
        "STATENAME": "TEXAS",
        "STATEAB": "TX",
        "COUNTYNAME": "CASS",
        "CITYNAME": "KILDARE",
        "LATDD": 32.9551627,
        "LONGDD": -94.2395494,
        "gridlyProductionCertified": true,
        "gridlyClassification": "PUBLIC_ROADWAY",
        "gridlyDisplayName": "CR 1875",
        "gridlyId": "FRA-794554V"
      }
    },
    {
      "type": "Feature",
      "id": 207315,
      "geometry": {
        "type": "Point",
        "coordinates": [
          -94.1136255999928,
          33.2656783998873
        ]
      },
      "properties": {
        "OBJECTID": 207315,
        "CROSSING": "794532V",
        "EFFDATE": 1756425600000,
        "REASON": "14",
        "StateCode": "48",
        "CountyCode": "48067",
        "STCYFIPS": "48067",
        "CITYCD": "480671963",
        "RAILROAD": "UP",
        "RRDIV": "MID AMERICA",
        "RRSUBDIV": "LITTLE ROCK SUB",
        "HIGHWAY": "CO 3678",
        "STREET": "CR 3678",
        "TTSTN": "661416",
        "MILEPOST": "0012.610",
        "TYPEXING": "Public",
        "POSXING": "At Grade",
        "PRVCAT": "14",
        "INIT": "1",
        "LATITUDE": 33.2656784,
        "LONGITUD": -94.1136256,
        "LLSOURCE": "1",
        "WHISTBAN": "0",
        "RRCONT": "4025443721",
        "POLCONT": "8008488715",
        "INV_LINK": "https://safetydata.fra.dot.gov/OfficeofSafety/PublicSite/Crossing/Crossing.aspx?phasetype=C&rpttype=I&txtcrossingnum=794532V",
        "ACC_LINK": "https://safetydata.fra.dot.gov/OfficeofSafety/PublicSite/Crossing/Crossing.aspx?phasetype=C&rpttype=A&txtcrossingnum=794532V",
        "TTSTNNAM": "",
        "XPURPOSE": "1",
        "OPERATINGR": "UP",
        "OPERATIN_1": "Primary",
        "DAYTHRU": 14,
        "NGHTTHRU": 13,
        "MAINTRK": 1,
        "SIDINGTRK": 0,
        "YARDTRK": 0,
        "TRANSITTRK": 0,
        "INDUSTRYTR": 0,
        "OTHRTRK": 0,
        "WDCODE": "All other Gates",
        "REVISIONDA": "1975/01/01 00:00:00",
        "LASTUPDATE": "8/29/2025",
        "AADT": "101",
        "AADTYEAR": "2019",
        "STATENAME": "TEXAS",
        "STATEAB": "TX",
        "COUNTYNAME": "CASS",
        "CITYNAME": "DOMINO",
        "LATDD": 33.2656784,
        "LONGDD": -94.1136256,
        "gridlyProductionCertified": true,
        "gridlyClassification": "PUBLIC_ROADWAY",
        "gridlyDisplayName": "CR 3678",
        "gridlyId": "FRA-794532V"
      }
    },
    {
      "type": "Feature",
      "id": 207316,
      "geometry": {
        "type": "Point",
        "coordinates": [
          -94.1194300004208,
          33.2619560002268
        ]
      },
      "properties": {
        "OBJECTID": 207316,
        "CROSSING": "924170X",
        "EFFDATE": 1756425600000,
        "REASON": "14",
        "StateCode": "48",
        "CountyCode": "48067",
        "STCYFIPS": "48067",
        "CITYCD": "480671963",
        "RAILROAD": "UP",
        "RRDIV": "MID AMERICA",
        "RRSUBDIV": "LITTLE ROCK SUB",
        "HIGHWAY": "NA",
        "STREET": "FM 3129",
        "TTSTN": "661416",
        "MILEPOST": "0013.060",
        "TYPEXING": "Public",
        "POSXING": "RR Under",
        "PRVCAT": "14",
        "INIT": "1",
        "LATITUDE": 33.261956,
        "LONGITUD": -94.11943,
        "LLSOURCE": "1",
        "WHISTBAN": "0",
        "RRCONT": "4025443721",
        "POLCONT": "8008488715",
        "INV_LINK": "https://safetydata.fra.dot.gov/OfficeofSafety/PublicSite/Crossing/Crossing.aspx?phasetype=C&rpttype=I&txtcrossingnum=924170X",
        "ACC_LINK": "https://safetydata.fra.dot.gov/OfficeofSafety/PublicSite/Crossing/Crossing.aspx?phasetype=C&rpttype=A&txtcrossingnum=924170X",
        "TTSTNNAM": "",
        "XPURPOSE": "1",
        "OPERATINGR": "UP",
        "OPERATIN_1": "Primary",
        "DAYTHRU": 10,
        "NGHTTHRU": 9,
        "MAINTRK": 1,
        "SIDINGTRK": 0,
        "YARDTRK": 0,
        "TRANSITTRK": 0,
        "INDUSTRYTR": 0,
        "OTHRTRK": 0,
        "WDCODE": "",
        "REVISIONDA": "1975/01/01 00:00:00",
        "LASTUPDATE": "8/29/2025",
        "AADT": "1",
        "AADTYEAR": "",
        "STATENAME": "TEXAS",
        "STATEAB": "TX",
        "COUNTYNAME": "CASS",
        "CITYNAME": "DOMINO",
        "LATDD": 33.261956,
        "LONGDD": -94.11943,
        "gridlyProductionCertified": true,
        "gridlyClassification": "PUBLIC_ROADWAY",
        "gridlyDisplayName": "FM 3129",
        "gridlyId": "FRA-924170X"
      }
    },
    {
      "type": "Feature",
      "id": 207318,
      "geometry": {
        "type": "Point",
        "coordinates": [
          -94.2479680003527,
          32.9432670001688
        ]
      },
      "properties": {
        "OBJECTID": 207318,
        "CROSSING": "794556J",
        "EFFDATE": 1756425600000,
        "REASON": "14",
        "StateCode": "48",
        "CountyCode": "48067",
        "STCYFIPS": "48067",
        "CITYCD": "480673678",
        "RAILROAD": "UP",
        "RRDIV": "MID AMERICA",
        "RRSUBDIV": "LITTLE ROCK SUB",
        "HIGHWAY": "FM 0125",
        "STREET": "FM 125",
        "TTSTN": "661462",
        "MILEPOST": "0036.855",
        "TYPEXING": "Public",
        "POSXING": "RR Under",
        "PRVCAT": "14",
        "INIT": "1",
        "LATITUDE": 32.943267,
        "LONGITUD": -94.247968,
        "LLSOURCE": "1",
        "WHISTBAN": "0",
        "RRCONT": "4025443721",
        "POLCONT": "8008488715",
        "INV_LINK": "https://safetydata.fra.dot.gov/OfficeofSafety/PublicSite/Crossing/Crossing.aspx?phasetype=C&rpttype=I&txtcrossingnum=794556J",
        "ACC_LINK": "https://safetydata.fra.dot.gov/OfficeofSafety/PublicSite/Crossing/Crossing.aspx?phasetype=C&rpttype=A&txtcrossingnum=794556J",
        "TTSTNNAM": "",
        "XPURPOSE": "1",
        "OPERATINGR": "UP",
        "OPERATIN_1": "Primary",
        "DAYTHRU": 17,
        "NGHTTHRU": 16,
        "MAINTRK": 1,
        "SIDINGTRK": 0,
        "YARDTRK": 0,
        "TRANSITTRK": 0,
        "INDUSTRYTR": 0,
        "OTHRTRK": 0,
        "WDCODE": "",
        "REVISIONDA": "1975/01/01 00:00:00",
        "LASTUPDATE": "8/29/2025",
        "AADT": "590",
        "AADTYEAR": "2011",
        "STATENAME": "TEXAS",
        "STATEAB": "TX",
        "COUNTYNAME": "CASS",
        "CITYNAME": "KILDARE",
        "LATDD": 32.943267,
        "LONGDD": -94.247968,
        "gridlyProductionCertified": true,
        "gridlyClassification": "PUBLIC_ROADWAY",
        "gridlyDisplayName": "FM 125",
        "gridlyId": "FRA-794556J"
      }
    },
    {
      "type": "Feature",
      "id": 207319,
      "geometry": {
        "type": "Point",
        "coordinates": [
          -94.259558000368,
          32.9273095000902
        ]
      },
      "properties": {
        "OBJECTID": 207319,
        "CROSSING": "794557R",
        "EFFDATE": 1756425600000,
        "REASON": "14",
        "StateCode": "48",
        "CountyCode": "48067",
        "STCYFIPS": "48067",
        "CITYCD": "480673678",
        "RAILROAD": "UP",
        "RRDIV": "MID AMERICA",
        "RRSUBDIV": "LITTLE ROCK SUB",
        "HIGHWAY": "FM 0248",
        "STREET": "FM 248",
        "TTSTN": "661462",
        "MILEPOST": "0038.190",
        "TYPEXING": "Public",
        "POSXING": "At Grade",
        "PRVCAT": "14",
        "INIT": "1",
        "LATITUDE": 32.9273095,
        "LONGITUD": -94.259558,
        "LLSOURCE": "1",
        "WHISTBAN": "0",
        "RRCONT": "4025443721",
        "POLCONT": "8008488715",
        "INV_LINK": "https://safetydata.fra.dot.gov/OfficeofSafety/PublicSite/Crossing/Crossing.aspx?phasetype=C&rpttype=I&txtcrossingnum=794557R",
        "ACC_LINK": "https://safetydata.fra.dot.gov/OfficeofSafety/PublicSite/Crossing/Crossing.aspx?phasetype=C&rpttype=A&txtcrossingnum=794557R",
        "TTSTNNAM": "",
        "XPURPOSE": "1",
        "OPERATINGR": "UP",
        "OPERATIN_1": "Primary",
        "DAYTHRU": 14,
        "NGHTTHRU": 13,
        "MAINTRK": 1,
        "SIDINGTRK": 0,
        "YARDTRK": 0,
        "TRANSITTRK": 0,
        "INDUSTRYTR": 0,
        "OTHRTRK": 0,
        "WDCODE": "All other Gates",
        "REVISIONDA": "1975/01/01 00:00:00",
        "LASTUPDATE": "8/29/2025",
        "AADT": "121",
        "AADTYEAR": "2019",
        "STATENAME": "TEXAS",
        "STATEAB": "TX",
        "COUNTYNAME": "CASS",
        "CITYNAME": "KILDARE",
        "LATDD": 32.9273095,
        "LONGDD": -94.259558,
        "gridlyProductionCertified": true,
        "gridlyClassification": "PUBLIC_ROADWAY",
        "gridlyDisplayName": "FM 248",
        "gridlyId": "FRA-794557R"
      }
    },
    {
      "type": "Feature",
      "id": 207397,
      "geometry": {
        "type": "Point",
        "coordinates": [
          -94.187418099774,
          33.0350871996287
        ]
      },
      "properties": {
        "OBJECTID": 207397,
        "CROSSING": "794549Y",
        "EFFDATE": 1756425600000,
        "REASON": "14",
        "StateCode": "48",
        "CountyCode": "48067",
        "STCYFIPS": "48067",
        "CITYCD": "480670310",
        "RAILROAD": "UP",
        "RRDIV": "MID AMERICA",
        "RRSUBDIV": "LITTLE ROCK SUB",
        "HIGHWAY": "CO 4227",
        "STREET": "CR 4227",
        "TTSTN": "661455",
        "MILEPOST": "0029.540",
        "TYPEXING": "Public",
        "POSXING": "At Grade",
        "PRVCAT": "14",
        "INIT": "1",
        "LATITUDE": 33.0350872,
        "LONGITUD": -94.1874181,
        "LLSOURCE": "1",
        "WHISTBAN": "0",
        "RRCONT": "4025443721",
        "POLCONT": "8008488715",
        "INV_LINK": "https://safetydata.fra.dot.gov/OfficeofSafety/PublicSite/Crossing/Crossing.aspx?phasetype=C&rpttype=I&txtcrossingnum=794549Y",
        "ACC_LINK": "https://safetydata.fra.dot.gov/OfficeofSafety/PublicSite/Crossing/Crossing.aspx?phasetype=C&rpttype=A&txtcrossingnum=794549Y",
        "TTSTNNAM": "",
        "XPURPOSE": "1",
        "OPERATINGR": "UP",
        "OPERATIN_1": "Primary",
        "DAYTHRU": 14,
        "NGHTTHRU": 13,
        "MAINTRK": 1,
        "SIDINGTRK": 0,
        "YARDTRK": 0,
        "TRANSITTRK": 0,
        "INDUSTRYTR": 0,
        "OTHRTRK": 0,
        "WDCODE": "All other Gates",
        "REVISIONDA": "1975/01/01 00:00:00",
        "LASTUPDATE": "8/29/2025",
        "AADT": "157",
        "AADTYEAR": "2019",
        "STATENAME": "TEXAS",
        "STATEAB": "TX",
        "COUNTYNAME": "CASS",
        "CITYNAME": "ATLANTA",
        "LATDD": 33.0350872,
        "LONGDD": -94.1874181,
        "gridlyProductionCertified": true,
        "gridlyClassification": "PUBLIC_ROADWAY",
        "gridlyDisplayName": "CR 4227",
        "gridlyId": "FRA-794549Y"
      }
    },
    {
      "type": "Feature",
      "id": 207541,
      "geometry": {
        "type": "Point",
        "coordinates": [
          -94.277501300196,
          32.8810366000297
        ]
      },
      "properties": {
        "OBJECTID": 207541,
        "CROSSING": "794558X",
        "EFFDATE": 1756425600000,
        "REASON": "14",
        "StateCode": "48",
        "CountyCode": "48067",
        "STCYFIPS": "48067",
        "CITYCD": "480673678",
        "RAILROAD": "UP",
        "RRDIV": "MID AMERICA",
        "RRSUBDIV": "LITTLE ROCK SUB",
        "HIGHWAY": "FM 2683",
        "STREET": "FM 2683",
        "TTSTN": "665120",
        "MILEPOST": "0041.590",
        "TYPEXING": "Public",
        "POSXING": "At Grade",
        "PRVCAT": "14",
        "INIT": "1",
        "LATITUDE": 32.8810366,
        "LONGITUD": -94.2775013,
        "LLSOURCE": "1",
        "WHISTBAN": "0",
        "RRCONT": "4025443721",
        "POLCONT": "8008488715",
        "INV_LINK": "https://safetydata.fra.dot.gov/OfficeofSafety/PublicSite/Crossing/Crossing.aspx?phasetype=C&rpttype=I&txtcrossingnum=794558X",
        "ACC_LINK": "https://safetydata.fra.dot.gov/OfficeofSafety/PublicSite/Crossing/Crossing.aspx?phasetype=C&rpttype=A&txtcrossingnum=794558X",
        "TTSTNNAM": "",
        "XPURPOSE": "1",
        "OPERATINGR": "UP",
        "OPERATIN_1": "Primary",
        "DAYTHRU": 14,
        "NGHTTHRU": 13,
        "MAINTRK": 1,
        "SIDINGTRK": 0,
        "YARDTRK": 0,
        "TRANSITTRK": 0,
        "INDUSTRYTR": 0,
        "OTHRTRK": 0,
        "WDCODE": "All other Gates",
        "REVISIONDA": "1975/01/01 00:00:00",
        "LASTUPDATE": "8/29/2025",
        "AADT": "165",
        "AADTYEAR": "2019",
        "STATENAME": "TEXAS",
        "STATEAB": "TX",
        "COUNTYNAME": "CASS",
        "CITYNAME": "KILDARE",
        "LATDD": 32.8810366,
        "LONGDD": -94.2775013,
        "gridlyProductionCertified": true,
        "gridlyClassification": "PUBLIC_ROADWAY",
        "gridlyDisplayName": "FM 2683",
        "gridlyId": "FRA-794558X"
      }
    },
    {
      "type": "Feature",
      "id": 207915,
      "geometry": {
        "type": "Point",
        "coordinates": [
          -94.1691294004142,
          33.1050665997615
        ]
      },
      "properties": {
        "OBJECTID": 207915,
        "CROSSING": "794545W",
        "EFFDATE": 1757289600000,
        "REASON": "14",
        "StateCode": "48",
        "CountyCode": "48067",
        "STCYFIPS": "48067",
        "CITYCD": "480670310",
        "RAILROAD": "UP",
        "RRDIV": "MID AMERICA",
        "RRSUBDIV": "LITTLE ROCK SUB",
        "HIGHWAY": "SH 0077",
        "STREET": "TX 77",
        "TTSTN": "661419",
        "MILEPOST": "0024.515",
        "TYPEXING": "Public",
        "POSXING": "RR Under",
        "PRVCAT": "14",
        "INIT": "1",
        "LATITUDE": 33.1050666,
        "LONGITUD": -94.1691294,
        "LLSOURCE": "1",
        "WHISTBAN": "0",
        "RRCONT": "4025443721",
        "POLCONT": "8008488715",
        "INV_LINK": "https://safetydata.fra.dot.gov/OfficeofSafety/PublicSite/Crossing/Crossing.aspx?phasetype=C&rpttype=I&txtcrossingnum=794545W",
        "ACC_LINK": "https://safetydata.fra.dot.gov/OfficeofSafety/PublicSite/Crossing/Crossing.aspx?phasetype=C&rpttype=A&txtcrossingnum=794545W",
        "TTSTNNAM": "",
        "XPURPOSE": "1",
        "OPERATINGR": "UP",
        "OPERATIN_1": "Primary",
        "DAYTHRU": 17,
        "NGHTTHRU": 16,
        "MAINTRK": 1,
        "SIDINGTRK": 0,
        "YARDTRK": 0,
        "TRANSITTRK": 0,
        "INDUSTRYTR": 0,
        "OTHRTRK": 0,
        "WDCODE": "",
        "REVISIONDA": "1975/01/01 00:00:00",
        "LASTUPDATE": "9/8/2025",
        "AADT": "4600",
        "AADTYEAR": "2011",
        "STATENAME": "TEXAS",
        "STATEAB": "TX",
        "COUNTYNAME": "CASS",
        "CITYNAME": "ATLANTA",
        "LATDD": 33.1050666,
        "LONGDD": -94.1691294,
        "gridlyProductionCertified": true,
        "gridlyClassification": "PUBLIC_ROADWAY",
        "gridlyDisplayName": "TX 77",
        "gridlyId": "FRA-794545W"
      }
    },
    {
      "type": "Feature",
      "id": 207916,
      "geometry": {
        "type": "Point",
        "coordinates": [
          -94.1514977001072,
          33.1828041998589
        ]
      },
      "properties": {
        "OBJECTID": 207916,
        "CROSSING": "794535R",
        "EFFDATE": 1757289600000,
        "REASON": "14",
        "StateCode": "48",
        "CountyCode": "48067",
        "STCYFIPS": "48067",
        "CITYCD": "480675580",
        "RAILROAD": "UP",
        "RRDIV": "MID AMERICA",
        "RRSUBDIV": "LITTLE ROCK SUB",
        "HIGHWAY": "CO 3642",
        "STREET": "CR 3642",
        "TTSTN": "661416",
        "MILEPOST": "0018.930",
        "TYPEXING": "Public",
        "POSXING": "At Grade",
        "PRVCAT": "14",
        "INIT": "1",
        "LATITUDE": 33.1828042,
        "LONGITUD": -94.1514977,
        "LLSOURCE": "1",
        "WHISTBAN": "0",
        "RRCONT": "4025443721",
        "POLCONT": "8008488715",
        "INV_LINK": "https://safetydata.fra.dot.gov/OfficeofSafety/PublicSite/Crossing/Crossing.aspx?phasetype=C&rpttype=I&txtcrossingnum=794535R",
        "ACC_LINK": "https://safetydata.fra.dot.gov/OfficeofSafety/PublicSite/Crossing/Crossing.aspx?phasetype=C&rpttype=A&txtcrossingnum=794535R",
        "TTSTNNAM": "",
        "XPURPOSE": "1",
        "OPERATINGR": "UP",
        "OPERATIN_1": "Primary",
        "DAYTHRU": 14,
        "NGHTTHRU": 13,
        "MAINTRK": 1,
        "SIDINGTRK": 0,
        "YARDTRK": 0,
        "TRANSITTRK": 0,
        "INDUSTRYTR": 0,
        "OTHRTRK": 0,
        "WDCODE": "All other Gates",
        "REVISIONDA": "1975/01/01 00:00:00",
        "LASTUPDATE": "9/8/2025",
        "AADT": "34",
        "AADTYEAR": "2019",
        "STATENAME": "TEXAS",
        "STATEAB": "TX",
        "COUNTYNAME": "CASS",
        "CITYNAME": "QUEEN CITY",
        "LATDD": 33.1828042,
        "LONGDD": -94.1514977,
        "gridlyProductionCertified": true,
        "gridlyClassification": "PUBLIC_ROADWAY",
        "gridlyDisplayName": "CR 3642",
        "gridlyId": "FRA-794535R"
      }
    },
    {
      "type": "Feature",
      "id": 208592,
      "geometry": {
        "type": "Point",
        "coordinates": [
          -94.6287853001616,
          33.2307768999147
        ]
      },
      "properties": {
        "OBJECTID": 208592,
        "CROSSING": "789612D",
        "EFFDATE": 1756339200000,
        "REASON": "14",
        "StateCode": "48",
        "CountyCode": "48343",
        "STCYFIPS": "48343",
        "CITYCD": "483434820",
        "RAILROAD": "UP",
        "RRDIV": "MID AMERICA",
        "RRSUBDIV": "PINE BLUFF SUB",
        "HIGHWAY": "CO 2513",
        "STREET": "CR 2513",
        "TTSTN": "661610",
        "MILEPOST": "0457.887",
        "TYPEXING": "Public",
        "POSXING": "At Grade",
        "PRVCAT": "14",
        "INIT": "1",
        "LATITUDE": 33.2307769,
        "LONGITUD": -94.6287853,
        "LLSOURCE": "1",
        "WHISTBAN": "0",
        "RRCONT": "4025443721",
        "POLCONT": "8008488715",
        "INV_LINK": "https://safetydata.fra.dot.gov/OfficeofSafety/PublicSite/Crossing/Crossing.aspx?phasetype=C&rpttype=I&txtcrossingnum=789612D",
        "ACC_LINK": "https://safetydata.fra.dot.gov/OfficeofSafety/PublicSite/Crossing/Crossing.aspx?phasetype=C&rpttype=A&txtcrossingnum=789612D",
        "TTSTNNAM": "",
        "XPURPOSE": "1",
        "OPERATINGR": "UP",
        "OPERATIN_1": "Primary",
        "DAYTHRU": 7,
        "NGHTTHRU": 7,
        "MAINTRK": 1,
        "SIDINGTRK": 0,
        "YARDTRK": 0,
        "TRANSITTRK": 0,
        "INDUSTRYTR": 0,
        "OTHRTRK": 0,
        "WDCODE": "Crossbucks",
        "REVISIONDA": "1975/01/01 00:00:00",
        "LASTUPDATE": "8/28/2025",
        "AADT": "56",
        "AADTYEAR": "2019",
        "STATENAME": "TEXAS",
        "STATEAB": "TX",
        "COUNTYNAME": "MORRIS",
        "CITYNAME": "NAPLES",
        "LATDD": 33.2307769,
        "LONGDD": -94.6287853,
        "gridlyProductionCertified": true,
        "gridlyClassification": "PUBLIC_ROADWAY",
        "gridlyDisplayName": "CR 2513",
        "gridlyId": "FRA-789612D"
      }
    },
    {
      "type": "Feature",
      "id": 208619,
      "geometry": {
        "type": "Point",
        "coordinates": [
          -94.619665599804,
          33.2343087997711
        ]
      },
      "properties": {
        "OBJECTID": 208619,
        "CROSSING": "920069K",
        "EFFDATE": 1756339200000,
        "REASON": "14",
        "StateCode": "48",
        "CountyCode": "48343",
        "STCYFIPS": "48343",
        "CITYCD": "483434820",
        "RAILROAD": "UP",
        "RRDIV": "MID AMERICA",
        "RRSUBDIV": "PINE BLUFF SUB",
        "HIGHWAY": "PRIVATE",
        "STREET": "PRIVATE",
        "TTSTN": "661198",
        "MILEPOST": "0457.310",
        "TYPEXING": "Private",
        "POSXING": "At Grade",
        "PRVCAT": "14",
        "INIT": "1",
        "LATITUDE": 33.2343088,
        "LONGITUD": -94.6196656,
        "LLSOURCE": "1",
        "WHISTBAN": "0",
        "RRCONT": "4025443721",
        "POLCONT": "8008488715",
        "INV_LINK": "https://safetydata.fra.dot.gov/OfficeofSafety/PublicSite/Crossing/Crossing.aspx?phasetype=C&rpttype=I&txtcrossingnum=920069K",
        "ACC_LINK": "https://safetydata.fra.dot.gov/OfficeofSafety/PublicSite/Crossing/Crossing.aspx?phasetype=C&rpttype=A&txtcrossingnum=920069K",
        "TTSTNNAM": "",
        "XPURPOSE": "1",
        "OPERATINGR": "UP",
        "OPERATIN_1": "Primary",
        "DAYTHRU": 7,
        "NGHTTHRU": 7,
        "MAINTRK": 1,
        "SIDINGTRK": 0,
        "YARDTRK": 0,
        "TRANSITTRK": 0,
        "INDUSTRYTR": 0,
        "OTHRTRK": 0,
        "WDCODE": "",
        "REVISIONDA": "1975/01/01 00:00:00",
        "LASTUPDATE": "8/28/2025",
        "AADT": "1",
        "AADTYEAR": "",
        "STATENAME": "TEXAS",
        "STATEAB": "TX",
        "COUNTYNAME": "MORRIS",
        "CITYNAME": "NAPLES",
        "LATDD": 33.2343088,
        "LONGDD": -94.6196656,
        "gridlyProductionCertified": true,
        "gridlyClassification": "PUBLIC_ROADWAY",
        "gridlyDisplayName": "PRIVATE",
        "gridlyId": "FRA-920069K"
      }
    },
    {
      "type": "Feature",
      "id": 209225,
      "geometry": {
        "type": "Point",
        "coordinates": [
          -94.5708130003064,
          32.9433020003013
        ]
      },
      "properties": {
        "OBJECTID": 209225,
        "CROSSING": "331477U",
        "EFFDATE": 1772409600000,
        "REASON": "14",
        "StateCode": "48",
        "CountyCode": "48067",
        "STCYFIPS": "48067",
        "CITYCD": "480670360",
        "RAILROAD": "KCS",
        "RRDIV": "Speedway",
        "RRSUBDIV": "Greenville",
        "HIGHWAY": "CO 1588",
        "STREET": "CR 1588",
        "TTSTN": "661497",
        "MILEPOST": "0070.570",
        "TYPEXING": "Public",
        "POSXING": "At Grade",
        "PRVCAT": "14",
        "INIT": "1",
        "LATITUDE": 32.943302,
        "LONGITUD": -94.570813,
        "LLSOURCE": "1",
        "WHISTBAN": "0",
        "RRCONT": "3186766269",
        "POLCONT": "8775279464",
        "INV_LINK": "https://safetydata.fra.dot.gov/OfficeofSafety/PublicSite/Crossing/Crossing.aspx?phasetype=C&rpttype=I&txtcrossingnum=331477U",
        "ACC_LINK": "https://safetydata.fra.dot.gov/OfficeofSafety/PublicSite/Crossing/Crossing.aspx?phasetype=C&rpttype=A&txtcrossingnum=331477U",
        "TTSTNNAM": "661497",
        "XPURPOSE": "1",
        "OPERATINGR": "CPKC",
        "OPERATIN_1": "Primary",
        "DAYTHRU": 4,
        "NGHTTHRU": 3,
        "MAINTRK": 1,
        "SIDINGTRK": 0,
        "YARDTRK": 0,
        "TRANSITTRK": 0,
        "INDUSTRYTR": 0,
        "OTHRTRK": 0,
        "WDCODE": "Crossbucks",
        "REVISIONDA": "1975/01/01 00:00:00",
        "LASTUPDATE": "3/2/2026",
        "AADT": "56",
        "AADTYEAR": "2019",
        "STATENAME": "TEXAS",
        "STATEAB": "TX",
        "COUNTYNAME": "CASS",
        "CITYNAME": "AVINGER",
        "LATDD": 32.943302,
        "LONGDD": -94.570813,
        "gridlyProductionCertified": true,
        "gridlyClassification": "PUBLIC_ROADWAY",
        "gridlyDisplayName": "CR 1588",
        "gridlyId": "FRA-331477U"
      }
    },
    {
      "type": "Feature",
      "id": 211203,
      "geometry": {
        "type": "Point",
        "coordinates": [
          -94.64986899973,
          33.0040440003093
        ]
      },
      "properties": {
        "OBJECTID": 211203,
        "CROSSING": "330915R",
        "EFFDATE": 1772064000000,
        "REASON": "14",
        "StateCode": "48",
        "CountyCode": "48067",
        "STCYFIPS": "48067",
        "CITYCD": "480673310",
        "RAILROAD": "KCS",
        "RRDIV": "Speedway",
        "RRSUBDIV": "Greenville",
        "HIGHWAY": "PRIVATE",
        "STREET": "PRIVATE Road",
        "TTSTN": "661493",
        "MILEPOST": "0077.394",
        "TYPEXING": "Private",
        "POSXING": "At Grade",
        "PRVCAT": "14",
        "INIT": "1",
        "LATITUDE": 33.004044,
        "LONGITUD": -94.649869,
        "LLSOURCE": "1",
        "WHISTBAN": "0",
        "RRCONT": "3186766269",
        "POLCONT": "8775279464",
        "INV_LINK": "https://safetydata.fra.dot.gov/OfficeofSafety/PublicSite/Crossing/Crossing.aspx?phasetype=C&rpttype=I&txtcrossingnum=330915R",
        "ACC_LINK": "https://safetydata.fra.dot.gov/OfficeofSafety/PublicSite/Crossing/Crossing.aspx?phasetype=C&rpttype=A&txtcrossingnum=330915R",
        "TTSTNNAM": "661493",
        "XPURPOSE": "1",
        "OPERATINGR": "CPKC",
        "OPERATIN_1": "Primary",
        "DAYTHRU": 4,
        "NGHTTHRU": 3,
        "MAINTRK": 1,
        "SIDINGTRK": 0,
        "YARDTRK": 0,
        "TRANSITTRK": 0,
        "INDUSTRYTR": 0,
        "OTHRTRK": 0,
        "WDCODE": "",
        "REVISIONDA": "1975/01/01 00:00:00",
        "LASTUPDATE": "2/26/2026",
        "AADT": "1",
        "AADTYEAR": "1991",
        "STATENAME": "TEXAS",
        "STATEAB": "TX",
        "COUNTYNAME": "CASS",
        "CITYNAME": "HUGHES SPRINGS",
        "LATDD": 33.004044,
        "LONGDD": -94.649869,
        "gridlyProductionCertified": true,
        "gridlyClassification": "PUBLIC_ROADWAY",
        "gridlyDisplayName": "PRIVATE Road",
        "gridlyId": "FRA-330915R"
      }
    },
    {
      "type": "Feature",
      "id": 211279,
      "geometry": {
        "type": "Point",
        "coordinates": [
          -94.6208770004225,
          32.9962189997313
        ]
      },
      "properties": {
        "OBJECTID": 211279,
        "CROSSING": "331483X",
        "EFFDATE": 1772064000000,
        "REASON": "14",
        "StateCode": "48",
        "CountyCode": "48067",
        "STCYFIPS": "48067",
        "CITYCD": "480673310",
        "RAILROAD": "KCS",
        "RRDIV": "Speedway",
        "RRSUBDIV": "Greenville",
        "HIGHWAY": "ST 0000",
        "STREET": "S PECAN ST",
        "TTSTN": "661493",
        "MILEPOST": "0075.600",
        "TYPEXING": "Public",
        "POSXING": "At Grade",
        "PRVCAT": "14",
        "INIT": "1",
        "LATITUDE": 32.996219,
        "LONGITUD": -94.620877,
        "LLSOURCE": "1",
        "WHISTBAN": "0",
        "RRCONT": "3186766269",
        "POLCONT": "8775279464",
        "INV_LINK": "https://safetydata.fra.dot.gov/OfficeofSafety/PublicSite/Crossing/Crossing.aspx?phasetype=C&rpttype=I&txtcrossingnum=331483X",
        "ACC_LINK": "https://safetydata.fra.dot.gov/OfficeofSafety/PublicSite/Crossing/Crossing.aspx?phasetype=C&rpttype=A&txtcrossingnum=331483X",
        "TTSTNNAM": "661493",
        "XPURPOSE": "1",
        "OPERATINGR": "CPKC",
        "OPERATIN_1": "Primary",
        "DAYTHRU": 4,
        "NGHTTHRU": 3,
        "MAINTRK": 1,
        "SIDINGTRK": 0,
        "YARDTRK": 0,
        "TRANSITTRK": 0,
        "INDUSTRYTR": 0,
        "OTHRTRK": 0,
        "WDCODE": "All other Gates",
        "REVISIONDA": "1975/01/01 00:00:00",
        "LASTUPDATE": "2/26/2026",
        "AADT": "709",
        "AADTYEAR": "2019",
        "STATENAME": "TEXAS",
        "STATEAB": "TX",
        "COUNTYNAME": "CASS",
        "CITYNAME": "HUGHES SPRINGS",
        "LATDD": 32.996219,
        "LONGDD": -94.620877,
        "gridlyProductionCertified": true,
        "gridlyClassification": "PUBLIC_ROADWAY",
        "gridlyDisplayName": "S PECAN ST",
        "gridlyId": "FRA-331483X"
      }
    },
    {
      "type": "Feature",
      "id": 213858,
      "geometry": {
        "type": "Point",
        "coordinates": [
          -94.6129539997537,
          32.9957219999188
        ]
      },
      "properties": {
        "OBJECTID": 213858,
        "CROSSING": "331481J",
        "EFFDATE": 1772064000000,
        "REASON": "14",
        "StateCode": "48",
        "CountyCode": "48067",
        "STCYFIPS": "48067",
        "CITYCD": "480673310",
        "RAILROAD": "KCS",
        "RRDIV": "Speedway",
        "RRSUBDIV": "Greenville",
        "HIGHWAY": "NA",
        "STREET": "Private",
        "TTSTN": "661493",
        "MILEPOST": "0075.060",
        "TYPEXING": "Private",
        "POSXING": "At Grade",
        "PRVCAT": "14",
        "INIT": "1",
        "LATITUDE": 32.995722,
        "LONGITUD": -94.612954,
        "LLSOURCE": "1",
        "WHISTBAN": "0",
        "RRCONT": "3186766269",
        "POLCONT": "8775279464",
        "INV_LINK": "https://safetydata.fra.dot.gov/OfficeofSafety/PublicSite/Crossing/Crossing.aspx?phasetype=C&rpttype=I&txtcrossingnum=331481J",
        "ACC_LINK": "https://safetydata.fra.dot.gov/OfficeofSafety/PublicSite/Crossing/Crossing.aspx?phasetype=C&rpttype=A&txtcrossingnum=331481J",
        "TTSTNNAM": "661493",
        "XPURPOSE": "1",
        "OPERATINGR": "CPKC",
        "OPERATIN_1": "Primary",
        "DAYTHRU": 4,
        "NGHTTHRU": 3,
        "MAINTRK": 1,
        "SIDINGTRK": 0,
        "YARDTRK": 0,
        "TRANSITTRK": 0,
        "INDUSTRYTR": 0,
        "OTHRTRK": 0,
        "WDCODE": "",
        "REVISIONDA": "1975/01/01 00:00:00",
        "LASTUPDATE": "2/26/2026",
        "AADT": "1",
        "AADTYEAR": "1970",
        "STATENAME": "TEXAS",
        "STATEAB": "TX",
        "COUNTYNAME": "CASS",
        "CITYNAME": "HUGHES SPRINGS",
        "LATDD": 32.995722,
        "LONGDD": -94.612954,
        "gridlyProductionCertified": true,
        "gridlyClassification": "PUBLIC_ROADWAY",
        "gridlyDisplayName": "Private",
        "gridlyId": "FRA-331481J"
      }
    },
    {
      "type": "Feature",
      "id": 214604,
      "geometry": {
        "type": "Point",
        "coordinates": [
          -94.6258479996253,
          32.9965319996682
        ]
      },
      "properties": {
        "OBJECTID": 214604,
        "CROSSING": "331484E",
        "EFFDATE": 1772064000000,
        "REASON": "14",
        "StateCode": "48",
        "CountyCode": "48067",
        "STCYFIPS": "48067",
        "CITYCD": "480673310",
        "RAILROAD": "KCS",
        "RRDIV": "Speedway",
        "RRSUBDIV": "Greenville",
        "HIGHWAY": "ST 0000",
        "STREET": "S PINE ST",
        "TTSTN": "661493",
        "MILEPOST": "0075.910",
        "TYPEXING": "Public",
        "POSXING": "At Grade",
        "PRVCAT": "14",
        "INIT": "1",
        "LATITUDE": 32.996532,
        "LONGITUD": -94.625848,
        "LLSOURCE": "1",
        "WHISTBAN": "0",
        "RRCONT": "3186766269",
        "POLCONT": "8775279464",
        "INV_LINK": "https://safetydata.fra.dot.gov/OfficeofSafety/PublicSite/Crossing/Crossing.aspx?phasetype=C&rpttype=I&txtcrossingnum=331484E",
        "ACC_LINK": "https://safetydata.fra.dot.gov/OfficeofSafety/PublicSite/Crossing/Crossing.aspx?phasetype=C&rpttype=A&txtcrossingnum=331484E",
        "TTSTNNAM": "661493",
        "XPURPOSE": "1",
        "OPERATINGR": "CPKC",
        "OPERATIN_1": "Primary",
        "DAYTHRU": 4,
        "NGHTTHRU": 3,
        "MAINTRK": 1,
        "SIDINGTRK": 0,
        "YARDTRK": 0,
        "TRANSITTRK": 0,
        "INDUSTRYTR": 0,
        "OTHRTRK": 0,
        "WDCODE": "All other Gates",
        "REVISIONDA": "1975/01/01 00:00:00",
        "LASTUPDATE": "2/26/2026",
        "AADT": "273",
        "AADTYEAR": "2019",
        "STATENAME": "TEXAS",
        "STATEAB": "TX",
        "COUNTYNAME": "CASS",
        "CITYNAME": "HUGHES SPRINGS",
        "LATDD": 32.996532,
        "LONGDD": -94.625848,
        "gridlyProductionCertified": true,
        "gridlyClassification": "PUBLIC_ROADWAY",
        "gridlyDisplayName": "S PINE ST",
        "gridlyId": "FRA-331484E"
      }
    },
    {
      "type": "Feature",
      "id": 214812,
      "geometry": {
        "type": "Point",
        "coordinates": [
          -94.0591920002987,
          33.1377919997319
        ]
      },
      "properties": {
        "OBJECTID": 214812,
        "CROSSING": "330905K",
        "EFFDATE": 1772409600000,
        "REASON": "14",
        "StateCode": "48",
        "CountyCode": "48067",
        "STCYFIPS": "48067",
        "CITYCD": "480670690",
        "RAILROAD": "KCS",
        "RRDIV": "North",
        "RRSUBDIV": "Shreveport",
        "HIGHWAY": "FM 249",
        "STREET": "MAIN STREET",
        "TTSTN": "661417",
        "MILEPOST": "0507.260",
        "TYPEXING": "Public",
        "POSXING": "At Grade",
        "PRVCAT": "14",
        "INIT": "1",
        "LATITUDE": 33.137792,
        "LONGITUD": -94.059192,
        "LLSOURCE": "1",
        "WHISTBAN": "0",
        "RRCONT": "3186766269",
        "POLCONT": "8775279464",
        "INV_LINK": "https://safetydata.fra.dot.gov/OfficeofSafety/PublicSite/Crossing/Crossing.aspx?phasetype=C&rpttype=I&txtcrossingnum=330905K",
        "ACC_LINK": "https://safetydata.fra.dot.gov/OfficeofSafety/PublicSite/Crossing/Crossing.aspx?phasetype=C&rpttype=A&txtcrossingnum=330905K",
        "TTSTNNAM": "BLOOMBURG",
        "XPURPOSE": "1",
        "OPERATINGR": "CPKC",
        "OPERATIN_1": "Primary",
        "DAYTHRU": 8,
        "NGHTTHRU": 8,
        "MAINTRK": 1,
        "SIDINGTRK": 0,
        "YARDTRK": 0,
        "TRANSITTRK": 0,
        "INDUSTRYTR": 0,
        "OTHRTRK": 0,
        "WDCODE": "All other Gates",
        "REVISIONDA": "1975/01/01 00:00:00",
        "LASTUPDATE": "3/2/2026",
        "AADT": "2118",
        "AADTYEAR": "2019",
        "STATENAME": "TEXAS",
        "STATEAB": "TX",
        "COUNTYNAME": "CASS",
        "CITYNAME": "BLOOMBURG",
        "LATDD": 33.137792,
        "LONGDD": -94.059192,
        "gridlyProductionCertified": true,
        "gridlyClassification": "PUBLIC_ROADWAY",
        "gridlyDisplayName": "MAIN STREET",
        "gridlyId": "FRA-330905K"
      }
    },
    {
      "type": "Feature",
      "id": 214833,
      "geometry": {
        "type": "Point",
        "coordinates": [
          -94.0489300004291,
          33.1166499997142
        ]
      },
      "properties": {
        "OBJECTID": 214833,
        "CROSSING": "330907Y",
        "EFFDATE": 1772409600000,
        "REASON": "14",
        "StateCode": "48",
        "CountyCode": "48067",
        "STCYFIPS": "48067",
        "CITYCD": "480670690",
        "RAILROAD": "KCS",
        "RRDIV": "North",
        "RRSUBDIV": "Shreveport",
        "HIGHWAY": "NA",
        "STREET": "CR 4920",
        "TTSTN": "661417",
        "MILEPOST": "0508.840",
        "TYPEXING": "Public",
        "POSXING": "At Grade",
        "PRVCAT": "14",
        "INIT": "1",
        "LATITUDE": 33.11665,
        "LONGITUD": -94.04893,
        "LLSOURCE": "1",
        "WHISTBAN": "0",
        "RRCONT": "3186766269",
        "POLCONT": "8775279464",
        "INV_LINK": "https://safetydata.fra.dot.gov/OfficeofSafety/PublicSite/Crossing/Crossing.aspx?phasetype=C&rpttype=I&txtcrossingnum=330907Y",
        "ACC_LINK": "https://safetydata.fra.dot.gov/OfficeofSafety/PublicSite/Crossing/Crossing.aspx?phasetype=C&rpttype=A&txtcrossingnum=330907Y",
        "TTSTNNAM": "661417",
        "XPURPOSE": "1",
        "OPERATINGR": "CPKC",
        "OPERATIN_1": "Primary",
        "DAYTHRU": 8,
        "NGHTTHRU": 8,
        "MAINTRK": 1,
        "SIDINGTRK": 0,
        "YARDTRK": 0,
        "TRANSITTRK": 0,
        "INDUSTRYTR": 0,
        "OTHRTRK": 0,
        "WDCODE": "Crossbucks",
        "REVISIONDA": "1975/01/01 00:00:00",
        "LASTUPDATE": "3/2/2026",
        "AADT": "71",
        "AADTYEAR": "2019",
        "STATENAME": "TEXAS",
        "STATEAB": "TX",
        "COUNTYNAME": "CASS",
        "CITYNAME": "BLOOMBURG",
        "LATDD": 33.11665,
        "LONGDD": -94.04893,
        "gridlyProductionCertified": true,
        "gridlyClassification": "PUBLIC_ROADWAY",
        "gridlyDisplayName": "CR 4920",
        "gridlyId": "FRA-330907Y"
      }
    },
    {
      "type": "Feature",
      "id": 214946,
      "geometry": {
        "type": "Point",
        "coordinates": [
          -94.5747180002026,
          32.9539080003413
        ]
      },
      "properties": {
        "OBJECTID": 214946,
        "CROSSING": "331478B",
        "EFFDATE": 1772064000000,
        "REASON": "14",
        "StateCode": "48",
        "CountyCode": "48067",
        "STCYFIPS": "48067",
        "CITYCD": "480673310",
        "RAILROAD": "KCS",
        "RRDIV": "Speedway",
        "RRSUBDIV": "Greenville",
        "HIGHWAY": "CO 0000",
        "STREET": "RD 2985",
        "TTSTN": "661493",
        "MILEPOST": "0071.430",
        "TYPEXING": "Public",
        "POSXING": "At Grade",
        "PRVCAT": "14",
        "INIT": "1",
        "LATITUDE": 32.953908,
        "LONGITUD": -94.574718,
        "LLSOURCE": "1",
        "WHISTBAN": "0",
        "RRCONT": "3186766269",
        "POLCONT": "8775279464",
        "INV_LINK": "https://safetydata.fra.dot.gov/OfficeofSafety/PublicSite/Crossing/Crossing.aspx?phasetype=C&rpttype=I&txtcrossingnum=331478B",
        "ACC_LINK": "https://safetydata.fra.dot.gov/OfficeofSafety/PublicSite/Crossing/Crossing.aspx?phasetype=C&rpttype=A&txtcrossingnum=331478B",
        "TTSTNNAM": "661493",
        "XPURPOSE": "1",
        "OPERATINGR": "CPKC",
        "OPERATIN_1": "Primary",
        "DAYTHRU": 4,
        "NGHTTHRU": 3,
        "MAINTRK": 1,
        "SIDINGTRK": 0,
        "YARDTRK": 0,
        "TRANSITTRK": 0,
        "INDUSTRYTR": 0,
        "OTHRTRK": 0,
        "WDCODE": "All other Gates",
        "REVISIONDA": "1975/01/01 00:00:00",
        "LASTUPDATE": "2/26/2026",
        "AADT": "77",
        "AADTYEAR": "2019",
        "STATENAME": "TEXAS",
        "STATEAB": "TX",
        "COUNTYNAME": "CASS",
        "CITYNAME": "HUGHES SPRINGS",
        "LATDD": 32.953908,
        "LONGDD": -94.574718,
        "gridlyProductionCertified": true,
        "gridlyClassification": "PUBLIC_ROADWAY",
        "gridlyDisplayName": "RD 2985",
        "gridlyId": "FRA-331478B"
      }
    },
    {
      "type": "Feature",
      "id": 215853,
      "geometry": {
        "type": "Point",
        "coordinates": [
          -94.5578149997793,
          32.9001129997638
        ]
      },
      "properties": {
        "OBJECTID": 215853,
        "CROSSING": "331474Y",
        "EFFDATE": 1772064000000,
        "REASON": "14",
        "StateCode": "48",
        "CountyCode": "48067",
        "STCYFIPS": "48067",
        "CITYCD": "480670360",
        "RAILROAD": "KCS",
        "RRDIV": "Speedway",
        "RRSUBDIV": "Greenville",
        "HIGHWAY": "ST 0000",
        "STREET": "DEPOT ST",
        "TTSTN": "661497",
        "MILEPOST": "0067.430",
        "TYPEXING": "Public",
        "POSXING": "At Grade",
        "PRVCAT": "14",
        "INIT": "1",
        "LATITUDE": 32.900113,
        "LONGITUD": -94.557815,
        "LLSOURCE": "1",
        "WHISTBAN": "0",
        "RRCONT": "3186766269",
        "POLCONT": "8775279464",
        "INV_LINK": "https://safetydata.fra.dot.gov/OfficeofSafety/PublicSite/Crossing/Crossing.aspx?phasetype=C&rpttype=I&txtcrossingnum=331474Y",
        "ACC_LINK": "https://safetydata.fra.dot.gov/OfficeofSafety/PublicSite/Crossing/Crossing.aspx?phasetype=C&rpttype=A&txtcrossingnum=331474Y",
        "TTSTNNAM": "661497",
        "XPURPOSE": "1",
        "OPERATINGR": "CPKC",
        "OPERATIN_1": "Primary",
        "DAYTHRU": 4,
        "NGHTTHRU": 3,
        "MAINTRK": 1,
        "SIDINGTRK": 0,
        "YARDTRK": 0,
        "TRANSITTRK": 0,
        "INDUSTRYTR": 0,
        "OTHRTRK": 0,
        "WDCODE": "All other Gates",
        "REVISIONDA": "1975/01/01 00:00:00",
        "LASTUPDATE": "2/26/2026",
        "AADT": "594",
        "AADTYEAR": "2019",
        "STATENAME": "TEXAS",
        "STATEAB": "TX",
        "COUNTYNAME": "CASS",
        "CITYNAME": "AVINGER",
        "LATDD": 32.900113,
        "LONGDD": -94.557815,
        "gridlyProductionCertified": true,
        "gridlyClassification": "PUBLIC_ROADWAY",
        "gridlyDisplayName": "DEPOT ST",
        "gridlyId": "FRA-331474Y"
      }
    },
    {
      "type": "Feature",
      "id": 215874,
      "geometry": {
        "type": "Point",
        "coordinates": [
          -94.0587289996181,
          33.1626380000259
        ]
      },
      "properties": {
        "OBJECTID": 215874,
        "CROSSING": "330903W",
        "EFFDATE": 1772064000000,
        "REASON": "14",
        "StateCode": "48",
        "CountyCode": "48067",
        "STCYFIPS": "48067",
        "CITYCD": "480670690",
        "RAILROAD": "KCS",
        "RRDIV": "North",
        "RRSUBDIV": "Shreveport",
        "HIGHWAY": "NA",
        "STREET": "CR 3992",
        "TTSTN": "661417",
        "MILEPOST": "0505.530",
        "TYPEXING": "Public",
        "POSXING": "At Grade",
        "PRVCAT": "14",
        "INIT": "1",
        "LATITUDE": 33.162638,
        "LONGITUD": -94.058729,
        "LLSOURCE": "1",
        "WHISTBAN": "0",
        "RRCONT": "3186766269",
        "POLCONT": "8775279464",
        "INV_LINK": "https://safetydata.fra.dot.gov/OfficeofSafety/PublicSite/Crossing/Crossing.aspx?phasetype=C&rpttype=I&txtcrossingnum=330903W",
        "ACC_LINK": "https://safetydata.fra.dot.gov/OfficeofSafety/PublicSite/Crossing/Crossing.aspx?phasetype=C&rpttype=A&txtcrossingnum=330903W",
        "TTSTNNAM": "661417",
        "XPURPOSE": "1",
        "OPERATINGR": "CPKC",
        "OPERATIN_1": "Primary",
        "DAYTHRU": 8,
        "NGHTTHRU": 8,
        "MAINTRK": 1,
        "SIDINGTRK": 0,
        "YARDTRK": 0,
        "TRANSITTRK": 0,
        "INDUSTRYTR": 0,
        "OTHRTRK": 0,
        "WDCODE": "All other Gates",
        "REVISIONDA": "1975/01/01 00:00:00",
        "LASTUPDATE": "2/26/2026",
        "AADT": "89",
        "AADTYEAR": "2019",
        "STATENAME": "TEXAS",
        "STATEAB": "TX",
        "COUNTYNAME": "CASS",
        "CITYNAME": "BLOOMBURG",
        "LATDD": 33.162638,
        "LONGDD": -94.058729,
        "gridlyProductionCertified": true,
        "gridlyClassification": "PUBLIC_ROADWAY",
        "gridlyDisplayName": "CR 3992",
        "gridlyId": "FRA-330903W"
      }
    },
    {
      "type": "Feature",
      "id": 215888,
      "geometry": {
        "type": "Point",
        "coordinates": [
          -94.0632570000285,
          33.2598860002935
        ]
      },
      "properties": {
        "OBJECTID": 215888,
        "CROSSING": "330899J",
        "EFFDATE": 1772064000000,
        "REASON": "14",
        "StateCode": "48",
        "CountyCode": "48067",
        "STCYFIPS": "48067",
        "CITYCD": "480671963",
        "RAILROAD": "KCS",
        "RRDIV": "North",
        "RRSUBDIV": "Shreveport",
        "HIGHWAY": "CO 0000",
        "STREET": "Paper Mill",
        "TTSTN": "661155",
        "MILEPOST": "0498.800",
        "TYPEXING": "Public",
        "POSXING": "At Grade",
        "PRVCAT": "14",
        "INIT": "1",
        "LATITUDE": 33.259886,
        "LONGITUD": -94.063257,
        "LLSOURCE": "1",
        "WHISTBAN": "0",
        "RRCONT": "3186766269",
        "POLCONT": "8775279464",
        "INV_LINK": "https://safetydata.fra.dot.gov/OfficeofSafety/PublicSite/Crossing/Crossing.aspx?phasetype=C&rpttype=I&txtcrossingnum=330899J",
        "ACC_LINK": "https://safetydata.fra.dot.gov/OfficeofSafety/PublicSite/Crossing/Crossing.aspx?phasetype=C&rpttype=A&txtcrossingnum=330899J",
        "TTSTNNAM": "661155",
        "XPURPOSE": "1",
        "OPERATINGR": "CPKC",
        "OPERATIN_1": "Primary",
        "DAYTHRU": 2,
        "NGHTTHRU": 2,
        "MAINTRK": 0,
        "SIDINGTRK": 0,
        "YARDTRK": 0,
        "TRANSITTRK": 0,
        "INDUSTRYTR": 1,
        "OTHRTRK": 1,
        "WDCODE": "Crossbucks",
        "REVISIONDA": "1975/01/01 00:00:00",
        "LASTUPDATE": "2/26/2026",
        "AADT": "20",
        "AADTYEAR": "1992",
        "STATENAME": "TEXAS",
        "STATEAB": "TX",
        "COUNTYNAME": "CASS",
        "CITYNAME": "DOMINO",
        "LATDD": 33.259886,
        "LONGDD": -94.063257,
        "gridlyProductionCertified": true,
        "gridlyClassification": "PUBLIC_ROADWAY",
        "gridlyDisplayName": "Paper Mill",
        "gridlyId": "FRA-330899J"
      }
    },
    {
      "type": "Feature",
      "id": 215914,
      "geometry": {
        "type": "Point",
        "coordinates": [
          -94.543483999982,
          32.8895119999388
        ]
      },
      "properties": {
        "OBJECTID": 215914,
        "CROSSING": "331472K",
        "EFFDATE": 1772064000000,
        "REASON": "14",
        "StateCode": "48",
        "CountyCode": "48067",
        "STCYFIPS": "48067",
        "CITYCD": "480670360",
        "RAILROAD": "KCS",
        "RRDIV": "Speedway",
        "RRSUBDIV": "Greenville",
        "HIGHWAY": "NA",
        "STREET": "Private",
        "TTSTN": "661497",
        "MILEPOST": "0066.290",
        "TYPEXING": "Private",
        "POSXING": "At Grade",
        "PRVCAT": "14",
        "INIT": "1",
        "LATITUDE": 32.889512,
        "LONGITUD": -94.543484,
        "LLSOURCE": "2",
        "WHISTBAN": "0",
        "RRCONT": "3186766269",
        "POLCONT": "8775279464",
        "INV_LINK": "https://safetydata.fra.dot.gov/OfficeofSafety/PublicSite/Crossing/Crossing.aspx?phasetype=C&rpttype=I&txtcrossingnum=331472K",
        "ACC_LINK": "https://safetydata.fra.dot.gov/OfficeofSafety/PublicSite/Crossing/Crossing.aspx?phasetype=C&rpttype=A&txtcrossingnum=331472K",
        "TTSTNNAM": "661497",
        "XPURPOSE": "1",
        "OPERATINGR": "CPKC",
        "OPERATIN_1": "Primary",
        "DAYTHRU": 4,
        "NGHTTHRU": 3,
        "MAINTRK": 1,
        "SIDINGTRK": 0,
        "YARDTRK": 0,
        "TRANSITTRK": 0,
        "INDUSTRYTR": 0,
        "OTHRTRK": 0,
        "WDCODE": "",
        "REVISIONDA": "1975/01/01 00:00:00",
        "LASTUPDATE": "2/26/2026",
        "AADT": "1",
        "AADTYEAR": "1970",
        "STATENAME": "TEXAS",
        "STATEAB": "TX",
        "COUNTYNAME": "CASS",
        "CITYNAME": "AVINGER",
        "LATDD": 32.889512,
        "LONGDD": -94.543484,
        "gridlyProductionCertified": true,
        "gridlyClassification": "PUBLIC_ROADWAY",
        "gridlyDisplayName": "Private",
        "gridlyId": "FRA-331472K"
      }
    },
    {
      "type": "Feature",
      "id": 215947,
      "geometry": {
        "type": "Point",
        "coordinates": [
          -94.0595660003925,
          33.148237999705
        ]
      },
      "properties": {
        "OBJECTID": 215947,
        "CROSSING": "330904D",
        "EFFDATE": 1772064000000,
        "REASON": "14",
        "StateCode": "48",
        "CountyCode": "48067",
        "STCYFIPS": "48067",
        "CITYCD": "480670690",
        "RAILROAD": "KCS",
        "RRDIV": "North",
        "RRSUBDIV": "Shreveport",
        "HIGHWAY": "NA",
        "STREET": "Private",
        "TTSTN": "661417",
        "MILEPOST": "0506.530",
        "TYPEXING": "Private",
        "POSXING": "RR Over",
        "PRVCAT": "14",
        "INIT": "1",
        "LATITUDE": 33.148238,
        "LONGITUD": -94.059566,
        "LLSOURCE": "1",
        "WHISTBAN": "0",
        "RRCONT": "3186766269",
        "POLCONT": "8775279464",
        "INV_LINK": "https://safetydata.fra.dot.gov/OfficeofSafety/PublicSite/Crossing/Crossing.aspx?phasetype=C&rpttype=I&txtcrossingnum=330904D",
        "ACC_LINK": "https://safetydata.fra.dot.gov/OfficeofSafety/PublicSite/Crossing/Crossing.aspx?phasetype=C&rpttype=A&txtcrossingnum=330904D",
        "TTSTNNAM": "661417",
        "XPURPOSE": "1",
        "OPERATINGR": "CPKC",
        "OPERATIN_1": "Primary",
        "DAYTHRU": 8,
        "NGHTTHRU": 8,
        "MAINTRK": 1,
        "SIDINGTRK": 0,
        "YARDTRK": 0,
        "TRANSITTRK": 0,
        "INDUSTRYTR": 0,
        "OTHRTRK": 0,
        "WDCODE": "",
        "REVISIONDA": "1975/01/01 00:00:00",
        "LASTUPDATE": "2/26/2026",
        "AADT": "1",
        "AADTYEAR": "1970",
        "STATENAME": "TEXAS",
        "STATEAB": "TX",
        "COUNTYNAME": "CASS",
        "CITYNAME": "BLOOMBURG",
        "LATDD": 33.148238,
        "LONGDD": -94.059566,
        "gridlyProductionCertified": true,
        "gridlyClassification": "PUBLIC_ROADWAY",
        "gridlyDisplayName": "Private",
        "gridlyId": "FRA-330904D"
      }
    },
    {
      "type": "Feature",
      "id": 215981,
      "geometry": {
        "type": "Point",
        "coordinates": [
          -94.0580879995606,
          33.1357700003225
        ]
      },
      "properties": {
        "OBJECTID": 215981,
        "CROSSING": "330906S",
        "EFFDATE": 1772064000000,
        "REASON": "14",
        "StateCode": "48",
        "CountyCode": "48067",
        "STCYFIPS": "48067",
        "CITYCD": "480670690",
        "RAILROAD": "KCS",
        "RRDIV": "North",
        "RRSUBDIV": "Shreveport",
        "HIGHWAY": "ST 0000",
        "STREET": "CYPRESS STREET",
        "TTSTN": "661417",
        "MILEPOST": "0507.420",
        "TYPEXING": "Public",
        "POSXING": "At Grade",
        "PRVCAT": "14",
        "INIT": "1",
        "LATITUDE": 33.13577,
        "LONGITUD": -94.058088,
        "LLSOURCE": "1",
        "WHISTBAN": "0",
        "RRCONT": "3186766269",
        "POLCONT": "8775279464",
        "INV_LINK": "https://safetydata.fra.dot.gov/OfficeofSafety/PublicSite/Crossing/Crossing.aspx?phasetype=C&rpttype=I&txtcrossingnum=330906S",
        "ACC_LINK": "https://safetydata.fra.dot.gov/OfficeofSafety/PublicSite/Crossing/Crossing.aspx?phasetype=C&rpttype=A&txtcrossingnum=330906S",
        "TTSTNNAM": "661417",
        "XPURPOSE": "1",
        "OPERATINGR": "CPKC",
        "OPERATIN_1": "Primary",
        "DAYTHRU": 8,
        "NGHTTHRU": 8,
        "MAINTRK": 1,
        "SIDINGTRK": 0,
        "YARDTRK": 0,
        "TRANSITTRK": 0,
        "INDUSTRYTR": 1,
        "OTHRTRK": 1,
        "WDCODE": "All other Gates",
        "REVISIONDA": "1975/01/01 00:00:00",
        "LASTUPDATE": "2/26/2026",
        "AADT": "56",
        "AADTYEAR": "2019",
        "STATENAME": "TEXAS",
        "STATEAB": "TX",
        "COUNTYNAME": "CASS",
        "CITYNAME": "BLOOMBURG",
        "LATDD": 33.13577,
        "LONGDD": -94.058088,
        "gridlyProductionCertified": true,
        "gridlyClassification": "PUBLIC_ROADWAY",
        "gridlyDisplayName": "CYPRESS STREET",
        "gridlyId": "FRA-330906S"
      }
    },
    {
      "type": "Feature",
      "id": 215986,
      "geometry": {
        "type": "Point",
        "coordinates": [
          -94.6052850004265,
          32.9932810001732
        ]
      },
      "properties": {
        "OBJECTID": 215986,
        "CROSSING": "330910G",
        "EFFDATE": 1772064000000,
        "REASON": "14",
        "StateCode": "48",
        "CountyCode": "48067",
        "STCYFIPS": "48067",
        "CITYCD": "480673310",
        "RAILROAD": "KCS",
        "RRDIV": "Speedway",
        "RRSUBDIV": "Greenville",
        "HIGHWAY": "FM 2612",
        "STREET": "FM 2612",
        "TTSTN": "661493",
        "MILEPOST": "0074.670",
        "TYPEXING": "Public",
        "POSXING": "At Grade",
        "PRVCAT": "14",
        "INIT": "1",
        "LATITUDE": 32.993281,
        "LONGITUD": -94.605285,
        "LLSOURCE": "1",
        "WHISTBAN": "0",
        "RRCONT": "3186766269",
        "POLCONT": "8775279464",
        "INV_LINK": "https://safetydata.fra.dot.gov/OfficeofSafety/PublicSite/Crossing/Crossing.aspx?phasetype=C&rpttype=I&txtcrossingnum=330910G",
        "ACC_LINK": "https://safetydata.fra.dot.gov/OfficeofSafety/PublicSite/Crossing/Crossing.aspx?phasetype=C&rpttype=A&txtcrossingnum=330910G",
        "TTSTNNAM": "661493",
        "XPURPOSE": "1",
        "OPERATINGR": "CPKC",
        "OPERATIN_1": "Primary",
        "DAYTHRU": 4,
        "NGHTTHRU": 3,
        "MAINTRK": 1,
        "SIDINGTRK": 0,
        "YARDTRK": 0,
        "TRANSITTRK": 0,
        "INDUSTRYTR": 0,
        "OTHRTRK": 0,
        "WDCODE": "All other Gates",
        "REVISIONDA": "1975/01/01 00:00:00",
        "LASTUPDATE": "2/26/2026",
        "AADT": "857",
        "AADTYEAR": "2019",
        "STATENAME": "TEXAS",
        "STATEAB": "TX",
        "COUNTYNAME": "CASS",
        "CITYNAME": "HUGHES SPRINGS",
        "LATDD": 32.993281,
        "LONGDD": -94.605285,
        "gridlyProductionCertified": true,
        "gridlyClassification": "PUBLIC_ROADWAY",
        "gridlyDisplayName": "FM 2612",
        "gridlyId": "FRA-330910G"
      }
    },
    {
      "type": "Feature",
      "id": 216053,
      "geometry": {
        "type": "Point",
        "coordinates": [
          -94.5659540003581,
          32.9267010000538
        ]
      },
      "properties": {
        "OBJECTID": 216053,
        "CROSSING": "331476M",
        "EFFDATE": 1772064000000,
        "REASON": "14",
        "StateCode": "48",
        "CountyCode": "48067",
        "STCYFIPS": "48067",
        "CITYCD": "480670360",
        "RAILROAD": "KCS",
        "RRDIV": "Speedway",
        "RRSUBDIV": "Greenville",
        "HIGHWAY": "PVT",
        "STREET": "Private",
        "TTSTN": "661497",
        "MILEPOST": "0069.380",
        "TYPEXING": "Private",
        "POSXING": "At Grade",
        "PRVCAT": "14",
        "INIT": "1",
        "LATITUDE": 32.926701,
        "LONGITUD": -94.565954,
        "LLSOURCE": "1",
        "WHISTBAN": "0",
        "RRCONT": "3186766269",
        "POLCONT": "8775279464",
        "INV_LINK": "https://safetydata.fra.dot.gov/OfficeofSafety/PublicSite/Crossing/Crossing.aspx?phasetype=C&rpttype=I&txtcrossingnum=331476M",
        "ACC_LINK": "https://safetydata.fra.dot.gov/OfficeofSafety/PublicSite/Crossing/Crossing.aspx?phasetype=C&rpttype=A&txtcrossingnum=331476M",
        "TTSTNNAM": "661497",
        "XPURPOSE": "1",
        "OPERATINGR": "CPKC",
        "OPERATIN_1": "Primary",
        "DAYTHRU": 4,
        "NGHTTHRU": 3,
        "MAINTRK": 1,
        "SIDINGTRK": 0,
        "YARDTRK": 0,
        "TRANSITTRK": 0,
        "INDUSTRYTR": 0,
        "OTHRTRK": 0,
        "WDCODE": "",
        "REVISIONDA": "1975/01/01 00:00:00",
        "LASTUPDATE": "2/26/2026",
        "AADT": "1",
        "AADTYEAR": "1970",
        "STATENAME": "TEXAS",
        "STATEAB": "TX",
        "COUNTYNAME": "CASS",
        "CITYNAME": "AVINGER",
        "LATDD": 32.926701,
        "LONGDD": -94.565954,
        "gridlyProductionCertified": true,
        "gridlyClassification": "PUBLIC_ROADWAY",
        "gridlyDisplayName": "Private",
        "gridlyId": "FRA-331476M"
      }
    }
  ]
}
