{
  "type": "FeatureCollection",
  "features": [
    {
      "type": "Feature",
      "id": 200907,
      "geometry": {
        "type": "Point",
        "coordinates": [
          -96.4366499999178,
          31.8282700003737
        ]
      },
      "properties": {
        "OBJECTID": 200907,
        "CROSSING": "966368W",
        "EFFDATE": 1334102400000,
        "REASON": "15",
        "StateCode": "48",
        "CountyCode": "48349",
        "STCYFIPS": "48349",
        "CITYCD": "481617610",
        "RAILROAD": "TUEX",
        "RRDIV": "",
        "RRSUBDIV": "",
        "HIGHWAY": "",
        "STREET": "FARMLAND ",
        "TTSTN": "",
        "MILEPOST": "0000.00",
        "TYPEXING": "Private",
        "POSXING": "At Grade",
        "PRVCAT": "15",
        "INIT": "1",
        "LATITUDE": 31.82827,
        "LONGITUD": -96.43665,
        "LLSOURCE": "1",
        "WHISTBAN": "0",
        "RRCONT": "9033910972",
        "POLCONT": "9033918268",
        "INV_LINK": "https://safetydata.fra.dot.gov/OfficeofSafety/PublicSite/Crossing/Crossing.aspx?phasetype=C&rpttype=I&txtcrossingnum=966368W",
        "ACC_LINK": "https://safetydata.fra.dot.gov/OfficeofSafety/PublicSite/Crossing/Crossing.aspx?phasetype=C&rpttype=A&txtcrossingnum=966368W",
        "TTSTNNAM": "",
        "XPURPOSE": "1",
        "OPERATINGR": "TUEX",
        "OPERATIN_1": "Primary",
        "DAYTHRU": 0,
        "NGHTTHRU": 0,
        "MAINTRK": 0,
        "SIDINGTRK": 0,
        "YARDTRK": 0,
        "TRANSITTRK": 0,
        "INDUSTRYTR": 0,
        "OTHRTRK": 0,
        "WDCODE": "No signs or signals",
        "REVISIONDA": "1975/01/01 00:00:00",
        "LASTUPDATE": "4/11/2012",
        "AADT": "",
        "AADTYEAR": "",
        "STATENAME": "TEXAS",
        "STATEAB": "TX",
        "COUNTYNAME": "NAVARRO",
        "CITYNAME": "WORTHAM",
        "LATDD": 31.82827,
        "LONGDD": -96.43665,
        "gridlyProductionCertified": true,
        "gridlyClassification": "PUBLIC_ROADWAY",
        "gridlyDisplayName": "FARMLAND",
        "gridlyId": "FRA-966368W"
      }
    },
    {
      "type": "Feature",
      "id": 200916,
      "geometry": {
        "type": "Point",
        "coordinates": [
          -96.4475100001872,
          31.8427100002822
        ]
      },
      "properties": {
        "OBJECTID": 200916,
        "CROSSING": "966371E",
        "EFFDATE": 1334102400000,
        "REASON": "15",
        "StateCode": "48",
        "CountyCode": "48349",
        "STCYFIPS": "48349",
        "CITYCD": "481617610",
        "RAILROAD": "TUEX",
        "RRDIV": "",
        "RRSUBDIV": "",
        "HIGHWAY": "",
        "STREET": "PRIVATE ",
        "TTSTN": "",
        "MILEPOST": "0000.00",
        "TYPEXING": "Private",
        "POSXING": "At Grade",
        "PRVCAT": "15",
        "INIT": "1",
        "LATITUDE": 31.84271,
        "LONGITUD": -96.44751,
        "LLSOURCE": "1",
        "WHISTBAN": "0",
        "RRCONT": "9033910972",
        "POLCONT": "9033918268",
        "INV_LINK": "https://safetydata.fra.dot.gov/OfficeofSafety/PublicSite/Crossing/Crossing.aspx?phasetype=C&rpttype=I&txtcrossingnum=966371E",
        "ACC_LINK": "https://safetydata.fra.dot.gov/OfficeofSafety/PublicSite/Crossing/Crossing.aspx?phasetype=C&rpttype=A&txtcrossingnum=966371E",
        "TTSTNNAM": "",
        "XPURPOSE": "1",
        "OPERATINGR": "TUEX",
        "OPERATIN_1": "Primary",
        "DAYTHRU": 0,
        "NGHTTHRU": 0,
        "MAINTRK": 0,
        "SIDINGTRK": 0,
        "YARDTRK": 0,
        "TRANSITTRK": 0,
        "INDUSTRYTR": 0,
        "OTHRTRK": 0,
        "WDCODE": "No signs or signals",
        "REVISIONDA": "1975/01/01 00:00:00",
        "LASTUPDATE": "4/11/2012",
        "AADT": "",
        "AADTYEAR": "",
        "STATENAME": "TEXAS",
        "STATEAB": "TX",
        "COUNTYNAME": "NAVARRO",
        "CITYNAME": "WORTHAM",
        "LATDD": 31.84271,
        "LONGDD": -96.44751,
        "gridlyProductionCertified": true,
        "gridlyClassification": "PUBLIC_ROADWAY",
        "gridlyDisplayName": "PRIVATE",
        "gridlyId": "FRA-966371E"
      }
    },
    {
      "type": "Feature",
      "id": 200934,
      "geometry": {
        "type": "Point",
        "coordinates": [
          -96.4458630001992,
          31.8387900000101
        ]
      },
      "properties": {
        "OBJECTID": 200934,
        "CROSSING": "966370X",
        "EFFDATE": 1334102400000,
        "REASON": "15",
        "StateCode": "48",
        "CountyCode": "48349",
        "STCYFIPS": "48349",
        "CITYCD": "481617610",
        "RAILROAD": "TUEX",
        "RRDIV": "",
        "RRSUBDIV": "",
        "HIGHWAY": "",
        "STREET": "FARMLAND ",
        "TTSTN": "",
        "MILEPOST": "0000.00",
        "TYPEXING": "Private",
        "POSXING": "At Grade",
        "PRVCAT": "15",
        "INIT": "1",
        "LATITUDE": 31.83879,
        "LONGITUD": -96.445863,
        "LLSOURCE": "1",
        "WHISTBAN": "0",
        "RRCONT": "9033910971",
        "POLCONT": "9033918268",
        "INV_LINK": "https://safetydata.fra.dot.gov/OfficeofSafety/PublicSite/Crossing/Crossing.aspx?phasetype=C&rpttype=I&txtcrossingnum=966370X",
        "ACC_LINK": "https://safetydata.fra.dot.gov/OfficeofSafety/PublicSite/Crossing/Crossing.aspx?phasetype=C&rpttype=A&txtcrossingnum=966370X",
        "TTSTNNAM": "",
        "XPURPOSE": "1",
        "OPERATINGR": "TUEX",
        "OPERATIN_1": "Primary",
        "DAYTHRU": 0,
        "NGHTTHRU": 0,
        "MAINTRK": 0,
        "SIDINGTRK": 0,
        "YARDTRK": 0,
        "TRANSITTRK": 0,
        "INDUSTRYTR": 0,
        "OTHRTRK": 0,
        "WDCODE": "No signs or signals",
        "REVISIONDA": "1975/01/01 00:00:00",
        "LASTUPDATE": "4/11/2012",
        "AADT": "",
        "AADTYEAR": "",
        "STATENAME": "TEXAS",
        "STATEAB": "TX",
        "COUNTYNAME": "NAVARRO",
        "CITYNAME": "WORTHAM",
        "LATDD": 31.83879,
        "LONGDD": -96.445863,
        "gridlyProductionCertified": true,
        "gridlyClassification": "PUBLIC_ROADWAY",
        "gridlyDisplayName": "FARMLAND",
        "gridlyId": "FRA-966370X"
      }
    },
    {
      "type": "Feature",
      "id": 200935,
      "geometry": {
        "type": "Point",
        "coordinates": [
          -96.4437600001016,
          31.836000000092
        ]
      },
      "properties": {
        "OBJECTID": 200935,
        "CROSSING": "966369D",
        "EFFDATE": 1334102400000,
        "REASON": "15",
        "StateCode": "48",
        "CountyCode": "48349",
        "STCYFIPS": "48349",
        "CITYCD": "481617610",
        "RAILROAD": "TUEX",
        "RRDIV": "",
        "RRSUBDIV": "",
        "HIGHWAY": "",
        "STREET": "FARMLAND ",
        "TTSTN": "",
        "MILEPOST": "0000.00",
        "TYPEXING": "Private",
        "POSXING": "At Grade",
        "PRVCAT": "15",
        "INIT": "1",
        "LATITUDE": 31.836,
        "LONGITUD": -96.44376,
        "LLSOURCE": "1",
        "WHISTBAN": "0",
        "RRCONT": "9033910972",
        "POLCONT": "9033918268",
        "INV_LINK": "https://safetydata.fra.dot.gov/OfficeofSafety/PublicSite/Crossing/Crossing.aspx?phasetype=C&rpttype=I&txtcrossingnum=966369D",
        "ACC_LINK": "https://safetydata.fra.dot.gov/OfficeofSafety/PublicSite/Crossing/Crossing.aspx?phasetype=C&rpttype=A&txtcrossingnum=966369D",
        "TTSTNNAM": "",
        "XPURPOSE": "1",
        "OPERATINGR": "TUEX",
        "OPERATIN_1": "Primary",
        "DAYTHRU": 0,
        "NGHTTHRU": 0,
        "MAINTRK": 0,
        "SIDINGTRK": 0,
        "YARDTRK": 0,
        "TRANSITTRK": 0,
        "INDUSTRYTR": 0,
        "OTHRTRK": 0,
        "WDCODE": "No signs or signals",
        "REVISIONDA": "1975/01/01 00:00:00",
        "LASTUPDATE": "4/11/2012",
        "AADT": "",
        "AADTYEAR": "",
        "STATENAME": "TEXAS",
        "STATEAB": "TX",
        "COUNTYNAME": "NAVARRO",
        "CITYNAME": "WORTHAM",
        "LATDD": 31.836,
        "LONGDD": -96.44376,
        "gridlyProductionCertified": true,
        "gridlyClassification": "PUBLIC_ROADWAY",
        "gridlyDisplayName": "FARMLAND",
        "gridlyId": "FRA-966369D"
      }
    },
    {
      "type": "Feature",
      "id": 201166,
      "geometry": {
        "type": "Point",
        "coordinates": [
          -96.4532069998364,
          32.040873000358
        ]
      },
      "properties": {
        "OBJECTID": 201166,
        "CROSSING": "441024F",
        "EFFDATE": 1557792000000,
        "REASON": "22",
        "StateCode": "48",
        "CountyCode": "48349",
        "STCYFIPS": "48349",
        "CITYCD": "483491570",
        "RAILROAD": "UP",
        "RRDIV": "TEXOMA",
        "RRSUBDIV": "Ennis Sub",
        "HIGHWAY": "NA",
        "STREET": "TX 31",
        "TTSTN": "",
        "MILEPOST": "0206.540",
        "TYPEXING": "Public",
        "POSXING": "RR Under",
        "PRVCAT": "22",
        "INIT": "1",
        "LATITUDE": 32.040873,
        "LONGITUD": -96.453207,
        "LLSOURCE": "1",
        "WHISTBAN": "",
        "RRCONT": "4025443721",
        "POLCONT": "8008488715",
        "INV_LINK": "https://safetydata.fra.dot.gov/OfficeofSafety/PublicSite/Crossing/Crossing.aspx?phasetype=C&rpttype=I&txtcrossingnum=441024F",
        "ACC_LINK": "https://safetydata.fra.dot.gov/OfficeofSafety/PublicSite/Crossing/Crossing.aspx?phasetype=C&rpttype=A&txtcrossingnum=441024F",
        "TTSTNNAM": "",
        "XPURPOSE": "1",
        "OPERATINGR": "UP",
        "OPERATIN_1": "Primary",
        "DAYTHRU": 0,
        "NGHTTHRU": 0,
        "MAINTRK": 1,
        "SIDINGTRK": 0,
        "YARDTRK": 0,
        "TRANSITTRK": 0,
        "INDUSTRYTR": 0,
        "OTHRTRK": 0,
        "WDCODE": "",
        "REVISIONDA": "1975/01/01 00:00:00",
        "LASTUPDATE": "5/14/2019",
        "AADT": "",
        "AADTYEAR": "",
        "STATENAME": "TEXAS",
        "STATEAB": "TX",
        "COUNTYNAME": "NAVARRO",
        "CITYNAME": "CORSICANA",
        "LATDD": 32.040873,
        "LONGDD": -96.453207,
        "gridlyProductionCertified": true,
        "gridlyClassification": "PUBLIC_ROADWAY",
        "gridlyDisplayName": "TX 31",
        "gridlyId": "FRA-441024F"
      }
    },
    {
      "type": "Feature",
      "id": 201957,
      "geometry": {
        "type": "Point",
        "coordinates": [
          -96.4353600003052,
          31.8269600000095
        ]
      },
      "properties": {
        "OBJECTID": 201957,
        "CROSSING": "917674F",
        "EFFDATE": 1665705600000,
        "REASON": "14",
        "StateCode": "48",
        "CountyCode": "48349",
        "STCYFIPS": "48349",
        "CITYCD": "481617610",
        "RAILROAD": "TUEX",
        "RRDIV": "",
        "RRSUBDIV": "",
        "HIGHWAY": "CR0000",
        "STREET": "CR2420",
        "TTSTN": "",
        "MILEPOST": "0000.00",
        "TYPEXING": "Public",
        "POSXING": "At Grade",
        "PRVCAT": "14",
        "INIT": "2",
        "LATITUDE": 31.82696,
        "LONGITUD": -96.43536,
        "LLSOURCE": "1",
        "WHISTBAN": "0",
        "RRCONT": "9033910972",
        "POLCONT": "9033918268",
        "INV_LINK": "https://safetydata.fra.dot.gov/OfficeofSafety/PublicSite/Crossing/Crossing.aspx?phasetype=C&rpttype=I&txtcrossingnum=917674F",
        "ACC_LINK": "https://safetydata.fra.dot.gov/OfficeofSafety/PublicSite/Crossing/Crossing.aspx?phasetype=C&rpttype=A&txtcrossingnum=917674F",
        "TTSTNNAM": "",
        "XPURPOSE": "1",
        "OPERATINGR": "TUEX",
        "OPERATIN_1": "Primary",
        "DAYTHRU": 0,
        "NGHTTHRU": 0,
        "MAINTRK": 1,
        "SIDINGTRK": 0,
        "YARDTRK": 0,
        "TRANSITTRK": 0,
        "INDUSTRYTR": 0,
        "OTHRTRK": 0,
        "WDCODE": "All other Gates",
        "REVISIONDA": "1975/01/01 00:00:00",
        "LASTUPDATE": "10/14/2022",
        "AADT": "1",
        "AADTYEAR": "2019",
        "STATENAME": "TEXAS",
        "STATEAB": "TX",
        "COUNTYNAME": "NAVARRO",
        "CITYNAME": "WORTHAM",
        "LATDD": 31.82696,
        "LONGDD": -96.43536,
        "gridlyProductionCertified": true,
        "gridlyClassification": "PUBLIC_ROADWAY",
        "gridlyDisplayName": "CR2420",
        "gridlyId": "FRA-917674F"
      }
    },
    {
      "type": "Feature",
      "id": 202456,
      "geometry": {
        "type": "Point",
        "coordinates": [
          -96.3294690003016,
          31.8871097000969
        ]
      },
      "properties": {
        "OBJECTID": 202456,
        "CROSSING": "597210P",
        "EFFDATE": 1702857600000,
        "REASON": "20",
        "StateCode": "48",
        "CountyCode": "48349",
        "STCYFIPS": "48349",
        "CITYCD": "483496640",
        "RAILROAD": "BNSF",
        "RRDIV": "RED RIVER",
        "RRSUBDIV": "DFW",
        "HIGHWAY": "CO 0000",
        "STREET": "CR 1240",
        "TTSTN": "667752",
        "MILEPOST": "0223.100",
        "TYPEXING": "Public",
        "POSXING": "At Grade",
        "PRVCAT": "20",
        "INIT": "1",
        "LATITUDE": 31.8871097,
        "LONGITUD": -96.329469,
        "LLSOURCE": "1",
        "WHISTBAN": "0",
        "RRCONT": "8173521549",
        "POLCONT": "8008325452",
        "INV_LINK": "https://safetydata.fra.dot.gov/OfficeofSafety/PublicSite/Crossing/Crossing.aspx?phasetype=C&rpttype=I&txtcrossingnum=597210P",
        "ACC_LINK": "https://safetydata.fra.dot.gov/OfficeofSafety/PublicSite/Crossing/Crossing.aspx?phasetype=C&rpttype=A&txtcrossingnum=597210P",
        "TTSTNNAM": "STREETMAN",
        "XPURPOSE": "1",
        "OPERATINGR": "BNSF",
        "OPERATIN_1": "Primary",
        "DAYTHRU": 3,
        "NGHTTHRU": 3,
        "MAINTRK": 1,
        "SIDINGTRK": 1,
        "YARDTRK": 0,
        "TRANSITTRK": 0,
        "INDUSTRYTR": 0,
        "OTHRTRK": 1,
        "WDCODE": "All other Gates",
        "REVISIONDA": "1996/01/01 00:00:00",
        "LASTUPDATE": "12/18/2023",
        "AADT": "10",
        "AADTYEAR": "2019",
        "STATENAME": "TEXAS",
        "STATEAB": "TX",
        "COUNTYNAME": "NAVARRO",
        "CITYNAME": "STREETMAN",
        "LATDD": 31.8871097,
        "LONGDD": -96.329469,
        "gridlyProductionCertified": true,
        "gridlyClassification": "PUBLIC_ROADWAY",
        "gridlyDisplayName": "CR 1240",
        "gridlyId": "FRA-597210P"
      }
    },
    {
      "type": "Feature",
      "id": 202457,
      "geometry": {
        "type": "Point",
        "coordinates": [
          -96.3603090003369,
          31.9516863996332
        ]
      },
      "properties": {
        "OBJECTID": 202457,
        "CROSSING": "597212D",
        "EFFDATE": 1702857600000,
        "REASON": "20",
        "StateCode": "48",
        "CountyCode": "48349",
        "STCYFIPS": "48349",
        "CITYCD": "483496640",
        "RAILROAD": "BNSF",
        "RRDIV": "RED RIVER",
        "RRSUBDIV": "DFW",
        "HIGHWAY": "CO 0000",
        "STREET": "CR 1090",
        "TTSTN": "667752",
        "MILEPOST": "0228.010",
        "TYPEXING": "Public",
        "POSXING": "At Grade",
        "PRVCAT": "20",
        "INIT": "1",
        "LATITUDE": 31.9516864,
        "LONGITUD": -96.360309,
        "LLSOURCE": "1",
        "WHISTBAN": "0",
        "RRCONT": "8173521549",
        "POLCONT": "8008325452",
        "INV_LINK": "https://safetydata.fra.dot.gov/OfficeofSafety/PublicSite/Crossing/Crossing.aspx?phasetype=C&rpttype=I&txtcrossingnum=597212D",
        "ACC_LINK": "https://safetydata.fra.dot.gov/OfficeofSafety/PublicSite/Crossing/Crossing.aspx?phasetype=C&rpttype=A&txtcrossingnum=597212D",
        "TTSTNNAM": "STREETMAN",
        "XPURPOSE": "1",
        "OPERATINGR": "BNSF",
        "OPERATIN_1": "Primary",
        "DAYTHRU": 3,
        "NGHTTHRU": 3,
        "MAINTRK": 1,
        "SIDINGTRK": 0,
        "YARDTRK": 0,
        "TRANSITTRK": 0,
        "INDUSTRYTR": 0,
        "OTHRTRK": 0,
        "WDCODE": "Crossbucks",
        "REVISIONDA": "1996/01/01 00:00:00",
        "LASTUPDATE": "12/18/2023",
        "AADT": "15",
        "AADTYEAR": "2019",
        "STATENAME": "TEXAS",
        "STATEAB": "TX",
        "COUNTYNAME": "NAVARRO",
        "CITYNAME": "STREETMAN",
        "LATDD": 31.9516864,
        "LONGDD": -96.360309,
        "gridlyProductionCertified": true,
        "gridlyClassification": "PUBLIC_ROADWAY",
        "gridlyDisplayName": "CR 1090",
        "gridlyId": "FRA-597212D"
      }
    },
    {
      "type": "Feature",
      "id": 202458,
      "geometry": {
        "type": "Point",
        "coordinates": [
          -96.3788039995983,
          31.9956262996458
        ]
      },
      "properties": {
        "OBJECTID": 202458,
        "CROSSING": "597214S",
        "EFFDATE": 1702857600000,
        "REASON": "20",
        "StateCode": "48",
        "CountyCode": "48349",
        "STCYFIPS": "48349",
        "CITYCD": "483496640",
        "RAILROAD": "BNSF",
        "RRDIV": "RED RIVER",
        "RRSUBDIV": "DFW",
        "HIGHWAY": "CO 0000",
        "STREET": "NAVARRO ST",
        "TTSTN": "667632",
        "MILEPOST": "0231.260",
        "TYPEXING": "Public",
        "POSXING": "At Grade",
        "PRVCAT": "20",
        "INIT": "1",
        "LATITUDE": 31.9956263,
        "LONGITUD": -96.378804,
        "LLSOURCE": "1",
        "WHISTBAN": "0",
        "RRCONT": "8173521549",
        "POLCONT": "8008325452",
        "INV_LINK": "https://safetydata.fra.dot.gov/OfficeofSafety/PublicSite/Crossing/Crossing.aspx?phasetype=C&rpttype=I&txtcrossingnum=597214S",
        "ACC_LINK": "https://safetydata.fra.dot.gov/OfficeofSafety/PublicSite/Crossing/Crossing.aspx?phasetype=C&rpttype=A&txtcrossingnum=597214S",
        "TTSTNNAM": "CORSICANA",
        "XPURPOSE": "1",
        "OPERATINGR": "BNSF",
        "OPERATIN_1": "Primary",
        "DAYTHRU": 3,
        "NGHTTHRU": 3,
        "MAINTRK": 1,
        "SIDINGTRK": 0,
        "YARDTRK": 0,
        "TRANSITTRK": 0,
        "INDUSTRYTR": 0,
        "OTHRTRK": 0,
        "WDCODE": "Crossbucks",
        "REVISIONDA": "1996/01/01 00:00:00",
        "LASTUPDATE": "12/18/2023",
        "AADT": "000095",
        "AADTYEAR": "1999",
        "STATENAME": "TEXAS",
        "STATEAB": "TX",
        "COUNTYNAME": "NAVARRO",
        "CITYNAME": "STREETMAN",
        "LATDD": 31.9956263,
        "LONGDD": -96.378804,
        "gridlyProductionCertified": true,
        "gridlyClassification": "PUBLIC_ROADWAY",
        "gridlyDisplayName": "NAVARRO ST",
        "gridlyId": "FRA-597214S"
      }
    },
    {
      "type": "Feature",
      "id": 202668,
      "geometry": {
        "type": "Point",
        "coordinates": [
          -96.5482900003476,
          32.1435299998837
        ]
      },
      "properties": {
        "OBJECTID": 202668,
        "CROSSING": "926490E",
        "EFFDATE": 1702944000000,
        "REASON": "20",
        "StateCode": "48",
        "CountyCode": "48349",
        "STCYFIPS": "48349",
        "CITYCD": "483491570",
        "RAILROAD": "BNSF",
        "RRDIV": "RED RIVER",
        "RRSUBDIV": "DFW",
        "HIGHWAY": "Not Yet Reported by State",
        "STREET": "PRIVATE",
        "TTSTN": "",
        "MILEPOST": "0246.240",
        "TYPEXING": "Private",
        "POSXING": "At Grade",
        "PRVCAT": "20",
        "INIT": "1",
        "LATITUDE": 32.14353,
        "LONGITUD": -96.54829,
        "LLSOURCE": "1",
        "WHISTBAN": "0",
        "RRCONT": "8173521549",
        "POLCONT": "8008325452",
        "INV_LINK": "https://safetydata.fra.dot.gov/OfficeofSafety/PublicSite/Crossing/Crossing.aspx?phasetype=C&rpttype=I&txtcrossingnum=926490E",
        "ACC_LINK": "https://safetydata.fra.dot.gov/OfficeofSafety/PublicSite/Crossing/Crossing.aspx?phasetype=C&rpttype=A&txtcrossingnum=926490E",
        "TTSTNNAM": "",
        "XPURPOSE": "1",
        "OPERATINGR": "BNSF",
        "OPERATIN_1": "Primary",
        "DAYTHRU": 3,
        "NGHTTHRU": 3,
        "MAINTRK": 1,
        "SIDINGTRK": 0,
        "YARDTRK": 0,
        "TRANSITTRK": 0,
        "INDUSTRYTR": 0,
        "OTHRTRK": 0,
        "WDCODE": "",
        "REVISIONDA": "1996/01/01 00:00:00",
        "LASTUPDATE": "12/19/2023",
        "AADT": "",
        "AADTYEAR": "",
        "STATENAME": "TEXAS",
        "STATEAB": "TX",
        "COUNTYNAME": "NAVARRO",
        "CITYNAME": "CORSICANA",
        "LATDD": 32.14353,
        "LONGDD": -96.54829,
        "gridlyProductionCertified": true,
        "gridlyClassification": "PUBLIC_ROADWAY",
        "gridlyDisplayName": "PRIVATE",
        "gridlyId": "FRA-926490E"
      }
    },
    {
      "type": "Feature",
      "id": 202670,
      "geometry": {
        "type": "Point",
        "coordinates": [
          -96.3802039997141,
          31.9989555002313
        ]
      },
      "properties": {
        "OBJECTID": 202670,
        "CROSSING": "597215Y",
        "EFFDATE": 1702857600000,
        "REASON": "20",
        "StateCode": "48",
        "CountyCode": "48349",
        "STCYFIPS": "48349",
        "CITYCD": "483496640",
        "RAILROAD": "BNSF",
        "RRDIV": "RED RIVER",
        "RRSUBDIV": "DFW",
        "HIGHWAY": "FM 3243",
        "STREET": "MAIN ST",
        "TTSTN": "667632",
        "MILEPOST": "0231.500",
        "TYPEXING": "Public",
        "POSXING": "At Grade",
        "PRVCAT": "20",
        "INIT": "1",
        "LATITUDE": 31.9989555,
        "LONGITUD": -96.380204,
        "LLSOURCE": "1",
        "WHISTBAN": "0",
        "RRCONT": "8173521549",
        "POLCONT": "8008325452",
        "INV_LINK": "https://safetydata.fra.dot.gov/OfficeofSafety/PublicSite/Crossing/Crossing.aspx?phasetype=C&rpttype=I&txtcrossingnum=597215Y",
        "ACC_LINK": "https://safetydata.fra.dot.gov/OfficeofSafety/PublicSite/Crossing/Crossing.aspx?phasetype=C&rpttype=A&txtcrossingnum=597215Y",
        "TTSTNNAM": "CORSICANA",
        "XPURPOSE": "1",
        "OPERATINGR": "BNSF",
        "OPERATIN_1": "Primary",
        "DAYTHRU": 3,
        "NGHTTHRU": 3,
        "MAINTRK": 1,
        "SIDINGTRK": 0,
        "YARDTRK": 0,
        "TRANSITTRK": 0,
        "INDUSTRYTR": 0,
        "OTHRTRK": 0,
        "WDCODE": "All other Gates",
        "REVISIONDA": "1996/01/01 00:00:00",
        "LASTUPDATE": "12/18/2023",
        "AADT": "435",
        "AADTYEAR": "2019",
        "STATENAME": "TEXAS",
        "STATEAB": "TX",
        "COUNTYNAME": "NAVARRO",
        "CITYNAME": "STREETMAN",
        "LATDD": 31.9989555,
        "LONGDD": -96.380204,
        "gridlyProductionCertified": true,
        "gridlyClassification": "PUBLIC_ROADWAY",
        "gridlyDisplayName": "MAIN ST",
        "gridlyId": "FRA-597215Y"
      }
    },
    {
      "type": "Feature",
      "id": 204979,
      "geometry": {
        "type": "Point",
        "coordinates": [
          -96.5278770000382,
          32.1278121003445
        ]
      },
      "properties": {
        "OBJECTID": 204979,
        "CROSSING": "598253L",
        "EFFDATE": 1736899200000,
        "REASON": "14",
        "StateCode": "48",
        "CountyCode": "48349",
        "STCYFIPS": "48349",
        "CITYCD": "483491570",
        "RAILROAD": "BNSF",
        "RRDIV": "RED RIVER",
        "RRSUBDIV": "DFW",
        "HIGHWAY": "PRIVATE",
        "STREET": "PVT",
        "TTSTN": "667632",
        "MILEPOST": "0244.630",
        "TYPEXING": "Private",
        "POSXING": "At Grade",
        "PRVCAT": "14",
        "INIT": "1",
        "LATITUDE": 32.1278121,
        "LONGITUD": -96.527877,
        "LLSOURCE": "1",
        "WHISTBAN": "0",
        "RRCONT": "8173521549",
        "POLCONT": "8008325452",
        "INV_LINK": "https://safetydata.fra.dot.gov/OfficeofSafety/PublicSite/Crossing/Crossing.aspx?phasetype=C&rpttype=I&txtcrossingnum=598253L",
        "ACC_LINK": "https://safetydata.fra.dot.gov/OfficeofSafety/PublicSite/Crossing/Crossing.aspx?phasetype=C&rpttype=A&txtcrossingnum=598253L",
        "TTSTNNAM": "CORSICANA",
        "XPURPOSE": "1",
        "OPERATINGR": "BNSF",
        "OPERATIN_1": "Primary",
        "DAYTHRU": 2,
        "NGHTTHRU": 2,
        "MAINTRK": 1,
        "SIDINGTRK": 0,
        "YARDTRK": 0,
        "TRANSITTRK": 0,
        "INDUSTRYTR": 0,
        "OTHRTRK": 0,
        "WDCODE": "",
        "REVISIONDA": "1996/01/01 00:00:00",
        "LASTUPDATE": "1/15/2025",
        "AADT": "",
        "AADTYEAR": "1970",
        "STATENAME": "TEXAS",
        "STATEAB": "TX",
        "COUNTYNAME": "NAVARRO",
        "CITYNAME": "CORSICANA",
        "LATDD": 32.1278121,
        "LONGDD": -96.527877,
        "gridlyProductionCertified": true,
        "gridlyClassification": "PUBLIC_ROADWAY",
        "gridlyDisplayName": "PVT",
        "gridlyId": "FRA-598253L"
      }
    },
    {
      "type": "Feature",
      "id": 206114,
      "geometry": {
        "type": "Point",
        "coordinates": [
          -96.389108000199,
          32.0201034999928
        ]
      },
      "properties": {
        "OBJECTID": 206114,
        "CROSSING": "597216F",
        "EFFDATE": 1736899200000,
        "REASON": "14",
        "StateCode": "48",
        "CountyCode": "48349",
        "STCYFIPS": "48349",
        "CITYCD": "483491570",
        "RAILROAD": "BNSF",
        "RRDIV": "RED RIVER",
        "RRSUBDIV": "DFW",
        "HIGHWAY": "CO 4899",
        "STREET": "CR 4899",
        "TTSTN": "667632",
        "MILEPOST": "0233.000",
        "TYPEXING": "Public",
        "POSXING": "At Grade",
        "PRVCAT": "14",
        "INIT": "1",
        "LATITUDE": 32.0201035,
        "LONGITUD": -96.389108,
        "LLSOURCE": "1",
        "WHISTBAN": "0",
        "RRCONT": "8173521549",
        "POLCONT": "8008325452",
        "INV_LINK": "https://safetydata.fra.dot.gov/OfficeofSafety/PublicSite/Crossing/Crossing.aspx?phasetype=C&rpttype=I&txtcrossingnum=597216F",
        "ACC_LINK": "https://safetydata.fra.dot.gov/OfficeofSafety/PublicSite/Crossing/Crossing.aspx?phasetype=C&rpttype=A&txtcrossingnum=597216F",
        "TTSTNNAM": "CORSICANA",
        "XPURPOSE": "1",
        "OPERATINGR": "BNSF",
        "OPERATIN_1": "Primary",
        "DAYTHRU": 2,
        "NGHTTHRU": 2,
        "MAINTRK": 1,
        "SIDINGTRK": 0,
        "YARDTRK": 0,
        "TRANSITTRK": 0,
        "INDUSTRYTR": 0,
        "OTHRTRK": 0,
        "WDCODE": "All other Gates",
        "REVISIONDA": "1996/01/01 00:00:00",
        "LASTUPDATE": "1/15/2025",
        "AADT": "75",
        "AADTYEAR": "2019",
        "STATENAME": "TEXAS",
        "STATEAB": "TX",
        "COUNTYNAME": "NAVARRO",
        "CITYNAME": "CORSICANA",
        "LATDD": 32.0201035,
        "LONGDD": -96.389108,
        "gridlyProductionCertified": true,
        "gridlyClassification": "PUBLIC_ROADWAY",
        "gridlyDisplayName": "CR 4899",
        "gridlyId": "FRA-597216F"
      }
    },
    {
      "type": "Feature",
      "id": 206115,
      "geometry": {
        "type": "Point",
        "coordinates": [
          -96.3961539999103,
          32.0368535002159
        ]
      },
      "properties": {
        "OBJECTID": 206115,
        "CROSSING": "597218U",
        "EFFDATE": 1736899200000,
        "REASON": "14",
        "StateCode": "48",
        "CountyCode": "48349",
        "STCYFIPS": "48349",
        "CITYCD": "483491570",
        "RAILROAD": "BNSF",
        "RRDIV": "RED RIVER",
        "RRSUBDIV": "DFW",
        "HIGHWAY": "US 287",
        "STREET": "US 0287",
        "TTSTN": "667632",
        "MILEPOST": "0234.160",
        "TYPEXING": "Public",
        "POSXING": "RR Under",
        "PRVCAT": "14",
        "INIT": "1",
        "LATITUDE": 32.0368535,
        "LONGITUD": -96.396154,
        "LLSOURCE": "1",
        "WHISTBAN": "0",
        "RRCONT": "8173521549",
        "POLCONT": "8008325452",
        "INV_LINK": "https://safetydata.fra.dot.gov/OfficeofSafety/PublicSite/Crossing/Crossing.aspx?phasetype=C&rpttype=I&txtcrossingnum=597218U",
        "ACC_LINK": "https://safetydata.fra.dot.gov/OfficeofSafety/PublicSite/Crossing/Crossing.aspx?phasetype=C&rpttype=A&txtcrossingnum=597218U",
        "TTSTNNAM": "CORSICANA",
        "XPURPOSE": "1",
        "OPERATINGR": "BNSF",
        "OPERATIN_1": "Primary",
        "DAYTHRU": 2,
        "NGHTTHRU": 2,
        "MAINTRK": 1,
        "SIDINGTRK": 0,
        "YARDTRK": 0,
        "TRANSITTRK": 0,
        "INDUSTRYTR": 0,
        "OTHRTRK": 0,
        "WDCODE": "",
        "REVISIONDA": "1996/01/01 00:00:00",
        "LASTUPDATE": "1/15/2025",
        "AADT": "003000",
        "AADTYEAR": "1998",
        "STATENAME": "TEXAS",
        "STATEAB": "TX",
        "COUNTYNAME": "NAVARRO",
        "CITYNAME": "CORSICANA",
        "LATDD": 32.0368535,
        "LONGDD": -96.396154,
        "gridlyProductionCertified": true,
        "gridlyClassification": "PUBLIC_ROADWAY",
        "gridlyDisplayName": "US 0287",
        "gridlyId": "FRA-597218U"
      }
    },
    {
      "type": "Feature",
      "id": 206116,
      "geometry": {
        "type": "Point",
        "coordinates": [
          -96.4010970004225,
          32.0486000997644
        ]
      },
      "properties": {
        "OBJECTID": 206116,
        "CROSSING": "597219B",
        "EFFDATE": 1736899200000,
        "REASON": "14",
        "StateCode": "48",
        "CountyCode": "48349",
        "STCYFIPS": "48349",
        "CITYCD": "483491570",
        "RAILROAD": "BNSF",
        "RRDIV": "RED RIVER",
        "RRSUBDIV": "DFW",
        "HIGHWAY": "FM 0637",
        "STREET": "FM 0637",
        "TTSTN": "667632",
        "MILEPOST": "0235.020",
        "TYPEXING": "Public",
        "POSXING": "At Grade",
        "PRVCAT": "14",
        "INIT": "1",
        "LATITUDE": 32.0486001,
        "LONGITUD": -96.401097,
        "LLSOURCE": "1",
        "WHISTBAN": "0",
        "RRCONT": "8173521549",
        "POLCONT": "8008325452",
        "INV_LINK": "https://safetydata.fra.dot.gov/OfficeofSafety/PublicSite/Crossing/Crossing.aspx?phasetype=C&rpttype=I&txtcrossingnum=597219B",
        "ACC_LINK": "https://safetydata.fra.dot.gov/OfficeofSafety/PublicSite/Crossing/Crossing.aspx?phasetype=C&rpttype=A&txtcrossingnum=597219B",
        "TTSTNNAM": "CORSICANA",
        "XPURPOSE": "1",
        "OPERATINGR": "BNSF",
        "OPERATIN_1": "Primary",
        "DAYTHRU": 2,
        "NGHTTHRU": 2,
        "MAINTRK": 1,
        "SIDINGTRK": 0,
        "YARDTRK": 0,
        "TRANSITTRK": 0,
        "INDUSTRYTR": 0,
        "OTHRTRK": 0,
        "WDCODE": "All other Gates",
        "REVISIONDA": "1996/01/01 00:00:00",
        "LASTUPDATE": "1/15/2025",
        "AADT": "1609",
        "AADTYEAR": "2019",
        "STATENAME": "TEXAS",
        "STATEAB": "TX",
        "COUNTYNAME": "NAVARRO",
        "CITYNAME": "CORSICANA",
        "LATDD": 32.0486001,
        "LONGDD": -96.401097,
        "gridlyProductionCertified": true,
        "gridlyClassification": "PUBLIC_ROADWAY",
        "gridlyDisplayName": "FM 0637",
        "gridlyId": "FRA-597219B"
      }
    },
    {
      "type": "Feature",
      "id": 206117,
      "geometry": {
        "type": "Point",
        "coordinates": [
          -96.424787999916,
          32.063902300258
        ]
      },
      "properties": {
        "OBJECTID": 206117,
        "CROSSING": "597223R",
        "EFFDATE": 1736899200000,
        "REASON": "14",
        "StateCode": "48",
        "CountyCode": "48349",
        "STCYFIPS": "48349",
        "CITYCD": "483491570",
        "RAILROAD": "BNSF",
        "RRDIV": "RED RIVER",
        "RRSUBDIV": "DFW",
        "HIGHWAY": "Not Yet Reported by State",
        "STREET": "LAKE HALBERT",
        "TTSTN": "667632",
        "MILEPOST": "0236.850",
        "TYPEXING": "Public",
        "POSXING": "At Grade",
        "PRVCAT": "14",
        "INIT": "1",
        "LATITUDE": 32.0639023,
        "LONGITUD": -96.424788,
        "LLSOURCE": "1",
        "WHISTBAN": "0",
        "RRCONT": "8173521549",
        "POLCONT": "8008325452",
        "INV_LINK": "https://safetydata.fra.dot.gov/OfficeofSafety/PublicSite/Crossing/Crossing.aspx?phasetype=C&rpttype=I&txtcrossingnum=597223R",
        "ACC_LINK": "https://safetydata.fra.dot.gov/OfficeofSafety/PublicSite/Crossing/Crossing.aspx?phasetype=C&rpttype=A&txtcrossingnum=597223R",
        "TTSTNNAM": "CORSICANA",
        "XPURPOSE": "1",
        "OPERATINGR": "BNSF",
        "OPERATIN_1": "Primary",
        "DAYTHRU": 2,
        "NGHTTHRU": 2,
        "MAINTRK": 1,
        "SIDINGTRK": 0,
        "YARDTRK": 1,
        "TRANSITTRK": 0,
        "INDUSTRYTR": 0,
        "OTHRTRK": 1,
        "WDCODE": "All other Gates",
        "REVISIONDA": "1996/01/01 00:00:00",
        "LASTUPDATE": "1/15/2025",
        "AADT": "217",
        "AADTYEAR": "2019",
        "STATENAME": "TEXAS",
        "STATEAB": "TX",
        "COUNTYNAME": "NAVARRO",
        "CITYNAME": "CORSICANA",
        "LATDD": 32.0639023,
        "LONGDD": -96.424788,
        "gridlyProductionCertified": true,
        "gridlyClassification": "PUBLIC_ROADWAY",
        "gridlyDisplayName": "LAKE HALBERT",
        "gridlyId": "FRA-597223R"
      }
    },
    {
      "type": "Feature",
      "id": 206118,
      "geometry": {
        "type": "Point",
        "coordinates": [
          -96.4427819997602,
          32.0771939002403
        ]
      },
      "properties": {
        "OBJECTID": 206118,
        "CROSSING": "597225E",
        "EFFDATE": 1736899200000,
        "REASON": "14",
        "StateCode": "48",
        "CountyCode": "48349",
        "STCYFIPS": "48349",
        "CITYCD": "483491570",
        "RAILROAD": "BNSF",
        "RRDIV": "RED RIVER",
        "RRSUBDIV": "DFW",
        "HIGHWAY": "I-45",
        "STREET": "IH 0045",
        "TTSTN": "667632",
        "MILEPOST": "0238.282",
        "TYPEXING": "Public",
        "POSXING": "RR Under",
        "PRVCAT": "14",
        "INIT": "1",
        "LATITUDE": 32.0771939,
        "LONGITUD": -96.442782,
        "LLSOURCE": "1",
        "WHISTBAN": "0",
        "RRCONT": "8173521549",
        "POLCONT": "8008325452",
        "INV_LINK": "https://safetydata.fra.dot.gov/OfficeofSafety/PublicSite/Crossing/Crossing.aspx?phasetype=C&rpttype=I&txtcrossingnum=597225E",
        "ACC_LINK": "https://safetydata.fra.dot.gov/OfficeofSafety/PublicSite/Crossing/Crossing.aspx?phasetype=C&rpttype=A&txtcrossingnum=597225E",
        "TTSTNNAM": "CORSICANA",
        "XPURPOSE": "1",
        "OPERATINGR": "BNSF",
        "OPERATIN_1": "Primary",
        "DAYTHRU": 2,
        "NGHTTHRU": 2,
        "MAINTRK": 1,
        "SIDINGTRK": 0,
        "YARDTRK": 0,
        "TRANSITTRK": 0,
        "INDUSTRYTR": 0,
        "OTHRTRK": 0,
        "WDCODE": "",
        "REVISIONDA": "1996/01/01 00:00:00",
        "LASTUPDATE": "1/15/2025",
        "AADT": "031260",
        "AADTYEAR": "2009",
        "STATENAME": "TEXAS",
        "STATEAB": "TX",
        "COUNTYNAME": "NAVARRO",
        "CITYNAME": "CORSICANA",
        "LATDD": 32.0771939,
        "LONGDD": -96.442782,
        "gridlyProductionCertified": true,
        "gridlyClassification": "PUBLIC_ROADWAY",
        "gridlyDisplayName": "IH 0045",
        "gridlyId": "FRA-597225E"
      }
    },
    {
      "type": "Feature",
      "id": 206119,
      "geometry": {
        "type": "Point",
        "coordinates": [
          -96.4432989999692,
          32.0775761998613
        ]
      },
      "properties": {
        "OBJECTID": 206119,
        "CROSSING": "597226L",
        "EFFDATE": 1736899200000,
        "REASON": "14",
        "StateCode": "48",
        "CountyCode": "48349",
        "STCYFIPS": "48349",
        "CITYCD": "483491570",
        "RAILROAD": "BNSF",
        "RRDIV": "RED RIVER",
        "RRSUBDIV": "DFW",
        "HIGHWAY": "COUNTY",
        "STREET": "CR 0020",
        "TTSTN": "667632",
        "MILEPOST": "0238.330",
        "TYPEXING": "Public",
        "POSXING": "RR Over",
        "PRVCAT": "14",
        "INIT": "1",
        "LATITUDE": 32.0775762,
        "LONGITUD": -96.443299,
        "LLSOURCE": "1",
        "WHISTBAN": "0",
        "RRCONT": "8173521549",
        "POLCONT": "8008325452",
        "INV_LINK": "https://safetydata.fra.dot.gov/OfficeofSafety/PublicSite/Crossing/Crossing.aspx?phasetype=C&rpttype=I&txtcrossingnum=597226L",
        "ACC_LINK": "https://safetydata.fra.dot.gov/OfficeofSafety/PublicSite/Crossing/Crossing.aspx?phasetype=C&rpttype=A&txtcrossingnum=597226L",
        "TTSTNNAM": "CORSICANA",
        "XPURPOSE": "1",
        "OPERATINGR": "BNSF",
        "OPERATIN_1": "Primary",
        "DAYTHRU": 2,
        "NGHTTHRU": 2,
        "MAINTRK": 1,
        "SIDINGTRK": 0,
        "YARDTRK": 0,
        "TRANSITTRK": 0,
        "INDUSTRYTR": 0,
        "OTHRTRK": 0,
        "WDCODE": "",
        "REVISIONDA": "1996/01/01 00:00:00",
        "LASTUPDATE": "1/15/2025",
        "AADT": "",
        "AADTYEAR": "1970",
        "STATENAME": "TEXAS",
        "STATEAB": "TX",
        "COUNTYNAME": "NAVARRO",
        "CITYNAME": "CORSICANA",
        "LATDD": 32.0775762,
        "LONGDD": -96.443299,
        "gridlyProductionCertified": true,
        "gridlyClassification": "PUBLIC_ROADWAY",
        "gridlyDisplayName": "CR 0020",
        "gridlyId": "FRA-597226L"
      }
    },
    {
      "type": "Feature",
      "id": 206120,
      "geometry": {
        "type": "Point",
        "coordinates": [
          -96.4476759998686,
          32.0808113003047
        ]
      },
      "properties": {
        "OBJECTID": 206120,
        "CROSSING": "597227T",
        "EFFDATE": 1736899200000,
        "REASON": "14",
        "StateCode": "48",
        "CountyCode": "48349",
        "STCYFIPS": "48349",
        "CITYCD": "483491570",
        "RAILROAD": "BNSF",
        "RRDIV": "RED RIVER",
        "RRSUBDIV": "DFW",
        "HIGHWAY": "ST 0000",
        "STREET": "FERGUSON RD",
        "TTSTN": "667632",
        "MILEPOST": "0238.660",
        "TYPEXING": "Public",
        "POSXING": "At Grade",
        "PRVCAT": "14",
        "INIT": "1",
        "LATITUDE": 32.0808113,
        "LONGITUD": -96.447676,
        "LLSOURCE": "1",
        "WHISTBAN": "0",
        "RRCONT": "8173521549",
        "POLCONT": "8008325452",
        "INV_LINK": "https://safetydata.fra.dot.gov/OfficeofSafety/PublicSite/Crossing/Crossing.aspx?phasetype=C&rpttype=I&txtcrossingnum=597227T",
        "ACC_LINK": "https://safetydata.fra.dot.gov/OfficeofSafety/PublicSite/Crossing/Crossing.aspx?phasetype=C&rpttype=A&txtcrossingnum=597227T",
        "TTSTNNAM": "CORSICANA",
        "XPURPOSE": "1",
        "OPERATINGR": "BNSF",
        "OPERATIN_1": "Primary",
        "DAYTHRU": 2,
        "NGHTTHRU": 2,
        "MAINTRK": 1,
        "SIDINGTRK": 0,
        "YARDTRK": 0,
        "TRANSITTRK": 0,
        "INDUSTRYTR": 0,
        "OTHRTRK": 0,
        "WDCODE": "All other Gates",
        "REVISIONDA": "1996/01/01 00:00:00",
        "LASTUPDATE": "1/15/2025",
        "AADT": "200",
        "AADTYEAR": "2019",
        "STATENAME": "TEXAS",
        "STATEAB": "TX",
        "COUNTYNAME": "NAVARRO",
        "CITYNAME": "CORSICANA",
        "LATDD": 32.0808113,
        "LONGDD": -96.447676,
        "gridlyProductionCertified": true,
        "gridlyClassification": "PUBLIC_ROADWAY",
        "gridlyDisplayName": "FERGUSON RD",
        "gridlyId": "FRA-597227T"
      }
    },
    {
      "type": "Feature",
      "id": 206121,
      "geometry": {
        "type": "Point",
        "coordinates": [
          -96.4535330002496,
          32.0871927001425
        ]
      },
      "properties": {
        "OBJECTID": 206121,
        "CROSSING": "597250M",
        "EFFDATE": 1736899200000,
        "REASON": "14",
        "StateCode": "48",
        "CountyCode": "48349",
        "STCYFIPS": "48349",
        "CITYCD": "483491570",
        "RAILROAD": "BNSF",
        "RRDIV": "RED RIVER",
        "RRSUBDIV": "DFW",
        "HIGHWAY": "ST 0000",
        "STREET": "16TH AVE",
        "TTSTN": "667632",
        "MILEPOST": "0239.240",
        "TYPEXING": "Public",
        "POSXING": "At Grade",
        "PRVCAT": "14",
        "INIT": "1",
        "LATITUDE": 32.0871927,
        "LONGITUD": -96.453533,
        "LLSOURCE": "1",
        "WHISTBAN": "0",
        "RRCONT": "8173521549",
        "POLCONT": "8008325452",
        "INV_LINK": "https://safetydata.fra.dot.gov/OfficeofSafety/PublicSite/Crossing/Crossing.aspx?phasetype=C&rpttype=I&txtcrossingnum=597250M",
        "ACC_LINK": "https://safetydata.fra.dot.gov/OfficeofSafety/PublicSite/Crossing/Crossing.aspx?phasetype=C&rpttype=A&txtcrossingnum=597250M",
        "TTSTNNAM": "CORSICANA",
        "XPURPOSE": "1",
        "OPERATINGR": "BNSF",
        "OPERATIN_1": "Primary",
        "DAYTHRU": 2,
        "NGHTTHRU": 2,
        "MAINTRK": 1,
        "SIDINGTRK": 0,
        "YARDTRK": 0,
        "TRANSITTRK": 0,
        "INDUSTRYTR": 0,
        "OTHRTRK": 0,
        "WDCODE": "All other Gates",
        "REVISIONDA": "1996/01/01 00:00:00",
        "LASTUPDATE": "1/15/2025",
        "AADT": "278",
        "AADTYEAR": "2019",
        "STATENAME": "TEXAS",
        "STATEAB": "TX",
        "COUNTYNAME": "NAVARRO",
        "CITYNAME": "CORSICANA",
        "LATDD": 32.0871927,
        "LONGDD": -96.453533,
        "gridlyProductionCertified": true,
        "gridlyClassification": "PUBLIC_ROADWAY",
        "gridlyDisplayName": "16TH AVE",
        "gridlyId": "FRA-597250M"
      }
    },
    {
      "type": "Feature",
      "id": 206122,
      "geometry": {
        "type": "Point",
        "coordinates": [
          -96.4539700000927,
          32.0878368998004
        ]
      },
      "properties": {
        "OBJECTID": 206122,
        "CROSSING": "597251U",
        "EFFDATE": 1736899200000,
        "REASON": "14",
        "StateCode": "48",
        "CountyCode": "48349",
        "STCYFIPS": "48349",
        "CITYCD": "483491570",
        "RAILROAD": "BNSF",
        "RRDIV": "RED RIVER",
        "RRSUBDIV": "DFW",
        "HIGHWAY": "ST 0000",
        "STREET": "15TH AVE",
        "TTSTN": "667632",
        "MILEPOST": "0239.290",
        "TYPEXING": "Public",
        "POSXING": "At Grade",
        "PRVCAT": "14",
        "INIT": "1",
        "LATITUDE": 32.0878369,
        "LONGITUD": -96.45397,
        "LLSOURCE": "1",
        "WHISTBAN": "0",
        "RRCONT": "8173521549",
        "POLCONT": "8008325452",
        "INV_LINK": "https://safetydata.fra.dot.gov/OfficeofSafety/PublicSite/Crossing/Crossing.aspx?phasetype=C&rpttype=I&txtcrossingnum=597251U",
        "ACC_LINK": "https://safetydata.fra.dot.gov/OfficeofSafety/PublicSite/Crossing/Crossing.aspx?phasetype=C&rpttype=A&txtcrossingnum=597251U",
        "TTSTNNAM": "CORSICANA",
        "XPURPOSE": "1",
        "OPERATINGR": "BNSF",
        "OPERATIN_1": "Primary",
        "DAYTHRU": 2,
        "NGHTTHRU": 2,
        "MAINTRK": 1,
        "SIDINGTRK": 0,
        "YARDTRK": 0,
        "TRANSITTRK": 0,
        "INDUSTRYTR": 0,
        "OTHRTRK": 0,
        "WDCODE": "Highway signals, bells",
        "REVISIONDA": "1996/01/01 00:00:00",
        "LASTUPDATE": "1/15/2025",
        "AADT": "208",
        "AADTYEAR": "2019",
        "STATENAME": "TEXAS",
        "STATEAB": "TX",
        "COUNTYNAME": "NAVARRO",
        "CITYNAME": "CORSICANA",
        "LATDD": 32.0878369,
        "LONGDD": -96.45397,
        "gridlyProductionCertified": true,
        "gridlyClassification": "PUBLIC_ROADWAY",
        "gridlyDisplayName": "15TH AVE",
        "gridlyId": "FRA-597251U"
      }
    },
    {
      "type": "Feature",
      "id": 206123,
      "geometry": {
        "type": "Point",
        "coordinates": [
          -96.4544959996241,
          32.0886141001421
        ]
      },
      "properties": {
        "OBJECTID": 206123,
        "CROSSING": "597252B",
        "EFFDATE": 1736899200000,
        "REASON": "14",
        "StateCode": "48",
        "CountyCode": "48349",
        "STCYFIPS": "48349",
        "CITYCD": "483491570",
        "RAILROAD": "BNSF",
        "RRDIV": "RED RIVER",
        "RRSUBDIV": "DFW",
        "HIGHWAY": "ST 0000",
        "STREET": "14TH AVE",
        "TTSTN": "667632",
        "MILEPOST": "0239.350",
        "TYPEXING": "Public",
        "POSXING": "At Grade",
        "PRVCAT": "14",
        "INIT": "1",
        "LATITUDE": 32.0886141,
        "LONGITUD": -96.454496,
        "LLSOURCE": "1",
        "WHISTBAN": "0",
        "RRCONT": "8173521549",
        "POLCONT": "8008325452",
        "INV_LINK": "https://safetydata.fra.dot.gov/OfficeofSafety/PublicSite/Crossing/Crossing.aspx?phasetype=C&rpttype=I&txtcrossingnum=597252B",
        "ACC_LINK": "https://safetydata.fra.dot.gov/OfficeofSafety/PublicSite/Crossing/Crossing.aspx?phasetype=C&rpttype=A&txtcrossingnum=597252B",
        "TTSTNNAM": "CORSICANA",
        "XPURPOSE": "1",
        "OPERATINGR": "BNSF",
        "OPERATIN_1": "Primary",
        "DAYTHRU": 2,
        "NGHTTHRU": 2,
        "MAINTRK": 1,
        "SIDINGTRK": 0,
        "YARDTRK": 0,
        "TRANSITTRK": 0,
        "INDUSTRYTR": 0,
        "OTHRTRK": 0,
        "WDCODE": "Crossbucks",
        "REVISIONDA": "1996/01/01 00:00:00",
        "LASTUPDATE": "1/15/2025",
        "AADT": "90",
        "AADTYEAR": "2019",
        "STATENAME": "TEXAS",
        "STATEAB": "TX",
        "COUNTYNAME": "NAVARRO",
        "CITYNAME": "CORSICANA",
        "LATDD": 32.0886141,
        "LONGDD": -96.454496,
        "gridlyProductionCertified": true,
        "gridlyClassification": "PUBLIC_ROADWAY",
        "gridlyDisplayName": "14TH AVE",
        "gridlyId": "FRA-597252B"
      }
    },
    {
      "type": "Feature",
      "id": 206124,
      "geometry": {
        "type": "Point",
        "coordinates": [
          -96.4550349995744,
          32.0894085001636
        ]
      },
      "properties": {
        "OBJECTID": 206124,
        "CROSSING": "597253H",
        "EFFDATE": 1736899200000,
        "REASON": "14",
        "StateCode": "48",
        "CountyCode": "48349",
        "STCYFIPS": "48349",
        "CITYCD": "483491570",
        "RAILROAD": "BNSF",
        "RRDIV": "RED RIVER",
        "RRSUBDIV": "DFW",
        "HIGHWAY": "ST 0000",
        "STREET": "13TH AVE",
        "TTSTN": "667632",
        "MILEPOST": "0239.420",
        "TYPEXING": "Public",
        "POSXING": "At Grade",
        "PRVCAT": "14",
        "INIT": "1",
        "LATITUDE": 32.0894085,
        "LONGITUD": -96.455035,
        "LLSOURCE": "1",
        "WHISTBAN": "0",
        "RRCONT": "8173521549",
        "POLCONT": "8008325452",
        "INV_LINK": "https://safetydata.fra.dot.gov/OfficeofSafety/PublicSite/Crossing/Crossing.aspx?phasetype=C&rpttype=I&txtcrossingnum=597253H",
        "ACC_LINK": "https://safetydata.fra.dot.gov/OfficeofSafety/PublicSite/Crossing/Crossing.aspx?phasetype=C&rpttype=A&txtcrossingnum=597253H",
        "TTSTNNAM": "CORSICANA",
        "XPURPOSE": "1",
        "OPERATINGR": "BNSF",
        "OPERATIN_1": "Primary",
        "DAYTHRU": 2,
        "NGHTTHRU": 2,
        "MAINTRK": 1,
        "SIDINGTRK": 0,
        "YARDTRK": 0,
        "TRANSITTRK": 0,
        "INDUSTRYTR": 0,
        "OTHRTRK": 0,
        "WDCODE": "All other Gates",
        "REVISIONDA": "1996/01/01 00:00:00",
        "LASTUPDATE": "1/15/2025",
        "AADT": "1471",
        "AADTYEAR": "2019",
        "STATENAME": "TEXAS",
        "STATEAB": "TX",
        "COUNTYNAME": "NAVARRO",
        "CITYNAME": "CORSICANA",
        "LATDD": 32.0894085,
        "LONGDD": -96.455035,
        "gridlyProductionCertified": true,
        "gridlyClassification": "PUBLIC_ROADWAY",
        "gridlyDisplayName": "13TH AVE",
        "gridlyId": "FRA-597253H"
      }
    },
    {
      "type": "Feature",
      "id": 206125,
      "geometry": {
        "type": "Point",
        "coordinates": [
          -96.4555679996769,
          32.0901927003457
        ]
      },
      "properties": {
        "OBJECTID": 206125,
        "CROSSING": "597254P",
        "EFFDATE": 1736899200000,
        "REASON": "14",
        "StateCode": "48",
        "CountyCode": "48349",
        "STCYFIPS": "48349",
        "CITYCD": "483491570",
        "RAILROAD": "BNSF",
        "RRDIV": "RED RIVER",
        "RRSUBDIV": "DFW",
        "HIGHWAY": "ST 0000",
        "STREET": "12TH AVENUE",
        "TTSTN": "667632",
        "MILEPOST": "0239.470",
        "TYPEXING": "Public",
        "POSXING": "At Grade",
        "PRVCAT": "14",
        "INIT": "1",
        "LATITUDE": 32.0901927,
        "LONGITUD": -96.455568,
        "LLSOURCE": "1",
        "WHISTBAN": "0",
        "RRCONT": "8173521549",
        "POLCONT": "8008325452",
        "INV_LINK": "https://safetydata.fra.dot.gov/OfficeofSafety/PublicSite/Crossing/Crossing.aspx?phasetype=C&rpttype=I&txtcrossingnum=597254P",
        "ACC_LINK": "https://safetydata.fra.dot.gov/OfficeofSafety/PublicSite/Crossing/Crossing.aspx?phasetype=C&rpttype=A&txtcrossingnum=597254P",
        "TTSTNNAM": "CORSICANA",
        "XPURPOSE": "1",
        "OPERATINGR": "BNSF",
        "OPERATIN_1": "Primary",
        "DAYTHRU": 2,
        "NGHTTHRU": 2,
        "MAINTRK": 1,
        "SIDINGTRK": 0,
        "YARDTRK": 0,
        "TRANSITTRK": 0,
        "INDUSTRYTR": 0,
        "OTHRTRK": 0,
        "WDCODE": "All other Gates",
        "REVISIONDA": "1996/01/01 00:00:00",
        "LASTUPDATE": "1/15/2025",
        "AADT": "173",
        "AADTYEAR": "2019",
        "STATENAME": "TEXAS",
        "STATEAB": "TX",
        "COUNTYNAME": "NAVARRO",
        "CITYNAME": "CORSICANA",
        "LATDD": 32.0901927,
        "LONGDD": -96.455568,
        "gridlyProductionCertified": true,
        "gridlyClassification": "PUBLIC_ROADWAY",
        "gridlyDisplayName": "12TH AVENUE",
        "gridlyId": "FRA-597254P"
      }
    },
    {
      "type": "Feature",
      "id": 206126,
      "geometry": {
        "type": "Point",
        "coordinates": [
          -96.4561080003503,
          32.0909849998231
        ]
      },
      "properties": {
        "OBJECTID": 206126,
        "CROSSING": "597255W",
        "EFFDATE": 1736899200000,
        "REASON": "14",
        "StateCode": "48",
        "CountyCode": "48349",
        "STCYFIPS": "48349",
        "CITYCD": "483491570",
        "RAILROAD": "BNSF",
        "RRDIV": "RED RIVER",
        "RRSUBDIV": "DFW",
        "HIGHWAY": "ST 0000",
        "STREET": "11TH AVE",
        "TTSTN": "667632",
        "MILEPOST": "0239.560",
        "TYPEXING": "Public",
        "POSXING": "At Grade",
        "PRVCAT": "14",
        "INIT": "1",
        "LATITUDE": 32.090985,
        "LONGITUD": -96.456108,
        "LLSOURCE": "1",
        "WHISTBAN": "0",
        "RRCONT": "8173521549",
        "POLCONT": "8008325452",
        "INV_LINK": "https://safetydata.fra.dot.gov/OfficeofSafety/PublicSite/Crossing/Crossing.aspx?phasetype=C&rpttype=I&txtcrossingnum=597255W",
        "ACC_LINK": "https://safetydata.fra.dot.gov/OfficeofSafety/PublicSite/Crossing/Crossing.aspx?phasetype=C&rpttype=A&txtcrossingnum=597255W",
        "TTSTNNAM": "CORSICANA",
        "XPURPOSE": "1",
        "OPERATINGR": "BNSF",
        "OPERATIN_1": "Primary",
        "DAYTHRU": 2,
        "NGHTTHRU": 2,
        "MAINTRK": 1,
        "SIDINGTRK": 0,
        "YARDTRK": 0,
        "TRANSITTRK": 0,
        "INDUSTRYTR": 0,
        "OTHRTRK": 0,
        "WDCODE": "Stop signs",
        "REVISIONDA": "1996/01/01 00:00:00",
        "LASTUPDATE": "1/15/2025",
        "AADT": "151",
        "AADTYEAR": "2019",
        "STATENAME": "TEXAS",
        "STATEAB": "TX",
        "COUNTYNAME": "NAVARRO",
        "CITYNAME": "CORSICANA",
        "LATDD": 32.090985,
        "LONGDD": -96.456108,
        "gridlyProductionCertified": true,
        "gridlyClassification": "PUBLIC_ROADWAY",
        "gridlyDisplayName": "11TH AVE",
        "gridlyId": "FRA-597255W"
      }
    },
    {
      "type": "Feature",
      "id": 206127,
      "geometry": {
        "type": "Point",
        "coordinates": [
          -96.4566349997067,
          32.0917589001071
        ]
      },
      "properties": {
        "OBJECTID": 206127,
        "CROSSING": "597256D",
        "EFFDATE": 1736899200000,
        "REASON": "14",
        "StateCode": "48",
        "CountyCode": "48349",
        "STCYFIPS": "48349",
        "CITYCD": "483491570",
        "RAILROAD": "BNSF",
        "RRDIV": "RED RIVER",
        "RRSUBDIV": "DFW",
        "HIGHWAY": "ST 0000",
        "STREET": "10TH AVE",
        "TTSTN": "667632",
        "MILEPOST": "0239.620",
        "TYPEXING": "Public",
        "POSXING": "At Grade",
        "PRVCAT": "14",
        "INIT": "1",
        "LATITUDE": 32.0917589,
        "LONGITUD": -96.456635,
        "LLSOURCE": "1",
        "WHISTBAN": "0",
        "RRCONT": "8173521549",
        "POLCONT": "8008325452",
        "INV_LINK": "https://safetydata.fra.dot.gov/OfficeofSafety/PublicSite/Crossing/Crossing.aspx?phasetype=C&rpttype=I&txtcrossingnum=597256D",
        "ACC_LINK": "https://safetydata.fra.dot.gov/OfficeofSafety/PublicSite/Crossing/Crossing.aspx?phasetype=C&rpttype=A&txtcrossingnum=597256D",
        "TTSTNNAM": "CORSICANA",
        "XPURPOSE": "1",
        "OPERATINGR": "BNSF",
        "OPERATIN_1": "Primary",
        "DAYTHRU": 2,
        "NGHTTHRU": 2,
        "MAINTRK": 1,
        "SIDINGTRK": 0,
        "YARDTRK": 0,
        "TRANSITTRK": 0,
        "INDUSTRYTR": 0,
        "OTHRTRK": 0,
        "WDCODE": "All other Gates",
        "REVISIONDA": "1996/01/01 00:00:00",
        "LASTUPDATE": "1/15/2025",
        "AADT": "3",
        "AADTYEAR": "2019",
        "STATENAME": "TEXAS",
        "STATEAB": "TX",
        "COUNTYNAME": "NAVARRO",
        "CITYNAME": "CORSICANA",
        "LATDD": 32.0917589,
        "LONGDD": -96.456635,
        "gridlyProductionCertified": true,
        "gridlyClassification": "PUBLIC_ROADWAY",
        "gridlyDisplayName": "10TH AVE",
        "gridlyId": "FRA-597256D"
      }
    },
    {
      "type": "Feature",
      "id": 206128,
      "geometry": {
        "type": "Point",
        "coordinates": [
          -96.4571720000071,
          32.0925463000966
        ]
      },
      "properties": {
        "OBJECTID": 206128,
        "CROSSING": "597257K",
        "EFFDATE": 1736899200000,
        "REASON": "14",
        "StateCode": "48",
        "CountyCode": "48349",
        "STCYFIPS": "48349",
        "CITYCD": "483491570",
        "RAILROAD": "BNSF",
        "RRDIV": "RED RIVER",
        "RRSUBDIV": "DFW",
        "HIGHWAY": "ST 0000",
        "STREET": "9TH AVE",
        "TTSTN": "667632",
        "MILEPOST": "0239.690",
        "TYPEXING": "Public",
        "POSXING": "At Grade",
        "PRVCAT": "14",
        "INIT": "1",
        "LATITUDE": 32.0925463,
        "LONGITUD": -96.457172,
        "LLSOURCE": "1",
        "WHISTBAN": "0",
        "RRCONT": "8173521549",
        "POLCONT": "8008325452",
        "INV_LINK": "https://safetydata.fra.dot.gov/OfficeofSafety/PublicSite/Crossing/Crossing.aspx?phasetype=C&rpttype=I&txtcrossingnum=597257K",
        "ACC_LINK": "https://safetydata.fra.dot.gov/OfficeofSafety/PublicSite/Crossing/Crossing.aspx?phasetype=C&rpttype=A&txtcrossingnum=597257K",
        "TTSTNNAM": "CORSICANA",
        "XPURPOSE": "1",
        "OPERATINGR": "BNSF",
        "OPERATIN_1": "Primary",
        "DAYTHRU": 2,
        "NGHTTHRU": 2,
        "MAINTRK": 1,
        "SIDINGTRK": 0,
        "YARDTRK": 1,
        "TRANSITTRK": 0,
        "INDUSTRYTR": 0,
        "OTHRTRK": 1,
        "WDCODE": "All other Gates",
        "REVISIONDA": "1996/01/01 00:00:00",
        "LASTUPDATE": "1/15/2025",
        "AADT": "79",
        "AADTYEAR": "2019",
        "STATENAME": "TEXAS",
        "STATEAB": "TX",
        "COUNTYNAME": "NAVARRO",
        "CITYNAME": "CORSICANA",
        "LATDD": 32.0925463,
        "LONGDD": -96.457172,
        "gridlyProductionCertified": true,
        "gridlyClassification": "PUBLIC_ROADWAY",
        "gridlyDisplayName": "9TH AVE",
        "gridlyId": "FRA-597257K"
      }
    },
    {
      "type": "Feature",
      "id": 206129,
      "geometry": {
        "type": "Point",
        "coordinates": [
          -96.4582490000827,
          32.0941256002449
        ]
      },
      "properties": {
        "OBJECTID": 206129,
        "CROSSING": "597258S",
        "EFFDATE": 1736899200000,
        "REASON": "14",
        "StateCode": "48",
        "CountyCode": "48349",
        "STCYFIPS": "48349",
        "CITYCD": "483491570",
        "RAILROAD": "BNSF",
        "RRDIV": "RED RIVER",
        "RRSUBDIV": "DFW",
        "HIGHWAY": "SH 0031",
        "STREET": "SH 0031",
        "TTSTN": "667632",
        "MILEPOST": "0239.820",
        "TYPEXING": "Public",
        "POSXING": "At Grade",
        "PRVCAT": "14",
        "INIT": "1",
        "LATITUDE": 32.0941256,
        "LONGITUD": -96.458249,
        "LLSOURCE": "1",
        "WHISTBAN": "0",
        "RRCONT": "8173521549",
        "POLCONT": "8008325452",
        "INV_LINK": "https://safetydata.fra.dot.gov/OfficeofSafety/PublicSite/Crossing/Crossing.aspx?phasetype=C&rpttype=I&txtcrossingnum=597258S",
        "ACC_LINK": "https://safetydata.fra.dot.gov/OfficeofSafety/PublicSite/Crossing/Crossing.aspx?phasetype=C&rpttype=A&txtcrossingnum=597258S",
        "TTSTNNAM": "CORSICANA",
        "XPURPOSE": "1",
        "OPERATINGR": "BNSF",
        "OPERATIN_1": "Primary",
        "DAYTHRU": 2,
        "NGHTTHRU": 2,
        "MAINTRK": 1,
        "SIDINGTRK": 0,
        "YARDTRK": 0,
        "TRANSITTRK": 0,
        "INDUSTRYTR": 0,
        "OTHRTRK": 0,
        "WDCODE": "All other Gates",
        "REVISIONDA": "1996/01/01 00:00:00",
        "LASTUPDATE": "1/15/2025",
        "AADT": "11721",
        "AADTYEAR": "2019",
        "STATENAME": "TEXAS",
        "STATEAB": "TX",
        "COUNTYNAME": "NAVARRO",
        "CITYNAME": "CORSICANA",
        "LATDD": 32.0941256,
        "LONGDD": -96.458249,
        "gridlyProductionCertified": true,
        "gridlyClassification": "PUBLIC_ROADWAY",
        "gridlyDisplayName": "SH 0031",
        "gridlyId": "FRA-597258S"
      }
    },
    {
      "type": "Feature",
      "id": 206130,
      "geometry": {
        "type": "Point",
        "coordinates": [
          -96.4587749996142,
          32.0949006999378
        ]
      },
      "properties": {
        "OBJECTID": 206130,
        "CROSSING": "597259Y",
        "EFFDATE": 1736899200000,
        "REASON": "14",
        "StateCode": "48",
        "CountyCode": "48349",
        "STCYFIPS": "48349",
        "CITYCD": "483491570",
        "RAILROAD": "BNSF",
        "RRDIV": "RED RIVER",
        "RRSUBDIV": "DFW",
        "HIGHWAY": "ST 0000",
        "STREET": "6TH AVE",
        "TTSTN": "667632",
        "MILEPOST": "0239.870",
        "TYPEXING": "Public",
        "POSXING": "At Grade",
        "PRVCAT": "14",
        "INIT": "1",
        "LATITUDE": 32.0949007,
        "LONGITUD": -96.458775,
        "LLSOURCE": "1",
        "WHISTBAN": "0",
        "RRCONT": "8173521549",
        "POLCONT": "8008325452",
        "INV_LINK": "https://safetydata.fra.dot.gov/OfficeofSafety/PublicSite/Crossing/Crossing.aspx?phasetype=C&rpttype=I&txtcrossingnum=597259Y",
        "ACC_LINK": "https://safetydata.fra.dot.gov/OfficeofSafety/PublicSite/Crossing/Crossing.aspx?phasetype=C&rpttype=A&txtcrossingnum=597259Y",
        "TTSTNNAM": "CORSICANA",
        "XPURPOSE": "1",
        "OPERATINGR": "BNSF",
        "OPERATIN_1": "Primary",
        "DAYTHRU": 2,
        "NGHTTHRU": 2,
        "MAINTRK": 1,
        "SIDINGTRK": 0,
        "YARDTRK": 2,
        "TRANSITTRK": 0,
        "INDUSTRYTR": 0,
        "OTHRTRK": 2,
        "WDCODE": "Stop signs",
        "REVISIONDA": "1996/01/01 00:00:00",
        "LASTUPDATE": "1/15/2025",
        "AADT": "42",
        "AADTYEAR": "2019",
        "STATENAME": "TEXAS",
        "STATEAB": "TX",
        "COUNTYNAME": "NAVARRO",
        "CITYNAME": "CORSICANA",
        "LATDD": 32.0949007,
        "LONGDD": -96.458775,
        "gridlyProductionCertified": true,
        "gridlyClassification": "PUBLIC_ROADWAY",
        "gridlyDisplayName": "6TH AVE",
        "gridlyId": "FRA-597259Y"
      }
    },
    {
      "type": "Feature",
      "id": 206131,
      "geometry": {
        "type": "Point",
        "coordinates": [
          -96.4593100002648,
          32.0956876999507
        ]
      },
      "properties": {
        "OBJECTID": 206131,
        "CROSSING": "597260T",
        "EFFDATE": 1736899200000,
        "REASON": "14",
        "StateCode": "48",
        "CountyCode": "48349",
        "STCYFIPS": "48349",
        "CITYCD": "483491570",
        "RAILROAD": "BNSF",
        "RRDIV": "RED RIVER",
        "RRSUBDIV": "DFW",
        "HIGHWAY": "ST 0000",
        "STREET": "COLLINS ST.",
        "TTSTN": "667632",
        "MILEPOST": "0239.950",
        "TYPEXING": "Public",
        "POSXING": "At Grade",
        "PRVCAT": "14",
        "INIT": "1",
        "LATITUDE": 32.0956877,
        "LONGITUD": -96.45931,
        "LLSOURCE": "1",
        "WHISTBAN": "0",
        "RRCONT": "8173521549",
        "POLCONT": "8008325452",
        "INV_LINK": "https://safetydata.fra.dot.gov/OfficeofSafety/PublicSite/Crossing/Crossing.aspx?phasetype=C&rpttype=I&txtcrossingnum=597260T",
        "ACC_LINK": "https://safetydata.fra.dot.gov/OfficeofSafety/PublicSite/Crossing/Crossing.aspx?phasetype=C&rpttype=A&txtcrossingnum=597260T",
        "TTSTNNAM": "CORSICANA",
        "XPURPOSE": "1",
        "OPERATINGR": "BNSF",
        "OPERATIN_1": "Primary",
        "DAYTHRU": 2,
        "NGHTTHRU": 2,
        "MAINTRK": 1,
        "SIDINGTRK": 0,
        "YARDTRK": 2,
        "TRANSITTRK": 0,
        "INDUSTRYTR": 0,
        "OTHRTRK": 2,
        "WDCODE": "Stop signs",
        "REVISIONDA": "1996/01/01 00:00:00",
        "LASTUPDATE": "1/15/2025",
        "AADT": "77",
        "AADTYEAR": "2019",
        "STATENAME": "TEXAS",
        "STATEAB": "TX",
        "COUNTYNAME": "NAVARRO",
        "CITYNAME": "CORSICANA",
        "LATDD": 32.0956877,
        "LONGDD": -96.45931,
        "gridlyProductionCertified": true,
        "gridlyClassification": "PUBLIC_ROADWAY",
        "gridlyDisplayName": "COLLINS ST.",
        "gridlyId": "FRA-597260T"
      }
    },
    {
      "type": "Feature",
      "id": 206132,
      "geometry": {
        "type": "Point",
        "coordinates": [
          -96.4599329998807,
          32.0966024000299
        ]
      },
      "properties": {
        "OBJECTID": 206132,
        "CROSSING": "597261A",
        "EFFDATE": 1736899200000,
        "REASON": "14",
        "StateCode": "48",
        "CountyCode": "48349",
        "STCYFIPS": "48349",
        "CITYCD": "483491570",
        "RAILROAD": "BNSF",
        "RRDIV": "RED RIVER",
        "RRSUBDIV": "DFW",
        "HIGHWAY": "Not Yet Reported by State",
        "STREET": "5TH AVE",
        "TTSTN": "667632",
        "MILEPOST": "0240.010",
        "TYPEXING": "Public",
        "POSXING": "At Grade",
        "PRVCAT": "14",
        "INIT": "1",
        "LATITUDE": 32.0966024,
        "LONGITUD": -96.459933,
        "LLSOURCE": "1",
        "WHISTBAN": "0",
        "RRCONT": "8173521549",
        "POLCONT": "8008325452",
        "INV_LINK": "https://safetydata.fra.dot.gov/OfficeofSafety/PublicSite/Crossing/Crossing.aspx?phasetype=C&rpttype=I&txtcrossingnum=597261A",
        "ACC_LINK": "https://safetydata.fra.dot.gov/OfficeofSafety/PublicSite/Crossing/Crossing.aspx?phasetype=C&rpttype=A&txtcrossingnum=597261A",
        "TTSTNNAM": "CORSICANA",
        "XPURPOSE": "1",
        "OPERATINGR": "BNSF",
        "OPERATIN_1": "Primary",
        "DAYTHRU": 2,
        "NGHTTHRU": 2,
        "MAINTRK": 1,
        "SIDINGTRK": 0,
        "YARDTRK": 2,
        "TRANSITTRK": 0,
        "INDUSTRYTR": 0,
        "OTHRTRK": 2,
        "WDCODE": "All other Gates",
        "REVISIONDA": "1996/01/01 00:00:00",
        "LASTUPDATE": "1/15/2025",
        "AADT": "477",
        "AADTYEAR": "2019",
        "STATENAME": "TEXAS",
        "STATEAB": "TX",
        "COUNTYNAME": "NAVARRO",
        "CITYNAME": "CORSICANA",
        "LATDD": 32.0966024,
        "LONGDD": -96.459933,
        "gridlyProductionCertified": true,
        "gridlyClassification": "PUBLIC_ROADWAY",
        "gridlyDisplayName": "5TH AVE",
        "gridlyId": "FRA-597261A"
      }
    },
    {
      "type": "Feature",
      "id": 206133,
      "geometry": {
        "type": "Point",
        "coordinates": [
          -96.4623990002014,
          32.1002216998554
        ]
      },
      "properties": {
        "OBJECTID": 206133,
        "CROSSING": "597262G",
        "EFFDATE": 1736899200000,
        "REASON": "14",
        "StateCode": "48",
        "CountyCode": "48349",
        "STCYFIPS": "48349",
        "CITYCD": "483491570",
        "RAILROAD": "BNSF",
        "RRDIV": "RED RIVER",
        "RRSUBDIV": "DFW",
        "HIGHWAY": "Not Yet Reported by State",
        "STREET": "1ST AVE",
        "TTSTN": "667632",
        "MILEPOST": "0240.259",
        "TYPEXING": "Public",
        "POSXING": "At Grade",
        "PRVCAT": "14",
        "INIT": "1",
        "LATITUDE": 32.1002217,
        "LONGITUD": -96.462399,
        "LLSOURCE": "1",
        "WHISTBAN": "0",
        "RRCONT": "8173521549",
        "POLCONT": "8008325452",
        "INV_LINK": "https://safetydata.fra.dot.gov/OfficeofSafety/PublicSite/Crossing/Crossing.aspx?phasetype=C&rpttype=I&txtcrossingnum=597262G",
        "ACC_LINK": "https://safetydata.fra.dot.gov/OfficeofSafety/PublicSite/Crossing/Crossing.aspx?phasetype=C&rpttype=A&txtcrossingnum=597262G",
        "TTSTNNAM": "CORSICANA",
        "XPURPOSE": "1",
        "OPERATINGR": "BNSF",
        "OPERATIN_1": "Primary",
        "DAYTHRU": 2,
        "NGHTTHRU": 2,
        "MAINTRK": 1,
        "SIDINGTRK": 0,
        "YARDTRK": 1,
        "TRANSITTRK": 0,
        "INDUSTRYTR": 0,
        "OTHRTRK": 1,
        "WDCODE": "All other Gates",
        "REVISIONDA": "1996/01/01 00:00:00",
        "LASTUPDATE": "1/15/2025",
        "AADT": "1140",
        "AADTYEAR": "2019",
        "STATENAME": "TEXAS",
        "STATEAB": "TX",
        "COUNTYNAME": "NAVARRO",
        "CITYNAME": "CORSICANA",
        "LATDD": 32.1002217,
        "LONGDD": -96.462399,
        "gridlyProductionCertified": true,
        "gridlyClassification": "PUBLIC_ROADWAY",
        "gridlyDisplayName": "1ST AVE",
        "gridlyId": "FRA-597262G"
      }
    },
    {
      "type": "Feature",
      "id": 206134,
      "geometry": {
        "type": "Point",
        "coordinates": [
          -96.4635740001863,
          32.1018101998164
        ]
      },
      "properties": {
        "OBJECTID": 206134,
        "CROSSING": "597263N",
        "EFFDATE": 1736899200000,
        "REASON": "14",
        "StateCode": "48",
        "CountyCode": "48349",
        "STCYFIPS": "48349",
        "CITYCD": "483491570",
        "RAILROAD": "BNSF",
        "RRDIV": "RED RIVER",
        "RRSUBDIV": "DFW",
        "HIGHWAY": "US 75",
        "STREET": "US 0075",
        "TTSTN": "667632",
        "MILEPOST": "0240.470",
        "TYPEXING": "Public",
        "POSXING": "RR Over",
        "PRVCAT": "14",
        "INIT": "1",
        "LATITUDE": 32.1018102,
        "LONGITUD": -96.463574,
        "LLSOURCE": "1",
        "WHISTBAN": "0",
        "RRCONT": "8173521549",
        "POLCONT": "8008325452",
        "INV_LINK": "https://safetydata.fra.dot.gov/OfficeofSafety/PublicSite/Crossing/Crossing.aspx?phasetype=C&rpttype=I&txtcrossingnum=597263N",
        "ACC_LINK": "https://safetydata.fra.dot.gov/OfficeofSafety/PublicSite/Crossing/Crossing.aspx?phasetype=C&rpttype=A&txtcrossingnum=597263N",
        "TTSTNNAM": "CORSICANA",
        "XPURPOSE": "1",
        "OPERATINGR": "BNSF",
        "OPERATIN_1": "Primary",
        "DAYTHRU": 2,
        "NGHTTHRU": 2,
        "MAINTRK": 1,
        "SIDINGTRK": 0,
        "YARDTRK": 0,
        "TRANSITTRK": 0,
        "INDUSTRYTR": 0,
        "OTHRTRK": 0,
        "WDCODE": "",
        "REVISIONDA": "1996/01/01 00:00:00",
        "LASTUPDATE": "1/15/2025",
        "AADT": "009400",
        "AADTYEAR": "2010",
        "STATENAME": "TEXAS",
        "STATEAB": "TX",
        "COUNTYNAME": "NAVARRO",
        "CITYNAME": "CORSICANA",
        "LATDD": 32.1018102,
        "LONGDD": -96.463574,
        "gridlyProductionCertified": true,
        "gridlyClassification": "PUBLIC_ROADWAY",
        "gridlyDisplayName": "US 0075",
        "gridlyId": "FRA-597263N"
      }
    },
    {
      "type": "Feature",
      "id": 206135,
      "geometry": {
        "type": "Point",
        "coordinates": [
          -96.4701589997652,
          32.1048131001308
        ]
      },
      "properties": {
        "OBJECTID": 206135,
        "CROSSING": "597264V",
        "EFFDATE": 1736899200000,
        "REASON": "14",
        "StateCode": "48",
        "CountyCode": "48349",
        "STCYFIPS": "48349",
        "CITYCD": "483491570",
        "RAILROAD": "BNSF",
        "RRDIV": "RED RIVER",
        "RRSUBDIV": "DFW",
        "HIGHWAY": "Not Yet Reported by State",
        "STREET": "COMMERCE ST",
        "TTSTN": "667632",
        "MILEPOST": "0240.900",
        "TYPEXING": "Public",
        "POSXING": "At Grade",
        "PRVCAT": "14",
        "INIT": "1",
        "LATITUDE": 32.1048131,
        "LONGITUD": -96.470159,
        "LLSOURCE": "1",
        "WHISTBAN": "0",
        "RRCONT": "8173521549",
        "POLCONT": "8008325452",
        "INV_LINK": "https://safetydata.fra.dot.gov/OfficeofSafety/PublicSite/Crossing/Crossing.aspx?phasetype=C&rpttype=I&txtcrossingnum=597264V",
        "ACC_LINK": "https://safetydata.fra.dot.gov/OfficeofSafety/PublicSite/Crossing/Crossing.aspx?phasetype=C&rpttype=A&txtcrossingnum=597264V",
        "TTSTNNAM": "CORSICANA",
        "XPURPOSE": "1",
        "OPERATINGR": "BNSF",
        "OPERATIN_1": "Primary",
        "DAYTHRU": 2,
        "NGHTTHRU": 2,
        "MAINTRK": 1,
        "SIDINGTRK": 0,
        "YARDTRK": 0,
        "TRANSITTRK": 0,
        "INDUSTRYTR": 0,
        "OTHRTRK": 0,
        "WDCODE": "All other Gates",
        "REVISIONDA": "1996/01/01 00:00:00",
        "LASTUPDATE": "1/15/2025",
        "AADT": "900",
        "AADTYEAR": "2019",
        "STATENAME": "TEXAS",
        "STATEAB": "TX",
        "COUNTYNAME": "NAVARRO",
        "CITYNAME": "CORSICANA",
        "LATDD": 32.1048131,
        "LONGDD": -96.470159,
        "gridlyProductionCertified": true,
        "gridlyClassification": "PUBLIC_ROADWAY",
        "gridlyDisplayName": "COMMERCE ST",
        "gridlyId": "FRA-597264V"
      }
    },
    {
      "type": "Feature",
      "id": 206136,
      "geometry": {
        "type": "Point",
        "coordinates": [
          -96.4737959998729,
          32.1062445997502
        ]
      },
      "properties": {
        "OBJECTID": 206136,
        "CROSSING": "597265C",
        "EFFDATE": 1736899200000,
        "REASON": "14",
        "StateCode": "48",
        "CountyCode": "48349",
        "STCYFIPS": "48349",
        "CITYCD": "483491570",
        "RAILROAD": "BNSF",
        "RRDIV": "RED RIVER",
        "RRSUBDIV": "DFW",
        "HIGHWAY": "ST 0000",
        "STREET": "N BEATON ST",
        "TTSTN": "667632",
        "MILEPOST": "0241.080",
        "TYPEXING": "Public",
        "POSXING": "At Grade",
        "PRVCAT": "14",
        "INIT": "1",
        "LATITUDE": 32.1062446,
        "LONGITUD": -96.473796,
        "LLSOURCE": "1",
        "WHISTBAN": "0",
        "RRCONT": "8173521549",
        "POLCONT": "8008325452",
        "INV_LINK": "https://safetydata.fra.dot.gov/OfficeofSafety/PublicSite/Crossing/Crossing.aspx?phasetype=C&rpttype=I&txtcrossingnum=597265C",
        "ACC_LINK": "https://safetydata.fra.dot.gov/OfficeofSafety/PublicSite/Crossing/Crossing.aspx?phasetype=C&rpttype=A&txtcrossingnum=597265C",
        "TTSTNNAM": "CORSICANA",
        "XPURPOSE": "1",
        "OPERATINGR": "BNSF",
        "OPERATIN_1": "Primary",
        "DAYTHRU": 2,
        "NGHTTHRU": 2,
        "MAINTRK": 1,
        "SIDINGTRK": 0,
        "YARDTRK": 0,
        "TRANSITTRK": 0,
        "INDUSTRYTR": 0,
        "OTHRTRK": 0,
        "WDCODE": "All other Gates",
        "REVISIONDA": "1996/01/01 00:00:00",
        "LASTUPDATE": "1/15/2025",
        "AADT": "7130",
        "AADTYEAR": "2019",
        "STATENAME": "TEXAS",
        "STATEAB": "TX",
        "COUNTYNAME": "NAVARRO",
        "CITYNAME": "CORSICANA",
        "LATDD": 32.1062446,
        "LONGDD": -96.473796,
        "gridlyProductionCertified": true,
        "gridlyClassification": "PUBLIC_ROADWAY",
        "gridlyDisplayName": "N BEATON ST",
        "gridlyId": "FRA-597265C"
      }
    },
    {
      "type": "Feature",
      "id": 206137,
      "geometry": {
        "type": "Point",
        "coordinates": [
          -96.5425669998608,
          32.1399279001665
        ]
      },
      "properties": {
        "OBJECTID": 206137,
        "CROSSING": "597269E",
        "EFFDATE": 1736899200000,
        "REASON": "14",
        "StateCode": "48",
        "CountyCode": "48349",
        "STCYFIPS": "48349",
        "CITYCD": "483492210",
        "RAILROAD": "BNSF",
        "RRDIV": "RED RIVER",
        "RRSUBDIV": "DFW",
        "HIGHWAY": "CO 0000",
        "STREET": "CR 4854",
        "TTSTN": "667632",
        "MILEPOST": "0245.820",
        "TYPEXING": "Public",
        "POSXING": "At Grade",
        "PRVCAT": "14",
        "INIT": "1",
        "LATITUDE": 32.1399279,
        "LONGITUD": -96.542567,
        "LLSOURCE": "1",
        "WHISTBAN": "0",
        "RRCONT": "8173521549",
        "POLCONT": "8008325452",
        "INV_LINK": "https://safetydata.fra.dot.gov/OfficeofSafety/PublicSite/Crossing/Crossing.aspx?phasetype=C&rpttype=I&txtcrossingnum=597269E",
        "ACC_LINK": "https://safetydata.fra.dot.gov/OfficeofSafety/PublicSite/Crossing/Crossing.aspx?phasetype=C&rpttype=A&txtcrossingnum=597269E",
        "TTSTNNAM": "CORSICANA",
        "XPURPOSE": "1",
        "OPERATINGR": "BNSF",
        "OPERATIN_1": "Primary",
        "DAYTHRU": 2,
        "NGHTTHRU": 2,
        "MAINTRK": 1,
        "SIDINGTRK": 0,
        "YARDTRK": 0,
        "TRANSITTRK": 0,
        "INDUSTRYTR": 0,
        "OTHRTRK": 0,
        "WDCODE": "Crossbucks",
        "REVISIONDA": "1996/01/01 00:00:00",
        "LASTUPDATE": "1/15/2025",
        "AADT": "49",
        "AADTYEAR": "2019",
        "STATENAME": "TEXAS",
        "STATEAB": "TX",
        "COUNTYNAME": "NAVARRO",
        "CITYNAME": "EMHOUSE",
        "LATDD": 32.1399279,
        "LONGDD": -96.542567,
        "gridlyProductionCertified": true,
        "gridlyClassification": "PUBLIC_ROADWAY",
        "gridlyDisplayName": "CR 4854",
        "gridlyId": "FRA-597269E"
      }
    },
    {
      "type": "Feature",
      "id": 206138,
      "geometry": {
        "type": "Point",
        "coordinates": [
          -96.4858410001729,
          32.1109798002075
        ]
      },
      "properties": {
        "OBJECTID": 206138,
        "CROSSING": "597266J",
        "EFFDATE": 1736899200000,
        "REASON": "14",
        "StateCode": "48",
        "CountyCode": "48349",
        "STCYFIPS": "48349",
        "CITYCD": "483491570",
        "RAILROAD": "BNSF",
        "RRDIV": "RED RIVER",
        "RRSUBDIV": "DFW",
        "HIGHWAY": "ST 0000",
        "STREET": "DOBBIN RD",
        "TTSTN": "667632",
        "MILEPOST": "0241.830",
        "TYPEXING": "Public",
        "POSXING": "At Grade",
        "PRVCAT": "14",
        "INIT": "1",
        "LATITUDE": 32.1109798,
        "LONGITUD": -96.485841,
        "LLSOURCE": "1",
        "WHISTBAN": "0",
        "RRCONT": "8173521549",
        "POLCONT": "8008325452",
        "INV_LINK": "https://safetydata.fra.dot.gov/OfficeofSafety/PublicSite/Crossing/Crossing.aspx?phasetype=C&rpttype=I&txtcrossingnum=597266J",
        "ACC_LINK": "https://safetydata.fra.dot.gov/OfficeofSafety/PublicSite/Crossing/Crossing.aspx?phasetype=C&rpttype=A&txtcrossingnum=597266J",
        "TTSTNNAM": "CORSICANA",
        "XPURPOSE": "1",
        "OPERATINGR": "BNSF",
        "OPERATIN_1": "Primary",
        "DAYTHRU": 2,
        "NGHTTHRU": 2,
        "MAINTRK": 1,
        "SIDINGTRK": 1,
        "YARDTRK": 0,
        "TRANSITTRK": 0,
        "INDUSTRYTR": 0,
        "OTHRTRK": 1,
        "WDCODE": "All other Gates",
        "REVISIONDA": "1996/01/01 00:00:00",
        "LASTUPDATE": "1/15/2025",
        "AADT": "4637",
        "AADTYEAR": "2019",
        "STATENAME": "TEXAS",
        "STATEAB": "TX",
        "COUNTYNAME": "NAVARRO",
        "CITYNAME": "CORSICANA",
        "LATDD": 32.1109798,
        "LONGDD": -96.485841,
        "gridlyProductionCertified": true,
        "gridlyClassification": "PUBLIC_ROADWAY",
        "gridlyDisplayName": "DOBBIN RD",
        "gridlyId": "FRA-597266J"
      }
    },
    {
      "type": "Feature",
      "id": 206139,
      "geometry": {
        "type": "Point",
        "coordinates": [
          -96.4944529996814,
          32.114367499868
        ]
      },
      "properties": {
        "OBJECTID": 206139,
        "CROSSING": "597267R",
        "EFFDATE": 1736899200000,
        "REASON": "14",
        "StateCode": "48",
        "CountyCode": "48349",
        "STCYFIPS": "48349",
        "CITYCD": "483491570",
        "RAILROAD": "BNSF",
        "RRDIV": "RED RIVER",
        "RRSUBDIV": "DFW",
        "HIGHWAY": "ST 0000",
        "STREET": "BOWIE DR",
        "TTSTN": "667632",
        "MILEPOST": "0242.400",
        "TYPEXING": "Public",
        "POSXING": "At Grade",
        "PRVCAT": "14",
        "INIT": "1",
        "LATITUDE": 32.1143675,
        "LONGITUD": -96.494453,
        "LLSOURCE": "1",
        "WHISTBAN": "0",
        "RRCONT": "8173521549",
        "POLCONT": "8008325452",
        "INV_LINK": "https://safetydata.fra.dot.gov/OfficeofSafety/PublicSite/Crossing/Crossing.aspx?phasetype=C&rpttype=I&txtcrossingnum=597267R",
        "ACC_LINK": "https://safetydata.fra.dot.gov/OfficeofSafety/PublicSite/Crossing/Crossing.aspx?phasetype=C&rpttype=A&txtcrossingnum=597267R",
        "TTSTNNAM": "CORSICANA",
        "XPURPOSE": "1",
        "OPERATINGR": "BNSF",
        "OPERATIN_1": "Primary",
        "DAYTHRU": 2,
        "NGHTTHRU": 2,
        "MAINTRK": 1,
        "SIDINGTRK": 0,
        "YARDTRK": 0,
        "TRANSITTRK": 0,
        "INDUSTRYTR": 0,
        "OTHRTRK": 0,
        "WDCODE": "All other Gates",
        "REVISIONDA": "1996/01/01 00:00:00",
        "LASTUPDATE": "1/15/2025",
        "AADT": "173",
        "AADTYEAR": "2019",
        "STATENAME": "TEXAS",
        "STATEAB": "TX",
        "COUNTYNAME": "NAVARRO",
        "CITYNAME": "CORSICANA",
        "LATDD": 32.1143675,
        "LONGDD": -96.494453,
        "gridlyProductionCertified": true,
        "gridlyClassification": "PUBLIC_ROADWAY",
        "gridlyDisplayName": "BOWIE DR",
        "gridlyId": "FRA-597267R"
      }
    },
    {
      "type": "Feature",
      "id": 206140,
      "geometry": {
        "type": "Point",
        "coordinates": [
          -96.4797059999574,
          32.1082800000524
        ]
      },
      "properties": {
        "OBJECTID": 206140,
        "CROSSING": "597271F",
        "EFFDATE": 1736899200000,
        "REASON": "14",
        "StateCode": "48",
        "CountyCode": "48349",
        "STCYFIPS": "48349",
        "CITYCD": "483491570",
        "RAILROAD": "BNSF",
        "RRDIV": "RED RIVER",
        "RRSUBDIV": "DFW",
        "HIGHWAY": "co",
        "STREET": "MAGNOLIA LAKE ROAD",
        "TTSTN": "667632",
        "MILEPOST": "0237.679",
        "TYPEXING": "Public",
        "POSXING": "At Grade",
        "PRVCAT": "14",
        "INIT": "1",
        "LATITUDE": 32.10828,
        "LONGITUD": -96.479706,
        "LLSOURCE": "1",
        "WHISTBAN": "0",
        "RRCONT": "8173521549",
        "POLCONT": "8008325452",
        "INV_LINK": "https://safetydata.fra.dot.gov/OfficeofSafety/PublicSite/Crossing/Crossing.aspx?phasetype=C&rpttype=I&txtcrossingnum=597271F",
        "ACC_LINK": "https://safetydata.fra.dot.gov/OfficeofSafety/PublicSite/Crossing/Crossing.aspx?phasetype=C&rpttype=A&txtcrossingnum=597271F",
        "TTSTNNAM": "CORSICANA",
        "XPURPOSE": "1",
        "OPERATINGR": "BNSF",
        "OPERATIN_1": "Primary",
        "DAYTHRU": 2,
        "NGHTTHRU": 2,
        "MAINTRK": 1,
        "SIDINGTRK": 0,
        "YARDTRK": 0,
        "TRANSITTRK": 0,
        "INDUSTRYTR": 0,
        "OTHRTRK": 0,
        "WDCODE": "All other Gates",
        "REVISIONDA": "1996/01/01 00:00:00",
        "LASTUPDATE": "1/15/2025",
        "AADT": "000070",
        "AADTYEAR": "1983",
        "STATENAME": "TEXAS",
        "STATEAB": "TX",
        "COUNTYNAME": "NAVARRO",
        "CITYNAME": "CORSICANA",
        "LATDD": 32.10828,
        "LONGDD": -96.479706,
        "gridlyProductionCertified": true,
        "gridlyClassification": "PUBLIC_ROADWAY",
        "gridlyDisplayName": "MAGNOLIA LAKE ROAD",
        "gridlyId": "FRA-597271F"
      }
    },
    {
      "type": "Feature",
      "id": 206141,
      "geometry": {
        "type": "Point",
        "coordinates": [
          -96.5573999997985,
          32.1492616997651
        ]
      },
      "properties": {
        "OBJECTID": 206141,
        "CROSSING": "597270Y",
        "EFFDATE": 1736899200000,
        "REASON": "14",
        "StateCode": "48",
        "CountyCode": "48349",
        "STCYFIPS": "48349",
        "CITYCD": "483492210",
        "RAILROAD": "BNSF",
        "RRDIV": "RED RIVER",
        "RRSUBDIV": "DFW",
        "HIGHWAY": "CO 0000",
        "STREET": "CR 5182",
        "TTSTN": "667632",
        "MILEPOST": "0246.900",
        "TYPEXING": "Public",
        "POSXING": "At Grade",
        "PRVCAT": "14",
        "INIT": "1",
        "LATITUDE": 32.1492617,
        "LONGITUD": -96.5574,
        "LLSOURCE": "1",
        "WHISTBAN": "0",
        "RRCONT": "8173521549",
        "POLCONT": "8008325452",
        "INV_LINK": "https://safetydata.fra.dot.gov/OfficeofSafety/PublicSite/Crossing/Crossing.aspx?phasetype=C&rpttype=I&txtcrossingnum=597270Y",
        "ACC_LINK": "https://safetydata.fra.dot.gov/OfficeofSafety/PublicSite/Crossing/Crossing.aspx?phasetype=C&rpttype=A&txtcrossingnum=597270Y",
        "TTSTNNAM": "CORSICANA",
        "XPURPOSE": "1",
        "OPERATINGR": "BNSF",
        "OPERATIN_1": "Primary",
        "DAYTHRU": 2,
        "NGHTTHRU": 2,
        "MAINTRK": 1,
        "SIDINGTRK": 0,
        "YARDTRK": 0,
        "TRANSITTRK": 0,
        "INDUSTRYTR": 0,
        "OTHRTRK": 0,
        "WDCODE": "Crossbucks",
        "REVISIONDA": "1996/01/01 00:00:00",
        "LASTUPDATE": "1/15/2025",
        "AADT": "37",
        "AADTYEAR": "2019",
        "STATENAME": "TEXAS",
        "STATEAB": "TX",
        "COUNTYNAME": "NAVARRO",
        "CITYNAME": "EMHOUSE",
        "LATDD": 32.1492617,
        "LONGDD": -96.5574,
        "gridlyProductionCertified": true,
        "gridlyClassification": "PUBLIC_ROADWAY",
        "gridlyDisplayName": "CR 5182",
        "gridlyId": "FRA-597270Y"
      }
    },
    {
      "type": "Feature",
      "id": 206142,
      "geometry": {
        "type": "Point",
        "coordinates": [
          -96.5716379997094,
          32.1582177000119
        ]
      },
      "properties": {
        "OBJECTID": 206142,
        "CROSSING": "597272M",
        "EFFDATE": 1736899200000,
        "REASON": "14",
        "StateCode": "48",
        "CountyCode": "48349",
        "STCYFIPS": "48349",
        "CITYCD": "483492210",
        "RAILROAD": "BNSF",
        "RRDIV": "RED RIVER",
        "RRSUBDIV": "DFW",
        "HIGHWAY": "CO 0000",
        "STREET": "CR 5178",
        "TTSTN": "667632",
        "MILEPOST": "0247.900",
        "TYPEXING": "Public",
        "POSXING": "At Grade",
        "PRVCAT": "14",
        "INIT": "1",
        "LATITUDE": 32.1582177,
        "LONGITUD": -96.571638,
        "LLSOURCE": "1",
        "WHISTBAN": "0",
        "RRCONT": "8173521549",
        "POLCONT": "8008325452",
        "INV_LINK": "https://safetydata.fra.dot.gov/OfficeofSafety/PublicSite/Crossing/Crossing.aspx?phasetype=C&rpttype=I&txtcrossingnum=597272M",
        "ACC_LINK": "https://safetydata.fra.dot.gov/OfficeofSafety/PublicSite/Crossing/Crossing.aspx?phasetype=C&rpttype=A&txtcrossingnum=597272M",
        "TTSTNNAM": "CORSICANA",
        "XPURPOSE": "1",
        "OPERATINGR": "BNSF",
        "OPERATIN_1": "Primary",
        "DAYTHRU": 2,
        "NGHTTHRU": 2,
        "MAINTRK": 1,
        "SIDINGTRK": 0,
        "YARDTRK": 0,
        "TRANSITTRK": 0,
        "INDUSTRYTR": 0,
        "OTHRTRK": 0,
        "WDCODE": "Crossbucks",
        "REVISIONDA": "1996/01/01 00:00:00",
        "LASTUPDATE": "1/15/2025",
        "AADT": "85",
        "AADTYEAR": "2019",
        "STATENAME": "TEXAS",
        "STATEAB": "TX",
        "COUNTYNAME": "NAVARRO",
        "CITYNAME": "EMHOUSE",
        "LATDD": 32.1582177,
        "LONGDD": -96.571638,
        "gridlyProductionCertified": true,
        "gridlyClassification": "PUBLIC_ROADWAY",
        "gridlyDisplayName": "CR 5178",
        "gridlyId": "FRA-597272M"
      }
    },
    {
      "type": "Feature",
      "id": 206143,
      "geometry": {
        "type": "Point",
        "coordinates": [
          -96.5770270002854,
          32.1630218003081
        ]
      },
      "properties": {
        "OBJECTID": 206143,
        "CROSSING": "597273U",
        "EFFDATE": 1736899200000,
        "REASON": "14",
        "StateCode": "48",
        "CountyCode": "48349",
        "STCYFIPS": "48349",
        "CITYCD": "483492210",
        "RAILROAD": "BNSF",
        "RRDIV": "RED RIVER",
        "RRSUBDIV": "DFW",
        "HIGHWAY": "FM 1126",
        "STREET": "FM 1126",
        "TTSTN": "667632",
        "MILEPOST": "0248.380",
        "TYPEXING": "Public",
        "POSXING": "At Grade",
        "PRVCAT": "14",
        "INIT": "1",
        "LATITUDE": 32.1630218,
        "LONGITUD": -96.577027,
        "LLSOURCE": "1",
        "WHISTBAN": "0",
        "RRCONT": "8173521549",
        "POLCONT": "8008325452",
        "INV_LINK": "https://safetydata.fra.dot.gov/OfficeofSafety/PublicSite/Crossing/Crossing.aspx?phasetype=C&rpttype=I&txtcrossingnum=597273U",
        "ACC_LINK": "https://safetydata.fra.dot.gov/OfficeofSafety/PublicSite/Crossing/Crossing.aspx?phasetype=C&rpttype=A&txtcrossingnum=597273U",
        "TTSTNNAM": "CORSICANA",
        "XPURPOSE": "1",
        "OPERATINGR": "BNSF",
        "OPERATIN_1": "Primary",
        "DAYTHRU": 2,
        "NGHTTHRU": 2,
        "MAINTRK": 1,
        "SIDINGTRK": 0,
        "YARDTRK": 0,
        "TRANSITTRK": 0,
        "INDUSTRYTR": 0,
        "OTHRTRK": 0,
        "WDCODE": "All other Gates",
        "REVISIONDA": "1996/01/01 00:00:00",
        "LASTUPDATE": "1/15/2025",
        "AADT": "1427",
        "AADTYEAR": "2019",
        "STATENAME": "TEXAS",
        "STATEAB": "TX",
        "COUNTYNAME": "NAVARRO",
        "CITYNAME": "EMHOUSE",
        "LATDD": 32.1630218,
        "LONGDD": -96.577027,
        "gridlyProductionCertified": true,
        "gridlyClassification": "PUBLIC_ROADWAY",
        "gridlyDisplayName": "FM 1126",
        "gridlyId": "FRA-597273U"
      }
    },
    {
      "type": "Feature",
      "id": 206165,
      "geometry": {
        "type": "Point",
        "coordinates": [
          -96.5902950002508,
          32.1830723999069
        ]
      },
      "properties": {
        "OBJECTID": 206165,
        "CROSSING": "597274B",
        "EFFDATE": 1736899200000,
        "REASON": "14",
        "StateCode": "48",
        "CountyCode": "48349",
        "STCYFIPS": "48349",
        "CITYCD": "483492210",
        "RAILROAD": "BNSF",
        "RRDIV": "RED RIVER",
        "RRSUBDIV": "DFW",
        "HIGHWAY": "CO 0000",
        "STREET": "CR 4771",
        "TTSTN": "667574",
        "MILEPOST": "0250.000",
        "TYPEXING": "Public",
        "POSXING": "At Grade",
        "PRVCAT": "14",
        "INIT": "1",
        "LATITUDE": 32.1830724,
        "LONGITUD": -96.590295,
        "LLSOURCE": "1",
        "WHISTBAN": "0",
        "RRCONT": "8173521549",
        "POLCONT": "8008325452",
        "INV_LINK": "https://safetydata.fra.dot.gov/OfficeofSafety/PublicSite/Crossing/Crossing.aspx?phasetype=C&rpttype=I&txtcrossingnum=597274B",
        "ACC_LINK": "https://safetydata.fra.dot.gov/OfficeofSafety/PublicSite/Crossing/Crossing.aspx?phasetype=C&rpttype=A&txtcrossingnum=597274B",
        "TTSTNNAM": "BARDWELL",
        "XPURPOSE": "1",
        "OPERATINGR": "BNSF",
        "OPERATIN_1": "Primary",
        "DAYTHRU": 2,
        "NGHTTHRU": 2,
        "MAINTRK": 1,
        "SIDINGTRK": 0,
        "YARDTRK": 0,
        "TRANSITTRK": 0,
        "INDUSTRYTR": 0,
        "OTHRTRK": 0,
        "WDCODE": "Crossbucks",
        "REVISIONDA": "1996/01/01 00:00:00",
        "LASTUPDATE": "1/15/2025",
        "AADT": "24",
        "AADTYEAR": "2019",
        "STATENAME": "TEXAS",
        "STATEAB": "TX",
        "COUNTYNAME": "NAVARRO",
        "CITYNAME": "EMHOUSE",
        "LATDD": 32.1830724,
        "LONGDD": -96.590295,
        "gridlyProductionCertified": true,
        "gridlyClassification": "PUBLIC_ROADWAY",
        "gridlyDisplayName": "CR 4771",
        "gridlyId": "FRA-597274B"
      }
    },
    {
      "type": "Feature",
      "id": 206166,
      "geometry": {
        "type": "Point",
        "coordinates": [
          -96.6008450000005,
          32.2016298002499
        ]
      },
      "properties": {
        "OBJECTID": 206166,
        "CROSSING": "597275H",
        "EFFDATE": 1736899200000,
        "REASON": "14",
        "StateCode": "48",
        "CountyCode": "48349",
        "STCYFIPS": "48349",
        "CITYCD": "483492210",
        "RAILROAD": "BNSF",
        "RRDIV": "RED RIVER",
        "RRSUBDIV": "DFW",
        "HIGHWAY": "COUNTY",
        "STREET": "CR 1260",
        "TTSTN": "667574",
        "MILEPOST": "0251.360",
        "TYPEXING": "Public",
        "POSXING": "RR Under",
        "PRVCAT": "14",
        "INIT": "1",
        "LATITUDE": 32.2016298,
        "LONGITUD": -96.600845,
        "LLSOURCE": "1",
        "WHISTBAN": "0",
        "RRCONT": "8173521549",
        "POLCONT": "8008325452",
        "INV_LINK": "https://safetydata.fra.dot.gov/OfficeofSafety/PublicSite/Crossing/Crossing.aspx?phasetype=C&rpttype=I&txtcrossingnum=597275H",
        "ACC_LINK": "https://safetydata.fra.dot.gov/OfficeofSafety/PublicSite/Crossing/Crossing.aspx?phasetype=C&rpttype=A&txtcrossingnum=597275H",
        "TTSTNNAM": "BARDWELL",
        "XPURPOSE": "1",
        "OPERATINGR": "BNSF",
        "OPERATIN_1": "Primary",
        "DAYTHRU": 2,
        "NGHTTHRU": 2,
        "MAINTRK": 1,
        "SIDINGTRK": 0,
        "YARDTRK": 0,
        "TRANSITTRK": 0,
        "INDUSTRYTR": 0,
        "OTHRTRK": 0,
        "WDCODE": "",
        "REVISIONDA": "1996/01/01 00:00:00",
        "LASTUPDATE": "1/15/2025",
        "AADT": "000050",
        "AADTYEAR": "2009",
        "STATENAME": "TEXAS",
        "STATEAB": "TX",
        "COUNTYNAME": "NAVARRO",
        "CITYNAME": "EMHOUSE",
        "LATDD": 32.2016298,
        "LONGDD": -96.600845,
        "gridlyProductionCertified": true,
        "gridlyClassification": "PUBLIC_ROADWAY",
        "gridlyDisplayName": "CR 1260",
        "gridlyId": "FRA-597275H"
      }
    },
    {
      "type": "Feature",
      "id": 206817,
      "geometry": {
        "type": "Point",
        "coordinates": [
          -96.2526437997993,
          32.1281446999712
        ]
      },
      "properties": {
        "OBJECTID": 206817,
        "CROSSING": "790647B",
        "EFFDATE": 1756684800000,
        "REASON": "14",
        "StateCode": "48",
        "CountyCode": "48349",
        "STCYFIPS": "48349",
        "CITYCD": "483493650",
        "RAILROAD": "UP",
        "RRDIV": "TEXOMA",
        "RRSUBDIV": "CORSICANA SUB",
        "HIGHWAY": "PRIVATE",
        "STREET": "CR 0185",
        "TTSTN": "667624",
        "MILEPOST": "0608.650",
        "TYPEXING": "Public",
        "POSXING": "At Grade",
        "PRVCAT": "14",
        "INIT": "1",
        "LATITUDE": 32.1281447,
        "LONGITUD": -96.2526438,
        "LLSOURCE": "1",
        "WHISTBAN": "0",
        "RRCONT": "4025443721",
        "POLCONT": "8008488715",
        "INV_LINK": "https://safetydata.fra.dot.gov/OfficeofSafety/PublicSite/Crossing/Crossing.aspx?phasetype=C&rpttype=I&txtcrossingnum=790647B",
        "ACC_LINK": "https://safetydata.fra.dot.gov/OfficeofSafety/PublicSite/Crossing/Crossing.aspx?phasetype=C&rpttype=A&txtcrossingnum=790647B",
        "TTSTNNAM": "",
        "XPURPOSE": "1",
        "OPERATINGR": "UP",
        "OPERATIN_1": "Primary",
        "DAYTHRU": 3,
        "NGHTTHRU": 2,
        "MAINTRK": 1,
        "SIDINGTRK": 1,
        "YARDTRK": 0,
        "TRANSITTRK": 0,
        "INDUSTRYTR": 0,
        "OTHRTRK": 0,
        "WDCODE": "Crossbucks",
        "REVISIONDA": "1975/01/01 00:00:00",
        "LASTUPDATE": "9/1/2025",
        "AADT": "1",
        "AADTYEAR": "1970",
        "STATENAME": "TEXAS",
        "STATEAB": "TX",
        "COUNTYNAME": "NAVARRO",
        "CITYNAME": "KERENS",
        "LATDD": 32.1281447,
        "LONGDD": -96.2526438,
        "gridlyProductionCertified": true,
        "gridlyClassification": "PUBLIC_ROADWAY",
        "gridlyDisplayName": "CR 0185",
        "gridlyId": "FRA-790647B"
      }
    },
    {
      "type": "Feature",
      "id": 206818,
      "geometry": {
        "type": "Point",
        "coordinates": [
          -96.2630192002954,
          32.1266552999677
        ]
      },
      "properties": {
        "OBJECTID": 206818,
        "CROSSING": "790648H",
        "EFFDATE": 1756684800000,
        "REASON": "14",
        "StateCode": "48",
        "CountyCode": "48349",
        "STCYFIPS": "48349",
        "CITYCD": "483493650",
        "RAILROAD": "UP",
        "RRDIV": "TEXOMA",
        "RRSUBDIV": "CORSICANA SUB",
        "HIGHWAY": "CO 5020",
        "STREET": "CR 0120",
        "TTSTN": "667624",
        "MILEPOST": "0609.270",
        "TYPEXING": "Public",
        "POSXING": "At Grade",
        "PRVCAT": "14",
        "INIT": "1",
        "LATITUDE": 32.1266553,
        "LONGITUD": -96.2630192,
        "LLSOURCE": "1",
        "WHISTBAN": "0",
        "RRCONT": "4025443721",
        "POLCONT": "8008488715",
        "INV_LINK": "https://safetydata.fra.dot.gov/OfficeofSafety/PublicSite/Crossing/Crossing.aspx?phasetype=C&rpttype=I&txtcrossingnum=790648H",
        "ACC_LINK": "https://safetydata.fra.dot.gov/OfficeofSafety/PublicSite/Crossing/Crossing.aspx?phasetype=C&rpttype=A&txtcrossingnum=790648H",
        "TTSTNNAM": "",
        "XPURPOSE": "1",
        "OPERATINGR": "UP",
        "OPERATIN_1": "Primary",
        "DAYTHRU": 3,
        "NGHTTHRU": 2,
        "MAINTRK": 1,
        "SIDINGTRK": 0,
        "YARDTRK": 0,
        "TRANSITTRK": 0,
        "INDUSTRYTR": 0,
        "OTHRTRK": 0,
        "WDCODE": "Crossbucks",
        "REVISIONDA": "1975/01/01 00:00:00",
        "LASTUPDATE": "9/1/2025",
        "AADT": "2",
        "AADTYEAR": "2019",
        "STATENAME": "TEXAS",
        "STATEAB": "TX",
        "COUNTYNAME": "NAVARRO",
        "CITYNAME": "KERENS",
        "LATDD": 32.1266553,
        "LONGDD": -96.2630192,
        "gridlyProductionCertified": true,
        "gridlyClassification": "PUBLIC_ROADWAY",
        "gridlyDisplayName": "CR 0120",
        "gridlyId": "FRA-790648H"
      }
    },
    {
      "type": "Feature",
      "id": 206822,
      "geometry": {
        "type": "Point",
        "coordinates": [
          -96.3849530000574,
          32.1030059998875
        ]
      },
      "properties": {
        "OBJECTID": 206822,
        "CROSSING": "790681H",
        "EFFDATE": 1756684800000,
        "REASON": "14",
        "StateCode": "48",
        "CountyCode": "48349",
        "STCYFIPS": "48349",
        "CITYCD": "483491570",
        "RAILROAD": "UP",
        "RRDIV": "TEXOMA",
        "RRSUBDIV": "CORSICANA SUB",
        "HIGHWAY": "CO 5033",
        "STREET": "CR 0070",
        "TTSTN": "667632",
        "MILEPOST": "0616.660",
        "TYPEXING": "Public",
        "POSXING": "At Grade",
        "PRVCAT": "14",
        "INIT": "1",
        "LATITUDE": 32.103006,
        "LONGITUD": -96.384953,
        "LLSOURCE": "1",
        "WHISTBAN": "0",
        "RRCONT": "4025443721",
        "POLCONT": "8008488715",
        "INV_LINK": "https://safetydata.fra.dot.gov/OfficeofSafety/PublicSite/Crossing/Crossing.aspx?phasetype=C&rpttype=I&txtcrossingnum=790681H",
        "ACC_LINK": "https://safetydata.fra.dot.gov/OfficeofSafety/PublicSite/Crossing/Crossing.aspx?phasetype=C&rpttype=A&txtcrossingnum=790681H",
        "TTSTNNAM": "",
        "XPURPOSE": "1",
        "OPERATINGR": "UP",
        "OPERATIN_1": "Primary",
        "DAYTHRU": 3,
        "NGHTTHRU": 2,
        "MAINTRK": 1,
        "SIDINGTRK": 0,
        "YARDTRK": 0,
        "TRANSITTRK": 0,
        "INDUSTRYTR": 1,
        "OTHRTRK": 0,
        "WDCODE": "All other Gates",
        "REVISIONDA": "1975/01/01 00:00:00",
        "LASTUPDATE": "9/1/2025",
        "AADT": "181",
        "AADTYEAR": "2019",
        "STATENAME": "TEXAS",
        "STATEAB": "TX",
        "COUNTYNAME": "NAVARRO",
        "CITYNAME": "CORSICANA",
        "LATDD": 32.103006,
        "LONGDD": -96.384953,
        "gridlyProductionCertified": true,
        "gridlyClassification": "PUBLIC_ROADWAY",
        "gridlyDisplayName": "CR 0070",
        "gridlyId": "FRA-790681H"
      }
    },
    {
      "type": "Feature",
      "id": 206823,
      "geometry": {
        "type": "Point",
        "coordinates": [
          -96.2727554997725,
          32.125223199866
        ]
      },
      "properties": {
        "OBJECTID": 206823,
        "CROSSING": "790649P",
        "EFFDATE": 1756684800000,
        "REASON": "14",
        "StateCode": "48",
        "CountyCode": "48349",
        "STCYFIPS": "48349",
        "CITYCD": "483493650",
        "RAILROAD": "UP",
        "RRDIV": "TEXOMA",
        "RRSUBDIV": "CORSICANA SUB",
        "HIGHWAY": "PRIVATE",
        "STREET": "PRIVATE",
        "TTSTN": "667624",
        "MILEPOST": "0609.880",
        "TYPEXING": "Private",
        "POSXING": "At Grade",
        "PRVCAT": "14",
        "INIT": "1",
        "LATITUDE": 32.1252232,
        "LONGITUD": -96.2727555,
        "LLSOURCE": "1",
        "WHISTBAN": "0",
        "RRCONT": "4025443721",
        "POLCONT": "8008488715",
        "INV_LINK": "https://safetydata.fra.dot.gov/OfficeofSafety/PublicSite/Crossing/Crossing.aspx?phasetype=C&rpttype=I&txtcrossingnum=790649P",
        "ACC_LINK": "https://safetydata.fra.dot.gov/OfficeofSafety/PublicSite/Crossing/Crossing.aspx?phasetype=C&rpttype=A&txtcrossingnum=790649P",
        "TTSTNNAM": "",
        "XPURPOSE": "1",
        "OPERATINGR": "UP",
        "OPERATIN_1": "Primary",
        "DAYTHRU": 3,
        "NGHTTHRU": 2,
        "MAINTRK": 1,
        "SIDINGTRK": 0,
        "YARDTRK": 0,
        "TRANSITTRK": 0,
        "INDUSTRYTR": 0,
        "OTHRTRK": 0,
        "WDCODE": "",
        "REVISIONDA": "1975/01/01 00:00:00",
        "LASTUPDATE": "9/1/2025",
        "AADT": "1",
        "AADTYEAR": "1970",
        "STATENAME": "TEXAS",
        "STATEAB": "TX",
        "COUNTYNAME": "NAVARRO",
        "CITYNAME": "KERENS",
        "LATDD": 32.1252232,
        "LONGDD": -96.2727555,
        "gridlyProductionCertified": true,
        "gridlyClassification": "PUBLIC_ROADWAY",
        "gridlyDisplayName": "PRIVATE",
        "gridlyId": "FRA-790649P"
      }
    },
    {
      "type": "Feature",
      "id": 206825,
      "geometry": {
        "type": "Point",
        "coordinates": [
          -96.4151614997194,
          32.0966679999049
        ]
      },
      "properties": {
        "OBJECTID": 206825,
        "CROSSING": "790685K",
        "EFFDATE": 1756684800000,
        "REASON": "14",
        "StateCode": "48",
        "CountyCode": "48349",
        "STCYFIPS": "48349",
        "CITYCD": "483491570",
        "RAILROAD": "UP",
        "RRDIV": "TEXOMA",
        "RRSUBDIV": "CORSICANA SUB",
        "HIGHWAY": "ST 0000",
        "STREET": "JESTER STREET",
        "TTSTN": "667632",
        "MILEPOST": "0618.550",
        "TYPEXING": "Public",
        "POSXING": "At Grade",
        "PRVCAT": "14",
        "INIT": "1",
        "LATITUDE": 32.096668,
        "LONGITUD": -96.4151615,
        "LLSOURCE": "1",
        "WHISTBAN": "0",
        "RRCONT": "4025443721",
        "POLCONT": "8008488715",
        "INV_LINK": "https://safetydata.fra.dot.gov/OfficeofSafety/PublicSite/Crossing/Crossing.aspx?phasetype=C&rpttype=I&txtcrossingnum=790685K",
        "ACC_LINK": "https://safetydata.fra.dot.gov/OfficeofSafety/PublicSite/Crossing/Crossing.aspx?phasetype=C&rpttype=A&txtcrossingnum=790685K",
        "TTSTNNAM": "",
        "XPURPOSE": "1",
        "OPERATINGR": "UP",
        "OPERATIN_1": "Primary",
        "DAYTHRU": 3,
        "NGHTTHRU": 2,
        "MAINTRK": 1,
        "SIDINGTRK": 0,
        "YARDTRK": 0,
        "TRANSITTRK": 0,
        "INDUSTRYTR": 0,
        "OTHRTRK": 0,
        "WDCODE": "All other Gates",
        "REVISIONDA": "1975/01/01 00:00:00",
        "LASTUPDATE": "9/1/2025",
        "AADT": "690",
        "AADTYEAR": "1991",
        "STATENAME": "TEXAS",
        "STATEAB": "TX",
        "COUNTYNAME": "NAVARRO",
        "CITYNAME": "CORSICANA",
        "LATDD": 32.096668,
        "LONGDD": -96.4151615,
        "gridlyProductionCertified": true,
        "gridlyClassification": "PUBLIC_ROADWAY",
        "gridlyDisplayName": "JESTER STREET",
        "gridlyId": "FRA-790685K"
      }
    },
    {
      "type": "Feature",
      "id": 206826,
      "geometry": {
        "type": "Point",
        "coordinates": [
          -96.4505759996592,
          32.0954659997736
        ]
      },
      "properties": {
        "OBJECTID": 206826,
        "CROSSING": "790689M",
        "EFFDATE": 1756684800000,
        "REASON": "14",
        "StateCode": "48",
        "CountyCode": "48349",
        "STCYFIPS": "48349",
        "CITYCD": "483491570",
        "RAILROAD": "UP",
        "RRDIV": "TEXOMA",
        "RRSUBDIV": "CORSICANA SUB",
        "HIGHWAY": "ST 0000",
        "STREET": "SOUTH BUNERT street",
        "TTSTN": "667632",
        "MILEPOST": "0620.510",
        "TYPEXING": "Public",
        "POSXING": "At Grade",
        "PRVCAT": "14",
        "INIT": "1",
        "LATITUDE": 32.095466,
        "LONGITUD": -96.450576,
        "LLSOURCE": "1",
        "WHISTBAN": "0",
        "RRCONT": "4025443721",
        "POLCONT": "8008488715",
        "INV_LINK": "https://safetydata.fra.dot.gov/OfficeofSafety/PublicSite/Crossing/Crossing.aspx?phasetype=C&rpttype=I&txtcrossingnum=790689M",
        "ACC_LINK": "https://safetydata.fra.dot.gov/OfficeofSafety/PublicSite/Crossing/Crossing.aspx?phasetype=C&rpttype=A&txtcrossingnum=790689M",
        "TTSTNNAM": "",
        "XPURPOSE": "1",
        "OPERATINGR": "UP",
        "OPERATIN_1": "Primary",
        "DAYTHRU": 3,
        "NGHTTHRU": 2,
        "MAINTRK": 1,
        "SIDINGTRK": 0,
        "YARDTRK": 0,
        "TRANSITTRK": 0,
        "INDUSTRYTR": 0,
        "OTHRTRK": 0,
        "WDCODE": "All other Gates",
        "REVISIONDA": "1975/01/01 00:00:00",
        "LASTUPDATE": "9/1/2025",
        "AADT": "173",
        "AADTYEAR": "2019",
        "STATENAME": "TEXAS",
        "STATEAB": "TX",
        "COUNTYNAME": "NAVARRO",
        "CITYNAME": "CORSICANA",
        "LATDD": 32.095466,
        "LONGDD": -96.450576,
        "gridlyProductionCertified": true,
        "gridlyClassification": "PUBLIC_ROADWAY",
        "gridlyDisplayName": "SOUTH BUNERT street",
        "gridlyId": "FRA-790689M"
      }
    },
    {
      "type": "Feature",
      "id": 206827,
      "geometry": {
        "type": "Point",
        "coordinates": [
          -96.4517709997356,
          32.0954900000689
        ]
      },
      "properties": {
        "OBJECTID": 206827,
        "CROSSING": "790691N",
        "EFFDATE": 1756684800000,
        "REASON": "14",
        "StateCode": "48",
        "CountyCode": "48349",
        "STCYFIPS": "48349",
        "CITYCD": "483491570",
        "RAILROAD": "UP",
        "RRDIV": "TEXOMA",
        "RRSUBDIV": "CORSICANA SUB",
        "HIGHWAY": "ST 0000",
        "STREET": "BENTON STREET",
        "TTSTN": "667632",
        "MILEPOST": "0620.580",
        "TYPEXING": "Public",
        "POSXING": "At Grade",
        "PRVCAT": "14",
        "INIT": "1",
        "LATITUDE": 32.09549,
        "LONGITUD": -96.451771,
        "LLSOURCE": "1",
        "WHISTBAN": "0",
        "RRCONT": "4025443721",
        "POLCONT": "8008488715",
        "INV_LINK": "https://safetydata.fra.dot.gov/OfficeofSafety/PublicSite/Crossing/Crossing.aspx?phasetype=C&rpttype=I&txtcrossingnum=790691N",
        "ACC_LINK": "https://safetydata.fra.dot.gov/OfficeofSafety/PublicSite/Crossing/Crossing.aspx?phasetype=C&rpttype=A&txtcrossingnum=790691N",
        "TTSTNNAM": "",
        "XPURPOSE": "1",
        "OPERATINGR": "UP",
        "OPERATIN_1": "Primary",
        "DAYTHRU": 3,
        "NGHTTHRU": 2,
        "MAINTRK": 1,
        "SIDINGTRK": 0,
        "YARDTRK": 0,
        "TRANSITTRK": 0,
        "INDUSTRYTR": 0,
        "OTHRTRK": 0,
        "WDCODE": "All other Gates",
        "REVISIONDA": "1975/01/01 00:00:00",
        "LASTUPDATE": "9/1/2025",
        "AADT": "429",
        "AADTYEAR": "2019",
        "STATENAME": "TEXAS",
        "STATEAB": "TX",
        "COUNTYNAME": "NAVARRO",
        "CITYNAME": "CORSICANA",
        "LATDD": 32.09549,
        "LONGDD": -96.451771,
        "gridlyProductionCertified": true,
        "gridlyClassification": "PUBLIC_ROADWAY",
        "gridlyDisplayName": "BENTON STREET",
        "gridlyId": "FRA-790691N"
      }
    },
    {
      "type": "Feature",
      "id": 206828,
      "geometry": {
        "type": "Point",
        "coordinates": [
          -96.4558584995684,
          32.0942501003487
        ]
      },
      "properties": {
        "OBJECTID": 206828,
        "CROSSING": "790692V",
        "EFFDATE": 1756684800000,
        "REASON": "14",
        "StateCode": "48",
        "CountyCode": "48349",
        "STCYFIPS": "48349",
        "CITYCD": "483491570",
        "RAILROAD": "UP",
        "RRDIV": "TEXOMA",
        "RRSUBDIV": "CORSICANA SUB",
        "HIGHWAY": "ST 0000",
        "STREET": "4th Street",
        "TTSTN": "667632",
        "MILEPOST": "0620.820",
        "TYPEXING": "Public",
        "POSXING": "At Grade",
        "PRVCAT": "14",
        "INIT": "1",
        "LATITUDE": 32.0942501,
        "LONGITUD": -96.4558585,
        "LLSOURCE": "1",
        "WHISTBAN": "0",
        "RRCONT": "4025443721",
        "POLCONT": "8008488715",
        "INV_LINK": "https://safetydata.fra.dot.gov/OfficeofSafety/PublicSite/Crossing/Crossing.aspx?phasetype=C&rpttype=I&txtcrossingnum=790692V",
        "ACC_LINK": "https://safetydata.fra.dot.gov/OfficeofSafety/PublicSite/Crossing/Crossing.aspx?phasetype=C&rpttype=A&txtcrossingnum=790692V",
        "TTSTNNAM": "",
        "XPURPOSE": "1",
        "OPERATINGR": "UP",
        "OPERATIN_1": "Primary",
        "DAYTHRU": 3,
        "NGHTTHRU": 2,
        "MAINTRK": 1,
        "SIDINGTRK": 0,
        "YARDTRK": 0,
        "TRANSITTRK": 0,
        "INDUSTRYTR": 0,
        "OTHRTRK": 0,
        "WDCODE": "Crossbucks",
        "REVISIONDA": "1975/01/01 00:00:00",
        "LASTUPDATE": "9/1/2025",
        "AADT": "222",
        "AADTYEAR": "2019",
        "STATENAME": "TEXAS",
        "STATEAB": "TX",
        "COUNTYNAME": "NAVARRO",
        "CITYNAME": "CORSICANA",
        "LATDD": 32.0942501,
        "LONGDD": -96.4558585,
        "gridlyProductionCertified": true,
        "gridlyClassification": "PUBLIC_ROADWAY",
        "gridlyDisplayName": "4th Street",
        "gridlyId": "FRA-790692V"
      }
    },
    {
      "type": "Feature",
      "id": 206842,
      "geometry": {
        "type": "Point",
        "coordinates": [
          -96.3376794995905,
          32.1154981997215
        ]
      },
      "properties": {
        "OBJECTID": 206842,
        "CROSSING": "790679G",
        "EFFDATE": 1756684800000,
        "REASON": "14",
        "StateCode": "48",
        "CountyCode": "48349",
        "STCYFIPS": "48349",
        "CITYCD": "483495508",
        "RAILROAD": "UP",
        "RRDIV": "TEXOMA",
        "RRSUBDIV": "CORSICANA SUB",
        "HIGHWAY": "CO 5032",
        "STREET": "CR 80",
        "TTSTN": "667626",
        "MILEPOST": "0613.750",
        "TYPEXING": "Public",
        "POSXING": "At Grade",
        "PRVCAT": "14",
        "INIT": "1",
        "LATITUDE": 32.1154982,
        "LONGITUD": -96.3376795,
        "LLSOURCE": "1",
        "WHISTBAN": "0",
        "RRCONT": "4025443721",
        "POLCONT": "8008488715",
        "INV_LINK": "https://safetydata.fra.dot.gov/OfficeofSafety/PublicSite/Crossing/Crossing.aspx?phasetype=C&rpttype=I&txtcrossingnum=790679G",
        "ACC_LINK": "https://safetydata.fra.dot.gov/OfficeofSafety/PublicSite/Crossing/Crossing.aspx?phasetype=C&rpttype=A&txtcrossingnum=790679G",
        "TTSTNNAM": "",
        "XPURPOSE": "1",
        "OPERATINGR": "UP",
        "OPERATIN_1": "Primary",
        "DAYTHRU": 3,
        "NGHTTHRU": 2,
        "MAINTRK": 1,
        "SIDINGTRK": 0,
        "YARDTRK": 0,
        "TRANSITTRK": 0,
        "INDUSTRYTR": 0,
        "OTHRTRK": 0,
        "WDCODE": "All other Gates",
        "REVISIONDA": "1975/01/01 00:00:00",
        "LASTUPDATE": "9/1/2025",
        "AADT": "28",
        "AADTYEAR": "2019",
        "STATENAME": "TEXAS",
        "STATEAB": "TX",
        "COUNTYNAME": "NAVARRO",
        "CITYNAME": "POWELL",
        "LATDD": 32.1154982,
        "LONGDD": -96.3376795,
        "gridlyProductionCertified": true,
        "gridlyClassification": "PUBLIC_ROADWAY",
        "gridlyDisplayName": "CR 80",
        "gridlyId": "FRA-790679G"
      }
    },
    {
      "type": "Feature",
      "id": 206844,
      "geometry": {
        "type": "Point",
        "coordinates": [
          -96.4539915003707,
          32.0951116002839
        ]
      },
      "properties": {
        "OBJECTID": 206844,
        "CROSSING": "790694J",
        "EFFDATE": 1756684800000,
        "REASON": "14",
        "StateCode": "48",
        "CountyCode": "48349",
        "STCYFIPS": "48349",
        "CITYCD": "483491570",
        "RAILROAD": "UP",
        "RRDIV": "TEXOMA",
        "RRSUBDIV": "CORSICANA SUB",
        "HIGHWAY": "TBD",
        "STREET": "2ND STREET",
        "TTSTN": "667632",
        "MILEPOST": "0620.700",
        "TYPEXING": "Public",
        "POSXING": "At Grade",
        "PRVCAT": "14",
        "INIT": "1",
        "LATITUDE": 32.0951116,
        "LONGITUD": -96.4539915,
        "LLSOURCE": "1",
        "WHISTBAN": "0",
        "RRCONT": "4025443721",
        "POLCONT": "8008488715",
        "INV_LINK": "https://safetydata.fra.dot.gov/OfficeofSafety/PublicSite/Crossing/Crossing.aspx?phasetype=C&rpttype=I&txtcrossingnum=790694J",
        "ACC_LINK": "https://safetydata.fra.dot.gov/OfficeofSafety/PublicSite/Crossing/Crossing.aspx?phasetype=C&rpttype=A&txtcrossingnum=790694J",
        "TTSTNNAM": "",
        "XPURPOSE": "1",
        "OPERATINGR": "UP",
        "OPERATIN_1": "Primary",
        "DAYTHRU": 3,
        "NGHTTHRU": 2,
        "MAINTRK": 1,
        "SIDINGTRK": 0,
        "YARDTRK": 0,
        "TRANSITTRK": 0,
        "INDUSTRYTR": 0,
        "OTHRTRK": 0,
        "WDCODE": "Flashing lights",
        "REVISIONDA": "1975/01/01 00:00:00",
        "LASTUPDATE": "9/1/2025",
        "AADT": "493",
        "AADTYEAR": "2019",
        "STATENAME": "TEXAS",
        "STATEAB": "TX",
        "COUNTYNAME": "NAVARRO",
        "CITYNAME": "CORSICANA",
        "LATDD": 32.0951116,
        "LONGDD": -96.4539915,
        "gridlyProductionCertified": true,
        "gridlyClassification": "PUBLIC_ROADWAY",
        "gridlyDisplayName": "2ND STREET",
        "gridlyId": "FRA-790694J"
      }
    },
    {
      "type": "Feature",
      "id": 206849,
      "geometry": {
        "type": "Point",
        "coordinates": [
          -96.1173205999477,
          32.1476762001578
        ]
      },
      "properties": {
        "OBJECTID": 206849,
        "CROSSING": "790640D",
        "EFFDATE": 1756684800000,
        "REASON": "14",
        "StateCode": "48",
        "CountyCode": "48349",
        "STCYFIPS": "48349",
        "CITYCD": "482137019",
        "RAILROAD": "UP",
        "RRDIV": "TEXOMA",
        "RRSUBDIV": "CORSICANA SUB",
        "HIGHWAY": "PRIVATE",
        "STREET": "PRIVATE",
        "TTSTN": "666597",
        "MILEPOST": "0600.450",
        "TYPEXING": "Private",
        "POSXING": "At Grade",
        "PRVCAT": "14",
        "INIT": "1",
        "LATITUDE": 32.1476762,
        "LONGITUD": -96.1173206,
        "LLSOURCE": "1",
        "WHISTBAN": "0",
        "RRCONT": "4025443721",
        "POLCONT": "8008488715",
        "INV_LINK": "https://safetydata.fra.dot.gov/OfficeofSafety/PublicSite/Crossing/Crossing.aspx?phasetype=C&rpttype=I&txtcrossingnum=790640D",
        "ACC_LINK": "https://safetydata.fra.dot.gov/OfficeofSafety/PublicSite/Crossing/Crossing.aspx?phasetype=C&rpttype=A&txtcrossingnum=790640D",
        "TTSTNNAM": "",
        "XPURPOSE": "1",
        "OPERATINGR": "UP",
        "OPERATIN_1": "Primary",
        "DAYTHRU": 3,
        "NGHTTHRU": 2,
        "MAINTRK": 1,
        "SIDINGTRK": 0,
        "YARDTRK": 0,
        "TRANSITTRK": 0,
        "INDUSTRYTR": 0,
        "OTHRTRK": 0,
        "WDCODE": "",
        "REVISIONDA": "1975/01/01 00:00:00",
        "LASTUPDATE": "9/1/2025",
        "AADT": "1",
        "AADTYEAR": "1970",
        "STATENAME": "TEXAS",
        "STATEAB": "TX",
        "COUNTYNAME": "NAVARRO",
        "CITYNAME": "TRINIDAD",
        "LATDD": 32.1476762,
        "LONGDD": -96.1173206,
        "gridlyProductionCertified": true,
        "gridlyClassification": "PUBLIC_ROADWAY",
        "gridlyDisplayName": "PRIVATE",
        "gridlyId": "FRA-790640D"
      }
    },
    {
      "type": "Feature",
      "id": 206857,
      "geometry": {
        "type": "Point",
        "coordinates": [
          -96.2827334999599,
          32.1237529003635
        ]
      },
      "properties": {
        "OBJECTID": 206857,
        "CROSSING": "790650J",
        "EFFDATE": 1756684800000,
        "REASON": "14",
        "StateCode": "48",
        "CountyCode": "48349",
        "STCYFIPS": "48349",
        "CITYCD": "483493650",
        "RAILROAD": "UP",
        "RRDIV": "TEXOMA",
        "RRSUBDIV": "CORSICANA SUB",
        "HIGHWAY": "PRIVATE",
        "STREET": "PRIVATE",
        "TTSTN": "667624",
        "MILEPOST": "0610.510",
        "TYPEXING": "Private",
        "POSXING": "At Grade",
        "PRVCAT": "14",
        "INIT": "1",
        "LATITUDE": 32.1237529,
        "LONGITUD": -96.2827335,
        "LLSOURCE": "1",
        "WHISTBAN": "0",
        "RRCONT": "4025443721",
        "POLCONT": "8008488715",
        "INV_LINK": "https://safetydata.fra.dot.gov/OfficeofSafety/PublicSite/Crossing/Crossing.aspx?phasetype=C&rpttype=I&txtcrossingnum=790650J",
        "ACC_LINK": "https://safetydata.fra.dot.gov/OfficeofSafety/PublicSite/Crossing/Crossing.aspx?phasetype=C&rpttype=A&txtcrossingnum=790650J",
        "TTSTNNAM": "",
        "XPURPOSE": "1",
        "OPERATINGR": "UP",
        "OPERATIN_1": "Primary",
        "DAYTHRU": 3,
        "NGHTTHRU": 2,
        "MAINTRK": 1,
        "SIDINGTRK": 0,
        "YARDTRK": 0,
        "TRANSITTRK": 0,
        "INDUSTRYTR": 0,
        "OTHRTRK": 0,
        "WDCODE": "",
        "REVISIONDA": "1975/01/01 00:00:00",
        "LASTUPDATE": "9/1/2025",
        "AADT": "1",
        "AADTYEAR": "1970",
        "STATENAME": "TEXAS",
        "STATEAB": "TX",
        "COUNTYNAME": "NAVARRO",
        "CITYNAME": "KERENS",
        "LATDD": 32.1237529,
        "LONGDD": -96.2827335,
        "gridlyProductionCertified": true,
        "gridlyClassification": "PUBLIC_ROADWAY",
        "gridlyDisplayName": "PRIVATE",
        "gridlyId": "FRA-790650J"
      }
    },
    {
      "type": "Feature",
      "id": 206860,
      "geometry": {
        "type": "Point",
        "coordinates": [
          -96.4549371002764,
          32.0947014001969
        ]
      },
      "properties": {
        "OBJECTID": 206860,
        "CROSSING": "790695R",
        "EFFDATE": 1756684800000,
        "REASON": "14",
        "StateCode": "48",
        "CountyCode": "48349",
        "STCYFIPS": "48349",
        "CITYCD": "483491570",
        "RAILROAD": "UP",
        "RRDIV": "TEXOMA",
        "RRSUBDIV": "CORSICANA SUB",
        "HIGHWAY": "ST 0000",
        "STREET": "THIRD STREET",
        "TTSTN": "667632",
        "MILEPOST": "0620.760",
        "TYPEXING": "Public",
        "POSXING": "At Grade",
        "PRVCAT": "14",
        "INIT": "1",
        "LATITUDE": 32.0947014,
        "LONGITUD": -96.4549371,
        "LLSOURCE": "1",
        "WHISTBAN": "0",
        "RRCONT": "4025443721",
        "POLCONT": "8008488715",
        "INV_LINK": "https://safetydata.fra.dot.gov/OfficeofSafety/PublicSite/Crossing/Crossing.aspx?phasetype=C&rpttype=I&txtcrossingnum=790695R",
        "ACC_LINK": "https://safetydata.fra.dot.gov/OfficeofSafety/PublicSite/Crossing/Crossing.aspx?phasetype=C&rpttype=A&txtcrossingnum=790695R",
        "TTSTNNAM": "",
        "XPURPOSE": "1",
        "OPERATINGR": "UP",
        "OPERATIN_1": "Primary",
        "DAYTHRU": 3,
        "NGHTTHRU": 2,
        "MAINTRK": 1,
        "SIDINGTRK": 0,
        "YARDTRK": 0,
        "TRANSITTRK": 0,
        "INDUSTRYTR": 0,
        "OTHRTRK": 0,
        "WDCODE": "All other Gates",
        "REVISIONDA": "1975/01/01 00:00:00",
        "LASTUPDATE": "9/1/2025",
        "AADT": "376",
        "AADTYEAR": "2019",
        "STATENAME": "TEXAS",
        "STATEAB": "TX",
        "COUNTYNAME": "NAVARRO",
        "CITYNAME": "CORSICANA",
        "LATDD": 32.0947014,
        "LONGDD": -96.4549371,
        "gridlyProductionCertified": true,
        "gridlyClassification": "PUBLIC_ROADWAY",
        "gridlyDisplayName": "THIRD STREET",
        "gridlyId": "FRA-790695R"
      }
    },
    {
      "type": "Feature",
      "id": 206876,
      "geometry": {
        "type": "Point",
        "coordinates": [
          -96.4567836996323,
          32.0937959002527
        ]
      },
      "properties": {
        "OBJECTID": 206876,
        "CROSSING": "790723S",
        "EFFDATE": 1756684800000,
        "REASON": "14",
        "StateCode": "48",
        "CountyCode": "48349",
        "STCYFIPS": "48349",
        "CITYCD": "483491570",
        "RAILROAD": "UP",
        "RRDIV": "TEXOMA",
        "RRSUBDIV": "CORSICANA SUB",
        "HIGHWAY": "ST 2000",
        "STREET": "5th Street",
        "TTSTN": "667632",
        "MILEPOST": "0620.870",
        "TYPEXING": "Public",
        "POSXING": "At Grade",
        "PRVCAT": "14",
        "INIT": "1",
        "LATITUDE": 32.0937959,
        "LONGITUD": -96.4567837,
        "LLSOURCE": "1",
        "WHISTBAN": "0",
        "RRCONT": "4025443721",
        "POLCONT": "8008488715",
        "INV_LINK": "https://safetydata.fra.dot.gov/OfficeofSafety/PublicSite/Crossing/Crossing.aspx?phasetype=C&rpttype=I&txtcrossingnum=790723S",
        "ACC_LINK": "https://safetydata.fra.dot.gov/OfficeofSafety/PublicSite/Crossing/Crossing.aspx?phasetype=C&rpttype=A&txtcrossingnum=790723S",
        "TTSTNNAM": "",
        "XPURPOSE": "1",
        "OPERATINGR": "UP",
        "OPERATIN_1": "Primary",
        "DAYTHRU": 3,
        "NGHTTHRU": 2,
        "MAINTRK": 1,
        "SIDINGTRK": 0,
        "YARDTRK": 0,
        "TRANSITTRK": 0,
        "INDUSTRYTR": 0,
        "OTHRTRK": 0,
        "WDCODE": "Crossbucks",
        "REVISIONDA": "1975/01/01 00:00:00",
        "LASTUPDATE": "9/1/2025",
        "AADT": "490",
        "AADTYEAR": "2019",
        "STATENAME": "TEXAS",
        "STATEAB": "TX",
        "COUNTYNAME": "NAVARRO",
        "CITYNAME": "CORSICANA",
        "LATDD": 32.0937959,
        "LONGDD": -96.4567837,
        "gridlyProductionCertified": true,
        "gridlyClassification": "PUBLIC_ROADWAY",
        "gridlyDisplayName": "5th Street",
        "gridlyId": "FRA-790723S"
      }
    },
    {
      "type": "Feature",
      "id": 208501,
      "geometry": {
        "type": "Point",
        "coordinates": [
          -96.4512329996103,
          32.0954800002637
        ]
      },
      "properties": {
        "OBJECTID": 208501,
        "CROSSING": "790690G",
        "EFFDATE": 1756425600000,
        "REASON": "14",
        "StateCode": "48",
        "CountyCode": "48349",
        "STCYFIPS": "48349",
        "CITYCD": "483491570",
        "RAILROAD": "UP",
        "RRDIV": "TEXOMA",
        "RRSUBDIV": "CORSICANA SUB",
        "HIGHWAY": "ST 0000",
        "STREET": "East 9th Avenue",
        "TTSTN": "667632",
        "MILEPOST": "0620.550",
        "TYPEXING": "Public",
        "POSXING": "At Grade",
        "PRVCAT": "14",
        "INIT": "1",
        "LATITUDE": 32.09548,
        "LONGITUD": -96.451233,
        "LLSOURCE": "1",
        "WHISTBAN": "0",
        "RRCONT": "4025443721",
        "POLCONT": "8008488715",
        "INV_LINK": "https://safetydata.fra.dot.gov/OfficeofSafety/PublicSite/Crossing/Crossing.aspx?phasetype=C&rpttype=I&txtcrossingnum=790690G",
        "ACC_LINK": "https://safetydata.fra.dot.gov/OfficeofSafety/PublicSite/Crossing/Crossing.aspx?phasetype=C&rpttype=A&txtcrossingnum=790690G",
        "TTSTNNAM": "",
        "XPURPOSE": "1",
        "OPERATINGR": "UP",
        "OPERATIN_1": "Primary",
        "DAYTHRU": 3,
        "NGHTTHRU": 2,
        "MAINTRK": 1,
        "SIDINGTRK": 0,
        "YARDTRK": 0,
        "TRANSITTRK": 0,
        "INDUSTRYTR": 0,
        "OTHRTRK": 0,
        "WDCODE": "All other Gates",
        "REVISIONDA": "1975/01/01 00:00:00",
        "LASTUPDATE": "8/29/2025",
        "AADT": "79",
        "AADTYEAR": "2019",
        "STATENAME": "TEXAS",
        "STATEAB": "TX",
        "COUNTYNAME": "NAVARRO",
        "CITYNAME": "CORSICANA",
        "LATDD": 32.09548,
        "LONGDD": -96.451233,
        "gridlyProductionCertified": true,
        "gridlyClassification": "PUBLIC_ROADWAY",
        "gridlyDisplayName": "East 9th Avenue",
        "gridlyId": "FRA-790690G"
      }
    },
    {
      "type": "Feature",
      "id": 208505,
      "geometry": {
        "type": "Point",
        "coordinates": [
          -96.4586609000984,
          32.0928775997422
        ]
      },
      "properties": {
        "OBJECTID": 208505,
        "CROSSING": "412481J",
        "EFFDATE": 1756425600000,
        "REASON": "14",
        "StateCode": "48",
        "CountyCode": "48349",
        "STCYFIPS": "48349",
        "CITYCD": "483491570",
        "RAILROAD": "UP",
        "RRDIV": "TEXOMA",
        "RRSUBDIV": "CORSICANA SUB",
        "HIGHWAY": "IH 0045",
        "STREET": "I 45 BUSINESS",
        "TTSTN": "667632",
        "MILEPOST": "0620.990",
        "TYPEXING": "Public",
        "POSXING": "RR Under",
        "PRVCAT": "14",
        "INIT": "1",
        "LATITUDE": 32.0928776,
        "LONGITUD": -96.4586609,
        "LLSOURCE": "1",
        "WHISTBAN": "0",
        "RRCONT": "4025443721",
        "POLCONT": "8008488715",
        "INV_LINK": "https://safetydata.fra.dot.gov/OfficeofSafety/PublicSite/Crossing/Crossing.aspx?phasetype=C&rpttype=I&txtcrossingnum=412481J",
        "ACC_LINK": "https://safetydata.fra.dot.gov/OfficeofSafety/PublicSite/Crossing/Crossing.aspx?phasetype=C&rpttype=A&txtcrossingnum=412481J",
        "TTSTNNAM": "",
        "XPURPOSE": "1",
        "OPERATINGR": "UP",
        "OPERATIN_1": "Primary",
        "DAYTHRU": 4,
        "NGHTTHRU": 3,
        "MAINTRK": 1,
        "SIDINGTRK": 0,
        "YARDTRK": 1,
        "TRANSITTRK": 0,
        "INDUSTRYTR": 0,
        "OTHRTRK": 0,
        "WDCODE": "",
        "REVISIONDA": "1975/01/01 00:00:00",
        "LASTUPDATE": "8/29/2025",
        "AADT": "1",
        "AADTYEAR": "",
        "STATENAME": "TEXAS",
        "STATEAB": "TX",
        "COUNTYNAME": "NAVARRO",
        "CITYNAME": "CORSICANA",
        "LATDD": 32.0928776,
        "LONGDD": -96.4586609,
        "gridlyProductionCertified": true,
        "gridlyClassification": "PUBLIC_ROADWAY",
        "gridlyDisplayName": "I 45 BUSINESS",
        "gridlyId": "FRA-412481J"
      }
    },
    {
      "type": "Feature",
      "id": 208506,
      "geometry": {
        "type": "Point",
        "coordinates": [
          -96.4402485000291,
          32.0950848000836
        ]
      },
      "properties": {
        "OBJECTID": 208506,
        "CROSSING": "790686S",
        "EFFDATE": 1756425600000,
        "REASON": "14",
        "StateCode": "48",
        "CountyCode": "48349",
        "STCYFIPS": "48349",
        "CITYCD": "483491570",
        "RAILROAD": "UP",
        "RRDIV": "TEXOMA",
        "RRSUBDIV": "CORSICANA SUB",
        "HIGHWAY": "IH 0045",
        "STREET": "I 45",
        "TTSTN": "667627",
        "MILEPOST": "0619.960",
        "TYPEXING": "Public",
        "POSXING": "RR Under",
        "PRVCAT": "14",
        "INIT": "1",
        "LATITUDE": 32.0950848,
        "LONGITUD": -96.4402485,
        "LLSOURCE": "1",
        "WHISTBAN": "0",
        "RRCONT": "4025443721",
        "POLCONT": "8008488715",
        "INV_LINK": "https://safetydata.fra.dot.gov/OfficeofSafety/PublicSite/Crossing/Crossing.aspx?phasetype=C&rpttype=I&txtcrossingnum=790686S",
        "ACC_LINK": "https://safetydata.fra.dot.gov/OfficeofSafety/PublicSite/Crossing/Crossing.aspx?phasetype=C&rpttype=A&txtcrossingnum=790686S",
        "TTSTNNAM": "",
        "XPURPOSE": "1",
        "OPERATINGR": "UP",
        "OPERATIN_1": "Primary",
        "DAYTHRU": 4,
        "NGHTTHRU": 3,
        "MAINTRK": 1,
        "SIDINGTRK": 0,
        "YARDTRK": 0,
        "TRANSITTRK": 0,
        "INDUSTRYTR": 0,
        "OTHRTRK": 0,
        "WDCODE": "",
        "REVISIONDA": "1975/01/01 00:00:00",
        "LASTUPDATE": "8/29/2025",
        "AADT": "27520",
        "AADTYEAR": "2011",
        "STATENAME": "TEXAS",
        "STATEAB": "TX",
        "COUNTYNAME": "NAVARRO",
        "CITYNAME": "CORSICANA",
        "LATDD": 32.0950848,
        "LONGDD": -96.4402485,
        "gridlyProductionCertified": true,
        "gridlyClassification": "PUBLIC_ROADWAY",
        "gridlyDisplayName": "I 45",
        "gridlyId": "FRA-790686S"
      }
    },
    {
      "type": "Feature",
      "id": 208507,
      "geometry": {
        "type": "Point",
        "coordinates": [
          -96.4077724001634,
          32.0982065999133
        ]
      },
      "properties": {
        "OBJECTID": 208507,
        "CROSSING": "790684D",
        "EFFDATE": 1756425600000,
        "REASON": "14",
        "StateCode": "48",
        "CountyCode": "48349",
        "STCYFIPS": "48349",
        "CITYCD": "483491570",
        "RAILROAD": "UP",
        "RRDIV": "TEXOMA",
        "RRSUBDIV": "CORSICANA SUB",
        "HIGHWAY": "CO 5015",
        "STREET": "CR 0040",
        "TTSTN": "667627",
        "MILEPOST": "0618.040",
        "TYPEXING": "Public",
        "POSXING": "At Grade",
        "PRVCAT": "14",
        "INIT": "1",
        "LATITUDE": 32.0982066,
        "LONGITUD": -96.4077724,
        "LLSOURCE": "1",
        "WHISTBAN": "0",
        "RRCONT": "4025443721",
        "POLCONT": "8008488715",
        "INV_LINK": "https://safetydata.fra.dot.gov/OfficeofSafety/PublicSite/Crossing/Crossing.aspx?phasetype=C&rpttype=I&txtcrossingnum=790684D",
        "ACC_LINK": "https://safetydata.fra.dot.gov/OfficeofSafety/PublicSite/Crossing/Crossing.aspx?phasetype=C&rpttype=A&txtcrossingnum=790684D",
        "TTSTNNAM": "",
        "XPURPOSE": "1",
        "OPERATINGR": "UP",
        "OPERATIN_1": "Primary",
        "DAYTHRU": 3,
        "NGHTTHRU": 2,
        "MAINTRK": 1,
        "SIDINGTRK": 0,
        "YARDTRK": 0,
        "TRANSITTRK": 0,
        "INDUSTRYTR": 0,
        "OTHRTRK": 0,
        "WDCODE": "Crossbucks",
        "REVISIONDA": "1975/01/01 00:00:00",
        "LASTUPDATE": "8/29/2025",
        "AADT": "94",
        "AADTYEAR": "2019",
        "STATENAME": "TEXAS",
        "STATEAB": "TX",
        "COUNTYNAME": "NAVARRO",
        "CITYNAME": "CORSICANA",
        "LATDD": 32.0982066,
        "LONGDD": -96.4077724,
        "gridlyProductionCertified": true,
        "gridlyClassification": "PUBLIC_ROADWAY",
        "gridlyDisplayName": "CR 0040",
        "gridlyId": "FRA-790684D"
      }
    },
    {
      "type": "Feature",
      "id": 208518,
      "geometry": {
        "type": "Point",
        "coordinates": [
          -96.2998933996899,
          32.1212248001648
        ]
      },
      "properties": {
        "OBJECTID": 208518,
        "CROSSING": "920056J",
        "EFFDATE": 1756425600000,
        "REASON": "14",
        "StateCode": "48",
        "CountyCode": "48349",
        "STCYFIPS": "48349",
        "CITYCD": "483495508",
        "RAILROAD": "UP",
        "RRDIV": "TEXOMA",
        "RRSUBDIV": "CORSICANA SUB",
        "HIGHWAY": "PRIVATE",
        "STREET": "PRIVATE",
        "TTSTN": "667624",
        "MILEPOST": "0611.520",
        "TYPEXING": "Private",
        "POSXING": "At Grade",
        "PRVCAT": "14",
        "INIT": "1",
        "LATITUDE": 32.1212248,
        "LONGITUD": -96.2998934,
        "LLSOURCE": "1",
        "WHISTBAN": "0",
        "RRCONT": "4025443721",
        "POLCONT": "8008488715",
        "INV_LINK": "https://safetydata.fra.dot.gov/OfficeofSafety/PublicSite/Crossing/Crossing.aspx?phasetype=C&rpttype=I&txtcrossingnum=920056J",
        "ACC_LINK": "https://safetydata.fra.dot.gov/OfficeofSafety/PublicSite/Crossing/Crossing.aspx?phasetype=C&rpttype=A&txtcrossingnum=920056J",
        "TTSTNNAM": "",
        "XPURPOSE": "1",
        "OPERATINGR": "UP",
        "OPERATIN_1": "Primary",
        "DAYTHRU": 3,
        "NGHTTHRU": 2,
        "MAINTRK": 1,
        "SIDINGTRK": 0,
        "YARDTRK": 0,
        "TRANSITTRK": 0,
        "INDUSTRYTR": 0,
        "OTHRTRK": 0,
        "WDCODE": "",
        "REVISIONDA": "1975/01/01 00:00:00",
        "LASTUPDATE": "8/29/2025",
        "AADT": "1",
        "AADTYEAR": "",
        "STATENAME": "TEXAS",
        "STATEAB": "TX",
        "COUNTYNAME": "NAVARRO",
        "CITYNAME": "POWELL",
        "LATDD": 32.1212248,
        "LONGDD": -96.2998934,
        "gridlyProductionCertified": true,
        "gridlyClassification": "PUBLIC_ROADWAY",
        "gridlyDisplayName": "PRIVATE",
        "gridlyId": "FRA-920056J"
      }
    },
    {
      "type": "Feature",
      "id": 208528,
      "geometry": {
        "type": "Point",
        "coordinates": [
          -96.2277238996072,
          32.1318521999482
        ]
      },
      "properties": {
        "OBJECTID": 208528,
        "CROSSING": "790630X",
        "EFFDATE": 1756425600000,
        "REASON": "14",
        "StateCode": "48",
        "CountyCode": "48349",
        "STCYFIPS": "48349",
        "CITYCD": "483493650",
        "RAILROAD": "UP",
        "RRDIV": "TEXOMA",
        "RRSUBDIV": "CORSICANA SUB",
        "HIGHWAY": "ST 0000",
        "STREET": "COLKET STREET",
        "TTSTN": "667624",
        "MILEPOST": "0607.210",
        "TYPEXING": "Public",
        "POSXING": "At Grade",
        "PRVCAT": "14",
        "INIT": "1",
        "LATITUDE": 32.1318522,
        "LONGITUD": -96.2277239,
        "LLSOURCE": "1",
        "WHISTBAN": "0",
        "RRCONT": "4025443721",
        "POLCONT": "8008488715",
        "INV_LINK": "https://safetydata.fra.dot.gov/OfficeofSafety/PublicSite/Crossing/Crossing.aspx?phasetype=C&rpttype=I&txtcrossingnum=790630X",
        "ACC_LINK": "https://safetydata.fra.dot.gov/OfficeofSafety/PublicSite/Crossing/Crossing.aspx?phasetype=C&rpttype=A&txtcrossingnum=790630X",
        "TTSTNNAM": "",
        "XPURPOSE": "1",
        "OPERATINGR": "UP",
        "OPERATIN_1": "Primary",
        "DAYTHRU": 3,
        "NGHTTHRU": 2,
        "MAINTRK": 1,
        "SIDINGTRK": 0,
        "YARDTRK": 0,
        "TRANSITTRK": 0,
        "INDUSTRYTR": 0,
        "OTHRTRK": 1,
        "WDCODE": "All other Gates",
        "REVISIONDA": "1975/01/01 00:00:00",
        "LASTUPDATE": "8/29/2025",
        "AADT": "24",
        "AADTYEAR": "2019",
        "STATENAME": "TEXAS",
        "STATEAB": "TX",
        "COUNTYNAME": "NAVARRO",
        "CITYNAME": "KERENS",
        "LATDD": 32.1318522,
        "LONGDD": -96.2277239,
        "gridlyProductionCertified": true,
        "gridlyClassification": "PUBLIC_ROADWAY",
        "gridlyDisplayName": "COLKET STREET",
        "gridlyId": "FRA-790630X"
      }
    },
    {
      "type": "Feature",
      "id": 208673,
      "geometry": {
        "type": "Point",
        "coordinates": [
          -96.2289897004027,
          32.1316624997344
        ]
      },
      "properties": {
        "OBJECTID": 208673,
        "CROSSING": "790631E",
        "EFFDATE": 1756425600000,
        "REASON": "14",
        "StateCode": "48",
        "CountyCode": "48349",
        "STCYFIPS": "48349",
        "CITYCD": "483493650",
        "RAILROAD": "UP",
        "RRDIV": "TEXOMA",
        "RRSUBDIV": "CORSICANA SUB",
        "HIGHWAY": "ST 0000",
        "STREET": "Humphrey Avenue",
        "TTSTN": "667624",
        "MILEPOST": "0607.280",
        "TYPEXING": "Public",
        "POSXING": "At Grade",
        "PRVCAT": "14",
        "INIT": "1",
        "LATITUDE": 32.1316625,
        "LONGITUD": -96.2289897,
        "LLSOURCE": "1",
        "WHISTBAN": "0",
        "RRCONT": "4025443721",
        "POLCONT": "8008488715",
        "INV_LINK": "https://safetydata.fra.dot.gov/OfficeofSafety/PublicSite/Crossing/Crossing.aspx?phasetype=C&rpttype=I&txtcrossingnum=790631E",
        "ACC_LINK": "https://safetydata.fra.dot.gov/OfficeofSafety/PublicSite/Crossing/Crossing.aspx?phasetype=C&rpttype=A&txtcrossingnum=790631E",
        "TTSTNNAM": "",
        "XPURPOSE": "1",
        "OPERATINGR": "UP",
        "OPERATIN_1": "Primary",
        "DAYTHRU": 3,
        "NGHTTHRU": 2,
        "MAINTRK": 1,
        "SIDINGTRK": 0,
        "YARDTRK": 0,
        "TRANSITTRK": 0,
        "INDUSTRYTR": 0,
        "OTHRTRK": 0,
        "WDCODE": "All other Gates",
        "REVISIONDA": "1975/01/01 00:00:00",
        "LASTUPDATE": "8/29/2025",
        "AADT": "24",
        "AADTYEAR": "2019",
        "STATENAME": "TEXAS",
        "STATEAB": "TX",
        "COUNTYNAME": "NAVARRO",
        "CITYNAME": "KERENS",
        "LATDD": 32.1316625,
        "LONGDD": -96.2289897,
        "gridlyProductionCertified": true,
        "gridlyClassification": "PUBLIC_ROADWAY",
        "gridlyDisplayName": "Humphrey Avenue",
        "gridlyId": "FRA-790631E"
      }
    },
    {
      "type": "Feature",
      "id": 208674,
      "geometry": {
        "type": "Point",
        "coordinates": [
          -96.2264673002552,
          32.1320291996215
        ]
      },
      "properties": {
        "OBJECTID": 208674,
        "CROSSING": "790629D",
        "EFFDATE": 1756425600000,
        "REASON": "14",
        "StateCode": "48",
        "CountyCode": "48349",
        "STCYFIPS": "48349",
        "CITYCD": "483493650",
        "RAILROAD": "UP",
        "RRDIV": "TEXOMA",
        "RRSUBDIV": "CORSICANA SUB",
        "HIGHWAY": "SH 0309",
        "STREET": "TX 309/SENTER AVENUE",
        "TTSTN": "667624",
        "MILEPOST": "0607.130",
        "TYPEXING": "Public",
        "POSXING": "At Grade",
        "PRVCAT": "14",
        "INIT": "1",
        "LATITUDE": 32.1320292,
        "LONGITUD": -96.2264673,
        "LLSOURCE": "1",
        "WHISTBAN": "0",
        "RRCONT": "4025443721",
        "POLCONT": "8008488715",
        "INV_LINK": "https://safetydata.fra.dot.gov/OfficeofSafety/PublicSite/Crossing/Crossing.aspx?phasetype=C&rpttype=I&txtcrossingnum=790629D",
        "ACC_LINK": "https://safetydata.fra.dot.gov/OfficeofSafety/PublicSite/Crossing/Crossing.aspx?phasetype=C&rpttype=A&txtcrossingnum=790629D",
        "TTSTNNAM": "",
        "XPURPOSE": "1",
        "OPERATINGR": "UP",
        "OPERATIN_1": "Primary",
        "DAYTHRU": 3,
        "NGHTTHRU": 2,
        "MAINTRK": 1,
        "SIDINGTRK": 0,
        "YARDTRK": 0,
        "TRANSITTRK": 0,
        "INDUSTRYTR": 0,
        "OTHRTRK": 1,
        "WDCODE": "All other Gates",
        "REVISIONDA": "1975/01/01 00:00:00",
        "LASTUPDATE": "8/29/2025",
        "AADT": "2350",
        "AADTYEAR": "2019",
        "STATENAME": "TEXAS",
        "STATEAB": "TX",
        "COUNTYNAME": "NAVARRO",
        "CITYNAME": "KERENS",
        "LATDD": 32.1320292,
        "LONGDD": -96.2264673,
        "gridlyProductionCertified": true,
        "gridlyClassification": "PUBLIC_ROADWAY",
        "gridlyDisplayName": "TX 309/SENTER AVENUE",
        "gridlyId": "FRA-790629D"
      }
    },
    {
      "type": "Feature",
      "id": 208675,
      "geometry": {
        "type": "Point",
        "coordinates": [
          -96.2240506003756,
          32.1323845999312
        ]
      },
      "properties": {
        "OBJECTID": 208675,
        "CROSSING": "790628W",
        "EFFDATE": 1756425600000,
        "REASON": "14",
        "StateCode": "48",
        "CountyCode": "48349",
        "STCYFIPS": "48349",
        "CITYCD": "483493650",
        "RAILROAD": "UP",
        "RRDIV": "TEXOMA",
        "RRSUBDIV": "CORSICANA SUB",
        "HIGHWAY": "ST 0000",
        "STREET": "DONALDSON STREET",
        "TTSTN": "667624",
        "MILEPOST": "0606.990",
        "TYPEXING": "Public",
        "POSXING": "At Grade",
        "PRVCAT": "14",
        "INIT": "1",
        "LATITUDE": 32.1323846,
        "LONGITUD": -96.2240506,
        "LLSOURCE": "1",
        "WHISTBAN": "0",
        "RRCONT": "4025443721",
        "POLCONT": "8008488715",
        "INV_LINK": "https://safetydata.fra.dot.gov/OfficeofSafety/PublicSite/Crossing/Crossing.aspx?phasetype=C&rpttype=I&txtcrossingnum=790628W",
        "ACC_LINK": "https://safetydata.fra.dot.gov/OfficeofSafety/PublicSite/Crossing/Crossing.aspx?phasetype=C&rpttype=A&txtcrossingnum=790628W",
        "TTSTNNAM": "",
        "XPURPOSE": "1",
        "OPERATINGR": "UP",
        "OPERATIN_1": "Primary",
        "DAYTHRU": 3,
        "NGHTTHRU": 2,
        "MAINTRK": 1,
        "SIDINGTRK": 0,
        "YARDTRK": 0,
        "TRANSITTRK": 0,
        "INDUSTRYTR": 0,
        "OTHRTRK": 0,
        "WDCODE": "All other Gates",
        "REVISIONDA": "1975/01/01 00:00:00",
        "LASTUPDATE": "8/29/2025",
        "AADT": "250",
        "AADTYEAR": "2019",
        "STATENAME": "TEXAS",
        "STATEAB": "TX",
        "COUNTYNAME": "NAVARRO",
        "CITYNAME": "KERENS",
        "LATDD": 32.1323846,
        "LONGDD": -96.2240506,
        "gridlyProductionCertified": true,
        "gridlyClassification": "PUBLIC_ROADWAY",
        "gridlyDisplayName": "DONALDSON STREET",
        "gridlyId": "FRA-790628W"
      }
    },
    {
      "type": "Feature",
      "id": 208682,
      "geometry": {
        "type": "Point",
        "coordinates": [
          -96.2313826003172,
          32.1313142002296
        ]
      },
      "properties": {
        "OBJECTID": 208682,
        "CROSSING": "790633T",
        "EFFDATE": 1756425600000,
        "REASON": "14",
        "StateCode": "48",
        "CountyCode": "48349",
        "STCYFIPS": "48349",
        "CITYCD": "483493650",
        "RAILROAD": "UP",
        "RRDIV": "TEXOMA",
        "RRSUBDIV": "CORSICANA SUB",
        "HIGHWAY": "ST 0000",
        "STREET": "BONNER AVENUE",
        "TTSTN": "667624",
        "MILEPOST": "0607.420",
        "TYPEXING": "Public",
        "POSXING": "At Grade",
        "PRVCAT": "14",
        "INIT": "1",
        "LATITUDE": 32.1313142,
        "LONGITUD": -96.2313826,
        "LLSOURCE": "1",
        "WHISTBAN": "0",
        "RRCONT": "4025443721",
        "POLCONT": "8008488715",
        "INV_LINK": "https://safetydata.fra.dot.gov/OfficeofSafety/PublicSite/Crossing/Crossing.aspx?phasetype=C&rpttype=I&txtcrossingnum=790633T",
        "ACC_LINK": "https://safetydata.fra.dot.gov/OfficeofSafety/PublicSite/Crossing/Crossing.aspx?phasetype=C&rpttype=A&txtcrossingnum=790633T",
        "TTSTNNAM": "",
        "XPURPOSE": "1",
        "OPERATINGR": "UP",
        "OPERATIN_1": "Primary",
        "DAYTHRU": 3,
        "NGHTTHRU": 2,
        "MAINTRK": 1,
        "SIDINGTRK": 0,
        "YARDTRK": 0,
        "TRANSITTRK": 0,
        "INDUSTRYTR": 0,
        "OTHRTRK": 0,
        "WDCODE": "All other Gates",
        "REVISIONDA": "1975/01/01 00:00:00",
        "LASTUPDATE": "8/29/2025",
        "AADT": "496",
        "AADTYEAR": "2019",
        "STATENAME": "TEXAS",
        "STATEAB": "TX",
        "COUNTYNAME": "NAVARRO",
        "CITYNAME": "KERENS",
        "LATDD": 32.1313142,
        "LONGDD": -96.2313826,
        "gridlyProductionCertified": true,
        "gridlyClassification": "PUBLIC_ROADWAY",
        "gridlyDisplayName": "BONNER AVENUE",
        "gridlyId": "FRA-790633T"
      }
    },
    {
      "type": "Feature",
      "id": 208688,
      "geometry": {
        "type": "Point",
        "coordinates": [
          -96.2326117004418,
          32.131133699843
        ]
      },
      "properties": {
        "OBJECTID": 208688,
        "CROSSING": "790634A",
        "EFFDATE": 1756425600000,
        "REASON": "14",
        "StateCode": "48",
        "CountyCode": "48349",
        "STCYFIPS": "48349",
        "CITYCD": "483493650",
        "RAILROAD": "UP",
        "RRDIV": "TEXOMA",
        "RRSUBDIV": "CORSICANA SUB",
        "HIGHWAY": "ST 0000",
        "STREET": "GOODMAN AVENUE",
        "TTSTN": "667624",
        "MILEPOST": "0607.490",
        "TYPEXING": "Public",
        "POSXING": "At Grade",
        "PRVCAT": "14",
        "INIT": "1",
        "LATITUDE": 32.1311337,
        "LONGITUD": -96.2326117,
        "LLSOURCE": "1",
        "WHISTBAN": "0",
        "RRCONT": "4025443721",
        "POLCONT": "8008488715",
        "INV_LINK": "https://safetydata.fra.dot.gov/OfficeofSafety/PublicSite/Crossing/Crossing.aspx?phasetype=C&rpttype=I&txtcrossingnum=790634A",
        "ACC_LINK": "https://safetydata.fra.dot.gov/OfficeofSafety/PublicSite/Crossing/Crossing.aspx?phasetype=C&rpttype=A&txtcrossingnum=790634A",
        "TTSTNNAM": "",
        "XPURPOSE": "1",
        "OPERATINGR": "UP",
        "OPERATIN_1": "Primary",
        "DAYTHRU": 3,
        "NGHTTHRU": 2,
        "MAINTRK": 1,
        "SIDINGTRK": 0,
        "YARDTRK": 0,
        "TRANSITTRK": 0,
        "INDUSTRYTR": 0,
        "OTHRTRK": 0,
        "WDCODE": "All other Gates",
        "REVISIONDA": "1975/01/01 00:00:00",
        "LASTUPDATE": "8/29/2025",
        "AADT": "456",
        "AADTYEAR": "2019",
        "STATENAME": "TEXAS",
        "STATEAB": "TX",
        "COUNTYNAME": "NAVARRO",
        "CITYNAME": "KERENS",
        "LATDD": 32.1311337,
        "LONGDD": -96.2326117,
        "gridlyProductionCertified": true,
        "gridlyClassification": "PUBLIC_ROADWAY",
        "gridlyDisplayName": "GOODMAN AVENUE",
        "gridlyId": "FRA-790634A"
      }
    },
    {
      "type": "Feature",
      "id": 208689,
      "geometry": {
        "type": "Point",
        "coordinates": [
          -96.137585699832,
          32.144474200119
        ]
      },
      "properties": {
        "OBJECTID": 208689,
        "CROSSING": "790625B",
        "EFFDATE": 1756425600000,
        "REASON": "14",
        "StateCode": "48",
        "CountyCode": "48349",
        "STCYFIPS": "48349",
        "CITYCD": "483493650",
        "RAILROAD": "UP",
        "RRDIV": "TEXOMA",
        "RRSUBDIV": "CORSICANA SUB",
        "HIGHWAY": "FM 3096",
        "STREET": "FM 3096",
        "TTSTN": "667623",
        "MILEPOST": "0601.650",
        "TYPEXING": "Public",
        "POSXING": "At Grade",
        "PRVCAT": "14",
        "INIT": "1",
        "LATITUDE": 32.1444742,
        "LONGITUD": -96.1375857,
        "LLSOURCE": "1",
        "WHISTBAN": "0",
        "RRCONT": "4025443721",
        "POLCONT": "8008488715",
        "INV_LINK": "https://safetydata.fra.dot.gov/OfficeofSafety/PublicSite/Crossing/Crossing.aspx?phasetype=C&rpttype=I&txtcrossingnum=790625B",
        "ACC_LINK": "https://safetydata.fra.dot.gov/OfficeofSafety/PublicSite/Crossing/Crossing.aspx?phasetype=C&rpttype=A&txtcrossingnum=790625B",
        "TTSTNNAM": "",
        "XPURPOSE": "1",
        "OPERATINGR": "UP",
        "OPERATIN_1": "Primary",
        "DAYTHRU": 3,
        "NGHTTHRU": 2,
        "MAINTRK": 1,
        "SIDINGTRK": 0,
        "YARDTRK": 0,
        "TRANSITTRK": 0,
        "INDUSTRYTR": 0,
        "OTHRTRK": 0,
        "WDCODE": "All other Gates",
        "REVISIONDA": "1975/01/01 00:00:00",
        "LASTUPDATE": "8/29/2025",
        "AADT": "397",
        "AADTYEAR": "2019",
        "STATENAME": "TEXAS",
        "STATEAB": "TX",
        "COUNTYNAME": "NAVARRO",
        "CITYNAME": "KERENS",
        "LATDD": 32.1444742,
        "LONGDD": -96.1375857,
        "gridlyProductionCertified": true,
        "gridlyClassification": "PUBLIC_ROADWAY",
        "gridlyDisplayName": "FM 3096",
        "gridlyId": "FRA-790625B"
      }
    },
    {
      "type": "Feature",
      "id": 208691,
      "geometry": {
        "type": "Point",
        "coordinates": [
          -96.4604693003935,
          32.0919685002229
        ]
      },
      "properties": {
        "OBJECTID": 208691,
        "CROSSING": "790722K",
        "EFFDATE": 1756425600000,
        "REASON": "14",
        "StateCode": "48",
        "CountyCode": "48349",
        "STCYFIPS": "48349",
        "CITYCD": "483491570",
        "RAILROAD": "UP",
        "RRDIV": "TEXOMA",
        "RRSUBDIV": "CORSICANA SUB",
        "HIGHWAY": "ST 0000",
        "STREET": "9TH STREET",
        "TTSTN": "667632",
        "MILEPOST": "0621.110",
        "TYPEXING": "Public",
        "POSXING": "At Grade",
        "PRVCAT": "14",
        "INIT": "1",
        "LATITUDE": 32.0919685,
        "LONGITUD": -96.4604693,
        "LLSOURCE": "1",
        "WHISTBAN": "0",
        "RRCONT": "4025443721",
        "POLCONT": "8008488715",
        "INV_LINK": "https://safetydata.fra.dot.gov/OfficeofSafety/PublicSite/Crossing/Crossing.aspx?phasetype=C&rpttype=I&txtcrossingnum=790722K",
        "ACC_LINK": "https://safetydata.fra.dot.gov/OfficeofSafety/PublicSite/Crossing/Crossing.aspx?phasetype=C&rpttype=A&txtcrossingnum=790722K",
        "TTSTNNAM": "",
        "XPURPOSE": "1",
        "OPERATINGR": "UP",
        "OPERATIN_1": "Primary",
        "DAYTHRU": 5,
        "NGHTTHRU": 5,
        "MAINTRK": 1,
        "SIDINGTRK": 0,
        "YARDTRK": 0,
        "TRANSITTRK": 0,
        "INDUSTRYTR": 0,
        "OTHRTRK": 0,
        "WDCODE": "All other Gates",
        "REVISIONDA": "1975/01/01 00:00:00",
        "LASTUPDATE": "8/29/2025",
        "AADT": "310",
        "AADTYEAR": "2019",
        "STATENAME": "TEXAS",
        "STATEAB": "TX",
        "COUNTYNAME": "NAVARRO",
        "CITYNAME": "CORSICANA",
        "LATDD": 32.0919685,
        "LONGDD": -96.4604693,
        "gridlyProductionCertified": true,
        "gridlyClassification": "PUBLIC_ROADWAY",
        "gridlyDisplayName": "9TH STREET",
        "gridlyId": "FRA-790722K"
      }
    },
    {
      "type": "Feature",
      "id": 208692,
      "geometry": {
        "type": "Point",
        "coordinates": [
          -96.4408442995564,
          32.0950691001671
        ]
      },
      "properties": {
        "OBJECTID": 208692,
        "CROSSING": "790687Y",
        "EFFDATE": 1756425600000,
        "REASON": "14",
        "StateCode": "48",
        "CountyCode": "48349",
        "STCYFIPS": "48349",
        "CITYCD": "483491570",
        "RAILROAD": "UP",
        "RRDIV": "TEXOMA",
        "RRSUBDIV": "CORSICANA SUB",
        "HIGHWAY": "ST 0000",
        "STREET": "I 45 Frontage Road",
        "TTSTN": "667632",
        "MILEPOST": "0619.990",
        "TYPEXING": "Public",
        "POSXING": "At Grade",
        "PRVCAT": "14",
        "INIT": "1",
        "LATITUDE": 32.0950691,
        "LONGITUD": -96.4408443,
        "LLSOURCE": "1",
        "WHISTBAN": "0",
        "RRCONT": "4025443721",
        "POLCONT": "8008488715",
        "INV_LINK": "https://safetydata.fra.dot.gov/OfficeofSafety/PublicSite/Crossing/Crossing.aspx?phasetype=C&rpttype=I&txtcrossingnum=790687Y",
        "ACC_LINK": "https://safetydata.fra.dot.gov/OfficeofSafety/PublicSite/Crossing/Crossing.aspx?phasetype=C&rpttype=A&txtcrossingnum=790687Y",
        "TTSTNNAM": "",
        "XPURPOSE": "1",
        "OPERATINGR": "UP",
        "OPERATIN_1": "Primary",
        "DAYTHRU": 3,
        "NGHTTHRU": 2,
        "MAINTRK": 1,
        "SIDINGTRK": 1,
        "YARDTRK": 0,
        "TRANSITTRK": 0,
        "INDUSTRYTR": 0,
        "OTHRTRK": 1,
        "WDCODE": "All other Gates",
        "REVISIONDA": "1975/01/01 00:00:00",
        "LASTUPDATE": "8/29/2025",
        "AADT": "173",
        "AADTYEAR": "2019",
        "STATENAME": "TEXAS",
        "STATEAB": "TX",
        "COUNTYNAME": "NAVARRO",
        "CITYNAME": "CORSICANA",
        "LATDD": 32.0950691,
        "LONGDD": -96.4408443,
        "gridlyProductionCertified": true,
        "gridlyClassification": "PUBLIC_ROADWAY",
        "gridlyDisplayName": "I 45 Frontage Road",
        "gridlyId": "FRA-790687Y"
      }
    },
    {
      "type": "Feature",
      "id": 208737,
      "geometry": {
        "type": "Point",
        "coordinates": [
          -96.2031609997906,
          32.1354503998526
        ]
      },
      "properties": {
        "OBJECTID": 208737,
        "CROSSING": "790626H",
        "EFFDATE": 1756425600000,
        "REASON": "14",
        "StateCode": "48",
        "CountyCode": "48349",
        "STCYFIPS": "48349",
        "CITYCD": "483493650",
        "RAILROAD": "UP",
        "RRDIV": "TEXOMA",
        "RRSUBDIV": "CORSICANA SUB",
        "HIGHWAY": "CO 4646",
        "STREET": "CR 4020",
        "TTSTN": "667624",
        "MILEPOST": "0605.740",
        "TYPEXING": "Public",
        "POSXING": "At Grade",
        "PRVCAT": "14",
        "INIT": "1",
        "LATITUDE": 32.1354504,
        "LONGITUD": -96.203161,
        "LLSOURCE": "1",
        "WHISTBAN": "0",
        "RRCONT": "4025443721",
        "POLCONT": "8008488715",
        "INV_LINK": "https://safetydata.fra.dot.gov/OfficeofSafety/PublicSite/Crossing/Crossing.aspx?phasetype=C&rpttype=I&txtcrossingnum=790626H",
        "ACC_LINK": "https://safetydata.fra.dot.gov/OfficeofSafety/PublicSite/Crossing/Crossing.aspx?phasetype=C&rpttype=A&txtcrossingnum=790626H",
        "TTSTNNAM": "",
        "XPURPOSE": "1",
        "OPERATINGR": "UP",
        "OPERATIN_1": "Primary",
        "DAYTHRU": 3,
        "NGHTTHRU": 2,
        "MAINTRK": 1,
        "SIDINGTRK": 0,
        "YARDTRK": 0,
        "TRANSITTRK": 0,
        "INDUSTRYTR": 0,
        "OTHRTRK": 0,
        "WDCODE": "All other Gates",
        "REVISIONDA": "1975/01/01 00:00:00",
        "LASTUPDATE": "8/29/2025",
        "AADT": "24",
        "AADTYEAR": "2019",
        "STATENAME": "TEXAS",
        "STATEAB": "TX",
        "COUNTYNAME": "NAVARRO",
        "CITYNAME": "KERENS",
        "LATDD": 32.1354504,
        "LONGDD": -96.203161,
        "gridlyProductionCertified": true,
        "gridlyClassification": "PUBLIC_ROADWAY",
        "gridlyDisplayName": "CR 4020",
        "gridlyId": "FRA-790626H"
      }
    },
    {
      "type": "Feature",
      "id": 208742,
      "geometry": {
        "type": "Point",
        "coordinates": [
          -96.3285723001883,
          32.1169855997309
        ]
      },
      "properties": {
        "OBJECTID": 208742,
        "CROSSING": "790678A",
        "EFFDATE": 1756425600000,
        "REASON": "14",
        "StateCode": "48",
        "CountyCode": "48349",
        "STCYFIPS": "48349",
        "CITYCD": "483495508",
        "RAILROAD": "UP",
        "RRDIV": "TEXOMA",
        "RRSUBDIV": "CORSICANA SUB",
        "HIGHWAY": "FM 0633",
        "STREET": "FM 633",
        "TTSTN": "667624",
        "MILEPOST": "0613.210",
        "TYPEXING": "Public",
        "POSXING": "At Grade",
        "PRVCAT": "14",
        "INIT": "1",
        "LATITUDE": 32.1169856,
        "LONGITUD": -96.3285723,
        "LLSOURCE": "1",
        "WHISTBAN": "0",
        "RRCONT": "4025443721",
        "POLCONT": "8008488715",
        "INV_LINK": "https://safetydata.fra.dot.gov/OfficeofSafety/PublicSite/Crossing/Crossing.aspx?phasetype=C&rpttype=I&txtcrossingnum=790678A",
        "ACC_LINK": "https://safetydata.fra.dot.gov/OfficeofSafety/PublicSite/Crossing/Crossing.aspx?phasetype=C&rpttype=A&txtcrossingnum=790678A",
        "TTSTNNAM": "",
        "XPURPOSE": "1",
        "OPERATINGR": "UP",
        "OPERATIN_1": "Primary",
        "DAYTHRU": 3,
        "NGHTTHRU": 2,
        "MAINTRK": 1,
        "SIDINGTRK": 0,
        "YARDTRK": 0,
        "TRANSITTRK": 0,
        "INDUSTRYTR": 0,
        "OTHRTRK": 0,
        "WDCODE": "All other Gates",
        "REVISIONDA": "1975/01/01 00:00:00",
        "LASTUPDATE": "8/29/2025",
        "AADT": "298",
        "AADTYEAR": "2019",
        "STATENAME": "TEXAS",
        "STATEAB": "TX",
        "COUNTYNAME": "NAVARRO",
        "CITYNAME": "POWELL",
        "LATDD": 32.1169856,
        "LONGDD": -96.3285723,
        "gridlyProductionCertified": true,
        "gridlyClassification": "PUBLIC_ROADWAY",
        "gridlyDisplayName": "FM 633",
        "gridlyId": "FRA-790678A"
      }
    },
    {
      "type": "Feature",
      "id": 208752,
      "geometry": {
        "type": "Point",
        "coordinates": [
          -96.2124885999494,
          32.1340864998052
        ]
      },
      "properties": {
        "OBJECTID": 208752,
        "CROSSING": "790627P",
        "EFFDATE": 1756425600000,
        "REASON": "14",
        "StateCode": "48",
        "CountyCode": "48349",
        "STCYFIPS": "48349",
        "CITYCD": "483493650",
        "RAILROAD": "UP",
        "RRDIV": "TEXOMA",
        "RRSUBDIV": "CORSICANA SUB",
        "HIGHWAY": "CO 4020",
        "STREET": "CR 4010",
        "TTSTN": "667624",
        "MILEPOST": "0606.300",
        "TYPEXING": "Public",
        "POSXING": "At Grade",
        "PRVCAT": "14",
        "INIT": "1",
        "LATITUDE": 32.1340865,
        "LONGITUD": -96.2124886,
        "LLSOURCE": "1",
        "WHISTBAN": "0",
        "RRCONT": "4025443721",
        "POLCONT": "8008488715",
        "INV_LINK": "https://safetydata.fra.dot.gov/OfficeofSafety/PublicSite/Crossing/Crossing.aspx?phasetype=C&rpttype=I&txtcrossingnum=790627P",
        "ACC_LINK": "https://safetydata.fra.dot.gov/OfficeofSafety/PublicSite/Crossing/Crossing.aspx?phasetype=C&rpttype=A&txtcrossingnum=790627P",
        "TTSTNNAM": "",
        "XPURPOSE": "1",
        "OPERATINGR": "UP",
        "OPERATIN_1": "Primary",
        "DAYTHRU": 3,
        "NGHTTHRU": 2,
        "MAINTRK": 1,
        "SIDINGTRK": 0,
        "YARDTRK": 0,
        "TRANSITTRK": 0,
        "INDUSTRYTR": 0,
        "OTHRTRK": 0,
        "WDCODE": "Crossbucks",
        "REVISIONDA": "1975/01/01 00:00:00",
        "LASTUPDATE": "8/29/2025",
        "AADT": "4",
        "AADTYEAR": "2019",
        "STATENAME": "TEXAS",
        "STATEAB": "TX",
        "COUNTYNAME": "NAVARRO",
        "CITYNAME": "KERENS",
        "LATDD": 32.1340865,
        "LONGDD": -96.2124886,
        "gridlyProductionCertified": true,
        "gridlyClassification": "PUBLIC_ROADWAY",
        "gridlyDisplayName": "CR 4010",
        "gridlyId": "FRA-790627P"
      }
    },
    {
      "type": "Feature",
      "id": 209129,
      "geometry": {
        "type": "Point",
        "coordinates": [
          -96.4584887999579,
          32.0929592001409
        ]
      },
      "properties": {
        "OBJECTID": 209129,
        "CROSSING": "412482R",
        "EFFDATE": 1756425600000,
        "REASON": "14",
        "StateCode": "48",
        "CountyCode": "48349",
        "STCYFIPS": "48349",
        "CITYCD": "483491570",
        "RAILROAD": "UP",
        "RRDIV": "TEXOMA",
        "RRSUBDIV": "CORSICANA SUB",
        "HIGHWAY": "BI 0045",
        "STREET": "I 45 Northbound Frontage Road",
        "TTSTN": "",
        "MILEPOST": "0620.980",
        "TYPEXING": "Public",
        "POSXING": "At Grade",
        "PRVCAT": "14",
        "INIT": "1",
        "LATITUDE": 32.0929592,
        "LONGITUD": -96.4584888,
        "LLSOURCE": "1",
        "WHISTBAN": "0",
        "RRCONT": "4025443721",
        "POLCONT": "8008488715",
        "INV_LINK": "https://safetydata.fra.dot.gov/OfficeofSafety/PublicSite/Crossing/Crossing.aspx?phasetype=C&rpttype=I&txtcrossingnum=412482R",
        "ACC_LINK": "https://safetydata.fra.dot.gov/OfficeofSafety/PublicSite/Crossing/Crossing.aspx?phasetype=C&rpttype=A&txtcrossingnum=412482R",
        "TTSTNNAM": "",
        "XPURPOSE": "1",
        "OPERATINGR": "UP",
        "OPERATIN_1": "Primary",
        "DAYTHRU": 5,
        "NGHTTHRU": 5,
        "MAINTRK": 1,
        "SIDINGTRK": 0,
        "YARDTRK": 1,
        "TRANSITTRK": 0,
        "INDUSTRYTR": 0,
        "OTHRTRK": 1,
        "WDCODE": "All other Gates",
        "REVISIONDA": "1975/01/01 00:00:00",
        "LASTUPDATE": "8/29/2025",
        "AADT": "3671",
        "AADTYEAR": "2019",
        "STATENAME": "TEXAS",
        "STATEAB": "TX",
        "COUNTYNAME": "NAVARRO",
        "CITYNAME": "CORSICANA",
        "LATDD": 32.0929592,
        "LONGDD": -96.4584888,
        "gridlyProductionCertified": true,
        "gridlyClassification": "PUBLIC_ROADWAY",
        "gridlyDisplayName": "I 45 Northbound Frontage Road",
        "gridlyId": "FRA-412482R"
      }
    },
    {
      "type": "Feature",
      "id": 210124,
      "geometry": {
        "type": "Point",
        "coordinates": [
          -96.3109199000022,
          32.1195960003316
        ]
      },
      "properties": {
        "OBJECTID": 210124,
        "CROSSING": "790676L",
        "EFFDATE": 1756425600000,
        "REASON": "14",
        "StateCode": "48",
        "CountyCode": "48349",
        "STCYFIPS": "48349",
        "CITYCD": "483495508",
        "RAILROAD": "UP",
        "RRDIV": "TEXOMA",
        "RRSUBDIV": "CORSICANA SUB",
        "HIGHWAY": "PRIVATE",
        "STREET": "PRIVATE",
        "TTSTN": "667624",
        "MILEPOST": "0612.150",
        "TYPEXING": "Private",
        "POSXING": "At Grade",
        "PRVCAT": "14",
        "INIT": "1",
        "LATITUDE": 32.119596,
        "LONGITUD": -96.3109199,
        "LLSOURCE": "1",
        "WHISTBAN": "0",
        "RRCONT": "4025443721",
        "POLCONT": "8008488715",
        "INV_LINK": "https://safetydata.fra.dot.gov/OfficeofSafety/PublicSite/Crossing/Crossing.aspx?phasetype=C&rpttype=I&txtcrossingnum=790676L",
        "ACC_LINK": "https://safetydata.fra.dot.gov/OfficeofSafety/PublicSite/Crossing/Crossing.aspx?phasetype=C&rpttype=A&txtcrossingnum=790676L",
        "TTSTNNAM": "",
        "XPURPOSE": "1",
        "OPERATINGR": "UP",
        "OPERATIN_1": "Primary",
        "DAYTHRU": 3,
        "NGHTTHRU": 2,
        "MAINTRK": 1,
        "SIDINGTRK": 0,
        "YARDTRK": 0,
        "TRANSITTRK": 0,
        "INDUSTRYTR": 0,
        "OTHRTRK": 0,
        "WDCODE": "",
        "REVISIONDA": "1975/01/01 00:00:00",
        "LASTUPDATE": "8/29/2025",
        "AADT": "1",
        "AADTYEAR": "1970",
        "STATENAME": "TEXAS",
        "STATEAB": "TX",
        "COUNTYNAME": "NAVARRO",
        "CITYNAME": "POWELL",
        "LATDD": 32.119596,
        "LONGDD": -96.3109199,
        "gridlyProductionCertified": true,
        "gridlyClassification": "PUBLIC_ROADWAY",
        "gridlyDisplayName": "PRIVATE",
        "gridlyId": "FRA-790676L"
      }
    },
    {
      "type": "Feature",
      "id": 210125,
      "geometry": {
        "type": "Point",
        "coordinates": [
          -96.2955260000859,
          32.1218697001477
        ]
      },
      "properties": {
        "OBJECTID": 210125,
        "CROSSING": "790675E",
        "EFFDATE": 1756425600000,
        "REASON": "14",
        "StateCode": "48",
        "CountyCode": "48349",
        "STCYFIPS": "48349",
        "CITYCD": "483495508",
        "RAILROAD": "UP",
        "RRDIV": "TEXOMA",
        "RRSUBDIV": "CORSICANA SUB",
        "HIGHWAY": "FM 1393",
        "STREET": "FM 1393",
        "TTSTN": "667624",
        "MILEPOST": "0611.280",
        "TYPEXING": "Public",
        "POSXING": "At Grade",
        "PRVCAT": "14",
        "INIT": "1",
        "LATITUDE": 32.1218697,
        "LONGITUD": -96.295526,
        "LLSOURCE": "1",
        "WHISTBAN": "0",
        "RRCONT": "4025443721",
        "POLCONT": "8008488715",
        "INV_LINK": "https://safetydata.fra.dot.gov/OfficeofSafety/PublicSite/Crossing/Crossing.aspx?phasetype=C&rpttype=I&txtcrossingnum=790675E",
        "ACC_LINK": "https://safetydata.fra.dot.gov/OfficeofSafety/PublicSite/Crossing/Crossing.aspx?phasetype=C&rpttype=A&txtcrossingnum=790675E",
        "TTSTNNAM": "",
        "XPURPOSE": "1",
        "OPERATINGR": "UP",
        "OPERATIN_1": "Primary",
        "DAYTHRU": 3,
        "NGHTTHRU": 2,
        "MAINTRK": 1,
        "SIDINGTRK": 0,
        "YARDTRK": 0,
        "TRANSITTRK": 0,
        "INDUSTRYTR": 0,
        "OTHRTRK": 0,
        "WDCODE": "All other Gates",
        "REVISIONDA": "1975/01/01 00:00:00",
        "LASTUPDATE": "8/29/2025",
        "AADT": "396",
        "AADTYEAR": "2019",
        "STATENAME": "TEXAS",
        "STATEAB": "TX",
        "COUNTYNAME": "NAVARRO",
        "CITYNAME": "POWELL",
        "LATDD": 32.1218697,
        "LONGDD": -96.295526,
        "gridlyProductionCertified": true,
        "gridlyClassification": "PUBLIC_ROADWAY",
        "gridlyDisplayName": "FM 1393",
        "gridlyId": "FRA-790675E"
      }
    },
    {
      "type": "Feature",
      "id": 210138,
      "geometry": {
        "type": "Point",
        "coordinates": [
          -96.2301272002161,
          32.1314936002579
        ]
      },
      "properties": {
        "OBJECTID": 210138,
        "CROSSING": "790632L",
        "EFFDATE": 1756425600000,
        "REASON": "14",
        "StateCode": "48",
        "CountyCode": "48349",
        "STCYFIPS": "48349",
        "CITYCD": "483493650",
        "RAILROAD": "UP",
        "RRDIV": "TEXOMA",
        "RRSUBDIV": "CORSICANA SUB",
        "HIGHWAY": "ST 0000",
        "STREET": "THROCKMORTON Avenue",
        "TTSTN": "667624",
        "MILEPOST": "0607.350",
        "TYPEXING": "Public",
        "POSXING": "At Grade",
        "PRVCAT": "14",
        "INIT": "1",
        "LATITUDE": 32.1314936,
        "LONGITUD": -96.2301272,
        "LLSOURCE": "1",
        "WHISTBAN": "0",
        "RRCONT": "4025443721",
        "POLCONT": "8008488715",
        "INV_LINK": "https://safetydata.fra.dot.gov/OfficeofSafety/PublicSite/Crossing/Crossing.aspx?phasetype=C&rpttype=I&txtcrossingnum=790632L",
        "ACC_LINK": "https://safetydata.fra.dot.gov/OfficeofSafety/PublicSite/Crossing/Crossing.aspx?phasetype=C&rpttype=A&txtcrossingnum=790632L",
        "TTSTNNAM": "",
        "XPURPOSE": "1",
        "OPERATINGR": "UP",
        "OPERATIN_1": "Primary",
        "DAYTHRU": 3,
        "NGHTTHRU": 2,
        "MAINTRK": 1,
        "SIDINGTRK": 0,
        "YARDTRK": 0,
        "TRANSITTRK": 0,
        "INDUSTRYTR": 0,
        "OTHRTRK": 0,
        "WDCODE": "All other Gates",
        "REVISIONDA": "1975/01/01 00:00:00",
        "LASTUPDATE": "8/29/2025",
        "AADT": "24",
        "AADTYEAR": "2019",
        "STATENAME": "TEXAS",
        "STATEAB": "TX",
        "COUNTYNAME": "NAVARRO",
        "CITYNAME": "KERENS",
        "LATDD": 32.1314936,
        "LONGDD": -96.2301272,
        "gridlyProductionCertified": true,
        "gridlyClassification": "PUBLIC_ROADWAY",
        "gridlyDisplayName": "THROCKMORTON Avenue",
        "gridlyId": "FRA-790632L"
      }
    },
    {
      "type": "Feature",
      "id": 210358,
      "geometry": {
        "type": "Point",
        "coordinates": [
          -96.4587439996521,
          32.092843999736
        ]
      },
      "properties": {
        "OBJECTID": 210358,
        "CROSSING": "790724Y",
        "EFFDATE": 1756425600000,
        "REASON": "14",
        "StateCode": "48",
        "CountyCode": "48349",
        "STCYFIPS": "48349",
        "CITYCD": "483491570",
        "RAILROAD": "UP",
        "RRDIV": "TEXOMA",
        "RRSUBDIV": "CORSICANA SUB",
        "HIGHWAY": "BI 0045",
        "STREET": "I 45 Southbound Frontage Road",
        "TTSTN": "667632",
        "MILEPOST": "0620.994",
        "TYPEXING": "Public",
        "POSXING": "At Grade",
        "PRVCAT": "14",
        "INIT": "1",
        "LATITUDE": 32.092844,
        "LONGITUD": -96.458744,
        "LLSOURCE": "1",
        "WHISTBAN": "0",
        "RRCONT": "4025443721",
        "POLCONT": "8008488715",
        "INV_LINK": "https://safetydata.fra.dot.gov/OfficeofSafety/PublicSite/Crossing/Crossing.aspx?phasetype=C&rpttype=I&txtcrossingnum=790724Y",
        "ACC_LINK": "https://safetydata.fra.dot.gov/OfficeofSafety/PublicSite/Crossing/Crossing.aspx?phasetype=C&rpttype=A&txtcrossingnum=790724Y",
        "TTSTNNAM": "",
        "XPURPOSE": "1",
        "OPERATINGR": "UP",
        "OPERATIN_1": "Primary",
        "DAYTHRU": 3,
        "NGHTTHRU": 2,
        "MAINTRK": 1,
        "SIDINGTRK": 0,
        "YARDTRK": 1,
        "TRANSITTRK": 0,
        "INDUSTRYTR": 0,
        "OTHRTRK": 1,
        "WDCODE": "All other Gates",
        "REVISIONDA": "1975/01/01 00:00:00",
        "LASTUPDATE": "8/29/2025",
        "AADT": "3587",
        "AADTYEAR": "2019",
        "STATENAME": "TEXAS",
        "STATEAB": "TX",
        "COUNTYNAME": "NAVARRO",
        "CITYNAME": "CORSICANA",
        "LATDD": 32.092844,
        "LONGDD": -96.458744,
        "gridlyProductionCertified": true,
        "gridlyClassification": "PUBLIC_ROADWAY",
        "gridlyDisplayName": "I 45 Southbound Frontage Road",
        "gridlyId": "FRA-790724Y"
      }
    },
    {
      "type": "Feature",
      "id": 212625,
      "geometry": {
        "type": "Point",
        "coordinates": [
          -96.4436091999149,
          31.8626405001025
        ]
      },
      "properties": {
        "OBJECTID": 212625,
        "CROSSING": "765414P",
        "EFFDATE": 1759104000000,
        "REASON": "14",
        "StateCode": "48",
        "CountyCode": "48161",
        "STCYFIPS": "48161",
        "CITYCD": "481617610",
        "RAILROAD": "UP",
        "RRDIV": "TEXOMA",
        "RRSUBDIV": "ENNIS SUB",
        "HIGHWAY": "CO 2410",
        "STREET": "CR 2410",
        "TTSTN": "667755",
        "MILEPOST": "0193.830",
        "TYPEXING": "Public",
        "POSXING": "At Grade",
        "PRVCAT": "14",
        "INIT": "1",
        "LATITUDE": 31.8626405,
        "LONGITUD": -96.4436092,
        "LLSOURCE": "1",
        "WHISTBAN": "0",
        "RRCONT": "4025443721",
        "POLCONT": "8008488715",
        "INV_LINK": "https://safetydata.fra.dot.gov/OfficeofSafety/PublicSite/Crossing/Crossing.aspx?phasetype=C&rpttype=I&txtcrossingnum=765414P",
        "ACC_LINK": "https://safetydata.fra.dot.gov/OfficeofSafety/PublicSite/Crossing/Crossing.aspx?phasetype=C&rpttype=A&txtcrossingnum=765414P",
        "TTSTNNAM": "",
        "XPURPOSE": "1",
        "OPERATINGR": "UP",
        "OPERATIN_1": "Primary",
        "DAYTHRU": 7,
        "NGHTTHRU": 6,
        "MAINTRK": 1,
        "SIDINGTRK": 0,
        "YARDTRK": 0,
        "TRANSITTRK": 0,
        "INDUSTRYTR": 0,
        "OTHRTRK": 0,
        "WDCODE": "All other Gates",
        "REVISIONDA": "1975/01/01 00:00:00",
        "LASTUPDATE": "9/29/2025",
        "AADT": "80",
        "AADTYEAR": "2019",
        "STATENAME": "TEXAS",
        "STATEAB": "TX",
        "COUNTYNAME": "FREESTONE",
        "CITYNAME": "WORTHAM",
        "LATDD": 31.8626405,
        "LONGDD": -96.4436092,
        "gridlyProductionCertified": true,
        "gridlyClassification": "PUBLIC_ROADWAY",
        "gridlyDisplayName": "CR 2410",
        "gridlyId": "FRA-765414P"
      }
    },
    {
      "type": "Feature",
      "id": 212878,
      "geometry": {
        "type": "Point",
        "coordinates": [
          -96.4356564003315,
          31.8958304000313
        ]
      },
      "properties": {
        "OBJECTID": 212878,
        "CROSSING": "441031R",
        "EFFDATE": 1758499200000,
        "REASON": "14",
        "StateCode": "48",
        "CountyCode": "48349",
        "STCYFIPS": "48349",
        "CITYCD": "481617610",
        "RAILROAD": "UP",
        "RRDIV": "TEXOMA",
        "RRSUBDIV": "ENNIS SUB",
        "HIGHWAY": "TBD",
        "STREET": "TX 14",
        "TTSTN": "",
        "MILEPOST": "0196.150",
        "TYPEXING": "Public",
        "POSXING": "RR Under",
        "PRVCAT": "14",
        "INIT": "1",
        "LATITUDE": 31.8958304,
        "LONGITUD": -96.4356564,
        "LLSOURCE": "1",
        "WHISTBAN": "",
        "RRCONT": "4025443721",
        "POLCONT": "8008488715",
        "INV_LINK": "https://safetydata.fra.dot.gov/OfficeofSafety/PublicSite/Crossing/Crossing.aspx?phasetype=C&rpttype=I&txtcrossingnum=441031R",
        "ACC_LINK": "https://safetydata.fra.dot.gov/OfficeofSafety/PublicSite/Crossing/Crossing.aspx?phasetype=C&rpttype=A&txtcrossingnum=441031R",
        "TTSTNNAM": "",
        "XPURPOSE": "1",
        "OPERATINGR": "UP",
        "OPERATIN_1": "Primary",
        "DAYTHRU": 0,
        "NGHTTHRU": 0,
        "MAINTRK": 1,
        "SIDINGTRK": 0,
        "YARDTRK": 0,
        "TRANSITTRK": 0,
        "INDUSTRYTR": 0,
        "OTHRTRK": 0,
        "WDCODE": "",
        "REVISIONDA": "1975/01/01 00:00:00",
        "LASTUPDATE": "9/22/2025",
        "AADT": "",
        "AADTYEAR": "",
        "STATENAME": "TEXAS",
        "STATEAB": "TX",
        "COUNTYNAME": "NAVARRO",
        "CITYNAME": "WORTHAM",
        "LATDD": 31.8958304,
        "LONGDD": -96.4356564,
        "gridlyProductionCertified": true,
        "gridlyClassification": "PUBLIC_ROADWAY",
        "gridlyDisplayName": "TX 14",
        "gridlyId": "FRA-441031R"
      }
    },
    {
      "type": "Feature",
      "id": 213448,
      "geometry": {
        "type": "Point",
        "coordinates": [
          -96.3874469999673,
          32.1024890000777
        ]
      },
      "properties": {
        "OBJECTID": 213448,
        "CROSSING": "978374J",
        "EFFDATE": 1758585600000,
        "REASON": "14",
        "StateCode": "48",
        "CountyCode": "48349",
        "STCYFIPS": "48349",
        "CITYCD": "483491570",
        "RAILROAD": "UP",
        "RRDIV": "Texoma",
        "RRSUBDIV": "Corsicana Sub",
        "HIGHWAY": "TBD",
        "STREET": "Private UPRR",
        "TTSTN": "",
        "MILEPOST": "0616.806",
        "TYPEXING": "Private",
        "POSXING": "At Grade",
        "PRVCAT": "14",
        "INIT": "1",
        "LATITUDE": 32.102489,
        "LONGITUD": -96.387447,
        "LLSOURCE": "1",
        "WHISTBAN": "",
        "RRCONT": "4025443721",
        "POLCONT": "8008488715",
        "INV_LINK": "https://safetydata.fra.dot.gov/OfficeofSafety/PublicSite/Crossing/Crossing.aspx?phasetype=C&rpttype=I&txtcrossingnum=978374J",
        "ACC_LINK": "https://safetydata.fra.dot.gov/OfficeofSafety/PublicSite/Crossing/Crossing.aspx?phasetype=C&rpttype=A&txtcrossingnum=978374J",
        "TTSTNNAM": "",
        "XPURPOSE": "1",
        "OPERATINGR": "UP",
        "OPERATIN_1": "Primary",
        "DAYTHRU": 3,
        "NGHTTHRU": 2,
        "MAINTRK": 1,
        "SIDINGTRK": 0,
        "YARDTRK": 0,
        "TRANSITTRK": 0,
        "INDUSTRYTR": 0,
        "OTHRTRK": 0,
        "WDCODE": "",
        "REVISIONDA": "1975/01/01 00:00:00",
        "LASTUPDATE": "9/23/2025",
        "AADT": "",
        "AADTYEAR": "",
        "STATENAME": "TEXAS",
        "STATEAB": "TX",
        "COUNTYNAME": "NAVARRO",
        "CITYNAME": "CORSICANA",
        "LATDD": 32.102489,
        "LONGDD": -96.387447,
        "gridlyProductionCertified": true,
        "gridlyClassification": "PUBLIC_ROADWAY",
        "gridlyDisplayName": "Private UPRR",
        "gridlyId": "FRA-978374J"
      }
    },
    {
      "type": "Feature",
      "id": 213605,
      "geometry": {
        "type": "Point",
        "coordinates": [
          -96.448361000307,
          31.8428670003369
        ]
      },
      "properties": {
        "OBJECTID": 213605,
        "CROSSING": "765413H",
        "EFFDATE": 1758499200000,
        "REASON": "14",
        "StateCode": "48",
        "CountyCode": "48349",
        "STCYFIPS": "48349",
        "CITYCD": "481617610",
        "RAILROAD": "UP",
        "RRDIV": "TEXOMA",
        "RRSUBDIV": "ENNIS SUB",
        "HIGHWAY": "NA",
        "STREET": "PRIVATE",
        "TTSTN": "667755",
        "MILEPOST": "0192.430",
        "TYPEXING": "Private",
        "POSXING": "At Grade",
        "PRVCAT": "14",
        "INIT": "1",
        "LATITUDE": 31.842867,
        "LONGITUD": -96.448361,
        "LLSOURCE": "1",
        "WHISTBAN": "0",
        "RRCONT": "4025443721",
        "POLCONT": "8008488715",
        "INV_LINK": "https://safetydata.fra.dot.gov/OfficeofSafety/PublicSite/Crossing/Crossing.aspx?phasetype=C&rpttype=I&txtcrossingnum=765413H",
        "ACC_LINK": "https://safetydata.fra.dot.gov/OfficeofSafety/PublicSite/Crossing/Crossing.aspx?phasetype=C&rpttype=A&txtcrossingnum=765413H",
        "TTSTNNAM": "",
        "XPURPOSE": "1",
        "OPERATINGR": "UP",
        "OPERATIN_1": "Primary",
        "DAYTHRU": 7,
        "NGHTTHRU": 6,
        "MAINTRK": 1,
        "SIDINGTRK": 0,
        "YARDTRK": 0,
        "TRANSITTRK": 0,
        "INDUSTRYTR": 0,
        "OTHRTRK": 0,
        "WDCODE": "",
        "REVISIONDA": "1975/01/01 00:00:00",
        "LASTUPDATE": "9/22/2025",
        "AADT": "000010",
        "AADTYEAR": "",
        "STATENAME": "TEXAS",
        "STATEAB": "TX",
        "COUNTYNAME": "NAVARRO",
        "CITYNAME": "WORTHAM",
        "LATDD": 31.842867,
        "LONGDD": -96.448361,
        "gridlyProductionCertified": true,
        "gridlyClassification": "PUBLIC_ROADWAY",
        "gridlyDisplayName": "PRIVATE",
        "gridlyId": "FRA-765413H"
      }
    },
    {
      "type": "Feature",
      "id": 213607,
      "geometry": {
        "type": "Point",
        "coordinates": [
          -96.4389520002071,
          31.882114199873
        ]
      },
      "properties": {
        "OBJECTID": 213607,
        "CROSSING": "763682T",
        "EFFDATE": 1758499200000,
        "REASON": "14",
        "StateCode": "48",
        "CountyCode": "48349",
        "STCYFIPS": "48349",
        "CITYCD": "483495740",
        "RAILROAD": "UP",
        "RRDIV": "TEXOMA",
        "RRSUBDIV": "ENNIS SUB",
        "HIGHWAY": "PRIVATE",
        "STREET": "PRIVATE",
        "TTSTN": "667755",
        "MILEPOST": "0195.160",
        "TYPEXING": "Private",
        "POSXING": "At Grade",
        "PRVCAT": "14",
        "INIT": "1",
        "LATITUDE": 31.8821142,
        "LONGITUD": -96.438952,
        "LLSOURCE": "1",
        "WHISTBAN": "0",
        "RRCONT": "4025443721",
        "POLCONT": "8008488715",
        "INV_LINK": "https://safetydata.fra.dot.gov/OfficeofSafety/PublicSite/Crossing/Crossing.aspx?phasetype=C&rpttype=I&txtcrossingnum=763682T",
        "ACC_LINK": "https://safetydata.fra.dot.gov/OfficeofSafety/PublicSite/Crossing/Crossing.aspx?phasetype=C&rpttype=A&txtcrossingnum=763682T",
        "TTSTNNAM": "",
        "XPURPOSE": "1",
        "OPERATINGR": "UP",
        "OPERATIN_1": "Primary",
        "DAYTHRU": 7,
        "NGHTTHRU": 6,
        "MAINTRK": 1,
        "SIDINGTRK": 0,
        "YARDTRK": 0,
        "TRANSITTRK": 0,
        "INDUSTRYTR": 0,
        "OTHRTRK": 0,
        "WDCODE": "",
        "REVISIONDA": "1975/01/01 00:00:00",
        "LASTUPDATE": "9/22/2025",
        "AADT": "1",
        "AADTYEAR": "1970",
        "STATENAME": "TEXAS",
        "STATEAB": "TX",
        "COUNTYNAME": "NAVARRO",
        "CITYNAME": "RICHLAND",
        "LATDD": 31.8821142,
        "LONGDD": -96.438952,
        "gridlyProductionCertified": true,
        "gridlyClassification": "PUBLIC_ROADWAY",
        "gridlyDisplayName": "PRIVATE",
        "gridlyId": "FRA-763682T"
      }
    },
    {
      "type": "Feature",
      "id": 213608,
      "geometry": {
        "type": "Point",
        "coordinates": [
          -96.4520032995765,
          31.8275368997899
        ]
      },
      "properties": {
        "OBJECTID": 213608,
        "CROSSING": "765411U",
        "EFFDATE": 1758499200000,
        "REASON": "14",
        "StateCode": "48",
        "CountyCode": "48349",
        "STCYFIPS": "48349",
        "CITYCD": "483495740",
        "RAILROAD": "UP",
        "RRDIV": "TEXOMA",
        "RRSUBDIV": "ENNIS SUB",
        "HIGHWAY": "PRIVATE",
        "STREET": "PRIVATE",
        "TTSTN": "667755",
        "MILEPOST": "0191.360",
        "TYPEXING": "Private",
        "POSXING": "At Grade",
        "PRVCAT": "14",
        "INIT": "1",
        "LATITUDE": 31.8275369,
        "LONGITUD": -96.4520033,
        "LLSOURCE": "1",
        "WHISTBAN": "0",
        "RRCONT": "4025443721",
        "POLCONT": "8008488715",
        "INV_LINK": "https://safetydata.fra.dot.gov/OfficeofSafety/PublicSite/Crossing/Crossing.aspx?phasetype=C&rpttype=I&txtcrossingnum=765411U",
        "ACC_LINK": "https://safetydata.fra.dot.gov/OfficeofSafety/PublicSite/Crossing/Crossing.aspx?phasetype=C&rpttype=A&txtcrossingnum=765411U",
        "TTSTNNAM": "",
        "XPURPOSE": "1",
        "OPERATINGR": "UP",
        "OPERATIN_1": "Primary",
        "DAYTHRU": 7,
        "NGHTTHRU": 6,
        "MAINTRK": 1,
        "SIDINGTRK": 0,
        "YARDTRK": 0,
        "TRANSITTRK": 0,
        "INDUSTRYTR": 0,
        "OTHRTRK": 0,
        "WDCODE": "",
        "REVISIONDA": "1975/01/01 00:00:00",
        "LASTUPDATE": "9/22/2025",
        "AADT": "1",
        "AADTYEAR": "1970",
        "STATENAME": "TEXAS",
        "STATEAB": "TX",
        "COUNTYNAME": "NAVARRO",
        "CITYNAME": "RICHLAND",
        "LATDD": 31.8275369,
        "LONGDD": -96.4520033,
        "gridlyProductionCertified": true,
        "gridlyClassification": "PUBLIC_ROADWAY",
        "gridlyDisplayName": "PRIVATE",
        "gridlyId": "FRA-765411U"
      }
    },
    {
      "type": "Feature",
      "id": 213609,
      "geometry": {
        "type": "Point",
        "coordinates": [
          -96.4283126998333,
          31.9267086999241
        ]
      },
      "properties": {
        "OBJECTID": 213609,
        "CROSSING": "765418S",
        "EFFDATE": 1758499200000,
        "REASON": "14",
        "StateCode": "48",
        "CountyCode": "48349",
        "STCYFIPS": "48349",
        "CITYCD": "483495740",
        "RAILROAD": "UP",
        "RRDIV": "TEXOMA",
        "RRSUBDIV": "ENNIS SUB",
        "HIGHWAY": "FM 1394",
        "STREET": "FM 1394",
        "TTSTN": "667601",
        "MILEPOST": "0198.320",
        "TYPEXING": "Public",
        "POSXING": "At Grade",
        "PRVCAT": "14",
        "INIT": "1",
        "LATITUDE": 31.9267087,
        "LONGITUD": -96.4283127,
        "LLSOURCE": "1",
        "WHISTBAN": "0",
        "RRCONT": "4025443721",
        "POLCONT": "8008488715",
        "INV_LINK": "https://safetydata.fra.dot.gov/OfficeofSafety/PublicSite/Crossing/Crossing.aspx?phasetype=C&rpttype=I&txtcrossingnum=765418S",
        "ACC_LINK": "https://safetydata.fra.dot.gov/OfficeofSafety/PublicSite/Crossing/Crossing.aspx?phasetype=C&rpttype=A&txtcrossingnum=765418S",
        "TTSTNNAM": "",
        "XPURPOSE": "1",
        "OPERATINGR": "UP",
        "OPERATIN_1": "Primary",
        "DAYTHRU": 7,
        "NGHTTHRU": 6,
        "MAINTRK": 1,
        "SIDINGTRK": 0,
        "YARDTRK": 0,
        "TRANSITTRK": 0,
        "INDUSTRYTR": 0,
        "OTHRTRK": 0,
        "WDCODE": "All other Gates",
        "REVISIONDA": "1975/01/01 00:00:00",
        "LASTUPDATE": "9/22/2025",
        "AADT": "442",
        "AADTYEAR": "2019",
        "STATENAME": "TEXAS",
        "STATEAB": "TX",
        "COUNTYNAME": "NAVARRO",
        "CITYNAME": "RICHLAND",
        "LATDD": 31.9267087,
        "LONGDD": -96.4283127,
        "gridlyProductionCertified": true,
        "gridlyClassification": "PUBLIC_ROADWAY",
        "gridlyDisplayName": "FM 1394",
        "gridlyId": "FRA-765418S"
      }
    },
    {
      "type": "Feature",
      "id": 213610,
      "geometry": {
        "type": "Point",
        "coordinates": [
          -96.4280128996837,
          31.9285163997512
        ]
      },
      "properties": {
        "OBJECTID": 213610,
        "CROSSING": "765420T",
        "EFFDATE": 1758499200000,
        "REASON": "14",
        "StateCode": "48",
        "CountyCode": "48349",
        "STCYFIPS": "48349",
        "CITYCD": "483495740",
        "RAILROAD": "UP",
        "RRDIV": "TEXOMA",
        "RRSUBDIV": "ENNIS SUB",
        "HIGHWAY": "ST 0000",
        "STREET": "DALEWOOD STREET",
        "TTSTN": "667601",
        "MILEPOST": "0198.450",
        "TYPEXING": "Public",
        "POSXING": "At Grade",
        "PRVCAT": "14",
        "INIT": "1",
        "LATITUDE": 31.9285164,
        "LONGITUD": -96.4280129,
        "LLSOURCE": "1",
        "WHISTBAN": "0",
        "RRCONT": "4025443721",
        "POLCONT": "8008488715",
        "INV_LINK": "https://safetydata.fra.dot.gov/OfficeofSafety/PublicSite/Crossing/Crossing.aspx?phasetype=C&rpttype=I&txtcrossingnum=765420T",
        "ACC_LINK": "https://safetydata.fra.dot.gov/OfficeofSafety/PublicSite/Crossing/Crossing.aspx?phasetype=C&rpttype=A&txtcrossingnum=765420T",
        "TTSTNNAM": "",
        "XPURPOSE": "1",
        "OPERATINGR": "UP",
        "OPERATIN_1": "Primary",
        "DAYTHRU": 7,
        "NGHTTHRU": 6,
        "MAINTRK": 1,
        "SIDINGTRK": 0,
        "YARDTRK": 0,
        "TRANSITTRK": 0,
        "INDUSTRYTR": 0,
        "OTHRTRK": 0,
        "WDCODE": "All other Gates",
        "REVISIONDA": "1975/01/01 00:00:00",
        "LASTUPDATE": "9/22/2025",
        "AADT": "69",
        "AADTYEAR": "2019",
        "STATENAME": "TEXAS",
        "STATEAB": "TX",
        "COUNTYNAME": "NAVARRO",
        "CITYNAME": "RICHLAND",
        "LATDD": 31.9285164,
        "LONGDD": -96.4280129,
        "gridlyProductionCertified": true,
        "gridlyClassification": "PUBLIC_ROADWAY",
        "gridlyDisplayName": "DALEWOOD STREET",
        "gridlyId": "FRA-765420T"
      }
    },
    {
      "type": "Feature",
      "id": 213611,
      "geometry": {
        "type": "Point",
        "coordinates": [
          -96.4242157003164,
          31.9800282003026
        ]
      },
      "properties": {
        "OBJECTID": 213611,
        "CROSSING": "765422G",
        "EFFDATE": 1758499200000,
        "REASON": "14",
        "StateCode": "48",
        "CountyCode": "48349",
        "STCYFIPS": "48349",
        "CITYCD": "483495740",
        "RAILROAD": "UP",
        "RRDIV": "TEXOMA",
        "RRSUBDIV": "ENNIS SUB",
        "HIGHWAY": "CO 0000",
        "STREET": "PRIVATE",
        "TTSTN": "667601",
        "MILEPOST": "0201.970",
        "TYPEXING": "Private",
        "POSXING": "At Grade",
        "PRVCAT": "14",
        "INIT": "1",
        "LATITUDE": 31.9800282,
        "LONGITUD": -96.4242157,
        "LLSOURCE": "1",
        "WHISTBAN": "0",
        "RRCONT": "4025443721",
        "POLCONT": "8008488715",
        "INV_LINK": "https://safetydata.fra.dot.gov/OfficeofSafety/PublicSite/Crossing/Crossing.aspx?phasetype=C&rpttype=I&txtcrossingnum=765422G",
        "ACC_LINK": "https://safetydata.fra.dot.gov/OfficeofSafety/PublicSite/Crossing/Crossing.aspx?phasetype=C&rpttype=A&txtcrossingnum=765422G",
        "TTSTNNAM": "",
        "XPURPOSE": "1",
        "OPERATINGR": "UP",
        "OPERATIN_1": "Primary",
        "DAYTHRU": 7,
        "NGHTTHRU": 6,
        "MAINTRK": 1,
        "SIDINGTRK": 0,
        "YARDTRK": 0,
        "TRANSITTRK": 0,
        "INDUSTRYTR": 0,
        "OTHRTRK": 0,
        "WDCODE": "",
        "REVISIONDA": "1975/01/01 00:00:00",
        "LASTUPDATE": "9/22/2025",
        "AADT": "10",
        "AADTYEAR": "1992",
        "STATENAME": "TEXAS",
        "STATEAB": "TX",
        "COUNTYNAME": "NAVARRO",
        "CITYNAME": "RICHLAND",
        "LATDD": 31.9800282,
        "LONGDD": -96.4242157,
        "gridlyProductionCertified": true,
        "gridlyClassification": "PUBLIC_ROADWAY",
        "gridlyDisplayName": "PRIVATE",
        "gridlyId": "FRA-765422G"
      }
    },
    {
      "type": "Feature",
      "id": 213612,
      "geometry": {
        "type": "Point",
        "coordinates": [
          -96.4233156997928,
          31.9736273999533
        ]
      },
      "properties": {
        "OBJECTID": 213612,
        "CROSSING": "765421A",
        "EFFDATE": 1758499200000,
        "REASON": "14",
        "StateCode": "48",
        "CountyCode": "48349",
        "STCYFIPS": "48349",
        "CITYCD": "483490196",
        "RAILROAD": "UP",
        "RRDIV": "TEXOMA",
        "RRSUBDIV": "ENNIS SUB",
        "HIGHWAY": "NA",
        "STREET": "PRIVATE",
        "TTSTN": "667601",
        "MILEPOST": "0201.560",
        "TYPEXING": "Private",
        "POSXING": "At Grade",
        "PRVCAT": "14",
        "INIT": "1",
        "LATITUDE": 31.9736274,
        "LONGITUD": -96.4233157,
        "LLSOURCE": "1",
        "WHISTBAN": "0",
        "RRCONT": "4025443721",
        "POLCONT": "8008488715",
        "INV_LINK": "https://safetydata.fra.dot.gov/OfficeofSafety/PublicSite/Crossing/Crossing.aspx?phasetype=C&rpttype=I&txtcrossingnum=765421A",
        "ACC_LINK": "https://safetydata.fra.dot.gov/OfficeofSafety/PublicSite/Crossing/Crossing.aspx?phasetype=C&rpttype=A&txtcrossingnum=765421A",
        "TTSTNNAM": "",
        "XPURPOSE": "1",
        "OPERATINGR": "UP",
        "OPERATIN_1": "Primary",
        "DAYTHRU": 7,
        "NGHTTHRU": 6,
        "MAINTRK": 1,
        "SIDINGTRK": 0,
        "YARDTRK": 0,
        "TRANSITTRK": 0,
        "INDUSTRYTR": 0,
        "OTHRTRK": 0,
        "WDCODE": "",
        "REVISIONDA": "1975/01/01 00:00:00",
        "LASTUPDATE": "9/22/2025",
        "AADT": "1",
        "AADTYEAR": "1970",
        "STATENAME": "TEXAS",
        "STATEAB": "TX",
        "COUNTYNAME": "NAVARRO",
        "CITYNAME": "ANGUS",
        "LATDD": 31.9736274,
        "LONGDD": -96.4233157,
        "gridlyProductionCertified": true,
        "gridlyClassification": "PUBLIC_ROADWAY",
        "gridlyDisplayName": "PRIVATE",
        "gridlyId": "FRA-765421A"
      }
    },
    {
      "type": "Feature",
      "id": 213613,
      "geometry": {
        "type": "Point",
        "coordinates": [
          -96.4257604998729,
          31.9866812996215
        ]
      },
      "properties": {
        "OBJECTID": 213613,
        "CROSSING": "765423N",
        "EFFDATE": 1758499200000,
        "REASON": "14",
        "StateCode": "48",
        "CountyCode": "48349",
        "STCYFIPS": "48349",
        "CITYCD": "483495740",
        "RAILROAD": "UP",
        "RRDIV": "TEXOMA",
        "RRSUBDIV": "ENNIS SUB",
        "HIGHWAY": "CR 5164",
        "STREET": "CR 0070",
        "TTSTN": "667601",
        "MILEPOST": "0202.450",
        "TYPEXING": "Public",
        "POSXING": "At Grade",
        "PRVCAT": "14",
        "INIT": "1",
        "LATITUDE": 31.9866813,
        "LONGITUD": -96.4257605,
        "LLSOURCE": "1",
        "WHISTBAN": "0",
        "RRCONT": "4025443721",
        "POLCONT": "8008488715",
        "INV_LINK": "https://safetydata.fra.dot.gov/OfficeofSafety/PublicSite/Crossing/Crossing.aspx?phasetype=C&rpttype=I&txtcrossingnum=765423N",
        "ACC_LINK": "https://safetydata.fra.dot.gov/OfficeofSafety/PublicSite/Crossing/Crossing.aspx?phasetype=C&rpttype=A&txtcrossingnum=765423N",
        "TTSTNNAM": "",
        "XPURPOSE": "1",
        "OPERATINGR": "UP",
        "OPERATIN_1": "Primary",
        "DAYTHRU": 7,
        "NGHTTHRU": 6,
        "MAINTRK": 1,
        "SIDINGTRK": 0,
        "YARDTRK": 0,
        "TRANSITTRK": 0,
        "INDUSTRYTR": 0,
        "OTHRTRK": 0,
        "WDCODE": "Stop signs",
        "REVISIONDA": "1975/01/01 00:00:00",
        "LASTUPDATE": "9/22/2025",
        "AADT": "24",
        "AADTYEAR": "2019",
        "STATENAME": "TEXAS",
        "STATEAB": "TX",
        "COUNTYNAME": "NAVARRO",
        "CITYNAME": "RICHLAND",
        "LATDD": 31.9866813,
        "LONGDD": -96.4257605,
        "gridlyProductionCertified": true,
        "gridlyClassification": "PUBLIC_ROADWAY",
        "gridlyDisplayName": "CR 0070",
        "gridlyId": "FRA-765423N"
      }
    },
    {
      "type": "Feature",
      "id": 213614,
      "geometry": {
        "type": "Point",
        "coordinates": [
          -96.4293149996032,
          31.9924800002929
        ]
      },
      "properties": {
        "OBJECTID": 213614,
        "CROSSING": "765424V",
        "EFFDATE": 1758499200000,
        "REASON": "14",
        "StateCode": "48",
        "CountyCode": "48349",
        "STCYFIPS": "48349",
        "CITYCD": "483495740",
        "RAILROAD": "UP",
        "RRDIV": "TEXOMA",
        "RRSUBDIV": "ENNIS SUB",
        "HIGHWAY": "CO 0000",
        "STREET": "CR 0070",
        "TTSTN": "667601",
        "MILEPOST": "0202.900",
        "TYPEXING": "Public",
        "POSXING": "At Grade",
        "PRVCAT": "14",
        "INIT": "1",
        "LATITUDE": 31.99248,
        "LONGITUD": -96.429315,
        "LLSOURCE": "1",
        "WHISTBAN": "0",
        "RRCONT": "4025443721",
        "POLCONT": "8008488715",
        "INV_LINK": "https://safetydata.fra.dot.gov/OfficeofSafety/PublicSite/Crossing/Crossing.aspx?phasetype=C&rpttype=I&txtcrossingnum=765424V",
        "ACC_LINK": "https://safetydata.fra.dot.gov/OfficeofSafety/PublicSite/Crossing/Crossing.aspx?phasetype=C&rpttype=A&txtcrossingnum=765424V",
        "TTSTNNAM": "",
        "XPURPOSE": "1",
        "OPERATINGR": "UP",
        "OPERATIN_1": "Primary",
        "DAYTHRU": 7,
        "NGHTTHRU": 6,
        "MAINTRK": 1,
        "SIDINGTRK": 1,
        "YARDTRK": 0,
        "TRANSITTRK": 0,
        "INDUSTRYTR": 0,
        "OTHRTRK": 1,
        "WDCODE": "All other Gates",
        "REVISIONDA": "1975/01/01 00:00:00",
        "LASTUPDATE": "9/22/2025",
        "AADT": "24",
        "AADTYEAR": "2019",
        "STATENAME": "TEXAS",
        "STATEAB": "TX",
        "COUNTYNAME": "NAVARRO",
        "CITYNAME": "RICHLAND",
        "LATDD": 31.99248,
        "LONGDD": -96.429315,
        "gridlyProductionCertified": true,
        "gridlyClassification": "PUBLIC_ROADWAY",
        "gridlyDisplayName": "CR 0070",
        "gridlyId": "FRA-765424V"
      }
    },
    {
      "type": "Feature",
      "id": 213615,
      "geometry": {
        "type": "Point",
        "coordinates": [
          -96.4371094998638,
          32.0052431999954
        ]
      },
      "properties": {
        "OBJECTID": 213615,
        "CROSSING": "765426J",
        "EFFDATE": 1758499200000,
        "REASON": "14",
        "StateCode": "48",
        "CountyCode": "48349",
        "STCYFIPS": "48349",
        "CITYCD": "483490196",
        "RAILROAD": "UP",
        "RRDIV": "TEXOMA",
        "RRSUBDIV": "ENNIS SUB",
        "HIGHWAY": "ST 0000",
        "STREET": "BONNER STREET",
        "TTSTN": "667632",
        "MILEPOST": "0203.920",
        "TYPEXING": "Public",
        "POSXING": "At Grade",
        "PRVCAT": "14",
        "INIT": "1",
        "LATITUDE": 32.0052432,
        "LONGITUD": -96.4371095,
        "LLSOURCE": "1",
        "WHISTBAN": "0",
        "RRCONT": "4025443721",
        "POLCONT": "8008488715",
        "INV_LINK": "https://safetydata.fra.dot.gov/OfficeofSafety/PublicSite/Crossing/Crossing.aspx?phasetype=C&rpttype=I&txtcrossingnum=765426J",
        "ACC_LINK": "https://safetydata.fra.dot.gov/OfficeofSafety/PublicSite/Crossing/Crossing.aspx?phasetype=C&rpttype=A&txtcrossingnum=765426J",
        "TTSTNNAM": "",
        "XPURPOSE": "1",
        "OPERATINGR": "UP",
        "OPERATIN_1": "Primary",
        "DAYTHRU": 7,
        "NGHTTHRU": 6,
        "MAINTRK": 1,
        "SIDINGTRK": 1,
        "YARDTRK": 0,
        "TRANSITTRK": 0,
        "INDUSTRYTR": 0,
        "OTHRTRK": 1,
        "WDCODE": "All other Gates",
        "REVISIONDA": "1975/01/01 00:00:00",
        "LASTUPDATE": "9/22/2025",
        "AADT": "351",
        "AADTYEAR": "2019",
        "STATENAME": "TEXAS",
        "STATEAB": "TX",
        "COUNTYNAME": "NAVARRO",
        "CITYNAME": "ANGUS",
        "LATDD": 32.0052432,
        "LONGDD": -96.4371095,
        "gridlyProductionCertified": true,
        "gridlyClassification": "PUBLIC_ROADWAY",
        "gridlyDisplayName": "BONNER STREET",
        "gridlyId": "FRA-765426J"
      }
    },
    {
      "type": "Feature",
      "id": 213616,
      "geometry": {
        "type": "Point",
        "coordinates": [
          -96.4428717998476,
          32.0144993000197
        ]
      },
      "properties": {
        "OBJECTID": 213616,
        "CROSSING": "765427R",
        "EFFDATE": 1758499200000,
        "REASON": "14",
        "StateCode": "48",
        "CountyCode": "48349",
        "STCYFIPS": "48349",
        "CITYCD": "483490196",
        "RAILROAD": "UP",
        "RRDIV": "TEXOMA",
        "RRSUBDIV": "ENNIS SUB",
        "HIGHWAY": "ST 0000",
        "STREET": "FESMIRE AVENUE",
        "TTSTN": "",
        "MILEPOST": "0204.650",
        "TYPEXING": "Public",
        "POSXING": "At Grade",
        "PRVCAT": "14",
        "INIT": "1",
        "LATITUDE": 32.0144993,
        "LONGITUD": -96.4428718,
        "LLSOURCE": "1",
        "WHISTBAN": "0",
        "RRCONT": "4025443721",
        "POLCONT": "8008488715",
        "INV_LINK": "https://safetydata.fra.dot.gov/OfficeofSafety/PublicSite/Crossing/Crossing.aspx?phasetype=C&rpttype=I&txtcrossingnum=765427R",
        "ACC_LINK": "https://safetydata.fra.dot.gov/OfficeofSafety/PublicSite/Crossing/Crossing.aspx?phasetype=C&rpttype=A&txtcrossingnum=765427R",
        "TTSTNNAM": "",
        "XPURPOSE": "1",
        "OPERATINGR": "UP",
        "OPERATIN_1": "Primary",
        "DAYTHRU": 7,
        "NGHTTHRU": 6,
        "MAINTRK": 1,
        "SIDINGTRK": 0,
        "YARDTRK": 0,
        "TRANSITTRK": 0,
        "INDUSTRYTR": 0,
        "OTHRTRK": 0,
        "WDCODE": "All other Gates",
        "REVISIONDA": "1975/01/01 00:00:00",
        "LASTUPDATE": "9/22/2025",
        "AADT": "227",
        "AADTYEAR": "2019",
        "STATENAME": "TEXAS",
        "STATEAB": "TX",
        "COUNTYNAME": "NAVARRO",
        "CITYNAME": "ANGUS",
        "LATDD": 32.0144993,
        "LONGDD": -96.4428718,
        "gridlyProductionCertified": true,
        "gridlyClassification": "PUBLIC_ROADWAY",
        "gridlyDisplayName": "FESMIRE AVENUE",
        "gridlyId": "FRA-765427R"
      }
    },
    {
      "type": "Feature",
      "id": 213617,
      "geometry": {
        "type": "Point",
        "coordinates": [
          -96.4635130000869,
          32.0679747997172
        ]
      },
      "properties": {
        "OBJECTID": 213617,
        "CROSSING": "765428X",
        "EFFDATE": 1758499200000,
        "REASON": "14",
        "StateCode": "48",
        "CountyCode": "48349",
        "STCYFIPS": "48349",
        "CITYCD": "483491570",
        "RAILROAD": "UP",
        "RRDIV": "TEXOMA",
        "RRSUBDIV": "ENNIS SUB",
        "HIGHWAY": "ST 0000",
        "STREET": "15TH AVENUE",
        "TTSTN": "667632",
        "MILEPOST": "0208.630",
        "TYPEXING": "Public",
        "POSXING": "At Grade",
        "PRVCAT": "14",
        "INIT": "1",
        "LATITUDE": 32.0679748,
        "LONGITUD": -96.463513,
        "LLSOURCE": "1",
        "WHISTBAN": "0",
        "RRCONT": "4025443721",
        "POLCONT": "8008488715",
        "INV_LINK": "https://safetydata.fra.dot.gov/OfficeofSafety/PublicSite/Crossing/Crossing.aspx?phasetype=C&rpttype=I&txtcrossingnum=765428X",
        "ACC_LINK": "https://safetydata.fra.dot.gov/OfficeofSafety/PublicSite/Crossing/Crossing.aspx?phasetype=C&rpttype=A&txtcrossingnum=765428X",
        "TTSTNNAM": "",
        "XPURPOSE": "1",
        "OPERATINGR": "UP",
        "OPERATIN_1": "Primary",
        "DAYTHRU": 7,
        "NGHTTHRU": 6,
        "MAINTRK": 1,
        "SIDINGTRK": 0,
        "YARDTRK": 0,
        "TRANSITTRK": 0,
        "INDUSTRYTR": 0,
        "OTHRTRK": 0,
        "WDCODE": "All other Gates",
        "REVISIONDA": "1975/01/01 00:00:00",
        "LASTUPDATE": "9/22/2025",
        "AADT": "4300",
        "AADTYEAR": "2019",
        "STATENAME": "TEXAS",
        "STATEAB": "TX",
        "COUNTYNAME": "NAVARRO",
        "CITYNAME": "CORSICANA",
        "LATDD": 32.0679748,
        "LONGDD": -96.463513,
        "gridlyProductionCertified": true,
        "gridlyClassification": "PUBLIC_ROADWAY",
        "gridlyDisplayName": "15TH AVENUE",
        "gridlyId": "FRA-765428X"
      }
    },
    {
      "type": "Feature",
      "id": 213618,
      "geometry": {
        "type": "Point",
        "coordinates": [
          -96.4623470003229,
          32.0868359997451
        ]
      },
      "properties": {
        "OBJECTID": 213618,
        "CROSSING": "765431F",
        "EFFDATE": 1758499200000,
        "REASON": "14",
        "StateCode": "48",
        "CountyCode": "48349",
        "STCYFIPS": "48349",
        "CITYCD": "483491570",
        "RAILROAD": "UP",
        "RRDIV": "TEXOMA",
        "RRSUBDIV": "ENNIS SUB",
        "HIGHWAY": "ST 0000",
        "STREET": "12TH AVENUE",
        "TTSTN": "667632",
        "MILEPOST": "0209.940",
        "TYPEXING": "Public",
        "POSXING": "At Grade",
        "PRVCAT": "14",
        "INIT": "1",
        "LATITUDE": 32.086836,
        "LONGITUD": -96.462347,
        "LLSOURCE": "1",
        "WHISTBAN": "0",
        "RRCONT": "4025443721",
        "POLCONT": "8008488715",
        "INV_LINK": "https://safetydata.fra.dot.gov/OfficeofSafety/PublicSite/Crossing/Crossing.aspx?phasetype=C&rpttype=I&txtcrossingnum=765431F",
        "ACC_LINK": "https://safetydata.fra.dot.gov/OfficeofSafety/PublicSite/Crossing/Crossing.aspx?phasetype=C&rpttype=A&txtcrossingnum=765431F",
        "TTSTNNAM": "",
        "XPURPOSE": "1",
        "OPERATINGR": "UP",
        "OPERATIN_1": "Primary",
        "DAYTHRU": 7,
        "NGHTTHRU": 6,
        "MAINTRK": 2,
        "SIDINGTRK": 0,
        "YARDTRK": 0,
        "TRANSITTRK": 0,
        "INDUSTRYTR": 0,
        "OTHRTRK": 1,
        "WDCODE": "All other Gates",
        "REVISIONDA": "1975/01/01 00:00:00",
        "LASTUPDATE": "9/22/2025",
        "AADT": "1318",
        "AADTYEAR": "2019",
        "STATENAME": "TEXAS",
        "STATEAB": "TX",
        "COUNTYNAME": "NAVARRO",
        "CITYNAME": "CORSICANA",
        "LATDD": 32.086836,
        "LONGDD": -96.462347,
        "gridlyProductionCertified": true,
        "gridlyClassification": "PUBLIC_ROADWAY",
        "gridlyDisplayName": "12TH AVENUE",
        "gridlyId": "FRA-765431F"
      }
    },
    {
      "type": "Feature",
      "id": 213619,
      "geometry": {
        "type": "Point",
        "coordinates": [
          -96.4623110003378,
          32.0871479998374
        ]
      },
      "properties": {
        "OBJECTID": 213619,
        "CROSSING": "765432M",
        "EFFDATE": 1758499200000,
        "REASON": "14",
        "StateCode": "48",
        "CountyCode": "48349",
        "STCYFIPS": "48349",
        "CITYCD": "483491570",
        "RAILROAD": "UP",
        "RRDIV": "Texoma",
        "RRSUBDIV": "Ennis Sub",
        "HIGHWAY": "ST 0000",
        "STREET": "South 12th Street",
        "TTSTN": "667632",
        "MILEPOST": "0209.960",
        "TYPEXING": "Public",
        "POSXING": "At Grade",
        "PRVCAT": "14",
        "INIT": "1",
        "LATITUDE": 32.087148,
        "LONGITUD": -96.462311,
        "LLSOURCE": "1",
        "WHISTBAN": "0",
        "RRCONT": "4025443721",
        "POLCONT": "8008488715",
        "INV_LINK": "https://safetydata.fra.dot.gov/OfficeofSafety/PublicSite/Crossing/Crossing.aspx?phasetype=C&rpttype=I&txtcrossingnum=765432M",
        "ACC_LINK": "https://safetydata.fra.dot.gov/OfficeofSafety/PublicSite/Crossing/Crossing.aspx?phasetype=C&rpttype=A&txtcrossingnum=765432M",
        "TTSTNNAM": "",
        "XPURPOSE": "1",
        "OPERATINGR": "UP",
        "OPERATIN_1": "Primary",
        "DAYTHRU": 7,
        "NGHTTHRU": 6,
        "MAINTRK": 2,
        "SIDINGTRK": 0,
        "YARDTRK": 0,
        "TRANSITTRK": 0,
        "INDUSTRYTR": 0,
        "OTHRTRK": 1,
        "WDCODE": "All other Gates",
        "REVISIONDA": "1975/01/01 00:00:00",
        "LASTUPDATE": "9/22/2025",
        "AADT": "903",
        "AADTYEAR": "2019",
        "STATENAME": "TEXAS",
        "STATEAB": "TX",
        "COUNTYNAME": "NAVARRO",
        "CITYNAME": "CORSICANA",
        "LATDD": 32.087148,
        "LONGDD": -96.462311,
        "gridlyProductionCertified": true,
        "gridlyClassification": "PUBLIC_ROADWAY",
        "gridlyDisplayName": "South 12th Street",
        "gridlyId": "FRA-765432M"
      }
    },
    {
      "type": "Feature",
      "id": 213620,
      "geometry": {
        "type": "Point",
        "coordinates": [
          -96.462128300077,
          32.0890024999547
        ]
      },
      "properties": {
        "OBJECTID": 213620,
        "CROSSING": "765433U",
        "EFFDATE": 1758499200000,
        "REASON": "14",
        "StateCode": "48",
        "CountyCode": "48349",
        "STCYFIPS": "48349",
        "CITYCD": "483491570",
        "RAILROAD": "UP",
        "RRDIV": "TEXOMA",
        "RRSUBDIV": "ENNIS SUB",
        "HIGHWAY": "ST 0000",
        "STREET": "SOUTH MAIN STREET",
        "TTSTN": "667632",
        "MILEPOST": "0210.090",
        "TYPEXING": "Public",
        "POSXING": "At Grade",
        "PRVCAT": "14",
        "INIT": "1",
        "LATITUDE": 32.0890025,
        "LONGITUD": -96.4621283,
        "LLSOURCE": "1",
        "WHISTBAN": "0",
        "RRCONT": "4025443721",
        "POLCONT": "8008488715",
        "INV_LINK": "https://safetydata.fra.dot.gov/OfficeofSafety/PublicSite/Crossing/Crossing.aspx?phasetype=C&rpttype=I&txtcrossingnum=765433U",
        "ACC_LINK": "https://safetydata.fra.dot.gov/OfficeofSafety/PublicSite/Crossing/Crossing.aspx?phasetype=C&rpttype=A&txtcrossingnum=765433U",
        "TTSTNNAM": "",
        "XPURPOSE": "1",
        "OPERATINGR": "UP",
        "OPERATIN_1": "Primary",
        "DAYTHRU": 7,
        "NGHTTHRU": 6,
        "MAINTRK": 2,
        "SIDINGTRK": 0,
        "YARDTRK": 0,
        "TRANSITTRK": 0,
        "INDUSTRYTR": 0,
        "OTHRTRK": 4,
        "WDCODE": "All other Gates",
        "REVISIONDA": "1975/01/01 00:00:00",
        "LASTUPDATE": "9/22/2025",
        "AADT": "489",
        "AADTYEAR": "2019",
        "STATENAME": "TEXAS",
        "STATEAB": "TX",
        "COUNTYNAME": "NAVARRO",
        "CITYNAME": "CORSICANA",
        "LATDD": 32.0890025,
        "LONGDD": -96.4621283,
        "gridlyProductionCertified": true,
        "gridlyClassification": "PUBLIC_ROADWAY",
        "gridlyDisplayName": "SOUTH MAIN STREET",
        "gridlyId": "FRA-765433U"
      }
    },
    {
      "type": "Feature",
      "id": 213621,
      "geometry": {
        "type": "Point",
        "coordinates": [
          -96.4619715000425,
          32.0922928003336
        ]
      },
      "properties": {
        "OBJECTID": 213621,
        "CROSSING": "765434B",
        "EFFDATE": 1758499200000,
        "REASON": "14",
        "StateCode": "48",
        "CountyCode": "48349",
        "STCYFIPS": "48349",
        "CITYCD": "483491570",
        "RAILROAD": "UP",
        "RRDIV": "TEXOMA",
        "RRSUBDIV": "ENNIS SUB",
        "HIGHWAY": "SH 0031",
        "STREET": "TX 31/7th Avenue",
        "TTSTN": "667632",
        "MILEPOST": "0210.320",
        "TYPEXING": "Public",
        "POSXING": "At Grade",
        "PRVCAT": "14",
        "INIT": "1",
        "LATITUDE": 32.0922928,
        "LONGITUD": -96.4619715,
        "LLSOURCE": "1",
        "WHISTBAN": "0",
        "RRCONT": "4025443721",
        "POLCONT": "8008488715",
        "INV_LINK": "https://safetydata.fra.dot.gov/OfficeofSafety/PublicSite/Crossing/Crossing.aspx?phasetype=C&rpttype=I&txtcrossingnum=765434B",
        "ACC_LINK": "https://safetydata.fra.dot.gov/OfficeofSafety/PublicSite/Crossing/Crossing.aspx?phasetype=C&rpttype=A&txtcrossingnum=765434B",
        "TTSTNNAM": "",
        "XPURPOSE": "1",
        "OPERATINGR": "UP",
        "OPERATIN_1": "Primary",
        "DAYTHRU": 7,
        "NGHTTHRU": 6,
        "MAINTRK": 1,
        "SIDINGTRK": 0,
        "YARDTRK": 0,
        "TRANSITTRK": 0,
        "INDUSTRYTR": 0,
        "OTHRTRK": 0,
        "WDCODE": "All other Gates",
        "REVISIONDA": "1975/01/01 00:00:00",
        "LASTUPDATE": "9/22/2025",
        "AADT": "17287",
        "AADTYEAR": "2019",
        "STATENAME": "TEXAS",
        "STATEAB": "TX",
        "COUNTYNAME": "NAVARRO",
        "CITYNAME": "CORSICANA",
        "LATDD": 32.0922928,
        "LONGDD": -96.4619715,
        "gridlyProductionCertified": true,
        "gridlyClassification": "PUBLIC_ROADWAY",
        "gridlyDisplayName": "TX 31/7th Avenue",
        "gridlyId": "FRA-765434B"
      }
    },
    {
      "type": "Feature",
      "id": 213622,
      "geometry": {
        "type": "Point",
        "coordinates": [
          -96.4619032002331,
          32.0933845998859
        ]
      },
      "properties": {
        "OBJECTID": 213622,
        "CROSSING": "765435H",
        "EFFDATE": 1758499200000,
        "REASON": "14",
        "StateCode": "48",
        "CountyCode": "48349",
        "STCYFIPS": "48349",
        "CITYCD": "483491570",
        "RAILROAD": "UP",
        "RRDIV": "TEXOMA",
        "RRSUBDIV": "ENNIS SUB",
        "HIGHWAY": "ST 0000",
        "STREET": "EAST 6TH AVENUE",
        "TTSTN": "667632",
        "MILEPOST": "0210.400",
        "TYPEXING": "Public",
        "POSXING": "At Grade",
        "PRVCAT": "14",
        "INIT": "1",
        "LATITUDE": 32.0933846,
        "LONGITUD": -96.4619032,
        "LLSOURCE": "1",
        "WHISTBAN": "0",
        "RRCONT": "4025443721",
        "POLCONT": "8008488715",
        "INV_LINK": "https://safetydata.fra.dot.gov/OfficeofSafety/PublicSite/Crossing/Crossing.aspx?phasetype=C&rpttype=I&txtcrossingnum=765435H",
        "ACC_LINK": "https://safetydata.fra.dot.gov/OfficeofSafety/PublicSite/Crossing/Crossing.aspx?phasetype=C&rpttype=A&txtcrossingnum=765435H",
        "TTSTNNAM": "",
        "XPURPOSE": "1",
        "OPERATINGR": "UP",
        "OPERATIN_1": "Primary",
        "DAYTHRU": 4,
        "NGHTTHRU": 4,
        "MAINTRK": 1,
        "SIDINGTRK": 0,
        "YARDTRK": 0,
        "TRANSITTRK": 0,
        "INDUSTRYTR": 0,
        "OTHRTRK": 1,
        "WDCODE": "All other Gates",
        "REVISIONDA": "1975/01/01 00:00:00",
        "LASTUPDATE": "9/22/2025",
        "AADT": "42",
        "AADTYEAR": "2019",
        "STATENAME": "TEXAS",
        "STATEAB": "TX",
        "COUNTYNAME": "NAVARRO",
        "CITYNAME": "CORSICANA",
        "LATDD": 32.0933846,
        "LONGDD": -96.4619032,
        "gridlyProductionCertified": true,
        "gridlyClassification": "PUBLIC_ROADWAY",
        "gridlyDisplayName": "EAST 6TH AVENUE",
        "gridlyId": "FRA-765435H"
      }
    },
    {
      "type": "Feature",
      "id": 213623,
      "geometry": {
        "type": "Point",
        "coordinates": [
          -96.461836399712,
          32.0944602000724
        ]
      },
      "properties": {
        "OBJECTID": 213623,
        "CROSSING": "765436P",
        "EFFDATE": 1758499200000,
        "REASON": "14",
        "StateCode": "48",
        "CountyCode": "48349",
        "STCYFIPS": "48349",
        "CITYCD": "483491570",
        "RAILROAD": "UP",
        "RRDIV": "TEXOMA",
        "RRSUBDIV": "ENNIS SUB",
        "HIGHWAY": "ST 0000",
        "STREET": "COLLIN STREET",
        "TTSTN": "667632",
        "MILEPOST": "0210.470",
        "TYPEXING": "Public",
        "POSXING": "At Grade",
        "PRVCAT": "14",
        "INIT": "1",
        "LATITUDE": 32.0944602,
        "LONGITUD": -96.4618364,
        "LLSOURCE": "1",
        "WHISTBAN": "0",
        "RRCONT": "4025443721",
        "POLCONT": "8008488715",
        "INV_LINK": "https://safetydata.fra.dot.gov/OfficeofSafety/PublicSite/Crossing/Crossing.aspx?phasetype=C&rpttype=I&txtcrossingnum=765436P",
        "ACC_LINK": "https://safetydata.fra.dot.gov/OfficeofSafety/PublicSite/Crossing/Crossing.aspx?phasetype=C&rpttype=A&txtcrossingnum=765436P",
        "TTSTNNAM": "",
        "XPURPOSE": "1",
        "OPERATINGR": "UP",
        "OPERATIN_1": "Primary",
        "DAYTHRU": 4,
        "NGHTTHRU": 4,
        "MAINTRK": 1,
        "SIDINGTRK": 0,
        "YARDTRK": 0,
        "TRANSITTRK": 0,
        "INDUSTRYTR": 0,
        "OTHRTRK": 0,
        "WDCODE": "All other Gates",
        "REVISIONDA": "1975/01/01 00:00:00",
        "LASTUPDATE": "9/22/2025",
        "AADT": "77",
        "AADTYEAR": "2019",
        "STATENAME": "TEXAS",
        "STATEAB": "TX",
        "COUNTYNAME": "NAVARRO",
        "CITYNAME": "CORSICANA",
        "LATDD": 32.0944602,
        "LONGDD": -96.4618364,
        "gridlyProductionCertified": true,
        "gridlyClassification": "PUBLIC_ROADWAY",
        "gridlyDisplayName": "COLLIN STREET",
        "gridlyId": "FRA-765436P"
      }
    },
    {
      "type": "Feature",
      "id": 213624,
      "geometry": {
        "type": "Point",
        "coordinates": [
          -96.4618685001104,
          32.0956439999752
        ]
      },
      "properties": {
        "OBJECTID": 213624,
        "CROSSING": "765437W",
        "EFFDATE": 1758499200000,
        "REASON": "14",
        "StateCode": "48",
        "CountyCode": "48349",
        "STCYFIPS": "48349",
        "CITYCD": "483491570",
        "RAILROAD": "UP",
        "RRDIV": "TEXOMA",
        "RRSUBDIV": "ENNIS SUB",
        "HIGHWAY": "0000",
        "STREET": "EAST 5TH AVENUE",
        "TTSTN": "667632",
        "MILEPOST": "0210.540",
        "TYPEXING": "Public",
        "POSXING": "At Grade",
        "PRVCAT": "14",
        "INIT": "1",
        "LATITUDE": 32.095644,
        "LONGITUD": -96.4618685,
        "LLSOURCE": "1",
        "WHISTBAN": "0",
        "RRCONT": "4025443721",
        "POLCONT": "8008488715",
        "INV_LINK": "https://safetydata.fra.dot.gov/OfficeofSafety/PublicSite/Crossing/Crossing.aspx?phasetype=C&rpttype=I&txtcrossingnum=765437W",
        "ACC_LINK": "https://safetydata.fra.dot.gov/OfficeofSafety/PublicSite/Crossing/Crossing.aspx?phasetype=C&rpttype=A&txtcrossingnum=765437W",
        "TTSTNNAM": "",
        "XPURPOSE": "1",
        "OPERATINGR": "UP",
        "OPERATIN_1": "Primary",
        "DAYTHRU": 4,
        "NGHTTHRU": 4,
        "MAINTRK": 1,
        "SIDINGTRK": 0,
        "YARDTRK": 0,
        "TRANSITTRK": 0,
        "INDUSTRYTR": 0,
        "OTHRTRK": 3,
        "WDCODE": "All other Gates",
        "REVISIONDA": "1975/01/01 00:00:00",
        "LASTUPDATE": "9/22/2025",
        "AADT": "1658",
        "AADTYEAR": "2019",
        "STATENAME": "TEXAS",
        "STATEAB": "TX",
        "COUNTYNAME": "NAVARRO",
        "CITYNAME": "CORSICANA",
        "LATDD": 32.095644,
        "LONGDD": -96.4618685,
        "gridlyProductionCertified": true,
        "gridlyClassification": "PUBLIC_ROADWAY",
        "gridlyDisplayName": "EAST 5TH AVENUE",
        "gridlyId": "FRA-765437W"
      }
    },
    {
      "type": "Feature",
      "id": 213625,
      "geometry": {
        "type": "Point",
        "coordinates": [
          -96.4624735001828,
          32.0977601002744
        ]
      },
      "properties": {
        "OBJECTID": 213625,
        "CROSSING": "765438D",
        "EFFDATE": 1758499200000,
        "REASON": "14",
        "StateCode": "48",
        "CountyCode": "48349",
        "STCYFIPS": "48349",
        "CITYCD": "483491570",
        "RAILROAD": "UP",
        "RRDIV": "TEXOMA",
        "RRSUBDIV": "ENNIS SUB",
        "HIGHWAY": "ST 0000",
        "STREET": "3RD AVENUE",
        "TTSTN": "667632",
        "MILEPOST": "0210.700",
        "TYPEXING": "Public",
        "POSXING": "At Grade",
        "PRVCAT": "14",
        "INIT": "1",
        "LATITUDE": 32.0977601,
        "LONGITUD": -96.4624735,
        "LLSOURCE": "1",
        "WHISTBAN": "0",
        "RRCONT": "4025443721",
        "POLCONT": "8008488715",
        "INV_LINK": "https://safetydata.fra.dot.gov/OfficeofSafety/PublicSite/Crossing/Crossing.aspx?phasetype=C&rpttype=I&txtcrossingnum=765438D",
        "ACC_LINK": "https://safetydata.fra.dot.gov/OfficeofSafety/PublicSite/Crossing/Crossing.aspx?phasetype=C&rpttype=A&txtcrossingnum=765438D",
        "TTSTNNAM": "",
        "XPURPOSE": "1",
        "OPERATINGR": "UP",
        "OPERATIN_1": "Primary",
        "DAYTHRU": 4,
        "NGHTTHRU": 4,
        "MAINTRK": 1,
        "SIDINGTRK": 0,
        "YARDTRK": 0,
        "TRANSITTRK": 0,
        "INDUSTRYTR": 0,
        "OTHRTRK": 2,
        "WDCODE": "All other Gates",
        "REVISIONDA": "1975/01/01 00:00:00",
        "LASTUPDATE": "9/22/2025",
        "AADT": "1959",
        "AADTYEAR": "2019",
        "STATENAME": "TEXAS",
        "STATEAB": "TX",
        "COUNTYNAME": "NAVARRO",
        "CITYNAME": "CORSICANA",
        "LATDD": 32.0977601,
        "LONGDD": -96.4624735,
        "gridlyProductionCertified": true,
        "gridlyClassification": "PUBLIC_ROADWAY",
        "gridlyDisplayName": "3RD AVENUE",
        "gridlyId": "FRA-765438D"
      }
    },
    {
      "type": "Feature",
      "id": 213628,
      "geometry": {
        "type": "Point",
        "coordinates": [
          -96.4865327999597,
          32.2159800998765
        ]
      },
      "properties": {
        "OBJECTID": 213628,
        "CROSSING": "765442T",
        "EFFDATE": 1758499200000,
        "REASON": "14",
        "StateCode": "48",
        "CountyCode": "48349",
        "STCYFIPS": "48349",
        "CITYCD": "483495720",
        "RAILROAD": "UP",
        "RRDIV": "TEXOMA",
        "RRSUBDIV": "ENNIS SUB",
        "HIGHWAY": "FM 1126",
        "STREET": "FM 1126",
        "TTSTN": "667615",
        "MILEPOST": "0219.040",
        "TYPEXING": "Public",
        "POSXING": "At Grade",
        "PRVCAT": "14",
        "INIT": "1",
        "LATITUDE": 32.2159801,
        "LONGITUD": -96.4865328,
        "LLSOURCE": "1",
        "WHISTBAN": "0",
        "RRCONT": "4025443721",
        "POLCONT": "8008488715",
        "INV_LINK": "https://safetydata.fra.dot.gov/OfficeofSafety/PublicSite/Crossing/Crossing.aspx?phasetype=C&rpttype=I&txtcrossingnum=765442T",
        "ACC_LINK": "https://safetydata.fra.dot.gov/OfficeofSafety/PublicSite/Crossing/Crossing.aspx?phasetype=C&rpttype=A&txtcrossingnum=765442T",
        "TTSTNNAM": "",
        "XPURPOSE": "1",
        "OPERATINGR": "UP",
        "OPERATIN_1": "Primary",
        "DAYTHRU": 4,
        "NGHTTHRU": 4,
        "MAINTRK": 1,
        "SIDINGTRK": 0,
        "YARDTRK": 0,
        "TRANSITTRK": 0,
        "INDUSTRYTR": 0,
        "OTHRTRK": 0,
        "WDCODE": "All other Gates",
        "REVISIONDA": "1975/01/01 00:00:00",
        "LASTUPDATE": "9/22/2025",
        "AADT": "2260",
        "AADTYEAR": "2019",
        "STATENAME": "TEXAS",
        "STATEAB": "TX",
        "COUNTYNAME": "NAVARRO",
        "CITYNAME": "RICE",
        "LATDD": 32.2159801,
        "LONGDD": -96.4865328,
        "gridlyProductionCertified": true,
        "gridlyClassification": "PUBLIC_ROADWAY",
        "gridlyDisplayName": "FM 1126",
        "gridlyId": "FRA-765442T"
      }
    },
    {
      "type": "Feature",
      "id": 213629,
      "geometry": {
        "type": "Point",
        "coordinates": [
          -96.5012749999851,
          32.2446167003581
        ]
      },
      "properties": {
        "OBJECTID": 213629,
        "CROSSING": "765443A",
        "EFFDATE": 1758499200000,
        "REASON": "14",
        "StateCode": "48",
        "CountyCode": "48349",
        "STCYFIPS": "48349",
        "CITYCD": "483495720",
        "RAILROAD": "UP",
        "RRDIV": "TEXOMA",
        "RRSUBDIV": "ENNIS SUB",
        "HIGHWAY": "JEFFERS",
        "STREET": "JEFFERSON STREET",
        "TTSTN": "667615",
        "MILEPOST": "0221.240",
        "TYPEXING": "Public",
        "POSXING": "At Grade",
        "PRVCAT": "14",
        "INIT": "1",
        "LATITUDE": 32.2446167,
        "LONGITUD": -96.501275,
        "LLSOURCE": "1",
        "WHISTBAN": "0",
        "RRCONT": "4025443721",
        "POLCONT": "8008488715",
        "INV_LINK": "https://safetydata.fra.dot.gov/OfficeofSafety/PublicSite/Crossing/Crossing.aspx?phasetype=C&rpttype=I&txtcrossingnum=765443A",
        "ACC_LINK": "https://safetydata.fra.dot.gov/OfficeofSafety/PublicSite/Crossing/Crossing.aspx?phasetype=C&rpttype=A&txtcrossingnum=765443A",
        "TTSTNNAM": "",
        "XPURPOSE": "1",
        "OPERATINGR": "UP",
        "OPERATIN_1": "Primary",
        "DAYTHRU": 4,
        "NGHTTHRU": 4,
        "MAINTRK": 1,
        "SIDINGTRK": 1,
        "YARDTRK": 0,
        "TRANSITTRK": 0,
        "INDUSTRYTR": 0,
        "OTHRTRK": 1,
        "WDCODE": "All other Gates",
        "REVISIONDA": "1975/01/01 00:00:00",
        "LASTUPDATE": "9/22/2025",
        "AADT": "24",
        "AADTYEAR": "2019",
        "STATENAME": "TEXAS",
        "STATEAB": "TX",
        "COUNTYNAME": "NAVARRO",
        "CITYNAME": "RICE",
        "LATDD": 32.2446167,
        "LONGDD": -96.501275,
        "gridlyProductionCertified": true,
        "gridlyClassification": "PUBLIC_ROADWAY",
        "gridlyDisplayName": "JEFFERSON STREET",
        "gridlyId": "FRA-765443A"
      }
    },
    {
      "type": "Feature",
      "id": 213630,
      "geometry": {
        "type": "Point",
        "coordinates": [
          -96.5003635998405,
          32.2428904000967
        ]
      },
      "properties": {
        "OBJECTID": 213630,
        "CROSSING": "765445N",
        "EFFDATE": 1758499200000,
        "REASON": "14",
        "StateCode": "48",
        "CountyCode": "48349",
        "STCYFIPS": "48349",
        "CITYCD": "483495720",
        "RAILROAD": "UP",
        "RRDIV": "TEXOMA",
        "RRSUBDIV": "ENNIS SUB",
        "HIGHWAY": "ST 0000",
        "STREET": "CALHOUN STREET",
        "TTSTN": "667615",
        "MILEPOST": "0221.110",
        "TYPEXING": "Public",
        "POSXING": "At Grade",
        "PRVCAT": "14",
        "INIT": "1",
        "LATITUDE": 32.2428904,
        "LONGITUD": -96.5003636,
        "LLSOURCE": "1",
        "WHISTBAN": "0",
        "RRCONT": "4025443721",
        "POLCONT": "8008488715",
        "INV_LINK": "https://safetydata.fra.dot.gov/OfficeofSafety/PublicSite/Crossing/Crossing.aspx?phasetype=C&rpttype=I&txtcrossingnum=765445N",
        "ACC_LINK": "https://safetydata.fra.dot.gov/OfficeofSafety/PublicSite/Crossing/Crossing.aspx?phasetype=C&rpttype=A&txtcrossingnum=765445N",
        "TTSTNNAM": "",
        "XPURPOSE": "1",
        "OPERATINGR": "UP",
        "OPERATIN_1": "Primary",
        "DAYTHRU": 4,
        "NGHTTHRU": 4,
        "MAINTRK": 1,
        "SIDINGTRK": 1,
        "YARDTRK": 0,
        "TRANSITTRK": 0,
        "INDUSTRYTR": 0,
        "OTHRTRK": 2,
        "WDCODE": "All other Gates",
        "REVISIONDA": "1975/01/01 00:00:00",
        "LASTUPDATE": "9/22/2025",
        "AADT": "1008",
        "AADTYEAR": "2019",
        "STATENAME": "TEXAS",
        "STATEAB": "TX",
        "COUNTYNAME": "NAVARRO",
        "CITYNAME": "RICE",
        "LATDD": 32.2428904,
        "LONGDD": -96.5003636,
        "gridlyProductionCertified": true,
        "gridlyClassification": "PUBLIC_ROADWAY",
        "gridlyDisplayName": "CALHOUN STREET",
        "gridlyId": "FRA-765445N"
      }
    },
    {
      "type": "Feature",
      "id": 213631,
      "geometry": {
        "type": "Point",
        "coordinates": [
          -96.4990132999162,
          32.2403642997424
        ]
      },
      "properties": {
        "OBJECTID": 213631,
        "CROSSING": "765446V",
        "EFFDATE": 1758499200000,
        "REASON": "14",
        "StateCode": "48",
        "CountyCode": "48349",
        "STCYFIPS": "48349",
        "CITYCD": "483495720",
        "RAILROAD": "UP",
        "RRDIV": "TEXOMA",
        "RRSUBDIV": "ENNIS SUB",
        "HIGHWAY": "MARSHAL",
        "STREET": "MARSHALL STREET",
        "TTSTN": "667615",
        "MILEPOST": "0220.920",
        "TYPEXING": "Public",
        "POSXING": "At Grade",
        "PRVCAT": "14",
        "INIT": "1",
        "LATITUDE": 32.2403643,
        "LONGITUD": -96.4990133,
        "LLSOURCE": "1",
        "WHISTBAN": "0",
        "RRCONT": "4025443721",
        "POLCONT": "8008488715",
        "INV_LINK": "https://safetydata.fra.dot.gov/OfficeofSafety/PublicSite/Crossing/Crossing.aspx?phasetype=C&rpttype=I&txtcrossingnum=765446V",
        "ACC_LINK": "https://safetydata.fra.dot.gov/OfficeofSafety/PublicSite/Crossing/Crossing.aspx?phasetype=C&rpttype=A&txtcrossingnum=765446V",
        "TTSTNNAM": "",
        "XPURPOSE": "1",
        "OPERATINGR": "UP",
        "OPERATIN_1": "Primary",
        "DAYTHRU": 4,
        "NGHTTHRU": 4,
        "MAINTRK": 1,
        "SIDINGTRK": 1,
        "YARDTRK": 0,
        "TRANSITTRK": 0,
        "INDUSTRYTR": 0,
        "OTHRTRK": 1,
        "WDCODE": "All other Gates",
        "REVISIONDA": "1975/01/01 00:00:00",
        "LASTUPDATE": "9/22/2025",
        "AADT": "24",
        "AADTYEAR": "2019",
        "STATENAME": "TEXAS",
        "STATEAB": "TX",
        "COUNTYNAME": "NAVARRO",
        "CITYNAME": "RICE",
        "LATDD": 32.2403643,
        "LONGDD": -96.4990133,
        "gridlyProductionCertified": true,
        "gridlyClassification": "PUBLIC_ROADWAY",
        "gridlyDisplayName": "MARSHALL STREET",
        "gridlyId": "FRA-765446V"
      }
    },
    {
      "type": "Feature",
      "id": 213635,
      "geometry": {
        "type": "Point",
        "coordinates": [
          -96.4347691999024,
          31.8995678002893
        ]
      },
      "properties": {
        "OBJECTID": 213635,
        "CROSSING": "765417K",
        "EFFDATE": 1758499200000,
        "REASON": "14",
        "StateCode": "48",
        "CountyCode": "48349",
        "STCYFIPS": "48349",
        "CITYCD": "481617610",
        "RAILROAD": "UP",
        "RRDIV": "TEXOMA",
        "RRSUBDIV": "ENNIS SUB",
        "HIGHWAY": "NA",
        "STREET": "PRIVATE",
        "TTSTN": "667601",
        "MILEPOST": "0196.410",
        "TYPEXING": "Private",
        "POSXING": "At Grade",
        "PRVCAT": "14",
        "INIT": "1",
        "LATITUDE": 31.8995678,
        "LONGITUD": -96.4347692,
        "LLSOURCE": "1",
        "WHISTBAN": "0",
        "RRCONT": "4025443721",
        "POLCONT": "8008488715",
        "INV_LINK": "https://safetydata.fra.dot.gov/OfficeofSafety/PublicSite/Crossing/Crossing.aspx?phasetype=C&rpttype=I&txtcrossingnum=765417K",
        "ACC_LINK": "https://safetydata.fra.dot.gov/OfficeofSafety/PublicSite/Crossing/Crossing.aspx?phasetype=C&rpttype=A&txtcrossingnum=765417K",
        "TTSTNNAM": "",
        "XPURPOSE": "1",
        "OPERATINGR": "UP",
        "OPERATIN_1": "Primary",
        "DAYTHRU": 7,
        "NGHTTHRU": 6,
        "MAINTRK": 1,
        "SIDINGTRK": 0,
        "YARDTRK": 0,
        "TRANSITTRK": 0,
        "INDUSTRYTR": 0,
        "OTHRTRK": 0,
        "WDCODE": "",
        "REVISIONDA": "1975/01/01 00:00:00",
        "LASTUPDATE": "9/22/2025",
        "AADT": "1",
        "AADTYEAR": "1970",
        "STATENAME": "TEXAS",
        "STATEAB": "TX",
        "COUNTYNAME": "NAVARRO",
        "CITYNAME": "WORTHAM",
        "LATDD": 31.8995678,
        "LONGDD": -96.4347692,
        "gridlyProductionCertified": true,
        "gridlyClassification": "PUBLIC_ROADWAY",
        "gridlyDisplayName": "PRIVATE",
        "gridlyId": "FRA-765417K"
      }
    },
    {
      "type": "Feature",
      "id": 213638,
      "geometry": {
        "type": "Point",
        "coordinates": [
          -96.4635549999197,
          32.0996639997326
        ]
      },
      "properties": {
        "OBJECTID": 213638,
        "CROSSING": "765439K",
        "EFFDATE": 1758499200000,
        "REASON": "14",
        "StateCode": "48",
        "CountyCode": "48349",
        "STCYFIPS": "48349",
        "CITYCD": "483491570",
        "RAILROAD": "UP",
        "RRDIV": "TEXOMA",
        "RRSUBDIV": "ENNIS SUB",
        "HIGHWAY": "CITY",
        "STREET": "1ST AVENUE",
        "TTSTN": "667632",
        "MILEPOST": "0210.845",
        "TYPEXING": "Public",
        "POSXING": "RR Over",
        "PRVCAT": "14",
        "INIT": "1",
        "LATITUDE": 32.099664,
        "LONGITUD": -96.463555,
        "LLSOURCE": "1",
        "WHISTBAN": "0",
        "RRCONT": "4025443721",
        "POLCONT": "8008488715",
        "INV_LINK": "https://safetydata.fra.dot.gov/OfficeofSafety/PublicSite/Crossing/Crossing.aspx?phasetype=C&rpttype=I&txtcrossingnum=765439K",
        "ACC_LINK": "https://safetydata.fra.dot.gov/OfficeofSafety/PublicSite/Crossing/Crossing.aspx?phasetype=C&rpttype=A&txtcrossingnum=765439K",
        "TTSTNNAM": "",
        "XPURPOSE": "1",
        "OPERATINGR": "UP",
        "OPERATIN_1": "Primary",
        "DAYTHRU": 0,
        "NGHTTHRU": 0,
        "MAINTRK": 1,
        "SIDINGTRK": 0,
        "YARDTRK": 0,
        "TRANSITTRK": 0,
        "INDUSTRYTR": 0,
        "OTHRTRK": 0,
        "WDCODE": "",
        "REVISIONDA": "1975/01/01 00:00:00",
        "LASTUPDATE": "9/22/2025",
        "AADT": "8690",
        "AADTYEAR": "2004",
        "STATENAME": "TEXAS",
        "STATEAB": "TX",
        "COUNTYNAME": "NAVARRO",
        "CITYNAME": "CORSICANA",
        "LATDD": 32.099664,
        "LONGDD": -96.463555,
        "gridlyProductionCertified": true,
        "gridlyClassification": "PUBLIC_ROADWAY",
        "gridlyDisplayName": "1ST AVENUE",
        "gridlyId": "FRA-765439K"
      }
    },
    {
      "type": "Feature",
      "id": 213639,
      "geometry": {
        "type": "Point",
        "coordinates": [
          -96.4682768001746,
          32.1066912002046
        ]
      },
      "properties": {
        "OBJECTID": 213639,
        "CROSSING": "765440E",
        "EFFDATE": 1758499200000,
        "REASON": "14",
        "StateCode": "48",
        "CountyCode": "48349",
        "STCYFIPS": "48349",
        "CITYCD": "483491570",
        "RAILROAD": "UP",
        "RRDIV": "TEXOMA",
        "RRSUBDIV": "ENNIS SUB",
        "HIGHWAY": "ST 0000",
        "STREET": "OAK GROVE ROAD",
        "TTSTN": "667632",
        "MILEPOST": "0211.400",
        "TYPEXING": "Public",
        "POSXING": "At Grade",
        "PRVCAT": "14",
        "INIT": "1",
        "LATITUDE": 32.1066912,
        "LONGITUD": -96.4682768,
        "LLSOURCE": "1",
        "WHISTBAN": "0",
        "RRCONT": "4025443721",
        "POLCONT": "8008488715",
        "INV_LINK": "https://safetydata.fra.dot.gov/OfficeofSafety/PublicSite/Crossing/Crossing.aspx?phasetype=C&rpttype=I&txtcrossingnum=765440E",
        "ACC_LINK": "https://safetydata.fra.dot.gov/OfficeofSafety/PublicSite/Crossing/Crossing.aspx?phasetype=C&rpttype=A&txtcrossingnum=765440E",
        "TTSTNNAM": "",
        "XPURPOSE": "1",
        "OPERATINGR": "UP",
        "OPERATIN_1": "Primary",
        "DAYTHRU": 4,
        "NGHTTHRU": 4,
        "MAINTRK": 1,
        "SIDINGTRK": 0,
        "YARDTRK": 0,
        "TRANSITTRK": 0,
        "INDUSTRYTR": 0,
        "OTHRTRK": 0,
        "WDCODE": "All other Gates",
        "REVISIONDA": "1975/01/01 00:00:00",
        "LASTUPDATE": "9/22/2025",
        "AADT": "261",
        "AADTYEAR": "2019",
        "STATENAME": "TEXAS",
        "STATEAB": "TX",
        "COUNTYNAME": "NAVARRO",
        "CITYNAME": "CORSICANA",
        "LATDD": 32.1066912,
        "LONGDD": -96.4682768,
        "gridlyProductionCertified": true,
        "gridlyClassification": "PUBLIC_ROADWAY",
        "gridlyDisplayName": "OAK GROVE ROAD",
        "gridlyId": "FRA-765440E"
      }
    },
    {
      "type": "Feature",
      "id": 213640,
      "geometry": {
        "type": "Point",
        "coordinates": [
          -96.4778583001653,
          32.1549615003623
        ]
      },
      "properties": {
        "OBJECTID": 213640,
        "CROSSING": "765511Y",
        "EFFDATE": 1758499200000,
        "REASON": "14",
        "StateCode": "48",
        "CountyCode": "48349",
        "STCYFIPS": "48349",
        "CITYCD": "483491570",
        "RAILROAD": "UP",
        "RRDIV": "TEXOMA",
        "RRSUBDIV": "ENNIS SUB",
        "HIGHWAY": "CO 4853",
        "STREET": "CR 0020",
        "TTSTN": "667632",
        "MILEPOST": "0214.810",
        "TYPEXING": "Public",
        "POSXING": "At Grade",
        "PRVCAT": "14",
        "INIT": "1",
        "LATITUDE": 32.1549615,
        "LONGITUD": -96.4778583,
        "LLSOURCE": "1",
        "WHISTBAN": "0",
        "RRCONT": "4025443721",
        "POLCONT": "8008488715",
        "INV_LINK": "https://safetydata.fra.dot.gov/OfficeofSafety/PublicSite/Crossing/Crossing.aspx?phasetype=C&rpttype=I&txtcrossingnum=765511Y",
        "ACC_LINK": "https://safetydata.fra.dot.gov/OfficeofSafety/PublicSite/Crossing/Crossing.aspx?phasetype=C&rpttype=A&txtcrossingnum=765511Y",
        "TTSTNNAM": "",
        "XPURPOSE": "1",
        "OPERATINGR": "UP",
        "OPERATIN_1": "Primary",
        "DAYTHRU": 4,
        "NGHTTHRU": 4,
        "MAINTRK": 1,
        "SIDINGTRK": 0,
        "YARDTRK": 0,
        "TRANSITTRK": 0,
        "INDUSTRYTR": 0,
        "OTHRTRK": 0,
        "WDCODE": "Crossbucks",
        "REVISIONDA": "1975/01/01 00:00:00",
        "LASTUPDATE": "9/22/2025",
        "AADT": "24",
        "AADTYEAR": "2019",
        "STATENAME": "TEXAS",
        "STATEAB": "TX",
        "COUNTYNAME": "NAVARRO",
        "CITYNAME": "CORSICANA",
        "LATDD": 32.1549615,
        "LONGDD": -96.4778583,
        "gridlyProductionCertified": true,
        "gridlyClassification": "PUBLIC_ROADWAY",
        "gridlyDisplayName": "CR 0020",
        "gridlyId": "FRA-765511Y"
      }
    },
    {
      "type": "Feature",
      "id": 213649,
      "geometry": {
        "type": "Point",
        "coordinates": [
          -96.4508543004292,
          31.8323481996974
        ]
      },
      "properties": {
        "OBJECTID": 213649,
        "CROSSING": "765412B",
        "EFFDATE": 1758499200000,
        "REASON": "14",
        "StateCode": "48",
        "CountyCode": "48161",
        "STCYFIPS": "48161",
        "CITYCD": "481617610",
        "RAILROAD": "UP",
        "RRDIV": "TEXOMA",
        "RRSUBDIV": "ENNIS SUB",
        "HIGHWAY": "PRIVATE",
        "STREET": "PRIVATE",
        "TTSTN": "667755",
        "MILEPOST": "0191.690",
        "TYPEXING": "Private",
        "POSXING": "At Grade",
        "PRVCAT": "14",
        "INIT": "1",
        "LATITUDE": 31.8323482,
        "LONGITUD": -96.4508543,
        "LLSOURCE": "1",
        "WHISTBAN": "0",
        "RRCONT": "4025443721",
        "POLCONT": "8008488715",
        "INV_LINK": "https://safetydata.fra.dot.gov/OfficeofSafety/PublicSite/Crossing/Crossing.aspx?phasetype=C&rpttype=I&txtcrossingnum=765412B",
        "ACC_LINK": "https://safetydata.fra.dot.gov/OfficeofSafety/PublicSite/Crossing/Crossing.aspx?phasetype=C&rpttype=A&txtcrossingnum=765412B",
        "TTSTNNAM": "",
        "XPURPOSE": "1",
        "OPERATINGR": "UP",
        "OPERATIN_1": "Primary",
        "DAYTHRU": 7,
        "NGHTTHRU": 6,
        "MAINTRK": 1,
        "SIDINGTRK": 0,
        "YARDTRK": 0,
        "TRANSITTRK": 0,
        "INDUSTRYTR": 0,
        "OTHRTRK": 0,
        "WDCODE": "",
        "REVISIONDA": "1975/01/01 00:00:00",
        "LASTUPDATE": "9/22/2025",
        "AADT": "1",
        "AADTYEAR": "1970",
        "STATENAME": "TEXAS",
        "STATEAB": "TX",
        "COUNTYNAME": "FREESTONE",
        "CITYNAME": "WORTHAM",
        "LATDD": 31.8323482,
        "LONGDD": -96.4508543,
        "gridlyProductionCertified": true,
        "gridlyClassification": "PUBLIC_ROADWAY",
        "gridlyDisplayName": "PRIVATE",
        "gridlyId": "FRA-765412B"
      }
    },
    {
      "type": "Feature",
      "id": 213667,
      "geometry": {
        "type": "Point",
        "coordinates": [
          -96.5112687997417,
          32.2633729997149
        ]
      },
      "properties": {
        "OBJECTID": 213667,
        "CROSSING": "765448J",
        "EFFDATE": 1758499200000,
        "REASON": "14",
        "StateCode": "48",
        "CountyCode": "48349",
        "STCYFIPS": "48349",
        "CITYCD": "483495720",
        "RAILROAD": "UP",
        "RRDIV": "TEXOMA",
        "RRSUBDIV": "ENNIS SUB",
        "HIGHWAY": "CO 0180",
        "STREET": "CR 180",
        "TTSTN": "880214",
        "MILEPOST": "0222.640",
        "TYPEXING": "Public",
        "POSXING": "At Grade",
        "PRVCAT": "14",
        "INIT": "1",
        "LATITUDE": 32.263373,
        "LONGITUD": -96.5112688,
        "LLSOURCE": "1",
        "WHISTBAN": "0",
        "RRCONT": "4025443721",
        "POLCONT": "8008488715",
        "INV_LINK": "https://safetydata.fra.dot.gov/OfficeofSafety/PublicSite/Crossing/Crossing.aspx?phasetype=C&rpttype=I&txtcrossingnum=765448J",
        "ACC_LINK": "https://safetydata.fra.dot.gov/OfficeofSafety/PublicSite/Crossing/Crossing.aspx?phasetype=C&rpttype=A&txtcrossingnum=765448J",
        "TTSTNNAM": "",
        "XPURPOSE": "1",
        "OPERATINGR": "UP",
        "OPERATIN_1": "Primary",
        "DAYTHRU": 4,
        "NGHTTHRU": 4,
        "MAINTRK": 1,
        "SIDINGTRK": 0,
        "YARDTRK": 0,
        "TRANSITTRK": 0,
        "INDUSTRYTR": 0,
        "OTHRTRK": 0,
        "WDCODE": "All other Gates",
        "REVISIONDA": "1975/01/01 00:00:00",
        "LASTUPDATE": "9/22/2025",
        "AADT": "24",
        "AADTYEAR": "2019",
        "STATENAME": "TEXAS",
        "STATEAB": "TX",
        "COUNTYNAME": "NAVARRO",
        "CITYNAME": "RICE",
        "LATDD": 32.263373,
        "LONGDD": -96.5112688,
        "gridlyProductionCertified": true,
        "gridlyClassification": "PUBLIC_ROADWAY",
        "gridlyDisplayName": "CR 180",
        "gridlyId": "FRA-765448J"
      }
    },
    {
      "type": "Feature",
      "id": 213678,
      "geometry": {
        "type": "Point",
        "coordinates": [
          -96.4408290003488,
          31.8742668997951
        ]
      },
      "properties": {
        "OBJECTID": 213678,
        "CROSSING": "765415W",
        "EFFDATE": 1758499200000,
        "REASON": "14",
        "StateCode": "48",
        "CountyCode": "48161",
        "STCYFIPS": "48161",
        "CITYCD": "481617610",
        "RAILROAD": "UP",
        "RRDIV": "TEXOMA",
        "RRSUBDIV": "ENNIS SUB",
        "HIGHWAY": "CO 2220",
        "STREET": "CR 2220",
        "TTSTN": "667755",
        "MILEPOST": "0194.625",
        "TYPEXING": "Public",
        "POSXING": "At Grade",
        "PRVCAT": "14",
        "INIT": "1",
        "LATITUDE": 31.8742669,
        "LONGITUD": -96.440829,
        "LLSOURCE": "1",
        "WHISTBAN": "0",
        "RRCONT": "4025443721",
        "POLCONT": "8008488715",
        "INV_LINK": "https://safetydata.fra.dot.gov/OfficeofSafety/PublicSite/Crossing/Crossing.aspx?phasetype=C&rpttype=I&txtcrossingnum=765415W",
        "ACC_LINK": "https://safetydata.fra.dot.gov/OfficeofSafety/PublicSite/Crossing/Crossing.aspx?phasetype=C&rpttype=A&txtcrossingnum=765415W",
        "TTSTNNAM": "",
        "XPURPOSE": "1",
        "OPERATINGR": "UP",
        "OPERATIN_1": "Primary",
        "DAYTHRU": 12,
        "NGHTTHRU": 12,
        "MAINTRK": 1,
        "SIDINGTRK": 0,
        "YARDTRK": 0,
        "TRANSITTRK": 0,
        "INDUSTRYTR": 0,
        "OTHRTRK": 0,
        "WDCODE": "Stop signs",
        "REVISIONDA": "1975/01/01 00:00:00",
        "LASTUPDATE": "9/22/2025",
        "AADT": "10",
        "AADTYEAR": "2015",
        "STATENAME": "TEXAS",
        "STATEAB": "TX",
        "COUNTYNAME": "FREESTONE",
        "CITYNAME": "WORTHAM",
        "LATDD": 31.8742669,
        "LONGDD": -96.440829,
        "gridlyProductionCertified": true,
        "gridlyClassification": "PUBLIC_ROADWAY",
        "gridlyDisplayName": "CR 2220",
        "gridlyId": "FRA-765415W"
      }
    },
    {
      "type": "Feature",
      "id": 213686,
      "geometry": {
        "type": "Point",
        "coordinates": [
          -96.4703654002781,
          32.1205466002442
        ]
      },
      "properties": {
        "OBJECTID": 213686,
        "CROSSING": "765527V",
        "EFFDATE": 1758499200000,
        "REASON": "14",
        "StateCode": "48",
        "CountyCode": "48349",
        "STCYFIPS": "48349",
        "CITYCD": "483491570",
        "RAILROAD": "UP",
        "RRDIV": "TEXOMA",
        "RRSUBDIV": "ENNIS SUB",
        "HIGHWAY": "CITY",
        "STREET": "HARDY AVENUE",
        "TTSTN": "667632",
        "MILEPOST": "0212.370",
        "TYPEXING": "Public",
        "POSXING": "RR Under",
        "PRVCAT": "14",
        "INIT": "1",
        "LATITUDE": 32.1205466,
        "LONGITUD": -96.4703654,
        "LLSOURCE": "1",
        "WHISTBAN": "0",
        "RRCONT": "4025443721",
        "POLCONT": "8008488715",
        "INV_LINK": "https://safetydata.fra.dot.gov/OfficeofSafety/PublicSite/Crossing/Crossing.aspx?phasetype=C&rpttype=I&txtcrossingnum=765527V",
        "ACC_LINK": "https://safetydata.fra.dot.gov/OfficeofSafety/PublicSite/Crossing/Crossing.aspx?phasetype=C&rpttype=A&txtcrossingnum=765527V",
        "TTSTNNAM": "",
        "XPURPOSE": "1",
        "OPERATINGR": "UP",
        "OPERATIN_1": "Primary",
        "DAYTHRU": 0,
        "NGHTTHRU": 0,
        "MAINTRK": 1,
        "SIDINGTRK": 0,
        "YARDTRK": 0,
        "TRANSITTRK": 0,
        "INDUSTRYTR": 0,
        "OTHRTRK": 0,
        "WDCODE": "",
        "REVISIONDA": "1975/01/01 00:00:00",
        "LASTUPDATE": "9/22/2025",
        "AADT": "5440",
        "AADTYEAR": "2009",
        "STATENAME": "TEXAS",
        "STATEAB": "TX",
        "COUNTYNAME": "NAVARRO",
        "CITYNAME": "CORSICANA",
        "LATDD": 32.1205466,
        "LONGDD": -96.4703654,
        "gridlyProductionCertified": true,
        "gridlyClassification": "PUBLIC_ROADWAY",
        "gridlyDisplayName": "HARDY AVENUE",
        "gridlyId": "FRA-765527V"
      }
    },
    {
      "type": "Feature",
      "id": 213739,
      "geometry": {
        "type": "Point",
        "coordinates": [
          -96.4826690003956,
          32.1950775002023
        ]
      },
      "properties": {
        "OBJECTID": 213739,
        "CROSSING": "765520X",
        "EFFDATE": 1758499200000,
        "REASON": "14",
        "StateCode": "48",
        "CountyCode": "48349",
        "STCYFIPS": "48349",
        "CITYCD": "483495720",
        "RAILROAD": "UP",
        "RRDIV": "TEXOMA",
        "RRSUBDIV": "ENNIS SUB",
        "HIGHWAY": "CO 4765",
        "STREET": "CR 140",
        "TTSTN": "667615",
        "MILEPOST": "0217.600",
        "TYPEXING": "Public",
        "POSXING": "At Grade",
        "PRVCAT": "14",
        "INIT": "1",
        "LATITUDE": 32.1950775,
        "LONGITUD": -96.482669,
        "LLSOURCE": "1",
        "WHISTBAN": "0",
        "RRCONT": "4025443721",
        "POLCONT": "8008488715",
        "INV_LINK": "https://safetydata.fra.dot.gov/OfficeofSafety/PublicSite/Crossing/Crossing.aspx?phasetype=C&rpttype=I&txtcrossingnum=765520X",
        "ACC_LINK": "https://safetydata.fra.dot.gov/OfficeofSafety/PublicSite/Crossing/Crossing.aspx?phasetype=C&rpttype=A&txtcrossingnum=765520X",
        "TTSTNNAM": "",
        "XPURPOSE": "1",
        "OPERATINGR": "UP",
        "OPERATIN_1": "Primary",
        "DAYTHRU": 4,
        "NGHTTHRU": 4,
        "MAINTRK": 1,
        "SIDINGTRK": 0,
        "YARDTRK": 0,
        "TRANSITTRK": 0,
        "INDUSTRYTR": 0,
        "OTHRTRK": 0,
        "WDCODE": "Crossbucks",
        "REVISIONDA": "1975/01/01 00:00:00",
        "LASTUPDATE": "9/22/2025",
        "AADT": "38",
        "AADTYEAR": "2019",
        "STATENAME": "TEXAS",
        "STATEAB": "TX",
        "COUNTYNAME": "NAVARRO",
        "CITYNAME": "RICE",
        "LATDD": 32.1950775,
        "LONGDD": -96.482669,
        "gridlyProductionCertified": true,
        "gridlyClassification": "PUBLIC_ROADWAY",
        "gridlyDisplayName": "CR 140",
        "gridlyId": "FRA-765520X"
      }
    }
  ]
}
