{
  "type": "FeatureCollection",
  "features": [
    {
      "type": "Feature",
      "id": 200991,
      "geometry": {
        "type": "Point",
        "coordinates": [
          -97.7107589999616,
          30.4107480000849
        ]
      },
      "properties": {
        "OBJECTID": 200991,
        "CROSSING": "925929V",
        "EFFDATE": 1411344000000,
        "REASON": "14",
        "StateCode": "48",
        "CountyCode": "48453",
        "STCYFIPS": "48453",
        "CITYCD": "484530330",
        "RAILROAD": "CMTY",
        "RRDIV": "CMTA",
        "RRSUBDIV": "CENTRAL",
        "HIGHWAY": "SL 0001",
        "STREET": "MOPAC EXPSSWY",
        "TTSTN": "685422",
        "MILEPOST": "0067.71",
        "TYPEXING": "Public",
        "POSXING": "RR Under",
        "PRVCAT": "14",
        "INIT": "1",
        "LATITUDE": 30.410748,
        "LONGITUD": -97.710759,
        "LLSOURCE": "",
        "WHISTBAN": "0",
        "RRCONT": "5123344000",
        "POLCONT": "5129970010",
        "INV_LINK": "https://safetydata.fra.dot.gov/OfficeofSafety/PublicSite/Crossing/Crossing.aspx?phasetype=C&rpttype=I&txtcrossingnum=925929V",
        "ACC_LINK": "https://safetydata.fra.dot.gov/OfficeofSafety/PublicSite/Crossing/Crossing.aspx?phasetype=C&rpttype=A&txtcrossingnum=925929V",
        "TTSTNNAM": "FROMME",
        "XPURPOSE": "1",
        "OPERATINGR": "CMTY",
        "OPERATIN_1": "Primary",
        "DAYTHRU": 30,
        "NGHTTHRU": 6,
        "MAINTRK": 1,
        "SIDINGTRK": 0,
        "YARDTRK": 0,
        "TRANSITTRK": 0,
        "INDUSTRYTR": 0,
        "OTHRTRK": 0,
        "WDCODE": "No signs or signals",
        "REVISIONDA": "2007/01/01 00:00:00",
        "LASTUPDATE": "9/22/2014",
        "AADT": "089320",
        "AADTYEAR": "2011",
        "STATENAME": "TEXAS",
        "STATEAB": "TX",
        "COUNTYNAME": "TRAVIS",
        "CITYNAME": "AUSTIN",
        "LATDD": 30.410748,
        "LONGDD": -97.710759,
        "gridlyProductionCertified": true,
        "gridlyClassification": "PUBLIC_ROADWAY",
        "gridlyDisplayName": "MOPAC EXPSSWY",
        "gridlyId": "FRA-925929V"
      }
    },
    {
      "type": "Feature",
      "id": 200993,
      "geometry": {
        "type": "Point",
        "coordinates": [
          -97.7205980002319,
          30.452880000007
        ]
      },
      "properties": {
        "OBJECTID": 200993,
        "CROSSING": "744811E",
        "EFFDATE": 1411171200000,
        "REASON": "14",
        "StateCode": "48",
        "CountyCode": "48491",
        "STCYFIPS": "48491",
        "CITYCD": "484534253",
        "RAILROAD": "CMTY",
        "RRDIV": "CMTA",
        "RRSUBDIV": "CENTRAL",
        "HIGHWAY": "PRIVATE",
        "STREET": "AUSTIN WHITE LIME",
        "TTSTN": "685426",
        "MILEPOST": "0072.22",
        "TYPEXING": "Private",
        "POSXING": "RR Over",
        "PRVCAT": "14",
        "INIT": "1",
        "LATITUDE": 30.45288,
        "LONGITUD": -97.720598,
        "LLSOURCE": "1",
        "WHISTBAN": "0",
        "RRCONT": "5123344000",
        "POLCONT": "5129971010",
        "INV_LINK": "https://safetydata.fra.dot.gov/OfficeofSafety/PublicSite/Crossing/Crossing.aspx?phasetype=C&rpttype=I&txtcrossingnum=744811E",
        "ACC_LINK": "https://safetydata.fra.dot.gov/OfficeofSafety/PublicSite/Crossing/Crossing.aspx?phasetype=C&rpttype=A&txtcrossingnum=744811E",
        "TTSTNNAM": "MCNEIL",
        "XPURPOSE": "1",
        "OPERATINGR": "CMTY",
        "OPERATIN_1": "Primary",
        "DAYTHRU": 27,
        "NGHTTHRU": 3,
        "MAINTRK": 2,
        "SIDINGTRK": 0,
        "YARDTRK": 0,
        "TRANSITTRK": 0,
        "INDUSTRYTR": 0,
        "OTHRTRK": 1,
        "WDCODE": "No signs or signals",
        "REVISIONDA": "2007/01/01 00:00:00",
        "LASTUPDATE": "9/20/2014",
        "AADT": "",
        "AADTYEAR": "1970",
        "STATENAME": "TEXAS",
        "STATEAB": "TX",
        "COUNTYNAME": "WILLIAMSON",
        "CITYNAME": "MCNEIL",
        "LATDD": 30.45288,
        "LONGDD": -97.720598,
        "gridlyProductionCertified": true,
        "gridlyClassification": "PUBLIC_ROADWAY",
        "gridlyDisplayName": "AUSTIN WHITE LIME",
        "gridlyId": "FRA-744811E"
      }
    },
    {
      "type": "Feature",
      "id": 201002,
      "geometry": {
        "type": "Point",
        "coordinates": [
          -97.7127023999759,
          30.2712351996536
        ]
      },
      "properties": {
        "OBJECTID": 201002,
        "CROSSING": "765724J",
        "EFFDATE": 1461628800000,
        "REASON": "14",
        "StateCode": "48",
        "CountyCode": "48453",
        "STCYFIPS": "48453",
        "CITYCD": "484530330",
        "RAILROAD": "CMTY",
        "RRDIV": "CMTA",
        "RRSUBDIV": "CENTRAL",
        "HIGHWAY": "ST 0000",
        "STREET": "PLEASANT VALLEY",
        "TTSTN": "685500",
        "MILEPOST": "0057.63",
        "TYPEXING": "Public",
        "POSXING": "RR Under",
        "PRVCAT": "14",
        "INIT": "1",
        "LATITUDE": 30.2712352,
        "LONGITUD": -97.7127024,
        "LLSOURCE": "1",
        "WHISTBAN": "0",
        "RRCONT": "5123344000",
        "POLCONT": "8445928046",
        "INV_LINK": "https://safetydata.fra.dot.gov/OfficeofSafety/PublicSite/Crossing/Crossing.aspx?phasetype=C&rpttype=I&txtcrossingnum=765724J",
        "ACC_LINK": "https://safetydata.fra.dot.gov/OfficeofSafety/PublicSite/Crossing/Crossing.aspx?phasetype=C&rpttype=A&txtcrossingnum=765724J",
        "TTSTNNAM": "AUSTIN",
        "XPURPOSE": "1",
        "OPERATINGR": "CMTY",
        "OPERATIN_1": "Primary",
        "DAYTHRU": 33,
        "NGHTTHRU": 7,
        "MAINTRK": 1,
        "SIDINGTRK": 0,
        "YARDTRK": 0,
        "TRANSITTRK": 0,
        "INDUSTRYTR": 0,
        "OTHRTRK": 0,
        "WDCODE": "No signs or signals",
        "REVISIONDA": "2007/01/01 00:00:00",
        "LASTUPDATE": "4/26/2016",
        "AADT": "006060",
        "AADTYEAR": "2013",
        "STATENAME": "TEXAS",
        "STATEAB": "TX",
        "COUNTYNAME": "TRAVIS",
        "CITYNAME": "AUSTIN",
        "LATDD": 30.2712352,
        "LONGDD": -97.7127024,
        "gridlyProductionCertified": true,
        "gridlyClassification": "PUBLIC_ROADWAY",
        "gridlyDisplayName": "PLEASANT VALLEY",
        "gridlyId": "FRA-765724J"
      }
    },
    {
      "type": "Feature",
      "id": 201003,
      "geometry": {
        "type": "Point",
        "coordinates": [
          -97.7052997996395,
          30.4210973996522
        ]
      },
      "properties": {
        "OBJECTID": 201003,
        "CROSSING": "900252L",
        "EFFDATE": 1461715200000,
        "REASON": "14",
        "StateCode": "48",
        "CountyCode": "48453",
        "STCYFIPS": "48453",
        "CITYCD": "484530330",
        "RAILROAD": "CMTY",
        "RRDIV": "CMTA",
        "RRSUBDIV": "CENTRAL",
        "HIGHWAY": "FM 0734",
        "STREET": "FM 734-PARMER LN",
        "TTSTN": "685426",
        "MILEPOST": "0068.56",
        "TYPEXING": "Public",
        "POSXING": "RR Under",
        "PRVCAT": "14",
        "INIT": "1",
        "LATITUDE": 30.4210974,
        "LONGITUD": -97.7052998,
        "LLSOURCE": "2",
        "WHISTBAN": "0",
        "RRCONT": "5123344000",
        "POLCONT": "8445928046",
        "INV_LINK": "https://safetydata.fra.dot.gov/OfficeofSafety/PublicSite/Crossing/Crossing.aspx?phasetype=C&rpttype=I&txtcrossingnum=900252L",
        "ACC_LINK": "https://safetydata.fra.dot.gov/OfficeofSafety/PublicSite/Crossing/Crossing.aspx?phasetype=C&rpttype=A&txtcrossingnum=900252L",
        "TTSTNNAM": "MCNEIL",
        "XPURPOSE": "1",
        "OPERATINGR": "CMTY",
        "OPERATIN_1": "Primary",
        "DAYTHRU": 34,
        "NGHTTHRU": 4,
        "MAINTRK": 1,
        "SIDINGTRK": 0,
        "YARDTRK": 0,
        "TRANSITTRK": 0,
        "INDUSTRYTR": 0,
        "OTHRTRK": 0,
        "WDCODE": "No signs or signals",
        "REVISIONDA": "2007/01/01 00:00:00",
        "LASTUPDATE": "4/27/2016",
        "AADT": "039000",
        "AADTYEAR": "2011",
        "STATENAME": "TEXAS",
        "STATEAB": "TX",
        "COUNTYNAME": "TRAVIS",
        "CITYNAME": "AUSTIN",
        "LATDD": 30.4210974,
        "LONGDD": -97.7052998,
        "gridlyProductionCertified": true,
        "gridlyClassification": "PUBLIC_ROADWAY",
        "gridlyDisplayName": "FM 734-PARMER LN",
        "gridlyId": "FRA-900252L"
      }
    },
    {
      "type": "Feature",
      "id": 201204,
      "geometry": {
        "type": "Point",
        "coordinates": [
          -97.7164417002281,
          30.3000728999678
        ]
      },
      "properties": {
        "OBJECTID": 201204,
        "CROSSING": "765799H",
        "EFFDATE": 1585267200000,
        "REASON": "14",
        "StateCode": "48",
        "CountyCode": "48453",
        "STCYFIPS": "48453",
        "CITYCD": "484530330",
        "RAILROAD": "CMTY",
        "RRDIV": "CMTY",
        "RRSUBDIV": "CENTRAL",
        "HIGHWAY": "IH 0035",
        "STREET": "IH 35 - OVERPASS",
        "TTSTN": "685515",
        "MILEPOST": "0059.81",
        "TYPEXING": "Public",
        "POSXING": "RR Under",
        "PRVCAT": "14",
        "INIT": "1",
        "LATITUDE": 30.3000729,
        "LONGITUD": -97.7164417,
        "LLSOURCE": "1",
        "WHISTBAN": "0",
        "RRCONT": "5123344000",
        "POLCONT": "8445928046",
        "INV_LINK": "https://safetydata.fra.dot.gov/OfficeofSafety/PublicSite/Crossing/Crossing.aspx?phasetype=C&rpttype=I&txtcrossingnum=765799H",
        "ACC_LINK": "https://safetydata.fra.dot.gov/OfficeofSafety/PublicSite/Crossing/Crossing.aspx?phasetype=C&rpttype=A&txtcrossingnum=765799H",
        "TTSTNNAM": "BUTTER KRUST",
        "XPURPOSE": "1",
        "OPERATINGR": "CMTY",
        "OPERATIN_1": "Primary",
        "DAYTHRU": 33,
        "NGHTTHRU": 7,
        "MAINTRK": 1,
        "SIDINGTRK": 0,
        "YARDTRK": 0,
        "TRANSITTRK": 0,
        "INDUSTRYTR": 0,
        "OTHRTRK": 0,
        "WDCODE": "",
        "REVISIONDA": "2007/01/01 00:00:00",
        "LASTUPDATE": "3/27/2020",
        "AADT": "188530",
        "AADTYEAR": "2011",
        "STATENAME": "TEXAS",
        "STATEAB": "TX",
        "COUNTYNAME": "TRAVIS",
        "CITYNAME": "AUSTIN",
        "LATDD": 30.3000729,
        "LONGDD": -97.7164417,
        "gridlyProductionCertified": true,
        "gridlyClassification": "PUBLIC_ROADWAY",
        "gridlyDisplayName": "IH 35 - OVERPASS",
        "gridlyId": "FRA-765799H"
      }
    },
    {
      "type": "Feature",
      "id": 201321,
      "geometry": {
        "type": "Point",
        "coordinates": [
          -97.7352874996928,
          30.2639587003409
        ]
      },
      "properties": {
        "OBJECTID": 201321,
        "CROSSING": "765742G",
        "EFFDATE": 1624406400000,
        "REASON": "14",
        "StateCode": "48",
        "CountyCode": "48453",
        "STCYFIPS": "48453",
        "CITYCD": "484530330",
        "RAILROAD": "CMTY",
        "RRDIV": "CMTA",
        "RRSUBDIV": "CENTRAL",
        "HIGHWAY": "IH 0035",
        "STREET": "IH 35 - OVERPASS",
        "TTSTN": "685500",
        "MILEPOST": "0055.46",
        "TYPEXING": "Public",
        "POSXING": "RR Under",
        "PRVCAT": "14",
        "INIT": "1",
        "LATITUDE": 30.2639587,
        "LONGITUD": -97.7352875,
        "LLSOURCE": "1",
        "WHISTBAN": "0",
        "RRCONT": "5123344000",
        "POLCONT": "8445928046",
        "INV_LINK": "https://safetydata.fra.dot.gov/OfficeofSafety/PublicSite/Crossing/Crossing.aspx?phasetype=C&rpttype=I&txtcrossingnum=765742G",
        "ACC_LINK": "https://safetydata.fra.dot.gov/OfficeofSafety/PublicSite/Crossing/Crossing.aspx?phasetype=C&rpttype=A&txtcrossingnum=765742G",
        "TTSTNNAM": "AUSTIN",
        "XPURPOSE": "1",
        "OPERATINGR": "CMTY",
        "OPERATIN_1": "Primary",
        "DAYTHRU": 33,
        "NGHTTHRU": 6,
        "MAINTRK": 2,
        "SIDINGTRK": 0,
        "YARDTRK": 0,
        "TRANSITTRK": 0,
        "INDUSTRYTR": 0,
        "OTHRTRK": 0,
        "WDCODE": "",
        "REVISIONDA": "2007/01/01 00:00:00",
        "LASTUPDATE": "6/23/2021",
        "AADT": "143700",
        "AADTYEAR": "2011",
        "STATENAME": "TEXAS",
        "STATEAB": "TX",
        "COUNTYNAME": "TRAVIS",
        "CITYNAME": "AUSTIN",
        "LATDD": 30.2639587,
        "LONGDD": -97.7352875,
        "gridlyProductionCertified": true,
        "gridlyClassification": "PUBLIC_ROADWAY",
        "gridlyDisplayName": "IH 35 - OVERPASS",
        "gridlyId": "FRA-765742G"
      }
    },
    {
      "type": "Feature",
      "id": 201322,
      "geometry": {
        "type": "Point",
        "coordinates": [
          -97.7069484004253,
          30.2590189002268
        ]
      },
      "properties": {
        "OBJECTID": 201322,
        "CROSSING": "765764G",
        "EFFDATE": 1622764800000,
        "REASON": "14",
        "StateCode": "48",
        "CountyCode": "48453",
        "STCYFIPS": "48453",
        "CITYCD": "484530330",
        "RAILROAD": "CMTY",
        "RRDIV": "cmta",
        "RRSUBDIV": "east",
        "HIGHWAY": "LOOP343",
        "STREET": "E 7TH ST overpass",
        "TTSTN": "662339",
        "MILEPOST": "0055.68",
        "TYPEXING": "Public",
        "POSXING": "RR Under",
        "PRVCAT": "14",
        "INIT": "1",
        "LATITUDE": 30.2590189,
        "LONGITUD": -97.7069484,
        "LLSOURCE": "2",
        "WHISTBAN": "0",
        "RRCONT": "5123444000",
        "POLCONT": "8445928046",
        "INV_LINK": "https://safetydata.fra.dot.gov/OfficeofSafety/PublicSite/Crossing/Crossing.aspx?phasetype=C&rpttype=I&txtcrossingnum=765764G",
        "ACC_LINK": "https://safetydata.fra.dot.gov/OfficeofSafety/PublicSite/Crossing/Crossing.aspx?phasetype=C&rpttype=A&txtcrossingnum=765764G",
        "TTSTNNAM": "AUSTIN Junction",
        "XPURPOSE": "1",
        "OPERATINGR": "CMTY",
        "OPERATIN_1": "Primary",
        "DAYTHRU": 2,
        "NGHTTHRU": 1,
        "MAINTRK": 1,
        "SIDINGTRK": 0,
        "YARDTRK": 0,
        "TRANSITTRK": 0,
        "INDUSTRYTR": 1,
        "OTHRTRK": 0,
        "WDCODE": "",
        "REVISIONDA": "2007/01/01 00:00:00",
        "LASTUPDATE": "6/4/2021",
        "AADT": "014140",
        "AADTYEAR": "2013",
        "STATENAME": "TEXAS",
        "STATEAB": "TX",
        "COUNTYNAME": "TRAVIS",
        "CITYNAME": "AUSTIN",
        "LATDD": 30.2590189,
        "LONGDD": -97.7069484,
        "gridlyProductionCertified": true,
        "gridlyClassification": "PUBLIC_ROADWAY",
        "gridlyDisplayName": "E 7TH ST overpass",
        "gridlyId": "FRA-765764G"
      }
    },
    {
      "type": "Feature",
      "id": 201895,
      "geometry": {
        "type": "Point",
        "coordinates": [
          -97.7142917999879,
          30.3987607999608
        ]
      },
      "properties": {
        "OBJECTID": 201895,
        "CROSSING": "920996X",
        "EFFDATE": 1661126400000,
        "REASON": "14",
        "StateCode": "48",
        "CountyCode": "48453",
        "STCYFIPS": "48453",
        "CITYCD": "484530330",
        "RAILROAD": "CMTY",
        "RRDIV": "CMTA",
        "RRSUBDIV": "CENTRAL",
        "HIGHWAY": "px",
        "STREET": "IBM",
        "TTSTN": "685422",
        "MILEPOST": "0066.82",
        "TYPEXING": "Private",
        "POSXING": "At Grade",
        "PRVCAT": "14",
        "INIT": "1",
        "LATITUDE": 30.3987608,
        "LONGITUD": -97.7142918,
        "LLSOURCE": "2",
        "WHISTBAN": "1",
        "RRCONT": "5123344000",
        "POLCONT": "8445928046",
        "INV_LINK": "https://safetydata.fra.dot.gov/OfficeofSafety/PublicSite/Crossing/Crossing.aspx?phasetype=C&rpttype=I&txtcrossingnum=920996X",
        "ACC_LINK": "https://safetydata.fra.dot.gov/OfficeofSafety/PublicSite/Crossing/Crossing.aspx?phasetype=C&rpttype=A&txtcrossingnum=920996X",
        "TTSTNNAM": "west KRAMER",
        "XPURPOSE": "1",
        "OPERATINGR": "CMTY",
        "OPERATIN_1": "Primary",
        "DAYTHRU": 33,
        "NGHTTHRU": 6,
        "MAINTRK": 1,
        "SIDINGTRK": 0,
        "YARDTRK": 0,
        "TRANSITTRK": 0,
        "INDUSTRYTR": 0,
        "OTHRTRK": 0,
        "WDCODE": "",
        "REVISIONDA": "2007/01/01 00:00:00",
        "LASTUPDATE": "8/22/2022",
        "AADT": "",
        "AADTYEAR": "",
        "STATENAME": "TEXAS",
        "STATEAB": "TX",
        "COUNTYNAME": "TRAVIS",
        "CITYNAME": "AUSTIN",
        "LATDD": 30.3987608,
        "LONGDD": -97.7142918,
        "gridlyProductionCertified": true,
        "gridlyClassification": "PUBLIC_ROADWAY",
        "gridlyDisplayName": "IBM",
        "gridlyId": "FRA-920996X"
      }
    },
    {
      "type": "Feature",
      "id": 201896,
      "geometry": {
        "type": "Point",
        "coordinates": [
          -97.7333180000262,
          30.2634070001379
        ]
      },
      "properties": {
        "OBJECTID": 201896,
        "CROSSING": "765577Y",
        "EFFDATE": 1660780800000,
        "REASON": "14",
        "StateCode": "48",
        "CountyCode": "48453",
        "STCYFIPS": "48453",
        "CITYCD": "484530330",
        "RAILROAD": "CMTY",
        "RRDIV": "cmta",
        "RRSUBDIV": "central",
        "HIGHWAY": "LC",
        "STREET": "SAN MARCOS ST",
        "TTSTN": "685445",
        "MILEPOST": "0055.59",
        "TYPEXING": "Private",
        "POSXING": "At Grade",
        "PRVCAT": "14",
        "INIT": "1",
        "LATITUDE": 30.263407,
        "LONGITUD": -97.733318,
        "LLSOURCE": "1",
        "WHISTBAN": "0",
        "RRCONT": "5123344000",
        "POLCONT": "8445928046",
        "INV_LINK": "https://safetydata.fra.dot.gov/OfficeofSafety/PublicSite/Crossing/Crossing.aspx?phasetype=C&rpttype=I&txtcrossingnum=765577Y",
        "ACC_LINK": "https://safetydata.fra.dot.gov/OfficeofSafety/PublicSite/Crossing/Crossing.aspx?phasetype=C&rpttype=A&txtcrossingnum=765577Y",
        "TTSTNNAM": "Plaza saltillo",
        "XPURPOSE": "1",
        "OPERATINGR": "CMTY",
        "OPERATIN_1": "Primary",
        "DAYTHRU": 33,
        "NGHTTHRU": 5,
        "MAINTRK": 2,
        "SIDINGTRK": 0,
        "YARDTRK": 0,
        "TRANSITTRK": 0,
        "INDUSTRYTR": 0,
        "OTHRTRK": 0,
        "WDCODE": "",
        "REVISIONDA": "2007/01/01 00:00:00",
        "LASTUPDATE": "8/18/2022",
        "AADT": "14225",
        "AADTYEAR": "2018",
        "STATENAME": "TEXAS",
        "STATEAB": "TX",
        "COUNTYNAME": "TRAVIS",
        "CITYNAME": "AUSTIN",
        "LATDD": 30.263407,
        "LONGDD": -97.733318,
        "gridlyProductionCertified": true,
        "gridlyClassification": "PUBLIC_ROADWAY",
        "gridlyDisplayName": "SAN MARCOS ST",
        "gridlyId": "FRA-765577Y"
      }
    },
    {
      "type": "Feature",
      "id": 201897,
      "geometry": {
        "type": "Point",
        "coordinates": [
          -97.7357837003097,
          30.2640246002269
        ]
      },
      "properties": {
        "OBJECTID": 201897,
        "CROSSING": "765743N",
        "EFFDATE": 1660780800000,
        "REASON": "14",
        "StateCode": "48",
        "CountyCode": "48453",
        "STCYFIPS": "48453",
        "CITYCD": "484530330",
        "RAILROAD": "CMTY",
        "RRDIV": "CMTA",
        "RRSUBDIV": "CENTRAL",
        "HIGHWAY": "IH 0035",
        "STREET": "IH-35 SBFR  4TH street",
        "TTSTN": "685500",
        "MILEPOST": "0055.43",
        "TYPEXING": "Public",
        "POSXING": "At Grade",
        "PRVCAT": "14",
        "INIT": "1",
        "LATITUDE": 30.2640246,
        "LONGITUD": -97.7357837,
        "LLSOURCE": "1",
        "WHISTBAN": "1",
        "RRCONT": "5123344000",
        "POLCONT": "8445928046",
        "INV_LINK": "https://safetydata.fra.dot.gov/OfficeofSafety/PublicSite/Crossing/Crossing.aspx?phasetype=C&rpttype=I&txtcrossingnum=765743N",
        "ACC_LINK": "https://safetydata.fra.dot.gov/OfficeofSafety/PublicSite/Crossing/Crossing.aspx?phasetype=C&rpttype=A&txtcrossingnum=765743N",
        "TTSTNNAM": "DOWNTOWN",
        "XPURPOSE": "1",
        "OPERATINGR": "CMTY",
        "OPERATIN_1": "Primary",
        "DAYTHRU": 33,
        "NGHTTHRU": 5,
        "MAINTRK": 2,
        "SIDINGTRK": 0,
        "YARDTRK": 0,
        "TRANSITTRK": 0,
        "INDUSTRYTR": 0,
        "OTHRTRK": 0,
        "WDCODE": "All other Gates",
        "REVISIONDA": "2007/01/01 00:00:00",
        "LASTUPDATE": "8/18/2022",
        "AADT": "005040",
        "AADTYEAR": "2020",
        "STATENAME": "TEXAS",
        "STATEAB": "TX",
        "COUNTYNAME": "TRAVIS",
        "CITYNAME": "AUSTIN",
        "LATDD": 30.2640246,
        "LONGDD": -97.7357837,
        "gridlyProductionCertified": true,
        "gridlyClassification": "PUBLIC_ROADWAY",
        "gridlyDisplayName": "IH-35 SBFR  4TH street",
        "gridlyId": "FRA-765743N"
      }
    },
    {
      "type": "Feature",
      "id": 201898,
      "geometry": {
        "type": "Point",
        "coordinates": [
          -97.721839000339,
          30.3472151001185
        ]
      },
      "properties": {
        "OBJECTID": 201898,
        "CROSSING": "765809L",
        "EFFDATE": 1660867200000,
        "REASON": "14",
        "StateCode": "48",
        "CountyCode": "48453",
        "STCYFIPS": "48453",
        "CITYCD": "484530330",
        "RAILROAD": "CMTY",
        "RRDIV": "CMTA",
        "RRSUBDIV": "CENTRAL",
        "HIGHWAY": "ST 0000",
        "STREET": "MORROW ST",
        "TTSTN": "685510",
        "MILEPOST": "0063.14",
        "TYPEXING": "Public",
        "POSXING": "At Grade",
        "PRVCAT": "14",
        "INIT": "1",
        "LATITUDE": 30.3472151,
        "LONGITUD": -97.721839,
        "LLSOURCE": "2",
        "WHISTBAN": "1",
        "RRCONT": "5123344000",
        "POLCONT": "8445928046",
        "INV_LINK": "https://safetydata.fra.dot.gov/OfficeofSafety/PublicSite/Crossing/Crossing.aspx?phasetype=C&rpttype=I&txtcrossingnum=765809L",
        "ACC_LINK": "https://safetydata.fra.dot.gov/OfficeofSafety/PublicSite/Crossing/Crossing.aspx?phasetype=C&rpttype=A&txtcrossingnum=765809L",
        "TTSTNNAM": "Crestview",
        "XPURPOSE": "1",
        "OPERATINGR": "CMTY",
        "OPERATIN_1": "Primary",
        "DAYTHRU": 33,
        "NGHTTHRU": 6,
        "MAINTRK": 1,
        "SIDINGTRK": 0,
        "YARDTRK": 0,
        "TRANSITTRK": 0,
        "INDUSTRYTR": 0,
        "OTHRTRK": 0,
        "WDCODE": "Four Quad (full barrier) Gates",
        "REVISIONDA": "2007/01/01 00:00:00",
        "LASTUPDATE": "8/19/2022",
        "AADT": "001591",
        "AADTYEAR": "2020",
        "STATENAME": "TEXAS",
        "STATEAB": "TX",
        "COUNTYNAME": "TRAVIS",
        "CITYNAME": "AUSTIN",
        "LATDD": 30.3472151,
        "LONGDD": -97.721839,
        "gridlyProductionCertified": true,
        "gridlyClassification": "PUBLIC_ROADWAY",
        "gridlyDisplayName": "MORROW ST",
        "gridlyId": "FRA-765809L"
      }
    },
    {
      "type": "Feature",
      "id": 201899,
      "geometry": {
        "type": "Point",
        "coordinates": [
          -97.7225887001392,
          30.3521801996403
        ]
      },
      "properties": {
        "OBJECTID": 201899,
        "CROSSING": "765810F",
        "EFFDATE": 1660867200000,
        "REASON": "14",
        "StateCode": "48",
        "CountyCode": "48453",
        "STCYFIPS": "48453",
        "CITYCD": "484530330",
        "RAILROAD": "CMTY",
        "RRDIV": "CMTA",
        "RRSUBDIV": "CENTRAL",
        "HIGHWAY": "ST 0000",
        "STREET": "ANDERSON LN",
        "TTSTN": "685510",
        "MILEPOST": "0063.49",
        "TYPEXING": "Public",
        "POSXING": "At Grade",
        "PRVCAT": "14",
        "INIT": "1",
        "LATITUDE": 30.3521802,
        "LONGITUD": -97.7225887,
        "LLSOURCE": "2",
        "WHISTBAN": "1",
        "RRCONT": "5123344000",
        "POLCONT": "8445928046",
        "INV_LINK": "https://safetydata.fra.dot.gov/OfficeofSafety/PublicSite/Crossing/Crossing.aspx?phasetype=C&rpttype=I&txtcrossingnum=765810F",
        "ACC_LINK": "https://safetydata.fra.dot.gov/OfficeofSafety/PublicSite/Crossing/Crossing.aspx?phasetype=C&rpttype=A&txtcrossingnum=765810F",
        "TTSTNNAM": "Crestview",
        "XPURPOSE": "1",
        "OPERATINGR": "CMTY",
        "OPERATIN_1": "Primary",
        "DAYTHRU": 33,
        "NGHTTHRU": 6,
        "MAINTRK": 1,
        "SIDINGTRK": 0,
        "YARDTRK": 0,
        "TRANSITTRK": 0,
        "INDUSTRYTR": 0,
        "OTHRTRK": 0,
        "WDCODE": "Four Quad (full barrier) Gates",
        "REVISIONDA": "2007/01/01 00:00:00",
        "LASTUPDATE": "8/19/2022",
        "AADT": "020715",
        "AADTYEAR": "2020",
        "STATENAME": "TEXAS",
        "STATEAB": "TX",
        "COUNTYNAME": "TRAVIS",
        "CITYNAME": "AUSTIN",
        "LATDD": 30.3521802,
        "LONGDD": -97.7225887,
        "gridlyProductionCertified": true,
        "gridlyClassification": "PUBLIC_ROADWAY",
        "gridlyDisplayName": "ANDERSON LN",
        "gridlyId": "FRA-765810F"
      }
    },
    {
      "type": "Feature",
      "id": 201900,
      "geometry": {
        "type": "Point",
        "coordinates": [
          -97.7221079999525,
          30.3554639996984
        ]
      },
      "properties": {
        "OBJECTID": 201900,
        "CROSSING": "765811M",
        "EFFDATE": 1660867200000,
        "REASON": "14",
        "StateCode": "48",
        "CountyCode": "48453",
        "STCYFIPS": "48453",
        "CITYCD": "484530330",
        "RAILROAD": "CMTY",
        "RRDIV": "CMTA",
        "RRSUBDIV": "CENTRAL",
        "HIGHWAY": "PED",
        "STREET": "WOOTEN - PED XING",
        "TTSTN": "685510",
        "MILEPOST": "0063.72",
        "TYPEXING": "Public",
        "POSXING": "At Grade",
        "PRVCAT": "14",
        "INIT": "1",
        "LATITUDE": 30.355464,
        "LONGITUD": -97.722108,
        "LLSOURCE": "2",
        "WHISTBAN": "1",
        "RRCONT": "5123344000",
        "POLCONT": "8445928046",
        "INV_LINK": "https://safetydata.fra.dot.gov/OfficeofSafety/PublicSite/Crossing/Crossing.aspx?phasetype=C&rpttype=I&txtcrossingnum=765811M",
        "ACC_LINK": "https://safetydata.fra.dot.gov/OfficeofSafety/PublicSite/Crossing/Crossing.aspx?phasetype=C&rpttype=A&txtcrossingnum=765811M",
        "TTSTNNAM": "Crestview",
        "XPURPOSE": "2",
        "OPERATINGR": "CMTY",
        "OPERATIN_1": "Primary",
        "DAYTHRU": 33,
        "NGHTTHRU": 6,
        "MAINTRK": 1,
        "SIDINGTRK": 0,
        "YARDTRK": 0,
        "TRANSITTRK": 0,
        "INDUSTRYTR": 0,
        "OTHRTRK": 0,
        "WDCODE": "Flashing lights",
        "REVISIONDA": "2007/01/01 00:00:00",
        "LASTUPDATE": "8/19/2022",
        "AADT": "1",
        "AADTYEAR": "",
        "STATENAME": "TEXAS",
        "STATEAB": "TX",
        "COUNTYNAME": "TRAVIS",
        "CITYNAME": "AUSTIN",
        "LATDD": 30.355464,
        "LONGDD": -97.722108,
        "gridlyProductionCertified": true,
        "gridlyClassification": "PUBLIC_ROADWAY",
        "gridlyDisplayName": "WOOTEN - PED XING",
        "gridlyId": "FRA-765811M"
      }
    },
    {
      "type": "Feature",
      "id": 201901,
      "geometry": {
        "type": "Point",
        "coordinates": [
          -97.7228113996846,
          30.3612094999794
        ]
      },
      "properties": {
        "OBJECTID": 201901,
        "CROSSING": "765812U",
        "EFFDATE": 1660867200000,
        "REASON": "14",
        "StateCode": "48",
        "CountyCode": "48453",
        "STCYFIPS": "48453",
        "CITYCD": "484530330",
        "RAILROAD": "CMTY",
        "RRDIV": "CMTA",
        "RRSUBDIV": "CENTRAL",
        "HIGHWAY": "ST 0000",
        "STREET": "OHLEN RD",
        "TTSTN": "685422",
        "MILEPOST": "0064.13",
        "TYPEXING": "Public",
        "POSXING": "At Grade",
        "PRVCAT": "14",
        "INIT": "1",
        "LATITUDE": 30.3612095,
        "LONGITUD": -97.7228114,
        "LLSOURCE": "2",
        "WHISTBAN": "1",
        "RRCONT": "5123344000",
        "POLCONT": "8445928046",
        "INV_LINK": "https://safetydata.fra.dot.gov/OfficeofSafety/PublicSite/Crossing/Crossing.aspx?phasetype=C&rpttype=I&txtcrossingnum=765812U",
        "ACC_LINK": "https://safetydata.fra.dot.gov/OfficeofSafety/PublicSite/Crossing/Crossing.aspx?phasetype=C&rpttype=A&txtcrossingnum=765812U",
        "TTSTNNAM": "east serta",
        "XPURPOSE": "1",
        "OPERATINGR": "CMTY",
        "OPERATIN_1": "Primary",
        "DAYTHRU": 33,
        "NGHTTHRU": 6,
        "MAINTRK": 1,
        "SIDINGTRK": 0,
        "YARDTRK": 0,
        "TRANSITTRK": 0,
        "INDUSTRYTR": 0,
        "OTHRTRK": 0,
        "WDCODE": "Four Quad (full barrier) Gates",
        "REVISIONDA": "2007/01/01 00:00:00",
        "LASTUPDATE": "8/19/2022",
        "AADT": "004845",
        "AADTYEAR": "2020",
        "STATENAME": "TEXAS",
        "STATEAB": "TX",
        "COUNTYNAME": "TRAVIS",
        "CITYNAME": "AUSTIN",
        "LATDD": 30.3612095,
        "LONGDD": -97.7228114,
        "gridlyProductionCertified": true,
        "gridlyClassification": "PUBLIC_ROADWAY",
        "gridlyDisplayName": "OHLEN RD",
        "gridlyId": "FRA-765812U"
      }
    },
    {
      "type": "Feature",
      "id": 201902,
      "geometry": {
        "type": "Point",
        "coordinates": [
          -97.7237546001902,
          30.3722979998911
        ]
      },
      "properties": {
        "OBJECTID": 201902,
        "CROSSING": "913617D",
        "EFFDATE": 1660867200000,
        "REASON": "14",
        "StateCode": "48",
        "CountyCode": "48453",
        "STCYFIPS": "48453",
        "CITYCD": "484530330",
        "RAILROAD": "CMTY",
        "RRDIV": "CMTA",
        "RRSUBDIV": "AUSTIN",
        "HIGHWAY": "US 0183",
        "STREET": "US 183 SBFR",
        "TTSTN": "",
        "MILEPOST": "0064.85",
        "TYPEXING": "Public",
        "POSXING": "At Grade",
        "PRVCAT": "14",
        "INIT": "1",
        "LATITUDE": 30.372298,
        "LONGITUD": -97.7237546,
        "LLSOURCE": "2",
        "WHISTBAN": "1",
        "RRCONT": "5123344000",
        "POLCONT": "8445928046",
        "INV_LINK": "https://safetydata.fra.dot.gov/OfficeofSafety/PublicSite/Crossing/Crossing.aspx?phasetype=C&rpttype=I&txtcrossingnum=913617D",
        "ACC_LINK": "https://safetydata.fra.dot.gov/OfficeofSafety/PublicSite/Crossing/Crossing.aspx?phasetype=C&rpttype=A&txtcrossingnum=913617D",
        "TTSTNNAM": "East serta",
        "XPURPOSE": "1",
        "OPERATINGR": "CMTY",
        "OPERATIN_1": "Primary",
        "DAYTHRU": 33,
        "NGHTTHRU": 6,
        "MAINTRK": 1,
        "SIDINGTRK": 0,
        "YARDTRK": 0,
        "TRANSITTRK": 0,
        "INDUSTRYTR": 0,
        "OTHRTRK": 0,
        "WDCODE": "All other Gates",
        "REVISIONDA": "2007/01/01 00:00:00",
        "LASTUPDATE": "8/19/2022",
        "AADT": "012210",
        "AADTYEAR": "2020",
        "STATENAME": "TEXAS",
        "STATEAB": "TX",
        "COUNTYNAME": "TRAVIS",
        "CITYNAME": "AUSTIN",
        "LATDD": 30.372298,
        "LONGDD": -97.7237546,
        "gridlyProductionCertified": true,
        "gridlyClassification": "PUBLIC_ROADWAY",
        "gridlyDisplayName": "US 183 SBFR",
        "gridlyId": "FRA-913617D"
      }
    },
    {
      "type": "Feature",
      "id": 201903,
      "geometry": {
        "type": "Point",
        "coordinates": [
          -97.7237259996282,
          30.3723099996629
        ]
      },
      "properties": {
        "OBJECTID": 201903,
        "CROSSING": "765813B",
        "EFFDATE": 1660867200000,
        "REASON": "14",
        "StateCode": "48",
        "CountyCode": "48453",
        "STCYFIPS": "48453",
        "CITYCD": "484530330",
        "RAILROAD": "CMTY",
        "RRDIV": "CMTA",
        "RRSUBDIV": "CENTRAL",
        "HIGHWAY": "US 0183",
        "STREET": "NBFR 183 RESEARCH BLVD",
        "TTSTN": "685422",
        "MILEPOST": "0064.90",
        "TYPEXING": "Public",
        "POSXING": "At Grade",
        "PRVCAT": "14",
        "INIT": "1",
        "LATITUDE": 30.37231,
        "LONGITUD": -97.723726,
        "LLSOURCE": "2",
        "WHISTBAN": "1",
        "RRCONT": "5123344000",
        "POLCONT": "8445928046",
        "INV_LINK": "https://safetydata.fra.dot.gov/OfficeofSafety/PublicSite/Crossing/Crossing.aspx?phasetype=C&rpttype=I&txtcrossingnum=765813B",
        "ACC_LINK": "https://safetydata.fra.dot.gov/OfficeofSafety/PublicSite/Crossing/Crossing.aspx?phasetype=C&rpttype=A&txtcrossingnum=765813B",
        "TTSTNNAM": "east serta",
        "XPURPOSE": "1",
        "OPERATINGR": "CMTY",
        "OPERATIN_1": "Primary",
        "DAYTHRU": 33,
        "NGHTTHRU": 6,
        "MAINTRK": 1,
        "SIDINGTRK": 0,
        "YARDTRK": 0,
        "TRANSITTRK": 0,
        "INDUSTRYTR": 0,
        "OTHRTRK": 0,
        "WDCODE": "All other Gates",
        "REVISIONDA": "2007/01/01 00:00:00",
        "LASTUPDATE": "8/19/2022",
        "AADT": "014615",
        "AADTYEAR": "2020",
        "STATENAME": "TEXAS",
        "STATEAB": "TX",
        "COUNTYNAME": "TRAVIS",
        "CITYNAME": "AUSTIN",
        "LATDD": 30.37231,
        "LONGDD": -97.723726,
        "gridlyProductionCertified": true,
        "gridlyClassification": "PUBLIC_ROADWAY",
        "gridlyDisplayName": "NBFR 183 RESEARCH BLVD",
        "gridlyId": "FRA-765813B"
      }
    },
    {
      "type": "Feature",
      "id": 201904,
      "geometry": {
        "type": "Point",
        "coordinates": [
          -97.7154185002549,
          30.3149720999455
        ]
      },
      "properties": {
        "OBJECTID": 201904,
        "CROSSING": "765804C",
        "EFFDATE": 1660867200000,
        "REASON": "14",
        "StateCode": "48",
        "CountyCode": "48453",
        "STCYFIPS": "48453",
        "CITYCD": "484530330",
        "RAILROAD": "CMTY",
        "RRDIV": "CMTA",
        "RRSUBDIV": "CENTRAL",
        "HIGHWAY": "ST 0000",
        "STREET": "53RD ST  BRUNING",
        "TTSTN": "685515",
        "MILEPOST": "0060.86",
        "TYPEXING": "Public",
        "POSXING": "At Grade",
        "PRVCAT": "14",
        "INIT": "1",
        "LATITUDE": 30.3149721,
        "LONGITUD": -97.7154185,
        "LLSOURCE": "1",
        "WHISTBAN": "1",
        "RRCONT": "5123344000",
        "POLCONT": "8445928046",
        "INV_LINK": "https://safetydata.fra.dot.gov/OfficeofSafety/PublicSite/Crossing/Crossing.aspx?phasetype=C&rpttype=I&txtcrossingnum=765804C",
        "ACC_LINK": "https://safetydata.fra.dot.gov/OfficeofSafety/PublicSite/Crossing/Crossing.aspx?phasetype=C&rpttype=A&txtcrossingnum=765804C",
        "TTSTNNAM": "Clarkson",
        "XPURPOSE": "1",
        "OPERATINGR": "CMTY",
        "OPERATIN_1": "Primary",
        "DAYTHRU": 33,
        "NGHTTHRU": 6,
        "MAINTRK": 1,
        "SIDINGTRK": 0,
        "YARDTRK": 0,
        "TRANSITTRK": 0,
        "INDUSTRYTR": 0,
        "OTHRTRK": 0,
        "WDCODE": "Four Quad (full barrier) Gates",
        "REVISIONDA": "2007/01/01 00:00:00",
        "LASTUPDATE": "8/19/2022",
        "AADT": "004819",
        "AADTYEAR": "2020",
        "STATENAME": "TEXAS",
        "STATEAB": "TX",
        "COUNTYNAME": "TRAVIS",
        "CITYNAME": "AUSTIN",
        "LATDD": 30.3149721,
        "LONGDD": -97.7154185,
        "gridlyProductionCertified": true,
        "gridlyClassification": "PUBLIC_ROADWAY",
        "gridlyDisplayName": "53RD ST  BRUNING",
        "gridlyId": "FRA-765804C"
      }
    },
    {
      "type": "Feature",
      "id": 201905,
      "geometry": {
        "type": "Point",
        "coordinates": [
          -97.7158658001809,
          30.3206393997108
        ]
      },
      "properties": {
        "OBJECTID": 201905,
        "CROSSING": "765805J",
        "EFFDATE": 1660867200000,
        "REASON": "14",
        "StateCode": "48",
        "CountyCode": "48453",
        "STCYFIPS": "48453",
        "CITYCD": "484530330",
        "RAILROAD": "CMTY",
        "RRDIV": "CMTA",
        "RRSUBDIV": "CENTRAL",
        "HIGHWAY": "SS 0069",
        "STREET": "KOENIG LN",
        "TTSTN": "685515",
        "MILEPOST": "0061.25",
        "TYPEXING": "Public",
        "POSXING": "At Grade",
        "PRVCAT": "14",
        "INIT": "1",
        "LATITUDE": 30.3206394,
        "LONGITUD": -97.7158658,
        "LLSOURCE": "1",
        "WHISTBAN": "1",
        "RRCONT": "5123344000",
        "POLCONT": "8445928046",
        "INV_LINK": "https://safetydata.fra.dot.gov/OfficeofSafety/PublicSite/Crossing/Crossing.aspx?phasetype=C&rpttype=I&txtcrossingnum=765805J",
        "ACC_LINK": "https://safetydata.fra.dot.gov/OfficeofSafety/PublicSite/Crossing/Crossing.aspx?phasetype=C&rpttype=A&txtcrossingnum=765805J",
        "TTSTNNAM": "Clarkson",
        "XPURPOSE": "1",
        "OPERATINGR": "CMTY",
        "OPERATIN_1": "Primary",
        "DAYTHRU": 33,
        "NGHTTHRU": 6,
        "MAINTRK": 1,
        "SIDINGTRK": 0,
        "YARDTRK": 0,
        "TRANSITTRK": 0,
        "INDUSTRYTR": 0,
        "OTHRTRK": 0,
        "WDCODE": "Four Quad (full barrier) Gates",
        "REVISIONDA": "2007/01/01 00:00:00",
        "LASTUPDATE": "8/19/2022",
        "AADT": "024593",
        "AADTYEAR": "2020",
        "STATENAME": "TEXAS",
        "STATEAB": "TX",
        "COUNTYNAME": "TRAVIS",
        "CITYNAME": "AUSTIN",
        "LATDD": 30.3206394,
        "LONGDD": -97.7158658,
        "gridlyProductionCertified": true,
        "gridlyClassification": "PUBLIC_ROADWAY",
        "gridlyDisplayName": "KOENIG LN",
        "gridlyId": "FRA-765805J"
      }
    },
    {
      "type": "Feature",
      "id": 201908,
      "geometry": {
        "type": "Point",
        "coordinates": [
          -97.7162962001016,
          30.3270417999226
        ]
      },
      "properties": {
        "OBJECTID": 201908,
        "CROSSING": "765806R",
        "EFFDATE": 1660867200000,
        "REASON": "14",
        "StateCode": "48",
        "CountyCode": "48453",
        "STCYFIPS": "48453",
        "CITYCD": "484530330",
        "RAILROAD": "CMTY",
        "RRDIV": "CMTA",
        "RRSUBDIV": "CENTRAL",
        "HIGHWAY": "ST 0000",
        "STREET": "DENSON DRIVE",
        "TTSTN": "685515",
        "MILEPOST": "0061.69",
        "TYPEXING": "Public",
        "POSXING": "At Grade",
        "PRVCAT": "14",
        "INIT": "1",
        "LATITUDE": 30.3270418,
        "LONGITUD": -97.7162962,
        "LLSOURCE": "1",
        "WHISTBAN": "1",
        "RRCONT": "5123344000",
        "POLCONT": "8445928046",
        "INV_LINK": "https://safetydata.fra.dot.gov/OfficeofSafety/PublicSite/Crossing/Crossing.aspx?phasetype=C&rpttype=I&txtcrossingnum=765806R",
        "ACC_LINK": "https://safetydata.fra.dot.gov/OfficeofSafety/PublicSite/Crossing/Crossing.aspx?phasetype=C&rpttype=A&txtcrossingnum=765806R",
        "TTSTNNAM": "Highland",
        "XPURPOSE": "1",
        "OPERATINGR": "CMTY",
        "OPERATIN_1": "Primary",
        "DAYTHRU": 33,
        "NGHTTHRU": 6,
        "MAINTRK": 1,
        "SIDINGTRK": 0,
        "YARDTRK": 0,
        "TRANSITTRK": 0,
        "INDUSTRYTR": 0,
        "OTHRTRK": 0,
        "WDCODE": "Four Quad (full barrier) Gates",
        "REVISIONDA": "2007/01/01 00:00:00",
        "LASTUPDATE": "8/19/2022",
        "AADT": "003485",
        "AADTYEAR": "2020",
        "STATENAME": "TEXAS",
        "STATEAB": "TX",
        "COUNTYNAME": "TRAVIS",
        "CITYNAME": "AUSTIN",
        "LATDD": 30.3270418,
        "LONGDD": -97.7162962,
        "gridlyProductionCertified": true,
        "gridlyClassification": "PUBLIC_ROADWAY",
        "gridlyDisplayName": "DENSON DRIVE",
        "gridlyId": "FRA-765806R"
      }
    },
    {
      "type": "Feature",
      "id": 201909,
      "geometry": {
        "type": "Point",
        "coordinates": [
          -97.7172080997094,
          30.333595900273
        ]
      },
      "properties": {
        "OBJECTID": 201909,
        "CROSSING": "765807X",
        "EFFDATE": 1660867200000,
        "REASON": "14",
        "StateCode": "48",
        "CountyCode": "48453",
        "STCYFIPS": "48453",
        "CITYCD": "484530330",
        "RAILROAD": "CMTY",
        "RRDIV": "CMTA",
        "RRSUBDIV": "CENTRAL",
        "HIGHWAY": "ST0000",
        "STREET": "GUADALUPE ST",
        "TTSTN": "685510",
        "MILEPOST": "0062.15",
        "TYPEXING": "Public",
        "POSXING": "At Grade",
        "PRVCAT": "14",
        "INIT": "1",
        "LATITUDE": 30.3335959,
        "LONGITUD": -97.7172081,
        "LLSOURCE": "1",
        "WHISTBAN": "1",
        "RRCONT": "5123344000",
        "POLCONT": "8445928046",
        "INV_LINK": "https://safetydata.fra.dot.gov/OfficeofSafety/PublicSite/Crossing/Crossing.aspx?phasetype=C&rpttype=I&txtcrossingnum=765807X",
        "ACC_LINK": "https://safetydata.fra.dot.gov/OfficeofSafety/PublicSite/Crossing/Crossing.aspx?phasetype=C&rpttype=A&txtcrossingnum=765807X",
        "TTSTNNAM": "Crestview",
        "XPURPOSE": "1",
        "OPERATINGR": "CMTY",
        "OPERATIN_1": "Primary",
        "DAYTHRU": 33,
        "NGHTTHRU": 6,
        "MAINTRK": 1,
        "SIDINGTRK": 0,
        "YARDTRK": 0,
        "TRANSITTRK": 0,
        "INDUSTRYTR": 0,
        "OTHRTRK": 0,
        "WDCODE": "Four Quad (full barrier) Gates",
        "REVISIONDA": "2007/01/01 00:00:00",
        "LASTUPDATE": "8/19/2022",
        "AADT": "001950",
        "AADTYEAR": "2020",
        "STATENAME": "TEXAS",
        "STATEAB": "TX",
        "COUNTYNAME": "TRAVIS",
        "CITYNAME": "AUSTIN",
        "LATDD": 30.3335959,
        "LONGDD": -97.7172081,
        "gridlyProductionCertified": true,
        "gridlyClassification": "PUBLIC_ROADWAY",
        "gridlyDisplayName": "GUADALUPE ST",
        "gridlyId": "FRA-765807X"
      }
    },
    {
      "type": "Feature",
      "id": 201910,
      "geometry": {
        "type": "Point",
        "coordinates": [
          -97.7191212004475,
          30.3373400999755
        ]
      },
      "properties": {
        "OBJECTID": 201910,
        "CROSSING": "765808E",
        "EFFDATE": 1660867200000,
        "REASON": "14",
        "StateCode": "48",
        "CountyCode": "48453",
        "STCYFIPS": "48453",
        "CITYCD": "484530330",
        "RAILROAD": "CMTY",
        "RRDIV": "CMTA",
        "RRSUBDIV": "CENTRAL",
        "HIGHWAY": "ST0000",
        "STREET": "N LAMAR BLVD",
        "TTSTN": "685510",
        "MILEPOST": "0062.44",
        "TYPEXING": "Public",
        "POSXING": "At Grade",
        "PRVCAT": "14",
        "INIT": "1",
        "LATITUDE": 30.3373401,
        "LONGITUD": -97.7191212,
        "LLSOURCE": "1",
        "WHISTBAN": "1",
        "RRCONT": "5123344000",
        "POLCONT": "8445928046",
        "INV_LINK": "https://safetydata.fra.dot.gov/OfficeofSafety/PublicSite/Crossing/Crossing.aspx?phasetype=C&rpttype=I&txtcrossingnum=765808E",
        "ACC_LINK": "https://safetydata.fra.dot.gov/OfficeofSafety/PublicSite/Crossing/Crossing.aspx?phasetype=C&rpttype=A&txtcrossingnum=765808E",
        "TTSTNNAM": "Crestview",
        "XPURPOSE": "1",
        "OPERATINGR": "CMTY",
        "OPERATIN_1": "Primary",
        "DAYTHRU": 33,
        "NGHTTHRU": 6,
        "MAINTRK": 1,
        "SIDINGTRK": 0,
        "YARDTRK": 0,
        "TRANSITTRK": 0,
        "INDUSTRYTR": 0,
        "OTHRTRK": 0,
        "WDCODE": "Four Quad (full barrier) Gates",
        "REVISIONDA": "2007/01/01 00:00:00",
        "LASTUPDATE": "8/19/2022",
        "AADT": "020370",
        "AADTYEAR": "2020",
        "STATENAME": "TEXAS",
        "STATEAB": "TX",
        "COUNTYNAME": "TRAVIS",
        "CITYNAME": "AUSTIN",
        "LATDD": 30.3373401,
        "LONGDD": -97.7191212,
        "gridlyProductionCertified": true,
        "gridlyClassification": "PUBLIC_ROADWAY",
        "gridlyDisplayName": "N LAMAR BLVD",
        "gridlyId": "FRA-765808E"
      }
    },
    {
      "type": "Feature",
      "id": 201915,
      "geometry": {
        "type": "Point",
        "coordinates": [
          -97.716197999868,
          30.3036093999673
        ]
      },
      "properties": {
        "OBJECTID": 201915,
        "CROSSING": "765801G",
        "EFFDATE": 1660867200000,
        "REASON": "14",
        "StateCode": "48",
        "CountyCode": "48453",
        "STCYFIPS": "48453",
        "CITYCD": "484530330",
        "RAILROAD": "CMTY",
        "RRDIV": "CMTA",
        "RRSUBDIV": "CENTRAL",
        "HIGHWAY": "ST 0000",
        "STREET": "EAST 45TH ST",
        "TTSTN": "685515",
        "MILEPOST": "0060.07",
        "TYPEXING": "Public",
        "POSXING": "At Grade",
        "PRVCAT": "14",
        "INIT": "1",
        "LATITUDE": 30.3036094,
        "LONGITUD": -97.716198,
        "LLSOURCE": "1",
        "WHISTBAN": "1",
        "RRCONT": "5123344000",
        "POLCONT": "8445928046",
        "INV_LINK": "https://safetydata.fra.dot.gov/OfficeofSafety/PublicSite/Crossing/Crossing.aspx?phasetype=C&rpttype=I&txtcrossingnum=765801G",
        "ACC_LINK": "https://safetydata.fra.dot.gov/OfficeofSafety/PublicSite/Crossing/Crossing.aspx?phasetype=C&rpttype=A&txtcrossingnum=765801G",
        "TTSTNNAM": "Clarkson",
        "XPURPOSE": "1",
        "OPERATINGR": "CMTY",
        "OPERATIN_1": "Primary",
        "DAYTHRU": 33,
        "NGHTTHRU": 6,
        "MAINTRK": 1,
        "SIDINGTRK": 0,
        "YARDTRK": 0,
        "TRANSITTRK": 0,
        "INDUSTRYTR": 0,
        "OTHRTRK": 0,
        "WDCODE": "Four Quad (full barrier) Gates",
        "REVISIONDA": "2007/01/01 00:00:00",
        "LASTUPDATE": "8/19/2022",
        "AADT": "011405",
        "AADTYEAR": "2020",
        "STATENAME": "TEXAS",
        "STATEAB": "TX",
        "COUNTYNAME": "TRAVIS",
        "CITYNAME": "AUSTIN",
        "LATDD": 30.3036094,
        "LONGDD": -97.716198,
        "gridlyProductionCertified": true,
        "gridlyClassification": "PUBLIC_ROADWAY",
        "gridlyDisplayName": "EAST 45TH ST",
        "gridlyId": "FRA-765801G"
      }
    },
    {
      "type": "Feature",
      "id": 201916,
      "geometry": {
        "type": "Point",
        "coordinates": [
          -97.7160906997006,
          30.3049413000414
        ]
      },
      "properties": {
        "OBJECTID": 201916,
        "CROSSING": "765802N",
        "EFFDATE": 1660867200000,
        "REASON": "14",
        "StateCode": "48",
        "CountyCode": "48453",
        "STCYFIPS": "48453",
        "CITYCD": "484530330",
        "RAILROAD": "CMTY",
        "RRDIV": "CMTA",
        "RRSUBDIV": "CENTRAL",
        "HIGHWAY": "ST 0000",
        "STREET": "EAST 46TH ST",
        "TTSTN": "685515",
        "MILEPOST": "0060.17",
        "TYPEXING": "Public",
        "POSXING": "At Grade",
        "PRVCAT": "14",
        "INIT": "1",
        "LATITUDE": 30.3049413,
        "LONGITUD": -97.7160907,
        "LLSOURCE": "1",
        "WHISTBAN": "1",
        "RRCONT": "5123344000",
        "POLCONT": "8445928046",
        "INV_LINK": "https://safetydata.fra.dot.gov/OfficeofSafety/PublicSite/Crossing/Crossing.aspx?phasetype=C&rpttype=I&txtcrossingnum=765802N",
        "ACC_LINK": "https://safetydata.fra.dot.gov/OfficeofSafety/PublicSite/Crossing/Crossing.aspx?phasetype=C&rpttype=A&txtcrossingnum=765802N",
        "TTSTNNAM": "Clarkson",
        "XPURPOSE": "1",
        "OPERATINGR": "CMTY",
        "OPERATIN_1": "Primary",
        "DAYTHRU": 33,
        "NGHTTHRU": 6,
        "MAINTRK": 1,
        "SIDINGTRK": 0,
        "YARDTRK": 0,
        "TRANSITTRK": 0,
        "INDUSTRYTR": 0,
        "OTHRTRK": 0,
        "WDCODE": "Four Quad (full barrier) Gates",
        "REVISIONDA": "2007/01/01 00:00:00",
        "LASTUPDATE": "8/19/2022",
        "AADT": "001621",
        "AADTYEAR": "2015",
        "STATENAME": "TEXAS",
        "STATEAB": "TX",
        "COUNTYNAME": "TRAVIS",
        "CITYNAME": "AUSTIN",
        "LATDD": 30.3049413,
        "LONGDD": -97.7160907,
        "gridlyProductionCertified": true,
        "gridlyClassification": "PUBLIC_ROADWAY",
        "gridlyDisplayName": "EAST 46TH ST",
        "gridlyId": "FRA-765802N"
      }
    },
    {
      "type": "Feature",
      "id": 201917,
      "geometry": {
        "type": "Point",
        "coordinates": [
          -97.7090068000673,
          30.2858454002089
        ]
      },
      "properties": {
        "OBJECTID": 201917,
        "CROSSING": "765727E",
        "EFFDATE": 1660867200000,
        "REASON": "14",
        "StateCode": "48",
        "CountyCode": "48453",
        "STCYFIPS": "48453",
        "CITYCD": "484530330",
        "RAILROAD": "CMTY",
        "RRDIV": "CMTA",
        "RRSUBDIV": "CENTRAL",
        "HIGHWAY": "st 0000",
        "STREET": "MANOR RoaD",
        "TTSTN": "685515",
        "MILEPOST": "0058.68",
        "TYPEXING": "Public",
        "POSXING": "At Grade",
        "PRVCAT": "14",
        "INIT": "1",
        "LATITUDE": 30.2858454,
        "LONGITUD": -97.7090068,
        "LLSOURCE": "1",
        "WHISTBAN": "1",
        "RRCONT": "5123344000",
        "POLCONT": "8445928046",
        "INV_LINK": "https://safetydata.fra.dot.gov/OfficeofSafety/PublicSite/Crossing/Crossing.aspx?phasetype=C&rpttype=I&txtcrossingnum=765727E",
        "ACC_LINK": "https://safetydata.fra.dot.gov/OfficeofSafety/PublicSite/Crossing/Crossing.aspx?phasetype=C&rpttype=A&txtcrossingnum=765727E",
        "TTSTNNAM": "mlk jr station",
        "XPURPOSE": "1",
        "OPERATINGR": "CMTY",
        "OPERATIN_1": "Primary",
        "DAYTHRU": 33,
        "NGHTTHRU": 5,
        "MAINTRK": 1,
        "SIDINGTRK": 1,
        "YARDTRK": 0,
        "TRANSITTRK": 0,
        "INDUSTRYTR": 0,
        "OTHRTRK": 1,
        "WDCODE": "Four Quad (full barrier) Gates",
        "REVISIONDA": "2007/01/01 00:00:00",
        "LASTUPDATE": "8/19/2022",
        "AADT": "007564",
        "AADTYEAR": "2020",
        "STATENAME": "TEXAS",
        "STATEAB": "TX",
        "COUNTYNAME": "TRAVIS",
        "CITYNAME": "AUSTIN",
        "LATDD": 30.2858454,
        "LONGDD": -97.7090068,
        "gridlyProductionCertified": true,
        "gridlyClassification": "PUBLIC_ROADWAY",
        "gridlyDisplayName": "MANOR RoaD",
        "gridlyId": "FRA-765727E"
      }
    },
    {
      "type": "Feature",
      "id": 201918,
      "geometry": {
        "type": "Point",
        "coordinates": [
          -97.7150580000432,
          30.261097999793
        ]
      },
      "properties": {
        "OBJECTID": 201918,
        "CROSSING": "765720G",
        "EFFDATE": 1660780800000,
        "REASON": "14",
        "StateCode": "48",
        "CountyCode": "48453",
        "STCYFIPS": "48453",
        "CITYCD": "484530330",
        "RAILROAD": "CMTY",
        "RRDIV": "CMTA",
        "RRSUBDIV": "central",
        "HIGHWAY": "st 0000",
        "STREET": "E 7TH STreet",
        "TTSTN": "685500",
        "MILEPOST": "0056.79",
        "TYPEXING": "Public",
        "POSXING": "At Grade",
        "PRVCAT": "14",
        "INIT": "1",
        "LATITUDE": 30.261098,
        "LONGITUD": -97.715058,
        "LLSOURCE": "1",
        "WHISTBAN": "1",
        "RRCONT": "5123344000",
        "POLCONT": "8445928046",
        "INV_LINK": "https://safetydata.fra.dot.gov/OfficeofSafety/PublicSite/Crossing/Crossing.aspx?phasetype=C&rpttype=I&txtcrossingnum=765720G",
        "ACC_LINK": "https://safetydata.fra.dot.gov/OfficeofSafety/PublicSite/Crossing/Crossing.aspx?phasetype=C&rpttype=A&txtcrossingnum=765720G",
        "TTSTNNAM": "AUSTIN",
        "XPURPOSE": "1",
        "OPERATINGR": "CMTY",
        "OPERATIN_1": "Primary",
        "DAYTHRU": 33,
        "NGHTTHRU": 6,
        "MAINTRK": 1,
        "SIDINGTRK": 0,
        "YARDTRK": 0,
        "TRANSITTRK": 0,
        "INDUSTRYTR": 0,
        "OTHRTRK": 0,
        "WDCODE": "Four Quad (full barrier) Gates",
        "REVISIONDA": "2007/01/01 00:00:00",
        "LASTUPDATE": "8/18/2022",
        "AADT": "015542",
        "AADTYEAR": "2020",
        "STATENAME": "TEXAS",
        "STATEAB": "TX",
        "COUNTYNAME": "TRAVIS",
        "CITYNAME": "AUSTIN",
        "LATDD": 30.261098,
        "LONGDD": -97.715058,
        "gridlyProductionCertified": true,
        "gridlyClassification": "PUBLIC_ROADWAY",
        "gridlyDisplayName": "E 7TH STreet",
        "gridlyId": "FRA-765720G"
      }
    },
    {
      "type": "Feature",
      "id": 201919,
      "geometry": {
        "type": "Point",
        "coordinates": [
          -97.7167078000799,
          30.2596441001217
        ]
      },
      "properties": {
        "OBJECTID": 201919,
        "CROSSING": "765718F",
        "EFFDATE": 1660780800000,
        "REASON": "14",
        "StateCode": "48",
        "CountyCode": "48453",
        "STCYFIPS": "48453",
        "CITYCD": "484530330",
        "RAILROAD": "CMTY",
        "RRDIV": "CMTA",
        "RRSUBDIV": "CENTRAL",
        "HIGHWAY": "st 0000",
        "STREET": "6TH STreet",
        "TTSTN": "685500",
        "MILEPOST": "0056.34",
        "TYPEXING": "Public",
        "POSXING": "At Grade",
        "PRVCAT": "14",
        "INIT": "1",
        "LATITUDE": 30.2596441,
        "LONGITUD": -97.7167078,
        "LLSOURCE": "1",
        "WHISTBAN": "1",
        "RRCONT": "5123344000",
        "POLCONT": "8445928046",
        "INV_LINK": "https://safetydata.fra.dot.gov/OfficeofSafety/PublicSite/Crossing/Crossing.aspx?phasetype=C&rpttype=I&txtcrossingnum=765718F",
        "ACC_LINK": "https://safetydata.fra.dot.gov/OfficeofSafety/PublicSite/Crossing/Crossing.aspx?phasetype=C&rpttype=A&txtcrossingnum=765718F",
        "TTSTNNAM": "AUSTIN Junction",
        "XPURPOSE": "1",
        "OPERATINGR": "CMTY",
        "OPERATIN_1": "Primary",
        "DAYTHRU": 33,
        "NGHTTHRU": 5,
        "MAINTRK": 2,
        "SIDINGTRK": 1,
        "YARDTRK": 0,
        "TRANSITTRK": 0,
        "INDUSTRYTR": 0,
        "OTHRTRK": 0,
        "WDCODE": "Four Quad (full barrier) Gates",
        "REVISIONDA": "2007/01/01 00:00:00",
        "LASTUPDATE": "8/18/2022",
        "AADT": "001676",
        "AADTYEAR": "2020",
        "STATENAME": "TEXAS",
        "STATEAB": "TX",
        "COUNTYNAME": "TRAVIS",
        "CITYNAME": "AUSTIN",
        "LATDD": 30.2596441,
        "LONGDD": -97.7167078,
        "gridlyProductionCertified": true,
        "gridlyClassification": "PUBLIC_ROADWAY",
        "gridlyDisplayName": "6TH STreet",
        "gridlyId": "FRA-765718F"
      }
    },
    {
      "type": "Feature",
      "id": 201920,
      "geometry": {
        "type": "Point",
        "coordinates": [
          -97.7312778002519,
          30.2627878001471
        ]
      },
      "properties": {
        "OBJECTID": 201920,
        "CROSSING": "765748X",
        "EFFDATE": 1660780800000,
        "REASON": "14",
        "StateCode": "48",
        "CountyCode": "48453",
        "STCYFIPS": "48453",
        "CITYCD": "484530330",
        "RAILROAD": "CMTY",
        "RRDIV": "CMTA",
        "RRSUBDIV": "CENTRAL",
        "HIGHWAY": "ST 0000",
        "STREET": "WALLER ST",
        "TTSTN": "685500",
        "MILEPOST": "0055.72",
        "TYPEXING": "Public",
        "POSXING": "At Grade",
        "PRVCAT": "14",
        "INIT": "1",
        "LATITUDE": 30.2627878,
        "LONGITUD": -97.7312778,
        "LLSOURCE": "1",
        "WHISTBAN": "0",
        "RRCONT": "5123344000",
        "POLCONT": "8445928046",
        "INV_LINK": "https://safetydata.fra.dot.gov/OfficeofSafety/PublicSite/Crossing/Crossing.aspx?phasetype=C&rpttype=I&txtcrossingnum=765748X",
        "ACC_LINK": "https://safetydata.fra.dot.gov/OfficeofSafety/PublicSite/Crossing/Crossing.aspx?phasetype=C&rpttype=A&txtcrossingnum=765748X",
        "TTSTNNAM": "PLAZA SALTILLO",
        "XPURPOSE": "1",
        "OPERATINGR": "CMTY",
        "OPERATIN_1": "Primary",
        "DAYTHRU": 33,
        "NGHTTHRU": 15,
        "MAINTRK": 1,
        "SIDINGTRK": 0,
        "YARDTRK": 0,
        "TRANSITTRK": 0,
        "INDUSTRYTR": 0,
        "OTHRTRK": 0,
        "WDCODE": "Four Quad (full barrier) Gates",
        "REVISIONDA": "2007/01/01 00:00:00",
        "LASTUPDATE": "8/18/2022",
        "AADT": "001162",
        "AADTYEAR": "2020",
        "STATENAME": "TEXAS",
        "STATEAB": "TX",
        "COUNTYNAME": "TRAVIS",
        "CITYNAME": "AUSTIN",
        "LATDD": 30.2627878,
        "LONGDD": -97.7312778,
        "gridlyProductionCertified": true,
        "gridlyClassification": "PUBLIC_ROADWAY",
        "gridlyDisplayName": "WALLER ST",
        "gridlyId": "FRA-765748X"
      }
    },
    {
      "type": "Feature",
      "id": 201927,
      "geometry": {
        "type": "Point",
        "coordinates": [
          -97.7305370000612,
          30.2628590001823
        ]
      },
      "properties": {
        "OBJECTID": 201927,
        "CROSSING": "744886D",
        "EFFDATE": 1660780800000,
        "REASON": "14",
        "StateCode": "48",
        "CountyCode": "48453",
        "STCYFIPS": "48453",
        "CITYCD": "484530330",
        "RAILROAD": "CMTY",
        "RRDIV": "CMTA",
        "RRSUBDIV": "CENTRAL",
        "HIGHWAY": "PRIVATE pathway",
        "STREET": "ATTAYAC paseo",
        "TTSTN": "685315",
        "MILEPOST": "0055.77",
        "TYPEXING": "Private",
        "POSXING": "At Grade",
        "PRVCAT": "14",
        "INIT": "1",
        "LATITUDE": 30.262859,
        "LONGITUD": -97.730537,
        "LLSOURCE": "1",
        "WHISTBAN": "0",
        "RRCONT": "5123344000",
        "POLCONT": "8445928046",
        "INV_LINK": "https://safetydata.fra.dot.gov/OfficeofSafety/PublicSite/Crossing/Crossing.aspx?phasetype=C&rpttype=I&txtcrossingnum=744886D",
        "ACC_LINK": "https://safetydata.fra.dot.gov/OfficeofSafety/PublicSite/Crossing/Crossing.aspx?phasetype=C&rpttype=A&txtcrossingnum=744886D",
        "TTSTNNAM": "plaza saltillo",
        "XPURPOSE": "2",
        "OPERATINGR": "CMTY",
        "OPERATIN_1": "Primary",
        "DAYTHRU": 33,
        "NGHTTHRU": 5,
        "MAINTRK": 2,
        "SIDINGTRK": 0,
        "YARDTRK": 0,
        "TRANSITTRK": 0,
        "INDUSTRYTR": 0,
        "OTHRTRK": 0,
        "WDCODE": "",
        "REVISIONDA": "2007/01/01 00:00:00",
        "LASTUPDATE": "8/18/2022",
        "AADT": "1",
        "AADTYEAR": "",
        "STATENAME": "TEXAS",
        "STATEAB": "TX",
        "COUNTYNAME": "TRAVIS",
        "CITYNAME": "AUSTIN",
        "LATDD": 30.262859,
        "LONGDD": -97.730537,
        "gridlyProductionCertified": true,
        "gridlyClassification": "PUBLIC_ROADWAY",
        "gridlyDisplayName": "ATTAYAC paseo",
        "gridlyId": "FRA-744886D"
      }
    },
    {
      "type": "Feature",
      "id": 201928,
      "geometry": {
        "type": "Point",
        "coordinates": [
          -97.7290302998526,
          30.2626316999121
        ]
      },
      "properties": {
        "OBJECTID": 201928,
        "CROSSING": "765744V",
        "EFFDATE": 1660780800000,
        "REASON": "14",
        "StateCode": "48",
        "CountyCode": "48453",
        "STCYFIPS": "48453",
        "CITYCD": "484530330",
        "RAILROAD": "CMTY",
        "RRDIV": "CMTA",
        "RRSUBDIV": "CENTRAL",
        "HIGHWAY": "st 0000",
        "STREET": "NAVASOTA ST",
        "TTSTN": "685500",
        "MILEPOST": "0055.85",
        "TYPEXING": "Public",
        "POSXING": "At Grade",
        "PRVCAT": "14",
        "INIT": "1",
        "LATITUDE": 30.2626317,
        "LONGITUD": -97.7290303,
        "LLSOURCE": "1",
        "WHISTBAN": "1",
        "RRCONT": "5123344000",
        "POLCONT": "8445928046",
        "INV_LINK": "https://safetydata.fra.dot.gov/OfficeofSafety/PublicSite/Crossing/Crossing.aspx?phasetype=C&rpttype=I&txtcrossingnum=765744V",
        "ACC_LINK": "https://safetydata.fra.dot.gov/OfficeofSafety/PublicSite/Crossing/Crossing.aspx?phasetype=C&rpttype=A&txtcrossingnum=765744V",
        "TTSTNNAM": "Plaza Saltillo",
        "XPURPOSE": "1",
        "OPERATINGR": "CMTY",
        "OPERATIN_1": "Primary",
        "DAYTHRU": 33,
        "NGHTTHRU": 5,
        "MAINTRK": 2,
        "SIDINGTRK": 0,
        "YARDTRK": 0,
        "TRANSITTRK": 0,
        "INDUSTRYTR": 0,
        "OTHRTRK": 0,
        "WDCODE": "Four Quad (full barrier) Gates",
        "REVISIONDA": "2007/01/01 00:00:00",
        "LASTUPDATE": "8/18/2022",
        "AADT": "000444",
        "AADTYEAR": "2020",
        "STATENAME": "TEXAS",
        "STATEAB": "TX",
        "COUNTYNAME": "TRAVIS",
        "CITYNAME": "AUSTIN",
        "LATDD": 30.2626317,
        "LONGDD": -97.7290303,
        "gridlyProductionCertified": true,
        "gridlyClassification": "PUBLIC_ROADWAY",
        "gridlyDisplayName": "NAVASOTA ST",
        "gridlyId": "FRA-765744V"
      }
    },
    {
      "type": "Feature",
      "id": 201939,
      "geometry": {
        "type": "Point",
        "coordinates": [
          -97.7378480000865,
          30.2646249998044
        ]
      },
      "properties": {
        "OBJECTID": 201939,
        "CROSSING": "765738S",
        "EFFDATE": 1665705600000,
        "REASON": "14",
        "StateCode": "48",
        "CountyCode": "48453",
        "STCYFIPS": "48453",
        "CITYCD": "484530330",
        "RAILROAD": "CMTY",
        "RRDIV": "CMTA",
        "RRSUBDIV": "DOWNTOWN",
        "HIGHWAY": "ST0000",
        "STREET": "Red River St",
        "TTSTN": "685500",
        "MILEPOST": "0055.30",
        "TYPEXING": "Public",
        "POSXING": "At Grade",
        "PRVCAT": "14",
        "INIT": "2",
        "LATITUDE": 30.264625,
        "LONGITUD": -97.737848,
        "LLSOURCE": "1",
        "WHISTBAN": "0",
        "RRCONT": "5123344000",
        "POLCONT": "8445928046",
        "INV_LINK": "https://safetydata.fra.dot.gov/OfficeofSafety/PublicSite/Crossing/Crossing.aspx?phasetype=C&rpttype=I&txtcrossingnum=765738S",
        "ACC_LINK": "https://safetydata.fra.dot.gov/OfficeofSafety/PublicSite/Crossing/Crossing.aspx?phasetype=C&rpttype=A&txtcrossingnum=765738S",
        "TTSTNNAM": "AUSTIN",
        "XPURPOSE": "1",
        "OPERATINGR": "CMTY",
        "OPERATIN_1": "Primary",
        "DAYTHRU": 34,
        "NGHTTHRU": 2,
        "MAINTRK": 2,
        "SIDINGTRK": 1,
        "YARDTRK": 0,
        "TRANSITTRK": 0,
        "INDUSTRYTR": 0,
        "OTHRTRK": 0,
        "WDCODE": "Flashing lights",
        "REVISIONDA": "2007/01/01 00:00:00",
        "LASTUPDATE": "10/14/2022",
        "AADT": "532",
        "AADTYEAR": "2019",
        "STATENAME": "TEXAS",
        "STATEAB": "TX",
        "COUNTYNAME": "TRAVIS",
        "CITYNAME": "AUSTIN",
        "LATDD": 30.264625,
        "LONGDD": -97.737848,
        "gridlyProductionCertified": true,
        "gridlyClassification": "PUBLIC_ROADWAY",
        "gridlyDisplayName": "Red River St",
        "gridlyId": "FRA-765738S"
      }
    },
    {
      "type": "Feature",
      "id": 201940,
      "geometry": {
        "type": "Point",
        "coordinates": [
          -97.7156433000615,
          30.3121961999886
        ]
      },
      "properties": {
        "OBJECTID": 201940,
        "CROSSING": "765803V",
        "EFFDATE": 1665705600000,
        "REASON": "14",
        "StateCode": "48",
        "CountyCode": "48453",
        "STCYFIPS": "48453",
        "CITYCD": "484530330",
        "RAILROAD": "CMTY",
        "RRDIV": "CMTA",
        "RRSUBDIV": "CENTRAL",
        "HIGHWAY": "ST0000",
        "STREET": "E 51ST ST",
        "TTSTN": "685515",
        "MILEPOST": "0060.67",
        "TYPEXING": "Public",
        "POSXING": "At Grade",
        "PRVCAT": "14",
        "INIT": "2",
        "LATITUDE": 30.3121962,
        "LONGITUD": -97.7156433,
        "LLSOURCE": "1",
        "WHISTBAN": "1",
        "RRCONT": "5123344000",
        "POLCONT": "8445928046",
        "INV_LINK": "https://safetydata.fra.dot.gov/OfficeofSafety/PublicSite/Crossing/Crossing.aspx?phasetype=C&rpttype=I&txtcrossingnum=765803V",
        "ACC_LINK": "https://safetydata.fra.dot.gov/OfficeofSafety/PublicSite/Crossing/Crossing.aspx?phasetype=C&rpttype=A&txtcrossingnum=765803V",
        "TTSTNNAM": "Clarkson",
        "XPURPOSE": "1",
        "OPERATINGR": "CMTY",
        "OPERATIN_1": "Primary",
        "DAYTHRU": 33,
        "NGHTTHRU": 6,
        "MAINTRK": 1,
        "SIDINGTRK": 0,
        "YARDTRK": 0,
        "TRANSITTRK": 0,
        "INDUSTRYTR": 0,
        "OTHRTRK": 0,
        "WDCODE": "Four Quad (full barrier) Gates",
        "REVISIONDA": "2007/01/01 00:00:00",
        "LASTUPDATE": "10/14/2022",
        "AADT": "7848",
        "AADTYEAR": "2020",
        "STATENAME": "TEXAS",
        "STATEAB": "TX",
        "COUNTYNAME": "TRAVIS",
        "CITYNAME": "AUSTIN",
        "LATDD": 30.3121962,
        "LONGDD": -97.7156433,
        "gridlyProductionCertified": true,
        "gridlyClassification": "PUBLIC_ROADWAY",
        "gridlyDisplayName": "E 51ST ST",
        "gridlyId": "FRA-765803V"
      }
    },
    {
      "type": "Feature",
      "id": 201990,
      "geometry": {
        "type": "Point",
        "coordinates": [
          -97.7347900001121,
          30.2638760001305
        ]
      },
      "properties": {
        "OBJECTID": 201990,
        "CROSSING": "765741A",
        "EFFDATE": 1665705600000,
        "REASON": "14",
        "StateCode": "48",
        "CountyCode": "48453",
        "STCYFIPS": "48453",
        "CITYCD": "484530330",
        "RAILROAD": "CMTY",
        "RRDIV": "CMTA",
        "RRSUBDIV": "CENTRAL",
        "HIGHWAY": "IH 0035",
        "STREET": "IH-35 NBFR  4TH street",
        "TTSTN": "685500",
        "MILEPOST": "0055.49",
        "TYPEXING": "Public",
        "POSXING": "At Grade",
        "PRVCAT": "14",
        "INIT": "2",
        "LATITUDE": 30.263876,
        "LONGITUD": -97.73479,
        "LLSOURCE": "1",
        "WHISTBAN": "1",
        "RRCONT": "5123344000",
        "POLCONT": "8445928046",
        "INV_LINK": "https://safetydata.fra.dot.gov/OfficeofSafety/PublicSite/Crossing/Crossing.aspx?phasetype=C&rpttype=I&txtcrossingnum=765741A",
        "ACC_LINK": "https://safetydata.fra.dot.gov/OfficeofSafety/PublicSite/Crossing/Crossing.aspx?phasetype=C&rpttype=A&txtcrossingnum=765741A",
        "TTSTNNAM": "DOWNTOWN",
        "XPURPOSE": "1",
        "OPERATINGR": "CMTY",
        "OPERATIN_1": "Primary",
        "DAYTHRU": 33,
        "NGHTTHRU": 5,
        "MAINTRK": 2,
        "SIDINGTRK": 0,
        "YARDTRK": 0,
        "TRANSITTRK": 0,
        "INDUSTRYTR": 0,
        "OTHRTRK": 0,
        "WDCODE": "All other Gates",
        "REVISIONDA": "2007/01/01 00:00:00",
        "LASTUPDATE": "10/14/2022",
        "AADT": "10857",
        "AADTYEAR": "2020",
        "STATENAME": "TEXAS",
        "STATEAB": "TX",
        "COUNTYNAME": "TRAVIS",
        "CITYNAME": "AUSTIN",
        "LATDD": 30.263876,
        "LONGDD": -97.73479,
        "gridlyProductionCertified": true,
        "gridlyClassification": "PUBLIC_ROADWAY",
        "gridlyDisplayName": "IH-35 NBFR  4TH street",
        "gridlyId": "FRA-765741A"
      }
    },
    {
      "type": "Feature",
      "id": 202062,
      "geometry": {
        "type": "Point",
        "coordinates": [
          -97.820058800143,
          30.1737724998603
        ]
      },
      "properties": {
        "OBJECTID": 202062,
        "CROSSING": "447639T",
        "EFFDATE": 1775001600000,
        "REASON": "14",
        "StateCode": "48",
        "CountyCode": "48453",
        "STCYFIPS": "48453",
        "CITYCD": "484530330",
        "RAILROAD": "UP",
        "RRDIV": "SOUTH TEXAS",
        "RRSUBDIV": "AUSTIN SUB",
        "HIGHWAY": "ls0000",
        "STREET": "SLAUGHTER LANE",
        "TTSTN": "685500",
        "MILEPOST": "0187.616",
        "TYPEXING": "Public",
        "POSXING": "RR Under",
        "PRVCAT": "14",
        "INIT": "2",
        "LATITUDE": 30.1737725,
        "LONGITUD": -97.8200588,
        "LLSOURCE": "1",
        "WHISTBAN": "0",
        "RRCONT": "4025443721",
        "POLCONT": "8008488715",
        "INV_LINK": "https://safetydata.fra.dot.gov/OfficeofSafety/PublicSite/Crossing/Crossing.aspx?phasetype=C&rpttype=I&txtcrossingnum=447639T",
        "ACC_LINK": "https://safetydata.fra.dot.gov/OfficeofSafety/PublicSite/Crossing/Crossing.aspx?phasetype=C&rpttype=A&txtcrossingnum=447639T",
        "TTSTNNAM": "",
        "XPURPOSE": "1",
        "OPERATINGR": "UP",
        "OPERATIN_1": "Primary",
        "DAYTHRU": 11,
        "NGHTTHRU": 10,
        "MAINTRK": 1,
        "SIDINGTRK": 1,
        "YARDTRK": 0,
        "TRANSITTRK": 0,
        "INDUSTRYTR": 0,
        "OTHRTRK": 1,
        "WDCODE": "",
        "REVISIONDA": "1975/01/01 00:00:00",
        "LASTUPDATE": "4/1/2026",
        "AADT": "48960",
        "AADTYEAR": "2010",
        "STATENAME": "TEXAS",
        "STATEAB": "TX",
        "COUNTYNAME": "TRAVIS",
        "CITYNAME": "AUSTIN",
        "LATDD": 30.1737725,
        "LONGDD": -97.8200588,
        "gridlyProductionCertified": true,
        "gridlyClassification": "PUBLIC_ROADWAY",
        "gridlyDisplayName": "SLAUGHTER LANE",
        "gridlyId": "FRA-447639T"
      }
    },
    {
      "type": "Feature",
      "id": 202138,
      "geometry": {
        "type": "Point",
        "coordinates": [
          -97.4817429999932,
          30.3250500001207
        ]
      },
      "properties": {
        "OBJECTID": 202138,
        "CROSSING": "765592B",
        "EFFDATE": 1690243200000,
        "REASON": "14",
        "StateCode": "48",
        "CountyCode": "48453",
        "STCYFIPS": "48453",
        "CITYCD": "484534290",
        "RAILROAD": "CMTY",
        "RRDIV": "CMTA",
        "RRSUBDIV": "EAST",
        "HIGHWAY": "PRIVATE",
        "STREET": "PRIVATE ROAD",
        "TTSTN": "685445",
        "MILEPOST": "0036.70",
        "TYPEXING": "Private",
        "POSXING": "At Grade",
        "PRVCAT": "14",
        "INIT": "1",
        "LATITUDE": 30.32505,
        "LONGITUD": -97.481743,
        "LLSOURCE": "2",
        "WHISTBAN": "0",
        "RRCONT": "5123444000",
        "POLCONT": "8445928046",
        "INV_LINK": "https://safetydata.fra.dot.gov/OfficeofSafety/PublicSite/Crossing/Crossing.aspx?phasetype=C&rpttype=I&txtcrossingnum=765592B",
        "ACC_LINK": "https://safetydata.fra.dot.gov/OfficeofSafety/PublicSite/Crossing/Crossing.aspx?phasetype=C&rpttype=A&txtcrossingnum=765592B",
        "TTSTNNAM": "MANOR",
        "XPURPOSE": "1",
        "OPERATINGR": "CMTY",
        "OPERATIN_1": "Primary",
        "DAYTHRU": 2,
        "NGHTTHRU": 0,
        "MAINTRK": 1,
        "SIDINGTRK": 0,
        "YARDTRK": 0,
        "TRANSITTRK": 0,
        "INDUSTRYTR": 0,
        "OTHRTRK": 0,
        "WDCODE": "",
        "REVISIONDA": "2007/01/01 00:00:00",
        "LASTUPDATE": "7/25/2023",
        "AADT": "",
        "AADTYEAR": "1970",
        "STATENAME": "TEXAS",
        "STATEAB": "TX",
        "COUNTYNAME": "TRAVIS",
        "CITYNAME": "MANOR",
        "LATDD": 30.32505,
        "LONGDD": -97.481743,
        "gridlyProductionCertified": true,
        "gridlyClassification": "PUBLIC_ROADWAY",
        "gridlyDisplayName": "PRIVATE ROAD",
        "gridlyId": "FRA-765592B"
      }
    },
    {
      "type": "Feature",
      "id": 202139,
      "geometry": {
        "type": "Point",
        "coordinates": [
          -97.7011339999516,
          30.440143999973
        ]
      },
      "properties": {
        "OBJECTID": 202139,
        "CROSSING": "976711R",
        "EFFDATE": 1690243200000,
        "REASON": "14",
        "StateCode": "48",
        "CountyCode": "48453",
        "STCYFIPS": "48453",
        "CITYCD": "484530330",
        "RAILROAD": "CMTY",
        "RRDIV": "cmta",
        "RRSUBDIV": "central",
        "HIGHWAY": "Pedestrian Walkway",
        "STREET": "Howard station pedestrian",
        "TTSTN": "",
        "MILEPOST": "0069.940",
        "TYPEXING": "Public",
        "POSXING": "At Grade",
        "PRVCAT": "14",
        "INIT": "1",
        "LATITUDE": 30.440144,
        "LONGITUD": -97.701134,
        "LLSOURCE": "1",
        "WHISTBAN": "",
        "RRCONT": "5123344000",
        "POLCONT": "8445928046",
        "INV_LINK": "https://safetydata.fra.dot.gov/OfficeofSafety/PublicSite/Crossing/Crossing.aspx?phasetype=C&rpttype=I&txtcrossingnum=976711R",
        "ACC_LINK": "https://safetydata.fra.dot.gov/OfficeofSafety/PublicSite/Crossing/Crossing.aspx?phasetype=C&rpttype=A&txtcrossingnum=976711R",
        "TTSTNNAM": "CP Abbott",
        "XPURPOSE": "3",
        "OPERATINGR": "CMTY",
        "OPERATIN_1": "Primary",
        "DAYTHRU": 19,
        "NGHTTHRU": 19,
        "MAINTRK": 1,
        "SIDINGTRK": 1,
        "YARDTRK": 0,
        "TRANSITTRK": 0,
        "INDUSTRYTR": 0,
        "OTHRTRK": 0,
        "WDCODE": "Stop signs",
        "REVISIONDA": "2007/01/01 00:00:00",
        "LASTUPDATE": "7/25/2023",
        "AADT": "",
        "AADTYEAR": "",
        "STATENAME": "TEXAS",
        "STATEAB": "TX",
        "COUNTYNAME": "TRAVIS",
        "CITYNAME": "AUSTIN",
        "LATDD": 30.440144,
        "LONGDD": -97.701134,
        "gridlyProductionCertified": true,
        "gridlyClassification": "PUBLIC_ROADWAY",
        "gridlyDisplayName": "Howard station pedestrian",
        "gridlyId": "FRA-976711R"
      }
    },
    {
      "type": "Feature",
      "id": 202157,
      "geometry": {
        "type": "Point",
        "coordinates": [
          -97.7199100003187,
          30.379910999941
        ]
      },
      "properties": {
        "OBJECTID": 202157,
        "CROSSING": "745304A",
        "EFFDATE": 1690243200000,
        "REASON": "24",
        "StateCode": "48",
        "CountyCode": "48299",
        "STCYFIPS": "48299",
        "CITYCD": "482994030",
        "RAILROAD": "CMTY",
        "RRDIV": "CMTA",
        "RRSUBDIV": "west",
        "HIGHWAY": "PRIVATE",
        "STREET": "PRIVATE ROAD",
        "TTSTN": "690750",
        "MILEPOST": "0154.56",
        "TYPEXING": "Private",
        "POSXING": "At Grade",
        "PRVCAT": "24",
        "INIT": "1",
        "LATITUDE": 30.379911,
        "LONGITUD": -97.71991,
        "LLSOURCE": "2",
        "WHISTBAN": "0",
        "RRCONT": "5123444000",
        "POLCONT": "8445928046",
        "INV_LINK": "https://safetydata.fra.dot.gov/OfficeofSafety/PublicSite/Crossing/Crossing.aspx?phasetype=C&rpttype=I&txtcrossingnum=745304A",
        "ACC_LINK": "https://safetydata.fra.dot.gov/OfficeofSafety/PublicSite/Crossing/Crossing.aspx?phasetype=C&rpttype=A&txtcrossingnum=745304A",
        "TTSTNNAM": "LLANO",
        "XPURPOSE": "1",
        "OPERATINGR": "CMTY",
        "OPERATIN_1": "Primary",
        "DAYTHRU": 0,
        "NGHTTHRU": 0,
        "MAINTRK": 1,
        "SIDINGTRK": 0,
        "YARDTRK": 0,
        "TRANSITTRK": 0,
        "INDUSTRYTR": 0,
        "OTHRTRK": 0,
        "WDCODE": "",
        "REVISIONDA": "2007/01/01 00:00:00",
        "LASTUPDATE": "7/25/2023",
        "AADT": "",
        "AADTYEAR": "1970",
        "STATENAME": "TEXAS",
        "STATEAB": "TX",
        "COUNTYNAME": "LLANO",
        "CITYNAME": "LLANO",
        "LATDD": 30.379911,
        "LONGDD": -97.71991,
        "gridlyProductionCertified": true,
        "gridlyClassification": "PUBLIC_ROADWAY",
        "gridlyDisplayName": "PRIVATE ROAD",
        "gridlyId": "FRA-745304A"
      }
    },
    {
      "type": "Feature",
      "id": 202170,
      "geometry": {
        "type": "Point",
        "coordinates": [
          -97.6820980001918,
          30.2654990003664
        ]
      },
      "properties": {
        "OBJECTID": 202170,
        "CROSSING": "765566L",
        "EFFDATE": 1688947200000,
        "REASON": "14",
        "StateCode": "48",
        "CountyCode": "48453",
        "STCYFIPS": "48453",
        "CITYCD": "484530330",
        "RAILROAD": "AWRR",
        "RRDIV": "CMTA",
        "RRSUBDIV": "East",
        "HIGHWAY": "US Numbered route",
        "STREET": "US 183 SB",
        "TTSTN": "685446",
        "MILEPOST": "0053.53",
        "TYPEXING": "Public",
        "POSXING": "RR Under",
        "PRVCAT": "14",
        "INIT": "1",
        "LATITUDE": 30.265499,
        "LONGITUD": -97.682098,
        "LLSOURCE": "1",
        "WHISTBAN": "0",
        "RRCONT": "8663869321",
        "POLCONT": "8663869321",
        "INV_LINK": "https://safetydata.fra.dot.gov/OfficeofSafety/PublicSite/Crossing/Crossing.aspx?phasetype=C&rpttype=I&txtcrossingnum=765566L",
        "ACC_LINK": "https://safetydata.fra.dot.gov/OfficeofSafety/PublicSite/Crossing/Crossing.aspx?phasetype=C&rpttype=A&txtcrossingnum=765566L",
        "TTSTNNAM": "SMOOT",
        "XPURPOSE": "1",
        "OPERATINGR": "AWRR",
        "OPERATIN_1": "Primary",
        "DAYTHRU": 0,
        "NGHTTHRU": 4,
        "MAINTRK": 1,
        "SIDINGTRK": 0,
        "YARDTRK": 0,
        "TRANSITTRK": 0,
        "INDUSTRYTR": 0,
        "OTHRTRK": 0,
        "WDCODE": "",
        "REVISIONDA": "2007/01/01 00:00:00",
        "LASTUPDATE": "7/10/2023",
        "AADT": "",
        "AADTYEAR": "1970",
        "STATENAME": "TEXAS",
        "STATEAB": "TX",
        "COUNTYNAME": "TRAVIS",
        "CITYNAME": "AUSTIN",
        "LATDD": 30.265499,
        "LONGDD": -97.682098,
        "gridlyProductionCertified": true,
        "gridlyClassification": "PUBLIC_ROADWAY",
        "gridlyDisplayName": "US 183 SB",
        "gridlyId": "FRA-765566L"
      }
    },
    {
      "type": "Feature",
      "id": 202188,
      "geometry": {
        "type": "Point",
        "coordinates": [
          -97.6724614002366,
          30.263601999904
        ]
      },
      "properties": {
        "OBJECTID": 202188,
        "CROSSING": "744894V",
        "EFFDATE": 1688947200000,
        "REASON": "14",
        "StateCode": "48",
        "CountyCode": "48453",
        "STCYFIPS": "48453",
        "CITYCD": "484530330",
        "RAILROAD": "AWRR",
        "RRDIV": "CMTA",
        "RRSUBDIV": "EAST",
        "HIGHWAY": "US 0183",
        "STREET": "US 183 NB",
        "TTSTN": "685520",
        "MILEPOST": "0053.55",
        "TYPEXING": "Public",
        "POSXING": "RR Under",
        "PRVCAT": "14",
        "INIT": "1",
        "LATITUDE": 30.263602,
        "LONGITUD": -97.6724614,
        "LLSOURCE": "1",
        "WHISTBAN": "0",
        "RRCONT": "8663869321",
        "POLCONT": "8663869321",
        "INV_LINK": "https://safetydata.fra.dot.gov/OfficeofSafety/PublicSite/Crossing/Crossing.aspx?phasetype=C&rpttype=I&txtcrossingnum=744894V",
        "ACC_LINK": "https://safetydata.fra.dot.gov/OfficeofSafety/PublicSite/Crossing/Crossing.aspx?phasetype=C&rpttype=A&txtcrossingnum=744894V",
        "TTSTNNAM": "MILBY",
        "XPURPOSE": "1",
        "OPERATINGR": "AWRR",
        "OPERATIN_1": "Primary",
        "DAYTHRU": 0,
        "NGHTTHRU": 4,
        "MAINTRK": 1,
        "SIDINGTRK": 0,
        "YARDTRK": 0,
        "TRANSITTRK": 0,
        "INDUSTRYTR": 0,
        "OTHRTRK": 0,
        "WDCODE": "",
        "REVISIONDA": "2007/01/01 00:00:00",
        "LASTUPDATE": "7/10/2023",
        "AADT": "060000",
        "AADTYEAR": "2011",
        "STATENAME": "TEXAS",
        "STATEAB": "TX",
        "COUNTYNAME": "TRAVIS",
        "CITYNAME": "AUSTIN",
        "LATDD": 30.263602,
        "LONGDD": -97.6724614,
        "gridlyProductionCertified": true,
        "gridlyClassification": "PUBLIC_ROADWAY",
        "gridlyDisplayName": "US 183 NB",
        "gridlyId": "FRA-744894V"
      }
    },
    {
      "type": "Feature",
      "id": 202189,
      "geometry": {
        "type": "Point",
        "coordinates": [
          -97.6946267998662,
          30.2623905997573
        ]
      },
      "properties": {
        "OBJECTID": 202189,
        "CROSSING": "765735W",
        "EFFDATE": 1688947200000,
        "REASON": "14",
        "StateCode": "48",
        "CountyCode": "48453",
        "STCYFIPS": "48453",
        "CITYCD": "484530330",
        "RAILROAD": "AWRR",
        "RRDIV": "cmta",
        "RRSUBDIV": "EAST",
        "HIGHWAY": "SL 0111",
        "STREET": "AIRPORT BLVD",
        "TTSTN": "685500",
        "MILEPOST": "0054.91",
        "TYPEXING": "Public",
        "POSXING": "RR Under",
        "PRVCAT": "14",
        "INIT": "1",
        "LATITUDE": 30.2623906,
        "LONGITUD": -97.6946268,
        "LLSOURCE": "2",
        "WHISTBAN": "0",
        "RRCONT": "8663869321",
        "POLCONT": "8663869321",
        "INV_LINK": "https://safetydata.fra.dot.gov/OfficeofSafety/PublicSite/Crossing/Crossing.aspx?phasetype=C&rpttype=I&txtcrossingnum=765735W",
        "ACC_LINK": "https://safetydata.fra.dot.gov/OfficeofSafety/PublicSite/Crossing/Crossing.aspx?phasetype=C&rpttype=A&txtcrossingnum=765735W",
        "TTSTNNAM": "milby",
        "XPURPOSE": "1",
        "OPERATINGR": "AWRR",
        "OPERATIN_1": "Primary",
        "DAYTHRU": 2,
        "NGHTTHRU": 0,
        "MAINTRK": 1,
        "SIDINGTRK": 0,
        "YARDTRK": 0,
        "TRANSITTRK": 0,
        "INDUSTRYTR": 0,
        "OTHRTRK": 0,
        "WDCODE": "",
        "REVISIONDA": "2007/01/01 00:00:00",
        "LASTUPDATE": "7/10/2023",
        "AADT": "022000",
        "AADTYEAR": "2011",
        "STATENAME": "TEXAS",
        "STATEAB": "TX",
        "COUNTYNAME": "TRAVIS",
        "CITYNAME": "AUSTIN",
        "LATDD": 30.2623906,
        "LONGDD": -97.6946268,
        "gridlyProductionCertified": true,
        "gridlyClassification": "PUBLIC_ROADWAY",
        "gridlyDisplayName": "AIRPORT BLVD",
        "gridlyId": "FRA-765735W"
      }
    },
    {
      "type": "Feature",
      "id": 202481,
      "geometry": {
        "type": "Point",
        "coordinates": [
          -97.4370850001715,
          30.3194177002139
        ]
      },
      "properties": {
        "OBJECTID": 202481,
        "CROSSING": "765590M",
        "EFFDATE": 1698710400000,
        "REASON": "14",
        "StateCode": "48",
        "CountyCode": "48453",
        "STCYFIPS": "48453",
        "CITYCD": "480212160",
        "RAILROAD": "AWRR",
        "RRDIV": "cmta",
        "RRSUBDIV": "EAST",
        "HIGHWAY": "PRIVATE",
        "STREET": "MARGARET B URDY",
        "TTSTN": "685312",
        "MILEPOST": "0035.39",
        "TYPEXING": "Private",
        "POSXING": "At Grade",
        "PRVCAT": "14",
        "INIT": "1",
        "LATITUDE": 30.3194177,
        "LONGITUD": -97.437085,
        "LLSOURCE": "1",
        "WHISTBAN": "0",
        "RRCONT": "5123344000",
        "POLCONT": "8445928046",
        "INV_LINK": "https://safetydata.fra.dot.gov/OfficeofSafety/PublicSite/Crossing/Crossing.aspx?phasetype=C&rpttype=I&txtcrossingnum=765590M",
        "ACC_LINK": "https://safetydata.fra.dot.gov/OfficeofSafety/PublicSite/Crossing/Crossing.aspx?phasetype=C&rpttype=A&txtcrossingnum=765590M",
        "TTSTNNAM": "ELGIN",
        "XPURPOSE": "1",
        "OPERATINGR": "AWRR",
        "OPERATIN_1": "Primary",
        "DAYTHRU": 0,
        "NGHTTHRU": 0,
        "MAINTRK": 1,
        "SIDINGTRK": 0,
        "YARDTRK": 0,
        "TRANSITTRK": 0,
        "INDUSTRYTR": 0,
        "OTHRTRK": 0,
        "WDCODE": "",
        "REVISIONDA": "2007/01/01 00:00:00",
        "LASTUPDATE": "10/31/2023",
        "AADT": "",
        "AADTYEAR": "1970",
        "STATENAME": "TEXAS",
        "STATEAB": "TX",
        "COUNTYNAME": "TRAVIS",
        "CITYNAME": "ELGIN",
        "LATDD": 30.3194177,
        "LONGDD": -97.437085,
        "gridlyProductionCertified": true,
        "gridlyClassification": "PUBLIC_ROADWAY",
        "gridlyDisplayName": "MARGARET B URDY",
        "gridlyId": "FRA-765590M"
      }
    },
    {
      "type": "Feature",
      "id": 202482,
      "geometry": {
        "type": "Point",
        "coordinates": [
          -97.4571007995982,
          30.3215850000438
        ]
      },
      "properties": {
        "OBJECTID": 202482,
        "CROSSING": "925925T",
        "EFFDATE": 1698710400000,
        "REASON": "14",
        "StateCode": "48",
        "CountyCode": "48453",
        "STCYFIPS": "48453",
        "CITYCD": "480212160",
        "RAILROAD": "AWRR",
        "RRDIV": "cmta",
        "RRSUBDIV": "EAST",
        "HIGHWAY": "PRIVATE",
        "STREET": "PRIVATE",
        "TTSTN": "685312",
        "MILEPOST": "0036.70",
        "TYPEXING": "Private",
        "POSXING": "At Grade",
        "PRVCAT": "14",
        "INIT": "1",
        "LATITUDE": 30.321585,
        "LONGITUD": -97.4571008,
        "LLSOURCE": "1",
        "WHISTBAN": "0",
        "RRCONT": "5123344000",
        "POLCONT": "8445928046",
        "INV_LINK": "https://safetydata.fra.dot.gov/OfficeofSafety/PublicSite/Crossing/Crossing.aspx?phasetype=C&rpttype=I&txtcrossingnum=925925T",
        "ACC_LINK": "https://safetydata.fra.dot.gov/OfficeofSafety/PublicSite/Crossing/Crossing.aspx?phasetype=C&rpttype=A&txtcrossingnum=925925T",
        "TTSTNNAM": "ELGIN",
        "XPURPOSE": "1",
        "OPERATINGR": "AWRR",
        "OPERATIN_1": "Primary",
        "DAYTHRU": 0,
        "NGHTTHRU": 0,
        "MAINTRK": 1,
        "SIDINGTRK": 0,
        "YARDTRK": 0,
        "TRANSITTRK": 0,
        "INDUSTRYTR": 0,
        "OTHRTRK": 0,
        "WDCODE": "",
        "REVISIONDA": "2007/01/01 00:00:00",
        "LASTUPDATE": "10/31/2023",
        "AADT": "",
        "AADTYEAR": "",
        "STATENAME": "TEXAS",
        "STATEAB": "TX",
        "COUNTYNAME": "TRAVIS",
        "CITYNAME": "ELGIN",
        "LATDD": 30.321585,
        "LONGDD": -97.4571008,
        "gridlyProductionCertified": true,
        "gridlyClassification": "PUBLIC_ROADWAY",
        "gridlyDisplayName": "PRIVATE",
        "gridlyId": "FRA-925925T"
      }
    },
    {
      "type": "Feature",
      "id": 202486,
      "geometry": {
        "type": "Point",
        "coordinates": [
          -97.6197532998115,
          30.3288702999293
        ]
      },
      "properties": {
        "OBJECTID": 202486,
        "CROSSING": "765570B",
        "EFFDATE": 1699920000000,
        "REASON": "14",
        "StateCode": "48",
        "CountyCode": "48453",
        "STCYFIPS": "48453",
        "CITYCD": "484534290",
        "RAILROAD": "AWRR",
        "RRDIV": "cmta",
        "RRSUBDIV": "EAST",
        "HIGHWAY": "PRIVATE",
        "STREET": "cROFFORD lANE",
        "TTSTN": "685419",
        "MILEPOST": "0047.130",
        "TYPEXING": "Private",
        "POSXING": "At Grade",
        "PRVCAT": "14",
        "INIT": "1",
        "LATITUDE": 30.3288703,
        "LONGITUD": -97.6197533,
        "LLSOURCE": "2",
        "WHISTBAN": "0",
        "RRCONT": "5123344000",
        "POLCONT": "8445928046",
        "INV_LINK": "https://safetydata.fra.dot.gov/OfficeofSafety/PublicSite/Crossing/Crossing.aspx?phasetype=C&rpttype=I&txtcrossingnum=765570B",
        "ACC_LINK": "https://safetydata.fra.dot.gov/OfficeofSafety/PublicSite/Crossing/Crossing.aspx?phasetype=C&rpttype=A&txtcrossingnum=765570B",
        "TTSTNNAM": "DECKER",
        "XPURPOSE": "1",
        "OPERATINGR": "AWRR",
        "OPERATIN_1": "Primary",
        "DAYTHRU": 0,
        "NGHTTHRU": 0,
        "MAINTRK": 1,
        "SIDINGTRK": 0,
        "YARDTRK": 0,
        "TRANSITTRK": 0,
        "INDUSTRYTR": 0,
        "OTHRTRK": 0,
        "WDCODE": "",
        "REVISIONDA": "2007/01/01 00:00:00",
        "LASTUPDATE": "11/14/2023",
        "AADT": "",
        "AADTYEAR": "1970",
        "STATENAME": "TEXAS",
        "STATEAB": "TX",
        "COUNTYNAME": "TRAVIS",
        "CITYNAME": "MANOR",
        "LATDD": 30.3288703,
        "LONGDD": -97.6197533,
        "gridlyProductionCertified": true,
        "gridlyClassification": "PUBLIC_ROADWAY",
        "gridlyDisplayName": "cROFFORD lANE",
        "gridlyId": "FRA-765570B"
      }
    },
    {
      "type": "Feature",
      "id": 202487,
      "geometry": {
        "type": "Point",
        "coordinates": [
          -97.4882420999697,
          30.3267018997258
        ]
      },
      "properties": {
        "OBJECTID": 202487,
        "CROSSING": "765585R",
        "EFFDATE": 1698710400000,
        "REASON": "14",
        "StateCode": "48",
        "CountyCode": "48453",
        "STCYFIPS": "48453",
        "CITYCD": "484534290",
        "RAILROAD": "AWRR",
        "RRDIV": "cmta",
        "RRSUBDIV": "EAST",
        "HIGHWAY": "PRIVATE",
        "STREET": "MARILYN KELINSKE",
        "TTSTN": "685445",
        "MILEPOST": "0038.54",
        "TYPEXING": "Private",
        "POSXING": "At Grade",
        "PRVCAT": "14",
        "INIT": "1",
        "LATITUDE": 30.3267019,
        "LONGITUD": -97.4882421,
        "LLSOURCE": "1",
        "WHISTBAN": "0",
        "RRCONT": "5123344000",
        "POLCONT": "8445928046",
        "INV_LINK": "https://safetydata.fra.dot.gov/OfficeofSafety/PublicSite/Crossing/Crossing.aspx?phasetype=C&rpttype=I&txtcrossingnum=765585R",
        "ACC_LINK": "https://safetydata.fra.dot.gov/OfficeofSafety/PublicSite/Crossing/Crossing.aspx?phasetype=C&rpttype=A&txtcrossingnum=765585R",
        "TTSTNNAM": "MANOR",
        "XPURPOSE": "1",
        "OPERATINGR": "AWRR",
        "OPERATIN_1": "Primary",
        "DAYTHRU": 0,
        "NGHTTHRU": 0,
        "MAINTRK": 1,
        "SIDINGTRK": 0,
        "YARDTRK": 0,
        "TRANSITTRK": 0,
        "INDUSTRYTR": 0,
        "OTHRTRK": 0,
        "WDCODE": "",
        "REVISIONDA": "2007/01/01 00:00:00",
        "LASTUPDATE": "10/31/2023",
        "AADT": "",
        "AADTYEAR": "1970",
        "STATENAME": "TEXAS",
        "STATEAB": "TX",
        "COUNTYNAME": "TRAVIS",
        "CITYNAME": "MANOR",
        "LATDD": 30.3267019,
        "LONGDD": -97.4882421,
        "gridlyProductionCertified": true,
        "gridlyClassification": "PUBLIC_ROADWAY",
        "gridlyDisplayName": "MARILYN KELINSKE",
        "gridlyId": "FRA-765585R"
      }
    },
    {
      "type": "Feature",
      "id": 202493,
      "geometry": {
        "type": "Point",
        "coordinates": [
          -97.5162066996801,
          30.3358599996173
        ]
      },
      "properties": {
        "OBJECTID": 202493,
        "CROSSING": "765583C",
        "EFFDATE": 1698710400000,
        "REASON": "14",
        "StateCode": "48",
        "CountyCode": "48453",
        "STCYFIPS": "48453",
        "CITYCD": "484534290",
        "RAILROAD": "AWRR",
        "RRDIV": "cmta",
        "RRSUBDIV": "EAST",
        "HIGHWAY": "PRIVATE",
        "STREET": "CAPITAL AGGREGATE",
        "TTSTN": "685445",
        "MILEPOST": "0040.42",
        "TYPEXING": "Private",
        "POSXING": "At Grade",
        "PRVCAT": "14",
        "INIT": "1",
        "LATITUDE": 30.33586,
        "LONGITUD": -97.5162067,
        "LLSOURCE": "1",
        "WHISTBAN": "0",
        "RRCONT": "5123344000",
        "POLCONT": "8445928046",
        "INV_LINK": "https://safetydata.fra.dot.gov/OfficeofSafety/PublicSite/Crossing/Crossing.aspx?phasetype=C&rpttype=I&txtcrossingnum=765583C",
        "ACC_LINK": "https://safetydata.fra.dot.gov/OfficeofSafety/PublicSite/Crossing/Crossing.aspx?phasetype=C&rpttype=A&txtcrossingnum=765583C",
        "TTSTNNAM": "MANOR",
        "XPURPOSE": "1",
        "OPERATINGR": "AWRR",
        "OPERATIN_1": "Primary",
        "DAYTHRU": 0,
        "NGHTTHRU": 0,
        "MAINTRK": 1,
        "SIDINGTRK": 0,
        "YARDTRK": 0,
        "TRANSITTRK": 0,
        "INDUSTRYTR": 1,
        "OTHRTRK": 0,
        "WDCODE": "",
        "REVISIONDA": "2007/01/01 00:00:00",
        "LASTUPDATE": "10/31/2023",
        "AADT": "",
        "AADTYEAR": "1970",
        "STATENAME": "TEXAS",
        "STATEAB": "TX",
        "COUNTYNAME": "TRAVIS",
        "CITYNAME": "MANOR",
        "LATDD": 30.33586,
        "LONGDD": -97.5162067,
        "gridlyProductionCertified": true,
        "gridlyClassification": "PUBLIC_ROADWAY",
        "gridlyDisplayName": "CAPITAL AGGREGATE",
        "gridlyId": "FRA-765583C"
      }
    },
    {
      "type": "Feature",
      "id": 202494,
      "geometry": {
        "type": "Point",
        "coordinates": [
          -97.5260657000418,
          30.3386983000891
        ]
      },
      "properties": {
        "OBJECTID": 202494,
        "CROSSING": "765582V",
        "EFFDATE": 1698710400000,
        "REASON": "14",
        "StateCode": "48",
        "CountyCode": "48453",
        "STCYFIPS": "48453",
        "CITYCD": "484534290",
        "RAILROAD": "AWRR",
        "RRDIV": "cmta",
        "RRSUBDIV": "EAST",
        "HIGHWAY": "PRIVATE",
        "STREET": "C K KOETHER",
        "TTSTN": "685445",
        "MILEPOST": "0040.94",
        "TYPEXING": "Private",
        "POSXING": "At Grade",
        "PRVCAT": "14",
        "INIT": "1",
        "LATITUDE": 30.3386983,
        "LONGITUD": -97.5260657,
        "LLSOURCE": "1",
        "WHISTBAN": "0",
        "RRCONT": "5123344000",
        "POLCONT": "8445928046",
        "INV_LINK": "https://safetydata.fra.dot.gov/OfficeofSafety/PublicSite/Crossing/Crossing.aspx?phasetype=C&rpttype=I&txtcrossingnum=765582V",
        "ACC_LINK": "https://safetydata.fra.dot.gov/OfficeofSafety/PublicSite/Crossing/Crossing.aspx?phasetype=C&rpttype=A&txtcrossingnum=765582V",
        "TTSTNNAM": "MANOR",
        "XPURPOSE": "1",
        "OPERATINGR": "AWRR",
        "OPERATIN_1": "Primary",
        "DAYTHRU": 0,
        "NGHTTHRU": 0,
        "MAINTRK": 1,
        "SIDINGTRK": 0,
        "YARDTRK": 0,
        "TRANSITTRK": 0,
        "INDUSTRYTR": 0,
        "OTHRTRK": 0,
        "WDCODE": "",
        "REVISIONDA": "2007/01/01 00:00:00",
        "LASTUPDATE": "10/31/2023",
        "AADT": "",
        "AADTYEAR": "1970",
        "STATENAME": "TEXAS",
        "STATEAB": "TX",
        "COUNTYNAME": "TRAVIS",
        "CITYNAME": "MANOR",
        "LATDD": 30.3386983,
        "LONGDD": -97.5260657,
        "gridlyProductionCertified": true,
        "gridlyClassification": "PUBLIC_ROADWAY",
        "gridlyDisplayName": "C K KOETHER",
        "gridlyId": "FRA-765582V"
      }
    },
    {
      "type": "Feature",
      "id": 202495,
      "geometry": {
        "type": "Point",
        "coordinates": [
          -97.5353661998251,
          30.3413699996458
        ]
      },
      "properties": {
        "OBJECTID": 202495,
        "CROSSING": "765581N",
        "EFFDATE": 1698710400000,
        "REASON": "14",
        "StateCode": "48",
        "CountyCode": "48453",
        "STCYFIPS": "48453",
        "CITYCD": "484534290",
        "RAILROAD": "AWRR",
        "RRDIV": "cmta",
        "RRSUBDIV": "EAST",
        "HIGHWAY": "PRIVATE",
        "STREET": "PRIVATE ROAD",
        "TTSTN": "685445",
        "MILEPOST": "0041.53",
        "TYPEXING": "Private",
        "POSXING": "At Grade",
        "PRVCAT": "14",
        "INIT": "1",
        "LATITUDE": 30.34137,
        "LONGITUD": -97.5353662,
        "LLSOURCE": "2",
        "WHISTBAN": "0",
        "RRCONT": "5123344000",
        "POLCONT": "8445928046",
        "INV_LINK": "https://safetydata.fra.dot.gov/OfficeofSafety/PublicSite/Crossing/Crossing.aspx?phasetype=C&rpttype=I&txtcrossingnum=765581N",
        "ACC_LINK": "https://safetydata.fra.dot.gov/OfficeofSafety/PublicSite/Crossing/Crossing.aspx?phasetype=C&rpttype=A&txtcrossingnum=765581N",
        "TTSTNNAM": "MANOR",
        "XPURPOSE": "1",
        "OPERATINGR": "AWRR",
        "OPERATIN_1": "Primary",
        "DAYTHRU": 0,
        "NGHTTHRU": 0,
        "MAINTRK": 1,
        "SIDINGTRK": 0,
        "YARDTRK": 0,
        "TRANSITTRK": 0,
        "INDUSTRYTR": 0,
        "OTHRTRK": 0,
        "WDCODE": "",
        "REVISIONDA": "2007/01/01 00:00:00",
        "LASTUPDATE": "10/31/2023",
        "AADT": "",
        "AADTYEAR": "1970",
        "STATENAME": "TEXAS",
        "STATEAB": "TX",
        "COUNTYNAME": "TRAVIS",
        "CITYNAME": "MANOR",
        "LATDD": 30.34137,
        "LONGDD": -97.5353662,
        "gridlyProductionCertified": true,
        "gridlyClassification": "PUBLIC_ROADWAY",
        "gridlyDisplayName": "PRIVATE ROAD",
        "gridlyId": "FRA-765581N"
      }
    },
    {
      "type": "Feature",
      "id": 202508,
      "geometry": {
        "type": "Point",
        "coordinates": [
          -97.4584662002025,
          30.3220751996914
        ]
      },
      "properties": {
        "OBJECTID": 202508,
        "CROSSING": "925926A",
        "EFFDATE": 1698710400000,
        "REASON": "14",
        "StateCode": "48",
        "CountyCode": "48453",
        "STCYFIPS": "48453",
        "CITYCD": "480212160",
        "RAILROAD": "AWRR",
        "RRDIV": "cmta",
        "RRSUBDIV": "EAST",
        "HIGHWAY": "PRIVATE",
        "STREET": "OWENS-17009 LITTI",
        "TTSTN": "685312",
        "MILEPOST": "0037.10",
        "TYPEXING": "Private",
        "POSXING": "At Grade",
        "PRVCAT": "14",
        "INIT": "1",
        "LATITUDE": 30.3220752,
        "LONGITUD": -97.4584662,
        "LLSOURCE": "1",
        "WHISTBAN": "0",
        "RRCONT": "5123344000",
        "POLCONT": "8445928046",
        "INV_LINK": "https://safetydata.fra.dot.gov/OfficeofSafety/PublicSite/Crossing/Crossing.aspx?phasetype=C&rpttype=I&txtcrossingnum=925926A",
        "ACC_LINK": "https://safetydata.fra.dot.gov/OfficeofSafety/PublicSite/Crossing/Crossing.aspx?phasetype=C&rpttype=A&txtcrossingnum=925926A",
        "TTSTNNAM": "ELGIN",
        "XPURPOSE": "1",
        "OPERATINGR": "AWRR",
        "OPERATIN_1": "Primary",
        "DAYTHRU": 0,
        "NGHTTHRU": 0,
        "MAINTRK": 1,
        "SIDINGTRK": 0,
        "YARDTRK": 0,
        "TRANSITTRK": 0,
        "INDUSTRYTR": 0,
        "OTHRTRK": 0,
        "WDCODE": "",
        "REVISIONDA": "2007/01/01 00:00:00",
        "LASTUPDATE": "10/31/2023",
        "AADT": "",
        "AADTYEAR": "",
        "STATENAME": "TEXAS",
        "STATEAB": "TX",
        "COUNTYNAME": "TRAVIS",
        "CITYNAME": "ELGIN",
        "LATDD": 30.3220752,
        "LONGDD": -97.4584662,
        "gridlyProductionCertified": true,
        "gridlyClassification": "PUBLIC_ROADWAY",
        "gridlyDisplayName": "OWENS-17009 LITTI",
        "gridlyId": "FRA-925926A"
      }
    },
    {
      "type": "Feature",
      "id": 202509,
      "geometry": {
        "type": "Point",
        "coordinates": [
          -97.5902350000368,
          30.425710999662
        ]
      },
      "properties": {
        "OBJECTID": 202509,
        "CROSSING": "744798T",
        "EFFDATE": 1698710400000,
        "REASON": "14",
        "StateCode": "48",
        "CountyCode": "48053",
        "STCYFIPS": "48053",
        "CITYCD": "480530606",
        "RAILROAD": "AWRR",
        "RRDIV": "cmta",
        "RRSUBDIV": "west",
        "HIGHWAY": "PRIVATE",
        "STREET": "TIMOTHY J BROWN",
        "TTSTN": "683663",
        "MILEPOST": "0099.60",
        "TYPEXING": "Private",
        "POSXING": "At Grade",
        "PRVCAT": "14",
        "INIT": "1",
        "LATITUDE": 30.425711,
        "LONGITUD": -97.590235,
        "LLSOURCE": "2",
        "WHISTBAN": "0",
        "RRCONT": "5123344000",
        "POLCONT": "8445928046",
        "INV_LINK": "https://safetydata.fra.dot.gov/OfficeofSafety/PublicSite/Crossing/Crossing.aspx?phasetype=C&rpttype=I&txtcrossingnum=744798T",
        "ACC_LINK": "https://safetydata.fra.dot.gov/OfficeofSafety/PublicSite/Crossing/Crossing.aspx?phasetype=C&rpttype=A&txtcrossingnum=744798T",
        "TTSTNNAM": "BERTRAM",
        "XPURPOSE": "1",
        "OPERATINGR": "AWRR",
        "OPERATIN_1": "Primary",
        "DAYTHRU": 3,
        "NGHTTHRU": 4,
        "MAINTRK": 1,
        "SIDINGTRK": 0,
        "YARDTRK": 0,
        "TRANSITTRK": 0,
        "INDUSTRYTR": 0,
        "OTHRTRK": 0,
        "WDCODE": "",
        "REVISIONDA": "2007/01/01 00:00:00",
        "LASTUPDATE": "10/31/2023",
        "AADT": "",
        "AADTYEAR": "1970",
        "STATENAME": "TEXAS",
        "STATEAB": "TX",
        "COUNTYNAME": "BURNET",
        "CITYNAME": "BERTRAM",
        "LATDD": 30.425711,
        "LONGDD": -97.590235,
        "gridlyProductionCertified": true,
        "gridlyClassification": "PUBLIC_ROADWAY",
        "gridlyDisplayName": "TIMOTHY J BROWN",
        "gridlyId": "FRA-744798T"
      }
    },
    {
      "type": "Feature",
      "id": 202548,
      "geometry": {
        "type": "Point",
        "coordinates": [
          -97.5246729996361,
          30.3810860001902
        ]
      },
      "properties": {
        "OBJECTID": 202548,
        "CROSSING": "930572T",
        "EFFDATE": 1698710400000,
        "REASON": "14",
        "StateCode": "48",
        "CountyCode": "48491",
        "STCYFIPS": "48491",
        "CITYCD": "484913981",
        "RAILROAD": "AWRR",
        "RRDIV": "cmta",
        "RRSUBDIV": "west",
        "HIGHWAY": "private",
        "STREET": "private",
        "TTSTN": "",
        "MILEPOST": "0090.90",
        "TYPEXING": "Private",
        "POSXING": "At Grade",
        "PRVCAT": "14",
        "INIT": "1",
        "LATITUDE": 30.381086,
        "LONGITUD": -97.524673,
        "LLSOURCE": "2",
        "WHISTBAN": "",
        "RRCONT": "5123344000",
        "POLCONT": "8445928046",
        "INV_LINK": "https://safetydata.fra.dot.gov/OfficeofSafety/PublicSite/Crossing/Crossing.aspx?phasetype=C&rpttype=I&txtcrossingnum=930572T",
        "ACC_LINK": "https://safetydata.fra.dot.gov/OfficeofSafety/PublicSite/Crossing/Crossing.aspx?phasetype=C&rpttype=A&txtcrossingnum=930572T",
        "TTSTNNAM": "Seward",
        "XPURPOSE": "2",
        "OPERATINGR": "AWRR",
        "OPERATIN_1": "Primary",
        "DAYTHRU": 3,
        "NGHTTHRU": 4,
        "MAINTRK": 1,
        "SIDINGTRK": 0,
        "YARDTRK": 0,
        "TRANSITTRK": 0,
        "INDUSTRYTR": 0,
        "OTHRTRK": 0,
        "WDCODE": "",
        "REVISIONDA": "2007/01/01 00:00:00",
        "LASTUPDATE": "10/31/2023",
        "AADT": "",
        "AADTYEAR": "",
        "STATENAME": "TEXAS",
        "STATEAB": "TX",
        "COUNTYNAME": "WILLIAMSON",
        "CITYNAME": "LIBERTY HILL",
        "LATDD": 30.381086,
        "LONGDD": -97.524673,
        "gridlyProductionCertified": true,
        "gridlyClassification": "PUBLIC_ROADWAY",
        "gridlyDisplayName": "private",
        "gridlyId": "FRA-930572T"
      }
    },
    {
      "type": "Feature",
      "id": 202561,
      "geometry": {
        "type": "Point",
        "coordinates": [
          -97.5401612999122,
          30.342725500201
        ]
      },
      "properties": {
        "OBJECTID": 202561,
        "CROSSING": "765580G",
        "EFFDATE": 1698710400000,
        "REASON": "14",
        "StateCode": "48",
        "CountyCode": "48453",
        "STCYFIPS": "48453",
        "CITYCD": "484534290",
        "RAILROAD": "AWRR",
        "RRDIV": "cmta",
        "RRSUBDIV": "EAST",
        "HIGHWAY": "PRIVATE",
        "STREET": "PRIVATE ROAD",
        "TTSTN": "685445",
        "MILEPOST": "0041.83",
        "TYPEXING": "Private",
        "POSXING": "At Grade",
        "PRVCAT": "14",
        "INIT": "1",
        "LATITUDE": 30.3427255,
        "LONGITUD": -97.5401613,
        "LLSOURCE": "2",
        "WHISTBAN": "0",
        "RRCONT": "5123344000",
        "POLCONT": "8445928046",
        "INV_LINK": "https://safetydata.fra.dot.gov/OfficeofSafety/PublicSite/Crossing/Crossing.aspx?phasetype=C&rpttype=I&txtcrossingnum=765580G",
        "ACC_LINK": "https://safetydata.fra.dot.gov/OfficeofSafety/PublicSite/Crossing/Crossing.aspx?phasetype=C&rpttype=A&txtcrossingnum=765580G",
        "TTSTNNAM": "MANOR",
        "XPURPOSE": "1",
        "OPERATINGR": "AWRR",
        "OPERATIN_1": "Primary",
        "DAYTHRU": 0,
        "NGHTTHRU": 0,
        "MAINTRK": 1,
        "SIDINGTRK": 0,
        "YARDTRK": 0,
        "TRANSITTRK": 0,
        "INDUSTRYTR": 0,
        "OTHRTRK": 0,
        "WDCODE": "",
        "REVISIONDA": "2007/01/01 00:00:00",
        "LASTUPDATE": "10/31/2023",
        "AADT": "",
        "AADTYEAR": "1970",
        "STATENAME": "TEXAS",
        "STATEAB": "TX",
        "COUNTYNAME": "TRAVIS",
        "CITYNAME": "MANOR",
        "LATDD": 30.3427255,
        "LONGDD": -97.5401613,
        "gridlyProductionCertified": true,
        "gridlyClassification": "PUBLIC_ROADWAY",
        "gridlyDisplayName": "PRIVATE ROAD",
        "gridlyId": "FRA-765580G"
      }
    },
    {
      "type": "Feature",
      "id": 202562,
      "geometry": {
        "type": "Point",
        "coordinates": [
          -97.5570036999865,
          30.339633700047
        ]
      },
      "properties": {
        "OBJECTID": 202562,
        "CROSSING": "765576S",
        "EFFDATE": 1698710400000,
        "REASON": "14",
        "StateCode": "48",
        "CountyCode": "48453",
        "STCYFIPS": "48453",
        "CITYCD": "484534290",
        "RAILROAD": "AWRR",
        "RRDIV": "cmta",
        "RRSUBDIV": "EAST",
        "HIGHWAY": "ST 0000",
        "STREET": "BURNET ST",
        "TTSTN": "685445",
        "MILEPOST": "0042.91",
        "TYPEXING": "Public",
        "POSXING": "At Grade",
        "PRVCAT": "14",
        "INIT": "1",
        "LATITUDE": 30.3396337,
        "LONGITUD": -97.5570037,
        "LLSOURCE": "1",
        "WHISTBAN": "0",
        "RRCONT": "5123344000",
        "POLCONT": "8445928046",
        "INV_LINK": "https://safetydata.fra.dot.gov/OfficeofSafety/PublicSite/Crossing/Crossing.aspx?phasetype=C&rpttype=I&txtcrossingnum=765576S",
        "ACC_LINK": "https://safetydata.fra.dot.gov/OfficeofSafety/PublicSite/Crossing/Crossing.aspx?phasetype=C&rpttype=A&txtcrossingnum=765576S",
        "TTSTNNAM": "MANOR",
        "XPURPOSE": "1",
        "OPERATINGR": "AWRR",
        "OPERATIN_1": "Primary",
        "DAYTHRU": 0,
        "NGHTTHRU": 0,
        "MAINTRK": 1,
        "SIDINGTRK": 0,
        "YARDTRK": 0,
        "TRANSITTRK": 0,
        "INDUSTRYTR": 0,
        "OTHRTRK": 1,
        "WDCODE": "Crossbucks",
        "REVISIONDA": "2007/01/01 00:00:00",
        "LASTUPDATE": "10/31/2023",
        "AADT": "871",
        "AADTYEAR": "2019",
        "STATENAME": "TEXAS",
        "STATEAB": "TX",
        "COUNTYNAME": "TRAVIS",
        "CITYNAME": "MANOR",
        "LATDD": 30.3396337,
        "LONGDD": -97.5570037,
        "gridlyProductionCertified": true,
        "gridlyClassification": "PUBLIC_ROADWAY",
        "gridlyDisplayName": "BURNET ST",
        "gridlyId": "FRA-765576S"
      }
    },
    {
      "type": "Feature",
      "id": 202563,
      "geometry": {
        "type": "Point",
        "coordinates": [
          -97.5518367000667,
          30.3414742002882
        ]
      },
      "properties": {
        "OBJECTID": 202563,
        "CROSSING": "765578F",
        "EFFDATE": 1698710400000,
        "REASON": "14",
        "StateCode": "48",
        "CountyCode": "48453",
        "STCYFIPS": "48453",
        "CITYCD": "484534290",
        "RAILROAD": "AWRR",
        "RRDIV": "cmta",
        "RRSUBDIV": "EAST",
        "HIGHWAY": "ST 0000",
        "STREET": "John Nagle",
        "TTSTN": "685445",
        "MILEPOST": "0042.57",
        "TYPEXING": "Public",
        "POSXING": "At Grade",
        "PRVCAT": "14",
        "INIT": "1",
        "LATITUDE": 30.3414742,
        "LONGITUD": -97.5518367,
        "LLSOURCE": "1",
        "WHISTBAN": "0",
        "RRCONT": "5123344000",
        "POLCONT": "8445928046",
        "INV_LINK": "https://safetydata.fra.dot.gov/OfficeofSafety/PublicSite/Crossing/Crossing.aspx?phasetype=C&rpttype=I&txtcrossingnum=765578F",
        "ACC_LINK": "https://safetydata.fra.dot.gov/OfficeofSafety/PublicSite/Crossing/Crossing.aspx?phasetype=C&rpttype=A&txtcrossingnum=765578F",
        "TTSTNNAM": "MANOR",
        "XPURPOSE": "1",
        "OPERATINGR": "AWRR",
        "OPERATIN_1": "Primary",
        "DAYTHRU": 0,
        "NGHTTHRU": 0,
        "MAINTRK": 1,
        "SIDINGTRK": 0,
        "YARDTRK": 0,
        "TRANSITTRK": 0,
        "INDUSTRYTR": 0,
        "OTHRTRK": 0,
        "WDCODE": "Crossbucks",
        "REVISIONDA": "2007/01/01 00:00:00",
        "LASTUPDATE": "10/31/2023",
        "AADT": "439",
        "AADTYEAR": "2019",
        "STATENAME": "TEXAS",
        "STATEAB": "TX",
        "COUNTYNAME": "TRAVIS",
        "CITYNAME": "MANOR",
        "LATDD": 30.3414742,
        "LONGDD": -97.5518367,
        "gridlyProductionCertified": true,
        "gridlyClassification": "PUBLIC_ROADWAY",
        "gridlyDisplayName": "John Nagle",
        "gridlyId": "FRA-765578F"
      }
    },
    {
      "type": "Feature",
      "id": 202583,
      "geometry": {
        "type": "Point",
        "coordinates": [
          -97.5513503997826,
          30.3418424000701
        ]
      },
      "properties": {
        "OBJECTID": 202583,
        "CROSSING": "765579M",
        "EFFDATE": 1698710400000,
        "REASON": "14",
        "StateCode": "48",
        "CountyCode": "48453",
        "STCYFIPS": "48453",
        "CITYCD": "484534290",
        "RAILROAD": "AWRR",
        "RRDIV": "cmta",
        "RRSUBDIV": "EAST",
        "HIGHWAY": "ST 0000",
        "STREET": "EGGLESTON ST",
        "TTSTN": "685445",
        "MILEPOST": "0042.53",
        "TYPEXING": "Public",
        "POSXING": "At Grade",
        "PRVCAT": "14",
        "INIT": "1",
        "LATITUDE": 30.3418424,
        "LONGITUD": -97.5513504,
        "LLSOURCE": "1",
        "WHISTBAN": "0",
        "RRCONT": "5123344000",
        "POLCONT": "8445928046",
        "INV_LINK": "https://safetydata.fra.dot.gov/OfficeofSafety/PublicSite/Crossing/Crossing.aspx?phasetype=C&rpttype=I&txtcrossingnum=765579M",
        "ACC_LINK": "https://safetydata.fra.dot.gov/OfficeofSafety/PublicSite/Crossing/Crossing.aspx?phasetype=C&rpttype=A&txtcrossingnum=765579M",
        "TTSTNNAM": "MANOR",
        "XPURPOSE": "1",
        "OPERATINGR": "AWRR",
        "OPERATIN_1": "Primary",
        "DAYTHRU": 0,
        "NGHTTHRU": 0,
        "MAINTRK": 1,
        "SIDINGTRK": 0,
        "YARDTRK": 0,
        "TRANSITTRK": 0,
        "INDUSTRYTR": 0,
        "OTHRTRK": 0,
        "WDCODE": "Flashing lights",
        "REVISIONDA": "2007/01/01 00:00:00",
        "LASTUPDATE": "10/31/2023",
        "AADT": "797",
        "AADTYEAR": "2019",
        "STATENAME": "TEXAS",
        "STATEAB": "TX",
        "COUNTYNAME": "TRAVIS",
        "CITYNAME": "MANOR",
        "LATDD": 30.3418424,
        "LONGDD": -97.5513504,
        "gridlyProductionCertified": true,
        "gridlyClassification": "PUBLIC_ROADWAY",
        "gridlyDisplayName": "EGGLESTON ST",
        "gridlyId": "FRA-765579M"
      }
    },
    {
      "type": "Feature",
      "id": 202584,
      "geometry": {
        "type": "Point",
        "coordinates": [
          -97.6269509001085,
          30.3201214002586
        ]
      },
      "properties": {
        "OBJECTID": 202584,
        "CROSSING": "765569G",
        "EFFDATE": 1698710400000,
        "REASON": "14",
        "StateCode": "48",
        "CountyCode": "48453",
        "STCYFIPS": "48453",
        "CITYCD": "484534290",
        "RAILROAD": "AWRR",
        "RRDIV": "cmta",
        "RRSUBDIV": "EAST",
        "HIGHWAY": "CO 1165",
        "STREET": "DAFFAN RD",
        "TTSTN": "685419",
        "MILEPOST": "0047.95",
        "TYPEXING": "Public",
        "POSXING": "At Grade",
        "PRVCAT": "14",
        "INIT": "1",
        "LATITUDE": 30.3201214,
        "LONGITUD": -97.6269509,
        "LLSOURCE": "1",
        "WHISTBAN": "0",
        "RRCONT": "5123344000",
        "POLCONT": "8445928046",
        "INV_LINK": "https://safetydata.fra.dot.gov/OfficeofSafety/PublicSite/Crossing/Crossing.aspx?phasetype=C&rpttype=I&txtcrossingnum=765569G",
        "ACC_LINK": "https://safetydata.fra.dot.gov/OfficeofSafety/PublicSite/Crossing/Crossing.aspx?phasetype=C&rpttype=A&txtcrossingnum=765569G",
        "TTSTNNAM": "DECKER",
        "XPURPOSE": "1",
        "OPERATINGR": "AWRR",
        "OPERATIN_1": "Primary",
        "DAYTHRU": 0,
        "NGHTTHRU": 0,
        "MAINTRK": 1,
        "SIDINGTRK": 0,
        "YARDTRK": 0,
        "TRANSITTRK": 0,
        "INDUSTRYTR": 0,
        "OTHRTRK": 0,
        "WDCODE": "All other Gates",
        "REVISIONDA": "2007/01/01 00:00:00",
        "LASTUPDATE": "10/31/2023",
        "AADT": "4211",
        "AADTYEAR": "2019",
        "STATENAME": "TEXAS",
        "STATEAB": "TX",
        "COUNTYNAME": "TRAVIS",
        "CITYNAME": "MANOR",
        "LATDD": 30.3201214,
        "LONGDD": -97.6269509,
        "gridlyProductionCertified": true,
        "gridlyClassification": "PUBLIC_ROADWAY",
        "gridlyDisplayName": "DAFFAN RD",
        "gridlyId": "FRA-765569G"
      }
    },
    {
      "type": "Feature",
      "id": 202585,
      "geometry": {
        "type": "Point",
        "coordinates": [
          -97.5693659996179,
          30.3417522996732
        ]
      },
      "properties": {
        "OBJECTID": 202585,
        "CROSSING": "765573W",
        "EFFDATE": 1698710400000,
        "REASON": "14",
        "StateCode": "48",
        "CountyCode": "48453",
        "STCYFIPS": "48453",
        "CITYCD": "484534290",
        "RAILROAD": "AWRR",
        "RRDIV": "cmta",
        "RRSUBDIV": "EAST",
        "HIGHWAY": "CO 0966",
        "STREET": "BLUE BLUFF RD",
        "TTSTN": "685445",
        "MILEPOST": "0043.67",
        "TYPEXING": "Public",
        "POSXING": "At Grade",
        "PRVCAT": "14",
        "INIT": "1",
        "LATITUDE": 30.3417523,
        "LONGITUD": -97.569366,
        "LLSOURCE": "1",
        "WHISTBAN": "0",
        "RRCONT": "5123344000",
        "POLCONT": "8445928046",
        "INV_LINK": "https://safetydata.fra.dot.gov/OfficeofSafety/PublicSite/Crossing/Crossing.aspx?phasetype=C&rpttype=I&txtcrossingnum=765573W",
        "ACC_LINK": "https://safetydata.fra.dot.gov/OfficeofSafety/PublicSite/Crossing/Crossing.aspx?phasetype=C&rpttype=A&txtcrossingnum=765573W",
        "TTSTNNAM": "MANOR",
        "XPURPOSE": "1",
        "OPERATINGR": "AWRR",
        "OPERATIN_1": "Primary",
        "DAYTHRU": 0,
        "NGHTTHRU": 0,
        "MAINTRK": 1,
        "SIDINGTRK": 0,
        "YARDTRK": 0,
        "TRANSITTRK": 0,
        "INDUSTRYTR": 0,
        "OTHRTRK": 0,
        "WDCODE": "Crossbucks",
        "REVISIONDA": "2007/01/01 00:00:00",
        "LASTUPDATE": "10/31/2023",
        "AADT": "331",
        "AADTYEAR": "2019",
        "STATENAME": "TEXAS",
        "STATEAB": "TX",
        "COUNTYNAME": "TRAVIS",
        "CITYNAME": "MANOR",
        "LATDD": 30.3417523,
        "LONGDD": -97.569366,
        "gridlyProductionCertified": true,
        "gridlyClassification": "PUBLIC_ROADWAY",
        "gridlyDisplayName": "BLUE BLUFF RD",
        "gridlyId": "FRA-765573W"
      }
    },
    {
      "type": "Feature",
      "id": 202589,
      "geometry": {
        "type": "Point",
        "coordinates": [
          -97.4805658000342,
          30.324809600023
        ]
      },
      "properties": {
        "OBJECTID": 202589,
        "CROSSING": "765586X",
        "EFFDATE": 1698710400000,
        "REASON": "14",
        "StateCode": "48",
        "CountyCode": "48453",
        "STCYFIPS": "48453",
        "CITYCD": "484534290",
        "RAILROAD": "AWRR",
        "RRDIV": "cmta",
        "RRSUBDIV": "EAST",
        "HIGHWAY": "CO 0850",
        "STREET": "JONES RD",
        "TTSTN": "685445",
        "MILEPOST": "0038.05",
        "TYPEXING": "Public",
        "POSXING": "At Grade",
        "PRVCAT": "14",
        "INIT": "1",
        "LATITUDE": 30.3248096,
        "LONGITUD": -97.4805658,
        "LLSOURCE": "1",
        "WHISTBAN": "0",
        "RRCONT": "5123344000",
        "POLCONT": "8445928046",
        "INV_LINK": "https://safetydata.fra.dot.gov/OfficeofSafety/PublicSite/Crossing/Crossing.aspx?phasetype=C&rpttype=I&txtcrossingnum=765586X",
        "ACC_LINK": "https://safetydata.fra.dot.gov/OfficeofSafety/PublicSite/Crossing/Crossing.aspx?phasetype=C&rpttype=A&txtcrossingnum=765586X",
        "TTSTNNAM": "MANOR",
        "XPURPOSE": "1",
        "OPERATINGR": "AWRR",
        "OPERATIN_1": "Primary",
        "DAYTHRU": 0,
        "NGHTTHRU": 0,
        "MAINTRK": 1,
        "SIDINGTRK": 0,
        "YARDTRK": 0,
        "TRANSITTRK": 0,
        "INDUSTRYTR": 0,
        "OTHRTRK": 0,
        "WDCODE": "Crossbucks",
        "REVISIONDA": "2007/01/01 00:00:00",
        "LASTUPDATE": "10/31/2023",
        "AADT": "277",
        "AADTYEAR": "2019",
        "STATENAME": "TEXAS",
        "STATEAB": "TX",
        "COUNTYNAME": "TRAVIS",
        "CITYNAME": "MANOR",
        "LATDD": 30.3248096,
        "LONGDD": -97.4805658,
        "gridlyProductionCertified": true,
        "gridlyClassification": "PUBLIC_ROADWAY",
        "gridlyDisplayName": "JONES RD",
        "gridlyId": "FRA-765586X"
      }
    },
    {
      "type": "Feature",
      "id": 202590,
      "geometry": {
        "type": "Point",
        "coordinates": [
          -97.4935351002862,
          30.3290079998653
        ]
      },
      "properties": {
        "OBJECTID": 202590,
        "CROSSING": "765587E",
        "EFFDATE": 1698710400000,
        "REASON": "14",
        "StateCode": "48",
        "CountyCode": "48453",
        "STCYFIPS": "48453",
        "CITYCD": "484534290",
        "RAILROAD": "AWRR",
        "RRDIV": "cmta",
        "RRSUBDIV": "EAST",
        "HIGHWAY": "CO 0848",
        "STREET": "LITTIG ROAD-2",
        "TTSTN": "685445",
        "MILEPOST": "0038.89",
        "TYPEXING": "Public",
        "POSXING": "At Grade",
        "PRVCAT": "14",
        "INIT": "1",
        "LATITUDE": 30.329008,
        "LONGITUD": -97.4935351,
        "LLSOURCE": "1",
        "WHISTBAN": "0",
        "RRCONT": "5123344000",
        "POLCONT": "8445928046",
        "INV_LINK": "https://safetydata.fra.dot.gov/OfficeofSafety/PublicSite/Crossing/Crossing.aspx?phasetype=C&rpttype=I&txtcrossingnum=765587E",
        "ACC_LINK": "https://safetydata.fra.dot.gov/OfficeofSafety/PublicSite/Crossing/Crossing.aspx?phasetype=C&rpttype=A&txtcrossingnum=765587E",
        "TTSTNNAM": "MANOR",
        "XPURPOSE": "1",
        "OPERATINGR": "AWRR",
        "OPERATIN_1": "Primary",
        "DAYTHRU": 0,
        "NGHTTHRU": 0,
        "MAINTRK": 1,
        "SIDINGTRK": 0,
        "YARDTRK": 0,
        "TRANSITTRK": 0,
        "INDUSTRYTR": 0,
        "OTHRTRK": 0,
        "WDCODE": "Crossbucks",
        "REVISIONDA": "2007/01/01 00:00:00",
        "LASTUPDATE": "10/31/2023",
        "AADT": "1064",
        "AADTYEAR": "2019",
        "STATENAME": "TEXAS",
        "STATEAB": "TX",
        "COUNTYNAME": "TRAVIS",
        "CITYNAME": "MANOR",
        "LATDD": 30.329008,
        "LONGDD": -97.4935351,
        "gridlyProductionCertified": true,
        "gridlyClassification": "PUBLIC_ROADWAY",
        "gridlyDisplayName": "LITTIG ROAD-2",
        "gridlyId": "FRA-765587E"
      }
    },
    {
      "type": "Feature",
      "id": 202591,
      "geometry": {
        "type": "Point",
        "coordinates": [
          -97.4477702996776,
          30.3195483002658
        ]
      },
      "properties": {
        "OBJECTID": 202591,
        "CROSSING": "765588L",
        "EFFDATE": 1698710400000,
        "REASON": "14",
        "StateCode": "48",
        "CountyCode": "48453",
        "STCYFIPS": "48453",
        "CITYCD": "484534290",
        "RAILROAD": "AWRR",
        "RRDIV": "cmta",
        "RRSUBDIV": "EAST",
        "HIGHWAY": "CO 0848",
        "STREET": "LITTIG ROAD-1",
        "TTSTN": "685312",
        "MILEPOST": "0036.03",
        "TYPEXING": "Public",
        "POSXING": "At Grade",
        "PRVCAT": "14",
        "INIT": "1",
        "LATITUDE": 30.3195483,
        "LONGITUD": -97.4477703,
        "LLSOURCE": "1",
        "WHISTBAN": "0",
        "RRCONT": "5123344000",
        "POLCONT": "8445928046",
        "INV_LINK": "https://safetydata.fra.dot.gov/OfficeofSafety/PublicSite/Crossing/Crossing.aspx?phasetype=C&rpttype=I&txtcrossingnum=765588L",
        "ACC_LINK": "https://safetydata.fra.dot.gov/OfficeofSafety/PublicSite/Crossing/Crossing.aspx?phasetype=C&rpttype=A&txtcrossingnum=765588L",
        "TTSTNNAM": "ELGIN",
        "XPURPOSE": "1",
        "OPERATINGR": "AWRR",
        "OPERATIN_1": "Primary",
        "DAYTHRU": 0,
        "NGHTTHRU": 0,
        "MAINTRK": 1,
        "SIDINGTRK": 0,
        "YARDTRK": 0,
        "TRANSITTRK": 0,
        "INDUSTRYTR": 0,
        "OTHRTRK": 0,
        "WDCODE": "Crossbucks",
        "REVISIONDA": "2007/01/01 00:00:00",
        "LASTUPDATE": "10/31/2023",
        "AADT": "692",
        "AADTYEAR": "2019",
        "STATENAME": "TEXAS",
        "STATEAB": "TX",
        "COUNTYNAME": "TRAVIS",
        "CITYNAME": "MANOR",
        "LATDD": 30.3195483,
        "LONGDD": -97.4477703,
        "gridlyProductionCertified": true,
        "gridlyClassification": "PUBLIC_ROADWAY",
        "gridlyDisplayName": "LITTIG ROAD-1",
        "gridlyId": "FRA-765588L"
      }
    },
    {
      "type": "Feature",
      "id": 202607,
      "geometry": {
        "type": "Point",
        "coordinates": [
          -97.5246590002907,
          30.3810430000179
        ]
      },
      "properties": {
        "OBJECTID": 202607,
        "CROSSING": "930573A",
        "EFFDATE": 1698710400000,
        "REASON": "14",
        "StateCode": "48",
        "CountyCode": "48491",
        "STCYFIPS": "48491",
        "CITYCD": "484913981",
        "RAILROAD": "AWRR",
        "RRDIV": "cmta",
        "RRSUBDIV": "west",
        "HIGHWAY": "private",
        "STREET": "Prvate",
        "TTSTN": "",
        "MILEPOST": "0091.02",
        "TYPEXING": "Private",
        "POSXING": "At Grade",
        "PRVCAT": "14",
        "INIT": "1",
        "LATITUDE": 30.381043,
        "LONGITUD": -97.524659,
        "LLSOURCE": "2",
        "WHISTBAN": "",
        "RRCONT": "5123344000",
        "POLCONT": "8445928046",
        "INV_LINK": "https://safetydata.fra.dot.gov/OfficeofSafety/PublicSite/Crossing/Crossing.aspx?phasetype=C&rpttype=I&txtcrossingnum=930573A",
        "ACC_LINK": "https://safetydata.fra.dot.gov/OfficeofSafety/PublicSite/Crossing/Crossing.aspx?phasetype=C&rpttype=A&txtcrossingnum=930573A",
        "TTSTNNAM": "seward",
        "XPURPOSE": "1",
        "OPERATINGR": "AWRR",
        "OPERATIN_1": "Primary",
        "DAYTHRU": 3,
        "NGHTTHRU": 4,
        "MAINTRK": 1,
        "SIDINGTRK": 0,
        "YARDTRK": 0,
        "TRANSITTRK": 0,
        "INDUSTRYTR": 0,
        "OTHRTRK": 0,
        "WDCODE": "",
        "REVISIONDA": "2007/01/01 00:00:00",
        "LASTUPDATE": "10/31/2023",
        "AADT": "",
        "AADTYEAR": "",
        "STATENAME": "TEXAS",
        "STATEAB": "TX",
        "COUNTYNAME": "WILLIAMSON",
        "CITYNAME": "LIBERTY HILL",
        "LATDD": 30.381043,
        "LONGDD": -97.524659,
        "gridlyProductionCertified": true,
        "gridlyClassification": "PUBLIC_ROADWAY",
        "gridlyDisplayName": "Prvate",
        "gridlyId": "FRA-930573A"
      }
    },
    {
      "type": "Feature",
      "id": 202625,
      "geometry": {
        "type": "Point",
        "coordinates": [
          -97.7063360000315,
          30.2591021003436
        ]
      },
      "properties": {
        "OBJECTID": 202625,
        "CROSSING": "765765N",
        "EFFDATE": 1698710400000,
        "REASON": "14",
        "StateCode": "48",
        "CountyCode": "48453",
        "STCYFIPS": "48453",
        "CITYCD": "484530330",
        "RAILROAD": "AWRR",
        "RRDIV": "CMTA",
        "RRSUBDIV": "EAST",
        "HIGHWAY": "LS",
        "STREET": "GONZALES ST",
        "TTSTN": "662339",
        "MILEPOST": "0055.65",
        "TYPEXING": "Public",
        "POSXING": "At Grade",
        "PRVCAT": "14",
        "INIT": "1",
        "LATITUDE": 30.2591021,
        "LONGITUD": -97.706336,
        "LLSOURCE": "1",
        "WHISTBAN": "0",
        "RRCONT": "5123344000",
        "POLCONT": "8445928046",
        "INV_LINK": "https://safetydata.fra.dot.gov/OfficeofSafety/PublicSite/Crossing/Crossing.aspx?phasetype=C&rpttype=I&txtcrossingnum=765765N",
        "ACC_LINK": "https://safetydata.fra.dot.gov/OfficeofSafety/PublicSite/Crossing/Crossing.aspx?phasetype=C&rpttype=A&txtcrossingnum=765765N",
        "TTSTNNAM": "VALLEY",
        "XPURPOSE": "1",
        "OPERATINGR": "AWRR",
        "OPERATIN_1": "Primary",
        "DAYTHRU": 0,
        "NGHTTHRU": 0,
        "MAINTRK": 1,
        "SIDINGTRK": 0,
        "YARDTRK": 0,
        "TRANSITTRK": 0,
        "INDUSTRYTR": 1,
        "OTHRTRK": 0,
        "WDCODE": "Crossbucks",
        "REVISIONDA": "2007/01/01 00:00:00",
        "LASTUPDATE": "10/31/2023",
        "AADT": "185",
        "AADTYEAR": "2019",
        "STATENAME": "TEXAS",
        "STATEAB": "TX",
        "COUNTYNAME": "TRAVIS",
        "CITYNAME": "AUSTIN",
        "LATDD": 30.2591021,
        "LONGDD": -97.706336,
        "gridlyProductionCertified": true,
        "gridlyClassification": "PUBLIC_ROADWAY",
        "gridlyDisplayName": "GONZALES ST",
        "gridlyId": "FRA-765765N"
      }
    },
    {
      "type": "Feature",
      "id": 202626,
      "geometry": {
        "type": "Point",
        "coordinates": [
          -97.6461581996098,
          30.2993603001433
        ]
      },
      "properties": {
        "OBJECTID": 202626,
        "CROSSING": "765568A",
        "EFFDATE": 1698710400000,
        "REASON": "14",
        "StateCode": "48",
        "CountyCode": "48453",
        "STCYFIPS": "48453",
        "CITYCD": "484530330",
        "RAILROAD": "AWRR",
        "RRDIV": "cmta",
        "RRSUBDIV": "EAST",
        "HIGHWAY": "ST 0000",
        "STREET": "LOYOLA LANE",
        "TTSTN": "685446",
        "MILEPOST": "0050.10",
        "TYPEXING": "Public",
        "POSXING": "At Grade",
        "PRVCAT": "14",
        "INIT": "1",
        "LATITUDE": 30.2993603,
        "LONGITUD": -97.6461582,
        "LLSOURCE": "1",
        "WHISTBAN": "1",
        "RRCONT": "5123344000",
        "POLCONT": "8445928046",
        "INV_LINK": "https://safetydata.fra.dot.gov/OfficeofSafety/PublicSite/Crossing/Crossing.aspx?phasetype=C&rpttype=I&txtcrossingnum=765568A",
        "ACC_LINK": "https://safetydata.fra.dot.gov/OfficeofSafety/PublicSite/Crossing/Crossing.aspx?phasetype=C&rpttype=A&txtcrossingnum=765568A",
        "TTSTNNAM": "SMOOT",
        "XPURPOSE": "1",
        "OPERATINGR": "AWRR",
        "OPERATIN_1": "Primary",
        "DAYTHRU": 0,
        "NGHTTHRU": 0,
        "MAINTRK": 1,
        "SIDINGTRK": 0,
        "YARDTRK": 0,
        "TRANSITTRK": 0,
        "INDUSTRYTR": 0,
        "OTHRTRK": 0,
        "WDCODE": "Four Quad (full barrier) Gates",
        "REVISIONDA": "2007/01/01 00:00:00",
        "LASTUPDATE": "10/31/2023",
        "AADT": "16217",
        "AADTYEAR": "2019",
        "STATENAME": "TEXAS",
        "STATEAB": "TX",
        "COUNTYNAME": "TRAVIS",
        "CITYNAME": "AUSTIN",
        "LATDD": 30.2993603,
        "LONGDD": -97.6461582,
        "gridlyProductionCertified": true,
        "gridlyClassification": "PUBLIC_ROADWAY",
        "gridlyDisplayName": "LOYOLA LANE",
        "gridlyId": "FRA-765568A"
      }
    },
    {
      "type": "Feature",
      "id": 202627,
      "geometry": {
        "type": "Point",
        "coordinates": [
          -97.6995783999505,
          30.2609802997637
        ]
      },
      "properties": {
        "OBJECTID": 202627,
        "CROSSING": "765698W",
        "EFFDATE": 1698710400000,
        "REASON": "14",
        "StateCode": "48",
        "CountyCode": "48453",
        "STCYFIPS": "48453",
        "CITYCD": "484530330",
        "RAILROAD": "AWRR",
        "RRDIV": "CMTA",
        "RRSUBDIV": "EAST",
        "HIGHWAY": "PUBLIC",
        "STREET": "LYONS RD",
        "TTSTN": "662339",
        "MILEPOST": "0055.22",
        "TYPEXING": "Public",
        "POSXING": "At Grade",
        "PRVCAT": "14",
        "INIT": "1",
        "LATITUDE": 30.2609803,
        "LONGITUD": -97.6995784,
        "LLSOURCE": "1",
        "WHISTBAN": "0",
        "RRCONT": "5123344000",
        "POLCONT": "8445928046",
        "INV_LINK": "https://safetydata.fra.dot.gov/OfficeofSafety/PublicSite/Crossing/Crossing.aspx?phasetype=C&rpttype=I&txtcrossingnum=765698W",
        "ACC_LINK": "https://safetydata.fra.dot.gov/OfficeofSafety/PublicSite/Crossing/Crossing.aspx?phasetype=C&rpttype=A&txtcrossingnum=765698W",
        "TTSTNNAM": "VALLEY",
        "XPURPOSE": "1",
        "OPERATINGR": "AWRR",
        "OPERATIN_1": "Primary",
        "DAYTHRU": 0,
        "NGHTTHRU": 0,
        "MAINTRK": 1,
        "SIDINGTRK": 0,
        "YARDTRK": 0,
        "TRANSITTRK": 0,
        "INDUSTRYTR": 0,
        "OTHRTRK": 0,
        "WDCODE": "All other Gates",
        "REVISIONDA": "2007/01/01 00:00:00",
        "LASTUPDATE": "10/31/2023",
        "AADT": "2084",
        "AADTYEAR": "2019",
        "STATENAME": "TEXAS",
        "STATEAB": "TX",
        "COUNTYNAME": "TRAVIS",
        "CITYNAME": "AUSTIN",
        "LATDD": 30.2609803,
        "LONGDD": -97.6995784,
        "gridlyProductionCertified": true,
        "gridlyClassification": "PUBLIC_ROADWAY",
        "gridlyDisplayName": "LYONS RD",
        "gridlyId": "FRA-765698W"
      }
    },
    {
      "type": "Feature",
      "id": 202637,
      "geometry": {
        "type": "Point",
        "coordinates": [
          -97.6983044002314,
          30.2613225002606
        ]
      },
      "properties": {
        "OBJECTID": 202637,
        "CROSSING": "765734P",
        "EFFDATE": 1698710400000,
        "REASON": "14",
        "StateCode": "48",
        "CountyCode": "48453",
        "STCYFIPS": "48453",
        "CITYCD": "484530330",
        "RAILROAD": "AWRR",
        "RRDIV": "CMTA",
        "RRSUBDIV": "EAST",
        "HIGHWAY": "ST0000",
        "STREET": "SPRINGDALE RD",
        "TTSTN": "685520",
        "MILEPOST": "0055.14",
        "TYPEXING": "Public",
        "POSXING": "At Grade",
        "PRVCAT": "14",
        "INIT": "1",
        "LATITUDE": 30.2613225,
        "LONGITUD": -97.6983044,
        "LLSOURCE": "1",
        "WHISTBAN": "0",
        "RRCONT": "5123344000",
        "POLCONT": "8445928046",
        "INV_LINK": "https://safetydata.fra.dot.gov/OfficeofSafety/PublicSite/Crossing/Crossing.aspx?phasetype=C&rpttype=I&txtcrossingnum=765734P",
        "ACC_LINK": "https://safetydata.fra.dot.gov/OfficeofSafety/PublicSite/Crossing/Crossing.aspx?phasetype=C&rpttype=A&txtcrossingnum=765734P",
        "TTSTNNAM": "MILBY",
        "XPURPOSE": "1",
        "OPERATINGR": "AWRR",
        "OPERATIN_1": "Primary",
        "DAYTHRU": 0,
        "NGHTTHRU": 0,
        "MAINTRK": 1,
        "SIDINGTRK": 0,
        "YARDTRK": 0,
        "TRANSITTRK": 0,
        "INDUSTRYTR": 0,
        "OTHRTRK": 0,
        "WDCODE": "All other Gates",
        "REVISIONDA": "2007/01/01 00:00:00",
        "LASTUPDATE": "10/31/2023",
        "AADT": "8674",
        "AADTYEAR": "2019",
        "STATENAME": "TEXAS",
        "STATEAB": "TX",
        "COUNTYNAME": "TRAVIS",
        "CITYNAME": "AUSTIN",
        "LATDD": 30.2613225,
        "LONGDD": -97.6983044,
        "gridlyProductionCertified": true,
        "gridlyClassification": "PUBLIC_ROADWAY",
        "gridlyDisplayName": "SPRINGDALE RD",
        "gridlyId": "FRA-765734P"
      }
    },
    {
      "type": "Feature",
      "id": 202638,
      "geometry": {
        "type": "Point",
        "coordinates": [
          -97.7051732000665,
          30.2594236996697
        ]
      },
      "properties": {
        "OBJECTID": 202638,
        "CROSSING": "765766V",
        "EFFDATE": 1698710400000,
        "REASON": "14",
        "StateCode": "48",
        "CountyCode": "48453",
        "STCYFIPS": "48453",
        "CITYCD": "484530330",
        "RAILROAD": "AWRR",
        "RRDIV": "CMTA",
        "RRSUBDIV": "EAST",
        "HIGHWAY": "ST0000",
        "STREET": "TILLERY ST",
        "TTSTN": "662339",
        "MILEPOST": "0055.58",
        "TYPEXING": "Public",
        "POSXING": "At Grade",
        "PRVCAT": "14",
        "INIT": "1",
        "LATITUDE": 30.2594237,
        "LONGITUD": -97.7051732,
        "LLSOURCE": "2",
        "WHISTBAN": "0",
        "RRCONT": "5123344000",
        "POLCONT": "8445928046",
        "INV_LINK": "https://safetydata.fra.dot.gov/OfficeofSafety/PublicSite/Crossing/Crossing.aspx?phasetype=C&rpttype=I&txtcrossingnum=765766V",
        "ACC_LINK": "https://safetydata.fra.dot.gov/OfficeofSafety/PublicSite/Crossing/Crossing.aspx?phasetype=C&rpttype=A&txtcrossingnum=765766V",
        "TTSTNNAM": "VALLEY",
        "XPURPOSE": "1",
        "OPERATINGR": "AWRR",
        "OPERATIN_1": "Primary",
        "DAYTHRU": 0,
        "NGHTTHRU": 0,
        "MAINTRK": 1,
        "SIDINGTRK": 0,
        "YARDTRK": 0,
        "TRANSITTRK": 0,
        "INDUSTRYTR": 0,
        "OTHRTRK": 0,
        "WDCODE": "All other Gates",
        "REVISIONDA": "2007/01/01 00:00:00",
        "LASTUPDATE": "10/31/2023",
        "AADT": "4036",
        "AADTYEAR": "2019",
        "STATENAME": "TEXAS",
        "STATEAB": "TX",
        "COUNTYNAME": "TRAVIS",
        "CITYNAME": "AUSTIN",
        "LATDD": 30.2594237,
        "LONGDD": -97.7051732,
        "gridlyProductionCertified": true,
        "gridlyClassification": "PUBLIC_ROADWAY",
        "gridlyDisplayName": "TILLERY ST",
        "gridlyId": "FRA-765766V"
      }
    },
    {
      "type": "Feature",
      "id": 202650,
      "geometry": {
        "type": "Point",
        "coordinates": [
          -97.5599941996521,
          30.3401053002293
        ]
      },
      "properties": {
        "OBJECTID": 202650,
        "CROSSING": "765574D",
        "EFFDATE": 1698710400000,
        "REASON": "14",
        "StateCode": "48",
        "CountyCode": "48453",
        "STCYFIPS": "48453",
        "CITYCD": "484534290",
        "RAILROAD": "AWRR",
        "RRDIV": "cmty",
        "RRSUBDIV": "EAST",
        "HIGHWAY": "ST 0000",
        "STREET": "BASTROP",
        "TTSTN": "685445",
        "MILEPOST": "0043.10",
        "TYPEXING": "Public",
        "POSXING": "At Grade",
        "PRVCAT": "14",
        "INIT": "1",
        "LATITUDE": 30.3401053,
        "LONGITUD": -97.5599942,
        "LLSOURCE": "1",
        "WHISTBAN": "0",
        "RRCONT": "5123344000",
        "POLCONT": "8445928046",
        "INV_LINK": "https://safetydata.fra.dot.gov/OfficeofSafety/PublicSite/Crossing/Crossing.aspx?phasetype=C&rpttype=I&txtcrossingnum=765574D",
        "ACC_LINK": "https://safetydata.fra.dot.gov/OfficeofSafety/PublicSite/Crossing/Crossing.aspx?phasetype=C&rpttype=A&txtcrossingnum=765574D",
        "TTSTNNAM": "MANOR",
        "XPURPOSE": "1",
        "OPERATINGR": "AWRR",
        "OPERATIN_1": "Primary",
        "DAYTHRU": 0,
        "NGHTTHRU": 0,
        "MAINTRK": 1,
        "SIDINGTRK": 0,
        "YARDTRK": 1,
        "TRANSITTRK": 0,
        "INDUSTRYTR": 0,
        "OTHRTRK": 0,
        "WDCODE": "Crossbucks",
        "REVISIONDA": "2007/01/01 00:00:00",
        "LASTUPDATE": "10/31/2023",
        "AADT": "2328",
        "AADTYEAR": "2020",
        "STATENAME": "TEXAS",
        "STATEAB": "TX",
        "COUNTYNAME": "TRAVIS",
        "CITYNAME": "MANOR",
        "LATDD": 30.3401053,
        "LONGDD": -97.5599942,
        "gridlyProductionCertified": true,
        "gridlyClassification": "PUBLIC_ROADWAY",
        "gridlyDisplayName": "BASTROP",
        "gridlyId": "FRA-765574D"
      }
    },
    {
      "type": "Feature",
      "id": 202651,
      "geometry": {
        "type": "Point",
        "coordinates": [
          -97.6052933001427,
          30.3265658000565
        ]
      },
      "properties": {
        "OBJECTID": 202651,
        "CROSSING": "765571H",
        "EFFDATE": 1698710400000,
        "REASON": "14",
        "StateCode": "48",
        "CountyCode": "48453",
        "STCYFIPS": "48453",
        "CITYCD": "484534290",
        "RAILROAD": "AWRR",
        "RRDIV": "cmta",
        "RRSUBDIV": "EAST",
        "HIGHWAY": "FM 3177",
        "STREET": "DECKER LN",
        "TTSTN": "685419",
        "MILEPOST": "0046.25",
        "TYPEXING": "Public",
        "POSXING": "At Grade",
        "PRVCAT": "14",
        "INIT": "1",
        "LATITUDE": 30.3265658,
        "LONGITUD": -97.6052933,
        "LLSOURCE": "1",
        "WHISTBAN": "0",
        "RRCONT": "5123344000",
        "POLCONT": "8445928046",
        "INV_LINK": "https://safetydata.fra.dot.gov/OfficeofSafety/PublicSite/Crossing/Crossing.aspx?phasetype=C&rpttype=I&txtcrossingnum=765571H",
        "ACC_LINK": "https://safetydata.fra.dot.gov/OfficeofSafety/PublicSite/Crossing/Crossing.aspx?phasetype=C&rpttype=A&txtcrossingnum=765571H",
        "TTSTNNAM": "DECKER",
        "XPURPOSE": "1",
        "OPERATINGR": "AWRR",
        "OPERATIN_1": "Primary",
        "DAYTHRU": 0,
        "NGHTTHRU": 0,
        "MAINTRK": 1,
        "SIDINGTRK": 0,
        "YARDTRK": 0,
        "TRANSITTRK": 0,
        "INDUSTRYTR": 0,
        "OTHRTRK": 0,
        "WDCODE": "Flashing lights",
        "REVISIONDA": "2007/01/01 00:00:00",
        "LASTUPDATE": "10/31/2023",
        "AADT": "9036",
        "AADTYEAR": "2020",
        "STATENAME": "TEXAS",
        "STATEAB": "TX",
        "COUNTYNAME": "TRAVIS",
        "CITYNAME": "MANOR",
        "LATDD": 30.3265658,
        "LONGDD": -97.6052933,
        "gridlyProductionCertified": true,
        "gridlyClassification": "PUBLIC_ROADWAY",
        "gridlyDisplayName": "DECKER LN",
        "gridlyId": "FRA-765571H"
      }
    },
    {
      "type": "Feature",
      "id": 202652,
      "geometry": {
        "type": "Point",
        "coordinates": [
          -97.5108890001849,
          30.3342310003596
        ]
      },
      "properties": {
        "OBJECTID": 202652,
        "CROSSING": "765584J",
        "EFFDATE": 1698710400000,
        "REASON": "14",
        "StateCode": "48",
        "CountyCode": "48453",
        "STCYFIPS": "48453",
        "CITYCD": "484534290",
        "RAILROAD": "AWRR",
        "RRDIV": "cmta",
        "RRSUBDIV": "EAST",
        "HIGHWAY": "CO 0848",
        "STREET": "LITTIG RD",
        "TTSTN": "685445",
        "MILEPOST": "0039.99",
        "TYPEXING": "Public",
        "POSXING": "At Grade",
        "PRVCAT": "14",
        "INIT": "1",
        "LATITUDE": 30.334231,
        "LONGITUD": -97.510889,
        "LLSOURCE": "2",
        "WHISTBAN": "0",
        "RRCONT": "5123344000",
        "POLCONT": "8445928046",
        "INV_LINK": "https://safetydata.fra.dot.gov/OfficeofSafety/PublicSite/Crossing/Crossing.aspx?phasetype=C&rpttype=I&txtcrossingnum=765584J",
        "ACC_LINK": "https://safetydata.fra.dot.gov/OfficeofSafety/PublicSite/Crossing/Crossing.aspx?phasetype=C&rpttype=A&txtcrossingnum=765584J",
        "TTSTNNAM": "MANOR",
        "XPURPOSE": "1",
        "OPERATINGR": "AWRR",
        "OPERATIN_1": "Primary",
        "DAYTHRU": 0,
        "NGHTTHRU": 0,
        "MAINTRK": 1,
        "SIDINGTRK": 0,
        "YARDTRK": 0,
        "TRANSITTRK": 0,
        "INDUSTRYTR": 0,
        "OTHRTRK": 0,
        "WDCODE": "All other Gates",
        "REVISIONDA": "2007/01/01 00:00:00",
        "LASTUPDATE": "10/31/2023",
        "AADT": "1800",
        "AADTYEAR": "2020",
        "STATENAME": "TEXAS",
        "STATEAB": "TX",
        "COUNTYNAME": "TRAVIS",
        "CITYNAME": "MANOR",
        "LATDD": 30.334231,
        "LONGDD": -97.510889,
        "gridlyProductionCertified": true,
        "gridlyClassification": "PUBLIC_ROADWAY",
        "gridlyDisplayName": "LITTIG RD",
        "gridlyId": "FRA-765584J"
      }
    },
    {
      "type": "Feature",
      "id": 202676,
      "geometry": {
        "type": "Point",
        "coordinates": [
          -97.4438427996784,
          30.3194493997384
        ]
      },
      "properties": {
        "OBJECTID": 202676,
        "CROSSING": "765589T",
        "EFFDATE": 1698710400000,
        "REASON": "14",
        "StateCode": "48",
        "CountyCode": "48453",
        "STCYFIPS": "48453",
        "CITYCD": "480212160",
        "RAILROAD": "AWRR",
        "RRDIV": "CTMA",
        "RRSUBDIV": "EAST",
        "HIGHWAY": "CO 0846",
        "STREET": "MORROW LN",
        "TTSTN": "685312",
        "MILEPOST": "0035.79",
        "TYPEXING": "Public",
        "POSXING": "At Grade",
        "PRVCAT": "14",
        "INIT": "1",
        "LATITUDE": 30.3194494,
        "LONGITUD": -97.4438428,
        "LLSOURCE": "1",
        "WHISTBAN": "0",
        "RRCONT": "5123344000",
        "POLCONT": "8445928046",
        "INV_LINK": "https://safetydata.fra.dot.gov/OfficeofSafety/PublicSite/Crossing/Crossing.aspx?phasetype=C&rpttype=I&txtcrossingnum=765589T",
        "ACC_LINK": "https://safetydata.fra.dot.gov/OfficeofSafety/PublicSite/Crossing/Crossing.aspx?phasetype=C&rpttype=A&txtcrossingnum=765589T",
        "TTSTNNAM": "ELGIN",
        "XPURPOSE": "1",
        "OPERATINGR": "AWRR",
        "OPERATIN_1": "Primary",
        "DAYTHRU": 0,
        "NGHTTHRU": 0,
        "MAINTRK": 1,
        "SIDINGTRK": 0,
        "YARDTRK": 0,
        "TRANSITTRK": 0,
        "INDUSTRYTR": 0,
        "OTHRTRK": 0,
        "WDCODE": "Crossbucks",
        "REVISIONDA": "2007/01/01 00:00:00",
        "LASTUPDATE": "10/31/2023",
        "AADT": "25",
        "AADTYEAR": "2019",
        "STATENAME": "TEXAS",
        "STATEAB": "TX",
        "COUNTYNAME": "TRAVIS",
        "CITYNAME": "ELGIN",
        "LATDD": 30.3194494,
        "LONGDD": -97.4438428,
        "gridlyProductionCertified": true,
        "gridlyClassification": "PUBLIC_ROADWAY",
        "gridlyDisplayName": "MORROW LN",
        "gridlyId": "FRA-765589T"
      }
    },
    {
      "type": "Feature",
      "id": 202677,
      "geometry": {
        "type": "Point",
        "coordinates": [
          -97.4313079004433,
          30.3216095998017
        ]
      },
      "properties": {
        "OBJECTID": 202677,
        "CROSSING": "765593H",
        "EFFDATE": 1698710400000,
        "REASON": "14",
        "StateCode": "48",
        "CountyCode": "48453",
        "STCYFIPS": "48453",
        "CITYCD": "480212160",
        "RAILROAD": "AWRR",
        "RRDIV": "cmta",
        "RRSUBDIV": "EAST",
        "HIGHWAY": "CO 0811",
        "STREET": "COUNTY LINE ROAD",
        "TTSTN": "685312",
        "MILEPOST": "0035.01",
        "TYPEXING": "Public",
        "POSXING": "At Grade",
        "PRVCAT": "14",
        "INIT": "1",
        "LATITUDE": 30.3216096,
        "LONGITUD": -97.4313079,
        "LLSOURCE": "1",
        "WHISTBAN": "0",
        "RRCONT": "5123344000",
        "POLCONT": "8445928046",
        "INV_LINK": "https://safetydata.fra.dot.gov/OfficeofSafety/PublicSite/Crossing/Crossing.aspx?phasetype=C&rpttype=I&txtcrossingnum=765593H",
        "ACC_LINK": "https://safetydata.fra.dot.gov/OfficeofSafety/PublicSite/Crossing/Crossing.aspx?phasetype=C&rpttype=A&txtcrossingnum=765593H",
        "TTSTNNAM": "ELGIN",
        "XPURPOSE": "1",
        "OPERATINGR": "AWRR",
        "OPERATIN_1": "Primary",
        "DAYTHRU": 0,
        "NGHTTHRU": 0,
        "MAINTRK": 1,
        "SIDINGTRK": 0,
        "YARDTRK": 0,
        "TRANSITTRK": 0,
        "INDUSTRYTR": 0,
        "OTHRTRK": 0,
        "WDCODE": "Crossbucks",
        "REVISIONDA": "2007/01/01 00:00:00",
        "LASTUPDATE": "10/31/2023",
        "AADT": "586",
        "AADTYEAR": "2019",
        "STATENAME": "TEXAS",
        "STATEAB": "TX",
        "COUNTYNAME": "TRAVIS",
        "CITYNAME": "ELGIN",
        "LATDD": 30.3216096,
        "LONGDD": -97.4313079,
        "gridlyProductionCertified": true,
        "gridlyClassification": "PUBLIC_ROADWAY",
        "gridlyDisplayName": "COUNTY LINE ROAD",
        "gridlyId": "FRA-765593H"
      }
    },
    {
      "type": "Feature",
      "id": 202683,
      "geometry": {
        "type": "Point",
        "coordinates": [
          -97.6487309997364,
          30.281042299768
        ]
      },
      "properties": {
        "OBJECTID": 202683,
        "CROSSING": "765567T",
        "EFFDATE": 1698710400000,
        "REASON": "14",
        "StateCode": "48",
        "CountyCode": "48453",
        "STCYFIPS": "48453",
        "CITYCD": "484530330",
        "RAILROAD": "AWRR",
        "RRDIV": "cmta",
        "RRSUBDIV": "EAST",
        "HIGHWAY": "FM 969",
        "STREET": "FM 969",
        "TTSTN": "685446",
        "MILEPOST": "0051.40",
        "TYPEXING": "Public",
        "POSXING": "At Grade",
        "PRVCAT": "14",
        "INIT": "1",
        "LATITUDE": 30.2810423,
        "LONGITUD": -97.648731,
        "LLSOURCE": "1",
        "WHISTBAN": "1",
        "RRCONT": "5123344000",
        "POLCONT": "8445928046",
        "INV_LINK": "https://safetydata.fra.dot.gov/OfficeofSafety/PublicSite/Crossing/Crossing.aspx?phasetype=C&rpttype=I&txtcrossingnum=765567T",
        "ACC_LINK": "https://safetydata.fra.dot.gov/OfficeofSafety/PublicSite/Crossing/Crossing.aspx?phasetype=C&rpttype=A&txtcrossingnum=765567T",
        "TTSTNNAM": "SMOOT",
        "XPURPOSE": "1",
        "OPERATINGR": "AWRR",
        "OPERATIN_1": "Primary",
        "DAYTHRU": 0,
        "NGHTTHRU": 0,
        "MAINTRK": 1,
        "SIDINGTRK": 0,
        "YARDTRK": 0,
        "TRANSITTRK": 0,
        "INDUSTRYTR": 0,
        "OTHRTRK": 0,
        "WDCODE": "Four Quad (full barrier) Gates",
        "REVISIONDA": "2007/01/01 00:00:00",
        "LASTUPDATE": "10/31/2023",
        "AADT": "32888",
        "AADTYEAR": "2020",
        "STATENAME": "TEXAS",
        "STATEAB": "TX",
        "COUNTYNAME": "TRAVIS",
        "CITYNAME": "AUSTIN",
        "LATDD": 30.2810423,
        "LONGDD": -97.648731,
        "gridlyProductionCertified": true,
        "gridlyClassification": "PUBLIC_ROADWAY",
        "gridlyDisplayName": "FM 969",
        "gridlyId": "FRA-765567T"
      }
    },
    {
      "type": "Feature",
      "id": 202745,
      "geometry": {
        "type": "Point",
        "coordinates": [
          -97.5580193002124,
          30.3397508002096
        ]
      },
      "properties": {
        "OBJECTID": 202745,
        "CROSSING": "765575K",
        "EFFDATE": 1698710400000,
        "REASON": "14",
        "StateCode": "48",
        "CountyCode": "48453",
        "STCYFIPS": "48453",
        "CITYCD": "484534290",
        "RAILROAD": "AWRR",
        "RRDIV": "cmta",
        "RRSUBDIV": "EAST",
        "HIGHWAY": "FM 973",
        "STREET": "LEXINGTON ST",
        "TTSTN": "685445",
        "MILEPOST": "0042.98",
        "TYPEXING": "Public",
        "POSXING": "At Grade",
        "PRVCAT": "14",
        "INIT": "1",
        "LATITUDE": 30.3397508,
        "LONGITUD": -97.5580193,
        "LLSOURCE": "1",
        "WHISTBAN": "0",
        "RRCONT": "5123344000",
        "POLCONT": "8445928046",
        "INV_LINK": "https://safetydata.fra.dot.gov/OfficeofSafety/PublicSite/Crossing/Crossing.aspx?phasetype=C&rpttype=I&txtcrossingnum=765575K",
        "ACC_LINK": "https://safetydata.fra.dot.gov/OfficeofSafety/PublicSite/Crossing/Crossing.aspx?phasetype=C&rpttype=A&txtcrossingnum=765575K",
        "TTSTNNAM": "MANOR",
        "XPURPOSE": "1",
        "OPERATINGR": "AWRR",
        "OPERATIN_1": "Primary",
        "DAYTHRU": 0,
        "NGHTTHRU": 0,
        "MAINTRK": 1,
        "SIDINGTRK": 0,
        "YARDTRK": 0,
        "TRANSITTRK": 0,
        "INDUSTRYTR": 0,
        "OTHRTRK": 1,
        "WDCODE": "All other Gates",
        "REVISIONDA": "2007/01/01 00:00:00",
        "LASTUPDATE": "10/31/2023",
        "AADT": "16411",
        "AADTYEAR": "2020",
        "STATENAME": "TEXAS",
        "STATEAB": "TX",
        "COUNTYNAME": "TRAVIS",
        "CITYNAME": "MANOR",
        "LATDD": 30.3397508,
        "LONGDD": -97.5580193,
        "gridlyProductionCertified": true,
        "gridlyClassification": "PUBLIC_ROADWAY",
        "gridlyDisplayName": "LEXINGTON ST",
        "gridlyId": "FRA-765575K"
      }
    },
    {
      "type": "Feature",
      "id": 202754,
      "geometry": {
        "type": "Point",
        "coordinates": [
          -97.7175300002117,
          30.3883900000626
        ]
      },
      "properties": {
        "OBJECTID": 202754,
        "CROSSING": "976534N",
        "EFFDATE": 1711411200000,
        "REASON": "14",
        "StateCode": "48",
        "CountyCode": "48453",
        "STCYFIPS": "48453",
        "CITYCD": "484530330",
        "RAILROAD": "CMTY",
        "RRDIV": "CMTA",
        "RRSUBDIV": "central",
        "HIGHWAY": "pedestrian",
        "STREET": "McKalla Station pedestrian xing",
        "TTSTN": "685422",
        "MILEPOST": "0066.09",
        "TYPEXING": "Public",
        "POSXING": "At Grade",
        "PRVCAT": "14",
        "INIT": "1",
        "LATITUDE": 30.38839,
        "LONGITUD": -97.71753,
        "LLSOURCE": "2",
        "WHISTBAN": "0",
        "RRCONT": "5123344000",
        "POLCONT": "8445928046",
        "INV_LINK": "https://safetydata.fra.dot.gov/OfficeofSafety/PublicSite/Crossing/Crossing.aspx?phasetype=C&rpttype=I&txtcrossingnum=976534N",
        "ACC_LINK": "https://safetydata.fra.dot.gov/OfficeofSafety/PublicSite/Crossing/Crossing.aspx?phasetype=C&rpttype=A&txtcrossingnum=976534N",
        "TTSTNNAM": "McKalla",
        "XPURPOSE": "3",
        "OPERATINGR": "CMTY",
        "OPERATIN_1": "Primary",
        "DAYTHRU": 37,
        "NGHTTHRU": 15,
        "MAINTRK": 2,
        "SIDINGTRK": 0,
        "YARDTRK": 0,
        "TRANSITTRK": 0,
        "INDUSTRYTR": 0,
        "OTHRTRK": 0,
        "WDCODE": "Flashing lights",
        "REVISIONDA": "2007/01/01 00:00:00",
        "LASTUPDATE": "3/26/2024",
        "AADT": "1",
        "AADTYEAR": "",
        "STATENAME": "TEXAS",
        "STATEAB": "TX",
        "COUNTYNAME": "TRAVIS",
        "CITYNAME": "AUSTIN",
        "LATDD": 30.38839,
        "LONGDD": -97.71753,
        "gridlyProductionCertified": true,
        "gridlyClassification": "PUBLIC_ROADWAY",
        "gridlyDisplayName": "McKalla Station pedestrian xing",
        "gridlyId": "FRA-976534N"
      }
    },
    {
      "type": "Feature",
      "id": 202755,
      "geometry": {
        "type": "Point",
        "coordinates": [
          -97.7191570001082,
          30.3819150000121
        ]
      },
      "properties": {
        "OBJECTID": 202755,
        "CROSSING": "765815P",
        "EFFDATE": 1712620800000,
        "REASON": "14",
        "StateCode": "48",
        "CountyCode": "48453",
        "STCYFIPS": "48453",
        "CITYCD": "484530330",
        "RAILROAD": "CMTY",
        "RRDIV": "CMTA",
        "RRSUBDIV": "CENTRAL",
        "HIGHWAY": "ST0000",
        "STREET": "RUTLAND DR",
        "TTSTN": "686213",
        "MILEPOST": "0065.62",
        "TYPEXING": "Public",
        "POSXING": "At Grade",
        "PRVCAT": "14",
        "INIT": "1",
        "LATITUDE": 30.381915,
        "LONGITUD": -97.719157,
        "LLSOURCE": "2",
        "WHISTBAN": "0",
        "RRCONT": "5123344000",
        "POLCONT": "8445928046",
        "INV_LINK": "https://safetydata.fra.dot.gov/OfficeofSafety/PublicSite/Crossing/Crossing.aspx?phasetype=C&rpttype=I&txtcrossingnum=765815P",
        "ACC_LINK": "https://safetydata.fra.dot.gov/OfficeofSafety/PublicSite/Crossing/Crossing.aspx?phasetype=C&rpttype=A&txtcrossingnum=765815P",
        "TTSTNNAM": "West Serta",
        "XPURPOSE": "1",
        "OPERATINGR": "CMTY",
        "OPERATIN_1": "Primary",
        "DAYTHRU": 37,
        "NGHTTHRU": 15,
        "MAINTRK": 2,
        "SIDINGTRK": 0,
        "YARDTRK": 0,
        "TRANSITTRK": 0,
        "INDUSTRYTR": 0,
        "OTHRTRK": 0,
        "WDCODE": "Four Quad (full barrier) Gates",
        "REVISIONDA": "2007/01/01 00:00:00",
        "LASTUPDATE": "4/9/2024",
        "AADT": "13027",
        "AADTYEAR": "2024",
        "STATENAME": "TEXAS",
        "STATEAB": "TX",
        "COUNTYNAME": "TRAVIS",
        "CITYNAME": "AUSTIN",
        "LATDD": 30.381915,
        "LONGDD": -97.719157,
        "gridlyProductionCertified": true,
        "gridlyClassification": "PUBLIC_ROADWAY",
        "gridlyDisplayName": "RUTLAND DR",
        "gridlyId": "FRA-765815P"
      }
    },
    {
      "type": "Feature",
      "id": 202757,
      "geometry": {
        "type": "Point",
        "coordinates": [
          -97.7170342999565,
          30.3902841000916
        ]
      },
      "properties": {
        "OBJECTID": 202757,
        "CROSSING": "900251E",
        "EFFDATE": 1712620800000,
        "REASON": "14",
        "StateCode": "48",
        "CountyCode": "48453",
        "STCYFIPS": "48453",
        "CITYCD": "484530330",
        "RAILROAD": "CMTY",
        "RRDIV": "CMTA",
        "RRSUBDIV": "CENTRAL",
        "HIGHWAY": "ST0000",
        "STREET": "BRAKER LANE",
        "TTSTN": "685422",
        "MILEPOST": "0066.21",
        "TYPEXING": "Public",
        "POSXING": "At Grade",
        "PRVCAT": "14",
        "INIT": "1",
        "LATITUDE": 30.3902841,
        "LONGITUD": -97.7170343,
        "LLSOURCE": "1",
        "WHISTBAN": "0",
        "RRCONT": "5123344000",
        "POLCONT": "8445928046",
        "INV_LINK": "https://safetydata.fra.dot.gov/OfficeofSafety/PublicSite/Crossing/Crossing.aspx?phasetype=C&rpttype=I&txtcrossingnum=900251E",
        "ACC_LINK": "https://safetydata.fra.dot.gov/OfficeofSafety/PublicSite/Crossing/Crossing.aspx?phasetype=C&rpttype=A&txtcrossingnum=900251E",
        "TTSTNNAM": "East kramer",
        "XPURPOSE": "1",
        "OPERATINGR": "CMTY",
        "OPERATIN_1": "Primary",
        "DAYTHRU": 37,
        "NGHTTHRU": 15,
        "MAINTRK": 2,
        "SIDINGTRK": 0,
        "YARDTRK": 0,
        "TRANSITTRK": 0,
        "INDUSTRYTR": 0,
        "OTHRTRK": 0,
        "WDCODE": "Four Quad (full barrier) Gates",
        "REVISIONDA": "2007/01/01 00:00:00",
        "LASTUPDATE": "4/9/2024",
        "AADT": "17395",
        "AADTYEAR": "2024",
        "STATENAME": "TEXAS",
        "STATEAB": "TX",
        "COUNTYNAME": "TRAVIS",
        "CITYNAME": "AUSTIN",
        "LATDD": 30.3902841,
        "LONGDD": -97.7170343,
        "gridlyProductionCertified": true,
        "gridlyClassification": "PUBLIC_ROADWAY",
        "gridlyDisplayName": "BRAKER LANE",
        "gridlyId": "FRA-900251E"
      }
    },
    {
      "type": "Feature",
      "id": 202758,
      "geometry": {
        "type": "Point",
        "coordinates": [
          -97.7163133004313,
          30.393300599817
        ]
      },
      "properties": {
        "OBJECTID": 202758,
        "CROSSING": "765816W",
        "EFFDATE": 1712620800000,
        "REASON": "14",
        "StateCode": "48",
        "CountyCode": "48453",
        "STCYFIPS": "48453",
        "CITYCD": "484530330",
        "RAILROAD": "CMTY",
        "RRDIV": "CMTA",
        "RRSUBDIV": "CENTRAL",
        "HIGHWAY": "ST 0000",
        "STREET": "KRAMER LN",
        "TTSTN": "686213",
        "MILEPOST": "0066.42",
        "TYPEXING": "Public",
        "POSXING": "At Grade",
        "PRVCAT": "14",
        "INIT": "1",
        "LATITUDE": 30.3933006,
        "LONGITUD": -97.7163133,
        "LLSOURCE": "2",
        "WHISTBAN": "0",
        "RRCONT": "5123344000",
        "POLCONT": "8445928046",
        "INV_LINK": "https://safetydata.fra.dot.gov/OfficeofSafety/PublicSite/Crossing/Crossing.aspx?phasetype=C&rpttype=I&txtcrossingnum=765816W",
        "ACC_LINK": "https://safetydata.fra.dot.gov/OfficeofSafety/PublicSite/Crossing/Crossing.aspx?phasetype=C&rpttype=A&txtcrossingnum=765816W",
        "TTSTNNAM": "Kramer",
        "XPURPOSE": "1",
        "OPERATINGR": "CMTY",
        "OPERATIN_1": "Primary",
        "DAYTHRU": 37,
        "NGHTTHRU": 15,
        "MAINTRK": 2,
        "SIDINGTRK": 0,
        "YARDTRK": 0,
        "TRANSITTRK": 0,
        "INDUSTRYTR": 0,
        "OTHRTRK": 1,
        "WDCODE": "Four Quad (full barrier) Gates",
        "REVISIONDA": "2007/01/01 00:00:00",
        "LASTUPDATE": "4/9/2024",
        "AADT": "7833",
        "AADTYEAR": "2024",
        "STATENAME": "TEXAS",
        "STATEAB": "TX",
        "COUNTYNAME": "TRAVIS",
        "CITYNAME": "AUSTIN",
        "LATDD": 30.3933006,
        "LONGDD": -97.7163133,
        "gridlyProductionCertified": true,
        "gridlyClassification": "PUBLIC_ROADWAY",
        "gridlyDisplayName": "KRAMER LN",
        "gridlyId": "FRA-765816W"
      }
    },
    {
      "type": "Feature",
      "id": 202759,
      "geometry": {
        "type": "Point",
        "coordinates": [
          -97.7205520002011,
          30.3783130001819
        ]
      },
      "properties": {
        "OBJECTID": 202759,
        "CROSSING": "765814H",
        "EFFDATE": 1714521600000,
        "REASON": "14",
        "StateCode": "48",
        "CountyCode": "48453",
        "STCYFIPS": "48453",
        "CITYCD": "484530330",
        "RAILROAD": "CMTY",
        "RRDIV": "CMTA",
        "RRSUBDIV": "Central",
        "HIGHWAY": "ls000",
        "STREET": "rundberg lane",
        "TTSTN": "685422",
        "MILEPOST": "0065.36",
        "TYPEXING": "Public",
        "POSXING": "At Grade",
        "PRVCAT": "14",
        "INIT": "2",
        "LATITUDE": 30.378313,
        "LONGITUD": -97.720552,
        "LLSOURCE": "1",
        "WHISTBAN": "0",
        "RRCONT": "5123344000",
        "POLCONT": "8445928046",
        "INV_LINK": "https://safetydata.fra.dot.gov/OfficeofSafety/PublicSite/Crossing/Crossing.aspx?phasetype=C&rpttype=I&txtcrossingnum=765814H",
        "ACC_LINK": "https://safetydata.fra.dot.gov/OfficeofSafety/PublicSite/Crossing/Crossing.aspx?phasetype=C&rpttype=A&txtcrossingnum=765814H",
        "TTSTNNAM": "WEST SERTA",
        "XPURPOSE": "1",
        "OPERATINGR": "CMTY",
        "OPERATIN_1": "Primary",
        "DAYTHRU": 37,
        "NGHTTHRU": 15,
        "MAINTRK": 2,
        "SIDINGTRK": 0,
        "YARDTRK": 0,
        "TRANSITTRK": 0,
        "INDUSTRYTR": 0,
        "OTHRTRK": 0,
        "WDCODE": "Four Quad (full barrier) Gates",
        "REVISIONDA": "2007/01/01 00:00:00",
        "LASTUPDATE": "5/1/2024",
        "AADT": "001496",
        "AADTYEAR": "2024",
        "STATENAME": "TEXAS",
        "STATEAB": "TX",
        "COUNTYNAME": "TRAVIS",
        "CITYNAME": "AUSTIN",
        "LATDD": 30.378313,
        "LONGDD": -97.720552,
        "gridlyProductionCertified": true,
        "gridlyClassification": "PUBLIC_ROADWAY",
        "gridlyDisplayName": "rundberg lane",
        "gridlyId": "FRA-765814H"
      }
    },
    {
      "type": "Feature",
      "id": 202886,
      "geometry": {
        "type": "Point",
        "coordinates": [
          -97.5557529001579,
          30.3358504996502
        ]
      },
      "properties": {
        "OBJECTID": 202886,
        "CROSSING": "981847N",
        "EFFDATE": 1706572800000,
        "REASON": "14",
        "StateCode": "48",
        "CountyCode": "48453",
        "STCYFIPS": "48453",
        "CITYCD": "484534290",
        "RAILROAD": "AWRR",
        "RRDIV": "DIVISION 1",
        "RRSUBDIV": "EAST SUBDIVISION",
        "HIGHWAY": "COUNTY RD",
        "STREET": "SAN MARCOS ST",
        "TTSTN": "",
        "MILEPOST": "0042.780",
        "TYPEXING": "Public",
        "POSXING": "At Grade",
        "PRVCAT": "14",
        "INIT": "1",
        "LATITUDE": 30.3358505,
        "LONGITUD": -97.5557529,
        "LLSOURCE": "1",
        "WHISTBAN": "",
        "RRCONT": "5123344000",
        "POLCONT": "8445928046",
        "INV_LINK": "https://safetydata.fra.dot.gov/OfficeofSafety/PublicSite/Crossing/Crossing.aspx?phasetype=C&rpttype=I&txtcrossingnum=981847N",
        "ACC_LINK": "https://safetydata.fra.dot.gov/OfficeofSafety/PublicSite/Crossing/Crossing.aspx?phasetype=C&rpttype=A&txtcrossingnum=981847N",
        "TTSTNNAM": "",
        "XPURPOSE": "1",
        "OPERATINGR": "AWRR",
        "OPERATIN_1": "Primary",
        "DAYTHRU": 1,
        "NGHTTHRU": 2,
        "MAINTRK": 1,
        "SIDINGTRK": 0,
        "YARDTRK": 0,
        "TRANSITTRK": 0,
        "INDUSTRYTR": 0,
        "OTHRTRK": 0,
        "WDCODE": "Crossbucks",
        "REVISIONDA": "2007/01/01 00:00:00",
        "LASTUPDATE": "1/30/2024",
        "AADT": "871",
        "AADTYEAR": "2019",
        "STATENAME": "TEXAS",
        "STATEAB": "TX",
        "COUNTYNAME": "TRAVIS",
        "CITYNAME": "MANOR",
        "LATDD": 30.3358505,
        "LONGDD": -97.5557529,
        "gridlyProductionCertified": true,
        "gridlyClassification": "PUBLIC_ROADWAY",
        "gridlyDisplayName": "SAN MARCOS ST",
        "gridlyId": "FRA-981847N"
      }
    },
    {
      "type": "Feature",
      "id": 203450,
      "geometry": {
        "type": "Point",
        "coordinates": [
          -97.7079292996301,
          30.4433099999985
        ]
      },
      "properties": {
        "OBJECTID": 203450,
        "CROSSING": "765659F",
        "EFFDATE": 1730764800000,
        "REASON": "14",
        "StateCode": "48",
        "CountyCode": "48453",
        "STCYFIPS": "48453",
        "CITYCD": "484534253",
        "RAILROAD": "CMTY",
        "RRDIV": "CMTA",
        "RRSUBDIV": "CENTRAL",
        "HIGHWAY": "CO 1683",
        "STREET": "MCNEIL MERRILTOWN",
        "TTSTN": "685426",
        "MILEPOST": "0070.39",
        "TYPEXING": "Public",
        "POSXING": "At Grade",
        "PRVCAT": "14",
        "INIT": "1",
        "LATITUDE": 30.44331,
        "LONGITUD": -97.7079293,
        "LLSOURCE": "2",
        "WHISTBAN": "0",
        "RRCONT": "5123344000",
        "POLCONT": "8445928046",
        "INV_LINK": "https://safetydata.fra.dot.gov/OfficeofSafety/PublicSite/Crossing/Crossing.aspx?phasetype=C&rpttype=I&txtcrossingnum=765659F",
        "ACC_LINK": "https://safetydata.fra.dot.gov/OfficeofSafety/PublicSite/Crossing/Crossing.aspx?phasetype=C&rpttype=A&txtcrossingnum=765659F",
        "TTSTNNAM": "Abbott",
        "XPURPOSE": "1",
        "OPERATINGR": "CMTY",
        "OPERATIN_1": "Primary",
        "DAYTHRU": 37,
        "NGHTTHRU": 15,
        "MAINTRK": 2,
        "SIDINGTRK": 0,
        "YARDTRK": 1,
        "TRANSITTRK": 0,
        "INDUSTRYTR": 0,
        "OTHRTRK": 1,
        "WDCODE": "Four Quad (full barrier) Gates",
        "REVISIONDA": "2007/01/01 00:00:00",
        "LASTUPDATE": "11/5/2024",
        "AADT": "1620",
        "AADTYEAR": "2020",
        "STATENAME": "TEXAS",
        "STATEAB": "TX",
        "COUNTYNAME": "TRAVIS",
        "CITYNAME": "MCNEIL",
        "LATDD": 30.44331,
        "LONGDD": -97.7079293,
        "gridlyProductionCertified": true,
        "gridlyClassification": "PUBLIC_ROADWAY",
        "gridlyDisplayName": "MCNEIL MERRILTOWN",
        "gridlyId": "FRA-765659F"
      }
    },
    {
      "type": "Feature",
      "id": 203451,
      "geometry": {
        "type": "Point",
        "coordinates": [
          -97.7104841999263,
          30.2579825998425
        ]
      },
      "properties": {
        "OBJECTID": 203451,
        "CROSSING": "765763A",
        "EFFDATE": 1730764800000,
        "REASON": "14",
        "StateCode": "48",
        "CountyCode": "48453",
        "STCYFIPS": "48453",
        "CITYCD": "484530330",
        "RAILROAD": "CMTY",
        "RRDIV": "CMTA",
        "RRSUBDIV": "EAST",
        "HIGHWAY": "ST 0000",
        "STREET": "PLEaSANT VALLEY RD",
        "TTSTN": "685500",
        "MILEPOST": "0055.92",
        "TYPEXING": "Public",
        "POSXING": "At Grade",
        "PRVCAT": "14",
        "INIT": "1",
        "LATITUDE": 30.2579826,
        "LONGITUD": -97.7104842,
        "LLSOURCE": "2",
        "WHISTBAN": "0",
        "RRCONT": "5123344000",
        "POLCONT": "8445928046",
        "INV_LINK": "https://safetydata.fra.dot.gov/OfficeofSafety/PublicSite/Crossing/Crossing.aspx?phasetype=C&rpttype=I&txtcrossingnum=765763A",
        "ACC_LINK": "https://safetydata.fra.dot.gov/OfficeofSafety/PublicSite/Crossing/Crossing.aspx?phasetype=C&rpttype=A&txtcrossingnum=765763A",
        "TTSTNNAM": "AUSTIN",
        "XPURPOSE": "1",
        "OPERATINGR": "CMTY",
        "OPERATIN_1": "Primary",
        "DAYTHRU": 5,
        "NGHTTHRU": 4,
        "MAINTRK": 1,
        "SIDINGTRK": 0,
        "YARDTRK": 0,
        "TRANSITTRK": 0,
        "INDUSTRYTR": 0,
        "OTHRTRK": 0,
        "WDCODE": "All other Gates",
        "REVISIONDA": "2007/01/01 00:00:00",
        "LASTUPDATE": "11/5/2024",
        "AADT": "15644",
        "AADTYEAR": "2019",
        "STATENAME": "TEXAS",
        "STATEAB": "TX",
        "COUNTYNAME": "TRAVIS",
        "CITYNAME": "AUSTIN",
        "LATDD": 30.2579826,
        "LONGDD": -97.7104842,
        "gridlyProductionCertified": true,
        "gridlyClassification": "PUBLIC_ROADWAY",
        "gridlyDisplayName": "PLEaSANT VALLEY RD",
        "gridlyId": "FRA-765763A"
      }
    },
    {
      "type": "Feature",
      "id": 203452,
      "geometry": {
        "type": "Point",
        "coordinates": [
          -97.7323746000947,
          30.2628986003059
        ]
      },
      "properties": {
        "OBJECTID": 203452,
        "CROSSING": "765739Y",
        "EFFDATE": 1730764800000,
        "REASON": "14",
        "StateCode": "48",
        "CountyCode": "48453",
        "STCYFIPS": "48453",
        "CITYCD": "484530330",
        "RAILROAD": "CMTY",
        "RRDIV": "cmta",
        "RRSUBDIV": "central",
        "HIGHWAY": "private pathway",
        "STREET": "MEDINA paseo",
        "TTSTN": "685500",
        "MILEPOST": "0055.65",
        "TYPEXING": "Private",
        "POSXING": "At Grade",
        "PRVCAT": "14",
        "INIT": "1",
        "LATITUDE": 30.2628986,
        "LONGITUD": -97.7323746,
        "LLSOURCE": "1",
        "WHISTBAN": "0",
        "RRCONT": "5123344000",
        "POLCONT": "8445928046",
        "INV_LINK": "https://safetydata.fra.dot.gov/OfficeofSafety/PublicSite/Crossing/Crossing.aspx?phasetype=C&rpttype=I&txtcrossingnum=765739Y",
        "ACC_LINK": "https://safetydata.fra.dot.gov/OfficeofSafety/PublicSite/Crossing/Crossing.aspx?phasetype=C&rpttype=A&txtcrossingnum=765739Y",
        "TTSTNNAM": "plaza saltillo",
        "XPURPOSE": "2",
        "OPERATINGR": "CMTY",
        "OPERATIN_1": "Primary",
        "DAYTHRU": 33,
        "NGHTTHRU": 6,
        "MAINTRK": 2,
        "SIDINGTRK": 0,
        "YARDTRK": 0,
        "TRANSITTRK": 0,
        "INDUSTRYTR": 0,
        "OTHRTRK": 1,
        "WDCODE": "",
        "REVISIONDA": "2007/01/01 00:00:00",
        "LASTUPDATE": "11/5/2024",
        "AADT": "1",
        "AADTYEAR": "",
        "STATENAME": "TEXAS",
        "STATEAB": "TX",
        "COUNTYNAME": "TRAVIS",
        "CITYNAME": "AUSTIN",
        "LATDD": 30.2628986,
        "LONGDD": -97.7323746,
        "gridlyProductionCertified": true,
        "gridlyClassification": "PUBLIC_ROADWAY",
        "gridlyDisplayName": "MEDINA paseo",
        "gridlyId": "FRA-765739Y"
      }
    },
    {
      "type": "Feature",
      "id": 203457,
      "geometry": {
        "type": "Point",
        "coordinates": [
          -97.7188099997786,
          30.450130000125
        ]
      },
      "properties": {
        "OBJECTID": 203457,
        "CROSSING": "765661G",
        "EFFDATE": 1730764800000,
        "REASON": "14",
        "StateCode": "48",
        "CountyCode": "48453",
        "STCYFIPS": "48453",
        "CITYCD": "484534253",
        "RAILROAD": "CMTY",
        "RRDIV": "CMTA",
        "RRSUBDIV": "CENTRAL",
        "HIGHWAY": "PRIVATE",
        "STREET": "E HAUL RD - PRVT",
        "TTSTN": "",
        "MILEPOST": "0071.21",
        "TYPEXING": "Private",
        "POSXING": "At Grade",
        "PRVCAT": "14",
        "INIT": "1",
        "LATITUDE": 30.45013,
        "LONGITUD": -97.71881,
        "LLSOURCE": "2",
        "WHISTBAN": "1",
        "RRCONT": "5123344000",
        "POLCONT": "8445928046",
        "INV_LINK": "https://safetydata.fra.dot.gov/OfficeofSafety/PublicSite/Crossing/Crossing.aspx?phasetype=C&rpttype=I&txtcrossingnum=765661G",
        "ACC_LINK": "https://safetydata.fra.dot.gov/OfficeofSafety/PublicSite/Crossing/Crossing.aspx?phasetype=C&rpttype=A&txtcrossingnum=765661G",
        "TTSTNNAM": "MCNEIL",
        "XPURPOSE": "1",
        "OPERATINGR": "CMTY",
        "OPERATIN_1": "Primary",
        "DAYTHRU": 37,
        "NGHTTHRU": 15,
        "MAINTRK": 2,
        "SIDINGTRK": 0,
        "YARDTRK": 0,
        "TRANSITTRK": 0,
        "INDUSTRYTR": 0,
        "OTHRTRK": 0,
        "WDCODE": "",
        "REVISIONDA": "2007/01/01 00:00:00",
        "LASTUPDATE": "11/5/2024",
        "AADT": "",
        "AADTYEAR": "1970",
        "STATENAME": "TEXAS",
        "STATEAB": "TX",
        "COUNTYNAME": "TRAVIS",
        "CITYNAME": "MCNEIL",
        "LATDD": 30.45013,
        "LONGDD": -97.71881,
        "gridlyProductionCertified": true,
        "gridlyClassification": "PUBLIC_ROADWAY",
        "gridlyDisplayName": "E HAUL RD - PRVT",
        "gridlyId": "FRA-765661G"
      }
    },
    {
      "type": "Feature",
      "id": 203458,
      "geometry": {
        "type": "Point",
        "coordinates": [
          -97.7109499997573,
          30.2752076997349
        ]
      },
      "properties": {
        "OBJECTID": 203458,
        "CROSSING": "765725R",
        "EFFDATE": 1730764800000,
        "REASON": "14",
        "StateCode": "48",
        "CountyCode": "48453",
        "STCYFIPS": "48453",
        "CITYCD": "484530330",
        "RAILROAD": "CMTY",
        "RRDIV": "CMTA",
        "RRSUBDIV": "CENTRAL",
        "HIGHWAY": "st 0000",
        "STREET": "E 12TH STreet",
        "TTSTN": "685515",
        "MILEPOST": "0057.92",
        "TYPEXING": "Public",
        "POSXING": "At Grade",
        "PRVCAT": "14",
        "INIT": "1",
        "LATITUDE": 30.2752077,
        "LONGITUD": -97.71095,
        "LLSOURCE": "1",
        "WHISTBAN": "1",
        "RRCONT": "5123344000",
        "POLCONT": "8445928046",
        "INV_LINK": "https://safetydata.fra.dot.gov/OfficeofSafety/PublicSite/Crossing/Crossing.aspx?phasetype=C&rpttype=I&txtcrossingnum=765725R",
        "ACC_LINK": "https://safetydata.fra.dot.gov/OfficeofSafety/PublicSite/Crossing/Crossing.aspx?phasetype=C&rpttype=A&txtcrossingnum=765725R",
        "TTSTNNAM": "mlk jr station",
        "XPURPOSE": "1",
        "OPERATINGR": "CMTY",
        "OPERATIN_1": "Primary",
        "DAYTHRU": 33,
        "NGHTTHRU": 6,
        "MAINTRK": 1,
        "SIDINGTRK": 0,
        "YARDTRK": 0,
        "TRANSITTRK": 0,
        "INDUSTRYTR": 0,
        "OTHRTRK": 0,
        "WDCODE": "Four Quad (full barrier) Gates",
        "REVISIONDA": "2007/01/01 00:00:00",
        "LASTUPDATE": "11/5/2024",
        "AADT": "006518",
        "AADTYEAR": "2020",
        "STATENAME": "TEXAS",
        "STATEAB": "TX",
        "COUNTYNAME": "TRAVIS",
        "CITYNAME": "AUSTIN",
        "LATDD": 30.2752077,
        "LONGDD": -97.71095,
        "gridlyProductionCertified": true,
        "gridlyClassification": "PUBLIC_ROADWAY",
        "gridlyDisplayName": "E 12TH STreet",
        "gridlyId": "FRA-765725R"
      }
    },
    {
      "type": "Feature",
      "id": 203459,
      "geometry": {
        "type": "Point",
        "coordinates": [
          -97.7169585998258,
          30.3855381999711
        ]
      },
      "properties": {
        "OBJECTID": 203459,
        "CROSSING": "925928N",
        "EFFDATE": 1730851200000,
        "REASON": "14",
        "StateCode": "48",
        "CountyCode": "48453",
        "STCYFIPS": "48453",
        "CITYCD": "484530330",
        "RAILROAD": "CMTY",
        "RRDIV": "SAN ANTONIO",
        "RRSUBDIV": "AUSTIN",
        "HIGHWAY": "ST 0000",
        "STREET": "METROPOLITAN DR",
        "TTSTN": "685500",
        "MILEPOST": "0068.85",
        "TYPEXING": "Public",
        "POSXING": "At Grade",
        "PRVCAT": "14",
        "INIT": "1",
        "LATITUDE": 30.3855382,
        "LONGITUD": -97.7169586,
        "LLSOURCE": "2",
        "WHISTBAN": "1",
        "RRCONT": "5123344000",
        "POLCONT": "8445928046",
        "INV_LINK": "https://safetydata.fra.dot.gov/OfficeofSafety/PublicSite/Crossing/Crossing.aspx?phasetype=C&rpttype=I&txtcrossingnum=925928N",
        "ACC_LINK": "https://safetydata.fra.dot.gov/OfficeofSafety/PublicSite/Crossing/Crossing.aspx?phasetype=C&rpttype=A&txtcrossingnum=925928N",
        "TTSTNNAM": "FROMME",
        "XPURPOSE": "1",
        "OPERATINGR": "CMTY",
        "OPERATIN_1": "Primary",
        "DAYTHRU": 37,
        "NGHTTHRU": 12,
        "MAINTRK": 1,
        "SIDINGTRK": 0,
        "YARDTRK": 0,
        "TRANSITTRK": 0,
        "INDUSTRYTR": 0,
        "OTHRTRK": 0,
        "WDCODE": "Crossbucks",
        "REVISIONDA": "2007/01/01 00:00:00",
        "LASTUPDATE": "11/6/2024",
        "AADT": "001060",
        "AADTYEAR": "2013",
        "STATENAME": "TEXAS",
        "STATEAB": "TX",
        "COUNTYNAME": "TRAVIS",
        "CITYNAME": "AUSTIN",
        "LATDD": 30.3855382,
        "LONGDD": -97.7169586,
        "gridlyProductionCertified": true,
        "gridlyClassification": "PUBLIC_ROADWAY",
        "gridlyDisplayName": "METROPOLITAN DR",
        "gridlyId": "FRA-925928N"
      }
    },
    {
      "type": "Feature",
      "id": 203460,
      "geometry": {
        "type": "Point",
        "coordinates": [
          -97.7150789002466,
          30.2580129000441
        ]
      },
      "properties": {
        "OBJECTID": 203460,
        "CROSSING": "765754B",
        "EFFDATE": 1730764800000,
        "REASON": "14",
        "StateCode": "48",
        "CountyCode": "48453",
        "STCYFIPS": "48453",
        "CITYCD": "484530330",
        "RAILROAD": "CMTY",
        "RRDIV": "CMTA",
        "RRSUBDIV": "CENTRAL",
        "HIGHWAY": "st 0000",
        "STREET": "PEDERNALES STreet",
        "TTSTN": "685500",
        "MILEPOST": "0056.18",
        "TYPEXING": "Public",
        "POSXING": "At Grade",
        "PRVCAT": "14",
        "INIT": "1",
        "LATITUDE": 30.2580129,
        "LONGITUD": -97.7150789,
        "LLSOURCE": "1",
        "WHISTBAN": "1",
        "RRCONT": "5123344000",
        "POLCONT": "8445928046",
        "INV_LINK": "https://safetydata.fra.dot.gov/OfficeofSafety/PublicSite/Crossing/Crossing.aspx?phasetype=C&rpttype=I&txtcrossingnum=765754B",
        "ACC_LINK": "https://safetydata.fra.dot.gov/OfficeofSafety/PublicSite/Crossing/Crossing.aspx?phasetype=C&rpttype=A&txtcrossingnum=765754B",
        "TTSTNNAM": "AUSTIN Junction",
        "XPURPOSE": "1",
        "OPERATINGR": "CMTY",
        "OPERATIN_1": "Primary",
        "DAYTHRU": 37,
        "NGHTTHRU": 15,
        "MAINTRK": 1,
        "SIDINGTRK": 0,
        "YARDTRK": 0,
        "TRANSITTRK": 0,
        "INDUSTRYTR": 0,
        "OTHRTRK": 0,
        "WDCODE": "Four Quad (full barrier) Gates",
        "REVISIONDA": "2007/01/01 00:00:00",
        "LASTUPDATE": "11/5/2024",
        "AADT": "003380",
        "AADTYEAR": "2020",
        "STATENAME": "TEXAS",
        "STATEAB": "TX",
        "COUNTYNAME": "TRAVIS",
        "CITYNAME": "AUSTIN",
        "LATDD": 30.2580129,
        "LONGDD": -97.7150789,
        "gridlyProductionCertified": true,
        "gridlyClassification": "PUBLIC_ROADWAY",
        "gridlyDisplayName": "PEDERNALES STreet",
        "gridlyId": "FRA-765754B"
      }
    },
    {
      "type": "Feature",
      "id": 203462,
      "geometry": {
        "type": "Point",
        "coordinates": [
          -97.7229570004225,
          30.2607527002985
        ]
      },
      "properties": {
        "OBJECTID": 203462,
        "CROSSING": "765750Y",
        "EFFDATE": 1730764800000,
        "REASON": "14",
        "StateCode": "48",
        "CountyCode": "48453",
        "STCYFIPS": "48453",
        "CITYCD": "484530330",
        "RAILROAD": "CMTY",
        "RRDIV": "CMTA",
        "RRSUBDIV": "CENTRAL",
        "HIGHWAY": "st 0000",
        "STREET": "CHICON STreet",
        "TTSTN": "685500",
        "MILEPOST": "0056.24",
        "TYPEXING": "Public",
        "POSXING": "At Grade",
        "PRVCAT": "14",
        "INIT": "1",
        "LATITUDE": 30.2607527,
        "LONGITUD": -97.722957,
        "LLSOURCE": "1",
        "WHISTBAN": "1",
        "RRCONT": "5123344000",
        "POLCONT": "8445928046",
        "INV_LINK": "https://safetydata.fra.dot.gov/OfficeofSafety/PublicSite/Crossing/Crossing.aspx?phasetype=C&rpttype=I&txtcrossingnum=765750Y",
        "ACC_LINK": "https://safetydata.fra.dot.gov/OfficeofSafety/PublicSite/Crossing/Crossing.aspx?phasetype=C&rpttype=A&txtcrossingnum=765750Y",
        "TTSTNNAM": "Plaza Saltillo",
        "XPURPOSE": "1",
        "OPERATINGR": "CMTY",
        "OPERATIN_1": "Primary",
        "DAYTHRU": 37,
        "NGHTTHRU": 15,
        "MAINTRK": 1,
        "SIDINGTRK": 0,
        "YARDTRK": 0,
        "TRANSITTRK": 0,
        "INDUSTRYTR": 0,
        "OTHRTRK": 0,
        "WDCODE": "Four Quad (full barrier) Gates",
        "REVISIONDA": "2007/01/01 00:00:00",
        "LASTUPDATE": "11/5/2024",
        "AADT": "003353",
        "AADTYEAR": "2020",
        "STATENAME": "TEXAS",
        "STATEAB": "TX",
        "COUNTYNAME": "TRAVIS",
        "CITYNAME": "AUSTIN",
        "LATDD": 30.2607527,
        "LONGDD": -97.722957,
        "gridlyProductionCertified": true,
        "gridlyClassification": "PUBLIC_ROADWAY",
        "gridlyDisplayName": "CHICON STreet",
        "gridlyId": "FRA-765750Y"
      }
    },
    {
      "type": "Feature",
      "id": 203463,
      "geometry": {
        "type": "Point",
        "coordinates": [
          -97.7145409001212,
          30.2900275999058
        ]
      },
      "properties": {
        "OBJECTID": 203463,
        "CROSSING": "765728L",
        "EFFDATE": 1730764800000,
        "REASON": "14",
        "StateCode": "48",
        "CountyCode": "48453",
        "STCYFIPS": "48453",
        "CITYCD": "484530330",
        "RAILROAD": "CMTY",
        "RRDIV": "CMTA",
        "RRSUBDIV": "CENTRAL",
        "HIGHWAY": "st 0000",
        "STREET": "CHERRYWOOD RoaD",
        "TTSTN": "685515",
        "MILEPOST": "0059.13",
        "TYPEXING": "Public",
        "POSXING": "At Grade",
        "PRVCAT": "14",
        "INIT": "1",
        "LATITUDE": 30.2900276,
        "LONGITUD": -97.7145409,
        "LLSOURCE": "1",
        "WHISTBAN": "1",
        "RRCONT": "5123344000",
        "POLCONT": "8445928046",
        "INV_LINK": "https://safetydata.fra.dot.gov/OfficeofSafety/PublicSite/Crossing/Crossing.aspx?phasetype=C&rpttype=I&txtcrossingnum=765728L",
        "ACC_LINK": "https://safetydata.fra.dot.gov/OfficeofSafety/PublicSite/Crossing/Crossing.aspx?phasetype=C&rpttype=A&txtcrossingnum=765728L",
        "TTSTNNAM": "mlk jr station",
        "XPURPOSE": "1",
        "OPERATINGR": "CMTY",
        "OPERATIN_1": "Primary",
        "DAYTHRU": 37,
        "NGHTTHRU": 15,
        "MAINTRK": 1,
        "SIDINGTRK": 0,
        "YARDTRK": 0,
        "TRANSITTRK": 0,
        "INDUSTRYTR": 0,
        "OTHRTRK": 0,
        "WDCODE": "Four Quad (full barrier) Gates",
        "REVISIONDA": "2007/01/01 00:00:00",
        "LASTUPDATE": "11/5/2024",
        "AADT": "000830",
        "AADTYEAR": "2020",
        "STATENAME": "TEXAS",
        "STATEAB": "TX",
        "COUNTYNAME": "TRAVIS",
        "CITYNAME": "AUSTIN",
        "LATDD": 30.2900276,
        "LONGDD": -97.7145409,
        "gridlyProductionCertified": true,
        "gridlyClassification": "PUBLIC_ROADWAY",
        "gridlyDisplayName": "CHERRYWOOD RoaD",
        "gridlyId": "FRA-765728L"
      }
    },
    {
      "type": "Feature",
      "id": 203464,
      "geometry": {
        "type": "Point",
        "coordinates": [
          -97.7030698999316,
          30.4262238000891
        ]
      },
      "properties": {
        "OBJECTID": 203464,
        "CROSSING": "765654W",
        "EFFDATE": 1730764800000,
        "REASON": "14",
        "StateCode": "48",
        "CountyCode": "48453",
        "STCYFIPS": "48453",
        "CITYCD": "484530330",
        "RAILROAD": "CMTY",
        "RRDIV": "CMTA",
        "RRSUBDIV": "CENTRAL",
        "HIGHWAY": "ST 0000",
        "STREET": "Oak Creek Rd",
        "TTSTN": "664475",
        "MILEPOST": "0068.92",
        "TYPEXING": "Public",
        "POSXING": "At Grade",
        "PRVCAT": "14",
        "INIT": "1",
        "LATITUDE": 30.4262238,
        "LONGITUD": -97.7030699,
        "LLSOURCE": "1",
        "WHISTBAN": "1",
        "RRCONT": "5123344000",
        "POLCONT": "8445928046",
        "INV_LINK": "https://safetydata.fra.dot.gov/OfficeofSafety/PublicSite/Crossing/Crossing.aspx?phasetype=C&rpttype=I&txtcrossingnum=765654W",
        "ACC_LINK": "https://safetydata.fra.dot.gov/OfficeofSafety/PublicSite/Crossing/Crossing.aspx?phasetype=C&rpttype=A&txtcrossingnum=765654W",
        "TTSTNNAM": "HOWARD",
        "XPURPOSE": "1",
        "OPERATINGR": "CMTY",
        "OPERATIN_1": "Primary",
        "DAYTHRU": 34,
        "NGHTTHRU": 15,
        "MAINTRK": 1,
        "SIDINGTRK": 0,
        "YARDTRK": 0,
        "TRANSITTRK": 0,
        "INDUSTRYTR": 0,
        "OTHRTRK": 0,
        "WDCODE": "Four Quad (full barrier) Gates",
        "REVISIONDA": "2007/01/01 00:00:00",
        "LASTUPDATE": "11/5/2024",
        "AADT": "1174",
        "AADTYEAR": "2015",
        "STATENAME": "TEXAS",
        "STATEAB": "TX",
        "COUNTYNAME": "TRAVIS",
        "CITYNAME": "AUSTIN",
        "LATDD": 30.4262238,
        "LONGDD": -97.7030699,
        "gridlyProductionCertified": true,
        "gridlyClassification": "PUBLIC_ROADWAY",
        "gridlyDisplayName": "Oak Creek Rd",
        "gridlyId": "FRA-765654W"
      }
    },
    {
      "type": "Feature",
      "id": 203466,
      "geometry": {
        "type": "Point",
        "coordinates": [
          -97.7190586004486,
          30.2593747001709
        ]
      },
      "properties": {
        "OBJECTID": 203466,
        "CROSSING": "765752M",
        "EFFDATE": 1730764800000,
        "REASON": "14",
        "StateCode": "48",
        "CountyCode": "48453",
        "STCYFIPS": "48453",
        "CITYCD": "484530330",
        "RAILROAD": "CMTY",
        "RRDIV": "CMTA",
        "RRSUBDIV": "CENTRAL",
        "HIGHWAY": "st 0000",
        "STREET": "ROBERT MARTINEZ street",
        "TTSTN": "685500",
        "MILEPOST": "0056.49",
        "TYPEXING": "Public",
        "POSXING": "At Grade",
        "PRVCAT": "14",
        "INIT": "1",
        "LATITUDE": 30.2593747,
        "LONGITUD": -97.7190586,
        "LLSOURCE": "1",
        "WHISTBAN": "1",
        "RRCONT": "5123344000",
        "POLCONT": "8445928046",
        "INV_LINK": "https://safetydata.fra.dot.gov/OfficeofSafety/PublicSite/Crossing/Crossing.aspx?phasetype=C&rpttype=I&txtcrossingnum=765752M",
        "ACC_LINK": "https://safetydata.fra.dot.gov/OfficeofSafety/PublicSite/Crossing/Crossing.aspx?phasetype=C&rpttype=A&txtcrossingnum=765752M",
        "TTSTNNAM": "AUSTIN Junction",
        "XPURPOSE": "1",
        "OPERATINGR": "CMTY",
        "OPERATIN_1": "Primary",
        "DAYTHRU": 37,
        "NGHTTHRU": 15,
        "MAINTRK": 1,
        "SIDINGTRK": 0,
        "YARDTRK": 1,
        "TRANSITTRK": 0,
        "INDUSTRYTR": 0,
        "OTHRTRK": 1,
        "WDCODE": "Four Quad (full barrier) Gates",
        "REVISIONDA": "2007/01/01 00:00:00",
        "LASTUPDATE": "11/5/2024",
        "AADT": "002147",
        "AADTYEAR": "2020",
        "STATENAME": "TEXAS",
        "STATEAB": "TX",
        "COUNTYNAME": "TRAVIS",
        "CITYNAME": "AUSTIN",
        "LATDD": 30.2593747,
        "LONGDD": -97.7190586,
        "gridlyProductionCertified": true,
        "gridlyClassification": "PUBLIC_ROADWAY",
        "gridlyDisplayName": "ROBERT MARTINEZ street",
        "gridlyId": "FRA-765752M"
      }
    },
    {
      "type": "Feature",
      "id": 203467,
      "geometry": {
        "type": "Point",
        "coordinates": [
          -97.7270263003876,
          30.262063900061
        ]
      },
      "properties": {
        "OBJECTID": 203467,
        "CROSSING": "765749E",
        "EFFDATE": 1730764800000,
        "REASON": "14",
        "StateCode": "48",
        "CountyCode": "48453",
        "STCYFIPS": "48453",
        "CITYCD": "484530330",
        "RAILROAD": "CMTY",
        "RRDIV": "CMTA",
        "RRSUBDIV": "CENTRAL",
        "HIGHWAY": "st 0000",
        "STREET": "COMAL ST",
        "TTSTN": "685500",
        "MILEPOST": "0055.98",
        "TYPEXING": "Public",
        "POSXING": "At Grade",
        "PRVCAT": "14",
        "INIT": "1",
        "LATITUDE": 30.2620639,
        "LONGITUD": -97.7270263,
        "LLSOURCE": "1",
        "WHISTBAN": "1",
        "RRCONT": "5123344000",
        "POLCONT": "8445928046",
        "INV_LINK": "https://safetydata.fra.dot.gov/OfficeofSafety/PublicSite/Crossing/Crossing.aspx?phasetype=C&rpttype=I&txtcrossingnum=765749E",
        "ACC_LINK": "https://safetydata.fra.dot.gov/OfficeofSafety/PublicSite/Crossing/Crossing.aspx?phasetype=C&rpttype=A&txtcrossingnum=765749E",
        "TTSTNNAM": "Plaza Saltillo",
        "XPURPOSE": "1",
        "OPERATINGR": "CMTY",
        "OPERATIN_1": "Primary",
        "DAYTHRU": 37,
        "NGHTTHRU": 15,
        "MAINTRK": 1,
        "SIDINGTRK": 0,
        "YARDTRK": 0,
        "TRANSITTRK": 0,
        "INDUSTRYTR": 0,
        "OTHRTRK": 0,
        "WDCODE": "Four Quad (full barrier) Gates",
        "REVISIONDA": "2007/01/01 00:00:00",
        "LASTUPDATE": "11/5/2024",
        "AADT": "002056",
        "AADTYEAR": "2020",
        "STATENAME": "TEXAS",
        "STATEAB": "TX",
        "COUNTYNAME": "TRAVIS",
        "CITYNAME": "AUSTIN",
        "LATDD": 30.2620639,
        "LONGDD": -97.7270263,
        "gridlyProductionCertified": true,
        "gridlyClassification": "PUBLIC_ROADWAY",
        "gridlyDisplayName": "COMAL ST",
        "gridlyId": "FRA-765749E"
      }
    },
    {
      "type": "Feature",
      "id": 203468,
      "geometry": {
        "type": "Point",
        "coordinates": [
          -97.7166289001502,
          30.2974649997502
        ]
      },
      "properties": {
        "OBJECTID": 203468,
        "CROSSING": "765729T",
        "EFFDATE": 1730764800000,
        "REASON": "14",
        "StateCode": "48",
        "CountyCode": "48453",
        "STCYFIPS": "48453",
        "CITYCD": "484530330",
        "RAILROAD": "CMTY",
        "RRDIV": "CMTA",
        "RRSUBDIV": "CENTRAL",
        "HIGHWAY": "st 0000",
        "STREET": "WILSHIRE BLVD",
        "TTSTN": "685515",
        "MILEPOST": "0059.65",
        "TYPEXING": "Public",
        "POSXING": "At Grade",
        "PRVCAT": "14",
        "INIT": "1",
        "LATITUDE": 30.297465,
        "LONGITUD": -97.7166289,
        "LLSOURCE": "1",
        "WHISTBAN": "1",
        "RRCONT": "5123344000",
        "POLCONT": "8445928046",
        "INV_LINK": "https://safetydata.fra.dot.gov/OfficeofSafety/PublicSite/Crossing/Crossing.aspx?phasetype=C&rpttype=I&txtcrossingnum=765729T",
        "ACC_LINK": "https://safetydata.fra.dot.gov/OfficeofSafety/PublicSite/Crossing/Crossing.aspx?phasetype=C&rpttype=A&txtcrossingnum=765729T",
        "TTSTNNAM": "Clarkson",
        "XPURPOSE": "1",
        "OPERATINGR": "CMTY",
        "OPERATIN_1": "Primary",
        "DAYTHRU": 37,
        "NGHTTHRU": 15,
        "MAINTRK": 1,
        "SIDINGTRK": 0,
        "YARDTRK": 0,
        "TRANSITTRK": 0,
        "INDUSTRYTR": 0,
        "OTHRTRK": 0,
        "WDCODE": "Four Quad (full barrier) Gates",
        "REVISIONDA": "2007/01/01 00:00:00",
        "LASTUPDATE": "11/5/2024",
        "AADT": "000625",
        "AADTYEAR": "2020",
        "STATENAME": "TEXAS",
        "STATEAB": "TX",
        "COUNTYNAME": "TRAVIS",
        "CITYNAME": "AUSTIN",
        "LATDD": 30.297465,
        "LONGDD": -97.7166289,
        "gridlyProductionCertified": true,
        "gridlyClassification": "PUBLIC_ROADWAY",
        "gridlyDisplayName": "WILSHIRE BLVD",
        "gridlyId": "FRA-765729T"
      }
    },
    {
      "type": "Feature",
      "id": 203469,
      "geometry": {
        "type": "Point",
        "coordinates": [
          -97.7153285995562,
          30.2926049003347
        ]
      },
      "properties": {
        "OBJECTID": 203469,
        "CROSSING": "765731U",
        "EFFDATE": 1730764800000,
        "REASON": "14",
        "StateCode": "48",
        "CountyCode": "48453",
        "STCYFIPS": "48453",
        "CITYCD": "484530330",
        "RAILROAD": "CMTY",
        "RRDIV": "CMTA",
        "RRSUBDIV": "CENTRAL",
        "HIGHWAY": "st 0000",
        "STREET": "E 38 1/2 STreet",
        "TTSTN": "685515",
        "MILEPOST": "0059.31",
        "TYPEXING": "Public",
        "POSXING": "At Grade",
        "PRVCAT": "14",
        "INIT": "1",
        "LATITUDE": 30.2926049,
        "LONGITUD": -97.7153286,
        "LLSOURCE": "1",
        "WHISTBAN": "1",
        "RRCONT": "5123344000",
        "POLCONT": "8445928046",
        "INV_LINK": "https://safetydata.fra.dot.gov/OfficeofSafety/PublicSite/Crossing/Crossing.aspx?phasetype=C&rpttype=I&txtcrossingnum=765731U",
        "ACC_LINK": "https://safetydata.fra.dot.gov/OfficeofSafety/PublicSite/Crossing/Crossing.aspx?phasetype=C&rpttype=A&txtcrossingnum=765731U",
        "TTSTNNAM": "Clarkson",
        "XPURPOSE": "1",
        "OPERATINGR": "CMTY",
        "OPERATIN_1": "Primary",
        "DAYTHRU": 37,
        "NGHTTHRU": 15,
        "MAINTRK": 1,
        "SIDINGTRK": 0,
        "YARDTRK": 0,
        "TRANSITTRK": 0,
        "INDUSTRYTR": 0,
        "OTHRTRK": 0,
        "WDCODE": "Four Quad (full barrier) Gates",
        "REVISIONDA": "2007/01/01 00:00:00",
        "LASTUPDATE": "11/5/2024",
        "AADT": "003999",
        "AADTYEAR": "2020",
        "STATENAME": "TEXAS",
        "STATEAB": "TX",
        "COUNTYNAME": "TRAVIS",
        "CITYNAME": "AUSTIN",
        "LATDD": 30.2926049,
        "LONGDD": -97.7153286,
        "gridlyProductionCertified": true,
        "gridlyClassification": "PUBLIC_ROADWAY",
        "gridlyDisplayName": "E 38 1/2 STreet",
        "gridlyId": "FRA-765731U"
      }
    },
    {
      "type": "Feature",
      "id": 203470,
      "geometry": {
        "type": "Point",
        "coordinates": [
          -97.7105114000148,
          30.4100830003686
        ]
      },
      "properties": {
        "OBJECTID": 203470,
        "CROSSING": "764970R",
        "EFFDATE": 1730851200000,
        "REASON": "14",
        "StateCode": "48",
        "CountyCode": "48453",
        "STCYFIPS": "48453",
        "CITYCD": "484530330",
        "RAILROAD": "CMTY",
        "RRDIV": "CMTA",
        "RRSUBDIV": "CENTRAL",
        "HIGHWAY": "SL 0001",
        "STREET": "LOOP 1 NBFR",
        "TTSTN": "685422",
        "MILEPOST": "0067.68",
        "TYPEXING": "Public",
        "POSXING": "At Grade",
        "PRVCAT": "14",
        "INIT": "1",
        "LATITUDE": 30.410083,
        "LONGITUD": -97.7105114,
        "LLSOURCE": "2",
        "WHISTBAN": "1",
        "RRCONT": "5123344000",
        "POLCONT": "8445928046",
        "INV_LINK": "https://safetydata.fra.dot.gov/OfficeofSafety/PublicSite/Crossing/Crossing.aspx?phasetype=C&rpttype=I&txtcrossingnum=764970R",
        "ACC_LINK": "https://safetydata.fra.dot.gov/OfficeofSafety/PublicSite/Crossing/Crossing.aspx?phasetype=C&rpttype=A&txtcrossingnum=764970R",
        "TTSTNNAM": "west KRAMER",
        "XPURPOSE": "1",
        "OPERATINGR": "CMTY",
        "OPERATIN_1": "Primary",
        "DAYTHRU": 33,
        "NGHTTHRU": 6,
        "MAINTRK": 1,
        "SIDINGTRK": 0,
        "YARDTRK": 0,
        "TRANSITTRK": 0,
        "INDUSTRYTR": 0,
        "OTHRTRK": 0,
        "WDCODE": "All other Gates",
        "REVISIONDA": "2007/01/01 00:00:00",
        "LASTUPDATE": "11/6/2024",
        "AADT": "002599",
        "AADTYEAR": "2020",
        "STATENAME": "TEXAS",
        "STATEAB": "TX",
        "COUNTYNAME": "TRAVIS",
        "CITYNAME": "AUSTIN",
        "LATDD": 30.410083,
        "LONGDD": -97.7105114,
        "gridlyProductionCertified": true,
        "gridlyClassification": "PUBLIC_ROADWAY",
        "gridlyDisplayName": "LOOP 1 NBFR",
        "gridlyId": "FRA-764970R"
      }
    },
    {
      "type": "Feature",
      "id": 203471,
      "geometry": {
        "type": "Point",
        "coordinates": [
          -97.7083720998949,
          30.4179799000855
        ]
      },
      "properties": {
        "OBJECTID": 203471,
        "CROSSING": "765651B",
        "EFFDATE": 1730851200000,
        "REASON": "14",
        "StateCode": "48",
        "CountyCode": "48453",
        "STCYFIPS": "48453",
        "CITYCD": "484530330",
        "RAILROAD": "CMTY",
        "RRDIV": "CMTA",
        "RRSUBDIV": "CENTRAL",
        "HIGHWAY": "ST 0000",
        "STREET": "ADELPHI LN",
        "TTSTN": "",
        "MILEPOST": "0068.26",
        "TYPEXING": "Public",
        "POSXING": "At Grade",
        "PRVCAT": "14",
        "INIT": "1",
        "LATITUDE": 30.4179799,
        "LONGITUD": -97.7083721,
        "LLSOURCE": "1",
        "WHISTBAN": "1",
        "RRCONT": "5123344000",
        "POLCONT": "8445928046",
        "INV_LINK": "https://safetydata.fra.dot.gov/OfficeofSafety/PublicSite/Crossing/Crossing.aspx?phasetype=C&rpttype=I&txtcrossingnum=765651B",
        "ACC_LINK": "https://safetydata.fra.dot.gov/OfficeofSafety/PublicSite/Crossing/Crossing.aspx?phasetype=C&rpttype=A&txtcrossingnum=765651B",
        "TTSTNNAM": "Howard",
        "XPURPOSE": "1",
        "OPERATINGR": "CMTY",
        "OPERATIN_1": "Primary",
        "DAYTHRU": 33,
        "NGHTTHRU": 6,
        "MAINTRK": 1,
        "SIDINGTRK": 0,
        "YARDTRK": 0,
        "TRANSITTRK": 0,
        "INDUSTRYTR": 0,
        "OTHRTRK": 0,
        "WDCODE": "Four Quad (full barrier) Gates",
        "REVISIONDA": "2007/01/01 00:00:00",
        "LASTUPDATE": "11/6/2024",
        "AADT": "001556",
        "AADTYEAR": "2020",
        "STATENAME": "TEXAS",
        "STATEAB": "TX",
        "COUNTYNAME": "TRAVIS",
        "CITYNAME": "AUSTIN",
        "LATDD": 30.4179799,
        "LONGDD": -97.7083721,
        "gridlyProductionCertified": true,
        "gridlyClassification": "PUBLIC_ROADWAY",
        "gridlyDisplayName": "ADELPHI LN",
        "gridlyId": "FRA-765651B"
      }
    },
    {
      "type": "Feature",
      "id": 203473,
      "geometry": {
        "type": "Point",
        "coordinates": [
          -97.710624600317,
          30.4110886998308
        ]
      },
      "properties": {
        "OBJECTID": 203473,
        "CROSSING": "765798B",
        "EFFDATE": 1730851200000,
        "REASON": "14",
        "StateCode": "48",
        "CountyCode": "48453",
        "STCYFIPS": "48453",
        "CITYCD": "484530330",
        "RAILROAD": "CMTY",
        "RRDIV": "CMTA",
        "RRSUBDIV": "CENTRAL",
        "HIGHWAY": "SL 0001",
        "STREET": "FM 1325 LP1 SBFR",
        "TTSTN": "",
        "MILEPOST": "0067.75",
        "TYPEXING": "Public",
        "POSXING": "At Grade",
        "PRVCAT": "14",
        "INIT": "1",
        "LATITUDE": 30.4110887,
        "LONGITUD": -97.7106246,
        "LLSOURCE": "2",
        "WHISTBAN": "1",
        "RRCONT": "5123344000",
        "POLCONT": "8445928046",
        "INV_LINK": "https://safetydata.fra.dot.gov/OfficeofSafety/PublicSite/Crossing/Crossing.aspx?phasetype=C&rpttype=I&txtcrossingnum=765798B",
        "ACC_LINK": "https://safetydata.fra.dot.gov/OfficeofSafety/PublicSite/Crossing/Crossing.aspx?phasetype=C&rpttype=A&txtcrossingnum=765798B",
        "TTSTNNAM": "west KRAMER",
        "XPURPOSE": "1",
        "OPERATINGR": "CMTY",
        "OPERATIN_1": "Primary",
        "DAYTHRU": 34,
        "NGHTTHRU": 4,
        "MAINTRK": 1,
        "SIDINGTRK": 0,
        "YARDTRK": 0,
        "TRANSITTRK": 0,
        "INDUSTRYTR": 0,
        "OTHRTRK": 0,
        "WDCODE": "All other Gates",
        "REVISIONDA": "2007/01/01 00:00:00",
        "LASTUPDATE": "11/6/2024",
        "AADT": "003043",
        "AADTYEAR": "2020",
        "STATENAME": "TEXAS",
        "STATEAB": "TX",
        "COUNTYNAME": "TRAVIS",
        "CITYNAME": "AUSTIN",
        "LATDD": 30.4110887,
        "LONGDD": -97.7106246,
        "gridlyProductionCertified": true,
        "gridlyClassification": "PUBLIC_ROADWAY",
        "gridlyDisplayName": "FM 1325 LP1 SBFR",
        "gridlyId": "FRA-765798B"
      }
    },
    {
      "type": "Feature",
      "id": 203474,
      "geometry": {
        "type": "Point",
        "coordinates": [
          -97.7104059997842,
          30.40359459968
        ]
      },
      "properties": {
        "OBJECTID": 203474,
        "CROSSING": "913621T",
        "EFFDATE": 1730851200000,
        "REASON": "14",
        "StateCode": "48",
        "CountyCode": "48453",
        "STCYFIPS": "48453",
        "CITYCD": "484530330",
        "RAILROAD": "CMTY",
        "RRDIV": "CMTA",
        "RRSUBDIV": "CENTRAL",
        "HIGHWAY": "ST0000",
        "STREET": "GRACY FARMS RD",
        "TTSTN": "685426",
        "MILEPOST": "0067.23",
        "TYPEXING": "Public",
        "POSXING": "At Grade",
        "PRVCAT": "14",
        "INIT": "1",
        "LATITUDE": 30.4035946,
        "LONGITUD": -97.710406,
        "LLSOURCE": "1",
        "WHISTBAN": "1",
        "RRCONT": "5123344000",
        "POLCONT": "8445928046",
        "INV_LINK": "https://safetydata.fra.dot.gov/OfficeofSafety/PublicSite/Crossing/Crossing.aspx?phasetype=C&rpttype=I&txtcrossingnum=913621T",
        "ACC_LINK": "https://safetydata.fra.dot.gov/OfficeofSafety/PublicSite/Crossing/Crossing.aspx?phasetype=C&rpttype=A&txtcrossingnum=913621T",
        "TTSTNNAM": "west KRAMER",
        "XPURPOSE": "1",
        "OPERATINGR": "CMTY",
        "OPERATIN_1": "Primary",
        "DAYTHRU": 33,
        "NGHTTHRU": 6,
        "MAINTRK": 1,
        "SIDINGTRK": 0,
        "YARDTRK": 0,
        "TRANSITTRK": 0,
        "INDUSTRYTR": 0,
        "OTHRTRK": 0,
        "WDCODE": "Four Quad (full barrier) Gates",
        "REVISIONDA": "2007/01/01 00:00:00",
        "LASTUPDATE": "11/6/2024",
        "AADT": "004922",
        "AADTYEAR": "2020",
        "STATENAME": "TEXAS",
        "STATEAB": "TX",
        "COUNTYNAME": "TRAVIS",
        "CITYNAME": "AUSTIN",
        "LATDD": 30.4035946,
        "LONGDD": -97.710406,
        "gridlyProductionCertified": true,
        "gridlyClassification": "PUBLIC_ROADWAY",
        "gridlyDisplayName": "GRACY FARMS RD",
        "gridlyId": "FRA-913621T"
      }
    },
    {
      "type": "Feature",
      "id": 203475,
      "geometry": {
        "type": "Point",
        "coordinates": [
          -97.7008307996786,
          30.433139400151
        ]
      },
      "properties": {
        "OBJECTID": 203475,
        "CROSSING": "765657S",
        "EFFDATE": 1730851200000,
        "REASON": "14",
        "StateCode": "48",
        "CountyCode": "48453",
        "STCYFIPS": "48453",
        "CITYCD": "484530330",
        "RAILROAD": "CMTY",
        "RRDIV": "CMTA",
        "RRSUBDIV": "CENTRAL",
        "HIGHWAY": "ST 0000",
        "STREET": "MCNEIL DR",
        "TTSTN": "664475",
        "MILEPOST": "0069.42",
        "TYPEXING": "Public",
        "POSXING": "At Grade",
        "PRVCAT": "14",
        "INIT": "1",
        "LATITUDE": 30.4331394,
        "LONGITUD": -97.7008308,
        "LLSOURCE": "2",
        "WHISTBAN": "1",
        "RRCONT": "5123344000",
        "POLCONT": "8445928046",
        "INV_LINK": "https://safetydata.fra.dot.gov/OfficeofSafety/PublicSite/Crossing/Crossing.aspx?phasetype=C&rpttype=I&txtcrossingnum=765657S",
        "ACC_LINK": "https://safetydata.fra.dot.gov/OfficeofSafety/PublicSite/Crossing/Crossing.aspx?phasetype=C&rpttype=A&txtcrossingnum=765657S",
        "TTSTNNAM": "HOWARD",
        "XPURPOSE": "1",
        "OPERATINGR": "CMTY",
        "OPERATIN_1": "Primary",
        "DAYTHRU": 33,
        "NGHTTHRU": 6,
        "MAINTRK": 1,
        "SIDINGTRK": 0,
        "YARDTRK": 0,
        "TRANSITTRK": 0,
        "INDUSTRYTR": 0,
        "OTHRTRK": 0,
        "WDCODE": "Four Quad (full barrier) Gates",
        "REVISIONDA": "2007/01/01 00:00:00",
        "LASTUPDATE": "11/6/2024",
        "AADT": "000602",
        "AADTYEAR": "2020",
        "STATENAME": "TEXAS",
        "STATEAB": "TX",
        "COUNTYNAME": "TRAVIS",
        "CITYNAME": "AUSTIN",
        "LATDD": 30.4331394,
        "LONGDD": -97.7008308,
        "gridlyProductionCertified": true,
        "gridlyClassification": "PUBLIC_ROADWAY",
        "gridlyDisplayName": "MCNEIL DR",
        "gridlyId": "FRA-765657S"
      }
    },
    {
      "type": "Feature",
      "id": 203490,
      "geometry": {
        "type": "Point",
        "coordinates": [
          -97.6255630002996,
          30.3257960002855
        ]
      },
      "properties": {
        "OBJECTID": 203490,
        "CROSSING": "966376N",
        "EFFDATE": 1730851200000,
        "REASON": "14",
        "StateCode": "48",
        "CountyCode": "48453",
        "STCYFIPS": "48453",
        "CITYCD": "484530330",
        "RAILROAD": "CMTY",
        "RRDIV": "CMTA",
        "RRSUBDIV": "EAST",
        "HIGHWAY": "PRIVATE",
        "STREET": "BALCONES FIRE LN",
        "TTSTN": "000009",
        "MILEPOST": "0000.00",
        "TYPEXING": "Private",
        "POSXING": "At Grade",
        "PRVCAT": "14",
        "INIT": "1",
        "LATITUDE": 30.325796,
        "LONGITUD": -97.625563,
        "LLSOURCE": "1",
        "WHISTBAN": "0",
        "RRCONT": "5128527266",
        "POLCONT": "5124723355",
        "INV_LINK": "https://safetydata.fra.dot.gov/OfficeofSafety/PublicSite/Crossing/Crossing.aspx?phasetype=C&rpttype=I&txtcrossingnum=966376N",
        "ACC_LINK": "https://safetydata.fra.dot.gov/OfficeofSafety/PublicSite/Crossing/Crossing.aspx?phasetype=C&rpttype=A&txtcrossingnum=966376N",
        "TTSTNNAM": "",
        "XPURPOSE": "1",
        "OPERATINGR": "CMTY",
        "OPERATIN_1": "Primary",
        "DAYTHRU": 0,
        "NGHTTHRU": 0,
        "MAINTRK": 0,
        "SIDINGTRK": 0,
        "YARDTRK": 1,
        "TRANSITTRK": 0,
        "INDUSTRYTR": 1,
        "OTHRTRK": 1,
        "WDCODE": "",
        "REVISIONDA": "2007/01/01 00:00:00",
        "LASTUPDATE": "11/6/2024",
        "AADT": "",
        "AADTYEAR": "",
        "STATENAME": "TEXAS",
        "STATEAB": "TX",
        "COUNTYNAME": "TRAVIS",
        "CITYNAME": "AUSTIN",
        "LATDD": 30.325796,
        "LONGDD": -97.625563,
        "gridlyProductionCertified": true,
        "gridlyClassification": "PUBLIC_ROADWAY",
        "gridlyDisplayName": "BALCONES FIRE LN",
        "gridlyId": "FRA-966376N"
      }
    },
    {
      "type": "Feature",
      "id": 203497,
      "geometry": {
        "type": "Point",
        "coordinates": [
          -97.7019690001779,
          30.4295696002929
        ]
      },
      "properties": {
        "OBJECTID": 203497,
        "CROSSING": "765656K",
        "EFFDATE": 1730851200000,
        "REASON": "14",
        "StateCode": "48",
        "CountyCode": "48453",
        "STCYFIPS": "48453",
        "CITYCD": "484534253",
        "RAILROAD": "CMTY",
        "RRDIV": "CMTA",
        "RRSUBDIV": "CENTRAL",
        "HIGHWAY": "PRIVATE",
        "STREET": "HELEN C FRICKE",
        "TTSTN": "",
        "MILEPOST": "0069.16",
        "TYPEXING": "Private",
        "POSXING": "At Grade",
        "PRVCAT": "14",
        "INIT": "1",
        "LATITUDE": 30.4295696,
        "LONGITUD": -97.701969,
        "LLSOURCE": "1",
        "WHISTBAN": "1",
        "RRCONT": "5123344000",
        "POLCONT": "8445928046",
        "INV_LINK": "https://safetydata.fra.dot.gov/OfficeofSafety/PublicSite/Crossing/Crossing.aspx?phasetype=C&rpttype=I&txtcrossingnum=765656K",
        "ACC_LINK": "https://safetydata.fra.dot.gov/OfficeofSafety/PublicSite/Crossing/Crossing.aspx?phasetype=C&rpttype=A&txtcrossingnum=765656K",
        "TTSTNNAM": "HOWARD",
        "XPURPOSE": "1",
        "OPERATINGR": "CMTY",
        "OPERATIN_1": "Primary",
        "DAYTHRU": 33,
        "NGHTTHRU": 6,
        "MAINTRK": 1,
        "SIDINGTRK": 0,
        "YARDTRK": 0,
        "TRANSITTRK": 0,
        "INDUSTRYTR": 0,
        "OTHRTRK": 0,
        "WDCODE": "",
        "REVISIONDA": "2007/01/01 00:00:00",
        "LASTUPDATE": "11/6/2024",
        "AADT": "",
        "AADTYEAR": "1970",
        "STATENAME": "TEXAS",
        "STATEAB": "TX",
        "COUNTYNAME": "TRAVIS",
        "CITYNAME": "MCNEIL",
        "LATDD": 30.4295696,
        "LONGDD": -97.701969,
        "gridlyProductionCertified": true,
        "gridlyClassification": "PUBLIC_ROADWAY",
        "gridlyDisplayName": "HELEN C FRICKE",
        "gridlyId": "FRA-765656K"
      }
    },
    {
      "type": "Feature",
      "id": 204939,
      "geometry": {
        "type": "Point",
        "coordinates": [
          -97.7132439996506,
          30.2631852999764
        ]
      },
      "properties": {
        "OBJECTID": 204939,
        "CROSSING": "765721N",
        "EFFDATE": 1741046400000,
        "REASON": "14",
        "StateCode": "48",
        "CountyCode": "48453",
        "STCYFIPS": "48453",
        "CITYCD": "484530330",
        "RAILROAD": "CMTY",
        "RRDIV": "CMTA",
        "RRSUBDIV": "CENTRAL",
        "HIGHWAY": "st 0000",
        "STREET": "WEBBERVILLE RoaD",
        "TTSTN": "685515",
        "MILEPOST": "0056.97",
        "TYPEXING": "Public",
        "POSXING": "At Grade",
        "PRVCAT": "14",
        "INIT": "2",
        "LATITUDE": 30.2631853,
        "LONGITUD": -97.713244,
        "LLSOURCE": "1",
        "WHISTBAN": "1",
        "RRCONT": "5123344000",
        "POLCONT": "8445928046",
        "INV_LINK": "https://safetydata.fra.dot.gov/OfficeofSafety/PublicSite/Crossing/Crossing.aspx?phasetype=C&rpttype=I&txtcrossingnum=765721N",
        "ACC_LINK": "https://safetydata.fra.dot.gov/OfficeofSafety/PublicSite/Crossing/Crossing.aspx?phasetype=C&rpttype=A&txtcrossingnum=765721N",
        "TTSTNNAM": "AUSTIN",
        "XPURPOSE": "1",
        "OPERATINGR": "CMTY",
        "OPERATIN_1": "Primary",
        "DAYTHRU": 33,
        "NGHTTHRU": 6,
        "MAINTRK": 1,
        "SIDINGTRK": 0,
        "YARDTRK": 0,
        "TRANSITTRK": 0,
        "INDUSTRYTR": 0,
        "OTHRTRK": 0,
        "WDCODE": "Four Quad (full barrier) Gates",
        "REVISIONDA": "2007/01/01 00:00:00",
        "LASTUPDATE": "3/4/2025",
        "AADT": "003989",
        "AADTYEAR": "2020",
        "STATENAME": "TEXAS",
        "STATEAB": "TX",
        "COUNTYNAME": "TRAVIS",
        "CITYNAME": "AUSTIN",
        "LATDD": 30.2631853,
        "LONGDD": -97.713244,
        "gridlyProductionCertified": true,
        "gridlyClassification": "PUBLIC_ROADWAY",
        "gridlyDisplayName": "WEBBERVILLE RoaD",
        "gridlyId": "FRA-765721N"
      }
    },
    {
      "type": "Feature",
      "id": 204940,
      "geometry": {
        "type": "Point",
        "coordinates": [
          -97.7086349999476,
          30.2818655003616
        ]
      },
      "properties": {
        "OBJECTID": 204940,
        "CROSSING": "765726X",
        "EFFDATE": 1741046400000,
        "REASON": "14",
        "StateCode": "48",
        "CountyCode": "48453",
        "STCYFIPS": "48453",
        "CITYCD": "484530330",
        "RAILROAD": "CMTY",
        "RRDIV": "CMTA",
        "RRSUBDIV": "Central",
        "HIGHWAY": "st 0000",
        "STREET": "E MLK JR BLVD",
        "TTSTN": "685515",
        "MILEPOST": "0058.40",
        "TYPEXING": "Public",
        "POSXING": "At Grade",
        "PRVCAT": "14",
        "INIT": "2",
        "LATITUDE": 30.2818655,
        "LONGITUD": -97.708635,
        "LLSOURCE": "1",
        "WHISTBAN": "1",
        "RRCONT": "5123344000",
        "POLCONT": "8445928046",
        "INV_LINK": "https://safetydata.fra.dot.gov/OfficeofSafety/PublicSite/Crossing/Crossing.aspx?phasetype=C&rpttype=I&txtcrossingnum=765726X",
        "ACC_LINK": "https://safetydata.fra.dot.gov/OfficeofSafety/PublicSite/Crossing/Crossing.aspx?phasetype=C&rpttype=A&txtcrossingnum=765726X",
        "TTSTNNAM": "mlk jr station",
        "XPURPOSE": "1",
        "OPERATINGR": "CMTY",
        "OPERATIN_1": "Primary",
        "DAYTHRU": 33,
        "NGHTTHRU": 6,
        "MAINTRK": 1,
        "SIDINGTRK": 1,
        "YARDTRK": 0,
        "TRANSITTRK": 0,
        "INDUSTRYTR": 0,
        "OTHRTRK": 0,
        "WDCODE": "Four Quad (full barrier) Gates",
        "REVISIONDA": "2007/01/01 00:00:00",
        "LASTUPDATE": "3/4/2025",
        "AADT": "013572",
        "AADTYEAR": "2023",
        "STATENAME": "TEXAS",
        "STATEAB": "TX",
        "COUNTYNAME": "TRAVIS",
        "CITYNAME": "AUSTIN",
        "LATDD": 30.2818655,
        "LONGDD": -97.708635,
        "gridlyProductionCertified": true,
        "gridlyClassification": "PUBLIC_ROADWAY",
        "gridlyDisplayName": "E MLK JR BLVD",
        "gridlyId": "FRA-765726X"
      }
    },
    {
      "type": "Feature",
      "id": 204941,
      "geometry": {
        "type": "Point",
        "coordinates": [
          -97.7164988995555,
          30.299286899821
        ]
      },
      "properties": {
        "OBJECTID": 204941,
        "CROSSING": "765730M",
        "EFFDATE": 1741046400000,
        "REASON": "14",
        "StateCode": "48",
        "CountyCode": "48453",
        "STCYFIPS": "48453",
        "CITYCD": "484530330",
        "RAILROAD": "CMTY",
        "RRDIV": "CMTA",
        "RRSUBDIV": "CENTRAL",
        "HIGHWAY": "IH 0035",
        "STREET": "IH 35 NBFR",
        "TTSTN": "685515",
        "MILEPOST": "0059.75",
        "TYPEXING": "Public",
        "POSXING": "At Grade",
        "PRVCAT": "14",
        "INIT": "2",
        "LATITUDE": 30.2992869,
        "LONGITUD": -97.7164989,
        "LLSOURCE": "1",
        "WHISTBAN": "1",
        "RRCONT": "5123344000",
        "POLCONT": "8445928046",
        "INV_LINK": "https://safetydata.fra.dot.gov/OfficeofSafety/PublicSite/Crossing/Crossing.aspx?phasetype=C&rpttype=I&txtcrossingnum=765730M",
        "ACC_LINK": "https://safetydata.fra.dot.gov/OfficeofSafety/PublicSite/Crossing/Crossing.aspx?phasetype=C&rpttype=A&txtcrossingnum=765730M",
        "TTSTNNAM": "MLK JR",
        "XPURPOSE": "1",
        "OPERATINGR": "CMTY",
        "OPERATIN_1": "Primary",
        "DAYTHRU": 37,
        "NGHTTHRU": 15,
        "MAINTRK": 1,
        "SIDINGTRK": 0,
        "YARDTRK": 0,
        "TRANSITTRK": 0,
        "INDUSTRYTR": 0,
        "OTHRTRK": 0,
        "WDCODE": "All other Gates",
        "REVISIONDA": "2007/01/01 00:00:00",
        "LASTUPDATE": "3/4/2025",
        "AADT": "011767",
        "AADTYEAR": "2023",
        "STATENAME": "TEXAS",
        "STATEAB": "TX",
        "COUNTYNAME": "TRAVIS",
        "CITYNAME": "AUSTIN",
        "LATDD": 30.2992869,
        "LONGDD": -97.7164989,
        "gridlyProductionCertified": true,
        "gridlyClassification": "PUBLIC_ROADWAY",
        "gridlyDisplayName": "IH 35 NBFR",
        "gridlyId": "FRA-765730M"
      }
    },
    {
      "type": "Feature",
      "id": 204948,
      "geometry": {
        "type": "Point",
        "coordinates": [
          -97.716428399772,
          30.3005064001593
        ]
      },
      "properties": {
        "OBJECTID": 204948,
        "CROSSING": "765800A",
        "EFFDATE": 1741046400000,
        "REASON": "14",
        "StateCode": "48",
        "CountyCode": "48453",
        "STCYFIPS": "48453",
        "CITYCD": "484530330",
        "RAILROAD": "CMTY",
        "RRDIV": "CMTA",
        "RRSUBDIV": "CENTRAL",
        "HIGHWAY": "IH 0035",
        "STREET": "IH 35 SBFR",
        "TTSTN": "685515",
        "MILEPOST": "0059.84",
        "TYPEXING": "Public",
        "POSXING": "At Grade",
        "PRVCAT": "14",
        "INIT": "2",
        "LATITUDE": 30.3005064,
        "LONGITUD": -97.7164284,
        "LLSOURCE": "1",
        "WHISTBAN": "1",
        "RRCONT": "5123344000",
        "POLCONT": "8445928046",
        "INV_LINK": "https://safetydata.fra.dot.gov/OfficeofSafety/PublicSite/Crossing/Crossing.aspx?phasetype=C&rpttype=I&txtcrossingnum=765800A",
        "ACC_LINK": "https://safetydata.fra.dot.gov/OfficeofSafety/PublicSite/Crossing/Crossing.aspx?phasetype=C&rpttype=A&txtcrossingnum=765800A",
        "TTSTNNAM": "Clarkson",
        "XPURPOSE": "1",
        "OPERATINGR": "CMTY",
        "OPERATIN_1": "Primary",
        "DAYTHRU": 37,
        "NGHTTHRU": 15,
        "MAINTRK": 1,
        "SIDINGTRK": 0,
        "YARDTRK": 0,
        "TRANSITTRK": 0,
        "INDUSTRYTR": 0,
        "OTHRTRK": 0,
        "WDCODE": "All other Gates",
        "REVISIONDA": "2007/01/01 00:00:00",
        "LASTUPDATE": "3/4/2025",
        "AADT": "012421",
        "AADTYEAR": "2023",
        "STATENAME": "TEXAS",
        "STATEAB": "TX",
        "COUNTYNAME": "TRAVIS",
        "CITYNAME": "AUSTIN",
        "LATDD": 30.3005064,
        "LONGDD": -97.7164284,
        "gridlyProductionCertified": true,
        "gridlyClassification": "PUBLIC_ROADWAY",
        "gridlyDisplayName": "IH 35 SBFR",
        "gridlyId": "FRA-765800A"
      }
    },
    {
      "type": "Feature",
      "id": 204949,
      "geometry": {
        "type": "Point",
        "coordinates": [
          -97.7238200002378,
          30.3719850000913
        ]
      },
      "properties": {
        "OBJECTID": 204949,
        "CROSSING": "913620L",
        "EFFDATE": 1741910400000,
        "REASON": "15",
        "StateCode": "48",
        "CountyCode": "48453",
        "STCYFIPS": "48453",
        "CITYCD": "484530330",
        "RAILROAD": "CMTY",
        "RRDIV": "cmta",
        "RRSUBDIV": "Central",
        "HIGHWAY": "US 183 OVERPASS",
        "STREET": "US 183 OVerpass",
        "TTSTN": "",
        "MILEPOST": "0064.84",
        "TYPEXING": "Public",
        "POSXING": "RR Under",
        "PRVCAT": "15",
        "INIT": "1",
        "LATITUDE": 30.371985,
        "LONGITUD": -97.72382,
        "LLSOURCE": "2",
        "WHISTBAN": "1",
        "RRCONT": "5123344000",
        "POLCONT": "8445928046",
        "INV_LINK": "https://safetydata.fra.dot.gov/OfficeofSafety/PublicSite/Crossing/Crossing.aspx?phasetype=C&rpttype=I&txtcrossingnum=913620L",
        "ACC_LINK": "https://safetydata.fra.dot.gov/OfficeofSafety/PublicSite/Crossing/Crossing.aspx?phasetype=C&rpttype=A&txtcrossingnum=913620L",
        "TTSTNNAM": "East Serta",
        "XPURPOSE": "1",
        "OPERATINGR": "CMTY",
        "OPERATIN_1": "Primary",
        "DAYTHRU": 33,
        "NGHTTHRU": 6,
        "MAINTRK": 1,
        "SIDINGTRK": 0,
        "YARDTRK": 0,
        "TRANSITTRK": 0,
        "INDUSTRYTR": 0,
        "OTHRTRK": 0,
        "WDCODE": "",
        "REVISIONDA": "2007/01/01 00:00:00",
        "LASTUPDATE": "3/14/2025",
        "AADT": "",
        "AADTYEAR": "",
        "STATENAME": "TEXAS",
        "STATEAB": "TX",
        "COUNTYNAME": "TRAVIS",
        "CITYNAME": "AUSTIN",
        "LATDD": 30.371985,
        "LONGDD": -97.72382,
        "gridlyProductionCertified": true,
        "gridlyClassification": "PUBLIC_ROADWAY",
        "gridlyDisplayName": "US 183 OVerpass",
        "gridlyId": "FRA-913620L"
      }
    },
    {
      "type": "Feature",
      "id": 204954,
      "geometry": {
        "type": "Point",
        "coordinates": [
          -97.5872289999409,
          30.3326730000822
        ]
      },
      "properties": {
        "OBJECTID": 204954,
        "CROSSING": "924565U",
        "EFFDATE": 1741910400000,
        "REASON": "15",
        "StateCode": "48",
        "CountyCode": "48453",
        "STCYFIPS": "48453",
        "CITYCD": "484530330",
        "RAILROAD": "CMTY",
        "RRDIV": "CMTA",
        "RRSUBDIV": "East",
        "HIGHWAY": "state hIGHwAY 130",
        "STREET": "sh130 oVERPASS",
        "TTSTN": "",
        "MILEPOST": "0045.00",
        "TYPEXING": "Public",
        "POSXING": "RR Under",
        "PRVCAT": "15",
        "INIT": "1",
        "LATITUDE": 30.332673,
        "LONGITUD": -97.587229,
        "LLSOURCE": "2",
        "WHISTBAN": "1",
        "RRCONT": "5123344000",
        "POLCONT": "8445928046",
        "INV_LINK": "https://safetydata.fra.dot.gov/OfficeofSafety/PublicSite/Crossing/Crossing.aspx?phasetype=C&rpttype=I&txtcrossingnum=924565U",
        "ACC_LINK": "https://safetydata.fra.dot.gov/OfficeofSafety/PublicSite/Crossing/Crossing.aspx?phasetype=C&rpttype=A&txtcrossingnum=924565U",
        "TTSTNNAM": "mANOR",
        "XPURPOSE": "1",
        "OPERATINGR": "CMTY",
        "OPERATIN_1": "Primary",
        "DAYTHRU": 0,
        "NGHTTHRU": 0,
        "MAINTRK": 1,
        "SIDINGTRK": 0,
        "YARDTRK": 0,
        "TRANSITTRK": 0,
        "INDUSTRYTR": 0,
        "OTHRTRK": 0,
        "WDCODE": "",
        "REVISIONDA": "2007/01/01 00:00:00",
        "LASTUPDATE": "3/14/2025",
        "AADT": "",
        "AADTYEAR": "",
        "STATENAME": "TEXAS",
        "STATEAB": "TX",
        "COUNTYNAME": "TRAVIS",
        "CITYNAME": "AUSTIN",
        "LATDD": 30.332673,
        "LONGDD": -97.587229,
        "gridlyProductionCertified": true,
        "gridlyClassification": "PUBLIC_ROADWAY",
        "gridlyDisplayName": "sh130 oVERPASS",
        "gridlyId": "FRA-924565U"
      }
    },
    {
      "type": "Feature",
      "id": 204958,
      "geometry": {
        "type": "Point",
        "coordinates": [
          -97.7089970003459,
          30.2800660002169
        ]
      },
      "properties": {
        "OBJECTID": 204958,
        "CROSSING": "930570E",
        "EFFDATE": 1737504000000,
        "REASON": "14",
        "StateCode": "48",
        "CountyCode": "48453",
        "STCYFIPS": "48453",
        "CITYCD": "484530330",
        "RAILROAD": "CMTY",
        "RRDIV": "CMTA",
        "RRSUBDIV": "Central",
        "HIGHWAY": "pathway",
        "STREET": "Boggy creek bikeway",
        "TTSTN": "",
        "MILEPOST": "0058.280",
        "TYPEXING": "Public",
        "POSXING": "At Grade",
        "PRVCAT": "14",
        "INIT": "1",
        "LATITUDE": 30.280066,
        "LONGITUD": -97.708997,
        "LLSOURCE": "1",
        "WHISTBAN": "1",
        "RRCONT": "5123344000",
        "POLCONT": "8445928046",
        "INV_LINK": "https://safetydata.fra.dot.gov/OfficeofSafety/PublicSite/Crossing/Crossing.aspx?phasetype=C&rpttype=I&txtcrossingnum=930570E",
        "ACC_LINK": "https://safetydata.fra.dot.gov/OfficeofSafety/PublicSite/Crossing/Crossing.aspx?phasetype=C&rpttype=A&txtcrossingnum=930570E",
        "TTSTNNAM": "mlk jr station",
        "XPURPOSE": "3",
        "OPERATINGR": "CMTY",
        "OPERATIN_1": "Primary",
        "DAYTHRU": 33,
        "NGHTTHRU": 6,
        "MAINTRK": 1,
        "SIDINGTRK": 1,
        "YARDTRK": 0,
        "TRANSITTRK": 0,
        "INDUSTRYTR": 0,
        "OTHRTRK": 0,
        "WDCODE": "Flashing lights",
        "REVISIONDA": "2007/01/01 00:00:00",
        "LASTUPDATE": "1/22/2025",
        "AADT": "",
        "AADTYEAR": "",
        "STATENAME": "TEXAS",
        "STATEAB": "TX",
        "COUNTYNAME": "TRAVIS",
        "CITYNAME": "AUSTIN",
        "LATDD": 30.280066,
        "LONGDD": -97.708997,
        "gridlyProductionCertified": true,
        "gridlyClassification": "PUBLIC_ROADWAY",
        "gridlyDisplayName": "Boggy creek bikeway",
        "gridlyId": "FRA-930570E"
      }
    },
    {
      "type": "Feature",
      "id": 204964,
      "geometry": {
        "type": "Point",
        "coordinates": [
          -97.7181109999947,
          30.4490440000912
        ]
      },
      "properties": {
        "OBJECTID": 204964,
        "CROSSING": "925944X",
        "EFFDATE": 1741910400000,
        "REASON": "15",
        "StateCode": "48",
        "CountyCode": "48453",
        "STCYFIPS": "48453",
        "CITYCD": "484534253",
        "RAILROAD": "CMTY",
        "RRDIV": "cmta",
        "RRSUBDIV": "central",
        "HIGHWAY": "Underpass",
        "STREET": "Howard Lane Underpass",
        "TTSTN": "",
        "MILEPOST": "0071.13",
        "TYPEXING": "Public",
        "POSXING": "RR Over",
        "PRVCAT": "15",
        "INIT": "1",
        "LATITUDE": 30.449044,
        "LONGITUD": -97.718111,
        "LLSOURCE": "2",
        "WHISTBAN": "",
        "RRCONT": "5123344000",
        "POLCONT": "8445928046",
        "INV_LINK": "https://safetydata.fra.dot.gov/OfficeofSafety/PublicSite/Crossing/Crossing.aspx?phasetype=C&rpttype=I&txtcrossingnum=925944X",
        "ACC_LINK": "https://safetydata.fra.dot.gov/OfficeofSafety/PublicSite/Crossing/Crossing.aspx?phasetype=C&rpttype=A&txtcrossingnum=925944X",
        "TTSTNNAM": "Mcneil",
        "XPURPOSE": "1",
        "OPERATINGR": "CMTY",
        "OPERATIN_1": "Primary",
        "DAYTHRU": 37,
        "NGHTTHRU": 15,
        "MAINTRK": 2,
        "SIDINGTRK": 0,
        "YARDTRK": 0,
        "TRANSITTRK": 0,
        "INDUSTRYTR": 0,
        "OTHRTRK": 0,
        "WDCODE": "",
        "REVISIONDA": "2007/01/01 00:00:00",
        "LASTUPDATE": "3/14/2025",
        "AADT": "",
        "AADTYEAR": "",
        "STATENAME": "TEXAS",
        "STATEAB": "TX",
        "COUNTYNAME": "TRAVIS",
        "CITYNAME": "MCNEIL",
        "LATDD": 30.449044,
        "LONGDD": -97.718111,
        "gridlyProductionCertified": true,
        "gridlyClassification": "PUBLIC_ROADWAY",
        "gridlyDisplayName": "Howard Lane Underpass",
        "gridlyId": "FRA-925944X"
      }
    },
    {
      "type": "Feature",
      "id": 206480,
      "geometry": {
        "type": "Point",
        "coordinates": [
          -97.5132039999945,
          30.3538100001682
        ]
      },
      "properties": {
        "OBJECTID": 206480,
        "CROSSING": "930565H",
        "EFFDATE": 1749513600000,
        "REASON": "14",
        "StateCode": "48",
        "CountyCode": "48491",
        "STCYFIPS": "48491",
        "CITYCD": "484913925",
        "RAILROAD": "AWRR",
        "RRDIV": "CMTA",
        "RRSUBDIV": "west",
        "HIGHWAY": "lr",
        "STREET": "SAN GABRIEL Parkway",
        "TTSTN": "",
        "MILEPOST": "0087.57",
        "TYPEXING": "Public",
        "POSXING": "At Grade",
        "PRVCAT": "14",
        "INIT": "2",
        "LATITUDE": 30.35381,
        "LONGITUD": -97.513204,
        "LLSOURCE": "1",
        "WHISTBAN": "1",
        "RRCONT": "5123344000",
        "POLCONT": "8445928046",
        "INV_LINK": "https://safetydata.fra.dot.gov/OfficeofSafety/PublicSite/Crossing/Crossing.aspx?phasetype=C&rpttype=I&txtcrossingnum=930565H",
        "ACC_LINK": "https://safetydata.fra.dot.gov/OfficeofSafety/PublicSite/Crossing/Crossing.aspx?phasetype=C&rpttype=A&txtcrossingnum=930565H",
        "TTSTNNAM": "leander",
        "XPURPOSE": "1",
        "OPERATINGR": "AWRR",
        "OPERATIN_1": "Primary",
        "DAYTHRU": 4,
        "NGHTTHRU": 3,
        "MAINTRK": 1,
        "SIDINGTRK": 0,
        "YARDTRK": 0,
        "TRANSITTRK": 0,
        "INDUSTRYTR": 0,
        "OTHRTRK": 0,
        "WDCODE": "All other Gates",
        "REVISIONDA": "2007/01/01 00:00:00",
        "LASTUPDATE": "6/10/2025",
        "AADT": "009902",
        "AADTYEAR": "2025",
        "STATENAME": "TEXAS",
        "STATEAB": "TX",
        "COUNTYNAME": "WILLIAMSON",
        "CITYNAME": "LEANDER",
        "LATDD": 30.35381,
        "LONGDD": -97.513204,
        "gridlyProductionCertified": true,
        "gridlyClassification": "PUBLIC_ROADWAY",
        "gridlyDisplayName": "SAN GABRIEL Parkway",
        "gridlyId": "FRA-930565H"
      }
    },
    {
      "type": "Feature",
      "id": 206712,
      "geometry": {
        "type": "Point",
        "coordinates": [
          -97.8020160002192,
          30.2014100001811
        ]
      },
      "properties": {
        "OBJECTID": 206712,
        "CROSSING": "848301R",
        "EFFDATE": 1756684800000,
        "REASON": "14",
        "StateCode": "48",
        "CountyCode": "48453",
        "STCYFIPS": "48453",
        "CITYCD": "484530330",
        "RAILROAD": "UP",
        "RRDIV": "SOUTH TEXAS",
        "RRSUBDIV": "AUSTIN SUB",
        "HIGHWAY": "NA",
        "STREET": "WEST WILLIAM CANNON DRIVE",
        "TTSTN": "685500",
        "MILEPOST": "0185.470",
        "TYPEXING": "Public",
        "POSXING": "RR Under",
        "PRVCAT": "14",
        "INIT": "1",
        "LATITUDE": 30.20141,
        "LONGITUD": -97.802016,
        "LLSOURCE": "1",
        "WHISTBAN": "0",
        "RRCONT": "4025443721",
        "POLCONT": "8008488715",
        "INV_LINK": "https://safetydata.fra.dot.gov/OfficeofSafety/PublicSite/Crossing/Crossing.aspx?phasetype=C&rpttype=I&txtcrossingnum=848301R",
        "ACC_LINK": "https://safetydata.fra.dot.gov/OfficeofSafety/PublicSite/Crossing/Crossing.aspx?phasetype=C&rpttype=A&txtcrossingnum=848301R",
        "TTSTNNAM": "",
        "XPURPOSE": "1",
        "OPERATINGR": "UP",
        "OPERATIN_1": "Primary",
        "DAYTHRU": 11,
        "NGHTTHRU": 10,
        "MAINTRK": 1,
        "SIDINGTRK": 0,
        "YARDTRK": 0,
        "TRANSITTRK": 0,
        "INDUSTRYTR": 0,
        "OTHRTRK": 0,
        "WDCODE": "",
        "REVISIONDA": "1975/01/01 00:00:00",
        "LASTUPDATE": "9/1/2025",
        "AADT": "32750",
        "AADTYEAR": "2010",
        "STATENAME": "TEXAS",
        "STATEAB": "TX",
        "COUNTYNAME": "TRAVIS",
        "CITYNAME": "AUSTIN",
        "LATDD": 30.20141,
        "LONGDD": -97.802016,
        "gridlyProductionCertified": true,
        "gridlyClassification": "PUBLIC_ROADWAY",
        "gridlyDisplayName": "WEST WILLIAM CANNON DRIVE",
        "gridlyId": "FRA-848301R"
      }
    },
    {
      "type": "Feature",
      "id": 206713,
      "geometry": {
        "type": "Point",
        "coordinates": [
          -97.7551709997361,
          30.2690220003042
        ]
      },
      "properties": {
        "OBJECTID": 206713,
        "CROSSING": "435986F",
        "EFFDATE": 1756684800000,
        "REASON": "14",
        "StateCode": "48",
        "CountyCode": "48453",
        "STCYFIPS": "48453",
        "CITYCD": "484530330",
        "RAILROAD": "UP",
        "RRDIV": "SOUTH TEXAS",
        "RRSUBDIV": "AUSTIN SUB",
        "HIGHWAY": "NA",
        "STREET": "LAMAR BOULEVARD",
        "TTSTN": "685500",
        "MILEPOST": "0179.510",
        "TYPEXING": "Public",
        "POSXING": "RR Over",
        "PRVCAT": "14",
        "INIT": "1",
        "LATITUDE": 30.269022,
        "LONGITUD": -97.755171,
        "LLSOURCE": "1",
        "WHISTBAN": "0",
        "RRCONT": "4025443721",
        "POLCONT": "8008488715",
        "INV_LINK": "https://safetydata.fra.dot.gov/OfficeofSafety/PublicSite/Crossing/Crossing.aspx?phasetype=C&rpttype=I&txtcrossingnum=435986F",
        "ACC_LINK": "https://safetydata.fra.dot.gov/OfficeofSafety/PublicSite/Crossing/Crossing.aspx?phasetype=C&rpttype=A&txtcrossingnum=435986F",
        "TTSTNNAM": "",
        "XPURPOSE": "1",
        "OPERATINGR": "UP",
        "OPERATIN_1": "Primary",
        "DAYTHRU": 11,
        "NGHTTHRU": 10,
        "MAINTRK": 1,
        "SIDINGTRK": 0,
        "YARDTRK": 0,
        "TRANSITTRK": 0,
        "INDUSTRYTR": 0,
        "OTHRTRK": 0,
        "WDCODE": "",
        "REVISIONDA": "1975/01/01 00:00:00",
        "LASTUPDATE": "9/1/2025",
        "AADT": "38790",
        "AADTYEAR": "2010",
        "STATENAME": "TEXAS",
        "STATEAB": "TX",
        "COUNTYNAME": "TRAVIS",
        "CITYNAME": "AUSTIN",
        "LATDD": 30.269022,
        "LONGDD": -97.755171,
        "gridlyProductionCertified": true,
        "gridlyClassification": "PUBLIC_ROADWAY",
        "gridlyDisplayName": "LAMAR BOULEVARD",
        "gridlyId": "FRA-435986F"
      }
    },
    {
      "type": "Feature",
      "id": 206714,
      "geometry": {
        "type": "Point",
        "coordinates": [
          -97.7538819999483,
          30.2660870002923
        ]
      },
      "properties": {
        "OBJECTID": 206714,
        "CROSSING": "435998A",
        "EFFDATE": 1756684800000,
        "REASON": "14",
        "StateCode": "48",
        "CountyCode": "48453",
        "STCYFIPS": "48453",
        "CITYCD": "484530330",
        "RAILROAD": "UP",
        "RRDIV": "SOUTH TEXAS",
        "RRSUBDIV": "AUSTIN SUB",
        "HIGHWAY": "SL 0343",
        "STREET": "WEST CESAR CHAVEZ STREET/TX 343 LOOP",
        "TTSTN": "685500",
        "MILEPOST": "0179.770",
        "TYPEXING": "Public",
        "POSXING": "RR Over",
        "PRVCAT": "14",
        "INIT": "1",
        "LATITUDE": 30.266087,
        "LONGITUD": -97.753882,
        "LLSOURCE": "1",
        "WHISTBAN": "0",
        "RRCONT": "4025443721",
        "POLCONT": "8008488715",
        "INV_LINK": "https://safetydata.fra.dot.gov/OfficeofSafety/PublicSite/Crossing/Crossing.aspx?phasetype=C&rpttype=I&txtcrossingnum=435998A",
        "ACC_LINK": "https://safetydata.fra.dot.gov/OfficeofSafety/PublicSite/Crossing/Crossing.aspx?phasetype=C&rpttype=A&txtcrossingnum=435998A",
        "TTSTNNAM": "",
        "XPURPOSE": "1",
        "OPERATINGR": "UP",
        "OPERATIN_1": "Primary",
        "DAYTHRU": 11,
        "NGHTTHRU": 10,
        "MAINTRK": 1,
        "SIDINGTRK": 0,
        "YARDTRK": 0,
        "TRANSITTRK": 0,
        "INDUSTRYTR": 0,
        "OTHRTRK": 0,
        "WDCODE": "",
        "REVISIONDA": "1975/01/01 00:00:00",
        "LASTUPDATE": "9/1/2025",
        "AADT": "26000",
        "AADTYEAR": "2011",
        "STATENAME": "TEXAS",
        "STATEAB": "TX",
        "COUNTYNAME": "TRAVIS",
        "CITYNAME": "AUSTIN",
        "LATDD": 30.266087,
        "LONGDD": -97.753882,
        "gridlyProductionCertified": true,
        "gridlyClassification": "PUBLIC_ROADWAY",
        "gridlyDisplayName": "WEST CESAR CHAVEZ STREET/TX 343 LOOP",
        "gridlyId": "FRA-435998A"
      }
    },
    {
      "type": "Feature",
      "id": 206728,
      "geometry": {
        "type": "Point",
        "coordinates": [
          -97.7764779998229,
          30.2276670000606
        ]
      },
      "properties": {
        "OBJECTID": 206728,
        "CROSSING": "447606F",
        "EFFDATE": 1756684800000,
        "REASON": "14",
        "StateCode": "48",
        "CountyCode": "48453",
        "STCYFIPS": "48453",
        "CITYCD": "484530330",
        "RAILROAD": "UP",
        "RRDIV": "SOUTH TEXAS",
        "RRSUBDIV": "AUSTIN SUB",
        "HIGHWAY": "US 0290",
        "STREET": "BEN WHITE BOULEVARD",
        "TTSTN": "685500",
        "MILEPOST": "0182.860",
        "TYPEXING": "Public",
        "POSXING": "RR Under",
        "PRVCAT": "14",
        "INIT": "1",
        "LATITUDE": 30.227667,
        "LONGITUD": -97.776478,
        "LLSOURCE": "1",
        "WHISTBAN": "0",
        "RRCONT": "4025443721",
        "POLCONT": "8008488715",
        "INV_LINK": "https://safetydata.fra.dot.gov/OfficeofSafety/PublicSite/Crossing/Crossing.aspx?phasetype=C&rpttype=I&txtcrossingnum=447606F",
        "ACC_LINK": "https://safetydata.fra.dot.gov/OfficeofSafety/PublicSite/Crossing/Crossing.aspx?phasetype=C&rpttype=A&txtcrossingnum=447606F",
        "TTSTNNAM": "",
        "XPURPOSE": "1",
        "OPERATINGR": "UP",
        "OPERATIN_1": "Primary",
        "DAYTHRU": 11,
        "NGHTTHRU": 10,
        "MAINTRK": 1,
        "SIDINGTRK": 0,
        "YARDTRK": 0,
        "TRANSITTRK": 0,
        "INDUSTRYTR": 0,
        "OTHRTRK": 0,
        "WDCODE": "",
        "REVISIONDA": "1975/01/01 00:00:00",
        "LASTUPDATE": "9/1/2025",
        "AADT": "123050",
        "AADTYEAR": "2011",
        "STATENAME": "TEXAS",
        "STATEAB": "TX",
        "COUNTYNAME": "TRAVIS",
        "CITYNAME": "AUSTIN",
        "LATDD": 30.227667,
        "LONGDD": -97.776478,
        "gridlyProductionCertified": true,
        "gridlyClassification": "PUBLIC_ROADWAY",
        "gridlyDisplayName": "BEN WHITE BOULEVARD",
        "gridlyId": "FRA-447606F"
      }
    },
    {
      "type": "Feature",
      "id": 206729,
      "geometry": {
        "type": "Point",
        "coordinates": [
          -97.7937275999272,
          30.2135211998214
        ]
      },
      "properties": {
        "OBJECTID": 206729,
        "CROSSING": "447636X",
        "EFFDATE": 1756684800000,
        "REASON": "14",
        "StateCode": "48",
        "CountyCode": "48453",
        "STCYFIPS": "48453",
        "CITYCD": "484530330",
        "RAILROAD": "UP",
        "RRDIV": "SOUTH TEXAS",
        "RRSUBDIV": "AUSTIN SUB",
        "HIGHWAY": "ST 0000",
        "STREET": "STASSNEY LANE",
        "TTSTN": "685500",
        "MILEPOST": "0184.520",
        "TYPEXING": "Public",
        "POSXING": "At Grade",
        "PRVCAT": "14",
        "INIT": "1",
        "LATITUDE": 30.2135212,
        "LONGITUD": -97.7937276,
        "LLSOURCE": "1",
        "WHISTBAN": "1",
        "RRCONT": "4025443721",
        "POLCONT": "8008488715",
        "INV_LINK": "https://safetydata.fra.dot.gov/OfficeofSafety/PublicSite/Crossing/Crossing.aspx?phasetype=C&rpttype=I&txtcrossingnum=447636X",
        "ACC_LINK": "https://safetydata.fra.dot.gov/OfficeofSafety/PublicSite/Crossing/Crossing.aspx?phasetype=C&rpttype=A&txtcrossingnum=447636X",
        "TTSTNNAM": "",
        "XPURPOSE": "1",
        "OPERATINGR": "UP",
        "OPERATIN_1": "Primary",
        "DAYTHRU": 10,
        "NGHTTHRU": 9,
        "MAINTRK": 1,
        "SIDINGTRK": 0,
        "YARDTRK": 0,
        "TRANSITTRK": 0,
        "INDUSTRYTR": 0,
        "OTHRTRK": 0,
        "WDCODE": "All other Gates",
        "REVISIONDA": "1975/01/01 00:00:00",
        "LASTUPDATE": "9/1/2025",
        "AADT": "007555",
        "AADTYEAR": "2020",
        "STATENAME": "TEXAS",
        "STATEAB": "TX",
        "COUNTYNAME": "TRAVIS",
        "CITYNAME": "AUSTIN",
        "LATDD": 30.2135212,
        "LONGDD": -97.7937276,
        "gridlyProductionCertified": true,
        "gridlyClassification": "PUBLIC_ROADWAY",
        "gridlyDisplayName": "STASSNEY LANE",
        "gridlyId": "FRA-447636X"
      }
    },
    {
      "type": "Feature",
      "id": 206730,
      "geometry": {
        "type": "Point",
        "coordinates": [
          -97.8266242002791,
          30.1534123001424
        ]
      },
      "properties": {
        "OBJECTID": 206730,
        "CROSSING": "447640M",
        "EFFDATE": 1756684800000,
        "REASON": "14",
        "StateCode": "48",
        "CountyCode": "48453",
        "STCYFIPS": "48453",
        "CITYCD": "484530330",
        "RAILROAD": "UP",
        "RRDIV": "SOUTH TEXAS",
        "RRSUBDIV": "AUSTIN SUB",
        "HIGHWAY": "CNTY RD",
        "STREET": "CHAPPELL LANE",
        "TTSTN": "685730",
        "MILEPOST": "0189.120",
        "TYPEXING": "Private",
        "POSXING": "At Grade",
        "PRVCAT": "14",
        "INIT": "1",
        "LATITUDE": 30.1534123,
        "LONGITUD": -97.8266242,
        "LLSOURCE": "1",
        "WHISTBAN": "0",
        "RRCONT": "4025443721",
        "POLCONT": "8008488715",
        "INV_LINK": "https://safetydata.fra.dot.gov/OfficeofSafety/PublicSite/Crossing/Crossing.aspx?phasetype=C&rpttype=I&txtcrossingnum=447640M",
        "ACC_LINK": "https://safetydata.fra.dot.gov/OfficeofSafety/PublicSite/Crossing/Crossing.aspx?phasetype=C&rpttype=A&txtcrossingnum=447640M",
        "TTSTNNAM": "",
        "XPURPOSE": "1",
        "OPERATINGR": "UP",
        "OPERATIN_1": "Primary",
        "DAYTHRU": 10,
        "NGHTTHRU": 9,
        "MAINTRK": 1,
        "SIDINGTRK": 0,
        "YARDTRK": 0,
        "TRANSITTRK": 0,
        "INDUSTRYTR": 0,
        "OTHRTRK": 0,
        "WDCODE": "",
        "REVISIONDA": "1975/01/01 00:00:00",
        "LASTUPDATE": "9/1/2025",
        "AADT": "100",
        "AADTYEAR": "",
        "STATENAME": "TEXAS",
        "STATEAB": "TX",
        "COUNTYNAME": "TRAVIS",
        "CITYNAME": "AUSTIN",
        "LATDD": 30.1534123,
        "LONGDD": -97.8266242,
        "gridlyProductionCertified": true,
        "gridlyClassification": "PUBLIC_ROADWAY",
        "gridlyDisplayName": "CHAPPELL LANE",
        "gridlyId": "FRA-447640M"
      }
    },
    {
      "type": "Feature",
      "id": 206732,
      "geometry": {
        "type": "Point",
        "coordinates": [
          -97.7434250000851,
          30.3612700001518
        ]
      },
      "properties": {
        "OBJECTID": 206732,
        "CROSSING": "435973E",
        "EFFDATE": 1756684800000,
        "REASON": "14",
        "StateCode": "48",
        "CountyCode": "48453",
        "STCYFIPS": "48453",
        "CITYCD": "484530330",
        "RAILROAD": "UP",
        "RRDIV": "SOUTH TEXAS",
        "RRSUBDIV": "AUSTIN SUB",
        "HIGHWAY": "P013",
        "STREET": "ANDERSON LANE",
        "TTSTN": "685500",
        "MILEPOST": "0172.502",
        "TYPEXING": "Public",
        "POSXING": "RR Under",
        "PRVCAT": "14",
        "INIT": "1",
        "LATITUDE": 30.36127,
        "LONGITUD": -97.743425,
        "LLSOURCE": "1",
        "WHISTBAN": "0",
        "RRCONT": "4025443721",
        "POLCONT": "8008488715",
        "INV_LINK": "https://safetydata.fra.dot.gov/OfficeofSafety/PublicSite/Crossing/Crossing.aspx?phasetype=C&rpttype=I&txtcrossingnum=435973E",
        "ACC_LINK": "https://safetydata.fra.dot.gov/OfficeofSafety/PublicSite/Crossing/Crossing.aspx?phasetype=C&rpttype=A&txtcrossingnum=435973E",
        "TTSTNNAM": "",
        "XPURPOSE": "1",
        "OPERATINGR": "UP",
        "OPERATIN_1": "Primary",
        "DAYTHRU": 7,
        "NGHTTHRU": 7,
        "MAINTRK": 1,
        "SIDINGTRK": 0,
        "YARDTRK": 0,
        "TRANSITTRK": 0,
        "INDUSTRYTR": 0,
        "OTHRTRK": 0,
        "WDCODE": "",
        "REVISIONDA": "1975/01/01 00:00:00",
        "LASTUPDATE": "9/1/2025",
        "AADT": "29940",
        "AADTYEAR": "2010",
        "STATENAME": "TEXAS",
        "STATEAB": "TX",
        "COUNTYNAME": "TRAVIS",
        "CITYNAME": "AUSTIN",
        "LATDD": 30.36127,
        "LONGDD": -97.743425,
        "gridlyProductionCertified": true,
        "gridlyClassification": "PUBLIC_ROADWAY",
        "gridlyDisplayName": "ANDERSON LANE",
        "gridlyId": "FRA-435973E"
      }
    },
    {
      "type": "Feature",
      "id": 206733,
      "geometry": {
        "type": "Point",
        "coordinates": [
          -97.763918800261,
          30.2859255996293
        ]
      },
      "properties": {
        "OBJECTID": 206733,
        "CROSSING": "435981W",
        "EFFDATE": 1756684800000,
        "REASON": "14",
        "StateCode": "48",
        "CountyCode": "48453",
        "STCYFIPS": "48453",
        "CITYCD": "484530330",
        "RAILROAD": "UP",
        "RRDIV": "SOUTH TEXAS",
        "RRSUBDIV": "AUSTIN SUB",
        "HIGHWAY": "TBD",
        "STREET": "ENFIELD ROAD",
        "TTSTN": "685500",
        "MILEPOST": "0177.930",
        "TYPEXING": "Public",
        "POSXING": "RR Over",
        "PRVCAT": "14",
        "INIT": "1",
        "LATITUDE": 30.2859256,
        "LONGITUD": -97.7639188,
        "LLSOURCE": "1",
        "WHISTBAN": "0",
        "RRCONT": "4025443721",
        "POLCONT": "8008488715",
        "INV_LINK": "https://safetydata.fra.dot.gov/OfficeofSafety/PublicSite/Crossing/Crossing.aspx?phasetype=C&rpttype=I&txtcrossingnum=435981W",
        "ACC_LINK": "https://safetydata.fra.dot.gov/OfficeofSafety/PublicSite/Crossing/Crossing.aspx?phasetype=C&rpttype=A&txtcrossingnum=435981W",
        "TTSTNNAM": "",
        "XPURPOSE": "1",
        "OPERATINGR": "UP",
        "OPERATIN_1": "Primary",
        "DAYTHRU": 7,
        "NGHTTHRU": 7,
        "MAINTRK": 1,
        "SIDINGTRK": 0,
        "YARDTRK": 0,
        "TRANSITTRK": 0,
        "INDUSTRYTR": 0,
        "OTHRTRK": 0,
        "WDCODE": "",
        "REVISIONDA": "1975/01/01 00:00:00",
        "LASTUPDATE": "9/1/2025",
        "AADT": "29910",
        "AADTYEAR": "2010",
        "STATENAME": "TEXAS",
        "STATEAB": "TX",
        "COUNTYNAME": "TRAVIS",
        "CITYNAME": "AUSTIN",
        "LATDD": 30.2859256,
        "LONGDD": -97.7639188,
        "gridlyProductionCertified": true,
        "gridlyClassification": "PUBLIC_ROADWAY",
        "gridlyDisplayName": "ENFIELD ROAD",
        "gridlyId": "FRA-435981W"
      }
    },
    {
      "type": "Feature",
      "id": 206736,
      "geometry": {
        "type": "Point",
        "coordinates": [
          -97.7673979996109,
          30.2794079999555
        ]
      },
      "properties": {
        "OBJECTID": 206736,
        "CROSSING": "435982D",
        "EFFDATE": 1756684800000,
        "REASON": "14",
        "StateCode": "48",
        "CountyCode": "48453",
        "STCYFIPS": "48453",
        "CITYCD": "484530330",
        "RAILROAD": "UP",
        "RRDIV": "SOUTH TEXAS",
        "RRSUBDIV": "AUSTIN SUB",
        "HIGHWAY": "SL 0001",
        "STREET": "South MoPac Expressway",
        "TTSTN": "685500",
        "MILEPOST": "0178.430",
        "TYPEXING": "Public",
        "POSXING": "RR Under",
        "PRVCAT": "14",
        "INIT": "1",
        "LATITUDE": 30.279408,
        "LONGITUD": -97.767398,
        "LLSOURCE": "1",
        "WHISTBAN": "0",
        "RRCONT": "4025443721",
        "POLCONT": "8008488715",
        "INV_LINK": "https://safetydata.fra.dot.gov/OfficeofSafety/PublicSite/Crossing/Crossing.aspx?phasetype=C&rpttype=I&txtcrossingnum=435982D",
        "ACC_LINK": "https://safetydata.fra.dot.gov/OfficeofSafety/PublicSite/Crossing/Crossing.aspx?phasetype=C&rpttype=A&txtcrossingnum=435982D",
        "TTSTNNAM": "",
        "XPURPOSE": "1",
        "OPERATINGR": "UP",
        "OPERATIN_1": "Primary",
        "DAYTHRU": 7,
        "NGHTTHRU": 7,
        "MAINTRK": 1,
        "SIDINGTRK": 0,
        "YARDTRK": 0,
        "TRANSITTRK": 0,
        "INDUSTRYTR": 0,
        "OTHRTRK": 0,
        "WDCODE": "",
        "REVISIONDA": "1975/01/01 00:00:00",
        "LASTUPDATE": "9/1/2025",
        "AADT": "139920",
        "AADTYEAR": "2011",
        "STATENAME": "TEXAS",
        "STATEAB": "TX",
        "COUNTYNAME": "TRAVIS",
        "CITYNAME": "AUSTIN",
        "LATDD": 30.279408,
        "LONGDD": -97.767398,
        "gridlyProductionCertified": true,
        "gridlyClassification": "PUBLIC_ROADWAY",
        "gridlyDisplayName": "South MoPac Expressway",
        "gridlyId": "FRA-435982D"
      }
    },
    {
      "type": "Feature",
      "id": 209152,
      "geometry": {
        "type": "Point",
        "coordinates": [
          -97.7551809997818,
          30.2638560000888
        ]
      },
      "properties": {
        "OBJECTID": 209152,
        "CROSSING": "436001N",
        "EFFDATE": 1756339200000,
        "REASON": "14",
        "StateCode": "48",
        "CountyCode": "48453",
        "STCYFIPS": "48453",
        "CITYCD": "484530330",
        "RAILROAD": "UP",
        "RRDIV": "SOUTH TEXAS",
        "RRSUBDIV": "AUSTIN SUB",
        "HIGHWAY": "STREET",
        "STREET": "RIVERSIDE DRIVE",
        "TTSTN": "685500",
        "MILEPOST": "0179.940",
        "TYPEXING": "Public",
        "POSXING": "RR Over",
        "PRVCAT": "14",
        "INIT": "1",
        "LATITUDE": 30.263856,
        "LONGITUD": -97.755181,
        "LLSOURCE": "1",
        "WHISTBAN": "0",
        "RRCONT": "4025443721",
        "POLCONT": "8008488715",
        "INV_LINK": "https://safetydata.fra.dot.gov/OfficeofSafety/PublicSite/Crossing/Crossing.aspx?phasetype=C&rpttype=I&txtcrossingnum=436001N",
        "ACC_LINK": "https://safetydata.fra.dot.gov/OfficeofSafety/PublicSite/Crossing/Crossing.aspx?phasetype=C&rpttype=A&txtcrossingnum=436001N",
        "TTSTNNAM": "",
        "XPURPOSE": "1",
        "OPERATINGR": "UP",
        "OPERATIN_1": "Primary",
        "DAYTHRU": 11,
        "NGHTTHRU": 10,
        "MAINTRK": 1,
        "SIDINGTRK": 0,
        "YARDTRK": 0,
        "TRANSITTRK": 0,
        "INDUSTRYTR": 0,
        "OTHRTRK": 0,
        "WDCODE": "",
        "REVISIONDA": "1975/01/01 00:00:00",
        "LASTUPDATE": "8/28/2025",
        "AADT": "9190",
        "AADTYEAR": "2010",
        "STATENAME": "TEXAS",
        "STATEAB": "TX",
        "COUNTYNAME": "TRAVIS",
        "CITYNAME": "AUSTIN",
        "LATDD": 30.263856,
        "LONGDD": -97.755181,
        "gridlyProductionCertified": true,
        "gridlyClassification": "PUBLIC_ROADWAY",
        "gridlyDisplayName": "RIVERSIDE DRIVE",
        "gridlyId": "FRA-436001N"
      }
    },
    {
      "type": "Feature",
      "id": 209158,
      "geometry": {
        "type": "Point",
        "coordinates": [
          -97.7571170003731,
          30.2606160000811
        ]
      },
      "properties": {
        "OBJECTID": 209158,
        "CROSSING": "436002V",
        "EFFDATE": 1756339200000,
        "REASON": "14",
        "StateCode": "48",
        "CountyCode": "48453",
        "STCYFIPS": "48453",
        "CITYCD": "484530330",
        "RAILROAD": "UP",
        "RRDIV": "SOUTH TEXAS",
        "RRSUBDIV": "AUSTIN SUB",
        "HIGHWAY": "STREET",
        "STREET": "BARTON SPRINGS ROAD",
        "TTSTN": "685500",
        "MILEPOST": "0180.170",
        "TYPEXING": "Public",
        "POSXING": "RR Over",
        "PRVCAT": "14",
        "INIT": "1",
        "LATITUDE": 30.260616,
        "LONGITUD": -97.757117,
        "LLSOURCE": "1",
        "WHISTBAN": "0",
        "RRCONT": "4025443721",
        "POLCONT": "8008488715",
        "INV_LINK": "https://safetydata.fra.dot.gov/OfficeofSafety/PublicSite/Crossing/Crossing.aspx?phasetype=C&rpttype=I&txtcrossingnum=436002V",
        "ACC_LINK": "https://safetydata.fra.dot.gov/OfficeofSafety/PublicSite/Crossing/Crossing.aspx?phasetype=C&rpttype=A&txtcrossingnum=436002V",
        "TTSTNNAM": "",
        "XPURPOSE": "1",
        "OPERATINGR": "UP",
        "OPERATIN_1": "Primary",
        "DAYTHRU": 11,
        "NGHTTHRU": 10,
        "MAINTRK": 1,
        "SIDINGTRK": 0,
        "YARDTRK": 0,
        "TRANSITTRK": 0,
        "INDUSTRYTR": 0,
        "OTHRTRK": 0,
        "WDCODE": "",
        "REVISIONDA": "1975/01/01 00:00:00",
        "LASTUPDATE": "8/28/2025",
        "AADT": "22880",
        "AADTYEAR": "2010",
        "STATENAME": "TEXAS",
        "STATEAB": "TX",
        "COUNTYNAME": "TRAVIS",
        "CITYNAME": "AUSTIN",
        "LATDD": 30.260616,
        "LONGDD": -97.757117,
        "gridlyProductionCertified": true,
        "gridlyClassification": "PUBLIC_ROADWAY",
        "gridlyDisplayName": "BARTON SPRINGS ROAD",
        "gridlyId": "FRA-436002V"
      }
    },
    {
      "type": "Feature",
      "id": 209159,
      "geometry": {
        "type": "Point",
        "coordinates": [
          -97.764908099612,
          30.2491227000753
        ]
      },
      "properties": {
        "OBJECTID": 209159,
        "CROSSING": "436003C",
        "EFFDATE": 1756339200000,
        "REASON": "14",
        "StateCode": "48",
        "CountyCode": "48453",
        "STCYFIPS": "48453",
        "CITYCD": "484530330",
        "RAILROAD": "UP",
        "RRDIV": "SOUTH TEXAS",
        "RRSUBDIV": "AUSTIN SUB",
        "HIGHWAY": "ST 0000",
        "STREET": "WEST MARY STREET",
        "TTSTN": "685500",
        "MILEPOST": "0181.040",
        "TYPEXING": "Public",
        "POSXING": "At Grade",
        "PRVCAT": "14",
        "INIT": "1",
        "LATITUDE": 30.2491227,
        "LONGITUD": -97.7649081,
        "LLSOURCE": "1",
        "WHISTBAN": "1",
        "RRCONT": "4025443721",
        "POLCONT": "8008488715",
        "INV_LINK": "https://safetydata.fra.dot.gov/OfficeofSafety/PublicSite/Crossing/Crossing.aspx?phasetype=C&rpttype=I&txtcrossingnum=436003C",
        "ACC_LINK": "https://safetydata.fra.dot.gov/OfficeofSafety/PublicSite/Crossing/Crossing.aspx?phasetype=C&rpttype=A&txtcrossingnum=436003C",
        "TTSTNNAM": "",
        "XPURPOSE": "1",
        "OPERATINGR": "UP",
        "OPERATIN_1": "Primary",
        "DAYTHRU": 10,
        "NGHTTHRU": 9,
        "MAINTRK": 1,
        "SIDINGTRK": 0,
        "YARDTRK": 0,
        "TRANSITTRK": 0,
        "INDUSTRYTR": 0,
        "OTHRTRK": 0,
        "WDCODE": "All other Gates",
        "REVISIONDA": "1975/01/01 00:00:00",
        "LASTUPDATE": "8/28/2025",
        "AADT": "002907",
        "AADTYEAR": "2020",
        "STATENAME": "TEXAS",
        "STATEAB": "TX",
        "COUNTYNAME": "TRAVIS",
        "CITYNAME": "AUSTIN",
        "LATDD": 30.2491227,
        "LONGDD": -97.7649081,
        "gridlyProductionCertified": true,
        "gridlyClassification": "PUBLIC_ROADWAY",
        "gridlyDisplayName": "WEST MARY STREET",
        "gridlyId": "FRA-436003C"
      }
    },
    {
      "type": "Feature",
      "id": 209160,
      "geometry": {
        "type": "Point",
        "coordinates": [
          -97.7690116999496,
          30.2460122997322
        ]
      },
      "properties": {
        "OBJECTID": 209160,
        "CROSSING": "436004J",
        "EFFDATE": 1756339200000,
        "REASON": "14",
        "StateCode": "48",
        "CountyCode": "48453",
        "STCYFIPS": "48453",
        "CITYCD": "484530330",
        "RAILROAD": "UP",
        "RRDIV": "SOUTH TEXAS",
        "RRSUBDIV": "AUSTIN SUB",
        "HIGHWAY": "ST 0000",
        "STREET": "W OLTORF STREET",
        "TTSTN": "685500",
        "MILEPOST": "0181.420",
        "TYPEXING": "Public",
        "POSXING": "At Grade",
        "PRVCAT": "14",
        "INIT": "1",
        "LATITUDE": 30.2460123,
        "LONGITUD": -97.7690117,
        "LLSOURCE": "1",
        "WHISTBAN": "1",
        "RRCONT": "4025443721",
        "POLCONT": "8008488715",
        "INV_LINK": "https://safetydata.fra.dot.gov/OfficeofSafety/PublicSite/Crossing/Crossing.aspx?phasetype=C&rpttype=I&txtcrossingnum=436004J",
        "ACC_LINK": "https://safetydata.fra.dot.gov/OfficeofSafety/PublicSite/Crossing/Crossing.aspx?phasetype=C&rpttype=A&txtcrossingnum=436004J",
        "TTSTNNAM": "",
        "XPURPOSE": "1",
        "OPERATINGR": "UP",
        "OPERATIN_1": "Primary",
        "DAYTHRU": 10,
        "NGHTTHRU": 9,
        "MAINTRK": 1,
        "SIDINGTRK": 0,
        "YARDTRK": 0,
        "TRANSITTRK": 0,
        "INDUSTRYTR": 0,
        "OTHRTRK": 0,
        "WDCODE": "All other Gates",
        "REVISIONDA": "1975/01/01 00:00:00",
        "LASTUPDATE": "8/28/2025",
        "AADT": "008668",
        "AADTYEAR": "2020",
        "STATENAME": "TEXAS",
        "STATEAB": "TX",
        "COUNTYNAME": "TRAVIS",
        "CITYNAME": "AUSTIN",
        "LATDD": 30.2460123,
        "LONGDD": -97.7690117,
        "gridlyProductionCertified": true,
        "gridlyClassification": "PUBLIC_ROADWAY",
        "gridlyDisplayName": "W OLTORF STREET",
        "gridlyId": "FRA-436004J"
      }
    },
    {
      "type": "Feature",
      "id": 209161,
      "geometry": {
        "type": "Point",
        "coordinates": [
          -97.7756869999776,
          30.2299870002827
        ]
      },
      "properties": {
        "OBJECTID": 209161,
        "CROSSING": "436005R",
        "EFFDATE": 1756339200000,
        "REASON": "14",
        "StateCode": "48",
        "CountyCode": "48453",
        "STCYFIPS": "48453",
        "CITYCD": "484530330",
        "RAILROAD": "UP",
        "RRDIV": "South Texas",
        "RRSUBDIV": "Austin Sub",
        "HIGHWAY": "ST 0000",
        "STREET": "Banister Lane",
        "TTSTN": "685500",
        "MILEPOST": "0182.690",
        "TYPEXING": "Public",
        "POSXING": "At Grade",
        "PRVCAT": "14",
        "INIT": "1",
        "LATITUDE": 30.229987,
        "LONGITUD": -97.775687,
        "LLSOURCE": "1",
        "WHISTBAN": "1",
        "RRCONT": "4025443721",
        "POLCONT": "8008488715",
        "INV_LINK": "https://safetydata.fra.dot.gov/OfficeofSafety/PublicSite/Crossing/Crossing.aspx?phasetype=C&rpttype=I&txtcrossingnum=436005R",
        "ACC_LINK": "https://safetydata.fra.dot.gov/OfficeofSafety/PublicSite/Crossing/Crossing.aspx?phasetype=C&rpttype=A&txtcrossingnum=436005R",
        "TTSTNNAM": "",
        "XPURPOSE": "1",
        "OPERATINGR": "UP",
        "OPERATIN_1": "Primary",
        "DAYTHRU": 10,
        "NGHTTHRU": 9,
        "MAINTRK": 1,
        "SIDINGTRK": 0,
        "YARDTRK": 0,
        "TRANSITTRK": 0,
        "INDUSTRYTR": 0,
        "OTHRTRK": 0,
        "WDCODE": "All other Gates",
        "REVISIONDA": "1975/01/01 00:00:00",
        "LASTUPDATE": "8/28/2025",
        "AADT": "001396",
        "AADTYEAR": "2020",
        "STATENAME": "TEXAS",
        "STATEAB": "TX",
        "COUNTYNAME": "TRAVIS",
        "CITYNAME": "AUSTIN",
        "LATDD": 30.229987,
        "LONGDD": -97.775687,
        "gridlyProductionCertified": true,
        "gridlyClassification": "PUBLIC_ROADWAY",
        "gridlyDisplayName": "Banister Lane",
        "gridlyId": "FRA-436005R"
      }
    },
    {
      "type": "Feature",
      "id": 209162,
      "geometry": {
        "type": "Point",
        "coordinates": [
          -97.7769079999932,
          30.2229209999492
        ]
      },
      "properties": {
        "OBJECTID": 209162,
        "CROSSING": "447607M",
        "EFFDATE": 1756339200000,
        "REASON": "14",
        "StateCode": "48",
        "CountyCode": "48453",
        "STCYFIPS": "48453",
        "CITYCD": "484530330",
        "RAILROAD": "UP",
        "RRDIV": "SOUTH TEXAS",
        "RRSUBDIV": "AUSTIN SUB",
        "HIGHWAY": "STREET",
        "STREET": "ST ELMO CIRCLE",
        "TTSTN": "685500",
        "MILEPOST": "0183.200",
        "TYPEXING": "Public",
        "POSXING": "RR Under",
        "PRVCAT": "14",
        "INIT": "1",
        "LATITUDE": 30.222921,
        "LONGITUD": -97.776908,
        "LLSOURCE": "1",
        "WHISTBAN": "0",
        "RRCONT": "4025443721",
        "POLCONT": "8008488715",
        "INV_LINK": "https://safetydata.fra.dot.gov/OfficeofSafety/PublicSite/Crossing/Crossing.aspx?phasetype=C&rpttype=I&txtcrossingnum=447607M",
        "ACC_LINK": "https://safetydata.fra.dot.gov/OfficeofSafety/PublicSite/Crossing/Crossing.aspx?phasetype=C&rpttype=A&txtcrossingnum=447607M",
        "TTSTNNAM": "",
        "XPURPOSE": "1",
        "OPERATINGR": "UP",
        "OPERATIN_1": "Primary",
        "DAYTHRU": 11,
        "NGHTTHRU": 10,
        "MAINTRK": 1,
        "SIDINGTRK": 0,
        "YARDTRK": 0,
        "TRANSITTRK": 0,
        "INDUSTRYTR": 0,
        "OTHRTRK": 0,
        "WDCODE": "",
        "REVISIONDA": "1975/01/01 00:00:00",
        "LASTUPDATE": "8/28/2025",
        "AADT": "5620",
        "AADTYEAR": "2010",
        "STATENAME": "TEXAS",
        "STATEAB": "TX",
        "COUNTYNAME": "TRAVIS",
        "CITYNAME": "AUSTIN",
        "LATDD": 30.222921,
        "LONGDD": -97.776908,
        "gridlyProductionCertified": true,
        "gridlyClassification": "PUBLIC_ROADWAY",
        "gridlyDisplayName": "ST ELMO CIRCLE",
        "gridlyId": "FRA-447607M"
      }
    },
    {
      "type": "Feature",
      "id": 209163,
      "geometry": {
        "type": "Point",
        "coordinates": [
          -97.8040909001164,
          30.1984174999153
        ]
      },
      "properties": {
        "OBJECTID": 209163,
        "CROSSING": "447637E",
        "EFFDATE": 1756339200000,
        "REASON": "14",
        "StateCode": "48",
        "CountyCode": "48453",
        "STCYFIPS": "48453",
        "CITYCD": "484530330",
        "RAILROAD": "UP",
        "RRDIV": "SOUTH TEXAS",
        "RRSUBDIV": "AUSTIN SUB",
        "HIGHWAY": "ST 0000",
        "STREET": "MATTHEWS LANE",
        "TTSTN": "685500",
        "MILEPOST": "0185.700",
        "TYPEXING": "Public",
        "POSXING": "At Grade",
        "PRVCAT": "14",
        "INIT": "1",
        "LATITUDE": 30.1984175,
        "LONGITUD": -97.8040909,
        "LLSOURCE": "1",
        "WHISTBAN": "1",
        "RRCONT": "4025443721",
        "POLCONT": "8008488715",
        "INV_LINK": "https://safetydata.fra.dot.gov/OfficeofSafety/PublicSite/Crossing/Crossing.aspx?phasetype=C&rpttype=I&txtcrossingnum=447637E",
        "ACC_LINK": "https://safetydata.fra.dot.gov/OfficeofSafety/PublicSite/Crossing/Crossing.aspx?phasetype=C&rpttype=A&txtcrossingnum=447637E",
        "TTSTNNAM": "",
        "XPURPOSE": "1",
        "OPERATINGR": "UP",
        "OPERATIN_1": "Primary",
        "DAYTHRU": 10,
        "NGHTTHRU": 9,
        "MAINTRK": 1,
        "SIDINGTRK": 0,
        "YARDTRK": 0,
        "TRANSITTRK": 0,
        "INDUSTRYTR": 0,
        "OTHRTRK": 0,
        "WDCODE": "All other Gates",
        "REVISIONDA": "1975/01/01 00:00:00",
        "LASTUPDATE": "8/28/2025",
        "AADT": "003071",
        "AADTYEAR": "2021",
        "STATENAME": "TEXAS",
        "STATEAB": "TX",
        "COUNTYNAME": "TRAVIS",
        "CITYNAME": "AUSTIN",
        "LATDD": 30.1984175,
        "LONGDD": -97.8040909,
        "gridlyProductionCertified": true,
        "gridlyClassification": "PUBLIC_ROADWAY",
        "gridlyDisplayName": "MATTHEWS LANE",
        "gridlyId": "FRA-447637E"
      }
    },
    {
      "type": "Feature",
      "id": 209173,
      "geometry": {
        "type": "Point",
        "coordinates": [
          -97.8128341003688,
          30.1855887003084
        ]
      },
      "properties": {
        "OBJECTID": 209173,
        "CROSSING": "447638L",
        "EFFDATE": 1756339200000,
        "REASON": "14",
        "StateCode": "48",
        "CountyCode": "48453",
        "STCYFIPS": "48453",
        "CITYCD": "484530330",
        "RAILROAD": "UP",
        "RRDIV": "SOUTH TEXAS",
        "RRSUBDIV": "AUSTIN SUB",
        "HIGHWAY": "ST 0000",
        "STREET": "DITTMAR ROAD",
        "TTSTN": "685500",
        "MILEPOST": "0186.680",
        "TYPEXING": "Public",
        "POSXING": "At Grade",
        "PRVCAT": "14",
        "INIT": "1",
        "LATITUDE": 30.1855887,
        "LONGITUD": -97.8128341,
        "LLSOURCE": "1",
        "WHISTBAN": "1",
        "RRCONT": "4025443721",
        "POLCONT": "8008488715",
        "INV_LINK": "https://safetydata.fra.dot.gov/OfficeofSafety/PublicSite/Crossing/Crossing.aspx?phasetype=C&rpttype=I&txtcrossingnum=447638L",
        "ACC_LINK": "https://safetydata.fra.dot.gov/OfficeofSafety/PublicSite/Crossing/Crossing.aspx?phasetype=C&rpttype=A&txtcrossingnum=447638L",
        "TTSTNNAM": "",
        "XPURPOSE": "1",
        "OPERATINGR": "UP",
        "OPERATIN_1": "Primary",
        "DAYTHRU": 10,
        "NGHTTHRU": 9,
        "MAINTRK": 1,
        "SIDINGTRK": 1,
        "YARDTRK": 0,
        "TRANSITTRK": 0,
        "INDUSTRYTR": 0,
        "OTHRTRK": 0,
        "WDCODE": "All other Gates",
        "REVISIONDA": "1975/01/01 00:00:00",
        "LASTUPDATE": "8/28/2025",
        "AADT": "6694",
        "AADTYEAR": "2020",
        "STATENAME": "TEXAS",
        "STATEAB": "TX",
        "COUNTYNAME": "TRAVIS",
        "CITYNAME": "AUSTIN",
        "LATDD": 30.1855887,
        "LONGDD": -97.8128341,
        "gridlyProductionCertified": true,
        "gridlyClassification": "PUBLIC_ROADWAY",
        "gridlyDisplayName": "DITTMAR ROAD",
        "gridlyId": "FRA-447638L"
      }
    },
    {
      "type": "Feature",
      "id": 209174,
      "geometry": {
        "type": "Point",
        "coordinates": [
          -97.8299530998039,
          30.1405572003822
        ]
      },
      "properties": {
        "OBJECTID": 209174,
        "CROSSING": "447641U",
        "EFFDATE": 1756339200000,
        "REASON": "14",
        "StateCode": "48",
        "CountyCode": "48453",
        "STCYFIPS": "48453",
        "CITYCD": "484530330",
        "RAILROAD": "UP",
        "RRDIV": "SOUTH TEXAS",
        "RRSUBDIV": "AUSTIN SUB",
        "HIGHWAY": "FM 1626",
        "STREET": "FM 1626",
        "TTSTN": "685730",
        "MILEPOST": "0190.010",
        "TYPEXING": "Public",
        "POSXING": "At Grade",
        "PRVCAT": "14",
        "INIT": "1",
        "LATITUDE": 30.1405572,
        "LONGITUD": -97.8299531,
        "LLSOURCE": "1",
        "WHISTBAN": "0",
        "RRCONT": "4025443721",
        "POLCONT": "8008488715",
        "INV_LINK": "https://safetydata.fra.dot.gov/OfficeofSafety/PublicSite/Crossing/Crossing.aspx?phasetype=C&rpttype=I&txtcrossingnum=447641U",
        "ACC_LINK": "https://safetydata.fra.dot.gov/OfficeofSafety/PublicSite/Crossing/Crossing.aspx?phasetype=C&rpttype=A&txtcrossingnum=447641U",
        "TTSTNNAM": "",
        "XPURPOSE": "1",
        "OPERATINGR": "UP",
        "OPERATIN_1": "Primary",
        "DAYTHRU": 10,
        "NGHTTHRU": 9,
        "MAINTRK": 1,
        "SIDINGTRK": 0,
        "YARDTRK": 0,
        "TRANSITTRK": 0,
        "INDUSTRYTR": 0,
        "OTHRTRK": 0,
        "WDCODE": "All other Gates",
        "REVISIONDA": "1975/01/01 00:00:00",
        "LASTUPDATE": "8/28/2025",
        "AADT": "22853",
        "AADTYEAR": "2019",
        "STATENAME": "TEXAS",
        "STATEAB": "TX",
        "COUNTYNAME": "TRAVIS",
        "CITYNAME": "AUSTIN",
        "LATDD": 30.1405572,
        "LONGDD": -97.8299531,
        "gridlyProductionCertified": true,
        "gridlyClassification": "PUBLIC_ROADWAY",
        "gridlyDisplayName": "FM 1626",
        "gridlyId": "FRA-447641U"
      }
    },
    {
      "type": "Feature",
      "id": 209190,
      "geometry": {
        "type": "Point",
        "coordinates": [
          -97.8319687998255,
          30.1207802001263
        ]
      },
      "properties": {
        "OBJECTID": 209190,
        "CROSSING": "447642B",
        "EFFDATE": 1756339200000,
        "REASON": "14",
        "StateCode": "48",
        "CountyCode": "48453",
        "STCYFIPS": "48453",
        "CITYCD": "482090990",
        "RAILROAD": "UP",
        "RRDIV": "SOUTH TEXAS",
        "RRSUBDIV": "AUSTIN SUB",
        "HIGHWAY": "CO 3511",
        "STREET": "HORSETHIEF TRAIL",
        "TTSTN": "685730",
        "MILEPOST": "0191.390",
        "TYPEXING": "Public",
        "POSXING": "At Grade",
        "PRVCAT": "14",
        "INIT": "1",
        "LATITUDE": 30.1207802,
        "LONGITUD": -97.8319688,
        "LLSOURCE": "1",
        "WHISTBAN": "0",
        "RRCONT": "4025443721",
        "POLCONT": "8008488715",
        "INV_LINK": "https://safetydata.fra.dot.gov/OfficeofSafety/PublicSite/Crossing/Crossing.aspx?phasetype=C&rpttype=I&txtcrossingnum=447642B",
        "ACC_LINK": "https://safetydata.fra.dot.gov/OfficeofSafety/PublicSite/Crossing/Crossing.aspx?phasetype=C&rpttype=A&txtcrossingnum=447642B",
        "TTSTNNAM": "",
        "XPURPOSE": "1",
        "OPERATINGR": "UP",
        "OPERATIN_1": "Primary",
        "DAYTHRU": 10,
        "NGHTTHRU": 9,
        "MAINTRK": 1,
        "SIDINGTRK": 0,
        "YARDTRK": 0,
        "TRANSITTRK": 0,
        "INDUSTRYTR": 0,
        "OTHRTRK": 0,
        "WDCODE": "All other Gates",
        "REVISIONDA": "1975/01/01 00:00:00",
        "LASTUPDATE": "8/28/2025",
        "AADT": "405",
        "AADTYEAR": "2019",
        "STATENAME": "TEXAS",
        "STATEAB": "TX",
        "COUNTYNAME": "TRAVIS",
        "CITYNAME": "BUDA",
        "LATDD": 30.1207802,
        "LONGDD": -97.8319688,
        "gridlyProductionCertified": true,
        "gridlyClassification": "PUBLIC_ROADWAY",
        "gridlyDisplayName": "HORSETHIEF TRAIL",
        "gridlyId": "FRA-447642B"
      }
    },
    {
      "type": "Feature",
      "id": 209952,
      "geometry": {
        "type": "Point",
        "coordinates": [
          -97.3817851999646,
          30.4223368999569
        ]
      },
      "properties": {
        "OBJECTID": 209952,
        "CROSSING": "416276S",
        "EFFDATE": 1756339200000,
        "REASON": "14",
        "StateCode": "48",
        "CountyCode": "48021",
        "STCYFIPS": "48021",
        "CITYCD": "480212160",
        "RAILROAD": "UP",
        "RRDIV": "SOUTH TEXAS",
        "RRSUBDIV": "WACO SUB",
        "HIGHWAY": "NA",
        "STREET": "PRIVATE",
        "TTSTN": "685312",
        "MILEPOST": "0929.360",
        "TYPEXING": "Private",
        "POSXING": "At Grade",
        "PRVCAT": "14",
        "INIT": "1",
        "LATITUDE": 30.4223369,
        "LONGITUD": -97.3817852,
        "LLSOURCE": "1",
        "WHISTBAN": "0",
        "RRCONT": "4025443721",
        "POLCONT": "8008488715",
        "INV_LINK": "https://safetydata.fra.dot.gov/OfficeofSafety/PublicSite/Crossing/Crossing.aspx?phasetype=C&rpttype=I&txtcrossingnum=416276S",
        "ACC_LINK": "https://safetydata.fra.dot.gov/OfficeofSafety/PublicSite/Crossing/Crossing.aspx?phasetype=C&rpttype=A&txtcrossingnum=416276S",
        "TTSTNNAM": "",
        "XPURPOSE": "1",
        "OPERATINGR": "UP",
        "OPERATIN_1": "Primary",
        "DAYTHRU": 2,
        "NGHTTHRU": 2,
        "MAINTRK": 1,
        "SIDINGTRK": 0,
        "YARDTRK": 0,
        "TRANSITTRK": 0,
        "INDUSTRYTR": 0,
        "OTHRTRK": 0,
        "WDCODE": "",
        "REVISIONDA": "1975/01/01 00:00:00",
        "LASTUPDATE": "8/28/2025",
        "AADT": "1",
        "AADTYEAR": "1970",
        "STATENAME": "TEXAS",
        "STATEAB": "TX",
        "COUNTYNAME": "BASTROP",
        "CITYNAME": "ELGIN",
        "LATDD": 30.4223369,
        "LONGDD": -97.3817852,
        "gridlyProductionCertified": true,
        "gridlyClassification": "PUBLIC_ROADWAY",
        "gridlyDisplayName": "PRIVATE",
        "gridlyId": "FRA-416276S"
      }
    },
    {
      "type": "Feature",
      "id": 209994,
      "geometry": {
        "type": "Point",
        "coordinates": [
          -97.7534769998924,
          30.2667670002651
        ]
      },
      "properties": {
        "OBJECTID": 209994,
        "CROSSING": "450407G",
        "EFFDATE": 1756339200000,
        "REASON": "14",
        "StateCode": "48",
        "CountyCode": "48453",
        "STCYFIPS": "48453",
        "CITYCD": "484530330",
        "RAILROAD": "UP",
        "RRDIV": "SOUTH TEXAS",
        "RRSUBDIV": "AUSTIN SUB",
        "HIGHWAY": "NA",
        "STREET": "ELECTRIC DRIVE",
        "TTSTN": "",
        "MILEPOST": "0179.720",
        "TYPEXING": "Public",
        "POSXING": "RR Over",
        "PRVCAT": "14",
        "INIT": "1",
        "LATITUDE": 30.266767,
        "LONGITUD": -97.753477,
        "LLSOURCE": "1",
        "WHISTBAN": "",
        "RRCONT": "4025443721",
        "POLCONT": "8008488715",
        "INV_LINK": "https://safetydata.fra.dot.gov/OfficeofSafety/PublicSite/Crossing/Crossing.aspx?phasetype=C&rpttype=I&txtcrossingnum=450407G",
        "ACC_LINK": "https://safetydata.fra.dot.gov/OfficeofSafety/PublicSite/Crossing/Crossing.aspx?phasetype=C&rpttype=A&txtcrossingnum=450407G",
        "TTSTNNAM": "",
        "XPURPOSE": "1",
        "OPERATINGR": "UP",
        "OPERATIN_1": "Primary",
        "DAYTHRU": 5,
        "NGHTTHRU": 5,
        "MAINTRK": 1,
        "SIDINGTRK": 0,
        "YARDTRK": 0,
        "TRANSITTRK": 0,
        "INDUSTRYTR": 0,
        "OTHRTRK": 0,
        "WDCODE": "",
        "REVISIONDA": "1975/01/01 00:00:00",
        "LASTUPDATE": "8/28/2025",
        "AADT": "",
        "AADTYEAR": "",
        "STATENAME": "TEXAS",
        "STATEAB": "TX",
        "COUNTYNAME": "TRAVIS",
        "CITYNAME": "AUSTIN",
        "LATDD": 30.266767,
        "LONGDD": -97.753477,
        "gridlyProductionCertified": true,
        "gridlyClassification": "PUBLIC_ROADWAY",
        "gridlyDisplayName": "ELECTRIC DRIVE",
        "gridlyId": "FRA-450407G"
      }
    },
    {
      "type": "Feature",
      "id": 209995,
      "geometry": {
        "type": "Point",
        "coordinates": [
          -97.728940000302,
          30.4325980001783
        ]
      },
      "properties": {
        "OBJECTID": 209995,
        "CROSSING": "440510S",
        "EFFDATE": 1756339200000,
        "REASON": "14",
        "StateCode": "48",
        "CountyCode": "48453",
        "STCYFIPS": "48453",
        "CITYCD": "484530330",
        "RAILROAD": "UP",
        "RRDIV": "SOUTH TEXAS",
        "RRSUBDIV": "AUSTIN SUB",
        "HIGHWAY": "TBD",
        "STREET": "FM 734",
        "TTSTN": "685426",
        "MILEPOST": "0167.495",
        "TYPEXING": "Public",
        "POSXING": "RR Under",
        "PRVCAT": "14",
        "INIT": "1",
        "LATITUDE": 30.432598,
        "LONGITUD": -97.72894,
        "LLSOURCE": "1",
        "WHISTBAN": "0",
        "RRCONT": "4025443721",
        "POLCONT": "8008488715",
        "INV_LINK": "https://safetydata.fra.dot.gov/OfficeofSafety/PublicSite/Crossing/Crossing.aspx?phasetype=C&rpttype=I&txtcrossingnum=440510S",
        "ACC_LINK": "https://safetydata.fra.dot.gov/OfficeofSafety/PublicSite/Crossing/Crossing.aspx?phasetype=C&rpttype=A&txtcrossingnum=440510S",
        "TTSTNNAM": "",
        "XPURPOSE": "1",
        "OPERATINGR": "UP",
        "OPERATIN_1": "Primary",
        "DAYTHRU": 7,
        "NGHTTHRU": 7,
        "MAINTRK": 1,
        "SIDINGTRK": 1,
        "YARDTRK": 0,
        "TRANSITTRK": 0,
        "INDUSTRYTR": 0,
        "OTHRTRK": 0,
        "WDCODE": "",
        "REVISIONDA": "1975/01/01 00:00:00",
        "LASTUPDATE": "8/28/2025",
        "AADT": "36000",
        "AADTYEAR": "2011",
        "STATENAME": "TEXAS",
        "STATEAB": "TX",
        "COUNTYNAME": "TRAVIS",
        "CITYNAME": "AUSTIN",
        "LATDD": 30.432598,
        "LONGDD": -97.72894,
        "gridlyProductionCertified": true,
        "gridlyClassification": "PUBLIC_ROADWAY",
        "gridlyDisplayName": "FM 734",
        "gridlyId": "FRA-440510S"
      }
    },
    {
      "type": "Feature",
      "id": 209996,
      "geometry": {
        "type": "Point",
        "coordinates": [
          -97.740873000449,
          30.3673890001249
        ]
      },
      "properties": {
        "OBJECTID": 209996,
        "CROSSING": "795409A",
        "EFFDATE": 1756339200000,
        "REASON": "14",
        "StateCode": "48",
        "CountyCode": "48453",
        "STCYFIPS": "48453",
        "CITYCD": "484530330",
        "RAILROAD": "UP",
        "RRDIV": "SOUTH TEXAS",
        "RRSUBDIV": "AUSTIN SUB",
        "HIGHWAY": "TBD",
        "STREET": "STECK AVENUE",
        "TTSTN": "685432",
        "MILEPOST": "0172.010",
        "TYPEXING": "Public",
        "POSXING": "RR Over",
        "PRVCAT": "14",
        "INIT": "1",
        "LATITUDE": 30.367389,
        "LONGITUD": -97.740873,
        "LLSOURCE": "1",
        "WHISTBAN": "0",
        "RRCONT": "4025443721",
        "POLCONT": "8008488715",
        "INV_LINK": "https://safetydata.fra.dot.gov/OfficeofSafety/PublicSite/Crossing/Crossing.aspx?phasetype=C&rpttype=I&txtcrossingnum=795409A",
        "ACC_LINK": "https://safetydata.fra.dot.gov/OfficeofSafety/PublicSite/Crossing/Crossing.aspx?phasetype=C&rpttype=A&txtcrossingnum=795409A",
        "TTSTNNAM": "",
        "XPURPOSE": "1",
        "OPERATINGR": "UP",
        "OPERATIN_1": "Primary",
        "DAYTHRU": 7,
        "NGHTTHRU": 7,
        "MAINTRK": 1,
        "SIDINGTRK": 0,
        "YARDTRK": 0,
        "TRANSITTRK": 0,
        "INDUSTRYTR": 0,
        "OTHRTRK": 0,
        "WDCODE": "",
        "REVISIONDA": "1975/01/01 00:00:00",
        "LASTUPDATE": "8/28/2025",
        "AADT": "19480",
        "AADTYEAR": "2010",
        "STATENAME": "TEXAS",
        "STATEAB": "TX",
        "COUNTYNAME": "TRAVIS",
        "CITYNAME": "AUSTIN",
        "LATDD": 30.367389,
        "LONGDD": -97.740873,
        "gridlyProductionCertified": true,
        "gridlyClassification": "PUBLIC_ROADWAY",
        "gridlyDisplayName": "STECK AVENUE",
        "gridlyId": "FRA-795409A"
      }
    },
    {
      "type": "Feature",
      "id": 210000,
      "geometry": {
        "type": "Point",
        "coordinates": [
          -97.7285779999037,
          30.4024999996547
        ]
      },
      "properties": {
        "OBJECTID": 210000,
        "CROSSING": "922543M",
        "EFFDATE": 1756339200000,
        "REASON": "14",
        "StateCode": "48",
        "CountyCode": "48453",
        "STCYFIPS": "48453",
        "CITYCD": "484530330",
        "RAILROAD": "UP",
        "RRDIV": "SOUTH TEXAS",
        "RRSUBDIV": "AUSTIN SUB",
        "HIGHWAY": "TBD",
        "STREET": "LOOP 1 SOUTH",
        "TTSTN": "685432",
        "MILEPOST": "0169.496",
        "TYPEXING": "Public",
        "POSXING": "RR Under",
        "PRVCAT": "14",
        "INIT": "1",
        "LATITUDE": 30.4025,
        "LONGITUD": -97.728578,
        "LLSOURCE": "1",
        "WHISTBAN": "0",
        "RRCONT": "4025443721",
        "POLCONT": "8008488715",
        "INV_LINK": "https://safetydata.fra.dot.gov/OfficeofSafety/PublicSite/Crossing/Crossing.aspx?phasetype=C&rpttype=I&txtcrossingnum=922543M",
        "ACC_LINK": "https://safetydata.fra.dot.gov/OfficeofSafety/PublicSite/Crossing/Crossing.aspx?phasetype=C&rpttype=A&txtcrossingnum=922543M",
        "TTSTNNAM": "",
        "XPURPOSE": "1",
        "OPERATINGR": "UP",
        "OPERATIN_1": "Primary",
        "DAYTHRU": 7,
        "NGHTTHRU": 7,
        "MAINTRK": 1,
        "SIDINGTRK": 0,
        "YARDTRK": 0,
        "TRANSITTRK": 0,
        "INDUSTRYTR": 0,
        "OTHRTRK": 0,
        "WDCODE": "",
        "REVISIONDA": "1975/01/01 00:00:00",
        "LASTUPDATE": "8/28/2025",
        "AADT": "1",
        "AADTYEAR": "",
        "STATENAME": "TEXAS",
        "STATEAB": "TX",
        "COUNTYNAME": "TRAVIS",
        "CITYNAME": "AUSTIN",
        "LATDD": 30.4025,
        "LONGDD": -97.728578,
        "gridlyProductionCertified": true,
        "gridlyClassification": "PUBLIC_ROADWAY",
        "gridlyDisplayName": "LOOP 1 SOUTH",
        "gridlyId": "FRA-922543M"
      }
    },
    {
      "type": "Feature",
      "id": 210001,
      "geometry": {
        "type": "Point",
        "coordinates": [
          -97.7285400002689,
          30.4019750001872
        ]
      },
      "properties": {
        "OBJECTID": 210001,
        "CROSSING": "922544U",
        "EFFDATE": 1756339200000,
        "REASON": "14",
        "StateCode": "48",
        "CountyCode": "48453",
        "STCYFIPS": "48453",
        "CITYCD": "484530330",
        "RAILROAD": "UP",
        "RRDIV": "SOUTH TEXAS",
        "RRSUBDIV": "AUSTIN SUB",
        "HIGHWAY": "SH 0001",
        "STREET": "LOOP 1 NORTH",
        "TTSTN": "685432",
        "MILEPOST": "0169.530",
        "TYPEXING": "Public",
        "POSXING": "RR Under",
        "PRVCAT": "14",
        "INIT": "1",
        "LATITUDE": 30.401975,
        "LONGITUD": -97.72854,
        "LLSOURCE": "1",
        "WHISTBAN": "0",
        "RRCONT": "4025443721",
        "POLCONT": "8008488715",
        "INV_LINK": "https://safetydata.fra.dot.gov/OfficeofSafety/PublicSite/Crossing/Crossing.aspx?phasetype=C&rpttype=I&txtcrossingnum=922544U",
        "ACC_LINK": "https://safetydata.fra.dot.gov/OfficeofSafety/PublicSite/Crossing/Crossing.aspx?phasetype=C&rpttype=A&txtcrossingnum=922544U",
        "TTSTNNAM": "",
        "XPURPOSE": "1",
        "OPERATINGR": "UP",
        "OPERATIN_1": "Primary",
        "DAYTHRU": 7,
        "NGHTTHRU": 7,
        "MAINTRK": 1,
        "SIDINGTRK": 0,
        "YARDTRK": 0,
        "TRANSITTRK": 0,
        "INDUSTRYTR": 0,
        "OTHRTRK": 0,
        "WDCODE": "",
        "REVISIONDA": "1975/01/01 00:00:00",
        "LASTUPDATE": "8/28/2025",
        "AADT": "92020",
        "AADTYEAR": "2011",
        "STATENAME": "TEXAS",
        "STATEAB": "TX",
        "COUNTYNAME": "TRAVIS",
        "CITYNAME": "AUSTIN",
        "LATDD": 30.401975,
        "LONGDD": -97.72854,
        "gridlyProductionCertified": true,
        "gridlyClassification": "PUBLIC_ROADWAY",
        "gridlyDisplayName": "LOOP 1 NORTH",
        "gridlyId": "FRA-922544U"
      }
    },
    {
      "type": "Feature",
      "id": 210002,
      "geometry": {
        "type": "Point",
        "coordinates": [
          -97.7362449995811,
          30.3784930002538
        ]
      },
      "properties": {
        "OBJECTID": 210002,
        "CROSSING": "435971R",
        "EFFDATE": 1756339200000,
        "REASON": "14",
        "StateCode": "48",
        "CountyCode": "48453",
        "STCYFIPS": "48453",
        "CITYCD": "484530330",
        "RAILROAD": "UP",
        "RRDIV": "SOUTH TEXAS",
        "RRSUBDIV": "AUSTIN SUB",
        "HIGHWAY": "US 0183",
        "STREET": "US 183",
        "TTSTN": "685500",
        "MILEPOST": "0171.230",
        "TYPEXING": "Public",
        "POSXING": "RR Under",
        "PRVCAT": "14",
        "INIT": "1",
        "LATITUDE": 30.378493,
        "LONGITUD": -97.736245,
        "LLSOURCE": "1",
        "WHISTBAN": "0",
        "RRCONT": "4025443721",
        "POLCONT": "8008488715",
        "INV_LINK": "https://safetydata.fra.dot.gov/OfficeofSafety/PublicSite/Crossing/Crossing.aspx?phasetype=C&rpttype=I&txtcrossingnum=435971R",
        "ACC_LINK": "https://safetydata.fra.dot.gov/OfficeofSafety/PublicSite/Crossing/Crossing.aspx?phasetype=C&rpttype=A&txtcrossingnum=435971R",
        "TTSTNNAM": "",
        "XPURPOSE": "1",
        "OPERATINGR": "UP",
        "OPERATIN_1": "Primary",
        "DAYTHRU": 7,
        "NGHTTHRU": 7,
        "MAINTRK": 1,
        "SIDINGTRK": 0,
        "YARDTRK": 0,
        "TRANSITTRK": 0,
        "INDUSTRYTR": 0,
        "OTHRTRK": 0,
        "WDCODE": "",
        "REVISIONDA": "1975/01/01 00:00:00",
        "LASTUPDATE": "8/28/2025",
        "AADT": "137830",
        "AADTYEAR": "2011",
        "STATENAME": "TEXAS",
        "STATEAB": "TX",
        "COUNTYNAME": "TRAVIS",
        "CITYNAME": "AUSTIN",
        "LATDD": 30.378493,
        "LONGDD": -97.736245,
        "gridlyProductionCertified": true,
        "gridlyClassification": "PUBLIC_ROADWAY",
        "gridlyDisplayName": "US 183",
        "gridlyId": "FRA-435971R"
      }
    },
    {
      "type": "Feature",
      "id": 210004,
      "geometry": {
        "type": "Point",
        "coordinates": [
          -97.7550309999939,
          30.336243000338
        ]
      },
      "properties": {
        "OBJECTID": 210004,
        "CROSSING": "435974L",
        "EFFDATE": 1756339200000,
        "REASON": "14",
        "StateCode": "48",
        "CountyCode": "48453",
        "STCYFIPS": "48453",
        "CITYCD": "484530330",
        "RAILROAD": "UP",
        "RRDIV": "SOUTH TEXAS",
        "RRSUBDIV": "AUSTIN SUB",
        "HIGHWAY": "RM 2222",
        "STREET": "NORTHLAND DRIVE/TX 2222",
        "TTSTN": "685500",
        "MILEPOST": "0174.380",
        "TYPEXING": "Public",
        "POSXING": "RR Over",
        "PRVCAT": "14",
        "INIT": "1",
        "LATITUDE": 30.336243,
        "LONGITUD": -97.755031,
        "LLSOURCE": "1",
        "WHISTBAN": "0",
        "RRCONT": "4025443721",
        "POLCONT": "8008488715",
        "INV_LINK": "https://safetydata.fra.dot.gov/OfficeofSafety/PublicSite/Crossing/Crossing.aspx?phasetype=C&rpttype=I&txtcrossingnum=435974L",
        "ACC_LINK": "https://safetydata.fra.dot.gov/OfficeofSafety/PublicSite/Crossing/Crossing.aspx?phasetype=C&rpttype=A&txtcrossingnum=435974L",
        "TTSTNNAM": "",
        "XPURPOSE": "1",
        "OPERATINGR": "UP",
        "OPERATIN_1": "Primary",
        "DAYTHRU": 7,
        "NGHTTHRU": 7,
        "MAINTRK": 1,
        "SIDINGTRK": 0,
        "YARDTRK": 0,
        "TRANSITTRK": 0,
        "INDUSTRYTR": 0,
        "OTHRTRK": 0,
        "WDCODE": "",
        "REVISIONDA": "1975/01/01 00:00:00",
        "LASTUPDATE": "8/28/2025",
        "AADT": "27000",
        "AADTYEAR": "2011",
        "STATENAME": "TEXAS",
        "STATEAB": "TX",
        "COUNTYNAME": "TRAVIS",
        "CITYNAME": "AUSTIN",
        "LATDD": 30.336243,
        "LONGDD": -97.755031,
        "gridlyProductionCertified": true,
        "gridlyClassification": "PUBLIC_ROADWAY",
        "gridlyDisplayName": "NORTHLAND DRIVE/TX 2222",
        "gridlyId": "FRA-435974L"
      }
    },
    {
      "type": "Feature",
      "id": 210005,
      "geometry": {
        "type": "Point",
        "coordinates": [
          -97.7554090002857,
          30.3351779999649
        ]
      },
      "properties": {
        "OBJECTID": 210005,
        "CROSSING": "435975T",
        "EFFDATE": 1756339200000,
        "REASON": "14",
        "StateCode": "48",
        "CountyCode": "48453",
        "STCYFIPS": "48453",
        "CITYCD": "484530330",
        "RAILROAD": "UP",
        "RRDIV": "SOUTH TEXAS",
        "RRSUBDIV": "AUSTIN SUB",
        "HIGHWAY": "LP 0001",
        "STREET": "North MoPac Expressway",
        "TTSTN": "685500",
        "MILEPOST": "0174.450",
        "TYPEXING": "Public",
        "POSXING": "RR Under",
        "PRVCAT": "14",
        "INIT": "1",
        "LATITUDE": 30.335178,
        "LONGITUD": -97.755409,
        "LLSOURCE": "1",
        "WHISTBAN": "0",
        "RRCONT": "4025443721",
        "POLCONT": "8008488715",
        "INV_LINK": "https://safetydata.fra.dot.gov/OfficeofSafety/PublicSite/Crossing/Crossing.aspx?phasetype=C&rpttype=I&txtcrossingnum=435975T",
        "ACC_LINK": "https://safetydata.fra.dot.gov/OfficeofSafety/PublicSite/Crossing/Crossing.aspx?phasetype=C&rpttype=A&txtcrossingnum=435975T",
        "TTSTNNAM": "",
        "XPURPOSE": "1",
        "OPERATINGR": "UP",
        "OPERATIN_1": "Primary",
        "DAYTHRU": 7,
        "NGHTTHRU": 7,
        "MAINTRK": 1,
        "SIDINGTRK": 0,
        "YARDTRK": 0,
        "TRANSITTRK": 0,
        "INDUSTRYTR": 0,
        "OTHRTRK": 0,
        "WDCODE": "",
        "REVISIONDA": "1975/01/01 00:00:00",
        "LASTUPDATE": "8/28/2025",
        "AADT": "158000",
        "AADTYEAR": "2011",
        "STATENAME": "TEXAS",
        "STATEAB": "TX",
        "COUNTYNAME": "TRAVIS",
        "CITYNAME": "AUSTIN",
        "LATDD": 30.335178,
        "LONGDD": -97.755409,
        "gridlyProductionCertified": true,
        "gridlyClassification": "PUBLIC_ROADWAY",
        "gridlyDisplayName": "North MoPac Expressway",
        "gridlyId": "FRA-435975T"
      }
    },
    {
      "type": "Feature",
      "id": 210006,
      "geometry": {
        "type": "Point",
        "coordinates": [
          -97.7557070002116,
          30.3308090000008
        ]
      },
      "properties": {
        "OBJECTID": 210006,
        "CROSSING": "435976A",
        "EFFDATE": 1756339200000,
        "REASON": "14",
        "StateCode": "48",
        "CountyCode": "48453",
        "STCYFIPS": "48453",
        "CITYCD": "484530330",
        "RAILROAD": "UP",
        "RRDIV": "SOUTH TEXAS",
        "RRSUBDIV": "AUSTIN SUB",
        "HIGHWAY": "NA",
        "STREET": "HANCOCK DRIVE",
        "TTSTN": "685500",
        "MILEPOST": "0174.730",
        "TYPEXING": "Public",
        "POSXING": "RR Under",
        "PRVCAT": "14",
        "INIT": "1",
        "LATITUDE": 30.330809,
        "LONGITUD": -97.755707,
        "LLSOURCE": "1",
        "WHISTBAN": "0",
        "RRCONT": "4025443721",
        "POLCONT": "8008488715",
        "INV_LINK": "https://safetydata.fra.dot.gov/OfficeofSafety/PublicSite/Crossing/Crossing.aspx?phasetype=C&rpttype=I&txtcrossingnum=435976A",
        "ACC_LINK": "https://safetydata.fra.dot.gov/OfficeofSafety/PublicSite/Crossing/Crossing.aspx?phasetype=C&rpttype=A&txtcrossingnum=435976A",
        "TTSTNNAM": "",
        "XPURPOSE": "1",
        "OPERATINGR": "UP",
        "OPERATIN_1": "Primary",
        "DAYTHRU": 7,
        "NGHTTHRU": 7,
        "MAINTRK": 1,
        "SIDINGTRK": 0,
        "YARDTRK": 0,
        "TRANSITTRK": 0,
        "INDUSTRYTR": 0,
        "OTHRTRK": 0,
        "WDCODE": "",
        "REVISIONDA": "1975/01/01 00:00:00",
        "LASTUPDATE": "8/28/2025",
        "AADT": "10030",
        "AADTYEAR": "2010",
        "STATENAME": "TEXAS",
        "STATEAB": "TX",
        "COUNTYNAME": "TRAVIS",
        "CITYNAME": "AUSTIN",
        "LATDD": 30.330809,
        "LONGDD": -97.755707,
        "gridlyProductionCertified": true,
        "gridlyClassification": "PUBLIC_ROADWAY",
        "gridlyDisplayName": "HANCOCK DRIVE",
        "gridlyId": "FRA-435976A"
      }
    },
    {
      "type": "Feature",
      "id": 210009,
      "geometry": {
        "type": "Point",
        "coordinates": [
          -97.755948000236,
          30.3213639997412
        ]
      },
      "properties": {
        "OBJECTID": 210009,
        "CROSSING": "435977G",
        "EFFDATE": 1756339200000,
        "REASON": "14",
        "StateCode": "48",
        "CountyCode": "48453",
        "STCYFIPS": "48453",
        "CITYCD": "484530330",
        "RAILROAD": "UP",
        "RRDIV": "SOUTH TEXAS",
        "RRSUBDIV": "AUSTIN SUB",
        "HIGHWAY": "NA",
        "STREET": "WEST 45TH STREET",
        "TTSTN": "685500",
        "MILEPOST": "0175.320",
        "TYPEXING": "Public",
        "POSXING": "RR Over",
        "PRVCAT": "14",
        "INIT": "1",
        "LATITUDE": 30.321364,
        "LONGITUD": -97.755948,
        "LLSOURCE": "1",
        "WHISTBAN": "0",
        "RRCONT": "4025443721",
        "POLCONT": "8008488715",
        "INV_LINK": "https://safetydata.fra.dot.gov/OfficeofSafety/PublicSite/Crossing/Crossing.aspx?phasetype=C&rpttype=I&txtcrossingnum=435977G",
        "ACC_LINK": "https://safetydata.fra.dot.gov/OfficeofSafety/PublicSite/Crossing/Crossing.aspx?phasetype=C&rpttype=A&txtcrossingnum=435977G",
        "TTSTNNAM": "",
        "XPURPOSE": "1",
        "OPERATINGR": "UP",
        "OPERATIN_1": "Primary",
        "DAYTHRU": 7,
        "NGHTTHRU": 7,
        "MAINTRK": 1,
        "SIDINGTRK": 0,
        "YARDTRK": 0,
        "TRANSITTRK": 0,
        "INDUSTRYTR": 0,
        "OTHRTRK": 0,
        "WDCODE": "",
        "REVISIONDA": "1975/01/01 00:00:00",
        "LASTUPDATE": "8/28/2025",
        "AADT": "22300",
        "AADTYEAR": "2010",
        "STATENAME": "TEXAS",
        "STATEAB": "TX",
        "COUNTYNAME": "TRAVIS",
        "CITYNAME": "AUSTIN",
        "LATDD": 30.321364,
        "LONGDD": -97.755948,
        "gridlyProductionCertified": true,
        "gridlyClassification": "PUBLIC_ROADWAY",
        "gridlyDisplayName": "WEST 45TH STREET",
        "gridlyId": "FRA-435977G"
      }
    },
    {
      "type": "Feature",
      "id": 210010,
      "geometry": {
        "type": "Point",
        "coordinates": [
          -97.7574320000174,
          30.3089969999528
        ]
      },
      "properties": {
        "OBJECTID": 210010,
        "CROSSING": "435978N",
        "EFFDATE": 1756339200000,
        "REASON": "14",
        "StateCode": "48",
        "CountyCode": "48453",
        "STCYFIPS": "48453",
        "CITYCD": "484530330",
        "RAILROAD": "UP",
        "RRDIV": "SOUTH TEXAS",
        "RRSUBDIV": "AUSTIN SUB",
        "HIGHWAY": "NA",
        "STREET": "WEST 35TH STREET",
        "TTSTN": "685500",
        "MILEPOST": "0176.100",
        "TYPEXING": "Public",
        "POSXING": "RR Under",
        "PRVCAT": "14",
        "INIT": "1",
        "LATITUDE": 30.308997,
        "LONGITUD": -97.757432,
        "LLSOURCE": "1",
        "WHISTBAN": "0",
        "RRCONT": "4025443721",
        "POLCONT": "8008488715",
        "INV_LINK": "https://safetydata.fra.dot.gov/OfficeofSafety/PublicSite/Crossing/Crossing.aspx?phasetype=C&rpttype=I&txtcrossingnum=435978N",
        "ACC_LINK": "https://safetydata.fra.dot.gov/OfficeofSafety/PublicSite/Crossing/Crossing.aspx?phasetype=C&rpttype=A&txtcrossingnum=435978N",
        "TTSTNNAM": "",
        "XPURPOSE": "1",
        "OPERATINGR": "UP",
        "OPERATIN_1": "Primary",
        "DAYTHRU": 7,
        "NGHTTHRU": 7,
        "MAINTRK": 1,
        "SIDINGTRK": 0,
        "YARDTRK": 0,
        "TRANSITTRK": 0,
        "INDUSTRYTR": 0,
        "OTHRTRK": 0,
        "WDCODE": "",
        "REVISIONDA": "1975/01/01 00:00:00",
        "LASTUPDATE": "8/28/2025",
        "AADT": "23210",
        "AADTYEAR": "2010",
        "STATENAME": "TEXAS",
        "STATEAB": "TX",
        "COUNTYNAME": "TRAVIS",
        "CITYNAME": "AUSTIN",
        "LATDD": 30.308997,
        "LONGDD": -97.757432,
        "gridlyProductionCertified": true,
        "gridlyClassification": "PUBLIC_ROADWAY",
        "gridlyDisplayName": "WEST 35TH STREET",
        "gridlyId": "FRA-435978N"
      }
    },
    {
      "type": "Feature",
      "id": 210011,
      "geometry": {
        "type": "Point",
        "coordinates": [
          -97.7582749997412,
          30.3004359999324
        ]
      },
      "properties": {
        "OBJECTID": 210011,
        "CROSSING": "435979V",
        "EFFDATE": 1756339200000,
        "REASON": "14",
        "StateCode": "48",
        "CountyCode": "48453",
        "STCYFIPS": "48453",
        "CITYCD": "484530330",
        "RAILROAD": "UP",
        "RRDIV": "SOUTH TEXAS",
        "RRSUBDIV": "AUSTIN SUB",
        "HIGHWAY": "TBD",
        "STREET": "WESTOVER ROAD",
        "TTSTN": "685500",
        "MILEPOST": "0176.790",
        "TYPEXING": "Public",
        "POSXING": "RR Over",
        "PRVCAT": "14",
        "INIT": "1",
        "LATITUDE": 30.300436,
        "LONGITUD": -97.758275,
        "LLSOURCE": "1",
        "WHISTBAN": "0",
        "RRCONT": "4025443721",
        "POLCONT": "8008488715",
        "INV_LINK": "https://safetydata.fra.dot.gov/OfficeofSafety/PublicSite/Crossing/Crossing.aspx?phasetype=C&rpttype=I&txtcrossingnum=435979V",
        "ACC_LINK": "https://safetydata.fra.dot.gov/OfficeofSafety/PublicSite/Crossing/Crossing.aspx?phasetype=C&rpttype=A&txtcrossingnum=435979V",
        "TTSTNNAM": "",
        "XPURPOSE": "1",
        "OPERATINGR": "UP",
        "OPERATIN_1": "Primary",
        "DAYTHRU": 7,
        "NGHTTHRU": 7,
        "MAINTRK": 1,
        "SIDINGTRK": 0,
        "YARDTRK": 0,
        "TRANSITTRK": 0,
        "INDUSTRYTR": 0,
        "OTHRTRK": 0,
        "WDCODE": "",
        "REVISIONDA": "1975/01/01 00:00:00",
        "LASTUPDATE": "8/28/2025",
        "AADT": "10930",
        "AADTYEAR": "2010",
        "STATENAME": "TEXAS",
        "STATEAB": "TX",
        "COUNTYNAME": "TRAVIS",
        "CITYNAME": "AUSTIN",
        "LATDD": 30.300436,
        "LONGDD": -97.758275,
        "gridlyProductionCertified": true,
        "gridlyClassification": "PUBLIC_ROADWAY",
        "gridlyDisplayName": "WESTOVER ROAD",
        "gridlyId": "FRA-435979V"
      }
    },
    {
      "type": "Feature",
      "id": 210012,
      "geometry": {
        "type": "Point",
        "coordinates": [
          -97.7600380000802,
          30.292168000385
        ]
      },
      "properties": {
        "OBJECTID": 210012,
        "CROSSING": "435980P",
        "EFFDATE": 1756339200000,
        "REASON": "14",
        "StateCode": "48",
        "CountyCode": "48453",
        "STCYFIPS": "48453",
        "CITYCD": "484530330",
        "RAILROAD": "UP",
        "RRDIV": "SOUTH TEXAS",
        "RRSUBDIV": "AUSTIN SUB",
        "HIGHWAY": "NA",
        "STREET": "WINDSOR ROAD",
        "TTSTN": "685500",
        "MILEPOST": "0177.390",
        "TYPEXING": "Public",
        "POSXING": "RR Over",
        "PRVCAT": "14",
        "INIT": "1",
        "LATITUDE": 30.292168,
        "LONGITUD": -97.760038,
        "LLSOURCE": "1",
        "WHISTBAN": "0",
        "RRCONT": "4025443721",
        "POLCONT": "8008488715",
        "INV_LINK": "https://safetydata.fra.dot.gov/OfficeofSafety/PublicSite/Crossing/Crossing.aspx?phasetype=C&rpttype=I&txtcrossingnum=435980P",
        "ACC_LINK": "https://safetydata.fra.dot.gov/OfficeofSafety/PublicSite/Crossing/Crossing.aspx?phasetype=C&rpttype=A&txtcrossingnum=435980P",
        "TTSTNNAM": "",
        "XPURPOSE": "1",
        "OPERATINGR": "UP",
        "OPERATIN_1": "Primary",
        "DAYTHRU": 7,
        "NGHTTHRU": 7,
        "MAINTRK": 1,
        "SIDINGTRK": 0,
        "YARDTRK": 0,
        "TRANSITTRK": 0,
        "INDUSTRYTR": 0,
        "OTHRTRK": 0,
        "WDCODE": "",
        "REVISIONDA": "1975/01/01 00:00:00",
        "LASTUPDATE": "8/28/2025",
        "AADT": "10550",
        "AADTYEAR": "2010",
        "STATENAME": "TEXAS",
        "STATEAB": "TX",
        "COUNTYNAME": "TRAVIS",
        "CITYNAME": "AUSTIN",
        "LATDD": 30.292168,
        "LONGDD": -97.760038,
        "gridlyProductionCertified": true,
        "gridlyClassification": "PUBLIC_ROADWAY",
        "gridlyDisplayName": "WINDSOR ROAD",
        "gridlyId": "FRA-435980P"
      }
    },
    {
      "type": "Feature",
      "id": 210013,
      "geometry": {
        "type": "Point",
        "coordinates": [
          -97.7671569995865,
          30.2767079998732
        ]
      },
      "properties": {
        "OBJECTID": 210013,
        "CROSSING": "435983K",
        "EFFDATE": 1756339200000,
        "REASON": "14",
        "StateCode": "48",
        "CountyCode": "48453",
        "STCYFIPS": "48453",
        "CITYCD": "484530330",
        "RAILROAD": "UP",
        "RRDIV": "SOUTH TEXAS",
        "RRSUBDIV": "AUSTIN SUB",
        "HIGHWAY": "NA",
        "STREET": "6TH STREET",
        "TTSTN": "685500",
        "MILEPOST": "0178.618",
        "TYPEXING": "Public",
        "POSXING": "RR Over",
        "PRVCAT": "14",
        "INIT": "1",
        "LATITUDE": 30.276708,
        "LONGITUD": -97.767157,
        "LLSOURCE": "1",
        "WHISTBAN": "0",
        "RRCONT": "4025443721",
        "POLCONT": "8008488715",
        "INV_LINK": "https://safetydata.fra.dot.gov/OfficeofSafety/PublicSite/Crossing/Crossing.aspx?phasetype=C&rpttype=I&txtcrossingnum=435983K",
        "ACC_LINK": "https://safetydata.fra.dot.gov/OfficeofSafety/PublicSite/Crossing/Crossing.aspx?phasetype=C&rpttype=A&txtcrossingnum=435983K",
        "TTSTNNAM": "",
        "XPURPOSE": "1",
        "OPERATINGR": "UP",
        "OPERATIN_1": "Primary",
        "DAYTHRU": 7,
        "NGHTTHRU": 7,
        "MAINTRK": 1,
        "SIDINGTRK": 0,
        "YARDTRK": 0,
        "TRANSITTRK": 0,
        "INDUSTRYTR": 0,
        "OTHRTRK": 0,
        "WDCODE": "",
        "REVISIONDA": "1975/01/01 00:00:00",
        "LASTUPDATE": "8/28/2025",
        "AADT": "25920",
        "AADTYEAR": "2005",
        "STATENAME": "TEXAS",
        "STATEAB": "TX",
        "COUNTYNAME": "TRAVIS",
        "CITYNAME": "AUSTIN",
        "LATDD": 30.276708,
        "LONGDD": -97.767157,
        "gridlyProductionCertified": true,
        "gridlyClassification": "PUBLIC_ROADWAY",
        "gridlyDisplayName": "6TH STREET",
        "gridlyId": "FRA-435983K"
      }
    },
    {
      "type": "Feature",
      "id": 210014,
      "geometry": {
        "type": "Point",
        "coordinates": [
          -97.766689500143,
          30.2759175999432
        ]
      },
      "properties": {
        "OBJECTID": 210014,
        "CROSSING": "435984S",
        "EFFDATE": 1756339200000,
        "REASON": "14",
        "StateCode": "48",
        "CountyCode": "48453",
        "STCYFIPS": "48453",
        "CITYCD": "484530330",
        "RAILROAD": "UP",
        "RRDIV": "SOUTH TEXAS",
        "RRSUBDIV": "AUSTIN SUB",
        "HIGHWAY": "TBD",
        "STREET": "5TH STREET",
        "TTSTN": "685500",
        "MILEPOST": "0178.676",
        "TYPEXING": "Public",
        "POSXING": "RR Over",
        "PRVCAT": "14",
        "INIT": "1",
        "LATITUDE": 30.2759176,
        "LONGITUD": -97.7666895,
        "LLSOURCE": "1",
        "WHISTBAN": "0",
        "RRCONT": "4025443721",
        "POLCONT": "8008488715",
        "INV_LINK": "https://safetydata.fra.dot.gov/OfficeofSafety/PublicSite/Crossing/Crossing.aspx?phasetype=C&rpttype=I&txtcrossingnum=435984S",
        "ACC_LINK": "https://safetydata.fra.dot.gov/OfficeofSafety/PublicSite/Crossing/Crossing.aspx?phasetype=C&rpttype=A&txtcrossingnum=435984S",
        "TTSTNNAM": "",
        "XPURPOSE": "1",
        "OPERATINGR": "UP",
        "OPERATIN_1": "Primary",
        "DAYTHRU": 7,
        "NGHTTHRU": 7,
        "MAINTRK": 1,
        "SIDINGTRK": 0,
        "YARDTRK": 0,
        "TRANSITTRK": 0,
        "INDUSTRYTR": 0,
        "OTHRTRK": 0,
        "WDCODE": "",
        "REVISIONDA": "1975/01/01 00:00:00",
        "LASTUPDATE": "8/28/2025",
        "AADT": "23750",
        "AADTYEAR": "2002",
        "STATENAME": "TEXAS",
        "STATEAB": "TX",
        "COUNTYNAME": "TRAVIS",
        "CITYNAME": "AUSTIN",
        "LATDD": 30.2759176,
        "LONGDD": -97.7666895,
        "gridlyProductionCertified": true,
        "gridlyClassification": "PUBLIC_ROADWAY",
        "gridlyDisplayName": "5TH STREET",
        "gridlyId": "FRA-435984S"
      }
    },
    {
      "type": "Feature",
      "id": 210029,
      "geometry": {
        "type": "Point",
        "coordinates": [
          -97.7479130003126,
          30.3514949997417
        ]
      },
      "properties": {
        "OBJECTID": 210029,
        "CROSSING": "448385J",
        "EFFDATE": 1756425600000,
        "REASON": "14",
        "StateCode": "48",
        "CountyCode": "48453",
        "STCYFIPS": "48453",
        "CITYCD": "484530330",
        "RAILROAD": "UP",
        "RRDIV": "SOUTH TEXAS",
        "RRSUBDIV": "AUSTIN SUB",
        "HIGHWAY": "PEDEST",
        "STREET": "PEDESTRIAN WALK",
        "TTSTN": "685432",
        "MILEPOST": "0173.267",
        "TYPEXING": "Public",
        "POSXING": "RR Under",
        "PRVCAT": "14",
        "INIT": "1",
        "LATITUDE": 30.351495,
        "LONGITUD": -97.747913,
        "LLSOURCE": "1",
        "WHISTBAN": "0",
        "RRCONT": "4025443721",
        "POLCONT": "8008488715",
        "INV_LINK": "https://safetydata.fra.dot.gov/OfficeofSafety/PublicSite/Crossing/Crossing.aspx?phasetype=C&rpttype=I&txtcrossingnum=448385J",
        "ACC_LINK": "https://safetydata.fra.dot.gov/OfficeofSafety/PublicSite/Crossing/Crossing.aspx?phasetype=C&rpttype=A&txtcrossingnum=448385J",
        "TTSTNNAM": "",
        "XPURPOSE": "2",
        "OPERATINGR": "UP",
        "OPERATIN_1": "Primary",
        "DAYTHRU": 7,
        "NGHTTHRU": 7,
        "MAINTRK": 1,
        "SIDINGTRK": 1,
        "YARDTRK": 0,
        "TRANSITTRK": 0,
        "INDUSTRYTR": 0,
        "OTHRTRK": 0,
        "WDCODE": "",
        "REVISIONDA": "1975/01/01 00:00:00",
        "LASTUPDATE": "8/29/2025",
        "AADT": "1",
        "AADTYEAR": "1983",
        "STATENAME": "TEXAS",
        "STATEAB": "TX",
        "COUNTYNAME": "TRAVIS",
        "CITYNAME": "AUSTIN",
        "LATDD": 30.351495,
        "LONGDD": -97.747913,
        "gridlyProductionCertified": true,
        "gridlyClassification": "PUBLIC_ROADWAY",
        "gridlyDisplayName": "PEDESTRIAN WALK",
        "gridlyId": "FRA-448385J"
      }
    },
    {
      "type": "Feature",
      "id": 210036,
      "geometry": {
        "type": "Point",
        "coordinates": [
          -97.7206700002019,
          30.4533053997945
        ]
      },
      "properties": {
        "OBJECTID": 210036,
        "CROSSING": "435965M",
        "EFFDATE": 1756425600000,
        "REASON": "14",
        "StateCode": "48",
        "CountyCode": "48453",
        "STCYFIPS": "48453",
        "CITYCD": "484534253",
        "RAILROAD": "UP",
        "RRDIV": "SOUTH TEXAS",
        "RRSUBDIV": "AUSTIN SUB",
        "HIGHWAY": "CO 0000",
        "STREET": "MCNEIL STORE ROAD",
        "TTSTN": "685426",
        "MILEPOST": "0165.980",
        "TYPEXING": "Public",
        "POSXING": "At Grade",
        "PRVCAT": "14",
        "INIT": "1",
        "LATITUDE": 30.4533054,
        "LONGITUD": -97.72067,
        "LLSOURCE": "1",
        "WHISTBAN": "0",
        "RRCONT": "4025443721",
        "POLCONT": "8008488715",
        "INV_LINK": "https://safetydata.fra.dot.gov/OfficeofSafety/PublicSite/Crossing/Crossing.aspx?phasetype=C&rpttype=I&txtcrossingnum=435965M",
        "ACC_LINK": "https://safetydata.fra.dot.gov/OfficeofSafety/PublicSite/Crossing/Crossing.aspx?phasetype=C&rpttype=A&txtcrossingnum=435965M",
        "TTSTNNAM": "",
        "XPURPOSE": "1",
        "OPERATINGR": "UP",
        "OPERATIN_1": "Primary",
        "DAYTHRU": 10,
        "NGHTTHRU": 9,
        "MAINTRK": 1,
        "SIDINGTRK": 0,
        "YARDTRK": 0,
        "TRANSITTRK": 0,
        "INDUSTRYTR": 0,
        "OTHRTRK": 0,
        "WDCODE": "All other Gates",
        "REVISIONDA": "1975/01/01 00:00:00",
        "LASTUPDATE": "8/29/2025",
        "AADT": "2030",
        "AADTYEAR": "1992",
        "STATENAME": "TEXAS",
        "STATEAB": "TX",
        "COUNTYNAME": "TRAVIS",
        "CITYNAME": "MCNEIL",
        "LATDD": 30.4533054,
        "LONGDD": -97.72067,
        "gridlyProductionCertified": true,
        "gridlyClassification": "PUBLIC_ROADWAY",
        "gridlyDisplayName": "MCNEIL STORE ROAD",
        "gridlyId": "FRA-435965M"
      }
    },
    {
      "type": "Feature",
      "id": 210038,
      "geometry": {
        "type": "Point",
        "coordinates": [
          -97.7613100001495,
          30.2717949996979
        ]
      },
      "properties": {
        "OBJECTID": 210038,
        "CROSSING": "440128J",
        "EFFDATE": 1756425600000,
        "REASON": "14",
        "StateCode": "48",
        "CountyCode": "48453",
        "STCYFIPS": "48453",
        "CITYCD": "484530330",
        "RAILROAD": "UP",
        "RRDIV": "South Texas",
        "RRSUBDIV": "Austin Sub",
        "HIGHWAY": "TBD",
        "STREET": "Pressler Street",
        "TTSTN": "685500",
        "MILEPOST": "0179.117",
        "TYPEXING": "Public",
        "POSXING": "At Grade",
        "PRVCAT": "14",
        "INIT": "1",
        "LATITUDE": 30.271795,
        "LONGITUD": -97.76131,
        "LLSOURCE": "1",
        "WHISTBAN": "0",
        "RRCONT": "4025443721",
        "POLCONT": "8008488715",
        "INV_LINK": "https://safetydata.fra.dot.gov/OfficeofSafety/PublicSite/Crossing/Crossing.aspx?phasetype=C&rpttype=I&txtcrossingnum=440128J",
        "ACC_LINK": "https://safetydata.fra.dot.gov/OfficeofSafety/PublicSite/Crossing/Crossing.aspx?phasetype=C&rpttype=A&txtcrossingnum=440128J",
        "TTSTNNAM": "",
        "XPURPOSE": "1",
        "OPERATINGR": "UP",
        "OPERATIN_1": "Primary",
        "DAYTHRU": 10,
        "NGHTTHRU": 9,
        "MAINTRK": 1,
        "SIDINGTRK": 0,
        "YARDTRK": 1,
        "TRANSITTRK": 0,
        "INDUSTRYTR": 0,
        "OTHRTRK": 1,
        "WDCODE": "Four Quad (full barrier) Gates",
        "REVISIONDA": "1975/01/01 00:00:00",
        "LASTUPDATE": "8/29/2025",
        "AADT": "900",
        "AADTYEAR": "2016",
        "STATENAME": "TEXAS",
        "STATEAB": "TX",
        "COUNTYNAME": "TRAVIS",
        "CITYNAME": "AUSTIN",
        "LATDD": 30.271795,
        "LONGDD": -97.76131,
        "gridlyProductionCertified": true,
        "gridlyClassification": "PUBLIC_ROADWAY",
        "gridlyDisplayName": "Pressler Street",
        "gridlyId": "FRA-440128J"
      }
    },
    {
      "type": "Feature",
      "id": 210040,
      "geometry": {
        "type": "Point",
        "coordinates": [
          -97.7623560002629,
          30.2722139998576
        ]
      },
      "properties": {
        "OBJECTID": 210040,
        "CROSSING": "435985Y",
        "EFFDATE": 1756425600000,
        "REASON": "14",
        "StateCode": "48",
        "CountyCode": "48453",
        "STCYFIPS": "48453",
        "CITYCD": "484530330",
        "RAILROAD": "UP",
        "RRDIV": "SOUTH TEXAS",
        "RRSUBDIV": "AUSTIN SUB",
        "HIGHWAY": "ST 0000",
        "STREET": "PAUL STREET",
        "TTSTN": "685500",
        "MILEPOST": "0179.051",
        "TYPEXING": "Public",
        "POSXING": "At Grade",
        "PRVCAT": "14",
        "INIT": "1",
        "LATITUDE": 30.272214,
        "LONGITUD": -97.762356,
        "LLSOURCE": "1",
        "WHISTBAN": "0",
        "RRCONT": "4025443721",
        "POLCONT": "8008488715",
        "INV_LINK": "https://safetydata.fra.dot.gov/OfficeofSafety/PublicSite/Crossing/Crossing.aspx?phasetype=C&rpttype=I&txtcrossingnum=435985Y",
        "ACC_LINK": "https://safetydata.fra.dot.gov/OfficeofSafety/PublicSite/Crossing/Crossing.aspx?phasetype=C&rpttype=A&txtcrossingnum=435985Y",
        "TTSTNNAM": "",
        "XPURPOSE": "1",
        "OPERATINGR": "UP",
        "OPERATIN_1": "Primary",
        "DAYTHRU": 10,
        "NGHTTHRU": 9,
        "MAINTRK": 1,
        "SIDINGTRK": 0,
        "YARDTRK": 1,
        "TRANSITTRK": 0,
        "INDUSTRYTR": 0,
        "OTHRTRK": 2,
        "WDCODE": "Four Quad (full barrier) Gates",
        "REVISIONDA": "1975/01/01 00:00:00",
        "LASTUPDATE": "8/29/2025",
        "AADT": "72",
        "AADTYEAR": "",
        "STATENAME": "TEXAS",
        "STATEAB": "TX",
        "COUNTYNAME": "TRAVIS",
        "CITYNAME": "AUSTIN",
        "LATDD": 30.272214,
        "LONGDD": -97.762356,
        "gridlyProductionCertified": true,
        "gridlyClassification": "PUBLIC_ROADWAY",
        "gridlyDisplayName": "PAUL STREET",
        "gridlyId": "FRA-435985Y"
      }
    },
    {
      "type": "Feature",
      "id": 210957,
      "geometry": {
        "type": "Point",
        "coordinates": [
          -97.7296574002778,
          30.3942613996211
        ]
      },
      "properties": {
        "OBJECTID": 210957,
        "CROSSING": "922542F",
        "EFFDATE": 1756425600000,
        "REASON": "14",
        "StateCode": "48",
        "CountyCode": "48453",
        "STCYFIPS": "48453",
        "CITYCD": "484530330",
        "RAILROAD": "UP",
        "RRDIV": "SOUTH TEXAS",
        "RRSUBDIV": "AUSTIN SUB",
        "HIGHWAY": "TBD",
        "STREET": "BRAKER LANE",
        "TTSTN": "685432",
        "MILEPOST": "0170.028",
        "TYPEXING": "Public",
        "POSXING": "RR Under",
        "PRVCAT": "14",
        "INIT": "1",
        "LATITUDE": 30.3942614,
        "LONGITUD": -97.7296574,
        "LLSOURCE": "1",
        "WHISTBAN": "0",
        "RRCONT": "4025443721",
        "POLCONT": "8008488715",
        "INV_LINK": "https://safetydata.fra.dot.gov/OfficeofSafety/PublicSite/Crossing/Crossing.aspx?phasetype=C&rpttype=I&txtcrossingnum=922542F",
        "ACC_LINK": "https://safetydata.fra.dot.gov/OfficeofSafety/PublicSite/Crossing/Crossing.aspx?phasetype=C&rpttype=A&txtcrossingnum=922542F",
        "TTSTNNAM": "",
        "XPURPOSE": "1",
        "OPERATINGR": "UP",
        "OPERATIN_1": "Primary",
        "DAYTHRU": 7,
        "NGHTTHRU": 7,
        "MAINTRK": 1,
        "SIDINGTRK": 0,
        "YARDTRK": 0,
        "TRANSITTRK": 0,
        "INDUSTRYTR": 0,
        "OTHRTRK": 0,
        "WDCODE": "",
        "REVISIONDA": "1975/01/01 00:00:00",
        "LASTUPDATE": "8/29/2025",
        "AADT": "1",
        "AADTYEAR": "",
        "STATENAME": "TEXAS",
        "STATEAB": "TX",
        "COUNTYNAME": "TRAVIS",
        "CITYNAME": "AUSTIN",
        "LATDD": 30.3942614,
        "LONGDD": -97.7296574,
        "gridlyProductionCertified": true,
        "gridlyClassification": "PUBLIC_ROADWAY",
        "gridlyDisplayName": "BRAKER LANE",
        "gridlyId": "FRA-922542F"
      }
    },
    {
      "type": "Feature",
      "id": 211244,
      "geometry": {
        "type": "Point",
        "coordinates": [
          -97.3752031998604,
          30.4108591000809
        ]
      },
      "properties": {
        "OBJECTID": 211244,
        "CROSSING": "416277Y",
        "EFFDATE": 1776211200000,
        "REASON": "22",
        "StateCode": "48",
        "CountyCode": "48021",
        "STCYFIPS": "48021",
        "CITYCD": "480212160",
        "RAILROAD": "UP",
        "RRDIV": "SOUTH TEXAS",
        "RRSUBDIV": "WACO SUB",
        "HIGHWAY": "CO 0812",
        "STREET": "COUNTY LINE ROAD",
        "TTSTN": "685312",
        "MILEPOST": "0930.260",
        "TYPEXING": "Public",
        "POSXING": "At Grade",
        "PRVCAT": "22",
        "INIT": "1",
        "LATITUDE": 30.4108591,
        "LONGITUD": -97.3752032,
        "LLSOURCE": "1",
        "WHISTBAN": "0",
        "RRCONT": "4025443721",
        "POLCONT": "8008488715",
        "INV_LINK": "https://safetydata.fra.dot.gov/OfficeofSafety/PublicSite/Crossing/Crossing.aspx?phasetype=C&rpttype=I&txtcrossingnum=416277Y",
        "ACC_LINK": "https://safetydata.fra.dot.gov/OfficeofSafety/PublicSite/Crossing/Crossing.aspx?phasetype=C&rpttype=A&txtcrossingnum=416277Y",
        "TTSTNNAM": "",
        "XPURPOSE": "1",
        "OPERATINGR": "UP",
        "OPERATIN_1": "Primary",
        "DAYTHRU": 2,
        "NGHTTHRU": 2,
        "MAINTRK": 1,
        "SIDINGTRK": 0,
        "YARDTRK": 0,
        "TRANSITTRK": 0,
        "INDUSTRYTR": 0,
        "OTHRTRK": 0,
        "WDCODE": "Crossbucks",
        "REVISIONDA": "1975/01/01 00:00:00",
        "LASTUPDATE": "4/15/2026",
        "AADT": "178",
        "AADTYEAR": "2020",
        "STATENAME": "TEXAS",
        "STATEAB": "TX",
        "COUNTYNAME": "BASTROP",
        "CITYNAME": "ELGIN",
        "LATDD": 30.4108591,
        "LONGDD": -97.3752032,
        "gridlyProductionCertified": true,
        "gridlyClassification": "PUBLIC_ROADWAY",
        "gridlyDisplayName": "COUNTY LINE ROAD",
        "gridlyId": "FRA-416277Y"
      }
    },
    {
      "type": "Feature",
      "id": 211616,
      "geometry": {
        "type": "Point",
        "coordinates": [
          -97.7138896996937,
          30.2705214003718
        ]
      },
      "properties": {
        "OBJECTID": 211616,
        "CROSSING": "765723C",
        "EFFDATE": 1764720000000,
        "REASON": "14",
        "StateCode": "48",
        "CountyCode": "48453",
        "STCYFIPS": "48453",
        "CITYCD": "484530330",
        "RAILROAD": "CMTY",
        "RRDIV": "CMTA",
        "RRSUBDIV": "CENTRAL",
        "HIGHWAY": "st 0000",
        "STREET": "ROSEWOOD AVEnue",
        "TTSTN": "685515",
        "MILEPOST": "0057.55",
        "TYPEXING": "Public",
        "POSXING": "At Grade",
        "PRVCAT": "14",
        "INIT": "1",
        "LATITUDE": 30.2705214,
        "LONGITUD": -97.7138897,
        "LLSOURCE": "1",
        "WHISTBAN": "1",
        "RRCONT": "5123344000",
        "POLCONT": "8445928046",
        "INV_LINK": "https://safetydata.fra.dot.gov/OfficeofSafety/PublicSite/Crossing/Crossing.aspx?phasetype=C&rpttype=I&txtcrossingnum=765723C",
        "ACC_LINK": "https://safetydata.fra.dot.gov/OfficeofSafety/PublicSite/Crossing/Crossing.aspx?phasetype=C&rpttype=A&txtcrossingnum=765723C",
        "TTSTNNAM": "mlk jr station",
        "XPURPOSE": "1",
        "OPERATINGR": "CMTY",
        "OPERATIN_1": "Primary",
        "DAYTHRU": 33,
        "NGHTTHRU": 6,
        "MAINTRK": 1,
        "SIDINGTRK": 0,
        "YARDTRK": 0,
        "TRANSITTRK": 0,
        "INDUSTRYTR": 0,
        "OTHRTRK": 0,
        "WDCODE": "Four Quad (full barrier) Gates",
        "REVISIONDA": "2007/01/01 00:00:00",
        "LASTUPDATE": "12/3/2025",
        "AADT": "004767",
        "AADTYEAR": "2020",
        "STATENAME": "TEXAS",
        "STATEAB": "TX",
        "COUNTYNAME": "TRAVIS",
        "CITYNAME": "AUSTIN",
        "LATDD": 30.2705214,
        "LONGDD": -97.7138897,
        "gridlyProductionCertified": true,
        "gridlyClassification": "PUBLIC_ROADWAY",
        "gridlyDisplayName": "ROSEWOOD AVEnue",
        "gridlyId": "FRA-765723C"
      }
    },
    {
      "type": "Feature",
      "id": 211768,
      "geometry": {
        "type": "Point",
        "coordinates": [
          -97.7621335998564,
          30.2187211996785
        ]
      },
      "properties": {
        "OBJECTID": 211768,
        "CROSSING": "447618A",
        "EFFDATE": 1759104000000,
        "REASON": "24",
        "StateCode": "48",
        "CountyCode": "48453",
        "STCYFIPS": "48453",
        "CITYCD": "484530330",
        "RAILROAD": "UP",
        "RRDIV": "SOUTH TEXAS",
        "RRSUBDIV": "Bergstrom ind ld",
        "HIGHWAY": "ST 0000",
        "STREET": "INDUSTRIAL BLVD",
        "TTSTN": "685500",
        "MILEPOST": "0001.540",
        "TYPEXING": "Public",
        "POSXING": "At Grade",
        "PRVCAT": "24",
        "INIT": "1",
        "LATITUDE": 30.2187212,
        "LONGITUD": -97.7621336,
        "LLSOURCE": "1",
        "WHISTBAN": "0",
        "RRCONT": "4025443721",
        "POLCONT": "8008488715",
        "INV_LINK": "https://safetydata.fra.dot.gov/OfficeofSafety/PublicSite/Crossing/Crossing.aspx?phasetype=C&rpttype=I&txtcrossingnum=447618A",
        "ACC_LINK": "https://safetydata.fra.dot.gov/OfficeofSafety/PublicSite/Crossing/Crossing.aspx?phasetype=C&rpttype=A&txtcrossingnum=447618A",
        "TTSTNNAM": "AUSTIN",
        "XPURPOSE": "1",
        "OPERATINGR": "UP",
        "OPERATIN_1": "Primary",
        "DAYTHRU": 0,
        "NGHTTHRU": 0,
        "MAINTRK": 0,
        "SIDINGTRK": 0,
        "YARDTRK": 0,
        "TRANSITTRK": 0,
        "INDUSTRYTR": 1,
        "OTHRTRK": 1,
        "WDCODE": "Flashing lights",
        "REVISIONDA": "1975/01/01 00:00:00",
        "LASTUPDATE": "9/29/2025",
        "AADT": "003810",
        "AADTYEAR": "2013",
        "STATENAME": "TEXAS",
        "STATEAB": "TX",
        "COUNTYNAME": "TRAVIS",
        "CITYNAME": "AUSTIN",
        "LATDD": 30.2187212,
        "LONGDD": -97.7621336,
        "gridlyProductionCertified": true,
        "gridlyClassification": "PUBLIC_ROADWAY",
        "gridlyDisplayName": "INDUSTRIAL BLVD",
        "gridlyId": "FRA-447618A"
      }
    },
    {
      "type": "Feature",
      "id": 211808,
      "geometry": {
        "type": "Point",
        "coordinates": [
          -97.7625090004238,
          30.2181900000169
        ]
      },
      "properties": {
        "OBJECTID": 211808,
        "CROSSING": "447621H",
        "EFFDATE": 1759104000000,
        "REASON": "24",
        "StateCode": "48",
        "CountyCode": "48453",
        "STCYFIPS": "48453",
        "CITYCD": "484530330",
        "RAILROAD": "UP",
        "RRDIV": "South Texas",
        "RRSUBDIV": "Bergstrom Ind Ld",
        "HIGHWAY": "NA",
        "STREET": "PRIVATE INDUSTRY",
        "TTSTN": "685500",
        "MILEPOST": "0001.132",
        "TYPEXING": "Private",
        "POSXING": "At Grade",
        "PRVCAT": "24",
        "INIT": "1",
        "LATITUDE": 30.21819,
        "LONGITUD": -97.762509,
        "LLSOURCE": "1",
        "WHISTBAN": "0",
        "RRCONT": "4025443721",
        "POLCONT": "8008488715",
        "INV_LINK": "https://safetydata.fra.dot.gov/OfficeofSafety/PublicSite/Crossing/Crossing.aspx?phasetype=C&rpttype=I&txtcrossingnum=447621H",
        "ACC_LINK": "https://safetydata.fra.dot.gov/OfficeofSafety/PublicSite/Crossing/Crossing.aspx?phasetype=C&rpttype=A&txtcrossingnum=447621H",
        "TTSTNNAM": "",
        "XPURPOSE": "1",
        "OPERATINGR": "UP",
        "OPERATIN_1": "Primary",
        "DAYTHRU": 0,
        "NGHTTHRU": 0,
        "MAINTRK": 0,
        "SIDINGTRK": 0,
        "YARDTRK": 0,
        "TRANSITTRK": 0,
        "INDUSTRYTR": 1,
        "OTHRTRK": 0,
        "WDCODE": "",
        "REVISIONDA": "1975/01/01 00:00:00",
        "LASTUPDATE": "9/29/2025",
        "AADT": "1",
        "AADTYEAR": "1970",
        "STATENAME": "TEXAS",
        "STATEAB": "TX",
        "COUNTYNAME": "TRAVIS",
        "CITYNAME": "AUSTIN",
        "LATDD": 30.21819,
        "LONGDD": -97.762509,
        "gridlyProductionCertified": true,
        "gridlyClassification": "PUBLIC_ROADWAY",
        "gridlyDisplayName": "PRIVATE INDUSTRY",
        "gridlyId": "FRA-447621H"
      }
    },
    {
      "type": "Feature",
      "id": 211809,
      "geometry": {
        "type": "Point",
        "coordinates": [
          -97.7406600000136,
          30.2146120001806
        ]
      },
      "properties": {
        "OBJECTID": 211809,
        "CROSSING": "447627Y",
        "EFFDATE": 1759104000000,
        "REASON": "24",
        "StateCode": "48",
        "CountyCode": "48453",
        "STCYFIPS": "48453",
        "CITYCD": "484530330",
        "RAILROAD": "UP",
        "RRDIV": "South Texas",
        "RRSUBDIV": "Bergstrom Ind Ld",
        "HIGHWAY": "ST 0000",
        "STREET": "SOUTH INDUSTRIAL DRIVE",
        "TTSTN": "685500",
        "MILEPOST": "0002.818",
        "TYPEXING": "Public",
        "POSXING": "At Grade",
        "PRVCAT": "24",
        "INIT": "1",
        "LATITUDE": 30.214612,
        "LONGITUD": -97.74066,
        "LLSOURCE": "2",
        "WHISTBAN": "0",
        "RRCONT": "4025443721",
        "POLCONT": "8008488715",
        "INV_LINK": "https://safetydata.fra.dot.gov/OfficeofSafety/PublicSite/Crossing/Crossing.aspx?phasetype=C&rpttype=I&txtcrossingnum=447627Y",
        "ACC_LINK": "https://safetydata.fra.dot.gov/OfficeofSafety/PublicSite/Crossing/Crossing.aspx?phasetype=C&rpttype=A&txtcrossingnum=447627Y",
        "TTSTNNAM": "",
        "XPURPOSE": "1",
        "OPERATINGR": "UP",
        "OPERATIN_1": "Primary",
        "DAYTHRU": 0,
        "NGHTTHRU": 0,
        "MAINTRK": 0,
        "SIDINGTRK": 0,
        "YARDTRK": 0,
        "TRANSITTRK": 0,
        "INDUSTRYTR": 1,
        "OTHRTRK": 1,
        "WDCODE": "All other Gates",
        "REVISIONDA": "1975/01/01 00:00:00",
        "LASTUPDATE": "9/29/2025",
        "AADT": "1780",
        "AADTYEAR": "2013",
        "STATENAME": "TEXAS",
        "STATEAB": "TX",
        "COUNTYNAME": "TRAVIS",
        "CITYNAME": "AUSTIN",
        "LATDD": 30.214612,
        "LONGDD": -97.74066,
        "gridlyProductionCertified": true,
        "gridlyClassification": "PUBLIC_ROADWAY",
        "gridlyDisplayName": "SOUTH INDUSTRIAL DRIVE",
        "gridlyId": "FRA-447627Y"
      }
    },
    {
      "type": "Feature",
      "id": 211912,
      "geometry": {
        "type": "Point",
        "coordinates": [
          -97.7334510000956,
          30.213420000203
        ]
      },
      "properties": {
        "OBJECTID": 211912,
        "CROSSING": "448356Y",
        "EFFDATE": 1759104000000,
        "REASON": "24",
        "StateCode": "48",
        "CountyCode": "48453",
        "STCYFIPS": "48453",
        "CITYCD": "484530330",
        "RAILROAD": "UP",
        "RRDIV": "South Texas",
        "RRSUBDIV": "Bergstrom Ind Ld",
        "HIGHWAY": "NA",
        "STREET": "PRIVATE INDUSTRY",
        "TTSTN": "685500",
        "MILEPOST": "0003.261",
        "TYPEXING": "Private",
        "POSXING": "At Grade",
        "PRVCAT": "24",
        "INIT": "1",
        "LATITUDE": 30.21342,
        "LONGITUD": -97.733451,
        "LLSOURCE": "2",
        "WHISTBAN": "0",
        "RRCONT": "4025443721",
        "POLCONT": "8008488715",
        "INV_LINK": "https://safetydata.fra.dot.gov/OfficeofSafety/PublicSite/Crossing/Crossing.aspx?phasetype=C&rpttype=I&txtcrossingnum=448356Y",
        "ACC_LINK": "https://safetydata.fra.dot.gov/OfficeofSafety/PublicSite/Crossing/Crossing.aspx?phasetype=C&rpttype=A&txtcrossingnum=448356Y",
        "TTSTNNAM": "",
        "XPURPOSE": "1",
        "OPERATINGR": "UP",
        "OPERATIN_1": "Primary",
        "DAYTHRU": 0,
        "NGHTTHRU": 0,
        "MAINTRK": 0,
        "SIDINGTRK": 0,
        "YARDTRK": 0,
        "TRANSITTRK": 0,
        "INDUSTRYTR": 1,
        "OTHRTRK": 0,
        "WDCODE": "",
        "REVISIONDA": "1975/01/01 00:00:00",
        "LASTUPDATE": "9/29/2025",
        "AADT": "1",
        "AADTYEAR": "1979",
        "STATENAME": "TEXAS",
        "STATEAB": "TX",
        "COUNTYNAME": "TRAVIS",
        "CITYNAME": "AUSTIN",
        "LATDD": 30.21342,
        "LONGDD": -97.733451,
        "gridlyProductionCertified": true,
        "gridlyClassification": "PUBLIC_ROADWAY",
        "gridlyDisplayName": "PRIVATE INDUSTRY",
        "gridlyId": "FRA-448356Y"
      }
    },
    {
      "type": "Feature",
      "id": 212096,
      "geometry": {
        "type": "Point",
        "coordinates": [
          -97.7339549998858,
          30.2122149999239
        ]
      },
      "properties": {
        "OBJECTID": 212096,
        "CROSSING": "447630G",
        "EFFDATE": 1758499200000,
        "REASON": "24",
        "StateCode": "48",
        "CountyCode": "48453",
        "STCYFIPS": "48453",
        "CITYCD": "484530330",
        "RAILROAD": "UP",
        "RRDIV": "South Texas",
        "RRSUBDIV": "Bergstrom Ind Ld",
        "HIGHWAY": "ENT RD",
        "STREET": "PRIVATE CALCASIEU LUMBER",
        "TTSTN": "685500",
        "MILEPOST": "0003.222",
        "TYPEXING": "Private",
        "POSXING": "At Grade",
        "PRVCAT": "24",
        "INIT": "1",
        "LATITUDE": 30.212215,
        "LONGITUD": -97.733955,
        "LLSOURCE": "2",
        "WHISTBAN": "0",
        "RRCONT": "4025443721",
        "POLCONT": "8008488715",
        "INV_LINK": "https://safetydata.fra.dot.gov/OfficeofSafety/PublicSite/Crossing/Crossing.aspx?phasetype=C&rpttype=I&txtcrossingnum=447630G",
        "ACC_LINK": "https://safetydata.fra.dot.gov/OfficeofSafety/PublicSite/Crossing/Crossing.aspx?phasetype=C&rpttype=A&txtcrossingnum=447630G",
        "TTSTNNAM": "",
        "XPURPOSE": "1",
        "OPERATINGR": "UP",
        "OPERATIN_1": "Primary",
        "DAYTHRU": 0,
        "NGHTTHRU": 0,
        "MAINTRK": 0,
        "SIDINGTRK": 0,
        "YARDTRK": 0,
        "TRANSITTRK": 0,
        "INDUSTRYTR": 1,
        "OTHRTRK": 0,
        "WDCODE": "",
        "REVISIONDA": "1975/01/01 00:00:00",
        "LASTUPDATE": "9/22/2025",
        "AADT": "1",
        "AADTYEAR": "1970",
        "STATENAME": "TEXAS",
        "STATEAB": "TX",
        "COUNTYNAME": "TRAVIS",
        "CITYNAME": "AUSTIN",
        "LATDD": 30.212215,
        "LONGDD": -97.733955,
        "gridlyProductionCertified": true,
        "gridlyClassification": "PUBLIC_ROADWAY",
        "gridlyDisplayName": "PRIVATE CALCASIEU LUMBER",
        "gridlyId": "FRA-447630G"
      }
    },
    {
      "type": "Feature",
      "id": 212355,
      "geometry": {
        "type": "Point",
        "coordinates": [
          -97.7492349997122,
          30.2152329996135
        ]
      },
      "properties": {
        "OBJECTID": 212355,
        "CROSSING": "848280A",
        "EFFDATE": 1759104000000,
        "REASON": "24",
        "StateCode": "48",
        "CountyCode": "48453",
        "STCYFIPS": "48453",
        "CITYCD": "484530330",
        "RAILROAD": "UP",
        "RRDIV": "South Texas",
        "RRSUBDIV": "Bergstrom Ind Ld",
        "HIGHWAY": "ST 0000",
        "STREET": "GOVERNORS ROW",
        "TTSTN": "685500",
        "MILEPOST": "0002.305",
        "TYPEXING": "Public",
        "POSXING": "At Grade",
        "PRVCAT": "24",
        "INIT": "1",
        "LATITUDE": 30.215233,
        "LONGITUD": -97.749235,
        "LLSOURCE": "2",
        "WHISTBAN": "0",
        "RRCONT": "4025443721",
        "POLCONT": "8008488715",
        "INV_LINK": "https://safetydata.fra.dot.gov/OfficeofSafety/PublicSite/Crossing/Crossing.aspx?phasetype=C&rpttype=I&txtcrossingnum=848280A",
        "ACC_LINK": "https://safetydata.fra.dot.gov/OfficeofSafety/PublicSite/Crossing/Crossing.aspx?phasetype=C&rpttype=A&txtcrossingnum=848280A",
        "TTSTNNAM": "",
        "XPURPOSE": "1",
        "OPERATINGR": "UP",
        "OPERATIN_1": "Primary",
        "DAYTHRU": 0,
        "NGHTTHRU": 0,
        "MAINTRK": 0,
        "SIDINGTRK": 0,
        "YARDTRK": 0,
        "TRANSITTRK": 0,
        "INDUSTRYTR": 1,
        "OTHRTRK": 0,
        "WDCODE": "All other Gates",
        "REVISIONDA": "1975/01/01 00:00:00",
        "LASTUPDATE": "9/29/2025",
        "AADT": "4770",
        "AADTYEAR": "2013",
        "STATENAME": "TEXAS",
        "STATEAB": "TX",
        "COUNTYNAME": "TRAVIS",
        "CITYNAME": "AUSTIN",
        "LATDD": 30.215233,
        "LONGDD": -97.749235,
        "gridlyProductionCertified": true,
        "gridlyClassification": "PUBLIC_ROADWAY",
        "gridlyDisplayName": "GOVERNORS ROW",
        "gridlyId": "FRA-848280A"
      }
    },
    {
      "type": "Feature",
      "id": 212715,
      "geometry": {
        "type": "Point",
        "coordinates": [
          -97.7444100000992,
          30.2148980000263
        ]
      },
      "properties": {
        "OBJECTID": 212715,
        "CROSSING": "427752G",
        "EFFDATE": 1758499200000,
        "REASON": "24",
        "StateCode": "48",
        "CountyCode": "48453",
        "STCYFIPS": "48453",
        "CITYCD": "484530330",
        "RAILROAD": "UP",
        "RRDIV": "South Texas",
        "RRSUBDIV": "Bergstrom Ind Ld",
        "HIGHWAY": "ST 0000",
        "STREET": "WOODWARD STREET",
        "TTSTN": "685500",
        "MILEPOST": "0002.594",
        "TYPEXING": "Private",
        "POSXING": "At Grade",
        "PRVCAT": "24",
        "INIT": "1",
        "LATITUDE": 30.214898,
        "LONGITUD": -97.74441,
        "LLSOURCE": "2",
        "WHISTBAN": "0",
        "RRCONT": "4025443721",
        "POLCONT": "8008488715",
        "INV_LINK": "https://safetydata.fra.dot.gov/OfficeofSafety/PublicSite/Crossing/Crossing.aspx?phasetype=C&rpttype=I&txtcrossingnum=427752G",
        "ACC_LINK": "https://safetydata.fra.dot.gov/OfficeofSafety/PublicSite/Crossing/Crossing.aspx?phasetype=C&rpttype=A&txtcrossingnum=427752G",
        "TTSTNNAM": "",
        "XPURPOSE": "1",
        "OPERATINGR": "UP",
        "OPERATIN_1": "Primary",
        "DAYTHRU": 0,
        "NGHTTHRU": 0,
        "MAINTRK": 0,
        "SIDINGTRK": 0,
        "YARDTRK": 0,
        "TRANSITTRK": 0,
        "INDUSTRYTR": 1,
        "OTHRTRK": 0,
        "WDCODE": "",
        "REVISIONDA": "1975/01/01 00:00:00",
        "LASTUPDATE": "9/22/2025",
        "AADT": "16910",
        "AADTYEAR": "2013",
        "STATENAME": "TEXAS",
        "STATEAB": "TX",
        "COUNTYNAME": "TRAVIS",
        "CITYNAME": "AUSTIN",
        "LATDD": 30.214898,
        "LONGDD": -97.74441,
        "gridlyProductionCertified": true,
        "gridlyClassification": "PUBLIC_ROADWAY",
        "gridlyDisplayName": "WOODWARD STREET",
        "gridlyId": "FRA-427752G"
      }
    },
    {
      "type": "Feature",
      "id": 212870,
      "geometry": {
        "type": "Point",
        "coordinates": [
          -97.7772829999119,
          30.2207350001932
        ]
      },
      "properties": {
        "OBJECTID": 212870,
        "CROSSING": "447608U",
        "EFFDATE": 1758499200000,
        "REASON": "24",
        "StateCode": "48",
        "CountyCode": "48453",
        "STCYFIPS": "48453",
        "CITYCD": "484530330",
        "RAILROAD": "UP",
        "RRDIV": "South Texas",
        "RRSUBDIV": "Bergstrom Ind Ld",
        "HIGHWAY": "ST0000",
        "STREET": "VINSON DRIVE",
        "TTSTN": "685500",
        "MILEPOST": "0000.442",
        "TYPEXING": "Public",
        "POSXING": "At Grade",
        "PRVCAT": "24",
        "INIT": "1",
        "LATITUDE": 30.220735,
        "LONGITUD": -97.777283,
        "LLSOURCE": "2",
        "WHISTBAN": "0",
        "RRCONT": "4025443721",
        "POLCONT": "8008488715",
        "INV_LINK": "https://safetydata.fra.dot.gov/OfficeofSafety/PublicSite/Crossing/Crossing.aspx?phasetype=C&rpttype=I&txtcrossingnum=447608U",
        "ACC_LINK": "https://safetydata.fra.dot.gov/OfficeofSafety/PublicSite/Crossing/Crossing.aspx?phasetype=C&rpttype=A&txtcrossingnum=447608U",
        "TTSTNNAM": "",
        "XPURPOSE": "1",
        "OPERATINGR": "UP",
        "OPERATIN_1": "Primary",
        "DAYTHRU": 0,
        "NGHTTHRU": 0,
        "MAINTRK": 0,
        "SIDINGTRK": 0,
        "YARDTRK": 0,
        "TRANSITTRK": 0,
        "INDUSTRYTR": 1,
        "OTHRTRK": 0,
        "WDCODE": "Flashing lights",
        "REVISIONDA": "1975/01/01 00:00:00",
        "LASTUPDATE": "9/22/2025",
        "AADT": "4744",
        "AADTYEAR": "2015",
        "STATENAME": "TEXAS",
        "STATEAB": "TX",
        "COUNTYNAME": "TRAVIS",
        "CITYNAME": "AUSTIN",
        "LATDD": 30.220735,
        "LONGDD": -97.777283,
        "gridlyProductionCertified": true,
        "gridlyClassification": "PUBLIC_ROADWAY",
        "gridlyDisplayName": "VINSON DRIVE",
        "gridlyId": "FRA-447608U"
      }
    },
    {
      "type": "Feature",
      "id": 212871,
      "geometry": {
        "type": "Point",
        "coordinates": [
          -97.775491000159,
          30.2222990003811
        ]
      },
      "properties": {
        "OBJECTID": 212871,
        "CROSSING": "447609B",
        "EFFDATE": 1758499200000,
        "REASON": "24",
        "StateCode": "48",
        "CountyCode": "48453",
        "STCYFIPS": "48453",
        "CITYCD": "484530330",
        "RAILROAD": "UP",
        "RRDIV": "South Texas",
        "RRSUBDIV": "Bergstrom Ind Ld",
        "HIGHWAY": "ST0000",
        "STREET": "WEST SAINT ELMO ROAD",
        "TTSTN": "685500",
        "MILEPOST": "0000.594",
        "TYPEXING": "Public",
        "POSXING": "At Grade",
        "PRVCAT": "24",
        "INIT": "1",
        "LATITUDE": 30.222299,
        "LONGITUD": -97.775491,
        "LLSOURCE": "2",
        "WHISTBAN": "0",
        "RRCONT": "4025443721",
        "POLCONT": "8008488715",
        "INV_LINK": "https://safetydata.fra.dot.gov/OfficeofSafety/PublicSite/Crossing/Crossing.aspx?phasetype=C&rpttype=I&txtcrossingnum=447609B",
        "ACC_LINK": "https://safetydata.fra.dot.gov/OfficeofSafety/PublicSite/Crossing/Crossing.aspx?phasetype=C&rpttype=A&txtcrossingnum=447609B",
        "TTSTNNAM": "",
        "XPURPOSE": "1",
        "OPERATINGR": "UP",
        "OPERATIN_1": "Primary",
        "DAYTHRU": 0,
        "NGHTTHRU": 0,
        "MAINTRK": 0,
        "SIDINGTRK": 0,
        "YARDTRK": 0,
        "TRANSITTRK": 0,
        "INDUSTRYTR": 1,
        "OTHRTRK": 0,
        "WDCODE": "Flashing lights",
        "REVISIONDA": "1975/01/01 00:00:00",
        "LASTUPDATE": "9/22/2025",
        "AADT": "4343",
        "AADTYEAR": "2015",
        "STATENAME": "TEXAS",
        "STATEAB": "TX",
        "COUNTYNAME": "TRAVIS",
        "CITYNAME": "AUSTIN",
        "LATDD": 30.222299,
        "LONGDD": -97.775491,
        "gridlyProductionCertified": true,
        "gridlyClassification": "PUBLIC_ROADWAY",
        "gridlyDisplayName": "WEST SAINT ELMO ROAD",
        "gridlyId": "FRA-447609B"
      }
    },
    {
      "type": "Feature",
      "id": 212873,
      "geometry": {
        "type": "Point",
        "coordinates": [
          -97.7716349997682,
          30.2231250002587
        ]
      },
      "properties": {
        "OBJECTID": 212873,
        "CROSSING": "447610V",
        "EFFDATE": 1758499200000,
        "REASON": "24",
        "StateCode": "48",
        "CountyCode": "48453",
        "STCYFIPS": "48453",
        "CITYCD": "484530330",
        "RAILROAD": "UP",
        "RRDIV": "SOUTH TEXAS",
        "RRSUBDIV": "Bergstrom Ind Ld",
        "HIGHWAY": "ST0000",
        "STREET": "SOUTH FIRST STREET",
        "TTSTN": "685500",
        "MILEPOST": "0000.800",
        "TYPEXING": "Public",
        "POSXING": "At Grade",
        "PRVCAT": "24",
        "INIT": "1",
        "LATITUDE": 30.223125,
        "LONGITUD": -97.771635,
        "LLSOURCE": "2",
        "WHISTBAN": "0",
        "RRCONT": "4025443721",
        "POLCONT": "8008488715",
        "INV_LINK": "https://safetydata.fra.dot.gov/OfficeofSafety/PublicSite/Crossing/Crossing.aspx?phasetype=C&rpttype=I&txtcrossingnum=447610V",
        "ACC_LINK": "https://safetydata.fra.dot.gov/OfficeofSafety/PublicSite/Crossing/Crossing.aspx?phasetype=C&rpttype=A&txtcrossingnum=447610V",
        "TTSTNNAM": "",
        "XPURPOSE": "1",
        "OPERATINGR": "UP",
        "OPERATIN_1": "Primary",
        "DAYTHRU": 0,
        "NGHTTHRU": 0,
        "MAINTRK": 0,
        "SIDINGTRK": 0,
        "YARDTRK": 0,
        "TRANSITTRK": 0,
        "INDUSTRYTR": 1,
        "OTHRTRK": 0,
        "WDCODE": "Flashing lights",
        "REVISIONDA": "1975/01/01 00:00:00",
        "LASTUPDATE": "9/22/2025",
        "AADT": "22230",
        "AADTYEAR": "2015",
        "STATENAME": "TEXAS",
        "STATEAB": "TX",
        "COUNTYNAME": "TRAVIS",
        "CITYNAME": "AUSTIN",
        "LATDD": 30.223125,
        "LONGDD": -97.771635,
        "gridlyProductionCertified": true,
        "gridlyClassification": "PUBLIC_ROADWAY",
        "gridlyDisplayName": "SOUTH FIRST STREET",
        "gridlyId": "FRA-447610V"
      }
    },
    {
      "type": "Feature",
      "id": 212874,
      "geometry": {
        "type": "Point",
        "coordinates": [
          -97.7698430000153,
          30.2231770000264
        ]
      },
      "properties": {
        "OBJECTID": 212874,
        "CROSSING": "447611C",
        "EFFDATE": 1758499200000,
        "REASON": "24",
        "StateCode": "48",
        "CountyCode": "48453",
        "STCYFIPS": "48453",
        "CITYCD": "484530330",
        "RAILROAD": "UP",
        "RRDIV": "South Texas",
        "RRSUBDIV": "Bergstrom Ind Ld",
        "HIGHWAY": "DRVEWAY",
        "STREET": "PRIVATE",
        "TTSTN": "685500",
        "MILEPOST": "0000.944",
        "TYPEXING": "Private",
        "POSXING": "At Grade",
        "PRVCAT": "24",
        "INIT": "1",
        "LATITUDE": 30.223177,
        "LONGITUD": -97.769843,
        "LLSOURCE": "2",
        "WHISTBAN": "0",
        "RRCONT": "4025443721",
        "POLCONT": "8008488715",
        "INV_LINK": "https://safetydata.fra.dot.gov/OfficeofSafety/PublicSite/Crossing/Crossing.aspx?phasetype=C&rpttype=I&txtcrossingnum=447611C",
        "ACC_LINK": "https://safetydata.fra.dot.gov/OfficeofSafety/PublicSite/Crossing/Crossing.aspx?phasetype=C&rpttype=A&txtcrossingnum=447611C",
        "TTSTNNAM": "",
        "XPURPOSE": "1",
        "OPERATINGR": "UP",
        "OPERATIN_1": "Primary",
        "DAYTHRU": 0,
        "NGHTTHRU": 0,
        "MAINTRK": 0,
        "SIDINGTRK": 0,
        "YARDTRK": 0,
        "TRANSITTRK": 0,
        "INDUSTRYTR": 1,
        "OTHRTRK": 0,
        "WDCODE": "",
        "REVISIONDA": "1975/01/01 00:00:00",
        "LASTUPDATE": "9/22/2025",
        "AADT": "1",
        "AADTYEAR": "1970",
        "STATENAME": "TEXAS",
        "STATEAB": "TX",
        "COUNTYNAME": "TRAVIS",
        "CITYNAME": "AUSTIN",
        "LATDD": 30.223177,
        "LONGDD": -97.769843,
        "gridlyProductionCertified": true,
        "gridlyClassification": "PUBLIC_ROADWAY",
        "gridlyDisplayName": "PRIVATE",
        "gridlyId": "FRA-447611C"
      }
    },
    {
      "type": "Feature",
      "id": 212875,
      "geometry": {
        "type": "Point",
        "coordinates": [
          -97.7649330000134,
          30.2213190003438
        ]
      },
      "properties": {
        "OBJECTID": 212875,
        "CROSSING": "447613R",
        "EFFDATE": 1758499200000,
        "REASON": "24",
        "StateCode": "48",
        "CountyCode": "48453",
        "STCYFIPS": "48453",
        "CITYCD": "484530330",
        "RAILROAD": "UP",
        "RRDIV": "South Texas",
        "RRSUBDIV": "Bergstrom Ind Ld",
        "HIGHWAY": "LP 0275",
        "STREET": "SOUTH CONGRESS AVENUE",
        "TTSTN": "685500",
        "MILEPOST": "0001.267",
        "TYPEXING": "Public",
        "POSXING": "At Grade",
        "PRVCAT": "24",
        "INIT": "1",
        "LATITUDE": 30.221319,
        "LONGITUD": -97.764933,
        "LLSOURCE": "2",
        "WHISTBAN": "0",
        "RRCONT": "4025443721",
        "POLCONT": "8008488715",
        "INV_LINK": "https://safetydata.fra.dot.gov/OfficeofSafety/PublicSite/Crossing/Crossing.aspx?phasetype=C&rpttype=I&txtcrossingnum=447613R",
        "ACC_LINK": "https://safetydata.fra.dot.gov/OfficeofSafety/PublicSite/Crossing/Crossing.aspx?phasetype=C&rpttype=A&txtcrossingnum=447613R",
        "TTSTNNAM": "",
        "XPURPOSE": "1",
        "OPERATINGR": "UP",
        "OPERATIN_1": "Primary",
        "DAYTHRU": 0,
        "NGHTTHRU": 0,
        "MAINTRK": 0,
        "SIDINGTRK": 0,
        "YARDTRK": 0,
        "TRANSITTRK": 0,
        "INDUSTRYTR": 1,
        "OTHRTRK": 1,
        "WDCODE": "Flashing lights",
        "REVISIONDA": "1975/01/01 00:00:00",
        "LASTUPDATE": "9/22/2025",
        "AADT": "37920",
        "AADTYEAR": "2010",
        "STATENAME": "TEXAS",
        "STATEAB": "TX",
        "COUNTYNAME": "TRAVIS",
        "CITYNAME": "AUSTIN",
        "LATDD": 30.221319,
        "LONGDD": -97.764933,
        "gridlyProductionCertified": true,
        "gridlyClassification": "PUBLIC_ROADWAY",
        "gridlyDisplayName": "SOUTH CONGRESS AVENUE",
        "gridlyId": "FRA-447613R"
      }
    },
    {
      "type": "Feature",
      "id": 212879,
      "geometry": {
        "type": "Point",
        "coordinates": [
          -97.7619529998568,
          30.2190000003598
        ]
      },
      "properties": {
        "OBJECTID": 212879,
        "CROSSING": "447619G",
        "EFFDATE": 1758499200000,
        "REASON": "24",
        "StateCode": "48",
        "CountyCode": "48453",
        "STCYFIPS": "48453",
        "CITYCD": "484530330",
        "RAILROAD": "UP",
        "RRDIV": "South Texas",
        "RRSUBDIV": "Bergstrom Ind Ld",
        "HIGHWAY": "NA",
        "STREET": "PRIVATE INDUSTRY",
        "TTSTN": "685500",
        "MILEPOST": "0001.470",
        "TYPEXING": "Private",
        "POSXING": "At Grade",
        "PRVCAT": "24",
        "INIT": "1",
        "LATITUDE": 30.219,
        "LONGITUD": -97.761953,
        "LLSOURCE": "1",
        "WHISTBAN": "0",
        "RRCONT": "4025443721",
        "POLCONT": "8008488715",
        "INV_LINK": "https://safetydata.fra.dot.gov/OfficeofSafety/PublicSite/Crossing/Crossing.aspx?phasetype=C&rpttype=I&txtcrossingnum=447619G",
        "ACC_LINK": "https://safetydata.fra.dot.gov/OfficeofSafety/PublicSite/Crossing/Crossing.aspx?phasetype=C&rpttype=A&txtcrossingnum=447619G",
        "TTSTNNAM": "",
        "XPURPOSE": "1",
        "OPERATINGR": "UP",
        "OPERATIN_1": "Primary",
        "DAYTHRU": 0,
        "NGHTTHRU": 0,
        "MAINTRK": 0,
        "SIDINGTRK": 0,
        "YARDTRK": 0,
        "TRANSITTRK": 0,
        "INDUSTRYTR": 1,
        "OTHRTRK": 0,
        "WDCODE": "",
        "REVISIONDA": "1975/01/01 00:00:00",
        "LASTUPDATE": "9/22/2025",
        "AADT": "1",
        "AADTYEAR": "1970",
        "STATENAME": "TEXAS",
        "STATEAB": "TX",
        "COUNTYNAME": "TRAVIS",
        "CITYNAME": "AUSTIN",
        "LATDD": 30.219,
        "LONGDD": -97.761953,
        "gridlyProductionCertified": true,
        "gridlyClassification": "PUBLIC_ROADWAY",
        "gridlyDisplayName": "PRIVATE INDUSTRY",
        "gridlyId": "FRA-447619G"
      }
    },
    {
      "type": "Feature",
      "id": 212880,
      "geometry": {
        "type": "Point",
        "coordinates": [
          -97.7624170003623,
          30.2183279996956
        ]
      },
      "properties": {
        "OBJECTID": 212880,
        "CROSSING": "447620B",
        "EFFDATE": 1758499200000,
        "REASON": "24",
        "StateCode": "48",
        "CountyCode": "48453",
        "STCYFIPS": "48453",
        "CITYCD": "484530330",
        "RAILROAD": "UP",
        "RRDIV": "South Texas",
        "RRSUBDIV": "Bergstrom Ind Ld",
        "HIGHWAY": "NA",
        "STREET": "PRIVATE INDUSTRY",
        "TTSTN": "685500",
        "MILEPOST": "0001.131",
        "TYPEXING": "Private",
        "POSXING": "At Grade",
        "PRVCAT": "24",
        "INIT": "1",
        "LATITUDE": 30.218328,
        "LONGITUD": -97.762417,
        "LLSOURCE": "1",
        "WHISTBAN": "0",
        "RRCONT": "4025443721",
        "POLCONT": "8008488715",
        "INV_LINK": "https://safetydata.fra.dot.gov/OfficeofSafety/PublicSite/Crossing/Crossing.aspx?phasetype=C&rpttype=I&txtcrossingnum=447620B",
        "ACC_LINK": "https://safetydata.fra.dot.gov/OfficeofSafety/PublicSite/Crossing/Crossing.aspx?phasetype=C&rpttype=A&txtcrossingnum=447620B",
        "TTSTNNAM": "",
        "XPURPOSE": "1",
        "OPERATINGR": "UP",
        "OPERATIN_1": "Primary",
        "DAYTHRU": 0,
        "NGHTTHRU": 0,
        "MAINTRK": 0,
        "SIDINGTRK": 0,
        "YARDTRK": 0,
        "TRANSITTRK": 0,
        "INDUSTRYTR": 1,
        "OTHRTRK": 0,
        "WDCODE": "",
        "REVISIONDA": "1975/01/01 00:00:00",
        "LASTUPDATE": "9/22/2025",
        "AADT": "1",
        "AADTYEAR": "1970",
        "STATENAME": "TEXAS",
        "STATEAB": "TX",
        "COUNTYNAME": "TRAVIS",
        "CITYNAME": "AUSTIN",
        "LATDD": 30.218328,
        "LONGDD": -97.762417,
        "gridlyProductionCertified": true,
        "gridlyClassification": "PUBLIC_ROADWAY",
        "gridlyDisplayName": "PRIVATE INDUSTRY",
        "gridlyId": "FRA-447620B"
      }
    },
    {
      "type": "Feature",
      "id": 212881,
      "geometry": {
        "type": "Point",
        "coordinates": [
          -97.7575990004219,
          30.2178270002749
        ]
      },
      "properties": {
        "OBJECTID": 212881,
        "CROSSING": "447623W",
        "EFFDATE": 1758499200000,
        "REASON": "24",
        "StateCode": "48",
        "CountyCode": "48453",
        "STCYFIPS": "48453",
        "CITYCD": "484530330",
        "RAILROAD": "UP",
        "RRDIV": "South Texas",
        "RRSUBDIV": "Bergstrom Ind Ld",
        "HIGHWAY": "ST 0000",
        "STREET": "TERRY-O LANE",
        "TTSTN": "685500",
        "MILEPOST": "0001.766",
        "TYPEXING": "Public",
        "POSXING": "At Grade",
        "PRVCAT": "24",
        "INIT": "1",
        "LATITUDE": 30.217827,
        "LONGITUD": -97.757599,
        "LLSOURCE": "2",
        "WHISTBAN": "0",
        "RRCONT": "4025443721",
        "POLCONT": "8008488715",
        "INV_LINK": "https://safetydata.fra.dot.gov/OfficeofSafety/PublicSite/Crossing/Crossing.aspx?phasetype=C&rpttype=I&txtcrossingnum=447623W",
        "ACC_LINK": "https://safetydata.fra.dot.gov/OfficeofSafety/PublicSite/Crossing/Crossing.aspx?phasetype=C&rpttype=A&txtcrossingnum=447623W",
        "TTSTNNAM": "",
        "XPURPOSE": "1",
        "OPERATINGR": "UP",
        "OPERATIN_1": "Primary",
        "DAYTHRU": 0,
        "NGHTTHRU": 0,
        "MAINTRK": 0,
        "SIDINGTRK": 0,
        "YARDTRK": 0,
        "TRANSITTRK": 0,
        "INDUSTRYTR": 1,
        "OTHRTRK": 1,
        "WDCODE": "Flashing lights",
        "REVISIONDA": "1975/01/01 00:00:00",
        "LASTUPDATE": "9/22/2025",
        "AADT": "5030",
        "AADTYEAR": "2013",
        "STATENAME": "TEXAS",
        "STATEAB": "TX",
        "COUNTYNAME": "TRAVIS",
        "CITYNAME": "AUSTIN",
        "LATDD": 30.217827,
        "LONGDD": -97.757599,
        "gridlyProductionCertified": true,
        "gridlyClassification": "PUBLIC_ROADWAY",
        "gridlyDisplayName": "TERRY-O LANE",
        "gridlyId": "FRA-447623W"
      }
    },
    {
      "type": "Feature",
      "id": 212883,
      "geometry": {
        "type": "Point",
        "coordinates": [
          -97.7525789999169,
          30.2155930001113
        ]
      },
      "properties": {
        "OBJECTID": 212883,
        "CROSSING": "447624D",
        "EFFDATE": 1758499200000,
        "REASON": "24",
        "StateCode": "48",
        "CountyCode": "48453",
        "STCYFIPS": "48453",
        "CITYCD": "484530330",
        "RAILROAD": "UP",
        "RRDIV": "South Texas",
        "RRSUBDIV": "Bergstrom Ind Ld",
        "HIGHWAY": "IH 0035",
        "STREET": "I 35 SB FRNTG",
        "TTSTN": "685500",
        "MILEPOST": "0002.103",
        "TYPEXING": "Public",
        "POSXING": "At Grade",
        "PRVCAT": "24",
        "INIT": "1",
        "LATITUDE": 30.215593,
        "LONGITUD": -97.752579,
        "LLSOURCE": "2",
        "WHISTBAN": "0",
        "RRCONT": "4025443721",
        "POLCONT": "8008488715",
        "INV_LINK": "https://safetydata.fra.dot.gov/OfficeofSafety/PublicSite/Crossing/Crossing.aspx?phasetype=C&rpttype=I&txtcrossingnum=447624D",
        "ACC_LINK": "https://safetydata.fra.dot.gov/OfficeofSafety/PublicSite/Crossing/Crossing.aspx?phasetype=C&rpttype=A&txtcrossingnum=447624D",
        "TTSTNNAM": "",
        "XPURPOSE": "1",
        "OPERATINGR": "UP",
        "OPERATIN_1": "Primary",
        "DAYTHRU": 0,
        "NGHTTHRU": 0,
        "MAINTRK": 0,
        "SIDINGTRK": 0,
        "YARDTRK": 0,
        "TRANSITTRK": 0,
        "INDUSTRYTR": 1,
        "OTHRTRK": 1,
        "WDCODE": "All other Gates",
        "REVISIONDA": "1975/01/01 00:00:00",
        "LASTUPDATE": "9/22/2025",
        "AADT": "25419",
        "AADTYEAR": "2018",
        "STATENAME": "TEXAS",
        "STATEAB": "TX",
        "COUNTYNAME": "TRAVIS",
        "CITYNAME": "AUSTIN",
        "LATDD": 30.215593,
        "LONGDD": -97.752579,
        "gridlyProductionCertified": true,
        "gridlyClassification": "PUBLIC_ROADWAY",
        "gridlyDisplayName": "I 35 SB FRNTG",
        "gridlyId": "FRA-447624D"
      }
    },
    {
      "type": "Feature",
      "id": 212884,
      "geometry": {
        "type": "Point",
        "coordinates": [
          -97.751885000156,
          30.2154449997988
        ]
      },
      "properties": {
        "OBJECTID": 212884,
        "CROSSING": "447625K",
        "EFFDATE": 1758499200000,
        "REASON": "14",
        "StateCode": "48",
        "CountyCode": "48453",
        "STCYFIPS": "48453",
        "CITYCD": "484530330",
        "RAILROAD": "UP",
        "RRDIV": "South Texas",
        "RRSUBDIV": "Bergstrom Ind Ld",
        "HIGHWAY": "IH 0035",
        "STREET": "I 35",
        "TTSTN": "685500",
        "MILEPOST": "0002.146",
        "TYPEXING": "Public",
        "POSXING": "RR Under",
        "PRVCAT": "14",
        "INIT": "1",
        "LATITUDE": 30.215445,
        "LONGITUD": -97.751885,
        "LLSOURCE": "2",
        "WHISTBAN": "0",
        "RRCONT": "4025443721",
        "POLCONT": "8008488715",
        "INV_LINK": "https://safetydata.fra.dot.gov/OfficeofSafety/PublicSite/Crossing/Crossing.aspx?phasetype=C&rpttype=I&txtcrossingnum=447625K",
        "ACC_LINK": "https://safetydata.fra.dot.gov/OfficeofSafety/PublicSite/Crossing/Crossing.aspx?phasetype=C&rpttype=A&txtcrossingnum=447625K",
        "TTSTNNAM": "",
        "XPURPOSE": "1",
        "OPERATINGR": "UP",
        "OPERATIN_1": "Primary",
        "DAYTHRU": 0,
        "NGHTTHRU": 0,
        "MAINTRK": 0,
        "SIDINGTRK": 0,
        "YARDTRK": 0,
        "TRANSITTRK": 0,
        "INDUSTRYTR": 1,
        "OTHRTRK": 0,
        "WDCODE": "",
        "REVISIONDA": "1975/01/01 00:00:00",
        "LASTUPDATE": "9/22/2025",
        "AADT": "114090",
        "AADTYEAR": "2011",
        "STATENAME": "TEXAS",
        "STATEAB": "TX",
        "COUNTYNAME": "TRAVIS",
        "CITYNAME": "AUSTIN",
        "LATDD": 30.215445,
        "LONGDD": -97.751885,
        "gridlyProductionCertified": true,
        "gridlyClassification": "PUBLIC_ROADWAY",
        "gridlyDisplayName": "I 35",
        "gridlyId": "FRA-447625K"
      }
    },
    {
      "type": "Feature",
      "id": 213068,
      "geometry": {
        "type": "Point",
        "coordinates": [
          -97.7512940003272,
          30.215377000126
        ]
      },
      "properties": {
        "OBJECTID": 213068,
        "CROSSING": "447626S",
        "EFFDATE": 1758499200000,
        "REASON": "24",
        "StateCode": "48",
        "CountyCode": "48453",
        "STCYFIPS": "48453",
        "CITYCD": "484530330",
        "RAILROAD": "UP",
        "RRDIV": "South Texas",
        "RRSUBDIV": "Bergstrom Ind Ld",
        "HIGHWAY": "IH 0035",
        "STREET": "I 35 NORTHBOUND FRONTAGE",
        "TTSTN": "685500",
        "MILEPOST": "0002.182",
        "TYPEXING": "Public",
        "POSXING": "At Grade",
        "PRVCAT": "24",
        "INIT": "1",
        "LATITUDE": 30.215377,
        "LONGITUD": -97.751294,
        "LLSOURCE": "2",
        "WHISTBAN": "0",
        "RRCONT": "4025443721",
        "POLCONT": "8008488715",
        "INV_LINK": "https://safetydata.fra.dot.gov/OfficeofSafety/PublicSite/Crossing/Crossing.aspx?phasetype=C&rpttype=I&txtcrossingnum=447626S",
        "ACC_LINK": "https://safetydata.fra.dot.gov/OfficeofSafety/PublicSite/Crossing/Crossing.aspx?phasetype=C&rpttype=A&txtcrossingnum=447626S",
        "TTSTNNAM": "",
        "XPURPOSE": "1",
        "OPERATINGR": "UP",
        "OPERATIN_1": "Primary",
        "DAYTHRU": 0,
        "NGHTTHRU": 0,
        "MAINTRK": 0,
        "SIDINGTRK": 0,
        "YARDTRK": 0,
        "TRANSITTRK": 0,
        "INDUSTRYTR": 1,
        "OTHRTRK": 1,
        "WDCODE": "All other Gates",
        "REVISIONDA": "1975/01/01 00:00:00",
        "LASTUPDATE": "9/22/2025",
        "AADT": "31700",
        "AADTYEAR": "2011",
        "STATENAME": "TEXAS",
        "STATEAB": "TX",
        "COUNTYNAME": "TRAVIS",
        "CITYNAME": "AUSTIN",
        "LATDD": 30.215377,
        "LONGDD": -97.751294,
        "gridlyProductionCertified": true,
        "gridlyClassification": "PUBLIC_ROADWAY",
        "gridlyDisplayName": "I 35 NORTHBOUND FRONTAGE",
        "gridlyId": "FRA-447626S"
      }
    },
    {
      "type": "Feature",
      "id": 213069,
      "geometry": {
        "type": "Point",
        "coordinates": [
          -97.7340870001303,
          30.2137280002705
        ]
      },
      "properties": {
        "OBJECTID": 213069,
        "CROSSING": "447629M",
        "EFFDATE": 1758499200000,
        "REASON": "24",
        "StateCode": "48",
        "CountyCode": "48453",
        "STCYFIPS": "48453",
        "CITYCD": "484530330",
        "RAILROAD": "UP",
        "RRDIV": "South Texas",
        "RRSUBDIV": "Bergstrom Ind Ld",
        "HIGHWAY": "NA",
        "STREET": "PRIVATE INDUSTRY",
        "TTSTN": "685500",
        "MILEPOST": "0003.218",
        "TYPEXING": "Private",
        "POSXING": "At Grade",
        "PRVCAT": "24",
        "INIT": "1",
        "LATITUDE": 30.213728,
        "LONGITUD": -97.734087,
        "LLSOURCE": "2",
        "WHISTBAN": "0",
        "RRCONT": "4025443721",
        "POLCONT": "8008488715",
        "INV_LINK": "https://safetydata.fra.dot.gov/OfficeofSafety/PublicSite/Crossing/Crossing.aspx?phasetype=C&rpttype=I&txtcrossingnum=447629M",
        "ACC_LINK": "https://safetydata.fra.dot.gov/OfficeofSafety/PublicSite/Crossing/Crossing.aspx?phasetype=C&rpttype=A&txtcrossingnum=447629M",
        "TTSTNNAM": "",
        "XPURPOSE": "1",
        "OPERATINGR": "UP",
        "OPERATIN_1": "Primary",
        "DAYTHRU": 0,
        "NGHTTHRU": 0,
        "MAINTRK": 0,
        "SIDINGTRK": 0,
        "YARDTRK": 0,
        "TRANSITTRK": 0,
        "INDUSTRYTR": 1,
        "OTHRTRK": 0,
        "WDCODE": "",
        "REVISIONDA": "1975/01/01 00:00:00",
        "LASTUPDATE": "9/22/2025",
        "AADT": "1",
        "AADTYEAR": "1970",
        "STATENAME": "TEXAS",
        "STATEAB": "TX",
        "COUNTYNAME": "TRAVIS",
        "CITYNAME": "AUSTIN",
        "LATDD": 30.213728,
        "LONGDD": -97.734087,
        "gridlyProductionCertified": true,
        "gridlyClassification": "PUBLIC_ROADWAY",
        "gridlyDisplayName": "PRIVATE INDUSTRY",
        "gridlyId": "FRA-447629M"
      }
    },
    {
      "type": "Feature",
      "id": 213070,
      "geometry": {
        "type": "Point",
        "coordinates": [
          -97.75415300011,
          30.2161989998243
        ]
      },
      "properties": {
        "OBJECTID": 213070,
        "CROSSING": "906657J",
        "EFFDATE": 1758585600000,
        "REASON": "24",
        "StateCode": "48",
        "CountyCode": "48453",
        "STCYFIPS": "48453",
        "CITYCD": "484530330",
        "RAILROAD": "UP",
        "RRDIV": "South Texas",
        "RRSUBDIV": "Bergstrom Ind Ld",
        "HIGHWAY": "ST 0000",
        "STREET": "SANTIAGO STREET",
        "TTSTN": "685482",
        "MILEPOST": "0002.000",
        "TYPEXING": "Public",
        "POSXING": "At Grade",
        "PRVCAT": "24",
        "INIT": "1",
        "LATITUDE": 30.216199,
        "LONGITUD": -97.754153,
        "LLSOURCE": "2",
        "WHISTBAN": "0",
        "RRCONT": "4025443721",
        "POLCONT": "8008488715",
        "INV_LINK": "https://safetydata.fra.dot.gov/OfficeofSafety/PublicSite/Crossing/Crossing.aspx?phasetype=C&rpttype=I&txtcrossingnum=906657J",
        "ACC_LINK": "https://safetydata.fra.dot.gov/OfficeofSafety/PublicSite/Crossing/Crossing.aspx?phasetype=C&rpttype=A&txtcrossingnum=906657J",
        "TTSTNNAM": "",
        "XPURPOSE": "1",
        "OPERATINGR": "UP",
        "OPERATIN_1": "Primary",
        "DAYTHRU": 0,
        "NGHTTHRU": 0,
        "MAINTRK": 0,
        "SIDINGTRK": 0,
        "YARDTRK": 0,
        "TRANSITTRK": 0,
        "INDUSTRYTR": 1,
        "OTHRTRK": 0,
        "WDCODE": "Flashing lights",
        "REVISIONDA": "1975/01/01 00:00:00",
        "LASTUPDATE": "9/23/2025",
        "AADT": "37820",
        "AADTYEAR": "2009",
        "STATENAME": "TEXAS",
        "STATEAB": "TX",
        "COUNTYNAME": "TRAVIS",
        "CITYNAME": "AUSTIN",
        "LATDD": 30.216199,
        "LONGDD": -97.754153,
        "gridlyProductionCertified": true,
        "gridlyClassification": "PUBLIC_ROADWAY",
        "gridlyDisplayName": "SANTIAGO STREET",
        "gridlyId": "FRA-906657J"
      }
    },
    {
      "type": "Feature",
      "id": 216269,
      "geometry": {
        "type": "Point",
        "coordinates": [
          -97.7226700003673,
          30.4494249999579
        ]
      },
      "properties": {
        "OBJECTID": 216269,
        "CROSSING": "981756H",
        "EFFDATE": 1775001600000,
        "REASON": "14",
        "StateCode": "48",
        "CountyCode": "48453",
        "STCYFIPS": "48453",
        "CITYCD": "484530330",
        "RAILROAD": "UP",
        "RRDIV": "South Texas",
        "RRSUBDIV": "Austin Sub",
        "HIGHWAY": "LS0000",
        "STREET": "Howard Lane",
        "TTSTN": "",
        "MILEPOST": "0166.280",
        "TYPEXING": "Public",
        "POSXING": "RR Under",
        "PRVCAT": "14",
        "INIT": "2",
        "LATITUDE": 30.449425,
        "LONGITUD": -97.72267,
        "LLSOURCE": "1",
        "WHISTBAN": "",
        "RRCONT": "4025443721",
        "POLCONT": "8008488715",
        "INV_LINK": "https://safetydata.fra.dot.gov/OfficeofSafety/PublicSite/Crossing/Crossing.aspx?phasetype=C&rpttype=I&txtcrossingnum=981756H",
        "ACC_LINK": "https://safetydata.fra.dot.gov/OfficeofSafety/PublicSite/Crossing/Crossing.aspx?phasetype=C&rpttype=A&txtcrossingnum=981756H",
        "TTSTNNAM": "",
        "XPURPOSE": "1",
        "OPERATINGR": "UP",
        "OPERATIN_1": "Primary",
        "DAYTHRU": 0,
        "NGHTTHRU": 0,
        "MAINTRK": 0,
        "SIDINGTRK": 0,
        "YARDTRK": 0,
        "TRANSITTRK": 0,
        "INDUSTRYTR": 0,
        "OTHRTRK": 0,
        "WDCODE": "",
        "REVISIONDA": "1975/01/01 00:00:00",
        "LASTUPDATE": "4/1/2026",
        "AADT": "",
        "AADTYEAR": "",
        "STATENAME": "TEXAS",
        "STATEAB": "TX",
        "COUNTYNAME": "TRAVIS",
        "CITYNAME": "AUSTIN",
        "LATDD": 30.449425,
        "LONGDD": -97.72267,
        "gridlyProductionCertified": true,
        "gridlyClassification": "PUBLIC_ROADWAY",
        "gridlyDisplayName": "Howard Lane",
        "gridlyId": "FRA-981756H"
      }
    },
    {
      "type": "Feature",
      "id": 216270,
      "geometry": {
        "type": "Point",
        "coordinates": [
          -97.7672557001817,
          30.2769499996868
        ]
      },
      "properties": {
        "OBJECTID": 216270,
        "CROSSING": "975131W",
        "EFFDATE": 1775001600000,
        "REASON": "14",
        "StateCode": "48",
        "CountyCode": "48453",
        "STCYFIPS": "48453",
        "CITYCD": "484530330",
        "RAILROAD": "UP",
        "RRDIV": "SOUTH TEXAS",
        "RRSUBDIV": "AUSTIN SUB",
        "HIGHWAY": "SL0001",
        "STREET": "HIGHWAY 1 RAMP",
        "TTSTN": "",
        "MILEPOST": "0178.588",
        "TYPEXING": "Public",
        "POSXING": "RR Under",
        "PRVCAT": "14",
        "INIT": "2",
        "LATITUDE": 30.27695,
        "LONGITUD": -97.7672557,
        "LLSOURCE": "1",
        "WHISTBAN": "",
        "RRCONT": "4025443721",
        "POLCONT": "8008488715",
        "INV_LINK": "https://safetydata.fra.dot.gov/OfficeofSafety/PublicSite/Crossing/Crossing.aspx?phasetype=C&rpttype=I&txtcrossingnum=975131W",
        "ACC_LINK": "https://safetydata.fra.dot.gov/OfficeofSafety/PublicSite/Crossing/Crossing.aspx?phasetype=C&rpttype=A&txtcrossingnum=975131W",
        "TTSTNNAM": "",
        "XPURPOSE": "1",
        "OPERATINGR": "UP",
        "OPERATIN_1": "Primary",
        "DAYTHRU": 7,
        "NGHTTHRU": 7,
        "MAINTRK": 1,
        "SIDINGTRK": 0,
        "YARDTRK": 0,
        "TRANSITTRK": 0,
        "INDUSTRYTR": 0,
        "OTHRTRK": 0,
        "WDCODE": "",
        "REVISIONDA": "1975/01/01 00:00:00",
        "LASTUPDATE": "4/1/2026",
        "AADT": "",
        "AADTYEAR": "",
        "STATENAME": "TEXAS",
        "STATEAB": "TX",
        "COUNTYNAME": "TRAVIS",
        "CITYNAME": "AUSTIN",
        "LATDD": 30.27695,
        "LONGDD": -97.7672557,
        "gridlyProductionCertified": true,
        "gridlyClassification": "PUBLIC_ROADWAY",
        "gridlyDisplayName": "HIGHWAY 1 RAMP",
        "gridlyId": "FRA-975131W"
      }
    },
    {
      "type": "Feature",
      "id": 216271,
      "geometry": {
        "type": "Point",
        "coordinates": [
          -97.7369020004305,
          30.2643370000775
        ]
      },
      "properties": {
        "OBJECTID": 216271,
        "CROSSING": "976533G",
        "EFFDATE": 1775001600000,
        "REASON": "14",
        "StateCode": "48",
        "CountyCode": "48453",
        "STCYFIPS": "48453",
        "CITYCD": "484530330",
        "RAILROAD": "CMTY",
        "RRDIV": "cmta",
        "RRSUBDIV": "Central",
        "HIGHWAY": "Pedestrian",
        "STREET": "Sabine Pedestrian Crossing",
        "TTSTN": "",
        "MILEPOST": "0055.39",
        "TYPEXING": "Public",
        "POSXING": "At Grade",
        "PRVCAT": "14",
        "INIT": "2",
        "LATITUDE": 30.264337,
        "LONGITUD": -97.736902,
        "LLSOURCE": "2",
        "WHISTBAN": "",
        "RRCONT": "5123344000",
        "POLCONT": "8445928046",
        "INV_LINK": "https://safetydata.fra.dot.gov/OfficeofSafety/PublicSite/Crossing/Crossing.aspx?phasetype=C&rpttype=I&txtcrossingnum=976533G",
        "ACC_LINK": "https://safetydata.fra.dot.gov/OfficeofSafety/PublicSite/Crossing/Crossing.aspx?phasetype=C&rpttype=A&txtcrossingnum=976533G",
        "TTSTNNAM": "Downtown station",
        "XPURPOSE": "2",
        "OPERATINGR": "CMTY",
        "OPERATIN_1": "Primary",
        "DAYTHRU": 37,
        "NGHTTHRU": 15,
        "MAINTRK": 2,
        "SIDINGTRK": 0,
        "YARDTRK": 0,
        "TRANSITTRK": 0,
        "INDUSTRYTR": 0,
        "OTHRTRK": 0,
        "WDCODE": "No signs or signals",
        "REVISIONDA": "2007/01/01 00:00:00",
        "LASTUPDATE": "4/1/2026",
        "AADT": "",
        "AADTYEAR": "",
        "STATENAME": "TEXAS",
        "STATEAB": "TX",
        "COUNTYNAME": "TRAVIS",
        "CITYNAME": "AUSTIN",
        "LATDD": 30.264337,
        "LONGDD": -97.736902,
        "gridlyProductionCertified": true,
        "gridlyClassification": "PUBLIC_ROADWAY",
        "gridlyDisplayName": "Sabine Pedestrian Crossing",
        "gridlyId": "FRA-976533G"
      }
    },
    {
      "type": "Feature",
      "id": 216272,
      "geometry": {
        "type": "Point",
        "coordinates": [
          -97.7292184995996,
          30.411555000321
        ]
      },
      "properties": {
        "OBJECTID": 216272,
        "CROSSING": "448407G",
        "EFFDATE": 1775001600000,
        "REASON": "14",
        "StateCode": "48",
        "CountyCode": "48453",
        "STCYFIPS": "48453",
        "CITYCD": "484530330",
        "RAILROAD": "UP",
        "RRDIV": "SOUTH TEXAS",
        "RRSUBDIV": "AUSTIN SUB",
        "HIGHWAY": "LS0000",
        "STREET": "DUVAL ROAD",
        "TTSTN": "685500",
        "MILEPOST": "0168.920",
        "TYPEXING": "Public",
        "POSXING": "At Grade",
        "PRVCAT": "14",
        "INIT": "2",
        "LATITUDE": 30.411555,
        "LONGITUD": -97.7292185,
        "LLSOURCE": "1",
        "WHISTBAN": "1",
        "RRCONT": "4025443721",
        "POLCONT": "8008488715",
        "INV_LINK": "https://safetydata.fra.dot.gov/OfficeofSafety/PublicSite/Crossing/Crossing.aspx?phasetype=C&rpttype=I&txtcrossingnum=448407G",
        "ACC_LINK": "https://safetydata.fra.dot.gov/OfficeofSafety/PublicSite/Crossing/Crossing.aspx?phasetype=C&rpttype=A&txtcrossingnum=448407G",
        "TTSTNNAM": "",
        "XPURPOSE": "1",
        "OPERATINGR": "UP",
        "OPERATIN_1": "Primary",
        "DAYTHRU": 10,
        "NGHTTHRU": 9,
        "MAINTRK": 1,
        "SIDINGTRK": 0,
        "YARDTRK": 0,
        "TRANSITTRK": 0,
        "INDUSTRYTR": 0,
        "OTHRTRK": 0,
        "WDCODE": "All other Gates",
        "REVISIONDA": "1975/01/01 00:00:00",
        "LASTUPDATE": "4/1/2026",
        "AADT": "17743",
        "AADTYEAR": "2024",
        "STATENAME": "TEXAS",
        "STATEAB": "TX",
        "COUNTYNAME": "TRAVIS",
        "CITYNAME": "AUSTIN",
        "LATDD": 30.411555,
        "LONGDD": -97.7292185,
        "gridlyProductionCertified": true,
        "gridlyClassification": "PUBLIC_ROADWAY",
        "gridlyDisplayName": "DUVAL ROAD",
        "gridlyId": "FRA-448407G"
      }
    },
    {
      "type": "Feature",
      "id": 216273,
      "geometry": {
        "type": "Point",
        "coordinates": [
          -97.7359600000741,
          30.3791739997483
        ]
      },
      "properties": {
        "OBJECTID": 216273,
        "CROSSING": "975136F",
        "EFFDATE": 1775001600000,
        "REASON": "14",
        "StateCode": "48",
        "CountyCode": "48453",
        "STCYFIPS": "48453",
        "CITYCD": "484530330",
        "RAILROAD": "UP",
        "RRDIV": "SOUTH TEXAS",
        "RRSUBDIV": "AUSTIN SUB",
        "HIGHWAY": "us0183",
        "STREET": "US 183N EXIT RAMP",
        "TTSTN": "",
        "MILEPOST": "0171.183",
        "TYPEXING": "Public",
        "POSXING": "RR Under",
        "PRVCAT": "14",
        "INIT": "1",
        "LATITUDE": 30.379174,
        "LONGITUD": -97.73596,
        "LLSOURCE": "1",
        "WHISTBAN": "",
        "RRCONT": "4025443721",
        "POLCONT": "8008488715",
        "INV_LINK": "https://safetydata.fra.dot.gov/OfficeofSafety/PublicSite/Crossing/Crossing.aspx?phasetype=C&rpttype=I&txtcrossingnum=975136F",
        "ACC_LINK": "https://safetydata.fra.dot.gov/OfficeofSafety/PublicSite/Crossing/Crossing.aspx?phasetype=C&rpttype=A&txtcrossingnum=975136F",
        "TTSTNNAM": "",
        "XPURPOSE": "1",
        "OPERATINGR": "UP",
        "OPERATIN_1": "Primary",
        "DAYTHRU": 7,
        "NGHTTHRU": 7,
        "MAINTRK": 1,
        "SIDINGTRK": 0,
        "YARDTRK": 0,
        "TRANSITTRK": 0,
        "INDUSTRYTR": 0,
        "OTHRTRK": 0,
        "WDCODE": "",
        "REVISIONDA": "1975/01/01 00:00:00",
        "LASTUPDATE": "4/1/2026",
        "AADT": "",
        "AADTYEAR": "",
        "STATENAME": "TEXAS",
        "STATEAB": "TX",
        "COUNTYNAME": "TRAVIS",
        "CITYNAME": "AUSTIN",
        "LATDD": 30.379174,
        "LONGDD": -97.73596,
        "gridlyProductionCertified": true,
        "gridlyClassification": "PUBLIC_ROADWAY",
        "gridlyDisplayName": "US 183N EXIT RAMP",
        "gridlyId": "FRA-975136F"
      }
    },
    {
      "type": "Feature",
      "id": 216274,
      "geometry": {
        "type": "Point",
        "coordinates": [
          -97.7364660004124,
          30.3779699998677
        ]
      },
      "properties": {
        "OBJECTID": 216274,
        "CROSSING": "975137M",
        "EFFDATE": 1775001600000,
        "REASON": "14",
        "StateCode": "48",
        "CountyCode": "48453",
        "STCYFIPS": "48453",
        "CITYCD": "484530330",
        "RAILROAD": "UP",
        "RRDIV": "SOUTH TEXAS",
        "RRSUBDIV": "AUSTIN SUB",
        "HIGHWAY": "US0183",
        "STREET": "US 183SB ENTRANCE RAMP",
        "TTSTN": "",
        "MILEPOST": "0171.268",
        "TYPEXING": "Public",
        "POSXING": "RR Under",
        "PRVCAT": "14",
        "INIT": "2",
        "LATITUDE": 30.37797,
        "LONGITUD": -97.736466,
        "LLSOURCE": "1",
        "WHISTBAN": "",
        "RRCONT": "4025443721",
        "POLCONT": "8008488715",
        "INV_LINK": "https://safetydata.fra.dot.gov/OfficeofSafety/PublicSite/Crossing/Crossing.aspx?phasetype=C&rpttype=I&txtcrossingnum=975137M",
        "ACC_LINK": "https://safetydata.fra.dot.gov/OfficeofSafety/PublicSite/Crossing/Crossing.aspx?phasetype=C&rpttype=A&txtcrossingnum=975137M",
        "TTSTNNAM": "",
        "XPURPOSE": "1",
        "OPERATINGR": "UP",
        "OPERATIN_1": "Primary",
        "DAYTHRU": 7,
        "NGHTTHRU": 7,
        "MAINTRK": 1,
        "SIDINGTRK": 0,
        "YARDTRK": 0,
        "TRANSITTRK": 0,
        "INDUSTRYTR": 0,
        "OTHRTRK": 0,
        "WDCODE": "",
        "REVISIONDA": "1975/01/01 00:00:00",
        "LASTUPDATE": "4/1/2026",
        "AADT": "",
        "AADTYEAR": "",
        "STATENAME": "TEXAS",
        "STATEAB": "TX",
        "COUNTYNAME": "TRAVIS",
        "CITYNAME": "AUSTIN",
        "LATDD": 30.37797,
        "LONGDD": -97.736466,
        "gridlyProductionCertified": true,
        "gridlyClassification": "PUBLIC_ROADWAY",
        "gridlyDisplayName": "US 183SB ENTRANCE RAMP",
        "gridlyId": "FRA-975137M"
      }
    },
    {
      "type": "Feature",
      "id": 216275,
      "geometry": {
        "type": "Point",
        "coordinates": [
          -97.5787394003814,
          30.3404986002299
        ]
      },
      "properties": {
        "OBJECTID": 216275,
        "CROSSING": "924566B",
        "EFFDATE": 1775001600000,
        "REASON": "14",
        "StateCode": "48",
        "CountyCode": "48453",
        "STCYFIPS": "48453",
        "CITYCD": "484530330",
        "RAILROAD": "AWRR",
        "RRDIV": "cmta",
        "RRSUBDIV": "east",
        "HIGHWAY": "ls0000",
        "STREET": "East parmer lane",
        "TTSTN": "",
        "MILEPOST": "0044.28",
        "TYPEXING": "Public",
        "POSXING": "At Grade",
        "PRVCAT": "14",
        "INIT": "2",
        "LATITUDE": 30.3404986,
        "LONGITUD": -97.5787394,
        "LLSOURCE": "1",
        "WHISTBAN": "1",
        "RRCONT": "5123344000",
        "POLCONT": "8445928046",
        "INV_LINK": "https://safetydata.fra.dot.gov/OfficeofSafety/PublicSite/Crossing/Crossing.aspx?phasetype=C&rpttype=I&txtcrossingnum=924566B",
        "ACC_LINK": "https://safetydata.fra.dot.gov/OfficeofSafety/PublicSite/Crossing/Crossing.aspx?phasetype=C&rpttype=A&txtcrossingnum=924566B",
        "TTSTNNAM": "manor",
        "XPURPOSE": "1",
        "OPERATINGR": "AWRR",
        "OPERATIN_1": "Primary",
        "DAYTHRU": 0,
        "NGHTTHRU": 0,
        "MAINTRK": 1,
        "SIDINGTRK": 0,
        "YARDTRK": 0,
        "TRANSITTRK": 0,
        "INDUSTRYTR": 0,
        "OTHRTRK": 0,
        "WDCODE": "All other Gates",
        "REVISIONDA": "2007/01/01 00:00:00",
        "LASTUPDATE": "4/1/2026",
        "AADT": "005195",
        "AADTYEAR": "2020",
        "STATENAME": "TEXAS",
        "STATEAB": "TX",
        "COUNTYNAME": "TRAVIS",
        "CITYNAME": "AUSTIN",
        "LATDD": 30.3404986,
        "LONGDD": -97.5787394,
        "gridlyProductionCertified": true,
        "gridlyClassification": "PUBLIC_ROADWAY",
        "gridlyDisplayName": "East parmer lane",
        "gridlyId": "FRA-924566B"
      }
    }
  ]
}
