{
  "type": "FeatureCollection",
  "features": [
    {
      "type": "Feature",
      "id": 201550,
      "geometry": {
        "type": "Point",
        "coordinates": [
          -102.096450399742,
          33.4577010996293
        ]
      },
      "properties": {
        "OBJECTID": 201550,
        "CROSSING": "017742U",
        "EFFDATE": 1776297600000,
        "REASON": "14",
        "StateCode": "48",
        "CountyCode": "48219",
        "STCYFIPS": "48219",
        "CITYCD": "482195940",
        "RAILROAD": "LBWR",
        "RRDIV": "PLAINS",
        "RRSUBDIV": "SEAGRAVES",
        "HIGHWAY": "CR0210",
        "STREET": "OXEN ROAD",
        "TTSTN": "677370",
        "MILEPOST": "0017.27",
        "TYPEXING": "Public",
        "POSXING": "At Grade",
        "PRVCAT": "14",
        "INIT": "2",
        "LATITUDE": 33.4577011,
        "LONGITUD": -102.0964504,
        "LLSOURCE": "1",
        "WHISTBAN": "0",
        "RRCONT": "8068550079",
        "POLCONT": "8063869321",
        "INV_LINK": "https://safetydata.fra.dot.gov/OfficeofSafety/PublicSite/Crossing/Crossing.aspx?phasetype=C&rpttype=I&txtcrossingnum=017742U",
        "ACC_LINK": "https://safetydata.fra.dot.gov/OfficeofSafety/PublicSite/Crossing/Crossing.aspx?phasetype=C&rpttype=A&txtcrossingnum=017742U",
        "TTSTNNAM": "ROPES",
        "XPURPOSE": "1",
        "OPERATINGR": "LBWR",
        "OPERATIN_1": "Primary",
        "DAYTHRU": 1,
        "NGHTTHRU": 1,
        "MAINTRK": 1,
        "SIDINGTRK": 0,
        "YARDTRK": 0,
        "TRANSITTRK": 0,
        "INDUSTRYTR": 0,
        "OTHRTRK": 0,
        "WDCODE": "Crossbucks",
        "REVISIONDA": "2015/06/18 00:00:00",
        "LASTUPDATE": "4/16/2026",
        "AADT": "30",
        "AADTYEAR": "2022",
        "STATENAME": "TEXAS",
        "STATEAB": "TX",
        "COUNTYNAME": "HOCKLEY",
        "CITYNAME": "ROPESVILLE",
        "LATDD": 33.4577011,
        "LONGDD": -102.0964504,
        "gridlyProductionCertified": true,
        "gridlyClassification": "PUBLIC_ROADWAY",
        "gridlyDisplayName": "OXEN ROAD",
        "gridlyId": "FRA-017742U"
      }
    },
    {
      "type": "Feature",
      "id": 202338,
      "geometry": {
        "type": "Point",
        "coordinates": [
          -102.502868299946,
          33.5952266000948
        ]
      },
      "properties": {
        "OBJECTID": 202338,
        "CROSSING": "017639G",
        "EFFDATE": 1770768000000,
        "REASON": "14",
        "StateCode": "48",
        "CountyCode": "48219",
        "STCYFIPS": "48219",
        "CITYCD": "480797440",
        "RAILROAD": "LBWR",
        "RRDIV": "PLAINS",
        "RRSUBDIV": "WHITEFACE",
        "HIGHWAY": "FM0303",
        "STREET": "FM0303",
        "TTSTN": "677352",
        "MILEPOST": "0032.80",
        "TYPEXING": "Public",
        "POSXING": "At Grade",
        "PRVCAT": "14",
        "INIT": "2",
        "LATITUDE": 33.5952266,
        "LONGITUD": -102.5028683,
        "LLSOURCE": "1",
        "WHISTBAN": "0",
        "RRCONT": "8068550079",
        "POLCONT": "8663869321",
        "INV_LINK": "https://safetydata.fra.dot.gov/OfficeofSafety/PublicSite/Crossing/Crossing.aspx?phasetype=C&rpttype=I&txtcrossingnum=017639G",
        "ACC_LINK": "https://safetydata.fra.dot.gov/OfficeofSafety/PublicSite/Crossing/Crossing.aspx?phasetype=C&rpttype=A&txtcrossingnum=017639G",
        "TTSTNNAM": "COBLE",
        "XPURPOSE": "1",
        "OPERATINGR": "LBWR",
        "OPERATIN_1": "Primary",
        "DAYTHRU": 1,
        "NGHTTHRU": 0,
        "MAINTRK": 1,
        "SIDINGTRK": 0,
        "YARDTRK": 0,
        "TRANSITTRK": 0,
        "INDUSTRYTR": 0,
        "OTHRTRK": 0,
        "WDCODE": "Crossbucks",
        "REVISIONDA": "2015/06/18 00:00:00",
        "LASTUPDATE": "2/11/2026",
        "AADT": "169",
        "AADTYEAR": "2023",
        "STATENAME": "TEXAS",
        "STATEAB": "TX",
        "COUNTYNAME": "HOCKLEY",
        "CITYNAME": "WHITEFACE",
        "LATDD": 33.5952266,
        "LONGDD": -102.5028683,
        "gridlyProductionCertified": true,
        "gridlyClassification": "PUBLIC_ROADWAY",
        "gridlyDisplayName": "FM0303",
        "gridlyId": "FRA-017639G"
      }
    },
    {
      "type": "Feature",
      "id": 203127,
      "geometry": {
        "type": "Point",
        "coordinates": [
          -102.154080000401,
          33.4185400001256
        ]
      },
      "properties": {
        "OBJECTID": 203127,
        "CROSSING": "017745P",
        "EFFDATE": 1712534400000,
        "REASON": "20",
        "StateCode": "48",
        "CountyCode": "48219",
        "STCYFIPS": "48219",
        "CITYCD": "482195940",
        "RAILROAD": "LBWR",
        "RRDIV": "PLAINS",
        "RRSUBDIV": "SEAGRAVES",
        "HIGHWAY": "st062",
        "STREET": "NABURS ROAD",
        "TTSTN": "677370",
        "MILEPOST": "0021.61",
        "TYPEXING": "Private",
        "POSXING": "At Grade",
        "PRVCAT": "20",
        "INIT": "1",
        "LATITUDE": 33.41854,
        "LONGITUD": -102.15408,
        "LLSOURCE": "2",
        "WHISTBAN": "0",
        "RRCONT": "8068550079",
        "POLCONT": "8663869321",
        "INV_LINK": "https://safetydata.fra.dot.gov/OfficeofSafety/PublicSite/Crossing/Crossing.aspx?phasetype=C&rpttype=I&txtcrossingnum=017745P",
        "ACC_LINK": "https://safetydata.fra.dot.gov/OfficeofSafety/PublicSite/Crossing/Crossing.aspx?phasetype=C&rpttype=A&txtcrossingnum=017745P",
        "TTSTNNAM": "ROPES",
        "XPURPOSE": "1",
        "OPERATINGR": "LBWR",
        "OPERATIN_1": "Primary",
        "DAYTHRU": 1,
        "NGHTTHRU": 1,
        "MAINTRK": 1,
        "SIDINGTRK": 0,
        "YARDTRK": 0,
        "TRANSITTRK": 0,
        "INDUSTRYTR": 0,
        "OTHRTRK": 0,
        "WDCODE": "",
        "REVISIONDA": "2015/06/18 00:00:00",
        "LASTUPDATE": "4/8/2024",
        "AADT": "",
        "AADTYEAR": "1983",
        "STATENAME": "TEXAS",
        "STATEAB": "TX",
        "COUNTYNAME": "HOCKLEY",
        "CITYNAME": "ROPESVILLE",
        "LATDD": 33.41854,
        "LONGDD": -102.15408,
        "gridlyProductionCertified": true,
        "gridlyClassification": "PUBLIC_ROADWAY",
        "gridlyDisplayName": "NABURS ROAD",
        "gridlyId": "FRA-017745P"
      }
    },
    {
      "type": "Feature",
      "id": 203134,
      "geometry": {
        "type": "Point",
        "coordinates": [
          -102.157370000179,
          33.4144700001191
        ]
      },
      "properties": {
        "OBJECTID": 203134,
        "CROSSING": "017746W",
        "EFFDATE": 1712534400000,
        "REASON": "20",
        "StateCode": "48",
        "CountyCode": "48219",
        "STCYFIPS": "48219",
        "CITYCD": "482195940",
        "RAILROAD": "LBWR",
        "RRDIV": "PLAINS",
        "RRSUBDIV": "SEAGRAVES",
        "HIGHWAY": "st062",
        "STREET": "ROUNDUP ROAD",
        "TTSTN": "677370",
        "MILEPOST": "0021.92",
        "TYPEXING": "Private",
        "POSXING": "At Grade",
        "PRVCAT": "20",
        "INIT": "1",
        "LATITUDE": 33.41447,
        "LONGITUD": -102.15737,
        "LLSOURCE": "2",
        "WHISTBAN": "0",
        "RRCONT": "8068550079",
        "POLCONT": "8663869321",
        "INV_LINK": "https://safetydata.fra.dot.gov/OfficeofSafety/PublicSite/Crossing/Crossing.aspx?phasetype=C&rpttype=I&txtcrossingnum=017746W",
        "ACC_LINK": "https://safetydata.fra.dot.gov/OfficeofSafety/PublicSite/Crossing/Crossing.aspx?phasetype=C&rpttype=A&txtcrossingnum=017746W",
        "TTSTNNAM": "ROPES",
        "XPURPOSE": "1",
        "OPERATINGR": "LBWR",
        "OPERATIN_1": "Primary",
        "DAYTHRU": 1,
        "NGHTTHRU": 1,
        "MAINTRK": 1,
        "SIDINGTRK": 0,
        "YARDTRK": 0,
        "TRANSITTRK": 0,
        "INDUSTRYTR": 0,
        "OTHRTRK": 0,
        "WDCODE": "",
        "REVISIONDA": "2015/06/18 00:00:00",
        "LASTUPDATE": "4/8/2024",
        "AADT": "",
        "AADTYEAR": "1970",
        "STATENAME": "TEXAS",
        "STATEAB": "TX",
        "COUNTYNAME": "HOCKLEY",
        "CITYNAME": "ROPESVILLE",
        "LATDD": 33.41447,
        "LONGDD": -102.15737,
        "gridlyProductionCertified": true,
        "gridlyClassification": "PUBLIC_ROADWAY",
        "gridlyDisplayName": "ROUNDUP ROAD",
        "gridlyId": "FRA-017746W"
      }
    },
    {
      "type": "Feature",
      "id": 203135,
      "geometry": {
        "type": "Point",
        "coordinates": [
          -102.09014999992,
          33.5824900001601
        ]
      },
      "properties": {
        "OBJECTID": 203135,
        "CROSSING": "017605M",
        "EFFDATE": 1712534400000,
        "REASON": "20",
        "StateCode": "48",
        "CountyCode": "48219",
        "STCYFIPS": "48219",
        "CITYCD": "482196436",
        "RAILROAD": "LBWR",
        "RRDIV": "PLAINS",
        "RRSUBDIV": "WHITEFACE",
        "HIGHWAY": "CO 0000",
        "STREET": "QUAIL RD",
        "TTSTN": "677168",
        "MILEPOST": "0008.94",
        "TYPEXING": "Public",
        "POSXING": "At Grade",
        "PRVCAT": "20",
        "INIT": "1",
        "LATITUDE": 33.58249,
        "LONGITUD": -102.09015,
        "LLSOURCE": "2",
        "WHISTBAN": "0",
        "RRCONT": "8068550079",
        "POLCONT": "8663869321",
        "INV_LINK": "https://safetydata.fra.dot.gov/OfficeofSafety/PublicSite/Crossing/Crossing.aspx?phasetype=C&rpttype=I&txtcrossingnum=017605M",
        "ACC_LINK": "https://safetydata.fra.dot.gov/OfficeofSafety/PublicSite/Crossing/Crossing.aspx?phasetype=C&rpttype=A&txtcrossingnum=017605M",
        "TTSTNNAM": "HURLWOOD",
        "XPURPOSE": "1",
        "OPERATINGR": "LBWR",
        "OPERATIN_1": "Primary",
        "DAYTHRU": 1,
        "NGHTTHRU": 0,
        "MAINTRK": 1,
        "SIDINGTRK": 0,
        "YARDTRK": 0,
        "TRANSITTRK": 0,
        "INDUSTRYTR": 0,
        "OTHRTRK": 0,
        "WDCODE": "Crossbucks",
        "REVISIONDA": "2015/06/18 00:00:00",
        "LASTUPDATE": "4/8/2024",
        "AADT": "149",
        "AADTYEAR": "2019",
        "STATENAME": "TEXAS",
        "STATEAB": "TX",
        "COUNTYNAME": "HOCKLEY",
        "CITYNAME": "SMYER",
        "LATDD": 33.58249,
        "LONGDD": -102.09015,
        "gridlyProductionCertified": true,
        "gridlyClassification": "PUBLIC_ROADWAY",
        "gridlyDisplayName": "QUAIL RD",
        "gridlyId": "FRA-017605M"
      }
    },
    {
      "type": "Feature",
      "id": 203136,
      "geometry": {
        "type": "Point",
        "coordinates": [
          -102.108399999857,
          33.5826800003442
        ]
      },
      "properties": {
        "OBJECTID": 203136,
        "CROSSING": "017606U",
        "EFFDATE": 1712534400000,
        "REASON": "20",
        "StateCode": "48",
        "CountyCode": "48219",
        "STCYFIPS": "48219",
        "CITYCD": "482196436",
        "RAILROAD": "LBWR",
        "RRDIV": "PLAINS",
        "RRSUBDIV": "WHITEFACE",
        "HIGHWAY": "CO 0277",
        "STREET": "OWL",
        "TTSTN": "677340",
        "MILEPOST": "0009.99",
        "TYPEXING": "Public",
        "POSXING": "At Grade",
        "PRVCAT": "20",
        "INIT": "1",
        "LATITUDE": 33.58268,
        "LONGITUD": -102.1084,
        "LLSOURCE": "2",
        "WHISTBAN": "0",
        "RRCONT": "8068550079",
        "POLCONT": "8663869321",
        "INV_LINK": "https://safetydata.fra.dot.gov/OfficeofSafety/PublicSite/Crossing/Crossing.aspx?phasetype=C&rpttype=I&txtcrossingnum=017606U",
        "ACC_LINK": "https://safetydata.fra.dot.gov/OfficeofSafety/PublicSite/Crossing/Crossing.aspx?phasetype=C&rpttype=A&txtcrossingnum=017606U",
        "TTSTNNAM": "SMYER",
        "XPURPOSE": "1",
        "OPERATINGR": "LBWR",
        "OPERATIN_1": "Primary",
        "DAYTHRU": 1,
        "NGHTTHRU": 0,
        "MAINTRK": 1,
        "SIDINGTRK": 0,
        "YARDTRK": 0,
        "TRANSITTRK": 0,
        "INDUSTRYTR": 0,
        "OTHRTRK": 0,
        "WDCODE": "Crossbucks",
        "REVISIONDA": "2015/06/18 00:00:00",
        "LASTUPDATE": "4/8/2024",
        "AADT": "260",
        "AADTYEAR": "2019",
        "STATENAME": "TEXAS",
        "STATEAB": "TX",
        "COUNTYNAME": "HOCKLEY",
        "CITYNAME": "SMYER",
        "LATDD": 33.58268,
        "LONGDD": -102.1084,
        "gridlyProductionCertified": true,
        "gridlyClassification": "PUBLIC_ROADWAY",
        "gridlyDisplayName": "OWL",
        "gridlyId": "FRA-017606U"
      }
    },
    {
      "type": "Feature",
      "id": 203137,
      "geometry": {
        "type": "Point",
        "coordinates": [
          -102.080839999554,
          33.4673100003706
        ]
      },
      "properties": {
        "OBJECTID": 203137,
        "CROSSING": "017740F",
        "EFFDATE": 1712534400000,
        "REASON": "20",
        "StateCode": "48",
        "CountyCode": "48219",
        "STCYFIPS": "48219",
        "CITYCD": "483037585",
        "RAILROAD": "LBWR",
        "RRDIV": "PLAINS",
        "RRSUBDIV": "SEAGRAVES",
        "HIGHWAY": "st0114",
        "STREET": "PRIVATE",
        "TTSTN": "677193",
        "MILEPOST": "0016.14",
        "TYPEXING": "Private",
        "POSXING": "At Grade",
        "PRVCAT": "20",
        "INIT": "1",
        "LATITUDE": 33.46731,
        "LONGITUD": -102.08084,
        "LLSOURCE": "2",
        "WHISTBAN": "0",
        "RRCONT": "8068550079",
        "POLCONT": "8663869321",
        "INV_LINK": "https://safetydata.fra.dot.gov/OfficeofSafety/PublicSite/Crossing/Crossing.aspx?phasetype=C&rpttype=I&txtcrossingnum=017740F",
        "ACC_LINK": "https://safetydata.fra.dot.gov/OfficeofSafety/PublicSite/Crossing/Crossing.aspx?phasetype=C&rpttype=A&txtcrossingnum=017740F",
        "TTSTNNAM": "WOLFFORTH",
        "XPURPOSE": "1",
        "OPERATINGR": "LBWR",
        "OPERATIN_1": "Primary",
        "DAYTHRU": 1,
        "NGHTTHRU": 1,
        "MAINTRK": 1,
        "SIDINGTRK": 0,
        "YARDTRK": 0,
        "TRANSITTRK": 0,
        "INDUSTRYTR": 0,
        "OTHRTRK": 0,
        "WDCODE": "",
        "REVISIONDA": "2015/06/18 00:00:00",
        "LASTUPDATE": "4/8/2024",
        "AADT": "",
        "AADTYEAR": "1970",
        "STATENAME": "TEXAS",
        "STATEAB": "TX",
        "COUNTYNAME": "HOCKLEY",
        "CITYNAME": "WOLFFORTH",
        "LATDD": 33.46731,
        "LONGDD": -102.08084,
        "gridlyProductionCertified": true,
        "gridlyClassification": "PUBLIC_ROADWAY",
        "gridlyDisplayName": "PRIVATE",
        "gridlyId": "FRA-017740F"
      }
    },
    {
      "type": "Feature",
      "id": 203140,
      "geometry": {
        "type": "Point",
        "coordinates": [
          -102.126629999703,
          33.5829199997425
        ]
      },
      "properties": {
        "OBJECTID": 203140,
        "CROSSING": "017607B",
        "EFFDATE": 1712534400000,
        "REASON": "20",
        "StateCode": "48",
        "CountyCode": "48219",
        "STCYFIPS": "48219",
        "CITYCD": "482196436",
        "RAILROAD": "LBWR",
        "RRDIV": "PLAINS",
        "RRSUBDIV": "WHITEFACE",
        "HIGHWAY": "CO 0275",
        "STREET": "NIGHTINGALE",
        "TTSTN": "677340",
        "MILEPOST": "0011.05",
        "TYPEXING": "Public",
        "POSXING": "At Grade",
        "PRVCAT": "20",
        "INIT": "1",
        "LATITUDE": 33.58292,
        "LONGITUD": -102.12663,
        "LLSOURCE": "2",
        "WHISTBAN": "0",
        "RRCONT": "8068550079",
        "POLCONT": "8663869321",
        "INV_LINK": "https://safetydata.fra.dot.gov/OfficeofSafety/PublicSite/Crossing/Crossing.aspx?phasetype=C&rpttype=I&txtcrossingnum=017607B",
        "ACC_LINK": "https://safetydata.fra.dot.gov/OfficeofSafety/PublicSite/Crossing/Crossing.aspx?phasetype=C&rpttype=A&txtcrossingnum=017607B",
        "TTSTNNAM": "SMYER",
        "XPURPOSE": "1",
        "OPERATINGR": "LBWR",
        "OPERATIN_1": "Primary",
        "DAYTHRU": 1,
        "NGHTTHRU": 0,
        "MAINTRK": 1,
        "SIDINGTRK": 0,
        "YARDTRK": 0,
        "TRANSITTRK": 0,
        "INDUSTRYTR": 0,
        "OTHRTRK": 0,
        "WDCODE": "Crossbucks",
        "REVISIONDA": "2015/06/18 00:00:00",
        "LASTUPDATE": "4/8/2024",
        "AADT": "104",
        "AADTYEAR": "2019",
        "STATENAME": "TEXAS",
        "STATEAB": "TX",
        "COUNTYNAME": "HOCKLEY",
        "CITYNAME": "SMYER",
        "LATDD": 33.58292,
        "LONGDD": -102.12663,
        "gridlyProductionCertified": true,
        "gridlyClassification": "PUBLIC_ROADWAY",
        "gridlyDisplayName": "NIGHTINGALE",
        "gridlyId": "FRA-017607B"
      }
    },
    {
      "type": "Feature",
      "id": 203141,
      "geometry": {
        "type": "Point",
        "coordinates": [
          -102.139839999942,
          33.5830499996991
        ]
      },
      "properties": {
        "OBJECTID": 203141,
        "CROSSING": "017608H",
        "EFFDATE": 1712534400000,
        "REASON": "20",
        "StateCode": "48",
        "CountyCode": "48219",
        "STCYFIPS": "48219",
        "CITYCD": "482196436",
        "RAILROAD": "LBWR",
        "RRDIV": "PLAINS",
        "RRSUBDIV": "WHITEFACE",
        "HIGHWAY": "st0114",
        "STREET": "PRIVATE",
        "TTSTN": "677340",
        "MILEPOST": "0011.81",
        "TYPEXING": "Private",
        "POSXING": "At Grade",
        "PRVCAT": "20",
        "INIT": "1",
        "LATITUDE": 33.58305,
        "LONGITUD": -102.13984,
        "LLSOURCE": "2",
        "WHISTBAN": "0",
        "RRCONT": "8068550079",
        "POLCONT": "8663869321",
        "INV_LINK": "https://safetydata.fra.dot.gov/OfficeofSafety/PublicSite/Crossing/Crossing.aspx?phasetype=C&rpttype=I&txtcrossingnum=017608H",
        "ACC_LINK": "https://safetydata.fra.dot.gov/OfficeofSafety/PublicSite/Crossing/Crossing.aspx?phasetype=C&rpttype=A&txtcrossingnum=017608H",
        "TTSTNNAM": "SMYER",
        "XPURPOSE": "1",
        "OPERATINGR": "LBWR",
        "OPERATIN_1": "Primary",
        "DAYTHRU": 1,
        "NGHTTHRU": 0,
        "MAINTRK": 1,
        "SIDINGTRK": 0,
        "YARDTRK": 0,
        "TRANSITTRK": 0,
        "INDUSTRYTR": 0,
        "OTHRTRK": 0,
        "WDCODE": "",
        "REVISIONDA": "2015/06/18 00:00:00",
        "LASTUPDATE": "4/8/2024",
        "AADT": "",
        "AADTYEAR": "1970",
        "STATENAME": "TEXAS",
        "STATEAB": "TX",
        "COUNTYNAME": "HOCKLEY",
        "CITYNAME": "SMYER",
        "LATDD": 33.58305,
        "LONGDD": -102.13984,
        "gridlyProductionCertified": true,
        "gridlyClassification": "PUBLIC_ROADWAY",
        "gridlyDisplayName": "PRIVATE",
        "gridlyId": "FRA-017608H"
      }
    },
    {
      "type": "Feature",
      "id": 203142,
      "geometry": {
        "type": "Point",
        "coordinates": [
          -102.144889999686,
          33.5831200002278
        ]
      },
      "properties": {
        "OBJECTID": 203142,
        "CROSSING": "017610J",
        "EFFDATE": 1712534400000,
        "REASON": "20",
        "StateCode": "48",
        "CountyCode": "48219",
        "STCYFIPS": "48219",
        "CITYCD": "482196436",
        "RAILROAD": "LBWR",
        "RRDIV": "PLAINS",
        "RRSUBDIV": "WHITEFACE",
        "HIGHWAY": "CO 0274",
        "STREET": "MALLARD",
        "TTSTN": "677340",
        "MILEPOST": "0012.10",
        "TYPEXING": "Public",
        "POSXING": "At Grade",
        "PRVCAT": "20",
        "INIT": "1",
        "LATITUDE": 33.58312,
        "LONGITUD": -102.14489,
        "LLSOURCE": "2",
        "WHISTBAN": "0",
        "RRCONT": "8068550079",
        "POLCONT": "8663869321",
        "INV_LINK": "https://safetydata.fra.dot.gov/OfficeofSafety/PublicSite/Crossing/Crossing.aspx?phasetype=C&rpttype=I&txtcrossingnum=017610J",
        "ACC_LINK": "https://safetydata.fra.dot.gov/OfficeofSafety/PublicSite/Crossing/Crossing.aspx?phasetype=C&rpttype=A&txtcrossingnum=017610J",
        "TTSTNNAM": "SMYER",
        "XPURPOSE": "1",
        "OPERATINGR": "LBWR",
        "OPERATIN_1": "Primary",
        "DAYTHRU": 1,
        "NGHTTHRU": 0,
        "MAINTRK": 1,
        "SIDINGTRK": 0,
        "YARDTRK": 0,
        "TRANSITTRK": 0,
        "INDUSTRYTR": 0,
        "OTHRTRK": 0,
        "WDCODE": "Crossbucks",
        "REVISIONDA": "2015/06/18 00:00:00",
        "LASTUPDATE": "4/8/2024",
        "AADT": "32",
        "AADTYEAR": "2019",
        "STATENAME": "TEXAS",
        "STATEAB": "TX",
        "COUNTYNAME": "HOCKLEY",
        "CITYNAME": "SMYER",
        "LATDD": 33.58312,
        "LONGDD": -102.14489,
        "gridlyProductionCertified": true,
        "gridlyClassification": "PUBLIC_ROADWAY",
        "gridlyDisplayName": "MALLARD",
        "gridlyId": "FRA-017610J"
      }
    },
    {
      "type": "Feature",
      "id": 203144,
      "geometry": {
        "type": "Point",
        "coordinates": [
          -102.154050000264,
          33.5832100001828
        ]
      },
      "properties": {
        "OBJECTID": 203144,
        "CROSSING": "017611R",
        "EFFDATE": 1712534400000,
        "REASON": "20",
        "StateCode": "48",
        "CountyCode": "48219",
        "STCYFIPS": "48219",
        "CITYCD": "482196436",
        "RAILROAD": "LBWR",
        "RRDIV": "PLAINS",
        "RRSUBDIV": "WHITEFACE",
        "HIGHWAY": "CO 0273",
        "STREET": "CEMETERY",
        "TTSTN": "677340",
        "MILEPOST": "0012.62",
        "TYPEXING": "Public",
        "POSXING": "At Grade",
        "PRVCAT": "20",
        "INIT": "1",
        "LATITUDE": 33.58321,
        "LONGITUD": -102.15405,
        "LLSOURCE": "2",
        "WHISTBAN": "0",
        "RRCONT": "8068550079",
        "POLCONT": "8663869321",
        "INV_LINK": "https://safetydata.fra.dot.gov/OfficeofSafety/PublicSite/Crossing/Crossing.aspx?phasetype=C&rpttype=I&txtcrossingnum=017611R",
        "ACC_LINK": "https://safetydata.fra.dot.gov/OfficeofSafety/PublicSite/Crossing/Crossing.aspx?phasetype=C&rpttype=A&txtcrossingnum=017611R",
        "TTSTNNAM": "SMYER",
        "XPURPOSE": "1",
        "OPERATINGR": "LBWR",
        "OPERATIN_1": "Primary",
        "DAYTHRU": 1,
        "NGHTTHRU": 0,
        "MAINTRK": 1,
        "SIDINGTRK": 0,
        "YARDTRK": 0,
        "TRANSITTRK": 0,
        "INDUSTRYTR": 0,
        "OTHRTRK": 0,
        "WDCODE": "Crossbucks",
        "REVISIONDA": "2015/06/18 00:00:00",
        "LASTUPDATE": "4/8/2024",
        "AADT": "50",
        "AADTYEAR": "2016",
        "STATENAME": "TEXAS",
        "STATEAB": "TX",
        "COUNTYNAME": "HOCKLEY",
        "CITYNAME": "SMYER",
        "LATDD": 33.58321,
        "LONGDD": -102.15405,
        "gridlyProductionCertified": true,
        "gridlyClassification": "PUBLIC_ROADWAY",
        "gridlyDisplayName": "CEMETERY",
        "gridlyId": "FRA-017611R"
      }
    },
    {
      "type": "Feature",
      "id": 203145,
      "geometry": {
        "type": "Point",
        "coordinates": [
          -102.163169399686,
          33.583362500204
        ]
      },
      "properties": {
        "OBJECTID": 203145,
        "CROSSING": "017612X",
        "EFFDATE": 1712534400000,
        "REASON": "20",
        "StateCode": "48",
        "CountyCode": "48219",
        "STCYFIPS": "48219",
        "CITYCD": "482196436",
        "RAILROAD": "LBWR",
        "RRDIV": "PLAINS",
        "RRSUBDIV": "WHITEFACE",
        "HIGHWAY": "FM 0168",
        "STREET": "FM 0168",
        "TTSTN": "677340",
        "MILEPOST": "0013.15",
        "TYPEXING": "Public",
        "POSXING": "At Grade",
        "PRVCAT": "20",
        "INIT": "1",
        "LATITUDE": 33.5833625,
        "LONGITUD": -102.1631694,
        "LLSOURCE": "2",
        "WHISTBAN": "0",
        "RRCONT": "8068550079",
        "POLCONT": "8663869321",
        "INV_LINK": "https://safetydata.fra.dot.gov/OfficeofSafety/PublicSite/Crossing/Crossing.aspx?phasetype=C&rpttype=I&txtcrossingnum=017612X",
        "ACC_LINK": "https://safetydata.fra.dot.gov/OfficeofSafety/PublicSite/Crossing/Crossing.aspx?phasetype=C&rpttype=A&txtcrossingnum=017612X",
        "TTSTNNAM": "SMYER",
        "XPURPOSE": "1",
        "OPERATINGR": "LBWR",
        "OPERATIN_1": "Primary",
        "DAYTHRU": 1,
        "NGHTTHRU": 0,
        "MAINTRK": 1,
        "SIDINGTRK": 1,
        "YARDTRK": 0,
        "TRANSITTRK": 0,
        "INDUSTRYTR": 0,
        "OTHRTRK": 0,
        "WDCODE": "Crossbucks",
        "REVISIONDA": "2015/06/18 00:00:00",
        "LASTUPDATE": "4/8/2024",
        "AADT": "556",
        "AADTYEAR": "2019",
        "STATENAME": "TEXAS",
        "STATEAB": "TX",
        "COUNTYNAME": "HOCKLEY",
        "CITYNAME": "SMYER",
        "LATDD": 33.5833625,
        "LONGDD": -102.1631694,
        "gridlyProductionCertified": true,
        "gridlyClassification": "PUBLIC_ROADWAY",
        "gridlyDisplayName": "FM 0168",
        "gridlyId": "FRA-017612X"
      }
    },
    {
      "type": "Feature",
      "id": 203146,
      "geometry": {
        "type": "Point",
        "coordinates": [
          -102.174719999593,
          33.5834399998907
        ]
      },
      "properties": {
        "OBJECTID": 203146,
        "CROSSING": "017613E",
        "EFFDATE": 1712534400000,
        "REASON": "20",
        "StateCode": "48",
        "CountyCode": "48219",
        "STCYFIPS": "48219",
        "CITYCD": "482196436",
        "RAILROAD": "LBWR",
        "RRDIV": "PLAINS",
        "RRSUBDIV": "WHITEFACE",
        "HIGHWAY": "st0114",
        "STREET": "PRIVATE",
        "TTSTN": "677340",
        "MILEPOST": "0013.82",
        "TYPEXING": "Private",
        "POSXING": "At Grade",
        "PRVCAT": "20",
        "INIT": "1",
        "LATITUDE": 33.58344,
        "LONGITUD": -102.17472,
        "LLSOURCE": "2",
        "WHISTBAN": "0",
        "RRCONT": "8068550079",
        "POLCONT": "8663869321",
        "INV_LINK": "https://safetydata.fra.dot.gov/OfficeofSafety/PublicSite/Crossing/Crossing.aspx?phasetype=C&rpttype=I&txtcrossingnum=017613E",
        "ACC_LINK": "https://safetydata.fra.dot.gov/OfficeofSafety/PublicSite/Crossing/Crossing.aspx?phasetype=C&rpttype=A&txtcrossingnum=017613E",
        "TTSTNNAM": "SMYER",
        "XPURPOSE": "1",
        "OPERATINGR": "LBWR",
        "OPERATIN_1": "Primary",
        "DAYTHRU": 1,
        "NGHTTHRU": 0,
        "MAINTRK": 1,
        "SIDINGTRK": 0,
        "YARDTRK": 0,
        "TRANSITTRK": 0,
        "INDUSTRYTR": 0,
        "OTHRTRK": 0,
        "WDCODE": "",
        "REVISIONDA": "2015/06/18 00:00:00",
        "LASTUPDATE": "4/8/2024",
        "AADT": "",
        "AADTYEAR": "1970",
        "STATENAME": "TEXAS",
        "STATEAB": "TX",
        "COUNTYNAME": "HOCKLEY",
        "CITYNAME": "SMYER",
        "LATDD": 33.58344,
        "LONGDD": -102.17472,
        "gridlyProductionCertified": true,
        "gridlyClassification": "PUBLIC_ROADWAY",
        "gridlyDisplayName": "PRIVATE",
        "gridlyId": "FRA-017613E"
      }
    },
    {
      "type": "Feature",
      "id": 203147,
      "geometry": {
        "type": "Point",
        "coordinates": [
          -102.18137329988,
          33.5835568000893
        ]
      },
      "properties": {
        "OBJECTID": 203147,
        "CROSSING": "017614L",
        "EFFDATE": 1712534400000,
        "REASON": "20",
        "StateCode": "48",
        "CountyCode": "48219",
        "STCYFIPS": "48219",
        "CITYCD": "482196436",
        "RAILROAD": "LBWR",
        "RRDIV": "PLAINS",
        "RRSUBDIV": "WHITEFACE",
        "HIGHWAY": "CO 0254",
        "STREET": "LOVEBIRD",
        "TTSTN": "677340",
        "MILEPOST": "0014.20",
        "TYPEXING": "Public",
        "POSXING": "At Grade",
        "PRVCAT": "20",
        "INIT": "1",
        "LATITUDE": 33.5835568,
        "LONGITUD": -102.1813733,
        "LLSOURCE": "2",
        "WHISTBAN": "0",
        "RRCONT": "8068550079",
        "POLCONT": "8663869321",
        "INV_LINK": "https://safetydata.fra.dot.gov/OfficeofSafety/PublicSite/Crossing/Crossing.aspx?phasetype=C&rpttype=I&txtcrossingnum=017614L",
        "ACC_LINK": "https://safetydata.fra.dot.gov/OfficeofSafety/PublicSite/Crossing/Crossing.aspx?phasetype=C&rpttype=A&txtcrossingnum=017614L",
        "TTSTNNAM": "SMYER",
        "XPURPOSE": "1",
        "OPERATINGR": "LBWR",
        "OPERATIN_1": "Primary",
        "DAYTHRU": 1,
        "NGHTTHRU": 0,
        "MAINTRK": 1,
        "SIDINGTRK": 0,
        "YARDTRK": 0,
        "TRANSITTRK": 0,
        "INDUSTRYTR": 0,
        "OTHRTRK": 0,
        "WDCODE": "Crossbucks",
        "REVISIONDA": "2015/06/18 00:00:00",
        "LASTUPDATE": "4/8/2024",
        "AADT": "127",
        "AADTYEAR": "2019",
        "STATENAME": "TEXAS",
        "STATEAB": "TX",
        "COUNTYNAME": "HOCKLEY",
        "CITYNAME": "SMYER",
        "LATDD": 33.5835568,
        "LONGDD": -102.1813733,
        "gridlyProductionCertified": true,
        "gridlyClassification": "PUBLIC_ROADWAY",
        "gridlyDisplayName": "LOVEBIRD",
        "gridlyId": "FRA-017614L"
      }
    },
    {
      "type": "Feature",
      "id": 203148,
      "geometry": {
        "type": "Point",
        "coordinates": [
          -102.217684199895,
          33.5884252998563
        ]
      },
      "properties": {
        "OBJECTID": 203148,
        "CROSSING": "017616A",
        "EFFDATE": 1712534400000,
        "REASON": "20",
        "StateCode": "48",
        "CountyCode": "48219",
        "STCYFIPS": "48219",
        "CITYCD": "482196436",
        "RAILROAD": "LBWR",
        "RRDIV": "PLAINS",
        "RRSUBDIV": "WHITEFACE",
        "HIGHWAY": "CO 0253",
        "STREET": "HUMMINGBIRD",
        "TTSTN": "677340",
        "MILEPOST": "0016.33",
        "TYPEXING": "Public",
        "POSXING": "At Grade",
        "PRVCAT": "20",
        "INIT": "1",
        "LATITUDE": 33.5884253,
        "LONGITUD": -102.2176842,
        "LLSOURCE": "2",
        "WHISTBAN": "0",
        "RRCONT": "8068550079",
        "POLCONT": "8663869321",
        "INV_LINK": "https://safetydata.fra.dot.gov/OfficeofSafety/PublicSite/Crossing/Crossing.aspx?phasetype=C&rpttype=I&txtcrossingnum=017616A",
        "ACC_LINK": "https://safetydata.fra.dot.gov/OfficeofSafety/PublicSite/Crossing/Crossing.aspx?phasetype=C&rpttype=A&txtcrossingnum=017616A",
        "TTSTNNAM": "SMYER",
        "XPURPOSE": "1",
        "OPERATINGR": "LBWR",
        "OPERATIN_1": "Primary",
        "DAYTHRU": 1,
        "NGHTTHRU": 0,
        "MAINTRK": 1,
        "SIDINGTRK": 0,
        "YARDTRK": 0,
        "TRANSITTRK": 0,
        "INDUSTRYTR": 0,
        "OTHRTRK": 0,
        "WDCODE": "Crossbucks",
        "REVISIONDA": "2015/06/18 00:00:00",
        "LASTUPDATE": "4/8/2024",
        "AADT": "58",
        "AADTYEAR": "2019",
        "STATENAME": "TEXAS",
        "STATEAB": "TX",
        "COUNTYNAME": "HOCKLEY",
        "CITYNAME": "SMYER",
        "LATDD": 33.5884253,
        "LONGDD": -102.2176842,
        "gridlyProductionCertified": true,
        "gridlyClassification": "PUBLIC_ROADWAY",
        "gridlyDisplayName": "HUMMINGBIRD",
        "gridlyId": "FRA-017616A"
      }
    },
    {
      "type": "Feature",
      "id": 203149,
      "geometry": {
        "type": "Point",
        "coordinates": [
          -102.246617499689,
          33.5923412002242
        ]
      },
      "properties": {
        "OBJECTID": 203149,
        "CROSSING": "017617G",
        "EFFDATE": 1712534400000,
        "REASON": "20",
        "StateCode": "48",
        "CountyCode": "48219",
        "STCYFIPS": "48219",
        "CITYCD": "482196436",
        "RAILROAD": "LBWR",
        "RRDIV": "PLAINS",
        "RRSUBDIV": "WHITEFACE",
        "HIGHWAY": "CO 0242",
        "STREET": "GULL RD",
        "TTSTN": "677340",
        "MILEPOST": "0018.02",
        "TYPEXING": "Public",
        "POSXING": "At Grade",
        "PRVCAT": "20",
        "INIT": "1",
        "LATITUDE": 33.5923412,
        "LONGITUD": -102.2466175,
        "LLSOURCE": "2",
        "WHISTBAN": "0",
        "RRCONT": "8068550079",
        "POLCONT": "8663869321",
        "INV_LINK": "https://safetydata.fra.dot.gov/OfficeofSafety/PublicSite/Crossing/Crossing.aspx?phasetype=C&rpttype=I&txtcrossingnum=017617G",
        "ACC_LINK": "https://safetydata.fra.dot.gov/OfficeofSafety/PublicSite/Crossing/Crossing.aspx?phasetype=C&rpttype=A&txtcrossingnum=017617G",
        "TTSTNNAM": "SMYER",
        "XPURPOSE": "1",
        "OPERATINGR": "LBWR",
        "OPERATIN_1": "Primary",
        "DAYTHRU": 1,
        "NGHTTHRU": 0,
        "MAINTRK": 1,
        "SIDINGTRK": 0,
        "YARDTRK": 0,
        "TRANSITTRK": 0,
        "INDUSTRYTR": 0,
        "OTHRTRK": 0,
        "WDCODE": "Crossbucks",
        "REVISIONDA": "2015/06/18 00:00:00",
        "LASTUPDATE": "4/8/2024",
        "AADT": "15",
        "AADTYEAR": "2019",
        "STATENAME": "TEXAS",
        "STATEAB": "TX",
        "COUNTYNAME": "HOCKLEY",
        "CITYNAME": "SMYER",
        "LATDD": 33.5923412,
        "LONGDD": -102.2466175,
        "gridlyProductionCertified": true,
        "gridlyClassification": "PUBLIC_ROADWAY",
        "gridlyDisplayName": "GULL RD",
        "gridlyId": "FRA-017617G"
      }
    },
    {
      "type": "Feature",
      "id": 203152,
      "geometry": {
        "type": "Point",
        "coordinates": [
          -102.274921899732,
          33.592659499995
        ]
      },
      "properties": {
        "OBJECTID": 203152,
        "CROSSING": "017619V",
        "EFFDATE": 1712534400000,
        "REASON": "20",
        "StateCode": "48",
        "CountyCode": "48219",
        "STCYFIPS": "48219",
        "CITYCD": "482193950",
        "RAILROAD": "LBWR",
        "RRDIV": "PLAINS",
        "RRSUBDIV": "WHITEFACE",
        "HIGHWAY": "CO 0234",
        "STREET": "OPDYKE GIN",
        "TTSTN": "677350",
        "MILEPOST": "0019.64",
        "TYPEXING": "Public",
        "POSXING": "At Grade",
        "PRVCAT": "20",
        "INIT": "1",
        "LATITUDE": 33.5926595,
        "LONGITUD": -102.2749219,
        "LLSOURCE": "2",
        "WHISTBAN": "0",
        "RRCONT": "8068550079",
        "POLCONT": "8663869321",
        "INV_LINK": "https://safetydata.fra.dot.gov/OfficeofSafety/PublicSite/Crossing/Crossing.aspx?phasetype=C&rpttype=I&txtcrossingnum=017619V",
        "ACC_LINK": "https://safetydata.fra.dot.gov/OfficeofSafety/PublicSite/Crossing/Crossing.aspx?phasetype=C&rpttype=A&txtcrossingnum=017619V",
        "TTSTNNAM": "LEVELLAND",
        "XPURPOSE": "1",
        "OPERATINGR": "LBWR",
        "OPERATIN_1": "Primary",
        "DAYTHRU": 1,
        "NGHTTHRU": 0,
        "MAINTRK": 1,
        "SIDINGTRK": 0,
        "YARDTRK": 0,
        "TRANSITTRK": 0,
        "INDUSTRYTR": 0,
        "OTHRTRK": 0,
        "WDCODE": "Crossbucks",
        "REVISIONDA": "2015/06/18 00:00:00",
        "LASTUPDATE": "4/8/2024",
        "AADT": "66",
        "AADTYEAR": "2019",
        "STATENAME": "TEXAS",
        "STATEAB": "TX",
        "COUNTYNAME": "HOCKLEY",
        "CITYNAME": "LEVELLAND",
        "LATDD": 33.5926595,
        "LONGDD": -102.2749219,
        "gridlyProductionCertified": true,
        "gridlyClassification": "PUBLIC_ROADWAY",
        "gridlyDisplayName": "OPDYKE GIN",
        "gridlyId": "FRA-017619V"
      }
    },
    {
      "type": "Feature",
      "id": 203153,
      "geometry": {
        "type": "Point",
        "coordinates": [
          -102.288508000326,
          33.5928321998154
        ]
      },
      "properties": {
        "OBJECTID": 203153,
        "CROSSING": "017620P",
        "EFFDATE": 1712534400000,
        "REASON": "20",
        "StateCode": "48",
        "CountyCode": "48219",
        "STCYFIPS": "48219",
        "CITYCD": "482193950",
        "RAILROAD": "LBWR",
        "RRDIV": "PLAINS",
        "RRSUBDIV": "WHITEFACE",
        "HIGHWAY": "ST 0114",
        "STREET": "LAKEVIEW RD",
        "TTSTN": "677350",
        "MILEPOST": "0020.42",
        "TYPEXING": "Public",
        "POSXING": "At Grade",
        "PRVCAT": "20",
        "INIT": "1",
        "LATITUDE": 33.5928322,
        "LONGITUD": -102.288508,
        "LLSOURCE": "2",
        "WHISTBAN": "0",
        "RRCONT": "8068550079",
        "POLCONT": "8663869321",
        "INV_LINK": "https://safetydata.fra.dot.gov/OfficeofSafety/PublicSite/Crossing/Crossing.aspx?phasetype=C&rpttype=I&txtcrossingnum=017620P",
        "ACC_LINK": "https://safetydata.fra.dot.gov/OfficeofSafety/PublicSite/Crossing/Crossing.aspx?phasetype=C&rpttype=A&txtcrossingnum=017620P",
        "TTSTNNAM": "LEVELLAND",
        "XPURPOSE": "1",
        "OPERATINGR": "LBWR",
        "OPERATIN_1": "Primary",
        "DAYTHRU": 1,
        "NGHTTHRU": 0,
        "MAINTRK": 1,
        "SIDINGTRK": 0,
        "YARDTRK": 0,
        "TRANSITTRK": 0,
        "INDUSTRYTR": 0,
        "OTHRTRK": 0,
        "WDCODE": "Crossbucks",
        "REVISIONDA": "2015/06/18 00:00:00",
        "LASTUPDATE": "4/8/2024",
        "AADT": "17",
        "AADTYEAR": "2019",
        "STATENAME": "TEXAS",
        "STATEAB": "TX",
        "COUNTYNAME": "HOCKLEY",
        "CITYNAME": "LEVELLAND",
        "LATDD": 33.5928322,
        "LONGDD": -102.288508,
        "gridlyProductionCertified": true,
        "gridlyClassification": "PUBLIC_ROADWAY",
        "gridlyDisplayName": "LAKEVIEW RD",
        "gridlyId": "FRA-017620P"
      }
    },
    {
      "type": "Feature",
      "id": 203154,
      "geometry": {
        "type": "Point",
        "coordinates": [
          -102.302646699567,
          33.5929848003106
        ]
      },
      "properties": {
        "OBJECTID": 203154,
        "CROSSING": "017621W",
        "EFFDATE": 1712534400000,
        "REASON": "20",
        "StateCode": "48",
        "CountyCode": "48219",
        "STCYFIPS": "48219",
        "CITYCD": "482193950",
        "RAILROAD": "LBWR",
        "RRDIV": "PLAINS",
        "RRSUBDIV": "WHITEFACE",
        "HIGHWAY": "CO 0231",
        "STREET": "BARTON LN",
        "TTSTN": "677350",
        "MILEPOST": "0021.24",
        "TYPEXING": "Public",
        "POSXING": "At Grade",
        "PRVCAT": "20",
        "INIT": "1",
        "LATITUDE": 33.5929848,
        "LONGITUD": -102.3026467,
        "LLSOURCE": "2",
        "WHISTBAN": "0",
        "RRCONT": "8068550079",
        "POLCONT": "8663869321",
        "INV_LINK": "https://safetydata.fra.dot.gov/OfficeofSafety/PublicSite/Crossing/Crossing.aspx?phasetype=C&rpttype=I&txtcrossingnum=017621W",
        "ACC_LINK": "https://safetydata.fra.dot.gov/OfficeofSafety/PublicSite/Crossing/Crossing.aspx?phasetype=C&rpttype=A&txtcrossingnum=017621W",
        "TTSTNNAM": "LEVELLAND",
        "XPURPOSE": "1",
        "OPERATINGR": "LBWR",
        "OPERATIN_1": "Primary",
        "DAYTHRU": 1,
        "NGHTTHRU": 0,
        "MAINTRK": 1,
        "SIDINGTRK": 0,
        "YARDTRK": 0,
        "TRANSITTRK": 0,
        "INDUSTRYTR": 0,
        "OTHRTRK": 0,
        "WDCODE": "Crossbucks",
        "REVISIONDA": "2015/06/18 00:00:00",
        "LASTUPDATE": "4/8/2024",
        "AADT": "17",
        "AADTYEAR": "2019",
        "STATENAME": "TEXAS",
        "STATEAB": "TX",
        "COUNTYNAME": "HOCKLEY",
        "CITYNAME": "LEVELLAND",
        "LATDD": 33.5929848,
        "LONGDD": -102.3026467,
        "gridlyProductionCertified": true,
        "gridlyClassification": "PUBLIC_ROADWAY",
        "gridlyDisplayName": "BARTON LN",
        "gridlyId": "FRA-017621W"
      }
    },
    {
      "type": "Feature",
      "id": 203155,
      "geometry": {
        "type": "Point",
        "coordinates": [
          -102.266135999859,
          33.592556399849
        ]
      },
      "properties": {
        "OBJECTID": 203155,
        "CROSSING": "017618N",
        "EFFDATE": 1712534400000,
        "REASON": "20",
        "StateCode": "48",
        "CountyCode": "48219",
        "STCYFIPS": "48219",
        "CITYCD": "482196436",
        "RAILROAD": "LBWR",
        "RRDIV": "PLAINS",
        "RRSUBDIV": "WHITEFACE",
        "HIGHWAY": "FM 2646",
        "STREET": "FM 2646",
        "TTSTN": "677340",
        "MILEPOST": "0019.14",
        "TYPEXING": "Public",
        "POSXING": "At Grade",
        "PRVCAT": "20",
        "INIT": "1",
        "LATITUDE": 33.5925564,
        "LONGITUD": -102.266136,
        "LLSOURCE": "2",
        "WHISTBAN": "0",
        "RRCONT": "8068550079",
        "POLCONT": "8663869321",
        "INV_LINK": "https://safetydata.fra.dot.gov/OfficeofSafety/PublicSite/Crossing/Crossing.aspx?phasetype=C&rpttype=I&txtcrossingnum=017618N",
        "ACC_LINK": "https://safetydata.fra.dot.gov/OfficeofSafety/PublicSite/Crossing/Crossing.aspx?phasetype=C&rpttype=A&txtcrossingnum=017618N",
        "TTSTNNAM": "SMYER",
        "XPURPOSE": "1",
        "OPERATINGR": "LBWR",
        "OPERATIN_1": "Primary",
        "DAYTHRU": 1,
        "NGHTTHRU": 0,
        "MAINTRK": 1,
        "SIDINGTRK": 0,
        "YARDTRK": 0,
        "TRANSITTRK": 0,
        "INDUSTRYTR": 0,
        "OTHRTRK": 0,
        "WDCODE": "Crossbucks",
        "REVISIONDA": "2015/06/18 00:00:00",
        "LASTUPDATE": "4/8/2024",
        "AADT": "324",
        "AADTYEAR": "2019",
        "STATENAME": "TEXAS",
        "STATEAB": "TX",
        "COUNTYNAME": "HOCKLEY",
        "CITYNAME": "SMYER",
        "LATDD": 33.5925564,
        "LONGDD": -102.266136,
        "gridlyProductionCertified": true,
        "gridlyClassification": "PUBLIC_ROADWAY",
        "gridlyDisplayName": "FM 2646",
        "gridlyId": "FRA-017618N"
      }
    },
    {
      "type": "Feature",
      "id": 203156,
      "geometry": {
        "type": "Point",
        "coordinates": [
          -102.32180410035,
          33.5932096003206
        ]
      },
      "properties": {
        "OBJECTID": 203156,
        "CROSSING": "017622D",
        "EFFDATE": 1712534400000,
        "REASON": "20",
        "StateCode": "48",
        "CountyCode": "48219",
        "STCYFIPS": "48219",
        "CITYCD": "482193950",
        "RAILROAD": "LBWR",
        "RRDIV": "PLAINS",
        "RRSUBDIV": "WHITEFACE",
        "HIGHWAY": "FM 3261",
        "STREET": "H MORELAND RD",
        "TTSTN": "677350",
        "MILEPOST": "0022.35",
        "TYPEXING": "Public",
        "POSXING": "At Grade",
        "PRVCAT": "20",
        "INIT": "1",
        "LATITUDE": 33.5932096,
        "LONGITUD": -102.3218041,
        "LLSOURCE": "2",
        "WHISTBAN": "0",
        "RRCONT": "8068550079",
        "POLCONT": "8663869321",
        "INV_LINK": "https://safetydata.fra.dot.gov/OfficeofSafety/PublicSite/Crossing/Crossing.aspx?phasetype=C&rpttype=I&txtcrossingnum=017622D",
        "ACC_LINK": "https://safetydata.fra.dot.gov/OfficeofSafety/PublicSite/Crossing/Crossing.aspx?phasetype=C&rpttype=A&txtcrossingnum=017622D",
        "TTSTNNAM": "LEVELLAND",
        "XPURPOSE": "1",
        "OPERATINGR": "LBWR",
        "OPERATIN_1": "Primary",
        "DAYTHRU": 2,
        "NGHTTHRU": 0,
        "MAINTRK": 1,
        "SIDINGTRK": 0,
        "YARDTRK": 0,
        "TRANSITTRK": 0,
        "INDUSTRYTR": 1,
        "OTHRTRK": 0,
        "WDCODE": "All other Gates",
        "REVISIONDA": "2015/06/18 00:00:00",
        "LASTUPDATE": "4/8/2024",
        "AADT": "1243",
        "AADTYEAR": "2019",
        "STATENAME": "TEXAS",
        "STATEAB": "TX",
        "COUNTYNAME": "HOCKLEY",
        "CITYNAME": "LEVELLAND",
        "LATDD": 33.5932096,
        "LONGDD": -102.3218041,
        "gridlyProductionCertified": true,
        "gridlyClassification": "PUBLIC_ROADWAY",
        "gridlyDisplayName": "H MORELAND RD",
        "gridlyId": "FRA-017622D"
      }
    },
    {
      "type": "Feature",
      "id": 203157,
      "geometry": {
        "type": "Point",
        "coordinates": [
          -102.415886600416,
          33.5943037002351
        ]
      },
      "properties": {
        "OBJECTID": 203157,
        "CROSSING": "017634X",
        "EFFDATE": 1712534400000,
        "REASON": "20",
        "StateCode": "48",
        "CountyCode": "48219",
        "STCYFIPS": "48219",
        "CITYCD": "482193950",
        "RAILROAD": "LBWR",
        "RRDIV": "PLAINS",
        "RRSUBDIV": "WHITEFACE",
        "HIGHWAY": "CO 0138",
        "STREET": "EVENING TOWER",
        "TTSTN": "677350",
        "MILEPOST": "0027.78",
        "TYPEXING": "Public",
        "POSXING": "At Grade",
        "PRVCAT": "20",
        "INIT": "1",
        "LATITUDE": 33.5943037,
        "LONGITUD": -102.4158866,
        "LLSOURCE": "2",
        "WHISTBAN": "0",
        "RRCONT": "8068550079",
        "POLCONT": "8663869321",
        "INV_LINK": "https://safetydata.fra.dot.gov/OfficeofSafety/PublicSite/Crossing/Crossing.aspx?phasetype=C&rpttype=I&txtcrossingnum=017634X",
        "ACC_LINK": "https://safetydata.fra.dot.gov/OfficeofSafety/PublicSite/Crossing/Crossing.aspx?phasetype=C&rpttype=A&txtcrossingnum=017634X",
        "TTSTNNAM": "LEVELLAND",
        "XPURPOSE": "1",
        "OPERATINGR": "LBWR",
        "OPERATIN_1": "Primary",
        "DAYTHRU": 2,
        "NGHTTHRU": 0,
        "MAINTRK": 1,
        "SIDINGTRK": 0,
        "YARDTRK": 0,
        "TRANSITTRK": 0,
        "INDUSTRYTR": 0,
        "OTHRTRK": 2,
        "WDCODE": "Crossbucks",
        "REVISIONDA": "2015/06/18 00:00:00",
        "LASTUPDATE": "4/8/2024",
        "AADT": "000610",
        "AADTYEAR": "2013",
        "STATENAME": "TEXAS",
        "STATEAB": "TX",
        "COUNTYNAME": "HOCKLEY",
        "CITYNAME": "LEVELLAND",
        "LATDD": 33.5943037,
        "LONGDD": -102.4158866,
        "gridlyProductionCertified": true,
        "gridlyClassification": "PUBLIC_ROADWAY",
        "gridlyDisplayName": "EVENING TOWER",
        "gridlyId": "FRA-017634X"
      }
    },
    {
      "type": "Feature",
      "id": 203158,
      "geometry": {
        "type": "Point",
        "coordinates": [
          -102.402080000251,
          33.5941599998301
        ]
      },
      "properties": {
        "OBJECTID": 203158,
        "CROSSING": "017681F",
        "EFFDATE": 1712534400000,
        "REASON": "20",
        "StateCode": "48",
        "CountyCode": "48219",
        "STCYFIPS": "48219",
        "CITYCD": "482193950",
        "RAILROAD": "LBWR",
        "RRDIV": "PLAINS",
        "RRSUBDIV": "WHITEFACE",
        "HIGHWAY": "FM 1490",
        "STREET": "FM 1490",
        "TTSTN": "677350",
        "MILEPOST": "0026.97",
        "TYPEXING": "Private",
        "POSXING": "At Grade",
        "PRVCAT": "20",
        "INIT": "1",
        "LATITUDE": 33.59416,
        "LONGITUD": -102.40208,
        "LLSOURCE": "2",
        "WHISTBAN": "0",
        "RRCONT": "8068550079",
        "POLCONT": "8663869321",
        "INV_LINK": "https://safetydata.fra.dot.gov/OfficeofSafety/PublicSite/Crossing/Crossing.aspx?phasetype=C&rpttype=I&txtcrossingnum=017681F",
        "ACC_LINK": "https://safetydata.fra.dot.gov/OfficeofSafety/PublicSite/Crossing/Crossing.aspx?phasetype=C&rpttype=A&txtcrossingnum=017681F",
        "TTSTNNAM": "LEVELLAND",
        "XPURPOSE": "1",
        "OPERATINGR": "LBWR",
        "OPERATIN_1": "Primary",
        "DAYTHRU": 1,
        "NGHTTHRU": 0,
        "MAINTRK": 1,
        "SIDINGTRK": 0,
        "YARDTRK": 0,
        "TRANSITTRK": 0,
        "INDUSTRYTR": 0,
        "OTHRTRK": 0,
        "WDCODE": "",
        "REVISIONDA": "2015/06/18 00:00:00",
        "LASTUPDATE": "4/8/2024",
        "AADT": "001100",
        "AADTYEAR": "2010",
        "STATENAME": "TEXAS",
        "STATEAB": "TX",
        "COUNTYNAME": "HOCKLEY",
        "CITYNAME": "LEVELLAND",
        "LATDD": 33.59416,
        "LONGDD": -102.40208,
        "gridlyProductionCertified": true,
        "gridlyClassification": "PUBLIC_ROADWAY",
        "gridlyDisplayName": "FM 1490",
        "gridlyId": "FRA-017681F"
      }
    },
    {
      "type": "Feature",
      "id": 203159,
      "geometry": {
        "type": "Point",
        "coordinates": [
          -102.38952000029,
          33.5940400001333
        ]
      },
      "properties": {
        "OBJECTID": 203159,
        "CROSSING": "017631C",
        "EFFDATE": 1712534400000,
        "REASON": "20",
        "StateCode": "48",
        "CountyCode": "48219",
        "STCYFIPS": "48219",
        "CITYCD": "482193950",
        "RAILROAD": "LBWR",
        "RRDIV": "PLAINS",
        "RRSUBDIV": "WHITEFACE",
        "HIGHWAY": "ST 0114",
        "STREET": "PRIVATE",
        "TTSTN": "677350",
        "MILEPOST": "0026.26",
        "TYPEXING": "Private",
        "POSXING": "At Grade",
        "PRVCAT": "20",
        "INIT": "1",
        "LATITUDE": 33.59404,
        "LONGITUD": -102.38952,
        "LLSOURCE": "2",
        "WHISTBAN": "0",
        "RRCONT": "8068550079",
        "POLCONT": "8663869321",
        "INV_LINK": "https://safetydata.fra.dot.gov/OfficeofSafety/PublicSite/Crossing/Crossing.aspx?phasetype=C&rpttype=I&txtcrossingnum=017631C",
        "ACC_LINK": "https://safetydata.fra.dot.gov/OfficeofSafety/PublicSite/Crossing/Crossing.aspx?phasetype=C&rpttype=A&txtcrossingnum=017631C",
        "TTSTNNAM": "LEVELLAND",
        "XPURPOSE": "1",
        "OPERATINGR": "LBWR",
        "OPERATIN_1": "Primary",
        "DAYTHRU": 1,
        "NGHTTHRU": 0,
        "MAINTRK": 1,
        "SIDINGTRK": 0,
        "YARDTRK": 0,
        "TRANSITTRK": 0,
        "INDUSTRYTR": 0,
        "OTHRTRK": 0,
        "WDCODE": "",
        "REVISIONDA": "2015/06/18 00:00:00",
        "LASTUPDATE": "4/8/2024",
        "AADT": "",
        "AADTYEAR": "1970",
        "STATENAME": "TEXAS",
        "STATEAB": "TX",
        "COUNTYNAME": "HOCKLEY",
        "CITYNAME": "LEVELLAND",
        "LATDD": 33.59404,
        "LONGDD": -102.38952,
        "gridlyProductionCertified": true,
        "gridlyClassification": "PUBLIC_ROADWAY",
        "gridlyDisplayName": "PRIVATE",
        "gridlyId": "FRA-017631C"
      }
    },
    {
      "type": "Feature",
      "id": 203171,
      "geometry": {
        "type": "Point",
        "coordinates": [
          -102.357771199835,
          33.5936315997347
        ]
      },
      "properties": {
        "OBJECTID": 203171,
        "CROSSING": "017625Y",
        "EFFDATE": 1712534400000,
        "REASON": "20",
        "StateCode": "48",
        "CountyCode": "48219",
        "STCYFIPS": "48219",
        "CITYCD": "482193950",
        "RAILROAD": "LBWR",
        "RRDIV": "PLAINS",
        "RRSUBDIV": "WHITEFACE",
        "HIGHWAY": "ST 0000",
        "STREET": "CEDAR",
        "TTSTN": "677350",
        "MILEPOST": "0024.42",
        "TYPEXING": "Public",
        "POSXING": "At Grade",
        "PRVCAT": "20",
        "INIT": "1",
        "LATITUDE": 33.5936316,
        "LONGITUD": -102.3577712,
        "LLSOURCE": "2",
        "WHISTBAN": "0",
        "RRCONT": "8068550079",
        "POLCONT": "8663869321",
        "INV_LINK": "https://safetydata.fra.dot.gov/OfficeofSafety/PublicSite/Crossing/Crossing.aspx?phasetype=C&rpttype=I&txtcrossingnum=017625Y",
        "ACC_LINK": "https://safetydata.fra.dot.gov/OfficeofSafety/PublicSite/Crossing/Crossing.aspx?phasetype=C&rpttype=A&txtcrossingnum=017625Y",
        "TTSTNNAM": "LEVELLAND",
        "XPURPOSE": "1",
        "OPERATINGR": "LBWR",
        "OPERATIN_1": "Primary",
        "DAYTHRU": 1,
        "NGHTTHRU": 0,
        "MAINTRK": 1,
        "SIDINGTRK": 0,
        "YARDTRK": 0,
        "TRANSITTRK": 0,
        "INDUSTRYTR": 0,
        "OTHRTRK": 0,
        "WDCODE": "Crossbucks",
        "REVISIONDA": "2015/06/18 00:00:00",
        "LASTUPDATE": "4/8/2024",
        "AADT": "001900",
        "AADTYEAR": "2013",
        "STATENAME": "TEXAS",
        "STATEAB": "TX",
        "COUNTYNAME": "HOCKLEY",
        "CITYNAME": "LEVELLAND",
        "LATDD": 33.5936316,
        "LONGDD": -102.3577712,
        "gridlyProductionCertified": true,
        "gridlyClassification": "PUBLIC_ROADWAY",
        "gridlyDisplayName": "CEDAR",
        "gridlyId": "FRA-017625Y"
      }
    },
    {
      "type": "Feature",
      "id": 203172,
      "geometry": {
        "type": "Point",
        "coordinates": [
          -102.348139299865,
          33.5935186002305
        ]
      },
      "properties": {
        "OBJECTID": 203172,
        "CROSSING": "017624S",
        "EFFDATE": 1712534400000,
        "REASON": "20",
        "StateCode": "48",
        "CountyCode": "48219",
        "STCYFIPS": "48219",
        "CITYCD": "482193950",
        "RAILROAD": "LBWR",
        "RRDIV": "PLAINS",
        "RRSUBDIV": "WHITEFACE",
        "HIGHWAY": "CO 0000",
        "STREET": "ALAMO RD",
        "TTSTN": "677350",
        "MILEPOST": "0023.87",
        "TYPEXING": "Public",
        "POSXING": "At Grade",
        "PRVCAT": "20",
        "INIT": "1",
        "LATITUDE": 33.5935186,
        "LONGITUD": -102.3481393,
        "LLSOURCE": "2",
        "WHISTBAN": "0",
        "RRCONT": "8068550079",
        "POLCONT": "8663869321",
        "INV_LINK": "https://safetydata.fra.dot.gov/OfficeofSafety/PublicSite/Crossing/Crossing.aspx?phasetype=C&rpttype=I&txtcrossingnum=017624S",
        "ACC_LINK": "https://safetydata.fra.dot.gov/OfficeofSafety/PublicSite/Crossing/Crossing.aspx?phasetype=C&rpttype=A&txtcrossingnum=017624S",
        "TTSTNNAM": "LEVELLAND",
        "XPURPOSE": "1",
        "OPERATINGR": "LBWR",
        "OPERATIN_1": "Primary",
        "DAYTHRU": 2,
        "NGHTTHRU": 0,
        "MAINTRK": 1,
        "SIDINGTRK": 0,
        "YARDTRK": 0,
        "TRANSITTRK": 0,
        "INDUSTRYTR": 0,
        "OTHRTRK": 0,
        "WDCODE": "All other Gates",
        "REVISIONDA": "2015/06/18 00:00:00",
        "LASTUPDATE": "4/8/2024",
        "AADT": "004400",
        "AADTYEAR": "2013",
        "STATENAME": "TEXAS",
        "STATEAB": "TX",
        "COUNTYNAME": "HOCKLEY",
        "CITYNAME": "LEVELLAND",
        "LATDD": 33.5935186,
        "LONGDD": -102.3481393,
        "gridlyProductionCertified": true,
        "gridlyClassification": "PUBLIC_ROADWAY",
        "gridlyDisplayName": "ALAMO RD",
        "gridlyId": "FRA-017624S"
      }
    },
    {
      "type": "Feature",
      "id": 203634,
      "geometry": {
        "type": "Point",
        "coordinates": [
          -102.09695999963,
          33.7625599997283
        ]
      },
      "properties": {
        "OBJECTID": 203634,
        "CROSSING": "014902V",
        "EFFDATE": 1734393600000,
        "REASON": "14",
        "StateCode": "48",
        "CountyCode": "48219",
        "STCYFIPS": "48219",
        "CITYCD": "482190230",
        "RAILROAD": "BNSF",
        "RRDIV": "RED RIVER",
        "RRSUBDIV": "SLATON",
        "HIGHWAY": "CO 0283",
        "STREET": "MAINE RD",
        "TTSTN": "677313",
        "MILEPOST": "0070.455",
        "TYPEXING": "Public",
        "POSXING": "At Grade",
        "PRVCAT": "14",
        "INIT": "1",
        "LATITUDE": 33.76256,
        "LONGITUD": -102.09696,
        "LLSOURCE": "1",
        "WHISTBAN": "0",
        "RRCONT": "8173521549",
        "POLCONT": "8008325452",
        "INV_LINK": "https://safetydata.fra.dot.gov/OfficeofSafety/PublicSite/Crossing/Crossing.aspx?phasetype=C&rpttype=I&txtcrossingnum=014902V",
        "ACC_LINK": "https://safetydata.fra.dot.gov/OfficeofSafety/PublicSite/Crossing/Crossing.aspx?phasetype=C&rpttype=A&txtcrossingnum=014902V",
        "TTSTNNAM": "ANTON",
        "XPURPOSE": "1",
        "OPERATINGR": "BNSF",
        "OPERATIN_1": "Primary",
        "DAYTHRU": 2,
        "NGHTTHRU": 2,
        "MAINTRK": 1,
        "SIDINGTRK": 0,
        "YARDTRK": 0,
        "TRANSITTRK": 0,
        "INDUSTRYTR": 0,
        "OTHRTRK": 0,
        "WDCODE": "All other Gates",
        "REVISIONDA": "1996/01/01 00:00:00",
        "LASTUPDATE": "12/17/2024",
        "AADT": "6",
        "AADTYEAR": "2019",
        "STATENAME": "TEXAS",
        "STATEAB": "TX",
        "COUNTYNAME": "HOCKLEY",
        "CITYNAME": "ANTON",
        "LATDD": 33.76256,
        "LONGDD": -102.09696,
        "gridlyProductionCertified": true,
        "gridlyClassification": "PUBLIC_ROADWAY",
        "gridlyDisplayName": "MAINE RD",
        "gridlyId": "FRA-014902V"
      }
    },
    {
      "type": "Feature",
      "id": 203998,
      "geometry": {
        "type": "Point",
        "coordinates": [
          -102.391712600151,
          33.5940200996885
        ]
      },
      "properties": {
        "OBJECTID": 203998,
        "CROSSING": "017632J",
        "EFFDATE": 1777420800000,
        "REASON": "14",
        "StateCode": "48",
        "CountyCode": "48219",
        "STCYFIPS": "48219",
        "CITYCD": "482193950",
        "RAILROAD": "LBWR",
        "RRDIV": "PLAINS",
        "RRSUBDIV": "WHITEFACE",
        "HIGHWAY": "LS0000",
        "STREET": "AVENUE Q",
        "TTSTN": "677350",
        "MILEPOST": "0026.38",
        "TYPEXING": "Public",
        "POSXING": "At Grade",
        "PRVCAT": "14",
        "INIT": "2",
        "LATITUDE": 33.5940201,
        "LONGITUD": -102.3917126,
        "LLSOURCE": "1",
        "WHISTBAN": "0",
        "RRCONT": "8068550079",
        "POLCONT": "8663869321",
        "INV_LINK": "https://safetydata.fra.dot.gov/OfficeofSafety/PublicSite/Crossing/Crossing.aspx?phasetype=C&rpttype=I&txtcrossingnum=017632J",
        "ACC_LINK": "https://safetydata.fra.dot.gov/OfficeofSafety/PublicSite/Crossing/Crossing.aspx?phasetype=C&rpttype=A&txtcrossingnum=017632J",
        "TTSTNNAM": "LEVELLAND",
        "XPURPOSE": "1",
        "OPERATINGR": "LBWR",
        "OPERATIN_1": "Primary",
        "DAYTHRU": 2,
        "NGHTTHRU": 0,
        "MAINTRK": 1,
        "SIDINGTRK": 0,
        "YARDTRK": 0,
        "TRANSITTRK": 0,
        "INDUSTRYTR": 0,
        "OTHRTRK": 1,
        "WDCODE": "Crossbucks",
        "REVISIONDA": "2015/06/18 00:00:00",
        "LASTUPDATE": "4/29/2026",
        "AADT": "532",
        "AADTYEAR": "2022",
        "STATENAME": "TEXAS",
        "STATEAB": "TX",
        "COUNTYNAME": "HOCKLEY",
        "CITYNAME": "LEVELLAND",
        "LATDD": 33.5940201,
        "LONGDD": -102.3917126,
        "gridlyProductionCertified": true,
        "gridlyClassification": "PUBLIC_ROADWAY",
        "gridlyDisplayName": "AVENUE Q",
        "gridlyId": "FRA-017632J"
      }
    },
    {
      "type": "Feature",
      "id": 204531,
      "geometry": {
        "type": "Point",
        "coordinates": [
          -102.18604000017,
          33.8221134996922
        ]
      },
      "properties": {
        "OBJECTID": 204531,
        "CROSSING": "014894F",
        "EFFDATE": 1734393600000,
        "REASON": "14",
        "StateCode": "48",
        "CountyCode": "48219",
        "STCYFIPS": "48219",
        "CITYCD": "482190230",
        "RAILROAD": "BNSF",
        "RRDIV": "RED RIVER",
        "RRSUBDIV": "SLATON",
        "HIGHWAY": "CO 0149",
        "STREET": "TENNESSEE RD",
        "TTSTN": "677313",
        "MILEPOST": "0063.884",
        "TYPEXING": "Public",
        "POSXING": "At Grade",
        "PRVCAT": "14",
        "INIT": "1",
        "LATITUDE": 33.8221135,
        "LONGITUD": -102.18604,
        "LLSOURCE": "1",
        "WHISTBAN": "0",
        "RRCONT": "8173521549",
        "POLCONT": "8008325452",
        "INV_LINK": "https://safetydata.fra.dot.gov/OfficeofSafety/PublicSite/Crossing/Crossing.aspx?phasetype=C&rpttype=I&txtcrossingnum=014894F",
        "ACC_LINK": "https://safetydata.fra.dot.gov/OfficeofSafety/PublicSite/Crossing/Crossing.aspx?phasetype=C&rpttype=A&txtcrossingnum=014894F",
        "TTSTNNAM": "ANTON",
        "XPURPOSE": "1",
        "OPERATINGR": "BNSF",
        "OPERATIN_1": "Primary",
        "DAYTHRU": 2,
        "NGHTTHRU": 2,
        "MAINTRK": 1,
        "SIDINGTRK": 0,
        "YARDTRK": 0,
        "TRANSITTRK": 0,
        "INDUSTRYTR": 0,
        "OTHRTRK": 0,
        "WDCODE": "Crossbucks",
        "REVISIONDA": "1996/01/01 00:00:00",
        "LASTUPDATE": "12/17/2024",
        "AADT": "11",
        "AADTYEAR": "2019",
        "STATENAME": "TEXAS",
        "STATEAB": "TX",
        "COUNTYNAME": "HOCKLEY",
        "CITYNAME": "ANTON",
        "LATDD": 33.8221135,
        "LONGDD": -102.18604,
        "gridlyProductionCertified": true,
        "gridlyClassification": "PUBLIC_ROADWAY",
        "gridlyDisplayName": "TENNESSEE RD",
        "gridlyId": "FRA-014894F"
      }
    },
    {
      "type": "Feature",
      "id": 204532,
      "geometry": {
        "type": "Point",
        "coordinates": [
          -102.165606999769,
          33.807440899845
        ]
      },
      "properties": {
        "OBJECTID": 204532,
        "CROSSING": "014895M",
        "EFFDATE": 1734393600000,
        "REASON": "14",
        "StateCode": "48",
        "CountyCode": "48219",
        "STCYFIPS": "48219",
        "CITYCD": "482190230",
        "RAILROAD": "BNSF",
        "RRDIV": "RED RIVER",
        "RRSUBDIV": "SLATON",
        "HIGHWAY": "FM 0597",
        "STREET": "FM RD 597",
        "TTSTN": "677313",
        "MILEPOST": "0065.435",
        "TYPEXING": "Public",
        "POSXING": "At Grade",
        "PRVCAT": "14",
        "INIT": "1",
        "LATITUDE": 33.8074409,
        "LONGITUD": -102.165607,
        "LLSOURCE": "1",
        "WHISTBAN": "0",
        "RRCONT": "8173521549",
        "POLCONT": "8008325452",
        "INV_LINK": "https://safetydata.fra.dot.gov/OfficeofSafety/PublicSite/Crossing/Crossing.aspx?phasetype=C&rpttype=I&txtcrossingnum=014895M",
        "ACC_LINK": "https://safetydata.fra.dot.gov/OfficeofSafety/PublicSite/Crossing/Crossing.aspx?phasetype=C&rpttype=A&txtcrossingnum=014895M",
        "TTSTNNAM": "ANTON",
        "XPURPOSE": "1",
        "OPERATINGR": "BNSF",
        "OPERATIN_1": "Primary",
        "DAYTHRU": 3,
        "NGHTTHRU": 2,
        "MAINTRK": 1,
        "SIDINGTRK": 1,
        "YARDTRK": 0,
        "TRANSITTRK": 0,
        "INDUSTRYTR": 0,
        "OTHRTRK": 1,
        "WDCODE": "All other Gates",
        "REVISIONDA": "1996/01/01 00:00:00",
        "LASTUPDATE": "12/17/2024",
        "AADT": "953",
        "AADTYEAR": "2019",
        "STATENAME": "TEXAS",
        "STATEAB": "TX",
        "COUNTYNAME": "HOCKLEY",
        "CITYNAME": "ANTON",
        "LATDD": 33.8074409,
        "LONGDD": -102.165607,
        "gridlyProductionCertified": true,
        "gridlyClassification": "PUBLIC_ROADWAY",
        "gridlyDisplayName": "FM RD 597",
        "gridlyId": "FRA-014895M"
      }
    },
    {
      "type": "Feature",
      "id": 204899,
      "geometry": {
        "type": "Point",
        "coordinates": [
          -102.16333600034,
          33.8058135996912
        ]
      },
      "properties": {
        "OBJECTID": 204899,
        "CROSSING": "014896U",
        "EFFDATE": 1734393600000,
        "REASON": "14",
        "StateCode": "48",
        "CountyCode": "48219",
        "STCYFIPS": "48219",
        "CITYCD": "482190230",
        "RAILROAD": "BNSF",
        "RRDIV": "RED RIVER",
        "RRSUBDIV": "SLATON",
        "HIGHWAY": "ST 0000",
        "STREET": "MAIN ST",
        "TTSTN": "677313",
        "MILEPOST": "0065.607",
        "TYPEXING": "Public",
        "POSXING": "At Grade",
        "PRVCAT": "14",
        "INIT": "1",
        "LATITUDE": 33.8058136,
        "LONGITUD": -102.163336,
        "LLSOURCE": "1",
        "WHISTBAN": "0",
        "RRCONT": "8173521549",
        "POLCONT": "8008325452",
        "INV_LINK": "https://safetydata.fra.dot.gov/OfficeofSafety/PublicSite/Crossing/Crossing.aspx?phasetype=C&rpttype=I&txtcrossingnum=014896U",
        "ACC_LINK": "https://safetydata.fra.dot.gov/OfficeofSafety/PublicSite/Crossing/Crossing.aspx?phasetype=C&rpttype=A&txtcrossingnum=014896U",
        "TTSTNNAM": "ANTON",
        "XPURPOSE": "1",
        "OPERATINGR": "BNSF",
        "OPERATIN_1": "Primary",
        "DAYTHRU": 2,
        "NGHTTHRU": 2,
        "MAINTRK": 1,
        "SIDINGTRK": 0,
        "YARDTRK": 0,
        "TRANSITTRK": 0,
        "INDUSTRYTR": 0,
        "OTHRTRK": 1,
        "WDCODE": "All other Gates",
        "REVISIONDA": "1996/01/01 00:00:00",
        "LASTUPDATE": "12/17/2024",
        "AADT": "17",
        "AADTYEAR": "2019",
        "STATENAME": "TEXAS",
        "STATEAB": "TX",
        "COUNTYNAME": "HOCKLEY",
        "CITYNAME": "ANTON",
        "LATDD": 33.8058136,
        "LONGDD": -102.163336,
        "gridlyProductionCertified": true,
        "gridlyClassification": "PUBLIC_ROADWAY",
        "gridlyDisplayName": "MAIN ST",
        "gridlyId": "FRA-014896U"
      }
    },
    {
      "type": "Feature",
      "id": 204988,
      "geometry": {
        "type": "Point",
        "coordinates": [
          -102.078235600289,
          33.4689034000743
        ]
      },
      "properties": {
        "OBJECTID": 204988,
        "CROSSING": "017739L",
        "EFFDATE": 1776297600000,
        "REASON": "14",
        "StateCode": "48",
        "CountyCode": "48219",
        "STCYFIPS": "48219",
        "CITYCD": "483037585",
        "RAILROAD": "LBWR",
        "RRDIV": "PLAINS",
        "RRSUBDIV": "SEAGRAVES",
        "HIGHWAY": "CR0324",
        "STREET": "KILDEE ROAD",
        "TTSTN": "677193",
        "MILEPOST": "0015.96",
        "TYPEXING": "Public",
        "POSXING": "At Grade",
        "PRVCAT": "14",
        "INIT": "2",
        "LATITUDE": 33.4689034,
        "LONGITUD": -102.0782356,
        "LLSOURCE": "1",
        "WHISTBAN": "0",
        "RRCONT": "8068550079",
        "POLCONT": "8663869321",
        "INV_LINK": "https://safetydata.fra.dot.gov/OfficeofSafety/PublicSite/Crossing/Crossing.aspx?phasetype=C&rpttype=I&txtcrossingnum=017739L",
        "ACC_LINK": "https://safetydata.fra.dot.gov/OfficeofSafety/PublicSite/Crossing/Crossing.aspx?phasetype=C&rpttype=A&txtcrossingnum=017739L",
        "TTSTNNAM": "WOLFFORTH",
        "XPURPOSE": "1",
        "OPERATINGR": "LBWR",
        "OPERATIN_1": "Primary",
        "DAYTHRU": 1,
        "NGHTTHRU": 1,
        "MAINTRK": 1,
        "SIDINGTRK": 0,
        "YARDTRK": 0,
        "TRANSITTRK": 0,
        "INDUSTRYTR": 0,
        "OTHRTRK": 0,
        "WDCODE": "Crossbucks",
        "REVISIONDA": "2015/06/18 00:00:00",
        "LASTUPDATE": "4/16/2026",
        "AADT": "40",
        "AADTYEAR": "2022",
        "STATENAME": "TEXAS",
        "STATEAB": "TX",
        "COUNTYNAME": "HOCKLEY",
        "CITYNAME": "WOLFFORTH",
        "LATDD": 33.4689034,
        "LONGDD": -102.0782356,
        "gridlyProductionCertified": true,
        "gridlyClassification": "PUBLIC_ROADWAY",
        "gridlyDisplayName": "KILDEE ROAD",
        "gridlyId": "FRA-017739L"
      }
    },
    {
      "type": "Feature",
      "id": 210175,
      "geometry": {
        "type": "Point",
        "coordinates": [
          -102.539653000189,
          33.5955759002879
        ]
      },
      "properties": {
        "OBJECTID": 210175,
        "CROSSING": "017641H",
        "EFFDATE": 1770768000000,
        "REASON": "14",
        "StateCode": "48",
        "CountyCode": "48219",
        "STCYFIPS": "48219",
        "CITYCD": "480797440",
        "RAILROAD": "LBWR",
        "RRDIV": "PLAINS",
        "RRSUBDIV": "WHITEFACE",
        "HIGHWAY": "CR0063",
        "STREET": "TRANSPORT ROAD",
        "TTSTN": "677352",
        "MILEPOST": "0034.91",
        "TYPEXING": "Public",
        "POSXING": "At Grade",
        "PRVCAT": "14",
        "INIT": "2",
        "LATITUDE": 33.5955759,
        "LONGITUD": -102.539653,
        "LLSOURCE": "1",
        "WHISTBAN": "0",
        "RRCONT": "8068550079",
        "POLCONT": "8663869321",
        "INV_LINK": "https://safetydata.fra.dot.gov/OfficeofSafety/PublicSite/Crossing/Crossing.aspx?phasetype=C&rpttype=I&txtcrossingnum=017641H",
        "ACC_LINK": "https://safetydata.fra.dot.gov/OfficeofSafety/PublicSite/Crossing/Crossing.aspx?phasetype=C&rpttype=A&txtcrossingnum=017641H",
        "TTSTNNAM": "COBLE",
        "XPURPOSE": "1",
        "OPERATINGR": "LBWR",
        "OPERATIN_1": "Primary",
        "DAYTHRU": 1,
        "NGHTTHRU": 0,
        "MAINTRK": 1,
        "SIDINGTRK": 0,
        "YARDTRK": 0,
        "TRANSITTRK": 0,
        "INDUSTRYTR": 0,
        "OTHRTRK": 0,
        "WDCODE": "Crossbucks",
        "REVISIONDA": "2015/06/18 00:00:00",
        "LASTUPDATE": "2/11/2026",
        "AADT": "12",
        "AADTYEAR": "2022",
        "STATENAME": "TEXAS",
        "STATEAB": "TX",
        "COUNTYNAME": "HOCKLEY",
        "CITYNAME": "WHITEFACE",
        "LATDD": 33.5955759,
        "LONGDD": -102.539653,
        "gridlyProductionCertified": true,
        "gridlyClassification": "PUBLIC_ROADWAY",
        "gridlyDisplayName": "TRANSPORT ROAD",
        "gridlyId": "FRA-017641H"
      }
    },
    {
      "type": "Feature",
      "id": 212180,
      "geometry": {
        "type": "Point",
        "coordinates": [
          -102.564058799934,
          33.5958416002879
        ]
      },
      "properties": {
        "OBJECTID": 212180,
        "CROSSING": "017642P",
        "EFFDATE": 1770768000000,
        "REASON": "14",
        "StateCode": "48",
        "CountyCode": "48219",
        "STCYFIPS": "48219",
        "CITYCD": "480797440",
        "RAILROAD": "LBWR",
        "RRDIV": "PLAINS",
        "RRSUBDIV": "WHITEFACE",
        "HIGHWAY": "CR0060",
        "STREET": "WILDCAT ROAD",
        "TTSTN": "677540",
        "MILEPOST": "0036.32",
        "TYPEXING": "Public",
        "POSXING": "At Grade",
        "PRVCAT": "14",
        "INIT": "2",
        "LATITUDE": 33.5958416,
        "LONGITUD": -102.5640588,
        "LLSOURCE": "1",
        "WHISTBAN": "0",
        "RRCONT": "8068550079",
        "POLCONT": "8663869321",
        "INV_LINK": "https://safetydata.fra.dot.gov/OfficeofSafety/PublicSite/Crossing/Crossing.aspx?phasetype=C&rpttype=I&txtcrossingnum=017642P",
        "ACC_LINK": "https://safetydata.fra.dot.gov/OfficeofSafety/PublicSite/Crossing/Crossing.aspx?phasetype=C&rpttype=A&txtcrossingnum=017642P",
        "TTSTNNAM": "WHITEFACE",
        "XPURPOSE": "1",
        "OPERATINGR": "LBWR",
        "OPERATIN_1": "Primary",
        "DAYTHRU": 1,
        "NGHTTHRU": 0,
        "MAINTRK": 1,
        "SIDINGTRK": 0,
        "YARDTRK": 0,
        "TRANSITTRK": 0,
        "INDUSTRYTR": 0,
        "OTHRTRK": 1,
        "WDCODE": "Crossbucks",
        "REVISIONDA": "2015/06/18 00:00:00",
        "LASTUPDATE": "2/11/2026",
        "AADT": "10",
        "AADTYEAR": "2022",
        "STATENAME": "TEXAS",
        "STATEAB": "TX",
        "COUNTYNAME": "HOCKLEY",
        "CITYNAME": "WHITEFACE",
        "LATDD": 33.5958416,
        "LONGDD": -102.5640588,
        "gridlyProductionCertified": true,
        "gridlyClassification": "PUBLIC_ROADWAY",
        "gridlyDisplayName": "WILDCAT ROAD",
        "gridlyId": "FRA-017642P"
      }
    },
    {
      "type": "Feature",
      "id": 214121,
      "geometry": {
        "type": "Point",
        "coordinates": [
          -102.377916300068,
          33.5938841000983
        ]
      },
      "properties": {
        "OBJECTID": 214121,
        "CROSSING": "017628U",
        "EFFDATE": 1777507200000,
        "REASON": "14",
        "StateCode": "48",
        "CountyCode": "48219",
        "STCYFIPS": "48219",
        "CITYCD": "482193950",
        "RAILROAD": "LBWR",
        "RRDIV": "PLAINS",
        "RRSUBDIV": "WHITEFACE",
        "HIGHWAY": "ls0000",
        "STREET": "AVEnue H",
        "TTSTN": "677350",
        "MILEPOST": "0025.58",
        "TYPEXING": "Public",
        "POSXING": "At Grade",
        "PRVCAT": "14",
        "INIT": "2",
        "LATITUDE": 33.5938841,
        "LONGITUD": -102.3779163,
        "LLSOURCE": "1",
        "WHISTBAN": "0",
        "RRCONT": "8068550079",
        "POLCONT": "8663869321",
        "INV_LINK": "https://safetydata.fra.dot.gov/OfficeofSafety/PublicSite/Crossing/Crossing.aspx?phasetype=C&rpttype=I&txtcrossingnum=017628U",
        "ACC_LINK": "https://safetydata.fra.dot.gov/OfficeofSafety/PublicSite/Crossing/Crossing.aspx?phasetype=C&rpttype=A&txtcrossingnum=017628U",
        "TTSTNNAM": "LEVELLAND",
        "XPURPOSE": "1",
        "OPERATINGR": "LBWR",
        "OPERATIN_1": "Primary",
        "DAYTHRU": 2,
        "NGHTTHRU": 0,
        "MAINTRK": 1,
        "SIDINGTRK": 0,
        "YARDTRK": 0,
        "TRANSITTRK": 0,
        "INDUSTRYTR": 0,
        "OTHRTRK": 2,
        "WDCODE": "All other Gates",
        "REVISIONDA": "2015/06/18 00:00:00",
        "LASTUPDATE": "4/30/2026",
        "AADT": "4512",
        "AADTYEAR": "2017",
        "STATENAME": "TEXAS",
        "STATEAB": "TX",
        "COUNTYNAME": "HOCKLEY",
        "CITYNAME": "LEVELLAND",
        "LATDD": 33.5938841,
        "LONGDD": -102.3779163,
        "gridlyProductionCertified": true,
        "gridlyClassification": "PUBLIC_ROADWAY",
        "gridlyDisplayName": "AVEnue H",
        "gridlyId": "FRA-017628U"
      }
    },
    {
      "type": "Feature",
      "id": 214122,
      "geometry": {
        "type": "Point",
        "coordinates": [
          -102.381659000444,
          33.5934002997408
        ]
      },
      "properties": {
        "OBJECTID": 214122,
        "CROSSING": "017682M",
        "EFFDATE": 1777507200000,
        "REASON": "14",
        "StateCode": "48",
        "CountyCode": "48219",
        "STCYFIPS": "48219",
        "CITYCD": "482193950",
        "RAILROAD": "LBWR",
        "RRDIV": "PLAINS",
        "RRSUBDIV": "WHITEFACE",
        "HIGHWAY": "LS0000",
        "STREET": "AVENUE K",
        "TTSTN": "677350",
        "MILEPOST": "0000.20",
        "TYPEXING": "Public",
        "POSXING": "At Grade",
        "PRVCAT": "14",
        "INIT": "2",
        "LATITUDE": 33.5934003,
        "LONGITUD": -102.381659,
        "LLSOURCE": "1",
        "WHISTBAN": "0",
        "RRCONT": "8068550079",
        "POLCONT": "8663869321",
        "INV_LINK": "https://safetydata.fra.dot.gov/OfficeofSafety/PublicSite/Crossing/Crossing.aspx?phasetype=C&rpttype=I&txtcrossingnum=017682M",
        "ACC_LINK": "https://safetydata.fra.dot.gov/OfficeofSafety/PublicSite/Crossing/Crossing.aspx?phasetype=C&rpttype=A&txtcrossingnum=017682M",
        "TTSTNNAM": "LEVELLAND",
        "XPURPOSE": "1",
        "OPERATINGR": "LBWR",
        "OPERATIN_1": "Primary",
        "DAYTHRU": 1,
        "NGHTTHRU": 0,
        "MAINTRK": 1,
        "SIDINGTRK": 0,
        "YARDTRK": 0,
        "TRANSITTRK": 0,
        "INDUSTRYTR": 0,
        "OTHRTRK": 1,
        "WDCODE": "Crossbucks",
        "REVISIONDA": "2015/06/18 00:00:00",
        "LASTUPDATE": "4/30/2026",
        "AADT": "456",
        "AADTYEAR": "2022",
        "STATENAME": "TEXAS",
        "STATEAB": "TX",
        "COUNTYNAME": "HOCKLEY",
        "CITYNAME": "LEVELLAND",
        "LATDD": 33.5934003,
        "LONGDD": -102.381659,
        "gridlyProductionCertified": true,
        "gridlyClassification": "PUBLIC_ROADWAY",
        "gridlyDisplayName": "AVENUE K",
        "gridlyId": "FRA-017682M"
      }
    },
    {
      "type": "Feature",
      "id": 214123,
      "geometry": {
        "type": "Point",
        "coordinates": [
          -102.38155020009,
          33.5939259999674
        ]
      },
      "properties": {
        "OBJECTID": 214123,
        "CROSSING": "017629B",
        "EFFDATE": 1777507200000,
        "REASON": "14",
        "StateCode": "48",
        "CountyCode": "48219",
        "STCYFIPS": "48219",
        "CITYCD": "482193950",
        "RAILROAD": "LBWR",
        "RRDIV": "PLAINS",
        "RRSUBDIV": "WHITEFACE",
        "HIGHWAY": "LS0000",
        "STREET": "AVENUE K",
        "TTSTN": "677350",
        "MILEPOST": "0025.79",
        "TYPEXING": "Public",
        "POSXING": "At Grade",
        "PRVCAT": "14",
        "INIT": "2",
        "LATITUDE": 33.593926,
        "LONGITUD": -102.3815502,
        "LLSOURCE": "1",
        "WHISTBAN": "0",
        "RRCONT": "8068550079",
        "POLCONT": "8663869321",
        "INV_LINK": "https://safetydata.fra.dot.gov/OfficeofSafety/PublicSite/Crossing/Crossing.aspx?phasetype=C&rpttype=I&txtcrossingnum=017629B",
        "ACC_LINK": "https://safetydata.fra.dot.gov/OfficeofSafety/PublicSite/Crossing/Crossing.aspx?phasetype=C&rpttype=A&txtcrossingnum=017629B",
        "TTSTNNAM": "LEVELLAND",
        "XPURPOSE": "1",
        "OPERATINGR": "LBWR",
        "OPERATIN_1": "Primary",
        "DAYTHRU": 2,
        "NGHTTHRU": 0,
        "MAINTRK": 1,
        "SIDINGTRK": 0,
        "YARDTRK": 0,
        "TRANSITTRK": 0,
        "INDUSTRYTR": 0,
        "OTHRTRK": 0,
        "WDCODE": "Crossbucks",
        "REVISIONDA": "2015/06/18 00:00:00",
        "LASTUPDATE": "4/30/2026",
        "AADT": "000570",
        "AADTYEAR": "2000",
        "STATENAME": "TEXAS",
        "STATEAB": "TX",
        "COUNTYNAME": "HOCKLEY",
        "CITYNAME": "LEVELLAND",
        "LATDD": 33.593926,
        "LONGDD": -102.3815502,
        "gridlyProductionCertified": true,
        "gridlyClassification": "PUBLIC_ROADWAY",
        "gridlyDisplayName": "AVENUE K",
        "gridlyId": "FRA-017629B"
      }
    },
    {
      "type": "Feature",
      "id": 214124,
      "geometry": {
        "type": "Point",
        "coordinates": [
          -102.362683799561,
          33.5936961000475
        ]
      },
      "properties": {
        "OBJECTID": 214124,
        "CROSSING": "017626F",
        "EFFDATE": 1777507200000,
        "REASON": "14",
        "StateCode": "48",
        "CountyCode": "48219",
        "STCYFIPS": "48219",
        "CITYCD": "482193950",
        "RAILROAD": "LBWR",
        "RRDIV": "PLAINS",
        "RRSUBDIV": "WHITEFACE",
        "HIGHWAY": "ST 0000",
        "STREET": "SHERMAN AVENUE",
        "TTSTN": "677350",
        "MILEPOST": "0024.70",
        "TYPEXING": "Public",
        "POSXING": "At Grade",
        "PRVCAT": "14",
        "INIT": "2",
        "LATITUDE": 33.5936961,
        "LONGITUD": -102.3626838,
        "LLSOURCE": "1",
        "WHISTBAN": "0",
        "RRCONT": "8068550079",
        "POLCONT": "8663869321",
        "INV_LINK": "https://safetydata.fra.dot.gov/OfficeofSafety/PublicSite/Crossing/Crossing.aspx?phasetype=C&rpttype=I&txtcrossingnum=017626F",
        "ACC_LINK": "https://safetydata.fra.dot.gov/OfficeofSafety/PublicSite/Crossing/Crossing.aspx?phasetype=C&rpttype=A&txtcrossingnum=017626F",
        "TTSTNNAM": "LEVELLAND",
        "XPURPOSE": "1",
        "OPERATINGR": "LBWR",
        "OPERATIN_1": "Primary",
        "DAYTHRU": 2,
        "NGHTTHRU": 0,
        "MAINTRK": 1,
        "SIDINGTRK": 0,
        "YARDTRK": 0,
        "TRANSITTRK": 0,
        "INDUSTRYTR": 0,
        "OTHRTRK": 0,
        "WDCODE": "All other Gates",
        "REVISIONDA": "2015/06/18 00:00:00",
        "LASTUPDATE": "4/30/2026",
        "AADT": "4175",
        "AADTYEAR": "2022",
        "STATENAME": "TEXAS",
        "STATEAB": "TX",
        "COUNTYNAME": "HOCKLEY",
        "CITYNAME": "LEVELLAND",
        "LATDD": 33.5936961,
        "LONGDD": -102.3626838,
        "gridlyProductionCertified": true,
        "gridlyClassification": "PUBLIC_ROADWAY",
        "gridlyDisplayName": "SHERMAN AVENUE",
        "gridlyId": "FRA-017626F"
      }
    },
    {
      "type": "Feature",
      "id": 214125,
      "geometry": {
        "type": "Point",
        "coordinates": [
          -102.367510000222,
          33.5937514002089
        ]
      },
      "properties": {
        "OBJECTID": 214125,
        "CROSSING": "017627M",
        "EFFDATE": 1777507200000,
        "REASON": "14",
        "StateCode": "48",
        "CountyCode": "48219",
        "STCYFIPS": "48219",
        "CITYCD": "482193950",
        "RAILROAD": "LBWR",
        "RRDIV": "PLAINS",
        "RRSUBDIV": "WHITEFACE",
        "HIGHWAY": "US0385",
        "STREET": "US0385 / NORTH COLLEGE AVENUE",
        "TTSTN": "677350",
        "MILEPOST": "0024.99",
        "TYPEXING": "Public",
        "POSXING": "At Grade",
        "PRVCAT": "14",
        "INIT": "2",
        "LATITUDE": 33.5937514,
        "LONGITUD": -102.36751,
        "LLSOURCE": "1",
        "WHISTBAN": "0",
        "RRCONT": "8068550079",
        "POLCONT": "8663869321",
        "INV_LINK": "https://safetydata.fra.dot.gov/OfficeofSafety/PublicSite/Crossing/Crossing.aspx?phasetype=C&rpttype=I&txtcrossingnum=017627M",
        "ACC_LINK": "https://safetydata.fra.dot.gov/OfficeofSafety/PublicSite/Crossing/Crossing.aspx?phasetype=C&rpttype=A&txtcrossingnum=017627M",
        "TTSTNNAM": "LEVELLAND",
        "XPURPOSE": "1",
        "OPERATINGR": "LBWR",
        "OPERATIN_1": "Primary",
        "DAYTHRU": 2,
        "NGHTTHRU": 0,
        "MAINTRK": 1,
        "SIDINGTRK": 0,
        "YARDTRK": 0,
        "TRANSITTRK": 0,
        "INDUSTRYTR": 0,
        "OTHRTRK": 0,
        "WDCODE": "Flashing lights",
        "REVISIONDA": "2015/06/18 00:00:00",
        "LASTUPDATE": "4/30/2026",
        "AADT": "5425",
        "AADTYEAR": "2023",
        "STATENAME": "TEXAS",
        "STATEAB": "TX",
        "COUNTYNAME": "HOCKLEY",
        "CITYNAME": "LEVELLAND",
        "LATDD": 33.5937514,
        "LONGDD": -102.36751,
        "gridlyProductionCertified": true,
        "gridlyClassification": "PUBLIC_ROADWAY",
        "gridlyDisplayName": "US0385 / NORTH COLLEGE AVENUE",
        "gridlyId": "FRA-017627M"
      }
    },
    {
      "type": "Feature",
      "id": 214303,
      "geometry": {
        "type": "Point",
        "coordinates": [
          -102.435260399961,
          33.5945028998694
        ]
      },
      "properties": {
        "OBJECTID": 214303,
        "CROSSING": "017635E",
        "EFFDATE": 1777420800000,
        "REASON": "14",
        "StateCode": "48",
        "CountyCode": "48219",
        "STCYFIPS": "48219",
        "CITYCD": "482193950",
        "RAILROAD": "LBWR",
        "RRDIV": "PLAINS",
        "RRSUBDIV": "WHITEFACE",
        "HIGHWAY": "CR0056",
        "STREET": "GUSHER ROAD",
        "TTSTN": "677350",
        "MILEPOST": "0028.89",
        "TYPEXING": "Public",
        "POSXING": "At Grade",
        "PRVCAT": "14",
        "INIT": "2",
        "LATITUDE": 33.5945029,
        "LONGITUD": -102.4352604,
        "LLSOURCE": "1",
        "WHISTBAN": "0",
        "RRCONT": "8068550079",
        "POLCONT": "8663869321",
        "INV_LINK": "https://safetydata.fra.dot.gov/OfficeofSafety/PublicSite/Crossing/Crossing.aspx?phasetype=C&rpttype=I&txtcrossingnum=017635E",
        "ACC_LINK": "https://safetydata.fra.dot.gov/OfficeofSafety/PublicSite/Crossing/Crossing.aspx?phasetype=C&rpttype=A&txtcrossingnum=017635E",
        "TTSTNNAM": "LEVELLAND",
        "XPURPOSE": "1",
        "OPERATINGR": "LBWR",
        "OPERATIN_1": "Primary",
        "DAYTHRU": 2,
        "NGHTTHRU": 0,
        "MAINTRK": 1,
        "SIDINGTRK": 0,
        "YARDTRK": 0,
        "TRANSITTRK": 0,
        "INDUSTRYTR": 0,
        "OTHRTRK": 1,
        "WDCODE": "Crossbucks",
        "REVISIONDA": "2015/06/18 00:00:00",
        "LASTUPDATE": "4/29/2026",
        "AADT": "210",
        "AADTYEAR": "2022",
        "STATENAME": "TEXAS",
        "STATEAB": "TX",
        "COUNTYNAME": "HOCKLEY",
        "CITYNAME": "LEVELLAND",
        "LATDD": 33.5945029,
        "LONGDD": -102.4352604,
        "gridlyProductionCertified": true,
        "gridlyClassification": "PUBLIC_ROADWAY",
        "gridlyDisplayName": "GUSHER ROAD",
        "gridlyId": "FRA-017635E"
      }
    },
    {
      "type": "Feature",
      "id": 214304,
      "geometry": {
        "type": "Point",
        "coordinates": [
          -102.399259999928,
          33.5941142000553
        ]
      },
      "properties": {
        "OBJECTID": 214304,
        "CROSSING": "017633R",
        "EFFDATE": 1777420800000,
        "REASON": "14",
        "StateCode": "48",
        "CountyCode": "48219",
        "STCYFIPS": "48219",
        "CITYCD": "482193950",
        "RAILROAD": "LBWR",
        "RRDIV": "PLAINS",
        "RRSUBDIV": "WHITEFACE",
        "HIGHWAY": "LS0000",
        "STREET": "AVENUE T",
        "TTSTN": "677350",
        "MILEPOST": "0026.82",
        "TYPEXING": "Public",
        "POSXING": "At Grade",
        "PRVCAT": "14",
        "INIT": "2",
        "LATITUDE": 33.5941142,
        "LONGITUD": -102.39926,
        "LLSOURCE": "1",
        "WHISTBAN": "0",
        "RRCONT": "8068550079",
        "POLCONT": "8663869321",
        "INV_LINK": "https://safetydata.fra.dot.gov/OfficeofSafety/PublicSite/Crossing/Crossing.aspx?phasetype=C&rpttype=I&txtcrossingnum=017633R",
        "ACC_LINK": "https://safetydata.fra.dot.gov/OfficeofSafety/PublicSite/Crossing/Crossing.aspx?phasetype=C&rpttype=A&txtcrossingnum=017633R",
        "TTSTNNAM": "LEVELLAND",
        "XPURPOSE": "1",
        "OPERATINGR": "LBWR",
        "OPERATIN_1": "Primary",
        "DAYTHRU": 2,
        "NGHTTHRU": 0,
        "MAINTRK": 1,
        "SIDINGTRK": 0,
        "YARDTRK": 0,
        "TRANSITTRK": 0,
        "INDUSTRYTR": 0,
        "OTHRTRK": 1,
        "WDCODE": "Crossbucks",
        "REVISIONDA": "2015/06/18 00:00:00",
        "LASTUPDATE": "4/29/2026",
        "AADT": "690",
        "AADTYEAR": "2022",
        "STATENAME": "TEXAS",
        "STATEAB": "TX",
        "COUNTYNAME": "HOCKLEY",
        "CITYNAME": "LEVELLAND",
        "LATDD": 33.5941142,
        "LONGDD": -102.39926,
        "gridlyProductionCertified": true,
        "gridlyClassification": "PUBLIC_ROADWAY",
        "gridlyDisplayName": "AVENUE T",
        "gridlyId": "FRA-017633R"
      }
    },
    {
      "type": "Feature",
      "id": 214305,
      "geometry": {
        "type": "Point",
        "coordinates": [
          -102.386861499987,
          33.5939645999092
        ]
      },
      "properties": {
        "OBJECTID": 214305,
        "CROSSING": "017630V",
        "EFFDATE": 1777420800000,
        "REASON": "14",
        "StateCode": "48",
        "CountyCode": "48219",
        "STCYFIPS": "48219",
        "CITYCD": "482193950",
        "RAILROAD": "LBWR",
        "RRDIV": "PLAINS",
        "RRSUBDIV": "WHITEFACE",
        "HIGHWAY": "BS0114B",
        "STREET": "BS0114B / WEST AVENUE",
        "TTSTN": "677350",
        "MILEPOST": "0026.10",
        "TYPEXING": "Public",
        "POSXING": "At Grade",
        "PRVCAT": "14",
        "INIT": "2",
        "LATITUDE": 33.5939646,
        "LONGITUD": -102.3868615,
        "LLSOURCE": "1",
        "WHISTBAN": "0",
        "RRCONT": "8068550079",
        "POLCONT": "8663869321",
        "INV_LINK": "https://safetydata.fra.dot.gov/OfficeofSafety/PublicSite/Crossing/Crossing.aspx?phasetype=C&rpttype=I&txtcrossingnum=017630V",
        "ACC_LINK": "https://safetydata.fra.dot.gov/OfficeofSafety/PublicSite/Crossing/Crossing.aspx?phasetype=C&rpttype=A&txtcrossingnum=017630V",
        "TTSTNNAM": "LEVELLAND",
        "XPURPOSE": "1",
        "OPERATINGR": "LBWR",
        "OPERATIN_1": "Primary",
        "DAYTHRU": 2,
        "NGHTTHRU": 0,
        "MAINTRK": 1,
        "SIDINGTRK": 0,
        "YARDTRK": 0,
        "TRANSITTRK": 0,
        "INDUSTRYTR": 0,
        "OTHRTRK": 0,
        "WDCODE": "Flashing lights",
        "REVISIONDA": "2015/06/18 00:00:00",
        "LASTUPDATE": "4/29/2026",
        "AADT": "549",
        "AADTYEAR": "2022",
        "STATENAME": "TEXAS",
        "STATEAB": "TX",
        "COUNTYNAME": "HOCKLEY",
        "CITYNAME": "LEVELLAND",
        "LATDD": 33.5939646,
        "LONGDD": -102.3868615,
        "gridlyProductionCertified": true,
        "gridlyClassification": "PUBLIC_ROADWAY",
        "gridlyDisplayName": "BS0114B / WEST AVENUE",
        "gridlyId": "FRA-017630V"
      }
    },
    {
      "type": "Feature",
      "id": 215638,
      "geometry": {
        "type": "Point",
        "coordinates": [
          -102.467438700225,
          33.5948626997318
        ]
      },
      "properties": {
        "OBJECTID": 215638,
        "CROSSING": "017636L",
        "EFFDATE": 1770768000000,
        "REASON": "14",
        "StateCode": "48",
        "CountyCode": "48219",
        "STCYFIPS": "48219",
        "CITYCD": "482193950",
        "RAILROAD": "LBWR",
        "RRDIV": "PLAINS",
        "RRSUBDIV": "WHITEFACE",
        "HIGHWAY": "CR0066",
        "STREET": "KELLY ROAD",
        "TTSTN": "677350",
        "MILEPOST": "0030.75",
        "TYPEXING": "Public",
        "POSXING": "At Grade",
        "PRVCAT": "14",
        "INIT": "2",
        "LATITUDE": 33.5948627,
        "LONGITUD": -102.4674387,
        "LLSOURCE": "1",
        "WHISTBAN": "0",
        "RRCONT": "8068550079",
        "POLCONT": "8663869321",
        "INV_LINK": "https://safetydata.fra.dot.gov/OfficeofSafety/PublicSite/Crossing/Crossing.aspx?phasetype=C&rpttype=I&txtcrossingnum=017636L",
        "ACC_LINK": "https://safetydata.fra.dot.gov/OfficeofSafety/PublicSite/Crossing/Crossing.aspx?phasetype=C&rpttype=A&txtcrossingnum=017636L",
        "TTSTNNAM": "LEVELLAND",
        "XPURPOSE": "1",
        "OPERATINGR": "LBWR",
        "OPERATIN_1": "Primary",
        "DAYTHRU": 1,
        "NGHTTHRU": 0,
        "MAINTRK": 1,
        "SIDINGTRK": 0,
        "YARDTRK": 0,
        "TRANSITTRK": 0,
        "INDUSTRYTR": 0,
        "OTHRTRK": 0,
        "WDCODE": "Crossbucks",
        "REVISIONDA": "2015/06/18 00:00:00",
        "LASTUPDATE": "2/11/2026",
        "AADT": "340",
        "AADTYEAR": "2022",
        "STATENAME": "TEXAS",
        "STATEAB": "TX",
        "COUNTYNAME": "HOCKLEY",
        "CITYNAME": "LEVELLAND",
        "LATDD": 33.5948627,
        "LONGDD": -102.4674387,
        "gridlyProductionCertified": true,
        "gridlyClassification": "PUBLIC_ROADWAY",
        "gridlyDisplayName": "KELLY ROAD",
        "gridlyId": "FRA-017636L"
      }
    },
    {
      "type": "Feature",
      "id": 216364,
      "geometry": {
        "type": "Point",
        "coordinates": [
          -102.155389400031,
          33.8001239997765
        ]
      },
      "properties": {
        "OBJECTID": 216364,
        "CROSSING": "014898H",
        "EFFDATE": 1775779200000,
        "REASON": "14",
        "StateCode": "48",
        "CountyCode": "48219",
        "STCYFIPS": "48219",
        "CITYCD": "482190230",
        "RAILROAD": "BNSF",
        "RRDIV": "RED RIVER",
        "RRSUBDIV": "SLATON",
        "HIGHWAY": "FM0168",
        "STREET": "FM0168 / SPADE ROAD",
        "TTSTN": "677313",
        "MILEPOST": "0066.211",
        "TYPEXING": "Public",
        "POSXING": "At Grade",
        "PRVCAT": "14",
        "INIT": "2",
        "LATITUDE": 33.800124,
        "LONGITUD": -102.1553894,
        "LLSOURCE": "1",
        "WHISTBAN": "0",
        "RRCONT": "8173521549",
        "POLCONT": "8008325452",
        "INV_LINK": "https://safetydata.fra.dot.gov/OfficeofSafety/PublicSite/Crossing/Crossing.aspx?phasetype=C&rpttype=I&txtcrossingnum=014898H",
        "ACC_LINK": "https://safetydata.fra.dot.gov/OfficeofSafety/PublicSite/Crossing/Crossing.aspx?phasetype=C&rpttype=A&txtcrossingnum=014898H",
        "TTSTNNAM": "ANTON",
        "XPURPOSE": "1",
        "OPERATINGR": "BNSF",
        "OPERATIN_1": "Primary",
        "DAYTHRU": 2,
        "NGHTTHRU": 2,
        "MAINTRK": 1,
        "SIDINGTRK": 0,
        "YARDTRK": 0,
        "TRANSITTRK": 0,
        "INDUSTRYTR": 0,
        "OTHRTRK": 0,
        "WDCODE": "All other Gates",
        "REVISIONDA": "1996/01/01 00:00:00",
        "LASTUPDATE": "4/10/2026",
        "AADT": "1182",
        "AADTYEAR": "2023",
        "STATENAME": "TEXAS",
        "STATEAB": "TX",
        "COUNTYNAME": "HOCKLEY",
        "CITYNAME": "ANTON",
        "LATDD": 33.800124,
        "LONGDD": -102.1553894,
        "gridlyProductionCertified": true,
        "gridlyClassification": "PUBLIC_ROADWAY",
        "gridlyDisplayName": "FM0168 / SPADE ROAD",
        "gridlyId": "FRA-014898H"
      }
    },
    {
      "type": "Feature",
      "id": 216420,
      "geometry": {
        "type": "Point",
        "coordinates": [
          -102.13830669972,
          33.7878445998949
        ]
      },
      "properties": {
        "OBJECTID": 216420,
        "CROSSING": "014899P",
        "EFFDATE": 1776038400000,
        "REASON": "14",
        "StateCode": "48",
        "CountyCode": "48219",
        "STCYFIPS": "48219",
        "CITYCD": "482190230",
        "RAILROAD": "BNSF",
        "RRDIV": "RED RIVER",
        "RRSUBDIV": "SLATON",
        "HIGHWAY": "CR0000",
        "STREET": "ONION SHED ROAD",
        "TTSTN": "677313",
        "MILEPOST": "0067.506",
        "TYPEXING": "Public",
        "POSXING": "At Grade",
        "PRVCAT": "14",
        "INIT": "2",
        "LATITUDE": 33.7878446,
        "LONGITUD": -102.1383067,
        "LLSOURCE": "1",
        "WHISTBAN": "0",
        "RRCONT": "8173521549",
        "POLCONT": "8008325452",
        "INV_LINK": "https://safetydata.fra.dot.gov/OfficeofSafety/PublicSite/Crossing/Crossing.aspx?phasetype=C&rpttype=I&txtcrossingnum=014899P",
        "ACC_LINK": "https://safetydata.fra.dot.gov/OfficeofSafety/PublicSite/Crossing/Crossing.aspx?phasetype=C&rpttype=A&txtcrossingnum=014899P",
        "TTSTNNAM": "ANTON",
        "XPURPOSE": "1",
        "OPERATINGR": "BNSF",
        "OPERATIN_1": "Primary",
        "DAYTHRU": 2,
        "NGHTTHRU": 2,
        "MAINTRK": 1,
        "SIDINGTRK": 0,
        "YARDTRK": 0,
        "TRANSITTRK": 0,
        "INDUSTRYTR": 0,
        "OTHRTRK": 0,
        "WDCODE": "Crossbucks",
        "REVISIONDA": "1996/01/01 00:00:00",
        "LASTUPDATE": "4/13/2026",
        "AADT": "7",
        "AADTYEAR": "2022",
        "STATENAME": "TEXAS",
        "STATEAB": "TX",
        "COUNTYNAME": "HOCKLEY",
        "CITYNAME": "ANTON",
        "LATDD": 33.7878446,
        "LONGDD": -102.1383067,
        "gridlyProductionCertified": true,
        "gridlyClassification": "PUBLIC_ROADWAY",
        "gridlyDisplayName": "ONION SHED ROAD",
        "gridlyId": "FRA-014899P"
      }
    },
    {
      "type": "Feature",
      "id": 216421,
      "geometry": {
        "type": "Point",
        "coordinates": [
          -102.121056300115,
          33.7754799996321
        ]
      },
      "properties": {
        "OBJECTID": 216421,
        "CROSSING": "014900G",
        "EFFDATE": 1776038400000,
        "REASON": "14",
        "StateCode": "48",
        "CountyCode": "48219",
        "STCYFIPS": "48219",
        "CITYCD": "482190230",
        "RAILROAD": "BNSF",
        "RRDIV": "RED RIVER",
        "RRSUBDIV": "SLATON",
        "HIGHWAY": "CR0263",
        "STREET": "KING ROAD",
        "TTSTN": "677313",
        "MILEPOST": "0068.816",
        "TYPEXING": "Public",
        "POSXING": "At Grade",
        "PRVCAT": "14",
        "INIT": "2",
        "LATITUDE": 33.77548,
        "LONGITUD": -102.1210563,
        "LLSOURCE": "1",
        "WHISTBAN": "0",
        "RRCONT": "8173521549",
        "POLCONT": "8008325452",
        "INV_LINK": "https://safetydata.fra.dot.gov/OfficeofSafety/PublicSite/Crossing/Crossing.aspx?phasetype=C&rpttype=I&txtcrossingnum=014900G",
        "ACC_LINK": "https://safetydata.fra.dot.gov/OfficeofSafety/PublicSite/Crossing/Crossing.aspx?phasetype=C&rpttype=A&txtcrossingnum=014900G",
        "TTSTNNAM": "ANTON",
        "XPURPOSE": "1",
        "OPERATINGR": "BNSF",
        "OPERATIN_1": "Primary",
        "DAYTHRU": 2,
        "NGHTTHRU": 2,
        "MAINTRK": 1,
        "SIDINGTRK": 0,
        "YARDTRK": 0,
        "TRANSITTRK": 0,
        "INDUSTRYTR": 0,
        "OTHRTRK": 0,
        "WDCODE": "Crossbucks",
        "REVISIONDA": "1996/01/01 00:00:00",
        "LASTUPDATE": "4/13/2026",
        "AADT": "4",
        "AADTYEAR": "2022",
        "STATENAME": "TEXAS",
        "STATEAB": "TX",
        "COUNTYNAME": "HOCKLEY",
        "CITYNAME": "ANTON",
        "LATDD": 33.77548,
        "LONGDD": -102.1210563,
        "gridlyProductionCertified": true,
        "gridlyClassification": "PUBLIC_ROADWAY",
        "gridlyDisplayName": "KING ROAD",
        "gridlyId": "FRA-014900G"
      }
    },
    {
      "type": "Feature",
      "id": 216422,
      "geometry": {
        "type": "Point",
        "coordinates": [
          -102.10382089968,
          33.7661999997707
        ]
      },
      "properties": {
        "OBJECTID": 216422,
        "CROSSING": "014901N",
        "EFFDATE": 1776038400000,
        "REASON": "14",
        "StateCode": "48",
        "CountyCode": "48219",
        "STCYFIPS": "48219",
        "CITYCD": "482190230",
        "RAILROAD": "BNSF",
        "RRDIV": "RED RIVER",
        "RRSUBDIV": "SLATON",
        "HIGHWAY": "FM2130",
        "STREET": "FM2130",
        "TTSTN": "677313",
        "MILEPOST": "0069.996",
        "TYPEXING": "Public",
        "POSXING": "At Grade",
        "PRVCAT": "14",
        "INIT": "2",
        "LATITUDE": 33.7662,
        "LONGITUD": -102.1038209,
        "LLSOURCE": "1",
        "WHISTBAN": "0",
        "RRCONT": "8173521549",
        "POLCONT": "8008325452",
        "INV_LINK": "https://safetydata.fra.dot.gov/OfficeofSafety/PublicSite/Crossing/Crossing.aspx?phasetype=C&rpttype=I&txtcrossingnum=014901N",
        "ACC_LINK": "https://safetydata.fra.dot.gov/OfficeofSafety/PublicSite/Crossing/Crossing.aspx?phasetype=C&rpttype=A&txtcrossingnum=014901N",
        "TTSTNNAM": "ANTON",
        "XPURPOSE": "1",
        "OPERATINGR": "BNSF",
        "OPERATIN_1": "Primary",
        "DAYTHRU": 2,
        "NGHTTHRU": 2,
        "MAINTRK": 1,
        "SIDINGTRK": 0,
        "YARDTRK": 0,
        "TRANSITTRK": 0,
        "INDUSTRYTR": 0,
        "OTHRTRK": 0,
        "WDCODE": "All other Gates",
        "REVISIONDA": "1996/01/01 00:00:00",
        "LASTUPDATE": "4/13/2026",
        "AADT": "135",
        "AADTYEAR": "2023",
        "STATENAME": "TEXAS",
        "STATEAB": "TX",
        "COUNTYNAME": "HOCKLEY",
        "CITYNAME": "ANTON",
        "LATDD": 33.7662,
        "LONGDD": -102.1038209,
        "gridlyProductionCertified": true,
        "gridlyClassification": "PUBLIC_ROADWAY",
        "gridlyDisplayName": "FM2130",
        "gridlyId": "FRA-014901N"
      }
    },
    {
      "type": "Feature",
      "id": 216448,
      "geometry": {
        "type": "Point",
        "coordinates": [
          -102.117583300039,
          33.4447281003591
        ]
      },
      "properties": {
        "OBJECTID": 216448,
        "CROSSING": "017743B",
        "EFFDATE": 1776211200000,
        "REASON": "14",
        "StateCode": "48",
        "CountyCode": "48219",
        "STCYFIPS": "48219",
        "CITYCD": "482195940",
        "RAILROAD": "LBWR",
        "RRDIV": "PLAINS",
        "RRSUBDIV": "SEAGRAVES",
        "HIGHWAY": "CR0212",
        "STREET": "FOSTER ROAD",
        "TTSTN": "677370",
        "MILEPOST": "0018.78",
        "TYPEXING": "Public",
        "POSXING": "At Grade",
        "PRVCAT": "14",
        "INIT": "2",
        "LATITUDE": 33.4447281,
        "LONGITUD": -102.1175833,
        "LLSOURCE": "1",
        "WHISTBAN": "0",
        "RRCONT": "8068550079",
        "POLCONT": "8663869321",
        "INV_LINK": "https://safetydata.fra.dot.gov/OfficeofSafety/PublicSite/Crossing/Crossing.aspx?phasetype=C&rpttype=I&txtcrossingnum=017743B",
        "ACC_LINK": "https://safetydata.fra.dot.gov/OfficeofSafety/PublicSite/Crossing/Crossing.aspx?phasetype=C&rpttype=A&txtcrossingnum=017743B",
        "TTSTNNAM": "ROPES",
        "XPURPOSE": "1",
        "OPERATINGR": "LBWR",
        "OPERATIN_1": "Primary",
        "DAYTHRU": 1,
        "NGHTTHRU": 1,
        "MAINTRK": 1,
        "SIDINGTRK": 0,
        "YARDTRK": 0,
        "TRANSITTRK": 0,
        "INDUSTRYTR": 0,
        "OTHRTRK": 0,
        "WDCODE": "Crossbucks",
        "REVISIONDA": "2015/06/18 00:00:00",
        "LASTUPDATE": "4/15/2026",
        "AADT": "473",
        "AADTYEAR": "2022",
        "STATENAME": "TEXAS",
        "STATEAB": "TX",
        "COUNTYNAME": "HOCKLEY",
        "CITYNAME": "ROPESVILLE",
        "LATDD": 33.4447281,
        "LONGDD": -102.1175833,
        "gridlyProductionCertified": true,
        "gridlyClassification": "PUBLIC_ROADWAY",
        "gridlyDisplayName": "FOSTER ROAD",
        "gridlyId": "FRA-017743B"
      }
    },
    {
      "type": "Feature",
      "id": 216449,
      "geometry": {
        "type": "Point",
        "coordinates": [
          -102.159513499923,
          33.4118549002526
        ]
      },
      "properties": {
        "OBJECTID": 216449,
        "CROSSING": "017747D",
        "EFFDATE": 1776211200000,
        "REASON": "14",
        "StateCode": "48",
        "CountyCode": "48219",
        "STCYFIPS": "48219",
        "CITYCD": "482195940",
        "RAILROAD": "LBWR",
        "RRDIV": "PLAINS",
        "RRSUBDIV": "SEAGRAVES",
        "HIGHWAY": "FM0041",
        "STREET": "FM0041",
        "TTSTN": "677370",
        "MILEPOST": "0022.14",
        "TYPEXING": "Public",
        "POSXING": "At Grade",
        "PRVCAT": "14",
        "INIT": "2",
        "LATITUDE": 33.4118549,
        "LONGITUD": -102.1595135,
        "LLSOURCE": "1",
        "WHISTBAN": "0",
        "RRCONT": "8068550079",
        "POLCONT": "8663869321",
        "INV_LINK": "https://safetydata.fra.dot.gov/OfficeofSafety/PublicSite/Crossing/Crossing.aspx?phasetype=C&rpttype=I&txtcrossingnum=017747D",
        "ACC_LINK": "https://safetydata.fra.dot.gov/OfficeofSafety/PublicSite/Crossing/Crossing.aspx?phasetype=C&rpttype=A&txtcrossingnum=017747D",
        "TTSTNNAM": "ROPES",
        "XPURPOSE": "1",
        "OPERATINGR": "LBWR",
        "OPERATIN_1": "Primary",
        "DAYTHRU": 1,
        "NGHTTHRU": 1,
        "MAINTRK": 1,
        "SIDINGTRK": 0,
        "YARDTRK": 0,
        "TRANSITTRK": 0,
        "INDUSTRYTR": 0,
        "OTHRTRK": 1,
        "WDCODE": "Crossbucks",
        "REVISIONDA": "2015/06/18 00:00:00",
        "LASTUPDATE": "4/15/2026",
        "AADT": "811",
        "AADTYEAR": "2023",
        "STATENAME": "TEXAS",
        "STATEAB": "TX",
        "COUNTYNAME": "HOCKLEY",
        "CITYNAME": "ROPESVILLE",
        "LATDD": 33.4118549,
        "LONGDD": -102.1595135,
        "gridlyProductionCertified": true,
        "gridlyClassification": "PUBLIC_ROADWAY",
        "gridlyDisplayName": "FM0041",
        "gridlyId": "FRA-017747D"
      }
    },
    {
      "type": "Feature",
      "id": 216450,
      "geometry": {
        "type": "Point",
        "coordinates": [
          -102.137846299662,
          33.4322715997555
        ]
      },
      "properties": {
        "OBJECTID": 216450,
        "CROSSING": "017744H",
        "EFFDATE": 1776211200000,
        "REASON": "14",
        "StateCode": "48",
        "CountyCode": "48219",
        "STCYFIPS": "48219",
        "CITYCD": "482195940",
        "RAILROAD": "LBWR",
        "RRDIV": "PLAINS",
        "RRSUBDIV": "SEAGRAVES",
        "HIGHWAY": "CR0326",
        "STREET": "PARROT ROAD",
        "TTSTN": "677370",
        "MILEPOST": "0020.23",
        "TYPEXING": "Public",
        "POSXING": "At Grade",
        "PRVCAT": "14",
        "INIT": "2",
        "LATITUDE": 33.4322716,
        "LONGITUD": -102.1378463,
        "LLSOURCE": "1",
        "WHISTBAN": "0",
        "RRCONT": "8068550079",
        "POLCONT": "8663869321",
        "INV_LINK": "https://safetydata.fra.dot.gov/OfficeofSafety/PublicSite/Crossing/Crossing.aspx?phasetype=C&rpttype=I&txtcrossingnum=017744H",
        "ACC_LINK": "https://safetydata.fra.dot.gov/OfficeofSafety/PublicSite/Crossing/Crossing.aspx?phasetype=C&rpttype=A&txtcrossingnum=017744H",
        "TTSTNNAM": "ROPES",
        "XPURPOSE": "1",
        "OPERATINGR": "LBWR",
        "OPERATIN_1": "Primary",
        "DAYTHRU": 1,
        "NGHTTHRU": 1,
        "MAINTRK": 1,
        "SIDINGTRK": 0,
        "YARDTRK": 0,
        "TRANSITTRK": 0,
        "INDUSTRYTR": 0,
        "OTHRTRK": 0,
        "WDCODE": "Crossbucks",
        "REVISIONDA": "2015/06/18 00:00:00",
        "LASTUPDATE": "4/15/2026",
        "AADT": "37",
        "AADTYEAR": "2022",
        "STATENAME": "TEXAS",
        "STATEAB": "TX",
        "COUNTYNAME": "HOCKLEY",
        "CITYNAME": "ROPESVILLE",
        "LATDD": 33.4322716,
        "LONGDD": -102.1378463,
        "gridlyProductionCertified": true,
        "gridlyClassification": "PUBLIC_ROADWAY",
        "gridlyDisplayName": "PARROT ROAD",
        "gridlyId": "FRA-017744H"
      }
    },
    {
      "type": "Feature",
      "id": 216451,
      "geometry": {
        "type": "Point",
        "coordinates": [
          -102.160555000375,
          33.4107819001654
        ]
      },
      "properties": {
        "OBJECTID": 216451,
        "CROSSING": "017748K",
        "EFFDATE": 1776211200000,
        "REASON": "14",
        "StateCode": "48",
        "CountyCode": "48219",
        "STCYFIPS": "48219",
        "CITYCD": "482195940",
        "RAILROAD": "LBWR",
        "RRDIV": "PLAINS",
        "RRSUBDIV": "SEAGRAVES",
        "HIGHWAY": "LS0000",
        "STREET": "NATIONAL STREET",
        "TTSTN": "677370",
        "MILEPOST": "0022.23",
        "TYPEXING": "Public",
        "POSXING": "At Grade",
        "PRVCAT": "14",
        "INIT": "2",
        "LATITUDE": 33.4107819,
        "LONGITUD": -102.160555,
        "LLSOURCE": "1",
        "WHISTBAN": "0",
        "RRCONT": "8068550079",
        "POLCONT": "8663869321",
        "INV_LINK": "https://safetydata.fra.dot.gov/OfficeofSafety/PublicSite/Crossing/Crossing.aspx?phasetype=C&rpttype=I&txtcrossingnum=017748K",
        "ACC_LINK": "https://safetydata.fra.dot.gov/OfficeofSafety/PublicSite/Crossing/Crossing.aspx?phasetype=C&rpttype=A&txtcrossingnum=017748K",
        "TTSTNNAM": "ROPES",
        "XPURPOSE": "1",
        "OPERATINGR": "LBWR",
        "OPERATIN_1": "Primary",
        "DAYTHRU": 1,
        "NGHTTHRU": 1,
        "MAINTRK": 1,
        "SIDINGTRK": 0,
        "YARDTRK": 0,
        "TRANSITTRK": 0,
        "INDUSTRYTR": 0,
        "OTHRTRK": 1,
        "WDCODE": "Crossbucks",
        "REVISIONDA": "2015/06/18 00:00:00",
        "LASTUPDATE": "4/15/2026",
        "AADT": "17",
        "AADTYEAR": "2022",
        "STATENAME": "TEXAS",
        "STATEAB": "TX",
        "COUNTYNAME": "HOCKLEY",
        "CITYNAME": "ROPESVILLE",
        "LATDD": 33.4107819,
        "LONGDD": -102.160555,
        "gridlyProductionCertified": true,
        "gridlyClassification": "PUBLIC_ROADWAY",
        "gridlyDisplayName": "NATIONAL STREET",
        "gridlyId": "FRA-017748K"
      }
    },
    {
      "type": "Feature",
      "id": 216523,
      "geometry": {
        "type": "Point",
        "coordinates": [
          -102.092320800364,
          33.4602918997354
        ]
      },
      "properties": {
        "OBJECTID": 216523,
        "CROSSING": "017741M",
        "EFFDATE": 1776297600000,
        "REASON": "14",
        "StateCode": "48",
        "CountyCode": "48219",
        "STCYFIPS": "48219",
        "CITYCD": "482195940",
        "RAILROAD": "LBWR",
        "RRDIV": "PLAINS",
        "RRSUBDIV": "SEAGRAVES",
        "HIGHWAY": "CR0277",
        "STREET": "QUAIL ROAD",
        "TTSTN": "677370",
        "MILEPOST": "0016.96",
        "TYPEXING": "Public",
        "POSXING": "At Grade",
        "PRVCAT": "14",
        "INIT": "2",
        "LATITUDE": 33.4602919,
        "LONGITUD": -102.0923208,
        "LLSOURCE": "1",
        "WHISTBAN": "0",
        "RRCONT": "8068550079",
        "POLCONT": "8663869321",
        "INV_LINK": "https://safetydata.fra.dot.gov/OfficeofSafety/PublicSite/Crossing/Crossing.aspx?phasetype=C&rpttype=I&txtcrossingnum=017741M",
        "ACC_LINK": "https://safetydata.fra.dot.gov/OfficeofSafety/PublicSite/Crossing/Crossing.aspx?phasetype=C&rpttype=A&txtcrossingnum=017741M",
        "TTSTNNAM": "ROPES",
        "XPURPOSE": "1",
        "OPERATINGR": "LBWR",
        "OPERATIN_1": "Primary",
        "DAYTHRU": 1,
        "NGHTTHRU": 1,
        "MAINTRK": 1,
        "SIDINGTRK": 0,
        "YARDTRK": 0,
        "TRANSITTRK": 0,
        "INDUSTRYTR": 0,
        "OTHRTRK": 1,
        "WDCODE": "Crossbucks",
        "REVISIONDA": "2015/06/18 00:00:00",
        "LASTUPDATE": "4/16/2026",
        "AADT": "44",
        "AADTYEAR": "2022",
        "STATENAME": "TEXAS",
        "STATEAB": "TX",
        "COUNTYNAME": "HOCKLEY",
        "CITYNAME": "ROPESVILLE",
        "LATDD": 33.4602919,
        "LONGDD": -102.0923208,
        "gridlyProductionCertified": true,
        "gridlyClassification": "PUBLIC_ROADWAY",
        "gridlyDisplayName": "QUAIL ROAD",
        "gridlyId": "FRA-017741M"
      }
    }
  ]
}
