canonicalCommunity,canonicalPlaceId,membershipAuthorityAvailable,membershipAuthorityReason,membershipApplicability,membershipCount,membershipCountyFips,membershipCountyIds,membershipCountyNames,unresolvedCountyFips,duplicateCountyFips,duplicateCountyIds,operationalProjectionMembershipCount,operationalProjectionCountyIds,operationalProjectionThinnerThanRegistry,crossingCanonicalPlaceAvailable,officialRoadwayConsumerAvailable,weatherConsumerAvailable,membershipAuthorityPass
Abbott,4800100,true,EXACT_CANONICAL_PLACE_REGISTRY_ROW_GOVERNED_COUNTY_FIPS,SINGLE_COUNTY_CONTROL,1,48217,hill-tx,Hill County,,,,1,hill-tx,false,true,true,true,true
Abernathy,4800160,true,EXACT_CANONICAL_PLACE_REGISTRY_ROW_GOVERNED_COUNTY_FIPS,MULTI_COUNTY_CONVERGENCE,2,48189|48303,hale-tx|lubbock-tx,Hale County|Lubbock County,,,,2,hale-tx|lubbock-tx,false,true,true,true,true
Abilene,4801000,true,EXACT_CANONICAL_PLACE_REGISTRY_ROW_GOVERNED_COUNTY_FIPS,MULTI_COUNTY_CONVERGENCE,2,48253|48441,jones-tx|taylor-tx,Jones County|Taylor County,,,,2,jones-tx|taylor-tx,false,true,true,true,true
Abram,4801060,true,EXACT_CANONICAL_PLACE_REGISTRY_ROW_GOVERNED_COUNTY_FIPS,SINGLE_COUNTY_CONTROL,1,48215,hidalgo-tx,Hidalgo County,,,,1,hidalgo-tx,false,true,true,true,true
Acala,4801084,true,EXACT_CANONICAL_PLACE_REGISTRY_ROW_GOVERNED_COUNTY_FIPS,SINGLE_COUNTY_CONTROL,1,48229,hudspeth-tx,Hudspeth County,,,,1,hudspeth-tx,false,true,true,true,true
Ackerly,4801108,true,EXACT_CANONICAL_PLACE_REGISTRY_ROW_GOVERNED_COUNTY_FIPS,MULTI_COUNTY_CONVERGENCE,2,48115|48317,dawson-tx|martin-tx,Dawson County|Martin County,,,,2,dawson-tx|martin-tx,false,true,true,true,true
Addison,4801240,true,EXACT_CANONICAL_PLACE_REGISTRY_ROW_GOVERNED_COUNTY_FIPS,SINGLE_COUNTY_CONTROL,1,48113,dallas-tx,Dallas County,,,,1,dallas-tx,false,true,true,true,true
Adrian,4801324,true,EXACT_CANONICAL_PLACE_REGISTRY_ROW_GOVERNED_COUNTY_FIPS,SINGLE_COUNTY_CONTROL,1,48359,oldham-tx,Oldham County,,,,1,oldham-tx,false,true,true,true,true
Agua Dulce,4801390,true,EXACT_CANONICAL_PLACE_REGISTRY_ROW_GOVERNED_COUNTY_FIPS,SINGLE_COUNTY_CONTROL,1,48141,el-paso-tx,El Paso County,,,,1,el-paso-tx,false,true,true,true,true
Agua Dulce,4801396,true,EXACT_CANONICAL_PLACE_REGISTRY_ROW_GOVERNED_COUNTY_FIPS,SINGLE_COUNTY_CONTROL,1,48355,nueces-tx,Nueces County,,,,1,nueces-tx,false,true,true,true,true
Aguilares,4801420,true,EXACT_CANONICAL_PLACE_REGISTRY_ROW_GOVERNED_COUNTY_FIPS,SINGLE_COUNTY_CONTROL,1,48479,webb-tx,Webb County,,,,1,webb-tx,false,true,true,true,true
Airport Heights,4801500,true,EXACT_CANONICAL_PLACE_REGISTRY_ROW_GOVERNED_COUNTY_FIPS,SINGLE_COUNTY_CONTROL,1,48427,starr-tx,Starr County,,,,1,starr-tx,false,true,true,true,true
Airport Road Addition,4801514,true,EXACT_CANONICAL_PLACE_REGISTRY_ROW_GOVERNED_COUNTY_FIPS,SINGLE_COUNTY_CONTROL,1,48047,brooks-tx,Brooks County,,,,1,brooks-tx,false,true,true,true,true
Alamo,4801576,true,EXACT_CANONICAL_PLACE_REGISTRY_ROW_GOVERNED_COUNTY_FIPS,SINGLE_COUNTY_CONTROL,1,48215,hidalgo-tx,Hidalgo County,,,,1,hidalgo-tx,false,true,true,true,true
Alamo Beach,4801594,true,EXACT_CANONICAL_PLACE_REGISTRY_ROW_GOVERNED_COUNTY_FIPS,SINGLE_COUNTY_CONTROL,1,48057,calhoun-tx,Calhoun County,,,,1,calhoun-tx,false,true,true,true,true
Alamo Heights,4801600,true,EXACT_CANONICAL_PLACE_REGISTRY_ROW_GOVERNED_COUNTY_FIPS,SINGLE_COUNTY_CONTROL,1,48029,bexar-tx,Bexar County,,,,1,bexar-tx,false,true,true,true,true
Alanreed,4801612,true,EXACT_CANONICAL_PLACE_REGISTRY_ROW_GOVERNED_COUNTY_FIPS,SINGLE_COUNTY_CONTROL,1,48179,gray-tx,Gray County,,,,1,gray-tx,false,true,true,true,true
Alba,4801636,true,EXACT_CANONICAL_PLACE_REGISTRY_ROW_GOVERNED_COUNTY_FIPS,MULTI_COUNTY_CONVERGENCE,2,48379|48499,rains-tx|wood-tx,Rains County|Wood County,,,,2,rains-tx|wood-tx,false,true,true,true,true
Albany,4801648,true,EXACT_CANONICAL_PLACE_REGISTRY_ROW_GOVERNED_COUNTY_FIPS,SINGLE_COUNTY_CONTROL,1,48417,shackelford-tx,Shackelford County,,,,1,shackelford-tx,false,true,true,true,true
Aldine,4801696,true,EXACT_CANONICAL_PLACE_REGISTRY_ROW_GOVERNED_COUNTY_FIPS,SINGLE_COUNTY_CONTROL,1,48201,harris-tx,Harris County,,,,1,harris-tx,false,true,true,true,true
Aledo,4801744,true,EXACT_CANONICAL_PLACE_REGISTRY_ROW_GOVERNED_COUNTY_FIPS,SINGLE_COUNTY_CONTROL,1,48367,parker-tx,Parker County,,,,1,parker-tx,false,true,true,true,true
Alfred,4801816,true,EXACT_CANONICAL_PLACE_REGISTRY_ROW_GOVERNED_COUNTY_FIPS,SINGLE_COUNTY_CONTROL,1,48249,jim-wells-tx,Jim Wells County,,,,1,jim-wells-tx,false,true,true,true,true
Alice,4801852,true,EXACT_CANONICAL_PLACE_REGISTRY_ROW_GOVERNED_COUNTY_FIPS,SINGLE_COUNTY_CONTROL,1,48249,jim-wells-tx,Jim Wells County,,,,1,jim-wells-tx,false,true,true,true,true
Alice Acres,4801858,true,EXACT_CANONICAL_PLACE_REGISTRY_ROW_GOVERNED_COUNTY_FIPS,SINGLE_COUNTY_CONTROL,1,48249,jim-wells-tx,Jim Wells County,,,,1,jim-wells-tx,false,true,true,true,true
Allen,4801924,true,EXACT_CANONICAL_PLACE_REGISTRY_ROW_GOVERNED_COUNTY_FIPS,SINGLE_COUNTY_CONTROL,1,48085,collin-tx,Collin County,,,,1,collin-tx,false,true,true,true,true
Allison,4802032,true,EXACT_CANONICAL_PLACE_REGISTRY_ROW_GOVERNED_COUNTY_FIPS,SINGLE_COUNTY_CONTROL,1,48483,wheeler-tx,Wheeler County,,,,1,wheeler-tx,false,true,true,true,true
Alma,4802044,true,EXACT_CANONICAL_PLACE_REGISTRY_ROW_GOVERNED_COUNTY_FIPS,SINGLE_COUNTY_CONTROL,1,48139,ellis-tx,Ellis County,,,,1,ellis-tx,false,true,true,true,true
Alpine,4802104,true,EXACT_CANONICAL_PLACE_REGISTRY_ROW_GOVERNED_COUNTY_FIPS,SINGLE_COUNTY_CONTROL,1,48043,brewster-tx,Brewster County,,,,1,brewster-tx,false,true,true,true,true
Alto,4802188,true,EXACT_CANONICAL_PLACE_REGISTRY_ROW_GOVERNED_COUNTY_FIPS,SINGLE_COUNTY_CONTROL,1,48073,cherokee-tx,Cherokee County,,,,1,cherokee-tx,false,true,true,true,true
Alto Bonito Heights,4802194,true,EXACT_CANONICAL_PLACE_REGISTRY_ROW_GOVERNED_COUNTY_FIPS,SINGLE_COUNTY_CONTROL,1,48427,starr-tx,Starr County,,,,1,starr-tx,false,true,true,true,true
Alton,4802212,true,EXACT_CANONICAL_PLACE_REGISTRY_ROW_GOVERNED_COUNTY_FIPS,SINGLE_COUNTY_CONTROL,1,48215,hidalgo-tx,Hidalgo County,,,,1,hidalgo-tx,false,true,true,true,true
Alvarado,4802260,true,EXACT_CANONICAL_PLACE_REGISTRY_ROW_GOVERNED_COUNTY_FIPS,SINGLE_COUNTY_CONTROL,1,48251,johnson-tx,Johnson County,,,,1,johnson-tx,false,true,true,true,true
Alvin,4802272,true,EXACT_CANONICAL_PLACE_REGISTRY_ROW_GOVERNED_COUNTY_FIPS,SINGLE_COUNTY_CONTROL,1,48039,brazoria-tx,Brazoria County,,,,1,brazoria-tx,false,true,true,true,true
Alvord,4802284,true,EXACT_CANONICAL_PLACE_REGISTRY_ROW_GOVERNED_COUNTY_FIPS,SINGLE_COUNTY_CONTROL,1,48497,wise-tx,Wise County,,,,1,wise-tx,false,true,true,true,true
Amada Acres,4802286,true,EXACT_CANONICAL_PLACE_REGISTRY_ROW_GOVERNED_COUNTY_FIPS,SINGLE_COUNTY_CONTROL,1,48427,starr-tx,Starr County,,,,1,starr-tx,false,true,true,true,true
Amargosa,4802290,true,EXACT_CANONICAL_PLACE_REGISTRY_ROW_GOVERNED_COUNTY_FIPS,SINGLE_COUNTY_CONTROL,1,48249,jim-wells-tx,Jim Wells County,,,,1,jim-wells-tx,false,true,true,true,true
Amarillo,4803000,true,EXACT_CANONICAL_PLACE_REGISTRY_ROW_GOVERNED_COUNTY_FIPS,MULTI_COUNTY_CONVERGENCE,2,48375|48381,potter-tx|randall-tx,Potter County|Randall County,,,,2,potter-tx|randall-tx,false,true,true,true,true
Amaya,4803008,true,EXACT_CANONICAL_PLACE_REGISTRY_ROW_GOVERNED_COUNTY_FIPS,SINGLE_COUNTY_CONTROL,1,48507,zavala-tx,Zavala County,,,,1,zavala-tx,false,true,true,true,true
Ames,4803072,true,EXACT_CANONICAL_PLACE_REGISTRY_ROW_GOVERNED_COUNTY_FIPS,SINGLE_COUNTY_CONTROL,1,48291,liberty-tx,Liberty County,,,,1,liberty-tx,false,true,true,true,true
Amherst,4803084,true,EXACT_CANONICAL_PLACE_REGISTRY_ROW_GOVERNED_COUNTY_FIPS,SINGLE_COUNTY_CONTROL,1,48279,lamb-tx,Lamb County,,,,1,lamb-tx,false,true,true,true,true
Amistad,4803096,true,EXACT_CANONICAL_PLACE_REGISTRY_ROW_GOVERNED_COUNTY_FIPS,SINGLE_COUNTY_CONTROL,1,48465,val-verde-tx,Val Verde County,,,,1,val-verde-tx,false,true,true,true,true
Anacua,4803126,true,EXACT_CANONICAL_PLACE_REGISTRY_ROW_GOVERNED_COUNTY_FIPS,SINGLE_COUNTY_CONTROL,1,48427,starr-tx,Starr County,,,,1,starr-tx,false,true,true,true,true
Anahuac,4803144,true,EXACT_CANONICAL_PLACE_REGISTRY_ROW_GOVERNED_COUNTY_FIPS,SINGLE_COUNTY_CONTROL,1,48071,chambers-tx,Chambers County,,,,1,chambers-tx,false,true,true,true,true
Anderson,4803192,true,EXACT_CANONICAL_PLACE_REGISTRY_ROW_GOVERNED_COUNTY_FIPS,SINGLE_COUNTY_CONTROL,1,48185,grimes-tx,Grimes County,,,,1,grimes-tx,false,true,true,true,true
Andrews,4803216,true,EXACT_CANONICAL_PLACE_REGISTRY_ROW_GOVERNED_COUNTY_FIPS,SINGLE_COUNTY_CONTROL,1,48003,andrews-tx,Andrews County,,,,1,andrews-tx,false,true,true,true,true
Angleton,4803264,true,EXACT_CANONICAL_PLACE_REGISTRY_ROW_GOVERNED_COUNTY_FIPS,SINGLE_COUNTY_CONTROL,1,48039,brazoria-tx,Brazoria County,,,,1,brazoria-tx,false,true,true,true,true
Angus,4803288,true,EXACT_CANONICAL_PLACE_REGISTRY_ROW_GOVERNED_COUNTY_FIPS,SINGLE_COUNTY_CONTROL,1,48349,navarro-tx,Navarro County,,,,1,navarro-tx,false,true,true,true,true
Anna,4803300,true,EXACT_CANONICAL_PLACE_REGISTRY_ROW_GOVERNED_COUNTY_FIPS,SINGLE_COUNTY_CONTROL,1,48085,collin-tx,Collin County,,,,1,collin-tx,false,true,true,true,true
Annetta,4803336,true,EXACT_CANONICAL_PLACE_REGISTRY_ROW_GOVERNED_COUNTY_FIPS,SINGLE_COUNTY_CONTROL,1,48367,parker-tx,Parker County,,,,1,parker-tx,false,true,true,true,true
Annetta North,4803340,true,EXACT_CANONICAL_PLACE_REGISTRY_ROW_GOVERNED_COUNTY_FIPS,SINGLE_COUNTY_CONTROL,1,48367,parker-tx,Parker County,,,,1,parker-tx,false,true,true,true,true
Annetta South,4803342,true,EXACT_CANONICAL_PLACE_REGISTRY_ROW_GOVERNED_COUNTY_FIPS,SINGLE_COUNTY_CONTROL,1,48367,parker-tx,Parker County,,,,1,parker-tx,false,true,true,true,true
Annona,4803360,true,EXACT_CANONICAL_PLACE_REGISTRY_ROW_GOVERNED_COUNTY_FIPS,SINGLE_COUNTY_CONTROL,1,48387,red-river-tx,Red River County,,,,1,red-river-tx,false,true,true,true,true
Anson,4803372,true,EXACT_CANONICAL_PLACE_REGISTRY_ROW_GOVERNED_COUNTY_FIPS,SINGLE_COUNTY_CONTROL,1,48253,jones-tx,Jones County,,,,1,jones-tx,false,true,true,true,true
Anthony,4803432,true,EXACT_CANONICAL_PLACE_REGISTRY_ROW_GOVERNED_COUNTY_FIPS,SINGLE_COUNTY_CONTROL,1,48141,el-paso-tx,El Paso County,,,,1,el-paso-tx,false,true,true,true,true
Anton,4803540,true,EXACT_CANONICAL_PLACE_REGISTRY_ROW_GOVERNED_COUNTY_FIPS,SINGLE_COUNTY_CONTROL,1,48219,hockley-tx,Hockley County,,,,1,hockley-tx,false,true,true,true,true
Appleby,4803564,true,EXACT_CANONICAL_PLACE_REGISTRY_ROW_GOVERNED_COUNTY_FIPS,SINGLE_COUNTY_CONTROL,1,48347,nacogdoches-tx,Nacogdoches County,,,,1,nacogdoches-tx,false,true,true,true,true
Aquilla,4803588,true,EXACT_CANONICAL_PLACE_REGISTRY_ROW_GOVERNED_COUNTY_FIPS,SINGLE_COUNTY_CONTROL,1,48217,hill-tx,Hill County,,,,1,hill-tx,false,true,true,true,true
Aransas Pass,4803600,true,EXACT_CANONICAL_PLACE_REGISTRY_ROW_GOVERNED_COUNTY_FIPS,MULTI_COUNTY_CONVERGENCE,3,48007|48355|48409,aransas-tx|nueces-tx|san-patricio-tx,Aransas County|Nueces County|San Patricio County,,,,3,aransas-tx|nueces-tx|san-patricio-tx,false,true,true,true,true
Archer City,4803696,true,EXACT_CANONICAL_PLACE_REGISTRY_ROW_GOVERNED_COUNTY_FIPS,SINGLE_COUNTY_CONTROL,1,48009,archer-tx,Archer County,,,,1,archer-tx,false,true,true,true,true
Arcola,4803708,true,EXACT_CANONICAL_PLACE_REGISTRY_ROW_GOVERNED_COUNTY_FIPS,SINGLE_COUNTY_CONTROL,1,48157,fort-bend-tx,Fort Bend County,,,,1,fort-bend-tx,false,true,true,true,true
Argyle,4803768,true,EXACT_CANONICAL_PLACE_REGISTRY_ROW_GOVERNED_COUNTY_FIPS,SINGLE_COUNTY_CONTROL,1,48121,denton-tx,Denton County,,,,1,denton-tx,false,true,true,true,true
Arlington,4804000,true,EXACT_CANONICAL_PLACE_REGISTRY_ROW_GOVERNED_COUNTY_FIPS,SINGLE_COUNTY_CONTROL,1,48439,tarrant-tx,Tarrant County,,,,1,tarrant-tx,false,true,true,true,true
Arp,4804156,true,EXACT_CANONICAL_PLACE_REGISTRY_ROW_GOVERNED_COUNTY_FIPS,SINGLE_COUNTY_CONTROL,1,48423,smith-tx,Smith County,,,,1,smith-tx,false,true,true,true,true
Arroyo Colorado Estates,4804174,true,EXACT_CANONICAL_PLACE_REGISTRY_ROW_GOVERNED_COUNTY_FIPS,SINGLE_COUNTY_CONTROL,1,48061,cameron-tx,Cameron County,,,,1,cameron-tx,false,true,true,true,true
Arroyo Gardens,4804176,true,EXACT_CANONICAL_PLACE_REGISTRY_ROW_GOVERNED_COUNTY_FIPS,SINGLE_COUNTY_CONTROL,1,48061,cameron-tx,Cameron County,,,,1,cameron-tx,false,true,true,true,true
Asherton,4804300,true,EXACT_CANONICAL_PLACE_REGISTRY_ROW_GOVERNED_COUNTY_FIPS,SINGLE_COUNTY_CONTROL,1,48127,dimmit-tx,Dimmit County,,,,1,dimmit-tx,false,true,true,true,true
Aspermont,4804408,true,EXACT_CANONICAL_PLACE_REGISTRY_ROW_GOVERNED_COUNTY_FIPS,SINGLE_COUNTY_CONTROL,1,48433,stonewall-tx,Stonewall County,,,,1,stonewall-tx,false,true,true,true,true
Atascocita,4804462,true,EXACT_CANONICAL_PLACE_REGISTRY_ROW_GOVERNED_COUNTY_FIPS,SINGLE_COUNTY_CONTROL,1,48201,harris-tx,Harris County,,,,1,harris-tx,false,true,true,true,true
Athens,4804504,true,EXACT_CANONICAL_PLACE_REGISTRY_ROW_GOVERNED_COUNTY_FIPS,SINGLE_COUNTY_CONTROL,1,48213,henderson-tx,Henderson County,,,,1,henderson-tx,false,true,true,true,true
Atlanta,4804516,true,EXACT_CANONICAL_PLACE_REGISTRY_ROW_GOVERNED_COUNTY_FIPS,SINGLE_COUNTY_CONTROL,1,48067,cass-tx,Cass County,,,,1,cass-tx,false,true,true,true,true
Aubrey,4804600,true,EXACT_CANONICAL_PLACE_REGISTRY_ROW_GOVERNED_COUNTY_FIPS,SINGLE_COUNTY_CONTROL,1,48121,denton-tx,Denton County,,,,1,denton-tx,false,true,true,true,true
Aurora,4804672,true,EXACT_CANONICAL_PLACE_REGISTRY_ROW_GOVERNED_COUNTY_FIPS,SINGLE_COUNTY_CONTROL,1,48497,wise-tx,Wise County,,,,1,wise-tx,false,true,true,true,true
Austin,4805000,true,EXACT_CANONICAL_PLACE_REGISTRY_ROW_GOVERNED_COUNTY_FIPS,MULTI_COUNTY_CONVERGENCE,4,48021|48209|48453|48491,bastrop-tx|hays-tx|travis-tx|williamson-tx,Bastrop County|Hays County|Travis County|Williamson County,,,,4,bastrop-tx|hays-tx|travis-tx|williamson-tx,false,true,true,true,true
Austwell,4805036,true,EXACT_CANONICAL_PLACE_REGISTRY_ROW_GOVERNED_COUNTY_FIPS,SINGLE_COUNTY_CONTROL,1,48391,refugio-tx,Refugio County,,,,1,refugio-tx,false,true,true,true,true
Avery,4805072,true,EXACT_CANONICAL_PLACE_REGISTRY_ROW_GOVERNED_COUNTY_FIPS,SINGLE_COUNTY_CONTROL,1,48387,red-river-tx,Red River County,,,,1,red-river-tx,false,true,true,true,true
Avinger,4805084,true,EXACT_CANONICAL_PLACE_REGISTRY_ROW_GOVERNED_COUNTY_FIPS,SINGLE_COUNTY_CONTROL,1,48067,cass-tx,Cass County,,,,1,cass-tx,false,true,true,true,true
Azle,4805168,true,EXACT_CANONICAL_PLACE_REGISTRY_ROW_GOVERNED_COUNTY_FIPS,MULTI_COUNTY_CONVERGENCE,2,48367|48439,parker-tx|tarrant-tx,Parker County|Tarrant County,,,,2,parker-tx|tarrant-tx,false,true,true,true,true
Bacliff,4805180,true,EXACT_CANONICAL_PLACE_REGISTRY_ROW_GOVERNED_COUNTY_FIPS,SINGLE_COUNTY_CONTROL,1,48167,galveston-tx,Galveston County,,,,1,galveston-tx,false,true,true,true,true
Bailey,4805264,true,EXACT_CANONICAL_PLACE_REGISTRY_ROW_GOVERNED_COUNTY_FIPS,SINGLE_COUNTY_CONTROL,1,48147,fannin-tx,Fannin County,,,,1,fannin-tx,false,true,true,true,true
Bailey's Prairie,4805288,true,EXACT_CANONICAL_PLACE_REGISTRY_ROW_GOVERNED_COUNTY_FIPS,SINGLE_COUNTY_CONTROL,1,48039,brazoria-tx,Brazoria County,,,,1,brazoria-tx,false,true,true,true,true
Baird,4805336,true,EXACT_CANONICAL_PLACE_REGISTRY_ROW_GOVERNED_COUNTY_FIPS,SINGLE_COUNTY_CONTROL,1,48059,callahan-tx,Callahan County,,,,1,callahan-tx,false,true,true,true,true
Balch Springs,4805372,true,EXACT_CANONICAL_PLACE_REGISTRY_ROW_GOVERNED_COUNTY_FIPS,SINGLE_COUNTY_CONTROL,1,48113,dallas-tx,Dallas County,,,,1,dallas-tx,false,true,true,true,true
Balcones Heights,4805384,true,EXACT_CANONICAL_PLACE_REGISTRY_ROW_GOVERNED_COUNTY_FIPS,SINGLE_COUNTY_CONTROL,1,48029,bexar-tx,Bexar County,,,,1,bexar-tx,false,true,true,true,true
Ballinger,4805456,true,EXACT_CANONICAL_PLACE_REGISTRY_ROW_GOVERNED_COUNTY_FIPS,SINGLE_COUNTY_CONTROL,1,48399,runnels-tx,Runnels County,,,,1,runnels-tx,false,true,true,true,true
Balmorhea,4805468,true,EXACT_CANONICAL_PLACE_REGISTRY_ROW_GOVERNED_COUNTY_FIPS,SINGLE_COUNTY_CONTROL,1,48389,reeves-tx,Reeves County,,,,1,reeves-tx,false,true,true,true,true
B and E,4805520,true,EXACT_CANONICAL_PLACE_REGISTRY_ROW_GOVERNED_COUNTY_FIPS,SINGLE_COUNTY_CONTROL,1,48427,starr-tx,Starr County,,,,1,starr-tx,false,true,true,true,true
Bandera,4805528,true,EXACT_CANONICAL_PLACE_REGISTRY_ROW_GOVERNED_COUNTY_FIPS,SINGLE_COUNTY_CONTROL,1,48019,bandera-tx,Bandera County,,,,1,bandera-tx,false,true,true,true,true
Bangs,4805552,true,EXACT_CANONICAL_PLACE_REGISTRY_ROW_GOVERNED_COUNTY_FIPS,SINGLE_COUNTY_CONTROL,1,48049,brown-tx,Brown County,,,,1,brown-tx,false,true,true,true,true
Banquete,4805576,true,EXACT_CANONICAL_PLACE_REGISTRY_ROW_GOVERNED_COUNTY_FIPS,SINGLE_COUNTY_CONTROL,1,48355,nueces-tx,Nueces County,,,,1,nueces-tx,false,true,true,true,true
Bardwell,4805612,true,EXACT_CANONICAL_PLACE_REGISTRY_ROW_GOVERNED_COUNTY_FIPS,SINGLE_COUNTY_CONTROL,1,48139,ellis-tx,Ellis County,,,,1,ellis-tx,false,true,true,true,true
Barksdale,4805648,true,EXACT_CANONICAL_PLACE_REGISTRY_ROW_GOVERNED_COUNTY_FIPS,SINGLE_COUNTY_CONTROL,1,48137,edwards-tx,Edwards County,,,,1,edwards-tx,false,true,true,true,true
Barrera,4805690,true,EXACT_CANONICAL_PLACE_REGISTRY_ROW_GOVERNED_COUNTY_FIPS,SINGLE_COUNTY_CONTROL,1,48427,starr-tx,Starr County,,,,1,starr-tx,false,true,true,true,true
Barrett,4805696,true,EXACT_CANONICAL_PLACE_REGISTRY_ROW_GOVERNED_COUNTY_FIPS,SINGLE_COUNTY_CONTROL,1,48201,harris-tx,Harris County,,,,1,harris-tx,false,true,true,true,true
Barry,4805708,true,EXACT_CANONICAL_PLACE_REGISTRY_ROW_GOVERNED_COUNTY_FIPS,SINGLE_COUNTY_CONTROL,1,48349,navarro-tx,Navarro County,,,,1,navarro-tx,false,true,true,true,true
Barstow,4805720,true,EXACT_CANONICAL_PLACE_REGISTRY_ROW_GOVERNED_COUNTY_FIPS,SINGLE_COUNTY_CONTROL,1,48475,ward-tx,Ward County,,,,1,ward-tx,false,true,true,true,true
Bartlett,4805732,true,EXACT_CANONICAL_PLACE_REGISTRY_ROW_GOVERNED_COUNTY_FIPS,MULTI_COUNTY_CONVERGENCE,2,48027|48491,bell-tx|williamson-tx,Bell County|Williamson County,,,,2,bell-tx|williamson-tx,false,true,true,true,true
Barton Creek,4805750,true,EXACT_CANONICAL_PLACE_REGISTRY_ROW_GOVERNED_COUNTY_FIPS,SINGLE_COUNTY_CONTROL,1,48453,travis-tx,Travis County,,,,1,travis-tx,false,true,true,true,true
Bartonville,4805768,true,EXACT_CANONICAL_PLACE_REGISTRY_ROW_GOVERNED_COUNTY_FIPS,SINGLE_COUNTY_CONTROL,1,48121,denton-tx,Denton County,,,,1,denton-tx,false,true,true,true,true
Bastrop,4805864,true,EXACT_CANONICAL_PLACE_REGISTRY_ROW_GOVERNED_COUNTY_FIPS,SINGLE_COUNTY_CONTROL,1,48021,bastrop-tx,Bastrop County,,,,1,bastrop-tx,false,true,true,true,true
Batesville,4805924,true,EXACT_CANONICAL_PLACE_REGISTRY_ROW_GOVERNED_COUNTY_FIPS,SINGLE_COUNTY_CONTROL,1,48507,zavala-tx,Zavala County,,,,1,zavala-tx,false,true,true,true,true
Bay City,4805984,true,EXACT_CANONICAL_PLACE_REGISTRY_ROW_GOVERNED_COUNTY_FIPS,SINGLE_COUNTY_CONTROL,1,48321,matagorda-tx,Matagorda County,,,,1,matagorda-tx,false,true,true,true,true
Bayou Vista,4806060,true,EXACT_CANONICAL_PLACE_REGISTRY_ROW_GOVERNED_COUNTY_FIPS,SINGLE_COUNTY_CONTROL,1,48167,galveston-tx,Galveston County,,,,1,galveston-tx,false,true,true,true,true
Bayside,4806104,true,EXACT_CANONICAL_PLACE_REGISTRY_ROW_GOVERNED_COUNTY_FIPS,SINGLE_COUNTY_CONTROL,1,48391,refugio-tx,Refugio County,,,,1,refugio-tx,false,true,true,true,true
Baytown,4806128,true,EXACT_CANONICAL_PLACE_REGISTRY_ROW_GOVERNED_COUNTY_FIPS,MULTI_COUNTY_CONVERGENCE,2,48071|48201,chambers-tx|harris-tx,Chambers County|Harris County,,,,2,chambers-tx|harris-tx,false,true,true,true,true
Bayview,4806140,true,EXACT_CANONICAL_PLACE_REGISTRY_ROW_GOVERNED_COUNTY_FIPS,SINGLE_COUNTY_CONTROL,1,48061,cameron-tx,Cameron County,,,,1,cameron-tx,false,true,true,true,true
Beach City,4806200,true,EXACT_CANONICAL_PLACE_REGISTRY_ROW_GOVERNED_COUNTY_FIPS,SINGLE_COUNTY_CONTROL,1,48071,chambers-tx,Chambers County,,,,1,chambers-tx,false,true,true,true,true
Bear Creek,4806242,true,EXACT_CANONICAL_PLACE_REGISTRY_ROW_GOVERNED_COUNTY_FIPS,SINGLE_COUNTY_CONTROL,1,48209,hays-tx,Hays County,,,,1,hays-tx,false,true,true,true,true
Bear Creek Ranch,4806244,true,EXACT_CANONICAL_PLACE_REGISTRY_ROW_GOVERNED_COUNTY_FIPS,SINGLE_COUNTY_CONTROL,1,48113,dallas-tx,Dallas County,,,,1,dallas-tx,false,true,true,true,true
Beasley,4806272,true,EXACT_CANONICAL_PLACE_REGISTRY_ROW_GOVERNED_COUNTY_FIPS,SINGLE_COUNTY_CONTROL,1,48157,fort-bend-tx,Fort Bend County,,,,1,fort-bend-tx,false,true,true,true,true
Beaumont,4807000,true,EXACT_CANONICAL_PLACE_REGISTRY_ROW_GOVERNED_COUNTY_FIPS,SINGLE_COUNTY_CONTROL,1,48245,jefferson-tx,Jefferson County,,,,1,jefferson-tx,false,true,true,true,true
Beauxart Gardens,4807036,true,EXACT_CANONICAL_PLACE_REGISTRY_ROW_GOVERNED_COUNTY_FIPS,SINGLE_COUNTY_CONTROL,1,48245,jefferson-tx,Jefferson County,,,,1,jefferson-tx,false,true,true,true,true
Beaver Creek,4807042,true,EXACT_CANONICAL_PLACE_REGISTRY_ROW_GOVERNED_COUNTY_FIPS,SINGLE_COUNTY_CONTROL,1,48051,burleson-tx,Burleson County,,,,1,burleson-tx,false,true,true,true,true
Beckville,4807108,true,EXACT_CANONICAL_PLACE_REGISTRY_ROW_GOVERNED_COUNTY_FIPS,SINGLE_COUNTY_CONTROL,1,48365,panola-tx,Panola County,,,,1,panola-tx,false,true,true,true,true
Bedford,4807132,true,EXACT_CANONICAL_PLACE_REGISTRY_ROW_GOVERNED_COUNTY_FIPS,SINGLE_COUNTY_CONTROL,1,48439,tarrant-tx,Tarrant County,,,,1,tarrant-tx,false,true,true,true,true
Bedias,4807144,true,EXACT_CANONICAL_PLACE_REGISTRY_ROW_GOVERNED_COUNTY_FIPS,SINGLE_COUNTY_CONTROL,1,48185,grimes-tx,Grimes County,,,,1,grimes-tx,false,true,true,true,true
Bee Cave,4807156,true,EXACT_CANONICAL_PLACE_REGISTRY_ROW_GOVERNED_COUNTY_FIPS,SINGLE_COUNTY_CONTROL,1,48453,travis-tx,Travis County,,,,1,travis-tx,false,true,true,true,true
Beeville,4807192,true,EXACT_CANONICAL_PLACE_REGISTRY_ROW_GOVERNED_COUNTY_FIPS,SINGLE_COUNTY_CONTROL,1,48025,bee-tx,Bee County,,,,1,bee-tx,false,true,true,true,true
Bellaire,4807300,true,EXACT_CANONICAL_PLACE_REGISTRY_ROW_GOVERNED_COUNTY_FIPS,SINGLE_COUNTY_CONTROL,1,48201,harris-tx,Harris County,,,,1,harris-tx,false,true,true,true,true
Bellevue,4807396,true,EXACT_CANONICAL_PLACE_REGISTRY_ROW_GOVERNED_COUNTY_FIPS,SINGLE_COUNTY_CONTROL,1,48077,clay-tx,Clay County,,,,1,clay-tx,false,true,true,true,true
Bellmead,4807408,true,EXACT_CANONICAL_PLACE_REGISTRY_ROW_GOVERNED_COUNTY_FIPS,SINGLE_COUNTY_CONTROL,1,48309,mclennan-tx,McLennan County,,,,1,mclennan-tx,false,true,true,true,true
Bells,4807420,true,EXACT_CANONICAL_PLACE_REGISTRY_ROW_GOVERNED_COUNTY_FIPS,SINGLE_COUNTY_CONTROL,1,48181,grayson-tx,Grayson County,,,,1,grayson-tx,false,true,true,true,true
Bellville,4807432,true,EXACT_CANONICAL_PLACE_REGISTRY_ROW_GOVERNED_COUNTY_FIPS,SINGLE_COUNTY_CONTROL,1,48015,austin-tx,Austin County,,,,1,austin-tx,false,true,true,true,true
Belterra,4807486,true,EXACT_CANONICAL_PLACE_REGISTRY_ROW_GOVERNED_COUNTY_FIPS,SINGLE_COUNTY_CONTROL,1,48209,hays-tx,Hays County,,,,1,hays-tx,false,true,true,true,true
Belton,4807492,true,EXACT_CANONICAL_PLACE_REGISTRY_ROW_GOVERNED_COUNTY_FIPS,SINGLE_COUNTY_CONTROL,1,48027,bell-tx,Bell County,,,,1,bell-tx,false,true,true,true,true
Ben Arnold,4807516,true,EXACT_CANONICAL_PLACE_REGISTRY_ROW_GOVERNED_COUNTY_FIPS,SINGLE_COUNTY_CONTROL,1,48331,milam-tx,Milam County,,,,1,milam-tx,false,true,true,true,true
Benavides,4807528,true,EXACT_CANONICAL_PLACE_REGISTRY_ROW_GOVERNED_COUNTY_FIPS,SINGLE_COUNTY_CONTROL,1,48131,duval-tx,Duval County,,,,1,duval-tx,false,true,true,true,true
Ben Bolt,4807540,true,EXACT_CANONICAL_PLACE_REGISTRY_ROW_GOVERNED_COUNTY_FIPS,SINGLE_COUNTY_CONTROL,1,48249,jim-wells-tx,Jim Wells County,,,,1,jim-wells-tx,false,true,true,true,true
Benbrook,4807552,true,EXACT_CANONICAL_PLACE_REGISTRY_ROW_GOVERNED_COUNTY_FIPS,SINGLE_COUNTY_CONTROL,1,48439,tarrant-tx,Tarrant County,,,,1,tarrant-tx,false,true,true,true,true
Benjamin,4807636,true,EXACT_CANONICAL_PLACE_REGISTRY_ROW_GOVERNED_COUNTY_FIPS,SINGLE_COUNTY_CONTROL,1,48275,knox-tx,Knox County,,,,1,knox-tx,false,true,true,true,true
Benjamin Perez,4807642,true,EXACT_CANONICAL_PLACE_REGISTRY_ROW_GOVERNED_COUNTY_FIPS,SINGLE_COUNTY_CONTROL,1,48427,starr-tx,Starr County,,,,1,starr-tx,false,true,true,true,true
Ben Wheeler,4807708,true,EXACT_CANONICAL_PLACE_REGISTRY_ROW_GOVERNED_COUNTY_FIPS,SINGLE_COUNTY_CONTROL,1,48467,van-zandt-tx,Van Zandt County,,,,1,van-zandt-tx,false,true,true,true,true
Berryville,4807852,true,EXACT_CANONICAL_PLACE_REGISTRY_ROW_GOVERNED_COUNTY_FIPS,SINGLE_COUNTY_CONTROL,1,48213,henderson-tx,Henderson County,,,,1,henderson-tx,false,true,true,true,true
Bertram,4807864,true,EXACT_CANONICAL_PLACE_REGISTRY_ROW_GOVERNED_COUNTY_FIPS,SINGLE_COUNTY_CONTROL,1,48053,burnet-tx,Burnet County,,,,1,burnet-tx,false,true,true,true,true
Beverly Hills,4808104,true,EXACT_CANONICAL_PLACE_REGISTRY_ROW_GOVERNED_COUNTY_FIPS,SINGLE_COUNTY_CONTROL,1,48309,mclennan-tx,McLennan County,,,,1,mclennan-tx,false,true,true,true,true
Bevil Oaks,4808128,true,EXACT_CANONICAL_PLACE_REGISTRY_ROW_GOVERNED_COUNTY_FIPS,SINGLE_COUNTY_CONTROL,1,48245,jefferson-tx,Jefferson County,,,,1,jefferson-tx,false,true,true,true,true
Bigfoot,4808164,true,EXACT_CANONICAL_PLACE_REGISTRY_ROW_GOVERNED_COUNTY_FIPS,SINGLE_COUNTY_CONTROL,1,48163,frio-tx,Frio County,,,,1,frio-tx,false,true,true,true,true
Big Lake,4808212,true,EXACT_CANONICAL_PLACE_REGISTRY_ROW_GOVERNED_COUNTY_FIPS,SINGLE_COUNTY_CONTROL,1,48383,reagan-tx,Reagan County,,,,1,reagan-tx,false,true,true,true,true
Big Sandy,4808224,true,EXACT_CANONICAL_PLACE_REGISTRY_ROW_GOVERNED_COUNTY_FIPS,SINGLE_COUNTY_CONTROL,1,48459,upshur-tx,Upshur County,,,,1,upshur-tx,false,true,true,true,true
Big Spring,4808236,true,EXACT_CANONICAL_PLACE_REGISTRY_ROW_GOVERNED_COUNTY_FIPS,SINGLE_COUNTY_CONTROL,1,48227,howard-tx,Howard County,,,,1,howard-tx,false,true,true,true,true
Big Thicket Lake Estates,4808240,true,EXACT_CANONICAL_PLACE_REGISTRY_ROW_GOVERNED_COUNTY_FIPS,MULTI_COUNTY_CONVERGENCE,2,48291|48373,liberty-tx|polk-tx,Liberty County|Polk County,,,,2,liberty-tx|polk-tx,false,true,true,true,true
Big Wells,4808260,true,EXACT_CANONICAL_PLACE_REGISTRY_ROW_GOVERNED_COUNTY_FIPS,SINGLE_COUNTY_CONTROL,1,48127,dimmit-tx,Dimmit County,,,,1,dimmit-tx,false,true,true,true,true
Bishop,4808392,true,EXACT_CANONICAL_PLACE_REGISTRY_ROW_GOVERNED_COUNTY_FIPS,SINGLE_COUNTY_CONTROL,1,48355,nueces-tx,Nueces County,,,,1,nueces-tx,false,true,true,true,true
Bishop Hills,4808398,true,EXACT_CANONICAL_PLACE_REGISTRY_ROW_GOVERNED_COUNTY_FIPS,SINGLE_COUNTY_CONTROL,1,48375,potter-tx,Potter County,,,,1,potter-tx,false,true,true,true,true
Bivins,4808404,true,EXACT_CANONICAL_PLACE_REGISTRY_ROW_GOVERNED_COUNTY_FIPS,SINGLE_COUNTY_CONTROL,1,48067,cass-tx,Cass County,,,,1,cass-tx,false,true,true,true,true
Bixby,4808410,true,EXACT_CANONICAL_PLACE_REGISTRY_ROW_GOVERNED_COUNTY_FIPS,SINGLE_COUNTY_CONTROL,1,48061,cameron-tx,Cameron County,,,,1,cameron-tx,false,true,true,true,true
Blackwell,4808488,true,EXACT_CANONICAL_PLACE_REGISTRY_ROW_GOVERNED_COUNTY_FIPS,MULTI_COUNTY_CONVERGENCE,2,48081|48353,coke-tx|nolan-tx,Coke County|Nolan County,,,,2,coke-tx|nolan-tx,false,true,true,true,true
Blanco,4808536,true,EXACT_CANONICAL_PLACE_REGISTRY_ROW_GOVERNED_COUNTY_FIPS,SINGLE_COUNTY_CONTROL,1,48031,blanco-tx,Blanco County,,,,1,blanco-tx,false,true,true,true,true
Blanket,4808596,true,EXACT_CANONICAL_PLACE_REGISTRY_ROW_GOVERNED_COUNTY_FIPS,SINGLE_COUNTY_CONTROL,1,48049,brown-tx,Brown County,,,,1,brown-tx,false,true,true,true,true
Bledsoe,4808644,true,EXACT_CANONICAL_PLACE_REGISTRY_ROW_GOVERNED_COUNTY_FIPS,SINGLE_COUNTY_CONTROL,1,48079,cochran-tx,Cochran County,,,,1,cochran-tx,false,true,true,true,true
Blessing,4808668,true,EXACT_CANONICAL_PLACE_REGISTRY_ROW_GOVERNED_COUNTY_FIPS,SINGLE_COUNTY_CONTROL,1,48321,matagorda-tx,Matagorda County,,,,1,matagorda-tx,false,true,true,true,true
Bloomburg,4808752,true,EXACT_CANONICAL_PLACE_REGISTRY_ROW_GOVERNED_COUNTY_FIPS,SINGLE_COUNTY_CONTROL,1,48067,cass-tx,Cass County,,,,1,cass-tx,false,true,true,true,true
Blooming Grove,4808788,true,EXACT_CANONICAL_PLACE_REGISTRY_ROW_GOVERNED_COUNTY_FIPS,SINGLE_COUNTY_CONTROL,1,48349,navarro-tx,Navarro County,,,,1,navarro-tx,false,true,true,true,true
Bloomington,4808800,true,EXACT_CANONICAL_PLACE_REGISTRY_ROW_GOVERNED_COUNTY_FIPS,SINGLE_COUNTY_CONTROL,1,48469,victoria-tx,Victoria County,,,,1,victoria-tx,false,true,true,true,true
Blossom,4808812,true,EXACT_CANONICAL_PLACE_REGISTRY_ROW_GOVERNED_COUNTY_FIPS,SINGLE_COUNTY_CONTROL,1,48277,lamar-tx,Lamar County,,,,1,lamar-tx,false,true,true,true,true
Blue Berry Hill,4808830,true,EXACT_CANONICAL_PLACE_REGISTRY_ROW_GOVERNED_COUNTY_FIPS,SINGLE_COUNTY_CONTROL,1,48025,bee-tx,Bee County,,,,1,bee-tx,false,true,true,true,true
Blue Mound,4808860,true,EXACT_CANONICAL_PLACE_REGISTRY_ROW_GOVERNED_COUNTY_FIPS,SINGLE_COUNTY_CONTROL,1,48439,tarrant-tx,Tarrant County,,,,1,tarrant-tx,false,true,true,true,true
Blue Ridge,4808872,true,EXACT_CANONICAL_PLACE_REGISTRY_ROW_GOVERNED_COUNTY_FIPS,SINGLE_COUNTY_CONTROL,1,48085,collin-tx,Collin County,,,,1,collin-tx,false,true,true,true,true
Bluetown,4808908,true,EXACT_CANONICAL_PLACE_REGISTRY_ROW_GOVERNED_COUNTY_FIPS,SINGLE_COUNTY_CONTROL,1,48061,cameron-tx,Cameron County,,,,1,cameron-tx,false,true,true,true,true
Bluff Dale,4808932,true,EXACT_CANONICAL_PLACE_REGISTRY_ROW_GOVERNED_COUNTY_FIPS,SINGLE_COUNTY_CONTROL,1,48143,erath-tx,Erath County,,,,1,erath-tx,false,true,true,true,true
Blum,4809004,true,EXACT_CANONICAL_PLACE_REGISTRY_ROW_GOVERNED_COUNTY_FIPS,SINGLE_COUNTY_CONTROL,1,48217,hill-tx,Hill County,,,,1,hill-tx,false,true,true,true,true
Boerne,4809160,true,EXACT_CANONICAL_PLACE_REGISTRY_ROW_GOVERNED_COUNTY_FIPS,SINGLE_COUNTY_CONTROL,1,48259,kendall-tx,Kendall County,,,,1,kendall-tx,false,true,true,true,true
Bogata,4809172,true,EXACT_CANONICAL_PLACE_REGISTRY_ROW_GOVERNED_COUNTY_FIPS,SINGLE_COUNTY_CONTROL,1,48387,red-river-tx,Red River County,,,,1,red-river-tx,false,true,true,true,true
Boling,4809232,true,EXACT_CANONICAL_PLACE_REGISTRY_ROW_GOVERNED_COUNTY_FIPS,SINGLE_COUNTY_CONTROL,1,48481,wharton-tx,Wharton County,,,,1,wharton-tx,false,true,true,true,true
Bolivar Peninsula,4809250,true,EXACT_CANONICAL_PLACE_REGISTRY_ROW_GOVERNED_COUNTY_FIPS,SINGLE_COUNTY_CONTROL,1,48167,galveston-tx,Galveston County,,,,1,galveston-tx,false,true,true,true,true
Bonanza Hills,4809310,true,EXACT_CANONICAL_PLACE_REGISTRY_ROW_GOVERNED_COUNTY_FIPS,SINGLE_COUNTY_CONTROL,1,48479,webb-tx,Webb County,,,,1,webb-tx,false,true,true,true,true
Bonham,4809328,true,EXACT_CANONICAL_PLACE_REGISTRY_ROW_GOVERNED_COUNTY_FIPS,SINGLE_COUNTY_CONTROL,1,48147,fannin-tx,Fannin County,,,,1,fannin-tx,false,true,true,true,true
Bonney,4809388,true,EXACT_CANONICAL_PLACE_REGISTRY_ROW_GOVERNED_COUNTY_FIPS,SINGLE_COUNTY_CONTROL,1,48039,brazoria-tx,Brazoria County,,,,1,brazoria-tx,false,true,true,true,true
Booker,4809448,true,EXACT_CANONICAL_PLACE_REGISTRY_ROW_GOVERNED_COUNTY_FIPS,MULTI_COUNTY_CONVERGENCE,2,48295|48357,lipscomb-tx|ochiltree-tx,Lipscomb County|Ochiltree County,,,,2,lipscomb-tx|ochiltree-tx,false,true,true,true,true
Borger,4809556,true,EXACT_CANONICAL_PLACE_REGISTRY_ROW_GOVERNED_COUNTY_FIPS,SINGLE_COUNTY_CONTROL,1,48233,hutchinson-tx,Hutchinson County,,,,1,hutchinson-tx,false,true,true,true,true
Botines,4809598,true,EXACT_CANONICAL_PLACE_REGISTRY_ROW_GOVERNED_COUNTY_FIPS,SINGLE_COUNTY_CONTROL,1,48479,webb-tx,Webb County,,,,1,webb-tx,false,true,true,true,true
Bovina,4809628,true,EXACT_CANONICAL_PLACE_REGISTRY_ROW_GOVERNED_COUNTY_FIPS,SINGLE_COUNTY_CONTROL,1,48369,parmer-tx,Parmer County,,,,1,parmer-tx,false,true,true,true,true
Bowie,4809640,true,EXACT_CANONICAL_PLACE_REGISTRY_ROW_GOVERNED_COUNTY_FIPS,SINGLE_COUNTY_CONTROL,1,48337,montague-tx,Montague County,,,,1,montague-tx,false,true,true,true,true
Box Canyon,4809656,true,EXACT_CANONICAL_PLACE_REGISTRY_ROW_GOVERNED_COUNTY_FIPS,SINGLE_COUNTY_CONTROL,1,48465,val-verde-tx,Val Verde County,,,,1,val-verde-tx,false,true,true,true,true
Boyd,4809748,true,EXACT_CANONICAL_PLACE_REGISTRY_ROW_GOVERNED_COUNTY_FIPS,SINGLE_COUNTY_CONTROL,1,48497,wise-tx,Wise County,,,,1,wise-tx,false,true,true,true,true
Boys Ranch,4809796,true,EXACT_CANONICAL_PLACE_REGISTRY_ROW_GOVERNED_COUNTY_FIPS,SINGLE_COUNTY_CONTROL,1,48359,oldham-tx,Oldham County,,,,1,oldham-tx,false,true,true,true,true
Brackettville,4809868,true,EXACT_CANONICAL_PLACE_REGISTRY_ROW_GOVERNED_COUNTY_FIPS,SINGLE_COUNTY_CONTROL,1,48271,kinney-tx,Kinney County,,,,1,kinney-tx,false,true,true,true,true
Brady,4809916,true,EXACT_CANONICAL_PLACE_REGISTRY_ROW_GOVERNED_COUNTY_FIPS,SINGLE_COUNTY_CONTROL,1,48307,mcculloch-tx,McCulloch County,,,,1,mcculloch-tx,false,true,true,true,true
Brazoria,4810072,true,EXACT_CANONICAL_PLACE_REGISTRY_ROW_GOVERNED_COUNTY_FIPS,SINGLE_COUNTY_CONTROL,1,48039,brazoria-tx,Brazoria County,,,,1,brazoria-tx,false,true,true,true,true
Brazos,4810084,true,EXACT_CANONICAL_PLACE_REGISTRY_ROW_GOVERNED_COUNTY_FIPS,SINGLE_COUNTY_CONTROL,1,48363,palo-pinto-tx,Palo Pinto County,,,,1,palo-pinto-tx,false,true,true,true,true
Brazos Country,4810090,true,EXACT_CANONICAL_PLACE_REGISTRY_ROW_GOVERNED_COUNTY_FIPS,SINGLE_COUNTY_CONTROL,1,48015,austin-tx,Austin County,,,,1,austin-tx,false,true,true,true,true
Breckenridge,4810132,true,EXACT_CANONICAL_PLACE_REGISTRY_ROW_GOVERNED_COUNTY_FIPS,SINGLE_COUNTY_CONTROL,1,48429,stephens-tx,Stephens County,,,,1,stephens-tx,false,true,true,true,true
Bremond,4810144,true,EXACT_CANONICAL_PLACE_REGISTRY_ROW_GOVERNED_COUNTY_FIPS,SINGLE_COUNTY_CONTROL,1,48395,robertson-tx,Robertson County,,,,1,robertson-tx,false,true,true,true,true
Brenham,4810156,true,EXACT_CANONICAL_PLACE_REGISTRY_ROW_GOVERNED_COUNTY_FIPS,SINGLE_COUNTY_CONTROL,1,48477,washington-tx,Washington County,,,,1,washington-tx,false,true,true,true,true
Briar,4810192,true,EXACT_CANONICAL_PLACE_REGISTRY_ROW_GOVERNED_COUNTY_FIPS,MULTI_COUNTY_CONVERGENCE,3,48367|48439|48497,parker-tx|tarrant-tx|wise-tx,Parker County|Tarrant County|Wise County,,,,3,parker-tx|tarrant-tx|wise-tx,false,true,true,true,true
Briarcliff,4810197,true,EXACT_CANONICAL_PLACE_REGISTRY_ROW_GOVERNED_COUNTY_FIPS,SINGLE_COUNTY_CONTROL,1,48453,travis-tx,Travis County,,,,1,travis-tx,false,true,true,true,true
Briaroaks,4810216,true,EXACT_CANONICAL_PLACE_REGISTRY_ROW_GOVERNED_COUNTY_FIPS,SINGLE_COUNTY_CONTROL,1,48251,johnson-tx,Johnson County,,,,1,johnson-tx,false,true,true,true,true
Bridge City,4810252,true,EXACT_CANONICAL_PLACE_REGISTRY_ROW_GOVERNED_COUNTY_FIPS,SINGLE_COUNTY_CONTROL,1,48361,orange-tx,Orange County,,,,1,orange-tx,false,true,true,true,true
Bridgeport,4810264,true,EXACT_CANONICAL_PLACE_REGISTRY_ROW_GOVERNED_COUNTY_FIPS,SINGLE_COUNTY_CONTROL,1,48497,wise-tx,Wise County,,,,1,wise-tx,false,true,true,true,true
Briggs,4810276,true,EXACT_CANONICAL_PLACE_REGISTRY_ROW_GOVERNED_COUNTY_FIPS,SINGLE_COUNTY_CONTROL,1,48053,burnet-tx,Burnet County,,,,1,burnet-tx,false,true,true,true,true
Bristol,4810336,true,EXACT_CANONICAL_PLACE_REGISTRY_ROW_GOVERNED_COUNTY_FIPS,SINGLE_COUNTY_CONTROL,1,48139,ellis-tx,Ellis County,,,,1,ellis-tx,false,true,true,true,true
Broaddus,4810384,true,EXACT_CANONICAL_PLACE_REGISTRY_ROW_GOVERNED_COUNTY_FIPS,SINGLE_COUNTY_CONTROL,1,48405,san-augustine-tx,San Augustine County,,,,1,san-augustine-tx,false,true,true,true,true
Bronte,4810528,true,EXACT_CANONICAL_PLACE_REGISTRY_ROW_GOVERNED_COUNTY_FIPS,SINGLE_COUNTY_CONTROL,1,48081,coke-tx,Coke County,,,,1,coke-tx,false,true,true,true,true
Brookshire,4810636,true,EXACT_CANONICAL_PLACE_REGISTRY_ROW_GOVERNED_COUNTY_FIPS,SINGLE_COUNTY_CONTROL,1,48473,waller-tx,Waller County,,,,1,waller-tx,false,true,true,true,true
Brookside Village,4810648,true,EXACT_CANONICAL_PLACE_REGISTRY_ROW_GOVERNED_COUNTY_FIPS,SINGLE_COUNTY_CONTROL,1,48039,brazoria-tx,Brazoria County,,,,1,brazoria-tx,false,true,true,true,true
Brookston,4810660,true,EXACT_CANONICAL_PLACE_REGISTRY_ROW_GOVERNED_COUNTY_FIPS,SINGLE_COUNTY_CONTROL,1,48277,lamar-tx,Lamar County,,,,1,lamar-tx,false,true,true,true,true
Browndell,4810708,true,EXACT_CANONICAL_PLACE_REGISTRY_ROW_GOVERNED_COUNTY_FIPS,SINGLE_COUNTY_CONTROL,1,48241,jasper-tx,Jasper County,,,,1,jasper-tx,false,true,true,true,true
Brownfield,4810720,true,EXACT_CANONICAL_PLACE_REGISTRY_ROW_GOVERNED_COUNTY_FIPS,SINGLE_COUNTY_CONTROL,1,48445,terry-tx,Terry County,,,,1,terry-tx,false,true,true,true,true
Brownsboro,4810756,true,EXACT_CANONICAL_PLACE_REGISTRY_ROW_GOVERNED_COUNTY_FIPS,SINGLE_COUNTY_CONTROL,1,48213,henderson-tx,Henderson County,,,,1,henderson-tx,false,true,true,true,true
Brownsville,4810768,true,EXACT_CANONICAL_PLACE_REGISTRY_ROW_GOVERNED_COUNTY_FIPS,SINGLE_COUNTY_CONTROL,1,48061,cameron-tx,Cameron County,,,,1,cameron-tx,false,true,true,true,true
Brownwood,4810780,true,EXACT_CANONICAL_PLACE_REGISTRY_ROW_GOVERNED_COUNTY_FIPS,SINGLE_COUNTY_CONTROL,1,48049,brown-tx,Brown County,,,,1,brown-tx,false,true,true,true,true
Bruceville-Eddy,4810828,true,EXACT_CANONICAL_PLACE_REGISTRY_ROW_GOVERNED_COUNTY_FIPS,MULTI_COUNTY_CONVERGENCE,2,48145|48309,falls-tx|mclennan-tx,Falls County|McLennan County,,,,2,falls-tx|mclennan-tx,false,true,true,true,true
Brundage,4810852,true,EXACT_CANONICAL_PLACE_REGISTRY_ROW_GOVERNED_COUNTY_FIPS,SINGLE_COUNTY_CONTROL,1,48127,dimmit-tx,Dimmit County,,,,1,dimmit-tx,false,true,true,true,true
Bruni,4810876,true,EXACT_CANONICAL_PLACE_REGISTRY_ROW_GOVERNED_COUNTY_FIPS,SINGLE_COUNTY_CONTROL,1,48479,webb-tx,Webb County,,,,1,webb-tx,false,true,true,true,true
Brushy Creek,4810897,true,EXACT_CANONICAL_PLACE_REGISTRY_ROW_GOVERNED_COUNTY_FIPS,SINGLE_COUNTY_CONTROL,1,48491,williamson-tx,Williamson County,,,,1,williamson-tx,false,true,true,true,true
Bryan,4810912,true,EXACT_CANONICAL_PLACE_REGISTRY_ROW_GOVERNED_COUNTY_FIPS,SINGLE_COUNTY_CONTROL,1,48041,brazos-tx,Brazos County,,,,1,brazos-tx,false,true,true,true,true
Bryson,4810960,true,EXACT_CANONICAL_PLACE_REGISTRY_ROW_GOVERNED_COUNTY_FIPS,SINGLE_COUNTY_CONTROL,1,48237,jack-tx,Jack County,,,,1,jack-tx,false,true,true,true,true
Buchanan Dam,4810984,true,EXACT_CANONICAL_PLACE_REGISTRY_ROW_GOVERNED_COUNTY_FIPS,SINGLE_COUNTY_CONTROL,1,48299,llano-tx,Llano County,,,,1,llano-tx,false,true,true,true,true
Buchanan Lake Village,4810990,true,EXACT_CANONICAL_PLACE_REGISTRY_ROW_GOVERNED_COUNTY_FIPS,SINGLE_COUNTY_CONTROL,1,48299,llano-tx,Llano County,,,,1,llano-tx,false,true,true,true,true
Buckholts,4811020,true,EXACT_CANONICAL_PLACE_REGISTRY_ROW_GOVERNED_COUNTY_FIPS,SINGLE_COUNTY_CONTROL,1,48331,milam-tx,Milam County,,,,1,milam-tx,false,true,true,true,true
Buda,4811080,true,EXACT_CANONICAL_PLACE_REGISTRY_ROW_GOVERNED_COUNTY_FIPS,SINGLE_COUNTY_CONTROL,1,48209,hays-tx,Hays County,,,,1,hays-tx,false,true,true,true,true
Buena Vista,4811102,true,EXACT_CANONICAL_PLACE_REGISTRY_ROW_GOVERNED_COUNTY_FIPS,SINGLE_COUNTY_CONTROL,1,48427,starr-tx,Starr County,,,,1,starr-tx,false,true,true,true,true
Buffalo,4811116,true,EXACT_CANONICAL_PLACE_REGISTRY_ROW_GOVERNED_COUNTY_FIPS,SINGLE_COUNTY_CONTROL,1,48289,leon-tx,Leon County,,,,1,leon-tx,false,true,true,true,true
Buffalo Gap,4811128,true,EXACT_CANONICAL_PLACE_REGISTRY_ROW_GOVERNED_COUNTY_FIPS,SINGLE_COUNTY_CONTROL,1,48441,taylor-tx,Taylor County,,,,1,taylor-tx,false,true,true,true,true
Buffalo Springs Lake,4811155,true,EXACT_CANONICAL_PLACE_REGISTRY_ROW_GOVERNED_COUNTY_FIPS,SINGLE_COUNTY_CONTROL,1,48303,lubbock-tx,Lubbock County,,,,1,lubbock-tx,false,true,true,true,true
Bullard,4811212,true,EXACT_CANONICAL_PLACE_REGISTRY_ROW_GOVERNED_COUNTY_FIPS,MULTI_COUNTY_CONVERGENCE,2,48073|48423,cherokee-tx|smith-tx,Cherokee County|Smith County,,,,2,cherokee-tx|smith-tx,false,true,true,true,true
Bulverde,4811224,true,EXACT_CANONICAL_PLACE_REGISTRY_ROW_GOVERNED_COUNTY_FIPS,SINGLE_COUNTY_CONTROL,1,48091,comal-tx,Comal County,,,,1,comal-tx,false,true,true,true,true
Buna,4811236,true,EXACT_CANONICAL_PLACE_REGISTRY_ROW_GOVERNED_COUNTY_FIPS,SINGLE_COUNTY_CONTROL,1,48241,jasper-tx,Jasper County,,,,1,jasper-tx,false,true,true,true,true
Bunker Hill Village,4811300,true,EXACT_CANONICAL_PLACE_REGISTRY_ROW_GOVERNED_COUNTY_FIPS,SINGLE_COUNTY_CONTROL,1,48201,harris-tx,Harris County,,,,1,harris-tx,false,true,true,true,true
Burkburnett,4811368,true,EXACT_CANONICAL_PLACE_REGISTRY_ROW_GOVERNED_COUNTY_FIPS,SINGLE_COUNTY_CONTROL,1,48485,wichita-tx,Wichita County,,,,1,wichita-tx,false,true,true,true,true
Burke,4811380,true,EXACT_CANONICAL_PLACE_REGISTRY_ROW_GOVERNED_COUNTY_FIPS,SINGLE_COUNTY_CONTROL,1,48005,angelina-tx,Angelina County,,,,1,angelina-tx,false,true,true,true,true
Burleson,4811428,true,EXACT_CANONICAL_PLACE_REGISTRY_ROW_GOVERNED_COUNTY_FIPS,MULTI_COUNTY_CONVERGENCE,2,48251|48439,johnson-tx|tarrant-tx,Johnson County|Tarrant County,,,,2,johnson-tx|tarrant-tx,false,true,true,true,true
Burlington,4811440,true,EXACT_CANONICAL_PLACE_REGISTRY_ROW_GOVERNED_COUNTY_FIPS,SINGLE_COUNTY_CONTROL,1,48331,milam-tx,Milam County,,,,1,milam-tx,false,true,true,true,true
Burnet,4811464,true,EXACT_CANONICAL_PLACE_REGISTRY_ROW_GOVERNED_COUNTY_FIPS,SINGLE_COUNTY_CONTROL,1,48053,burnet-tx,Burnet County,,,,1,burnet-tx,false,true,true,true,true
Burton,4811536,true,EXACT_CANONICAL_PLACE_REGISTRY_ROW_GOVERNED_COUNTY_FIPS,SINGLE_COUNTY_CONTROL,1,48477,washington-tx,Washington County,,,,1,washington-tx,false,true,true,true,true
Bushland,4811572,true,EXACT_CANONICAL_PLACE_REGISTRY_ROW_GOVERNED_COUNTY_FIPS,MULTI_COUNTY_CONVERGENCE,2,48375|48381,potter-tx|randall-tx,Potter County|Randall County,,,,2,potter-tx|randall-tx,false,true,true,true,true
Butterfield,4811626,true,EXACT_CANONICAL_PLACE_REGISTRY_ROW_GOVERNED_COUNTY_FIPS,SINGLE_COUNTY_CONTROL,1,48141,el-paso-tx,El Paso County,,,,1,el-paso-tx,false,true,true,true,true
Byers,4811644,true,EXACT_CANONICAL_PLACE_REGISTRY_ROW_GOVERNED_COUNTY_FIPS,SINGLE_COUNTY_CONTROL,1,48077,clay-tx,Clay County,,,,1,clay-tx,false,true,true,true,true
Bynum,4811656,true,EXACT_CANONICAL_PLACE_REGISTRY_ROW_GOVERNED_COUNTY_FIPS,SINGLE_COUNTY_CONTROL,1,48217,hill-tx,Hill County,,,,1,hill-tx,false,true,true,true,true
Cactus,4811692,true,EXACT_CANONICAL_PLACE_REGISTRY_ROW_GOVERNED_COUNTY_FIPS,SINGLE_COUNTY_CONTROL,1,48341,moore-tx,Moore County,,,,1,moore-tx,false,true,true,true,true
Caddo Mills,4811716,true,EXACT_CANONICAL_PLACE_REGISTRY_ROW_GOVERNED_COUNTY_FIPS,SINGLE_COUNTY_CONTROL,1,48231,hunt-tx,Hunt County,,,,1,hunt-tx,false,true,true,true,true
Cade Lakes,4811725,true,EXACT_CANONICAL_PLACE_REGISTRY_ROW_GOVERNED_COUNTY_FIPS,SINGLE_COUNTY_CONTROL,1,48051,burleson-tx,Burleson County,,,,1,burleson-tx,false,true,true,true,true
Caldwell,4811836,true,EXACT_CANONICAL_PLACE_REGISTRY_ROW_GOVERNED_COUNTY_FIPS,SINGLE_COUNTY_CONTROL,1,48051,burleson-tx,Burleson County,,,,1,burleson-tx,false,true,true,true,true
Callender Lake,4811940,true,EXACT_CANONICAL_PLACE_REGISTRY_ROW_GOVERNED_COUNTY_FIPS,SINGLE_COUNTY_CONTROL,1,48467,van-zandt-tx,Van Zandt County,,,,1,van-zandt-tx,false,true,true,true,true
Callisburg,4811968,true,EXACT_CANONICAL_PLACE_REGISTRY_ROW_GOVERNED_COUNTY_FIPS,SINGLE_COUNTY_CONTROL,1,48097,cooke-tx,Cooke County,,,,1,cooke-tx,false,true,true,true,true
Calvert,4811992,true,EXACT_CANONICAL_PLACE_REGISTRY_ROW_GOVERNED_COUNTY_FIPS,SINGLE_COUNTY_CONTROL,1,48395,robertson-tx,Robertson County,,,,1,robertson-tx,false,true,true,true,true
Camargito,4812010,true,EXACT_CANONICAL_PLACE_REGISTRY_ROW_GOVERNED_COUNTY_FIPS,SINGLE_COUNTY_CONTROL,1,48427,starr-tx,Starr County,,,,1,starr-tx,false,true,true,true,true
Cameron,4812040,true,EXACT_CANONICAL_PLACE_REGISTRY_ROW_GOVERNED_COUNTY_FIPS,SINGLE_COUNTY_CONTROL,1,48331,milam-tx,Milam County,,,,1,milam-tx,false,true,true,true,true
Cameron Park,4812045,true,EXACT_CANONICAL_PLACE_REGISTRY_ROW_GOVERNED_COUNTY_FIPS,SINGLE_COUNTY_CONTROL,1,48061,cameron-tx,Cameron County,,,,1,cameron-tx,false,true,true,true,true
Campbell,4812112,true,EXACT_CANONICAL_PLACE_REGISTRY_ROW_GOVERNED_COUNTY_FIPS,SINGLE_COUNTY_CONTROL,1,48231,hunt-tx,Hunt County,,,,1,hunt-tx,false,true,true,true,true
Campo Verde,4812226,true,EXACT_CANONICAL_PLACE_REGISTRY_ROW_GOVERNED_COUNTY_FIPS,SINGLE_COUNTY_CONTROL,1,48427,starr-tx,Starr County,,,,1,starr-tx,false,true,true,true,true
Camp Swift,4812334,true,EXACT_CANONICAL_PLACE_REGISTRY_ROW_GOVERNED_COUNTY_FIPS,SINGLE_COUNTY_CONTROL,1,48021,bastrop-tx,Bastrop County,,,,1,bastrop-tx,false,true,true,true,true
Camp Wood,4812388,true,EXACT_CANONICAL_PLACE_REGISTRY_ROW_GOVERNED_COUNTY_FIPS,SINGLE_COUNTY_CONTROL,1,48385,real-tx,Real County,,,,1,real-tx,false,true,true,true,true
Canadian,4812412,true,EXACT_CANONICAL_PLACE_REGISTRY_ROW_GOVERNED_COUNTY_FIPS,SINGLE_COUNTY_CONTROL,1,48211,hemphill-tx,Hemphill County,,,,1,hemphill-tx,false,true,true,true,true
Caney City,4812472,true,EXACT_CANONICAL_PLACE_REGISTRY_ROW_GOVERNED_COUNTY_FIPS,SINGLE_COUNTY_CONTROL,1,48213,henderson-tx,Henderson County,,,,1,henderson-tx,false,true,true,true,true
Canton,4812496,true,EXACT_CANONICAL_PLACE_REGISTRY_ROW_GOVERNED_COUNTY_FIPS,SINGLE_COUNTY_CONTROL,1,48467,van-zandt-tx,Van Zandt County,,,,1,van-zandt-tx,false,true,true,true,true
Cantu Addition,4812502,true,EXACT_CANONICAL_PLACE_REGISTRY_ROW_GOVERNED_COUNTY_FIPS,SINGLE_COUNTY_CONTROL,1,48047,brooks-tx,Brooks County,,,,1,brooks-tx,false,true,true,true,true
Canutillo,4812508,true,EXACT_CANONICAL_PLACE_REGISTRY_ROW_GOVERNED_COUNTY_FIPS,SINGLE_COUNTY_CONTROL,1,48141,el-paso-tx,El Paso County,,,,1,el-paso-tx,false,true,true,true,true
Canyon,4812532,true,EXACT_CANONICAL_PLACE_REGISTRY_ROW_GOVERNED_COUNTY_FIPS,SINGLE_COUNTY_CONTROL,1,48381,randall-tx,Randall County,,,,1,randall-tx,false,true,true,true,true
Canyon Creek,4812562,true,EXACT_CANONICAL_PLACE_REGISTRY_ROW_GOVERNED_COUNTY_FIPS,SINGLE_COUNTY_CONTROL,1,48221,hood-tx,Hood County,,,,1,hood-tx,false,true,true,true,true
Canyon Lake,4812580,true,EXACT_CANONICAL_PLACE_REGISTRY_ROW_GOVERNED_COUNTY_FIPS,SINGLE_COUNTY_CONTROL,1,48091,comal-tx,Comal County,,,,1,comal-tx,false,true,true,true,true
Cape Royale,4812600,true,EXACT_CANONICAL_PLACE_REGISTRY_ROW_GOVERNED_COUNTY_FIPS,SINGLE_COUNTY_CONTROL,1,48407,san-jacinto-tx,San Jacinto County,,,,1,san-jacinto-tx,false,true,true,true,true
Carbon,4812736,true,EXACT_CANONICAL_PLACE_REGISTRY_ROW_GOVERNED_COUNTY_FIPS,SINGLE_COUNTY_CONTROL,1,48133,eastland-tx,Eastland County,,,,1,eastland-tx,false,true,true,true,true
Carlsbad,4812892,true,EXACT_CANONICAL_PLACE_REGISTRY_ROW_GOVERNED_COUNTY_FIPS,SINGLE_COUNTY_CONTROL,1,48451,tom-green-tx,Tom Green County,,,,1,tom-green-tx,false,true,true,true,true
Carl's Corner,4812895,true,EXACT_CANONICAL_PLACE_REGISTRY_ROW_GOVERNED_COUNTY_FIPS,SINGLE_COUNTY_CONTROL,1,48217,hill-tx,Hill County,,,,1,hill-tx,false,true,true,true,true
Carlton,4812904,true,EXACT_CANONICAL_PLACE_REGISTRY_ROW_GOVERNED_COUNTY_FIPS,SINGLE_COUNTY_CONTROL,1,48193,hamilton-tx,Hamilton County,,,,1,hamilton-tx,false,true,true,true,true
Carmine,4812916,true,EXACT_CANONICAL_PLACE_REGISTRY_ROW_GOVERNED_COUNTY_FIPS,SINGLE_COUNTY_CONTROL,1,48149,fayette-tx,Fayette County,,,,1,fayette-tx,false,true,true,true,true
Carrizo Hill,4812982,true,EXACT_CANONICAL_PLACE_REGISTRY_ROW_GOVERNED_COUNTY_FIPS,SINGLE_COUNTY_CONTROL,1,48127,dimmit-tx,Dimmit County,,,,1,dimmit-tx,false,true,true,true,true
Carrizo Springs,4812988,true,EXACT_CANONICAL_PLACE_REGISTRY_ROW_GOVERNED_COUNTY_FIPS,SINGLE_COUNTY_CONTROL,1,48127,dimmit-tx,Dimmit County,,,,1,dimmit-tx,false,true,true,true,true
Carrollton,4813024,true,EXACT_CANONICAL_PLACE_REGISTRY_ROW_GOVERNED_COUNTY_FIPS,MULTI_COUNTY_CONVERGENCE,3,48085|48113|48121,collin-tx|dallas-tx|denton-tx,Collin County|Dallas County|Denton County,,,,3,collin-tx|dallas-tx|denton-tx,false,true,true,true,true
Carter,4813075,true,EXACT_CANONICAL_PLACE_REGISTRY_ROW_GOVERNED_COUNTY_FIPS,SINGLE_COUNTY_CONTROL,1,48367,parker-tx,Parker County,,,,1,parker-tx,false,true,true,true,true
Carthage,4813108,true,EXACT_CANONICAL_PLACE_REGISTRY_ROW_GOVERNED_COUNTY_FIPS,SINGLE_COUNTY_CONTROL,1,48365,panola-tx,Panola County,,,,1,panola-tx,false,true,true,true,true
Casa Blanca,4813128,true,EXACT_CANONICAL_PLACE_REGISTRY_ROW_GOVERNED_COUNTY_FIPS,SINGLE_COUNTY_CONTROL,1,48427,starr-tx,Starr County,,,,1,starr-tx,false,true,true,true,true
Casas,4813150,true,EXACT_CANONICAL_PLACE_REGISTRY_ROW_GOVERNED_COUNTY_FIPS,SINGLE_COUNTY_CONTROL,1,48427,starr-tx,Starr County,,,,1,starr-tx,false,true,true,true,true
Cashion Community,4813198,true,EXACT_CANONICAL_PLACE_REGISTRY_ROW_GOVERNED_COUNTY_FIPS,SINGLE_COUNTY_CONTROL,1,48485,wichita-tx,Wichita County,,,,1,wichita-tx,false,true,true,true,true
Castle Hills,4813276,true,EXACT_CANONICAL_PLACE_REGISTRY_ROW_GOVERNED_COUNTY_FIPS,SINGLE_COUNTY_CONTROL,1,48029,bexar-tx,Bexar County,,,,1,bexar-tx,false,true,true,true,true
Castroville,4813312,true,EXACT_CANONICAL_PLACE_REGISTRY_ROW_GOVERNED_COUNTY_FIPS,SINGLE_COUNTY_CONTROL,1,48325,medina-tx,Medina County,,,,1,medina-tx,false,true,true,true,true
Catarina,4813324,true,EXACT_CANONICAL_PLACE_REGISTRY_ROW_GOVERNED_COUNTY_FIPS,SINGLE_COUNTY_CONTROL,1,48127,dimmit-tx,Dimmit County,,,,1,dimmit-tx,false,true,true,true,true
Cedar Creek,4813432,true,EXACT_CANONICAL_PLACE_REGISTRY_ROW_GOVERNED_COUNTY_FIPS,SINGLE_COUNTY_CONTROL,1,48021,bastrop-tx,Bastrop County,,,,1,bastrop-tx,false,true,true,true,true
Cedar Hill,4813492,true,EXACT_CANONICAL_PLACE_REGISTRY_ROW_GOVERNED_COUNTY_FIPS,MULTI_COUNTY_CONVERGENCE,2,48113|48139,dallas-tx|ellis-tx,Dallas County|Ellis County,,,,2,dallas-tx|ellis-tx,false,true,true,true,true
Cedar Park,4813552,true,EXACT_CANONICAL_PLACE_REGISTRY_ROW_GOVERNED_COUNTY_FIPS,MULTI_COUNTY_CONVERGENCE,2,48453|48491,travis-tx|williamson-tx,Travis County|Williamson County,,,,2,travis-tx|williamson-tx,false,true,true,true,true
Cedar Point,4813570,true,EXACT_CANONICAL_PLACE_REGISTRY_ROW_GOVERNED_COUNTY_FIPS,SINGLE_COUNTY_CONTROL,1,48373,polk-tx,Polk County,,,,1,polk-tx,false,true,true,true,true
Celeste,4813672,true,EXACT_CANONICAL_PLACE_REGISTRY_ROW_GOVERNED_COUNTY_FIPS,SINGLE_COUNTY_CONTROL,1,48231,hunt-tx,Hunt County,,,,1,hunt-tx,false,true,true,true,true
Celina,4813684,true,EXACT_CANONICAL_PLACE_REGISTRY_ROW_GOVERNED_COUNTY_FIPS,MULTI_COUNTY_CONVERGENCE,2,48085|48121,collin-tx|denton-tx,Collin County|Denton County,,,,2,collin-tx|denton-tx,false,true,true,true,true
Center,4813732,true,EXACT_CANONICAL_PLACE_REGISTRY_ROW_GOVERNED_COUNTY_FIPS,SINGLE_COUNTY_CONTROL,1,48419,shelby-tx,Shelby County,,,,1,shelby-tx,false,true,true,true,true
Center Point,4813828,true,EXACT_CANONICAL_PLACE_REGISTRY_ROW_GOVERNED_COUNTY_FIPS,SINGLE_COUNTY_CONTROL,1,48265,kerr-tx,Kerr County,,,,1,kerr-tx,false,true,true,true,true
Centerville,4813900,true,EXACT_CANONICAL_PLACE_REGISTRY_ROW_GOVERNED_COUNTY_FIPS,SINGLE_COUNTY_CONTROL,1,48289,leon-tx,Leon County,,,,1,leon-tx,false,true,true,true,true
Central Gardens,4813972,true,EXACT_CANONICAL_PLACE_REGISTRY_ROW_GOVERNED_COUNTY_FIPS,SINGLE_COUNTY_CONTROL,1,48245,jefferson-tx,Jefferson County,,,,1,jefferson-tx,false,true,true,true,true
CÃ©sar ChÃ¡vez,4814038,true,EXACT_CANONICAL_PLACE_REGISTRY_ROW_GOVERNED_COUNTY_FIPS,SINGLE_COUNTY_CONTROL,1,48215,hidalgo-tx,Hidalgo County,,,,1,hidalgo-tx,false,true,true,true,true
Chandler,4814224,true,EXACT_CANONICAL_PLACE_REGISTRY_ROW_GOVERNED_COUNTY_FIPS,SINGLE_COUNTY_CONTROL,1,48213,henderson-tx,Henderson County,,,,1,henderson-tx,false,true,true,true,true
Channelview,4814236,true,EXACT_CANONICAL_PLACE_REGISTRY_ROW_GOVERNED_COUNTY_FIPS,SINGLE_COUNTY_CONTROL,1,48201,harris-tx,Harris County,,,,1,harris-tx,false,true,true,true,true
Channing,4814260,true,EXACT_CANONICAL_PLACE_REGISTRY_ROW_GOVERNED_COUNTY_FIPS,SINGLE_COUNTY_CONTROL,1,48205,hartley-tx,Hartley County,,,,1,hartley-tx,false,true,true,true,true
Chaparrito,4814266,true,EXACT_CANONICAL_PLACE_REGISTRY_ROW_GOVERNED_COUNTY_FIPS,SINGLE_COUNTY_CONTROL,1,48427,starr-tx,Starr County,,,,1,starr-tx,false,true,true,true,true
Chapeno,4814290,true,EXACT_CANONICAL_PLACE_REGISTRY_ROW_GOVERNED_COUNTY_FIPS,SINGLE_COUNTY_CONTROL,1,48427,starr-tx,Starr County,,,,1,starr-tx,false,true,true,true,true
Charlotte,4814404,true,EXACT_CANONICAL_PLACE_REGISTRY_ROW_GOVERNED_COUNTY_FIPS,SINGLE_COUNTY_CONTROL,1,48013,atascosa-tx,Atascosa County,,,,1,atascosa-tx,false,true,true,true,true
Chester,4814584,true,EXACT_CANONICAL_PLACE_REGISTRY_ROW_GOVERNED_COUNTY_FIPS,SINGLE_COUNTY_CONTROL,1,48457,tyler-tx,Tyler County,,,,1,tyler-tx,false,true,true,true,true
Chico,4814620,true,EXACT_CANONICAL_PLACE_REGISTRY_ROW_GOVERNED_COUNTY_FIPS,SINGLE_COUNTY_CONTROL,1,48497,wise-tx,Wise County,,,,1,wise-tx,false,true,true,true,true
Childress,4814668,true,EXACT_CANONICAL_PLACE_REGISTRY_ROW_GOVERNED_COUNTY_FIPS,SINGLE_COUNTY_CONTROL,1,48075,childress-tx,Childress County,,,,1,childress-tx,false,true,true,true,true
Chillicothe,4814680,true,EXACT_CANONICAL_PLACE_REGISTRY_ROW_GOVERNED_COUNTY_FIPS,SINGLE_COUNTY_CONTROL,1,48197,hardeman-tx,Hardeman County,,,,1,hardeman-tx,false,true,true,true,true
Chilton,4814692,true,EXACT_CANONICAL_PLACE_REGISTRY_ROW_GOVERNED_COUNTY_FIPS,SINGLE_COUNTY_CONTROL,1,48145,falls-tx,Falls County,,,,1,falls-tx,false,true,true,true,true
China,4814704,true,EXACT_CANONICAL_PLACE_REGISTRY_ROW_GOVERNED_COUNTY_FIPS,SINGLE_COUNTY_CONTROL,1,48245,jefferson-tx,Jefferson County,,,,1,jefferson-tx,false,true,true,true,true
China Grove,4814716,true,EXACT_CANONICAL_PLACE_REGISTRY_ROW_GOVERNED_COUNTY_FIPS,SINGLE_COUNTY_CONTROL,1,48029,bexar-tx,Bexar County,,,,1,bexar-tx,false,true,true,true,true
China Spring,4814740,true,EXACT_CANONICAL_PLACE_REGISTRY_ROW_GOVERNED_COUNTY_FIPS,SINGLE_COUNTY_CONTROL,1,48309,mclennan-tx,McLennan County,,,,1,mclennan-tx,false,true,true,true,true
Chireno,4814776,true,EXACT_CANONICAL_PLACE_REGISTRY_ROW_GOVERNED_COUNTY_FIPS,SINGLE_COUNTY_CONTROL,1,48347,nacogdoches-tx,Nacogdoches County,,,,1,nacogdoches-tx,false,true,true,true,true
Christine,4814860,true,EXACT_CANONICAL_PLACE_REGISTRY_ROW_GOVERNED_COUNTY_FIPS,SINGLE_COUNTY_CONTROL,1,48013,atascosa-tx,Atascosa County,,,,1,atascosa-tx,false,true,true,true,true
Christoval,4814872,true,EXACT_CANONICAL_PLACE_REGISTRY_ROW_GOVERNED_COUNTY_FIPS,SINGLE_COUNTY_CONTROL,1,48451,tom-green-tx,Tom Green County,,,,1,tom-green-tx,false,true,true,true,true
Chula Vista,4814880,true,EXACT_CANONICAL_PLACE_REGISTRY_ROW_GOVERNED_COUNTY_FIPS,SINGLE_COUNTY_CONTROL,1,48061,cameron-tx,Cameron County,,,,1,cameron-tx,false,true,true,true,true
Chula Vista,4814881,true,EXACT_CANONICAL_PLACE_REGISTRY_ROW_GOVERNED_COUNTY_FIPS,SINGLE_COUNTY_CONTROL,1,48323,maverick-tx,Maverick County,,,,1,maverick-tx,false,true,true,true,true
Chula Vista,4814882,true,EXACT_CANONICAL_PLACE_REGISTRY_ROW_GOVERNED_COUNTY_FIPS,SINGLE_COUNTY_CONTROL,1,48507,zavala-tx,Zavala County,,,,1,zavala-tx,false,true,true,true,true
Cibolo,4814920,true,EXACT_CANONICAL_PLACE_REGISTRY_ROW_GOVERNED_COUNTY_FIPS,MULTI_COUNTY_CONVERGENCE,2,48029|48187,bexar-tx|guadalupe-tx,Bexar County|Guadalupe County,,,,2,bexar-tx|guadalupe-tx,false,true,true,true,true
Cienegas Terrace,4814927,true,EXACT_CANONICAL_PLACE_REGISTRY_ROW_GOVERNED_COUNTY_FIPS,SINGLE_COUNTY_CONTROL,1,48465,val-verde-tx,Val Verde County,,,,1,val-verde-tx,false,true,true,true,true
Cinco Ranch,4814929,true,EXACT_CANONICAL_PLACE_REGISTRY_ROW_GOVERNED_COUNTY_FIPS,MULTI_COUNTY_CONVERGENCE,2,48157|48201,fort-bend-tx|harris-tx,Fort Bend County|Harris County,,,,2,fort-bend-tx|harris-tx,false,true,true,true,true
Circle D-KC Estates,4814986,true,EXACT_CANONICAL_PLACE_REGISTRY_ROW_GOVERNED_COUNTY_FIPS,SINGLE_COUNTY_CONTROL,1,48021,bastrop-tx,Bastrop County,,,,1,bastrop-tx,false,true,true,true,true
Cisco,4815004,true,EXACT_CANONICAL_PLACE_REGISTRY_ROW_GOVERNED_COUNTY_FIPS,SINGLE_COUNTY_CONTROL,1,48133,eastland-tx,Eastland County,,,,1,eastland-tx,false,true,true,true,true
Citrus City,4815028,true,EXACT_CANONICAL_PLACE_REGISTRY_ROW_GOVERNED_COUNTY_FIPS,SINGLE_COUNTY_CONTROL,1,48215,hidalgo-tx,Hidalgo County,,,,1,hidalgo-tx,false,true,true,true,true
Clarendon,4815112,true,EXACT_CANONICAL_PLACE_REGISTRY_ROW_GOVERNED_COUNTY_FIPS,SINGLE_COUNTY_CONTROL,1,48129,donley-tx,Donley County,,,,1,donley-tx,false,true,true,true,true
Clarksville,4815160,true,EXACT_CANONICAL_PLACE_REGISTRY_ROW_GOVERNED_COUNTY_FIPS,SINGLE_COUNTY_CONTROL,1,48387,red-river-tx,Red River County,,,,1,red-river-tx,false,true,true,true,true
Clarksville City,4815172,true,EXACT_CANONICAL_PLACE_REGISTRY_ROW_GOVERNED_COUNTY_FIPS,MULTI_COUNTY_CONVERGENCE,2,48183|48459,gregg-tx|upshur-tx,Gregg County|Upshur County,,,,2,gregg-tx|upshur-tx,false,true,true,true,true
Claude,4815196,true,EXACT_CANONICAL_PLACE_REGISTRY_ROW_GOVERNED_COUNTY_FIPS,SINGLE_COUNTY_CONTROL,1,48011,armstrong-tx,Armstrong County,,,,1,armstrong-tx,false,true,true,true,true
Clay,4815232,true,EXACT_CANONICAL_PLACE_REGISTRY_ROW_GOVERNED_COUNTY_FIPS,SINGLE_COUNTY_CONTROL,1,48051,burleson-tx,Burleson County,,,,1,burleson-tx,false,true,true,true,true
Clear Lake Shores,4815328,true,EXACT_CANONICAL_PLACE_REGISTRY_ROW_GOVERNED_COUNTY_FIPS,SINGLE_COUNTY_CONTROL,1,48167,galveston-tx,Galveston County,,,,1,galveston-tx,false,true,true,true,true
Cleburne,4815364,true,EXACT_CANONICAL_PLACE_REGISTRY_ROW_GOVERNED_COUNTY_FIPS,SINGLE_COUNTY_CONTROL,1,48251,johnson-tx,Johnson County,,,,1,johnson-tx,false,true,true,true,true
Cleveland,4815436,true,EXACT_CANONICAL_PLACE_REGISTRY_ROW_GOVERNED_COUNTY_FIPS,MULTI_COUNTY_CONVERGENCE,3,48291|48339|48407,liberty-tx|montgomery-tx|san-jacinto-tx,Liberty County|Montgomery County|San Jacinto County,,,,3,liberty-tx|montgomery-tx|san-jacinto-tx,false,true,true,true,true
Clifton,4815472,true,EXACT_CANONICAL_PLACE_REGISTRY_ROW_GOVERNED_COUNTY_FIPS,SINGLE_COUNTY_CONTROL,1,48035,bosque-tx,Bosque County,,,,1,bosque-tx,false,true,true,true,true
Clint,4815544,true,EXACT_CANONICAL_PLACE_REGISTRY_ROW_GOVERNED_COUNTY_FIPS,SINGLE_COUNTY_CONTROL,1,48141,el-paso-tx,El Paso County,,,,1,el-paso-tx,false,true,true,true,true
Cloverleaf,4815628,true,EXACT_CANONICAL_PLACE_REGISTRY_ROW_GOVERNED_COUNTY_FIPS,SINGLE_COUNTY_CONTROL,1,48201,harris-tx,Harris County,,,,1,harris-tx,false,true,true,true,true
Clute,4815652,true,EXACT_CANONICAL_PLACE_REGISTRY_ROW_GOVERNED_COUNTY_FIPS,SINGLE_COUNTY_CONTROL,1,48039,brazoria-tx,Brazoria County,,,,1,brazoria-tx,false,true,true,true,true
Clyde,4815676,true,EXACT_CANONICAL_PLACE_REGISTRY_ROW_GOVERNED_COUNTY_FIPS,SINGLE_COUNTY_CONTROL,1,48059,callahan-tx,Callahan County,,,,1,callahan-tx,false,true,true,true,true
Coahoma,4815700,true,EXACT_CANONICAL_PLACE_REGISTRY_ROW_GOVERNED_COUNTY_FIPS,SINGLE_COUNTY_CONTROL,1,48227,howard-tx,Howard County,,,,1,howard-tx,false,true,true,true,true
Cockrell Hill,4815796,true,EXACT_CANONICAL_PLACE_REGISTRY_ROW_GOVERNED_COUNTY_FIPS,SINGLE_COUNTY_CONTROL,1,48113,dallas-tx,Dallas County,,,,1,dallas-tx,false,true,true,true,true
Coffee City,4815820,true,EXACT_CANONICAL_PLACE_REGISTRY_ROW_GOVERNED_COUNTY_FIPS,SINGLE_COUNTY_CONTROL,1,48213,henderson-tx,Henderson County,,,,1,henderson-tx,false,true,true,true,true
Coldspring,4815892,true,EXACT_CANONICAL_PLACE_REGISTRY_ROW_GOVERNED_COUNTY_FIPS,SINGLE_COUNTY_CONTROL,1,48407,san-jacinto-tx,San Jacinto County,,,,1,san-jacinto-tx,false,true,true,true,true
Coleman,4815916,true,EXACT_CANONICAL_PLACE_REGISTRY_ROW_GOVERNED_COUNTY_FIPS,SINGLE_COUNTY_CONTROL,1,48083,coleman-tx,Coleman County,,,,1,coleman-tx,false,true,true,true,true
College Station,4815976,true,EXACT_CANONICAL_PLACE_REGISTRY_ROW_GOVERNED_COUNTY_FIPS,SINGLE_COUNTY_CONTROL,1,48041,brazos-tx,Brazos County,,,,1,brazos-tx,false,true,true,true,true
Colleyville,4815988,true,EXACT_CANONICAL_PLACE_REGISTRY_ROW_GOVERNED_COUNTY_FIPS,SINGLE_COUNTY_CONTROL,1,48439,tarrant-tx,Tarrant County,,,,1,tarrant-tx,false,true,true,true,true
Collinsville,4816036,true,EXACT_CANONICAL_PLACE_REGISTRY_ROW_GOVERNED_COUNTY_FIPS,SINGLE_COUNTY_CONTROL,1,48181,grayson-tx,Grayson County,,,,1,grayson-tx,false,true,true,true,true
Colmesneil,4816048,true,EXACT_CANONICAL_PLACE_REGISTRY_ROW_GOVERNED_COUNTY_FIPS,SINGLE_COUNTY_CONTROL,1,48457,tyler-tx,Tyler County,,,,1,tyler-tx,false,true,true,true,true
Colorado Acres,4816110,true,EXACT_CANONICAL_PLACE_REGISTRY_ROW_GOVERNED_COUNTY_FIPS,SINGLE_COUNTY_CONTROL,1,48479,webb-tx,Webb County,,,,1,webb-tx,false,true,true,true,true
Colorado City,4816120,true,EXACT_CANONICAL_PLACE_REGISTRY_ROW_GOVERNED_COUNTY_FIPS,SINGLE_COUNTY_CONTROL,1,48335,mitchell-tx,Mitchell County,,,,1,mitchell-tx,false,true,true,true,true
Columbus,4816168,true,EXACT_CANONICAL_PLACE_REGISTRY_ROW_GOVERNED_COUNTY_FIPS,SINGLE_COUNTY_CONTROL,1,48089,colorado-tx,Colorado County,,,,1,colorado-tx,false,true,true,true,true
Comanche,4816192,true,EXACT_CANONICAL_PLACE_REGISTRY_ROW_GOVERNED_COUNTY_FIPS,SINGLE_COUNTY_CONTROL,1,48093,comanche-tx,Comanche County,,,,1,comanche-tx,false,true,true,true,true
Combes,4816204,true,EXACT_CANONICAL_PLACE_REGISTRY_ROW_GOVERNED_COUNTY_FIPS,SINGLE_COUNTY_CONTROL,1,48061,cameron-tx,Cameron County,,,,1,cameron-tx,false,true,true,true,true
Combine,4816216,true,EXACT_CANONICAL_PLACE_REGISTRY_ROW_GOVERNED_COUNTY_FIPS,MULTI_COUNTY_CONVERGENCE,2,48113|48257,dallas-tx|kaufman-tx,Dallas County|Kaufman County,,,,2,dallas-tx|kaufman-tx,false,true,true,true,true
Comfort,4816228,true,EXACT_CANONICAL_PLACE_REGISTRY_ROW_GOVERNED_COUNTY_FIPS,SINGLE_COUNTY_CONTROL,1,48259,kendall-tx,Kendall County,,,,1,kendall-tx,false,true,true,true,true
Commerce,4816240,true,EXACT_CANONICAL_PLACE_REGISTRY_ROW_GOVERNED_COUNTY_FIPS,SINGLE_COUNTY_CONTROL,1,48231,hunt-tx,Hunt County,,,,1,hunt-tx,false,true,true,true,true
Como,4816252,true,EXACT_CANONICAL_PLACE_REGISTRY_ROW_GOVERNED_COUNTY_FIPS,SINGLE_COUNTY_CONTROL,1,48223,hopkins-tx,Hopkins County,,,,1,hopkins-tx,false,true,true,true,true
Concepcion,4816300,true,EXACT_CANONICAL_PLACE_REGISTRY_ROW_GOVERNED_COUNTY_FIPS,SINGLE_COUNTY_CONTROL,1,48131,duval-tx,Duval County,,,,1,duval-tx,false,true,true,true,true
Conroe,4816432,true,EXACT_CANONICAL_PLACE_REGISTRY_ROW_GOVERNED_COUNTY_FIPS,SINGLE_COUNTY_CONTROL,1,48339,montgomery-tx,Montgomery County,,,,1,montgomery-tx,false,true,true,true,true
Converse,4816468,true,EXACT_CANONICAL_PLACE_REGISTRY_ROW_GOVERNED_COUNTY_FIPS,SINGLE_COUNTY_CONTROL,1,48029,bexar-tx,Bexar County,,,,1,bexar-tx,false,true,true,true,true
Cool,4816540,true,EXACT_CANONICAL_PLACE_REGISTRY_ROW_GOVERNED_COUNTY_FIPS,SINGLE_COUNTY_CONTROL,1,48367,parker-tx,Parker County,,,,1,parker-tx,false,true,true,true,true
Coolidge,4816552,true,EXACT_CANONICAL_PLACE_REGISTRY_ROW_GOVERNED_COUNTY_FIPS,SINGLE_COUNTY_CONTROL,1,48293,limestone-tx,Limestone County,,,,1,limestone-tx,false,true,true,true,true
Cooper,4816564,true,EXACT_CANONICAL_PLACE_REGISTRY_ROW_GOVERNED_COUNTY_FIPS,SINGLE_COUNTY_CONTROL,1,48119,delta-tx,Delta County,,,,1,delta-tx,false,true,true,true,true
Coppell,4816612,true,EXACT_CANONICAL_PLACE_REGISTRY_ROW_GOVERNED_COUNTY_FIPS,MULTI_COUNTY_CONVERGENCE,2,48113|48121,dallas-tx|denton-tx,Dallas County|Denton County,,,,2,dallas-tx|denton-tx,false,true,true,true,true
Copperas Cove,4816624,true,EXACT_CANONICAL_PLACE_REGISTRY_ROW_GOVERNED_COUNTY_FIPS,MULTI_COUNTY_CONVERGENCE,3,48027|48099|48281,bell-tx|coryell-tx|lampasas-tx,Bell County|Coryell County|Lampasas County,,,,3,bell-tx|coryell-tx|lampasas-tx,false,true,true,true,true
Copper Canyon,4816636,true,EXACT_CANONICAL_PLACE_REGISTRY_ROW_GOVERNED_COUNTY_FIPS,SINGLE_COUNTY_CONTROL,1,48121,denton-tx,Denton County,,,,1,denton-tx,false,true,true,true,true
Corinth,4816696,true,EXACT_CANONICAL_PLACE_REGISTRY_ROW_GOVERNED_COUNTY_FIPS,SINGLE_COUNTY_CONTROL,1,48121,denton-tx,Denton County,,,,1,denton-tx,false,true,true,true,true
Corpus Christi,4817000,true,EXACT_CANONICAL_PLACE_REGISTRY_ROW_GOVERNED_COUNTY_FIPS,MULTI_COUNTY_CONVERGENCE,4,48007|48273|48355|48409,aransas-tx|kleberg-tx|nueces-tx|san-patricio-tx,Aransas County|Kleberg County|Nueces County|San Patricio County,,,,4,aransas-tx|kleberg-tx|nueces-tx|san-patricio-tx,false,true,true,true,true
Corral City,4817021,true,EXACT_CANONICAL_PLACE_REGISTRY_ROW_GOVERNED_COUNTY_FIPS,SINGLE_COUNTY_CONTROL,1,48121,denton-tx,Denton County,,,,1,denton-tx,false,true,true,true,true
Corrigan,4817036,true,EXACT_CANONICAL_PLACE_REGISTRY_ROW_GOVERNED_COUNTY_FIPS,SINGLE_COUNTY_CONTROL,1,48373,polk-tx,Polk County,,,,1,polk-tx,false,true,true,true,true
Corsicana,4817060,true,EXACT_CANONICAL_PLACE_REGISTRY_ROW_GOVERNED_COUNTY_FIPS,SINGLE_COUNTY_CONTROL,1,48349,navarro-tx,Navarro County,,,,1,navarro-tx,false,true,true,true,true
Cottonwood,4817200,true,EXACT_CANONICAL_PLACE_REGISTRY_ROW_GOVERNED_COUNTY_FIPS,SINGLE_COUNTY_CONTROL,1,48257,kaufman-tx,Kaufman County,,,,1,kaufman-tx,false,true,true,true,true
Cottonwood Shores,4817208,true,EXACT_CANONICAL_PLACE_REGISTRY_ROW_GOVERNED_COUNTY_FIPS,SINGLE_COUNTY_CONTROL,1,48053,burnet-tx,Burnet County,,,,1,burnet-tx,false,true,true,true,true
Cotulla,4817216,true,EXACT_CANONICAL_PLACE_REGISTRY_ROW_GOVERNED_COUNTY_FIPS,SINGLE_COUNTY_CONTROL,1,48283,la-salle-tx,La Salle County,,,,1,la-salle-tx,false,true,true,true,true
Coupland,4817312,true,EXACT_CANONICAL_PLACE_REGISTRY_ROW_GOVERNED_COUNTY_FIPS,SINGLE_COUNTY_CONTROL,1,48491,williamson-tx,Williamson County,,,,1,williamson-tx,false,true,true,true,true
Cove,4817336,true,EXACT_CANONICAL_PLACE_REGISTRY_ROW_GOVERNED_COUNTY_FIPS,SINGLE_COUNTY_CONTROL,1,48071,chambers-tx,Chambers County,,,,1,chambers-tx,false,true,true,true,true
Covington,4817372,true,EXACT_CANONICAL_PLACE_REGISTRY_ROW_GOVERNED_COUNTY_FIPS,SINGLE_COUNTY_CONTROL,1,48217,hill-tx,Hill County,,,,1,hill-tx,false,true,true,true,true
Coyanosa,4817408,true,EXACT_CANONICAL_PLACE_REGISTRY_ROW_GOVERNED_COUNTY_FIPS,SINGLE_COUNTY_CONTROL,1,48371,pecos-tx,Pecos County,,,,1,pecos-tx,false,true,true,true,true
Coyote Acres,4817426,true,EXACT_CANONICAL_PLACE_REGISTRY_ROW_GOVERNED_COUNTY_FIPS,SINGLE_COUNTY_CONTROL,1,48249,jim-wells-tx,Jim Wells County,,,,1,jim-wells-tx,false,true,true,true,true
Coyote Flats,4817429,true,EXACT_CANONICAL_PLACE_REGISTRY_ROW_GOVERNED_COUNTY_FIPS,SINGLE_COUNTY_CONTROL,1,48251,johnson-tx,Johnson County,,,,1,johnson-tx,false,true,true,true,true
Crandall,4817504,true,EXACT_CANONICAL_PLACE_REGISTRY_ROW_GOVERNED_COUNTY_FIPS,SINGLE_COUNTY_CONTROL,1,48257,kaufman-tx,Kaufman County,,,,1,kaufman-tx,false,true,true,true,true
Crane,4817516,true,EXACT_CANONICAL_PLACE_REGISTRY_ROW_GOVERNED_COUNTY_FIPS,SINGLE_COUNTY_CONTROL,1,48103,crane-tx,Crane County,,,,1,crane-tx,false,true,true,true,true
Cranfills Gap,4817540,true,EXACT_CANONICAL_PLACE_REGISTRY_ROW_GOVERNED_COUNTY_FIPS,SINGLE_COUNTY_CONTROL,1,48035,bosque-tx,Bosque County,,,,1,bosque-tx,false,true,true,true,true
Crawford,4817564,true,EXACT_CANONICAL_PLACE_REGISTRY_ROW_GOVERNED_COUNTY_FIPS,SINGLE_COUNTY_CONTROL,1,48309,mclennan-tx,McLennan County,,,,1,mclennan-tx,false,true,true,true,true
Creedmoor,4817612,true,EXACT_CANONICAL_PLACE_REGISTRY_ROW_GOVERNED_COUNTY_FIPS,MULTI_COUNTY_CONVERGENCE,2,48209|48453,hays-tx|travis-tx,Hays County|Travis County,,,,2,hays-tx|travis-tx,false,true,true,true,true
Cresson,4817648,true,EXACT_CANONICAL_PLACE_REGISTRY_ROW_GOVERNED_COUNTY_FIPS,MULTI_COUNTY_CONVERGENCE,3,48221|48251|48367,hood-tx|johnson-tx|parker-tx,Hood County|Johnson County|Parker County,,,,3,hood-tx|johnson-tx|parker-tx,false,true,true,true,true
Crockett,4817744,true,EXACT_CANONICAL_PLACE_REGISTRY_ROW_GOVERNED_COUNTY_FIPS,SINGLE_COUNTY_CONTROL,1,48225,houston-tx,Houston County,,,,1,houston-tx,false,true,true,true,true
Crosby,4817756,true,EXACT_CANONICAL_PLACE_REGISTRY_ROW_GOVERNED_COUNTY_FIPS,SINGLE_COUNTY_CONTROL,1,48201,harris-tx,Harris County,,,,1,harris-tx,false,true,true,true,true
Crosbyton,4817768,true,EXACT_CANONICAL_PLACE_REGISTRY_ROW_GOVERNED_COUNTY_FIPS,SINGLE_COUNTY_CONTROL,1,48107,crosby-tx,Crosby County,,,,1,crosby-tx,false,true,true,true,true
Cross Mountain,4817811,true,EXACT_CANONICAL_PLACE_REGISTRY_ROW_GOVERNED_COUNTY_FIPS,SINGLE_COUNTY_CONTROL,1,48029,bexar-tx,Bexar County,,,,1,bexar-tx,false,true,true,true,true
Cross Plains,4817816,true,EXACT_CANONICAL_PLACE_REGISTRY_ROW_GOVERNED_COUNTY_FIPS,SINGLE_COUNTY_CONTROL,1,48059,callahan-tx,Callahan County,,,,1,callahan-tx,false,true,true,true,true
Cross Roads,4817852,true,EXACT_CANONICAL_PLACE_REGISTRY_ROW_GOVERNED_COUNTY_FIPS,SINGLE_COUNTY_CONTROL,1,48121,denton-tx,Denton County,,,,1,denton-tx,false,true,true,true,true
Cross Timber,4817917,true,EXACT_CANONICAL_PLACE_REGISTRY_ROW_GOVERNED_COUNTY_FIPS,SINGLE_COUNTY_CONTROL,1,48251,johnson-tx,Johnson County,,,,1,johnson-tx,false,true,true,true,true
Crowell,4817948,true,EXACT_CANONICAL_PLACE_REGISTRY_ROW_GOVERNED_COUNTY_FIPS,SINGLE_COUNTY_CONTROL,1,48155,foard-tx,Foard County,,,,1,foard-tx,false,true,true,true,true
Crowley,4817960,true,EXACT_CANONICAL_PLACE_REGISTRY_ROW_GOVERNED_COUNTY_FIPS,MULTI_COUNTY_CONVERGENCE,2,48251|48439,johnson-tx|tarrant-tx,Johnson County|Tarrant County,,,,2,johnson-tx|tarrant-tx,false,true,true,true,true
Crystal City,4818020,true,EXACT_CANONICAL_PLACE_REGISTRY_ROW_GOVERNED_COUNTY_FIPS,SINGLE_COUNTY_CONTROL,1,48507,zavala-tx,Zavala County,,,,1,zavala-tx,false,true,true,true,true
Cuero,4818092,true,EXACT_CANONICAL_PLACE_REGISTRY_ROW_GOVERNED_COUNTY_FIPS,SINGLE_COUNTY_CONTROL,1,48123,dewitt-tx,DeWitt County,,,,1,dewitt-tx,false,true,true,true,true
Cuevitas,4818104,true,EXACT_CANONICAL_PLACE_REGISTRY_ROW_GOVERNED_COUNTY_FIPS,SINGLE_COUNTY_CONTROL,1,48215,hidalgo-tx,Hidalgo County,,,,1,hidalgo-tx,false,true,true,true,true
Cumby,4818128,true,EXACT_CANONICAL_PLACE_REGISTRY_ROW_GOVERNED_COUNTY_FIPS,SINGLE_COUNTY_CONTROL,1,48223,hopkins-tx,Hopkins County,,,,1,hopkins-tx,false,true,true,true,true
Cumings,4818134,true,EXACT_CANONICAL_PLACE_REGISTRY_ROW_GOVERNED_COUNTY_FIPS,SINGLE_COUNTY_CONTROL,1,48157,fort-bend-tx,Fort Bend County,,,,1,fort-bend-tx,false,true,true,true,true
Cuney,4818152,true,EXACT_CANONICAL_PLACE_REGISTRY_ROW_GOVERNED_COUNTY_FIPS,SINGLE_COUNTY_CONTROL,1,48073,cherokee-tx,Cherokee County,,,,1,cherokee-tx,false,true,true,true,true
Cushing,4818224,true,EXACT_CANONICAL_PLACE_REGISTRY_ROW_GOVERNED_COUNTY_FIPS,SINGLE_COUNTY_CONTROL,1,48347,nacogdoches-tx,Nacogdoches County,,,,1,nacogdoches-tx,false,true,true,true,true
Cut and Shoot,4818260,true,EXACT_CANONICAL_PLACE_REGISTRY_ROW_GOVERNED_COUNTY_FIPS,SINGLE_COUNTY_CONTROL,1,48339,montgomery-tx,Montgomery County,,,,1,montgomery-tx,false,true,true,true,true
Daingerfield,4818464,true,EXACT_CANONICAL_PLACE_REGISTRY_ROW_GOVERNED_COUNTY_FIPS,SINGLE_COUNTY_CONTROL,1,48343,morris-tx,Morris County,,,,1,morris-tx,false,true,true,true,true
Daisetta,4818476,true,EXACT_CANONICAL_PLACE_REGISTRY_ROW_GOVERNED_COUNTY_FIPS,SINGLE_COUNTY_CONTROL,1,48291,liberty-tx,Liberty County,,,,1,liberty-tx,false,true,true,true,true
Dalhart,4818524,true,EXACT_CANONICAL_PLACE_REGISTRY_ROW_GOVERNED_COUNTY_FIPS,MULTI_COUNTY_CONVERGENCE,2,48111|48205,dallam-tx|hartley-tx,Dallam County|Hartley County,,,,2,dallam-tx|hartley-tx,false,true,true,true,true
Dallas,4819000,true,EXACT_CANONICAL_PLACE_REGISTRY_ROW_GOVERNED_COUNTY_FIPS,MULTI_COUNTY_CONVERGENCE,5,48085|48113|48121|48257|48397,collin-tx|dallas-tx|denton-tx|kaufman-tx|rockwall-tx,Collin County|Dallas County|Denton County|Kaufman County|Rockwall County,,,,5,collin-tx|dallas-tx|denton-tx|kaufman-tx|rockwall-tx,false,true,true,true,true
Dalworthington Gardens,4819084,true,EXACT_CANONICAL_PLACE_REGISTRY_ROW_GOVERNED_COUNTY_FIPS,SINGLE_COUNTY_CONTROL,1,48439,tarrant-tx,Tarrant County,,,,1,tarrant-tx,false,true,true,true,true
Damon,4819108,true,EXACT_CANONICAL_PLACE_REGISTRY_ROW_GOVERNED_COUNTY_FIPS,SINGLE_COUNTY_CONTROL,1,48039,brazoria-tx,Brazoria County,,,,1,brazoria-tx,false,true,true,true,true
Danbury,4819120,true,EXACT_CANONICAL_PLACE_REGISTRY_ROW_GOVERNED_COUNTY_FIPS,SINGLE_COUNTY_CONTROL,1,48039,brazoria-tx,Brazoria County,,,,1,brazoria-tx,false,true,true,true,true
Darrouzett,4819288,true,EXACT_CANONICAL_PLACE_REGISTRY_ROW_GOVERNED_COUNTY_FIPS,SINGLE_COUNTY_CONTROL,1,48295,lipscomb-tx,Lipscomb County,,,,1,lipscomb-tx,false,true,true,true,true
Dawson,4819420,true,EXACT_CANONICAL_PLACE_REGISTRY_ROW_GOVERNED_COUNTY_FIPS,SINGLE_COUNTY_CONTROL,1,48349,navarro-tx,Navarro County,,,,1,navarro-tx,false,true,true,true,true
Dayton,4819432,true,EXACT_CANONICAL_PLACE_REGISTRY_ROW_GOVERNED_COUNTY_FIPS,SINGLE_COUNTY_CONTROL,1,48291,liberty-tx,Liberty County,,,,1,liberty-tx,false,true,true,true,true
Dayton Lakes,4819435,true,EXACT_CANONICAL_PLACE_REGISTRY_ROW_GOVERNED_COUNTY_FIPS,SINGLE_COUNTY_CONTROL,1,48291,liberty-tx,Liberty County,,,,1,liberty-tx,false,true,true,true,true
Dean,4819456,true,EXACT_CANONICAL_PLACE_REGISTRY_ROW_GOVERNED_COUNTY_FIPS,SINGLE_COUNTY_CONTROL,1,48077,clay-tx,Clay County,,,,1,clay-tx,false,true,true,true,true
Deanville,4819492,true,EXACT_CANONICAL_PLACE_REGISTRY_ROW_GOVERNED_COUNTY_FIPS,SINGLE_COUNTY_CONTROL,1,48051,burleson-tx,Burleson County,,,,1,burleson-tx,false,true,true,true,true
Decatur,4819528,true,EXACT_CANONICAL_PLACE_REGISTRY_ROW_GOVERNED_COUNTY_FIPS,SINGLE_COUNTY_CONTROL,1,48497,wise-tx,Wise County,,,,1,wise-tx,false,true,true,true,true
DeCordova,4819570,true,EXACT_CANONICAL_PLACE_REGISTRY_ROW_GOVERNED_COUNTY_FIPS,SINGLE_COUNTY_CONTROL,1,48221,hood-tx,Hood County,,,,1,hood-tx,false,true,true,true,true
Deer Park,4819624,true,EXACT_CANONICAL_PLACE_REGISTRY_ROW_GOVERNED_COUNTY_FIPS,SINGLE_COUNTY_CONTROL,1,48201,harris-tx,Harris County,,,,1,harris-tx,false,true,true,true,true
Deerwood,4819632,true,EXACT_CANONICAL_PLACE_REGISTRY_ROW_GOVERNED_COUNTY_FIPS,SINGLE_COUNTY_CONTROL,1,48339,montgomery-tx,Montgomery County,,,,1,montgomery-tx,false,true,true,true,true
De Kalb,4819648,true,EXACT_CANONICAL_PLACE_REGISTRY_ROW_GOVERNED_COUNTY_FIPS,SINGLE_COUNTY_CONTROL,1,48037,bowie-tx,Bowie County,,,,1,bowie-tx,false,true,true,true,true
De Leon,4819672,true,EXACT_CANONICAL_PLACE_REGISTRY_ROW_GOVERNED_COUNTY_FIPS,SINGLE_COUNTY_CONTROL,1,48093,comanche-tx,Comanche County,,,,1,comanche-tx,false,true,true,true,true
Dell City,4819708,true,EXACT_CANONICAL_PLACE_REGISTRY_ROW_GOVERNED_COUNTY_FIPS,SINGLE_COUNTY_CONTROL,1,48229,hudspeth-tx,Hudspeth County,,,,1,hudspeth-tx,false,true,true,true,true
Del Mar Heights,4819714,true,EXACT_CANONICAL_PLACE_REGISTRY_ROW_GOVERNED_COUNTY_FIPS,SINGLE_COUNTY_CONTROL,1,48061,cameron-tx,Cameron County,,,,1,cameron-tx,false,true,true,true,true
Delmita,4819732,true,EXACT_CANONICAL_PLACE_REGISTRY_ROW_GOVERNED_COUNTY_FIPS,SINGLE_COUNTY_CONTROL,1,48427,starr-tx,Starr County,,,,1,starr-tx,false,true,true,true,true
Del Rio,4819792,true,EXACT_CANONICAL_PLACE_REGISTRY_ROW_GOVERNED_COUNTY_FIPS,SINGLE_COUNTY_CONTROL,1,48465,val-verde-tx,Val Verde County,,,,1,val-verde-tx,false,true,true,true,true
Del Sol,4819808,true,EXACT_CANONICAL_PLACE_REGISTRY_ROW_GOVERNED_COUNTY_FIPS,SINGLE_COUNTY_CONTROL,1,48409,san-patricio-tx,San Patricio County,,,,1,san-patricio-tx,false,true,true,true,true
Denison,4819900,true,EXACT_CANONICAL_PLACE_REGISTRY_ROW_GOVERNED_COUNTY_FIPS,SINGLE_COUNTY_CONTROL,1,48181,grayson-tx,Grayson County,,,,1,grayson-tx,false,true,true,true,true
Dennis,4819924,true,EXACT_CANONICAL_PLACE_REGISTRY_ROW_GOVERNED_COUNTY_FIPS,SINGLE_COUNTY_CONTROL,1,48367,parker-tx,Parker County,,,,1,parker-tx,false,true,true,true,true
Denton,4819972,true,EXACT_CANONICAL_PLACE_REGISTRY_ROW_GOVERNED_COUNTY_FIPS,SINGLE_COUNTY_CONTROL,1,48121,denton-tx,Denton County,,,,1,denton-tx,false,true,true,true,true
Denver City,4819984,true,EXACT_CANONICAL_PLACE_REGISTRY_ROW_GOVERNED_COUNTY_FIPS,MULTI_COUNTY_CONVERGENCE,2,48165|48501,gaines-tx|yoakum-tx,Gaines County|Yoakum County,,,,2,gaines-tx|yoakum-tx,false,true,true,true,true
Deport,4820020,true,EXACT_CANONICAL_PLACE_REGISTRY_ROW_GOVERNED_COUNTY_FIPS,MULTI_COUNTY_CONVERGENCE,2,48277|48387,lamar-tx|red-river-tx,Lamar County|Red River County,,,,2,lamar-tx|red-river-tx,false,true,true,true,true
DeSoto,4820092,true,EXACT_CANONICAL_PLACE_REGISTRY_ROW_GOVERNED_COUNTY_FIPS,SINGLE_COUNTY_CONTROL,1,48113,dallas-tx,Dallas County,,,,1,dallas-tx,false,true,true,true,true
Detroit,4820128,true,EXACT_CANONICAL_PLACE_REGISTRY_ROW_GOVERNED_COUNTY_FIPS,SINGLE_COUNTY_CONTROL,1,48387,red-river-tx,Red River County,,,,1,red-river-tx,false,true,true,true,true
Devers,4820140,true,EXACT_CANONICAL_PLACE_REGISTRY_ROW_GOVERNED_COUNTY_FIPS,SINGLE_COUNTY_CONTROL,1,48291,liberty-tx,Liberty County,,,,1,liberty-tx,false,true,true,true,true
Devine,4820152,true,EXACT_CANONICAL_PLACE_REGISTRY_ROW_GOVERNED_COUNTY_FIPS,SINGLE_COUNTY_CONTROL,1,48325,medina-tx,Medina County,,,,1,medina-tx,false,true,true,true,true
Deweyville,4820212,true,EXACT_CANONICAL_PLACE_REGISTRY_ROW_GOVERNED_COUNTY_FIPS,SINGLE_COUNTY_CONTROL,1,48351,newton-tx,Newton County,,,,1,newton-tx,false,true,true,true,true
D'Hanis,4820248,true,EXACT_CANONICAL_PLACE_REGISTRY_ROW_GOVERNED_COUNTY_FIPS,SINGLE_COUNTY_CONTROL,1,48325,medina-tx,Medina County,,,,1,medina-tx,false,true,true,true,true
Diboll,4820308,true,EXACT_CANONICAL_PLACE_REGISTRY_ROW_GOVERNED_COUNTY_FIPS,SINGLE_COUNTY_CONTROL,1,48005,angelina-tx,Angelina County,,,,1,angelina-tx,false,true,true,true,true
Dickens,4820332,true,EXACT_CANONICAL_PLACE_REGISTRY_ROW_GOVERNED_COUNTY_FIPS,SINGLE_COUNTY_CONTROL,1,48125,dickens-tx,Dickens County,,,,1,dickens-tx,false,true,true,true,true
Dickinson,4820344,true,EXACT_CANONICAL_PLACE_REGISTRY_ROW_GOVERNED_COUNTY_FIPS,SINGLE_COUNTY_CONTROL,1,48167,galveston-tx,Galveston County,,,,1,galveston-tx,false,true,true,true,true
Dilley,4820428,true,EXACT_CANONICAL_PLACE_REGISTRY_ROW_GOVERNED_COUNTY_FIPS,SINGLE_COUNTY_CONTROL,1,48163,frio-tx,Frio County,,,,1,frio-tx,false,true,true,true,true
Dime Box,4820452,true,EXACT_CANONICAL_PLACE_REGISTRY_ROW_GOVERNED_COUNTY_FIPS,SINGLE_COUNTY_CONTROL,1,48287,lee-tx,Lee County,,,,1,lee-tx,false,true,true,true,true
Dimmitt,4820464,true,EXACT_CANONICAL_PLACE_REGISTRY_ROW_GOVERNED_COUNTY_FIPS,SINGLE_COUNTY_CONTROL,1,48069,castro-tx,Castro County,,,,1,castro-tx,false,true,true,true,true
DISH,4820540,true,EXACT_CANONICAL_PLACE_REGISTRY_ROW_GOVERNED_COUNTY_FIPS,SINGLE_COUNTY_CONTROL,1,48121,denton-tx,Denton County,,,,1,denton-tx,false,true,true,true,true
Dodd City,4820680,true,EXACT_CANONICAL_PLACE_REGISTRY_ROW_GOVERNED_COUNTY_FIPS,SINGLE_COUNTY_CONTROL,1,48147,fannin-tx,Fannin County,,,,1,fannin-tx,false,true,true,true,true
Dodson,4820716,true,EXACT_CANONICAL_PLACE_REGISTRY_ROW_GOVERNED_COUNTY_FIPS,SINGLE_COUNTY_CONTROL,1,48087,collingsworth-tx,Collingsworth County,,,,1,collingsworth-tx,false,true,true,true,true
Doffing,4820734,true,EXACT_CANONICAL_PLACE_REGISTRY_ROW_GOVERNED_COUNTY_FIPS,SINGLE_COUNTY_CONTROL,1,48215,hidalgo-tx,Hidalgo County,,,,1,hidalgo-tx,false,true,true,true,true
Domino,4820848,true,EXACT_CANONICAL_PLACE_REGISTRY_ROW_GOVERNED_COUNTY_FIPS,SINGLE_COUNTY_CONTROL,1,48067,cass-tx,Cass County,,,,1,cass-tx,false,true,true,true,true
Donna,4820884,true,EXACT_CANONICAL_PLACE_REGISTRY_ROW_GOVERNED_COUNTY_FIPS,SINGLE_COUNTY_CONTROL,1,48215,hidalgo-tx,Hidalgo County,,,,1,hidalgo-tx,false,true,true,true,true
Doolittle,4820926,true,EXACT_CANONICAL_PLACE_REGISTRY_ROW_GOVERNED_COUNTY_FIPS,SINGLE_COUNTY_CONTROL,1,48215,hidalgo-tx,Hidalgo County,,,,1,hidalgo-tx,false,true,true,true,true
Dorchester,4820932,true,EXACT_CANONICAL_PLACE_REGISTRY_ROW_GOVERNED_COUNTY_FIPS,SINGLE_COUNTY_CONTROL,1,48181,grayson-tx,Grayson County,,,,1,grayson-tx,false,true,true,true,true
Double Oak,4821028,true,EXACT_CANONICAL_PLACE_REGISTRY_ROW_GOVERNED_COUNTY_FIPS,SINGLE_COUNTY_CONTROL,1,48121,denton-tx,Denton County,,,,1,denton-tx,false,true,true,true,true
Double Horn,4821031,true,EXACT_CANONICAL_PLACE_REGISTRY_ROW_GOVERNED_COUNTY_FIPS,SINGLE_COUNTY_CONTROL,1,48053,burnet-tx,Burnet County,,,,1,burnet-tx,false,true,true,true,true
Douglassville,4821112,true,EXACT_CANONICAL_PLACE_REGISTRY_ROW_GOVERNED_COUNTY_FIPS,SINGLE_COUNTY_CONTROL,1,48067,cass-tx,Cass County,,,,1,cass-tx,false,true,true,true,true
Driftwood,4821412,true,EXACT_CANONICAL_PLACE_REGISTRY_ROW_GOVERNED_COUNTY_FIPS,SINGLE_COUNTY_CONTROL,1,48209,hays-tx,Hays County,,,,1,hays-tx,false,true,true,true,true
Dripping Springs,4821424,true,EXACT_CANONICAL_PLACE_REGISTRY_ROW_GOVERNED_COUNTY_FIPS,SINGLE_COUNTY_CONTROL,1,48209,hays-tx,Hays County,,,,1,hays-tx,false,true,true,true,true
Driscoll,4821436,true,EXACT_CANONICAL_PLACE_REGISTRY_ROW_GOVERNED_COUNTY_FIPS,SINGLE_COUNTY_CONTROL,1,48355,nueces-tx,Nueces County,,,,1,nueces-tx,false,true,true,true,true
Dublin,4821484,true,EXACT_CANONICAL_PLACE_REGISTRY_ROW_GOVERNED_COUNTY_FIPS,SINGLE_COUNTY_CONTROL,1,48143,erath-tx,Erath County,,,,1,erath-tx,false,true,true,true,true
Dumas,4821556,true,EXACT_CANONICAL_PLACE_REGISTRY_ROW_GOVERNED_COUNTY_FIPS,SINGLE_COUNTY_CONTROL,1,48341,moore-tx,Moore County,,,,1,moore-tx,false,true,true,true,true
Duncanville,4821628,true,EXACT_CANONICAL_PLACE_REGISTRY_ROW_GOVERNED_COUNTY_FIPS,SINGLE_COUNTY_CONTROL,1,48113,dallas-tx,Dallas County,,,,1,dallas-tx,false,true,true,true,true
Eagle Lake,4821844,true,EXACT_CANONICAL_PLACE_REGISTRY_ROW_GOVERNED_COUNTY_FIPS,SINGLE_COUNTY_CONTROL,1,48089,colorado-tx,Colorado County,,,,1,colorado-tx,false,true,true,true,true
Eagle Pass,4821892,true,EXACT_CANONICAL_PLACE_REGISTRY_ROW_GOVERNED_COUNTY_FIPS,SINGLE_COUNTY_CONTROL,1,48323,maverick-tx,Maverick County,,,,1,maverick-tx,false,true,true,true,true
Early,4821904,true,EXACT_CANONICAL_PLACE_REGISTRY_ROW_GOVERNED_COUNTY_FIPS,SINGLE_COUNTY_CONTROL,1,48049,brown-tx,Brown County,,,,1,brown-tx,false,true,true,true,true
Earth,4821928,true,EXACT_CANONICAL_PLACE_REGISTRY_ROW_GOVERNED_COUNTY_FIPS,SINGLE_COUNTY_CONTROL,1,48279,lamb-tx,Lamb County,,,,1,lamb-tx,false,true,true,true,true
East Alto Bonito,4821958,true,EXACT_CANONICAL_PLACE_REGISTRY_ROW_GOVERNED_COUNTY_FIPS,SINGLE_COUNTY_CONTROL,1,48427,starr-tx,Starr County,,,,1,starr-tx,false,true,true,true,true
East Bernard,4821988,true,EXACT_CANONICAL_PLACE_REGISTRY_ROW_GOVERNED_COUNTY_FIPS,SINGLE_COUNTY_CONTROL,1,48481,wharton-tx,Wharton County,,,,1,wharton-tx,false,true,true,true,true
East Columbia,4822000,true,EXACT_CANONICAL_PLACE_REGISTRY_ROW_GOVERNED_COUNTY_FIPS,SINGLE_COUNTY_CONTROL,1,48039,brazoria-tx,Brazoria County,,,,1,brazoria-tx,false,true,true,true,true
Eastland,4822132,true,EXACT_CANONICAL_PLACE_REGISTRY_ROW_GOVERNED_COUNTY_FIPS,SINGLE_COUNTY_CONTROL,1,48133,eastland-tx,Eastland County,,,,1,eastland-tx,false,true,true,true,true
East Mountain,4822168,true,EXACT_CANONICAL_PLACE_REGISTRY_ROW_GOVERNED_COUNTY_FIPS,MULTI_COUNTY_CONVERGENCE,2,48183|48459,gregg-tx|upshur-tx,Gregg County|Upshur County,,,,2,gregg-tx|upshur-tx,false,true,true,true,true
Easton,4822192,true,EXACT_CANONICAL_PLACE_REGISTRY_ROW_GOVERNED_COUNTY_FIPS,MULTI_COUNTY_CONVERGENCE,2,48183|48401,gregg-tx|rusk-tx,Gregg County|Rusk County,,,,2,gregg-tx|rusk-tx,false,true,true,true,true
East Tawakoni,4822276,true,EXACT_CANONICAL_PLACE_REGISTRY_ROW_GOVERNED_COUNTY_FIPS,SINGLE_COUNTY_CONTROL,1,48379,rains-tx,Rains County,,,,1,rains-tx,false,true,true,true,true
Ector,4822516,true,EXACT_CANONICAL_PLACE_REGISTRY_ROW_GOVERNED_COUNTY_FIPS,SINGLE_COUNTY_CONTROL,1,48147,fannin-tx,Fannin County,,,,1,fannin-tx,false,true,true,true,true
Edcouch,4822528,true,EXACT_CANONICAL_PLACE_REGISTRY_ROW_GOVERNED_COUNTY_FIPS,SINGLE_COUNTY_CONTROL,1,48215,hidalgo-tx,Hidalgo County,,,,1,hidalgo-tx,false,true,true,true,true
Eden,4822552,true,EXACT_CANONICAL_PLACE_REGISTRY_ROW_GOVERNED_COUNTY_FIPS,SINGLE_COUNTY_CONTROL,1,48095,concho-tx,Concho County,,,,1,concho-tx,false,true,true,true,true
Edgecliff Village,4822588,true,EXACT_CANONICAL_PLACE_REGISTRY_ROW_GOVERNED_COUNTY_FIPS,SINGLE_COUNTY_CONTROL,1,48439,tarrant-tx,Tarrant County,,,,1,tarrant-tx,false,true,true,true,true
Edgewater Estates,4822593,true,EXACT_CANONICAL_PLACE_REGISTRY_ROW_GOVERNED_COUNTY_FIPS,SINGLE_COUNTY_CONTROL,1,48409,san-patricio-tx,San Patricio County,,,,1,san-patricio-tx,false,true,true,true,true
Edgewood,4822612,true,EXACT_CANONICAL_PLACE_REGISTRY_ROW_GOVERNED_COUNTY_FIPS,SINGLE_COUNTY_CONTROL,1,48467,van-zandt-tx,Van Zandt County,,,,1,van-zandt-tx,false,true,true,true,true
Edinburg,4822660,true,EXACT_CANONICAL_PLACE_REGISTRY_ROW_GOVERNED_COUNTY_FIPS,SINGLE_COUNTY_CONTROL,1,48215,hidalgo-tx,Hidalgo County,,,,1,hidalgo-tx,false,true,true,true,true
Edmonson,4822708,true,EXACT_CANONICAL_PLACE_REGISTRY_ROW_GOVERNED_COUNTY_FIPS,SINGLE_COUNTY_CONTROL,1,48189,hale-tx,Hale County,,,,1,hale-tx,false,true,true,true,true
Edna,4822720,true,EXACT_CANONICAL_PLACE_REGISTRY_ROW_GOVERNED_COUNTY_FIPS,SINGLE_COUNTY_CONTROL,1,48239,jackson-tx,Jackson County,,,,1,jackson-tx,false,true,true,true,true
Edom,4822744,true,EXACT_CANONICAL_PLACE_REGISTRY_ROW_GOVERNED_COUNTY_FIPS,SINGLE_COUNTY_CONTROL,1,48467,van-zandt-tx,Van Zandt County,,,,1,van-zandt-tx,false,true,true,true,true
Edroy,4822768,true,EXACT_CANONICAL_PLACE_REGISTRY_ROW_GOVERNED_COUNTY_FIPS,SINGLE_COUNTY_CONTROL,1,48409,san-patricio-tx,San Patricio County,,,,1,san-patricio-tx,false,true,true,true,true
Eidson Road,4822810,true,EXACT_CANONICAL_PLACE_REGISTRY_ROW_GOVERNED_COUNTY_FIPS,SINGLE_COUNTY_CONTROL,1,48323,maverick-tx,Maverick County,,,,1,maverick-tx,false,true,true,true,true
Elbert,4822840,true,EXACT_CANONICAL_PLACE_REGISTRY_ROW_GOVERNED_COUNTY_FIPS,SINGLE_COUNTY_CONTROL,1,48447,throckmorton-tx,Throckmorton County,,,,1,throckmorton-tx,false,true,true,true,true
El Brazil,4822853,true,EXACT_CANONICAL_PLACE_REGISTRY_ROW_GOVERNED_COUNTY_FIPS,SINGLE_COUNTY_CONTROL,1,48427,starr-tx,Starr County,,,,1,starr-tx,false,true,true,true,true
El Camino Angosto,4822858,true,EXACT_CANONICAL_PLACE_REGISTRY_ROW_GOVERNED_COUNTY_FIPS,SINGLE_COUNTY_CONTROL,1,48061,cameron-tx,Cameron County,,,,1,cameron-tx,false,true,true,true,true
El Campo,4822864,true,EXACT_CANONICAL_PLACE_REGISTRY_ROW_GOVERNED_COUNTY_FIPS,SINGLE_COUNTY_CONTROL,1,48481,wharton-tx,Wharton County,,,,1,wharton-tx,false,true,true,true,true
El Castillo,4822892,true,EXACT_CANONICAL_PLACE_REGISTRY_ROW_GOVERNED_COUNTY_FIPS,SINGLE_COUNTY_CONTROL,1,48427,starr-tx,Starr County,,,,1,starr-tx,false,true,true,true,true
El Cenizo,4822898,true,EXACT_CANONICAL_PLACE_REGISTRY_ROW_GOVERNED_COUNTY_FIPS,SINGLE_COUNTY_CONTROL,1,48427,starr-tx,Starr County,,,,1,starr-tx,false,true,true,true,true
El Cenizo,4822905,true,EXACT_CANONICAL_PLACE_REGISTRY_ROW_GOVERNED_COUNTY_FIPS,SINGLE_COUNTY_CONTROL,1,48479,webb-tx,Webb County,,,,1,webb-tx,false,true,true,true,true
El Chaparral,4822920,true,EXACT_CANONICAL_PLACE_REGISTRY_ROW_GOVERNED_COUNTY_FIPS,SINGLE_COUNTY_CONTROL,1,48427,starr-tx,Starr County,,,,1,starr-tx,false,true,true,true,true
Eldorado,4822960,true,EXACT_CANONICAL_PLACE_REGISTRY_ROW_GOVERNED_COUNTY_FIPS,SINGLE_COUNTY_CONTROL,1,48413,schleicher-tx,Schleicher County,,,,1,schleicher-tx,false,true,true,true,true
Electra,4822984,true,EXACT_CANONICAL_PLACE_REGISTRY_ROW_GOVERNED_COUNTY_FIPS,SINGLE_COUNTY_CONTROL,1,48485,wichita-tx,Wichita County,,,,1,wichita-tx,false,true,true,true,true
Elgin,4823044,true,EXACT_CANONICAL_PLACE_REGISTRY_ROW_GOVERNED_COUNTY_FIPS,MULTI_COUNTY_CONVERGENCE,2,48021|48453,bastrop-tx|travis-tx,Bastrop County|Travis County,,,,2,bastrop-tx|travis-tx,false,true,true,true,true
Elias-Fela Solis,4823062,true,EXACT_CANONICAL_PLACE_REGISTRY_ROW_GOVERNED_COUNTY_FIPS,SINGLE_COUNTY_CONTROL,1,48427,starr-tx,Starr County,,,,1,starr-tx,false,true,true,true,true
El Indio,4823080,true,EXACT_CANONICAL_PLACE_REGISTRY_ROW_GOVERNED_COUNTY_FIPS,SINGLE_COUNTY_CONTROL,1,48323,maverick-tx,Maverick County,,,,1,maverick-tx,false,true,true,true,true
Elkhart,4823140,true,EXACT_CANONICAL_PLACE_REGISTRY_ROW_GOVERNED_COUNTY_FIPS,SINGLE_COUNTY_CONTROL,1,48001,anderson-tx,Anderson County,,,,1,anderson-tx,false,true,true,true,true
El Lago,4823164,true,EXACT_CANONICAL_PLACE_REGISTRY_ROW_GOVERNED_COUNTY_FIPS,SINGLE_COUNTY_CONTROL,1,48201,harris-tx,Harris County,,,,1,harris-tx,false,true,true,true,true
Ellinger,4823176,true,EXACT_CANONICAL_PLACE_REGISTRY_ROW_GOVERNED_COUNTY_FIPS,SINGLE_COUNTY_CONTROL,1,48149,fayette-tx,Fayette County,,,,1,fayette-tx,false,true,true,true,true
Elm Creek,4823254,true,EXACT_CANONICAL_PLACE_REGISTRY_ROW_GOVERNED_COUNTY_FIPS,SINGLE_COUNTY_CONTROL,1,48323,maverick-tx,Maverick County,,,,1,maverick-tx,false,true,true,true,true
Elmendorf,4823272,true,EXACT_CANONICAL_PLACE_REGISTRY_ROW_GOVERNED_COUNTY_FIPS,MULTI_COUNTY_CONVERGENCE,2,48029|48493,bexar-tx|wilson-tx,Bexar County|Wilson County,,,,2,bexar-tx|wilson-tx,false,true,true,true,true
El Mesquite,4823278,true,EXACT_CANONICAL_PLACE_REGISTRY_ROW_GOVERNED_COUNTY_FIPS,SINGLE_COUNTY_CONTROL,1,48427,starr-tx,Starr County,,,,1,starr-tx,false,true,true,true,true
Elmo,4823356,true,EXACT_CANONICAL_PLACE_REGISTRY_ROW_GOVERNED_COUNTY_FIPS,SINGLE_COUNTY_CONTROL,1,48257,kaufman-tx,Kaufman County,,,,1,kaufman-tx,false,true,true,true,true
E. Lopez,4823398,true,EXACT_CANONICAL_PLACE_REGISTRY_ROW_GOVERNED_COUNTY_FIPS,SINGLE_COUNTY_CONTROL,1,48427,starr-tx,Starr County,,,,1,starr-tx,false,true,true,true,true
El Paso,4824000,true,EXACT_CANONICAL_PLACE_REGISTRY_ROW_GOVERNED_COUNTY_FIPS,SINGLE_COUNTY_CONTROL,1,48141,el-paso-tx,El Paso County,,,,1,el-paso-tx,false,true,true,true,true
El Quiote,4824013,true,EXACT_CANONICAL_PLACE_REGISTRY_ROW_GOVERNED_COUNTY_FIPS,SINGLE_COUNTY_CONTROL,1,48427,starr-tx,Starr County,,,,1,starr-tx,false,true,true,true,true
El Rancho Vela,4824015,true,EXACT_CANONICAL_PLACE_REGISTRY_ROW_GOVERNED_COUNTY_FIPS,SINGLE_COUNTY_CONTROL,1,48427,starr-tx,Starr County,,,,1,starr-tx,false,true,true,true,true
El Refugio,4824018,true,EXACT_CANONICAL_PLACE_REGISTRY_ROW_GOVERNED_COUNTY_FIPS,SINGLE_COUNTY_CONTROL,1,48427,starr-tx,Starr County,,,,1,starr-tx,false,true,true,true,true
Elsa,4824036,true,EXACT_CANONICAL_PLACE_REGISTRY_ROW_GOVERNED_COUNTY_FIPS,SINGLE_COUNTY_CONTROL,1,48215,hidalgo-tx,Hidalgo County,,,,1,hidalgo-tx,false,true,true,true,true
El Socio,4824055,true,EXACT_CANONICAL_PLACE_REGISTRY_ROW_GOVERNED_COUNTY_FIPS,SINGLE_COUNTY_CONTROL,1,48427,starr-tx,Starr County,,,,1,starr-tx,false,true,true,true,true
Emerald Bay,4824158,true,EXACT_CANONICAL_PLACE_REGISTRY_ROW_GOVERNED_COUNTY_FIPS,SINGLE_COUNTY_CONTROL,1,48423,smith-tx,Smith County,,,,1,smith-tx,false,true,true,true,true
Emhouse,4824168,true,EXACT_CANONICAL_PLACE_REGISTRY_ROW_GOVERNED_COUNTY_FIPS,SINGLE_COUNTY_CONTROL,1,48349,navarro-tx,Navarro County,,,,1,navarro-tx,false,true,true,true,true
Emory,4824216,true,EXACT_CANONICAL_PLACE_REGISTRY_ROW_GOVERNED_COUNTY_FIPS,SINGLE_COUNTY_CONTROL,1,48379,rains-tx,Rains County,,,,1,rains-tx,false,true,true,true,true
Encantada-Ranchito-El Calaboz,4824223,true,EXACT_CANONICAL_PLACE_REGISTRY_ROW_GOVERNED_COUNTY_FIPS,SINGLE_COUNTY_CONTROL,1,48061,cameron-tx,Cameron County,,,,1,cameron-tx,false,true,true,true,true
Enchanted Oaks,4824228,true,EXACT_CANONICAL_PLACE_REGISTRY_ROW_GOVERNED_COUNTY_FIPS,SINGLE_COUNTY_CONTROL,1,48213,henderson-tx,Henderson County,,,,1,henderson-tx,false,true,true,true,true
Encinal,4824240,true,EXACT_CANONICAL_PLACE_REGISTRY_ROW_GOVERNED_COUNTY_FIPS,SINGLE_COUNTY_CONTROL,1,48283,la-salle-tx,La Salle County,,,,1,la-salle-tx,false,true,true,true,true
Encino,4824252,true,EXACT_CANONICAL_PLACE_REGISTRY_ROW_GOVERNED_COUNTY_FIPS,SINGLE_COUNTY_CONTROL,1,48047,brooks-tx,Brooks County,,,,1,brooks-tx,false,true,true,true,true
Ennis,4824348,true,EXACT_CANONICAL_PLACE_REGISTRY_ROW_GOVERNED_COUNTY_FIPS,SINGLE_COUNTY_CONTROL,1,48139,ellis-tx,Ellis County,,,,1,ellis-tx,false,true,true,true,true
Escobares,4824552,true,EXACT_CANONICAL_PLACE_REGISTRY_ROW_GOVERNED_COUNTY_FIPS,SINGLE_COUNTY_CONTROL,1,48427,starr-tx,Starr County,,,,1,starr-tx,false,true,true,true,true
Estelline,4824636,true,EXACT_CANONICAL_PLACE_REGISTRY_ROW_GOVERNED_COUNTY_FIPS,SINGLE_COUNTY_CONTROL,1,48191,hall-tx,Hall County,,,,1,hall-tx,false,true,true,true,true
Eugenio Saenz,4824738,true,EXACT_CANONICAL_PLACE_REGISTRY_ROW_GOVERNED_COUNTY_FIPS,SINGLE_COUNTY_CONTROL,1,48427,starr-tx,Starr County,,,,1,starr-tx,false,true,true,true,true
Euless,4824768,true,EXACT_CANONICAL_PLACE_REGISTRY_ROW_GOVERNED_COUNTY_FIPS,SINGLE_COUNTY_CONTROL,1,48439,tarrant-tx,Tarrant County,,,,1,tarrant-tx,false,true,true,true,true
Eureka,4824816,true,EXACT_CANONICAL_PLACE_REGISTRY_ROW_GOVERNED_COUNTY_FIPS,SINGLE_COUNTY_CONTROL,1,48349,navarro-tx,Navarro County,,,,1,navarro-tx,false,true,true,true,true
Eustace,4824828,true,EXACT_CANONICAL_PLACE_REGISTRY_ROW_GOVERNED_COUNTY_FIPS,SINGLE_COUNTY_CONTROL,1,48213,henderson-tx,Henderson County,,,,1,henderson-tx,false,true,true,true,true
Evadale,4824840,true,EXACT_CANONICAL_PLACE_REGISTRY_ROW_GOVERNED_COUNTY_FIPS,SINGLE_COUNTY_CONTROL,1,48241,jasper-tx,Jasper County,,,,1,jasper-tx,false,true,true,true,true
Evant,4824864,true,EXACT_CANONICAL_PLACE_REGISTRY_ROW_GOVERNED_COUNTY_FIPS,MULTI_COUNTY_CONVERGENCE,2,48099|48193,coryell-tx|hamilton-tx,Coryell County|Hamilton County,,,,2,coryell-tx|hamilton-tx,false,true,true,true,true
Evergreen,4824894,true,EXACT_CANONICAL_PLACE_REGISTRY_ROW_GOVERNED_COUNTY_FIPS,SINGLE_COUNTY_CONTROL,1,48427,starr-tx,Starr County,,,,1,starr-tx,false,true,true,true,true
Everman,4824912,true,EXACT_CANONICAL_PLACE_REGISTRY_ROW_GOVERNED_COUNTY_FIPS,SINGLE_COUNTY_CONTROL,1,48439,tarrant-tx,Tarrant County,,,,1,tarrant-tx,false,true,true,true,true
Fabens,4825032,true,EXACT_CANONICAL_PLACE_REGISTRY_ROW_GOVERNED_COUNTY_FIPS,SINGLE_COUNTY_CONTROL,1,48141,el-paso-tx,El Paso County,,,,1,el-paso-tx,false,true,true,true,true
Fabrica,4825038,true,EXACT_CANONICAL_PLACE_REGISTRY_ROW_GOVERNED_COUNTY_FIPS,SINGLE_COUNTY_CONTROL,1,48323,maverick-tx,Maverick County,,,,1,maverick-tx,false,true,true,true,true
Fairchilds,4825068,true,EXACT_CANONICAL_PLACE_REGISTRY_ROW_GOVERNED_COUNTY_FIPS,SINGLE_COUNTY_CONTROL,1,48157,fort-bend-tx,Fort Bend County,,,,1,fort-bend-tx,false,true,true,true,true
Fairfield,4825104,true,EXACT_CANONICAL_PLACE_REGISTRY_ROW_GOVERNED_COUNTY_FIPS,SINGLE_COUNTY_CONTROL,1,48161,freestone-tx,Freestone County,,,,1,freestone-tx,false,true,true,true,true
Fair Oaks Ranch,4825168,true,EXACT_CANONICAL_PLACE_REGISTRY_ROW_GOVERNED_COUNTY_FIPS,MULTI_COUNTY_CONVERGENCE,3,48029|48091|48259,bexar-tx|comal-tx|kendall-tx,Bexar County|Comal County|Kendall County,,,,3,bexar-tx|comal-tx|kendall-tx,false,true,true,true,true
Fairview,4825224,true,EXACT_CANONICAL_PLACE_REGISTRY_ROW_GOVERNED_COUNTY_FIPS,SINGLE_COUNTY_CONTROL,1,48085,collin-tx,Collin County,,,,1,collin-tx,false,true,true,true,true
Falconaire,4825338,true,EXACT_CANONICAL_PLACE_REGISTRY_ROW_GOVERNED_COUNTY_FIPS,SINGLE_COUNTY_CONTROL,1,48427,starr-tx,Starr County,,,,1,starr-tx,false,true,true,true,true
Falcon Heights,4825344,true,EXACT_CANONICAL_PLACE_REGISTRY_ROW_GOVERNED_COUNTY_FIPS,SINGLE_COUNTY_CONTROL,1,48427,starr-tx,Starr County,,,,1,starr-tx,false,true,true,true,true
Falcon Lake Estates,4825348,true,EXACT_CANONICAL_PLACE_REGISTRY_ROW_GOVERNED_COUNTY_FIPS,SINGLE_COUNTY_CONTROL,1,48505,zapata-tx,Zapata County,,,,1,zapata-tx,false,true,true,true,true
Falcon Mesa,4825352,true,EXACT_CANONICAL_PLACE_REGISTRY_ROW_GOVERNED_COUNTY_FIPS,SINGLE_COUNTY_CONTROL,1,48505,zapata-tx,Zapata County,,,,1,zapata-tx,false,true,true,true,true
Falcon Village,4825356,true,EXACT_CANONICAL_PLACE_REGISTRY_ROW_GOVERNED_COUNTY_FIPS,SINGLE_COUNTY_CONTROL,1,48427,starr-tx,Starr County,,,,1,starr-tx,false,true,true,true,true
Falfurrias,4825368,true,EXACT_CANONICAL_PLACE_REGISTRY_ROW_GOVERNED_COUNTY_FIPS,SINGLE_COUNTY_CONTROL,1,48047,brooks-tx,Brooks County,,,,1,brooks-tx,false,true,true,true,true
Falls City,4825392,true,EXACT_CANONICAL_PLACE_REGISTRY_ROW_GOVERNED_COUNTY_FIPS,SINGLE_COUNTY_CONTROL,1,48255,karnes-tx,Karnes County,,,,1,karnes-tx,false,true,true,true,true
Falman,4825397,true,EXACT_CANONICAL_PLACE_REGISTRY_ROW_GOVERNED_COUNTY_FIPS,SINGLE_COUNTY_CONTROL,1,48409,san-patricio-tx,San Patricio County,,,,1,san-patricio-tx,false,true,true,true,true
Fannett,4825404,true,EXACT_CANONICAL_PLACE_REGISTRY_ROW_GOVERNED_COUNTY_FIPS,SINGLE_COUNTY_CONTROL,1,48245,jefferson-tx,Jefferson County,,,,1,jefferson-tx,false,true,true,true,true
Farmers Branch,4825452,true,EXACT_CANONICAL_PLACE_REGISTRY_ROW_GOVERNED_COUNTY_FIPS,SINGLE_COUNTY_CONTROL,1,48113,dallas-tx,Dallas County,,,,1,dallas-tx,false,true,true,true,true
Farmersville,4825488,true,EXACT_CANONICAL_PLACE_REGISTRY_ROW_GOVERNED_COUNTY_FIPS,SINGLE_COUNTY_CONTROL,1,48085,collin-tx,Collin County,,,,1,collin-tx,false,true,true,true,true
Farnsworth,4825512,true,EXACT_CANONICAL_PLACE_REGISTRY_ROW_GOVERNED_COUNTY_FIPS,SINGLE_COUNTY_CONTROL,1,48357,ochiltree-tx,Ochiltree County,,,,1,ochiltree-tx,false,true,true,true,true
Farwell,4825548,true,EXACT_CANONICAL_PLACE_REGISTRY_ROW_GOVERNED_COUNTY_FIPS,SINGLE_COUNTY_CONTROL,1,48369,parmer-tx,Parmer County,,,,1,parmer-tx,false,true,true,true,true
Fate,4825572,true,EXACT_CANONICAL_PLACE_REGISTRY_ROW_GOVERNED_COUNTY_FIPS,SINGLE_COUNTY_CONTROL,1,48397,rockwall-tx,Rockwall County,,,,1,rockwall-tx,false,true,true,true,true
Fayetteville,4825644,true,EXACT_CANONICAL_PLACE_REGISTRY_ROW_GOVERNED_COUNTY_FIPS,SINGLE_COUNTY_CONTROL,1,48149,fayette-tx,Fayette County,,,,1,fayette-tx,false,true,true,true,true
Fernando Salinas,4825744,true,EXACT_CANONICAL_PLACE_REGISTRY_ROW_GOVERNED_COUNTY_FIPS,SINGLE_COUNTY_CONTROL,1,48427,starr-tx,Starr County,,,,1,starr-tx,false,true,true,true,true
Ferris,4825752,true,EXACT_CANONICAL_PLACE_REGISTRY_ROW_GOVERNED_COUNTY_FIPS,MULTI_COUNTY_CONVERGENCE,2,48113|48139,dallas-tx|ellis-tx,Dallas County|Ellis County,,,,2,dallas-tx|ellis-tx,false,true,true,true,true
Fifth Street,4825795,true,EXACT_CANONICAL_PLACE_REGISTRY_ROW_GOVERNED_COUNTY_FIPS,SINGLE_COUNTY_CONTROL,1,48157,fort-bend-tx,Fort Bend County,,,,1,fort-bend-tx,false,true,true,true,true
Flat,4826004,true,EXACT_CANONICAL_PLACE_REGISTRY_ROW_GOVERNED_COUNTY_FIPS,SINGLE_COUNTY_CONTROL,1,48099,coryell-tx,Coryell County,,,,1,coryell-tx,false,true,true,true,true
Flatonia,4826028,true,EXACT_CANONICAL_PLACE_REGISTRY_ROW_GOVERNED_COUNTY_FIPS,SINGLE_COUNTY_CONTROL,1,48149,fayette-tx,Fayette County,,,,1,fayette-tx,false,true,true,true,true
Flor del Rio,4826130,true,EXACT_CANONICAL_PLACE_REGISTRY_ROW_GOVERNED_COUNTY_FIPS,SINGLE_COUNTY_CONTROL,1,48427,starr-tx,Starr County,,,,1,starr-tx,false,true,true,true,true
Florence,4826136,true,EXACT_CANONICAL_PLACE_REGISTRY_ROW_GOVERNED_COUNTY_FIPS,SINGLE_COUNTY_CONTROL,1,48491,williamson-tx,Williamson County,,,,1,williamson-tx,false,true,true,true,true
Floresville,4826160,true,EXACT_CANONICAL_PLACE_REGISTRY_ROW_GOVERNED_COUNTY_FIPS,SINGLE_COUNTY_CONTROL,1,48493,wilson-tx,Wilson County,,,,1,wilson-tx,false,true,true,true,true
Flowella,4826220,true,EXACT_CANONICAL_PLACE_REGISTRY_ROW_GOVERNED_COUNTY_FIPS,SINGLE_COUNTY_CONTROL,1,48047,brooks-tx,Brooks County,,,,1,brooks-tx,false,true,true,true,true
Flower Mound,4826232,true,EXACT_CANONICAL_PLACE_REGISTRY_ROW_GOVERNED_COUNTY_FIPS,MULTI_COUNTY_CONVERGENCE,2,48121|48439,denton-tx|tarrant-tx,Denton County|Tarrant County,,,,2,denton-tx|tarrant-tx,false,true,true,true,true
Floydada,4826268,true,EXACT_CANONICAL_PLACE_REGISTRY_ROW_GOVERNED_COUNTY_FIPS,SINGLE_COUNTY_CONTROL,1,48153,floyd-tx,Floyd County,,,,1,floyd-tx,false,true,true,true,true
Fluvanna,4826280,true,EXACT_CANONICAL_PLACE_REGISTRY_ROW_GOVERNED_COUNTY_FIPS,SINGLE_COUNTY_CONTROL,1,48415,scurry-tx,Scurry County,,,,1,scurry-tx,false,true,true,true,true
Follett,4826328,true,EXACT_CANONICAL_PLACE_REGISTRY_ROW_GOVERNED_COUNTY_FIPS,SINGLE_COUNTY_CONTROL,1,48295,lipscomb-tx,Lipscomb County,,,,1,lipscomb-tx,false,true,true,true,true
Forest Heights,4826516,true,EXACT_CANONICAL_PLACE_REGISTRY_ROW_GOVERNED_COUNTY_FIPS,SINGLE_COUNTY_CONTROL,1,48361,orange-tx,Orange County,,,,1,orange-tx,false,true,true,true,true
Forest Hill,4826544,true,EXACT_CANONICAL_PLACE_REGISTRY_ROW_GOVERNED_COUNTY_FIPS,SINGLE_COUNTY_CONTROL,1,48439,tarrant-tx,Tarrant County,,,,1,tarrant-tx,false,true,true,true,true
Forney,4826604,true,EXACT_CANONICAL_PLACE_REGISTRY_ROW_GOVERNED_COUNTY_FIPS,SINGLE_COUNTY_CONTROL,1,48257,kaufman-tx,Kaufman County,,,,1,kaufman-tx,false,true,true,true,true
Forsan,4826640,true,EXACT_CANONICAL_PLACE_REGISTRY_ROW_GOVERNED_COUNTY_FIPS,SINGLE_COUNTY_CONTROL,1,48227,howard-tx,Howard County,,,,1,howard-tx,false,true,true,true,true
Fort Bliss,4826664,true,EXACT_CANONICAL_PLACE_REGISTRY_ROW_GOVERNED_COUNTY_FIPS,SINGLE_COUNTY_CONTROL,1,48141,el-paso-tx,El Paso County,,,,1,el-paso-tx,false,true,true,true,true
Fort Cavazos,4826666,true,EXACT_CANONICAL_PLACE_REGISTRY_ROW_GOVERNED_COUNTY_FIPS,MULTI_COUNTY_CONVERGENCE,2,48027|48099,bell-tx|coryell-tx,Bell County|Coryell County,,,,2,bell-tx|coryell-tx,false,true,true,true,true
Fort Clark Springs,4826680,true,EXACT_CANONICAL_PLACE_REGISTRY_ROW_GOVERNED_COUNTY_FIPS,SINGLE_COUNTY_CONTROL,1,48271,kinney-tx,Kinney County,,,,1,kinney-tx,false,true,true,true,true
Fort Davis,4826688,true,EXACT_CANONICAL_PLACE_REGISTRY_ROW_GOVERNED_COUNTY_FIPS,SINGLE_COUNTY_CONTROL,1,48243,jeff-davis-tx,Jeff Davis County,,,,1,jeff-davis-tx,false,true,true,true,true
Fort Hancock,4826724,true,EXACT_CANONICAL_PLACE_REGISTRY_ROW_GOVERNED_COUNTY_FIPS,SINGLE_COUNTY_CONTROL,1,48229,hudspeth-tx,Hudspeth County,,,,1,hudspeth-tx,false,true,true,true,true
Fort Stockton,4826808,true,EXACT_CANONICAL_PLACE_REGISTRY_ROW_GOVERNED_COUNTY_FIPS,SINGLE_COUNTY_CONTROL,1,48371,pecos-tx,Pecos County,,,,1,pecos-tx,false,true,true,true,true
Fort Worth,4827000,true,EXACT_CANONICAL_PLACE_REGISTRY_ROW_GOVERNED_COUNTY_FIPS,MULTI_COUNTY_CONVERGENCE,5,48121|48251|48367|48439|48497,denton-tx|johnson-tx|parker-tx|tarrant-tx|wise-tx,Denton County|Johnson County|Parker County|Tarrant County|Wise County,,,,5,denton-tx|johnson-tx|parker-tx|tarrant-tx|wise-tx,false,true,true,true,true
Four Corners,4827102,true,EXACT_CANONICAL_PLACE_REGISTRY_ROW_GOVERNED_COUNTY_FIPS,SINGLE_COUNTY_CONTROL,1,48157,fort-bend-tx,Fort Bend County,,,,1,fort-bend-tx,false,true,true,true,true
Four Points,4827124,true,EXACT_CANONICAL_PLACE_REGISTRY_ROW_GOVERNED_COUNTY_FIPS,SINGLE_COUNTY_CONTROL,1,48479,webb-tx,Webb County,,,,1,webb-tx,false,true,true,true,true
Fowlerton,4827144,true,EXACT_CANONICAL_PLACE_REGISTRY_ROW_GOVERNED_COUNTY_FIPS,SINGLE_COUNTY_CONTROL,1,48283,la-salle-tx,La Salle County,,,,1,la-salle-tx,false,true,true,true,true
Franklin,4827288,true,EXACT_CANONICAL_PLACE_REGISTRY_ROW_GOVERNED_COUNTY_FIPS,SINGLE_COUNTY_CONTROL,1,48395,robertson-tx,Robertson County,,,,1,robertson-tx,false,true,true,true,true
Frankston,4827300,true,EXACT_CANONICAL_PLACE_REGISTRY_ROW_GOVERNED_COUNTY_FIPS,MULTI_COUNTY_CONVERGENCE,2,48001|48213,anderson-tx|henderson-tx,Anderson County|Henderson County,,,,2,anderson-tx|henderson-tx,false,true,true,true,true
Fredericksburg,4827348,true,EXACT_CANONICAL_PLACE_REGISTRY_ROW_GOVERNED_COUNTY_FIPS,SINGLE_COUNTY_CONTROL,1,48171,gillespie-tx,Gillespie County,,,,1,gillespie-tx,false,true,true,true,true
Freeport,4827420,true,EXACT_CANONICAL_PLACE_REGISTRY_ROW_GOVERNED_COUNTY_FIPS,SINGLE_COUNTY_CONTROL,1,48039,brazoria-tx,Brazoria County,,,,1,brazoria-tx,false,true,true,true,true
Freer,4827432,true,EXACT_CANONICAL_PLACE_REGISTRY_ROW_GOVERNED_COUNTY_FIPS,SINGLE_COUNTY_CONTROL,1,48131,duval-tx,Duval County,,,,1,duval-tx,false,true,true,true,true
Fresno,4827540,true,EXACT_CANONICAL_PLACE_REGISTRY_ROW_GOVERNED_COUNTY_FIPS,SINGLE_COUNTY_CONTROL,1,48157,fort-bend-tx,Fort Bend County,,,,1,fort-bend-tx,false,true,true,true,true
Friendswood,4827648,true,EXACT_CANONICAL_PLACE_REGISTRY_ROW_GOVERNED_COUNTY_FIPS,MULTI_COUNTY_CONVERGENCE,2,48167|48201,galveston-tx|harris-tx,Galveston County|Harris County,,,,2,galveston-tx|harris-tx,false,true,true,true,true
Friona,4827660,true,EXACT_CANONICAL_PLACE_REGISTRY_ROW_GOVERNED_COUNTY_FIPS,SINGLE_COUNTY_CONTROL,1,48369,parmer-tx,Parmer County,,,,1,parmer-tx,false,true,true,true,true
Frisco,4827684,true,EXACT_CANONICAL_PLACE_REGISTRY_ROW_GOVERNED_COUNTY_FIPS,MULTI_COUNTY_CONVERGENCE,2,48085|48121,collin-tx|denton-tx,Collin County|Denton County,,,,2,collin-tx|denton-tx,false,true,true,true,true
Fritch,4827696,true,EXACT_CANONICAL_PLACE_REGISTRY_ROW_GOVERNED_COUNTY_FIPS,MULTI_COUNTY_CONVERGENCE,2,48233|48341,hutchinson-tx|moore-tx,Hutchinson County|Moore County,,,,2,hutchinson-tx|moore-tx,false,true,true,true,true
Fronton,4827744,true,EXACT_CANONICAL_PLACE_REGISTRY_ROW_GOVERNED_COUNTY_FIPS,SINGLE_COUNTY_CONTROL,1,48427,starr-tx,Starr County,,,,1,starr-tx,false,true,true,true,true
Fronton Ranchettes,4827748,true,EXACT_CANONICAL_PLACE_REGISTRY_ROW_GOVERNED_COUNTY_FIPS,SINGLE_COUNTY_CONTROL,1,48427,starr-tx,Starr County,,,,1,starr-tx,false,true,true,true,true
Frost,4827768,true,EXACT_CANONICAL_PLACE_REGISTRY_ROW_GOVERNED_COUNTY_FIPS,SINGLE_COUNTY_CONTROL,1,48349,navarro-tx,Navarro County,,,,1,navarro-tx,false,true,true,true,true
Fruitvale,4827804,true,EXACT_CANONICAL_PLACE_REGISTRY_ROW_GOVERNED_COUNTY_FIPS,SINGLE_COUNTY_CONTROL,1,48467,van-zandt-tx,Van Zandt County,,,,1,van-zandt-tx,false,true,true,true,true
Fulshear,4827876,true,EXACT_CANONICAL_PLACE_REGISTRY_ROW_GOVERNED_COUNTY_FIPS,SINGLE_COUNTY_CONTROL,1,48157,fort-bend-tx,Fort Bend County,,,,1,fort-bend-tx,false,true,true,true,true
Fulton,4827888,true,EXACT_CANONICAL_PLACE_REGISTRY_ROW_GOVERNED_COUNTY_FIPS,SINGLE_COUNTY_CONTROL,1,48007,aransas-tx,Aransas County,,,,1,aransas-tx,false,true,true,true,true
Gail,4827972,true,EXACT_CANONICAL_PLACE_REGISTRY_ROW_GOVERNED_COUNTY_FIPS,SINGLE_COUNTY_CONTROL,1,48033,borden-tx,Borden County,,,,1,borden-tx,false,true,true,true,true
Gainesville,4827984,true,EXACT_CANONICAL_PLACE_REGISTRY_ROW_GOVERNED_COUNTY_FIPS,SINGLE_COUNTY_CONTROL,1,48097,cooke-tx,Cooke County,,,,1,cooke-tx,false,true,true,true,true
Galena Park,4827996,true,EXACT_CANONICAL_PLACE_REGISTRY_ROW_GOVERNED_COUNTY_FIPS,SINGLE_COUNTY_CONTROL,1,48201,harris-tx,Harris County,,,,1,harris-tx,false,true,true,true,true
Gallatin,4828008,true,EXACT_CANONICAL_PLACE_REGISTRY_ROW_GOVERNED_COUNTY_FIPS,SINGLE_COUNTY_CONTROL,1,48073,cherokee-tx,Cherokee County,,,,1,cherokee-tx,false,true,true,true,true
Galveston,4828068,true,EXACT_CANONICAL_PLACE_REGISTRY_ROW_GOVERNED_COUNTY_FIPS,SINGLE_COUNTY_CONTROL,1,48167,galveston-tx,Galveston County,,,,1,galveston-tx,false,true,true,true,true
Ganado,4828080,true,EXACT_CANONICAL_PLACE_REGISTRY_ROW_GOVERNED_COUNTY_FIPS,SINGLE_COUNTY_CONTROL,1,48239,jackson-tx,Jackson County,,,,1,jackson-tx,false,true,true,true,true
Garceno,4828128,true,EXACT_CANONICAL_PLACE_REGISTRY_ROW_GOVERNED_COUNTY_FIPS,SINGLE_COUNTY_CONTROL,1,48427,starr-tx,Starr County,,,,1,starr-tx,false,true,true,true,true
Garciasville,4828152,true,EXACT_CANONICAL_PLACE_REGISTRY_ROW_GOVERNED_COUNTY_FIPS,SINGLE_COUNTY_CONTROL,1,48427,starr-tx,Starr County,,,,1,starr-tx,false,true,true,true,true
Garden City,4828176,true,EXACT_CANONICAL_PLACE_REGISTRY_ROW_GOVERNED_COUNTY_FIPS,SINGLE_COUNTY_CONTROL,1,48173,glasscock-tx,Glasscock County,,,,1,glasscock-tx,false,true,true,true,true
Gardendale,4828200,true,EXACT_CANONICAL_PLACE_REGISTRY_ROW_GOVERNED_COUNTY_FIPS,SINGLE_COUNTY_CONTROL,1,48135,ector-tx,Ector County,,,,1,ector-tx,false,true,true,true,true
Garden Ridge,4828248,true,EXACT_CANONICAL_PLACE_REGISTRY_ROW_GOVERNED_COUNTY_FIPS,SINGLE_COUNTY_CONTROL,1,48091,comal-tx,Comal County,,,,1,comal-tx,false,true,true,true,true
Garfield,4828320,true,EXACT_CANONICAL_PLACE_REGISTRY_ROW_GOVERNED_COUNTY_FIPS,SINGLE_COUNTY_CONTROL,1,48453,travis-tx,Travis County,,,,1,travis-tx,false,true,true,true,true
Garland,4829000,true,EXACT_CANONICAL_PLACE_REGISTRY_ROW_GOVERNED_COUNTY_FIPS,MULTI_COUNTY_CONVERGENCE,2,48085|48113,collin-tx|dallas-tx,Collin County|Dallas County,,,,2,collin-tx|dallas-tx,false,true,true,true,true
Garner,4829012,true,EXACT_CANONICAL_PLACE_REGISTRY_ROW_GOVERNED_COUNTY_FIPS,SINGLE_COUNTY_CONTROL,1,48367,parker-tx,Parker County,,,,1,parker-tx,false,true,true,true,true
Garrett,4829036,true,EXACT_CANONICAL_PLACE_REGISTRY_ROW_GOVERNED_COUNTY_FIPS,SINGLE_COUNTY_CONTROL,1,48139,ellis-tx,Ellis County,,,,1,ellis-tx,false,true,true,true,true
Garrison,4829060,true,EXACT_CANONICAL_PLACE_REGISTRY_ROW_GOVERNED_COUNTY_FIPS,SINGLE_COUNTY_CONTROL,1,48347,nacogdoches-tx,Nacogdoches County,,,,1,nacogdoches-tx,false,true,true,true,true
Garwood,4829096,true,EXACT_CANONICAL_PLACE_REGISTRY_ROW_GOVERNED_COUNTY_FIPS,SINGLE_COUNTY_CONTROL,1,48089,colorado-tx,Colorado County,,,,1,colorado-tx,false,true,true,true,true
Gary City,4829108,true,EXACT_CANONICAL_PLACE_REGISTRY_ROW_GOVERNED_COUNTY_FIPS,SINGLE_COUNTY_CONTROL,1,48365,panola-tx,Panola County,,,,1,panola-tx,false,true,true,true,true
Garza-Salinas II,4829114,true,EXACT_CANONICAL_PLACE_REGISTRY_ROW_GOVERNED_COUNTY_FIPS,SINGLE_COUNTY_CONTROL,1,48427,starr-tx,Starr County,,,,1,starr-tx,false,true,true,true,true
Gatesville,4829168,true,EXACT_CANONICAL_PLACE_REGISTRY_ROW_GOVERNED_COUNTY_FIPS,SINGLE_COUNTY_CONTROL,1,48099,coryell-tx,Coryell County,,,,1,coryell-tx,false,true,true,true,true
Gause,4829216,true,EXACT_CANONICAL_PLACE_REGISTRY_ROW_GOVERNED_COUNTY_FIPS,SINGLE_COUNTY_CONTROL,1,48331,milam-tx,Milam County,,,,1,milam-tx,false,true,true,true,true
Georgetown,4829336,true,EXACT_CANONICAL_PLACE_REGISTRY_ROW_GOVERNED_COUNTY_FIPS,SINGLE_COUNTY_CONTROL,1,48491,williamson-tx,Williamson County,,,,1,williamson-tx,false,true,true,true,true
George West,4829348,true,EXACT_CANONICAL_PLACE_REGISTRY_ROW_GOVERNED_COUNTY_FIPS,SINGLE_COUNTY_CONTROL,1,48297,live-oak-tx,Live Oak County,,,,1,live-oak-tx,false,true,true,true,true
Geronimo,4829384,true,EXACT_CANONICAL_PLACE_REGISTRY_ROW_GOVERNED_COUNTY_FIPS,SINGLE_COUNTY_CONTROL,1,48187,guadalupe-tx,Guadalupe County,,,,1,guadalupe-tx,false,true,true,true,true
Gholson,4829408,true,EXACT_CANONICAL_PLACE_REGISTRY_ROW_GOVERNED_COUNTY_FIPS,SINGLE_COUNTY_CONTROL,1,48309,mclennan-tx,McLennan County,,,,1,mclennan-tx,false,true,true,true,true
Giddings,4829432,true,EXACT_CANONICAL_PLACE_REGISTRY_ROW_GOVERNED_COUNTY_FIPS,SINGLE_COUNTY_CONTROL,1,48287,lee-tx,Lee County,,,,1,lee-tx,false,true,true,true,true
Gilmer,4829564,true,EXACT_CANONICAL_PLACE_REGISTRY_ROW_GOVERNED_COUNTY_FIPS,SINGLE_COUNTY_CONTROL,1,48459,upshur-tx,Upshur County,,,,1,upshur-tx,false,true,true,true,true
Girard,4829612,true,EXACT_CANONICAL_PLACE_REGISTRY_ROW_GOVERNED_COUNTY_FIPS,SINGLE_COUNTY_CONTROL,1,48263,kent-tx,Kent County,,,,1,kent-tx,false,true,true,true,true
Gladewater,4829660,true,EXACT_CANONICAL_PLACE_REGISTRY_ROW_GOVERNED_COUNTY_FIPS,MULTI_COUNTY_CONVERGENCE,2,48183|48459,gregg-tx|upshur-tx,Gregg County|Upshur County,,,,2,gregg-tx|upshur-tx,false,true,true,true,true
Glazier,4829732,true,EXACT_CANONICAL_PLACE_REGISTRY_ROW_GOVERNED_COUNTY_FIPS,SINGLE_COUNTY_CONTROL,1,48211,hemphill-tx,Hemphill County,,,,1,hemphill-tx,false,true,true,true,true
Glenn Heights,4829840,true,EXACT_CANONICAL_PLACE_REGISTRY_ROW_GOVERNED_COUNTY_FIPS,MULTI_COUNTY_CONVERGENCE,2,48113|48139,dallas-tx|ellis-tx,Dallas County|Ellis County,,,,2,dallas-tx|ellis-tx,false,true,true,true,true
Glen Rose,4829876,true,EXACT_CANONICAL_PLACE_REGISTRY_ROW_GOVERNED_COUNTY_FIPS,SINGLE_COUNTY_CONTROL,1,48425,somervell-tx,Somervell County,,,,1,somervell-tx,false,true,true,true,true
Glidden,4829912,true,EXACT_CANONICAL_PLACE_REGISTRY_ROW_GOVERNED_COUNTY_FIPS,SINGLE_COUNTY_CONTROL,1,48089,colorado-tx,Colorado County,,,,1,colorado-tx,false,true,true,true,true
Godley,4829972,true,EXACT_CANONICAL_PLACE_REGISTRY_ROW_GOVERNED_COUNTY_FIPS,SINGLE_COUNTY_CONTROL,1,48251,johnson-tx,Johnson County,,,,1,johnson-tx,false,true,true,true,true
Goldsmith,4830044,true,EXACT_CANONICAL_PLACE_REGISTRY_ROW_GOVERNED_COUNTY_FIPS,SINGLE_COUNTY_CONTROL,1,48135,ector-tx,Ector County,,,,1,ector-tx,false,true,true,true,true
Goldthwaite,4830056,true,EXACT_CANONICAL_PLACE_REGISTRY_ROW_GOVERNED_COUNTY_FIPS,SINGLE_COUNTY_CONTROL,1,48333,mills-tx,Mills County,,,,1,mills-tx,false,true,true,true,true
Goliad,4830080,true,EXACT_CANONICAL_PLACE_REGISTRY_ROW_GOVERNED_COUNTY_FIPS,SINGLE_COUNTY_CONTROL,1,48175,goliad-tx,Goliad County,,,,1,goliad-tx,false,true,true,true,true
Golinda,4830092,true,EXACT_CANONICAL_PLACE_REGISTRY_ROW_GOVERNED_COUNTY_FIPS,MULTI_COUNTY_CONVERGENCE,2,48145|48309,falls-tx|mclennan-tx,Falls County|McLennan County,,,,2,falls-tx|mclennan-tx,false,true,true,true,true
Gonzales,4830116,true,EXACT_CANONICAL_PLACE_REGISTRY_ROW_GOVERNED_COUNTY_FIPS,SINGLE_COUNTY_CONTROL,1,48177,gonzales-tx,Gonzales County,,,,1,gonzales-tx,false,true,true,true,true
Goodlow,4830188,true,EXACT_CANONICAL_PLACE_REGISTRY_ROW_GOVERNED_COUNTY_FIPS,SINGLE_COUNTY_CONTROL,1,48349,navarro-tx,Navarro County,,,,1,navarro-tx,false,true,true,true,true
Goodrich,4830224,true,EXACT_CANONICAL_PLACE_REGISTRY_ROW_GOVERNED_COUNTY_FIPS,SINGLE_COUNTY_CONTROL,1,48373,polk-tx,Polk County,,,,1,polk-tx,false,true,true,true,true
Gordon,4830272,true,EXACT_CANONICAL_PLACE_REGISTRY_ROW_GOVERNED_COUNTY_FIPS,SINGLE_COUNTY_CONTROL,1,48363,palo-pinto-tx,Palo Pinto County,,,,1,palo-pinto-tx,false,true,true,true,true
Goree,4830296,true,EXACT_CANONICAL_PLACE_REGISTRY_ROW_GOVERNED_COUNTY_FIPS,SINGLE_COUNTY_CONTROL,1,48275,knox-tx,Knox County,,,,1,knox-tx,false,true,true,true,true
Gorman,4830308,true,EXACT_CANONICAL_PLACE_REGISTRY_ROW_GOVERNED_COUNTY_FIPS,SINGLE_COUNTY_CONTROL,1,48133,eastland-tx,Eastland County,,,,1,eastland-tx,false,true,true,true,true
Graford,4830380,true,EXACT_CANONICAL_PLACE_REGISTRY_ROW_GOVERNED_COUNTY_FIPS,SINGLE_COUNTY_CONTROL,1,48363,palo-pinto-tx,Palo Pinto County,,,,1,palo-pinto-tx,false,true,true,true,true
Graham,4830392,true,EXACT_CANONICAL_PLACE_REGISTRY_ROW_GOVERNED_COUNTY_FIPS,SINGLE_COUNTY_CONTROL,1,48503,young-tx,Young County,,,,1,young-tx,false,true,true,true,true
Granbury,4830416,true,EXACT_CANONICAL_PLACE_REGISTRY_ROW_GOVERNED_COUNTY_FIPS,SINGLE_COUNTY_CONTROL,1,48221,hood-tx,Hood County,,,,1,hood-tx,false,true,true,true,true
Grandfalls,4830440,true,EXACT_CANONICAL_PLACE_REGISTRY_ROW_GOVERNED_COUNTY_FIPS,SINGLE_COUNTY_CONTROL,1,48475,ward-tx,Ward County,,,,1,ward-tx,false,true,true,true,true
Grand Prairie,4830464,true,EXACT_CANONICAL_PLACE_REGISTRY_ROW_GOVERNED_COUNTY_FIPS,MULTI_COUNTY_CONVERGENCE,4,48113|48139|48251|48439,dallas-tx|ellis-tx|johnson-tx|tarrant-tx,Dallas County|Ellis County|Johnson County|Tarrant County,,,,4,dallas-tx|ellis-tx|johnson-tx|tarrant-tx,false,true,true,true,true
Grand Saline,4830476,true,EXACT_CANONICAL_PLACE_REGISTRY_ROW_GOVERNED_COUNTY_FIPS,SINGLE_COUNTY_CONTROL,1,48467,van-zandt-tx,Van Zandt County,,,,1,van-zandt-tx,false,true,true,true,true
Grandview,4830512,true,EXACT_CANONICAL_PLACE_REGISTRY_ROW_GOVERNED_COUNTY_FIPS,SINGLE_COUNTY_CONTROL,1,48251,johnson-tx,Johnson County,,,,1,johnson-tx,false,true,true,true,true
Granger,4830548,true,EXACT_CANONICAL_PLACE_REGISTRY_ROW_GOVERNED_COUNTY_FIPS,SINGLE_COUNTY_CONTROL,1,48491,williamson-tx,Williamson County,,,,1,williamson-tx,false,true,true,true,true
Grangerland,4830560,true,EXACT_CANONICAL_PLACE_REGISTRY_ROW_GOVERNED_COUNTY_FIPS,SINGLE_COUNTY_CONTROL,1,48339,montgomery-tx,Montgomery County,,,,1,montgomery-tx,false,true,true,true,true
Granite Shoals,4830584,true,EXACT_CANONICAL_PLACE_REGISTRY_ROW_GOVERNED_COUNTY_FIPS,SINGLE_COUNTY_CONTROL,1,48053,burnet-tx,Burnet County,,,,1,burnet-tx,false,true,true,true,true
Granjeno,4830608,true,EXACT_CANONICAL_PLACE_REGISTRY_ROW_GOVERNED_COUNTY_FIPS,SINGLE_COUNTY_CONTROL,1,48215,hidalgo-tx,Hidalgo County,,,,1,hidalgo-tx,false,true,true,true,true
Grape Creek,4830629,true,EXACT_CANONICAL_PLACE_REGISTRY_ROW_GOVERNED_COUNTY_FIPS,SINGLE_COUNTY_CONTROL,1,48451,tom-green-tx,Tom Green County,,,,1,tom-green-tx,false,true,true,true,true
Grapeland,4830632,true,EXACT_CANONICAL_PLACE_REGISTRY_ROW_GOVERNED_COUNTY_FIPS,SINGLE_COUNTY_CONTROL,1,48225,houston-tx,Houston County,,,,1,houston-tx,false,true,true,true,true
Grapevine,4830644,true,EXACT_CANONICAL_PLACE_REGISTRY_ROW_GOVERNED_COUNTY_FIPS,MULTI_COUNTY_CONVERGENCE,3,48113|48121|48439,dallas-tx|denton-tx|tarrant-tx,Dallas County|Denton County|Tarrant County,,,,3,dallas-tx|denton-tx|tarrant-tx,false,true,true,true,true
Grays Prairie,4830752,true,EXACT_CANONICAL_PLACE_REGISTRY_ROW_GOVERNED_COUNTY_FIPS,SINGLE_COUNTY_CONTROL,1,48257,kaufman-tx,Kaufman County,,,,1,kaufman-tx,false,true,true,true,true
Green Valley Farms,4830890,true,EXACT_CANONICAL_PLACE_REGISTRY_ROW_GOVERNED_COUNTY_FIPS,SINGLE_COUNTY_CONTROL,1,48061,cameron-tx,Cameron County,,,,1,cameron-tx,false,true,true,true,true
Greenville,4830920,true,EXACT_CANONICAL_PLACE_REGISTRY_ROW_GOVERNED_COUNTY_FIPS,SINGLE_COUNTY_CONTROL,1,48231,hunt-tx,Hunt County,,,,1,hunt-tx,false,true,true,true,true
Gregory,4831064,true,EXACT_CANONICAL_PLACE_REGISTRY_ROW_GOVERNED_COUNTY_FIPS,SINGLE_COUNTY_CONTROL,1,48409,san-patricio-tx,San Patricio County,,,,1,san-patricio-tx,false,true,true,true,true
Grey Forest,4831100,true,EXACT_CANONICAL_PLACE_REGISTRY_ROW_GOVERNED_COUNTY_FIPS,SINGLE_COUNTY_CONTROL,1,48029,bexar-tx,Bexar County,,,,1,bexar-tx,false,true,true,true,true
Groesbeck,4831280,true,EXACT_CANONICAL_PLACE_REGISTRY_ROW_GOVERNED_COUNTY_FIPS,SINGLE_COUNTY_CONTROL,1,48293,limestone-tx,Limestone County,,,,1,limestone-tx,false,true,true,true,true
Groom,4831292,true,EXACT_CANONICAL_PLACE_REGISTRY_ROW_GOVERNED_COUNTY_FIPS,SINGLE_COUNTY_CONTROL,1,48065,carson-tx,Carson County,,,,1,carson-tx,false,true,true,true,true
Groves,4831328,true,EXACT_CANONICAL_PLACE_REGISTRY_ROW_GOVERNED_COUNTY_FIPS,SINGLE_COUNTY_CONTROL,1,48245,jefferson-tx,Jefferson County,,,,1,jefferson-tx,false,true,true,true,true
Groveton,4831340,true,EXACT_CANONICAL_PLACE_REGISTRY_ROW_GOVERNED_COUNTY_FIPS,SINGLE_COUNTY_CONTROL,1,48455,trinity-tx,Trinity County,,,,1,trinity-tx,false,true,true,true,true
Gruver,4831412,true,EXACT_CANONICAL_PLACE_REGISTRY_ROW_GOVERNED_COUNTY_FIPS,SINGLE_COUNTY_CONTROL,1,48195,hansford-tx,Hansford County,,,,1,hansford-tx,false,true,true,true,true
Guadalupe Guerra,4831442,true,EXACT_CANONICAL_PLACE_REGISTRY_ROW_GOVERNED_COUNTY_FIPS,SINGLE_COUNTY_CONTROL,1,48427,starr-tx,Starr County,,,,1,starr-tx,false,true,true,true,true
Guerra,4831484,true,EXACT_CANONICAL_PLACE_REGISTRY_ROW_GOVERNED_COUNTY_FIPS,SINGLE_COUNTY_CONTROL,1,48247,jim-hogg-tx,Jim Hogg County,,,,1,jim-hogg-tx,false,true,true,true,true
Gun Barrel City,4831592,true,EXACT_CANONICAL_PLACE_REGISTRY_ROW_GOVERNED_COUNTY_FIPS,SINGLE_COUNTY_CONTROL,1,48213,henderson-tx,Henderson County,,,,1,henderson-tx,false,true,true,true,true
Gunter,4831616,true,EXACT_CANONICAL_PLACE_REGISTRY_ROW_GOVERNED_COUNTY_FIPS,SINGLE_COUNTY_CONTROL,1,48181,grayson-tx,Grayson County,,,,1,grayson-tx,false,true,true,true,true
Gustine,4831628,true,EXACT_CANONICAL_PLACE_REGISTRY_ROW_GOVERNED_COUNTY_FIPS,SINGLE_COUNTY_CONTROL,1,48093,comanche-tx,Comanche County,,,,1,comanche-tx,false,true,true,true,true
Guthrie,4831640,true,EXACT_CANONICAL_PLACE_REGISTRY_ROW_GOVERNED_COUNTY_FIPS,SINGLE_COUNTY_CONTROL,1,48269,king-tx,King County,,,,1,king-tx,false,true,true,true,true
Gutierrez,4831646,true,EXACT_CANONICAL_PLACE_REGISTRY_ROW_GOVERNED_COUNTY_FIPS,SINGLE_COUNTY_CONTROL,1,48427,starr-tx,Starr County,,,,1,starr-tx,false,true,true,true,true
Hackberry,4831715,true,EXACT_CANONICAL_PLACE_REGISTRY_ROW_GOVERNED_COUNTY_FIPS,SINGLE_COUNTY_CONTROL,1,48121,denton-tx,Denton County,,,,1,denton-tx,false,true,true,true,true
Hale Center,4831820,true,EXACT_CANONICAL_PLACE_REGISTRY_ROW_GOVERNED_COUNTY_FIPS,SINGLE_COUNTY_CONTROL,1,48189,hale-tx,Hale County,,,,1,hale-tx,false,true,true,true,true
Hallettsville,4831868,true,EXACT_CANONICAL_PLACE_REGISTRY_ROW_GOVERNED_COUNTY_FIPS,SINGLE_COUNTY_CONTROL,1,48285,lavaca-tx,Lavaca County,,,,1,lavaca-tx,false,true,true,true,true
Hallsburg,4831880,true,EXACT_CANONICAL_PLACE_REGISTRY_ROW_GOVERNED_COUNTY_FIPS,SINGLE_COUNTY_CONTROL,1,48309,mclennan-tx,McLennan County,,,,1,mclennan-tx,false,true,true,true,true
Hallsville,4831904,true,EXACT_CANONICAL_PLACE_REGISTRY_ROW_GOVERNED_COUNTY_FIPS,SINGLE_COUNTY_CONTROL,1,48203,harrison-tx,Harrison County,,,,1,harrison-tx,false,true,true,true,true
Haltom City,4831928,true,EXACT_CANONICAL_PLACE_REGISTRY_ROW_GOVERNED_COUNTY_FIPS,SINGLE_COUNTY_CONTROL,1,48439,tarrant-tx,Tarrant County,,,,1,tarrant-tx,false,true,true,true,true
Hamilton,4831952,true,EXACT_CANONICAL_PLACE_REGISTRY_ROW_GOVERNED_COUNTY_FIPS,SINGLE_COUNTY_CONTROL,1,48193,hamilton-tx,Hamilton County,,,,1,hamilton-tx,false,true,true,true,true
Hamlin,4831964,true,EXACT_CANONICAL_PLACE_REGISTRY_ROW_GOVERNED_COUNTY_FIPS,MULTI_COUNTY_CONVERGENCE,2,48151|48253,fisher-tx|jones-tx,Fisher County|Jones County,,,,2,fisher-tx|jones-tx,false,true,true,true,true
Hamshire,4832012,true,EXACT_CANONICAL_PLACE_REGISTRY_ROW_GOVERNED_COUNTY_FIPS,SINGLE_COUNTY_CONTROL,1,48245,jefferson-tx,Jefferson County,,,,1,jefferson-tx,false,true,true,true,true
Happy,4832156,true,EXACT_CANONICAL_PLACE_REGISTRY_ROW_GOVERNED_COUNTY_FIPS,MULTI_COUNTY_CONVERGENCE,2,48381|48437,randall-tx|swisher-tx,Randall County|Swisher County,,,,2,randall-tx|swisher-tx,false,true,true,true,true
Hardin,4832240,true,EXACT_CANONICAL_PLACE_REGISTRY_ROW_GOVERNED_COUNTY_FIPS,SINGLE_COUNTY_CONTROL,1,48291,liberty-tx,Liberty County,,,,1,liberty-tx,false,true,true,true,true
Harding Gill Tract,4832246,true,EXACT_CANONICAL_PLACE_REGISTRY_ROW_GOVERNED_COUNTY_FIPS,SINGLE_COUNTY_CONTROL,1,48215,hidalgo-tx,Hidalgo County,,,,1,hidalgo-tx,false,true,true,true,true
Hargill,4832300,true,EXACT_CANONICAL_PLACE_REGISTRY_ROW_GOVERNED_COUNTY_FIPS,SINGLE_COUNTY_CONTROL,1,48215,hidalgo-tx,Hidalgo County,,,,1,hidalgo-tx,false,true,true,true,true
Harker Heights,4832312,true,EXACT_CANONICAL_PLACE_REGISTRY_ROW_GOVERNED_COUNTY_FIPS,SINGLE_COUNTY_CONTROL,1,48027,bell-tx,Bell County,,,,1,bell-tx,false,true,true,true,true
Harlingen,4832372,true,EXACT_CANONICAL_PLACE_REGISTRY_ROW_GOVERNED_COUNTY_FIPS,SINGLE_COUNTY_CONTROL,1,48061,cameron-tx,Cameron County,,,,1,cameron-tx,false,true,true,true,true
Harper,4832456,true,EXACT_CANONICAL_PLACE_REGISTRY_ROW_GOVERNED_COUNTY_FIPS,SINGLE_COUNTY_CONTROL,1,48171,gillespie-tx,Gillespie County,,,,1,gillespie-tx,false,true,true,true,true
Harrold,4832552,true,EXACT_CANONICAL_PLACE_REGISTRY_ROW_GOVERNED_COUNTY_FIPS,SINGLE_COUNTY_CONTROL,1,48487,wilbarger-tx,Wilbarger County,,,,1,wilbarger-tx,false,true,true,true,true
Hart,4832576,true,EXACT_CANONICAL_PLACE_REGISTRY_ROW_GOVERNED_COUNTY_FIPS,SINGLE_COUNTY_CONTROL,1,48069,castro-tx,Castro County,,,,1,castro-tx,false,true,true,true,true
Hartley,4832612,true,EXACT_CANONICAL_PLACE_REGISTRY_ROW_GOVERNED_COUNTY_FIPS,SINGLE_COUNTY_CONTROL,1,48205,hartley-tx,Hartley County,,,,1,hartley-tx,false,true,true,true,true
Haskell,4832696,true,EXACT_CANONICAL_PLACE_REGISTRY_ROW_GOVERNED_COUNTY_FIPS,SINGLE_COUNTY_CONTROL,1,48207,haskell-tx,Haskell County,,,,1,haskell-tx,false,true,true,true,true
Haslet,4832720,true,EXACT_CANONICAL_PLACE_REGISTRY_ROW_GOVERNED_COUNTY_FIPS,MULTI_COUNTY_CONVERGENCE,2,48121|48439,denton-tx|tarrant-tx,Denton County|Tarrant County,,,,2,denton-tx|tarrant-tx,false,true,true,true,true
Havana,4832792,true,EXACT_CANONICAL_PLACE_REGISTRY_ROW_GOVERNED_COUNTY_FIPS,SINGLE_COUNTY_CONTROL,1,48215,hidalgo-tx,Hidalgo County,,,,1,hidalgo-tx,false,true,true,true,true
Hawk Cove,4832810,true,EXACT_CANONICAL_PLACE_REGISTRY_ROW_GOVERNED_COUNTY_FIPS,SINGLE_COUNTY_CONTROL,1,48231,hunt-tx,Hunt County,,,,1,hunt-tx,false,true,true,true,true
Hawkins,4832816,true,EXACT_CANONICAL_PLACE_REGISTRY_ROW_GOVERNED_COUNTY_FIPS,SINGLE_COUNTY_CONTROL,1,48499,wood-tx,Wood County,,,,1,wood-tx,false,true,true,true,true
Hawley,4832840,true,EXACT_CANONICAL_PLACE_REGISTRY_ROW_GOVERNED_COUNTY_FIPS,SINGLE_COUNTY_CONTROL,1,48253,jones-tx,Jones County,,,,1,jones-tx,false,true,true,true,true
Hays,4832906,true,EXACT_CANONICAL_PLACE_REGISTRY_ROW_GOVERNED_COUNTY_FIPS,SINGLE_COUNTY_CONTROL,1,48209,hays-tx,Hays County,,,,1,hays-tx,false,true,true,true,true
H. Cuellar Estates,4832910,true,EXACT_CANONICAL_PLACE_REGISTRY_ROW_GOVERNED_COUNTY_FIPS,SINGLE_COUNTY_CONTROL,1,48427,starr-tx,Starr County,,,,1,starr-tx,false,true,true,true,true
Hearne,4832972,true,EXACT_CANONICAL_PLACE_REGISTRY_ROW_GOVERNED_COUNTY_FIPS,SINGLE_COUNTY_CONTROL,1,48395,robertson-tx,Robertson County,,,,1,robertson-tx,false,true,true,true,true
Heartland,4832978,true,EXACT_CANONICAL_PLACE_REGISTRY_ROW_GOVERNED_COUNTY_FIPS,SINGLE_COUNTY_CONTROL,1,48257,kaufman-tx,Kaufman County,,,,1,kaufman-tx,false,true,true,true,true
Heath,4832984,true,EXACT_CANONICAL_PLACE_REGISTRY_ROW_GOVERNED_COUNTY_FIPS,MULTI_COUNTY_CONVERGENCE,2,48257|48397,kaufman-tx|rockwall-tx,Kaufman County|Rockwall County,,,,2,kaufman-tx|rockwall-tx,false,true,true,true,true
Hebbronville,4833008,true,EXACT_CANONICAL_PLACE_REGISTRY_ROW_GOVERNED_COUNTY_FIPS,SINGLE_COUNTY_CONTROL,1,48247,jim-hogg-tx,Jim Hogg County,,,,1,jim-hogg-tx,false,true,true,true,true
Hebron,4833020,true,EXACT_CANONICAL_PLACE_REGISTRY_ROW_GOVERNED_COUNTY_FIPS,MULTI_COUNTY_CONVERGENCE,2,48085|48121,collin-tx|denton-tx,Collin County|Denton County,,,,2,collin-tx|denton-tx,false,true,true,true,true
Hedley,4833044,true,EXACT_CANONICAL_PLACE_REGISTRY_ROW_GOVERNED_COUNTY_FIPS,SINGLE_COUNTY_CONTROL,1,48129,donley-tx,Donley County,,,,1,donley-tx,false,true,true,true,true
Hedwig Village,4833068,true,EXACT_CANONICAL_PLACE_REGISTRY_ROW_GOVERNED_COUNTY_FIPS,SINGLE_COUNTY_CONTROL,1,48201,harris-tx,Harris County,,,,1,harris-tx,false,true,true,true,true
Heidelberg,4833092,true,EXACT_CANONICAL_PLACE_REGISTRY_ROW_GOVERNED_COUNTY_FIPS,SINGLE_COUNTY_CONTROL,1,48215,hidalgo-tx,Hidalgo County,,,,1,hidalgo-tx,false,true,true,true,true
Helotes,4833146,true,EXACT_CANONICAL_PLACE_REGISTRY_ROW_GOVERNED_COUNTY_FIPS,SINGLE_COUNTY_CONTROL,1,48029,bexar-tx,Bexar County,,,,1,bexar-tx,false,true,true,true,true
Hemphill,4833188,true,EXACT_CANONICAL_PLACE_REGISTRY_ROW_GOVERNED_COUNTY_FIPS,SINGLE_COUNTY_CONTROL,1,48403,sabine-tx,Sabine County,,,,1,sabine-tx,false,true,true,true,true
Hempstead,4833200,true,EXACT_CANONICAL_PLACE_REGISTRY_ROW_GOVERNED_COUNTY_FIPS,SINGLE_COUNTY_CONTROL,1,48473,waller-tx,Waller County,,,,1,waller-tx,false,true,true,true,true
Henderson,4833212,true,EXACT_CANONICAL_PLACE_REGISTRY_ROW_GOVERNED_COUNTY_FIPS,SINGLE_COUNTY_CONTROL,1,48401,rusk-tx,Rusk County,,,,1,rusk-tx,false,true,true,true,true
Henrietta,4833284,true,EXACT_CANONICAL_PLACE_REGISTRY_ROW_GOVERNED_COUNTY_FIPS,SINGLE_COUNTY_CONTROL,1,48077,clay-tx,Clay County,,,,1,clay-tx,false,true,true,true,true
Hereford,4833320,true,EXACT_CANONICAL_PLACE_REGISTRY_ROW_GOVERNED_COUNTY_FIPS,SINGLE_COUNTY_CONTROL,1,48117,deaf-smith-tx,Deaf Smith County,,,,1,deaf-smith-tx,false,true,true,true,true
Hermleigh,4833356,true,EXACT_CANONICAL_PLACE_REGISTRY_ROW_GOVERNED_COUNTY_FIPS,SINGLE_COUNTY_CONTROL,1,48415,scurry-tx,Scurry County,,,,1,scurry-tx,false,true,true,true,true
Hewitt,4833428,true,EXACT_CANONICAL_PLACE_REGISTRY_ROW_GOVERNED_COUNTY_FIPS,SINGLE_COUNTY_CONTROL,1,48309,mclennan-tx,McLennan County,,,,1,mclennan-tx,false,true,true,true,true
Hickory Creek,4833476,true,EXACT_CANONICAL_PLACE_REGISTRY_ROW_GOVERNED_COUNTY_FIPS,SINGLE_COUNTY_CONTROL,1,48121,denton-tx,Denton County,,,,1,denton-tx,false,true,true,true,true
Hico,4833548,true,EXACT_CANONICAL_PLACE_REGISTRY_ROW_GOVERNED_COUNTY_FIPS,MULTI_COUNTY_CONVERGENCE,2,48143|48193,erath-tx|hamilton-tx,Erath County|Hamilton County,,,,2,erath-tx|hamilton-tx,false,true,true,true,true
Hidalgo,4833560,true,EXACT_CANONICAL_PLACE_REGISTRY_ROW_GOVERNED_COUNTY_FIPS,SINGLE_COUNTY_CONTROL,1,48215,hidalgo-tx,Hidalgo County,,,,1,hidalgo-tx,false,true,true,true,true
Hideaway,4833578,true,EXACT_CANONICAL_PLACE_REGISTRY_ROW_GOVERNED_COUNTY_FIPS,SINGLE_COUNTY_CONTROL,1,48423,smith-tx,Smith County,,,,1,smith-tx,false,true,true,true,true
Higgins,4833608,true,EXACT_CANONICAL_PLACE_REGISTRY_ROW_GOVERNED_COUNTY_FIPS,SINGLE_COUNTY_CONTROL,1,48295,lipscomb-tx,Lipscomb County,,,,1,lipscomb-tx,false,true,true,true,true
Highland Haven,4833794,true,EXACT_CANONICAL_PLACE_REGISTRY_ROW_GOVERNED_COUNTY_FIPS,SINGLE_COUNTY_CONTROL,1,48053,burnet-tx,Burnet County,,,,1,burnet-tx,false,true,true,true,true
Highland Park,4833824,true,EXACT_CANONICAL_PLACE_REGISTRY_ROW_GOVERNED_COUNTY_FIPS,SINGLE_COUNTY_CONTROL,1,48113,dallas-tx,Dallas County,,,,1,dallas-tx,false,true,true,true,true
Highlands,4833836,true,EXACT_CANONICAL_PLACE_REGISTRY_ROW_GOVERNED_COUNTY_FIPS,SINGLE_COUNTY_CONTROL,1,48201,harris-tx,Harris County,,,,1,harris-tx,false,true,true,true,true
Highland Village,4833848,true,EXACT_CANONICAL_PLACE_REGISTRY_ROW_GOVERNED_COUNTY_FIPS,SINGLE_COUNTY_CONTROL,1,48121,denton-tx,Denton County,,,,1,denton-tx,false,true,true,true,true
Hill Country Village,4833968,true,EXACT_CANONICAL_PLACE_REGISTRY_ROW_GOVERNED_COUNTY_FIPS,SINGLE_COUNTY_CONTROL,1,48029,bexar-tx,Bexar County,,,,1,bexar-tx,false,true,true,true,true
Hillcrest Village,4834018,true,EXACT_CANONICAL_PLACE_REGISTRY_ROW_GOVERNED_COUNTY_FIPS,SINGLE_COUNTY_CONTROL,1,48039,brazoria-tx,Brazoria County,,,,1,brazoria-tx,false,true,true,true,true
Hillsboro,4834088,true,EXACT_CANONICAL_PLACE_REGISTRY_ROW_GOVERNED_COUNTY_FIPS,SINGLE_COUNTY_CONTROL,1,48217,hill-tx,Hill County,,,,1,hill-tx,false,true,true,true,true
Hillside Acres,4834105,true,EXACT_CANONICAL_PLACE_REGISTRY_ROW_GOVERNED_COUNTY_FIPS,SINGLE_COUNTY_CONTROL,1,48479,webb-tx,Webb County,,,,1,webb-tx,false,true,true,true,true
Hilltop,4834130,true,EXACT_CANONICAL_PLACE_REGISTRY_ROW_GOVERNED_COUNTY_FIPS,SINGLE_COUNTY_CONTROL,1,48163,frio-tx,Frio County,,,,1,frio-tx,false,true,true,true,true
Hilltop,4834133,true,EXACT_CANONICAL_PLACE_REGISTRY_ROW_GOVERNED_COUNTY_FIPS,SINGLE_COUNTY_CONTROL,1,48427,starr-tx,Starr County,,,,1,starr-tx,false,true,true,true,true
Hilltop Lakes,4834136,true,EXACT_CANONICAL_PLACE_REGISTRY_ROW_GOVERNED_COUNTY_FIPS,SINGLE_COUNTY_CONTROL,1,48289,leon-tx,Leon County,,,,1,leon-tx,false,true,true,true,true
Hilshire Village,4834148,true,EXACT_CANONICAL_PLACE_REGISTRY_ROW_GOVERNED_COUNTY_FIPS,SINGLE_COUNTY_CONTROL,1,48201,harris-tx,Harris County,,,,1,harris-tx,false,true,true,true,true
Hitchcock,4834220,true,EXACT_CANONICAL_PLACE_REGISTRY_ROW_GOVERNED_COUNTY_FIPS,SINGLE_COUNTY_CONTROL,1,48167,galveston-tx,Galveston County,,,,1,galveston-tx,false,true,true,true,true
Holiday Beach,4834478,true,EXACT_CANONICAL_PLACE_REGISTRY_ROW_GOVERNED_COUNTY_FIPS,SINGLE_COUNTY_CONTROL,1,48007,aransas-tx,Aransas County,,,,1,aransas-tx,false,true,true,true,true
Holiday Lakes,4834502,true,EXACT_CANONICAL_PLACE_REGISTRY_ROW_GOVERNED_COUNTY_FIPS,SINGLE_COUNTY_CONTROL,1,48039,brazoria-tx,Brazoria County,,,,1,brazoria-tx,false,true,true,true,true
Holland,4834508,true,EXACT_CANONICAL_PLACE_REGISTRY_ROW_GOVERNED_COUNTY_FIPS,SINGLE_COUNTY_CONTROL,1,48027,bell-tx,Bell County,,,,1,bell-tx,false,true,true,true,true
Holliday,4834532,true,EXACT_CANONICAL_PLACE_REGISTRY_ROW_GOVERNED_COUNTY_FIPS,SINGLE_COUNTY_CONTROL,1,48009,archer-tx,Archer County,,,,1,archer-tx,false,true,true,true,true
Holly Lake Ranch,4834586,true,EXACT_CANONICAL_PLACE_REGISTRY_ROW_GOVERNED_COUNTY_FIPS,SINGLE_COUNTY_CONTROL,1,48499,wood-tx,Wood County,,,,1,wood-tx,false,true,true,true,true
Hollywood Park,4834628,true,EXACT_CANONICAL_PLACE_REGISTRY_ROW_GOVERNED_COUNTY_FIPS,SINGLE_COUNTY_CONTROL,1,48029,bexar-tx,Bexar County,,,,1,bexar-tx,false,true,true,true,true
Homestead Meadows North,4834671,true,EXACT_CANONICAL_PLACE_REGISTRY_ROW_GOVERNED_COUNTY_FIPS,SINGLE_COUNTY_CONTROL,1,48141,el-paso-tx,El Paso County,,,,1,el-paso-tx,false,true,true,true,true
Homestead Meadows South,4834673,true,EXACT_CANONICAL_PLACE_REGISTRY_ROW_GOVERNED_COUNTY_FIPS,SINGLE_COUNTY_CONTROL,1,48141,el-paso-tx,El Paso County,,,,1,el-paso-tx,false,true,true,true,true
Hondo,4834676,true,EXACT_CANONICAL_PLACE_REGISTRY_ROW_GOVERNED_COUNTY_FIPS,SINGLE_COUNTY_CONTROL,1,48325,medina-tx,Medina County,,,,1,medina-tx,false,true,true,true,true
Honey Grove,4834700,true,EXACT_CANONICAL_PLACE_REGISTRY_ROW_GOVERNED_COUNTY_FIPS,SINGLE_COUNTY_CONTROL,1,48147,fannin-tx,Fannin County,,,,1,fannin-tx,false,true,true,true,true
Hooks,4834736,true,EXACT_CANONICAL_PLACE_REGISTRY_ROW_GOVERNED_COUNTY_FIPS,SINGLE_COUNTY_CONTROL,1,48037,bowie-tx,Bowie County,,,,1,bowie-tx,false,true,true,true,true
Horizon City,4834832,true,EXACT_CANONICAL_PLACE_REGISTRY_ROW_GOVERNED_COUNTY_FIPS,SINGLE_COUNTY_CONTROL,1,48141,el-paso-tx,El Paso County,,,,1,el-paso-tx,false,true,true,true,true
Hornsby Bend,4834856,true,EXACT_CANONICAL_PLACE_REGISTRY_ROW_GOVERNED_COUNTY_FIPS,SINGLE_COUNTY_CONTROL,1,48453,travis-tx,Travis County,,,,1,travis-tx,false,true,true,true,true
Horseshoe Bay,4834862,true,EXACT_CANONICAL_PLACE_REGISTRY_ROW_GOVERNED_COUNTY_FIPS,MULTI_COUNTY_CONVERGENCE,2,48053|48299,burnet-tx|llano-tx,Burnet County|Llano County,,,,2,burnet-tx|llano-tx,false,true,true,true,true
Horseshoe Bend,4834865,true,EXACT_CANONICAL_PLACE_REGISTRY_ROW_GOVERNED_COUNTY_FIPS,SINGLE_COUNTY_CONTROL,1,48367,parker-tx,Parker County,,,,1,parker-tx,false,true,true,true,true
Houston,4835000,true,EXACT_CANONICAL_PLACE_REGISTRY_ROW_GOVERNED_COUNTY_FIPS,MULTI_COUNTY_CONVERGENCE,4,48157|48201|48339|48473,fort-bend-tx|harris-tx|montgomery-tx|waller-tx,Fort Bend County|Harris County|Montgomery County|Waller County,,,,4,fort-bend-tx|harris-tx|montgomery-tx|waller-tx,false,true,true,true,true
Howardwick,4835072,true,EXACT_CANONICAL_PLACE_REGISTRY_ROW_GOVERNED_COUNTY_FIPS,SINGLE_COUNTY_CONTROL,1,48129,donley-tx,Donley County,,,,1,donley-tx,false,true,true,true,true
Howe,4835084,true,EXACT_CANONICAL_PLACE_REGISTRY_ROW_GOVERNED_COUNTY_FIPS,SINGLE_COUNTY_CONTROL,1,48181,grayson-tx,Grayson County,,,,1,grayson-tx,false,true,true,true,true
Hubbard,4835180,true,EXACT_CANONICAL_PLACE_REGISTRY_ROW_GOVERNED_COUNTY_FIPS,SINGLE_COUNTY_CONTROL,1,48217,hill-tx,Hill County,,,,1,hill-tx,false,true,true,true,true
Huckabay,4835204,true,EXACT_CANONICAL_PLACE_REGISTRY_ROW_GOVERNED_COUNTY_FIPS,SINGLE_COUNTY_CONTROL,1,48143,erath-tx,Erath County,,,,1,erath-tx,false,true,true,true,true
Hudson,4835228,true,EXACT_CANONICAL_PLACE_REGISTRY_ROW_GOVERNED_COUNTY_FIPS,SINGLE_COUNTY_CONTROL,1,48005,angelina-tx,Angelina County,,,,1,angelina-tx,false,true,true,true,true
Hudson Bend,4835253,true,EXACT_CANONICAL_PLACE_REGISTRY_ROW_GOVERNED_COUNTY_FIPS,SINGLE_COUNTY_CONTROL,1,48453,travis-tx,Travis County,,,,1,travis-tx,false,true,true,true,true
Hudson Oaks,4835254,true,EXACT_CANONICAL_PLACE_REGISTRY_ROW_GOVERNED_COUNTY_FIPS,SINGLE_COUNTY_CONTROL,1,48367,parker-tx,Parker County,,,,1,parker-tx,false,true,true,true,true
Hughes Springs,4835300,true,EXACT_CANONICAL_PLACE_REGISTRY_ROW_GOVERNED_COUNTY_FIPS,MULTI_COUNTY_CONVERGENCE,2,48067|48343,cass-tx|morris-tx,Cass County|Morris County,,,,2,cass-tx|morris-tx,false,true,true,true,true
Hull,4835324,true,EXACT_CANONICAL_PLACE_REGISTRY_ROW_GOVERNED_COUNTY_FIPS,SINGLE_COUNTY_CONTROL,1,48291,liberty-tx,Liberty County,,,,1,liberty-tx,false,true,true,true,true
Humble,4835348,true,EXACT_CANONICAL_PLACE_REGISTRY_ROW_GOVERNED_COUNTY_FIPS,SINGLE_COUNTY_CONTROL,1,48201,harris-tx,Harris County,,,,1,harris-tx,false,true,true,true,true
Hungerford,4835420,true,EXACT_CANONICAL_PLACE_REGISTRY_ROW_GOVERNED_COUNTY_FIPS,SINGLE_COUNTY_CONTROL,1,48481,wharton-tx,Wharton County,,,,1,wharton-tx,false,true,true,true,true
Hunters Creek Village,4835480,true,EXACT_CANONICAL_PLACE_REGISTRY_ROW_GOVERNED_COUNTY_FIPS,SINGLE_COUNTY_CONTROL,1,48201,harris-tx,Harris County,,,,1,harris-tx,false,true,true,true,true
Huntington,4835492,true,EXACT_CANONICAL_PLACE_REGISTRY_ROW_GOVERNED_COUNTY_FIPS,SINGLE_COUNTY_CONTROL,1,48005,angelina-tx,Angelina County,,,,1,angelina-tx,false,true,true,true,true
Huntsville,4835528,true,EXACT_CANONICAL_PLACE_REGISTRY_ROW_GOVERNED_COUNTY_FIPS,SINGLE_COUNTY_CONTROL,1,48471,walker-tx,Walker County,,,,1,walker-tx,false,true,true,true,true
Hurst,4835576,true,EXACT_CANONICAL_PLACE_REGISTRY_ROW_GOVERNED_COUNTY_FIPS,SINGLE_COUNTY_CONTROL,1,48439,tarrant-tx,Tarrant County,,,,1,tarrant-tx,false,true,true,true,true
Hutchins,4835612,true,EXACT_CANONICAL_PLACE_REGISTRY_ROW_GOVERNED_COUNTY_FIPS,SINGLE_COUNTY_CONTROL,1,48113,dallas-tx,Dallas County,,,,1,dallas-tx,false,true,true,true,true
Hutto,4835624,true,EXACT_CANONICAL_PLACE_REGISTRY_ROW_GOVERNED_COUNTY_FIPS,SINGLE_COUNTY_CONTROL,1,48491,williamson-tx,Williamson County,,,,1,williamson-tx,false,true,true,true,true
Huxley,4835636,true,EXACT_CANONICAL_PLACE_REGISTRY_ROW_GOVERNED_COUNTY_FIPS,SINGLE_COUNTY_CONTROL,1,48419,shelby-tx,Shelby County,,,,1,shelby-tx,false,true,true,true,true
Iago,4835684,true,EXACT_CANONICAL_PLACE_REGISTRY_ROW_GOVERNED_COUNTY_FIPS,SINGLE_COUNTY_CONTROL,1,48481,wharton-tx,Wharton County,,,,1,wharton-tx,false,true,true,true,true
Idalou,4835732,true,EXACT_CANONICAL_PLACE_REGISTRY_ROW_GOVERNED_COUNTY_FIPS,SINGLE_COUNTY_CONTROL,1,48303,lubbock-tx,Lubbock County,,,,1,lubbock-tx,false,true,true,true,true
Iglesia Antigua,4835754,true,EXACT_CANONICAL_PLACE_REGISTRY_ROW_GOVERNED_COUNTY_FIPS,SINGLE_COUNTY_CONTROL,1,48061,cameron-tx,Cameron County,,,,1,cameron-tx,false,true,true,true,true
Impact,4835816,true,EXACT_CANONICAL_PLACE_REGISTRY_ROW_GOVERNED_COUNTY_FIPS,SINGLE_COUNTY_CONTROL,1,48441,taylor-tx,Taylor County,,,,1,taylor-tx,false,true,true,true,true
Imperial,4835828,true,EXACT_CANONICAL_PLACE_REGISTRY_ROW_GOVERNED_COUNTY_FIPS,SINGLE_COUNTY_CONTROL,1,48371,pecos-tx,Pecos County,,,,1,pecos-tx,false,true,true,true,true
Indian Hills,4835915,true,EXACT_CANONICAL_PLACE_REGISTRY_ROW_GOVERNED_COUNTY_FIPS,SINGLE_COUNTY_CONTROL,1,48215,hidalgo-tx,Hidalgo County,,,,1,hidalgo-tx,false,true,true,true,true
Indian Lake,4835918,true,EXACT_CANONICAL_PLACE_REGISTRY_ROW_GOVERNED_COUNTY_FIPS,SINGLE_COUNTY_CONTROL,1,48061,cameron-tx,Cameron County,,,,1,cameron-tx,false,true,true,true,true
Indian Springs,4835954,true,EXACT_CANONICAL_PLACE_REGISTRY_ROW_GOVERNED_COUNTY_FIPS,SINGLE_COUNTY_CONTROL,1,48373,polk-tx,Polk County,,,,1,polk-tx,false,true,true,true,true
Indio,4835966,true,EXACT_CANONICAL_PLACE_REGISTRY_ROW_GOVERNED_COUNTY_FIPS,SINGLE_COUNTY_CONTROL,1,48427,starr-tx,Starr County,,,,1,starr-tx,false,true,true,true,true
Industry,4835984,true,EXACT_CANONICAL_PLACE_REGISTRY_ROW_GOVERNED_COUNTY_FIPS,SINGLE_COUNTY_CONTROL,1,48015,austin-tx,Austin County,,,,1,austin-tx,false,true,true,true,true
Inez,4835996,true,EXACT_CANONICAL_PLACE_REGISTRY_ROW_GOVERNED_COUNTY_FIPS,SINGLE_COUNTY_CONTROL,1,48469,victoria-tx,Victoria County,,,,1,victoria-tx,false,true,true,true,true
Ingleside,4836008,true,EXACT_CANONICAL_PLACE_REGISTRY_ROW_GOVERNED_COUNTY_FIPS,MULTI_COUNTY_CONVERGENCE,2,48355|48409,nueces-tx|san-patricio-tx,Nueces County|San Patricio County,,,,2,nueces-tx|san-patricio-tx,false,true,true,true,true
Ingleside on the Bay,4836020,true,EXACT_CANONICAL_PLACE_REGISTRY_ROW_GOVERNED_COUNTY_FIPS,SINGLE_COUNTY_CONTROL,1,48409,san-patricio-tx,San Patricio County,,,,1,san-patricio-tx,false,true,true,true,true
Ingram,4836032,true,EXACT_CANONICAL_PLACE_REGISTRY_ROW_GOVERNED_COUNTY_FIPS,SINGLE_COUNTY_CONTROL,1,48265,kerr-tx,Kerr County,,,,1,kerr-tx,false,true,true,true,true
Iola,4836068,true,EXACT_CANONICAL_PLACE_REGISTRY_ROW_GOVERNED_COUNTY_FIPS,SINGLE_COUNTY_CONTROL,1,48185,grimes-tx,Grimes County,,,,1,grimes-tx,false,true,true,true,true
Iowa Colony,4836092,true,EXACT_CANONICAL_PLACE_REGISTRY_ROW_GOVERNED_COUNTY_FIPS,SINGLE_COUNTY_CONTROL,1,48039,brazoria-tx,Brazoria County,,,,1,brazoria-tx,false,true,true,true,true
Iowa Park,4836104,true,EXACT_CANONICAL_PLACE_REGISTRY_ROW_GOVERNED_COUNTY_FIPS,SINGLE_COUNTY_CONTROL,1,48485,wichita-tx,Wichita County,,,,1,wichita-tx,false,true,true,true,true
Iraan,4836128,true,EXACT_CANONICAL_PLACE_REGISTRY_ROW_GOVERNED_COUNTY_FIPS,SINGLE_COUNTY_CONTROL,1,48371,pecos-tx,Pecos County,,,,1,pecos-tx,false,true,true,true,true
Iredell,4836140,true,EXACT_CANONICAL_PLACE_REGISTRY_ROW_GOVERNED_COUNTY_FIPS,SINGLE_COUNTY_CONTROL,1,48035,bosque-tx,Bosque County,,,,1,bosque-tx,false,true,true,true,true
Irving,4837000,true,EXACT_CANONICAL_PLACE_REGISTRY_ROW_GOVERNED_COUNTY_FIPS,SINGLE_COUNTY_CONTROL,1,48113,dallas-tx,Dallas County,,,,1,dallas-tx,false,true,true,true,true
Italy,4837072,true,EXACT_CANONICAL_PLACE_REGISTRY_ROW_GOVERNED_COUNTY_FIPS,SINGLE_COUNTY_CONTROL,1,48139,ellis-tx,Ellis County,,,,1,ellis-tx,false,true,true,true,true
Itasca,4837084,true,EXACT_CANONICAL_PLACE_REGISTRY_ROW_GOVERNED_COUNTY_FIPS,SINGLE_COUNTY_CONTROL,1,48217,hill-tx,Hill County,,,,1,hill-tx,false,true,true,true,true
Ivanhoe,4837112,true,EXACT_CANONICAL_PLACE_REGISTRY_ROW_GOVERNED_COUNTY_FIPS,SINGLE_COUNTY_CONTROL,1,48457,tyler-tx,Tyler County,,,,1,tyler-tx,false,true,true,true,true
Jacinto City,4837156,true,EXACT_CANONICAL_PLACE_REGISTRY_ROW_GOVERNED_COUNTY_FIPS,SINGLE_COUNTY_CONTROL,1,48201,harris-tx,Harris County,,,,1,harris-tx,false,true,true,true,true
Jacksboro,4837168,true,EXACT_CANONICAL_PLACE_REGISTRY_ROW_GOVERNED_COUNTY_FIPS,SINGLE_COUNTY_CONTROL,1,48237,jack-tx,Jack County,,,,1,jack-tx,false,true,true,true,true
Jacksonville,4837216,true,EXACT_CANONICAL_PLACE_REGISTRY_ROW_GOVERNED_COUNTY_FIPS,SINGLE_COUNTY_CONTROL,1,48073,cherokee-tx,Cherokee County,,,,1,cherokee-tx,false,true,true,true,true
Jamaica Beach,4837252,true,EXACT_CANONICAL_PLACE_REGISTRY_ROW_GOVERNED_COUNTY_FIPS,SINGLE_COUNTY_CONTROL,1,48167,galveston-tx,Galveston County,,,,1,galveston-tx,false,true,true,true,true
Jardin de San Julian,4837390,true,EXACT_CANONICAL_PLACE_REGISTRY_ROW_GOVERNED_COUNTY_FIPS,SINGLE_COUNTY_CONTROL,1,48427,starr-tx,Starr County,,,,1,starr-tx,false,true,true,true,true
Jarrell,4837396,true,EXACT_CANONICAL_PLACE_REGISTRY_ROW_GOVERNED_COUNTY_FIPS,SINGLE_COUNTY_CONTROL,1,48491,williamson-tx,Williamson County,,,,1,williamson-tx,false,true,true,true,true
Jasper,4837420,true,EXACT_CANONICAL_PLACE_REGISTRY_ROW_GOVERNED_COUNTY_FIPS,SINGLE_COUNTY_CONTROL,1,48241,jasper-tx,Jasper County,,,,1,jasper-tx,false,true,true,true,true
Jayton,4837468,true,EXACT_CANONICAL_PLACE_REGISTRY_ROW_GOVERNED_COUNTY_FIPS,SINGLE_COUNTY_CONTROL,1,48263,kent-tx,Kent County,,,,1,kent-tx,false,true,true,true,true
Jefferson,4837528,true,EXACT_CANONICAL_PLACE_REGISTRY_ROW_GOVERNED_COUNTY_FIPS,SINGLE_COUNTY_CONTROL,1,48315,marion-tx,Marion County,,,,1,marion-tx,false,true,true,true,true
Jersey Village,4837612,true,EXACT_CANONICAL_PLACE_REGISTRY_ROW_GOVERNED_COUNTY_FIPS,SINGLE_COUNTY_CONTROL,1,48201,harris-tx,Harris County,,,,1,harris-tx,false,true,true,true,true
Jewett,4837648,true,EXACT_CANONICAL_PLACE_REGISTRY_ROW_GOVERNED_COUNTY_FIPS,SINGLE_COUNTY_CONTROL,1,48289,leon-tx,Leon County,,,,1,leon-tx,false,true,true,true,true
J.F. Villareal,4837665,true,EXACT_CANONICAL_PLACE_REGISTRY_ROW_GOVERNED_COUNTY_FIPS,SINGLE_COUNTY_CONTROL,1,48427,starr-tx,Starr County,,,,1,starr-tx,false,true,true,true,true
Joaquin,4837684,true,EXACT_CANONICAL_PLACE_REGISTRY_ROW_GOVERNED_COUNTY_FIPS,SINGLE_COUNTY_CONTROL,1,48419,shelby-tx,Shelby County,,,,1,shelby-tx,false,true,true,true,true
Johnson City,4837780,true,EXACT_CANONICAL_PLACE_REGISTRY_ROW_GOVERNED_COUNTY_FIPS,SINGLE_COUNTY_CONTROL,1,48031,blanco-tx,Blanco County,,,,1,blanco-tx,false,true,true,true,true
Jolly,4837924,true,EXACT_CANONICAL_PLACE_REGISTRY_ROW_GOVERNED_COUNTY_FIPS,SINGLE_COUNTY_CONTROL,1,48077,clay-tx,Clay County,,,,1,clay-tx,false,true,true,true,true
Jones Creek,4837984,true,EXACT_CANONICAL_PLACE_REGISTRY_ROW_GOVERNED_COUNTY_FIPS,SINGLE_COUNTY_CONTROL,1,48039,brazoria-tx,Brazoria County,,,,1,brazoria-tx,false,true,true,true,true
Jonestown,4838020,true,EXACT_CANONICAL_PLACE_REGISTRY_ROW_GOVERNED_COUNTY_FIPS,SINGLE_COUNTY_CONTROL,1,48453,travis-tx,Travis County,,,,1,travis-tx,false,true,true,true,true
Josephine,4838068,true,EXACT_CANONICAL_PLACE_REGISTRY_ROW_GOVERNED_COUNTY_FIPS,MULTI_COUNTY_CONVERGENCE,2,48085|48231,collin-tx|hunt-tx,Collin County|Hunt County,,,,2,collin-tx|hunt-tx,false,true,true,true,true
Joshua,4838080,true,EXACT_CANONICAL_PLACE_REGISTRY_ROW_GOVERNED_COUNTY_FIPS,SINGLE_COUNTY_CONTROL,1,48251,johnson-tx,Johnson County,,,,1,johnson-tx,false,true,true,true,true
Jourdanton,4838116,true,EXACT_CANONICAL_PLACE_REGISTRY_ROW_GOVERNED_COUNTY_FIPS,SINGLE_COUNTY_CONTROL,1,48013,atascosa-tx,Atascosa County,,,,1,atascosa-tx,false,true,true,true,true
Juarez,4838168,true,EXACT_CANONICAL_PLACE_REGISTRY_ROW_GOVERNED_COUNTY_FIPS,SINGLE_COUNTY_CONTROL,1,48061,cameron-tx,Cameron County,,,,1,cameron-tx,false,true,true,true,true
Junction,4838248,true,EXACT_CANONICAL_PLACE_REGISTRY_ROW_GOVERNED_COUNTY_FIPS,SINGLE_COUNTY_CONTROL,1,48267,kimble-tx,Kimble County,,,,1,kimble-tx,false,true,true,true,true
Justin,4838332,true,EXACT_CANONICAL_PLACE_REGISTRY_ROW_GOVERNED_COUNTY_FIPS,SINGLE_COUNTY_CONTROL,1,48121,denton-tx,Denton County,,,,1,denton-tx,false,true,true,true,true
Karnes City,4838452,true,EXACT_CANONICAL_PLACE_REGISTRY_ROW_GOVERNED_COUNTY_FIPS,SINGLE_COUNTY_CONTROL,1,48255,karnes-tx,Karnes County,,,,1,karnes-tx,false,true,true,true,true
Katy,4838476,true,EXACT_CANONICAL_PLACE_REGISTRY_ROW_GOVERNED_COUNTY_FIPS,MULTI_COUNTY_CONVERGENCE,3,48157|48201|48473,fort-bend-tx|harris-tx|waller-tx,Fort Bend County|Harris County|Waller County,,,,3,fort-bend-tx|harris-tx|waller-tx,false,true,true,true,true
Kaufman,4838488,true,EXACT_CANONICAL_PLACE_REGISTRY_ROW_GOVERNED_COUNTY_FIPS,SINGLE_COUNTY_CONTROL,1,48257,kaufman-tx,Kaufman County,,,,1,kaufman-tx,false,true,true,true,true
K-Bar Ranch,4838518,true,EXACT_CANONICAL_PLACE_REGISTRY_ROW_GOVERNED_COUNTY_FIPS,SINGLE_COUNTY_CONTROL,1,48249,jim-wells-tx,Jim Wells County,,,,1,jim-wells-tx,false,true,true,true,true
Keene,4838548,true,EXACT_CANONICAL_PLACE_REGISTRY_ROW_GOVERNED_COUNTY_FIPS,SINGLE_COUNTY_CONTROL,1,48251,johnson-tx,Johnson County,,,,1,johnson-tx,false,true,true,true,true
Keller,4838632,true,EXACT_CANONICAL_PLACE_REGISTRY_ROW_GOVERNED_COUNTY_FIPS,SINGLE_COUNTY_CONTROL,1,48439,tarrant-tx,Tarrant County,,,,1,tarrant-tx,false,true,true,true,true
Kemah,4838776,true,EXACT_CANONICAL_PLACE_REGISTRY_ROW_GOVERNED_COUNTY_FIPS,SINGLE_COUNTY_CONTROL,1,48167,galveston-tx,Galveston County,,,,1,galveston-tx,false,true,true,true,true
Kemp,4838788,true,EXACT_CANONICAL_PLACE_REGISTRY_ROW_GOVERNED_COUNTY_FIPS,SINGLE_COUNTY_CONTROL,1,48257,kaufman-tx,Kaufman County,,,,1,kaufman-tx,false,true,true,true,true
Kempner,4838800,true,EXACT_CANONICAL_PLACE_REGISTRY_ROW_GOVERNED_COUNTY_FIPS,SINGLE_COUNTY_CONTROL,1,48281,lampasas-tx,Lampasas County,,,,1,lampasas-tx,false,true,true,true,true
Kendleton,4838848,true,EXACT_CANONICAL_PLACE_REGISTRY_ROW_GOVERNED_COUNTY_FIPS,SINGLE_COUNTY_CONTROL,1,48157,fort-bend-tx,Fort Bend County,,,,1,fort-bend-tx,false,true,true,true,true
Kenedy,4838860,true,EXACT_CANONICAL_PLACE_REGISTRY_ROW_GOVERNED_COUNTY_FIPS,SINGLE_COUNTY_CONTROL,1,48255,karnes-tx,Karnes County,,,,1,karnes-tx,false,true,true,true,true
Kenefick,4838872,true,EXACT_CANONICAL_PLACE_REGISTRY_ROW_GOVERNED_COUNTY_FIPS,SINGLE_COUNTY_CONTROL,1,48291,liberty-tx,Liberty County,,,,1,liberty-tx,false,true,true,true,true
Kennard,4838884,true,EXACT_CANONICAL_PLACE_REGISTRY_ROW_GOVERNED_COUNTY_FIPS,SINGLE_COUNTY_CONTROL,1,48225,houston-tx,Houston County,,,,1,houston-tx,false,true,true,true,true
Kennedale,4838896,true,EXACT_CANONICAL_PLACE_REGISTRY_ROW_GOVERNED_COUNTY_FIPS,SINGLE_COUNTY_CONTROL,1,48439,tarrant-tx,Tarrant County,,,,1,tarrant-tx,false,true,true,true,true
Kerens,4838992,true,EXACT_CANONICAL_PLACE_REGISTRY_ROW_GOVERNED_COUNTY_FIPS,SINGLE_COUNTY_CONTROL,1,48349,navarro-tx,Navarro County,,,,1,navarro-tx,false,true,true,true,true
Kermit,4839004,true,EXACT_CANONICAL_PLACE_REGISTRY_ROW_GOVERNED_COUNTY_FIPS,SINGLE_COUNTY_CONTROL,1,48495,winkler-tx,Winkler County,,,,1,winkler-tx,false,true,true,true,true
Kerrville,4839040,true,EXACT_CANONICAL_PLACE_REGISTRY_ROW_GOVERNED_COUNTY_FIPS,SINGLE_COUNTY_CONTROL,1,48265,kerr-tx,Kerr County,,,,1,kerr-tx,false,true,true,true,true
Kilgore,4839124,true,EXACT_CANONICAL_PLACE_REGISTRY_ROW_GOVERNED_COUNTY_FIPS,MULTI_COUNTY_CONVERGENCE,2,48183|48401,gregg-tx|rusk-tx,Gregg County|Rusk County,,,,2,gregg-tx|rusk-tx,false,true,true,true,true
Killeen,4839148,true,EXACT_CANONICAL_PLACE_REGISTRY_ROW_GOVERNED_COUNTY_FIPS,SINGLE_COUNTY_CONTROL,1,48027,bell-tx,Bell County,,,,1,bell-tx,false,true,true,true,true
Kingsbury,4839292,true,EXACT_CANONICAL_PLACE_REGISTRY_ROW_GOVERNED_COUNTY_FIPS,SINGLE_COUNTY_CONTROL,1,48187,guadalupe-tx,Guadalupe County,,,,1,guadalupe-tx,false,true,true,true,true
Kingsland,4839304,true,EXACT_CANONICAL_PLACE_REGISTRY_ROW_GOVERNED_COUNTY_FIPS,SINGLE_COUNTY_CONTROL,1,48299,llano-tx,Llano County,,,,1,llano-tx,false,true,true,true,true
Kingsville,4839352,true,EXACT_CANONICAL_PLACE_REGISTRY_ROW_GOVERNED_COUNTY_FIPS,SINGLE_COUNTY_CONTROL,1,48273,kleberg-tx,Kleberg County,,,,1,kleberg-tx,false,true,true,true,true
Kirby,4839448,true,EXACT_CANONICAL_PLACE_REGISTRY_ROW_GOVERNED_COUNTY_FIPS,SINGLE_COUNTY_CONTROL,1,48029,bexar-tx,Bexar County,,,,1,bexar-tx,false,true,true,true,true
Kirbyville,4839460,true,EXACT_CANONICAL_PLACE_REGISTRY_ROW_GOVERNED_COUNTY_FIPS,SINGLE_COUNTY_CONTROL,1,48241,jasper-tx,Jasper County,,,,1,jasper-tx,false,true,true,true,true
Kirvin,4839520,true,EXACT_CANONICAL_PLACE_REGISTRY_ROW_GOVERNED_COUNTY_FIPS,SINGLE_COUNTY_CONTROL,1,48161,freestone-tx,Freestone County,,,,1,freestone-tx,false,true,true,true,true
Knippa,4839664,true,EXACT_CANONICAL_PLACE_REGISTRY_ROW_GOVERNED_COUNTY_FIPS,SINGLE_COUNTY_CONTROL,1,48463,uvalde-tx,Uvalde County,,,,1,uvalde-tx,false,true,true,true,true
Knollwood,4839680,true,EXACT_CANONICAL_PLACE_REGISTRY_ROW_GOVERNED_COUNTY_FIPS,SINGLE_COUNTY_CONTROL,1,48181,grayson-tx,Grayson County,,,,1,grayson-tx,false,true,true,true,true
Knox City,4839700,true,EXACT_CANONICAL_PLACE_REGISTRY_ROW_GOVERNED_COUNTY_FIPS,SINGLE_COUNTY_CONTROL,1,48275,knox-tx,Knox County,,,,1,knox-tx,false,true,true,true,true
Kopperl,4839784,true,EXACT_CANONICAL_PLACE_REGISTRY_ROW_GOVERNED_COUNTY_FIPS,SINGLE_COUNTY_CONTROL,1,48035,bosque-tx,Bosque County,,,,1,bosque-tx,false,true,true,true,true
Kosse,4839844,true,EXACT_CANONICAL_PLACE_REGISTRY_ROW_GOVERNED_COUNTY_FIPS,SINGLE_COUNTY_CONTROL,1,48293,limestone-tx,Limestone County,,,,1,limestone-tx,false,true,true,true,true
Kountze,4839868,true,EXACT_CANONICAL_PLACE_REGISTRY_ROW_GOVERNED_COUNTY_FIPS,SINGLE_COUNTY_CONTROL,1,48199,hardin-tx,Hardin County,,,,1,hardin-tx,false,true,true,true,true
Kress,4839904,true,EXACT_CANONICAL_PLACE_REGISTRY_ROW_GOVERNED_COUNTY_FIPS,SINGLE_COUNTY_CONTROL,1,48437,swisher-tx,Swisher County,,,,1,swisher-tx,false,true,true,true,true
Krugerville,4839916,true,EXACT_CANONICAL_PLACE_REGISTRY_ROW_GOVERNED_COUNTY_FIPS,SINGLE_COUNTY_CONTROL,1,48121,denton-tx,Denton County,,,,1,denton-tx,false,true,true,true,true
Krum,4839928,true,EXACT_CANONICAL_PLACE_REGISTRY_ROW_GOVERNED_COUNTY_FIPS,SINGLE_COUNTY_CONTROL,1,48121,denton-tx,Denton County,,,,1,denton-tx,false,true,true,true,true
Kurten,4839940,true,EXACT_CANONICAL_PLACE_REGISTRY_ROW_GOVERNED_COUNTY_FIPS,SINGLE_COUNTY_CONTROL,1,48041,brazos-tx,Brazos County,,,,1,brazos-tx,false,true,true,true,true
Kyle,4839952,true,EXACT_CANONICAL_PLACE_REGISTRY_ROW_GOVERNED_COUNTY_FIPS,SINGLE_COUNTY_CONTROL,1,48209,hays-tx,Hays County,,,,1,hays-tx,false,true,true,true,true
La Blanca,4839988,true,EXACT_CANONICAL_PLACE_REGISTRY_ROW_GOVERNED_COUNTY_FIPS,SINGLE_COUNTY_CONTROL,1,48215,hidalgo-tx,Hidalgo County,,,,1,hidalgo-tx,false,true,true,true,true
La Carla,4839994,true,EXACT_CANONICAL_PLACE_REGISTRY_ROW_GOVERNED_COUNTY_FIPS,SINGLE_COUNTY_CONTROL,1,48427,starr-tx,Starr County,,,,1,starr-tx,false,true,true,true,true
La Casita,4840000,true,EXACT_CANONICAL_PLACE_REGISTRY_ROW_GOVERNED_COUNTY_FIPS,SINGLE_COUNTY_CONTROL,1,48427,starr-tx,Starr County,,,,1,starr-tx,false,true,true,true,true
La Chuparosa,4840018,true,EXACT_CANONICAL_PLACE_REGISTRY_ROW_GOVERNED_COUNTY_FIPS,SINGLE_COUNTY_CONTROL,1,48427,starr-tx,Starr County,,,,1,starr-tx,false,true,true,true,true
Lackland AFB,4840036,true,EXACT_CANONICAL_PLACE_REGISTRY_ROW_GOVERNED_COUNTY_FIPS,SINGLE_COUNTY_CONTROL,1,48029,bexar-tx,Bexar County,,,,1,bexar-tx,false,true,true,true,true
La Coma,4840100,true,EXACT_CANONICAL_PLACE_REGISTRY_ROW_GOVERNED_COUNTY_FIPS,SINGLE_COUNTY_CONTROL,1,48479,webb-tx,Webb County,,,,1,webb-tx,false,true,true,true,true
La Coma Heights,4840104,true,EXACT_CANONICAL_PLACE_REGISTRY_ROW_GOVERNED_COUNTY_FIPS,SINGLE_COUNTY_CONTROL,1,48215,hidalgo-tx,Hidalgo County,,,,1,hidalgo-tx,false,true,true,true,true
LaCoste,4840108,true,EXACT_CANONICAL_PLACE_REGISTRY_ROW_GOVERNED_COUNTY_FIPS,SINGLE_COUNTY_CONTROL,1,48325,medina-tx,Medina County,,,,1,medina-tx,false,true,true,true,true
Lacy-Lakeview,4840168,true,EXACT_CANONICAL_PLACE_REGISTRY_ROW_GOVERNED_COUNTY_FIPS,SINGLE_COUNTY_CONTROL,1,48309,mclennan-tx,McLennan County,,,,1,mclennan-tx,false,true,true,true,true
Ladonia,4840180,true,EXACT_CANONICAL_PLACE_REGISTRY_ROW_GOVERNED_COUNTY_FIPS,SINGLE_COUNTY_CONTROL,1,48147,fannin-tx,Fannin County,,,,1,fannin-tx,false,true,true,true,true
La Escondida,4840186,true,EXACT_CANONICAL_PLACE_REGISTRY_ROW_GOVERNED_COUNTY_FIPS,SINGLE_COUNTY_CONTROL,1,48427,starr-tx,Starr County,,,,1,starr-tx,false,true,true,true,true
La Esperanza,4840188,true,EXACT_CANONICAL_PLACE_REGISTRY_ROW_GOVERNED_COUNTY_FIPS,SINGLE_COUNTY_CONTROL,1,48427,starr-tx,Starr County,,,,1,starr-tx,false,true,true,true,true
La Feria,4840204,true,EXACT_CANONICAL_PLACE_REGISTRY_ROW_GOVERNED_COUNTY_FIPS,SINGLE_COUNTY_CONTROL,1,48061,cameron-tx,Cameron County,,,,1,cameron-tx,false,true,true,true,true
La Feria North,4840210,true,EXACT_CANONICAL_PLACE_REGISTRY_ROW_GOVERNED_COUNTY_FIPS,SINGLE_COUNTY_CONTROL,1,48061,cameron-tx,Cameron County,,,,1,cameron-tx,false,true,true,true,true
Lago,4840258,true,EXACT_CANONICAL_PLACE_REGISTRY_ROW_GOVERNED_COUNTY_FIPS,SINGLE_COUNTY_CONTROL,1,48061,cameron-tx,Cameron County,,,,1,cameron-tx,false,true,true,true,true
Lago Vista,4840262,true,EXACT_CANONICAL_PLACE_REGISTRY_ROW_GOVERNED_COUNTY_FIPS,SINGLE_COUNTY_CONTROL,1,48427,starr-tx,Starr County,,,,1,starr-tx,false,true,true,true,true
Lago Vista,4840264,true,EXACT_CANONICAL_PLACE_REGISTRY_ROW_GOVERNED_COUNTY_FIPS,SINGLE_COUNTY_CONTROL,1,48453,travis-tx,Travis County,,,,1,travis-tx,false,true,true,true,true
La Grange,4840276,true,EXACT_CANONICAL_PLACE_REGISTRY_ROW_GOVERNED_COUNTY_FIPS,SINGLE_COUNTY_CONTROL,1,48149,fayette-tx,Fayette County,,,,1,fayette-tx,false,true,true,true,true
La Grulla,4840288,true,EXACT_CANONICAL_PLACE_REGISTRY_ROW_GOVERNED_COUNTY_FIPS,SINGLE_COUNTY_CONTROL,1,48427,starr-tx,Starr County,,,,1,starr-tx,false,true,true,true,true
Laguna Heights,4840300,true,EXACT_CANONICAL_PLACE_REGISTRY_ROW_GOVERNED_COUNTY_FIPS,SINGLE_COUNTY_CONTROL,1,48061,cameron-tx,Cameron County,,,,1,cameron-tx,false,true,true,true,true
Laguna Park,4840312,true,EXACT_CANONICAL_PLACE_REGISTRY_ROW_GOVERNED_COUNTY_FIPS,SINGLE_COUNTY_CONTROL,1,48035,bosque-tx,Bosque County,,,,1,bosque-tx,false,true,true,true,true
Laguna Seca,4840320,true,EXACT_CANONICAL_PLACE_REGISTRY_ROW_GOVERNED_COUNTY_FIPS,SINGLE_COUNTY_CONTROL,1,48215,hidalgo-tx,Hidalgo County,,,,1,hidalgo-tx,false,true,true,true,true
Laguna Vista,4840336,true,EXACT_CANONICAL_PLACE_REGISTRY_ROW_GOVERNED_COUNTY_FIPS,SINGLE_COUNTY_CONTROL,1,48061,cameron-tx,Cameron County,,,,1,cameron-tx,false,true,true,true,true
La Homa,4840342,true,EXACT_CANONICAL_PLACE_REGISTRY_ROW_GOVERNED_COUNTY_FIPS,SINGLE_COUNTY_CONTROL,1,48215,hidalgo-tx,Hidalgo County,,,,1,hidalgo-tx,false,true,true,true,true
La Joya,4840384,true,EXACT_CANONICAL_PLACE_REGISTRY_ROW_GOVERNED_COUNTY_FIPS,SINGLE_COUNTY_CONTROL,1,48215,hidalgo-tx,Hidalgo County,,,,1,hidalgo-tx,false,true,true,true,true
Lake Bridgeport,4840450,true,EXACT_CANONICAL_PLACE_REGISTRY_ROW_GOVERNED_COUNTY_FIPS,SINGLE_COUNTY_CONTROL,1,48497,wise-tx,Wise County,,,,1,wise-tx,false,true,true,true,true
Lake Brownwood,4840456,true,EXACT_CANONICAL_PLACE_REGISTRY_ROW_GOVERNED_COUNTY_FIPS,SINGLE_COUNTY_CONTROL,1,48049,brown-tx,Brown County,,,,1,brown-tx,false,true,true,true,true
Lake Bryan,4840462,true,EXACT_CANONICAL_PLACE_REGISTRY_ROW_GOVERNED_COUNTY_FIPS,SINGLE_COUNTY_CONTROL,1,48041,brazos-tx,Brazos County,,,,1,brazos-tx,false,true,true,true,true
Lake Cherokee,4840468,true,EXACT_CANONICAL_PLACE_REGISTRY_ROW_GOVERNED_COUNTY_FIPS,MULTI_COUNTY_CONVERGENCE,2,48183|48401,gregg-tx|rusk-tx,Gregg County|Rusk County,,,,2,gregg-tx|rusk-tx,false,true,true,true,true
Lake City,4840472,true,EXACT_CANONICAL_PLACE_REGISTRY_ROW_GOVERNED_COUNTY_FIPS,SINGLE_COUNTY_CONTROL,1,48409,san-patricio-tx,San Patricio County,,,,1,san-patricio-tx,false,true,true,true,true
Lake Colorado City,4840475,true,EXACT_CANONICAL_PLACE_REGISTRY_ROW_GOVERNED_COUNTY_FIPS,SINGLE_COUNTY_CONTROL,1,48335,mitchell-tx,Mitchell County,,,,1,mitchell-tx,false,true,true,true,true
Lake Dallas,4840516,true,EXACT_CANONICAL_PLACE_REGISTRY_ROW_GOVERNED_COUNTY_FIPS,SINGLE_COUNTY_CONTROL,1,48121,denton-tx,Denton County,,,,1,denton-tx,false,true,true,true,true
Lake Dunlap,4840522,true,EXACT_CANONICAL_PLACE_REGISTRY_ROW_GOVERNED_COUNTY_FIPS,SINGLE_COUNTY_CONTROL,1,48187,guadalupe-tx,Guadalupe County,,,,1,guadalupe-tx,false,true,true,true,true
Lakehills,4840576,true,EXACT_CANONICAL_PLACE_REGISTRY_ROW_GOVERNED_COUNTY_FIPS,SINGLE_COUNTY_CONTROL,1,48019,bandera-tx,Bandera County,,,,1,bandera-tx,false,true,true,true,true
Lake Jackson,4840588,true,EXACT_CANONICAL_PLACE_REGISTRY_ROW_GOVERNED_COUNTY_FIPS,SINGLE_COUNTY_CONTROL,1,48039,brazoria-tx,Brazoria County,,,,1,brazoria-tx,false,true,true,true,true
Lake Kiowa,4840624,true,EXACT_CANONICAL_PLACE_REGISTRY_ROW_GOVERNED_COUNTY_FIPS,SINGLE_COUNTY_CONTROL,1,48097,cooke-tx,Cooke County,,,,1,cooke-tx,false,true,true,true,true
Lake Medina Shores,4840674,true,EXACT_CANONICAL_PLACE_REGISTRY_ROW_GOVERNED_COUNTY_FIPS,MULTI_COUNTY_CONVERGENCE,2,48019|48325,bandera-tx|medina-tx,Bandera County|Medina County,,,,2,bandera-tx|medina-tx,false,true,true,true,true
Lake Meredith Estates,4840676,true,EXACT_CANONICAL_PLACE_REGISTRY_ROW_GOVERNED_COUNTY_FIPS,SINGLE_COUNTY_CONTROL,1,48233,hutchinson-tx,Hutchinson County,,,,1,hutchinson-tx,false,true,true,true,true
Lakeport,4840696,true,EXACT_CANONICAL_PLACE_REGISTRY_ROW_GOVERNED_COUNTY_FIPS,SINGLE_COUNTY_CONTROL,1,48183,gregg-tx,Gregg County,,,,1,gregg-tx,false,true,true,true,true
Lakeshore Gardens-Hidden Acres,4840714,true,EXACT_CANONICAL_PLACE_REGISTRY_ROW_GOVERNED_COUNTY_FIPS,SINGLE_COUNTY_CONTROL,1,48409,san-patricio-tx,San Patricio County,,,,1,san-patricio-tx,false,true,true,true,true
Lakeside,4840738,true,EXACT_CANONICAL_PLACE_REGISTRY_ROW_GOVERNED_COUNTY_FIPS,SINGLE_COUNTY_CONTROL,1,48409,san-patricio-tx,San Patricio County,,,,1,san-patricio-tx,false,true,true,true,true
Lakeside,4840744,true,EXACT_CANONICAL_PLACE_REGISTRY_ROW_GOVERNED_COUNTY_FIPS,SINGLE_COUNTY_CONTROL,1,48439,tarrant-tx,Tarrant County,,,,1,tarrant-tx,false,true,true,true,true
Lakeside City,4840756,true,EXACT_CANONICAL_PLACE_REGISTRY_ROW_GOVERNED_COUNTY_FIPS,SINGLE_COUNTY_CONTROL,1,48009,archer-tx,Archer County,,,,1,archer-tx,false,true,true,true,true
Lake Tanglewood,4840804,true,EXACT_CANONICAL_PLACE_REGISTRY_ROW_GOVERNED_COUNTY_FIPS,SINGLE_COUNTY_CONTROL,1,48381,randall-tx,Randall County,,,,1,randall-tx,false,true,true,true,true
Lakeview,4840888,true,EXACT_CANONICAL_PLACE_REGISTRY_ROW_GOVERNED_COUNTY_FIPS,SINGLE_COUNTY_CONTROL,1,48191,hall-tx,Hall County,,,,1,hall-tx,false,true,true,true,true
Lake View,4840966,true,EXACT_CANONICAL_PLACE_REGISTRY_ROW_GOVERNED_COUNTY_FIPS,SINGLE_COUNTY_CONTROL,1,48465,val-verde-tx,Val Verde County,,,,1,val-verde-tx,false,true,true,true,true
Lakeway,4840984,true,EXACT_CANONICAL_PLACE_REGISTRY_ROW_GOVERNED_COUNTY_FIPS,SINGLE_COUNTY_CONTROL,1,48453,travis-tx,Travis County,,,,1,travis-tx,false,true,true,true,true
Lakewood Village,4841050,true,EXACT_CANONICAL_PLACE_REGISTRY_ROW_GOVERNED_COUNTY_FIPS,SINGLE_COUNTY_CONTROL,1,48121,denton-tx,Denton County,,,,1,denton-tx,false,true,true,true,true
Lake Worth,4841056,true,EXACT_CANONICAL_PLACE_REGISTRY_ROW_GOVERNED_COUNTY_FIPS,SINGLE_COUNTY_CONTROL,1,48439,tarrant-tx,Tarrant County,,,,1,tarrant-tx,false,true,true,true,true
La Loma de Falcon,4841086,true,EXACT_CANONICAL_PLACE_REGISTRY_ROW_GOVERNED_COUNTY_FIPS,SINGLE_COUNTY_CONTROL,1,48427,starr-tx,Starr County,,,,1,starr-tx,false,true,true,true,true
Lamar,4841092,true,EXACT_CANONICAL_PLACE_REGISTRY_ROW_GOVERNED_COUNTY_FIPS,SINGLE_COUNTY_CONTROL,1,48007,aransas-tx,Aransas County,,,,1,aransas-tx,false,true,true,true,true
La Marque,4841116,true,EXACT_CANONICAL_PLACE_REGISTRY_ROW_GOVERNED_COUNTY_FIPS,SINGLE_COUNTY_CONTROL,1,48167,galveston-tx,Galveston County,,,,1,galveston-tx,false,true,true,true,true
Lamesa,4841164,true,EXACT_CANONICAL_PLACE_REGISTRY_ROW_GOVERNED_COUNTY_FIPS,SINGLE_COUNTY_CONTROL,1,48115,dawson-tx,Dawson County,,,,1,dawson-tx,false,true,true,true,true
La Minita,4841170,true,EXACT_CANONICAL_PLACE_REGISTRY_ROW_GOVERNED_COUNTY_FIPS,SINGLE_COUNTY_CONTROL,1,48427,starr-tx,Starr County,,,,1,starr-tx,false,true,true,true,true
Lamkin,4841176,true,EXACT_CANONICAL_PLACE_REGISTRY_ROW_GOVERNED_COUNTY_FIPS,SINGLE_COUNTY_CONTROL,1,48093,comanche-tx,Comanche County,,,,1,comanche-tx,false,true,true,true,true
La Moca Ranch,4841180,true,EXACT_CANONICAL_PLACE_REGISTRY_ROW_GOVERNED_COUNTY_FIPS,SINGLE_COUNTY_CONTROL,1,48479,webb-tx,Webb County,,,,1,webb-tx,false,true,true,true,true
Lampasas,4841188,true,EXACT_CANONICAL_PLACE_REGISTRY_ROW_GOVERNED_COUNTY_FIPS,SINGLE_COUNTY_CONTROL,1,48281,lampasas-tx,Lampasas County,,,,1,lampasas-tx,false,true,true,true,true
Lancaster,4841212,true,EXACT_CANONICAL_PLACE_REGISTRY_ROW_GOVERNED_COUNTY_FIPS,SINGLE_COUNTY_CONTROL,1,48113,dallas-tx,Dallas County,,,,1,dallas-tx,false,true,true,true,true
Lantana,4841404,true,EXACT_CANONICAL_PLACE_REGISTRY_ROW_GOVERNED_COUNTY_FIPS,SINGLE_COUNTY_CONTROL,1,48121,denton-tx,Denton County,,,,1,denton-tx,false,true,true,true,true
La Paloma,4841416,true,EXACT_CANONICAL_PLACE_REGISTRY_ROW_GOVERNED_COUNTY_FIPS,SINGLE_COUNTY_CONTROL,1,48061,cameron-tx,Cameron County,,,,1,cameron-tx,false,true,true,true,true
La Paloma Addition,4841420,true,EXACT_CANONICAL_PLACE_REGISTRY_ROW_GOVERNED_COUNTY_FIPS,SINGLE_COUNTY_CONTROL,1,48409,san-patricio-tx,San Patricio County,,,,1,san-patricio-tx,false,true,true,true,true
La Paloma-Lost Creek,4841422,true,EXACT_CANONICAL_PLACE_REGISTRY_ROW_GOVERNED_COUNTY_FIPS,SINGLE_COUNTY_CONTROL,1,48355,nueces-tx,Nueces County,,,,1,nueces-tx,false,true,true,true,true
La Paloma Ranchettes,4841424,true,EXACT_CANONICAL_PLACE_REGISTRY_ROW_GOVERNED_COUNTY_FIPS,SINGLE_COUNTY_CONTROL,1,48427,starr-tx,Starr County,,,,1,starr-tx,false,true,true,true,true
La Porte,4841440,true,EXACT_CANONICAL_PLACE_REGISTRY_ROW_GOVERNED_COUNTY_FIPS,SINGLE_COUNTY_CONTROL,1,48201,harris-tx,Harris County,,,,1,harris-tx,false,true,true,true,true
La Presa,4841449,true,EXACT_CANONICAL_PLACE_REGISTRY_ROW_GOVERNED_COUNTY_FIPS,SINGLE_COUNTY_CONTROL,1,48479,webb-tx,Webb County,,,,1,webb-tx,false,true,true,true,true
La Pryor,4841452,true,EXACT_CANONICAL_PLACE_REGISTRY_ROW_GOVERNED_COUNTY_FIPS,SINGLE_COUNTY_CONTROL,1,48507,zavala-tx,Zavala County,,,,1,zavala-tx,false,true,true,true,true
La Puerta,4841458,true,EXACT_CANONICAL_PLACE_REGISTRY_ROW_GOVERNED_COUNTY_FIPS,SINGLE_COUNTY_CONTROL,1,48427,starr-tx,Starr County,,,,1,starr-tx,false,true,true,true,true
Laredo,4841464,true,EXACT_CANONICAL_PLACE_REGISTRY_ROW_GOVERNED_COUNTY_FIPS,SINGLE_COUNTY_CONTROL,1,48479,webb-tx,Webb County,,,,1,webb-tx,false,true,true,true,true
Laredo Ranchettes,4841473,true,EXACT_CANONICAL_PLACE_REGISTRY_ROW_GOVERNED_COUNTY_FIPS,SINGLE_COUNTY_CONTROL,1,48479,webb-tx,Webb County,,,,1,webb-tx,false,true,true,true,true
Laredo Ranchettes West,4841475,true,EXACT_CANONICAL_PLACE_REGISTRY_ROW_GOVERNED_COUNTY_FIPS,SINGLE_COUNTY_CONTROL,1,48479,webb-tx,Webb County,,,,1,webb-tx,false,true,true,true,true
La Rosita,4841503,true,EXACT_CANONICAL_PLACE_REGISTRY_ROW_GOVERNED_COUNTY_FIPS,SINGLE_COUNTY_CONTROL,1,48427,starr-tx,Starr County,,,,1,starr-tx,false,true,true,true,true
Lasana,4841542,true,EXACT_CANONICAL_PLACE_REGISTRY_ROW_GOVERNED_COUNTY_FIPS,SINGLE_COUNTY_CONTROL,1,48061,cameron-tx,Cameron County,,,,1,cameron-tx,false,true,true,true,true
Lasara,4841548,true,EXACT_CANONICAL_PLACE_REGISTRY_ROW_GOVERNED_COUNTY_FIPS,SINGLE_COUNTY_CONTROL,1,48489,willacy-tx,Willacy County,,,,1,willacy-tx,false,true,true,true,true
Las Haciendas,4841565,true,EXACT_CANONICAL_PLACE_REGISTRY_ROW_GOVERNED_COUNTY_FIPS,SINGLE_COUNTY_CONTROL,1,48479,webb-tx,Webb County,,,,1,webb-tx,false,true,true,true,true
Las Lomas,4841566,true,EXACT_CANONICAL_PLACE_REGISTRY_ROW_GOVERNED_COUNTY_FIPS,SINGLE_COUNTY_CONTROL,1,48427,starr-tx,Starr County,,,,1,starr-tx,false,true,true,true,true
Las Lomitas,4841569,true,EXACT_CANONICAL_PLACE_REGISTRY_ROW_GOVERNED_COUNTY_FIPS,SINGLE_COUNTY_CONTROL,1,48247,jim-hogg-tx,Jim Hogg County,,,,1,jim-hogg-tx,false,true,true,true,true
Las Palmas,4841579,true,EXACT_CANONICAL_PLACE_REGISTRY_ROW_GOVERNED_COUNTY_FIPS,SINGLE_COUNTY_CONTROL,1,48505,zapata-tx,Zapata County,,,,1,zapata-tx,false,true,true,true,true
Las Palmas II,4841580,true,EXACT_CANONICAL_PLACE_REGISTRY_ROW_GOVERNED_COUNTY_FIPS,SINGLE_COUNTY_CONTROL,1,48061,cameron-tx,Cameron County,,,,1,cameron-tx,false,true,true,true,true
Las Pilas,4841582,true,EXACT_CANONICAL_PLACE_REGISTRY_ROW_GOVERNED_COUNTY_FIPS,SINGLE_COUNTY_CONTROL,1,48479,webb-tx,Webb County,,,,1,webb-tx,false,true,true,true,true
Las Quintas Fronterizas,4841583,true,EXACT_CANONICAL_PLACE_REGISTRY_ROW_GOVERNED_COUNTY_FIPS,SINGLE_COUNTY_CONTROL,1,48323,maverick-tx,Maverick County,,,,1,maverick-tx,false,true,true,true,true
Latexo,4841644,true,EXACT_CANONICAL_PLACE_REGISTRY_ROW_GOVERNED_COUNTY_FIPS,SINGLE_COUNTY_CONTROL,1,48225,houston-tx,Houston County,,,,1,houston-tx,false,true,true,true,true
La Tina Ranch,4841660,true,EXACT_CANONICAL_PLACE_REGISTRY_ROW_GOVERNED_COUNTY_FIPS,SINGLE_COUNTY_CONTROL,1,48061,cameron-tx,Cameron County,,,,1,cameron-tx,false,true,true,true,true
Laughlin AFB,4841704,true,EXACT_CANONICAL_PLACE_REGISTRY_ROW_GOVERNED_COUNTY_FIPS,SINGLE_COUNTY_CONTROL,1,48465,val-verde-tx,Val Verde County,,,,1,val-verde-tx,false,true,true,true,true
Laureles,4841728,true,EXACT_CANONICAL_PLACE_REGISTRY_ROW_GOVERNED_COUNTY_FIPS,SINGLE_COUNTY_CONTROL,1,48061,cameron-tx,Cameron County,,,,1,cameron-tx,false,true,true,true,true
La Vernia,4841764,true,EXACT_CANONICAL_PLACE_REGISTRY_ROW_GOVERNED_COUNTY_FIPS,SINGLE_COUNTY_CONTROL,1,48493,wilson-tx,Wilson County,,,,1,wilson-tx,false,true,true,true,true
La Victoria,4841782,true,EXACT_CANONICAL_PLACE_REGISTRY_ROW_GOVERNED_COUNTY_FIPS,SINGLE_COUNTY_CONTROL,1,48427,starr-tx,Starr County,,,,1,starr-tx,false,true,true,true,true
La Villa,4841788,true,EXACT_CANONICAL_PLACE_REGISTRY_ROW_GOVERNED_COUNTY_FIPS,SINGLE_COUNTY_CONTROL,1,48215,hidalgo-tx,Hidalgo County,,,,1,hidalgo-tx,false,true,true,true,true
Lavon,4841800,true,EXACT_CANONICAL_PLACE_REGISTRY_ROW_GOVERNED_COUNTY_FIPS,SINGLE_COUNTY_CONTROL,1,48085,collin-tx,Collin County,,,,1,collin-tx,false,true,true,true,true
La Ward,4841848,true,EXACT_CANONICAL_PLACE_REGISTRY_ROW_GOVERNED_COUNTY_FIPS,SINGLE_COUNTY_CONTROL,1,48239,jackson-tx,Jackson County,,,,1,jackson-tx,false,true,true,true,true
Lawn,4841872,true,EXACT_CANONICAL_PLACE_REGISTRY_ROW_GOVERNED_COUNTY_FIPS,SINGLE_COUNTY_CONTROL,1,48441,taylor-tx,Taylor County,,,,1,taylor-tx,false,true,true,true,true
League City,4841980,true,EXACT_CANONICAL_PLACE_REGISTRY_ROW_GOVERNED_COUNTY_FIPS,MULTI_COUNTY_CONVERGENCE,2,48167|48201,galveston-tx|harris-tx,Galveston County|Harris County,,,,2,galveston-tx|harris-tx,false,true,true,true,true
Leakey,4842004,true,EXACT_CANONICAL_PLACE_REGISTRY_ROW_GOVERNED_COUNTY_FIPS,SINGLE_COUNTY_CONTROL,1,48385,real-tx,Real County,,,,1,real-tx,false,true,true,true,true
Leander,4842016,true,EXACT_CANONICAL_PLACE_REGISTRY_ROW_GOVERNED_COUNTY_FIPS,MULTI_COUNTY_CONVERGENCE,2,48453|48491,travis-tx|williamson-tx,Travis County|Williamson County,,,,2,travis-tx|williamson-tx,false,true,true,true,true
Leary,4842028,true,EXACT_CANONICAL_PLACE_REGISTRY_ROW_GOVERNED_COUNTY_FIPS,SINGLE_COUNTY_CONTROL,1,48037,bowie-tx,Bowie County,,,,1,bowie-tx,false,true,true,true,true
Lefors,4842148,true,EXACT_CANONICAL_PLACE_REGISTRY_ROW_GOVERNED_COUNTY_FIPS,SINGLE_COUNTY_CONTROL,1,48179,gray-tx,Gray County,,,,1,gray-tx,false,true,true,true,true
Lelia Lake,4842244,true,EXACT_CANONICAL_PLACE_REGISTRY_ROW_GOVERNED_COUNTY_FIPS,SINGLE_COUNTY_CONTROL,1,48129,donley-tx,Donley County,,,,1,donley-tx,false,true,true,true,true
Leming,4842256,true,EXACT_CANONICAL_PLACE_REGISTRY_ROW_GOVERNED_COUNTY_FIPS,SINGLE_COUNTY_CONTROL,1,48013,atascosa-tx,Atascosa County,,,,1,atascosa-tx,false,true,true,true,true
Leona,4842340,true,EXACT_CANONICAL_PLACE_REGISTRY_ROW_GOVERNED_COUNTY_FIPS,SINGLE_COUNTY_CONTROL,1,48289,leon-tx,Leon County,,,,1,leon-tx,false,true,true,true,true
Leonard,4842352,true,EXACT_CANONICAL_PLACE_REGISTRY_ROW_GOVERNED_COUNTY_FIPS,SINGLE_COUNTY_CONTROL,1,48147,fannin-tx,Fannin County,,,,1,fannin-tx,false,true,true,true,true
Leon Valley,4842388,true,EXACT_CANONICAL_PLACE_REGISTRY_ROW_GOVERNED_COUNTY_FIPS,SINGLE_COUNTY_CONTROL,1,48029,bexar-tx,Bexar County,,,,1,bexar-tx,false,true,true,true,true
Leroy,4842400,true,EXACT_CANONICAL_PLACE_REGISTRY_ROW_GOVERNED_COUNTY_FIPS,SINGLE_COUNTY_CONTROL,1,48309,mclennan-tx,McLennan County,,,,1,mclennan-tx,false,true,true,true,true
Levelland,4842448,true,EXACT_CANONICAL_PLACE_REGISTRY_ROW_GOVERNED_COUNTY_FIPS,SINGLE_COUNTY_CONTROL,1,48219,hockley-tx,Hockley County,,,,1,hockley-tx,false,true,true,true,true
Lewisville,4842508,true,EXACT_CANONICAL_PLACE_REGISTRY_ROW_GOVERNED_COUNTY_FIPS,MULTI_COUNTY_CONVERGENCE,2,48113|48121,dallas-tx|denton-tx,Dallas County|Denton County,,,,2,dallas-tx|denton-tx,false,true,true,true,true
Lexington,4842532,true,EXACT_CANONICAL_PLACE_REGISTRY_ROW_GOVERNED_COUNTY_FIPS,SINGLE_COUNTY_CONTROL,1,48287,lee-tx,Lee County,,,,1,lee-tx,false,true,true,true,true
Liberty,4842568,true,EXACT_CANONICAL_PLACE_REGISTRY_ROW_GOVERNED_COUNTY_FIPS,SINGLE_COUNTY_CONTROL,1,48291,liberty-tx,Liberty County,,,,1,liberty-tx,false,true,true,true,true
Liberty City,4842616,true,EXACT_CANONICAL_PLACE_REGISTRY_ROW_GOVERNED_COUNTY_FIPS,SINGLE_COUNTY_CONTROL,1,48183,gregg-tx,Gregg County,,,,1,gregg-tx,false,true,true,true,true
Liberty Hill,4842664,true,EXACT_CANONICAL_PLACE_REGISTRY_ROW_GOVERNED_COUNTY_FIPS,SINGLE_COUNTY_CONTROL,1,48491,williamson-tx,Williamson County,,,,1,williamson-tx,false,true,true,true,true
Lindale,4842820,true,EXACT_CANONICAL_PLACE_REGISTRY_ROW_GOVERNED_COUNTY_FIPS,SINGLE_COUNTY_CONTROL,1,48423,smith-tx,Smith County,,,,1,smith-tx,false,true,true,true,true
Linden,4842844,true,EXACT_CANONICAL_PLACE_REGISTRY_ROW_GOVERNED_COUNTY_FIPS,SINGLE_COUNTY_CONTROL,1,48067,cass-tx,Cass County,,,,1,cass-tx,false,true,true,true,true
Lindsay,4842868,true,EXACT_CANONICAL_PLACE_REGISTRY_ROW_GOVERNED_COUNTY_FIPS,SINGLE_COUNTY_CONTROL,1,48097,cooke-tx,Cooke County,,,,1,cooke-tx,false,true,true,true,true
Lindsay,4842874,true,EXACT_CANONICAL_PLACE_REGISTRY_ROW_GOVERNED_COUNTY_FIPS,SINGLE_COUNTY_CONTROL,1,48389,reeves-tx,Reeves County,,,,1,reeves-tx,false,true,true,true,true
Lingleville,4842880,true,EXACT_CANONICAL_PLACE_REGISTRY_ROW_GOVERNED_COUNTY_FIPS,SINGLE_COUNTY_CONTROL,1,48143,erath-tx,Erath County,,,,1,erath-tx,false,true,true,true,true
Linn,4842916,true,EXACT_CANONICAL_PLACE_REGISTRY_ROW_GOVERNED_COUNTY_FIPS,SINGLE_COUNTY_CONTROL,1,48215,hidalgo-tx,Hidalgo County,,,,1,hidalgo-tx,false,true,true,true,true
Lipan,4842940,true,EXACT_CANONICAL_PLACE_REGISTRY_ROW_GOVERNED_COUNTY_FIPS,SINGLE_COUNTY_CONTROL,1,48221,hood-tx,Hood County,,,,1,hood-tx,false,true,true,true,true
Lipscomb,4842952,true,EXACT_CANONICAL_PLACE_REGISTRY_ROW_GOVERNED_COUNTY_FIPS,SINGLE_COUNTY_CONTROL,1,48295,lipscomb-tx,Lipscomb County,,,,1,lipscomb-tx,false,true,true,true,true
Little Cypress,4843000,true,EXACT_CANONICAL_PLACE_REGISTRY_ROW_GOVERNED_COUNTY_FIPS,SINGLE_COUNTY_CONTROL,1,48361,orange-tx,Orange County,,,,1,orange-tx,false,true,true,true,true
Little Elm,4843012,true,EXACT_CANONICAL_PLACE_REGISTRY_ROW_GOVERNED_COUNTY_FIPS,SINGLE_COUNTY_CONTROL,1,48121,denton-tx,Denton County,,,,1,denton-tx,false,true,true,true,true
Littlefield,4843024,true,EXACT_CANONICAL_PLACE_REGISTRY_ROW_GOVERNED_COUNTY_FIPS,SINGLE_COUNTY_CONTROL,1,48279,lamb-tx,Lamb County,,,,1,lamb-tx,false,true,true,true,true
Little River-Academy,4843066,true,EXACT_CANONICAL_PLACE_REGISTRY_ROW_GOVERNED_COUNTY_FIPS,SINGLE_COUNTY_CONTROL,1,48027,bell-tx,Bell County,,,,1,bell-tx,false,true,true,true,true
Live Oak,4843096,true,EXACT_CANONICAL_PLACE_REGISTRY_ROW_GOVERNED_COUNTY_FIPS,SINGLE_COUNTY_CONTROL,1,48029,bexar-tx,Bexar County,,,,1,bexar-tx,false,true,true,true,true
Liverpool,4843120,true,EXACT_CANONICAL_PLACE_REGISTRY_ROW_GOVERNED_COUNTY_FIPS,SINGLE_COUNTY_CONTROL,1,48039,brazoria-tx,Brazoria County,,,,1,brazoria-tx,false,true,true,true,true
Livingston,4843132,true,EXACT_CANONICAL_PLACE_REGISTRY_ROW_GOVERNED_COUNTY_FIPS,SINGLE_COUNTY_CONTROL,1,48373,polk-tx,Polk County,,,,1,polk-tx,false,true,true,true,true
Llano,4843144,true,EXACT_CANONICAL_PLACE_REGISTRY_ROW_GOVERNED_COUNTY_FIPS,SINGLE_COUNTY_CONTROL,1,48299,llano-tx,Llano County,,,,1,llano-tx,false,true,true,true,true
Llano Grande,4843150,true,EXACT_CANONICAL_PLACE_REGISTRY_ROW_GOVERNED_COUNTY_FIPS,SINGLE_COUNTY_CONTROL,1,48215,hidalgo-tx,Hidalgo County,,,,1,hidalgo-tx,false,true,true,true,true
Lockett,4843216,true,EXACT_CANONICAL_PLACE_REGISTRY_ROW_GOVERNED_COUNTY_FIPS,SINGLE_COUNTY_CONTROL,1,48487,wilbarger-tx,Wilbarger County,,,,1,wilbarger-tx,false,true,true,true,true
Lockhart,4843240,true,EXACT_CANONICAL_PLACE_REGISTRY_ROW_GOVERNED_COUNTY_FIPS,SINGLE_COUNTY_CONTROL,1,48055,caldwell-tx,Caldwell County,,,,1,caldwell-tx,false,true,true,true,true
Lockney,4843252,true,EXACT_CANONICAL_PLACE_REGISTRY_ROW_GOVERNED_COUNTY_FIPS,SINGLE_COUNTY_CONTROL,1,48153,floyd-tx,Floyd County,,,,1,floyd-tx,false,true,true,true,true
Log Cabin,4843354,true,EXACT_CANONICAL_PLACE_REGISTRY_ROW_GOVERNED_COUNTY_FIPS,SINGLE_COUNTY_CONTROL,1,48213,henderson-tx,Henderson County,,,,1,henderson-tx,false,true,true,true,true
Lolita,4843432,true,EXACT_CANONICAL_PLACE_REGISTRY_ROW_GOVERNED_COUNTY_FIPS,SINGLE_COUNTY_CONTROL,1,48239,jackson-tx,Jackson County,,,,1,jackson-tx,false,true,true,true,true
Loma Grande,4843458,true,EXACT_CANONICAL_PLACE_REGISTRY_ROW_GOVERNED_COUNTY_FIPS,SINGLE_COUNTY_CONTROL,1,48507,zavala-tx,Zavala County,,,,1,zavala-tx,false,true,true,true,true
Loma Linda,4843460,true,EXACT_CANONICAL_PLACE_REGISTRY_ROW_GOVERNED_COUNTY_FIPS,SINGLE_COUNTY_CONTROL,1,48409,san-patricio-tx,San Patricio County,,,,1,san-patricio-tx,false,true,true,true,true
Loma Linda East,4843462,true,EXACT_CANONICAL_PLACE_REGISTRY_ROW_GOVERNED_COUNTY_FIPS,SINGLE_COUNTY_CONTROL,1,48249,jim-wells-tx,Jim Wells County,,,,1,jim-wells-tx,false,true,true,true,true
Loma Linda East,4843463,true,EXACT_CANONICAL_PLACE_REGISTRY_ROW_GOVERNED_COUNTY_FIPS,SINGLE_COUNTY_CONTROL,1,48427,starr-tx,Starr County,,,,1,starr-tx,false,true,true,true,true
Loma Linda West,4843465,true,EXACT_CANONICAL_PLACE_REGISTRY_ROW_GOVERNED_COUNTY_FIPS,SINGLE_COUNTY_CONTROL,1,48427,starr-tx,Starr County,,,,1,starr-tx,false,true,true,true,true
Loma Vista,4843474,true,EXACT_CANONICAL_PLACE_REGISTRY_ROW_GOVERNED_COUNTY_FIPS,SINGLE_COUNTY_CONTROL,1,48427,starr-tx,Starr County,,,,1,starr-tx,false,true,true,true,true
Lometa,4843516,true,EXACT_CANONICAL_PLACE_REGISTRY_ROW_GOVERNED_COUNTY_FIPS,SINGLE_COUNTY_CONTROL,1,48281,lampasas-tx,Lampasas County,,,,1,lampasas-tx,false,true,true,true,true
Lone Oak,4843636,true,EXACT_CANONICAL_PLACE_REGISTRY_ROW_GOVERNED_COUNTY_FIPS,SINGLE_COUNTY_CONTROL,1,48231,hunt-tx,Hunt County,,,,1,hunt-tx,false,true,true,true,true
Lone Star,4843684,true,EXACT_CANONICAL_PLACE_REGISTRY_ROW_GOVERNED_COUNTY_FIPS,SINGLE_COUNTY_CONTROL,1,48343,morris-tx,Morris County,,,,1,morris-tx,false,true,true,true,true
Longoria,4843822,true,EXACT_CANONICAL_PLACE_REGISTRY_ROW_GOVERNED_COUNTY_FIPS,SINGLE_COUNTY_CONTROL,1,48427,starr-tx,Starr County,,,,1,starr-tx,false,true,true,true,true
Longview,4843888,true,EXACT_CANONICAL_PLACE_REGISTRY_ROW_GOVERNED_COUNTY_FIPS,MULTI_COUNTY_CONVERGENCE,2,48183|48203,gregg-tx|harrison-tx,Gregg County|Harrison County,,,,2,gregg-tx|harrison-tx,false,true,true,true,true
Loop,4843948,true,EXACT_CANONICAL_PLACE_REGISTRY_ROW_GOVERNED_COUNTY_FIPS,SINGLE_COUNTY_CONTROL,1,48165,gaines-tx,Gaines County,,,,1,gaines-tx,false,true,true,true,true
LopeÃ±o,4843960,true,EXACT_CANONICAL_PLACE_REGISTRY_ROW_GOVERNED_COUNTY_FIPS,SINGLE_COUNTY_CONTROL,1,48505,zapata-tx,Zapata County,,,,1,zapata-tx,false,true,true,true,true
Lopezville,4843972,true,EXACT_CANONICAL_PLACE_REGISTRY_ROW_GOVERNED_COUNTY_FIPS,SINGLE_COUNTY_CONTROL,1,48215,hidalgo-tx,Hidalgo County,,,,1,hidalgo-tx,false,true,true,true,true
Loraine,4843996,true,EXACT_CANONICAL_PLACE_REGISTRY_ROW_GOVERNED_COUNTY_FIPS,SINGLE_COUNTY_CONTROL,1,48335,mitchell-tx,Mitchell County,,,,1,mitchell-tx,false,true,true,true,true
Lorena,4844020,true,EXACT_CANONICAL_PLACE_REGISTRY_ROW_GOVERNED_COUNTY_FIPS,SINGLE_COUNTY_CONTROL,1,48309,mclennan-tx,McLennan County,,,,1,mclennan-tx,false,true,true,true,true
Lorenzo,4844032,true,EXACT_CANONICAL_PLACE_REGISTRY_ROW_GOVERNED_COUNTY_FIPS,SINGLE_COUNTY_CONTROL,1,48107,crosby-tx,Crosby County,,,,1,crosby-tx,false,true,true,true,true
Los Altos,4844038,true,EXACT_CANONICAL_PLACE_REGISTRY_ROW_GOVERNED_COUNTY_FIPS,SINGLE_COUNTY_CONTROL,1,48479,webb-tx,Webb County,,,,1,webb-tx,false,true,true,true,true
Los Alvarez,4844044,true,EXACT_CANONICAL_PLACE_REGISTRY_ROW_GOVERNED_COUNTY_FIPS,SINGLE_COUNTY_CONTROL,1,48427,starr-tx,Starr County,,,,1,starr-tx,false,true,true,true,true
Los Angeles,4844062,true,EXACT_CANONICAL_PLACE_REGISTRY_ROW_GOVERNED_COUNTY_FIPS,SINGLE_COUNTY_CONTROL,1,48489,willacy-tx,Willacy County,,,,1,willacy-tx,false,true,true,true,true
Los Arcos,4844072,true,EXACT_CANONICAL_PLACE_REGISTRY_ROW_GOVERNED_COUNTY_FIPS,SINGLE_COUNTY_CONTROL,1,48479,webb-tx,Webb County,,,,1,webb-tx,false,true,true,true,true
Los Arrieros,4844075,true,EXACT_CANONICAL_PLACE_REGISTRY_ROW_GOVERNED_COUNTY_FIPS,SINGLE_COUNTY_CONTROL,1,48427,starr-tx,Starr County,,,,1,starr-tx,false,true,true,true,true
Los Barreras,4844076,true,EXACT_CANONICAL_PLACE_REGISTRY_ROW_GOVERNED_COUNTY_FIPS,SINGLE_COUNTY_CONTROL,1,48427,starr-tx,Starr County,,,,1,starr-tx,false,true,true,true,true
Los Centenarios,4844077,true,EXACT_CANONICAL_PLACE_REGISTRY_ROW_GOVERNED_COUNTY_FIPS,SINGLE_COUNTY_CONTROL,1,48479,webb-tx,Webb County,,,,1,webb-tx,false,true,true,true,true
Los Corralitos,4844079,true,EXACT_CANONICAL_PLACE_REGISTRY_ROW_GOVERNED_COUNTY_FIPS,SINGLE_COUNTY_CONTROL,1,48479,webb-tx,Webb County,,,,1,webb-tx,false,true,true,true,true
Los Ebanos,4844104,true,EXACT_CANONICAL_PLACE_REGISTRY_ROW_GOVERNED_COUNTY_FIPS,SINGLE_COUNTY_CONTROL,1,48215,hidalgo-tx,Hidalgo County,,,,1,hidalgo-tx,false,true,true,true,true
Los Ebanos,4844110,true,EXACT_CANONICAL_PLACE_REGISTRY_ROW_GOVERNED_COUNTY_FIPS,SINGLE_COUNTY_CONTROL,1,48427,starr-tx,Starr County,,,,1,starr-tx,false,true,true,true,true
Los Fresnos,4844116,true,EXACT_CANONICAL_PLACE_REGISTRY_ROW_GOVERNED_COUNTY_FIPS,SINGLE_COUNTY_CONTROL,1,48061,cameron-tx,Cameron County,,,,1,cameron-tx,false,true,true,true,true
Los Fresnos,4844120,true,EXACT_CANONICAL_PLACE_REGISTRY_ROW_GOVERNED_COUNTY_FIPS,SINGLE_COUNTY_CONTROL,1,48479,webb-tx,Webb County,,,,1,webb-tx,false,true,true,true,true
Los Huisaches,4844123,true,EXACT_CANONICAL_PLACE_REGISTRY_ROW_GOVERNED_COUNTY_FIPS,SINGLE_COUNTY_CONTROL,1,48479,webb-tx,Webb County,,,,1,webb-tx,false,true,true,true,true
Los Indios,4844128,true,EXACT_CANONICAL_PLACE_REGISTRY_ROW_GOVERNED_COUNTY_FIPS,SINGLE_COUNTY_CONTROL,1,48061,cameron-tx,Cameron County,,,,1,cameron-tx,false,true,true,true,true
Los Lobos,4844142,true,EXACT_CANONICAL_PLACE_REGISTRY_ROW_GOVERNED_COUNTY_FIPS,SINGLE_COUNTY_CONTROL,1,48505,zapata-tx,Zapata County,,,,1,zapata-tx,false,true,true,true,true
Los Minerales,4844145,true,EXACT_CANONICAL_PLACE_REGISTRY_ROW_GOVERNED_COUNTY_FIPS,SINGLE_COUNTY_CONTROL,1,48479,webb-tx,Webb County,,,,1,webb-tx,false,true,true,true,true
Los Nopalitos,4844146,true,EXACT_CANONICAL_PLACE_REGISTRY_ROW_GOVERNED_COUNTY_FIPS,SINGLE_COUNTY_CONTROL,1,48479,webb-tx,Webb County,,,,1,webb-tx,false,true,true,true,true
Lost Creek,4844162,true,EXACT_CANONICAL_PLACE_REGISTRY_ROW_GOVERNED_COUNTY_FIPS,SINGLE_COUNTY_CONTROL,1,48453,travis-tx,Travis County,,,,1,travis-tx,false,true,true,true,true
Los Veteranos I,4844167,true,EXACT_CANONICAL_PLACE_REGISTRY_ROW_GOVERNED_COUNTY_FIPS,SINGLE_COUNTY_CONTROL,1,48479,webb-tx,Webb County,,,,1,webb-tx,false,true,true,true,true
Los Veteranos II,4844168,true,EXACT_CANONICAL_PLACE_REGISTRY_ROW_GOVERNED_COUNTY_FIPS,SINGLE_COUNTY_CONTROL,1,48479,webb-tx,Webb County,,,,1,webb-tx,false,true,true,true,true
Los Ybanez,4844170,true,EXACT_CANONICAL_PLACE_REGISTRY_ROW_GOVERNED_COUNTY_FIPS,SINGLE_COUNTY_CONTROL,1,48115,dawson-tx,Dawson County,,,,1,dawson-tx,false,true,true,true,true
Lott,4844176,true,EXACT_CANONICAL_PLACE_REGISTRY_ROW_GOVERNED_COUNTY_FIPS,SINGLE_COUNTY_CONTROL,1,48145,falls-tx,Falls County,,,,1,falls-tx,false,true,true,true,true
Louise,4844212,true,EXACT_CANONICAL_PLACE_REGISTRY_ROW_GOVERNED_COUNTY_FIPS,SINGLE_COUNTY_CONTROL,1,48481,wharton-tx,Wharton County,,,,1,wharton-tx,false,true,true,true,true
Lovelady,4844260,true,EXACT_CANONICAL_PLACE_REGISTRY_ROW_GOVERNED_COUNTY_FIPS,SINGLE_COUNTY_CONTROL,1,48225,houston-tx,Houston County,,,,1,houston-tx,false,true,true,true,true
Loving,4844284,true,EXACT_CANONICAL_PLACE_REGISTRY_ROW_GOVERNED_COUNTY_FIPS,SINGLE_COUNTY_CONTROL,1,48503,young-tx,Young County,,,,1,young-tx,false,true,true,true,true
Lowry Crossing,4844308,true,EXACT_CANONICAL_PLACE_REGISTRY_ROW_GOVERNED_COUNTY_FIPS,SINGLE_COUNTY_CONTROL,1,48085,collin-tx,Collin County,,,,1,collin-tx,false,true,true,true,true
Lozano,4844344,true,EXACT_CANONICAL_PLACE_REGISTRY_ROW_GOVERNED_COUNTY_FIPS,SINGLE_COUNTY_CONTROL,1,48061,cameron-tx,Cameron County,,,,1,cameron-tx,false,true,true,true,true
Lubbock,4845000,true,EXACT_CANONICAL_PLACE_REGISTRY_ROW_GOVERNED_COUNTY_FIPS,SINGLE_COUNTY_CONTROL,1,48303,lubbock-tx,Lubbock County,,,,1,lubbock-tx,false,true,true,true,true
Lucas,4845012,true,EXACT_CANONICAL_PLACE_REGISTRY_ROW_GOVERNED_COUNTY_FIPS,SINGLE_COUNTY_CONTROL,1,48085,collin-tx,Collin County,,,,1,collin-tx,false,true,true,true,true
Lueders,4845048,true,EXACT_CANONICAL_PLACE_REGISTRY_ROW_GOVERNED_COUNTY_FIPS,MULTI_COUNTY_CONVERGENCE,2,48253|48417,jones-tx|shackelford-tx,Jones County|Shackelford County,,,,2,jones-tx|shackelford-tx,false,true,true,true,true
Lufkin,4845072,true,EXACT_CANONICAL_PLACE_REGISTRY_ROW_GOVERNED_COUNTY_FIPS,SINGLE_COUNTY_CONTROL,1,48005,angelina-tx,Angelina County,,,,1,angelina-tx,false,true,true,true,true
Luling,4845096,true,EXACT_CANONICAL_PLACE_REGISTRY_ROW_GOVERNED_COUNTY_FIPS,MULTI_COUNTY_CONVERGENCE,2,48055|48187,caldwell-tx|guadalupe-tx,Caldwell County|Guadalupe County,,,,2,caldwell-tx|guadalupe-tx,false,true,true,true,true
Lumberton,4845120,true,EXACT_CANONICAL_PLACE_REGISTRY_ROW_GOVERNED_COUNTY_FIPS,SINGLE_COUNTY_CONTROL,1,48199,hardin-tx,Hardin County,,,,1,hardin-tx,false,true,true,true,true
Lyford,4845228,true,EXACT_CANONICAL_PLACE_REGISTRY_ROW_GOVERNED_COUNTY_FIPS,SINGLE_COUNTY_CONTROL,1,48489,willacy-tx,Willacy County,,,,1,willacy-tx,false,true,true,true,true
Lyons,4845276,true,EXACT_CANONICAL_PLACE_REGISTRY_ROW_GOVERNED_COUNTY_FIPS,SINGLE_COUNTY_CONTROL,1,48051,burleson-tx,Burleson County,,,,1,burleson-tx,false,true,true,true,true
Lytle,4845288,true,EXACT_CANONICAL_PLACE_REGISTRY_ROW_GOVERNED_COUNTY_FIPS,MULTI_COUNTY_CONVERGENCE,3,48013|48029|48325,atascosa-tx|bexar-tx|medina-tx,Atascosa County|Bexar County|Medina County,,,,3,atascosa-tx|bexar-tx|medina-tx,false,true,true,true,true
Mabank,4845324,true,EXACT_CANONICAL_PLACE_REGISTRY_ROW_GOVERNED_COUNTY_FIPS,MULTI_COUNTY_CONVERGENCE,3,48213|48257|48467,henderson-tx|kaufman-tx|van-zandt-tx,Henderson County|Kaufman County|Van Zandt County,,,,3,henderson-tx|kaufman-tx|van-zandt-tx,false,true,true,true,true
McAllen,4845384,true,EXACT_CANONICAL_PLACE_REGISTRY_ROW_GOVERNED_COUNTY_FIPS,SINGLE_COUNTY_CONTROL,1,48215,hidalgo-tx,Hidalgo County,,,,1,hidalgo-tx,false,true,true,true,true
McCamey,4845432,true,EXACT_CANONICAL_PLACE_REGISTRY_ROW_GOVERNED_COUNTY_FIPS,SINGLE_COUNTY_CONTROL,1,48461,upton-tx,Upton County,,,,1,upton-tx,false,true,true,true,true
McCaulley,4845444,true,EXACT_CANONICAL_PLACE_REGISTRY_ROW_GOVERNED_COUNTY_FIPS,SINGLE_COUNTY_CONTROL,1,48151,fisher-tx,Fisher County,,,,1,fisher-tx,false,true,true,true,true
McDade,4845564,true,EXACT_CANONICAL_PLACE_REGISTRY_ROW_GOVERNED_COUNTY_FIPS,SINGLE_COUNTY_CONTROL,1,48021,bastrop-tx,Bastrop County,,,,1,bastrop-tx,false,true,true,true,true
Macdona,4845576,true,EXACT_CANONICAL_PLACE_REGISTRY_ROW_GOVERNED_COUNTY_FIPS,SINGLE_COUNTY_CONTROL,1,48029,bexar-tx,Bexar County,,,,1,bexar-tx,false,true,true,true,true
McGregor,4845672,true,EXACT_CANONICAL_PLACE_REGISTRY_ROW_GOVERNED_COUNTY_FIPS,MULTI_COUNTY_CONVERGENCE,2,48099|48309,coryell-tx|mclennan-tx,Coryell County|McLennan County,,,,2,coryell-tx|mclennan-tx,false,true,true,true,true
McKinney,4845744,true,EXACT_CANONICAL_PLACE_REGISTRY_ROW_GOVERNED_COUNTY_FIPS,SINGLE_COUNTY_CONTROL,1,48085,collin-tx,Collin County,,,,1,collin-tx,false,true,true,true,true
McKinney Acres,4845750,true,EXACT_CANONICAL_PLACE_REGISTRY_ROW_GOVERNED_COUNTY_FIPS,SINGLE_COUNTY_CONTROL,1,48003,andrews-tx,Andrews County,,,,1,andrews-tx,false,true,true,true,true
McLean,4845780,true,EXACT_CANONICAL_PLACE_REGISTRY_ROW_GOVERNED_COUNTY_FIPS,SINGLE_COUNTY_CONTROL,1,48179,gray-tx,Gray County,,,,1,gray-tx,false,true,true,true,true
McLendon-Chisholm,4845804,true,EXACT_CANONICAL_PLACE_REGISTRY_ROW_GOVERNED_COUNTY_FIPS,MULTI_COUNTY_CONVERGENCE,2,48257|48397,kaufman-tx|rockwall-tx,Kaufman County|Rockwall County,,,,2,kaufman-tx|rockwall-tx,false,true,true,true,true
McLeod,4845816,true,EXACT_CANONICAL_PLACE_REGISTRY_ROW_GOVERNED_COUNTY_FIPS,SINGLE_COUNTY_CONTROL,1,48067,cass-tx,Cass County,,,,1,cass-tx,false,true,true,true,true
McQueeney,4845948,true,EXACT_CANONICAL_PLACE_REGISTRY_ROW_GOVERNED_COUNTY_FIPS,SINGLE_COUNTY_CONTROL,1,48187,guadalupe-tx,Guadalupe County,,,,1,guadalupe-tx,false,true,true,true,true
Madisonville,4845996,true,EXACT_CANONICAL_PLACE_REGISTRY_ROW_GOVERNED_COUNTY_FIPS,SINGLE_COUNTY_CONTROL,1,48313,madison-tx,Madison County,,,,1,madison-tx,false,true,true,true,true
Magnolia,4846056,true,EXACT_CANONICAL_PLACE_REGISTRY_ROW_GOVERNED_COUNTY_FIPS,SINGLE_COUNTY_CONTROL,1,48339,montgomery-tx,Montgomery County,,,,1,montgomery-tx,false,true,true,true,true
Magnolia Beach,4846080,true,EXACT_CANONICAL_PLACE_REGISTRY_ROW_GOVERNED_COUNTY_FIPS,SINGLE_COUNTY_CONTROL,1,48057,calhoun-tx,Calhoun County,,,,1,calhoun-tx,false,true,true,true,true
Malakoff,4846224,true,EXACT_CANONICAL_PLACE_REGISTRY_ROW_GOVERNED_COUNTY_FIPS,SINGLE_COUNTY_CONTROL,1,48213,henderson-tx,Henderson County,,,,1,henderson-tx,false,true,true,true,true
Malone,4846260,true,EXACT_CANONICAL_PLACE_REGISTRY_ROW_GOVERNED_COUNTY_FIPS,SINGLE_COUNTY_CONTROL,1,48217,hill-tx,Hill County,,,,1,hill-tx,false,true,true,true,true
Manchaca,4846308,true,EXACT_CANONICAL_PLACE_REGISTRY_ROW_GOVERNED_COUNTY_FIPS,SINGLE_COUNTY_CONTROL,1,48453,travis-tx,Travis County,,,,1,travis-tx,false,true,true,true,true
Manor,4846440,true,EXACT_CANONICAL_PLACE_REGISTRY_ROW_GOVERNED_COUNTY_FIPS,SINGLE_COUNTY_CONTROL,1,48453,travis-tx,Travis County,,,,1,travis-tx,false,true,true,true,true
Mansfield,4846452,true,EXACT_CANONICAL_PLACE_REGISTRY_ROW_GOVERNED_COUNTY_FIPS,MULTI_COUNTY_CONVERGENCE,3,48139|48251|48439,ellis-tx|johnson-tx|tarrant-tx,Ellis County|Johnson County|Tarrant County,,,,3,ellis-tx|johnson-tx|tarrant-tx,false,true,true,true,true
Manuel Garcia,4846492,true,EXACT_CANONICAL_PLACE_REGISTRY_ROW_GOVERNED_COUNTY_FIPS,SINGLE_COUNTY_CONTROL,1,48427,starr-tx,Starr County,,,,1,starr-tx,false,true,true,true,true
Manuel Garcia II,4846494,true,EXACT_CANONICAL_PLACE_REGISTRY_ROW_GOVERNED_COUNTY_FIPS,SINGLE_COUNTY_CONTROL,1,48427,starr-tx,Starr County,,,,1,starr-tx,false,true,true,true,true
Manvel,4846500,true,EXACT_CANONICAL_PLACE_REGISTRY_ROW_GOVERNED_COUNTY_FIPS,SINGLE_COUNTY_CONTROL,1,48039,brazoria-tx,Brazoria County,,,,1,brazoria-tx,false,true,true,true,true
Marathon,4846572,true,EXACT_CANONICAL_PLACE_REGISTRY_ROW_GOVERNED_COUNTY_FIPS,SINGLE_COUNTY_CONTROL,1,48043,brewster-tx,Brewster County,,,,1,brewster-tx,false,true,true,true,true
Marble Falls,4846584,true,EXACT_CANONICAL_PLACE_REGISTRY_ROW_GOVERNED_COUNTY_FIPS,SINGLE_COUNTY_CONTROL,1,48053,burnet-tx,Burnet County,,,,1,burnet-tx,false,true,true,true,true
Marfa,4846620,true,EXACT_CANONICAL_PLACE_REGISTRY_ROW_GOVERNED_COUNTY_FIPS,SINGLE_COUNTY_CONTROL,1,48377,presidio-tx,Presidio County,,,,1,presidio-tx,false,true,true,true,true
Marietta,4846668,true,EXACT_CANONICAL_PLACE_REGISTRY_ROW_GOVERNED_COUNTY_FIPS,SINGLE_COUNTY_CONTROL,1,48067,cass-tx,Cass County,,,,1,cass-tx,false,true,true,true,true
Marion,4846692,true,EXACT_CANONICAL_PLACE_REGISTRY_ROW_GOVERNED_COUNTY_FIPS,SINGLE_COUNTY_CONTROL,1,48187,guadalupe-tx,Guadalupe County,,,,1,guadalupe-tx,false,true,true,true,true
Markham,4846716,true,EXACT_CANONICAL_PLACE_REGISTRY_ROW_GOVERNED_COUNTY_FIPS,SINGLE_COUNTY_CONTROL,1,48321,matagorda-tx,Matagorda County,,,,1,matagorda-tx,false,true,true,true,true
Marlin,4846740,true,EXACT_CANONICAL_PLACE_REGISTRY_ROW_GOVERNED_COUNTY_FIPS,SINGLE_COUNTY_CONTROL,1,48145,falls-tx,Falls County,,,,1,falls-tx,false,true,true,true,true
Marquez,4846752,true,EXACT_CANONICAL_PLACE_REGISTRY_ROW_GOVERNED_COUNTY_FIPS,SINGLE_COUNTY_CONTROL,1,48289,leon-tx,Leon County,,,,1,leon-tx,false,true,true,true,true
Marshall,4846776,true,EXACT_CANONICAL_PLACE_REGISTRY_ROW_GOVERNED_COUNTY_FIPS,SINGLE_COUNTY_CONTROL,1,48203,harrison-tx,Harrison County,,,,1,harrison-tx,false,true,true,true,true
Mart,4846824,true,EXACT_CANONICAL_PLACE_REGISTRY_ROW_GOVERNED_COUNTY_FIPS,MULTI_COUNTY_CONVERGENCE,2,48293|48309,limestone-tx|mclennan-tx,Limestone County|McLennan County,,,,2,limestone-tx|mclennan-tx,false,true,true,true,true
Martindale,4846848,true,EXACT_CANONICAL_PLACE_REGISTRY_ROW_GOVERNED_COUNTY_FIPS,SINGLE_COUNTY_CONTROL,1,48055,caldwell-tx,Caldwell County,,,,1,caldwell-tx,false,true,true,true,true
Martinez,4846854,true,EXACT_CANONICAL_PLACE_REGISTRY_ROW_GOVERNED_COUNTY_FIPS,SINGLE_COUNTY_CONTROL,1,48427,starr-tx,Starr County,,,,1,starr-tx,false,true,true,true,true
Mason,4846968,true,EXACT_CANONICAL_PLACE_REGISTRY_ROW_GOVERNED_COUNTY_FIPS,SINGLE_COUNTY_CONTROL,1,48319,mason-tx,Mason County,,,,1,mason-tx,false,true,true,true,true
Matador,4847004,true,EXACT_CANONICAL_PLACE_REGISTRY_ROW_GOVERNED_COUNTY_FIPS,SINGLE_COUNTY_CONTROL,1,48345,motley-tx,Motley County,,,,1,motley-tx,false,true,true,true,true
Matagorda,4847016,true,EXACT_CANONICAL_PLACE_REGISTRY_ROW_GOVERNED_COUNTY_FIPS,SINGLE_COUNTY_CONTROL,1,48321,matagorda-tx,Matagorda County,,,,1,matagorda-tx,false,true,true,true,true
Mathis,4847040,true,EXACT_CANONICAL_PLACE_REGISTRY_ROW_GOVERNED_COUNTY_FIPS,SINGLE_COUNTY_CONTROL,1,48409,san-patricio-tx,San Patricio County,,,,1,san-patricio-tx,false,true,true,true,true
Maud,4847088,true,EXACT_CANONICAL_PLACE_REGISTRY_ROW_GOVERNED_COUNTY_FIPS,SINGLE_COUNTY_CONTROL,1,48037,bowie-tx,Bowie County,,,,1,bowie-tx,false,true,true,true,true
Mauriceville,4847100,true,EXACT_CANONICAL_PLACE_REGISTRY_ROW_GOVERNED_COUNTY_FIPS,SINGLE_COUNTY_CONTROL,1,48361,orange-tx,Orange County,,,,1,orange-tx,false,true,true,true,true
May,4847172,true,EXACT_CANONICAL_PLACE_REGISTRY_ROW_GOVERNED_COUNTY_FIPS,SINGLE_COUNTY_CONTROL,1,48049,brown-tx,Brown County,,,,1,brown-tx,false,true,true,true,true
Maypearl,4847268,true,EXACT_CANONICAL_PLACE_REGISTRY_ROW_GOVERNED_COUNTY_FIPS,SINGLE_COUNTY_CONTROL,1,48139,ellis-tx,Ellis County,,,,1,ellis-tx,false,true,true,true,true
Meadow,4847316,true,EXACT_CANONICAL_PLACE_REGISTRY_ROW_GOVERNED_COUNTY_FIPS,SINGLE_COUNTY_CONTROL,1,48445,terry-tx,Terry County,,,,1,terry-tx,false,true,true,true,true
Meadowlakes,4847330,true,EXACT_CANONICAL_PLACE_REGISTRY_ROW_GOVERNED_COUNTY_FIPS,SINGLE_COUNTY_CONTROL,1,48053,burnet-tx,Burnet County,,,,1,burnet-tx,false,true,true,true,true
Meadows Place,4847337,true,EXACT_CANONICAL_PLACE_REGISTRY_ROW_GOVERNED_COUNTY_FIPS,SINGLE_COUNTY_CONTROL,1,48157,fort-bend-tx,Fort Bend County,,,,1,fort-bend-tx,false,true,true,true,true
Medina,4847406,true,EXACT_CANONICAL_PLACE_REGISTRY_ROW_GOVERNED_COUNTY_FIPS,SINGLE_COUNTY_CONTROL,1,48505,zapata-tx,Zapata County,,,,1,zapata-tx,false,true,true,true,true
Megargel,4847460,true,EXACT_CANONICAL_PLACE_REGISTRY_ROW_GOVERNED_COUNTY_FIPS,SINGLE_COUNTY_CONTROL,1,48009,archer-tx,Archer County,,,,1,archer-tx,false,true,true,true,true
Melissa,4847496,true,EXACT_CANONICAL_PLACE_REGISTRY_ROW_GOVERNED_COUNTY_FIPS,SINGLE_COUNTY_CONTROL,1,48085,collin-tx,Collin County,,,,1,collin-tx,false,true,true,true,true
Melvin,4847568,true,EXACT_CANONICAL_PLACE_REGISTRY_ROW_GOVERNED_COUNTY_FIPS,SINGLE_COUNTY_CONTROL,1,48307,mcculloch-tx,McCulloch County,,,,1,mcculloch-tx,false,true,true,true,true
Memphis,4847616,true,EXACT_CANONICAL_PLACE_REGISTRY_ROW_GOVERNED_COUNTY_FIPS,SINGLE_COUNTY_CONTROL,1,48191,hall-tx,Hall County,,,,1,hall-tx,false,true,true,true,true
Menard,4847628,true,EXACT_CANONICAL_PLACE_REGISTRY_ROW_GOVERNED_COUNTY_FIPS,SINGLE_COUNTY_CONTROL,1,48327,menard-tx,Menard County,,,,1,menard-tx,false,true,true,true,true
Mentone,4847676,true,EXACT_CANONICAL_PLACE_REGISTRY_ROW_GOVERNED_COUNTY_FIPS,SINGLE_COUNTY_CONTROL,1,48301,loving-tx,Loving County,,,,1,loving-tx,false,true,true,true,true
Mercedes,4847700,true,EXACT_CANONICAL_PLACE_REGISTRY_ROW_GOVERNED_COUNTY_FIPS,SINGLE_COUNTY_CONTROL,1,48215,hidalgo-tx,Hidalgo County,,,,1,hidalgo-tx,false,true,true,true,true
Meridian,4847760,true,EXACT_CANONICAL_PLACE_REGISTRY_ROW_GOVERNED_COUNTY_FIPS,SINGLE_COUNTY_CONTROL,1,48035,bosque-tx,Bosque County,,,,1,bosque-tx,false,true,true,true,true
Merkel,4847796,true,EXACT_CANONICAL_PLACE_REGISTRY_ROW_GOVERNED_COUNTY_FIPS,SINGLE_COUNTY_CONTROL,1,48441,taylor-tx,Taylor County,,,,1,taylor-tx,false,true,true,true,true
Mertens,4847820,true,EXACT_CANONICAL_PLACE_REGISTRY_ROW_GOVERNED_COUNTY_FIPS,SINGLE_COUNTY_CONTROL,1,48217,hill-tx,Hill County,,,,1,hill-tx,false,true,true,true,true
Mertzon,4847832,true,EXACT_CANONICAL_PLACE_REGISTRY_ROW_GOVERNED_COUNTY_FIPS,SINGLE_COUNTY_CONTROL,1,48235,irion-tx,Irion County,,,,1,irion-tx,false,true,true,true,true
Mesquite,4847892,true,EXACT_CANONICAL_PLACE_REGISTRY_ROW_GOVERNED_COUNTY_FIPS,MULTI_COUNTY_CONVERGENCE,2,48113|48257,dallas-tx|kaufman-tx,Dallas County|Kaufman County,,,,2,dallas-tx|kaufman-tx,false,true,true,true,true
Mesquite,4847898,true,EXACT_CANONICAL_PLACE_REGISTRY_ROW_GOVERNED_COUNTY_FIPS,SINGLE_COUNTY_CONTROL,1,48427,starr-tx,Starr County,,,,1,starr-tx,false,true,true,true,true
Mexia,4847916,true,EXACT_CANONICAL_PLACE_REGISTRY_ROW_GOVERNED_COUNTY_FIPS,SINGLE_COUNTY_CONTROL,1,48293,limestone-tx,Limestone County,,,,1,limestone-tx,false,true,true,true,true
Miami,4847988,true,EXACT_CANONICAL_PLACE_REGISTRY_ROW_GOVERNED_COUNTY_FIPS,SINGLE_COUNTY_CONTROL,1,48393,roberts-tx,Roberts County,,,,1,roberts-tx,false,true,true,true,true
Midfield,4848048,true,EXACT_CANONICAL_PLACE_REGISTRY_ROW_GOVERNED_COUNTY_FIPS,SINGLE_COUNTY_CONTROL,1,48321,matagorda-tx,Matagorda County,,,,1,matagorda-tx,false,true,true,true,true
Midland,4848072,true,EXACT_CANONICAL_PLACE_REGISTRY_ROW_GOVERNED_COUNTY_FIPS,MULTI_COUNTY_CONVERGENCE,2,48317|48329,martin-tx|midland-tx,Martin County|Midland County,,,,2,martin-tx|midland-tx,false,true,true,true,true
Midlothian,4848096,true,EXACT_CANONICAL_PLACE_REGISTRY_ROW_GOVERNED_COUNTY_FIPS,SINGLE_COUNTY_CONTROL,1,48139,ellis-tx,Ellis County,,,,1,ellis-tx,false,true,true,true,true
Midway,4848180,true,EXACT_CANONICAL_PLACE_REGISTRY_ROW_GOVERNED_COUNTY_FIPS,SINGLE_COUNTY_CONTROL,1,48313,madison-tx,Madison County,,,,1,madison-tx,false,true,true,true,true
Midway North,4848272,true,EXACT_CANONICAL_PLACE_REGISTRY_ROW_GOVERNED_COUNTY_FIPS,SINGLE_COUNTY_CONTROL,1,48215,hidalgo-tx,Hidalgo County,,,,1,hidalgo-tx,false,true,true,true,true
Midway South,4848280,true,EXACT_CANONICAL_PLACE_REGISTRY_ROW_GOVERNED_COUNTY_FIPS,SINGLE_COUNTY_CONTROL,1,48215,hidalgo-tx,Hidalgo County,,,,1,hidalgo-tx,false,true,true,true,true
Miguel Barrera,4848315,true,EXACT_CANONICAL_PLACE_REGISTRY_ROW_GOVERNED_COUNTY_FIPS,SINGLE_COUNTY_CONTROL,1,48427,starr-tx,Starr County,,,,1,starr-tx,false,true,true,true,true
Mikes,4848318,true,EXACT_CANONICAL_PLACE_REGISTRY_ROW_GOVERNED_COUNTY_FIPS,SINGLE_COUNTY_CONTROL,1,48427,starr-tx,Starr County,,,,1,starr-tx,false,true,true,true,true
Mila Doce,4848320,true,EXACT_CANONICAL_PLACE_REGISTRY_ROW_GOVERNED_COUNTY_FIPS,SINGLE_COUNTY_CONTROL,1,48215,hidalgo-tx,Hidalgo County,,,,1,hidalgo-tx,false,true,true,true,true
Milam,4848324,true,EXACT_CANONICAL_PLACE_REGISTRY_ROW_GOVERNED_COUNTY_FIPS,SINGLE_COUNTY_CONTROL,1,48403,sabine-tx,Sabine County,,,,1,sabine-tx,false,true,true,true,true
Milano,4848336,true,EXACT_CANONICAL_PLACE_REGISTRY_ROW_GOVERNED_COUNTY_FIPS,SINGLE_COUNTY_CONTROL,1,48331,milam-tx,Milam County,,,,1,milam-tx,false,true,true,true,true
Mildred,4848372,true,EXACT_CANONICAL_PLACE_REGISTRY_ROW_GOVERNED_COUNTY_FIPS,SINGLE_COUNTY_CONTROL,1,48349,navarro-tx,Navarro County,,,,1,navarro-tx,false,true,true,true,true
Miles,4848396,true,EXACT_CANONICAL_PLACE_REGISTRY_ROW_GOVERNED_COUNTY_FIPS,SINGLE_COUNTY_CONTROL,1,48399,runnels-tx,Runnels County,,,,1,runnels-tx,false,true,true,true,true
Milford,4848408,true,EXACT_CANONICAL_PLACE_REGISTRY_ROW_GOVERNED_COUNTY_FIPS,SINGLE_COUNTY_CONTROL,1,48139,ellis-tx,Ellis County,,,,1,ellis-tx,false,true,true,true,true
Miller's Cove,4848478,true,EXACT_CANONICAL_PLACE_REGISTRY_ROW_GOVERNED_COUNTY_FIPS,SINGLE_COUNTY_CONTROL,1,48449,titus-tx,Titus County,,,,1,titus-tx,false,true,true,true,true
Millsap,4848564,true,EXACT_CANONICAL_PLACE_REGISTRY_ROW_GOVERNED_COUNTY_FIPS,SINGLE_COUNTY_CONTROL,1,48367,parker-tx,Parker County,,,,1,parker-tx,false,true,true,true,true
Mineola,4848648,true,EXACT_CANONICAL_PLACE_REGISTRY_ROW_GOVERNED_COUNTY_FIPS,SINGLE_COUNTY_CONTROL,1,48499,wood-tx,Wood County,,,,1,wood-tx,false,true,true,true,true
Mineral Wells,4848684,true,EXACT_CANONICAL_PLACE_REGISTRY_ROW_GOVERNED_COUNTY_FIPS,MULTI_COUNTY_CONVERGENCE,2,48363|48367,palo-pinto-tx|parker-tx,Palo Pinto County|Parker County,,,,2,palo-pinto-tx|parker-tx,false,true,true,true,true
Mingus,4848720,true,EXACT_CANONICAL_PLACE_REGISTRY_ROW_GOVERNED_COUNTY_FIPS,SINGLE_COUNTY_CONTROL,1,48363,palo-pinto-tx,Palo Pinto County,,,,1,palo-pinto-tx,false,true,true,true,true
Mi Ranchito Estate,4848750,true,EXACT_CANONICAL_PLACE_REGISTRY_ROW_GOVERNED_COUNTY_FIPS,SINGLE_COUNTY_CONTROL,1,48427,starr-tx,Starr County,,,,1,starr-tx,false,true,true,true,true
Mirando City,4848756,true,EXACT_CANONICAL_PLACE_REGISTRY_ROW_GOVERNED_COUNTY_FIPS,SINGLE_COUNTY_CONTROL,1,48479,webb-tx,Webb County,,,,1,webb-tx,false,true,true,true,true
Mission,4848768,true,EXACT_CANONICAL_PLACE_REGISTRY_ROW_GOVERNED_COUNTY_FIPS,SINGLE_COUNTY_CONTROL,1,48215,hidalgo-tx,Hidalgo County,,,,1,hidalgo-tx,false,true,true,true,true
Mission Bend,4848772,true,EXACT_CANONICAL_PLACE_REGISTRY_ROW_GOVERNED_COUNTY_FIPS,MULTI_COUNTY_CONVERGENCE,2,48157|48201,fort-bend-tx|harris-tx,Fort Bend County|Harris County,,,,2,fort-bend-tx|harris-tx,false,true,true,true,true
Missouri City,4848804,true,EXACT_CANONICAL_PLACE_REGISTRY_ROW_GOVERNED_COUNTY_FIPS,MULTI_COUNTY_CONVERGENCE,2,48157|48201,fort-bend-tx|harris-tx,Fort Bend County|Harris County,,,,2,fort-bend-tx|harris-tx,false,true,true,true,true
Mobeetie,4848852,true,EXACT_CANONICAL_PLACE_REGISTRY_ROW_GOVERNED_COUNTY_FIPS,SINGLE_COUNTY_CONTROL,1,48483,wheeler-tx,Wheeler County,,,,1,wheeler-tx,false,true,true,true,true
Mobile City,4848858,true,EXACT_CANONICAL_PLACE_REGISTRY_ROW_GOVERNED_COUNTY_FIPS,SINGLE_COUNTY_CONTROL,1,48397,rockwall-tx,Rockwall County,,,,1,rockwall-tx,false,true,true,true,true
Monahans,4848936,true,EXACT_CANONICAL_PLACE_REGISTRY_ROW_GOVERNED_COUNTY_FIPS,MULTI_COUNTY_CONVERGENCE,2,48475|48495,ward-tx|winkler-tx,Ward County|Winkler County,,,,2,ward-tx|winkler-tx,false,true,true,true,true
Montague,4849032,true,EXACT_CANONICAL_PLACE_REGISTRY_ROW_GOVERNED_COUNTY_FIPS,SINGLE_COUNTY_CONTROL,1,48337,montague-tx,Montague County,,,,1,montague-tx,false,true,true,true,true
Mont Belvieu,4849068,true,EXACT_CANONICAL_PLACE_REGISTRY_ROW_GOVERNED_COUNTY_FIPS,MULTI_COUNTY_CONVERGENCE,2,48071|48291,chambers-tx|liberty-tx,Chambers County|Liberty County,,,,2,chambers-tx|liberty-tx,false,true,true,true,true
Monte Alto,4849080,true,EXACT_CANONICAL_PLACE_REGISTRY_ROW_GOVERNED_COUNTY_FIPS,SINGLE_COUNTY_CONTROL,1,48215,hidalgo-tx,Hidalgo County,,,,1,hidalgo-tx,false,true,true,true,true
Montgomery,4849128,true,EXACT_CANONICAL_PLACE_REGISTRY_ROW_GOVERNED_COUNTY_FIPS,SINGLE_COUNTY_CONTROL,1,48339,montgomery-tx,Montgomery County,,,,1,montgomery-tx,false,true,true,true,true
Moody,4849200,true,EXACT_CANONICAL_PLACE_REGISTRY_ROW_GOVERNED_COUNTY_FIPS,SINGLE_COUNTY_CONTROL,1,48309,mclennan-tx,McLennan County,,,,1,mclennan-tx,false,true,true,true,true
Moore,4849224,true,EXACT_CANONICAL_PLACE_REGISTRY_ROW_GOVERNED_COUNTY_FIPS,SINGLE_COUNTY_CONTROL,1,48163,frio-tx,Frio County,,,,1,frio-tx,false,true,true,true,true
Moore Station,4849272,true,EXACT_CANONICAL_PLACE_REGISTRY_ROW_GOVERNED_COUNTY_FIPS,SINGLE_COUNTY_CONTROL,1,48213,henderson-tx,Henderson County,,,,1,henderson-tx,false,true,true,true,true
Moraida,4849300,true,EXACT_CANONICAL_PLACE_REGISTRY_ROW_GOVERNED_COUNTY_FIPS,SINGLE_COUNTY_CONTROL,1,48427,starr-tx,Starr County,,,,1,starr-tx,false,true,true,true,true
Morales-Sanchez,4849314,true,EXACT_CANONICAL_PLACE_REGISTRY_ROW_GOVERNED_COUNTY_FIPS,SINGLE_COUNTY_CONTROL,1,48505,zapata-tx,Zapata County,,,,1,zapata-tx,false,true,true,true,true
Moran,4849320,true,EXACT_CANONICAL_PLACE_REGISTRY_ROW_GOVERNED_COUNTY_FIPS,SINGLE_COUNTY_CONTROL,1,48417,shackelford-tx,Shackelford County,,,,1,shackelford-tx,false,true,true,true,true
Morgan,4849356,true,EXACT_CANONICAL_PLACE_REGISTRY_ROW_GOVERNED_COUNTY_FIPS,SINGLE_COUNTY_CONTROL,1,48035,bosque-tx,Bosque County,,,,1,bosque-tx,false,true,true,true,true
Morgan Farm,4849359,true,EXACT_CANONICAL_PLACE_REGISTRY_ROW_GOVERNED_COUNTY_FIPS,SINGLE_COUNTY_CONTROL,1,48409,san-patricio-tx,San Patricio County,,,,1,san-patricio-tx,false,true,true,true,true
Morgan's Point,4849380,true,EXACT_CANONICAL_PLACE_REGISTRY_ROW_GOVERNED_COUNTY_FIPS,MULTI_COUNTY_CONVERGENCE,2,48071|48201,chambers-tx|harris-tx,Chambers County|Harris County,,,,2,chambers-tx|harris-tx,false,true,true,true,true
Morgan's Point Resort,4849392,true,EXACT_CANONICAL_PLACE_REGISTRY_ROW_GOVERNED_COUNTY_FIPS,SINGLE_COUNTY_CONTROL,1,48027,bell-tx,Bell County,,,,1,bell-tx,false,true,true,true,true
Morning Glory,4849411,true,EXACT_CANONICAL_PLACE_REGISTRY_ROW_GOVERNED_COUNTY_FIPS,SINGLE_COUNTY_CONTROL,1,48141,el-paso-tx,El Paso County,,,,1,el-paso-tx,false,true,true,true,true
Morse,4849440,true,EXACT_CANONICAL_PLACE_REGISTRY_ROW_GOVERNED_COUNTY_FIPS,SINGLE_COUNTY_CONTROL,1,48195,hansford-tx,Hansford County,,,,1,hansford-tx,false,true,true,true,true
Morton,4849464,true,EXACT_CANONICAL_PLACE_REGISTRY_ROW_GOVERNED_COUNTY_FIPS,SINGLE_COUNTY_CONTROL,1,48079,cochran-tx,Cochran County,,,,1,cochran-tx,false,true,true,true,true
Mosheim,4849512,true,EXACT_CANONICAL_PLACE_REGISTRY_ROW_GOVERNED_COUNTY_FIPS,SINGLE_COUNTY_CONTROL,1,48035,bosque-tx,Bosque County,,,,1,bosque-tx,false,true,true,true,true
Moulton,4849560,true,EXACT_CANONICAL_PLACE_REGISTRY_ROW_GOVERNED_COUNTY_FIPS,SINGLE_COUNTY_CONTROL,1,48285,lavaca-tx,Lavaca County,,,,1,lavaca-tx,false,true,true,true,true
Mound,4849572,true,EXACT_CANONICAL_PLACE_REGISTRY_ROW_GOVERNED_COUNTY_FIPS,SINGLE_COUNTY_CONTROL,1,48099,coryell-tx,Coryell County,,,,1,coryell-tx,false,true,true,true,true
Mountain City,4849600,true,EXACT_CANONICAL_PLACE_REGISTRY_ROW_GOVERNED_COUNTY_FIPS,SINGLE_COUNTY_CONTROL,1,48209,hays-tx,Hays County,,,,1,hays-tx,false,true,true,true,true
Mount Calm,4849692,true,EXACT_CANONICAL_PLACE_REGISTRY_ROW_GOVERNED_COUNTY_FIPS,SINGLE_COUNTY_CONTROL,1,48217,hill-tx,Hill County,,,,1,hill-tx,false,true,true,true,true
Mount Enterprise,4849728,true,EXACT_CANONICAL_PLACE_REGISTRY_ROW_GOVERNED_COUNTY_FIPS,SINGLE_COUNTY_CONTROL,1,48401,rusk-tx,Rusk County,,,,1,rusk-tx,false,true,true,true,true
Mount Pleasant,4849800,true,EXACT_CANONICAL_PLACE_REGISTRY_ROW_GOVERNED_COUNTY_FIPS,SINGLE_COUNTY_CONTROL,1,48449,titus-tx,Titus County,,,,1,titus-tx,false,true,true,true,true
Mount Vernon,4849860,true,EXACT_CANONICAL_PLACE_REGISTRY_ROW_GOVERNED_COUNTY_FIPS,SINGLE_COUNTY_CONTROL,1,48159,franklin-tx,Franklin County,,,,1,franklin-tx,false,true,true,true,true
Muenster,4849932,true,EXACT_CANONICAL_PLACE_REGISTRY_ROW_GOVERNED_COUNTY_FIPS,SINGLE_COUNTY_CONTROL,1,48097,cooke-tx,Cooke County,,,,1,cooke-tx,false,true,true,true,true
Muleshoe,4849968,true,EXACT_CANONICAL_PLACE_REGISTRY_ROW_GOVERNED_COUNTY_FIPS,SINGLE_COUNTY_CONTROL,1,48017,bailey-tx,Bailey County,,,,1,bailey-tx,false,true,true,true,true
Mullin,4849992,true,EXACT_CANONICAL_PLACE_REGISTRY_ROW_GOVERNED_COUNTY_FIPS,SINGLE_COUNTY_CONTROL,1,48333,mills-tx,Mills County,,,,1,mills-tx,false,true,true,true,true
Munday,4850040,true,EXACT_CANONICAL_PLACE_REGISTRY_ROW_GOVERNED_COUNTY_FIPS,SINGLE_COUNTY_CONTROL,1,48275,knox-tx,Knox County,,,,1,knox-tx,false,true,true,true,true
Muniz,4850058,true,EXACT_CANONICAL_PLACE_REGISTRY_ROW_GOVERNED_COUNTY_FIPS,SINGLE_COUNTY_CONTROL,1,48215,hidalgo-tx,Hidalgo County,,,,1,hidalgo-tx,false,true,true,true,true
Murchison,4850076,true,EXACT_CANONICAL_PLACE_REGISTRY_ROW_GOVERNED_COUNTY_FIPS,SINGLE_COUNTY_CONTROL,1,48213,henderson-tx,Henderson County,,,,1,henderson-tx,false,true,true,true,true
Murillo,4850092,true,EXACT_CANONICAL_PLACE_REGISTRY_ROW_GOVERNED_COUNTY_FIPS,SINGLE_COUNTY_CONTROL,1,48215,hidalgo-tx,Hidalgo County,,,,1,hidalgo-tx,false,true,true,true,true
Murphy,4850100,true,EXACT_CANONICAL_PLACE_REGISTRY_ROW_GOVERNED_COUNTY_FIPS,SINGLE_COUNTY_CONTROL,1,48085,collin-tx,Collin County,,,,1,collin-tx,false,true,true,true,true
Mustang Ridge,4850200,true,EXACT_CANONICAL_PLACE_REGISTRY_ROW_GOVERNED_COUNTY_FIPS,MULTI_COUNTY_CONVERGENCE,3,48021|48055|48453,bastrop-tx|caldwell-tx|travis-tx,Bastrop County|Caldwell County|Travis County,,,,3,bastrop-tx|caldwell-tx|travis-tx,false,true,true,true,true
Myra,4850220,true,EXACT_CANONICAL_PLACE_REGISTRY_ROW_GOVERNED_COUNTY_FIPS,SINGLE_COUNTY_CONTROL,1,48097,cooke-tx,Cooke County,,,,1,cooke-tx,false,true,true,true,true
Myrtle Springs,4850232,true,EXACT_CANONICAL_PLACE_REGISTRY_ROW_GOVERNED_COUNTY_FIPS,SINGLE_COUNTY_CONTROL,1,48467,van-zandt-tx,Van Zandt County,,,,1,van-zandt-tx,false,true,true,true,true
Nacogdoches,4850256,true,EXACT_CANONICAL_PLACE_REGISTRY_ROW_GOVERNED_COUNTY_FIPS,SINGLE_COUNTY_CONTROL,1,48347,nacogdoches-tx,Nacogdoches County,,,,1,nacogdoches-tx,false,true,true,true,true
Nada,4850268,true,EXACT_CANONICAL_PLACE_REGISTRY_ROW_GOVERNED_COUNTY_FIPS,SINGLE_COUNTY_CONTROL,1,48089,colorado-tx,Colorado County,,,,1,colorado-tx,false,true,true,true,true
Naples,4850316,true,EXACT_CANONICAL_PLACE_REGISTRY_ROW_GOVERNED_COUNTY_FIPS,SINGLE_COUNTY_CONTROL,1,48343,morris-tx,Morris County,,,,1,morris-tx,false,true,true,true,true
Narciso Pena,4850322,true,EXACT_CANONICAL_PLACE_REGISTRY_ROW_GOVERNED_COUNTY_FIPS,SINGLE_COUNTY_CONTROL,1,48427,starr-tx,Starr County,,,,1,starr-tx,false,true,true,true,true
Nash,4850352,true,EXACT_CANONICAL_PLACE_REGISTRY_ROW_GOVERNED_COUNTY_FIPS,SINGLE_COUNTY_CONTROL,1,48037,bowie-tx,Bowie County,,,,1,bowie-tx,false,true,true,true,true
Nassau Bay,4850376,true,EXACT_CANONICAL_PLACE_REGISTRY_ROW_GOVERNED_COUNTY_FIPS,SINGLE_COUNTY_CONTROL,1,48201,harris-tx,Harris County,,,,1,harris-tx,false,true,true,true,true
Natalia,4850400,true,EXACT_CANONICAL_PLACE_REGISTRY_ROW_GOVERNED_COUNTY_FIPS,SINGLE_COUNTY_CONTROL,1,48325,medina-tx,Medina County,,,,1,medina-tx,false,true,true,true,true
Navarro,4850448,true,EXACT_CANONICAL_PLACE_REGISTRY_ROW_GOVERNED_COUNTY_FIPS,SINGLE_COUNTY_CONTROL,1,48349,navarro-tx,Navarro County,,,,1,navarro-tx,false,true,true,true,true
Navasota,4850472,true,EXACT_CANONICAL_PLACE_REGISTRY_ROW_GOVERNED_COUNTY_FIPS,MULTI_COUNTY_CONVERGENCE,2,48041|48185,brazos-tx|grimes-tx,Brazos County|Grimes County,,,,2,brazos-tx|grimes-tx,false,true,true,true,true
Nazareth,4850496,true,EXACT_CANONICAL_PLACE_REGISTRY_ROW_GOVERNED_COUNTY_FIPS,SINGLE_COUNTY_CONTROL,1,48069,castro-tx,Castro County,,,,1,castro-tx,false,true,true,true,true
Neches,4850544,true,EXACT_CANONICAL_PLACE_REGISTRY_ROW_GOVERNED_COUNTY_FIPS,SINGLE_COUNTY_CONTROL,1,48001,anderson-tx,Anderson County,,,,1,anderson-tx,false,true,true,true,true
Nederland,4850580,true,EXACT_CANONICAL_PLACE_REGISTRY_ROW_GOVERNED_COUNTY_FIPS,SINGLE_COUNTY_CONTROL,1,48245,jefferson-tx,Jefferson County,,,,1,jefferson-tx,false,true,true,true,true
Needville,4850628,true,EXACT_CANONICAL_PLACE_REGISTRY_ROW_GOVERNED_COUNTY_FIPS,SINGLE_COUNTY_CONTROL,1,48157,fort-bend-tx,Fort Bend County,,,,1,fort-bend-tx,false,true,true,true,true
Netos,4850742,true,EXACT_CANONICAL_PLACE_REGISTRY_ROW_GOVERNED_COUNTY_FIPS,SINGLE_COUNTY_CONTROL,1,48427,starr-tx,Starr County,,,,1,starr-tx,false,true,true,true,true
Nevada,4850760,true,EXACT_CANONICAL_PLACE_REGISTRY_ROW_GOVERNED_COUNTY_FIPS,SINGLE_COUNTY_CONTROL,1,48085,collin-tx,Collin County,,,,1,collin-tx,false,true,true,true,true
Newark,4850772,true,EXACT_CANONICAL_PLACE_REGISTRY_ROW_GOVERNED_COUNTY_FIPS,MULTI_COUNTY_CONVERGENCE,2,48439|48497,tarrant-tx|wise-tx,Tarrant County|Wise County,,,,2,tarrant-tx|wise-tx,false,true,true,true,true
New Berlin,4850796,true,EXACT_CANONICAL_PLACE_REGISTRY_ROW_GOVERNED_COUNTY_FIPS,SINGLE_COUNTY_CONTROL,1,48187,guadalupe-tx,Guadalupe County,,,,1,guadalupe-tx,false,true,true,true,true
New Boston,4850808,true,EXACT_CANONICAL_PLACE_REGISTRY_ROW_GOVERNED_COUNTY_FIPS,SINGLE_COUNTY_CONTROL,1,48037,bowie-tx,Bowie County,,,,1,bowie-tx,false,true,true,true,true
New Braunfels,4850820,true,EXACT_CANONICAL_PLACE_REGISTRY_ROW_GOVERNED_COUNTY_FIPS,MULTI_COUNTY_CONVERGENCE,2,48091|48187,comal-tx|guadalupe-tx,Comal County|Guadalupe County,,,,2,comal-tx|guadalupe-tx,false,true,true,true,true
Newcastle,4850868,true,EXACT_CANONICAL_PLACE_REGISTRY_ROW_GOVERNED_COUNTY_FIPS,SINGLE_COUNTY_CONTROL,1,48503,young-tx,Young County,,,,1,young-tx,false,true,true,true,true
New Chapel Hill,4850876,true,EXACT_CANONICAL_PLACE_REGISTRY_ROW_GOVERNED_COUNTY_FIPS,SINGLE_COUNTY_CONTROL,1,48423,smith-tx,Smith County,,,,1,smith-tx,false,true,true,true,true
New Deal,4850916,true,EXACT_CANONICAL_PLACE_REGISTRY_ROW_GOVERNED_COUNTY_FIPS,SINGLE_COUNTY_CONTROL,1,48303,lubbock-tx,Lubbock County,,,,1,lubbock-tx,false,true,true,true,true
New Fairview,4850920,true,EXACT_CANONICAL_PLACE_REGISTRY_ROW_GOVERNED_COUNTY_FIPS,MULTI_COUNTY_CONVERGENCE,2,48121|48497,denton-tx|wise-tx,Denton County|Wise County,,,,2,denton-tx|wise-tx,false,true,true,true,true
New Falcon,4850924,true,EXACT_CANONICAL_PLACE_REGISTRY_ROW_GOVERNED_COUNTY_FIPS,SINGLE_COUNTY_CONTROL,1,48505,zapata-tx,Zapata County,,,,1,zapata-tx,false,true,true,true,true
New Home,4851012,true,EXACT_CANONICAL_PLACE_REGISTRY_ROW_GOVERNED_COUNTY_FIPS,SINGLE_COUNTY_CONTROL,1,48305,lynn-tx,Lynn County,,,,1,lynn-tx,false,true,true,true,true
New Hope,4851036,true,EXACT_CANONICAL_PLACE_REGISTRY_ROW_GOVERNED_COUNTY_FIPS,SINGLE_COUNTY_CONTROL,1,48085,collin-tx,Collin County,,,,1,collin-tx,false,true,true,true,true
New London,4851168,true,EXACT_CANONICAL_PLACE_REGISTRY_ROW_GOVERNED_COUNTY_FIPS,SINGLE_COUNTY_CONTROL,1,48401,rusk-tx,Rusk County,,,,1,rusk-tx,false,true,true,true,true
New Summerfield,4851336,true,EXACT_CANONICAL_PLACE_REGISTRY_ROW_GOVERNED_COUNTY_FIPS,SINGLE_COUNTY_CONTROL,1,48073,cherokee-tx,Cherokee County,,,,1,cherokee-tx,false,true,true,true,true
Newton,4851372,true,EXACT_CANONICAL_PLACE_REGISTRY_ROW_GOVERNED_COUNTY_FIPS,SINGLE_COUNTY_CONTROL,1,48351,newton-tx,Newton County,,,,1,newton-tx,false,true,true,true,true
New Ulm,4851384,true,EXACT_CANONICAL_PLACE_REGISTRY_ROW_GOVERNED_COUNTY_FIPS,SINGLE_COUNTY_CONTROL,1,48015,austin-tx,Austin County,,,,1,austin-tx,false,true,true,true,true
New Waverly,4851396,true,EXACT_CANONICAL_PLACE_REGISTRY_ROW_GOVERNED_COUNTY_FIPS,SINGLE_COUNTY_CONTROL,1,48471,walker-tx,Walker County,,,,1,walker-tx,false,true,true,true,true
Neylandville,4851444,true,EXACT_CANONICAL_PLACE_REGISTRY_ROW_GOVERNED_COUNTY_FIPS,SINGLE_COUNTY_CONTROL,1,48231,hunt-tx,Hunt County,,,,1,hunt-tx,false,true,true,true,true
Niederwald,4851492,true,EXACT_CANONICAL_PLACE_REGISTRY_ROW_GOVERNED_COUNTY_FIPS,MULTI_COUNTY_CONVERGENCE,2,48055|48209,caldwell-tx|hays-tx,Caldwell County|Hays County,,,,2,caldwell-tx|hays-tx,false,true,true,true,true
Nina,4851552,true,EXACT_CANONICAL_PLACE_REGISTRY_ROW_GOVERNED_COUNTY_FIPS,SINGLE_COUNTY_CONTROL,1,48427,starr-tx,Starr County,,,,1,starr-tx,false,true,true,true,true
Nixon,4851588,true,EXACT_CANONICAL_PLACE_REGISTRY_ROW_GOVERNED_COUNTY_FIPS,MULTI_COUNTY_CONVERGENCE,2,48177|48493,gonzales-tx|wilson-tx,Gonzales County|Wilson County,,,,2,gonzales-tx|wilson-tx,false,true,true,true,true
Nocona,4851648,true,EXACT_CANONICAL_PLACE_REGISTRY_ROW_GOVERNED_COUNTY_FIPS,SINGLE_COUNTY_CONTROL,1,48337,montague-tx,Montague County,,,,1,montague-tx,false,true,true,true,true
Nocona Hills,4851654,true,EXACT_CANONICAL_PLACE_REGISTRY_ROW_GOVERNED_COUNTY_FIPS,SINGLE_COUNTY_CONTROL,1,48337,montague-tx,Montague County,,,,1,montague-tx,false,true,true,true,true
Nolanville,4851708,true,EXACT_CANONICAL_PLACE_REGISTRY_ROW_GOVERNED_COUNTY_FIPS,SINGLE_COUNTY_CONTROL,1,48027,bell-tx,Bell County,,,,1,bell-tx,false,true,true,true,true
Nome,4851720,true,EXACT_CANONICAL_PLACE_REGISTRY_ROW_GOVERNED_COUNTY_FIPS,SINGLE_COUNTY_CONTROL,1,48245,jefferson-tx,Jefferson County,,,,1,jefferson-tx,false,true,true,true,true
Noonday,4851756,true,EXACT_CANONICAL_PLACE_REGISTRY_ROW_GOVERNED_COUNTY_FIPS,SINGLE_COUNTY_CONTROL,1,48423,smith-tx,Smith County,,,,1,smith-tx,false,true,true,true,true
Nordheim,4851792,true,EXACT_CANONICAL_PLACE_REGISTRY_ROW_GOVERNED_COUNTY_FIPS,SINGLE_COUNTY_CONTROL,1,48123,dewitt-tx,DeWitt County,,,,1,dewitt-tx,false,true,true,true,true
Normandy,4851828,true,EXACT_CANONICAL_PLACE_REGISTRY_ROW_GOVERNED_COUNTY_FIPS,SINGLE_COUNTY_CONTROL,1,48323,maverick-tx,Maverick County,,,,1,maverick-tx,false,true,true,true,true
Normangee,4851840,true,EXACT_CANONICAL_PLACE_REGISTRY_ROW_GOVERNED_COUNTY_FIPS,MULTI_COUNTY_CONVERGENCE,2,48289|48313,leon-tx|madison-tx,Leon County|Madison County,,,,2,leon-tx|madison-tx,false,true,true,true,true
Normanna,4851852,true,EXACT_CANONICAL_PLACE_REGISTRY_ROW_GOVERNED_COUNTY_FIPS,SINGLE_COUNTY_CONTROL,1,48025,bee-tx,Bee County,,,,1,bee-tx,false,true,true,true,true
North Alamo,4851900,true,EXACT_CANONICAL_PLACE_REGISTRY_ROW_GOVERNED_COUNTY_FIPS,SINGLE_COUNTY_CONTROL,1,48215,hidalgo-tx,Hidalgo County,,,,1,hidalgo-tx,false,true,true,true,true
North Cleveland,4851984,true,EXACT_CANONICAL_PLACE_REGISTRY_ROW_GOVERNED_COUNTY_FIPS,SINGLE_COUNTY_CONTROL,1,48291,liberty-tx,Liberty County,,,,1,liberty-tx,false,true,true,true,true
North Escobares,4852068,true,EXACT_CANONICAL_PLACE_REGISTRY_ROW_GOVERNED_COUNTY_FIPS,SINGLE_COUNTY_CONTROL,1,48427,starr-tx,Starr County,,,,1,starr-tx,false,true,true,true,true
Northlake,4852212,true,EXACT_CANONICAL_PLACE_REGISTRY_ROW_GOVERNED_COUNTY_FIPS,SINGLE_COUNTY_CONTROL,1,48121,denton-tx,Denton County,,,,1,denton-tx,false,true,true,true,true
North Pearsall,4852302,true,EXACT_CANONICAL_PLACE_REGISTRY_ROW_GOVERNED_COUNTY_FIPS,SINGLE_COUNTY_CONTROL,1,48163,frio-tx,Frio County,,,,1,frio-tx,false,true,true,true,true
North Richland Hills,4852356,true,EXACT_CANONICAL_PLACE_REGISTRY_ROW_GOVERNED_COUNTY_FIPS,SINGLE_COUNTY_CONTROL,1,48439,tarrant-tx,Tarrant County,,,,1,tarrant-tx,false,true,true,true,true
North San Pedro,4852404,true,EXACT_CANONICAL_PLACE_REGISTRY_ROW_GOVERNED_COUNTY_FIPS,SINGLE_COUNTY_CONTROL,1,48355,nueces-tx,Nueces County,,,,1,nueces-tx,false,true,true,true,true
Novice,4852668,true,EXACT_CANONICAL_PLACE_REGISTRY_ROW_GOVERNED_COUNTY_FIPS,SINGLE_COUNTY_CONTROL,1,48083,coleman-tx,Coleman County,,,,1,coleman-tx,false,true,true,true,true
Oak Grove,4852902,true,EXACT_CANONICAL_PLACE_REGISTRY_ROW_GOVERNED_COUNTY_FIPS,SINGLE_COUNTY_CONTROL,1,48257,kaufman-tx,Kaufman County,,,,1,kaufman-tx,false,true,true,true,true
Oakhurst,4852992,true,EXACT_CANONICAL_PLACE_REGISTRY_ROW_GOVERNED_COUNTY_FIPS,SINGLE_COUNTY_CONTROL,1,48407,san-jacinto-tx,San Jacinto County,,,,1,san-jacinto-tx,false,true,true,true,true
Oak Island,4853004,true,EXACT_CANONICAL_PLACE_REGISTRY_ROW_GOVERNED_COUNTY_FIPS,SINGLE_COUNTY_CONTROL,1,48071,chambers-tx,Chambers County,,,,1,chambers-tx,false,true,true,true,true
Oak Leaf,4853115,true,EXACT_CANONICAL_PLACE_REGISTRY_ROW_GOVERNED_COUNTY_FIPS,SINGLE_COUNTY_CONTROL,1,48139,ellis-tx,Ellis County,,,,1,ellis-tx,false,true,true,true,true
Oak Point,4853130,true,EXACT_CANONICAL_PLACE_REGISTRY_ROW_GOVERNED_COUNTY_FIPS,SINGLE_COUNTY_CONTROL,1,48121,denton-tx,Denton County,,,,1,denton-tx,false,true,true,true,true
Oak Ridge,4853154,true,EXACT_CANONICAL_PLACE_REGISTRY_ROW_GOVERNED_COUNTY_FIPS,SINGLE_COUNTY_CONTROL,1,48097,cooke-tx,Cooke County,,,,1,cooke-tx,false,true,true,true,true
Oak Ridge,4853160,true,EXACT_CANONICAL_PLACE_REGISTRY_ROW_GOVERNED_COUNTY_FIPS,SINGLE_COUNTY_CONTROL,1,48257,kaufman-tx,Kaufman County,,,,1,kaufman-tx,false,true,true,true,true
Oak Ridge North,4853190,true,EXACT_CANONICAL_PLACE_REGISTRY_ROW_GOVERNED_COUNTY_FIPS,SINGLE_COUNTY_CONTROL,1,48339,montgomery-tx,Montgomery County,,,,1,montgomery-tx,false,true,true,true,true
Oak Trail Shores,4853212,true,EXACT_CANONICAL_PLACE_REGISTRY_ROW_GOVERNED_COUNTY_FIPS,SINGLE_COUNTY_CONTROL,1,48221,hood-tx,Hood County,,,,1,hood-tx,false,true,true,true,true
Oak Valley,4853217,true,EXACT_CANONICAL_PLACE_REGISTRY_ROW_GOVERNED_COUNTY_FIPS,SINGLE_COUNTY_CONTROL,1,48349,navarro-tx,Navarro County,,,,1,navarro-tx,false,true,true,true,true
Oakwood,4853232,true,EXACT_CANONICAL_PLACE_REGISTRY_ROW_GOVERNED_COUNTY_FIPS,MULTI_COUNTY_CONVERGENCE,2,48161|48289,freestone-tx|leon-tx,Freestone County|Leon County,,,,2,freestone-tx|leon-tx,false,true,true,true,true
O'Brien,4853304,true,EXACT_CANONICAL_PLACE_REGISTRY_ROW_GOVERNED_COUNTY_FIPS,SINGLE_COUNTY_CONTROL,1,48207,haskell-tx,Haskell County,,,,1,haskell-tx,false,true,true,true,true
Odem,4853376,true,EXACT_CANONICAL_PLACE_REGISTRY_ROW_GOVERNED_COUNTY_FIPS,SINGLE_COUNTY_CONTROL,1,48409,san-patricio-tx,San Patricio County,,,,1,san-patricio-tx,false,true,true,true,true
Odessa,4853388,true,EXACT_CANONICAL_PLACE_REGISTRY_ROW_GOVERNED_COUNTY_FIPS,MULTI_COUNTY_CONVERGENCE,2,48135|48329,ector-tx|midland-tx,Ector County|Midland County,,,,2,ector-tx|midland-tx,false,true,true,true,true
O'Donnell,4853436,true,EXACT_CANONICAL_PLACE_REGISTRY_ROW_GOVERNED_COUNTY_FIPS,MULTI_COUNTY_CONVERGENCE,2,48115|48305,dawson-tx|lynn-tx,Dawson County|Lynn County,,,,2,dawson-tx|lynn-tx,false,true,true,true,true
Oglesby,4853520,true,EXACT_CANONICAL_PLACE_REGISTRY_ROW_GOVERNED_COUNTY_FIPS,SINGLE_COUNTY_CONTROL,1,48099,coryell-tx,Coryell County,,,,1,coryell-tx,false,true,true,true,true
Oilton,4853556,true,EXACT_CANONICAL_PLACE_REGISTRY_ROW_GOVERNED_COUNTY_FIPS,SINGLE_COUNTY_CONTROL,1,48479,webb-tx,Webb County,,,,1,webb-tx,false,true,true,true,true
Oklaunion,4853616,true,EXACT_CANONICAL_PLACE_REGISTRY_ROW_GOVERNED_COUNTY_FIPS,SINGLE_COUNTY_CONTROL,1,48487,wilbarger-tx,Wilbarger County,,,,1,wilbarger-tx,false,true,true,true,true
Old River-Winfree,4853824,true,EXACT_CANONICAL_PLACE_REGISTRY_ROW_GOVERNED_COUNTY_FIPS,MULTI_COUNTY_CONVERGENCE,2,48071|48291,chambers-tx|liberty-tx,Chambers County|Liberty County,,,,2,chambers-tx|liberty-tx,false,true,true,true,true
Olivarez,4853934,true,EXACT_CANONICAL_PLACE_REGISTRY_ROW_GOVERNED_COUNTY_FIPS,SINGLE_COUNTY_CONTROL,1,48215,hidalgo-tx,Hidalgo County,,,,1,hidalgo-tx,false,true,true,true,true
Olivia Lopez de Gutierrez,4853946,true,EXACT_CANONICAL_PLACE_REGISTRY_ROW_GOVERNED_COUNTY_FIPS,SINGLE_COUNTY_CONTROL,1,48427,starr-tx,Starr County,,,,1,starr-tx,false,true,true,true,true
Olmito,4853964,true,EXACT_CANONICAL_PLACE_REGISTRY_ROW_GOVERNED_COUNTY_FIPS,SINGLE_COUNTY_CONTROL,1,48061,cameron-tx,Cameron County,,,,1,cameron-tx,false,true,true,true,true
Olmito and Olmito,4853970,true,EXACT_CANONICAL_PLACE_REGISTRY_ROW_GOVERNED_COUNTY_FIPS,SINGLE_COUNTY_CONTROL,1,48427,starr-tx,Starr County,,,,1,starr-tx,false,true,true,true,true
Olmos Park,4853988,true,EXACT_CANONICAL_PLACE_REGISTRY_ROW_GOVERNED_COUNTY_FIPS,SINGLE_COUNTY_CONTROL,1,48029,bexar-tx,Bexar County,,,,1,bexar-tx,false,true,true,true,true
Olney,4854000,true,EXACT_CANONICAL_PLACE_REGISTRY_ROW_GOVERNED_COUNTY_FIPS,SINGLE_COUNTY_CONTROL,1,48503,young-tx,Young County,,,,1,young-tx,false,true,true,true,true
Olton,4854012,true,EXACT_CANONICAL_PLACE_REGISTRY_ROW_GOVERNED_COUNTY_FIPS,SINGLE_COUNTY_CONTROL,1,48279,lamb-tx,Lamb County,,,,1,lamb-tx,false,true,true,true,true
Omaha,4854024,true,EXACT_CANONICAL_PLACE_REGISTRY_ROW_GOVERNED_COUNTY_FIPS,SINGLE_COUNTY_CONTROL,1,48343,morris-tx,Morris County,,,,1,morris-tx,false,true,true,true,true
Onalaska,4854048,true,EXACT_CANONICAL_PLACE_REGISTRY_ROW_GOVERNED_COUNTY_FIPS,SINGLE_COUNTY_CONTROL,1,48373,polk-tx,Polk County,,,,1,polk-tx,false,true,true,true,true
Opdyke West,4854075,true,EXACT_CANONICAL_PLACE_REGISTRY_ROW_GOVERNED_COUNTY_FIPS,SINGLE_COUNTY_CONTROL,1,48219,hockley-tx,Hockley County,,,,1,hockley-tx,false,true,true,true,true
Orange,4854132,true,EXACT_CANONICAL_PLACE_REGISTRY_ROW_GOVERNED_COUNTY_FIPS,SINGLE_COUNTY_CONTROL,1,48361,orange-tx,Orange County,,,,1,orange-tx,false,true,true,true,true
Orange Grove,4854168,true,EXACT_CANONICAL_PLACE_REGISTRY_ROW_GOVERNED_COUNTY_FIPS,SINGLE_COUNTY_CONTROL,1,48249,jim-wells-tx,Jim Wells County,,,,1,jim-wells-tx,false,true,true,true,true
Orason,4854186,true,EXACT_CANONICAL_PLACE_REGISTRY_ROW_GOVERNED_COUNTY_FIPS,SINGLE_COUNTY_CONTROL,1,48061,cameron-tx,Cameron County,,,,1,cameron-tx,false,true,true,true,true
Orchard,4854192,true,EXACT_CANONICAL_PLACE_REGISTRY_ROW_GOVERNED_COUNTY_FIPS,SINGLE_COUNTY_CONTROL,1,48157,fort-bend-tx,Fort Bend County,,,,1,fort-bend-tx,false,true,true,true,true
Ore City,4854216,true,EXACT_CANONICAL_PLACE_REGISTRY_ROW_GOVERNED_COUNTY_FIPS,SINGLE_COUNTY_CONTROL,1,48459,upshur-tx,Upshur County,,,,1,upshur-tx,false,true,true,true,true
Overton,4854432,true,EXACT_CANONICAL_PLACE_REGISTRY_ROW_GOVERNED_COUNTY_FIPS,MULTI_COUNTY_CONVERGENCE,2,48401|48423,rusk-tx|smith-tx,Rusk County|Smith County,,,,2,rusk-tx|smith-tx,false,true,true,true,true
Ovilla,4854444,true,EXACT_CANONICAL_PLACE_REGISTRY_ROW_GOVERNED_COUNTY_FIPS,MULTI_COUNTY_CONVERGENCE,2,48113|48139,dallas-tx|ellis-tx,Dallas County|Ellis County,,,,2,dallas-tx|ellis-tx,false,true,true,true,true
Owl Ranch,4854509,true,EXACT_CANONICAL_PLACE_REGISTRY_ROW_GOVERNED_COUNTY_FIPS,SINGLE_COUNTY_CONTROL,1,48249,jim-wells-tx,Jim Wells County,,,,1,jim-wells-tx,false,true,true,true,true
Oyster Creek,4854528,true,EXACT_CANONICAL_PLACE_REGISTRY_ROW_GOVERNED_COUNTY_FIPS,SINGLE_COUNTY_CONTROL,1,48039,brazoria-tx,Brazoria County,,,,1,brazoria-tx,false,true,true,true,true
Ozona,4854552,true,EXACT_CANONICAL_PLACE_REGISTRY_ROW_GOVERNED_COUNTY_FIPS,SINGLE_COUNTY_CONTROL,1,48105,crockett-tx,Crockett County,,,,1,crockett-tx,false,true,true,true,true
Pablo Pena,4854558,true,EXACT_CANONICAL_PLACE_REGISTRY_ROW_GOVERNED_COUNTY_FIPS,SINGLE_COUNTY_CONTROL,1,48427,starr-tx,Starr County,,,,1,starr-tx,false,true,true,true,true
Paducah,4854600,true,EXACT_CANONICAL_PLACE_REGISTRY_ROW_GOVERNED_COUNTY_FIPS,SINGLE_COUNTY_CONTROL,1,48101,cottle-tx,Cottle County,,,,1,cottle-tx,false,true,true,true,true
Paige,4854624,true,EXACT_CANONICAL_PLACE_REGISTRY_ROW_GOVERNED_COUNTY_FIPS,SINGLE_COUNTY_CONTROL,1,48021,bastrop-tx,Bastrop County,,,,1,bastrop-tx,false,true,true,true,true
Paint Rock,4854636,true,EXACT_CANONICAL_PLACE_REGISTRY_ROW_GOVERNED_COUNTY_FIPS,SINGLE_COUNTY_CONTROL,1,48095,concho-tx,Concho County,,,,1,concho-tx,false,true,true,true,true
Paisano Park,4854666,true,EXACT_CANONICAL_PLACE_REGISTRY_ROW_GOVERNED_COUNTY_FIPS,SINGLE_COUNTY_CONTROL,1,48409,san-patricio-tx,San Patricio County,,,,1,san-patricio-tx,false,true,true,true,true
Palacios,4854684,true,EXACT_CANONICAL_PLACE_REGISTRY_ROW_GOVERNED_COUNTY_FIPS,SINGLE_COUNTY_CONTROL,1,48321,matagorda-tx,Matagorda County,,,,1,matagorda-tx,false,true,true,true,true
Palestine,4854708,true,EXACT_CANONICAL_PLACE_REGISTRY_ROW_GOVERNED_COUNTY_FIPS,SINGLE_COUNTY_CONTROL,1,48001,anderson-tx,Anderson County,,,,1,anderson-tx,false,true,true,true,true
Palisades,4854726,true,EXACT_CANONICAL_PLACE_REGISTRY_ROW_GOVERNED_COUNTY_FIPS,SINGLE_COUNTY_CONTROL,1,48381,randall-tx,Randall County,,,,1,randall-tx,false,true,true,true,true
Palmer,4854744,true,EXACT_CANONICAL_PLACE_REGISTRY_ROW_GOVERNED_COUNTY_FIPS,SINGLE_COUNTY_CONTROL,1,48139,ellis-tx,Ellis County,,,,1,ellis-tx,false,true,true,true,true
Palmer,4854748,true,EXACT_CANONICAL_PLACE_REGISTRY_ROW_GOVERNED_COUNTY_FIPS,SINGLE_COUNTY_CONTROL,1,48061,cameron-tx,Cameron County,,,,1,cameron-tx,false,true,true,true,true
Palmhurst,4854780,true,EXACT_CANONICAL_PLACE_REGISTRY_ROW_GOVERNED_COUNTY_FIPS,SINGLE_COUNTY_CONTROL,1,48215,hidalgo-tx,Hidalgo County,,,,1,hidalgo-tx,false,true,true,true,true
Palm Valley,4854798,true,EXACT_CANONICAL_PLACE_REGISTRY_ROW_GOVERNED_COUNTY_FIPS,SINGLE_COUNTY_CONTROL,1,48061,cameron-tx,Cameron County,,,,1,cameron-tx,false,true,true,true,true
Palmview,4854804,true,EXACT_CANONICAL_PLACE_REGISTRY_ROW_GOVERNED_COUNTY_FIPS,SINGLE_COUNTY_CONTROL,1,48215,hidalgo-tx,Hidalgo County,,,,1,hidalgo-tx,false,true,true,true,true
Palmview South,4854810,true,EXACT_CANONICAL_PLACE_REGISTRY_ROW_GOVERNED_COUNTY_FIPS,SINGLE_COUNTY_CONTROL,1,48215,hidalgo-tx,Hidalgo County,,,,1,hidalgo-tx,false,true,true,true,true
Palo Blanco,4854846,true,EXACT_CANONICAL_PLACE_REGISTRY_ROW_GOVERNED_COUNTY_FIPS,SINGLE_COUNTY_CONTROL,1,48427,starr-tx,Starr County,,,,1,starr-tx,false,true,true,true,true
Paloma Creek,4854868,true,EXACT_CANONICAL_PLACE_REGISTRY_ROW_GOVERNED_COUNTY_FIPS,SINGLE_COUNTY_CONTROL,1,48121,denton-tx,Denton County,,,,1,denton-tx,false,true,true,true,true
Paloma Creek South,4854872,true,EXACT_CANONICAL_PLACE_REGISTRY_ROW_GOVERNED_COUNTY_FIPS,SINGLE_COUNTY_CONTROL,1,48121,denton-tx,Denton County,,,,1,denton-tx,false,true,true,true,true
Palo Pinto,4854876,true,EXACT_CANONICAL_PLACE_REGISTRY_ROW_GOVERNED_COUNTY_FIPS,SINGLE_COUNTY_CONTROL,1,48363,palo-pinto-tx,Palo Pinto County,,,,1,palo-pinto-tx,false,true,true,true,true
Pampa,4854912,true,EXACT_CANONICAL_PLACE_REGISTRY_ROW_GOVERNED_COUNTY_FIPS,SINGLE_COUNTY_CONTROL,1,48179,gray-tx,Gray County,,,,1,gray-tx,false,true,true,true,true
Panhandle,4854960,true,EXACT_CANONICAL_PLACE_REGISTRY_ROW_GOVERNED_COUNTY_FIPS,SINGLE_COUNTY_CONTROL,1,48065,carson-tx,Carson County,,,,1,carson-tx,false,true,true,true,true
Panorama Village,4855008,true,EXACT_CANONICAL_PLACE_REGISTRY_ROW_GOVERNED_COUNTY_FIPS,SINGLE_COUNTY_CONTROL,1,48339,montgomery-tx,Montgomery County,,,,1,montgomery-tx,false,true,true,true,true
Pantego,4855020,true,EXACT_CANONICAL_PLACE_REGISTRY_ROW_GOVERNED_COUNTY_FIPS,SINGLE_COUNTY_CONTROL,1,48439,tarrant-tx,Tarrant County,,,,1,tarrant-tx,false,true,true,true,true
Paradise,4855056,true,EXACT_CANONICAL_PLACE_REGISTRY_ROW_GOVERNED_COUNTY_FIPS,SINGLE_COUNTY_CONTROL,1,48497,wise-tx,Wise County,,,,1,wise-tx,false,true,true,true,true
Paris,4855080,true,EXACT_CANONICAL_PLACE_REGISTRY_ROW_GOVERNED_COUNTY_FIPS,SINGLE_COUNTY_CONTROL,1,48277,lamar-tx,Lamar County,,,,1,lamar-tx,false,true,true,true,true
Parker,4855152,true,EXACT_CANONICAL_PLACE_REGISTRY_ROW_GOVERNED_COUNTY_FIPS,SINGLE_COUNTY_CONTROL,1,48085,collin-tx,Collin County,,,,1,collin-tx,false,true,true,true,true
Pasadena,4856000,true,EXACT_CANONICAL_PLACE_REGISTRY_ROW_GOVERNED_COUNTY_FIPS,SINGLE_COUNTY_CONTROL,1,48201,harris-tx,Harris County,,,,1,harris-tx,false,true,true,true,true
Pattison,4856108,true,EXACT_CANONICAL_PLACE_REGISTRY_ROW_GOVERNED_COUNTY_FIPS,SINGLE_COUNTY_CONTROL,1,48473,waller-tx,Waller County,,,,1,waller-tx,false,true,true,true,true
Patton Village,4856156,true,EXACT_CANONICAL_PLACE_REGISTRY_ROW_GOVERNED_COUNTY_FIPS,SINGLE_COUNTY_CONTROL,1,48339,montgomery-tx,Montgomery County,,,,1,montgomery-tx,false,true,true,true,true
Pawnee,4856252,true,EXACT_CANONICAL_PLACE_REGISTRY_ROW_GOVERNED_COUNTY_FIPS,SINGLE_COUNTY_CONTROL,1,48025,bee-tx,Bee County,,,,1,bee-tx,false,true,true,true,true
Payne Springs,4856276,true,EXACT_CANONICAL_PLACE_REGISTRY_ROW_GOVERNED_COUNTY_FIPS,SINGLE_COUNTY_CONTROL,1,48213,henderson-tx,Henderson County,,,,1,henderson-tx,false,true,true,true,true
Pearland,4856348,true,EXACT_CANONICAL_PLACE_REGISTRY_ROW_GOVERNED_COUNTY_FIPS,MULTI_COUNTY_CONVERGENCE,3,48039|48157|48201,brazoria-tx|fort-bend-tx|harris-tx,Brazoria County|Fort Bend County|Harris County,,,,3,brazoria-tx|fort-bend-tx|harris-tx,false,true,true,true,true
Pearsall,4856384,true,EXACT_CANONICAL_PLACE_REGISTRY_ROW_GOVERNED_COUNTY_FIPS,SINGLE_COUNTY_CONTROL,1,48163,frio-tx,Frio County,,,,1,frio-tx,false,true,true,true,true
Peaster,4856432,true,EXACT_CANONICAL_PLACE_REGISTRY_ROW_GOVERNED_COUNTY_FIPS,SINGLE_COUNTY_CONTROL,1,48367,parker-tx,Parker County,,,,1,parker-tx,false,true,true,true,true
Pecan Acres,4856462,true,EXACT_CANONICAL_PLACE_REGISTRY_ROW_GOVERNED_COUNTY_FIPS,MULTI_COUNTY_CONVERGENCE,2,48439|48497,tarrant-tx|wise-tx,Tarrant County|Wise County,,,,2,tarrant-tx|wise-tx,false,true,true,true,true
Pecan Gap,4856468,true,EXACT_CANONICAL_PLACE_REGISTRY_ROW_GOVERNED_COUNTY_FIPS,MULTI_COUNTY_CONVERGENCE,2,48119|48147,delta-tx|fannin-tx,Delta County|Fannin County,,,,2,delta-tx|fannin-tx,false,true,true,true,true
Pecan Grove,4856482,true,EXACT_CANONICAL_PLACE_REGISTRY_ROW_GOVERNED_COUNTY_FIPS,SINGLE_COUNTY_CONTROL,1,48157,fort-bend-tx,Fort Bend County,,,,1,fort-bend-tx,false,true,true,true,true
Pecan Hill,4856485,true,EXACT_CANONICAL_PLACE_REGISTRY_ROW_GOVERNED_COUNTY_FIPS,SINGLE_COUNTY_CONTROL,1,48139,ellis-tx,Ellis County,,,,1,ellis-tx,false,true,true,true,true
Pecan Plantation,4856498,true,EXACT_CANONICAL_PLACE_REGISTRY_ROW_GOVERNED_COUNTY_FIPS,MULTI_COUNTY_CONVERGENCE,2,48221|48251,hood-tx|johnson-tx,Hood County|Johnson County,,,,2,hood-tx|johnson-tx,false,true,true,true,true
Pelican Bay,4856640,true,EXACT_CANONICAL_PLACE_REGISTRY_ROW_GOVERNED_COUNTY_FIPS,SINGLE_COUNTY_CONTROL,1,48439,tarrant-tx,Tarrant County,,,,1,tarrant-tx,false,true,true,true,true
Pena,4856644,true,EXACT_CANONICAL_PLACE_REGISTRY_ROW_GOVERNED_COUNTY_FIPS,SINGLE_COUNTY_CONTROL,1,48427,starr-tx,Starr County,,,,1,starr-tx,false,true,true,true,true
Pendleton,4856660,true,EXACT_CANONICAL_PLACE_REGISTRY_ROW_GOVERNED_COUNTY_FIPS,SINGLE_COUNTY_CONTROL,1,48027,bell-tx,Bell County,,,,1,bell-tx,false,true,true,true,true
Penelope,4856672,true,EXACT_CANONICAL_PLACE_REGISTRY_ROW_GOVERNED_COUNTY_FIPS,SINGLE_COUNTY_CONTROL,1,48217,hill-tx,Hill County,,,,1,hill-tx,false,true,true,true,true
Penitas,4856696,true,EXACT_CANONICAL_PLACE_REGISTRY_ROW_GOVERNED_COUNTY_FIPS,SINGLE_COUNTY_CONTROL,1,48215,hidalgo-tx,Hidalgo County,,,,1,hidalgo-tx,false,true,true,true,true
Perezville,4856804,true,EXACT_CANONICAL_PLACE_REGISTRY_ROW_GOVERNED_COUNTY_FIPS,SINGLE_COUNTY_CONTROL,1,48215,hidalgo-tx,Hidalgo County,,,,1,hidalgo-tx,false,true,true,true,true
Perrin,4856864,true,EXACT_CANONICAL_PLACE_REGISTRY_ROW_GOVERNED_COUNTY_FIPS,SINGLE_COUNTY_CONTROL,1,48237,jack-tx,Jack County,,,,1,jack-tx,false,true,true,true,true
Perryton,4856912,true,EXACT_CANONICAL_PLACE_REGISTRY_ROW_GOVERNED_COUNTY_FIPS,SINGLE_COUNTY_CONTROL,1,48357,ochiltree-tx,Ochiltree County,,,,1,ochiltree-tx,false,true,true,true,true
Petersburg,4856996,true,EXACT_CANONICAL_PLACE_REGISTRY_ROW_GOVERNED_COUNTY_FIPS,SINGLE_COUNTY_CONTROL,1,48189,hale-tx,Hale County,,,,1,hale-tx,false,true,true,true,true
Petrolia,4857044,true,EXACT_CANONICAL_PLACE_REGISTRY_ROW_GOVERNED_COUNTY_FIPS,SINGLE_COUNTY_CONTROL,1,48077,clay-tx,Clay County,,,,1,clay-tx,false,true,true,true,true
Petronila,4857056,true,EXACT_CANONICAL_PLACE_REGISTRY_ROW_GOVERNED_COUNTY_FIPS,SINGLE_COUNTY_CONTROL,1,48355,nueces-tx,Nueces County,,,,1,nueces-tx,false,true,true,true,true
Pettus,4857116,true,EXACT_CANONICAL_PLACE_REGISTRY_ROW_GOVERNED_COUNTY_FIPS,SINGLE_COUNTY_CONTROL,1,48025,bee-tx,Bee County,,,,1,bee-tx,false,true,true,true,true
Petty,4857128,true,EXACT_CANONICAL_PLACE_REGISTRY_ROW_GOVERNED_COUNTY_FIPS,SINGLE_COUNTY_CONTROL,1,48277,lamar-tx,Lamar County,,,,1,lamar-tx,false,true,true,true,true
Pflugerville,4857176,true,EXACT_CANONICAL_PLACE_REGISTRY_ROW_GOVERNED_COUNTY_FIPS,MULTI_COUNTY_CONVERGENCE,2,48453|48491,travis-tx|williamson-tx,Travis County|Williamson County,,,,2,travis-tx|williamson-tx,false,true,true,true,true
Pharr,4857200,true,EXACT_CANONICAL_PLACE_REGISTRY_ROW_GOVERNED_COUNTY_FIPS,SINGLE_COUNTY_CONTROL,1,48215,hidalgo-tx,Hidalgo County,,,,1,hidalgo-tx,false,true,true,true,true
Pilot Point,4857476,true,EXACT_CANONICAL_PLACE_REGISTRY_ROW_GOVERNED_COUNTY_FIPS,MULTI_COUNTY_CONVERGENCE,3,48097|48121|48181,cooke-tx|denton-tx|grayson-tx,Cooke County|Denton County|Grayson County,,,,3,cooke-tx|denton-tx|grayson-tx,false,true,true,true,true
Pinebrook,4857494,true,EXACT_CANONICAL_PLACE_REGISTRY_ROW_GOVERNED_COUNTY_FIPS,SINGLE_COUNTY_CONTROL,1,48185,grimes-tx,Grimes County,,,,1,grimes-tx,false,true,true,true,true
Pine Forest,4857524,true,EXACT_CANONICAL_PLACE_REGISTRY_ROW_GOVERNED_COUNTY_FIPS,SINGLE_COUNTY_CONTROL,1,48361,orange-tx,Orange County,,,,1,orange-tx,false,true,true,true,true
Pine Harbor,4857566,true,EXACT_CANONICAL_PLACE_REGISTRY_ROW_GOVERNED_COUNTY_FIPS,SINGLE_COUNTY_CONTROL,1,48315,marion-tx,Marion County,,,,1,marion-tx,false,true,true,true,true
Pinehurst,4857596,true,EXACT_CANONICAL_PLACE_REGISTRY_ROW_GOVERNED_COUNTY_FIPS,SINGLE_COUNTY_CONTROL,1,48339,montgomery-tx,Montgomery County,,,,1,montgomery-tx,false,true,true,true,true
Pinehurst,4857608,true,EXACT_CANONICAL_PLACE_REGISTRY_ROW_GOVERNED_COUNTY_FIPS,SINGLE_COUNTY_CONTROL,1,48361,orange-tx,Orange County,,,,1,orange-tx,false,true,true,true,true
Pine Island,4857615,true,EXACT_CANONICAL_PLACE_REGISTRY_ROW_GOVERNED_COUNTY_FIPS,SINGLE_COUNTY_CONTROL,1,48473,waller-tx,Waller County,,,,1,waller-tx,false,true,true,true,true
Pineland,4857644,true,EXACT_CANONICAL_PLACE_REGISTRY_ROW_GOVERNED_COUNTY_FIPS,SINGLE_COUNTY_CONTROL,1,48403,sabine-tx,Sabine County,,,,1,sabine-tx,false,true,true,true,true
Pinewood Estates,4857752,true,EXACT_CANONICAL_PLACE_REGISTRY_ROW_GOVERNED_COUNTY_FIPS,SINGLE_COUNTY_CONTROL,1,48199,hardin-tx,Hardin County,,,,1,hardin-tx,false,true,true,true,true
Piney Point Village,4857800,true,EXACT_CANONICAL_PLACE_REGISTRY_ROW_GOVERNED_COUNTY_FIPS,SINGLE_COUNTY_CONTROL,1,48201,harris-tx,Harris County,,,,1,harris-tx,false,true,true,true,true
Pittsburg,4857908,true,EXACT_CANONICAL_PLACE_REGISTRY_ROW_GOVERNED_COUNTY_FIPS,SINGLE_COUNTY_CONTROL,1,48063,camp-tx,Camp County,,,,1,camp-tx,false,true,true,true,true
Placedo,4857932,true,EXACT_CANONICAL_PLACE_REGISTRY_ROW_GOVERNED_COUNTY_FIPS,SINGLE_COUNTY_CONTROL,1,48469,victoria-tx,Victoria County,,,,1,victoria-tx,false,true,true,true,true
Plains,4857968,true,EXACT_CANONICAL_PLACE_REGISTRY_ROW_GOVERNED_COUNTY_FIPS,SINGLE_COUNTY_CONTROL,1,48501,yoakum-tx,Yoakum County,,,,1,yoakum-tx,false,true,true,true,true
Plainview,4857980,true,EXACT_CANONICAL_PLACE_REGISTRY_ROW_GOVERNED_COUNTY_FIPS,SINGLE_COUNTY_CONTROL,1,48189,hale-tx,Hale County,,,,1,hale-tx,false,true,true,true,true
Plano,4858016,true,EXACT_CANONICAL_PLACE_REGISTRY_ROW_GOVERNED_COUNTY_FIPS,MULTI_COUNTY_CONVERGENCE,2,48085|48121,collin-tx|denton-tx,Collin County|Denton County,,,,2,collin-tx|denton-tx,false,true,true,true,true
Plantersville,4858040,true,EXACT_CANONICAL_PLACE_REGISTRY_ROW_GOVERNED_COUNTY_FIPS,SINGLE_COUNTY_CONTROL,1,48185,grimes-tx,Grimes County,,,,1,grimes-tx,false,true,true,true,true
Pleak,4858088,true,EXACT_CANONICAL_PLACE_REGISTRY_ROW_GOVERNED_COUNTY_FIPS,SINGLE_COUNTY_CONTROL,1,48157,fort-bend-tx,Fort Bend County,,,,1,fort-bend-tx,false,true,true,true,true
Pleasant Hill,4858232,true,EXACT_CANONICAL_PLACE_REGISTRY_ROW_GOVERNED_COUNTY_FIPS,SINGLE_COUNTY_CONTROL,1,48373,polk-tx,Polk County,,,,1,polk-tx,false,true,true,true,true
Pleasanton,4858280,true,EXACT_CANONICAL_PLACE_REGISTRY_ROW_GOVERNED_COUNTY_FIPS,SINGLE_COUNTY_CONTROL,1,48013,atascosa-tx,Atascosa County,,,,1,atascosa-tx,false,true,true,true,true
Pleasant Valley,4858400,true,EXACT_CANONICAL_PLACE_REGISTRY_ROW_GOVERNED_COUNTY_FIPS,SINGLE_COUNTY_CONTROL,1,48485,wichita-tx,Wichita County,,,,1,wichita-tx,false,true,true,true,true
Plum,4858436,true,EXACT_CANONICAL_PLACE_REGISTRY_ROW_GOVERNED_COUNTY_FIPS,SINGLE_COUNTY_CONTROL,1,48149,fayette-tx,Fayette County,,,,1,fayette-tx,false,true,true,true,true
Plum Grove,4858448,true,EXACT_CANONICAL_PLACE_REGISTRY_ROW_GOVERNED_COUNTY_FIPS,SINGLE_COUNTY_CONTROL,1,48291,liberty-tx,Liberty County,,,,1,liberty-tx,false,true,true,true,true
Poetry,4858502,true,EXACT_CANONICAL_PLACE_REGISTRY_ROW_GOVERNED_COUNTY_FIPS,MULTI_COUNTY_CONVERGENCE,2,48231|48257,hunt-tx|kaufman-tx,Hunt County|Kaufman County,,,,2,hunt-tx|kaufman-tx,false,true,true,true,true
Point,4858532,true,EXACT_CANONICAL_PLACE_REGISTRY_ROW_GOVERNED_COUNTY_FIPS,SINGLE_COUNTY_CONTROL,1,48379,rains-tx,Rains County,,,,1,rains-tx,false,true,true,true,true
Point Blank,4858556,true,EXACT_CANONICAL_PLACE_REGISTRY_ROW_GOVERNED_COUNTY_FIPS,SINGLE_COUNTY_CONTROL,1,48407,san-jacinto-tx,San Jacinto County,,,,1,san-jacinto-tx,false,true,true,true,true
Point Comfort,4858568,true,EXACT_CANONICAL_PLACE_REGISTRY_ROW_GOVERNED_COUNTY_FIPS,SINGLE_COUNTY_CONTROL,1,48057,calhoun-tx,Calhoun County,,,,1,calhoun-tx,false,true,true,true,true
Point Venture,4858586,true,EXACT_CANONICAL_PLACE_REGISTRY_ROW_GOVERNED_COUNTY_FIPS,SINGLE_COUNTY_CONTROL,1,48453,travis-tx,Travis County,,,,1,travis-tx,false,true,true,true,true
Ponder,4858664,true,EXACT_CANONICAL_PLACE_REGISTRY_ROW_GOVERNED_COUNTY_FIPS,SINGLE_COUNTY_CONTROL,1,48121,denton-tx,Denton County,,,,1,denton-tx,false,true,true,true,true
Port Aransas,4858808,true,EXACT_CANONICAL_PLACE_REGISTRY_ROW_GOVERNED_COUNTY_FIPS,SINGLE_COUNTY_CONTROL,1,48355,nueces-tx,Nueces County,,,,1,nueces-tx,false,true,true,true,true
Port Arthur,4858820,true,EXACT_CANONICAL_PLACE_REGISTRY_ROW_GOVERNED_COUNTY_FIPS,MULTI_COUNTY_CONVERGENCE,2,48245|48361,jefferson-tx|orange-tx,Jefferson County|Orange County,,,,2,jefferson-tx|orange-tx,false,true,true,true,true
Porter Heights,4858850,true,EXACT_CANONICAL_PLACE_REGISTRY_ROW_GOVERNED_COUNTY_FIPS,SINGLE_COUNTY_CONTROL,1,48339,montgomery-tx,Montgomery County,,,,1,montgomery-tx,false,true,true,true,true
Port Isabel,4858892,true,EXACT_CANONICAL_PLACE_REGISTRY_ROW_GOVERNED_COUNTY_FIPS,SINGLE_COUNTY_CONTROL,1,48061,cameron-tx,Cameron County,,,,1,cameron-tx,false,true,true,true,true
Portland,4858904,true,EXACT_CANONICAL_PLACE_REGISTRY_ROW_GOVERNED_COUNTY_FIPS,MULTI_COUNTY_CONVERGENCE,2,48355|48409,nueces-tx|san-patricio-tx,Nueces County|San Patricio County,,,,2,nueces-tx|san-patricio-tx,false,true,true,true,true
Port Lavaca,4858916,true,EXACT_CANONICAL_PLACE_REGISTRY_ROW_GOVERNED_COUNTY_FIPS,SINGLE_COUNTY_CONTROL,1,48057,calhoun-tx,Calhoun County,,,,1,calhoun-tx,false,true,true,true,true
Port Mansfield,4858928,true,EXACT_CANONICAL_PLACE_REGISTRY_ROW_GOVERNED_COUNTY_FIPS,SINGLE_COUNTY_CONTROL,1,48489,willacy-tx,Willacy County,,,,1,willacy-tx,false,true,true,true,true
Port Neches,4858940,true,EXACT_CANONICAL_PLACE_REGISTRY_ROW_GOVERNED_COUNTY_FIPS,SINGLE_COUNTY_CONTROL,1,48245,jefferson-tx,Jefferson County,,,,1,jefferson-tx,false,true,true,true,true
Port O'Connor,4858952,true,EXACT_CANONICAL_PLACE_REGISTRY_ROW_GOVERNED_COUNTY_FIPS,SINGLE_COUNTY_CONTROL,1,48057,calhoun-tx,Calhoun County,,,,1,calhoun-tx,false,true,true,true,true
Post,4859012,true,EXACT_CANONICAL_PLACE_REGISTRY_ROW_GOVERNED_COUNTY_FIPS,SINGLE_COUNTY_CONTROL,1,48169,garza-tx,Garza County,,,,1,garza-tx,false,true,true,true,true
Post Oak Bend,4859065,true,EXACT_CANONICAL_PLACE_REGISTRY_ROW_GOVERNED_COUNTY_FIPS,SINGLE_COUNTY_CONTROL,1,48257,kaufman-tx,Kaufman County,,,,1,kaufman-tx,false,true,true,true,true
Poteet,4859084,true,EXACT_CANONICAL_PLACE_REGISTRY_ROW_GOVERNED_COUNTY_FIPS,SINGLE_COUNTY_CONTROL,1,48013,atascosa-tx,Atascosa County,,,,1,atascosa-tx,false,true,true,true,true
Poth,4859096,true,EXACT_CANONICAL_PLACE_REGISTRY_ROW_GOVERNED_COUNTY_FIPS,SINGLE_COUNTY_CONTROL,1,48493,wilson-tx,Wilson County,,,,1,wilson-tx,false,true,true,true,true
Potosi,4859108,true,EXACT_CANONICAL_PLACE_REGISTRY_ROW_GOVERNED_COUNTY_FIPS,SINGLE_COUNTY_CONTROL,1,48441,taylor-tx,Taylor County,,,,1,taylor-tx,false,true,true,true,true
Pottsboro,4859132,true,EXACT_CANONICAL_PLACE_REGISTRY_ROW_GOVERNED_COUNTY_FIPS,SINGLE_COUNTY_CONTROL,1,48181,grayson-tx,Grayson County,,,,1,grayson-tx,false,true,true,true,true
Powderly,4859156,true,EXACT_CANONICAL_PLACE_REGISTRY_ROW_GOVERNED_COUNTY_FIPS,SINGLE_COUNTY_CONTROL,1,48277,lamar-tx,Lamar County,,,,1,lamar-tx,false,true,true,true,true
Powell,4859168,true,EXACT_CANONICAL_PLACE_REGISTRY_ROW_GOVERNED_COUNTY_FIPS,SINGLE_COUNTY_CONTROL,1,48349,navarro-tx,Navarro County,,,,1,navarro-tx,false,true,true,true,true
Poynor,4859192,true,EXACT_CANONICAL_PLACE_REGISTRY_ROW_GOVERNED_COUNTY_FIPS,SINGLE_COUNTY_CONTROL,1,48213,henderson-tx,Henderson County,,,,1,henderson-tx,false,true,true,true,true
Prado Verde,4859210,true,EXACT_CANONICAL_PLACE_REGISTRY_ROW_GOVERNED_COUNTY_FIPS,SINGLE_COUNTY_CONTROL,1,48141,el-paso-tx,El Paso County,,,,1,el-paso-tx,false,true,true,true,true
Praesel,4859216,true,EXACT_CANONICAL_PLACE_REGISTRY_ROW_GOVERNED_COUNTY_FIPS,SINGLE_COUNTY_CONTROL,1,48331,milam-tx,Milam County,,,,1,milam-tx,false,true,true,true,true
Prairie View,4859336,true,EXACT_CANONICAL_PLACE_REGISTRY_ROW_GOVERNED_COUNTY_FIPS,SINGLE_COUNTY_CONTROL,1,48473,waller-tx,Waller County,,,,1,waller-tx,false,true,true,true,true
Premont,4859384,true,EXACT_CANONICAL_PLACE_REGISTRY_ROW_GOVERNED_COUNTY_FIPS,SINGLE_COUNTY_CONTROL,1,48249,jim-wells-tx,Jim Wells County,,,,1,jim-wells-tx,false,true,true,true,true
Presidio,4859396,true,EXACT_CANONICAL_PLACE_REGISTRY_ROW_GOVERNED_COUNTY_FIPS,SINGLE_COUNTY_CONTROL,1,48377,presidio-tx,Presidio County,,,,1,presidio-tx,false,true,true,true,true
Preston,4859420,true,EXACT_CANONICAL_PLACE_REGISTRY_ROW_GOVERNED_COUNTY_FIPS,SINGLE_COUNTY_CONTROL,1,48181,grayson-tx,Grayson County,,,,1,grayson-tx,false,true,true,true,true
Priddy,4859528,true,EXACT_CANONICAL_PLACE_REGISTRY_ROW_GOVERNED_COUNTY_FIPS,SINGLE_COUNTY_CONTROL,1,48333,mills-tx,Mills County,,,,1,mills-tx,false,true,true,true,true
Primera,4859540,true,EXACT_CANONICAL_PLACE_REGISTRY_ROW_GOVERNED_COUNTY_FIPS,SINGLE_COUNTY_CONTROL,1,48061,cameron-tx,Cameron County,,,,1,cameron-tx,false,true,true,true,true
Princeton,4859576,true,EXACT_CANONICAL_PLACE_REGISTRY_ROW_GOVERNED_COUNTY_FIPS,SINGLE_COUNTY_CONTROL,1,48085,collin-tx,Collin County,,,,1,collin-tx,false,true,true,true,true
Proctor,4859612,true,EXACT_CANONICAL_PLACE_REGISTRY_ROW_GOVERNED_COUNTY_FIPS,SINGLE_COUNTY_CONTROL,1,48093,comanche-tx,Comanche County,,,,1,comanche-tx,false,true,true,true,true
Progreso,4859636,true,EXACT_CANONICAL_PLACE_REGISTRY_ROW_GOVERNED_COUNTY_FIPS,SINGLE_COUNTY_CONTROL,1,48215,hidalgo-tx,Hidalgo County,,,,1,hidalgo-tx,false,true,true,true,true
Progreso Lakes,4859642,true,EXACT_CANONICAL_PLACE_REGISTRY_ROW_GOVERNED_COUNTY_FIPS,SINGLE_COUNTY_CONTROL,1,48215,hidalgo-tx,Hidalgo County,,,,1,hidalgo-tx,false,true,true,true,true
Prosper,4859696,true,EXACT_CANONICAL_PLACE_REGISTRY_ROW_GOVERNED_COUNTY_FIPS,MULTI_COUNTY_CONVERGENCE,2,48085|48121,collin-tx|denton-tx,Collin County|Denton County,,,,2,collin-tx|denton-tx,false,true,true,true,true
Providence Village,4859748,true,EXACT_CANONICAL_PLACE_REGISTRY_ROW_GOVERNED_COUNTY_FIPS,SINGLE_COUNTY_CONTROL,1,48121,denton-tx,Denton County,,,,1,denton-tx,false,true,true,true,true
Pueblo East,4859794,true,EXACT_CANONICAL_PLACE_REGISTRY_ROW_GOVERNED_COUNTY_FIPS,SINGLE_COUNTY_CONTROL,1,48479,webb-tx,Webb County,,,,1,webb-tx,false,true,true,true,true
Pueblo Nuevo,4859798,true,EXACT_CANONICAL_PLACE_REGISTRY_ROW_GOVERNED_COUNTY_FIPS,SINGLE_COUNTY_CONTROL,1,48479,webb-tx,Webb County,,,,1,webb-tx,false,true,true,true,true
Putnam,4859984,true,EXACT_CANONICAL_PLACE_REGISTRY_ROW_GOVERNED_COUNTY_FIPS,SINGLE_COUNTY_CONTROL,1,48059,callahan-tx,Callahan County,,,,1,callahan-tx,false,true,true,true,true
Pyote,4859996,true,EXACT_CANONICAL_PLACE_REGISTRY_ROW_GOVERNED_COUNTY_FIPS,SINGLE_COUNTY_CONTROL,1,48475,ward-tx,Ward County,,,,1,ward-tx,false,true,true,true,true
Quail,4860020,true,EXACT_CANONICAL_PLACE_REGISTRY_ROW_GOVERNED_COUNTY_FIPS,SINGLE_COUNTY_CONTROL,1,48087,collingsworth-tx,Collingsworth County,,,,1,collingsworth-tx,false,true,true,true,true
Quail Creek,4860026,true,EXACT_CANONICAL_PLACE_REGISTRY_ROW_GOVERNED_COUNTY_FIPS,SINGLE_COUNTY_CONTROL,1,48469,victoria-tx,Victoria County,,,,1,victoria-tx,false,true,true,true,true
Quanah,4860044,true,EXACT_CANONICAL_PLACE_REGISTRY_ROW_GOVERNED_COUNTY_FIPS,SINGLE_COUNTY_CONTROL,1,48197,hardeman-tx,Hardeman County,,,,1,hardeman-tx,false,true,true,true,true
Queen City,4860080,true,EXACT_CANONICAL_PLACE_REGISTRY_ROW_GOVERNED_COUNTY_FIPS,SINGLE_COUNTY_CONTROL,1,48067,cass-tx,Cass County,,,,1,cass-tx,false,true,true,true,true
Quemado,4860092,true,EXACT_CANONICAL_PLACE_REGISTRY_ROW_GOVERNED_COUNTY_FIPS,SINGLE_COUNTY_CONTROL,1,48323,maverick-tx,Maverick County,,,,1,maverick-tx,false,true,true,true,true
Quesada,4860098,true,EXACT_CANONICAL_PLACE_REGISTRY_ROW_GOVERNED_COUNTY_FIPS,SINGLE_COUNTY_CONTROL,1,48427,starr-tx,Starr County,,,,1,starr-tx,false,true,true,true,true
Quinlan,4860140,true,EXACT_CANONICAL_PLACE_REGISTRY_ROW_GOVERNED_COUNTY_FIPS,SINGLE_COUNTY_CONTROL,1,48231,hunt-tx,Hunt County,,,,1,hunt-tx,false,true,true,true,true
Quintana,4860164,true,EXACT_CANONICAL_PLACE_REGISTRY_ROW_GOVERNED_COUNTY_FIPS,SINGLE_COUNTY_CONTROL,1,48039,brazoria-tx,Brazoria County,,,,1,brazoria-tx,false,true,true,true,true
Quitaque,4860176,true,EXACT_CANONICAL_PLACE_REGISTRY_ROW_GOVERNED_COUNTY_FIPS,SINGLE_COUNTY_CONTROL,1,48045,briscoe-tx,Briscoe County,,,,1,briscoe-tx,false,true,true,true,true
Quitman,4860188,true,EXACT_CANONICAL_PLACE_REGISTRY_ROW_GOVERNED_COUNTY_FIPS,SINGLE_COUNTY_CONTROL,1,48499,wood-tx,Wood County,,,,1,wood-tx,false,true,true,true,true
Radar Base,4860278,true,EXACT_CANONICAL_PLACE_REGISTRY_ROW_GOVERNED_COUNTY_FIPS,SINGLE_COUNTY_CONTROL,1,48323,maverick-tx,Maverick County,,,,1,maverick-tx,false,true,true,true,true
Rafael Pena,4860290,true,EXACT_CANONICAL_PLACE_REGISTRY_ROW_GOVERNED_COUNTY_FIPS,SINGLE_COUNTY_CONTROL,1,48427,starr-tx,Starr County,,,,1,starr-tx,false,true,true,true,true
Ralls,4860356,true,EXACT_CANONICAL_PLACE_REGISTRY_ROW_GOVERNED_COUNTY_FIPS,SINGLE_COUNTY_CONTROL,1,48107,crosby-tx,Crosby County,,,,1,crosby-tx,false,true,true,true,true
Ramireno,4860380,true,EXACT_CANONICAL_PLACE_REGISTRY_ROW_GOVERNED_COUNTY_FIPS,SINGLE_COUNTY_CONTROL,1,48505,zapata-tx,Zapata County,,,,1,zapata-tx,false,true,true,true,true
Ramirez-Perez,4860408,true,EXACT_CANONICAL_PLACE_REGISTRY_ROW_GOVERNED_COUNTY_FIPS,SINGLE_COUNTY_CONTROL,1,48427,starr-tx,Starr County,,,,1,starr-tx,false,true,true,true,true
Ramos,4860422,true,EXACT_CANONICAL_PLACE_REGISTRY_ROW_GOVERNED_COUNTY_FIPS,SINGLE_COUNTY_CONTROL,1,48427,starr-tx,Starr County,,,,1,starr-tx,false,true,true,true,true
Ranchette Estates,4860458,true,EXACT_CANONICAL_PLACE_REGISTRY_ROW_GOVERNED_COUNTY_FIPS,SINGLE_COUNTY_CONTROL,1,48489,willacy-tx,Willacy County,,,,1,willacy-tx,false,true,true,true,true
Ranchitos del Norte,4860478,true,EXACT_CANONICAL_PLACE_REGISTRY_ROW_GOVERNED_COUNTY_FIPS,SINGLE_COUNTY_CONTROL,1,48427,starr-tx,Starr County,,,,1,starr-tx,false,true,true,true,true
Ranchitos East,4860480,true,EXACT_CANONICAL_PLACE_REGISTRY_ROW_GOVERNED_COUNTY_FIPS,SINGLE_COUNTY_CONTROL,1,48479,webb-tx,Webb County,,,,1,webb-tx,false,true,true,true,true
Ranchitos Las Lomas,4860482,true,EXACT_CANONICAL_PLACE_REGISTRY_ROW_GOVERNED_COUNTY_FIPS,SINGLE_COUNTY_CONTROL,1,48479,webb-tx,Webb County,,,,1,webb-tx,false,true,true,true,true
Rancho Alegre,4860518,true,EXACT_CANONICAL_PLACE_REGISTRY_ROW_GOVERNED_COUNTY_FIPS,SINGLE_COUNTY_CONTROL,1,48249,jim-wells-tx,Jim Wells County,,,,1,jim-wells-tx,false,true,true,true,true
Rancho Banquete,4860529,true,EXACT_CANONICAL_PLACE_REGISTRY_ROW_GOVERNED_COUNTY_FIPS,SINGLE_COUNTY_CONTROL,1,48355,nueces-tx,Nueces County,,,,1,nueces-tx,false,true,true,true,true
Rancho Chico,4860534,true,EXACT_CANONICAL_PLACE_REGISTRY_ROW_GOVERNED_COUNTY_FIPS,SINGLE_COUNTY_CONTROL,1,48409,san-patricio-tx,San Patricio County,,,,1,san-patricio-tx,false,true,true,true,true
Ranchos Penitas West,4860539,true,EXACT_CANONICAL_PLACE_REGISTRY_ROW_GOVERNED_COUNTY_FIPS,SINGLE_COUNTY_CONTROL,1,48479,webb-tx,Webb County,,,,1,webb-tx,false,true,true,true,true
Rancho Viejo,4860544,true,EXACT_CANONICAL_PLACE_REGISTRY_ROW_GOVERNED_COUNTY_FIPS,SINGLE_COUNTY_CONTROL,1,48061,cameron-tx,Cameron County,,,,1,cameron-tx,false,true,true,true,true
Rancho Viejo,4860554,true,EXACT_CANONICAL_PLACE_REGISTRY_ROW_GOVERNED_COUNTY_FIPS,SINGLE_COUNTY_CONTROL,1,48427,starr-tx,Starr County,,,,1,starr-tx,false,true,true,true,true
Randolph AFB,4860608,true,EXACT_CANONICAL_PLACE_REGISTRY_ROW_GOVERNED_COUNTY_FIPS,SINGLE_COUNTY_CONTROL,1,48029,bexar-tx,Bexar County,,,,1,bexar-tx,false,true,true,true,true
Ranger,4860632,true,EXACT_CANONICAL_PLACE_REGISTRY_ROW_GOVERNED_COUNTY_FIPS,SINGLE_COUNTY_CONTROL,1,48133,eastland-tx,Eastland County,,,,1,eastland-tx,false,true,true,true,true
Rankin,4860668,true,EXACT_CANONICAL_PLACE_REGISTRY_ROW_GOVERNED_COUNTY_FIPS,SINGLE_COUNTY_CONTROL,1,48461,upton-tx,Upton County,,,,1,upton-tx,false,true,true,true,true
Ransom Canyon,4860672,true,EXACT_CANONICAL_PLACE_REGISTRY_ROW_GOVERNED_COUNTY_FIPS,SINGLE_COUNTY_CONTROL,1,48303,lubbock-tx,Lubbock County,,,,1,lubbock-tx,false,true,true,true,true
Ratamosa,4860686,true,EXACT_CANONICAL_PLACE_REGISTRY_ROW_GOVERNED_COUNTY_FIPS,SINGLE_COUNTY_CONTROL,1,48061,cameron-tx,Cameron County,,,,1,cameron-tx,false,true,true,true,true
Ravenna,4860752,true,EXACT_CANONICAL_PLACE_REGISTRY_ROW_GOVERNED_COUNTY_FIPS,SINGLE_COUNTY_CONTROL,1,48147,fannin-tx,Fannin County,,,,1,fannin-tx,false,true,true,true,true
Raymondville,4860836,true,EXACT_CANONICAL_PLACE_REGISTRY_ROW_GOVERNED_COUNTY_FIPS,SINGLE_COUNTY_CONTROL,1,48489,willacy-tx,Willacy County,,,,1,willacy-tx,false,true,true,true,true
Realitos,4860932,true,EXACT_CANONICAL_PLACE_REGISTRY_ROW_GOVERNED_COUNTY_FIPS,SINGLE_COUNTY_CONTROL,1,48131,duval-tx,Duval County,,,,1,duval-tx,false,true,true,true,true
Redfield,4861040,true,EXACT_CANONICAL_PLACE_REGISTRY_ROW_GOVERNED_COUNTY_FIPS,SINGLE_COUNTY_CONTROL,1,48347,nacogdoches-tx,Nacogdoches County,,,,1,nacogdoches-tx,false,true,true,true,true
Redford,4861076,true,EXACT_CANONICAL_PLACE_REGISTRY_ROW_GOVERNED_COUNTY_FIPS,SINGLE_COUNTY_CONTROL,1,48377,presidio-tx,Presidio County,,,,1,presidio-tx,false,true,true,true,true
Redland,4861124,true,EXACT_CANONICAL_PLACE_REGISTRY_ROW_GOVERNED_COUNTY_FIPS,SINGLE_COUNTY_CONTROL,1,48005,angelina-tx,Angelina County,,,,1,angelina-tx,false,true,true,true,true
Red Lick,4861172,true,EXACT_CANONICAL_PLACE_REGISTRY_ROW_GOVERNED_COUNTY_FIPS,SINGLE_COUNTY_CONTROL,1,48037,bowie-tx,Bowie County,,,,1,bowie-tx,false,true,true,true,true
Red Oak,4861196,true,EXACT_CANONICAL_PLACE_REGISTRY_ROW_GOVERNED_COUNTY_FIPS,SINGLE_COUNTY_CONTROL,1,48139,ellis-tx,Ellis County,,,,1,ellis-tx,false,true,true,true,true
Red Rock,4861280,true,EXACT_CANONICAL_PLACE_REGISTRY_ROW_GOVERNED_COUNTY_FIPS,SINGLE_COUNTY_CONTROL,1,48021,bastrop-tx,Bastrop County,,,,1,bastrop-tx,false,true,true,true,true
Redwater,4861340,true,EXACT_CANONICAL_PLACE_REGISTRY_ROW_GOVERNED_COUNTY_FIPS,SINGLE_COUNTY_CONTROL,1,48037,bowie-tx,Bowie County,,,,1,bowie-tx,false,true,true,true,true
Redwood,4861352,true,EXACT_CANONICAL_PLACE_REGISTRY_ROW_GOVERNED_COUNTY_FIPS,SINGLE_COUNTY_CONTROL,1,48187,guadalupe-tx,Guadalupe County,,,,1,guadalupe-tx,false,true,true,true,true
Refugio,4861436,true,EXACT_CANONICAL_PLACE_REGISTRY_ROW_GOVERNED_COUNTY_FIPS,SINGLE_COUNTY_CONTROL,1,48391,refugio-tx,Refugio County,,,,1,refugio-tx,false,true,true,true,true
Regino Ramirez,4861454,true,EXACT_CANONICAL_PLACE_REGISTRY_ROW_GOVERNED_COUNTY_FIPS,SINGLE_COUNTY_CONTROL,1,48427,starr-tx,Starr County,,,,1,starr-tx,false,true,true,true,true
Reid Hope King,4861466,true,EXACT_CANONICAL_PLACE_REGISTRY_ROW_GOVERNED_COUNTY_FIPS,SINGLE_COUNTY_CONTROL,1,48061,cameron-tx,Cameron County,,,,1,cameron-tx,false,true,true,true,true
Reklaw,4861508,true,EXACT_CANONICAL_PLACE_REGISTRY_ROW_GOVERNED_COUNTY_FIPS,MULTI_COUNTY_CONVERGENCE,2,48073|48401,cherokee-tx|rusk-tx,Cherokee County|Rusk County,,,,2,cherokee-tx|rusk-tx,false,true,true,true,true
Relampago,4861532,true,EXACT_CANONICAL_PLACE_REGISTRY_ROW_GOVERNED_COUNTY_FIPS,SINGLE_COUNTY_CONTROL,1,48215,hidalgo-tx,Hidalgo County,,,,1,hidalgo-tx,false,true,true,true,true
Rendon,4861568,true,EXACT_CANONICAL_PLACE_REGISTRY_ROW_GOVERNED_COUNTY_FIPS,SINGLE_COUNTY_CONTROL,1,48439,tarrant-tx,Tarrant County,,,,1,tarrant-tx,false,true,true,true,true
Reno,4861592,true,EXACT_CANONICAL_PLACE_REGISTRY_ROW_GOVERNED_COUNTY_FIPS,SINGLE_COUNTY_CONTROL,1,48277,lamar-tx,Lamar County,,,,1,lamar-tx,false,true,true,true,true
Reno,4861604,true,EXACT_CANONICAL_PLACE_REGISTRY_ROW_GOVERNED_COUNTY_FIPS,MULTI_COUNTY_CONVERGENCE,2,48367|48439,parker-tx|tarrant-tx,Parker County|Tarrant County,,,,2,parker-tx|tarrant-tx,false,true,true,true,true
Retreat,4861616,true,EXACT_CANONICAL_PLACE_REGISTRY_ROW_GOVERNED_COUNTY_FIPS,SINGLE_COUNTY_CONTROL,1,48349,navarro-tx,Navarro County,,,,1,navarro-tx,false,true,true,true,true
Rhome,4861700,true,EXACT_CANONICAL_PLACE_REGISTRY_ROW_GOVERNED_COUNTY_FIPS,SINGLE_COUNTY_CONTROL,1,48497,wise-tx,Wise County,,,,1,wise-tx,false,true,true,true,true
Ricardo,4861724,true,EXACT_CANONICAL_PLACE_REGISTRY_ROW_GOVERNED_COUNTY_FIPS,SINGLE_COUNTY_CONTROL,1,48273,kleberg-tx,Kleberg County,,,,1,kleberg-tx,false,true,true,true,true
Rice,4861736,true,EXACT_CANONICAL_PLACE_REGISTRY_ROW_GOVERNED_COUNTY_FIPS,SINGLE_COUNTY_CONTROL,1,48349,navarro-tx,Navarro County,,,,1,navarro-tx,false,true,true,true,true
Rice Tracts,4861766,true,EXACT_CANONICAL_PLACE_REGISTRY_ROW_GOVERNED_COUNTY_FIPS,SINGLE_COUNTY_CONTROL,1,48061,cameron-tx,Cameron County,,,,1,cameron-tx,false,true,true,true,true
Richards,4861784,true,EXACT_CANONICAL_PLACE_REGISTRY_ROW_GOVERNED_COUNTY_FIPS,SINGLE_COUNTY_CONTROL,1,48185,grimes-tx,Grimes County,,,,1,grimes-tx,false,true,true,true,true
Richardson,4861796,true,EXACT_CANONICAL_PLACE_REGISTRY_ROW_GOVERNED_COUNTY_FIPS,MULTI_COUNTY_CONVERGENCE,2,48085|48113,collin-tx|dallas-tx,Collin County|Dallas County,,,,2,collin-tx|dallas-tx,false,true,true,true,true
Richland,4861820,true,EXACT_CANONICAL_PLACE_REGISTRY_ROW_GOVERNED_COUNTY_FIPS,SINGLE_COUNTY_CONTROL,1,48349,navarro-tx,Navarro County,,,,1,navarro-tx,false,true,true,true,true
Richland Hills,4861844,true,EXACT_CANONICAL_PLACE_REGISTRY_ROW_GOVERNED_COUNTY_FIPS,SINGLE_COUNTY_CONTROL,1,48439,tarrant-tx,Tarrant County,,,,1,tarrant-tx,false,true,true,true,true
Richland Springs,4861880,true,EXACT_CANONICAL_PLACE_REGISTRY_ROW_GOVERNED_COUNTY_FIPS,SINGLE_COUNTY_CONTROL,1,48411,san-saba-tx,San Saba County,,,,1,san-saba-tx,false,true,true,true,true
Richmond,4861892,true,EXACT_CANONICAL_PLACE_REGISTRY_ROW_GOVERNED_COUNTY_FIPS,SINGLE_COUNTY_CONTROL,1,48157,fort-bend-tx,Fort Bend County,,,,1,fort-bend-tx,false,true,true,true,true
Richwood,4861904,true,EXACT_CANONICAL_PLACE_REGISTRY_ROW_GOVERNED_COUNTY_FIPS,SINGLE_COUNTY_CONTROL,1,48039,brazoria-tx,Brazoria County,,,,1,brazoria-tx,false,true,true,true,true
Riesel,4862108,true,EXACT_CANONICAL_PLACE_REGISTRY_ROW_GOVERNED_COUNTY_FIPS,SINGLE_COUNTY_CONTROL,1,48309,mclennan-tx,McLennan County,,,,1,mclennan-tx,false,true,true,true,true
Ringgold,4862132,true,EXACT_CANONICAL_PLACE_REGISTRY_ROW_GOVERNED_COUNTY_FIPS,SINGLE_COUNTY_CONTROL,1,48337,montague-tx,Montague County,,,,1,montague-tx,false,true,true,true,true
Rio Bravo,4862138,true,EXACT_CANONICAL_PLACE_REGISTRY_ROW_GOVERNED_COUNTY_FIPS,SINGLE_COUNTY_CONTROL,1,48479,webb-tx,Webb County,,,,1,webb-tx,false,true,true,true,true
Rio Grande City,4862168,true,EXACT_CANONICAL_PLACE_REGISTRY_ROW_GOVERNED_COUNTY_FIPS,SINGLE_COUNTY_CONTROL,1,48427,starr-tx,Starr County,,,,1,starr-tx,false,true,true,true,true
Rio Hondo,4862180,true,EXACT_CANONICAL_PLACE_REGISTRY_ROW_GOVERNED_COUNTY_FIPS,SINGLE_COUNTY_CONTROL,1,48061,cameron-tx,Cameron County,,,,1,cameron-tx,false,true,true,true,true
Rio Vista,4862240,true,EXACT_CANONICAL_PLACE_REGISTRY_ROW_GOVERNED_COUNTY_FIPS,SINGLE_COUNTY_CONTROL,1,48251,johnson-tx,Johnson County,,,,1,johnson-tx,false,true,true,true,true
Rising Star,4862252,true,EXACT_CANONICAL_PLACE_REGISTRY_ROW_GOVERNED_COUNTY_FIPS,SINGLE_COUNTY_CONTROL,1,48133,eastland-tx,Eastland County,,,,1,eastland-tx,false,true,true,true,true
Rivereno,4862318,true,EXACT_CANONICAL_PLACE_REGISTRY_ROW_GOVERNED_COUNTY_FIPS,SINGLE_COUNTY_CONTROL,1,48427,starr-tx,Starr County,,,,1,starr-tx,false,true,true,true,true
River Oaks,4862384,true,EXACT_CANONICAL_PLACE_REGISTRY_ROW_GOVERNED_COUNTY_FIPS,SINGLE_COUNTY_CONTROL,1,48439,tarrant-tx,Tarrant County,,,,1,tarrant-tx,false,true,true,true,true
Riverside,4862408,true,EXACT_CANONICAL_PLACE_REGISTRY_ROW_GOVERNED_COUNTY_FIPS,SINGLE_COUNTY_CONTROL,1,48471,walker-tx,Walker County,,,,1,walker-tx,false,true,true,true,true
Riviera,4862468,true,EXACT_CANONICAL_PLACE_REGISTRY_ROW_GOVERNED_COUNTY_FIPS,SINGLE_COUNTY_CONTROL,1,48273,kleberg-tx,Kleberg County,,,,1,kleberg-tx,false,true,true,true,true
Road Runner,4862486,true,EXACT_CANONICAL_PLACE_REGISTRY_ROW_GOVERNED_COUNTY_FIPS,SINGLE_COUNTY_CONTROL,1,48097,cooke-tx,Cooke County,,,,1,cooke-tx,false,true,true,true,true
Roanoke,4862504,true,EXACT_CANONICAL_PLACE_REGISTRY_ROW_GOVERNED_COUNTY_FIPS,MULTI_COUNTY_CONVERGENCE,2,48121|48439,denton-tx|tarrant-tx,Denton County|Tarrant County,,,,2,denton-tx|tarrant-tx,false,true,true,true,true
Roaring Springs,4862528,true,EXACT_CANONICAL_PLACE_REGISTRY_ROW_GOVERNED_COUNTY_FIPS,SINGLE_COUNTY_CONTROL,1,48345,motley-tx,Motley County,,,,1,motley-tx,false,true,true,true,true
Robert Lee,4862564,true,EXACT_CANONICAL_PLACE_REGISTRY_ROW_GOVERNED_COUNTY_FIPS,SINGLE_COUNTY_CONTROL,1,48081,coke-tx,Coke County,,,,1,coke-tx,false,true,true,true,true
Robinson,4862588,true,EXACT_CANONICAL_PLACE_REGISTRY_ROW_GOVERNED_COUNTY_FIPS,SINGLE_COUNTY_CONTROL,1,48309,mclennan-tx,McLennan County,,,,1,mclennan-tx,false,true,true,true,true
Robstown,4862600,true,EXACT_CANONICAL_PLACE_REGISTRY_ROW_GOVERNED_COUNTY_FIPS,SINGLE_COUNTY_CONTROL,1,48355,nueces-tx,Nueces County,,,,1,nueces-tx,false,true,true,true,true
Roby,4862612,true,EXACT_CANONICAL_PLACE_REGISTRY_ROW_GOVERNED_COUNTY_FIPS,SINGLE_COUNTY_CONTROL,1,48151,fisher-tx,Fisher County,,,,1,fisher-tx,false,true,true,true,true
Rochelle,4862624,true,EXACT_CANONICAL_PLACE_REGISTRY_ROW_GOVERNED_COUNTY_FIPS,SINGLE_COUNTY_CONTROL,1,48307,mcculloch-tx,McCulloch County,,,,1,mcculloch-tx,false,true,true,true,true
Rochester,4862636,true,EXACT_CANONICAL_PLACE_REGISTRY_ROW_GOVERNED_COUNTY_FIPS,SINGLE_COUNTY_CONTROL,1,48207,haskell-tx,Haskell County,,,,1,haskell-tx,false,true,true,true,true
Rockdale,4862672,true,EXACT_CANONICAL_PLACE_REGISTRY_ROW_GOVERNED_COUNTY_FIPS,SINGLE_COUNTY_CONTROL,1,48331,milam-tx,Milam County,,,,1,milam-tx,false,true,true,true,true
Rock Island,4862732,true,EXACT_CANONICAL_PLACE_REGISTRY_ROW_GOVERNED_COUNTY_FIPS,SINGLE_COUNTY_CONTROL,1,48089,colorado-tx,Colorado County,,,,1,colorado-tx,false,true,true,true,true
Rockport,4862804,true,EXACT_CANONICAL_PLACE_REGISTRY_ROW_GOVERNED_COUNTY_FIPS,SINGLE_COUNTY_CONTROL,1,48007,aransas-tx,Aransas County,,,,1,aransas-tx,false,true,true,true,true
Rocksprings,4862816,true,EXACT_CANONICAL_PLACE_REGISTRY_ROW_GOVERNED_COUNTY_FIPS,SINGLE_COUNTY_CONTROL,1,48137,edwards-tx,Edwards County,,,,1,edwards-tx,false,true,true,true,true
Rockwall,4862828,true,EXACT_CANONICAL_PLACE_REGISTRY_ROW_GOVERNED_COUNTY_FIPS,SINGLE_COUNTY_CONTROL,1,48397,rockwall-tx,Rockwall County,,,,1,rockwall-tx,false,true,true,true,true
Rockwell Place,4862834,true,EXACT_CANONICAL_PLACE_REGISTRY_ROW_GOVERNED_COUNTY_FIPS,SINGLE_COUNTY_CONTROL,1,48381,randall-tx,Randall County,,,,1,randall-tx,false,true,true,true,true
Rocky Mound,4862870,true,EXACT_CANONICAL_PLACE_REGISTRY_ROW_GOVERNED_COUNTY_FIPS,SINGLE_COUNTY_CONTROL,1,48063,camp-tx,Camp County,,,,1,camp-tx,false,true,true,true,true
Rogers,4862924,true,EXACT_CANONICAL_PLACE_REGISTRY_ROW_GOVERNED_COUNTY_FIPS,SINGLE_COUNTY_CONTROL,1,48027,bell-tx,Bell County,,,,1,bell-tx,false,true,true,true,true
Rollingwood,4863008,true,EXACT_CANONICAL_PLACE_REGISTRY_ROW_GOVERNED_COUNTY_FIPS,SINGLE_COUNTY_CONTROL,1,48453,travis-tx,Travis County,,,,1,travis-tx,false,true,true,true,true
Roma,4863020,true,EXACT_CANONICAL_PLACE_REGISTRY_ROW_GOVERNED_COUNTY_FIPS,SINGLE_COUNTY_CONTROL,1,48427,starr-tx,Starr County,,,,1,starr-tx,false,true,true,true,true
Roman Forest,4863044,true,EXACT_CANONICAL_PLACE_REGISTRY_ROW_GOVERNED_COUNTY_FIPS,SINGLE_COUNTY_CONTROL,1,48339,montgomery-tx,Montgomery County,,,,1,montgomery-tx,false,true,true,true,true
Ropesville,4863140,true,EXACT_CANONICAL_PLACE_REGISTRY_ROW_GOVERNED_COUNTY_FIPS,SINGLE_COUNTY_CONTROL,1,48219,hockley-tx,Hockley County,,,,1,hockley-tx,false,true,true,true,true
Rosanky,4863164,true,EXACT_CANONICAL_PLACE_REGISTRY_ROW_GOVERNED_COUNTY_FIPS,SINGLE_COUNTY_CONTROL,1,48021,bastrop-tx,Bastrop County,,,,1,bastrop-tx,false,true,true,true,true
Roscoe,4863176,true,EXACT_CANONICAL_PLACE_REGISTRY_ROW_GOVERNED_COUNTY_FIPS,SINGLE_COUNTY_CONTROL,1,48353,nolan-tx,Nolan County,,,,1,nolan-tx,false,true,true,true,true
Rosebud,4863188,true,EXACT_CANONICAL_PLACE_REGISTRY_ROW_GOVERNED_COUNTY_FIPS,SINGLE_COUNTY_CONTROL,1,48145,falls-tx,Falls County,,,,1,falls-tx,false,true,true,true,true
Rose City,4863200,true,EXACT_CANONICAL_PLACE_REGISTRY_ROW_GOVERNED_COUNTY_FIPS,SINGLE_COUNTY_CONTROL,1,48361,orange-tx,Orange County,,,,1,orange-tx,false,true,true,true,true
Rose Hill Acres,4863272,true,EXACT_CANONICAL_PLACE_REGISTRY_ROW_GOVERNED_COUNTY_FIPS,SINGLE_COUNTY_CONTROL,1,48199,hardin-tx,Hardin County,,,,1,hardin-tx,false,true,true,true,true
Rosenberg,4863284,true,EXACT_CANONICAL_PLACE_REGISTRY_ROW_GOVERNED_COUNTY_FIPS,SINGLE_COUNTY_CONTROL,1,48157,fort-bend-tx,Fort Bend County,,,,1,fort-bend-tx,false,true,true,true,true
Rosharon,4863332,true,EXACT_CANONICAL_PLACE_REGISTRY_ROW_GOVERNED_COUNTY_FIPS,SINGLE_COUNTY_CONTROL,1,48039,brazoria-tx,Brazoria County,,,,1,brazoria-tx,false,true,true,true,true
Rosita,4863350,true,EXACT_CANONICAL_PLACE_REGISTRY_ROW_GOVERNED_COUNTY_FIPS,SINGLE_COUNTY_CONTROL,1,48323,maverick-tx,Maverick County,,,,1,maverick-tx,false,true,true,true,true
Ross,4863380,true,EXACT_CANONICAL_PLACE_REGISTRY_ROW_GOVERNED_COUNTY_FIPS,SINGLE_COUNTY_CONTROL,1,48309,mclennan-tx,McLennan County,,,,1,mclennan-tx,false,true,true,true,true
Rosser,4863404,true,EXACT_CANONICAL_PLACE_REGISTRY_ROW_GOVERNED_COUNTY_FIPS,SINGLE_COUNTY_CONTROL,1,48257,kaufman-tx,Kaufman County,,,,1,kaufman-tx,false,true,true,true,true
Rotan,4863464,true,EXACT_CANONICAL_PLACE_REGISTRY_ROW_GOVERNED_COUNTY_FIPS,SINGLE_COUNTY_CONTROL,1,48151,fisher-tx,Fisher County,,,,1,fisher-tx,false,true,true,true,true
Round Mountain,4863476,true,EXACT_CANONICAL_PLACE_REGISTRY_ROW_GOVERNED_COUNTY_FIPS,SINGLE_COUNTY_CONTROL,1,48031,blanco-tx,Blanco County,,,,1,blanco-tx,false,true,true,true,true
Round Rock,4863500,true,EXACT_CANONICAL_PLACE_REGISTRY_ROW_GOVERNED_COUNTY_FIPS,MULTI_COUNTY_CONVERGENCE,2,48453|48491,travis-tx|williamson-tx,Travis County|Williamson County,,,,2,travis-tx|williamson-tx,false,true,true,true,true
Round Top,4863524,true,EXACT_CANONICAL_PLACE_REGISTRY_ROW_GOVERNED_COUNTY_FIPS,SINGLE_COUNTY_CONTROL,1,48149,fayette-tx,Fayette County,,,,1,fayette-tx,false,true,true,true,true
Rowena,4863560,true,EXACT_CANONICAL_PLACE_REGISTRY_ROW_GOVERNED_COUNTY_FIPS,SINGLE_COUNTY_CONTROL,1,48399,runnels-tx,Runnels County,,,,1,runnels-tx,false,true,true,true,true
Rowlett,4863572,true,EXACT_CANONICAL_PLACE_REGISTRY_ROW_GOVERNED_COUNTY_FIPS,MULTI_COUNTY_CONVERGENCE,2,48113|48397,dallas-tx|rockwall-tx,Dallas County|Rockwall County,,,,2,dallas-tx|rockwall-tx,false,true,true,true,true
Roxton,4863584,true,EXACT_CANONICAL_PLACE_REGISTRY_ROW_GOVERNED_COUNTY_FIPS,SINGLE_COUNTY_CONTROL,1,48277,lamar-tx,Lamar County,,,,1,lamar-tx,false,true,true,true,true
Royse City,4863668,true,EXACT_CANONICAL_PLACE_REGISTRY_ROW_GOVERNED_COUNTY_FIPS,MULTI_COUNTY_CONVERGENCE,3,48085|48231|48397,collin-tx|hunt-tx|rockwall-tx,Collin County|Hunt County|Rockwall County,,,,3,collin-tx|hunt-tx|rockwall-tx,false,true,true,true,true
Rule,4863752,true,EXACT_CANONICAL_PLACE_REGISTRY_ROW_GOVERNED_COUNTY_FIPS,SINGLE_COUNTY_CONTROL,1,48207,haskell-tx,Haskell County,,,,1,haskell-tx,false,true,true,true,true
Runaway Bay,4863782,true,EXACT_CANONICAL_PLACE_REGISTRY_ROW_GOVERNED_COUNTY_FIPS,SINGLE_COUNTY_CONTROL,1,48497,wise-tx,Wise County,,,,1,wise-tx,false,true,true,true,true
Runge,4863788,true,EXACT_CANONICAL_PLACE_REGISTRY_ROW_GOVERNED_COUNTY_FIPS,SINGLE_COUNTY_CONTROL,1,48255,karnes-tx,Karnes County,,,,1,karnes-tx,false,true,true,true,true
Rusk,4863848,true,EXACT_CANONICAL_PLACE_REGISTRY_ROW_GOVERNED_COUNTY_FIPS,SINGLE_COUNTY_CONTROL,1,48073,cherokee-tx,Cherokee County,,,,1,cherokee-tx,false,true,true,true,true
Sabinal,4864004,true,EXACT_CANONICAL_PLACE_REGISTRY_ROW_GOVERNED_COUNTY_FIPS,SINGLE_COUNTY_CONTROL,1,48463,uvalde-tx,Uvalde County,,,,1,uvalde-tx,false,true,true,true,true
Sachse,4864064,true,EXACT_CANONICAL_PLACE_REGISTRY_ROW_GOVERNED_COUNTY_FIPS,MULTI_COUNTY_CONVERGENCE,2,48085|48113,collin-tx|dallas-tx,Collin County|Dallas County,,,,2,collin-tx|dallas-tx,false,true,true,true,true
Sadler,4864088,true,EXACT_CANONICAL_PLACE_REGISTRY_ROW_GOVERNED_COUNTY_FIPS,SINGLE_COUNTY_CONTROL,1,48181,grayson-tx,Grayson County,,,,1,grayson-tx,false,true,true,true,true
Saginaw,4864112,true,EXACT_CANONICAL_PLACE_REGISTRY_ROW_GOVERNED_COUNTY_FIPS,SINGLE_COUNTY_CONTROL,1,48439,tarrant-tx,Tarrant County,,,,1,tarrant-tx,false,true,true,true,true
St. Hedwig,4864172,true,EXACT_CANONICAL_PLACE_REGISTRY_ROW_GOVERNED_COUNTY_FIPS,SINGLE_COUNTY_CONTROL,1,48029,bexar-tx,Bexar County,,,,1,bexar-tx,false,true,true,true,true
Saint Jo,4864184,true,EXACT_CANONICAL_PLACE_REGISTRY_ROW_GOVERNED_COUNTY_FIPS,SINGLE_COUNTY_CONTROL,1,48337,montague-tx,Montague County,,,,1,montague-tx,false,true,true,true,true
St. Paul,4864220,true,EXACT_CANONICAL_PLACE_REGISTRY_ROW_GOVERNED_COUNTY_FIPS,SINGLE_COUNTY_CONTROL,1,48085,collin-tx,Collin County,,,,1,collin-tx,false,true,true,true,true
St. Paul,4864244,true,EXACT_CANONICAL_PLACE_REGISTRY_ROW_GOVERNED_COUNTY_FIPS,SINGLE_COUNTY_CONTROL,1,48409,san-patricio-tx,San Patricio County,,,,1,san-patricio-tx,false,true,true,true,true
Salado,4864268,true,EXACT_CANONICAL_PLACE_REGISTRY_ROW_GOVERNED_COUNTY_FIPS,SINGLE_COUNTY_CONTROL,1,48027,bell-tx,Bell County,,,,1,bell-tx,false,true,true,true,true
Salida del Sol Estates,4864307,true,EXACT_CANONICAL_PLACE_REGISTRY_ROW_GOVERNED_COUNTY_FIPS,SINGLE_COUNTY_CONTROL,1,48215,hidalgo-tx,Hidalgo County,,,,1,hidalgo-tx,false,true,true,true,true
SalineÃ±o,4864316,true,EXACT_CANONICAL_PLACE_REGISTRY_ROW_GOVERNED_COUNTY_FIPS,SINGLE_COUNTY_CONTROL,1,48427,starr-tx,Starr County,,,,1,starr-tx,false,true,true,true,true
SalineÃ±o North,4864322,true,EXACT_CANONICAL_PLACE_REGISTRY_ROW_GOVERNED_COUNTY_FIPS,SINGLE_COUNTY_CONTROL,1,48427,starr-tx,Starr County,,,,1,starr-tx,false,true,true,true,true
Sammy Martinez,4864442,true,EXACT_CANONICAL_PLACE_REGISTRY_ROW_GOVERNED_COUNTY_FIPS,SINGLE_COUNTY_CONTROL,1,48427,starr-tx,Starr County,,,,1,starr-tx,false,true,true,true,true
Samnorwood,4864448,true,EXACT_CANONICAL_PLACE_REGISTRY_ROW_GOVERNED_COUNTY_FIPS,SINGLE_COUNTY_CONTROL,1,48087,collingsworth-tx,Collingsworth County,,,,1,collingsworth-tx,false,true,true,true,true
Sam Rayburn,4864460,true,EXACT_CANONICAL_PLACE_REGISTRY_ROW_GOVERNED_COUNTY_FIPS,SINGLE_COUNTY_CONTROL,1,48241,jasper-tx,Jasper County,,,,1,jasper-tx,false,true,true,true,true
San Angelo,4864472,true,EXACT_CANONICAL_PLACE_REGISTRY_ROW_GOVERNED_COUNTY_FIPS,SINGLE_COUNTY_CONTROL,1,48451,tom-green-tx,Tom Green County,,,,1,tom-green-tx,false,true,true,true,true
San Antonio,4865000,true,EXACT_CANONICAL_PLACE_REGISTRY_ROW_GOVERNED_COUNTY_FIPS,MULTI_COUNTY_CONVERGENCE,3,48029|48091|48325,bexar-tx|comal-tx|medina-tx,Bexar County|Comal County|Medina County,,,,3,bexar-tx|comal-tx|medina-tx,false,true,true,true,true
San Augustine,4865024,true,EXACT_CANONICAL_PLACE_REGISTRY_ROW_GOVERNED_COUNTY_FIPS,SINGLE_COUNTY_CONTROL,1,48405,san-augustine-tx,San Augustine County,,,,1,san-augustine-tx,false,true,true,true,true
San Benito,4865036,true,EXACT_CANONICAL_PLACE_REGISTRY_ROW_GOVERNED_COUNTY_FIPS,SINGLE_COUNTY_CONTROL,1,48061,cameron-tx,Cameron County,,,,1,cameron-tx,false,true,true,true,true
San Carlos,4865048,true,EXACT_CANONICAL_PLACE_REGISTRY_ROW_GOVERNED_COUNTY_FIPS,SINGLE_COUNTY_CONTROL,1,48215,hidalgo-tx,Hidalgo County,,,,1,hidalgo-tx,false,true,true,true,true
San Carlos I,4865049,true,EXACT_CANONICAL_PLACE_REGISTRY_ROW_GOVERNED_COUNTY_FIPS,SINGLE_COUNTY_CONTROL,1,48479,webb-tx,Webb County,,,,1,webb-tx,false,true,true,true,true
San Carlos II,4865050,true,EXACT_CANONICAL_PLACE_REGISTRY_ROW_GOVERNED_COUNTY_FIPS,SINGLE_COUNTY_CONTROL,1,48479,webb-tx,Webb County,,,,1,webb-tx,false,true,true,true,true
Sanctuary,4865066,true,EXACT_CANONICAL_PLACE_REGISTRY_ROW_GOVERNED_COUNTY_FIPS,SINGLE_COUNTY_CONTROL,1,48367,parker-tx,Parker County,,,,1,parker-tx,false,true,true,true,true
Sanderson,4865084,true,EXACT_CANONICAL_PLACE_REGISTRY_ROW_GOVERNED_COUNTY_FIPS,SINGLE_COUNTY_CONTROL,1,48443,terrell-tx,Terrell County,,,,1,terrell-tx,false,true,true,true,true
Sandia,4865168,true,EXACT_CANONICAL_PLACE_REGISTRY_ROW_GOVERNED_COUNTY_FIPS,SINGLE_COUNTY_CONTROL,1,48249,jim-wells-tx,Jim Wells County,,,,1,jim-wells-tx,false,true,true,true,true
San Diego,4865180,true,EXACT_CANONICAL_PLACE_REGISTRY_ROW_GOVERNED_COUNTY_FIPS,MULTI_COUNTY_CONVERGENCE,2,48131|48249,duval-tx|jim-wells-tx,Duval County|Jim Wells County,,,,2,duval-tx|jim-wells-tx,false,true,true,true,true
Sandoval,4865210,true,EXACT_CANONICAL_PLACE_REGISTRY_ROW_GOVERNED_COUNTY_FIPS,SINGLE_COUNTY_CONTROL,1,48427,starr-tx,Starr County,,,,1,starr-tx,false,true,true,true,true
Sand Springs,4865240,true,EXACT_CANONICAL_PLACE_REGISTRY_ROW_GOVERNED_COUNTY_FIPS,SINGLE_COUNTY_CONTROL,1,48227,howard-tx,Howard County,,,,1,howard-tx,false,true,true,true,true
Sandy Hollow-Escondidas,4865342,true,EXACT_CANONICAL_PLACE_REGISTRY_ROW_GOVERNED_COUNTY_FIPS,SINGLE_COUNTY_CONTROL,1,48355,nueces-tx,Nueces County,,,,1,nueces-tx,false,true,true,true,true
Sandy Oaks,4865344,true,EXACT_CANONICAL_PLACE_REGISTRY_ROW_GOVERNED_COUNTY_FIPS,SINGLE_COUNTY_CONTROL,1,48029,bexar-tx,Bexar County,,,,1,bexar-tx,false,true,true,true,true
Sandy Point,4865345,true,EXACT_CANONICAL_PLACE_REGISTRY_ROW_GOVERNED_COUNTY_FIPS,SINGLE_COUNTY_CONTROL,1,48039,brazoria-tx,Brazoria County,,,,1,brazoria-tx,false,true,true,true,true
San Elizario,4865360,true,EXACT_CANONICAL_PLACE_REGISTRY_ROW_GOVERNED_COUNTY_FIPS,SINGLE_COUNTY_CONTROL,1,48141,el-paso-tx,El Paso County,,,,1,el-paso-tx,false,true,true,true,true
San Felipe,4865372,true,EXACT_CANONICAL_PLACE_REGISTRY_ROW_GOVERNED_COUNTY_FIPS,SINGLE_COUNTY_CONTROL,1,48015,austin-tx,Austin County,,,,1,austin-tx,false,true,true,true,true
San Fernando,4865378,true,EXACT_CANONICAL_PLACE_REGISTRY_ROW_GOVERNED_COUNTY_FIPS,SINGLE_COUNTY_CONTROL,1,48427,starr-tx,Starr County,,,,1,starr-tx,false,true,true,true,true
Sanford,4865384,true,EXACT_CANONICAL_PLACE_REGISTRY_ROW_GOVERNED_COUNTY_FIPS,SINGLE_COUNTY_CONTROL,1,48233,hutchinson-tx,Hutchinson County,,,,1,hutchinson-tx,false,true,true,true,true
Sanger,4865408,true,EXACT_CANONICAL_PLACE_REGISTRY_ROW_GOVERNED_COUNTY_FIPS,MULTI_COUNTY_CONVERGENCE,2,48097|48121,cooke-tx|denton-tx,Cooke County|Denton County,,,,2,cooke-tx|denton-tx,false,true,true,true,true
San Isidro,4865432,true,EXACT_CANONICAL_PLACE_REGISTRY_ROW_GOVERNED_COUNTY_FIPS,SINGLE_COUNTY_CONTROL,1,48427,starr-tx,Starr County,,,,1,starr-tx,false,true,true,true,true
San Juan,4865516,true,EXACT_CANONICAL_PLACE_REGISTRY_ROW_GOVERNED_COUNTY_FIPS,SINGLE_COUNTY_CONTROL,1,48215,hidalgo-tx,Hidalgo County,,,,1,hidalgo-tx,false,true,true,true,true
San Juan,4865532,true,EXACT_CANONICAL_PLACE_REGISTRY_ROW_GOVERNED_COUNTY_FIPS,SINGLE_COUNTY_CONTROL,1,48427,starr-tx,Starr County,,,,1,starr-tx,false,true,true,true,true
San Leanna,4865552,true,EXACT_CANONICAL_PLACE_REGISTRY_ROW_GOVERNED_COUNTY_FIPS,SINGLE_COUNTY_CONTROL,1,48453,travis-tx,Travis County,,,,1,travis-tx,false,true,true,true,true
San Leon,4865564,true,EXACT_CANONICAL_PLACE_REGISTRY_ROW_GOVERNED_COUNTY_FIPS,SINGLE_COUNTY_CONTROL,1,48167,galveston-tx,Galveston County,,,,1,galveston-tx,false,true,true,true,true
San Marcos,4865600,true,EXACT_CANONICAL_PLACE_REGISTRY_ROW_GOVERNED_COUNTY_FIPS,MULTI_COUNTY_CONVERGENCE,3,48055|48187|48209,caldwell-tx|guadalupe-tx|hays-tx,Caldwell County|Guadalupe County|Hays County,,,,3,caldwell-tx|guadalupe-tx|hays-tx,false,true,true,true,true
San Patricio,4865612,true,EXACT_CANONICAL_PLACE_REGISTRY_ROW_GOVERNED_COUNTY_FIPS,SINGLE_COUNTY_CONTROL,1,48409,san-patricio-tx,San Patricio County,,,,1,san-patricio-tx,false,true,true,true,true
San Pedro,4865620,true,EXACT_CANONICAL_PLACE_REGISTRY_ROW_GOVERNED_COUNTY_FIPS,SINGLE_COUNTY_CONTROL,1,48061,cameron-tx,Cameron County,,,,1,cameron-tx,false,true,true,true,true
San Perlita,4865636,true,EXACT_CANONICAL_PLACE_REGISTRY_ROW_GOVERNED_COUNTY_FIPS,SINGLE_COUNTY_CONTROL,1,48489,willacy-tx,Willacy County,,,,1,willacy-tx,false,true,true,true,true
San Saba,4865648,true,EXACT_CANONICAL_PLACE_REGISTRY_ROW_GOVERNED_COUNTY_FIPS,SINGLE_COUNTY_CONTROL,1,48411,san-saba-tx,San Saba County,,,,1,san-saba-tx,false,true,true,true,true
Sansom Park,4865660,true,EXACT_CANONICAL_PLACE_REGISTRY_ROW_GOVERNED_COUNTY_FIPS,SINGLE_COUNTY_CONTROL,1,48439,tarrant-tx,Tarrant County,,,,1,tarrant-tx,false,true,true,true,true
Santa Anna,4865672,true,EXACT_CANONICAL_PLACE_REGISTRY_ROW_GOVERNED_COUNTY_FIPS,SINGLE_COUNTY_CONTROL,1,48083,coleman-tx,Coleman County,,,,1,coleman-tx,false,true,true,true,true
Santa Anna,4865678,true,EXACT_CANONICAL_PLACE_REGISTRY_ROW_GOVERNED_COUNTY_FIPS,SINGLE_COUNTY_CONTROL,1,48427,starr-tx,Starr County,,,,1,starr-tx,false,true,true,true,true
Santa Clara,4865690,true,EXACT_CANONICAL_PLACE_REGISTRY_ROW_GOVERNED_COUNTY_FIPS,SINGLE_COUNTY_CONTROL,1,48187,guadalupe-tx,Guadalupe County,,,,1,guadalupe-tx,false,true,true,true,true
Santa Cruz,4865708,true,EXACT_CANONICAL_PLACE_REGISTRY_ROW_GOVERNED_COUNTY_FIPS,SINGLE_COUNTY_CONTROL,1,48427,starr-tx,Starr County,,,,1,starr-tx,false,true,true,true,true
Santa Fe,4865726,true,EXACT_CANONICAL_PLACE_REGISTRY_ROW_GOVERNED_COUNTY_FIPS,SINGLE_COUNTY_CONTROL,1,48167,galveston-tx,Galveston County,,,,1,galveston-tx,false,true,true,true,true
Santa Maria,4865744,true,EXACT_CANONICAL_PLACE_REGISTRY_ROW_GOVERNED_COUNTY_FIPS,SINGLE_COUNTY_CONTROL,1,48061,cameron-tx,Cameron County,,,,1,cameron-tx,false,true,true,true,true
Santa Monica,4865756,true,EXACT_CANONICAL_PLACE_REGISTRY_ROW_GOVERNED_COUNTY_FIPS,SINGLE_COUNTY_CONTROL,1,48489,willacy-tx,Willacy County,,,,1,willacy-tx,false,true,true,true,true
Santa Rita Ranch,4865762,true,EXACT_CANONICAL_PLACE_REGISTRY_ROW_GOVERNED_COUNTY_FIPS,SINGLE_COUNTY_CONTROL,1,48491,williamson-tx,Williamson County,,,,1,williamson-tx,false,true,true,true,true
Santa Rosa,4865768,true,EXACT_CANONICAL_PLACE_REGISTRY_ROW_GOVERNED_COUNTY_FIPS,SINGLE_COUNTY_CONTROL,1,48061,cameron-tx,Cameron County,,,,1,cameron-tx,false,true,true,true,true
Santa Rosa,4865774,true,EXACT_CANONICAL_PLACE_REGISTRY_ROW_GOVERNED_COUNTY_FIPS,SINGLE_COUNTY_CONTROL,1,48427,starr-tx,Starr County,,,,1,starr-tx,false,true,true,true,true
Santel,4865777,true,EXACT_CANONICAL_PLACE_REGISTRY_ROW_GOVERNED_COUNTY_FIPS,SINGLE_COUNTY_CONTROL,1,48427,starr-tx,Starr County,,,,1,starr-tx,false,true,true,true,true
Santo,4865780,true,EXACT_CANONICAL_PLACE_REGISTRY_ROW_GOVERNED_COUNTY_FIPS,SINGLE_COUNTY_CONTROL,1,48363,palo-pinto-tx,Palo Pinto County,,,,1,palo-pinto-tx,false,true,true,true,true
San Ygnacio,4865792,true,EXACT_CANONICAL_PLACE_REGISTRY_ROW_GOVERNED_COUNTY_FIPS,SINGLE_COUNTY_CONTROL,1,48505,zapata-tx,Zapata County,,,,1,zapata-tx,false,true,true,true,true
Sargent,4865864,true,EXACT_CANONICAL_PLACE_REGISTRY_ROW_GOVERNED_COUNTY_FIPS,SINGLE_COUNTY_CONTROL,1,48321,matagorda-tx,Matagorda County,,,,1,matagorda-tx,false,true,true,true,true
Sarita,4865876,true,EXACT_CANONICAL_PLACE_REGISTRY_ROW_GOVERNED_COUNTY_FIPS,SINGLE_COUNTY_CONTROL,1,48261,kenedy-tx,Kenedy County,,,,1,kenedy-tx,false,true,true,true,true
Savannah,4866000,true,EXACT_CANONICAL_PLACE_REGISTRY_ROW_GOVERNED_COUNTY_FIPS,SINGLE_COUNTY_CONTROL,1,48121,denton-tx,Denton County,,,,1,denton-tx,false,true,true,true,true
Savoy,4866008,true,EXACT_CANONICAL_PLACE_REGISTRY_ROW_GOVERNED_COUNTY_FIPS,SINGLE_COUNTY_CONTROL,1,48147,fannin-tx,Fannin County,,,,1,fannin-tx,false,true,true,true,true
Scenic Oaks,4866089,true,EXACT_CANONICAL_PLACE_REGISTRY_ROW_GOVERNED_COUNTY_FIPS,SINGLE_COUNTY_CONTROL,1,48029,bexar-tx,Bexar County,,,,1,bexar-tx,false,true,true,true,true
Schertz,4866128,true,EXACT_CANONICAL_PLACE_REGISTRY_ROW_GOVERNED_COUNTY_FIPS,MULTI_COUNTY_CONVERGENCE,3,48029|48091|48187,bexar-tx|comal-tx|guadalupe-tx,Bexar County|Comal County|Guadalupe County,,,,3,bexar-tx|comal-tx|guadalupe-tx,false,true,true,true,true
Schulenburg,4866188,true,EXACT_CANONICAL_PLACE_REGISTRY_ROW_GOVERNED_COUNTY_FIPS,SINGLE_COUNTY_CONTROL,1,48149,fayette-tx,Fayette County,,,,1,fayette-tx,false,true,true,true,true
Scissors,4866248,true,EXACT_CANONICAL_PLACE_REGISTRY_ROW_GOVERNED_COUNTY_FIPS,SINGLE_COUNTY_CONTROL,1,48215,hidalgo-tx,Hidalgo County,,,,1,hidalgo-tx,false,true,true,true,true
Scotland,4866284,true,EXACT_CANONICAL_PLACE_REGISTRY_ROW_GOVERNED_COUNTY_FIPS,SINGLE_COUNTY_CONTROL,1,48009,archer-tx,Archer County,,,,1,archer-tx,false,true,true,true,true
Scottsville,4866332,true,EXACT_CANONICAL_PLACE_REGISTRY_ROW_GOVERNED_COUNTY_FIPS,SINGLE_COUNTY_CONTROL,1,48203,harrison-tx,Harrison County,,,,1,harrison-tx,false,true,true,true,true
Scurry,4866368,true,EXACT_CANONICAL_PLACE_REGISTRY_ROW_GOVERNED_COUNTY_FIPS,SINGLE_COUNTY_CONTROL,1,48257,kaufman-tx,Kaufman County,,,,1,kaufman-tx,false,true,true,true,true
Seabrook,4866392,true,EXACT_CANONICAL_PLACE_REGISTRY_ROW_GOVERNED_COUNTY_FIPS,MULTI_COUNTY_CONVERGENCE,2,48071|48201,chambers-tx|harris-tx,Chambers County|Harris County,,,,2,chambers-tx|harris-tx,false,true,true,true,true
Seadrift,4866416,true,EXACT_CANONICAL_PLACE_REGISTRY_ROW_GOVERNED_COUNTY_FIPS,SINGLE_COUNTY_CONTROL,1,48057,calhoun-tx,Calhoun County,,,,1,calhoun-tx,false,true,true,true,true
Seagoville,4866428,true,EXACT_CANONICAL_PLACE_REGISTRY_ROW_GOVERNED_COUNTY_FIPS,MULTI_COUNTY_CONVERGENCE,2,48113|48257,dallas-tx|kaufman-tx,Dallas County|Kaufman County,,,,2,dallas-tx|kaufman-tx,false,true,true,true,true
Seagraves,4866440,true,EXACT_CANONICAL_PLACE_REGISTRY_ROW_GOVERNED_COUNTY_FIPS,SINGLE_COUNTY_CONTROL,1,48165,gaines-tx,Gaines County,,,,1,gaines-tx,false,true,true,true,true
Sealy,4866464,true,EXACT_CANONICAL_PLACE_REGISTRY_ROW_GOVERNED_COUNTY_FIPS,SINGLE_COUNTY_CONTROL,1,48015,austin-tx,Austin County,,,,1,austin-tx,false,true,true,true,true
Sebastian,4866512,true,EXACT_CANONICAL_PLACE_REGISTRY_ROW_GOVERNED_COUNTY_FIPS,SINGLE_COUNTY_CONTROL,1,48489,willacy-tx,Willacy County,,,,1,willacy-tx,false,true,true,true,true
Seco Mines,4866536,true,EXACT_CANONICAL_PLACE_REGISTRY_ROW_GOVERNED_COUNTY_FIPS,SINGLE_COUNTY_CONTROL,1,48323,maverick-tx,Maverick County,,,,1,maverick-tx,false,true,true,true,true
Seguin,4866644,true,EXACT_CANONICAL_PLACE_REGISTRY_ROW_GOVERNED_COUNTY_FIPS,SINGLE_COUNTY_CONTROL,1,48187,guadalupe-tx,Guadalupe County,,,,1,guadalupe-tx,false,true,true,true,true
Seis Lagos,4866686,true,EXACT_CANONICAL_PLACE_REGISTRY_ROW_GOVERNED_COUNTY_FIPS,SINGLE_COUNTY_CONTROL,1,48085,collin-tx,Collin County,,,,1,collin-tx,false,true,true,true,true
Selma,4866704,true,EXACT_CANONICAL_PLACE_REGISTRY_ROW_GOVERNED_COUNTY_FIPS,MULTI_COUNTY_CONVERGENCE,3,48029|48091|48187,bexar-tx|comal-tx|guadalupe-tx,Bexar County|Comal County|Guadalupe County,,,,3,bexar-tx|comal-tx|guadalupe-tx,false,true,true,true,true
Seminole,4866764,true,EXACT_CANONICAL_PLACE_REGISTRY_ROW_GOVERNED_COUNTY_FIPS,SINGLE_COUNTY_CONTROL,1,48165,gaines-tx,Gaines County,,,,1,gaines-tx,false,true,true,true,true
Serenada,4866806,true,EXACT_CANONICAL_PLACE_REGISTRY_ROW_GOVERNED_COUNTY_FIPS,SINGLE_COUNTY_CONTROL,1,48491,williamson-tx,Williamson County,,,,1,williamson-tx,false,true,true,true,true
Seth Ward,4866848,true,EXACT_CANONICAL_PLACE_REGISTRY_ROW_GOVERNED_COUNTY_FIPS,SINGLE_COUNTY_CONTROL,1,48189,hale-tx,Hale County,,,,1,hale-tx,false,true,true,true,true
Seven Oaks,4866884,true,EXACT_CANONICAL_PLACE_REGISTRY_ROW_GOVERNED_COUNTY_FIPS,SINGLE_COUNTY_CONTROL,1,48373,polk-tx,Polk County,,,,1,polk-tx,false,true,true,true,true
Seven Points,4866908,true,EXACT_CANONICAL_PLACE_REGISTRY_ROW_GOVERNED_COUNTY_FIPS,MULTI_COUNTY_CONVERGENCE,2,48213|48257,henderson-tx|kaufman-tx,Henderson County|Kaufman County,,,,2,henderson-tx|kaufman-tx,false,true,true,true,true
Seymour,4866968,true,EXACT_CANONICAL_PLACE_REGISTRY_ROW_GOVERNED_COUNTY_FIPS,SINGLE_COUNTY_CONTROL,1,48023,baylor-tx,Baylor County,,,,1,baylor-tx,false,true,true,true,true
Shadybrook,4867010,true,EXACT_CANONICAL_PLACE_REGISTRY_ROW_GOVERNED_COUNTY_FIPS,SINGLE_COUNTY_CONTROL,1,48073,cherokee-tx,Cherokee County,,,,1,cherokee-tx,false,true,true,true,true
Shady Hollow,4867082,true,EXACT_CANONICAL_PLACE_REGISTRY_ROW_GOVERNED_COUNTY_FIPS,SINGLE_COUNTY_CONTROL,1,48453,travis-tx,Travis County,,,,1,travis-tx,false,true,true,true,true
Shady Shores,4867100,true,EXACT_CANONICAL_PLACE_REGISTRY_ROW_GOVERNED_COUNTY_FIPS,SINGLE_COUNTY_CONTROL,1,48121,denton-tx,Denton County,,,,1,denton-tx,false,true,true,true,true
Shallowater,4867136,true,EXACT_CANONICAL_PLACE_REGISTRY_ROW_GOVERNED_COUNTY_FIPS,SINGLE_COUNTY_CONTROL,1,48303,lubbock-tx,Lubbock County,,,,1,lubbock-tx,false,true,true,true,true
Shamrock,4867160,true,EXACT_CANONICAL_PLACE_REGISTRY_ROW_GOVERNED_COUNTY_FIPS,SINGLE_COUNTY_CONTROL,1,48483,wheeler-tx,Wheeler County,,,,1,wheeler-tx,false,true,true,true,true
Shavano Park,4867268,true,EXACT_CANONICAL_PLACE_REGISTRY_ROW_GOVERNED_COUNTY_FIPS,SINGLE_COUNTY_CONTROL,1,48029,bexar-tx,Bexar County,,,,1,bexar-tx,false,true,true,true,true
Sheffield,4867340,true,EXACT_CANONICAL_PLACE_REGISTRY_ROW_GOVERNED_COUNTY_FIPS,SINGLE_COUNTY_CONTROL,1,48371,pecos-tx,Pecos County,,,,1,pecos-tx,false,true,true,true,true
Shelbyville,4867364,true,EXACT_CANONICAL_PLACE_REGISTRY_ROW_GOVERNED_COUNTY_FIPS,SINGLE_COUNTY_CONTROL,1,48419,shelby-tx,Shelby County,,,,1,shelby-tx,false,true,true,true,true
Sheldon,4867376,true,EXACT_CANONICAL_PLACE_REGISTRY_ROW_GOVERNED_COUNTY_FIPS,SINGLE_COUNTY_CONTROL,1,48201,harris-tx,Harris County,,,,1,harris-tx,false,true,true,true,true
Shenandoah,4867400,true,EXACT_CANONICAL_PLACE_REGISTRY_ROW_GOVERNED_COUNTY_FIPS,SINGLE_COUNTY_CONTROL,1,48339,montgomery-tx,Montgomery County,,,,1,montgomery-tx,false,true,true,true,true
Shepherd,4867424,true,EXACT_CANONICAL_PLACE_REGISTRY_ROW_GOVERNED_COUNTY_FIPS,SINGLE_COUNTY_CONTROL,1,48407,san-jacinto-tx,San Jacinto County,,,,1,san-jacinto-tx,false,true,true,true,true
Sheridan,4867472,true,EXACT_CANONICAL_PLACE_REGISTRY_ROW_GOVERNED_COUNTY_FIPS,SINGLE_COUNTY_CONTROL,1,48089,colorado-tx,Colorado County,,,,1,colorado-tx,false,true,true,true,true
Sherman,4867496,true,EXACT_CANONICAL_PLACE_REGISTRY_ROW_GOVERNED_COUNTY_FIPS,SINGLE_COUNTY_CONTROL,1,48181,grayson-tx,Grayson County,,,,1,grayson-tx,false,true,true,true,true
Sherwood Shores,4867554,true,EXACT_CANONICAL_PLACE_REGISTRY_ROW_GOVERNED_COUNTY_FIPS,SINGLE_COUNTY_CONTROL,1,48181,grayson-tx,Grayson County,,,,1,grayson-tx,false,true,true,true,true
Shiner,4867640,true,EXACT_CANONICAL_PLACE_REGISTRY_ROW_GOVERNED_COUNTY_FIPS,SINGLE_COUNTY_CONTROL,1,48285,lavaca-tx,Lavaca County,,,,1,lavaca-tx,false,true,true,true,true
Shiro,4867664,true,EXACT_CANONICAL_PLACE_REGISTRY_ROW_GOVERNED_COUNTY_FIPS,SINGLE_COUNTY_CONTROL,1,48185,grimes-tx,Grimes County,,,,1,grimes-tx,false,true,true,true,true
Shoreacres,4867688,true,EXACT_CANONICAL_PLACE_REGISTRY_ROW_GOVERNED_COUNTY_FIPS,MULTI_COUNTY_CONVERGENCE,2,48071|48201,chambers-tx|harris-tx,Chambers County|Harris County,,,,2,chambers-tx|harris-tx,false,true,true,true,true
Sienna,4867763,true,EXACT_CANONICAL_PLACE_REGISTRY_ROW_GOVERNED_COUNTY_FIPS,SINGLE_COUNTY_CONTROL,1,48157,fort-bend-tx,Fort Bend County,,,,1,fort-bend-tx,false,true,true,true,true
Sierra Blanca,4867772,true,EXACT_CANONICAL_PLACE_REGISTRY_ROW_GOVERNED_COUNTY_FIPS,SINGLE_COUNTY_CONTROL,1,48229,hudspeth-tx,Hudspeth County,,,,1,hudspeth-tx,false,true,true,true,true
Siesta Acres,4867775,true,EXACT_CANONICAL_PLACE_REGISTRY_ROW_GOVERNED_COUNTY_FIPS,SINGLE_COUNTY_CONTROL,1,48323,maverick-tx,Maverick County,,,,1,maverick-tx,false,true,true,true,true
Siesta Shores,4867778,true,EXACT_CANONICAL_PLACE_REGISTRY_ROW_GOVERNED_COUNTY_FIPS,SINGLE_COUNTY_CONTROL,1,48505,zapata-tx,Zapata County,,,,1,zapata-tx,false,true,true,true,true
Silsbee,4867832,true,EXACT_CANONICAL_PLACE_REGISTRY_ROW_GOVERNED_COUNTY_FIPS,SINGLE_COUNTY_CONTROL,1,48199,hardin-tx,Hardin County,,,,1,hardin-tx,false,true,true,true,true
Silverton,4867904,true,EXACT_CANONICAL_PLACE_REGISTRY_ROW_GOVERNED_COUNTY_FIPS,SINGLE_COUNTY_CONTROL,1,48045,briscoe-tx,Briscoe County,,,,1,briscoe-tx,false,true,true,true,true
Simonton,4867964,true,EXACT_CANONICAL_PLACE_REGISTRY_ROW_GOVERNED_COUNTY_FIPS,SINGLE_COUNTY_CONTROL,1,48157,fort-bend-tx,Fort Bend County,,,,1,fort-bend-tx,false,true,true,true,true
Sinton,4868036,true,EXACT_CANONICAL_PLACE_REGISTRY_ROW_GOVERNED_COUNTY_FIPS,SINGLE_COUNTY_CONTROL,1,48409,san-patricio-tx,San Patricio County,,,,1,san-patricio-tx,false,true,true,true,true
Skellytown,4868120,true,EXACT_CANONICAL_PLACE_REGISTRY_ROW_GOVERNED_COUNTY_FIPS,SINGLE_COUNTY_CONTROL,1,48065,carson-tx,Carson County,,,,1,carson-tx,false,true,true,true,true
Skidmore,4868132,true,EXACT_CANONICAL_PLACE_REGISTRY_ROW_GOVERNED_COUNTY_FIPS,SINGLE_COUNTY_CONTROL,1,48025,bee-tx,Bee County,,,,1,bee-tx,false,true,true,true,true
Slaton,4868180,true,EXACT_CANONICAL_PLACE_REGISTRY_ROW_GOVERNED_COUNTY_FIPS,SINGLE_COUNTY_CONTROL,1,48303,lubbock-tx,Lubbock County,,,,1,lubbock-tx,false,true,true,true,true
Smiley,4868300,true,EXACT_CANONICAL_PLACE_REGISTRY_ROW_GOVERNED_COUNTY_FIPS,SINGLE_COUNTY_CONTROL,1,48177,gonzales-tx,Gonzales County,,,,1,gonzales-tx,false,true,true,true,true
Smithville,4868456,true,EXACT_CANONICAL_PLACE_REGISTRY_ROW_GOVERNED_COUNTY_FIPS,SINGLE_COUNTY_CONTROL,1,48021,bastrop-tx,Bastrop County,,,,1,bastrop-tx,false,true,true,true,true
Smyer,4868504,true,EXACT_CANONICAL_PLACE_REGISTRY_ROW_GOVERNED_COUNTY_FIPS,SINGLE_COUNTY_CONTROL,1,48219,hockley-tx,Hockley County,,,,1,hockley-tx,false,true,true,true,true
Snook,4868576,true,EXACT_CANONICAL_PLACE_REGISTRY_ROW_GOVERNED_COUNTY_FIPS,SINGLE_COUNTY_CONTROL,1,48051,burleson-tx,Burleson County,,,,1,burleson-tx,false,true,true,true,true
Snyder,4868624,true,EXACT_CANONICAL_PLACE_REGISTRY_ROW_GOVERNED_COUNTY_FIPS,SINGLE_COUNTY_CONTROL,1,48415,scurry-tx,Scurry County,,,,1,scurry-tx,false,true,true,true,true
Socorro,4868636,true,EXACT_CANONICAL_PLACE_REGISTRY_ROW_GOVERNED_COUNTY_FIPS,SINGLE_COUNTY_CONTROL,1,48141,el-paso-tx,El Paso County,,,,1,el-paso-tx,false,true,true,true,true
Solis,4868678,true,EXACT_CANONICAL_PLACE_REGISTRY_ROW_GOVERNED_COUNTY_FIPS,SINGLE_COUNTY_CONTROL,1,48061,cameron-tx,Cameron County,,,,1,cameron-tx,false,true,true,true,true
Somerset,4868708,true,EXACT_CANONICAL_PLACE_REGISTRY_ROW_GOVERNED_COUNTY_FIPS,SINGLE_COUNTY_CONTROL,1,48029,bexar-tx,Bexar County,,,,1,bexar-tx,false,true,true,true,true
Somerville,4868720,true,EXACT_CANONICAL_PLACE_REGISTRY_ROW_GOVERNED_COUNTY_FIPS,SINGLE_COUNTY_CONTROL,1,48051,burleson-tx,Burleson County,,,,1,burleson-tx,false,true,true,true,true
Sonora,4868756,true,EXACT_CANONICAL_PLACE_REGISTRY_ROW_GOVERNED_COUNTY_FIPS,SINGLE_COUNTY_CONTROL,1,48435,sutton-tx,Sutton County,,,,1,sutton-tx,false,true,true,true,true
Sonterra,4868762,true,EXACT_CANONICAL_PLACE_REGISTRY_ROW_GOVERNED_COUNTY_FIPS,SINGLE_COUNTY_CONTROL,1,48491,williamson-tx,Williamson County,,,,1,williamson-tx,false,true,true,true,true
Sour Lake,4868828,true,EXACT_CANONICAL_PLACE_REGISTRY_ROW_GOVERNED_COUNTY_FIPS,SINGLE_COUNTY_CONTROL,1,48199,hardin-tx,Hardin County,,,,1,hardin-tx,false,true,true,true,true
South Alamo,4868846,true,EXACT_CANONICAL_PLACE_REGISTRY_ROW_GOVERNED_COUNTY_FIPS,SINGLE_COUNTY_CONTROL,1,48215,hidalgo-tx,Hidalgo County,,,,1,hidalgo-tx,false,true,true,true,true
South Fork Estates,4868966,true,EXACT_CANONICAL_PLACE_REGISTRY_ROW_GOVERNED_COUNTY_FIPS,SINGLE_COUNTY_CONTROL,1,48247,jim-hogg-tx,Jim Hogg County,,,,1,jim-hogg-tx,false,true,true,true,true
South Frydek,4868978,true,EXACT_CANONICAL_PLACE_REGISTRY_ROW_GOVERNED_COUNTY_FIPS,SINGLE_COUNTY_CONTROL,1,48015,austin-tx,Austin County,,,,1,austin-tx,false,true,true,true,true
South Houston,4869020,true,EXACT_CANONICAL_PLACE_REGISTRY_ROW_GOVERNED_COUNTY_FIPS,SINGLE_COUNTY_CONTROL,1,48201,harris-tx,Harris County,,,,1,harris-tx,false,true,true,true,true
Southlake,4869032,true,EXACT_CANONICAL_PLACE_REGISTRY_ROW_GOVERNED_COUNTY_FIPS,MULTI_COUNTY_CONVERGENCE,2,48121|48439,denton-tx|tarrant-tx,Denton County|Tarrant County,,,,2,denton-tx|tarrant-tx,false,true,true,true,true
South La Paloma,4869072,true,EXACT_CANONICAL_PLACE_REGISTRY_ROW_GOVERNED_COUNTY_FIPS,SINGLE_COUNTY_CONTROL,1,48249,jim-wells-tx,Jim Wells County,,,,1,jim-wells-tx,false,true,true,true,true
Southmayd,4869104,true,EXACT_CANONICAL_PLACE_REGISTRY_ROW_GOVERNED_COUNTY_FIPS,SINGLE_COUNTY_CONTROL,1,48181,grayson-tx,Grayson County,,,,1,grayson-tx,false,true,true,true,true
South Mountain,4869120,true,EXACT_CANONICAL_PLACE_REGISTRY_ROW_GOVERNED_COUNTY_FIPS,SINGLE_COUNTY_CONTROL,1,48099,coryell-tx,Coryell County,,,,1,coryell-tx,false,true,true,true,true
South Padre Island,4869140,true,EXACT_CANONICAL_PLACE_REGISTRY_ROW_GOVERNED_COUNTY_FIPS,SINGLE_COUNTY_CONTROL,1,48061,cameron-tx,Cameron County,,,,1,cameron-tx,false,true,true,true,true
South Point,4869194,true,EXACT_CANONICAL_PLACE_REGISTRY_ROW_GOVERNED_COUNTY_FIPS,SINGLE_COUNTY_CONTROL,1,48061,cameron-tx,Cameron County,,,,1,cameron-tx,false,true,true,true,true
Southside Place,4869272,true,EXACT_CANONICAL_PLACE_REGISTRY_ROW_GOVERNED_COUNTY_FIPS,SINGLE_COUNTY_CONTROL,1,48201,harris-tx,Harris County,,,,1,harris-tx,false,true,true,true,true
South Toledo Bend,4869326,true,EXACT_CANONICAL_PLACE_REGISTRY_ROW_GOVERNED_COUNTY_FIPS,SINGLE_COUNTY_CONTROL,1,48351,newton-tx,Newton County,,,,1,newton-tx,false,true,true,true,true
Southwest Sandhill,4869353,true,EXACT_CANONICAL_PLACE_REGISTRY_ROW_GOVERNED_COUNTY_FIPS,SINGLE_COUNTY_CONTROL,1,48475,ward-tx,Ward County,,,,1,ward-tx,false,true,true,true,true
Spade,4869380,true,EXACT_CANONICAL_PLACE_REGISTRY_ROW_GOVERNED_COUNTY_FIPS,SINGLE_COUNTY_CONTROL,1,48279,lamb-tx,Lamb County,,,,1,lamb-tx,false,true,true,true,true
Sparks,4869432,true,EXACT_CANONICAL_PLACE_REGISTRY_ROW_GOVERNED_COUNTY_FIPS,SINGLE_COUNTY_CONTROL,1,48141,el-paso-tx,El Paso County,,,,1,el-paso-tx,false,true,true,true,true
Spearman,4869476,true,EXACT_CANONICAL_PLACE_REGISTRY_ROW_GOVERNED_COUNTY_FIPS,SINGLE_COUNTY_CONTROL,1,48195,hansford-tx,Hansford County,,,,1,hansford-tx,false,true,true,true,true
Splendora,4869548,true,EXACT_CANONICAL_PLACE_REGISTRY_ROW_GOVERNED_COUNTY_FIPS,SINGLE_COUNTY_CONTROL,1,48339,montgomery-tx,Montgomery County,,,,1,montgomery-tx,false,true,true,true,true
Spofford,4869560,true,EXACT_CANONICAL_PLACE_REGISTRY_ROW_GOVERNED_COUNTY_FIPS,SINGLE_COUNTY_CONTROL,1,48271,kinney-tx,Kinney County,,,,1,kinney-tx,false,true,true,true,true
Spring,4869596,true,EXACT_CANONICAL_PLACE_REGISTRY_ROW_GOVERNED_COUNTY_FIPS,SINGLE_COUNTY_CONTROL,1,48201,harris-tx,Harris County,,,,1,harris-tx,false,true,true,true,true
Spring Branch,4869608,true,EXACT_CANONICAL_PLACE_REGISTRY_ROW_GOVERNED_COUNTY_FIPS,SINGLE_COUNTY_CONTROL,1,48091,comal-tx,Comal County,,,,1,comal-tx,false,true,true,true,true
Spring Gardens,4869708,true,EXACT_CANONICAL_PLACE_REGISTRY_ROW_GOVERNED_COUNTY_FIPS,SINGLE_COUNTY_CONTROL,1,48355,nueces-tx,Nueces County,,,,1,nueces-tx,false,true,true,true,true
Springlake,4869764,true,EXACT_CANONICAL_PLACE_REGISTRY_ROW_GOVERNED_COUNTY_FIPS,SINGLE_COUNTY_CONTROL,1,48279,lamb-tx,Lamb County,,,,1,lamb-tx,false,true,true,true,true
Springtown,4869800,true,EXACT_CANONICAL_PLACE_REGISTRY_ROW_GOVERNED_COUNTY_FIPS,MULTI_COUNTY_CONVERGENCE,2,48367|48497,parker-tx|wise-tx,Parker County|Wise County,,,,2,parker-tx|wise-tx,false,true,true,true,true
Spring Valley Village,4869830,true,EXACT_CANONICAL_PLACE_REGISTRY_ROW_GOVERNED_COUNTY_FIPS,SINGLE_COUNTY_CONTROL,1,48201,harris-tx,Harris County,,,,1,harris-tx,false,true,true,true,true
Spur,4869848,true,EXACT_CANONICAL_PLACE_REGISTRY_ROW_GOVERNED_COUNTY_FIPS,SINGLE_COUNTY_CONTROL,1,48125,dickens-tx,Dickens County,,,,1,dickens-tx,false,true,true,true,true
Stafford,4869908,true,EXACT_CANONICAL_PLACE_REGISTRY_ROW_GOVERNED_COUNTY_FIPS,MULTI_COUNTY_CONVERGENCE,2,48157|48201,fort-bend-tx|harris-tx,Fort Bend County|Harris County,,,,2,fort-bend-tx|harris-tx,false,true,true,true,true
Stagecoach,4869932,true,EXACT_CANONICAL_PLACE_REGISTRY_ROW_GOVERNED_COUNTY_FIPS,SINGLE_COUNTY_CONTROL,1,48339,montgomery-tx,Montgomery County,,,,1,montgomery-tx,false,true,true,true,true
Stamford,4869980,true,EXACT_CANONICAL_PLACE_REGISTRY_ROW_GOVERNED_COUNTY_FIPS,MULTI_COUNTY_CONVERGENCE,2,48207|48253,haskell-tx|jones-tx,Haskell County|Jones County,,,,2,haskell-tx|jones-tx,false,true,true,true,true
Stanton,4870040,true,EXACT_CANONICAL_PLACE_REGISTRY_ROW_GOVERNED_COUNTY_FIPS,SINGLE_COUNTY_CONTROL,1,48317,martin-tx,Martin County,,,,1,martin-tx,false,true,true,true,true
Staples,4870052,true,EXACT_CANONICAL_PLACE_REGISTRY_ROW_GOVERNED_COUNTY_FIPS,SINGLE_COUNTY_CONTROL,1,48187,guadalupe-tx,Guadalupe County,,,,1,guadalupe-tx,false,true,true,true,true
Star Harbor,4870076,true,EXACT_CANONICAL_PLACE_REGISTRY_ROW_GOVERNED_COUNTY_FIPS,SINGLE_COUNTY_CONTROL,1,48213,henderson-tx,Henderson County,,,,1,henderson-tx,false,true,true,true,true
Steiner Ranch,4870154,true,EXACT_CANONICAL_PLACE_REGISTRY_ROW_GOVERNED_COUNTY_FIPS,SINGLE_COUNTY_CONTROL,1,48453,travis-tx,Travis County,,,,1,travis-tx,false,true,true,true,true
Stephenville,4870208,true,EXACT_CANONICAL_PLACE_REGISTRY_ROW_GOVERNED_COUNTY_FIPS,SINGLE_COUNTY_CONTROL,1,48143,erath-tx,Erath County,,,,1,erath-tx,false,true,true,true,true
Sterling City,4870232,true,EXACT_CANONICAL_PLACE_REGISTRY_ROW_GOVERNED_COUNTY_FIPS,SINGLE_COUNTY_CONTROL,1,48431,sterling-tx,Sterling County,,,,1,sterling-tx,false,true,true,true,true
Stinnett,4870340,true,EXACT_CANONICAL_PLACE_REGISTRY_ROW_GOVERNED_COUNTY_FIPS,SINGLE_COUNTY_CONTROL,1,48233,hutchinson-tx,Hutchinson County,,,,1,hutchinson-tx,false,true,true,true,true
Stockdale,4870376,true,EXACT_CANONICAL_PLACE_REGISTRY_ROW_GOVERNED_COUNTY_FIPS,SINGLE_COUNTY_CONTROL,1,48493,wilson-tx,Wilson County,,,,1,wilson-tx,false,true,true,true,true
Stockton Bend,4870406,true,EXACT_CANONICAL_PLACE_REGISTRY_ROW_GOVERNED_COUNTY_FIPS,SINGLE_COUNTY_CONTROL,1,48221,hood-tx,Hood County,,,,1,hood-tx,false,true,true,true,true
Stonewall,4870460,true,EXACT_CANONICAL_PLACE_REGISTRY_ROW_GOVERNED_COUNTY_FIPS,SINGLE_COUNTY_CONTROL,1,48171,gillespie-tx,Gillespie County,,,,1,gillespie-tx,false,true,true,true,true
Stowell,4870520,true,EXACT_CANONICAL_PLACE_REGISTRY_ROW_GOVERNED_COUNTY_FIPS,SINGLE_COUNTY_CONTROL,1,48071,chambers-tx,Chambers County,,,,1,chambers-tx,false,true,true,true,true
Stratford,4870544,true,EXACT_CANONICAL_PLACE_REGISTRY_ROW_GOVERNED_COUNTY_FIPS,SINGLE_COUNTY_CONTROL,1,48421,sherman-tx,Sherman County,,,,1,sherman-tx,false,true,true,true,true
Strawn,4870580,true,EXACT_CANONICAL_PLACE_REGISTRY_ROW_GOVERNED_COUNTY_FIPS,SINGLE_COUNTY_CONTROL,1,48363,palo-pinto-tx,Palo Pinto County,,,,1,palo-pinto-tx,false,true,true,true,true
Streetman,4870604,true,EXACT_CANONICAL_PLACE_REGISTRY_ROW_GOVERNED_COUNTY_FIPS,MULTI_COUNTY_CONVERGENCE,2,48161|48349,freestone-tx|navarro-tx,Freestone County|Navarro County,,,,2,freestone-tx|navarro-tx,false,true,true,true,true
Study Butte,4870688,true,EXACT_CANONICAL_PLACE_REGISTRY_ROW_GOVERNED_COUNTY_FIPS,SINGLE_COUNTY_CONTROL,1,48043,brewster-tx,Brewster County,,,,1,brewster-tx,false,true,true,true,true
Sudan,4870772,true,EXACT_CANONICAL_PLACE_REGISTRY_ROW_GOVERNED_COUNTY_FIPS,SINGLE_COUNTY_CONTROL,1,48279,lamb-tx,Lamb County,,,,1,lamb-tx,false,true,true,true,true
Sugar Land,4870808,true,EXACT_CANONICAL_PLACE_REGISTRY_ROW_GOVERNED_COUNTY_FIPS,SINGLE_COUNTY_CONTROL,1,48157,fort-bend-tx,Fort Bend County,,,,1,fort-bend-tx,false,true,true,true,true
Sullivan City,4870868,true,EXACT_CANONICAL_PLACE_REGISTRY_ROW_GOVERNED_COUNTY_FIPS,SINGLE_COUNTY_CONTROL,1,48215,hidalgo-tx,Hidalgo County,,,,1,hidalgo-tx,false,true,true,true,true
Sulphur Springs,4870904,true,EXACT_CANONICAL_PLACE_REGISTRY_ROW_GOVERNED_COUNTY_FIPS,SINGLE_COUNTY_CONTROL,1,48223,hopkins-tx,Hopkins County,,,,1,hopkins-tx,false,true,true,true,true
Summerfield,4870940,true,EXACT_CANONICAL_PLACE_REGISTRY_ROW_GOVERNED_COUNTY_FIPS,SINGLE_COUNTY_CONTROL,1,48069,castro-tx,Castro County,,,,1,castro-tx,false,true,true,true,true
Sundown,4871060,true,EXACT_CANONICAL_PLACE_REGISTRY_ROW_GOVERNED_COUNTY_FIPS,SINGLE_COUNTY_CONTROL,1,48219,hockley-tx,Hockley County,,,,1,hockley-tx,false,true,true,true,true
Sunnyvale,4871156,true,EXACT_CANONICAL_PLACE_REGISTRY_ROW_GOVERNED_COUNTY_FIPS,SINGLE_COUNTY_CONTROL,1,48113,dallas-tx,Dallas County,,,,1,dallas-tx,false,true,true,true,true
Sunray,4871180,true,EXACT_CANONICAL_PLACE_REGISTRY_ROW_GOVERNED_COUNTY_FIPS,SINGLE_COUNTY_CONTROL,1,48341,moore-tx,Moore County,,,,1,moore-tx,false,true,true,true,true
Sunrise Beach Village,4871228,true,EXACT_CANONICAL_PLACE_REGISTRY_ROW_GOVERNED_COUNTY_FIPS,SINGLE_COUNTY_CONTROL,1,48299,llano-tx,Llano County,,,,1,llano-tx,false,true,true,true,true
Sunrise Shores,4871236,true,EXACT_CANONICAL_PLACE_REGISTRY_ROW_GOVERNED_COUNTY_FIPS,SINGLE_COUNTY_CONTROL,1,48213,henderson-tx,Henderson County,,,,1,henderson-tx,false,true,true,true,true
Sunset,4871264,true,EXACT_CANONICAL_PLACE_REGISTRY_ROW_GOVERNED_COUNTY_FIPS,SINGLE_COUNTY_CONTROL,1,48337,montague-tx,Montague County,,,,1,montague-tx,false,true,true,true,true
Sunset,4871274,true,EXACT_CANONICAL_PLACE_REGISTRY_ROW_GOVERNED_COUNTY_FIPS,SINGLE_COUNTY_CONTROL,1,48427,starr-tx,Starr County,,,,1,starr-tx,false,true,true,true,true
Sunset Acres,4871289,true,EXACT_CANONICAL_PLACE_REGISTRY_ROW_GOVERNED_COUNTY_FIPS,SINGLE_COUNTY_CONTROL,1,48479,webb-tx,Webb County,,,,1,webb-tx,false,true,true,true,true
Sunset Valley,4871324,true,EXACT_CANONICAL_PLACE_REGISTRY_ROW_GOVERNED_COUNTY_FIPS,SINGLE_COUNTY_CONTROL,1,48453,travis-tx,Travis County,,,,1,travis-tx,false,true,true,true,true
Sun Valley,4871356,true,EXACT_CANONICAL_PLACE_REGISTRY_ROW_GOVERNED_COUNTY_FIPS,SINGLE_COUNTY_CONTROL,1,48277,lamar-tx,Lamar County,,,,1,lamar-tx,false,true,true,true,true
Surfside Beach,4871384,true,EXACT_CANONICAL_PLACE_REGISTRY_ROW_GOVERNED_COUNTY_FIPS,SINGLE_COUNTY_CONTROL,1,48039,brazoria-tx,Brazoria County,,,,1,brazoria-tx,false,true,true,true,true
Sweeny,4871492,true,EXACT_CANONICAL_PLACE_REGISTRY_ROW_GOVERNED_COUNTY_FIPS,SINGLE_COUNTY_CONTROL,1,48039,brazoria-tx,Brazoria County,,,,1,brazoria-tx,false,true,true,true,true
Sweetwater,4871540,true,EXACT_CANONICAL_PLACE_REGISTRY_ROW_GOVERNED_COUNTY_FIPS,SINGLE_COUNTY_CONTROL,1,48353,nolan-tx,Nolan County,,,,1,nolan-tx,false,true,true,true,true
Sylvester,4871636,true,EXACT_CANONICAL_PLACE_REGISTRY_ROW_GOVERNED_COUNTY_FIPS,SINGLE_COUNTY_CONTROL,1,48151,fisher-tx,Fisher County,,,,1,fisher-tx,false,true,true,true,true
Taft,4871684,true,EXACT_CANONICAL_PLACE_REGISTRY_ROW_GOVERNED_COUNTY_FIPS,SINGLE_COUNTY_CONTROL,1,48409,san-patricio-tx,San Patricio County,,,,1,san-patricio-tx,false,true,true,true,true
Taft Southwest,4871696,true,EXACT_CANONICAL_PLACE_REGISTRY_ROW_GOVERNED_COUNTY_FIPS,SINGLE_COUNTY_CONTROL,1,48409,san-patricio-tx,San Patricio County,,,,1,san-patricio-tx,false,true,true,true,true
Tahoka,4871708,true,EXACT_CANONICAL_PLACE_REGISTRY_ROW_GOVERNED_COUNTY_FIPS,SINGLE_COUNTY_CONTROL,1,48305,lynn-tx,Lynn County,,,,1,lynn-tx,false,true,true,true,true
Talco,4871732,true,EXACT_CANONICAL_PLACE_REGISTRY_ROW_GOVERNED_COUNTY_FIPS,SINGLE_COUNTY_CONTROL,1,48449,titus-tx,Titus County,,,,1,titus-tx,false,true,true,true,true
Talty,4871756,true,EXACT_CANONICAL_PLACE_REGISTRY_ROW_GOVERNED_COUNTY_FIPS,SINGLE_COUNTY_CONTROL,1,48257,kaufman-tx,Kaufman County,,,,1,kaufman-tx,false,true,true,true,true
Tanquecitos South Acres,4871820,true,EXACT_CANONICAL_PLACE_REGISTRY_ROW_GOVERNED_COUNTY_FIPS,SINGLE_COUNTY_CONTROL,1,48479,webb-tx,Webb County,,,,1,webb-tx,false,true,true,true,true
Tanquecitos South Acres II,4871824,true,EXACT_CANONICAL_PLACE_REGISTRY_ROW_GOVERNED_COUNTY_FIPS,SINGLE_COUNTY_CONTROL,1,48479,webb-tx,Webb County,,,,1,webb-tx,false,true,true,true,true
Tatum,4871924,true,EXACT_CANONICAL_PLACE_REGISTRY_ROW_GOVERNED_COUNTY_FIPS,MULTI_COUNTY_CONVERGENCE,2,48365|48401,panola-tx|rusk-tx,Panola County|Rusk County,,,,2,panola-tx|rusk-tx,false,true,true,true,true
Taylor,4871948,true,EXACT_CANONICAL_PLACE_REGISTRY_ROW_GOVERNED_COUNTY_FIPS,SINGLE_COUNTY_CONTROL,1,48491,williamson-tx,Williamson County,,,,1,williamson-tx,false,true,true,true,true
Taylor Lake Village,4871960,true,EXACT_CANONICAL_PLACE_REGISTRY_ROW_GOVERNED_COUNTY_FIPS,SINGLE_COUNTY_CONTROL,1,48201,harris-tx,Harris County,,,,1,harris-tx,false,true,true,true,true
Taylor Landing,4871966,true,EXACT_CANONICAL_PLACE_REGISTRY_ROW_GOVERNED_COUNTY_FIPS,SINGLE_COUNTY_CONTROL,1,48245,jefferson-tx,Jefferson County,,,,1,jefferson-tx,false,true,true,true,true
Teague,4872020,true,EXACT_CANONICAL_PLACE_REGISTRY_ROW_GOVERNED_COUNTY_FIPS,SINGLE_COUNTY_CONTROL,1,48161,freestone-tx,Freestone County,,,,1,freestone-tx,false,true,true,true,true
Tehuacana,4872080,true,EXACT_CANONICAL_PLACE_REGISTRY_ROW_GOVERNED_COUNTY_FIPS,SINGLE_COUNTY_CONTROL,1,48293,limestone-tx,Limestone County,,,,1,limestone-tx,false,true,true,true,true
Temple,4872176,true,EXACT_CANONICAL_PLACE_REGISTRY_ROW_GOVERNED_COUNTY_FIPS,SINGLE_COUNTY_CONTROL,1,48027,bell-tx,Bell County,,,,1,bell-tx,false,true,true,true,true
Tenaha,4872188,true,EXACT_CANONICAL_PLACE_REGISTRY_ROW_GOVERNED_COUNTY_FIPS,SINGLE_COUNTY_CONTROL,1,48419,shelby-tx,Shelby County,,,,1,shelby-tx,false,true,true,true,true
Terlingua,4872248,true,EXACT_CANONICAL_PLACE_REGISTRY_ROW_GOVERNED_COUNTY_FIPS,SINGLE_COUNTY_CONTROL,1,48043,brewster-tx,Brewster County,,,,1,brewster-tx,false,true,true,true,true
Terrell,4872284,true,EXACT_CANONICAL_PLACE_REGISTRY_ROW_GOVERNED_COUNTY_FIPS,SINGLE_COUNTY_CONTROL,1,48257,kaufman-tx,Kaufman County,,,,1,kaufman-tx,false,true,true,true,true
Terrell Hills,4872296,true,EXACT_CANONICAL_PLACE_REGISTRY_ROW_GOVERNED_COUNTY_FIPS,SINGLE_COUNTY_CONTROL,1,48029,bexar-tx,Bexar County,,,,1,bexar-tx,false,true,true,true,true
Texarkana,4872368,true,EXACT_CANONICAL_PLACE_REGISTRY_ROW_GOVERNED_COUNTY_FIPS,SINGLE_COUNTY_CONTROL,1,48037,bowie-tx,Bowie County,,,,1,bowie-tx,false,true,true,true,true
Texas City,4872392,true,EXACT_CANONICAL_PLACE_REGISTRY_ROW_GOVERNED_COUNTY_FIPS,MULTI_COUNTY_CONVERGENCE,2,48071|48167,chambers-tx|galveston-tx,Chambers County|Galveston County,,,,2,chambers-tx|galveston-tx,false,true,true,true,true
Texhoma,4872464,true,EXACT_CANONICAL_PLACE_REGISTRY_ROW_GOVERNED_COUNTY_FIPS,SINGLE_COUNTY_CONTROL,1,48421,sherman-tx,Sherman County,,,,1,sherman-tx,false,true,true,true,true
Texline,4872476,true,EXACT_CANONICAL_PLACE_REGISTRY_ROW_GOVERNED_COUNTY_FIPS,SINGLE_COUNTY_CONTROL,1,48111,dallam-tx,Dallam County,,,,1,dallam-tx,false,true,true,true,true
The Colony,4872530,true,EXACT_CANONICAL_PLACE_REGISTRY_ROW_GOVERNED_COUNTY_FIPS,SINGLE_COUNTY_CONTROL,1,48121,denton-tx,Denton County,,,,1,denton-tx,false,true,true,true,true
The Hills,4872578,true,EXACT_CANONICAL_PLACE_REGISTRY_ROW_GOVERNED_COUNTY_FIPS,SINGLE_COUNTY_CONTROL,1,48453,travis-tx,Travis County,,,,1,travis-tx,false,true,true,true,true
The Homesteads,4872581,true,EXACT_CANONICAL_PLACE_REGISTRY_ROW_GOVERNED_COUNTY_FIPS,SINGLE_COUNTY_CONTROL,1,48251,johnson-tx,Johnson County,,,,1,johnson-tx,false,true,true,true,true
The Woodlands,4872656,true,EXACT_CANONICAL_PLACE_REGISTRY_ROW_GOVERNED_COUNTY_FIPS,MULTI_COUNTY_CONVERGENCE,2,48201|48339,harris-tx|montgomery-tx,Harris County|Montgomery County,,,,2,harris-tx|montgomery-tx,false,true,true,true,true
Thompsons,4872740,true,EXACT_CANONICAL_PLACE_REGISTRY_ROW_GOVERNED_COUNTY_FIPS,SINGLE_COUNTY_CONTROL,1,48157,fort-bend-tx,Fort Bend County,,,,1,fort-bend-tx,false,true,true,true,true
Thompsonville,4872758,true,EXACT_CANONICAL_PLACE_REGISTRY_ROW_GOVERNED_COUNTY_FIPS,SINGLE_COUNTY_CONTROL,1,48247,jim-hogg-tx,Jim Hogg County,,,,1,jim-hogg-tx,false,true,true,true,true
Thorndale,4872776,true,EXACT_CANONICAL_PLACE_REGISTRY_ROW_GOVERNED_COUNTY_FIPS,MULTI_COUNTY_CONVERGENCE,2,48331|48491,milam-tx|williamson-tx,Milam County|Williamson County,,,,2,milam-tx|williamson-tx,false,true,true,true,true
Thornton,4872788,true,EXACT_CANONICAL_PLACE_REGISTRY_ROW_GOVERNED_COUNTY_FIPS,SINGLE_COUNTY_CONTROL,1,48293,limestone-tx,Limestone County,,,,1,limestone-tx,false,true,true,true,true
Thorntonville,4872800,true,EXACT_CANONICAL_PLACE_REGISTRY_ROW_GOVERNED_COUNTY_FIPS,SINGLE_COUNTY_CONTROL,1,48475,ward-tx,Ward County,,,,1,ward-tx,false,true,true,true,true
Thrall,4872824,true,EXACT_CANONICAL_PLACE_REGISTRY_ROW_GOVERNED_COUNTY_FIPS,SINGLE_COUNTY_CONTROL,1,48491,williamson-tx,Williamson County,,,,1,williamson-tx,false,true,true,true,true
Three Rivers,4872872,true,EXACT_CANONICAL_PLACE_REGISTRY_ROW_GOVERNED_COUNTY_FIPS,SINGLE_COUNTY_CONTROL,1,48297,live-oak-tx,Live Oak County,,,,1,live-oak-tx,false,true,true,true,true
Throckmorton,4872896,true,EXACT_CANONICAL_PLACE_REGISTRY_ROW_GOVERNED_COUNTY_FIPS,SINGLE_COUNTY_CONTROL,1,48447,throckmorton-tx,Throckmorton County,,,,1,throckmorton-tx,false,true,true,true,true
Thunderbird Bay,4872902,true,EXACT_CANONICAL_PLACE_REGISTRY_ROW_GOVERNED_COUNTY_FIPS,SINGLE_COUNTY_CONTROL,1,48049,brown-tx,Brown County,,,,1,brown-tx,false,true,true,true,true
Tierra Bonita,4872948,true,EXACT_CANONICAL_PLACE_REGISTRY_ROW_GOVERNED_COUNTY_FIPS,SINGLE_COUNTY_CONTROL,1,48061,cameron-tx,Cameron County,,,,1,cameron-tx,false,true,true,true,true
Tierra Dorada,4872950,true,EXACT_CANONICAL_PLACE_REGISTRY_ROW_GOVERNED_COUNTY_FIPS,SINGLE_COUNTY_CONTROL,1,48427,starr-tx,Starr County,,,,1,starr-tx,false,true,true,true,true
Tierra Grande,4872952,true,EXACT_CANONICAL_PLACE_REGISTRY_ROW_GOVERNED_COUNTY_FIPS,SINGLE_COUNTY_CONTROL,1,48355,nueces-tx,Nueces County,,,,1,nueces-tx,false,true,true,true,true
Tierra Verde,4872954,true,EXACT_CANONICAL_PLACE_REGISTRY_ROW_GOVERNED_COUNTY_FIPS,SINGLE_COUNTY_CONTROL,1,48355,nueces-tx,Nueces County,,,,1,nueces-tx,false,true,true,true,true
Tiki Island,4872989,true,EXACT_CANONICAL_PLACE_REGISTRY_ROW_GOVERNED_COUNTY_FIPS,SINGLE_COUNTY_CONTROL,1,48167,galveston-tx,Galveston County,,,,1,galveston-tx,false,true,true,true,true
Tilden,4872992,true,EXACT_CANONICAL_PLACE_REGISTRY_ROW_GOVERNED_COUNTY_FIPS,SINGLE_COUNTY_CONTROL,1,48311,mcmullen-tx,McMullen County,,,,1,mcmullen-tx,false,true,true,true,true
Timbercreek Canyon,4873030,true,EXACT_CANONICAL_PLACE_REGISTRY_ROW_GOVERNED_COUNTY_FIPS,SINGLE_COUNTY_CONTROL,1,48381,randall-tx,Randall County,,,,1,randall-tx,false,true,true,true,true
Timberwood Park,4873057,true,EXACT_CANONICAL_PLACE_REGISTRY_ROW_GOVERNED_COUNTY_FIPS,SINGLE_COUNTY_CONTROL,1,48029,bexar-tx,Bexar County,,,,1,bexar-tx,false,true,true,true,true
Timpson,4873076,true,EXACT_CANONICAL_PLACE_REGISTRY_ROW_GOVERNED_COUNTY_FIPS,SINGLE_COUNTY_CONTROL,1,48419,shelby-tx,Shelby County,,,,1,shelby-tx,false,true,true,true,true
Tioga,4873112,true,EXACT_CANONICAL_PLACE_REGISTRY_ROW_GOVERNED_COUNTY_FIPS,SINGLE_COUNTY_CONTROL,1,48181,grayson-tx,Grayson County,,,,1,grayson-tx,false,true,true,true,true
Tira,4873124,true,EXACT_CANONICAL_PLACE_REGISTRY_ROW_GOVERNED_COUNTY_FIPS,SINGLE_COUNTY_CONTROL,1,48223,hopkins-tx,Hopkins County,,,,1,hopkins-tx,false,true,true,true,true
Tivoli,4873148,true,EXACT_CANONICAL_PLACE_REGISTRY_ROW_GOVERNED_COUNTY_FIPS,SINGLE_COUNTY_CONTROL,1,48391,refugio-tx,Refugio County,,,,1,refugio-tx,false,true,true,true,true
Toco,4873196,true,EXACT_CANONICAL_PLACE_REGISTRY_ROW_GOVERNED_COUNTY_FIPS,SINGLE_COUNTY_CONTROL,1,48277,lamar-tx,Lamar County,,,,1,lamar-tx,false,true,true,true,true
Todd Mission,4873224,true,EXACT_CANONICAL_PLACE_REGISTRY_ROW_GOVERNED_COUNTY_FIPS,SINGLE_COUNTY_CONTROL,1,48185,grimes-tx,Grimes County,,,,1,grimes-tx,false,true,true,true,true
Tolar,4873268,true,EXACT_CANONICAL_PLACE_REGISTRY_ROW_GOVERNED_COUNTY_FIPS,SINGLE_COUNTY_CONTROL,1,48221,hood-tx,Hood County,,,,1,hood-tx,false,true,true,true,true
Tomball,4873316,true,EXACT_CANONICAL_PLACE_REGISTRY_ROW_GOVERNED_COUNTY_FIPS,MULTI_COUNTY_CONVERGENCE,2,48201|48339,harris-tx|montgomery-tx,Harris County|Montgomery County,,,,2,harris-tx|montgomery-tx,false,true,true,true,true
Tom Bean,4873328,true,EXACT_CANONICAL_PLACE_REGISTRY_ROW_GOVERNED_COUNTY_FIPS,SINGLE_COUNTY_CONTROL,1,48181,grayson-tx,Grayson County,,,,1,grayson-tx,false,true,true,true,true
Tool,4873352,true,EXACT_CANONICAL_PLACE_REGISTRY_ROW_GOVERNED_COUNTY_FIPS,SINGLE_COUNTY_CONTROL,1,48213,henderson-tx,Henderson County,,,,1,henderson-tx,false,true,true,true,true
Tornillo,4873376,true,EXACT_CANONICAL_PLACE_REGISTRY_ROW_GOVERNED_COUNTY_FIPS,SINGLE_COUNTY_CONTROL,1,48141,el-paso-tx,El Paso County,,,,1,el-paso-tx,false,true,true,true,true
Tow,4873424,true,EXACT_CANONICAL_PLACE_REGISTRY_ROW_GOVERNED_COUNTY_FIPS,SINGLE_COUNTY_CONTROL,1,48299,llano-tx,Llano County,,,,1,llano-tx,false,true,true,true,true
Town of Pecos,4873493,true,EXACT_CANONICAL_PLACE_REGISTRY_ROW_GOVERNED_COUNTY_FIPS,SINGLE_COUNTY_CONTROL,1,48389,reeves-tx,Reeves County,,,,1,reeves-tx,false,true,true,true,true
Toyah,4873496,true,EXACT_CANONICAL_PLACE_REGISTRY_ROW_GOVERNED_COUNTY_FIPS,SINGLE_COUNTY_CONTROL,1,48389,reeves-tx,Reeves County,,,,1,reeves-tx,false,true,true,true,true
Tradewinds,4873526,true,EXACT_CANONICAL_PLACE_REGISTRY_ROW_GOVERNED_COUNTY_FIPS,SINGLE_COUNTY_CONTROL,1,48409,san-patricio-tx,San Patricio County,,,,1,san-patricio-tx,false,true,true,true,true
Travis Ranch,4873562,true,EXACT_CANONICAL_PLACE_REGISTRY_ROW_GOVERNED_COUNTY_FIPS,SINGLE_COUNTY_CONTROL,1,48257,kaufman-tx,Kaufman County,,,,1,kaufman-tx,false,true,true,true,true
Trent,4873580,true,EXACT_CANONICAL_PLACE_REGISTRY_ROW_GOVERNED_COUNTY_FIPS,SINGLE_COUNTY_CONTROL,1,48441,taylor-tx,Taylor County,,,,1,taylor-tx,false,true,true,true,true
Trenton,4873592,true,EXACT_CANONICAL_PLACE_REGISTRY_ROW_GOVERNED_COUNTY_FIPS,MULTI_COUNTY_CONVERGENCE,3,48085|48147|48181,collin-tx|fannin-tx|grayson-tx,Collin County|Fannin County|Grayson County,,,,3,collin-tx|fannin-tx|grayson-tx,false,true,true,true,true
Trinidad,4873652,true,EXACT_CANONICAL_PLACE_REGISTRY_ROW_GOVERNED_COUNTY_FIPS,SINGLE_COUNTY_CONTROL,1,48213,henderson-tx,Henderson County,,,,1,henderson-tx,false,true,true,true,true
Trinity,4873664,true,EXACT_CANONICAL_PLACE_REGISTRY_ROW_GOVERNED_COUNTY_FIPS,SINGLE_COUNTY_CONTROL,1,48455,trinity-tx,Trinity County,,,,1,trinity-tx,false,true,true,true,true
Trophy Club,4873710,true,EXACT_CANONICAL_PLACE_REGISTRY_ROW_GOVERNED_COUNTY_FIPS,MULTI_COUNTY_CONVERGENCE,2,48121|48439,denton-tx|tarrant-tx,Denton County|Tarrant County,,,,2,denton-tx|tarrant-tx,false,true,true,true,true
Troup,4873724,true,EXACT_CANONICAL_PLACE_REGISTRY_ROW_GOVERNED_COUNTY_FIPS,MULTI_COUNTY_CONVERGENCE,2,48073|48423,cherokee-tx|smith-tx,Cherokee County|Smith County,,,,2,cherokee-tx|smith-tx,false,true,true,true,true
Troy,4873748,true,EXACT_CANONICAL_PLACE_REGISTRY_ROW_GOVERNED_COUNTY_FIPS,SINGLE_COUNTY_CONTROL,1,48027,bell-tx,Bell County,,,,1,bell-tx,false,true,true,true,true
Tuleta,4873856,true,EXACT_CANONICAL_PLACE_REGISTRY_ROW_GOVERNED_COUNTY_FIPS,SINGLE_COUNTY_CONTROL,1,48025,bee-tx,Bee County,,,,1,bee-tx,false,true,true,true,true
Tulia,4873868,true,EXACT_CANONICAL_PLACE_REGISTRY_ROW_GOVERNED_COUNTY_FIPS,SINGLE_COUNTY_CONTROL,1,48437,swisher-tx,Swisher County,,,,1,swisher-tx,false,true,true,true,true
Tulsita,4873904,true,EXACT_CANONICAL_PLACE_REGISTRY_ROW_GOVERNED_COUNTY_FIPS,SINGLE_COUNTY_CONTROL,1,48025,bee-tx,Bee County,,,,1,bee-tx,false,true,true,true,true
Tunis,4873928,true,EXACT_CANONICAL_PLACE_REGISTRY_ROW_GOVERNED_COUNTY_FIPS,SINGLE_COUNTY_CONTROL,1,48051,burleson-tx,Burleson County,,,,1,burleson-tx,false,true,true,true,true
Turkey,4873964,true,EXACT_CANONICAL_PLACE_REGISTRY_ROW_GOVERNED_COUNTY_FIPS,SINGLE_COUNTY_CONTROL,1,48191,hall-tx,Hall County,,,,1,hall-tx,false,true,true,true,true
Tuscola,4874048,true,EXACT_CANONICAL_PLACE_REGISTRY_ROW_GOVERNED_COUNTY_FIPS,SINGLE_COUNTY_CONTROL,1,48441,taylor-tx,Taylor County,,,,1,taylor-tx,false,true,true,true,true
Tye,4874132,true,EXACT_CANONICAL_PLACE_REGISTRY_ROW_GOVERNED_COUNTY_FIPS,SINGLE_COUNTY_CONTROL,1,48441,taylor-tx,Taylor County,,,,1,taylor-tx,false,true,true,true,true
Tyler,4874144,true,EXACT_CANONICAL_PLACE_REGISTRY_ROW_GOVERNED_COUNTY_FIPS,SINGLE_COUNTY_CONTROL,1,48423,smith-tx,Smith County,,,,1,smith-tx,false,true,true,true,true
Tynan,4874168,true,EXACT_CANONICAL_PLACE_REGISTRY_ROW_GOVERNED_COUNTY_FIPS,SINGLE_COUNTY_CONTROL,1,48025,bee-tx,Bee County,,,,1,bee-tx,false,true,true,true,true
Uhland,4874216,true,EXACT_CANONICAL_PLACE_REGISTRY_ROW_GOVERNED_COUNTY_FIPS,MULTI_COUNTY_CONVERGENCE,2,48055|48209,caldwell-tx|hays-tx,Caldwell County|Hays County,,,,2,caldwell-tx|hays-tx,false,true,true,true,true
Umbarger,4874228,true,EXACT_CANONICAL_PLACE_REGISTRY_ROW_GOVERNED_COUNTY_FIPS,SINGLE_COUNTY_CONTROL,1,48381,randall-tx,Randall County,,,,1,randall-tx,false,true,true,true,true
Uncertain,4874240,true,EXACT_CANONICAL_PLACE_REGISTRY_ROW_GOVERNED_COUNTY_FIPS,SINGLE_COUNTY_CONTROL,1,48203,harrison-tx,Harrison County,,,,1,harrison-tx,false,true,true,true,true
Union Grove,4874312,true,EXACT_CANONICAL_PLACE_REGISTRY_ROW_GOVERNED_COUNTY_FIPS,SINGLE_COUNTY_CONTROL,1,48459,upshur-tx,Upshur County,,,,1,upshur-tx,false,true,true,true,true
Union Valley,4874372,true,EXACT_CANONICAL_PLACE_REGISTRY_ROW_GOVERNED_COUNTY_FIPS,SINGLE_COUNTY_CONTROL,1,48231,hunt-tx,Hunt County,,,,1,hunt-tx,false,true,true,true,true
Universal City,4874408,true,EXACT_CANONICAL_PLACE_REGISTRY_ROW_GOVERNED_COUNTY_FIPS,MULTI_COUNTY_CONVERGENCE,2,48029|48187,bexar-tx|guadalupe-tx,Bexar County|Guadalupe County,,,,2,bexar-tx|guadalupe-tx,false,true,true,true,true
University Park,4874492,true,EXACT_CANONICAL_PLACE_REGISTRY_ROW_GOVERNED_COUNTY_FIPS,SINGLE_COUNTY_CONTROL,1,48113,dallas-tx,Dallas County,,,,1,dallas-tx,false,true,true,true,true
Utopia,4874576,true,EXACT_CANONICAL_PLACE_REGISTRY_ROW_GOVERNED_COUNTY_FIPS,SINGLE_COUNTY_CONTROL,1,48463,uvalde-tx,Uvalde County,,,,1,uvalde-tx,false,true,true,true,true
Uvalde,4874588,true,EXACT_CANONICAL_PLACE_REGISTRY_ROW_GOVERNED_COUNTY_FIPS,SINGLE_COUNTY_CONTROL,1,48463,uvalde-tx,Uvalde County,,,,1,uvalde-tx,false,true,true,true,true
Uvalde Estates,4874594,true,EXACT_CANONICAL_PLACE_REGISTRY_ROW_GOVERNED_COUNTY_FIPS,SINGLE_COUNTY_CONTROL,1,48463,uvalde-tx,Uvalde County,,,,1,uvalde-tx,false,true,true,true,true
Valentine,4874648,true,EXACT_CANONICAL_PLACE_REGISTRY_ROW_GOVERNED_COUNTY_FIPS,SINGLE_COUNTY_CONTROL,1,48243,jeff-davis-tx,Jeff Davis County,,,,1,jeff-davis-tx,false,true,true,true,true
Valera,4874660,true,EXACT_CANONICAL_PLACE_REGISTRY_ROW_GOVERNED_COUNTY_FIPS,SINGLE_COUNTY_CONTROL,1,48083,coleman-tx,Coleman County,,,,1,coleman-tx,false,true,true,true,true
Valle Hermoso,4874667,true,EXACT_CANONICAL_PLACE_REGISTRY_ROW_GOVERNED_COUNTY_FIPS,SINGLE_COUNTY_CONTROL,1,48427,starr-tx,Starr County,,,,1,starr-tx,false,true,true,true,true
Valle Verde,4874668,true,EXACT_CANONICAL_PLACE_REGISTRY_ROW_GOVERNED_COUNTY_FIPS,SINGLE_COUNTY_CONTROL,1,48479,webb-tx,Webb County,,,,1,webb-tx,false,true,true,true,true
Valle Vista,4874670,true,EXACT_CANONICAL_PLACE_REGISTRY_ROW_GOVERNED_COUNTY_FIPS,SINGLE_COUNTY_CONTROL,1,48427,starr-tx,Starr County,,,,1,starr-tx,false,true,true,true,true
Valley Mills,4874732,true,EXACT_CANONICAL_PLACE_REGISTRY_ROW_GOVERNED_COUNTY_FIPS,MULTI_COUNTY_CONVERGENCE,2,48035|48309,bosque-tx|mclennan-tx,Bosque County|McLennan County,,,,2,bosque-tx|mclennan-tx,false,true,true,true,true
Valley View,4874756,true,EXACT_CANONICAL_PLACE_REGISTRY_ROW_GOVERNED_COUNTY_FIPS,SINGLE_COUNTY_CONTROL,1,48097,cooke-tx,Cooke County,,,,1,cooke-tx,false,true,true,true,true
Val Verde Park,4874895,true,EXACT_CANONICAL_PLACE_REGISTRY_ROW_GOVERNED_COUNTY_FIPS,SINGLE_COUNTY_CONTROL,1,48465,val-verde-tx,Val Verde County,,,,1,val-verde-tx,false,true,true,true,true
Van,4874912,true,EXACT_CANONICAL_PLACE_REGISTRY_ROW_GOVERNED_COUNTY_FIPS,SINGLE_COUNTY_CONTROL,1,48467,van-zandt-tx,Van Zandt County,,,,1,van-zandt-tx,false,true,true,true,true
Van Alstyne,4874924,true,EXACT_CANONICAL_PLACE_REGISTRY_ROW_GOVERNED_COUNTY_FIPS,MULTI_COUNTY_CONVERGENCE,2,48085|48181,collin-tx|grayson-tx,Collin County|Grayson County,,,,2,collin-tx|grayson-tx,false,true,true,true,true
Vanderbilt,4874984,true,EXACT_CANONICAL_PLACE_REGISTRY_ROW_GOVERNED_COUNTY_FIPS,SINGLE_COUNTY_CONTROL,1,48239,jackson-tx,Jackson County,,,,1,jackson-tx,false,true,true,true,true
Van Horn,4875032,true,EXACT_CANONICAL_PLACE_REGISTRY_ROW_GOVERNED_COUNTY_FIPS,SINGLE_COUNTY_CONTROL,1,48109,culberson-tx,Culberson County,,,,1,culberson-tx,false,true,true,true,true
Van Vleck,4875068,true,EXACT_CANONICAL_PLACE_REGISTRY_ROW_GOVERNED_COUNTY_FIPS,SINGLE_COUNTY_CONTROL,1,48321,matagorda-tx,Matagorda County,,,,1,matagorda-tx,false,true,true,true,true
Vega,4875188,true,EXACT_CANONICAL_PLACE_REGISTRY_ROW_GOVERNED_COUNTY_FIPS,SINGLE_COUNTY_CONTROL,1,48359,oldham-tx,Oldham County,,,,1,oldham-tx,false,true,true,true,true
Venus,4875236,true,EXACT_CANONICAL_PLACE_REGISTRY_ROW_GOVERNED_COUNTY_FIPS,MULTI_COUNTY_CONVERGENCE,2,48139|48251,ellis-tx|johnson-tx,Ellis County|Johnson County,,,,2,ellis-tx|johnson-tx,false,true,true,true,true
Vernon,4875308,true,EXACT_CANONICAL_PLACE_REGISTRY_ROW_GOVERNED_COUNTY_FIPS,SINGLE_COUNTY_CONTROL,1,48487,wilbarger-tx,Wilbarger County,,,,1,wilbarger-tx,false,true,true,true,true
Victoria,4875428,true,EXACT_CANONICAL_PLACE_REGISTRY_ROW_GOVERNED_COUNTY_FIPS,SINGLE_COUNTY_CONTROL,1,48469,victoria-tx,Victoria County,,,,1,victoria-tx,false,true,true,true,true
Victoria Vera,4875432,true,EXACT_CANONICAL_PLACE_REGISTRY_ROW_GOVERNED_COUNTY_FIPS,SINGLE_COUNTY_CONTROL,1,48427,starr-tx,Starr County,,,,1,starr-tx,false,true,true,true,true
Vidor,4875476,true,EXACT_CANONICAL_PLACE_REGISTRY_ROW_GOVERNED_COUNTY_FIPS,SINGLE_COUNTY_CONTROL,1,48361,orange-tx,Orange County,,,,1,orange-tx,false,true,true,true,true
Villa del Sol,4875554,true,EXACT_CANONICAL_PLACE_REGISTRY_ROW_GOVERNED_COUNTY_FIPS,SINGLE_COUNTY_CONTROL,1,48061,cameron-tx,Cameron County,,,,1,cameron-tx,false,true,true,true,true
Villa Pancho,4875614,true,EXACT_CANONICAL_PLACE_REGISTRY_ROW_GOVERNED_COUNTY_FIPS,SINGLE_COUNTY_CONTROL,1,48061,cameron-tx,Cameron County,,,,1,cameron-tx,false,true,true,true,true
Villarreal,4875617,true,EXACT_CANONICAL_PLACE_REGISTRY_ROW_GOVERNED_COUNTY_FIPS,SINGLE_COUNTY_CONTROL,1,48427,starr-tx,Starr County,,,,1,starr-tx,false,true,true,true,true
Villa Verde,4875626,true,EXACT_CANONICAL_PLACE_REGISTRY_ROW_GOVERNED_COUNTY_FIPS,SINGLE_COUNTY_CONTROL,1,48215,hidalgo-tx,Hidalgo County,,,,1,hidalgo-tx,false,true,true,true,true
Vinton,4875668,true,EXACT_CANONICAL_PLACE_REGISTRY_ROW_GOVERNED_COUNTY_FIPS,SINGLE_COUNTY_CONTROL,1,48141,el-paso-tx,El Paso County,,,,1,el-paso-tx,false,true,true,true,true
Volente,4875752,true,EXACT_CANONICAL_PLACE_REGISTRY_ROW_GOVERNED_COUNTY_FIPS,SINGLE_COUNTY_CONTROL,1,48453,travis-tx,Travis County,,,,1,travis-tx,false,true,true,true,true
Von Ormy,4875764,true,EXACT_CANONICAL_PLACE_REGISTRY_ROW_GOVERNED_COUNTY_FIPS,SINGLE_COUNTY_CONTROL,1,48029,bexar-tx,Bexar County,,,,1,bexar-tx,false,true,true,true,true
Waco,4876000,true,EXACT_CANONICAL_PLACE_REGISTRY_ROW_GOVERNED_COUNTY_FIPS,SINGLE_COUNTY_CONTROL,1,48309,mclennan-tx,McLennan County,,,,1,mclennan-tx,false,true,true,true,true
Wadsworth,4876012,true,EXACT_CANONICAL_PLACE_REGISTRY_ROW_GOVERNED_COUNTY_FIPS,SINGLE_COUNTY_CONTROL,1,48321,matagorda-tx,Matagorda County,,,,1,matagorda-tx,false,true,true,true,true
Waelder,4876024,true,EXACT_CANONICAL_PLACE_REGISTRY_ROW_GOVERNED_COUNTY_FIPS,SINGLE_COUNTY_CONTROL,1,48177,gonzales-tx,Gonzales County,,,,1,gonzales-tx,false,true,true,true,true
Waka,4876048,true,EXACT_CANONICAL_PLACE_REGISTRY_ROW_GOVERNED_COUNTY_FIPS,SINGLE_COUNTY_CONTROL,1,48357,ochiltree-tx,Ochiltree County,,,,1,ochiltree-tx,false,true,true,true,true
Wake Village,4876096,true,EXACT_CANONICAL_PLACE_REGISTRY_ROW_GOVERNED_COUNTY_FIPS,SINGLE_COUNTY_CONTROL,1,48037,bowie-tx,Bowie County,,,,1,bowie-tx,false,true,true,true,true
Waller,4876228,true,EXACT_CANONICAL_PLACE_REGISTRY_ROW_GOVERNED_COUNTY_FIPS,MULTI_COUNTY_CONVERGENCE,2,48201|48473,harris-tx|waller-tx,Harris County|Waller County,,,,2,harris-tx|waller-tx,false,true,true,true,true
Wallis,4876240,true,EXACT_CANONICAL_PLACE_REGISTRY_ROW_GOVERNED_COUNTY_FIPS,SINGLE_COUNTY_CONTROL,1,48015,austin-tx,Austin County,,,,1,austin-tx,false,true,true,true,true
Walnut Springs,4876348,true,EXACT_CANONICAL_PLACE_REGISTRY_ROW_GOVERNED_COUNTY_FIPS,SINGLE_COUNTY_CONTROL,1,48035,bosque-tx,Bosque County,,,,1,bosque-tx,false,true,true,true,true
Warren,4876564,true,EXACT_CANONICAL_PLACE_REGISTRY_ROW_GOVERNED_COUNTY_FIPS,SINGLE_COUNTY_CONTROL,1,48457,tyler-tx,Tyler County,,,,1,tyler-tx,false,true,true,true,true
Warren City,4876576,true,EXACT_CANONICAL_PLACE_REGISTRY_ROW_GOVERNED_COUNTY_FIPS,MULTI_COUNTY_CONVERGENCE,2,48183|48459,gregg-tx|upshur-tx,Gregg County|Upshur County,,,,2,gregg-tx|upshur-tx,false,true,true,true,true
Washburn,4876612,true,EXACT_CANONICAL_PLACE_REGISTRY_ROW_GOVERNED_COUNTY_FIPS,SINGLE_COUNTY_CONTROL,1,48011,armstrong-tx,Armstrong County,,,,1,armstrong-tx,false,true,true,true,true
Waskom,4876636,true,EXACT_CANONICAL_PLACE_REGISTRY_ROW_GOVERNED_COUNTY_FIPS,SINGLE_COUNTY_CONTROL,1,48203,harrison-tx,Harrison County,,,,1,harrison-tx,false,true,true,true,true
Watauga,4876672,true,EXACT_CANONICAL_PLACE_REGISTRY_ROW_GOVERNED_COUNTY_FIPS,SINGLE_COUNTY_CONTROL,1,48439,tarrant-tx,Tarrant County,,,,1,tarrant-tx,false,true,true,true,true
Waxahachie,4876816,true,EXACT_CANONICAL_PLACE_REGISTRY_ROW_GOVERNED_COUNTY_FIPS,SINGLE_COUNTY_CONTROL,1,48139,ellis-tx,Ellis County,,,,1,ellis-tx,false,true,true,true,true
Weatherford,4876864,true,EXACT_CANONICAL_PLACE_REGISTRY_ROW_GOVERNED_COUNTY_FIPS,SINGLE_COUNTY_CONTROL,1,48367,parker-tx,Parker County,,,,1,parker-tx,false,true,true,true,true
Webberville,4876924,true,EXACT_CANONICAL_PLACE_REGISTRY_ROW_GOVERNED_COUNTY_FIPS,SINGLE_COUNTY_CONTROL,1,48453,travis-tx,Travis County,,,,1,travis-tx,false,true,true,true,true
Webster,4876948,true,EXACT_CANONICAL_PLACE_REGISTRY_ROW_GOVERNED_COUNTY_FIPS,SINGLE_COUNTY_CONTROL,1,48201,harris-tx,Harris County,,,,1,harris-tx,false,true,true,true,true
Weimar,4877020,true,EXACT_CANONICAL_PLACE_REGISTRY_ROW_GOVERNED_COUNTY_FIPS,SINGLE_COUNTY_CONTROL,1,48089,colorado-tx,Colorado County,,,,1,colorado-tx,false,true,true,true,true
Weinert,4877044,true,EXACT_CANONICAL_PLACE_REGISTRY_ROW_GOVERNED_COUNTY_FIPS,SINGLE_COUNTY_CONTROL,1,48207,haskell-tx,Haskell County,,,,1,haskell-tx,false,true,true,true,true
Weir,4877056,true,EXACT_CANONICAL_PLACE_REGISTRY_ROW_GOVERNED_COUNTY_FIPS,SINGLE_COUNTY_CONTROL,1,48491,williamson-tx,Williamson County,,,,1,williamson-tx,false,true,true,true,true
Welch,4877080,true,EXACT_CANONICAL_PLACE_REGISTRY_ROW_GOVERNED_COUNTY_FIPS,SINGLE_COUNTY_CONTROL,1,48115,dawson-tx,Dawson County,,,,1,dawson-tx,false,true,true,true,true
Wellington,4877152,true,EXACT_CANONICAL_PLACE_REGISTRY_ROW_GOVERNED_COUNTY_FIPS,SINGLE_COUNTY_CONTROL,1,48087,collingsworth-tx,Collingsworth County,,,,1,collingsworth-tx,false,true,true,true,true
Wellman,4877164,true,EXACT_CANONICAL_PLACE_REGISTRY_ROW_GOVERNED_COUNTY_FIPS,SINGLE_COUNTY_CONTROL,1,48445,terry-tx,Terry County,,,,1,terry-tx,false,true,true,true,true
Wells,4877176,true,EXACT_CANONICAL_PLACE_REGISTRY_ROW_GOVERNED_COUNTY_FIPS,SINGLE_COUNTY_CONTROL,1,48073,cherokee-tx,Cherokee County,,,,1,cherokee-tx,false,true,true,true,true
Wells Branch,4877196,true,EXACT_CANONICAL_PLACE_REGISTRY_ROW_GOVERNED_COUNTY_FIPS,SINGLE_COUNTY_CONTROL,1,48453,travis-tx,Travis County,,,,1,travis-tx,false,true,true,true,true
Weslaco,4877272,true,EXACT_CANONICAL_PLACE_REGISTRY_ROW_GOVERNED_COUNTY_FIPS,SINGLE_COUNTY_CONTROL,1,48215,hidalgo-tx,Hidalgo County,,,,1,hidalgo-tx,false,true,true,true,true
West,4877332,true,EXACT_CANONICAL_PLACE_REGISTRY_ROW_GOVERNED_COUNTY_FIPS,SINGLE_COUNTY_CONTROL,1,48309,mclennan-tx,McLennan County,,,,1,mclennan-tx,false,true,true,true,true
West Alto Bonito,4877336,true,EXACT_CANONICAL_PLACE_REGISTRY_ROW_GOVERNED_COUNTY_FIPS,SINGLE_COUNTY_CONTROL,1,48427,starr-tx,Starr County,,,,1,starr-tx,false,true,true,true,true
Westbrook,4877380,true,EXACT_CANONICAL_PLACE_REGISTRY_ROW_GOVERNED_COUNTY_FIPS,SINGLE_COUNTY_CONTROL,1,48335,mitchell-tx,Mitchell County,,,,1,mitchell-tx,false,true,true,true,true
West Columbia,4877416,true,EXACT_CANONICAL_PLACE_REGISTRY_ROW_GOVERNED_COUNTY_FIPS,SINGLE_COUNTY_CONTROL,1,48039,brazoria-tx,Brazoria County,,,,1,brazoria-tx,false,true,true,true,true
Westdale,4877422,true,EXACT_CANONICAL_PLACE_REGISTRY_ROW_GOVERNED_COUNTY_FIPS,SINGLE_COUNTY_CONTROL,1,48249,jim-wells-tx,Jim Wells County,,,,1,jim-wells-tx,false,true,true,true,true
Western Lake,4877490,true,EXACT_CANONICAL_PLACE_REGISTRY_ROW_GOVERNED_COUNTY_FIPS,SINGLE_COUNTY_CONTROL,1,48367,parker-tx,Parker County,,,,1,parker-tx,false,true,true,true,true
Westlake,4877620,true,EXACT_CANONICAL_PLACE_REGISTRY_ROW_GOVERNED_COUNTY_FIPS,MULTI_COUNTY_CONVERGENCE,2,48121|48439,denton-tx|tarrant-tx,Denton County|Tarrant County,,,,2,denton-tx|tarrant-tx,false,true,true,true,true
West Lake Hills,4877632,true,EXACT_CANONICAL_PLACE_REGISTRY_ROW_GOVERNED_COUNTY_FIPS,SINGLE_COUNTY_CONTROL,1,48453,travis-tx,Travis County,,,,1,travis-tx,false,true,true,true,true
West Livingston,4877662,true,EXACT_CANONICAL_PLACE_REGISTRY_ROW_GOVERNED_COUNTY_FIPS,SINGLE_COUNTY_CONTROL,1,48373,polk-tx,Polk County,,,,1,polk-tx,false,true,true,true,true
Westminster,4877680,true,EXACT_CANONICAL_PLACE_REGISTRY_ROW_GOVERNED_COUNTY_FIPS,SINGLE_COUNTY_CONTROL,1,48085,collin-tx,Collin County,,,,1,collin-tx,false,true,true,true,true
West Odessa,4877728,true,EXACT_CANONICAL_PLACE_REGISTRY_ROW_GOVERNED_COUNTY_FIPS,SINGLE_COUNTY_CONTROL,1,48135,ector-tx,Ector County,,,,1,ector-tx,false,true,true,true,true
Weston,4877740,true,EXACT_CANONICAL_PLACE_REGISTRY_ROW_GOVERNED_COUNTY_FIPS,SINGLE_COUNTY_CONTROL,1,48085,collin-tx,Collin County,,,,1,collin-tx,false,true,true,true,true
Weston Lakes,4877746,true,EXACT_CANONICAL_PLACE_REGISTRY_ROW_GOVERNED_COUNTY_FIPS,SINGLE_COUNTY_CONTROL,1,48157,fort-bend-tx,Fort Bend County,,,,1,fort-bend-tx,false,true,true,true,true
West Orange,4877752,true,EXACT_CANONICAL_PLACE_REGISTRY_ROW_GOVERNED_COUNTY_FIPS,SINGLE_COUNTY_CONTROL,1,48361,orange-tx,Orange County,,,,1,orange-tx,false,true,true,true,true
Westover Hills,4877788,true,EXACT_CANONICAL_PLACE_REGISTRY_ROW_GOVERNED_COUNTY_FIPS,SINGLE_COUNTY_CONTROL,1,48439,tarrant-tx,Tarrant County,,,,1,tarrant-tx,false,true,true,true,true
West Sharyland,4877866,true,EXACT_CANONICAL_PLACE_REGISTRY_ROW_GOVERNED_COUNTY_FIPS,SINGLE_COUNTY_CONTROL,1,48215,hidalgo-tx,Hidalgo County,,,,1,hidalgo-tx,false,true,true,true,true
West Tawakoni,4877896,true,EXACT_CANONICAL_PLACE_REGISTRY_ROW_GOVERNED_COUNTY_FIPS,SINGLE_COUNTY_CONTROL,1,48231,hunt-tx,Hunt County,,,,1,hunt-tx,false,true,true,true,true
West University Place,4877956,true,EXACT_CANONICAL_PLACE_REGISTRY_ROW_GOVERNED_COUNTY_FIPS,SINGLE_COUNTY_CONTROL,1,48201,harris-tx,Harris County,,,,1,harris-tx,false,true,true,true,true
Westway,4878016,true,EXACT_CANONICAL_PLACE_REGISTRY_ROW_GOVERNED_COUNTY_FIPS,SINGLE_COUNTY_CONTROL,1,48141,el-paso-tx,El Paso County,,,,1,el-paso-tx,false,true,true,true,true
Westwood Shores,4878040,true,EXACT_CANONICAL_PLACE_REGISTRY_ROW_GOVERNED_COUNTY_FIPS,SINGLE_COUNTY_CONTROL,1,48455,trinity-tx,Trinity County,,,,1,trinity-tx,false,true,true,true,true
Westworth Village,4878076,true,EXACT_CANONICAL_PLACE_REGISTRY_ROW_GOVERNED_COUNTY_FIPS,SINGLE_COUNTY_CONTROL,1,48439,tarrant-tx,Tarrant County,,,,1,tarrant-tx,false,true,true,true,true
Wharton,4878136,true,EXACT_CANONICAL_PLACE_REGISTRY_ROW_GOVERNED_COUNTY_FIPS,SINGLE_COUNTY_CONTROL,1,48481,wharton-tx,Wharton County,,,,1,wharton-tx,false,true,true,true,true
Wheeler,4878208,true,EXACT_CANONICAL_PLACE_REGISTRY_ROW_GOVERNED_COUNTY_FIPS,SINGLE_COUNTY_CONTROL,1,48483,wheeler-tx,Wheeler County,,,,1,wheeler-tx,false,true,true,true,true
White Deer,4878316,true,EXACT_CANONICAL_PLACE_REGISTRY_ROW_GOVERNED_COUNTY_FIPS,SINGLE_COUNTY_CONTROL,1,48065,carson-tx,Carson County,,,,1,carson-tx,false,true,true,true,true
Whiteface,4878328,true,EXACT_CANONICAL_PLACE_REGISTRY_ROW_GOVERNED_COUNTY_FIPS,SINGLE_COUNTY_CONTROL,1,48079,cochran-tx,Cochran County,,,,1,cochran-tx,false,true,true,true,true
Whitehouse,4878388,true,EXACT_CANONICAL_PLACE_REGISTRY_ROW_GOVERNED_COUNTY_FIPS,SINGLE_COUNTY_CONTROL,1,48423,smith-tx,Smith County,,,,1,smith-tx,false,true,true,true,true
White Oak,4878436,true,EXACT_CANONICAL_PLACE_REGISTRY_ROW_GOVERNED_COUNTY_FIPS,SINGLE_COUNTY_CONTROL,1,48183,gregg-tx,Gregg County,,,,1,gregg-tx,false,true,true,true,true
Whitesboro,4878532,true,EXACT_CANONICAL_PLACE_REGISTRY_ROW_GOVERNED_COUNTY_FIPS,SINGLE_COUNTY_CONTROL,1,48181,grayson-tx,Grayson County,,,,1,grayson-tx,false,true,true,true,true
White Settlement,4878544,true,EXACT_CANONICAL_PLACE_REGISTRY_ROW_GOVERNED_COUNTY_FIPS,SINGLE_COUNTY_CONTROL,1,48439,tarrant-tx,Tarrant County,,,,1,tarrant-tx,false,true,true,true,true
Whitewright,4878628,true,EXACT_CANONICAL_PLACE_REGISTRY_ROW_GOVERNED_COUNTY_FIPS,MULTI_COUNTY_CONVERGENCE,2,48147|48181,fannin-tx|grayson-tx,Fannin County|Grayson County,,,,2,fannin-tx|grayson-tx,false,true,true,true,true
Whitharral,4878640,true,EXACT_CANONICAL_PLACE_REGISTRY_ROW_GOVERNED_COUNTY_FIPS,SINGLE_COUNTY_CONTROL,1,48219,hockley-tx,Hockley County,,,,1,hockley-tx,false,true,true,true,true
Whitney,4878664,true,EXACT_CANONICAL_PLACE_REGISTRY_ROW_GOVERNED_COUNTY_FIPS,SINGLE_COUNTY_CONTROL,1,48217,hill-tx,Hill County,,,,1,hill-tx,false,true,true,true,true
Wichita Falls,4879000,true,EXACT_CANONICAL_PLACE_REGISTRY_ROW_GOVERNED_COUNTY_FIPS,MULTI_COUNTY_CONVERGENCE,2,48077|48485,clay-tx|wichita-tx,Clay County|Wichita County,,,,2,clay-tx|wichita-tx,false,true,true,true,true
Wickett,4879036,true,EXACT_CANONICAL_PLACE_REGISTRY_ROW_GOVERNED_COUNTY_FIPS,SINGLE_COUNTY_CONTROL,1,48475,ward-tx,Ward County,,,,1,ward-tx,false,true,true,true,true
Wildorado,4879180,true,EXACT_CANONICAL_PLACE_REGISTRY_ROW_GOVERNED_COUNTY_FIPS,SINGLE_COUNTY_CONTROL,1,48359,oldham-tx,Oldham County,,,,1,oldham-tx,false,true,true,true,true
Wild Peach Village,4879192,true,EXACT_CANONICAL_PLACE_REGISTRY_ROW_GOVERNED_COUNTY_FIPS,SINGLE_COUNTY_CONTROL,1,48039,brazoria-tx,Brazoria County,,,,1,brazoria-tx,false,true,true,true,true
Wildwood,4879204,true,EXACT_CANONICAL_PLACE_REGISTRY_ROW_GOVERNED_COUNTY_FIPS,MULTI_COUNTY_CONVERGENCE,2,48199|48457,hardin-tx|tyler-tx,Hardin County|Tyler County,,,,2,hardin-tx|tyler-tx,false,true,true,true,true
Willis,4879408,true,EXACT_CANONICAL_PLACE_REGISTRY_ROW_GOVERNED_COUNTY_FIPS,SINGLE_COUNTY_CONTROL,1,48339,montgomery-tx,Montgomery County,,,,1,montgomery-tx,false,true,true,true,true
Willow Grove,4879456,true,EXACT_CANONICAL_PLACE_REGISTRY_ROW_GOVERNED_COUNTY_FIPS,SINGLE_COUNTY_CONTROL,1,48309,mclennan-tx,McLennan County,,,,1,mclennan-tx,false,true,true,true,true
Willow Park,4879492,true,EXACT_CANONICAL_PLACE_REGISTRY_ROW_GOVERNED_COUNTY_FIPS,SINGLE_COUNTY_CONTROL,1,48367,parker-tx,Parker County,,,,1,parker-tx,false,true,true,true,true
Wills Point,4879564,true,EXACT_CANONICAL_PLACE_REGISTRY_ROW_GOVERNED_COUNTY_FIPS,SINGLE_COUNTY_CONTROL,1,48467,van-zandt-tx,Van Zandt County,,,,1,van-zandt-tx,false,true,true,true,true
Wilmer,4879576,true,EXACT_CANONICAL_PLACE_REGISTRY_ROW_GOVERNED_COUNTY_FIPS,SINGLE_COUNTY_CONTROL,1,48113,dallas-tx,Dallas County,,,,1,dallas-tx,false,true,true,true,true
Wilson,4879612,true,EXACT_CANONICAL_PLACE_REGISTRY_ROW_GOVERNED_COUNTY_FIPS,SINGLE_COUNTY_CONTROL,1,48305,lynn-tx,Lynn County,,,,1,lynn-tx,false,true,true,true,true
Wimberley,4879624,true,EXACT_CANONICAL_PLACE_REGISTRY_ROW_GOVERNED_COUNTY_FIPS,SINGLE_COUNTY_CONTROL,1,48209,hays-tx,Hays County,,,,1,hays-tx,false,true,true,true,true
Windcrest,4879672,true,EXACT_CANONICAL_PLACE_REGISTRY_ROW_GOVERNED_COUNTY_FIPS,SINGLE_COUNTY_CONTROL,1,48029,bexar-tx,Bexar County,,,,1,bexar-tx,false,true,true,true,true
Windom,4879684,true,EXACT_CANONICAL_PLACE_REGISTRY_ROW_GOVERNED_COUNTY_FIPS,SINGLE_COUNTY_CONTROL,1,48147,fannin-tx,Fannin County,,,,1,fannin-tx,false,true,true,true,true
Windthorst,4879696,true,EXACT_CANONICAL_PLACE_REGISTRY_ROW_GOVERNED_COUNTY_FIPS,MULTI_COUNTY_CONVERGENCE,2,48009|48077,archer-tx|clay-tx,Archer County|Clay County,,,,2,archer-tx|clay-tx,false,true,true,true,true
Winfield,4879720,true,EXACT_CANONICAL_PLACE_REGISTRY_ROW_GOVERNED_COUNTY_FIPS,SINGLE_COUNTY_CONTROL,1,48449,titus-tx,Titus County,,,,1,titus-tx,false,true,true,true,true
Wingate,4879756,true,EXACT_CANONICAL_PLACE_REGISTRY_ROW_GOVERNED_COUNTY_FIPS,SINGLE_COUNTY_CONTROL,1,48399,runnels-tx,Runnels County,,,,1,runnels-tx,false,true,true,true,true
Wink,4879768,true,EXACT_CANONICAL_PLACE_REGISTRY_ROW_GOVERNED_COUNTY_FIPS,SINGLE_COUNTY_CONTROL,1,48495,winkler-tx,Winkler County,,,,1,winkler-tx,false,true,true,true,true
Winnie,4879792,true,EXACT_CANONICAL_PLACE_REGISTRY_ROW_GOVERNED_COUNTY_FIPS,SINGLE_COUNTY_CONTROL,1,48071,chambers-tx,Chambers County,,,,1,chambers-tx,false,true,true,true,true
Winnsboro,4879816,true,EXACT_CANONICAL_PLACE_REGISTRY_ROW_GOVERNED_COUNTY_FIPS,MULTI_COUNTY_CONVERGENCE,2,48159|48499,franklin-tx|wood-tx,Franklin County|Wood County,,,,2,franklin-tx|wood-tx,false,true,true,true,true
Winona,4879828,true,EXACT_CANONICAL_PLACE_REGISTRY_ROW_GOVERNED_COUNTY_FIPS,SINGLE_COUNTY_CONTROL,1,48423,smith-tx,Smith County,,,,1,smith-tx,false,true,true,true,true
Winters,4879876,true,EXACT_CANONICAL_PLACE_REGISTRY_ROW_GOVERNED_COUNTY_FIPS,SINGLE_COUNTY_CONTROL,1,48399,runnels-tx,Runnels County,,,,1,runnels-tx,false,true,true,true,true
Wixon Valley,4879919,true,EXACT_CANONICAL_PLACE_REGISTRY_ROW_GOVERNED_COUNTY_FIPS,SINGLE_COUNTY_CONTROL,1,48041,brazos-tx,Brazos County,,,,1,brazos-tx,false,true,true,true,true
Wolfe City,4879948,true,EXACT_CANONICAL_PLACE_REGISTRY_ROW_GOVERNED_COUNTY_FIPS,SINGLE_COUNTY_CONTROL,1,48231,hunt-tx,Hunt County,,,,1,hunt-tx,false,true,true,true,true
Wolfforth,4879972,true,EXACT_CANONICAL_PLACE_REGISTRY_ROW_GOVERNED_COUNTY_FIPS,SINGLE_COUNTY_CONTROL,1,48303,lubbock-tx,Lubbock County,,,,1,lubbock-tx,false,true,true,true,true
Woodbranch,4880044,true,EXACT_CANONICAL_PLACE_REGISTRY_ROW_GOVERNED_COUNTY_FIPS,SINGLE_COUNTY_CONTROL,1,48339,montgomery-tx,Montgomery County,,,,1,montgomery-tx,false,true,true,true,true
Woodcreek,4880058,true,EXACT_CANONICAL_PLACE_REGISTRY_ROW_GOVERNED_COUNTY_FIPS,SINGLE_COUNTY_CONTROL,1,48209,hays-tx,Hays County,,,,1,hays-tx,false,true,true,true,true
Woodloch,4880144,true,EXACT_CANONICAL_PLACE_REGISTRY_ROW_GOVERNED_COUNTY_FIPS,SINGLE_COUNTY_CONTROL,1,48339,montgomery-tx,Montgomery County,,,,1,montgomery-tx,false,true,true,true,true
Woodsboro,4880176,true,EXACT_CANONICAL_PLACE_REGISTRY_ROW_GOVERNED_COUNTY_FIPS,SINGLE_COUNTY_CONTROL,1,48391,refugio-tx,Refugio County,,,,1,refugio-tx,false,true,true,true,true
Woodson,4880188,true,EXACT_CANONICAL_PLACE_REGISTRY_ROW_GOVERNED_COUNTY_FIPS,SINGLE_COUNTY_CONTROL,1,48447,throckmorton-tx,Throckmorton County,,,,1,throckmorton-tx,false,true,true,true,true
Woodville,4880212,true,EXACT_CANONICAL_PLACE_REGISTRY_ROW_GOVERNED_COUNTY_FIPS,SINGLE_COUNTY_CONTROL,1,48457,tyler-tx,Tyler County,,,,1,tyler-tx,false,true,true,true,true
Woodway,4880224,true,EXACT_CANONICAL_PLACE_REGISTRY_ROW_GOVERNED_COUNTY_FIPS,SINGLE_COUNTY_CONTROL,1,48309,mclennan-tx,McLennan County,,,,1,mclennan-tx,false,true,true,true,true
Wortham,4880296,true,EXACT_CANONICAL_PLACE_REGISTRY_ROW_GOVERNED_COUNTY_FIPS,SINGLE_COUNTY_CONTROL,1,48161,freestone-tx,Freestone County,,,,1,freestone-tx,false,true,true,true,true
Wyldwood,4880350,true,EXACT_CANONICAL_PLACE_REGISTRY_ROW_GOVERNED_COUNTY_FIPS,SINGLE_COUNTY_CONTROL,1,48021,bastrop-tx,Bastrop County,,,,1,bastrop-tx,false,true,true,true,true
Wylie,4880356,true,EXACT_CANONICAL_PLACE_REGISTRY_ROW_GOVERNED_COUNTY_FIPS,MULTI_COUNTY_CONVERGENCE,3,48085|48113|48397,collin-tx|dallas-tx|rockwall-tx,Collin County|Dallas County|Rockwall County,,,,3,collin-tx|dallas-tx|rockwall-tx,false,true,true,true,true
Yancey,4880428,true,EXACT_CANONICAL_PLACE_REGISTRY_ROW_GOVERNED_COUNTY_FIPS,SINGLE_COUNTY_CONTROL,1,48325,medina-tx,Medina County,,,,1,medina-tx,false,true,true,true,true
Yantis,4880440,true,EXACT_CANONICAL_PLACE_REGISTRY_ROW_GOVERNED_COUNTY_FIPS,SINGLE_COUNTY_CONTROL,1,48499,wood-tx,Wood County,,,,1,wood-tx,false,true,true,true,true
Yoakum,4880560,true,EXACT_CANONICAL_PLACE_REGISTRY_ROW_GOVERNED_COUNTY_FIPS,MULTI_COUNTY_CONVERGENCE,2,48123|48285,dewitt-tx|lavaca-tx,DeWitt County|Lavaca County,,,,2,dewitt-tx|lavaca-tx,false,true,true,true,true
Yorktown,4880584,true,EXACT_CANONICAL_PLACE_REGISTRY_ROW_GOVERNED_COUNTY_FIPS,SINGLE_COUNTY_CONTROL,1,48123,dewitt-tx,DeWitt County,,,,1,dewitt-tx,false,true,true,true,true
Yznaga,4880686,true,EXACT_CANONICAL_PLACE_REGISTRY_ROW_GOVERNED_COUNTY_FIPS,SINGLE_COUNTY_CONTROL,1,48061,cameron-tx,Cameron County,,,,1,cameron-tx,false,true,true,true,true
Zapata,4880716,true,EXACT_CANONICAL_PLACE_REGISTRY_ROW_GOVERNED_COUNTY_FIPS,SINGLE_COUNTY_CONTROL,1,48505,zapata-tx,Zapata County,,,,1,zapata-tx,false,true,true,true,true
Zapata Ranch,4880722,true,EXACT_CANONICAL_PLACE_REGISTRY_ROW_GOVERNED_COUNTY_FIPS,SINGLE_COUNTY_CONTROL,1,48489,willacy-tx,Willacy County,,,,1,willacy-tx,false,true,true,true,true
Zarate,4880724,true,EXACT_CANONICAL_PLACE_REGISTRY_ROW_GOVERNED_COUNTY_FIPS,SINGLE_COUNTY_CONTROL,1,48427,starr-tx,Starr County,,,,1,starr-tx,false,true,true,true,true
Zavalla,4880728,true,EXACT_CANONICAL_PLACE_REGISTRY_ROW_GOVERNED_COUNTY_FIPS,SINGLE_COUNTY_CONTROL,1,48005,angelina-tx,Angelina County,,,,1,angelina-tx,false,true,true,true,true
Zephyr,4880740,true,EXACT_CANONICAL_PLACE_REGISTRY_ROW_GOVERNED_COUNTY_FIPS,SINGLE_COUNTY_CONTROL,1,48049,brown-tx,Brown County,,,,1,brown-tx,false,true,true,true,true
Zuehl,4880836,true,EXACT_CANONICAL_PLACE_REGISTRY_ROW_GOVERNED_COUNTY_FIPS,SINGLE_COUNTY_CONTROL,1,48187,guadalupe-tx,Guadalupe County,,,,1,guadalupe-tx,false,true,true,true,true
