{
  "type": "FeatureCollection",
  "features": [
    {
      "type": "Feature",
      "id": 201256,
      "geometry": {
        "type": "Point",
        "coordinates": [
          -103.787053999874,
          30.3183280000445
        ]
      },
      "properties": {
        "OBJECTID": 201256,
        "CROSSING": "763849C",
        "EFFDATE": 1592611200000,
        "REASON": "14",
        "StateCode": "48",
        "CountyCode": "48043",
        "STCYFIPS": "48043",
        "CITYCD": "480430100",
        "RAILROAD": "UP",
        "RRDIV": "TEXOMA",
        "RRSUBDIV": "VALENTINE SUB",
        "HIGHWAY": "NA",
        "STREET": "PRIVATE",
        "TTSTN": "697216",
        "MILEPOST": "0615.490",
        "TYPEXING": "Private",
        "POSXING": "RR Over",
        "PRVCAT": "14",
        "INIT": "1",
        "LATITUDE": 30.318328,
        "LONGITUD": -103.787054,
        "LLSOURCE": "1",
        "WHISTBAN": "0",
        "RRCONT": "4025443721",
        "POLCONT": "8008488715",
        "INV_LINK": "https://safetydata.fra.dot.gov/OfficeofSafety/PublicSite/Crossing/Crossing.aspx?phasetype=C&rpttype=I&txtcrossingnum=763849C",
        "ACC_LINK": "https://safetydata.fra.dot.gov/OfficeofSafety/PublicSite/Crossing/Crossing.aspx?phasetype=C&rpttype=A&txtcrossingnum=763849C",
        "TTSTNNAM": "",
        "XPURPOSE": "1",
        "OPERATINGR": "UP",
        "OPERATIN_1": "Primary",
        "DAYTHRU": 5,
        "NGHTTHRU": 5,
        "MAINTRK": 1,
        "SIDINGTRK": 0,
        "YARDTRK": 0,
        "TRANSITTRK": 0,
        "INDUSTRYTR": 0,
        "OTHRTRK": 0,
        "WDCODE": "",
        "REVISIONDA": "1975/01/01 00:00:00",
        "LASTUPDATE": "6/20/2020",
        "AADT": "",
        "AADTYEAR": "1970",
        "STATENAME": "TEXAS",
        "STATEAB": "TX",
        "COUNTYNAME": "BREWSTER",
        "CITYNAME": "ALPINE",
        "LATDD": 30.318328,
        "LONGDD": -103.787054,
        "gridlyProductionCertified": true,
        "gridlyClassification": "PUBLIC_ROADWAY",
        "gridlyDisplayName": "PRIVATE",
        "gridlyId": "FRA-763849C"
      }
    },
    {
      "type": "Feature",
      "id": 203211,
      "geometry": {
        "type": "Point",
        "coordinates": [
          -103.608344999696,
          30.4635619999979
        ]
      },
      "properties": {
        "OBJECTID": 203211,
        "CROSSING": "019040F",
        "EFFDATE": 1704758400000,
        "REASON": "14",
        "StateCode": "48",
        "CountyCode": "48377",
        "STCYFIPS": "48377",
        "CITYCD": "483775525",
        "RAILROAD": "TXPF",
        "RRDIV": "SOUTHERN",
        "RRSUBDIV": "ALPINE",
        "HIGHWAY": "privite",
        "STREET": "PRIVATE ROAD",
        "TTSTN": "697652",
        "MILEPOST": "0986.16",
        "TYPEXING": "Private",
        "POSXING": "At Grade",
        "PRVCAT": "14",
        "INIT": "1",
        "LATITUDE": 30.463562,
        "LONGITUD": -103.608345,
        "LLSOURCE": "1",
        "WHISTBAN": "0",
        "RRCONT": "3259428164",
        "POLCONT": "8007428905",
        "INV_LINK": "https://safetydata.fra.dot.gov/OfficeofSafety/PublicSite/Crossing/Crossing.aspx?phasetype=C&rpttype=I&txtcrossingnum=019040F",
        "ACC_LINK": "https://safetydata.fra.dot.gov/OfficeofSafety/PublicSite/Crossing/Crossing.aspx?phasetype=C&rpttype=A&txtcrossingnum=019040F",
        "TTSTNNAM": "PLATA",
        "XPURPOSE": "1",
        "OPERATINGR": "TXPF",
        "OPERATIN_1": "Primary",
        "DAYTHRU": 0,
        "NGHTTHRU": 0,
        "MAINTRK": 1,
        "SIDINGTRK": 0,
        "YARDTRK": 0,
        "TRANSITTRK": 0,
        "INDUSTRYTR": 0,
        "OTHRTRK": 0,
        "WDCODE": "",
        "REVISIONDA": "2001/01/01 00:00:00",
        "LASTUPDATE": "1/9/2024",
        "AADT": "",
        "AADTYEAR": "1970",
        "STATENAME": "TEXAS",
        "STATEAB": "TX",
        "COUNTYNAME": "PRESIDIO",
        "CITYNAME": "PRESIDIO",
        "LATDD": 30.463562,
        "LONGDD": -103.608345,
        "gridlyProductionCertified": true,
        "gridlyClassification": "PUBLIC_ROADWAY",
        "gridlyDisplayName": "PRIVATE ROAD",
        "gridlyId": "FRA-019040F"
      }
    },
    {
      "type": "Feature",
      "id": 203230,
      "geometry": {
        "type": "Point",
        "coordinates": [
          -103.655303999982,
          30.4290960002779
        ]
      },
      "properties": {
        "OBJECTID": 203230,
        "CROSSING": "019041M",
        "EFFDATE": 1704758400000,
        "REASON": "14",
        "StateCode": "48",
        "CountyCode": "48377",
        "STCYFIPS": "48377",
        "CITYCD": "483774320",
        "RAILROAD": "TXPF",
        "RRDIV": "SOUTHERN",
        "RRSUBDIV": "ALPINE",
        "HIGHWAY": "private",
        "STREET": "PRIVATE ROAD",
        "TTSTN": "697655",
        "MILEPOST": "0992.61",
        "TYPEXING": "Private",
        "POSXING": "At Grade",
        "PRVCAT": "14",
        "INIT": "1",
        "LATITUDE": 30.429096,
        "LONGITUD": -103.655304,
        "LLSOURCE": "1",
        "WHISTBAN": "0",
        "RRCONT": "3259428164",
        "POLCONT": "8007428905",
        "INV_LINK": "https://safetydata.fra.dot.gov/OfficeofSafety/PublicSite/Crossing/Crossing.aspx?phasetype=C&rpttype=I&txtcrossingnum=019041M",
        "ACC_LINK": "https://safetydata.fra.dot.gov/OfficeofSafety/PublicSite/Crossing/Crossing.aspx?phasetype=C&rpttype=A&txtcrossingnum=019041M",
        "TTSTNNAM": "PLATA",
        "XPURPOSE": "1",
        "OPERATINGR": "TXPF",
        "OPERATIN_1": "Primary",
        "DAYTHRU": 0,
        "NGHTTHRU": 0,
        "MAINTRK": 1,
        "SIDINGTRK": 0,
        "YARDTRK": 0,
        "TRANSITTRK": 0,
        "INDUSTRYTR": 0,
        "OTHRTRK": 0,
        "WDCODE": "",
        "REVISIONDA": "2001/01/01 00:00:00",
        "LASTUPDATE": "1/9/2024",
        "AADT": "",
        "AADTYEAR": "1970",
        "STATENAME": "TEXAS",
        "STATEAB": "TX",
        "COUNTYNAME": "PRESIDIO",
        "CITYNAME": "MARFA",
        "LATDD": 30.429096,
        "LONGDD": -103.655304,
        "gridlyProductionCertified": true,
        "gridlyClassification": "PUBLIC_ROADWAY",
        "gridlyDisplayName": "PRIVATE ROAD",
        "gridlyId": "FRA-019041M"
      }
    },
    {
      "type": "Feature",
      "id": 203231,
      "geometry": {
        "type": "Point",
        "coordinates": [
          -103.590125999721,
          30.4845410002098
        ]
      },
      "properties": {
        "OBJECTID": 203231,
        "CROSSING": "019037X",
        "EFFDATE": 1704758400000,
        "REASON": "14",
        "StateCode": "48",
        "CountyCode": "48377",
        "STCYFIPS": "48377",
        "CITYCD": "480430100",
        "RAILROAD": "TXPF",
        "RRDIV": "SOUTHERN",
        "RRSUBDIV": "ALPINE",
        "HIGHWAY": "NONE",
        "STREET": "private",
        "TTSTN": "697652",
        "MILEPOST": "0982.51",
        "TYPEXING": "Private",
        "POSXING": "At Grade",
        "PRVCAT": "14",
        "INIT": "1",
        "LATITUDE": 30.484541,
        "LONGITUD": -103.590126,
        "LLSOURCE": "1",
        "WHISTBAN": "0",
        "RRCONT": "3259428164",
        "POLCONT": "8007428905",
        "INV_LINK": "https://safetydata.fra.dot.gov/OfficeofSafety/PublicSite/Crossing/Crossing.aspx?phasetype=C&rpttype=I&txtcrossingnum=019037X",
        "ACC_LINK": "https://safetydata.fra.dot.gov/OfficeofSafety/PublicSite/Crossing/Crossing.aspx?phasetype=C&rpttype=A&txtcrossingnum=019037X",
        "TTSTNNAM": "PLATA",
        "XPURPOSE": "1",
        "OPERATINGR": "TXPF",
        "OPERATIN_1": "Primary",
        "DAYTHRU": 0,
        "NGHTTHRU": 0,
        "MAINTRK": 1,
        "SIDINGTRK": 0,
        "YARDTRK": 0,
        "TRANSITTRK": 0,
        "INDUSTRYTR": 0,
        "OTHRTRK": 0,
        "WDCODE": "",
        "REVISIONDA": "2001/01/01 00:00:00",
        "LASTUPDATE": "1/9/2024",
        "AADT": "000010",
        "AADTYEAR": "1984",
        "STATENAME": "TEXAS",
        "STATEAB": "TX",
        "COUNTYNAME": "PRESIDIO",
        "CITYNAME": "ALPINE",
        "LATDD": 30.484541,
        "LONGDD": -103.590126,
        "gridlyProductionCertified": true,
        "gridlyClassification": "PUBLIC_ROADWAY",
        "gridlyDisplayName": "private",
        "gridlyId": "FRA-019037X"
      }
    },
    {
      "type": "Feature",
      "id": 203232,
      "geometry": {
        "type": "Point",
        "coordinates": [
          -103.448944000163,
          30.5884949997946
        ]
      },
      "properties": {
        "OBJECTID": 203232,
        "CROSSING": "019025D",
        "EFFDATE": 1704758400000,
        "REASON": "14",
        "StateCode": "48",
        "CountyCode": "48377",
        "STCYFIPS": "48377",
        "CITYCD": "480430100",
        "RAILROAD": "TXPF",
        "RRDIV": "SOUTHERN",
        "RRSUBDIV": "ALPINE",
        "HIGHWAY": "private",
        "STREET": "PRIVATE ROAD",
        "TTSTN": "697635",
        "MILEPOST": "0960.00",
        "TYPEXING": "Private",
        "POSXING": "At Grade",
        "PRVCAT": "14",
        "INIT": "1",
        "LATITUDE": 30.588495,
        "LONGITUD": -103.448944,
        "LLSOURCE": "1",
        "WHISTBAN": "0",
        "RRCONT": "3259428164",
        "POLCONT": "8007428905",
        "INV_LINK": "https://safetydata.fra.dot.gov/OfficeofSafety/PublicSite/Crossing/Crossing.aspx?phasetype=C&rpttype=I&txtcrossingnum=019025D",
        "ACC_LINK": "https://safetydata.fra.dot.gov/OfficeofSafety/PublicSite/Crossing/Crossing.aspx?phasetype=C&rpttype=A&txtcrossingnum=019025D",
        "TTSTNNAM": "PAISANO",
        "XPURPOSE": "1",
        "OPERATINGR": "TXPF",
        "OPERATIN_1": "Primary",
        "DAYTHRU": 0,
        "NGHTTHRU": 0,
        "MAINTRK": 1,
        "SIDINGTRK": 0,
        "YARDTRK": 0,
        "TRANSITTRK": 0,
        "INDUSTRYTR": 0,
        "OTHRTRK": 0,
        "WDCODE": "",
        "REVISIONDA": "2001/01/01 00:00:00",
        "LASTUPDATE": "1/9/2024",
        "AADT": "",
        "AADTYEAR": "1970",
        "STATENAME": "TEXAS",
        "STATEAB": "TX",
        "COUNTYNAME": "PRESIDIO",
        "CITYNAME": "ALPINE",
        "LATDD": 30.588495,
        "LONGDD": -103.448944,
        "gridlyProductionCertified": true,
        "gridlyClassification": "PUBLIC_ROADWAY",
        "gridlyDisplayName": "PRIVATE ROAD",
        "gridlyId": "FRA-019025D"
      }
    },
    {
      "type": "Feature",
      "id": 203235,
      "geometry": {
        "type": "Point",
        "coordinates": [
          -103.456046999776,
          30.586386000155
        ]
      },
      "properties": {
        "OBJECTID": 203235,
        "CROSSING": "019026K",
        "EFFDATE": 1704758400000,
        "REASON": "14",
        "StateCode": "48",
        "CountyCode": "48377",
        "STCYFIPS": "48377",
        "CITYCD": "480430100",
        "RAILROAD": "TXPF",
        "RRDIV": "SOUTHERN",
        "RRSUBDIV": "ALPINE",
        "HIGHWAY": "private",
        "STREET": "PRIVATE ROAD",
        "TTSTN": "697635",
        "MILEPOST": "0960.93",
        "TYPEXING": "Private",
        "POSXING": "At Grade",
        "PRVCAT": "14",
        "INIT": "1",
        "LATITUDE": 30.586386,
        "LONGITUD": -103.456047,
        "LLSOURCE": "1",
        "WHISTBAN": "0",
        "RRCONT": "3259428164",
        "POLCONT": "8007428905",
        "INV_LINK": "https://safetydata.fra.dot.gov/OfficeofSafety/PublicSite/Crossing/Crossing.aspx?phasetype=C&rpttype=I&txtcrossingnum=019026K",
        "ACC_LINK": "https://safetydata.fra.dot.gov/OfficeofSafety/PublicSite/Crossing/Crossing.aspx?phasetype=C&rpttype=A&txtcrossingnum=019026K",
        "TTSTNNAM": "PAISANO",
        "XPURPOSE": "1",
        "OPERATINGR": "TXPF",
        "OPERATIN_1": "Primary",
        "DAYTHRU": 0,
        "NGHTTHRU": 0,
        "MAINTRK": 1,
        "SIDINGTRK": 0,
        "YARDTRK": 0,
        "TRANSITTRK": 0,
        "INDUSTRYTR": 0,
        "OTHRTRK": 0,
        "WDCODE": "",
        "REVISIONDA": "2001/01/01 00:00:00",
        "LASTUPDATE": "1/9/2024",
        "AADT": "",
        "AADTYEAR": "1970",
        "STATENAME": "TEXAS",
        "STATEAB": "TX",
        "COUNTYNAME": "PRESIDIO",
        "CITYNAME": "ALPINE",
        "LATDD": 30.586386,
        "LONGDD": -103.456047,
        "gridlyProductionCertified": true,
        "gridlyClassification": "PUBLIC_ROADWAY",
        "gridlyDisplayName": "PRIVATE ROAD",
        "gridlyId": "FRA-019026K"
      }
    },
    {
      "type": "Feature",
      "id": 203236,
      "geometry": {
        "type": "Point",
        "coordinates": [
          -103.471237000089,
          30.5796450001501
        ]
      },
      "properties": {
        "OBJECTID": 203236,
        "CROSSING": "019027S",
        "EFFDATE": 1704758400000,
        "REASON": "14",
        "StateCode": "48",
        "CountyCode": "48377",
        "STCYFIPS": "48377",
        "CITYCD": "480430100",
        "RAILROAD": "TXPF",
        "RRDIV": "SOUTHERN",
        "RRSUBDIV": "ALPINE",
        "HIGHWAY": "private",
        "STREET": "PRIVATE ROAD",
        "TTSTN": "697635",
        "MILEPOST": "0963.06",
        "TYPEXING": "Private",
        "POSXING": "At Grade",
        "PRVCAT": "14",
        "INIT": "1",
        "LATITUDE": 30.579645,
        "LONGITUD": -103.471237,
        "LLSOURCE": "1",
        "WHISTBAN": "0",
        "RRCONT": "3259428164",
        "POLCONT": "8007428905",
        "INV_LINK": "https://safetydata.fra.dot.gov/OfficeofSafety/PublicSite/Crossing/Crossing.aspx?phasetype=C&rpttype=I&txtcrossingnum=019027S",
        "ACC_LINK": "https://safetydata.fra.dot.gov/OfficeofSafety/PublicSite/Crossing/Crossing.aspx?phasetype=C&rpttype=A&txtcrossingnum=019027S",
        "TTSTNNAM": "PAISANO",
        "XPURPOSE": "1",
        "OPERATINGR": "TXPF",
        "OPERATIN_1": "Primary",
        "DAYTHRU": 0,
        "NGHTTHRU": 0,
        "MAINTRK": 1,
        "SIDINGTRK": 0,
        "YARDTRK": 0,
        "TRANSITTRK": 0,
        "INDUSTRYTR": 0,
        "OTHRTRK": 0,
        "WDCODE": "",
        "REVISIONDA": "2001/01/01 00:00:00",
        "LASTUPDATE": "1/9/2024",
        "AADT": "",
        "AADTYEAR": "1970",
        "STATENAME": "TEXAS",
        "STATEAB": "TX",
        "COUNTYNAME": "PRESIDIO",
        "CITYNAME": "ALPINE",
        "LATDD": 30.579645,
        "LONGDD": -103.471237,
        "gridlyProductionCertified": true,
        "gridlyClassification": "PUBLIC_ROADWAY",
        "gridlyDisplayName": "PRIVATE ROAD",
        "gridlyId": "FRA-019027S"
      }
    },
    {
      "type": "Feature",
      "id": 203237,
      "geometry": {
        "type": "Point",
        "coordinates": [
          -103.482367999621,
          30.5736829996395
        ]
      },
      "properties": {
        "OBJECTID": 203237,
        "CROSSING": "019029F",
        "EFFDATE": 1704758400000,
        "REASON": "14",
        "StateCode": "48",
        "CountyCode": "48377",
        "STCYFIPS": "48377",
        "CITYCD": "480430100",
        "RAILROAD": "TXPF",
        "RRDIV": "SOUTHERN",
        "RRSUBDIV": "ALPINE",
        "HIGHWAY": "private",
        "STREET": "PRIVATE ROAD",
        "TTSTN": "697638",
        "MILEPOST": "0964.77",
        "TYPEXING": "Private",
        "POSXING": "At Grade",
        "PRVCAT": "14",
        "INIT": "1",
        "LATITUDE": 30.573683,
        "LONGITUD": -103.482368,
        "LLSOURCE": "1",
        "WHISTBAN": "0",
        "RRCONT": "3259428164",
        "POLCONT": "8007428905",
        "INV_LINK": "https://safetydata.fra.dot.gov/OfficeofSafety/PublicSite/Crossing/Crossing.aspx?phasetype=C&rpttype=I&txtcrossingnum=019029F",
        "ACC_LINK": "https://safetydata.fra.dot.gov/OfficeofSafety/PublicSite/Crossing/Crossing.aspx?phasetype=C&rpttype=A&txtcrossingnum=019029F",
        "TTSTNNAM": "TINAJA",
        "XPURPOSE": "1",
        "OPERATINGR": "TXPF",
        "OPERATIN_1": "Primary",
        "DAYTHRU": 0,
        "NGHTTHRU": 0,
        "MAINTRK": 1,
        "SIDINGTRK": 0,
        "YARDTRK": 0,
        "TRANSITTRK": 0,
        "INDUSTRYTR": 0,
        "OTHRTRK": 0,
        "WDCODE": "",
        "REVISIONDA": "2001/01/01 00:00:00",
        "LASTUPDATE": "1/9/2024",
        "AADT": "",
        "AADTYEAR": "1970",
        "STATENAME": "TEXAS",
        "STATEAB": "TX",
        "COUNTYNAME": "PRESIDIO",
        "CITYNAME": "ALPINE",
        "LATDD": 30.573683,
        "LONGDD": -103.482368,
        "gridlyProductionCertified": true,
        "gridlyClassification": "PUBLIC_ROADWAY",
        "gridlyDisplayName": "PRIVATE ROAD",
        "gridlyId": "FRA-019029F"
      }
    },
    {
      "type": "Feature",
      "id": 203241,
      "geometry": {
        "type": "Point",
        "coordinates": [
          -103.485984999638,
          30.5686380000331
        ]
      },
      "properties": {
        "OBJECTID": 203241,
        "CROSSING": "019030A",
        "EFFDATE": 1704758400000,
        "REASON": "14",
        "StateCode": "48",
        "CountyCode": "48377",
        "STCYFIPS": "48377",
        "CITYCD": "480430100",
        "RAILROAD": "TXPF",
        "RRDIV": "SOUTHERN",
        "RRSUBDIV": "ALPINE",
        "HIGHWAY": "private",
        "STREET": "PRIVATE ROAD",
        "TTSTN": "697638",
        "MILEPOST": "0966.04",
        "TYPEXING": "Private",
        "POSXING": "At Grade",
        "PRVCAT": "14",
        "INIT": "1",
        "LATITUDE": 30.568638,
        "LONGITUD": -103.485985,
        "LLSOURCE": "1",
        "WHISTBAN": "0",
        "RRCONT": "3259428164",
        "POLCONT": "8007428905",
        "INV_LINK": "https://safetydata.fra.dot.gov/OfficeofSafety/PublicSite/Crossing/Crossing.aspx?phasetype=C&rpttype=I&txtcrossingnum=019030A",
        "ACC_LINK": "https://safetydata.fra.dot.gov/OfficeofSafety/PublicSite/Crossing/Crossing.aspx?phasetype=C&rpttype=A&txtcrossingnum=019030A",
        "TTSTNNAM": "TINAJA",
        "XPURPOSE": "1",
        "OPERATINGR": "TXPF",
        "OPERATIN_1": "Primary",
        "DAYTHRU": 0,
        "NGHTTHRU": 0,
        "MAINTRK": 1,
        "SIDINGTRK": 0,
        "YARDTRK": 0,
        "TRANSITTRK": 0,
        "INDUSTRYTR": 0,
        "OTHRTRK": 0,
        "WDCODE": "",
        "REVISIONDA": "2001/01/01 00:00:00",
        "LASTUPDATE": "1/9/2024",
        "AADT": "",
        "AADTYEAR": "1970",
        "STATENAME": "TEXAS",
        "STATEAB": "TX",
        "COUNTYNAME": "PRESIDIO",
        "CITYNAME": "ALPINE",
        "LATDD": 30.568638,
        "LONGDD": -103.485985,
        "gridlyProductionCertified": true,
        "gridlyClassification": "PUBLIC_ROADWAY",
        "gridlyDisplayName": "PRIVATE ROAD",
        "gridlyId": "FRA-019030A"
      }
    },
    {
      "type": "Feature",
      "id": 203242,
      "geometry": {
        "type": "Point",
        "coordinates": [
          -103.509322999852,
          30.5478499998719
        ]
      },
      "properties": {
        "OBJECTID": 203242,
        "CROSSING": "019032N",
        "EFFDATE": 1704758400000,
        "REASON": "14",
        "StateCode": "48",
        "CountyCode": "48377",
        "STCYFIPS": "48377",
        "CITYCD": "480430100",
        "RAILROAD": "TXPF",
        "RRDIV": "SOUTHERN",
        "RRSUBDIV": "ALPINE",
        "HIGHWAY": "private",
        "STREET": "PRIVATE ROAD",
        "TTSTN": "697638",
        "MILEPOST": "0969.50",
        "TYPEXING": "Private",
        "POSXING": "At Grade",
        "PRVCAT": "14",
        "INIT": "1",
        "LATITUDE": 30.54785,
        "LONGITUD": -103.509323,
        "LLSOURCE": "1",
        "WHISTBAN": "0",
        "RRCONT": "3259428164",
        "POLCONT": "8007428905",
        "INV_LINK": "https://safetydata.fra.dot.gov/OfficeofSafety/PublicSite/Crossing/Crossing.aspx?phasetype=C&rpttype=I&txtcrossingnum=019032N",
        "ACC_LINK": "https://safetydata.fra.dot.gov/OfficeofSafety/PublicSite/Crossing/Crossing.aspx?phasetype=C&rpttype=A&txtcrossingnum=019032N",
        "TTSTNNAM": "TINAJA",
        "XPURPOSE": "1",
        "OPERATINGR": "TXPF",
        "OPERATIN_1": "Primary",
        "DAYTHRU": 0,
        "NGHTTHRU": 0,
        "MAINTRK": 1,
        "SIDINGTRK": 0,
        "YARDTRK": 0,
        "TRANSITTRK": 0,
        "INDUSTRYTR": 0,
        "OTHRTRK": 0,
        "WDCODE": "",
        "REVISIONDA": "2001/01/01 00:00:00",
        "LASTUPDATE": "1/9/2024",
        "AADT": "",
        "AADTYEAR": "1970",
        "STATENAME": "TEXAS",
        "STATEAB": "TX",
        "COUNTYNAME": "PRESIDIO",
        "CITYNAME": "ALPINE",
        "LATDD": 30.54785,
        "LONGDD": -103.509323,
        "gridlyProductionCertified": true,
        "gridlyClassification": "PUBLIC_ROADWAY",
        "gridlyDisplayName": "PRIVATE ROAD",
        "gridlyId": "FRA-019032N"
      }
    },
    {
      "type": "Feature",
      "id": 203358,
      "geometry": {
        "type": "Point",
        "coordinates": [
          -103.549445999591,
          30.5258160003657
        ]
      },
      "properties": {
        "OBJECTID": 203358,
        "CROSSING": "019034C",
        "EFFDATE": 1704758400000,
        "REASON": "14",
        "StateCode": "48",
        "CountyCode": "48377",
        "STCYFIPS": "48377",
        "CITYCD": "480430100",
        "RAILROAD": "TXPF",
        "RRDIV": "SOUTHERN",
        "RRSUBDIV": "ALPINE",
        "HIGHWAY": "private",
        "STREET": "PRIVATE ROAD",
        "TTSTN": "697638",
        "MILEPOST": "0974.95",
        "TYPEXING": "Private",
        "POSXING": "At Grade",
        "PRVCAT": "14",
        "INIT": "1",
        "LATITUDE": 30.525816,
        "LONGITUD": -103.549446,
        "LLSOURCE": "1",
        "WHISTBAN": "0",
        "RRCONT": "3259428164",
        "POLCONT": "8007428905",
        "INV_LINK": "https://safetydata.fra.dot.gov/OfficeofSafety/PublicSite/Crossing/Crossing.aspx?phasetype=C&rpttype=I&txtcrossingnum=019034C",
        "ACC_LINK": "https://safetydata.fra.dot.gov/OfficeofSafety/PublicSite/Crossing/Crossing.aspx?phasetype=C&rpttype=A&txtcrossingnum=019034C",
        "TTSTNNAM": "TINAJA",
        "XPURPOSE": "1",
        "OPERATINGR": "TXPF",
        "OPERATIN_1": "Primary",
        "DAYTHRU": 0,
        "NGHTTHRU": 0,
        "MAINTRK": 1,
        "SIDINGTRK": 0,
        "YARDTRK": 0,
        "TRANSITTRK": 0,
        "INDUSTRYTR": 0,
        "OTHRTRK": 0,
        "WDCODE": "",
        "REVISIONDA": "2001/01/01 00:00:00",
        "LASTUPDATE": "1/9/2024",
        "AADT": "",
        "AADTYEAR": "1970",
        "STATENAME": "TEXAS",
        "STATEAB": "TX",
        "COUNTYNAME": "PRESIDIO",
        "CITYNAME": "ALPINE",
        "LATDD": 30.525816,
        "LONGDD": -103.549446,
        "gridlyProductionCertified": true,
        "gridlyClassification": "PUBLIC_ROADWAY",
        "gridlyDisplayName": "PRIVATE ROAD",
        "gridlyId": "FRA-019034C"
      }
    },
    {
      "type": "Feature",
      "id": 203359,
      "geometry": {
        "type": "Point",
        "coordinates": [
          -103.578658999729,
          30.4975949996787
        ]
      },
      "properties": {
        "OBJECTID": 203359,
        "CROSSING": "019036R",
        "EFFDATE": 1704758400000,
        "REASON": "14",
        "StateCode": "48",
        "CountyCode": "48377",
        "STCYFIPS": "48377",
        "CITYCD": "480430100",
        "RAILROAD": "TXPF",
        "RRDIV": "SOUTHERN",
        "RRSUBDIV": "ALPINE",
        "HIGHWAY": "private",
        "STREET": "PRIVATE ROAD",
        "TTSTN": "697652",
        "MILEPOST": "0980.24",
        "TYPEXING": "Private",
        "POSXING": "At Grade",
        "PRVCAT": "14",
        "INIT": "1",
        "LATITUDE": 30.497595,
        "LONGITUD": -103.578659,
        "LLSOURCE": "1",
        "WHISTBAN": "0",
        "RRCONT": "3259428164",
        "POLCONT": "8007428905",
        "INV_LINK": "https://safetydata.fra.dot.gov/OfficeofSafety/PublicSite/Crossing/Crossing.aspx?phasetype=C&rpttype=I&txtcrossingnum=019036R",
        "ACC_LINK": "https://safetydata.fra.dot.gov/OfficeofSafety/PublicSite/Crossing/Crossing.aspx?phasetype=C&rpttype=A&txtcrossingnum=019036R",
        "TTSTNNAM": "TINAJA",
        "XPURPOSE": "1",
        "OPERATINGR": "TXPF",
        "OPERATIN_1": "Primary",
        "DAYTHRU": 0,
        "NGHTTHRU": 0,
        "MAINTRK": 1,
        "SIDINGTRK": 0,
        "YARDTRK": 0,
        "TRANSITTRK": 0,
        "INDUSTRYTR": 0,
        "OTHRTRK": 0,
        "WDCODE": "",
        "REVISIONDA": "2001/01/01 00:00:00",
        "LASTUPDATE": "1/9/2024",
        "AADT": "",
        "AADTYEAR": "1970",
        "STATENAME": "TEXAS",
        "STATEAB": "TX",
        "COUNTYNAME": "PRESIDIO",
        "CITYNAME": "ALPINE",
        "LATDD": 30.497595,
        "LONGDD": -103.578659,
        "gridlyProductionCertified": true,
        "gridlyClassification": "PUBLIC_ROADWAY",
        "gridlyDisplayName": "PRIVATE ROAD",
        "gridlyId": "FRA-019036R"
      }
    },
    {
      "type": "Feature",
      "id": 203410,
      "geometry": {
        "type": "Point",
        "coordinates": [
          -103.522040999997,
          30.539460999827
        ]
      },
      "properties": {
        "OBJECTID": 203410,
        "CROSSING": "019061Y",
        "EFFDATE": 1704758400000,
        "REASON": "14",
        "StateCode": "48",
        "CountyCode": "48137",
        "STCYFIPS": "48137",
        "CITYCD": "480430100",
        "RAILROAD": "TXPF",
        "RRDIV": "SOUTHERN",
        "RRSUBDIV": "ALPINE",
        "HIGHWAY": "private",
        "STREET": "PRIVATE ROAD",
        "TTSTN": "695167",
        "MILEPOST": "0971.10",
        "TYPEXING": "Private",
        "POSXING": "At Grade",
        "PRVCAT": "14",
        "INIT": "1",
        "LATITUDE": 30.539461,
        "LONGITUD": -103.522041,
        "LLSOURCE": "1",
        "WHISTBAN": "0",
        "RRCONT": "3259428164",
        "POLCONT": "8007428905",
        "INV_LINK": "https://safetydata.fra.dot.gov/OfficeofSafety/PublicSite/Crossing/Crossing.aspx?phasetype=C&rpttype=I&txtcrossingnum=019061Y",
        "ACC_LINK": "https://safetydata.fra.dot.gov/OfficeofSafety/PublicSite/Crossing/Crossing.aspx?phasetype=C&rpttype=A&txtcrossingnum=019061Y",
        "TTSTNNAM": "TINAJA",
        "XPURPOSE": "1",
        "OPERATINGR": "TXPF",
        "OPERATIN_1": "Primary",
        "DAYTHRU": 0,
        "NGHTTHRU": 0,
        "MAINTRK": 1,
        "SIDINGTRK": 0,
        "YARDTRK": 0,
        "TRANSITTRK": 0,
        "INDUSTRYTR": 0,
        "OTHRTRK": 0,
        "WDCODE": "",
        "REVISIONDA": "2001/01/01 00:00:00",
        "LASTUPDATE": "1/9/2024",
        "AADT": "",
        "AADTYEAR": "1976",
        "STATENAME": "TEXAS",
        "STATEAB": "TX",
        "COUNTYNAME": "EDWARDS",
        "CITYNAME": "ALPINE",
        "LATDD": 30.539461,
        "LONGDD": -103.522041,
        "gridlyProductionCertified": true,
        "gridlyClassification": "PUBLIC_ROADWAY",
        "gridlyDisplayName": "PRIVATE ROAD",
        "gridlyId": "FRA-019061Y"
      }
    },
    {
      "type": "Feature",
      "id": 203413,
      "geometry": {
        "type": "Point",
        "coordinates": [
          -103.607680000248,
          30.4648799997132
        ]
      },
      "properties": {
        "OBJECTID": 203413,
        "CROSSING": "927989L",
        "EFFDATE": 1704758400000,
        "REASON": "14",
        "StateCode": "48",
        "CountyCode": "48043",
        "STCYFIPS": "48043",
        "CITYCD": "480430100",
        "RAILROAD": "TXPF",
        "RRDIV": "SOUTHERN",
        "RRSUBDIV": "ALPINE",
        "HIGHWAY": "PRIVATE",
        "STREET": "PRIVATE",
        "TTSTN": "697216",
        "MILEPOST": "0938.50",
        "TYPEXING": "Private",
        "POSXING": "At Grade",
        "PRVCAT": "14",
        "INIT": "1",
        "LATITUDE": 30.46488,
        "LONGITUD": -103.60768,
        "LLSOURCE": "1",
        "WHISTBAN": "0",
        "RRCONT": "3259428164",
        "POLCONT": "8007428905",
        "INV_LINK": "https://safetydata.fra.dot.gov/OfficeofSafety/PublicSite/Crossing/Crossing.aspx?phasetype=C&rpttype=I&txtcrossingnum=927989L",
        "ACC_LINK": "https://safetydata.fra.dot.gov/OfficeofSafety/PublicSite/Crossing/Crossing.aspx?phasetype=C&rpttype=A&txtcrossingnum=927989L",
        "TTSTNNAM": "ALPINE",
        "XPURPOSE": "1",
        "OPERATINGR": "TXPF",
        "OPERATIN_1": "Primary",
        "DAYTHRU": 0,
        "NGHTTHRU": 0,
        "MAINTRK": 1,
        "SIDINGTRK": 0,
        "YARDTRK": 0,
        "TRANSITTRK": 0,
        "INDUSTRYTR": 0,
        "OTHRTRK": 0,
        "WDCODE": "",
        "REVISIONDA": "2001/01/01 00:00:00",
        "LASTUPDATE": "1/9/2024",
        "AADT": "",
        "AADTYEAR": "",
        "STATENAME": "TEXAS",
        "STATEAB": "TX",
        "COUNTYNAME": "BREWSTER",
        "CITYNAME": "ALPINE",
        "LATDD": 30.46488,
        "LONGDD": -103.60768,
        "gridlyProductionCertified": true,
        "gridlyClassification": "PUBLIC_ROADWAY",
        "gridlyDisplayName": "PRIVATE",
        "gridlyId": "FRA-927989L"
      }
    },
    {
      "type": "Feature",
      "id": 211049,
      "geometry": {
        "type": "Point",
        "coordinates": [
          -103.672650000096,
          30.35513720002
        ]
      },
      "properties": {
        "OBJECTID": 211049,
        "CROSSING": "019020U",
        "EFFDATE": 1767830400000,
        "REASON": "14",
        "StateCode": "48",
        "CountyCode": "48043",
        "STCYFIPS": "48043",
        "CITYCD": "480430100",
        "RAILROAD": "TXPF",
        "RRDIV": "SOUTHERN",
        "RRSUBDIV": "ALPINE",
        "HIGHWAY": "US0067",
        "STREET": "us0067 / West AVEnue E",
        "TTSTN": "697216",
        "MILEPOST": "0944.92",
        "TYPEXING": "Public",
        "POSXING": "At Grade",
        "PRVCAT": "14",
        "INIT": "2",
        "LATITUDE": 30.3551372,
        "LONGITUD": -103.67265,
        "LLSOURCE": "1",
        "WHISTBAN": "0",
        "RRCONT": "3259428164",
        "POLCONT": "8007428905",
        "INV_LINK": "https://safetydata.fra.dot.gov/OfficeofSafety/PublicSite/Crossing/Crossing.aspx?phasetype=C&rpttype=I&txtcrossingnum=019020U",
        "ACC_LINK": "https://safetydata.fra.dot.gov/OfficeofSafety/PublicSite/Crossing/Crossing.aspx?phasetype=C&rpttype=A&txtcrossingnum=019020U",
        "TTSTNNAM": "ALPINE",
        "XPURPOSE": "1",
        "OPERATINGR": "TXPF",
        "OPERATIN_1": "Primary",
        "DAYTHRU": 0,
        "NGHTTHRU": 0,
        "MAINTRK": 1,
        "SIDINGTRK": 0,
        "YARDTRK": 0,
        "TRANSITTRK": 0,
        "INDUSTRYTR": 0,
        "OTHRTRK": 0,
        "WDCODE": "Flashing lights",
        "REVISIONDA": "2001/01/01 00:00:00",
        "LASTUPDATE": "1/8/2026",
        "AADT": "13364",
        "AADTYEAR": "2019",
        "STATENAME": "TEXAS",
        "STATEAB": "TX",
        "COUNTYNAME": "BREWSTER",
        "CITYNAME": "ALPINE",
        "LATDD": 30.3551372,
        "LONGDD": -103.67265,
        "gridlyProductionCertified": true,
        "gridlyClassification": "PUBLIC_ROADWAY",
        "gridlyDisplayName": "us0067 / West AVEnue E",
        "gridlyId": "FRA-019020U"
      }
    },
    {
      "type": "Feature",
      "id": 211958,
      "geometry": {
        "type": "Point",
        "coordinates": [
          -102.912407100161,
          30.1158130002584
        ]
      },
      "properties": {
        "OBJECTID": 211958,
        "CROSSING": "920452A",
        "EFFDATE": 1758585600000,
        "REASON": "14",
        "StateCode": "48",
        "CountyCode": "48043",
        "STCYFIPS": "48043",
        "CITYCD": "480434305",
        "RAILROAD": "UP",
        "RRDIV": "SOUTH TEXAS",
        "RRSUBDIV": "SANDERSON SUB",
        "HIGHWAY": "NA",
        "STREET": "Private",
        "TTSTN": "",
        "MILEPOST": "0552.820",
        "TYPEXING": "Private",
        "POSXING": "At Grade",
        "PRVCAT": "14",
        "INIT": "1",
        "LATITUDE": 30.115813,
        "LONGITUD": -102.9124071,
        "LLSOURCE": "1",
        "WHISTBAN": "",
        "RRCONT": "4025443721",
        "POLCONT": "8008488715",
        "INV_LINK": "https://safetydata.fra.dot.gov/OfficeofSafety/PublicSite/Crossing/Crossing.aspx?phasetype=C&rpttype=I&txtcrossingnum=920452A",
        "ACC_LINK": "https://safetydata.fra.dot.gov/OfficeofSafety/PublicSite/Crossing/Crossing.aspx?phasetype=C&rpttype=A&txtcrossingnum=920452A",
        "TTSTNNAM": "",
        "XPURPOSE": "1",
        "OPERATINGR": "UP",
        "OPERATIN_1": "Primary",
        "DAYTHRU": 6,
        "NGHTTHRU": 6,
        "MAINTRK": 1,
        "SIDINGTRK": 1,
        "YARDTRK": 0,
        "TRANSITTRK": 0,
        "INDUSTRYTR": 0,
        "OTHRTRK": 0,
        "WDCODE": "",
        "REVISIONDA": "1975/01/01 00:00:00",
        "LASTUPDATE": "9/23/2025",
        "AADT": "",
        "AADTYEAR": "",
        "STATENAME": "TEXAS",
        "STATEAB": "TX",
        "COUNTYNAME": "BREWSTER",
        "CITYNAME": "MARATHON",
        "LATDD": 30.115813,
        "LONGDD": -102.9124071,
        "gridlyProductionCertified": true,
        "gridlyClassification": "PUBLIC_ROADWAY",
        "gridlyDisplayName": "Private",
        "gridlyId": "FRA-920452A"
      }
    },
    {
      "type": "Feature",
      "id": 211959,
      "geometry": {
        "type": "Point",
        "coordinates": [
          -103.072199999619,
          30.1904950997801
        ]
      },
      "properties": {
        "OBJECTID": 211959,
        "CROSSING": "920453G",
        "EFFDATE": 1758585600000,
        "REASON": "14",
        "StateCode": "48",
        "CountyCode": "48043",
        "STCYFIPS": "48043",
        "CITYCD": "480434305",
        "RAILROAD": "UP",
        "RRDIV": "SOUTH TEXAS",
        "RRSUBDIV": "SANDERSON SUB",
        "HIGHWAY": "NA",
        "STREET": "Private UPRR",
        "TTSTN": "",
        "MILEPOST": "0565.130",
        "TYPEXING": "Private",
        "POSXING": "At Grade",
        "PRVCAT": "14",
        "INIT": "1",
        "LATITUDE": 30.1904951,
        "LONGITUD": -103.0722,
        "LLSOURCE": "1",
        "WHISTBAN": "",
        "RRCONT": "4025443721",
        "POLCONT": "8008488715",
        "INV_LINK": "https://safetydata.fra.dot.gov/OfficeofSafety/PublicSite/Crossing/Crossing.aspx?phasetype=C&rpttype=I&txtcrossingnum=920453G",
        "ACC_LINK": "https://safetydata.fra.dot.gov/OfficeofSafety/PublicSite/Crossing/Crossing.aspx?phasetype=C&rpttype=A&txtcrossingnum=920453G",
        "TTSTNNAM": "",
        "XPURPOSE": "1",
        "OPERATINGR": "UP",
        "OPERATIN_1": "Primary",
        "DAYTHRU": 6,
        "NGHTTHRU": 6,
        "MAINTRK": 1,
        "SIDINGTRK": 0,
        "YARDTRK": 0,
        "TRANSITTRK": 0,
        "INDUSTRYTR": 0,
        "OTHRTRK": 0,
        "WDCODE": "",
        "REVISIONDA": "1975/01/01 00:00:00",
        "LASTUPDATE": "9/23/2025",
        "AADT": "",
        "AADTYEAR": "",
        "STATENAME": "TEXAS",
        "STATEAB": "TX",
        "COUNTYNAME": "BREWSTER",
        "CITYNAME": "MARATHON",
        "LATDD": 30.1904951,
        "LONGDD": -103.0722,
        "gridlyProductionCertified": true,
        "gridlyClassification": "PUBLIC_ROADWAY",
        "gridlyDisplayName": "Private UPRR",
        "gridlyId": "FRA-920453G"
      }
    },
    {
      "type": "Feature",
      "id": 212036,
      "geometry": {
        "type": "Point",
        "coordinates": [
          -103.50339280025,
          30.3611728997327
        ]
      },
      "properties": {
        "OBJECTID": 212036,
        "CROSSING": "920456C",
        "EFFDATE": 1758585600000,
        "REASON": "14",
        "StateCode": "48",
        "CountyCode": "48043",
        "STCYFIPS": "48043",
        "CITYCD": "480430100",
        "RAILROAD": "UP",
        "RRDIV": "SOUTH TEXAS",
        "RRSUBDIV": "SANDERSON SUB",
        "HIGHWAY": "NA",
        "STREET": "Private",
        "TTSTN": "",
        "MILEPOST": "0596.400",
        "TYPEXING": "Private",
        "POSXING": "At Grade",
        "PRVCAT": "14",
        "INIT": "1",
        "LATITUDE": 30.3611729,
        "LONGITUD": -103.5033928,
        "LLSOURCE": "1",
        "WHISTBAN": "",
        "RRCONT": "4025443721",
        "POLCONT": "8008488715",
        "INV_LINK": "https://safetydata.fra.dot.gov/OfficeofSafety/PublicSite/Crossing/Crossing.aspx?phasetype=C&rpttype=I&txtcrossingnum=920456C",
        "ACC_LINK": "https://safetydata.fra.dot.gov/OfficeofSafety/PublicSite/Crossing/Crossing.aspx?phasetype=C&rpttype=A&txtcrossingnum=920456C",
        "TTSTNNAM": "",
        "XPURPOSE": "1",
        "OPERATINGR": "UP",
        "OPERATIN_1": "Primary",
        "DAYTHRU": 6,
        "NGHTTHRU": 6,
        "MAINTRK": 1,
        "SIDINGTRK": 0,
        "YARDTRK": 0,
        "TRANSITTRK": 0,
        "INDUSTRYTR": 0,
        "OTHRTRK": 0,
        "WDCODE": "",
        "REVISIONDA": "1975/01/01 00:00:00",
        "LASTUPDATE": "9/23/2025",
        "AADT": "",
        "AADTYEAR": "",
        "STATENAME": "TEXAS",
        "STATEAB": "TX",
        "COUNTYNAME": "BREWSTER",
        "CITYNAME": "ALPINE",
        "LATDD": 30.3611729,
        "LONGDD": -103.5033928,
        "gridlyProductionCertified": true,
        "gridlyClassification": "PUBLIC_ROADWAY",
        "gridlyDisplayName": "Private",
        "gridlyId": "FRA-920456C"
      }
    },
    {
      "type": "Feature",
      "id": 212176,
      "geometry": {
        "type": "Point",
        "coordinates": [
          -103.571007000121,
          30.5063970002561
        ]
      },
      "properties": {
        "OBJECTID": 212176,
        "CROSSING": "019035J",
        "EFFDATE": 1762905600000,
        "REASON": "14",
        "StateCode": "48",
        "CountyCode": "48377",
        "STCYFIPS": "48377",
        "CITYCD": "480430100",
        "RAILROAD": "TXPF",
        "RRDIV": "SOUTHERN",
        "RRSUBDIV": "ALPINE",
        "HIGHWAY": "private",
        "STREET": "PRIVATE ROAD",
        "TTSTN": "697652",
        "MILEPOST": "0978.72",
        "TYPEXING": "Private",
        "POSXING": "At Grade",
        "PRVCAT": "14",
        "INIT": "2",
        "LATITUDE": 30.506397,
        "LONGITUD": -103.571007,
        "LLSOURCE": "1",
        "WHISTBAN": "0",
        "RRCONT": "3259428164",
        "POLCONT": "8007428905",
        "INV_LINK": "https://safetydata.fra.dot.gov/OfficeofSafety/PublicSite/Crossing/Crossing.aspx?phasetype=C&rpttype=I&txtcrossingnum=019035J",
        "ACC_LINK": "https://safetydata.fra.dot.gov/OfficeofSafety/PublicSite/Crossing/Crossing.aspx?phasetype=C&rpttype=A&txtcrossingnum=019035J",
        "TTSTNNAM": "TINAJA",
        "XPURPOSE": "1",
        "OPERATINGR": "TXPF",
        "OPERATIN_1": "Primary",
        "DAYTHRU": 0,
        "NGHTTHRU": 0,
        "MAINTRK": 1,
        "SIDINGTRK": 0,
        "YARDTRK": 0,
        "TRANSITTRK": 0,
        "INDUSTRYTR": 0,
        "OTHRTRK": 0,
        "WDCODE": "",
        "REVISIONDA": "2001/01/01 00:00:00",
        "LASTUPDATE": "11/12/2025",
        "AADT": "",
        "AADTYEAR": "1970",
        "STATENAME": "TEXAS",
        "STATEAB": "TX",
        "COUNTYNAME": "PRESIDIO",
        "CITYNAME": "ALPINE",
        "LATDD": 30.506397,
        "LONGDD": -103.571007,
        "gridlyProductionCertified": true,
        "gridlyClassification": "PUBLIC_ROADWAY",
        "gridlyDisplayName": "PRIVATE ROAD",
        "gridlyId": "FRA-019035J"
      }
    },
    {
      "type": "Feature",
      "id": 212250,
      "geometry": {
        "type": "Point",
        "coordinates": [
          -103.672208399981,
          30.3632691000346
        ]
      },
      "properties": {
        "OBJECTID": 212250,
        "CROSSING": "019018T",
        "EFFDATE": 1759881600000,
        "REASON": "19",
        "StateCode": "48",
        "CountyCode": "48043",
        "STCYFIPS": "48043",
        "CITYCD": "480430100",
        "RAILROAD": "TXPF",
        "RRDIV": "SOUTHERN",
        "RRSUBDIV": "ALPINE",
        "HIGHWAY": "ls0000",
        "STREET": "DEL RIO AVEnue",
        "TTSTN": "697216",
        "MILEPOST": "0944.34",
        "TYPEXING": "Public",
        "POSXING": "At Grade",
        "PRVCAT": "19",
        "INIT": "1",
        "LATITUDE": 30.3632691,
        "LONGITUD": -103.6722084,
        "LLSOURCE": "1",
        "WHISTBAN": "0",
        "RRCONT": "3259428164",
        "POLCONT": "8007428905",
        "INV_LINK": "https://safetydata.fra.dot.gov/OfficeofSafety/PublicSite/Crossing/Crossing.aspx?phasetype=C&rpttype=I&txtcrossingnum=019018T",
        "ACC_LINK": "https://safetydata.fra.dot.gov/OfficeofSafety/PublicSite/Crossing/Crossing.aspx?phasetype=C&rpttype=A&txtcrossingnum=019018T",
        "TTSTNNAM": "ALPINE",
        "XPURPOSE": "1",
        "OPERATINGR": "TXPF",
        "OPERATIN_1": "Primary",
        "DAYTHRU": 0,
        "NGHTTHRU": 0,
        "MAINTRK": 1,
        "SIDINGTRK": 0,
        "YARDTRK": 1,
        "TRANSITTRK": 0,
        "INDUSTRYTR": 0,
        "OTHRTRK": 1,
        "WDCODE": "Crossbucks",
        "REVISIONDA": "2001/01/01 00:00:00",
        "LASTUPDATE": "10/8/2025",
        "AADT": "579",
        "AADTYEAR": "2022",
        "STATENAME": "TEXAS",
        "STATEAB": "TX",
        "COUNTYNAME": "BREWSTER",
        "CITYNAME": "ALPINE",
        "LATDD": 30.3632691,
        "LONGDD": -103.6722084,
        "gridlyProductionCertified": true,
        "gridlyClassification": "PUBLIC_ROADWAY",
        "gridlyDisplayName": "DEL RIO AVEnue",
        "gridlyId": "FRA-019018T"
      }
    },
    {
      "type": "Feature",
      "id": 212258,
      "geometry": {
        "type": "Point",
        "coordinates": [
          -103.367482200119,
          30.6109256997289
        ]
      },
      "properties": {
        "OBJECTID": 212258,
        "CROSSING": "019006Y",
        "EFFDATE": 1759708800000,
        "REASON": "14",
        "StateCode": "48",
        "CountyCode": "48043",
        "STCYFIPS": "48043",
        "CITYCD": "480430100",
        "RAILROAD": "TXPF",
        "RRDIV": "SOUTHERN",
        "RRSUBDIV": "ALPINE",
        "HIGHWAY": "cr0034",
        "STREET": "HOVEY RoaD",
        "TTSTN": "695167",
        "MILEPOST": "0917.34",
        "TYPEXING": "Public",
        "POSXING": "At Grade",
        "PRVCAT": "14",
        "INIT": "2",
        "LATITUDE": 30.6109257,
        "LONGITUD": -103.3674822,
        "LLSOURCE": "1",
        "WHISTBAN": "0",
        "RRCONT": "3259428164",
        "POLCONT": "8007428905",
        "INV_LINK": "https://safetydata.fra.dot.gov/OfficeofSafety/PublicSite/Crossing/Crossing.aspx?phasetype=C&rpttype=I&txtcrossingnum=019006Y",
        "ACC_LINK": "https://safetydata.fra.dot.gov/OfficeofSafety/PublicSite/Crossing/Crossing.aspx?phasetype=C&rpttype=A&txtcrossingnum=019006Y",
        "TTSTNNAM": "HOVEY",
        "XPURPOSE": "1",
        "OPERATINGR": "TXPF",
        "OPERATIN_1": "Primary",
        "DAYTHRU": 1,
        "NGHTTHRU": 1,
        "MAINTRK": 1,
        "SIDINGTRK": 0,
        "YARDTRK": 1,
        "TRANSITTRK": 0,
        "INDUSTRYTR": 0,
        "OTHRTRK": 1,
        "WDCODE": "Crossbucks",
        "REVISIONDA": "2001/01/01 00:00:00",
        "LASTUPDATE": "10/6/2025",
        "AADT": "150",
        "AADTYEAR": "2019",
        "STATENAME": "TEXAS",
        "STATEAB": "TX",
        "COUNTYNAME": "BREWSTER",
        "CITYNAME": "ALPINE",
        "LATDD": 30.6109257,
        "LONGDD": -103.3674822,
        "gridlyProductionCertified": true,
        "gridlyClassification": "PUBLIC_ROADWAY",
        "gridlyDisplayName": "HOVEY RoaD",
        "gridlyId": "FRA-019006Y"
      }
    },
    {
      "type": "Feature",
      "id": 212259,
      "geometry": {
        "type": "Point",
        "coordinates": [
          -103.67369639996,
          30.3863262998494
        ]
      },
      "properties": {
        "OBJECTID": 212259,
        "CROSSING": "019015X",
        "EFFDATE": 1759708800000,
        "REASON": "14",
        "StateCode": "48",
        "CountyCode": "48043",
        "STCYFIPS": "48043",
        "CITYCD": "480430100",
        "RAILROAD": "TXPF",
        "RRDIV": "SOUTHERN",
        "RRSUBDIV": "ALPINE",
        "HIGHWAY": "sh0118",
        "STREET": "SH0118 / texas mountain trail",
        "TTSTN": "697216",
        "MILEPOST": "0942.75",
        "TYPEXING": "Public",
        "POSXING": "At Grade",
        "PRVCAT": "14",
        "INIT": "2",
        "LATITUDE": 30.3863263,
        "LONGITUD": -103.6736964,
        "LLSOURCE": "1",
        "WHISTBAN": "0",
        "RRCONT": "3259428164",
        "POLCONT": "8007428905",
        "INV_LINK": "https://safetydata.fra.dot.gov/OfficeofSafety/PublicSite/Crossing/Crossing.aspx?phasetype=C&rpttype=I&txtcrossingnum=019015X",
        "ACC_LINK": "https://safetydata.fra.dot.gov/OfficeofSafety/PublicSite/Crossing/Crossing.aspx?phasetype=C&rpttype=A&txtcrossingnum=019015X",
        "TTSTNNAM": "ALPINE",
        "XPURPOSE": "1",
        "OPERATINGR": "TXPF",
        "OPERATIN_1": "Primary",
        "DAYTHRU": 0,
        "NGHTTHRU": 0,
        "MAINTRK": 1,
        "SIDINGTRK": 0,
        "YARDTRK": 0,
        "TRANSITTRK": 0,
        "INDUSTRYTR": 0,
        "OTHRTRK": 0,
        "WDCODE": "Crossbucks",
        "REVISIONDA": "2001/01/01 00:00:00",
        "LASTUPDATE": "10/6/2025",
        "AADT": "1721",
        "AADTYEAR": "2023",
        "STATENAME": "TEXAS",
        "STATEAB": "TX",
        "COUNTYNAME": "BREWSTER",
        "CITYNAME": "ALPINE",
        "LATDD": 30.3863263,
        "LONGDD": -103.6736964,
        "gridlyProductionCertified": true,
        "gridlyClassification": "PUBLIC_ROADWAY",
        "gridlyDisplayName": "SH0118 / texas mountain trail",
        "gridlyId": "FRA-019015X"
      }
    },
    {
      "type": "Feature",
      "id": 212260,
      "geometry": {
        "type": "Point",
        "coordinates": [
          -103.672234099883,
          30.3563405997092
        ]
      },
      "properties": {
        "OBJECTID": 212260,
        "CROSSING": "019019A",
        "EFFDATE": 1763337600000,
        "REASON": "14",
        "StateCode": "48",
        "CountyCode": "48043",
        "STCYFIPS": "48043",
        "CITYCD": "480430100",
        "RAILROAD": "TXPF",
        "RRDIV": "SOUTHERN",
        "RRSUBDIV": "ALPINE",
        "HIGHWAY": "ls0000",
        "STREET": "west sul ross avenue",
        "TTSTN": "697216",
        "MILEPOST": "0944.82",
        "TYPEXING": "Public",
        "POSXING": "RR Over",
        "PRVCAT": "14",
        "INIT": "2",
        "LATITUDE": 30.3563406,
        "LONGITUD": -103.6722341,
        "LLSOURCE": "1",
        "WHISTBAN": "0",
        "RRCONT": "3259428164",
        "POLCONT": "8007428905",
        "INV_LINK": "https://safetydata.fra.dot.gov/OfficeofSafety/PublicSite/Crossing/Crossing.aspx?phasetype=C&rpttype=I&txtcrossingnum=019019A",
        "ACC_LINK": "https://safetydata.fra.dot.gov/OfficeofSafety/PublicSite/Crossing/Crossing.aspx?phasetype=C&rpttype=A&txtcrossingnum=019019A",
        "TTSTNNAM": "ALPINE",
        "XPURPOSE": "1",
        "OPERATINGR": "TXPF",
        "OPERATIN_1": "Primary",
        "DAYTHRU": 0,
        "NGHTTHRU": 0,
        "MAINTRK": 1,
        "SIDINGTRK": 0,
        "YARDTRK": 0,
        "TRANSITTRK": 0,
        "INDUSTRYTR": 0,
        "OTHRTRK": 0,
        "WDCODE": "",
        "REVISIONDA": "2001/01/01 00:00:00",
        "LASTUPDATE": "11/17/2025",
        "AADT": "579",
        "AADTYEAR": "2022",
        "STATENAME": "TEXAS",
        "STATEAB": "TX",
        "COUNTYNAME": "BREWSTER",
        "CITYNAME": "ALPINE",
        "LATDD": 30.3563406,
        "LONGDD": -103.6722341,
        "gridlyProductionCertified": true,
        "gridlyClassification": "PUBLIC_ROADWAY",
        "gridlyDisplayName": "west sul ross avenue",
        "gridlyId": "FRA-019019A"
      }
    },
    {
      "type": "Feature",
      "id": 212286,
      "geometry": {
        "type": "Point",
        "coordinates": [
          -103.622618999592,
          30.3663313996418
        ]
      },
      "properties": {
        "OBJECTID": 212286,
        "CROSSING": "742916L",
        "EFFDATE": 1763337600000,
        "REASON": "14",
        "StateCode": "48",
        "CountyCode": "48043",
        "STCYFIPS": "48043",
        "CITYCD": "480430100",
        "RAILROAD": "UP",
        "RRDIV": "SOUTH TEXAS",
        "RRSUBDIV": "SANDERSON SUB",
        "HIGHWAY": "cr0000",
        "STREET": "old marathon road",
        "TTSTN": "697216",
        "MILEPOST": "0604.760",
        "TYPEXING": "Public",
        "POSXING": "RR Over",
        "PRVCAT": "14",
        "INIT": "2",
        "LATITUDE": 30.3663314,
        "LONGITUD": -103.622619,
        "LLSOURCE": "1",
        "WHISTBAN": "0",
        "RRCONT": "4025443721",
        "POLCONT": "8008488715",
        "INV_LINK": "https://safetydata.fra.dot.gov/OfficeofSafety/PublicSite/Crossing/Crossing.aspx?phasetype=C&rpttype=I&txtcrossingnum=742916L",
        "ACC_LINK": "https://safetydata.fra.dot.gov/OfficeofSafety/PublicSite/Crossing/Crossing.aspx?phasetype=C&rpttype=A&txtcrossingnum=742916L",
        "TTSTNNAM": "",
        "XPURPOSE": "1",
        "OPERATINGR": "UP",
        "OPERATIN_1": "Primary",
        "DAYTHRU": 0,
        "NGHTTHRU": 0,
        "MAINTRK": 1,
        "SIDINGTRK": 0,
        "YARDTRK": 0,
        "TRANSITTRK": 0,
        "INDUSTRYTR": 0,
        "OTHRTRK": 0,
        "WDCODE": "",
        "REVISIONDA": "1975/01/01 00:00:00",
        "LASTUPDATE": "11/17/2025",
        "AADT": "49",
        "AADTYEAR": "2022",
        "STATENAME": "TEXAS",
        "STATEAB": "TX",
        "COUNTYNAME": "BREWSTER",
        "CITYNAME": "ALPINE",
        "LATDD": 30.3663314,
        "LONGDD": -103.622619,
        "gridlyProductionCertified": true,
        "gridlyClassification": "PUBLIC_ROADWAY",
        "gridlyDisplayName": "old marathon road",
        "gridlyId": "FRA-742916L"
      }
    },
    {
      "type": "Feature",
      "id": 212287,
      "geometry": {
        "type": "Point",
        "coordinates": [
          -103.689484099737,
          30.3523166001349
        ]
      },
      "properties": {
        "OBJECTID": 212287,
        "CROSSING": "763845A",
        "EFFDATE": 1763337600000,
        "REASON": "14",
        "StateCode": "48",
        "CountyCode": "48043",
        "STCYFIPS": "48043",
        "CITYCD": "480430100",
        "RAILROAD": "UP",
        "RRDIV": "SOUTH TEXAS",
        "RRSUBDIV": "SANDERSON SUB",
        "HIGHWAY": "US0067",
        "STREET": "US0067 / us0090",
        "TTSTN": "697216",
        "MILEPOST": "0608.950",
        "TYPEXING": "Public",
        "POSXING": "RR Over",
        "PRVCAT": "14",
        "INIT": "2",
        "LATITUDE": 30.3523166,
        "LONGITUD": -103.6894841,
        "LLSOURCE": "1",
        "WHISTBAN": "0",
        "RRCONT": "4025443721",
        "POLCONT": "8008488715",
        "INV_LINK": "https://safetydata.fra.dot.gov/OfficeofSafety/PublicSite/Crossing/Crossing.aspx?phasetype=C&rpttype=I&txtcrossingnum=763845A",
        "ACC_LINK": "https://safetydata.fra.dot.gov/OfficeofSafety/PublicSite/Crossing/Crossing.aspx?phasetype=C&rpttype=A&txtcrossingnum=763845A",
        "TTSTNNAM": "",
        "XPURPOSE": "1",
        "OPERATINGR": "UP",
        "OPERATIN_1": "Primary",
        "DAYTHRU": 0,
        "NGHTTHRU": 0,
        "MAINTRK": 1,
        "SIDINGTRK": 0,
        "YARDTRK": 0,
        "TRANSITTRK": 0,
        "INDUSTRYTR": 0,
        "OTHRTRK": 0,
        "WDCODE": "",
        "REVISIONDA": "1975/01/01 00:00:00",
        "LASTUPDATE": "11/17/2025",
        "AADT": "6500",
        "AADTYEAR": "2024",
        "STATENAME": "TEXAS",
        "STATEAB": "TX",
        "COUNTYNAME": "BREWSTER",
        "CITYNAME": "ALPINE",
        "LATDD": 30.3523166,
        "LONGDD": -103.6894841,
        "gridlyProductionCertified": true,
        "gridlyClassification": "PUBLIC_ROADWAY",
        "gridlyDisplayName": "US0067 / us0090",
        "gridlyId": "FRA-763845A"
      }
    },
    {
      "type": "Feature",
      "id": 212497,
      "geometry": {
        "type": "Point",
        "coordinates": [
          -103.673561199917,
          30.3544975000628
        ]
      },
      "properties": {
        "OBJECTID": 212497,
        "CROSSING": "019021B",
        "EFFDATE": 1763337600000,
        "REASON": "14",
        "StateCode": "48",
        "CountyCode": "48043",
        "STCYFIPS": "48043",
        "CITYCD": "480430100",
        "RAILROAD": "TXPF",
        "RRDIV": "SOUTHERN",
        "RRSUBDIV": "ALPINE",
        "HIGHWAY": "US0067",
        "STREET": "US0067 / WEST HOLLAND AVENUE",
        "TTSTN": "697216",
        "MILEPOST": "0944.92",
        "TYPEXING": "Public",
        "POSXING": "RR Over",
        "PRVCAT": "14",
        "INIT": "2",
        "LATITUDE": 30.3544975,
        "LONGITUD": -103.6735612,
        "LLSOURCE": "1",
        "WHISTBAN": "0",
        "RRCONT": "3259428164",
        "POLCONT": "8007428905",
        "INV_LINK": "https://safetydata.fra.dot.gov/OfficeofSafety/PublicSite/Crossing/Crossing.aspx?phasetype=C&rpttype=I&txtcrossingnum=019021B",
        "ACC_LINK": "https://safetydata.fra.dot.gov/OfficeofSafety/PublicSite/Crossing/Crossing.aspx?phasetype=C&rpttype=A&txtcrossingnum=019021B",
        "TTSTNNAM": "ALPINE",
        "XPURPOSE": "1",
        "OPERATINGR": "TXPF",
        "OPERATIN_1": "Primary",
        "DAYTHRU": 0,
        "NGHTTHRU": 0,
        "MAINTRK": 0,
        "SIDINGTRK": 0,
        "YARDTRK": 0,
        "TRANSITTRK": 0,
        "INDUSTRYTR": 0,
        "OTHRTRK": 0,
        "WDCODE": "",
        "REVISIONDA": "2001/01/01 00:00:00",
        "LASTUPDATE": "11/17/2025",
        "AADT": "12725",
        "AADTYEAR": "2024",
        "STATENAME": "TEXAS",
        "STATEAB": "TX",
        "COUNTYNAME": "BREWSTER",
        "CITYNAME": "ALPINE",
        "LATDD": 30.3544975,
        "LONGDD": -103.6735612,
        "gridlyProductionCertified": true,
        "gridlyClassification": "PUBLIC_ROADWAY",
        "gridlyDisplayName": "US0067 / WEST HOLLAND AVENUE",
        "gridlyId": "FRA-019021B"
      }
    },
    {
      "type": "Feature",
      "id": 212549,
      "geometry": {
        "type": "Point",
        "coordinates": [
          -103.245549899645,
          30.2058619000455
        ]
      },
      "properties": {
        "OBJECTID": 212549,
        "CROSSING": "742873V",
        "EFFDATE": 1759708800000,
        "REASON": "14",
        "StateCode": "48",
        "CountyCode": "48043",
        "STCYFIPS": "48043",
        "CITYCD": "480434305",
        "RAILROAD": "UP",
        "RRDIV": "SOUTH TEXAS",
        "RRSUBDIV": "SANDERSON SUB",
        "HIGHWAY": "Cr0060",
        "STREET": "post road",
        "TTSTN": "697228",
        "MILEPOST": "0576.020",
        "TYPEXING": "Public",
        "POSXING": "At Grade",
        "PRVCAT": "14",
        "INIT": "2",
        "LATITUDE": 30.2058619,
        "LONGITUD": -103.2455499,
        "LLSOURCE": "1",
        "WHISTBAN": "1",
        "RRCONT": "4025443721",
        "POLCONT": "8008488715",
        "INV_LINK": "https://safetydata.fra.dot.gov/OfficeofSafety/PublicSite/Crossing/Crossing.aspx?phasetype=C&rpttype=I&txtcrossingnum=742873V",
        "ACC_LINK": "https://safetydata.fra.dot.gov/OfficeofSafety/PublicSite/Crossing/Crossing.aspx?phasetype=C&rpttype=A&txtcrossingnum=742873V",
        "TTSTNNAM": "",
        "XPURPOSE": "1",
        "OPERATINGR": "UP",
        "OPERATIN_1": "Primary",
        "DAYTHRU": 5,
        "NGHTTHRU": 5,
        "MAINTRK": 1,
        "SIDINGTRK": 0,
        "YARDTRK": 0,
        "TRANSITTRK": 0,
        "INDUSTRYTR": 0,
        "OTHRTRK": 1,
        "WDCODE": "All other Gates",
        "REVISIONDA": "1975/01/01 00:00:00",
        "LASTUPDATE": "10/6/2025",
        "AADT": "749",
        "AADTYEAR": "2022",
        "STATENAME": "TEXAS",
        "STATEAB": "TX",
        "COUNTYNAME": "BREWSTER",
        "CITYNAME": "MARATHON",
        "LATDD": 30.2058619,
        "LONGDD": -103.2455499,
        "gridlyProductionCertified": true,
        "gridlyClassification": "PUBLIC_ROADWAY",
        "gridlyDisplayName": "post road",
        "gridlyId": "FRA-742873V"
      }
    },
    {
      "type": "Feature",
      "id": 212550,
      "geometry": {
        "type": "Point",
        "coordinates": [
          -103.019421400308,
          30.1437553002787
        ]
      },
      "properties": {
        "OBJECTID": 212550,
        "CROSSING": "763835U",
        "EFFDATE": 1759104000000,
        "REASON": "14",
        "StateCode": "48",
        "CountyCode": "48043",
        "STCYFIPS": "48043",
        "CITYCD": "480434305",
        "RAILROAD": "UP",
        "RRDIV": "SOUTH TEXAS",
        "RRSUBDIV": "SANDERSON SUB",
        "HIGHWAY": "NA",
        "STREET": "Private",
        "TTSTN": "697234",
        "MILEPOST": "0560.360",
        "TYPEXING": "Private",
        "POSXING": "At Grade",
        "PRVCAT": "14",
        "INIT": "1",
        "LATITUDE": 30.1437553,
        "LONGITUD": -103.0194214,
        "LLSOURCE": "1",
        "WHISTBAN": "0",
        "RRCONT": "4025443721",
        "POLCONT": "8008488715",
        "INV_LINK": "https://safetydata.fra.dot.gov/OfficeofSafety/PublicSite/Crossing/Crossing.aspx?phasetype=C&rpttype=I&txtcrossingnum=763835U",
        "ACC_LINK": "https://safetydata.fra.dot.gov/OfficeofSafety/PublicSite/Crossing/Crossing.aspx?phasetype=C&rpttype=A&txtcrossingnum=763835U",
        "TTSTNNAM": "",
        "XPURPOSE": "1",
        "OPERATINGR": "UP",
        "OPERATIN_1": "Primary",
        "DAYTHRU": 5,
        "NGHTTHRU": 5,
        "MAINTRK": 1,
        "SIDINGTRK": 1,
        "YARDTRK": 0,
        "TRANSITTRK": 0,
        "INDUSTRYTR": 0,
        "OTHRTRK": 0,
        "WDCODE": "",
        "REVISIONDA": "1975/01/01 00:00:00",
        "LASTUPDATE": "9/29/2025",
        "AADT": "1",
        "AADTYEAR": "1970",
        "STATENAME": "TEXAS",
        "STATEAB": "TX",
        "COUNTYNAME": "BREWSTER",
        "CITYNAME": "MARATHON",
        "LATDD": 30.1437553,
        "LONGDD": -103.0194214,
        "gridlyProductionCertified": true,
        "gridlyClassification": "PUBLIC_ROADWAY",
        "gridlyDisplayName": "Private",
        "gridlyId": "FRA-763835U"
      }
    },
    {
      "type": "Feature",
      "id": 212551,
      "geometry": {
        "type": "Point",
        "coordinates": [
          -103.237500499728,
          30.2051185002915
        ]
      },
      "properties": {
        "OBJECTID": 212551,
        "CROSSING": "742874C",
        "EFFDATE": 1759708800000,
        "REASON": "14",
        "StateCode": "48",
        "CountyCode": "48043",
        "STCYFIPS": "48043",
        "CITYCD": "480434305",
        "RAILROAD": "UP",
        "RRDIV": "SOUTH TEXAS",
        "RRSUBDIV": "SANDERSON SUB",
        "HIGHWAY": "US0385",
        "STREET": "US0385",
        "TTSTN": "697228",
        "MILEPOST": "0575.500",
        "TYPEXING": "Public",
        "POSXING": "At Grade",
        "PRVCAT": "14",
        "INIT": "2",
        "LATITUDE": 30.2051185,
        "LONGITUD": -103.2375005,
        "LLSOURCE": "1",
        "WHISTBAN": "0",
        "RRCONT": "4025443721",
        "POLCONT": "8008488715",
        "INV_LINK": "https://safetydata.fra.dot.gov/OfficeofSafety/PublicSite/Crossing/Crossing.aspx?phasetype=C&rpttype=I&txtcrossingnum=742874C",
        "ACC_LINK": "https://safetydata.fra.dot.gov/OfficeofSafety/PublicSite/Crossing/Crossing.aspx?phasetype=C&rpttype=A&txtcrossingnum=742874C",
        "TTSTNNAM": "",
        "XPURPOSE": "1",
        "OPERATINGR": "UP",
        "OPERATIN_1": "Primary",
        "DAYTHRU": 5,
        "NGHTTHRU": 5,
        "MAINTRK": 1,
        "SIDINGTRK": 0,
        "YARDTRK": 0,
        "TRANSITTRK": 0,
        "INDUSTRYTR": 0,
        "OTHRTRK": 0,
        "WDCODE": "All other Gates",
        "REVISIONDA": "1975/01/01 00:00:00",
        "LASTUPDATE": "10/6/2025",
        "AADT": "455",
        "AADTYEAR": "2024",
        "STATENAME": "TEXAS",
        "STATEAB": "TX",
        "COUNTYNAME": "BREWSTER",
        "CITYNAME": "MARATHON",
        "LATDD": 30.2051185,
        "LONGDD": -103.2375005,
        "gridlyProductionCertified": true,
        "gridlyClassification": "PUBLIC_ROADWAY",
        "gridlyDisplayName": "US0385",
        "gridlyId": "FRA-742874C"
      }
    },
    {
      "type": "Feature",
      "id": 212552,
      "geometry": {
        "type": "Point",
        "coordinates": [
          -103.650163200326,
          30.3594791999833
        ]
      },
      "properties": {
        "OBJECTID": 212552,
        "CROSSING": "742866K",
        "EFFDATE": 1759708800000,
        "REASON": "14",
        "StateCode": "48",
        "CountyCode": "48043",
        "STCYFIPS": "48043",
        "CITYCD": "480430100",
        "RAILROAD": "UP",
        "RRDIV": "SOUTH TEXAS",
        "RRSUBDIV": "SANDERSON SUB",
        "HIGHWAY": "ls0000",
        "STREET": "south lacky street",
        "TTSTN": "697216",
        "MILEPOST": "0606.513",
        "TYPEXING": "Public",
        "POSXING": "At Grade",
        "PRVCAT": "14",
        "INIT": "2",
        "LATITUDE": 30.3594792,
        "LONGITUD": -103.6501632,
        "LLSOURCE": "1",
        "WHISTBAN": "0",
        "RRCONT": "4025443721",
        "POLCONT": "8008488715",
        "INV_LINK": "https://safetydata.fra.dot.gov/OfficeofSafety/PublicSite/Crossing/Crossing.aspx?phasetype=C&rpttype=I&txtcrossingnum=742866K",
        "ACC_LINK": "https://safetydata.fra.dot.gov/OfficeofSafety/PublicSite/Crossing/Crossing.aspx?phasetype=C&rpttype=A&txtcrossingnum=742866K",
        "TTSTNNAM": "",
        "XPURPOSE": "1",
        "OPERATINGR": "UP",
        "OPERATIN_1": "Primary",
        "DAYTHRU": 6,
        "NGHTTHRU": 6,
        "MAINTRK": 1,
        "SIDINGTRK": 0,
        "YARDTRK": 0,
        "TRANSITTRK": 0,
        "INDUSTRYTR": 0,
        "OTHRTRK": 0,
        "WDCODE": "All other Gates",
        "REVISIONDA": "1975/01/01 00:00:00",
        "LASTUPDATE": "10/6/2025",
        "AADT": "1946",
        "AADTYEAR": "2022",
        "STATENAME": "TEXAS",
        "STATEAB": "TX",
        "COUNTYNAME": "BREWSTER",
        "CITYNAME": "ALPINE",
        "LATDD": 30.3594792,
        "LONGDD": -103.6501632,
        "gridlyProductionCertified": true,
        "gridlyClassification": "PUBLIC_ROADWAY",
        "gridlyDisplayName": "south lacky street",
        "gridlyId": "FRA-742866K"
      }
    },
    {
      "type": "Feature",
      "id": 212575,
      "geometry": {
        "type": "Point",
        "coordinates": [
          -103.756373299885,
          30.335554399953
        ]
      },
      "properties": {
        "OBJECTID": 212575,
        "CROSSING": "763848V",
        "EFFDATE": 1759104000000,
        "REASON": "14",
        "StateCode": "48",
        "CountyCode": "48043",
        "STCYFIPS": "48043",
        "CITYCD": "480430100",
        "RAILROAD": "UP",
        "RRDIV": "TEXOMA",
        "RRSUBDIV": "VALENTINE SUB",
        "HIGHWAY": "PRIVATE",
        "STREET": "PRIVATE",
        "TTSTN": "697216",
        "MILEPOST": "0613.300",
        "TYPEXING": "Private",
        "POSXING": "At Grade",
        "PRVCAT": "14",
        "INIT": "1",
        "LATITUDE": 30.3355544,
        "LONGITUD": -103.7563733,
        "LLSOURCE": "1",
        "WHISTBAN": "0",
        "RRCONT": "4025443721",
        "POLCONT": "8008488715",
        "INV_LINK": "https://safetydata.fra.dot.gov/OfficeofSafety/PublicSite/Crossing/Crossing.aspx?phasetype=C&rpttype=I&txtcrossingnum=763848V",
        "ACC_LINK": "https://safetydata.fra.dot.gov/OfficeofSafety/PublicSite/Crossing/Crossing.aspx?phasetype=C&rpttype=A&txtcrossingnum=763848V",
        "TTSTNNAM": "",
        "XPURPOSE": "1",
        "OPERATINGR": "UP",
        "OPERATIN_1": "Primary",
        "DAYTHRU": 5,
        "NGHTTHRU": 5,
        "MAINTRK": 1,
        "SIDINGTRK": 0,
        "YARDTRK": 0,
        "TRANSITTRK": 0,
        "INDUSTRYTR": 0,
        "OTHRTRK": 0,
        "WDCODE": "",
        "REVISIONDA": "1975/01/01 00:00:00",
        "LASTUPDATE": "9/29/2025",
        "AADT": "1",
        "AADTYEAR": "1970",
        "STATENAME": "TEXAS",
        "STATEAB": "TX",
        "COUNTYNAME": "BREWSTER",
        "CITYNAME": "ALPINE",
        "LATDD": 30.3355544,
        "LONGDD": -103.7563733,
        "gridlyProductionCertified": true,
        "gridlyClassification": "PUBLIC_ROADWAY",
        "gridlyDisplayName": "PRIVATE",
        "gridlyId": "FRA-763848V"
      }
    },
    {
      "type": "Feature",
      "id": 212576,
      "geometry": {
        "type": "Point",
        "coordinates": [
          -103.521543399804,
          30.3677055001064
        ]
      },
      "properties": {
        "OBJECTID": 212576,
        "CROSSING": "764198V",
        "EFFDATE": 1759104000000,
        "REASON": "14",
        "StateCode": "48",
        "CountyCode": "48043",
        "STCYFIPS": "48043",
        "CITYCD": "480430100",
        "RAILROAD": "UP",
        "RRDIV": "SOUTH TEXAS",
        "RRSUBDIV": "SANDERSON SUB",
        "HIGHWAY": "PRIVATE",
        "STREET": "Private",
        "TTSTN": "697222",
        "MILEPOST": "0597.560",
        "TYPEXING": "Private",
        "POSXING": "At Grade",
        "PRVCAT": "14",
        "INIT": "1",
        "LATITUDE": 30.3677055,
        "LONGITUD": -103.5215434,
        "LLSOURCE": "1",
        "WHISTBAN": "0",
        "RRCONT": "4025443721",
        "POLCONT": "8008488715",
        "INV_LINK": "https://safetydata.fra.dot.gov/OfficeofSafety/PublicSite/Crossing/Crossing.aspx?phasetype=C&rpttype=I&txtcrossingnum=764198V",
        "ACC_LINK": "https://safetydata.fra.dot.gov/OfficeofSafety/PublicSite/Crossing/Crossing.aspx?phasetype=C&rpttype=A&txtcrossingnum=764198V",
        "TTSTNNAM": "",
        "XPURPOSE": "1",
        "OPERATINGR": "UP",
        "OPERATIN_1": "Primary",
        "DAYTHRU": 5,
        "NGHTTHRU": 5,
        "MAINTRK": 1,
        "SIDINGTRK": 0,
        "YARDTRK": 0,
        "TRANSITTRK": 0,
        "INDUSTRYTR": 0,
        "OTHRTRK": 0,
        "WDCODE": "",
        "REVISIONDA": "1975/01/01 00:00:00",
        "LASTUPDATE": "9/29/2025",
        "AADT": "1",
        "AADTYEAR": "1970",
        "STATENAME": "TEXAS",
        "STATEAB": "TX",
        "COUNTYNAME": "BREWSTER",
        "CITYNAME": "ALPINE",
        "LATDD": 30.3677055,
        "LONGDD": -103.5215434,
        "gridlyProductionCertified": true,
        "gridlyClassification": "PUBLIC_ROADWAY",
        "gridlyDisplayName": "Private",
        "gridlyId": "FRA-764198V"
      }
    },
    {
      "type": "Feature",
      "id": 212577,
      "geometry": {
        "type": "Point",
        "coordinates": [
          -103.667146500254,
          30.3553578000772
        ]
      },
      "properties": {
        "OBJECTID": 212577,
        "CROSSING": "742867S",
        "EFFDATE": 1759708800000,
        "REASON": "14",
        "StateCode": "48",
        "CountyCode": "48043",
        "STCYFIPS": "48043",
        "CITYCD": "480430100",
        "RAILROAD": "UP",
        "RRDIV": "SOUTH TEXAS",
        "RRSUBDIV": "SANDERSON SUB",
        "HIGHWAY": "lS0000",
        "STREET": "SOUTH elevenTH STREET",
        "TTSTN": "697216",
        "MILEPOST": "0607.600",
        "TYPEXING": "Public",
        "POSXING": "At Grade",
        "PRVCAT": "14",
        "INIT": "2",
        "LATITUDE": 30.3553578,
        "LONGITUD": -103.6671465,
        "LLSOURCE": "1",
        "WHISTBAN": "0",
        "RRCONT": "4025443721",
        "POLCONT": "8008488715",
        "INV_LINK": "https://safetydata.fra.dot.gov/OfficeofSafety/PublicSite/Crossing/Crossing.aspx?phasetype=C&rpttype=I&txtcrossingnum=742867S",
        "ACC_LINK": "https://safetydata.fra.dot.gov/OfficeofSafety/PublicSite/Crossing/Crossing.aspx?phasetype=C&rpttype=A&txtcrossingnum=742867S",
        "TTSTNNAM": "",
        "XPURPOSE": "1",
        "OPERATINGR": "UP",
        "OPERATIN_1": "Primary",
        "DAYTHRU": 6,
        "NGHTTHRU": 6,
        "MAINTRK": 1,
        "SIDINGTRK": 0,
        "YARDTRK": 0,
        "TRANSITTRK": 0,
        "INDUSTRYTR": 0,
        "OTHRTRK": 0,
        "WDCODE": "All other Gates",
        "REVISIONDA": "1975/01/01 00:00:00",
        "LASTUPDATE": "10/6/2025",
        "AADT": "2058",
        "AADTYEAR": "2022",
        "STATENAME": "TEXAS",
        "STATEAB": "TX",
        "COUNTYNAME": "BREWSTER",
        "CITYNAME": "ALPINE",
        "LATDD": 30.3553578,
        "LONGDD": -103.6671465,
        "gridlyProductionCertified": true,
        "gridlyClassification": "PUBLIC_ROADWAY",
        "gridlyDisplayName": "SOUTH elevenTH STREET",
        "gridlyId": "FRA-742867S"
      }
    },
    {
      "type": "Feature",
      "id": 212684,
      "geometry": {
        "type": "Point",
        "coordinates": [
          -103.663132600291,
          30.3565467001287
        ]
      },
      "properties": {
        "OBJECTID": 212684,
        "CROSSING": "742868Y",
        "EFFDATE": 1759708800000,
        "REASON": "14",
        "StateCode": "48",
        "CountyCode": "48043",
        "STCYFIPS": "48043",
        "CITYCD": "480430100",
        "RAILROAD": "UP",
        "RRDIV": "SOUTH TEXAS",
        "RRSUBDIV": "SANDERSON SUB",
        "HIGHWAY": "ls0000",
        "STREET": "SOUTH sevenTH STREET",
        "TTSTN": "697216",
        "MILEPOST": "0607.330",
        "TYPEXING": "Public",
        "POSXING": "At Grade",
        "PRVCAT": "14",
        "INIT": "2",
        "LATITUDE": 30.3565467,
        "LONGITUD": -103.6631326,
        "LLSOURCE": "1",
        "WHISTBAN": "0",
        "RRCONT": "4025443721",
        "POLCONT": "8008488715",
        "INV_LINK": "https://safetydata.fra.dot.gov/OfficeofSafety/PublicSite/Crossing/Crossing.aspx?phasetype=C&rpttype=I&txtcrossingnum=742868Y",
        "ACC_LINK": "https://safetydata.fra.dot.gov/OfficeofSafety/PublicSite/Crossing/Crossing.aspx?phasetype=C&rpttype=A&txtcrossingnum=742868Y",
        "TTSTNNAM": "",
        "XPURPOSE": "1",
        "OPERATINGR": "UP",
        "OPERATIN_1": "Primary",
        "DAYTHRU": 6,
        "NGHTTHRU": 6,
        "MAINTRK": 1,
        "SIDINGTRK": 0,
        "YARDTRK": 0,
        "TRANSITTRK": 0,
        "INDUSTRYTR": 0,
        "OTHRTRK": 2,
        "WDCODE": "All other Gates",
        "REVISIONDA": "1975/01/01 00:00:00",
        "LASTUPDATE": "10/6/2025",
        "AADT": "90",
        "AADTYEAR": "2019",
        "STATENAME": "TEXAS",
        "STATEAB": "TX",
        "COUNTYNAME": "BREWSTER",
        "CITYNAME": "ALPINE",
        "LATDD": 30.3565467,
        "LONGDD": -103.6631326,
        "gridlyProductionCertified": true,
        "gridlyClassification": "PUBLIC_ROADWAY",
        "gridlyDisplayName": "SOUTH sevenTH STREET",
        "gridlyId": "FRA-742868Y"
      }
    },
    {
      "type": "Feature",
      "id": 212685,
      "geometry": {
        "type": "Point",
        "coordinates": [
          -103.661130300439,
          30.3571282001342
        ]
      },
      "properties": {
        "OBJECTID": 212685,
        "CROSSING": "742869F",
        "EFFDATE": 1759708800000,
        "REASON": "14",
        "StateCode": "48",
        "CountyCode": "48043",
        "STCYFIPS": "48043",
        "CITYCD": "480430100",
        "RAILROAD": "UP",
        "RRDIV": "SOUTH TEXAS",
        "RRSUBDIV": "SANDERSON SUB",
        "HIGHWAY": "lS0000",
        "STREET": "south FIFTH STREET",
        "TTSTN": "697216",
        "MILEPOST": "0607.180",
        "TYPEXING": "Public",
        "POSXING": "At Grade",
        "PRVCAT": "14",
        "INIT": "2",
        "LATITUDE": 30.3571282,
        "LONGITUD": -103.6611303,
        "LLSOURCE": "1",
        "WHISTBAN": "0",
        "RRCONT": "4025443721",
        "POLCONT": "8008488715",
        "INV_LINK": "https://safetydata.fra.dot.gov/OfficeofSafety/PublicSite/Crossing/Crossing.aspx?phasetype=C&rpttype=I&txtcrossingnum=742869F",
        "ACC_LINK": "https://safetydata.fra.dot.gov/OfficeofSafety/PublicSite/Crossing/Crossing.aspx?phasetype=C&rpttype=A&txtcrossingnum=742869F",
        "TTSTNNAM": "",
        "XPURPOSE": "1",
        "OPERATINGR": "UP",
        "OPERATIN_1": "Primary",
        "DAYTHRU": 6,
        "NGHTTHRU": 6,
        "MAINTRK": 1,
        "SIDINGTRK": 0,
        "YARDTRK": 0,
        "TRANSITTRK": 0,
        "INDUSTRYTR": 0,
        "OTHRTRK": 3,
        "WDCODE": "All other Gates",
        "REVISIONDA": "1975/01/01 00:00:00",
        "LASTUPDATE": "10/6/2025",
        "AADT": "1950",
        "AADTYEAR": "2012",
        "STATENAME": "TEXAS",
        "STATEAB": "TX",
        "COUNTYNAME": "BREWSTER",
        "CITYNAME": "ALPINE",
        "LATDD": 30.3571282,
        "LONGDD": -103.6611303,
        "gridlyProductionCertified": true,
        "gridlyClassification": "PUBLIC_ROADWAY",
        "gridlyDisplayName": "south FIFTH STREET",
        "gridlyId": "FRA-742869F"
      }
    },
    {
      "type": "Feature",
      "id": 212698,
      "geometry": {
        "type": "Point",
        "coordinates": [
          -103.18210509991,
          30.2063429998845
        ]
      },
      "properties": {
        "OBJECTID": 212698,
        "CROSSING": "763836B",
        "EFFDATE": 1759104000000,
        "REASON": "14",
        "StateCode": "48",
        "CountyCode": "48043",
        "STCYFIPS": "48043",
        "CITYCD": "480434305",
        "RAILROAD": "UP",
        "RRDIV": "SOUTH TEXAS",
        "RRSUBDIV": "SANDERSON SUB",
        "HIGHWAY": "NA",
        "STREET": "Private",
        "TTSTN": "697228",
        "MILEPOST": "0572.100",
        "TYPEXING": "Private",
        "POSXING": "At Grade",
        "PRVCAT": "14",
        "INIT": "1",
        "LATITUDE": 30.206343,
        "LONGITUD": -103.1821051,
        "LLSOURCE": "1",
        "WHISTBAN": "0",
        "RRCONT": "4025443721",
        "POLCONT": "8008488715",
        "INV_LINK": "https://safetydata.fra.dot.gov/OfficeofSafety/PublicSite/Crossing/Crossing.aspx?phasetype=C&rpttype=I&txtcrossingnum=763836B",
        "ACC_LINK": "https://safetydata.fra.dot.gov/OfficeofSafety/PublicSite/Crossing/Crossing.aspx?phasetype=C&rpttype=A&txtcrossingnum=763836B",
        "TTSTNNAM": "",
        "XPURPOSE": "1",
        "OPERATINGR": "UP",
        "OPERATIN_1": "Primary",
        "DAYTHRU": 5,
        "NGHTTHRU": 5,
        "MAINTRK": 1,
        "SIDINGTRK": 0,
        "YARDTRK": 0,
        "TRANSITTRK": 0,
        "INDUSTRYTR": 0,
        "OTHRTRK": 0,
        "WDCODE": "",
        "REVISIONDA": "1975/01/01 00:00:00",
        "LASTUPDATE": "9/29/2025",
        "AADT": "10",
        "AADTYEAR": "1988",
        "STATENAME": "TEXAS",
        "STATEAB": "TX",
        "COUNTYNAME": "BREWSTER",
        "CITYNAME": "MARATHON",
        "LATDD": 30.206343,
        "LONGDD": -103.1821051,
        "gridlyProductionCertified": true,
        "gridlyClassification": "PUBLIC_ROADWAY",
        "gridlyDisplayName": "Private",
        "gridlyId": "FRA-763836B"
      }
    },
    {
      "type": "Feature",
      "id": 213148,
      "geometry": {
        "type": "Point",
        "coordinates": [
          -102.826914999612,
          30.0805830003308
        ]
      },
      "properties": {
        "OBJECTID": 213148,
        "CROSSING": "972585K",
        "EFFDATE": 1758585600000,
        "REASON": "14",
        "StateCode": "48",
        "CountyCode": "48043",
        "STCYFIPS": "48043",
        "CITYCD": "480434305",
        "RAILROAD": "UP",
        "RRDIV": "SOUTH TEXAS",
        "RRSUBDIV": "SANDERSON SUB",
        "HIGHWAY": "NA",
        "STREET": "PRIVATE UPRR",
        "TTSTN": "",
        "MILEPOST": "0545.270",
        "TYPEXING": "Private",
        "POSXING": "At Grade",
        "PRVCAT": "14",
        "INIT": "1",
        "LATITUDE": 30.080583,
        "LONGITUD": -102.826915,
        "LLSOURCE": "1",
        "WHISTBAN": "",
        "RRCONT": "4025443721",
        "POLCONT": "8008488715",
        "INV_LINK": "https://safetydata.fra.dot.gov/OfficeofSafety/PublicSite/Crossing/Crossing.aspx?phasetype=C&rpttype=I&txtcrossingnum=972585K",
        "ACC_LINK": "https://safetydata.fra.dot.gov/OfficeofSafety/PublicSite/Crossing/Crossing.aspx?phasetype=C&rpttype=A&txtcrossingnum=972585K",
        "TTSTNNAM": "",
        "XPURPOSE": "1",
        "OPERATINGR": "UP",
        "OPERATIN_1": "Primary",
        "DAYTHRU": 6,
        "NGHTTHRU": 6,
        "MAINTRK": 1,
        "SIDINGTRK": 0,
        "YARDTRK": 0,
        "TRANSITTRK": 0,
        "INDUSTRYTR": 0,
        "OTHRTRK": 0,
        "WDCODE": "",
        "REVISIONDA": "1975/01/01 00:00:00",
        "LASTUPDATE": "9/23/2025",
        "AADT": "",
        "AADTYEAR": "",
        "STATENAME": "TEXAS",
        "STATEAB": "TX",
        "COUNTYNAME": "BREWSTER",
        "CITYNAME": "MARATHON",
        "LATDD": 30.080583,
        "LONGDD": -102.826915,
        "gridlyProductionCertified": true,
        "gridlyClassification": "PUBLIC_ROADWAY",
        "gridlyDisplayName": "PRIVATE UPRR",
        "gridlyId": "FRA-972585K"
      }
    },
    {
      "type": "Feature",
      "id": 213160,
      "geometry": {
        "type": "Point",
        "coordinates": [
          -103.654332000387,
          30.3586434003184
        ]
      },
      "properties": {
        "OBJECTID": 213160,
        "CROSSING": "742871G",
        "EFFDATE": 1759708800000,
        "REASON": "14",
        "StateCode": "48",
        "CountyCode": "48043",
        "STCYFIPS": "48043",
        "CITYCD": "480430100",
        "RAILROAD": "UP",
        "RRDIV": "SOUTH TEXAS",
        "RRSUBDIV": "SANDERSON SUB",
        "HIGHWAY": "SH0118",
        "STREET": "South Cockrell Street",
        "TTSTN": "697216",
        "MILEPOST": "0606.760",
        "TYPEXING": "Public",
        "POSXING": "At Grade",
        "PRVCAT": "14",
        "INIT": "2",
        "LATITUDE": 30.3586434,
        "LONGITUD": -103.654332,
        "LLSOURCE": "1",
        "WHISTBAN": "0",
        "RRCONT": "4025443721",
        "POLCONT": "8008488715",
        "INV_LINK": "https://safetydata.fra.dot.gov/OfficeofSafety/PublicSite/Crossing/Crossing.aspx?phasetype=C&rpttype=I&txtcrossingnum=742871G",
        "ACC_LINK": "https://safetydata.fra.dot.gov/OfficeofSafety/PublicSite/Crossing/Crossing.aspx?phasetype=C&rpttype=A&txtcrossingnum=742871G",
        "TTSTNNAM": "",
        "XPURPOSE": "1",
        "OPERATINGR": "UP",
        "OPERATIN_1": "Primary",
        "DAYTHRU": 6,
        "NGHTTHRU": 6,
        "MAINTRK": 1,
        "SIDINGTRK": 0,
        "YARDTRK": 0,
        "TRANSITTRK": 0,
        "INDUSTRYTR": 0,
        "OTHRTRK": 0,
        "WDCODE": "All other Gates",
        "REVISIONDA": "1975/01/01 00:00:00",
        "LASTUPDATE": "10/6/2025",
        "AADT": "3638",
        "AADTYEAR": "2023",
        "STATENAME": "TEXAS",
        "STATEAB": "TX",
        "COUNTYNAME": "BREWSTER",
        "CITYNAME": "ALPINE",
        "LATDD": 30.3586434,
        "LONGDD": -103.654332,
        "gridlyProductionCertified": true,
        "gridlyClassification": "PUBLIC_ROADWAY",
        "gridlyDisplayName": "South Cockrell Street",
        "gridlyId": "FRA-742871G"
      }
    },
    {
      "type": "Feature",
      "id": 213332,
      "geometry": {
        "type": "Point",
        "coordinates": [
          -103.328699599972,
          30.2151045996322
        ]
      },
      "properties": {
        "OBJECTID": 213332,
        "CROSSING": "742872N",
        "EFFDATE": 1758499200000,
        "REASON": "14",
        "StateCode": "48",
        "CountyCode": "48043",
        "STCYFIPS": "48043",
        "CITYCD": "480434305",
        "RAILROAD": "UP",
        "RRDIV": "SOUTH TEXAS",
        "RRSUBDIV": "SANDERSON SUB",
        "HIGHWAY": "PRIVATE",
        "STREET": "PRIVATE",
        "TTSTN": "697225",
        "MILEPOST": "0581.050",
        "TYPEXING": "Private",
        "POSXING": "RR Over",
        "PRVCAT": "14",
        "INIT": "1",
        "LATITUDE": 30.2151046,
        "LONGITUD": -103.3286996,
        "LLSOURCE": "1",
        "WHISTBAN": "0",
        "RRCONT": "4025443721",
        "POLCONT": "8008488715",
        "INV_LINK": "https://safetydata.fra.dot.gov/OfficeofSafety/PublicSite/Crossing/Crossing.aspx?phasetype=C&rpttype=I&txtcrossingnum=742872N",
        "ACC_LINK": "https://safetydata.fra.dot.gov/OfficeofSafety/PublicSite/Crossing/Crossing.aspx?phasetype=C&rpttype=A&txtcrossingnum=742872N",
        "TTSTNNAM": "",
        "XPURPOSE": "1",
        "OPERATINGR": "UP",
        "OPERATIN_1": "Primary",
        "DAYTHRU": 0,
        "NGHTTHRU": 0,
        "MAINTRK": 1,
        "SIDINGTRK": 0,
        "YARDTRK": 0,
        "TRANSITTRK": 0,
        "INDUSTRYTR": 0,
        "OTHRTRK": 0,
        "WDCODE": "",
        "REVISIONDA": "1975/01/01 00:00:00",
        "LASTUPDATE": "9/22/2025",
        "AADT": "1",
        "AADTYEAR": "1970",
        "STATENAME": "TEXAS",
        "STATEAB": "TX",
        "COUNTYNAME": "BREWSTER",
        "CITYNAME": "MARATHON",
        "LATDD": 30.2151046,
        "LONGDD": -103.3286996,
        "gridlyProductionCertified": true,
        "gridlyClassification": "PUBLIC_ROADWAY",
        "gridlyDisplayName": "PRIVATE",
        "gridlyId": "FRA-742872N"
      }
    },
    {
      "type": "Feature",
      "id": 213559,
      "geometry": {
        "type": "Point",
        "coordinates": [
          -102.898547800329,
          30.1181511999169
        ]
      },
      "properties": {
        "OBJECTID": 213559,
        "CROSSING": "763833F",
        "EFFDATE": 1758499200000,
        "REASON": "14",
        "StateCode": "48",
        "CountyCode": "48043",
        "STCYFIPS": "48043",
        "CITYCD": "480434305",
        "RAILROAD": "UP",
        "RRDIV": "SOUTH TEXAS",
        "RRSUBDIV": "SANDERSON SUB",
        "HIGHWAY": "PRIVATE",
        "STREET": "Private",
        "TTSTN": "697236",
        "MILEPOST": "0551.920",
        "TYPEXING": "Private",
        "POSXING": "At Grade",
        "PRVCAT": "14",
        "INIT": "1",
        "LATITUDE": 30.1181512,
        "LONGITUD": -102.8985478,
        "LLSOURCE": "1",
        "WHISTBAN": "0",
        "RRCONT": "4025443721",
        "POLCONT": "8008488715",
        "INV_LINK": "https://safetydata.fra.dot.gov/OfficeofSafety/PublicSite/Crossing/Crossing.aspx?phasetype=C&rpttype=I&txtcrossingnum=763833F",
        "ACC_LINK": "https://safetydata.fra.dot.gov/OfficeofSafety/PublicSite/Crossing/Crossing.aspx?phasetype=C&rpttype=A&txtcrossingnum=763833F",
        "TTSTNNAM": "",
        "XPURPOSE": "1",
        "OPERATINGR": "UP",
        "OPERATIN_1": "Primary",
        "DAYTHRU": 5,
        "NGHTTHRU": 5,
        "MAINTRK": 1,
        "SIDINGTRK": 1,
        "YARDTRK": 0,
        "TRANSITTRK": 0,
        "INDUSTRYTR": 0,
        "OTHRTRK": 0,
        "WDCODE": "",
        "REVISIONDA": "1975/01/01 00:00:00",
        "LASTUPDATE": "9/22/2025",
        "AADT": "1",
        "AADTYEAR": "1970",
        "STATENAME": "TEXAS",
        "STATEAB": "TX",
        "COUNTYNAME": "BREWSTER",
        "CITYNAME": "MARATHON",
        "LATDD": 30.1181512,
        "LONGDD": -102.8985478,
        "gridlyProductionCertified": true,
        "gridlyClassification": "PUBLIC_ROADWAY",
        "gridlyDisplayName": "Private",
        "gridlyId": "FRA-763833F"
      }
    },
    {
      "type": "Feature",
      "id": 213560,
      "geometry": {
        "type": "Point",
        "coordinates": [
          -102.969111100108,
          30.1095119000268
        ]
      },
      "properties": {
        "OBJECTID": 213560,
        "CROSSING": "763834M",
        "EFFDATE": 1758499200000,
        "REASON": "14",
        "StateCode": "48",
        "CountyCode": "48043",
        "STCYFIPS": "48043",
        "CITYCD": "480434305",
        "RAILROAD": "UP",
        "RRDIV": "SOUTH TEXAS",
        "RRSUBDIV": "SANDERSON SUB",
        "HIGHWAY": "COUNTY",
        "STREET": "PRIVATE",
        "TTSTN": "697234",
        "MILEPOST": "0556.320",
        "TYPEXING": "Private",
        "POSXING": "At Grade",
        "PRVCAT": "14",
        "INIT": "1",
        "LATITUDE": 30.1095119,
        "LONGITUD": -102.9691111,
        "LLSOURCE": "1",
        "WHISTBAN": "0",
        "RRCONT": "4025443721",
        "POLCONT": "8008488715",
        "INV_LINK": "https://safetydata.fra.dot.gov/OfficeofSafety/PublicSite/Crossing/Crossing.aspx?phasetype=C&rpttype=I&txtcrossingnum=763834M",
        "ACC_LINK": "https://safetydata.fra.dot.gov/OfficeofSafety/PublicSite/Crossing/Crossing.aspx?phasetype=C&rpttype=A&txtcrossingnum=763834M",
        "TTSTNNAM": "",
        "XPURPOSE": "1",
        "OPERATINGR": "UP",
        "OPERATIN_1": "Primary",
        "DAYTHRU": 5,
        "NGHTTHRU": 5,
        "MAINTRK": 1,
        "SIDINGTRK": 0,
        "YARDTRK": 0,
        "TRANSITTRK": 0,
        "INDUSTRYTR": 0,
        "OTHRTRK": 0,
        "WDCODE": "",
        "REVISIONDA": "1975/01/01 00:00:00",
        "LASTUPDATE": "9/22/2025",
        "AADT": "10",
        "AADTYEAR": "1988",
        "STATENAME": "TEXAS",
        "STATEAB": "TX",
        "COUNTYNAME": "BREWSTER",
        "CITYNAME": "MARATHON",
        "LATDD": 30.1095119,
        "LONGDD": -102.9691111,
        "gridlyProductionCertified": true,
        "gridlyClassification": "PUBLIC_ROADWAY",
        "gridlyDisplayName": "PRIVATE",
        "gridlyId": "FRA-763834M"
      }
    },
    {
      "type": "Feature",
      "id": 213561,
      "geometry": {
        "type": "Point",
        "coordinates": [
          -103.099633100311,
          30.203382899775
        ]
      },
      "properties": {
        "OBJECTID": 213561,
        "CROSSING": "763837H",
        "EFFDATE": 1758499200000,
        "REASON": "14",
        "StateCode": "48",
        "CountyCode": "48043",
        "STCYFIPS": "48043",
        "CITYCD": "480434305",
        "RAILROAD": "UP",
        "RRDIV": "SOUTH TEXAS",
        "RRSUBDIV": "SANDERSON SUB",
        "HIGHWAY": "PRIVATE",
        "STREET": "Private",
        "TTSTN": "697232",
        "MILEPOST": "0567.160",
        "TYPEXING": "Private",
        "POSXING": "At Grade",
        "PRVCAT": "14",
        "INIT": "1",
        "LATITUDE": 30.2033829,
        "LONGITUD": -103.0996331,
        "LLSOURCE": "1",
        "WHISTBAN": "0",
        "RRCONT": "4025443721",
        "POLCONT": "8008488715",
        "INV_LINK": "https://safetydata.fra.dot.gov/OfficeofSafety/PublicSite/Crossing/Crossing.aspx?phasetype=C&rpttype=I&txtcrossingnum=763837H",
        "ACC_LINK": "https://safetydata.fra.dot.gov/OfficeofSafety/PublicSite/Crossing/Crossing.aspx?phasetype=C&rpttype=A&txtcrossingnum=763837H",
        "TTSTNNAM": "",
        "XPURPOSE": "1",
        "OPERATINGR": "UP",
        "OPERATIN_1": "Primary",
        "DAYTHRU": 5,
        "NGHTTHRU": 5,
        "MAINTRK": 1,
        "SIDINGTRK": 1,
        "YARDTRK": 0,
        "TRANSITTRK": 0,
        "INDUSTRYTR": 0,
        "OTHRTRK": 0,
        "WDCODE": "",
        "REVISIONDA": "1975/01/01 00:00:00",
        "LASTUPDATE": "9/22/2025",
        "AADT": "1",
        "AADTYEAR": "1970",
        "STATENAME": "TEXAS",
        "STATEAB": "TX",
        "COUNTYNAME": "BREWSTER",
        "CITYNAME": "MARATHON",
        "LATDD": 30.2033829,
        "LONGDD": -103.0996331,
        "gridlyProductionCertified": true,
        "gridlyClassification": "PUBLIC_ROADWAY",
        "gridlyDisplayName": "Private",
        "gridlyId": "FRA-763837H"
      }
    },
    {
      "type": "Feature",
      "id": 213562,
      "geometry": {
        "type": "Point",
        "coordinates": [
          -102.738933999787,
          30.1081519999568
        ]
      },
      "properties": {
        "OBJECTID": 213562,
        "CROSSING": "763857U",
        "EFFDATE": 1758499200000,
        "REASON": "14",
        "StateCode": "48",
        "CountyCode": "48043",
        "STCYFIPS": "48043",
        "CITYCD": "484436120",
        "RAILROAD": "UP",
        "RRDIV": "SOUTH TEXAS",
        "RRSUBDIV": "SANDERSON SUB",
        "HIGHWAY": "NA",
        "STREET": "PRIVATE",
        "TTSTN": "697238",
        "MILEPOST": "0539.560",
        "TYPEXING": "Private",
        "POSXING": "At Grade",
        "PRVCAT": "14",
        "INIT": "1",
        "LATITUDE": 30.108152,
        "LONGITUD": -102.738934,
        "LLSOURCE": "1",
        "WHISTBAN": "0",
        "RRCONT": "4025443721",
        "POLCONT": "8008488715",
        "INV_LINK": "https://safetydata.fra.dot.gov/OfficeofSafety/PublicSite/Crossing/Crossing.aspx?phasetype=C&rpttype=I&txtcrossingnum=763857U",
        "ACC_LINK": "https://safetydata.fra.dot.gov/OfficeofSafety/PublicSite/Crossing/Crossing.aspx?phasetype=C&rpttype=A&txtcrossingnum=763857U",
        "TTSTNNAM": "",
        "XPURPOSE": "1",
        "OPERATINGR": "UP",
        "OPERATIN_1": "Primary",
        "DAYTHRU": 6,
        "NGHTTHRU": 6,
        "MAINTRK": 1,
        "SIDINGTRK": 1,
        "YARDTRK": 0,
        "TRANSITTRK": 0,
        "INDUSTRYTR": 0,
        "OTHRTRK": 0,
        "WDCODE": "",
        "REVISIONDA": "1975/01/01 00:00:00",
        "LASTUPDATE": "9/22/2025",
        "AADT": "",
        "AADTYEAR": "",
        "STATENAME": "TEXAS",
        "STATEAB": "TX",
        "COUNTYNAME": "BREWSTER",
        "CITYNAME": "SANDERSON",
        "LATDD": 30.108152,
        "LONGDD": -102.738934,
        "gridlyProductionCertified": true,
        "gridlyClassification": "PUBLIC_ROADWAY",
        "gridlyDisplayName": "PRIVATE",
        "gridlyId": "FRA-763857U"
      }
    },
    {
      "type": "Feature",
      "id": 213563,
      "geometry": {
        "type": "Point",
        "coordinates": [
          -102.76197300025,
          30.0978220002422
        ]
      },
      "properties": {
        "OBJECTID": 213563,
        "CROSSING": "763858B",
        "EFFDATE": 1758499200000,
        "REASON": "14",
        "StateCode": "48",
        "CountyCode": "48043",
        "STCYFIPS": "48043",
        "CITYCD": "484436120",
        "RAILROAD": "UP",
        "RRDIV": "SOUTH TEXAS",
        "RRSUBDIV": "SANDERSON SUB",
        "HIGHWAY": "NA",
        "STREET": "PRIVATE",
        "TTSTN": "697238",
        "MILEPOST": "0541.110",
        "TYPEXING": "Private",
        "POSXING": "At Grade",
        "PRVCAT": "14",
        "INIT": "1",
        "LATITUDE": 30.097822,
        "LONGITUD": -102.761973,
        "LLSOURCE": "1",
        "WHISTBAN": "0",
        "RRCONT": "4025443721",
        "POLCONT": "8008488715",
        "INV_LINK": "https://safetydata.fra.dot.gov/OfficeofSafety/PublicSite/Crossing/Crossing.aspx?phasetype=C&rpttype=I&txtcrossingnum=763858B",
        "ACC_LINK": "https://safetydata.fra.dot.gov/OfficeofSafety/PublicSite/Crossing/Crossing.aspx?phasetype=C&rpttype=A&txtcrossingnum=763858B",
        "TTSTNNAM": "",
        "XPURPOSE": "1",
        "OPERATINGR": "UP",
        "OPERATIN_1": "Primary",
        "DAYTHRU": 10,
        "NGHTTHRU": 10,
        "MAINTRK": 1,
        "SIDINGTRK": 1,
        "YARDTRK": 0,
        "TRANSITTRK": 0,
        "INDUSTRYTR": 0,
        "OTHRTRK": 1,
        "WDCODE": "",
        "REVISIONDA": "1975/01/01 00:00:00",
        "LASTUPDATE": "9/22/2025",
        "AADT": "000010",
        "AADTYEAR": "",
        "STATENAME": "TEXAS",
        "STATEAB": "TX",
        "COUNTYNAME": "BREWSTER",
        "CITYNAME": "SANDERSON",
        "LATDD": 30.097822,
        "LONGDD": -102.761973,
        "gridlyProductionCertified": true,
        "gridlyClassification": "PUBLIC_ROADWAY",
        "gridlyDisplayName": "PRIVATE",
        "gridlyId": "FRA-763858B"
      }
    },
    {
      "type": "Feature",
      "id": 213574,
      "geometry": {
        "type": "Point",
        "coordinates": [
          -103.30283229965,
          30.2123367997438
        ]
      },
      "properties": {
        "OBJECTID": 213574,
        "CROSSING": "763838P",
        "EFFDATE": 1758499200000,
        "REASON": "14",
        "StateCode": "48",
        "CountyCode": "48043",
        "STCYFIPS": "48043",
        "CITYCD": "480434305",
        "RAILROAD": "UP",
        "RRDIV": "SOUTH TEXAS",
        "RRSUBDIV": "SANDERSON SUB",
        "HIGHWAY": "PRIVATE",
        "STREET": "PRIVATE",
        "TTSTN": "697228",
        "MILEPOST": "0579.450",
        "TYPEXING": "Private",
        "POSXING": "RR Over",
        "PRVCAT": "14",
        "INIT": "1",
        "LATITUDE": 30.2123368,
        "LONGITUD": -103.3028323,
        "LLSOURCE": "1",
        "WHISTBAN": "0",
        "RRCONT": "4025443721",
        "POLCONT": "8008488715",
        "INV_LINK": "https://safetydata.fra.dot.gov/OfficeofSafety/PublicSite/Crossing/Crossing.aspx?phasetype=C&rpttype=I&txtcrossingnum=763838P",
        "ACC_LINK": "https://safetydata.fra.dot.gov/OfficeofSafety/PublicSite/Crossing/Crossing.aspx?phasetype=C&rpttype=A&txtcrossingnum=763838P",
        "TTSTNNAM": "",
        "XPURPOSE": "1",
        "OPERATINGR": "UP",
        "OPERATIN_1": "Primary",
        "DAYTHRU": 0,
        "NGHTTHRU": 0,
        "MAINTRK": 1,
        "SIDINGTRK": 0,
        "YARDTRK": 0,
        "TRANSITTRK": 0,
        "INDUSTRYTR": 0,
        "OTHRTRK": 0,
        "WDCODE": "",
        "REVISIONDA": "1975/01/01 00:00:00",
        "LASTUPDATE": "9/22/2025",
        "AADT": "1",
        "AADTYEAR": "1970",
        "STATENAME": "TEXAS",
        "STATEAB": "TX",
        "COUNTYNAME": "BREWSTER",
        "CITYNAME": "MARATHON",
        "LATDD": 30.2123368,
        "LONGDD": -103.3028323,
        "gridlyProductionCertified": true,
        "gridlyClassification": "PUBLIC_ROADWAY",
        "gridlyDisplayName": "PRIVATE",
        "gridlyId": "FRA-763838P"
      }
    },
    {
      "type": "Feature",
      "id": 213575,
      "geometry": {
        "type": "Point",
        "coordinates": [
          -102.829895999593,
          30.0784310003076
        ]
      },
      "properties": {
        "OBJECTID": 213575,
        "CROSSING": "763859H",
        "EFFDATE": 1758499200000,
        "REASON": "14",
        "StateCode": "48",
        "CountyCode": "48043",
        "STCYFIPS": "48043",
        "CITYCD": "480434305",
        "RAILROAD": "UP",
        "RRDIV": "South Texas",
        "RRSUBDIV": "Sanderson Sub",
        "HIGHWAY": "NA",
        "STREET": "Private UPRR",
        "TTSTN": "695783",
        "MILEPOST": "0545.500",
        "TYPEXING": "Private",
        "POSXING": "At Grade",
        "PRVCAT": "14",
        "INIT": "1",
        "LATITUDE": 30.078431,
        "LONGITUD": -102.829896,
        "LLSOURCE": "1",
        "WHISTBAN": "0",
        "RRCONT": "4025443721",
        "POLCONT": "8008488715",
        "INV_LINK": "https://safetydata.fra.dot.gov/OfficeofSafety/PublicSite/Crossing/Crossing.aspx?phasetype=C&rpttype=I&txtcrossingnum=763859H",
        "ACC_LINK": "https://safetydata.fra.dot.gov/OfficeofSafety/PublicSite/Crossing/Crossing.aspx?phasetype=C&rpttype=A&txtcrossingnum=763859H",
        "TTSTNNAM": "",
        "XPURPOSE": "1",
        "OPERATINGR": "UP",
        "OPERATIN_1": "Primary",
        "DAYTHRU": 5,
        "NGHTTHRU": 4,
        "MAINTRK": 0,
        "SIDINGTRK": 1,
        "YARDTRK": 0,
        "TRANSITTRK": 0,
        "INDUSTRYTR": 0,
        "OTHRTRK": 0,
        "WDCODE": "",
        "REVISIONDA": "1975/01/01 00:00:00",
        "LASTUPDATE": "9/22/2025",
        "AADT": "",
        "AADTYEAR": "",
        "STATENAME": "TEXAS",
        "STATEAB": "TX",
        "COUNTYNAME": "BREWSTER",
        "CITYNAME": "MARATHON",
        "LATDD": 30.078431,
        "LONGDD": -102.829896,
        "gridlyProductionCertified": true,
        "gridlyClassification": "PUBLIC_ROADWAY",
        "gridlyDisplayName": "Private UPRR",
        "gridlyId": "FRA-763859H"
      }
    },
    {
      "type": "Feature",
      "id": 213576,
      "geometry": {
        "type": "Point",
        "coordinates": [
          -103.417541999713,
          30.2631369998821
        ]
      },
      "properties": {
        "OBJECTID": 213576,
        "CROSSING": "764095V",
        "EFFDATE": 1758499200000,
        "REASON": "14",
        "StateCode": "48",
        "CountyCode": "48043",
        "STCYFIPS": "48043",
        "CITYCD": "480434305",
        "RAILROAD": "UP",
        "RRDIV": "SOUTH TEXAS",
        "RRSUBDIV": "SANDERSON SUB",
        "HIGHWAY": "PRIVATE",
        "STREET": "PRIVATE ",
        "TTSTN": "697222",
        "MILEPOST": "0587.556",
        "TYPEXING": "Private",
        "POSXING": "RR Over",
        "PRVCAT": "14",
        "INIT": "1",
        "LATITUDE": 30.263137,
        "LONGITUD": -103.417542,
        "LLSOURCE": "1",
        "WHISTBAN": "0",
        "RRCONT": "4025443721",
        "POLCONT": "8008488715",
        "INV_LINK": "https://safetydata.fra.dot.gov/OfficeofSafety/PublicSite/Crossing/Crossing.aspx?phasetype=C&rpttype=I&txtcrossingnum=764095V",
        "ACC_LINK": "https://safetydata.fra.dot.gov/OfficeofSafety/PublicSite/Crossing/Crossing.aspx?phasetype=C&rpttype=A&txtcrossingnum=764095V",
        "TTSTNNAM": "",
        "XPURPOSE": "1",
        "OPERATINGR": "UP",
        "OPERATIN_1": "Primary",
        "DAYTHRU": 0,
        "NGHTTHRU": 0,
        "MAINTRK": 1,
        "SIDINGTRK": 0,
        "YARDTRK": 0,
        "TRANSITTRK": 0,
        "INDUSTRYTR": 0,
        "OTHRTRK": 0,
        "WDCODE": "",
        "REVISIONDA": "1975/01/01 00:00:00",
        "LASTUPDATE": "9/22/2025",
        "AADT": "1",
        "AADTYEAR": "1970",
        "STATENAME": "TEXAS",
        "STATEAB": "TX",
        "COUNTYNAME": "BREWSTER",
        "CITYNAME": "MARATHON",
        "LATDD": 30.263137,
        "LONGDD": -103.417542,
        "gridlyProductionCertified": true,
        "gridlyClassification": "PUBLIC_ROADWAY",
        "gridlyDisplayName": "PRIVATE",
        "gridlyId": "FRA-764095V"
      }
    },
    {
      "type": "Feature",
      "id": 213579,
      "geometry": {
        "type": "Point",
        "coordinates": [
          -103.445059199784,
          30.2797617997954
        ]
      },
      "properties": {
        "OBJECTID": 213579,
        "CROSSING": "764096C",
        "EFFDATE": 1758499200000,
        "REASON": "14",
        "StateCode": "48",
        "CountyCode": "48043",
        "STCYFIPS": "48043",
        "CITYCD": "480434305",
        "RAILROAD": "UP",
        "RRDIV": "SOUTH TEXAS",
        "RRSUBDIV": "SANDERSON SUB",
        "HIGHWAY": "PRIVATE",
        "STREET": "PRIVATE",
        "TTSTN": "697222",
        "MILEPOST": "0589.560",
        "TYPEXING": "Private",
        "POSXING": "RR Over",
        "PRVCAT": "14",
        "INIT": "1",
        "LATITUDE": 30.2797618,
        "LONGITUD": -103.4450592,
        "LLSOURCE": "1",
        "WHISTBAN": "0",
        "RRCONT": "4025443721",
        "POLCONT": "8008488715",
        "INV_LINK": "https://safetydata.fra.dot.gov/OfficeofSafety/PublicSite/Crossing/Crossing.aspx?phasetype=C&rpttype=I&txtcrossingnum=764096C",
        "ACC_LINK": "https://safetydata.fra.dot.gov/OfficeofSafety/PublicSite/Crossing/Crossing.aspx?phasetype=C&rpttype=A&txtcrossingnum=764096C",
        "TTSTNNAM": "",
        "XPURPOSE": "1",
        "OPERATINGR": "UP",
        "OPERATIN_1": "Primary",
        "DAYTHRU": 0,
        "NGHTTHRU": 0,
        "MAINTRK": 1,
        "SIDINGTRK": 0,
        "YARDTRK": 0,
        "TRANSITTRK": 0,
        "INDUSTRYTR": 0,
        "OTHRTRK": 0,
        "WDCODE": "",
        "REVISIONDA": "1975/01/01 00:00:00",
        "LASTUPDATE": "9/22/2025",
        "AADT": "1",
        "AADTYEAR": "1970",
        "STATENAME": "TEXAS",
        "STATEAB": "TX",
        "COUNTYNAME": "BREWSTER",
        "CITYNAME": "MARATHON",
        "LATDD": 30.2797618,
        "LONGDD": -103.4450592,
        "gridlyProductionCertified": true,
        "gridlyClassification": "PUBLIC_ROADWAY",
        "gridlyDisplayName": "PRIVATE",
        "gridlyId": "FRA-764096C"
      }
    },
    {
      "type": "Feature",
      "id": 213580,
      "geometry": {
        "type": "Point",
        "coordinates": [
          -103.378408900298,
          30.2358400000743
        ]
      },
      "properties": {
        "OBJECTID": 213580,
        "CROSSING": "764097J",
        "EFFDATE": 1758499200000,
        "REASON": "14",
        "StateCode": "48",
        "CountyCode": "48043",
        "STCYFIPS": "48043",
        "CITYCD": "480434305",
        "RAILROAD": "UP",
        "RRDIV": "SOUTH TEXAS",
        "RRSUBDIV": "SANDERSON SUB",
        "HIGHWAY": "PRIVATE",
        "STREET": "Private",
        "TTSTN": "697225",
        "MILEPOST": "0584.460",
        "TYPEXING": "Private",
        "POSXING": "At Grade",
        "PRVCAT": "14",
        "INIT": "1",
        "LATITUDE": 30.23584,
        "LONGITUD": -103.3784089,
        "LLSOURCE": "1",
        "WHISTBAN": "0",
        "RRCONT": "4025443721",
        "POLCONT": "8008488715",
        "INV_LINK": "https://safetydata.fra.dot.gov/OfficeofSafety/PublicSite/Crossing/Crossing.aspx?phasetype=C&rpttype=I&txtcrossingnum=764097J",
        "ACC_LINK": "https://safetydata.fra.dot.gov/OfficeofSafety/PublicSite/Crossing/Crossing.aspx?phasetype=C&rpttype=A&txtcrossingnum=764097J",
        "TTSTNNAM": "",
        "XPURPOSE": "1",
        "OPERATINGR": "UP",
        "OPERATIN_1": "Primary",
        "DAYTHRU": 5,
        "NGHTTHRU": 5,
        "MAINTRK": 1,
        "SIDINGTRK": 1,
        "YARDTRK": 0,
        "TRANSITTRK": 0,
        "INDUSTRYTR": 0,
        "OTHRTRK": 0,
        "WDCODE": "",
        "REVISIONDA": "1975/01/01 00:00:00",
        "LASTUPDATE": "9/22/2025",
        "AADT": "1",
        "AADTYEAR": "1970",
        "STATENAME": "TEXAS",
        "STATEAB": "TX",
        "COUNTYNAME": "BREWSTER",
        "CITYNAME": "MARATHON",
        "LATDD": 30.23584,
        "LONGDD": -103.3784089,
        "gridlyProductionCertified": true,
        "gridlyClassification": "PUBLIC_ROADWAY",
        "gridlyDisplayName": "Private",
        "gridlyId": "FRA-764097J"
      }
    },
    {
      "type": "Feature",
      "id": 213587,
      "geometry": {
        "type": "Point",
        "coordinates": [
          -103.731934999991,
          30.3470646996327
        ]
      },
      "properties": {
        "OBJECTID": 213587,
        "CROSSING": "763847N",
        "EFFDATE": 1758499200000,
        "REASON": "14",
        "StateCode": "48",
        "CountyCode": "48043",
        "STCYFIPS": "48043",
        "CITYCD": "480430100",
        "RAILROAD": "UP",
        "RRDIV": "TEXOMA",
        "RRSUBDIV": "VALENTINE SUB",
        "HIGHWAY": "PRIVATE",
        "STREET": "PRIVATE",
        "TTSTN": "697216",
        "MILEPOST": "0611.657",
        "TYPEXING": "Private",
        "POSXING": "At Grade",
        "PRVCAT": "14",
        "INIT": "1",
        "LATITUDE": 30.3470647,
        "LONGITUD": -103.731935,
        "LLSOURCE": "1",
        "WHISTBAN": "0",
        "RRCONT": "5555555555",
        "POLCONT": "8008488715",
        "INV_LINK": "https://safetydata.fra.dot.gov/OfficeofSafety/PublicSite/Crossing/Crossing.aspx?phasetype=C&rpttype=I&txtcrossingnum=763847N",
        "ACC_LINK": "https://safetydata.fra.dot.gov/OfficeofSafety/PublicSite/Crossing/Crossing.aspx?phasetype=C&rpttype=A&txtcrossingnum=763847N",
        "TTSTNNAM": "",
        "XPURPOSE": "1",
        "OPERATINGR": "UP",
        "OPERATIN_1": "Primary",
        "DAYTHRU": 5,
        "NGHTTHRU": 5,
        "MAINTRK": 1,
        "SIDINGTRK": 1,
        "YARDTRK": 0,
        "TRANSITTRK": 0,
        "INDUSTRYTR": 0,
        "OTHRTRK": 0,
        "WDCODE": "",
        "REVISIONDA": "1975/01/01 00:00:00",
        "LASTUPDATE": "9/22/2025",
        "AADT": "",
        "AADTYEAR": "1970",
        "STATENAME": "TEXAS",
        "STATEAB": "TX",
        "COUNTYNAME": "BREWSTER",
        "CITYNAME": "ALPINE",
        "LATDD": 30.3470647,
        "LONGDD": -103.731935,
        "gridlyProductionCertified": true,
        "gridlyClassification": "PUBLIC_ROADWAY",
        "gridlyDisplayName": "PRIVATE",
        "gridlyId": "FRA-763847N"
      }
    },
    {
      "type": "Feature",
      "id": 213588,
      "geometry": {
        "type": "Point",
        "coordinates": [
          -103.77316330033,
          30.3264152003616
        ]
      },
      "properties": {
        "OBJECTID": 213588,
        "CROSSING": "763850W",
        "EFFDATE": 1758499200000,
        "REASON": "14",
        "StateCode": "48",
        "CountyCode": "48043",
        "STCYFIPS": "48043",
        "CITYCD": "480430100",
        "RAILROAD": "UP",
        "RRDIV": "TEXOMA",
        "RRSUBDIV": "VALENTINE SUB",
        "HIGHWAY": "NA",
        "STREET": "PRIVATE",
        "TTSTN": "697635",
        "MILEPOST": "0614.490",
        "TYPEXING": "Private",
        "POSXING": "At Grade",
        "PRVCAT": "14",
        "INIT": "1",
        "LATITUDE": 30.3264152,
        "LONGITUD": -103.7731633,
        "LLSOURCE": "1",
        "WHISTBAN": "0",
        "RRCONT": "4025443721",
        "POLCONT": "8008488715",
        "INV_LINK": "https://safetydata.fra.dot.gov/OfficeofSafety/PublicSite/Crossing/Crossing.aspx?phasetype=C&rpttype=I&txtcrossingnum=763850W",
        "ACC_LINK": "https://safetydata.fra.dot.gov/OfficeofSafety/PublicSite/Crossing/Crossing.aspx?phasetype=C&rpttype=A&txtcrossingnum=763850W",
        "TTSTNNAM": "",
        "XPURPOSE": "1",
        "OPERATINGR": "UP",
        "OPERATIN_1": "Primary",
        "DAYTHRU": 5,
        "NGHTTHRU": 5,
        "MAINTRK": 1,
        "SIDINGTRK": 0,
        "YARDTRK": 0,
        "TRANSITTRK": 0,
        "INDUSTRYTR": 0,
        "OTHRTRK": 0,
        "WDCODE": "",
        "REVISIONDA": "1975/01/01 00:00:00",
        "LASTUPDATE": "9/22/2025",
        "AADT": "1",
        "AADTYEAR": "1970",
        "STATENAME": "TEXAS",
        "STATEAB": "TX",
        "COUNTYNAME": "BREWSTER",
        "CITYNAME": "ALPINE",
        "LATDD": 30.3264152,
        "LONGDD": -103.7731633,
        "gridlyProductionCertified": true,
        "gridlyClassification": "PUBLIC_ROADWAY",
        "gridlyDisplayName": "PRIVATE",
        "gridlyId": "FRA-763850W"
      }
    },
    {
      "type": "Feature",
      "id": 213592,
      "geometry": {
        "type": "Point",
        "coordinates": [
          -103.465960299703,
          30.3205877997194
        ]
      },
      "properties": {
        "OBJECTID": 213592,
        "CROSSING": "764196G",
        "EFFDATE": 1758499200000,
        "REASON": "14",
        "StateCode": "48",
        "CountyCode": "48043",
        "STCYFIPS": "48043",
        "CITYCD": "480430100",
        "RAILROAD": "UP",
        "RRDIV": "SOUTH TEXAS",
        "RRSUBDIV": "SANDERSON SUB",
        "HIGHWAY": "NA",
        "STREET": "PRIVATE SEALE 77 RANCH",
        "TTSTN": "697222",
        "MILEPOST": "0592.660",
        "TYPEXING": "Private",
        "POSXING": "At Grade",
        "PRVCAT": "14",
        "INIT": "1",
        "LATITUDE": 30.3205878,
        "LONGITUD": -103.4659603,
        "LLSOURCE": "1",
        "WHISTBAN": "0",
        "RRCONT": "4025443721",
        "POLCONT": "8008488715",
        "INV_LINK": "https://safetydata.fra.dot.gov/OfficeofSafety/PublicSite/Crossing/Crossing.aspx?phasetype=C&rpttype=I&txtcrossingnum=764196G",
        "ACC_LINK": "https://safetydata.fra.dot.gov/OfficeofSafety/PublicSite/Crossing/Crossing.aspx?phasetype=C&rpttype=A&txtcrossingnum=764196G",
        "TTSTNNAM": "",
        "XPURPOSE": "1",
        "OPERATINGR": "UP",
        "OPERATIN_1": "Primary",
        "DAYTHRU": 5,
        "NGHTTHRU": 5,
        "MAINTRK": 1,
        "SIDINGTRK": 0,
        "YARDTRK": 0,
        "TRANSITTRK": 0,
        "INDUSTRYTR": 0,
        "OTHRTRK": 0,
        "WDCODE": "",
        "REVISIONDA": "1975/01/01 00:00:00",
        "LASTUPDATE": "9/22/2025",
        "AADT": "6",
        "AADTYEAR": "1994",
        "STATENAME": "TEXAS",
        "STATEAB": "TX",
        "COUNTYNAME": "BREWSTER",
        "CITYNAME": "ALPINE",
        "LATDD": 30.3205878,
        "LONGDD": -103.4659603,
        "gridlyProductionCertified": true,
        "gridlyClassification": "PUBLIC_ROADWAY",
        "gridlyDisplayName": "PRIVATE SEALE 77 RANCH",
        "gridlyId": "FRA-764196G"
      }
    },
    {
      "type": "Feature",
      "id": 213713,
      "geometry": {
        "type": "Point",
        "coordinates": [
          -103.557310800209,
          30.3811643996843
        ]
      },
      "properties": {
        "OBJECTID": 213713,
        "CROSSING": "764197N",
        "EFFDATE": 1758499200000,
        "REASON": "14",
        "StateCode": "48",
        "CountyCode": "48043",
        "STCYFIPS": "48043",
        "CITYCD": "480430100",
        "RAILROAD": "UP",
        "RRDIV": "SOUTH TEXAS",
        "RRSUBDIV": "SANDERSON SUB",
        "HIGHWAY": "PRIVATE",
        "STREET": "Private",
        "TTSTN": "697214",
        "MILEPOST": "0599.910",
        "TYPEXING": "Private",
        "POSXING": "At Grade",
        "PRVCAT": "14",
        "INIT": "1",
        "LATITUDE": 30.3811644,
        "LONGITUD": -103.5573108,
        "LLSOURCE": "1",
        "WHISTBAN": "0",
        "RRCONT": "4025443721",
        "POLCONT": "8008488715",
        "INV_LINK": "https://safetydata.fra.dot.gov/OfficeofSafety/PublicSite/Crossing/Crossing.aspx?phasetype=C&rpttype=I&txtcrossingnum=764197N",
        "ACC_LINK": "https://safetydata.fra.dot.gov/OfficeofSafety/PublicSite/Crossing/Crossing.aspx?phasetype=C&rpttype=A&txtcrossingnum=764197N",
        "TTSTNNAM": "",
        "XPURPOSE": "1",
        "OPERATINGR": "UP",
        "OPERATIN_1": "Primary",
        "DAYTHRU": 5,
        "NGHTTHRU": 4,
        "MAINTRK": 1,
        "SIDINGTRK": 1,
        "YARDTRK": 0,
        "TRANSITTRK": 0,
        "INDUSTRYTR": 0,
        "OTHRTRK": 0,
        "WDCODE": "",
        "REVISIONDA": "1975/01/01 00:00:00",
        "LASTUPDATE": "9/22/2025",
        "AADT": "1",
        "AADTYEAR": "1970",
        "STATENAME": "TEXAS",
        "STATEAB": "TX",
        "COUNTYNAME": "BREWSTER",
        "CITYNAME": "ALPINE",
        "LATDD": 30.3811644,
        "LONGDD": -103.5573108,
        "gridlyProductionCertified": true,
        "gridlyClassification": "PUBLIC_ROADWAY",
        "gridlyDisplayName": "Private",
        "gridlyId": "FRA-764197N"
      }
    },
    {
      "type": "Feature",
      "id": 213734,
      "geometry": {
        "type": "Point",
        "coordinates": [
          -103.458641000143,
          30.3043287000568
        ]
      },
      "properties": {
        "OBJECTID": 213734,
        "CROSSING": "764195A",
        "EFFDATE": 1758499200000,
        "REASON": "14",
        "StateCode": "48",
        "CountyCode": "48043",
        "STCYFIPS": "48043",
        "CITYCD": "480434305",
        "RAILROAD": "UP",
        "RRDIV": "SOUTH TEXAS",
        "RRSUBDIV": "SANDERSON SUB",
        "HIGHWAY": "PRIVATE",
        "STREET": "Private UPRR",
        "TTSTN": "697222",
        "MILEPOST": "0591.460",
        "TYPEXING": "Private",
        "POSXING": "At Grade",
        "PRVCAT": "14",
        "INIT": "1",
        "LATITUDE": 30.3043287,
        "LONGITUD": -103.458641,
        "LLSOURCE": "1",
        "WHISTBAN": "0",
        "RRCONT": "4025443721",
        "POLCONT": "8008488715",
        "INV_LINK": "https://safetydata.fra.dot.gov/OfficeofSafety/PublicSite/Crossing/Crossing.aspx?phasetype=C&rpttype=I&txtcrossingnum=764195A",
        "ACC_LINK": "https://safetydata.fra.dot.gov/OfficeofSafety/PublicSite/Crossing/Crossing.aspx?phasetype=C&rpttype=A&txtcrossingnum=764195A",
        "TTSTNNAM": "",
        "XPURPOSE": "1",
        "OPERATINGR": "UP",
        "OPERATIN_1": "Primary",
        "DAYTHRU": 5,
        "NGHTTHRU": 5,
        "MAINTRK": 1,
        "SIDINGTRK": 1,
        "YARDTRK": 0,
        "TRANSITTRK": 0,
        "INDUSTRYTR": 0,
        "OTHRTRK": 0,
        "WDCODE": "",
        "REVISIONDA": "1975/01/01 00:00:00",
        "LASTUPDATE": "9/22/2025",
        "AADT": "1",
        "AADTYEAR": "1970",
        "STATENAME": "TEXAS",
        "STATEAB": "TX",
        "COUNTYNAME": "BREWSTER",
        "CITYNAME": "MARATHON",
        "LATDD": 30.3043287,
        "LONGDD": -103.458641,
        "gridlyProductionCertified": true,
        "gridlyClassification": "PUBLIC_ROADWAY",
        "gridlyDisplayName": "Private UPRR",
        "gridlyId": "FRA-764195A"
      }
    },
    {
      "type": "Feature",
      "id": 215759,
      "geometry": {
        "type": "Point",
        "coordinates": [
          -103.254174600433,
          30.2075103997892
        ]
      },
      "properties": {
        "OBJECTID": 215759,
        "CROSSING": "920454N",
        "EFFDATE": 1767916800000,
        "REASON": "14",
        "StateCode": "48",
        "CountyCode": "48043",
        "STCYFIPS": "48043",
        "CITYCD": "480434305",
        "RAILROAD": "UP",
        "RRDIV": "SOUTH TEXAS",
        "RRSUBDIV": "SANDERSON SUB",
        "HIGHWAY": "LS0000",
        "STREET": "LEE STREET",
        "TTSTN": "697228",
        "MILEPOST": "0576.510",
        "TYPEXING": "Public",
        "POSXING": "At Grade",
        "PRVCAT": "14",
        "INIT": "2",
        "LATITUDE": 30.2075104,
        "LONGITUD": -103.2541746,
        "LLSOURCE": "1",
        "WHISTBAN": "0",
        "RRCONT": "4025443721",
        "POLCONT": "8008488715",
        "INV_LINK": "https://safetydata.fra.dot.gov/OfficeofSafety/PublicSite/Crossing/Crossing.aspx?phasetype=C&rpttype=I&txtcrossingnum=920454N",
        "ACC_LINK": "https://safetydata.fra.dot.gov/OfficeofSafety/PublicSite/Crossing/Crossing.aspx?phasetype=C&rpttype=A&txtcrossingnum=920454N",
        "TTSTNNAM": "",
        "XPURPOSE": "1",
        "OPERATINGR": "UP",
        "OPERATIN_1": "Primary",
        "DAYTHRU": 5,
        "NGHTTHRU": 5,
        "MAINTRK": 1,
        "SIDINGTRK": 0,
        "YARDTRK": 0,
        "TRANSITTRK": 0,
        "INDUSTRYTR": 0,
        "OTHRTRK": 0,
        "WDCODE": "Stop signs",
        "REVISIONDA": "1975/01/01 00:00:00",
        "LASTUPDATE": "1/9/2026",
        "AADT": "29",
        "AADTYEAR": "2022",
        "STATENAME": "TEXAS",
        "STATEAB": "TX",
        "COUNTYNAME": "BREWSTER",
        "CITYNAME": "MARATHON",
        "LATDD": 30.2075104,
        "LONGDD": -103.2541746,
        "gridlyProductionCertified": true,
        "gridlyClassification": "PUBLIC_ROADWAY",
        "gridlyDisplayName": "LEE STREET",
        "gridlyId": "FRA-920454N"
      }
    }
  ]
}
