{
  "type": "FeatureCollection",
  "features": [
    {
      "type": "Feature",
      "id": 201192,
      "geometry": {
        "type": "Point",
        "coordinates": [
          -98.5801260003885,
          27.4241530001392
        ]
      },
      "properties": {
        "OBJECTID": 201192,
        "CROSSING": "969771H",
        "EFFDATE": 1772064000000,
        "REASON": "14",
        "StateCode": "48",
        "CountyCode": "48131",
        "STCYFIPS": "48131",
        "CITYCD": "481315681",
        "RAILROAD": "TM",
        "RRDIV": "Border",
        "RRSUBDIV": "Laredo",
        "HIGHWAY": "Private",
        "STREET": "Wright Materials Xings",
        "TTSTN": "",
        "MILEPOST": "0073.910",
        "TYPEXING": "Private",
        "POSXING": "At Grade",
        "PRVCAT": "14",
        "INIT": "1",
        "LATITUDE": 27.424153,
        "LONGITUD": -98.580126,
        "LLSOURCE": "1",
        "WHISTBAN": "",
        "RRCONT": "3186766269",
        "POLCONT": "8775279464",
        "INV_LINK": "https://safetydata.fra.dot.gov/OfficeofSafety/PublicSite/Crossing/Crossing.aspx?phasetype=C&rpttype=I&txtcrossingnum=969771H",
        "ACC_LINK": "https://safetydata.fra.dot.gov/OfficeofSafety/PublicSite/Crossing/Crossing.aspx?phasetype=C&rpttype=A&txtcrossingnum=969771H",
        "TTSTNNAM": "realitos",
        "XPURPOSE": "1",
        "OPERATINGR": "CPKC",
        "OPERATIN_1": "Primary",
        "DAYTHRU": 0,
        "NGHTTHRU": 0,
        "MAINTRK": 0,
        "SIDINGTRK": 0,
        "YARDTRK": 0,
        "TRANSITTRK": 0,
        "INDUSTRYTR": 2,
        "OTHRTRK": 0,
        "WDCODE": "",
        "REVISIONDA": "1975/01/01 00:00:00",
        "LASTUPDATE": "2/26/2026",
        "AADT": "",
        "AADTYEAR": "",
        "STATENAME": "TEXAS",
        "STATEAB": "TX",
        "COUNTYNAME": "DUVAL",
        "CITYNAME": "REALITOS",
        "LATDD": 27.424153,
        "LONGDD": -98.580126,
        "gridlyProductionCertified": true,
        "gridlyClassification": "PUBLIC_ROADWAY",
        "gridlyDisplayName": "Wright Materials Xings",
        "gridlyId": "FRA-969771H"
      }
    },
    {
      "type": "Feature",
      "id": 201421,
      "geometry": {
        "type": "Point",
        "coordinates": [
          -98.2414629995848,
          27.7669530996737
        ]
      },
      "properties": {
        "OBJECTID": 201421,
        "CROSSING": "793674H",
        "EFFDATE": 1772064000000,
        "REASON": "14",
        "StateCode": "48",
        "CountyCode": "48131",
        "STCYFIPS": "48131",
        "CITYCD": "481316130",
        "RAILROAD": "TM",
        "RRDIV": "Border",
        "RRSUBDIV": "Laredo",
        "HIGHWAY": "ST 0000",
        "STREET": "PEREZ STREET",
        "TTSTN": "699140",
        "MILEPOST": "0109.100",
        "TYPEXING": "Public",
        "POSXING": "At Grade",
        "PRVCAT": "14",
        "INIT": "1",
        "LATITUDE": 27.7669531,
        "LONGITUD": -98.241463,
        "LLSOURCE": "1",
        "WHISTBAN": "0",
        "RRCONT": "3186766269",
        "POLCONT": "8775279464",
        "INV_LINK": "https://safetydata.fra.dot.gov/OfficeofSafety/PublicSite/Crossing/Crossing.aspx?phasetype=C&rpttype=I&txtcrossingnum=793674H",
        "ACC_LINK": "https://safetydata.fra.dot.gov/OfficeofSafety/PublicSite/Crossing/Crossing.aspx?phasetype=C&rpttype=A&txtcrossingnum=793674H",
        "TTSTNNAM": "699140",
        "XPURPOSE": "1",
        "OPERATINGR": "CPKC",
        "OPERATIN_1": "Primary",
        "DAYTHRU": 8,
        "NGHTTHRU": 7,
        "MAINTRK": 1,
        "SIDINGTRK": 0,
        "YARDTRK": 0,
        "TRANSITTRK": 0,
        "INDUSTRYTR": 0,
        "OTHRTRK": 0,
        "WDCODE": "All other Gates",
        "REVISIONDA": "1975/01/01 00:00:00",
        "LASTUPDATE": "2/26/2026",
        "AADT": "235",
        "AADTYEAR": "2023",
        "STATENAME": "TEXAS",
        "STATEAB": "TX",
        "COUNTYNAME": "DUVAL",
        "CITYNAME": "SAN DIEGO",
        "LATDD": 27.7669531,
        "LONGDD": -98.241463,
        "gridlyProductionCertified": true,
        "gridlyClassification": "PUBLIC_ROADWAY",
        "gridlyDisplayName": "PEREZ STREET",
        "gridlyId": "FRA-793674H"
      }
    },
    {
      "type": "Feature",
      "id": 201512,
      "geometry": {
        "type": "Point",
        "coordinates": [
          -98.2425840000413,
          27.7672070998144
        ]
      },
      "properties": {
        "OBJECTID": 201512,
        "CROSSING": "793691Y",
        "EFFDATE": 1772064000000,
        "REASON": "14",
        "StateCode": "48",
        "CountyCode": "48131",
        "STCYFIPS": "48131",
        "CITYCD": "481316130",
        "RAILROAD": "TM",
        "RRDIV": "Border",
        "RRSUBDIV": "Laredo",
        "HIGHWAY": "ST 0000",
        "STREET": "TOVAR STREET",
        "TTSTN": "699140",
        "MILEPOST": "0108.990",
        "TYPEXING": "Public",
        "POSXING": "At Grade",
        "PRVCAT": "14",
        "INIT": "1",
        "LATITUDE": 27.7672071,
        "LONGITUD": -98.242584,
        "LLSOURCE": "1",
        "WHISTBAN": "0",
        "RRCONT": "3186766269",
        "POLCONT": "8775279464",
        "INV_LINK": "https://safetydata.fra.dot.gov/OfficeofSafety/PublicSite/Crossing/Crossing.aspx?phasetype=C&rpttype=I&txtcrossingnum=793691Y",
        "ACC_LINK": "https://safetydata.fra.dot.gov/OfficeofSafety/PublicSite/Crossing/Crossing.aspx?phasetype=C&rpttype=A&txtcrossingnum=793691Y",
        "TTSTNNAM": "699140",
        "XPURPOSE": "1",
        "OPERATINGR": "CPKC",
        "OPERATIN_1": "Primary",
        "DAYTHRU": 8,
        "NGHTTHRU": 7,
        "MAINTRK": 1,
        "SIDINGTRK": 0,
        "YARDTRK": 0,
        "TRANSITTRK": 0,
        "INDUSTRYTR": 0,
        "OTHRTRK": 0,
        "WDCODE": "All other Gates",
        "REVISIONDA": "1975/01/01 00:00:00",
        "LASTUPDATE": "2/26/2026",
        "AADT": "284",
        "AADTYEAR": "2023",
        "STATENAME": "TEXAS",
        "STATEAB": "TX",
        "COUNTYNAME": "DUVAL",
        "CITYNAME": "SAN DIEGO",
        "LATDD": 27.7672071,
        "LONGDD": -98.242584,
        "gridlyProductionCertified": true,
        "gridlyClassification": "PUBLIC_ROADWAY",
        "gridlyDisplayName": "TOVAR STREET",
        "gridlyId": "FRA-793691Y"
      }
    },
    {
      "type": "Feature",
      "id": 202826,
      "geometry": {
        "type": "Point",
        "coordinates": [
          -98.3797669999919,
          27.6318100000833
        ]
      },
      "properties": {
        "OBJECTID": 202826,
        "CROSSING": "969651S",
        "EFFDATE": 1772064000000,
        "REASON": "14",
        "StateCode": "48",
        "CountyCode": "48131",
        "STCYFIPS": "48131",
        "CITYCD": "481310580",
        "RAILROAD": "TM",
        "RRDIV": "Border",
        "RRSUBDIV": "Laredo",
        "HIGHWAY": "NA",
        "STREET": "Private",
        "TTSTN": "",
        "MILEPOST": "0094.800",
        "TYPEXING": "Private",
        "POSXING": "At Grade",
        "PRVCAT": "14",
        "INIT": "1",
        "LATITUDE": 27.63181,
        "LONGITUD": -98.379767,
        "LLSOURCE": "1",
        "WHISTBAN": "",
        "RRCONT": "3186766269",
        "POLCONT": "8775279464",
        "INV_LINK": "https://safetydata.fra.dot.gov/OfficeofSafety/PublicSite/Crossing/Crossing.aspx?phasetype=C&rpttype=I&txtcrossingnum=969651S",
        "ACC_LINK": "https://safetydata.fra.dot.gov/OfficeofSafety/PublicSite/Crossing/Crossing.aspx?phasetype=C&rpttype=A&txtcrossingnum=969651S",
        "TTSTNNAM": "",
        "XPURPOSE": "1",
        "OPERATINGR": "CPKC",
        "OPERATIN_1": "Primary",
        "DAYTHRU": 8,
        "NGHTTHRU": 7,
        "MAINTRK": 1,
        "SIDINGTRK": 0,
        "YARDTRK": 0,
        "TRANSITTRK": 0,
        "INDUSTRYTR": 0,
        "OTHRTRK": 0,
        "WDCODE": "",
        "REVISIONDA": "1975/01/01 00:00:00",
        "LASTUPDATE": "2/26/2026",
        "AADT": "",
        "AADTYEAR": "",
        "STATENAME": "TEXAS",
        "STATEAB": "TX",
        "COUNTYNAME": "DUVAL",
        "CITYNAME": "BENAVIDES",
        "LATDD": 27.63181,
        "LONGDD": -98.379767,
        "gridlyProductionCertified": true,
        "gridlyClassification": "PUBLIC_ROADWAY",
        "gridlyDisplayName": "Private",
        "gridlyId": "FRA-969651S"
      }
    },
    {
      "type": "Feature",
      "id": 202831,
      "geometry": {
        "type": "Point",
        "coordinates": [
          -98.7860669999083,
          27.3767770001212
        ]
      },
      "properties": {
        "OBJECTID": 202831,
        "CROSSING": "969647C",
        "EFFDATE": 1772064000000,
        "REASON": "14",
        "StateCode": "48",
        "CountyCode": "48131",
        "STCYFIPS": "48131",
        "CITYCD": "484790958",
        "RAILROAD": "TM",
        "RRDIV": "Border",
        "RRSUBDIV": "Laredo",
        "HIGHWAY": "NA",
        "STREET": "Private",
        "TTSTN": "",
        "MILEPOST": "0053.400",
        "TYPEXING": "Private",
        "POSXING": "At Grade",
        "PRVCAT": "14",
        "INIT": "1",
        "LATITUDE": 27.376777,
        "LONGITUD": -98.786067,
        "LLSOURCE": "1",
        "WHISTBAN": "",
        "RRCONT": "3186766269",
        "POLCONT": "8775279464",
        "INV_LINK": "https://safetydata.fra.dot.gov/OfficeofSafety/PublicSite/Crossing/Crossing.aspx?phasetype=C&rpttype=I&txtcrossingnum=969647C",
        "ACC_LINK": "https://safetydata.fra.dot.gov/OfficeofSafety/PublicSite/Crossing/Crossing.aspx?phasetype=C&rpttype=A&txtcrossingnum=969647C",
        "TTSTNNAM": "",
        "XPURPOSE": "1",
        "OPERATINGR": "CPKC",
        "OPERATIN_1": "Primary",
        "DAYTHRU": 7,
        "NGHTTHRU": 7,
        "MAINTRK": 1,
        "SIDINGTRK": 0,
        "YARDTRK": 0,
        "TRANSITTRK": 0,
        "INDUSTRYTR": 0,
        "OTHRTRK": 0,
        "WDCODE": "",
        "REVISIONDA": "1975/01/01 00:00:00",
        "LASTUPDATE": "2/26/2026",
        "AADT": "",
        "AADTYEAR": "",
        "STATENAME": "TEXAS",
        "STATEAB": "TX",
        "COUNTYNAME": "DUVAL",
        "CITYNAME": "BRUNI",
        "LATDD": 27.376777,
        "LONGDD": -98.786067,
        "gridlyProductionCertified": true,
        "gridlyClassification": "PUBLIC_ROADWAY",
        "gridlyDisplayName": "Private",
        "gridlyId": "FRA-969647C"
      }
    },
    {
      "type": "Feature",
      "id": 202914,
      "geometry": {
        "type": "Point",
        "coordinates": [
          -98.5283070003294,
          27.4470489997711
        ]
      },
      "properties": {
        "OBJECTID": 202914,
        "CROSSING": "793711H",
        "EFFDATE": 1772064000000,
        "REASON": "14",
        "StateCode": "48",
        "CountyCode": "48131",
        "STCYFIPS": "48131",
        "CITYCD": "481315681",
        "RAILROAD": "TM",
        "RRDIV": "Border",
        "RRSUBDIV": "Laredo",
        "HIGHWAY": "CO 0834",
        "STREET": "SHAW STREET",
        "TTSTN": "699167",
        "MILEPOST": "0076.900",
        "TYPEXING": "Public",
        "POSXING": "At Grade",
        "PRVCAT": "14",
        "INIT": "1",
        "LATITUDE": 27.447049,
        "LONGITUD": -98.528307,
        "LLSOURCE": "1",
        "WHISTBAN": "0",
        "RRCONT": "3186766269",
        "POLCONT": "8775279464",
        "INV_LINK": "https://safetydata.fra.dot.gov/OfficeofSafety/PublicSite/Crossing/Crossing.aspx?phasetype=C&rpttype=I&txtcrossingnum=793711H",
        "ACC_LINK": "https://safetydata.fra.dot.gov/OfficeofSafety/PublicSite/Crossing/Crossing.aspx?phasetype=C&rpttype=A&txtcrossingnum=793711H",
        "TTSTNNAM": "699167",
        "XPURPOSE": "1",
        "OPERATINGR": "CPKC",
        "OPERATIN_1": "Primary",
        "DAYTHRU": 8,
        "NGHTTHRU": 7,
        "MAINTRK": 1,
        "SIDINGTRK": 1,
        "YARDTRK": 0,
        "TRANSITTRK": 0,
        "INDUSTRYTR": 0,
        "OTHRTRK": 1,
        "WDCODE": "Crossbucks",
        "REVISIONDA": "1975/01/01 00:00:00",
        "LASTUPDATE": "2/26/2026",
        "AADT": "10",
        "AADTYEAR": "2023",
        "STATENAME": "TEXAS",
        "STATEAB": "TX",
        "COUNTYNAME": "DUVAL",
        "CITYNAME": "REALITOS",
        "LATDD": 27.447049,
        "LONGDD": -98.528307,
        "gridlyProductionCertified": true,
        "gridlyClassification": "PUBLIC_ROADWAY",
        "gridlyDisplayName": "SHAW STREET",
        "gridlyId": "FRA-793711H"
      }
    },
    {
      "type": "Feature",
      "id": 202920,
      "geometry": {
        "type": "Point",
        "coordinates": [
          -98.4018070001978,
          27.6009019997389
        ]
      },
      "properties": {
        "OBJECTID": 202920,
        "CROSSING": "793685V",
        "EFFDATE": 1772409600000,
        "REASON": "14",
        "StateCode": "48",
        "CountyCode": "48131",
        "STCYFIPS": "48131",
        "CITYCD": "481310580",
        "RAILROAD": "TM",
        "RRDIV": "Border",
        "RRSUBDIV": "Laredo",
        "HIGHWAY": "NA",
        "STREET": "Private",
        "TTSTN": "699157",
        "MILEPOST": "0092.100",
        "TYPEXING": "Private",
        "POSXING": "At Grade",
        "PRVCAT": "14",
        "INIT": "1",
        "LATITUDE": 27.600902,
        "LONGITUD": -98.401807,
        "LLSOURCE": "1",
        "WHISTBAN": "0",
        "RRCONT": "3186766269",
        "POLCONT": "8775279464",
        "INV_LINK": "https://safetydata.fra.dot.gov/OfficeofSafety/PublicSite/Crossing/Crossing.aspx?phasetype=C&rpttype=I&txtcrossingnum=793685V",
        "ACC_LINK": "https://safetydata.fra.dot.gov/OfficeofSafety/PublicSite/Crossing/Crossing.aspx?phasetype=C&rpttype=A&txtcrossingnum=793685V",
        "TTSTNNAM": "699157",
        "XPURPOSE": "1",
        "OPERATINGR": "CPKC",
        "OPERATIN_1": "Primary",
        "DAYTHRU": 8,
        "NGHTTHRU": 7,
        "MAINTRK": 1,
        "SIDINGTRK": 0,
        "YARDTRK": 0,
        "TRANSITTRK": 0,
        "INDUSTRYTR": 0,
        "OTHRTRK": 0,
        "WDCODE": "",
        "REVISIONDA": "1975/01/01 00:00:00",
        "LASTUPDATE": "3/2/2026",
        "AADT": "1",
        "AADTYEAR": "1970",
        "STATENAME": "TEXAS",
        "STATEAB": "TX",
        "COUNTYNAME": "DUVAL",
        "CITYNAME": "BENAVIDES",
        "LATDD": 27.600902,
        "LONGDD": -98.401807,
        "gridlyProductionCertified": true,
        "gridlyClassification": "PUBLIC_ROADWAY",
        "gridlyDisplayName": "Private",
        "gridlyId": "FRA-793685V"
      }
    },
    {
      "type": "Feature",
      "id": 202923,
      "geometry": {
        "type": "Point",
        "coordinates": [
          -98.2487329996021,
          27.7565809996477
        ]
      },
      "properties": {
        "OBJECTID": 202923,
        "CROSSING": "793961V",
        "EFFDATE": 1772409600000,
        "REASON": "14",
        "StateCode": "48",
        "CountyCode": "48131",
        "STCYFIPS": "48131",
        "CITYCD": "481316130",
        "RAILROAD": "TM",
        "RRDIV": "Border",
        "RRSUBDIV": "Laredo",
        "HIGHWAY": "NA",
        "STREET": "DUVAL CO CR DIS",
        "TTSTN": "699140",
        "MILEPOST": "0108.110",
        "TYPEXING": "Private",
        "POSXING": "At Grade",
        "PRVCAT": "14",
        "INIT": "1",
        "LATITUDE": 27.756581,
        "LONGITUD": -98.248733,
        "LLSOURCE": "1",
        "WHISTBAN": "0",
        "RRCONT": "3186766269",
        "POLCONT": "8775279464",
        "INV_LINK": "https://safetydata.fra.dot.gov/OfficeofSafety/PublicSite/Crossing/Crossing.aspx?phasetype=C&rpttype=I&txtcrossingnum=793961V",
        "ACC_LINK": "https://safetydata.fra.dot.gov/OfficeofSafety/PublicSite/Crossing/Crossing.aspx?phasetype=C&rpttype=A&txtcrossingnum=793961V",
        "TTSTNNAM": "699140",
        "XPURPOSE": "1",
        "OPERATINGR": "CPKC",
        "OPERATIN_1": "Primary",
        "DAYTHRU": 8,
        "NGHTTHRU": 7,
        "MAINTRK": 1,
        "SIDINGTRK": 0,
        "YARDTRK": 0,
        "TRANSITTRK": 0,
        "INDUSTRYTR": 0,
        "OTHRTRK": 0,
        "WDCODE": "",
        "REVISIONDA": "1975/01/01 00:00:00",
        "LASTUPDATE": "3/2/2026",
        "AADT": "1",
        "AADTYEAR": "1979",
        "STATENAME": "TEXAS",
        "STATEAB": "TX",
        "COUNTYNAME": "DUVAL",
        "CITYNAME": "SAN DIEGO",
        "LATDD": 27.756581,
        "LONGDD": -98.248733,
        "gridlyProductionCertified": true,
        "gridlyClassification": "PUBLIC_ROADWAY",
        "gridlyDisplayName": "DUVAL CO CR DIS",
        "gridlyId": "FRA-793961V"
      }
    },
    {
      "type": "Feature",
      "id": 203004,
      "geometry": {
        "type": "Point",
        "coordinates": [
          -98.3400779997233,
          27.6870490000531
        ]
      },
      "properties": {
        "OBJECTID": 203004,
        "CROSSING": "793724J",
        "EFFDATE": 1772409600000,
        "REASON": "14",
        "StateCode": "48",
        "CountyCode": "48131",
        "STCYFIPS": "48131",
        "CITYCD": "481310580",
        "RAILROAD": "TM",
        "RRDIV": "Border",
        "RRSUBDIV": "Laredo",
        "HIGHWAY": "NA",
        "STREET": "PRIVATE ROAD",
        "TTSTN": "699140",
        "MILEPOST": "0100.300",
        "TYPEXING": "Private",
        "POSXING": "At Grade",
        "PRVCAT": "14",
        "INIT": "1",
        "LATITUDE": 27.687049,
        "LONGITUD": -98.340078,
        "LLSOURCE": "1",
        "WHISTBAN": "0",
        "RRCONT": "3186766269",
        "POLCONT": "8775279464",
        "INV_LINK": "https://safetydata.fra.dot.gov/OfficeofSafety/PublicSite/Crossing/Crossing.aspx?phasetype=C&rpttype=I&txtcrossingnum=793724J",
        "ACC_LINK": "https://safetydata.fra.dot.gov/OfficeofSafety/PublicSite/Crossing/Crossing.aspx?phasetype=C&rpttype=A&txtcrossingnum=793724J",
        "TTSTNNAM": "699140",
        "XPURPOSE": "1",
        "OPERATINGR": "CPKC",
        "OPERATIN_1": "Primary",
        "DAYTHRU": 8,
        "NGHTTHRU": 7,
        "MAINTRK": 1,
        "SIDINGTRK": 0,
        "YARDTRK": 0,
        "TRANSITTRK": 0,
        "INDUSTRYTR": 0,
        "OTHRTRK": 0,
        "WDCODE": "",
        "REVISIONDA": "1975/01/01 00:00:00",
        "LASTUPDATE": "3/2/2026",
        "AADT": "1",
        "AADTYEAR": "1970",
        "STATENAME": "TEXAS",
        "STATEAB": "TX",
        "COUNTYNAME": "DUVAL",
        "CITYNAME": "BENAVIDES",
        "LATDD": 27.687049,
        "LONGDD": -98.340078,
        "gridlyProductionCertified": true,
        "gridlyClassification": "PUBLIC_ROADWAY",
        "gridlyDisplayName": "PRIVATE ROAD",
        "gridlyId": "FRA-793724J"
      }
    },
    {
      "type": "Feature",
      "id": 203025,
      "geometry": {
        "type": "Point",
        "coordinates": [
          -98.3863929995787,
          27.6101589998024
        ]
      },
      "properties": {
        "OBJECTID": 203025,
        "CROSSING": "793643J",
        "EFFDATE": 1772064000000,
        "REASON": "14",
        "StateCode": "48",
        "CountyCode": "48131",
        "STCYFIPS": "48131",
        "CITYCD": "481310580",
        "RAILROAD": "TM",
        "RRDIV": "Border",
        "RRSUBDIV": "Laredo",
        "HIGHWAY": "NA",
        "STREET": "PRIVATE ROAD",
        "TTSTN": "699157",
        "MILEPOST": "0093.350",
        "TYPEXING": "Private",
        "POSXING": "At Grade",
        "PRVCAT": "14",
        "INIT": "1",
        "LATITUDE": 27.610159,
        "LONGITUD": -98.386393,
        "LLSOURCE": "1",
        "WHISTBAN": "0",
        "RRCONT": "3186766269",
        "POLCONT": "8775279464",
        "INV_LINK": "https://safetydata.fra.dot.gov/OfficeofSafety/PublicSite/Crossing/Crossing.aspx?phasetype=C&rpttype=I&txtcrossingnum=793643J",
        "ACC_LINK": "https://safetydata.fra.dot.gov/OfficeofSafety/PublicSite/Crossing/Crossing.aspx?phasetype=C&rpttype=A&txtcrossingnum=793643J",
        "TTSTNNAM": "699157",
        "XPURPOSE": "1",
        "OPERATINGR": "CPKC",
        "OPERATIN_1": "Primary",
        "DAYTHRU": 8,
        "NGHTTHRU": 7,
        "MAINTRK": 1,
        "SIDINGTRK": 0,
        "YARDTRK": 0,
        "TRANSITTRK": 0,
        "INDUSTRYTR": 0,
        "OTHRTRK": 0,
        "WDCODE": "",
        "REVISIONDA": "1975/01/01 00:00:00",
        "LASTUPDATE": "2/26/2026",
        "AADT": "1",
        "AADTYEAR": "1970",
        "STATENAME": "TEXAS",
        "STATEAB": "TX",
        "COUNTYNAME": "DUVAL",
        "CITYNAME": "BENAVIDES",
        "LATDD": 27.610159,
        "LONGDD": -98.386393,
        "gridlyProductionCertified": true,
        "gridlyClassification": "PUBLIC_ROADWAY",
        "gridlyDisplayName": "PRIVATE ROAD",
        "gridlyId": "FRA-793643J"
      }
    },
    {
      "type": "Feature",
      "id": 203049,
      "geometry": {
        "type": "Point",
        "coordinates": [
          -98.3460830002424,
          27.6817470001369
        ]
      },
      "properties": {
        "OBJECTID": 203049,
        "CROSSING": "969652Y",
        "EFFDATE": 1772064000000,
        "REASON": "14",
        "StateCode": "48",
        "CountyCode": "48131",
        "STCYFIPS": "48131",
        "CITYCD": "481310580",
        "RAILROAD": "TM",
        "RRDIV": "Border",
        "RRSUBDIV": "Laredo",
        "HIGHWAY": "NA",
        "STREET": "Private",
        "TTSTN": "",
        "MILEPOST": "0099.800",
        "TYPEXING": "Private",
        "POSXING": "At Grade",
        "PRVCAT": "14",
        "INIT": "1",
        "LATITUDE": 27.681747,
        "LONGITUD": -98.346083,
        "LLSOURCE": "1",
        "WHISTBAN": "",
        "RRCONT": "3186766269",
        "POLCONT": "8775279464",
        "INV_LINK": "https://safetydata.fra.dot.gov/OfficeofSafety/PublicSite/Crossing/Crossing.aspx?phasetype=C&rpttype=I&txtcrossingnum=969652Y",
        "ACC_LINK": "https://safetydata.fra.dot.gov/OfficeofSafety/PublicSite/Crossing/Crossing.aspx?phasetype=C&rpttype=A&txtcrossingnum=969652Y",
        "TTSTNNAM": "",
        "XPURPOSE": "1",
        "OPERATINGR": "CPKC",
        "OPERATIN_1": "Primary",
        "DAYTHRU": 8,
        "NGHTTHRU": 7,
        "MAINTRK": 1,
        "SIDINGTRK": 0,
        "YARDTRK": 0,
        "TRANSITTRK": 0,
        "INDUSTRYTR": 0,
        "OTHRTRK": 0,
        "WDCODE": "",
        "REVISIONDA": "1975/01/01 00:00:00",
        "LASTUPDATE": "2/26/2026",
        "AADT": "",
        "AADTYEAR": "",
        "STATENAME": "TEXAS",
        "STATEAB": "TX",
        "COUNTYNAME": "DUVAL",
        "CITYNAME": "BENAVIDES",
        "LATDD": 27.681747,
        "LONGDD": -98.346083,
        "gridlyProductionCertified": true,
        "gridlyClassification": "PUBLIC_ROADWAY",
        "gridlyDisplayName": "Private",
        "gridlyId": "FRA-969652Y"
      }
    },
    {
      "type": "Feature",
      "id": 203051,
      "geometry": {
        "type": "Point",
        "coordinates": [
          -98.4146159996806,
          27.5977540000844
        ]
      },
      "properties": {
        "OBJECTID": 203051,
        "CROSSING": "793673B",
        "EFFDATE": 1772064000000,
        "REASON": "14",
        "StateCode": "48",
        "CountyCode": "48131",
        "STCYFIPS": "48131",
        "CITYCD": "481310580",
        "RAILROAD": "TM",
        "RRDIV": "Border",
        "RRSUBDIV": "Laredo",
        "HIGHWAY": "SH 339",
        "STREET": "TEXAS BLVD",
        "TTSTN": "699157",
        "MILEPOST": "0091.250",
        "TYPEXING": "Public",
        "POSXING": "At Grade",
        "PRVCAT": "14",
        "INIT": "1",
        "LATITUDE": 27.597754,
        "LONGITUD": -98.414616,
        "LLSOURCE": "1",
        "WHISTBAN": "0",
        "RRCONT": "3186766269",
        "POLCONT": "8775279464",
        "INV_LINK": "https://safetydata.fra.dot.gov/OfficeofSafety/PublicSite/Crossing/Crossing.aspx?phasetype=C&rpttype=I&txtcrossingnum=793673B",
        "ACC_LINK": "https://safetydata.fra.dot.gov/OfficeofSafety/PublicSite/Crossing/Crossing.aspx?phasetype=C&rpttype=A&txtcrossingnum=793673B",
        "TTSTNNAM": "699157",
        "XPURPOSE": "1",
        "OPERATINGR": "CPKC",
        "OPERATIN_1": "Primary",
        "DAYTHRU": 8,
        "NGHTTHRU": 7,
        "MAINTRK": 1,
        "SIDINGTRK": 0,
        "YARDTRK": 0,
        "TRANSITTRK": 0,
        "INDUSTRYTR": 0,
        "OTHRTRK": 0,
        "WDCODE": "All other Gates",
        "REVISIONDA": "1975/01/01 00:00:00",
        "LASTUPDATE": "2/26/2026",
        "AADT": "1923",
        "AADTYEAR": "2024",
        "STATENAME": "TEXAS",
        "STATEAB": "TX",
        "COUNTYNAME": "DUVAL",
        "CITYNAME": "BENAVIDES",
        "LATDD": 27.597754,
        "LONGDD": -98.414616,
        "gridlyProductionCertified": true,
        "gridlyClassification": "PUBLIC_ROADWAY",
        "gridlyDisplayName": "TEXAS BLVD",
        "gridlyId": "FRA-793673B"
      }
    },
    {
      "type": "Feature",
      "id": 203052,
      "geometry": {
        "type": "Point",
        "coordinates": [
          -98.4992320002828,
          27.5094110003633
        ]
      },
      "properties": {
        "OBJECTID": 203052,
        "CROSSING": "793715K",
        "EFFDATE": 1772064000000,
        "REASON": "14",
        "StateCode": "48",
        "CountyCode": "48131",
        "STCYFIPS": "48131",
        "CITYCD": "481315681",
        "RAILROAD": "TM",
        "RRDIV": "Border",
        "RRSUBDIV": "Laredo",
        "HIGHWAY": "NA",
        "STREET": "PRIVATE ROAD",
        "TTSTN": "699610",
        "MILEPOST": "0082.400",
        "TYPEXING": "Private",
        "POSXING": "At Grade",
        "PRVCAT": "14",
        "INIT": "1",
        "LATITUDE": 27.509411,
        "LONGITUD": -98.499232,
        "LLSOURCE": "1",
        "WHISTBAN": "0",
        "RRCONT": "3186766269",
        "POLCONT": "8775279464",
        "INV_LINK": "https://safetydata.fra.dot.gov/OfficeofSafety/PublicSite/Crossing/Crossing.aspx?phasetype=C&rpttype=I&txtcrossingnum=793715K",
        "ACC_LINK": "https://safetydata.fra.dot.gov/OfficeofSafety/PublicSite/Crossing/Crossing.aspx?phasetype=C&rpttype=A&txtcrossingnum=793715K",
        "TTSTNNAM": "699610",
        "XPURPOSE": "1",
        "OPERATINGR": "CPKC",
        "OPERATIN_1": "Primary",
        "DAYTHRU": 8,
        "NGHTTHRU": 7,
        "MAINTRK": 1,
        "SIDINGTRK": 0,
        "YARDTRK": 0,
        "TRANSITTRK": 0,
        "INDUSTRYTR": 0,
        "OTHRTRK": 0,
        "WDCODE": "",
        "REVISIONDA": "1975/01/01 00:00:00",
        "LASTUPDATE": "2/26/2026",
        "AADT": "1",
        "AADTYEAR": "1970",
        "STATENAME": "TEXAS",
        "STATEAB": "TX",
        "COUNTYNAME": "DUVAL",
        "CITYNAME": "REALITOS",
        "LATDD": 27.509411,
        "LONGDD": -98.499232,
        "gridlyProductionCertified": true,
        "gridlyClassification": "PUBLIC_ROADWAY",
        "gridlyDisplayName": "PRIVATE ROAD",
        "gridlyId": "FRA-793715K"
      }
    },
    {
      "type": "Feature",
      "id": 203427,
      "geometry": {
        "type": "Point",
        "coordinates": [
          -98.4091290000937,
          27.599102100288
        ]
      },
      "properties": {
        "OBJECTID": 203427,
        "CROSSING": "793681T",
        "EFFDATE": 1772064000000,
        "REASON": "14",
        "StateCode": "48",
        "CountyCode": "48131",
        "STCYFIPS": "48131",
        "CITYCD": "481310580",
        "RAILROAD": "TM",
        "RRDIV": "Border",
        "RRSUBDIV": "Laredo",
        "HIGHWAY": "ST 0000",
        "STREET": "CLARK STREET",
        "TTSTN": "699157",
        "MILEPOST": "0091.600",
        "TYPEXING": "Public",
        "POSXING": "At Grade",
        "PRVCAT": "14",
        "INIT": "1",
        "LATITUDE": 27.5991021,
        "LONGITUD": -98.409129,
        "LLSOURCE": "1",
        "WHISTBAN": "0",
        "RRCONT": "3186766269",
        "POLCONT": "8775279464",
        "INV_LINK": "https://safetydata.fra.dot.gov/OfficeofSafety/PublicSite/Crossing/Crossing.aspx?phasetype=C&rpttype=I&txtcrossingnum=793681T",
        "ACC_LINK": "https://safetydata.fra.dot.gov/OfficeofSafety/PublicSite/Crossing/Crossing.aspx?phasetype=C&rpttype=A&txtcrossingnum=793681T",
        "TTSTNNAM": "699157",
        "XPURPOSE": "1",
        "OPERATINGR": "CPKC",
        "OPERATIN_1": "Primary",
        "DAYTHRU": 8,
        "NGHTTHRU": 7,
        "MAINTRK": 1,
        "SIDINGTRK": 0,
        "YARDTRK": 0,
        "TRANSITTRK": 0,
        "INDUSTRYTR": 0,
        "OTHRTRK": 0,
        "WDCODE": "All other Gates",
        "REVISIONDA": "1975/01/01 00:00:00",
        "LASTUPDATE": "2/26/2026",
        "AADT": "85",
        "AADTYEAR": "2023",
        "STATENAME": "TEXAS",
        "STATEAB": "TX",
        "COUNTYNAME": "DUVAL",
        "CITYNAME": "BENAVIDES",
        "LATDD": 27.5991021,
        "LONGDD": -98.409129,
        "gridlyProductionCertified": true,
        "gridlyClassification": "PUBLIC_ROADWAY",
        "gridlyDisplayName": "CLARK STREET",
        "gridlyId": "FRA-793681T"
      }
    },
    {
      "type": "Feature",
      "id": 203430,
      "geometry": {
        "type": "Point",
        "coordinates": [
          -98.5746869995839,
          27.399628000274
        ]
      },
      "properties": {
        "OBJECTID": 203430,
        "CROSSING": "793708A",
        "EFFDATE": 1772409600000,
        "REASON": "14",
        "StateCode": "48",
        "CountyCode": "48131",
        "STCYFIPS": "48131",
        "CITYCD": "481315681",
        "RAILROAD": "TM",
        "RRDIV": "Border",
        "RRSUBDIV": "Laredo",
        "HIGHWAY": "NA",
        "STREET": "PRIVATE ROAD",
        "TTSTN": "699167",
        "MILEPOST": "0072.400",
        "TYPEXING": "Private",
        "POSXING": "At Grade",
        "PRVCAT": "14",
        "INIT": "1",
        "LATITUDE": 27.399628,
        "LONGITUD": -98.574687,
        "LLSOURCE": "1",
        "WHISTBAN": "0",
        "RRCONT": "3186766269",
        "POLCONT": "8775279464",
        "INV_LINK": "https://safetydata.fra.dot.gov/OfficeofSafety/PublicSite/Crossing/Crossing.aspx?phasetype=C&rpttype=I&txtcrossingnum=793708A",
        "ACC_LINK": "https://safetydata.fra.dot.gov/OfficeofSafety/PublicSite/Crossing/Crossing.aspx?phasetype=C&rpttype=A&txtcrossingnum=793708A",
        "TTSTNNAM": "699167",
        "XPURPOSE": "1",
        "OPERATINGR": "CPKC",
        "OPERATIN_1": "Primary",
        "DAYTHRU": 7,
        "NGHTTHRU": 7,
        "MAINTRK": 1,
        "SIDINGTRK": 0,
        "YARDTRK": 0,
        "TRANSITTRK": 0,
        "INDUSTRYTR": 0,
        "OTHRTRK": 0,
        "WDCODE": "",
        "REVISIONDA": "1975/01/01 00:00:00",
        "LASTUPDATE": "3/2/2026",
        "AADT": "1",
        "AADTYEAR": "1970",
        "STATENAME": "TEXAS",
        "STATEAB": "TX",
        "COUNTYNAME": "DUVAL",
        "CITYNAME": "REALITOS",
        "LATDD": 27.399628,
        "LONGDD": -98.574687,
        "gridlyProductionCertified": true,
        "gridlyClassification": "PUBLIC_ROADWAY",
        "gridlyDisplayName": "PRIVATE ROAD",
        "gridlyId": "FRA-793708A"
      }
    },
    {
      "type": "Feature",
      "id": 203472,
      "geometry": {
        "type": "Point",
        "coordinates": [
          -98.2460201000205,
          27.7649200001311
        ]
      },
      "properties": {
        "OBJECTID": 203472,
        "CROSSING": "793687J",
        "EFFDATE": 1772409600000,
        "REASON": "14",
        "StateCode": "48",
        "CountyCode": "48131",
        "STCYFIPS": "48131",
        "CITYCD": "481316130",
        "RAILROAD": "TM",
        "RRDIV": "Border",
        "RRSUBDIV": "Laredo",
        "HIGHWAY": "ST 0000",
        "STREET": "COLLINS AVE",
        "TTSTN": "699140",
        "MILEPOST": "0108.700",
        "TYPEXING": "Public",
        "POSXING": "At Grade",
        "PRVCAT": "14",
        "INIT": "1",
        "LATITUDE": 27.76492,
        "LONGITUD": -98.2460201,
        "LLSOURCE": "1",
        "WHISTBAN": "0",
        "RRCONT": "3186766269",
        "POLCONT": "8775279464",
        "INV_LINK": "https://safetydata.fra.dot.gov/OfficeofSafety/PublicSite/Crossing/Crossing.aspx?phasetype=C&rpttype=I&txtcrossingnum=793687J",
        "ACC_LINK": "https://safetydata.fra.dot.gov/OfficeofSafety/PublicSite/Crossing/Crossing.aspx?phasetype=C&rpttype=A&txtcrossingnum=793687J",
        "TTSTNNAM": "699140",
        "XPURPOSE": "1",
        "OPERATINGR": "CPKC",
        "OPERATIN_1": "Primary",
        "DAYTHRU": 8,
        "NGHTTHRU": 7,
        "MAINTRK": 1,
        "SIDINGTRK": 0,
        "YARDTRK": 0,
        "TRANSITTRK": 0,
        "INDUSTRYTR": 0,
        "OTHRTRK": 0,
        "WDCODE": "All other Gates",
        "REVISIONDA": "1975/01/01 00:00:00",
        "LASTUPDATE": "3/2/2026",
        "AADT": "112",
        "AADTYEAR": "2023",
        "STATENAME": "TEXAS",
        "STATEAB": "TX",
        "COUNTYNAME": "DUVAL",
        "CITYNAME": "SAN DIEGO",
        "LATDD": 27.76492,
        "LONGDD": -98.2460201,
        "gridlyProductionCertified": true,
        "gridlyClassification": "PUBLIC_ROADWAY",
        "gridlyDisplayName": "COLLINS AVE",
        "gridlyId": "FRA-793687J"
      }
    },
    {
      "type": "Feature",
      "id": 203754,
      "geometry": {
        "type": "Point",
        "coordinates": [
          -98.4541390002679,
          27.5887110000848
        ]
      },
      "properties": {
        "OBJECTID": 203754,
        "CROSSING": "793718F",
        "EFFDATE": 1772064000000,
        "REASON": "14",
        "StateCode": "48",
        "CountyCode": "48131",
        "STCYFIPS": "48131",
        "CITYCD": "481310580",
        "RAILROAD": "TM",
        "RRDIV": "Border",
        "RRSUBDIV": "Laredo",
        "HIGHWAY": "FM 2295",
        "STREET": "FM 2295",
        "TTSTN": "699157",
        "MILEPOST": "0088.740",
        "TYPEXING": "Public",
        "POSXING": "At Grade",
        "PRVCAT": "14",
        "INIT": "1",
        "LATITUDE": 27.588711,
        "LONGITUD": -98.454139,
        "LLSOURCE": "1",
        "WHISTBAN": "0",
        "RRCONT": "3186766269",
        "POLCONT": "8775279464",
        "INV_LINK": "https://safetydata.fra.dot.gov/OfficeofSafety/PublicSite/Crossing/Crossing.aspx?phasetype=C&rpttype=I&txtcrossingnum=793718F",
        "ACC_LINK": "https://safetydata.fra.dot.gov/OfficeofSafety/PublicSite/Crossing/Crossing.aspx?phasetype=C&rpttype=A&txtcrossingnum=793718F",
        "TTSTNNAM": "699157",
        "XPURPOSE": "1",
        "OPERATINGR": "CPKC",
        "OPERATIN_1": "Primary",
        "DAYTHRU": 8,
        "NGHTTHRU": 7,
        "MAINTRK": 1,
        "SIDINGTRK": 0,
        "YARDTRK": 0,
        "TRANSITTRK": 0,
        "INDUSTRYTR": 0,
        "OTHRTRK": 0,
        "WDCODE": "All other Gates",
        "REVISIONDA": "1975/01/01 00:00:00",
        "LASTUPDATE": "2/26/2026",
        "AADT": "161",
        "AADTYEAR": "2024",
        "STATENAME": "TEXAS",
        "STATEAB": "TX",
        "COUNTYNAME": "DUVAL",
        "CITYNAME": "BENAVIDES",
        "LATDD": 27.588711,
        "LONGDD": -98.454139,
        "gridlyProductionCertified": true,
        "gridlyClassification": "PUBLIC_ROADWAY",
        "gridlyDisplayName": "FM 2295",
        "gridlyId": "FRA-793718F"
      }
    },
    {
      "type": "Feature",
      "id": 203792,
      "geometry": {
        "type": "Point",
        "coordinates": [
          -98.2403610002931,
          27.766671100225
        ]
      },
      "properties": {
        "OBJECTID": 203792,
        "CROSSING": "793675P",
        "EFFDATE": 1772064000000,
        "REASON": "14",
        "StateCode": "48",
        "CountyCode": "48131",
        "STCYFIPS": "48131",
        "CITYCD": "481316130",
        "RAILROAD": "TM",
        "RRDIV": "Border",
        "RRSUBDIV": "Laredo",
        "HIGHWAY": "ST 0000",
        "STREET": "GARCIA ST",
        "TTSTN": "699140",
        "MILEPOST": "0109.140",
        "TYPEXING": "Public",
        "POSXING": "At Grade",
        "PRVCAT": "14",
        "INIT": "1",
        "LATITUDE": 27.7666711,
        "LONGITUD": -98.240361,
        "LLSOURCE": "1",
        "WHISTBAN": "0",
        "RRCONT": "3186766269",
        "POLCONT": "8775279464",
        "INV_LINK": "https://safetydata.fra.dot.gov/OfficeofSafety/PublicSite/Crossing/Crossing.aspx?phasetype=C&rpttype=I&txtcrossingnum=793675P",
        "ACC_LINK": "https://safetydata.fra.dot.gov/OfficeofSafety/PublicSite/Crossing/Crossing.aspx?phasetype=C&rpttype=A&txtcrossingnum=793675P",
        "TTSTNNAM": "699140",
        "XPURPOSE": "1",
        "OPERATINGR": "CPKC",
        "OPERATIN_1": "Primary",
        "DAYTHRU": 8,
        "NGHTTHRU": 7,
        "MAINTRK": 1,
        "SIDINGTRK": 0,
        "YARDTRK": 0,
        "TRANSITTRK": 0,
        "INDUSTRYTR": 0,
        "OTHRTRK": 0,
        "WDCODE": "All other Gates",
        "REVISIONDA": "1975/01/01 00:00:00",
        "LASTUPDATE": "2/26/2026",
        "AADT": "194",
        "AADTYEAR": "2023",
        "STATENAME": "TEXAS",
        "STATEAB": "TX",
        "COUNTYNAME": "DUVAL",
        "CITYNAME": "SAN DIEGO",
        "LATDD": 27.7666711,
        "LONGDD": -98.240361,
        "gridlyProductionCertified": true,
        "gridlyClassification": "PUBLIC_ROADWAY",
        "gridlyDisplayName": "GARCIA ST",
        "gridlyId": "FRA-793675P"
      }
    },
    {
      "type": "Feature",
      "id": 203915,
      "geometry": {
        "type": "Point",
        "coordinates": [
          -98.246621000182,
          27.7630261002569
        ]
      },
      "properties": {
        "OBJECTID": 203915,
        "CROSSING": "793686C",
        "EFFDATE": 1772064000000,
        "REASON": "14",
        "StateCode": "48",
        "CountyCode": "48131",
        "STCYFIPS": "48131",
        "CITYCD": "481316130",
        "RAILROAD": "TM",
        "RRDIV": "Border",
        "RRSUBDIV": "Laredo",
        "HIGHWAY": "ST 0000",
        "STREET": "ST PETERS AVE",
        "TTSTN": "699140",
        "MILEPOST": "0108.600",
        "TYPEXING": "Public",
        "POSXING": "At Grade",
        "PRVCAT": "14",
        "INIT": "1",
        "LATITUDE": 27.7630261,
        "LONGITUD": -98.246621,
        "LLSOURCE": "1",
        "WHISTBAN": "0",
        "RRCONT": "3186766269",
        "POLCONT": "8775279464",
        "INV_LINK": "https://safetydata.fra.dot.gov/OfficeofSafety/PublicSite/Crossing/Crossing.aspx?phasetype=C&rpttype=I&txtcrossingnum=793686C",
        "ACC_LINK": "https://safetydata.fra.dot.gov/OfficeofSafety/PublicSite/Crossing/Crossing.aspx?phasetype=C&rpttype=A&txtcrossingnum=793686C",
        "TTSTNNAM": "699140",
        "XPURPOSE": "1",
        "OPERATINGR": "CPKC",
        "OPERATIN_1": "Primary",
        "DAYTHRU": 8,
        "NGHTTHRU": 7,
        "MAINTRK": 1,
        "SIDINGTRK": 0,
        "YARDTRK": 0,
        "TRANSITTRK": 0,
        "INDUSTRYTR": 0,
        "OTHRTRK": 0,
        "WDCODE": "All other Gates",
        "REVISIONDA": "1975/01/01 00:00:00",
        "LASTUPDATE": "2/26/2026",
        "AADT": "240",
        "AADTYEAR": "2023",
        "STATENAME": "TEXAS",
        "STATEAB": "TX",
        "COUNTYNAME": "DUVAL",
        "CITYNAME": "SAN DIEGO",
        "LATDD": 27.7630261,
        "LONGDD": -98.246621,
        "gridlyProductionCertified": true,
        "gridlyClassification": "PUBLIC_ROADWAY",
        "gridlyDisplayName": "ST PETERS AVE",
        "gridlyId": "FRA-793686C"
      }
    },
    {
      "type": "Feature",
      "id": 204087,
      "geometry": {
        "type": "Point",
        "coordinates": [
          -98.7727040004066,
          27.3573280003808
        ]
      },
      "properties": {
        "OBJECTID": 204087,
        "CROSSING": "793638M",
        "EFFDATE": 1772064000000,
        "REASON": "14",
        "StateCode": "48",
        "CountyCode": "48131",
        "STCYFIPS": "48131",
        "CITYCD": "482473080",
        "RAILROAD": "TM",
        "RRDIV": "Border",
        "RRSUBDIV": "Laredo",
        "HIGHWAY": "NA",
        "STREET": "GAMA",
        "TTSTN": "699610",
        "MILEPOST": "0054.900",
        "TYPEXING": "Private",
        "POSXING": "At Grade",
        "PRVCAT": "14",
        "INIT": "1",
        "LATITUDE": 27.357328,
        "LONGITUD": -98.772704,
        "LLSOURCE": "1",
        "WHISTBAN": "0",
        "RRCONT": "3186766269",
        "POLCONT": "8775279464",
        "INV_LINK": "https://safetydata.fra.dot.gov/OfficeofSafety/PublicSite/Crossing/Crossing.aspx?phasetype=C&rpttype=I&txtcrossingnum=793638M",
        "ACC_LINK": "https://safetydata.fra.dot.gov/OfficeofSafety/PublicSite/Crossing/Crossing.aspx?phasetype=C&rpttype=A&txtcrossingnum=793638M",
        "TTSTNNAM": "699610",
        "XPURPOSE": "1",
        "OPERATINGR": "CPKC",
        "OPERATIN_1": "Primary",
        "DAYTHRU": 7,
        "NGHTTHRU": 7,
        "MAINTRK": 1,
        "SIDINGTRK": 0,
        "YARDTRK": 0,
        "TRANSITTRK": 0,
        "INDUSTRYTR": 0,
        "OTHRTRK": 0,
        "WDCODE": "",
        "REVISIONDA": "1975/01/01 00:00:00",
        "LASTUPDATE": "2/26/2026",
        "AADT": "1",
        "AADTYEAR": "1970",
        "STATENAME": "TEXAS",
        "STATEAB": "TX",
        "COUNTYNAME": "DUVAL",
        "CITYNAME": "HEBBRONVILLE",
        "LATDD": 27.357328,
        "LONGDD": -98.772704,
        "gridlyProductionCertified": true,
        "gridlyClassification": "PUBLIC_ROADWAY",
        "gridlyDisplayName": "GAMA",
        "gridlyId": "FRA-793638M"
      }
    },
    {
      "type": "Feature",
      "id": 204109,
      "geometry": {
        "type": "Point",
        "coordinates": [
          -98.4661279995931,
          27.5643329999021
        ]
      },
      "properties": {
        "OBJECTID": 204109,
        "CROSSING": "793717Y",
        "EFFDATE": 1772064000000,
        "REASON": "14",
        "StateCode": "48",
        "CountyCode": "48131",
        "STCYFIPS": "48131",
        "CITYCD": "481310580",
        "RAILROAD": "TM",
        "RRDIV": "Border",
        "RRSUBDIV": "Laredo",
        "HIGHWAY": "NA",
        "STREET": "PRIVATE ROAD",
        "TTSTN": "699157",
        "MILEPOST": "0086.900",
        "TYPEXING": "Private",
        "POSXING": "At Grade",
        "PRVCAT": "14",
        "INIT": "1",
        "LATITUDE": 27.564333,
        "LONGITUD": -98.466128,
        "LLSOURCE": "1",
        "WHISTBAN": "0",
        "RRCONT": "3186766269",
        "POLCONT": "8775279464",
        "INV_LINK": "https://safetydata.fra.dot.gov/OfficeofSafety/PublicSite/Crossing/Crossing.aspx?phasetype=C&rpttype=I&txtcrossingnum=793717Y",
        "ACC_LINK": "https://safetydata.fra.dot.gov/OfficeofSafety/PublicSite/Crossing/Crossing.aspx?phasetype=C&rpttype=A&txtcrossingnum=793717Y",
        "TTSTNNAM": "699157",
        "XPURPOSE": "1",
        "OPERATINGR": "CPKC",
        "OPERATIN_1": "Primary",
        "DAYTHRU": 8,
        "NGHTTHRU": 7,
        "MAINTRK": 1,
        "SIDINGTRK": 0,
        "YARDTRK": 0,
        "TRANSITTRK": 0,
        "INDUSTRYTR": 0,
        "OTHRTRK": 0,
        "WDCODE": "",
        "REVISIONDA": "1975/01/01 00:00:00",
        "LASTUPDATE": "2/26/2026",
        "AADT": "1",
        "AADTYEAR": "1970",
        "STATENAME": "TEXAS",
        "STATEAB": "TX",
        "COUNTYNAME": "DUVAL",
        "CITYNAME": "BENAVIDES",
        "LATDD": 27.564333,
        "LONGDD": -98.466128,
        "gridlyProductionCertified": true,
        "gridlyClassification": "PUBLIC_ROADWAY",
        "gridlyDisplayName": "PRIVATE ROAD",
        "gridlyId": "FRA-793717Y"
      }
    },
    {
      "type": "Feature",
      "id": 204128,
      "geometry": {
        "type": "Point",
        "coordinates": [
          -98.2438229996003,
          27.7671391000602
        ]
      },
      "properties": {
        "OBJECTID": 204128,
        "CROSSING": "793690S",
        "EFFDATE": 1772064000000,
        "REASON": "14",
        "StateCode": "48",
        "CountyCode": "48131",
        "STCYFIPS": "48131",
        "CITYCD": "481316130",
        "RAILROAD": "TM",
        "RRDIV": "Border",
        "RRSUBDIV": "Laredo",
        "HIGHWAY": "ST 0000",
        "STREET": "TREVINO STREET",
        "TTSTN": "699140",
        "MILEPOST": "0108.920",
        "TYPEXING": "Public",
        "POSXING": "At Grade",
        "PRVCAT": "14",
        "INIT": "1",
        "LATITUDE": 27.7671391,
        "LONGITUD": -98.243823,
        "LLSOURCE": "1",
        "WHISTBAN": "0",
        "RRCONT": "3186766269",
        "POLCONT": "8775279464",
        "INV_LINK": "https://safetydata.fra.dot.gov/OfficeofSafety/PublicSite/Crossing/Crossing.aspx?phasetype=C&rpttype=I&txtcrossingnum=793690S",
        "ACC_LINK": "https://safetydata.fra.dot.gov/OfficeofSafety/PublicSite/Crossing/Crossing.aspx?phasetype=C&rpttype=A&txtcrossingnum=793690S",
        "TTSTNNAM": "699140",
        "XPURPOSE": "1",
        "OPERATINGR": "CPKC",
        "OPERATIN_1": "Primary",
        "DAYTHRU": 8,
        "NGHTTHRU": 7,
        "MAINTRK": 1,
        "SIDINGTRK": 0,
        "YARDTRK": 0,
        "TRANSITTRK": 0,
        "INDUSTRYTR": 0,
        "OTHRTRK": 0,
        "WDCODE": "All other Gates",
        "REVISIONDA": "1975/01/01 00:00:00",
        "LASTUPDATE": "2/26/2026",
        "AADT": "139",
        "AADTYEAR": "2023",
        "STATENAME": "TEXAS",
        "STATEAB": "TX",
        "COUNTYNAME": "DUVAL",
        "CITYNAME": "SAN DIEGO",
        "LATDD": 27.7671391,
        "LONGDD": -98.243823,
        "gridlyProductionCertified": true,
        "gridlyClassification": "PUBLIC_ROADWAY",
        "gridlyDisplayName": "TREVINO STREET",
        "gridlyId": "FRA-793690S"
      }
    },
    {
      "type": "Feature",
      "id": 204237,
      "geometry": {
        "type": "Point",
        "coordinates": [
          -98.4118659996778,
          27.5984301002303
        ]
      },
      "properties": {
        "OBJECTID": 204237,
        "CROSSING": "793679S",
        "EFFDATE": 1772064000000,
        "REASON": "14",
        "StateCode": "48",
        "CountyCode": "48131",
        "STCYFIPS": "48131",
        "CITYCD": "481310580",
        "RAILROAD": "TM",
        "RRDIV": "Border",
        "RRSUBDIV": "Laredo",
        "HIGHWAY": "ST 0000",
        "STREET": "COURT STREET",
        "TTSTN": "699157",
        "MILEPOST": "0091.400",
        "TYPEXING": "Public",
        "POSXING": "At Grade",
        "PRVCAT": "14",
        "INIT": "1",
        "LATITUDE": 27.5984301,
        "LONGITUD": -98.411866,
        "LLSOURCE": "1",
        "WHISTBAN": "0",
        "RRCONT": "3186766269",
        "POLCONT": "8775279464",
        "INV_LINK": "https://safetydata.fra.dot.gov/OfficeofSafety/PublicSite/Crossing/Crossing.aspx?phasetype=C&rpttype=I&txtcrossingnum=793679S",
        "ACC_LINK": "https://safetydata.fra.dot.gov/OfficeofSafety/PublicSite/Crossing/Crossing.aspx?phasetype=C&rpttype=A&txtcrossingnum=793679S",
        "TTSTNNAM": "699157",
        "XPURPOSE": "1",
        "OPERATINGR": "CPKC",
        "OPERATIN_1": "Primary",
        "DAYTHRU": 8,
        "NGHTTHRU": 7,
        "MAINTRK": 1,
        "SIDINGTRK": 0,
        "YARDTRK": 0,
        "TRANSITTRK": 0,
        "INDUSTRYTR": 0,
        "OTHRTRK": 0,
        "WDCODE": "All other Gates",
        "REVISIONDA": "1975/01/01 00:00:00",
        "LASTUPDATE": "2/26/2026",
        "AADT": "197",
        "AADTYEAR": "2023",
        "STATENAME": "TEXAS",
        "STATEAB": "TX",
        "COUNTYNAME": "DUVAL",
        "CITYNAME": "BENAVIDES",
        "LATDD": 27.5984301,
        "LONGDD": -98.411866,
        "gridlyProductionCertified": true,
        "gridlyClassification": "PUBLIC_ROADWAY",
        "gridlyDisplayName": "COURT STREET",
        "gridlyId": "FRA-793679S"
      }
    },
    {
      "type": "Feature",
      "id": 206313,
      "geometry": {
        "type": "Point",
        "coordinates": [
          -98.5712460001931,
          27.4112939997835
        ]
      },
      "properties": {
        "OBJECTID": 206313,
        "CROSSING": "793940C",
        "EFFDATE": 1772064000000,
        "REASON": "14",
        "StateCode": "48",
        "CountyCode": "48131",
        "STCYFIPS": "48131",
        "CITYCD": "481315681",
        "RAILROAD": "TM",
        "RRDIV": "Border",
        "RRSUBDIV": "Laredo",
        "HIGHWAY": "US 0359",
        "STREET": "US 0359",
        "TTSTN": "699167",
        "MILEPOST": "0073.200",
        "TYPEXING": "Public",
        "POSXING": "RR Under",
        "PRVCAT": "14",
        "INIT": "1",
        "LATITUDE": 27.411294,
        "LONGITUD": -98.571246,
        "LLSOURCE": "1",
        "WHISTBAN": "0",
        "RRCONT": "3186766269",
        "POLCONT": "8775279464",
        "INV_LINK": "https://safetydata.fra.dot.gov/OfficeofSafety/PublicSite/Crossing/Crossing.aspx?phasetype=C&rpttype=I&txtcrossingnum=793940C",
        "ACC_LINK": "https://safetydata.fra.dot.gov/OfficeofSafety/PublicSite/Crossing/Crossing.aspx?phasetype=C&rpttype=A&txtcrossingnum=793940C",
        "TTSTNNAM": "699167",
        "XPURPOSE": "1",
        "OPERATINGR": "CPKC",
        "OPERATIN_1": "Primary",
        "DAYTHRU": 7,
        "NGHTTHRU": 7,
        "MAINTRK": 1,
        "SIDINGTRK": 0,
        "YARDTRK": 0,
        "TRANSITTRK": 0,
        "INDUSTRYTR": 0,
        "OTHRTRK": 0,
        "WDCODE": "",
        "REVISIONDA": "1975/01/01 00:00:00",
        "LASTUPDATE": "2/26/2026",
        "AADT": "1600",
        "AADTYEAR": "2009",
        "STATENAME": "TEXAS",
        "STATEAB": "TX",
        "COUNTYNAME": "DUVAL",
        "CITYNAME": "REALITOS",
        "LATDD": 27.411294,
        "LONGDD": -98.571246,
        "gridlyProductionCertified": true,
        "gridlyClassification": "PUBLIC_ROADWAY",
        "gridlyDisplayName": "US 0359",
        "gridlyId": "FRA-793940C"
      }
    },
    {
      "type": "Feature",
      "id": 211412,
      "geometry": {
        "type": "Point",
        "coordinates": [
          -98.3320310001043,
          27.6928870003502
        ]
      },
      "properties": {
        "OBJECTID": 211412,
        "CROSSING": "793725R",
        "EFFDATE": 1772064000000,
        "REASON": "14",
        "StateCode": "48",
        "CountyCode": "48131",
        "STCYFIPS": "48131",
        "CITYCD": "481316130",
        "RAILROAD": "TM",
        "RRDIV": "Border",
        "RRSUBDIV": "Laredo",
        "HIGHWAY": "NA",
        "STREET": "PRIVATE ROAD",
        "TTSTN": "699140",
        "MILEPOST": "0100.900",
        "TYPEXING": "Private",
        "POSXING": "At Grade",
        "PRVCAT": "14",
        "INIT": "1",
        "LATITUDE": 27.692887,
        "LONGITUD": -98.332031,
        "LLSOURCE": "1",
        "WHISTBAN": "0",
        "RRCONT": "3186766269",
        "POLCONT": "8775279464",
        "INV_LINK": "https://safetydata.fra.dot.gov/OfficeofSafety/PublicSite/Crossing/Crossing.aspx?phasetype=C&rpttype=I&txtcrossingnum=793725R",
        "ACC_LINK": "https://safetydata.fra.dot.gov/OfficeofSafety/PublicSite/Crossing/Crossing.aspx?phasetype=C&rpttype=A&txtcrossingnum=793725R",
        "TTSTNNAM": "699140",
        "XPURPOSE": "1",
        "OPERATINGR": "CPKC",
        "OPERATIN_1": "Primary",
        "DAYTHRU": 8,
        "NGHTTHRU": 7,
        "MAINTRK": 1,
        "SIDINGTRK": 0,
        "YARDTRK": 0,
        "TRANSITTRK": 0,
        "INDUSTRYTR": 0,
        "OTHRTRK": 0,
        "WDCODE": "",
        "REVISIONDA": "1975/01/01 00:00:00",
        "LASTUPDATE": "2/26/2026",
        "AADT": "1",
        "AADTYEAR": "1970",
        "STATENAME": "TEXAS",
        "STATEAB": "TX",
        "COUNTYNAME": "DUVAL",
        "CITYNAME": "SAN DIEGO",
        "LATDD": 27.692887,
        "LONGDD": -98.332031,
        "gridlyProductionCertified": true,
        "gridlyClassification": "PUBLIC_ROADWAY",
        "gridlyDisplayName": "PRIVATE ROAD",
        "gridlyId": "FRA-793725R"
      }
    },
    {
      "type": "Feature",
      "id": 211457,
      "geometry": {
        "type": "Point",
        "coordinates": [
          -98.4332289998411,
          27.5931749997934
        ]
      },
      "properties": {
        "OBJECTID": 211457,
        "CROSSING": "793720G",
        "EFFDATE": 1772064000000,
        "REASON": "14",
        "StateCode": "48",
        "CountyCode": "48131",
        "STCYFIPS": "48131",
        "CITYCD": "481310580",
        "RAILROAD": "TM",
        "RRDIV": "Border",
        "RRSUBDIV": "Laredo",
        "HIGHWAY": "NA",
        "STREET": "PRIVATE ROAD",
        "TTSTN": "699157",
        "MILEPOST": "0090.100",
        "TYPEXING": "Private",
        "POSXING": "At Grade",
        "PRVCAT": "14",
        "INIT": "1",
        "LATITUDE": 27.593175,
        "LONGITUD": -98.433229,
        "LLSOURCE": "1",
        "WHISTBAN": "0",
        "RRCONT": "3186766269",
        "POLCONT": "8775279464",
        "INV_LINK": "https://safetydata.fra.dot.gov/OfficeofSafety/PublicSite/Crossing/Crossing.aspx?phasetype=C&rpttype=I&txtcrossingnum=793720G",
        "ACC_LINK": "https://safetydata.fra.dot.gov/OfficeofSafety/PublicSite/Crossing/Crossing.aspx?phasetype=C&rpttype=A&txtcrossingnum=793720G",
        "TTSTNNAM": "699157",
        "XPURPOSE": "1",
        "OPERATINGR": "CPKC",
        "OPERATIN_1": "Primary",
        "DAYTHRU": 8,
        "NGHTTHRU": 7,
        "MAINTRK": 1,
        "SIDINGTRK": 0,
        "YARDTRK": 0,
        "TRANSITTRK": 0,
        "INDUSTRYTR": 0,
        "OTHRTRK": 0,
        "WDCODE": "",
        "REVISIONDA": "1975/01/01 00:00:00",
        "LASTUPDATE": "2/26/2026",
        "AADT": "1",
        "AADTYEAR": "1970",
        "STATENAME": "TEXAS",
        "STATEAB": "TX",
        "COUNTYNAME": "DUVAL",
        "CITYNAME": "BENAVIDES",
        "LATDD": 27.593175,
        "LONGDD": -98.433229,
        "gridlyProductionCertified": true,
        "gridlyClassification": "PUBLIC_ROADWAY",
        "gridlyDisplayName": "PRIVATE ROAD",
        "gridlyId": "FRA-793720G"
      }
    },
    {
      "type": "Feature",
      "id": 213760,
      "geometry": {
        "type": "Point",
        "coordinates": [
          -98.2382260004085,
          27.7661191002375
        ]
      },
      "properties": {
        "OBJECTID": 213760,
        "CROSSING": "793677D",
        "EFFDATE": 1772064000000,
        "REASON": "14",
        "StateCode": "48",
        "CountyCode": "48131",
        "STCYFIPS": "48131",
        "CITYCD": "481316130",
        "RAILROAD": "TM",
        "RRDIV": "Border",
        "RRSUBDIV": "Laredo",
        "HIGHWAY": "ST 0000",
        "STREET": "CENTER ST",
        "TTSTN": "699140",
        "MILEPOST": "0109.270",
        "TYPEXING": "Public",
        "POSXING": "At Grade",
        "PRVCAT": "14",
        "INIT": "1",
        "LATITUDE": 27.7661191,
        "LONGITUD": -98.238226,
        "LLSOURCE": "1",
        "WHISTBAN": "0",
        "RRCONT": "3186766269",
        "POLCONT": "8775279464",
        "INV_LINK": "https://safetydata.fra.dot.gov/OfficeofSafety/PublicSite/Crossing/Crossing.aspx?phasetype=C&rpttype=I&txtcrossingnum=793677D",
        "ACC_LINK": "https://safetydata.fra.dot.gov/OfficeofSafety/PublicSite/Crossing/Crossing.aspx?phasetype=C&rpttype=A&txtcrossingnum=793677D",
        "TTSTNNAM": "699140",
        "XPURPOSE": "1",
        "OPERATINGR": "CPKC",
        "OPERATIN_1": "Primary",
        "DAYTHRU": 8,
        "NGHTTHRU": 7,
        "MAINTRK": 1,
        "SIDINGTRK": 0,
        "YARDTRK": 0,
        "TRANSITTRK": 0,
        "INDUSTRYTR": 0,
        "OTHRTRK": 0,
        "WDCODE": "All other Gates",
        "REVISIONDA": "1975/01/01 00:00:00",
        "LASTUPDATE": "2/26/2026",
        "AADT": "271",
        "AADTYEAR": "2023",
        "STATENAME": "TEXAS",
        "STATEAB": "TX",
        "COUNTYNAME": "DUVAL",
        "CITYNAME": "SAN DIEGO",
        "LATDD": 27.7661191,
        "LONGDD": -98.238226,
        "gridlyProductionCertified": true,
        "gridlyClassification": "PUBLIC_ROADWAY",
        "gridlyDisplayName": "CENTER ST",
        "gridlyId": "FRA-793677D"
      }
    },
    {
      "type": "Feature",
      "id": 214603,
      "geometry": {
        "type": "Point",
        "coordinates": [
          -98.5735519997819,
          27.4219029999984
        ]
      },
      "properties": {
        "OBJECTID": 214603,
        "CROSSING": "969770B",
        "EFFDATE": 1772064000000,
        "REASON": "14",
        "StateCode": "48",
        "CountyCode": "48131",
        "STCYFIPS": "48131",
        "CITYCD": "481315681",
        "RAILROAD": "TM",
        "RRDIV": "Border",
        "RRSUBDIV": "Laredo",
        "HIGHWAY": "Private",
        "STREET": "Private Road",
        "TTSTN": "",
        "MILEPOST": "0073.910",
        "TYPEXING": "Private",
        "POSXING": "At Grade",
        "PRVCAT": "14",
        "INIT": "1",
        "LATITUDE": 27.421903,
        "LONGITUD": -98.573552,
        "LLSOURCE": "1",
        "WHISTBAN": "",
        "RRCONT": "3186766269",
        "POLCONT": "8775279464",
        "INV_LINK": "https://safetydata.fra.dot.gov/OfficeofSafety/PublicSite/Crossing/Crossing.aspx?phasetype=C&rpttype=I&txtcrossingnum=969770B",
        "ACC_LINK": "https://safetydata.fra.dot.gov/OfficeofSafety/PublicSite/Crossing/Crossing.aspx?phasetype=C&rpttype=A&txtcrossingnum=969770B",
        "TTSTNNAM": "realitos",
        "XPURPOSE": "1",
        "OPERATINGR": "CPKC",
        "OPERATIN_1": "Primary",
        "DAYTHRU": 0,
        "NGHTTHRU": 0,
        "MAINTRK": 0,
        "SIDINGTRK": 0,
        "YARDTRK": 0,
        "TRANSITTRK": 0,
        "INDUSTRYTR": 2,
        "OTHRTRK": 0,
        "WDCODE": "",
        "REVISIONDA": "1975/01/01 00:00:00",
        "LASTUPDATE": "2/26/2026",
        "AADT": "",
        "AADTYEAR": "",
        "STATENAME": "TEXAS",
        "STATEAB": "TX",
        "COUNTYNAME": "DUVAL",
        "CITYNAME": "REALITOS",
        "LATDD": 27.421903,
        "LONGDD": -98.573552,
        "gridlyProductionCertified": true,
        "gridlyClassification": "PUBLIC_ROADWAY",
        "gridlyDisplayName": "Private Road",
        "gridlyId": "FRA-969770B"
      }
    },
    {
      "type": "Feature",
      "id": 214836,
      "geometry": {
        "type": "Point",
        "coordinates": [
          -98.5814939998189,
          27.3859819996704
        ]
      },
      "properties": {
        "OBJECTID": 214836,
        "CROSSING": "793707T",
        "EFFDATE": 1772409600000,
        "REASON": "14",
        "StateCode": "48",
        "CountyCode": "48131",
        "STCYFIPS": "48131",
        "CITYCD": "481315681",
        "RAILROAD": "TM",
        "RRDIV": "Border",
        "RRSUBDIV": "Laredo",
        "HIGHWAY": "NA",
        "STREET": "PRIVATE ROAD",
        "TTSTN": "699167",
        "MILEPOST": "0071.500",
        "TYPEXING": "Private",
        "POSXING": "At Grade",
        "PRVCAT": "14",
        "INIT": "1",
        "LATITUDE": 27.385982,
        "LONGITUD": -98.581494,
        "LLSOURCE": "1",
        "WHISTBAN": "0",
        "RRCONT": "3186766269",
        "POLCONT": "8775279464",
        "INV_LINK": "https://safetydata.fra.dot.gov/OfficeofSafety/PublicSite/Crossing/Crossing.aspx?phasetype=C&rpttype=I&txtcrossingnum=793707T",
        "ACC_LINK": "https://safetydata.fra.dot.gov/OfficeofSafety/PublicSite/Crossing/Crossing.aspx?phasetype=C&rpttype=A&txtcrossingnum=793707T",
        "TTSTNNAM": "699167",
        "XPURPOSE": "1",
        "OPERATINGR": "CPKC",
        "OPERATIN_1": "Primary",
        "DAYTHRU": 7,
        "NGHTTHRU": 7,
        "MAINTRK": 1,
        "SIDINGTRK": 0,
        "YARDTRK": 0,
        "TRANSITTRK": 0,
        "INDUSTRYTR": 0,
        "OTHRTRK": 0,
        "WDCODE": "",
        "REVISIONDA": "1975/01/01 00:00:00",
        "LASTUPDATE": "3/2/2026",
        "AADT": "1",
        "AADTYEAR": "1970",
        "STATENAME": "TEXAS",
        "STATEAB": "TX",
        "COUNTYNAME": "DUVAL",
        "CITYNAME": "REALITOS",
        "LATDD": 27.385982,
        "LONGDD": -98.581494,
        "gridlyProductionCertified": true,
        "gridlyClassification": "PUBLIC_ROADWAY",
        "gridlyDisplayName": "PRIVATE ROAD",
        "gridlyId": "FRA-793707T"
      }
    },
    {
      "type": "Feature",
      "id": 214850,
      "geometry": {
        "type": "Point",
        "coordinates": [
          -98.4482629996202,
          27.589910000209
        ]
      },
      "properties": {
        "OBJECTID": 214850,
        "CROSSING": "793719M",
        "EFFDATE": 1772064000000,
        "REASON": "14",
        "StateCode": "48",
        "CountyCode": "48131",
        "STCYFIPS": "48131",
        "CITYCD": "481310580",
        "RAILROAD": "TM",
        "RRDIV": "Border",
        "RRSUBDIV": "Laredo",
        "HIGHWAY": "NA",
        "STREET": "PRIVATE ROAD",
        "TTSTN": "699157",
        "MILEPOST": "0089.100",
        "TYPEXING": "Private",
        "POSXING": "At Grade",
        "PRVCAT": "14",
        "INIT": "1",
        "LATITUDE": 27.58991,
        "LONGITUD": -98.448263,
        "LLSOURCE": "1",
        "WHISTBAN": "0",
        "RRCONT": "3186766269",
        "POLCONT": "8775279464",
        "INV_LINK": "https://safetydata.fra.dot.gov/OfficeofSafety/PublicSite/Crossing/Crossing.aspx?phasetype=C&rpttype=I&txtcrossingnum=793719M",
        "ACC_LINK": "https://safetydata.fra.dot.gov/OfficeofSafety/PublicSite/Crossing/Crossing.aspx?phasetype=C&rpttype=A&txtcrossingnum=793719M",
        "TTSTNNAM": "699157",
        "XPURPOSE": "1",
        "OPERATINGR": "CPKC",
        "OPERATIN_1": "Primary",
        "DAYTHRU": 8,
        "NGHTTHRU": 7,
        "MAINTRK": 1,
        "SIDINGTRK": 0,
        "YARDTRK": 0,
        "TRANSITTRK": 0,
        "INDUSTRYTR": 0,
        "OTHRTRK": 0,
        "WDCODE": "",
        "REVISIONDA": "1975/01/01 00:00:00",
        "LASTUPDATE": "2/26/2026",
        "AADT": "1",
        "AADTYEAR": "1970",
        "STATENAME": "TEXAS",
        "STATEAB": "TX",
        "COUNTYNAME": "DUVAL",
        "CITYNAME": "BENAVIDES",
        "LATDD": 27.58991,
        "LONGDD": -98.448263,
        "gridlyProductionCertified": true,
        "gridlyClassification": "PUBLIC_ROADWAY",
        "gridlyDisplayName": "PRIVATE ROAD",
        "gridlyId": "FRA-793719M"
      }
    },
    {
      "type": "Feature",
      "id": 215741,
      "geometry": {
        "type": "Point",
        "coordinates": [
          -98.2955279998566,
          27.7185320003694
        ]
      },
      "properties": {
        "OBJECTID": 215741,
        "CROSSING": "793727E",
        "EFFDATE": 1772064000000,
        "REASON": "14",
        "StateCode": "48",
        "CountyCode": "48131",
        "STCYFIPS": "48131",
        "CITYCD": "481316130",
        "RAILROAD": "TM",
        "RRDIV": "Border",
        "RRSUBDIV": "Laredo",
        "HIGHWAY": "NA",
        "STREET": "PRIVATE ROAD",
        "TTSTN": "699140",
        "MILEPOST": "0103.900",
        "TYPEXING": "Private",
        "POSXING": "At Grade",
        "PRVCAT": "14",
        "INIT": "1",
        "LATITUDE": 27.718532,
        "LONGITUD": -98.295528,
        "LLSOURCE": "1",
        "WHISTBAN": "0",
        "RRCONT": "3186766269",
        "POLCONT": "8775279464",
        "INV_LINK": "https://safetydata.fra.dot.gov/OfficeofSafety/PublicSite/Crossing/Crossing.aspx?phasetype=C&rpttype=I&txtcrossingnum=793727E",
        "ACC_LINK": "https://safetydata.fra.dot.gov/OfficeofSafety/PublicSite/Crossing/Crossing.aspx?phasetype=C&rpttype=A&txtcrossingnum=793727E",
        "TTSTNNAM": "699140",
        "XPURPOSE": "1",
        "OPERATINGR": "CPKC",
        "OPERATIN_1": "Primary",
        "DAYTHRU": 8,
        "NGHTTHRU": 7,
        "MAINTRK": 1,
        "SIDINGTRK": 0,
        "YARDTRK": 0,
        "TRANSITTRK": 0,
        "INDUSTRYTR": 0,
        "OTHRTRK": 0,
        "WDCODE": "",
        "REVISIONDA": "1975/01/01 00:00:00",
        "LASTUPDATE": "2/26/2026",
        "AADT": "1",
        "AADTYEAR": "1970",
        "STATENAME": "TEXAS",
        "STATEAB": "TX",
        "COUNTYNAME": "DUVAL",
        "CITYNAME": "SAN DIEGO",
        "LATDD": 27.718532,
        "LONGDD": -98.295528,
        "gridlyProductionCertified": true,
        "gridlyClassification": "PUBLIC_ROADWAY",
        "gridlyDisplayName": "PRIVATE ROAD",
        "gridlyId": "FRA-793727E"
      }
    },
    {
      "type": "Feature",
      "id": 215807,
      "geometry": {
        "type": "Point",
        "coordinates": [
          -98.475757999626,
          27.5511320000833
        ]
      },
      "properties": {
        "OBJECTID": 215807,
        "CROSSING": "793960N",
        "EFFDATE": 1772064000000,
        "REASON": "14",
        "StateCode": "48",
        "CountyCode": "48131",
        "STCYFIPS": "48131",
        "CITYCD": "481310580",
        "RAILROAD": "TM",
        "RRDIV": "Border",
        "RRSUBDIV": "Laredo",
        "HIGHWAY": "CO 307",
        "STREET": "COUNTY PARK ROAD",
        "TTSTN": "699157",
        "MILEPOST": "0085.800",
        "TYPEXING": "Public",
        "POSXING": "At Grade",
        "PRVCAT": "14",
        "INIT": "1",
        "LATITUDE": 27.551132,
        "LONGITUD": -98.475758,
        "LLSOURCE": "1",
        "WHISTBAN": "0",
        "RRCONT": "3186766269",
        "POLCONT": "8775279464",
        "INV_LINK": "https://safetydata.fra.dot.gov/OfficeofSafety/PublicSite/Crossing/Crossing.aspx?phasetype=C&rpttype=I&txtcrossingnum=793960N",
        "ACC_LINK": "https://safetydata.fra.dot.gov/OfficeofSafety/PublicSite/Crossing/Crossing.aspx?phasetype=C&rpttype=A&txtcrossingnum=793960N",
        "TTSTNNAM": "699157",
        "XPURPOSE": "1",
        "OPERATINGR": "CPKC",
        "OPERATIN_1": "Primary",
        "DAYTHRU": 8,
        "NGHTTHRU": 7,
        "MAINTRK": 1,
        "SIDINGTRK": 0,
        "YARDTRK": 0,
        "TRANSITTRK": 0,
        "INDUSTRYTR": 0,
        "OTHRTRK": 0,
        "WDCODE": "Stop signs",
        "REVISIONDA": "1975/01/01 00:00:00",
        "LASTUPDATE": "2/26/2026",
        "AADT": "25",
        "AADTYEAR": "2019",
        "STATENAME": "TEXAS",
        "STATEAB": "TX",
        "COUNTYNAME": "DUVAL",
        "CITYNAME": "BENAVIDES",
        "LATDD": 27.551132,
        "LONGDD": -98.475758,
        "gridlyProductionCertified": true,
        "gridlyClassification": "PUBLIC_ROADWAY",
        "gridlyDisplayName": "COUNTY PARK ROAD",
        "gridlyId": "FRA-793960N"
      }
    },
    {
      "type": "Feature",
      "id": 215826,
      "geometry": {
        "type": "Point",
        "coordinates": [
          -98.2784830000414,
          27.7224069996867
        ]
      },
      "properties": {
        "OBJECTID": 215826,
        "CROSSING": "793944E",
        "EFFDATE": 1772064000000,
        "REASON": "14",
        "StateCode": "48",
        "CountyCode": "48131",
        "STCYFIPS": "48131",
        "CITYCD": "481316130",
        "RAILROAD": "TM",
        "RRDIV": "Border",
        "RRSUBDIV": "Laredo",
        "HIGHWAY": "NA",
        "STREET": "PRIVATE ROAD",
        "TTSTN": "699140",
        "MILEPOST": "0104.970",
        "TYPEXING": "Private",
        "POSXING": "At Grade",
        "PRVCAT": "14",
        "INIT": "1",
        "LATITUDE": 27.722407,
        "LONGITUD": -98.278483,
        "LLSOURCE": "1",
        "WHISTBAN": "0",
        "RRCONT": "3186766269",
        "POLCONT": "8775279464",
        "INV_LINK": "https://safetydata.fra.dot.gov/OfficeofSafety/PublicSite/Crossing/Crossing.aspx?phasetype=C&rpttype=I&txtcrossingnum=793944E",
        "ACC_LINK": "https://safetydata.fra.dot.gov/OfficeofSafety/PublicSite/Crossing/Crossing.aspx?phasetype=C&rpttype=A&txtcrossingnum=793944E",
        "TTSTNNAM": "699140",
        "XPURPOSE": "1",
        "OPERATINGR": "CPKC",
        "OPERATIN_1": "Primary",
        "DAYTHRU": 8,
        "NGHTTHRU": 7,
        "MAINTRK": 1,
        "SIDINGTRK": 0,
        "YARDTRK": 0,
        "TRANSITTRK": 0,
        "INDUSTRYTR": 0,
        "OTHRTRK": 0,
        "WDCODE": "",
        "REVISIONDA": "1975/01/01 00:00:00",
        "LASTUPDATE": "2/26/2026",
        "AADT": "1",
        "AADTYEAR": "1975",
        "STATENAME": "TEXAS",
        "STATEAB": "TX",
        "COUNTYNAME": "DUVAL",
        "CITYNAME": "SAN DIEGO",
        "LATDD": 27.722407,
        "LONGDD": -98.278483,
        "gridlyProductionCertified": true,
        "gridlyClassification": "PUBLIC_ROADWAY",
        "gridlyDisplayName": "PRIVATE ROAD",
        "gridlyId": "FRA-793944E"
      }
    },
    {
      "type": "Feature",
      "id": 215847,
      "geometry": {
        "type": "Point",
        "coordinates": [
          -98.4084190004392,
          27.5992760998304
        ]
      },
      "properties": {
        "OBJECTID": 215847,
        "CROSSING": "793682A",
        "EFFDATE": 1772064000000,
        "REASON": "14",
        "StateCode": "48",
        "CountyCode": "48131",
        "STCYFIPS": "48131",
        "CITYCD": "481310580",
        "RAILROAD": "TM",
        "RRDIV": "Border",
        "RRSUBDIV": "Laredo",
        "HIGHWAY": "FM 3196",
        "STREET": "FM 3196 - HUMBLE STREET",
        "TTSTN": "699157",
        "MILEPOST": "0091.610",
        "TYPEXING": "Public",
        "POSXING": "At Grade",
        "PRVCAT": "14",
        "INIT": "1",
        "LATITUDE": 27.5992761,
        "LONGITUD": -98.408419,
        "LLSOURCE": "1",
        "WHISTBAN": "0",
        "RRCONT": "3186766269",
        "POLCONT": "8775279464",
        "INV_LINK": "https://safetydata.fra.dot.gov/OfficeofSafety/PublicSite/Crossing/Crossing.aspx?phasetype=C&rpttype=I&txtcrossingnum=793682A",
        "ACC_LINK": "https://safetydata.fra.dot.gov/OfficeofSafety/PublicSite/Crossing/Crossing.aspx?phasetype=C&rpttype=A&txtcrossingnum=793682A",
        "TTSTNNAM": "699157",
        "XPURPOSE": "1",
        "OPERATINGR": "CPKC",
        "OPERATIN_1": "Primary",
        "DAYTHRU": 8,
        "NGHTTHRU": 7,
        "MAINTRK": 1,
        "SIDINGTRK": 0,
        "YARDTRK": 0,
        "TRANSITTRK": 0,
        "INDUSTRYTR": 0,
        "OTHRTRK": 0,
        "WDCODE": "All other Gates",
        "REVISIONDA": "1975/01/01 00:00:00",
        "LASTUPDATE": "2/26/2026",
        "AADT": "1566",
        "AADTYEAR": "2024",
        "STATENAME": "TEXAS",
        "STATEAB": "TX",
        "COUNTYNAME": "DUVAL",
        "CITYNAME": "BENAVIDES",
        "LATDD": 27.5992761,
        "LONGDD": -98.408419,
        "gridlyProductionCertified": true,
        "gridlyClassification": "PUBLIC_ROADWAY",
        "gridlyDisplayName": "FM 3196 - HUMBLE STREET",
        "gridlyId": "FRA-793682A"
      }
    },
    {
      "type": "Feature",
      "id": 215882,
      "geometry": {
        "type": "Point",
        "coordinates": [
          -98.5982969997848,
          27.3633029997025
        ]
      },
      "properties": {
        "OBJECTID": 215882,
        "CROSSING": "793706L",
        "EFFDATE": 1772064000000,
        "REASON": "14",
        "StateCode": "48",
        "CountyCode": "48131",
        "STCYFIPS": "48131",
        "CITYCD": "481315681",
        "RAILROAD": "TM",
        "RRDIV": "Border",
        "RRSUBDIV": "Laredo",
        "HIGHWAY": "NA",
        "STREET": "PRIVATE ROAD",
        "TTSTN": "699167",
        "MILEPOST": "0069.500",
        "TYPEXING": "Private",
        "POSXING": "At Grade",
        "PRVCAT": "14",
        "INIT": "1",
        "LATITUDE": 27.363303,
        "LONGITUD": -98.598297,
        "LLSOURCE": "1",
        "WHISTBAN": "0",
        "RRCONT": "3186766269",
        "POLCONT": "8775279464",
        "INV_LINK": "https://safetydata.fra.dot.gov/OfficeofSafety/PublicSite/Crossing/Crossing.aspx?phasetype=C&rpttype=I&txtcrossingnum=793706L",
        "ACC_LINK": "https://safetydata.fra.dot.gov/OfficeofSafety/PublicSite/Crossing/Crossing.aspx?phasetype=C&rpttype=A&txtcrossingnum=793706L",
        "TTSTNNAM": "699167",
        "XPURPOSE": "1",
        "OPERATINGR": "CPKC",
        "OPERATIN_1": "Primary",
        "DAYTHRU": 7,
        "NGHTTHRU": 7,
        "MAINTRK": 1,
        "SIDINGTRK": 0,
        "YARDTRK": 0,
        "TRANSITTRK": 0,
        "INDUSTRYTR": 0,
        "OTHRTRK": 0,
        "WDCODE": "",
        "REVISIONDA": "1975/01/01 00:00:00",
        "LASTUPDATE": "2/26/2026",
        "AADT": "1",
        "AADTYEAR": "1970",
        "STATENAME": "TEXAS",
        "STATEAB": "TX",
        "COUNTYNAME": "DUVAL",
        "CITYNAME": "REALITOS",
        "LATDD": 27.363303,
        "LONGDD": -98.598297,
        "gridlyProductionCertified": true,
        "gridlyClassification": "PUBLIC_ROADWAY",
        "gridlyDisplayName": "PRIVATE ROAD",
        "gridlyId": "FRA-793706L"
      }
    },
    {
      "type": "Feature",
      "id": 215893,
      "geometry": {
        "type": "Point",
        "coordinates": [
          -98.4178169997702,
          27.596963000108
        ]
      },
      "properties": {
        "OBJECTID": 215893,
        "CROSSING": "793721N",
        "EFFDATE": 1772064000000,
        "REASON": "14",
        "StateCode": "48",
        "CountyCode": "48131",
        "STCYFIPS": "48131",
        "CITYCD": "481310580",
        "RAILROAD": "TM",
        "RRDIV": "Border",
        "RRSUBDIV": "Laredo",
        "HIGHWAY": "NA",
        "STREET": "PRIVATE ROAD",
        "TTSTN": "699157",
        "MILEPOST": "0091.100",
        "TYPEXING": "Private",
        "POSXING": "At Grade",
        "PRVCAT": "14",
        "INIT": "1",
        "LATITUDE": 27.596963,
        "LONGITUD": -98.417817,
        "LLSOURCE": "1",
        "WHISTBAN": "0",
        "RRCONT": "3186766269",
        "POLCONT": "8775279464",
        "INV_LINK": "https://safetydata.fra.dot.gov/OfficeofSafety/PublicSite/Crossing/Crossing.aspx?phasetype=C&rpttype=I&txtcrossingnum=793721N",
        "ACC_LINK": "https://safetydata.fra.dot.gov/OfficeofSafety/PublicSite/Crossing/Crossing.aspx?phasetype=C&rpttype=A&txtcrossingnum=793721N",
        "TTSTNNAM": "699157",
        "XPURPOSE": "1",
        "OPERATINGR": "CPKC",
        "OPERATIN_1": "Primary",
        "DAYTHRU": 8,
        "NGHTTHRU": 7,
        "MAINTRK": 1,
        "SIDINGTRK": 0,
        "YARDTRK": 0,
        "TRANSITTRK": 0,
        "INDUSTRYTR": 0,
        "OTHRTRK": 0,
        "WDCODE": "",
        "REVISIONDA": "1975/01/01 00:00:00",
        "LASTUPDATE": "2/26/2026",
        "AADT": "1",
        "AADTYEAR": "1970",
        "STATENAME": "TEXAS",
        "STATEAB": "TX",
        "COUNTYNAME": "DUVAL",
        "CITYNAME": "BENAVIDES",
        "LATDD": 27.596963,
        "LONGDD": -98.417817,
        "gridlyProductionCertified": true,
        "gridlyClassification": "PUBLIC_ROADWAY",
        "gridlyDisplayName": "PRIVATE ROAD",
        "gridlyId": "FRA-793721N"
      }
    },
    {
      "type": "Feature",
      "id": 215895,
      "geometry": {
        "type": "Point",
        "coordinates": [
          -98.6053419996713,
          27.3467940001206
        ]
      },
      "properties": {
        "OBJECTID": 215895,
        "CROSSING": "793705E",
        "EFFDATE": 1772064000000,
        "REASON": "14",
        "StateCode": "48",
        "CountyCode": "48131",
        "STCYFIPS": "48131",
        "CITYCD": "481315681",
        "RAILROAD": "TM",
        "RRDIV": "Border",
        "RRSUBDIV": "Laredo",
        "HIGHWAY": "PVT",
        "STREET": "CO 274 / Private",
        "TTSTN": "699167",
        "MILEPOST": "0068.100",
        "TYPEXING": "Private",
        "POSXING": "At Grade",
        "PRVCAT": "14",
        "INIT": "1",
        "LATITUDE": 27.346794,
        "LONGITUD": -98.605342,
        "LLSOURCE": "1",
        "WHISTBAN": "0",
        "RRCONT": "3186766269",
        "POLCONT": "8775279464",
        "INV_LINK": "https://safetydata.fra.dot.gov/OfficeofSafety/PublicSite/Crossing/Crossing.aspx?phasetype=C&rpttype=I&txtcrossingnum=793705E",
        "ACC_LINK": "https://safetydata.fra.dot.gov/OfficeofSafety/PublicSite/Crossing/Crossing.aspx?phasetype=C&rpttype=A&txtcrossingnum=793705E",
        "TTSTNNAM": "699167",
        "XPURPOSE": "1",
        "OPERATINGR": "CPKC",
        "OPERATIN_1": "Primary",
        "DAYTHRU": 7,
        "NGHTTHRU": 7,
        "MAINTRK": 1,
        "SIDINGTRK": 0,
        "YARDTRK": 0,
        "TRANSITTRK": 0,
        "INDUSTRYTR": 0,
        "OTHRTRK": 0,
        "WDCODE": "",
        "REVISIONDA": "1975/01/01 00:00:00",
        "LASTUPDATE": "2/26/2026",
        "AADT": "1",
        "AADTYEAR": "1970",
        "STATENAME": "TEXAS",
        "STATEAB": "TX",
        "COUNTYNAME": "DUVAL",
        "CITYNAME": "REALITOS",
        "LATDD": 27.346794,
        "LONGDD": -98.605342,
        "gridlyProductionCertified": true,
        "gridlyClassification": "PUBLIC_ROADWAY",
        "gridlyDisplayName": "CO 274 / Private",
        "gridlyId": "FRA-793705E"
      }
    },
    {
      "type": "Feature",
      "id": 215897,
      "geometry": {
        "type": "Point",
        "coordinates": [
          -98.3640090003146,
          27.6666309999159
        ]
      },
      "properties": {
        "OBJECTID": 215897,
        "CROSSING": "793722V",
        "EFFDATE": 1772064000000,
        "REASON": "14",
        "StateCode": "48",
        "CountyCode": "48131",
        "STCYFIPS": "48131",
        "CITYCD": "481310580",
        "RAILROAD": "TM",
        "RRDIV": "Border",
        "RRSUBDIV": "Laredo",
        "HIGHWAY": "NA",
        "STREET": "PRIVATE ROAD",
        "TTSTN": "699157",
        "MILEPOST": "0098.100",
        "TYPEXING": "Private",
        "POSXING": "At Grade",
        "PRVCAT": "14",
        "INIT": "1",
        "LATITUDE": 27.666631,
        "LONGITUD": -98.364009,
        "LLSOURCE": "1",
        "WHISTBAN": "0",
        "RRCONT": "3186766269",
        "POLCONT": "8775279464",
        "INV_LINK": "https://safetydata.fra.dot.gov/OfficeofSafety/PublicSite/Crossing/Crossing.aspx?phasetype=C&rpttype=I&txtcrossingnum=793722V",
        "ACC_LINK": "https://safetydata.fra.dot.gov/OfficeofSafety/PublicSite/Crossing/Crossing.aspx?phasetype=C&rpttype=A&txtcrossingnum=793722V",
        "TTSTNNAM": "699157",
        "XPURPOSE": "1",
        "OPERATINGR": "CPKC",
        "OPERATIN_1": "Primary",
        "DAYTHRU": 8,
        "NGHTTHRU": 7,
        "MAINTRK": 1,
        "SIDINGTRK": 0,
        "YARDTRK": 0,
        "TRANSITTRK": 0,
        "INDUSTRYTR": 0,
        "OTHRTRK": 0,
        "WDCODE": "",
        "REVISIONDA": "1975/01/01 00:00:00",
        "LASTUPDATE": "2/26/2026",
        "AADT": "1",
        "AADTYEAR": "1970",
        "STATENAME": "TEXAS",
        "STATEAB": "TX",
        "COUNTYNAME": "DUVAL",
        "CITYNAME": "BENAVIDES",
        "LATDD": 27.666631,
        "LONGDD": -98.364009,
        "gridlyProductionCertified": true,
        "gridlyClassification": "PUBLIC_ROADWAY",
        "gridlyDisplayName": "PRIVATE ROAD",
        "gridlyId": "FRA-793722V"
      }
    },
    {
      "type": "Feature",
      "id": 215915,
      "geometry": {
        "type": "Point",
        "coordinates": [
          -98.4941289999371,
          27.4970950001293
        ]
      },
      "properties": {
        "OBJECTID": 215915,
        "CROSSING": "871664S",
        "EFFDATE": 1772064000000,
        "REASON": "14",
        "StateCode": "48",
        "CountyCode": "48131",
        "STCYFIPS": "48131",
        "CITYCD": "481315681",
        "RAILROAD": "KCS",
        "RRDIV": "Border",
        "RRSUBDIV": "Laredo",
        "HIGHWAY": "NA",
        "STREET": "MILLER",
        "TTSTN": "699167",
        "MILEPOST": "0081.300",
        "TYPEXING": "Private",
        "POSXING": "At Grade",
        "PRVCAT": "14",
        "INIT": "1",
        "LATITUDE": 27.497095,
        "LONGITUD": -98.494129,
        "LLSOURCE": "1",
        "WHISTBAN": "0",
        "RRCONT": "3186766269",
        "POLCONT": "8775279464",
        "INV_LINK": "https://safetydata.fra.dot.gov/OfficeofSafety/PublicSite/Crossing/Crossing.aspx?phasetype=C&rpttype=I&txtcrossingnum=871664S",
        "ACC_LINK": "https://safetydata.fra.dot.gov/OfficeofSafety/PublicSite/Crossing/Crossing.aspx?phasetype=C&rpttype=A&txtcrossingnum=871664S",
        "TTSTNNAM": "699167",
        "XPURPOSE": "1",
        "OPERATINGR": "CPKC",
        "OPERATIN_1": "Primary",
        "DAYTHRU": 8,
        "NGHTTHRU": 7,
        "MAINTRK": 1,
        "SIDINGTRK": 0,
        "YARDTRK": 0,
        "TRANSITTRK": 0,
        "INDUSTRYTR": 0,
        "OTHRTRK": 0,
        "WDCODE": "",
        "REVISIONDA": "1975/01/01 00:00:00",
        "LASTUPDATE": "2/26/2026",
        "AADT": "1",
        "AADTYEAR": "1981",
        "STATENAME": "TEXAS",
        "STATEAB": "TX",
        "COUNTYNAME": "DUVAL",
        "CITYNAME": "REALITOS",
        "LATDD": 27.497095,
        "LONGDD": -98.494129,
        "gridlyProductionCertified": true,
        "gridlyClassification": "PUBLIC_ROADWAY",
        "gridlyDisplayName": "MILLER",
        "gridlyId": "FRA-871664S"
      }
    },
    {
      "type": "Feature",
      "id": 215929,
      "geometry": {
        "type": "Point",
        "coordinates": [
          -98.5227880000571,
          27.4508960000622
        ]
      },
      "properties": {
        "OBJECTID": 215929,
        "CROSSING": "793712P",
        "EFFDATE": 1772064000000,
        "REASON": "14",
        "StateCode": "48",
        "CountyCode": "48131",
        "STCYFIPS": "48131",
        "CITYCD": "481315681",
        "RAILROAD": "TM",
        "RRDIV": "Border",
        "RRSUBDIV": "Laredo",
        "HIGHWAY": "NA",
        "STREET": "RD 271",
        "TTSTN": "699610",
        "MILEPOST": "0077.350",
        "TYPEXING": "Public",
        "POSXING": "At Grade",
        "PRVCAT": "14",
        "INIT": "1",
        "LATITUDE": 27.450896,
        "LONGITUD": -98.522788,
        "LLSOURCE": "1",
        "WHISTBAN": "0",
        "RRCONT": "3186766269",
        "POLCONT": "8775279464",
        "INV_LINK": "https://safetydata.fra.dot.gov/OfficeofSafety/PublicSite/Crossing/Crossing.aspx?phasetype=C&rpttype=I&txtcrossingnum=793712P",
        "ACC_LINK": "https://safetydata.fra.dot.gov/OfficeofSafety/PublicSite/Crossing/Crossing.aspx?phasetype=C&rpttype=A&txtcrossingnum=793712P",
        "TTSTNNAM": "699610",
        "XPURPOSE": "1",
        "OPERATINGR": "CPKC",
        "OPERATIN_1": "Primary",
        "DAYTHRU": 8,
        "NGHTTHRU": 7,
        "MAINTRK": 1,
        "SIDINGTRK": 1,
        "YARDTRK": 0,
        "TRANSITTRK": 0,
        "INDUSTRYTR": 0,
        "OTHRTRK": 0,
        "WDCODE": "Crossbucks",
        "REVISIONDA": "1975/01/01 00:00:00",
        "LASTUPDATE": "2/26/2026",
        "AADT": "25",
        "AADTYEAR": "2019",
        "STATENAME": "TEXAS",
        "STATEAB": "TX",
        "COUNTYNAME": "DUVAL",
        "CITYNAME": "REALITOS",
        "LATDD": 27.450896,
        "LONGDD": -98.522788,
        "gridlyProductionCertified": true,
        "gridlyClassification": "PUBLIC_ROADWAY",
        "gridlyDisplayName": "RD 271",
        "gridlyId": "FRA-793712P"
      }
    },
    {
      "type": "Feature",
      "id": 215944,
      "geometry": {
        "type": "Point",
        "coordinates": [
          -98.2361409998543,
          27.7655809999747
        ]
      },
      "properties": {
        "OBJECTID": 215944,
        "CROSSING": "793668E",
        "EFFDATE": 1772064000000,
        "REASON": "14",
        "StateCode": "48",
        "CountyCode": "48131",
        "STCYFIPS": "48131",
        "CITYCD": "481316130",
        "RAILROAD": "TM",
        "RRDIV": "Border",
        "RRSUBDIV": "Laredo",
        "HIGHWAY": "ST 0000",
        "STREET": "VICTORIA STREET",
        "TTSTN": "699140",
        "MILEPOST": "0109.400",
        "TYPEXING": "Public",
        "POSXING": "At Grade",
        "PRVCAT": "14",
        "INIT": "1",
        "LATITUDE": 27.765581,
        "LONGITUD": -98.236141,
        "LLSOURCE": "1",
        "WHISTBAN": "0",
        "RRCONT": "3186766269",
        "POLCONT": "8775279464",
        "INV_LINK": "https://safetydata.fra.dot.gov/OfficeofSafety/PublicSite/Crossing/Crossing.aspx?phasetype=C&rpttype=I&txtcrossingnum=793668E",
        "ACC_LINK": "https://safetydata.fra.dot.gov/OfficeofSafety/PublicSite/Crossing/Crossing.aspx?phasetype=C&rpttype=A&txtcrossingnum=793668E",
        "TTSTNNAM": "699140",
        "XPURPOSE": "1",
        "OPERATINGR": "CPKC",
        "OPERATIN_1": "Primary",
        "DAYTHRU": 8,
        "NGHTTHRU": 7,
        "MAINTRK": 1,
        "SIDINGTRK": 0,
        "YARDTRK": 0,
        "TRANSITTRK": 0,
        "INDUSTRYTR": 0,
        "OTHRTRK": 0,
        "WDCODE": "All other Gates",
        "REVISIONDA": "1975/01/01 00:00:00",
        "LASTUPDATE": "2/26/2026",
        "AADT": "751",
        "AADTYEAR": "2024",
        "STATENAME": "TEXAS",
        "STATEAB": "TX",
        "COUNTYNAME": "DUVAL",
        "CITYNAME": "SAN DIEGO",
        "LATDD": 27.765581,
        "LONGDD": -98.236141,
        "gridlyProductionCertified": true,
        "gridlyClassification": "PUBLIC_ROADWAY",
        "gridlyDisplayName": "VICTORIA STREET",
        "gridlyId": "FRA-793668E"
      }
    },
    {
      "type": "Feature",
      "id": 215954,
      "geometry": {
        "type": "Point",
        "coordinates": [
          -98.2456150002515,
          27.7658910003764
        ]
      },
      "properties": {
        "OBJECTID": 215954,
        "CROSSING": "793688R",
        "EFFDATE": 1772064000000,
        "REASON": "14",
        "StateCode": "48",
        "CountyCode": "48131",
        "STCYFIPS": "48131",
        "CITYCD": "481316130",
        "RAILROAD": "TM",
        "RRDIV": "Border",
        "RRSUBDIV": "Laredo",
        "HIGHWAY": "SH 44",
        "STREET": "TX 44",
        "TTSTN": "699140",
        "MILEPOST": "0108.800",
        "TYPEXING": "Public",
        "POSXING": "At Grade",
        "PRVCAT": "14",
        "INIT": "1",
        "LATITUDE": 27.765891,
        "LONGITUD": -98.245615,
        "LLSOURCE": "1",
        "WHISTBAN": "0",
        "RRCONT": "3186766269",
        "POLCONT": "8775279464",
        "INV_LINK": "https://safetydata.fra.dot.gov/OfficeofSafety/PublicSite/Crossing/Crossing.aspx?phasetype=C&rpttype=I&txtcrossingnum=793688R",
        "ACC_LINK": "https://safetydata.fra.dot.gov/OfficeofSafety/PublicSite/Crossing/Crossing.aspx?phasetype=C&rpttype=A&txtcrossingnum=793688R",
        "TTSTNNAM": "699140",
        "XPURPOSE": "1",
        "OPERATINGR": "CPKC",
        "OPERATIN_1": "Primary",
        "DAYTHRU": 8,
        "NGHTTHRU": 7,
        "MAINTRK": 1,
        "SIDINGTRK": 0,
        "YARDTRK": 0,
        "TRANSITTRK": 0,
        "INDUSTRYTR": 0,
        "OTHRTRK": 0,
        "WDCODE": "All other Gates",
        "REVISIONDA": "1975/01/01 00:00:00",
        "LASTUPDATE": "2/26/2026",
        "AADT": "9062",
        "AADTYEAR": "2024",
        "STATENAME": "TEXAS",
        "STATEAB": "TX",
        "COUNTYNAME": "DUVAL",
        "CITYNAME": "SAN DIEGO",
        "LATDD": 27.765891,
        "LONGDD": -98.245615,
        "gridlyProductionCertified": true,
        "gridlyClassification": "PUBLIC_ROADWAY",
        "gridlyDisplayName": "TX 44",
        "gridlyId": "FRA-793688R"
      }
    },
    {
      "type": "Feature",
      "id": 215959,
      "geometry": {
        "type": "Point",
        "coordinates": [
          -98.7961239997385,
          27.3883039996653
        ]
      },
      "properties": {
        "OBJECTID": 215959,
        "CROSSING": "793637F",
        "EFFDATE": 1772064000000,
        "REASON": "14",
        "StateCode": "48",
        "CountyCode": "48131",
        "STCYFIPS": "48131",
        "CITYCD": "484790958",
        "RAILROAD": "TM",
        "RRDIV": "Border",
        "RRSUBDIV": "Laredo",
        "HIGHWAY": "NA",
        "STREET": "PRIVATE ROAD",
        "TTSTN": "699610",
        "MILEPOST": "0052.300",
        "TYPEXING": "Private",
        "POSXING": "At Grade",
        "PRVCAT": "14",
        "INIT": "1",
        "LATITUDE": 27.388304,
        "LONGITUD": -98.796124,
        "LLSOURCE": "1",
        "WHISTBAN": "0",
        "RRCONT": "3186766269",
        "POLCONT": "8775279464",
        "INV_LINK": "https://safetydata.fra.dot.gov/OfficeofSafety/PublicSite/Crossing/Crossing.aspx?phasetype=C&rpttype=I&txtcrossingnum=793637F",
        "ACC_LINK": "https://safetydata.fra.dot.gov/OfficeofSafety/PublicSite/Crossing/Crossing.aspx?phasetype=C&rpttype=A&txtcrossingnum=793637F",
        "TTSTNNAM": "699610",
        "XPURPOSE": "1",
        "OPERATINGR": "CPKC",
        "OPERATIN_1": "Primary",
        "DAYTHRU": 7,
        "NGHTTHRU": 7,
        "MAINTRK": 1,
        "SIDINGTRK": 0,
        "YARDTRK": 0,
        "TRANSITTRK": 0,
        "INDUSTRYTR": 0,
        "OTHRTRK": 0,
        "WDCODE": "",
        "REVISIONDA": "1975/01/01 00:00:00",
        "LASTUPDATE": "2/26/2026",
        "AADT": "1",
        "AADTYEAR": "1970",
        "STATENAME": "TEXAS",
        "STATEAB": "TX",
        "COUNTYNAME": "DUVAL",
        "CITYNAME": "BRUNI",
        "LATDD": 27.388304,
        "LONGDD": -98.796124,
        "gridlyProductionCertified": true,
        "gridlyClassification": "PUBLIC_ROADWAY",
        "gridlyDisplayName": "PRIVATE ROAD",
        "gridlyId": "FRA-793637F"
      }
    },
    {
      "type": "Feature",
      "id": 216019,
      "geometry": {
        "type": "Point",
        "coordinates": [
          -98.2371910001657,
          27.7658510996831
        ]
      },
      "properties": {
        "OBJECTID": 216019,
        "CROSSING": "793678K",
        "EFFDATE": 1772064000000,
        "REASON": "14",
        "StateCode": "48",
        "CountyCode": "48131",
        "STCYFIPS": "48131",
        "CITYCD": "481316130",
        "RAILROAD": "TM",
        "RRDIV": "Border",
        "RRSUBDIV": "Laredo",
        "HIGHWAY": "ST 0000",
        "STREET": "MIER STREET",
        "TTSTN": "699140",
        "MILEPOST": "0109.340",
        "TYPEXING": "Public",
        "POSXING": "At Grade",
        "PRVCAT": "14",
        "INIT": "1",
        "LATITUDE": 27.7658511,
        "LONGITUD": -98.237191,
        "LLSOURCE": "1",
        "WHISTBAN": "0",
        "RRCONT": "3186766269",
        "POLCONT": "8775279464",
        "INV_LINK": "https://safetydata.fra.dot.gov/OfficeofSafety/PublicSite/Crossing/Crossing.aspx?phasetype=C&rpttype=I&txtcrossingnum=793678K",
        "ACC_LINK": "https://safetydata.fra.dot.gov/OfficeofSafety/PublicSite/Crossing/Crossing.aspx?phasetype=C&rpttype=A&txtcrossingnum=793678K",
        "TTSTNNAM": "699140",
        "XPURPOSE": "1",
        "OPERATINGR": "CPKC",
        "OPERATIN_1": "Primary",
        "DAYTHRU": 8,
        "NGHTTHRU": 7,
        "MAINTRK": 1,
        "SIDINGTRK": 0,
        "YARDTRK": 0,
        "TRANSITTRK": 0,
        "INDUSTRYTR": 0,
        "OTHRTRK": 0,
        "WDCODE": "All other Gates",
        "REVISIONDA": "1975/01/01 00:00:00",
        "LASTUPDATE": "2/26/2026",
        "AADT": "501",
        "AADTYEAR": "2023",
        "STATENAME": "TEXAS",
        "STATEAB": "TX",
        "COUNTYNAME": "DUVAL",
        "CITYNAME": "SAN DIEGO",
        "LATDD": 27.7658511,
        "LONGDD": -98.237191,
        "gridlyProductionCertified": true,
        "gridlyClassification": "PUBLIC_ROADWAY",
        "gridlyDisplayName": "MIER STREET",
        "gridlyId": "FRA-793678K"
      }
    },
    {
      "type": "Feature",
      "id": 216033,
      "geometry": {
        "type": "Point",
        "coordinates": [
          -98.3091220002353,
          27.708361000297
        ]
      },
      "properties": {
        "OBJECTID": 216033,
        "CROSSING": "793726X",
        "EFFDATE": 1772064000000,
        "REASON": "14",
        "StateCode": "48",
        "CountyCode": "48131",
        "STCYFIPS": "48131",
        "CITYCD": "481316130",
        "RAILROAD": "TM",
        "RRDIV": "Border",
        "RRSUBDIV": "Laredo",
        "HIGHWAY": "NA",
        "STREET": "PRIVATE ROAD",
        "TTSTN": "699140",
        "MILEPOST": "0102.800",
        "TYPEXING": "Private",
        "POSXING": "At Grade",
        "PRVCAT": "14",
        "INIT": "1",
        "LATITUDE": 27.708361,
        "LONGITUD": -98.309122,
        "LLSOURCE": "1",
        "WHISTBAN": "0",
        "RRCONT": "3186766269",
        "POLCONT": "8775279464",
        "INV_LINK": "https://safetydata.fra.dot.gov/OfficeofSafety/PublicSite/Crossing/Crossing.aspx?phasetype=C&rpttype=I&txtcrossingnum=793726X",
        "ACC_LINK": "https://safetydata.fra.dot.gov/OfficeofSafety/PublicSite/Crossing/Crossing.aspx?phasetype=C&rpttype=A&txtcrossingnum=793726X",
        "TTSTNNAM": "699140",
        "XPURPOSE": "1",
        "OPERATINGR": "CPKC",
        "OPERATIN_1": "Primary",
        "DAYTHRU": 8,
        "NGHTTHRU": 7,
        "MAINTRK": 1,
        "SIDINGTRK": 0,
        "YARDTRK": 0,
        "TRANSITTRK": 0,
        "INDUSTRYTR": 0,
        "OTHRTRK": 0,
        "WDCODE": "",
        "REVISIONDA": "1975/01/01 00:00:00",
        "LASTUPDATE": "2/26/2026",
        "AADT": "1",
        "AADTYEAR": "1970",
        "STATENAME": "TEXAS",
        "STATEAB": "TX",
        "COUNTYNAME": "DUVAL",
        "CITYNAME": "SAN DIEGO",
        "LATDD": 27.708361,
        "LONGDD": -98.309122,
        "gridlyProductionCertified": true,
        "gridlyClassification": "PUBLIC_ROADWAY",
        "gridlyDisplayName": "PRIVATE ROAD",
        "gridlyId": "FRA-793726X"
      }
    },
    {
      "type": "Feature",
      "id": 216046,
      "geometry": {
        "type": "Point",
        "coordinates": [
          -98.4996680003009,
          27.4672460001913
        ]
      },
      "properties": {
        "OBJECTID": 216046,
        "CROSSING": "793714D",
        "EFFDATE": 1772064000000,
        "REASON": "14",
        "StateCode": "48",
        "CountyCode": "48131",
        "STCYFIPS": "48131",
        "CITYCD": "481315681",
        "RAILROAD": "TM",
        "RRDIV": "Border",
        "RRSUBDIV": "Laredo",
        "HIGHWAY": "NA",
        "STREET": "PRIVATE ROAD",
        "TTSTN": "699610",
        "MILEPOST": "0079.100",
        "TYPEXING": "Private",
        "POSXING": "At Grade",
        "PRVCAT": "14",
        "INIT": "1",
        "LATITUDE": 27.467246,
        "LONGITUD": -98.499668,
        "LLSOURCE": "1",
        "WHISTBAN": "0",
        "RRCONT": "3186766269",
        "POLCONT": "8775279464",
        "INV_LINK": "https://safetydata.fra.dot.gov/OfficeofSafety/PublicSite/Crossing/Crossing.aspx?phasetype=C&rpttype=I&txtcrossingnum=793714D",
        "ACC_LINK": "https://safetydata.fra.dot.gov/OfficeofSafety/PublicSite/Crossing/Crossing.aspx?phasetype=C&rpttype=A&txtcrossingnum=793714D",
        "TTSTNNAM": "699610",
        "XPURPOSE": "1",
        "OPERATINGR": "CPKC",
        "OPERATIN_1": "Primary",
        "DAYTHRU": 8,
        "NGHTTHRU": 7,
        "MAINTRK": 1,
        "SIDINGTRK": 0,
        "YARDTRK": 0,
        "TRANSITTRK": 0,
        "INDUSTRYTR": 0,
        "OTHRTRK": 0,
        "WDCODE": "",
        "REVISIONDA": "1975/01/01 00:00:00",
        "LASTUPDATE": "2/26/2026",
        "AADT": "1",
        "AADTYEAR": "1970",
        "STATENAME": "TEXAS",
        "STATEAB": "TX",
        "COUNTYNAME": "DUVAL",
        "CITYNAME": "REALITOS",
        "LATDD": 27.467246,
        "LONGDD": -98.499668,
        "gridlyProductionCertified": true,
        "gridlyClassification": "PUBLIC_ROADWAY",
        "gridlyDisplayName": "PRIVATE ROAD",
        "gridlyId": "FRA-793714D"
      }
    },
    {
      "type": "Feature",
      "id": 216050,
      "geometry": {
        "type": "Point",
        "coordinates": [
          -98.2351089999845,
          27.7653130998406
        ]
      },
      "properties": {
        "OBJECTID": 216050,
        "CROSSING": "793669L",
        "EFFDATE": 1772064000000,
        "REASON": "14",
        "StateCode": "48",
        "CountyCode": "48131",
        "STCYFIPS": "48131",
        "CITYCD": "481316130",
        "RAILROAD": "TM",
        "RRDIV": "Border",
        "RRSUBDIV": "Laredo",
        "HIGHWAY": "ST 0000",
        "STREET": "BEXAR ST",
        "TTSTN": "699140",
        "MILEPOST": "0109.470",
        "TYPEXING": "Public",
        "POSXING": "At Grade",
        "PRVCAT": "14",
        "INIT": "1",
        "LATITUDE": 27.7653131,
        "LONGITUD": -98.235109,
        "LLSOURCE": "1",
        "WHISTBAN": "0",
        "RRCONT": "3186766269",
        "POLCONT": "8775279464",
        "INV_LINK": "https://safetydata.fra.dot.gov/OfficeofSafety/PublicSite/Crossing/Crossing.aspx?phasetype=C&rpttype=I&txtcrossingnum=793669L",
        "ACC_LINK": "https://safetydata.fra.dot.gov/OfficeofSafety/PublicSite/Crossing/Crossing.aspx?phasetype=C&rpttype=A&txtcrossingnum=793669L",
        "TTSTNNAM": "699140",
        "XPURPOSE": "1",
        "OPERATINGR": "CPKC",
        "OPERATIN_1": "Primary",
        "DAYTHRU": 8,
        "NGHTTHRU": 7,
        "MAINTRK": 1,
        "SIDINGTRK": 0,
        "YARDTRK": 0,
        "TRANSITTRK": 0,
        "INDUSTRYTR": 0,
        "OTHRTRK": 0,
        "WDCODE": "All other Gates",
        "REVISIONDA": "1975/01/01 00:00:00",
        "LASTUPDATE": "2/26/2026",
        "AADT": "189",
        "AADTYEAR": "2023",
        "STATENAME": "TEXAS",
        "STATEAB": "TX",
        "COUNTYNAME": "DUVAL",
        "CITYNAME": "SAN DIEGO",
        "LATDD": 27.7653131,
        "LONGDD": -98.235109,
        "gridlyProductionCertified": true,
        "gridlyClassification": "PUBLIC_ROADWAY",
        "gridlyDisplayName": "BEXAR ST",
        "gridlyId": "FRA-793669L"
      }
    },
    {
      "type": "Feature",
      "id": 216058,
      "geometry": {
        "type": "Point",
        "coordinates": [
          -98.2392719996236,
          27.7663881000887
        ]
      },
      "properties": {
        "OBJECTID": 216058,
        "CROSSING": "793676W",
        "EFFDATE": 1772064000000,
        "REASON": "14",
        "StateCode": "48",
        "CountyCode": "48131",
        "STCYFIPS": "48131",
        "CITYCD": "481316130",
        "RAILROAD": "TM",
        "RRDIV": "Border",
        "RRSUBDIV": "Laredo",
        "HIGHWAY": "ST 0000",
        "STREET": "ST JAMES STREET",
        "TTSTN": "699140",
        "MILEPOST": "0109.200",
        "TYPEXING": "Public",
        "POSXING": "At Grade",
        "PRVCAT": "14",
        "INIT": "1",
        "LATITUDE": 27.7663881,
        "LONGITUD": -98.239272,
        "LLSOURCE": "1",
        "WHISTBAN": "0",
        "RRCONT": "3186766269",
        "POLCONT": "8775279464",
        "INV_LINK": "https://safetydata.fra.dot.gov/OfficeofSafety/PublicSite/Crossing/Crossing.aspx?phasetype=C&rpttype=I&txtcrossingnum=793676W",
        "ACC_LINK": "https://safetydata.fra.dot.gov/OfficeofSafety/PublicSite/Crossing/Crossing.aspx?phasetype=C&rpttype=A&txtcrossingnum=793676W",
        "TTSTNNAM": "699140",
        "XPURPOSE": "1",
        "OPERATINGR": "CPKC",
        "OPERATIN_1": "Primary",
        "DAYTHRU": 8,
        "NGHTTHRU": 7,
        "MAINTRK": 1,
        "SIDINGTRK": 0,
        "YARDTRK": 0,
        "TRANSITTRK": 0,
        "INDUSTRYTR": 0,
        "OTHRTRK": 0,
        "WDCODE": "All other Gates",
        "REVISIONDA": "1975/01/01 00:00:00",
        "LASTUPDATE": "2/26/2026",
        "AADT": "142",
        "AADTYEAR": "2023",
        "STATENAME": "TEXAS",
        "STATEAB": "TX",
        "COUNTYNAME": "DUVAL",
        "CITYNAME": "SAN DIEGO",
        "LATDD": 27.7663881,
        "LONGDD": -98.239272,
        "gridlyProductionCertified": true,
        "gridlyClassification": "PUBLIC_ROADWAY",
        "gridlyDisplayName": "ST JAMES STREET",
        "gridlyId": "FRA-793676W"
      }
    },
    {
      "type": "Feature",
      "id": 216059,
      "geometry": {
        "type": "Point",
        "coordinates": [
          -98.5298909996699,
          27.4459430002434
        ]
      },
      "properties": {
        "OBJECTID": 216059,
        "CROSSING": "793710B",
        "EFFDATE": 1772409600000,
        "REASON": "14",
        "StateCode": "48",
        "CountyCode": "48131",
        "STCYFIPS": "48131",
        "CITYCD": "481315681",
        "RAILROAD": "TM",
        "RRDIV": "Border",
        "RRSUBDIV": "Laredo",
        "HIGHWAY": "CO 272",
        "STREET": "CORKILL ROAD",
        "TTSTN": "699167",
        "MILEPOST": "0076.800",
        "TYPEXING": "Public",
        "POSXING": "At Grade",
        "PRVCAT": "14",
        "INIT": "1",
        "LATITUDE": 27.445943,
        "LONGITUD": -98.529891,
        "LLSOURCE": "1",
        "WHISTBAN": "0",
        "RRCONT": "3186766269",
        "POLCONT": "8775279464",
        "INV_LINK": "https://safetydata.fra.dot.gov/OfficeofSafety/PublicSite/Crossing/Crossing.aspx?phasetype=C&rpttype=I&txtcrossingnum=793710B",
        "ACC_LINK": "https://safetydata.fra.dot.gov/OfficeofSafety/PublicSite/Crossing/Crossing.aspx?phasetype=C&rpttype=A&txtcrossingnum=793710B",
        "TTSTNNAM": "699167",
        "XPURPOSE": "1",
        "OPERATINGR": "CPKC",
        "OPERATIN_1": "Primary",
        "DAYTHRU": 8,
        "NGHTTHRU": 7,
        "MAINTRK": 1,
        "SIDINGTRK": 1,
        "YARDTRK": 0,
        "TRANSITTRK": 0,
        "INDUSTRYTR": 0,
        "OTHRTRK": 1,
        "WDCODE": "All other Gates",
        "REVISIONDA": "1975/01/01 00:00:00",
        "LASTUPDATE": "3/2/2026",
        "AADT": "81",
        "AADTYEAR": "2023",
        "STATENAME": "TEXAS",
        "STATEAB": "TX",
        "COUNTYNAME": "DUVAL",
        "CITYNAME": "REALITOS",
        "LATDD": 27.445943,
        "LONGDD": -98.529891,
        "gridlyProductionCertified": true,
        "gridlyClassification": "PUBLIC_ROADWAY",
        "gridlyDisplayName": "CORKILL ROAD",
        "gridlyId": "FRA-793710B"
      }
    }
  ]
}
