{
  "type": "FeatureCollection",
  "features": [
    {
      "type": "Feature",
      "id": 204408,
      "geometry": {
        "type": "Point",
        "coordinates": [
          -97.3818039999068,
          31.3880654002333
        ]
      },
      "properties": {
        "OBJECTID": 204408,
        "CROSSING": "023055C",
        "EFFDATE": 1734393600000,
        "REASON": "14",
        "StateCode": "48",
        "CountyCode": "48309",
        "STCYFIPS": "48309",
        "CITYCD": "483094220",
        "RAILROAD": "BNSF",
        "RRDIV": "RED RIVER",
        "RRSUBDIV": "FT WORTH",
        "HIGHWAY": "Not Yet Reported by State",
        "STREET": "PRIVATE",
        "TTSTN": "669793",
        "MILEPOST": "0239.300",
        "TYPEXING": "Private",
        "POSXING": "At Grade",
        "PRVCAT": "14",
        "INIT": "1",
        "LATITUDE": 31.3880654,
        "LONGITUD": -97.381804,
        "LLSOURCE": "1",
        "WHISTBAN": "0",
        "RRCONT": "8173521549",
        "POLCONT": "8008325452",
        "INV_LINK": "https://safetydata.fra.dot.gov/OfficeofSafety/PublicSite/Crossing/Crossing.aspx?phasetype=C&rpttype=I&txtcrossingnum=023055C",
        "ACC_LINK": "https://safetydata.fra.dot.gov/OfficeofSafety/PublicSite/Crossing/Crossing.aspx?phasetype=C&rpttype=A&txtcrossingnum=023055C",
        "TTSTNNAM": "MC GREGOR",
        "XPURPOSE": "1",
        "OPERATINGR": "BNSF",
        "OPERATIN_1": "Primary",
        "DAYTHRU": 11,
        "NGHTTHRU": 10,
        "MAINTRK": 1,
        "SIDINGTRK": 0,
        "YARDTRK": 0,
        "TRANSITTRK": 0,
        "INDUSTRYTR": 0,
        "OTHRTRK": 0,
        "WDCODE": "",
        "REVISIONDA": "1996/01/01 00:00:00",
        "LASTUPDATE": "12/17/2024",
        "AADT": "",
        "AADTYEAR": "1970",
        "STATENAME": "TEXAS",
        "STATEAB": "TX",
        "COUNTYNAME": "MCLENNAN",
        "CITYNAME": "MCGREGOR",
        "LATDD": 31.3880654,
        "LONGDD": -97.381804,
        "gridlyProductionCertified": true,
        "gridlyClassification": "PUBLIC_ROADWAY",
        "gridlyDisplayName": "PRIVATE",
        "gridlyId": "FRA-023055C"
      }
    },
    {
      "type": "Feature",
      "id": 204409,
      "geometry": {
        "type": "Point",
        "coordinates": [
          -97.35767999987,
          31.321350599719
        ]
      },
      "properties": {
        "OBJECTID": 204409,
        "CROSSING": "023051A",
        "EFFDATE": 1734393600000,
        "REASON": "14",
        "StateCode": "48",
        "CountyCode": "48309",
        "STCYFIPS": "48309",
        "CITYCD": "483094670",
        "RAILROAD": "BNSF",
        "RRDIV": "RED RIVER",
        "RRSUBDIV": "FT WORTH",
        "HIGHWAY": "Not Yet Reported by State",
        "STREET": "PRIVATE",
        "TTSTN": "669797",
        "MILEPOST": "0234.290",
        "TYPEXING": "Private",
        "POSXING": "At Grade",
        "PRVCAT": "14",
        "INIT": "1",
        "LATITUDE": 31.3213506,
        "LONGITUD": -97.35768,
        "LLSOURCE": "1",
        "WHISTBAN": "0",
        "RRCONT": "8173521549",
        "POLCONT": "8008325452",
        "INV_LINK": "https://safetydata.fra.dot.gov/OfficeofSafety/PublicSite/Crossing/Crossing.aspx?phasetype=C&rpttype=I&txtcrossingnum=023051A",
        "ACC_LINK": "https://safetydata.fra.dot.gov/OfficeofSafety/PublicSite/Crossing/Crossing.aspx?phasetype=C&rpttype=A&txtcrossingnum=023051A",
        "TTSTNNAM": "MOODY",
        "XPURPOSE": "1",
        "OPERATINGR": "BNSF",
        "OPERATIN_1": "Primary",
        "DAYTHRU": 10,
        "NGHTTHRU": 10,
        "MAINTRK": 1,
        "SIDINGTRK": 1,
        "YARDTRK": 0,
        "TRANSITTRK": 0,
        "INDUSTRYTR": 0,
        "OTHRTRK": 1,
        "WDCODE": "",
        "REVISIONDA": "1996/01/01 00:00:00",
        "LASTUPDATE": "12/17/2024",
        "AADT": "",
        "AADTYEAR": "1970",
        "STATENAME": "TEXAS",
        "STATEAB": "TX",
        "COUNTYNAME": "MCLENNAN",
        "CITYNAME": "MOODY",
        "LATDD": 31.3213506,
        "LONGDD": -97.35768,
        "gridlyProductionCertified": true,
        "gridlyClassification": "PUBLIC_ROADWAY",
        "gridlyDisplayName": "PRIVATE",
        "gridlyId": "FRA-023051A"
      }
    },
    {
      "type": "Feature",
      "id": 204410,
      "geometry": {
        "type": "Point",
        "coordinates": [
          -97.381362000041,
          31.3630320999907
        ]
      },
      "properties": {
        "OBJECTID": 204410,
        "CROSSING": "023054V",
        "EFFDATE": 1734393600000,
        "REASON": "14",
        "StateCode": "48",
        "CountyCode": "48309",
        "STCYFIPS": "48309",
        "CITYCD": "483094670",
        "RAILROAD": "BNSF",
        "RRDIV": "RED RIVER",
        "RRSUBDIV": "FT WORTH",
        "HIGHWAY": "Not Yet Reported by State",
        "STREET": "PRIVATE",
        "TTSTN": "669797",
        "MILEPOST": "0237.560",
        "TYPEXING": "Private",
        "POSXING": "At Grade",
        "PRVCAT": "14",
        "INIT": "1",
        "LATITUDE": 31.3630321,
        "LONGITUD": -97.381362,
        "LLSOURCE": "1",
        "WHISTBAN": "0",
        "RRCONT": "8173521549",
        "POLCONT": "8008325452",
        "INV_LINK": "https://safetydata.fra.dot.gov/OfficeofSafety/PublicSite/Crossing/Crossing.aspx?phasetype=C&rpttype=I&txtcrossingnum=023054V",
        "ACC_LINK": "https://safetydata.fra.dot.gov/OfficeofSafety/PublicSite/Crossing/Crossing.aspx?phasetype=C&rpttype=A&txtcrossingnum=023054V",
        "TTSTNNAM": "MOODY",
        "XPURPOSE": "1",
        "OPERATINGR": "BNSF",
        "OPERATIN_1": "Primary",
        "DAYTHRU": 11,
        "NGHTTHRU": 10,
        "MAINTRK": 1,
        "SIDINGTRK": 0,
        "YARDTRK": 0,
        "TRANSITTRK": 0,
        "INDUSTRYTR": 0,
        "OTHRTRK": 0,
        "WDCODE": "",
        "REVISIONDA": "1996/01/01 00:00:00",
        "LASTUPDATE": "12/17/2024",
        "AADT": "",
        "AADTYEAR": "1970",
        "STATENAME": "TEXAS",
        "STATEAB": "TX",
        "COUNTYNAME": "MCLENNAN",
        "CITYNAME": "MOODY",
        "LATDD": 31.3630321,
        "LONGDD": -97.381362,
        "gridlyProductionCertified": true,
        "gridlyClassification": "PUBLIC_ROADWAY",
        "gridlyDisplayName": "PRIVATE",
        "gridlyId": "FRA-023054V"
      }
    },
    {
      "type": "Feature",
      "id": 204413,
      "geometry": {
        "type": "Point",
        "coordinates": [
          -97.42908299986,
          31.5002173999508
        ]
      },
      "properties": {
        "OBJECTID": 204413,
        "CROSSING": "023070E",
        "EFFDATE": 1734393600000,
        "REASON": "14",
        "StateCode": "48",
        "CountyCode": "48309",
        "STCYFIPS": "48309",
        "CITYCD": "483091610",
        "RAILROAD": "BNSF",
        "RRDIV": "RED RIVER",
        "RRSUBDIV": "FT WORTH",
        "HIGHWAY": "Not Yet Reported by State",
        "STREET": "PRIVATE",
        "TTSTN": "669793",
        "MILEPOST": "0247.600",
        "TYPEXING": "Private",
        "POSXING": "At Grade",
        "PRVCAT": "14",
        "INIT": "1",
        "LATITUDE": 31.5002174,
        "LONGITUD": -97.429083,
        "LLSOURCE": "1",
        "WHISTBAN": "0",
        "RRCONT": "8173521549",
        "POLCONT": "8008325452",
        "INV_LINK": "https://safetydata.fra.dot.gov/OfficeofSafety/PublicSite/Crossing/Crossing.aspx?phasetype=C&rpttype=I&txtcrossingnum=023070E",
        "ACC_LINK": "https://safetydata.fra.dot.gov/OfficeofSafety/PublicSite/Crossing/Crossing.aspx?phasetype=C&rpttype=A&txtcrossingnum=023070E",
        "TTSTNNAM": "MC GREGOR",
        "XPURPOSE": "1",
        "OPERATINGR": "BNSF",
        "OPERATIN_1": "Primary",
        "DAYTHRU": 10,
        "NGHTTHRU": 10,
        "MAINTRK": 1,
        "SIDINGTRK": 0,
        "YARDTRK": 0,
        "TRANSITTRK": 0,
        "INDUSTRYTR": 0,
        "OTHRTRK": 0,
        "WDCODE": "",
        "REVISIONDA": "1996/01/01 00:00:00",
        "LASTUPDATE": "12/17/2024",
        "AADT": "",
        "AADTYEAR": "1970",
        "STATENAME": "TEXAS",
        "STATEAB": "TX",
        "COUNTYNAME": "MCLENNAN",
        "CITYNAME": "CRAWFORD",
        "LATDD": 31.5002174,
        "LONGDD": -97.429083,
        "gridlyProductionCertified": true,
        "gridlyClassification": "PUBLIC_ROADWAY",
        "gridlyDisplayName": "PRIVATE",
        "gridlyId": "FRA-023070E"
      }
    },
    {
      "type": "Feature",
      "id": 204414,
      "geometry": {
        "type": "Point",
        "coordinates": [
          -97.4353889997796,
          31.5125077998465
        ]
      },
      "properties": {
        "OBJECTID": 204414,
        "CROSSING": "023071L",
        "EFFDATE": 1734393600000,
        "REASON": "14",
        "StateCode": "48",
        "CountyCode": "48309",
        "STCYFIPS": "48309",
        "CITYCD": "483091610",
        "RAILROAD": "BNSF",
        "RRDIV": "RED RIVER",
        "RRSUBDIV": "FT WORTH",
        "HIGHWAY": "Not Yet Reported by State",
        "STREET": "PRIVATE",
        "TTSTN": "669793",
        "MILEPOST": "0248.530",
        "TYPEXING": "Private",
        "POSXING": "At Grade",
        "PRVCAT": "14",
        "INIT": "1",
        "LATITUDE": 31.5125078,
        "LONGITUD": -97.435389,
        "LLSOURCE": "1",
        "WHISTBAN": "0",
        "RRCONT": "8173521549",
        "POLCONT": "8008325452",
        "INV_LINK": "https://safetydata.fra.dot.gov/OfficeofSafety/PublicSite/Crossing/Crossing.aspx?phasetype=C&rpttype=I&txtcrossingnum=023071L",
        "ACC_LINK": "https://safetydata.fra.dot.gov/OfficeofSafety/PublicSite/Crossing/Crossing.aspx?phasetype=C&rpttype=A&txtcrossingnum=023071L",
        "TTSTNNAM": "MC GREGOR",
        "XPURPOSE": "1",
        "OPERATINGR": "BNSF",
        "OPERATIN_1": "Primary",
        "DAYTHRU": 10,
        "NGHTTHRU": 10,
        "MAINTRK": 1,
        "SIDINGTRK": 0,
        "YARDTRK": 0,
        "TRANSITTRK": 0,
        "INDUSTRYTR": 0,
        "OTHRTRK": 0,
        "WDCODE": "",
        "REVISIONDA": "1996/01/01 00:00:00",
        "LASTUPDATE": "12/17/2024",
        "AADT": "",
        "AADTYEAR": "1970",
        "STATENAME": "TEXAS",
        "STATEAB": "TX",
        "COUNTYNAME": "MCLENNAN",
        "CITYNAME": "CRAWFORD",
        "LATDD": 31.5125078,
        "LONGDD": -97.435389,
        "gridlyProductionCertified": true,
        "gridlyClassification": "PUBLIC_ROADWAY",
        "gridlyDisplayName": "PRIVATE",
        "gridlyId": "FRA-023071L"
      }
    },
    {
      "type": "Feature",
      "id": 204486,
      "geometry": {
        "type": "Point",
        "coordinates": [
          -97.4380840004292,
          31.5177734998837
        ]
      },
      "properties": {
        "OBJECTID": 204486,
        "CROSSING": "023072T",
        "EFFDATE": 1734393600000,
        "REASON": "14",
        "StateCode": "48",
        "CountyCode": "48309",
        "STCYFIPS": "48309",
        "CITYCD": "483091610",
        "RAILROAD": "BNSF",
        "RRDIV": "RED RIVER",
        "RRSUBDIV": "FT WORTH",
        "HIGHWAY": "Not Yet Reported by State",
        "STREET": "PRIVATE",
        "TTSTN": "669793",
        "MILEPOST": "0248.930",
        "TYPEXING": "Private",
        "POSXING": "At Grade",
        "PRVCAT": "14",
        "INIT": "1",
        "LATITUDE": 31.5177735,
        "LONGITUD": -97.438084,
        "LLSOURCE": "1",
        "WHISTBAN": "0",
        "RRCONT": "8173521549",
        "POLCONT": "8008325452",
        "INV_LINK": "https://safetydata.fra.dot.gov/OfficeofSafety/PublicSite/Crossing/Crossing.aspx?phasetype=C&rpttype=I&txtcrossingnum=023072T",
        "ACC_LINK": "https://safetydata.fra.dot.gov/OfficeofSafety/PublicSite/Crossing/Crossing.aspx?phasetype=C&rpttype=A&txtcrossingnum=023072T",
        "TTSTNNAM": "MC GREGOR",
        "XPURPOSE": "1",
        "OPERATINGR": "BNSF",
        "OPERATIN_1": "Primary",
        "DAYTHRU": 10,
        "NGHTTHRU": 10,
        "MAINTRK": 1,
        "SIDINGTRK": 0,
        "YARDTRK": 0,
        "TRANSITTRK": 0,
        "INDUSTRYTR": 0,
        "OTHRTRK": 0,
        "WDCODE": "",
        "REVISIONDA": "1996/01/01 00:00:00",
        "LASTUPDATE": "12/17/2024",
        "AADT": "",
        "AADTYEAR": "1970",
        "STATENAME": "TEXAS",
        "STATEAB": "TX",
        "COUNTYNAME": "MCLENNAN",
        "CITYNAME": "CRAWFORD",
        "LATDD": 31.5177735,
        "LONGDD": -97.438084,
        "gridlyProductionCertified": true,
        "gridlyClassification": "PUBLIC_ROADWAY",
        "gridlyDisplayName": "PRIVATE",
        "gridlyId": "FRA-023072T"
      }
    },
    {
      "type": "Feature",
      "id": 204487,
      "geometry": {
        "type": "Point",
        "coordinates": [
          -97.440395000041,
          31.54507380012
        ]
      },
      "properties": {
        "OBJECTID": 204487,
        "CROSSING": "023075N",
        "EFFDATE": 1734393600000,
        "REASON": "14",
        "StateCode": "48",
        "CountyCode": "48309",
        "STCYFIPS": "48309",
        "CITYCD": "483091610",
        "RAILROAD": "BNSF",
        "RRDIV": "RED RIVER",
        "RRSUBDIV": "FT WORTH",
        "HIGHWAY": "Not Yet Reported by State",
        "STREET": "PRIVATE",
        "TTSTN": "669738",
        "MILEPOST": "0250.840",
        "TYPEXING": "Private",
        "POSXING": "At Grade",
        "PRVCAT": "14",
        "INIT": "1",
        "LATITUDE": 31.5450738,
        "LONGITUD": -97.440395,
        "LLSOURCE": "1",
        "WHISTBAN": "0",
        "RRCONT": "8173521549",
        "POLCONT": "8008325452",
        "INV_LINK": "https://safetydata.fra.dot.gov/OfficeofSafety/PublicSite/Crossing/Crossing.aspx?phasetype=C&rpttype=I&txtcrossingnum=023075N",
        "ACC_LINK": "https://safetydata.fra.dot.gov/OfficeofSafety/PublicSite/Crossing/Crossing.aspx?phasetype=C&rpttype=A&txtcrossingnum=023075N",
        "TTSTNNAM": "MANHATTAN",
        "XPURPOSE": "1",
        "OPERATINGR": "BNSF",
        "OPERATIN_1": "Primary",
        "DAYTHRU": 10,
        "NGHTTHRU": 10,
        "MAINTRK": 1,
        "SIDINGTRK": 0,
        "YARDTRK": 0,
        "TRANSITTRK": 0,
        "INDUSTRYTR": 0,
        "OTHRTRK": 0,
        "WDCODE": "",
        "REVISIONDA": "1996/01/01 00:00:00",
        "LASTUPDATE": "12/17/2024",
        "AADT": "",
        "AADTYEAR": "1970",
        "STATENAME": "TEXAS",
        "STATEAB": "TX",
        "COUNTYNAME": "MCLENNAN",
        "CITYNAME": "CRAWFORD",
        "LATDD": 31.5450738,
        "LONGDD": -97.440395,
        "gridlyProductionCertified": true,
        "gridlyClassification": "PUBLIC_ROADWAY",
        "gridlyDisplayName": "PRIVATE",
        "gridlyId": "FRA-023075N"
      }
    },
    {
      "type": "Feature",
      "id": 204650,
      "geometry": {
        "type": "Point",
        "coordinates": [
          -97.4524550004096,
          31.5737150999278
        ]
      },
      "properties": {
        "OBJECTID": 204650,
        "CROSSING": "023077C",
        "EFFDATE": 1734393600000,
        "REASON": "14",
        "StateCode": "48",
        "CountyCode": "48309",
        "STCYFIPS": "48309",
        "CITYCD": "483091610",
        "RAILROAD": "BNSF",
        "RRDIV": "RED RIVER",
        "RRSUBDIV": "FT WORTH",
        "HIGHWAY": "Not Yet Reported by State",
        "STREET": "PRIVATE",
        "TTSTN": "669738",
        "MILEPOST": "0253.120",
        "TYPEXING": "Private",
        "POSXING": "At Grade",
        "PRVCAT": "14",
        "INIT": "1",
        "LATITUDE": 31.5737151,
        "LONGITUD": -97.452455,
        "LLSOURCE": "1",
        "WHISTBAN": "0",
        "RRCONT": "8173521549",
        "POLCONT": "8008325452",
        "INV_LINK": "https://safetydata.fra.dot.gov/OfficeofSafety/PublicSite/Crossing/Crossing.aspx?phasetype=C&rpttype=I&txtcrossingnum=023077C",
        "ACC_LINK": "https://safetydata.fra.dot.gov/OfficeofSafety/PublicSite/Crossing/Crossing.aspx?phasetype=C&rpttype=A&txtcrossingnum=023077C",
        "TTSTNNAM": "MANHATTAN",
        "XPURPOSE": "1",
        "OPERATINGR": "BNSF",
        "OPERATIN_1": "Primary",
        "DAYTHRU": 10,
        "NGHTTHRU": 10,
        "MAINTRK": 1,
        "SIDINGTRK": 0,
        "YARDTRK": 0,
        "TRANSITTRK": 0,
        "INDUSTRYTR": 0,
        "OTHRTRK": 0,
        "WDCODE": "",
        "REVISIONDA": "1996/01/01 00:00:00",
        "LASTUPDATE": "12/17/2024",
        "AADT": "",
        "AADTYEAR": "1970",
        "STATENAME": "TEXAS",
        "STATEAB": "TX",
        "COUNTYNAME": "MCLENNAN",
        "CITYNAME": "CRAWFORD",
        "LATDD": 31.5737151,
        "LONGDD": -97.452455,
        "gridlyProductionCertified": true,
        "gridlyClassification": "PUBLIC_ROADWAY",
        "gridlyDisplayName": "PRIVATE",
        "gridlyId": "FRA-023077C"
      }
    },
    {
      "type": "Feature",
      "id": 204651,
      "geometry": {
        "type": "Point",
        "coordinates": [
          -97.4569889997695,
          31.5895033997261
        ]
      },
      "properties": {
        "OBJECTID": 204651,
        "CROSSING": "023078J",
        "EFFDATE": 1734393600000,
        "REASON": "14",
        "StateCode": "48",
        "CountyCode": "48309",
        "STCYFIPS": "48309",
        "CITYCD": "483091610",
        "RAILROAD": "BNSF",
        "RRDIV": "RED RIVER",
        "RRSUBDIV": "FT WORTH",
        "HIGHWAY": "Not Yet Reported by State",
        "STREET": "PRIVATE",
        "TTSTN": "669738",
        "MILEPOST": "0254.240",
        "TYPEXING": "Private",
        "POSXING": "At Grade",
        "PRVCAT": "14",
        "INIT": "1",
        "LATITUDE": 31.5895034,
        "LONGITUD": -97.456989,
        "LLSOURCE": "1",
        "WHISTBAN": "0",
        "RRCONT": "8173521549",
        "POLCONT": "8008325452",
        "INV_LINK": "https://safetydata.fra.dot.gov/OfficeofSafety/PublicSite/Crossing/Crossing.aspx?phasetype=C&rpttype=I&txtcrossingnum=023078J",
        "ACC_LINK": "https://safetydata.fra.dot.gov/OfficeofSafety/PublicSite/Crossing/Crossing.aspx?phasetype=C&rpttype=A&txtcrossingnum=023078J",
        "TTSTNNAM": "MANHATTAN",
        "XPURPOSE": "1",
        "OPERATINGR": "BNSF",
        "OPERATIN_1": "Primary",
        "DAYTHRU": 10,
        "NGHTTHRU": 10,
        "MAINTRK": 1,
        "SIDINGTRK": 1,
        "YARDTRK": 0,
        "TRANSITTRK": 0,
        "INDUSTRYTR": 0,
        "OTHRTRK": 1,
        "WDCODE": "",
        "REVISIONDA": "1996/01/01 00:00:00",
        "LASTUPDATE": "12/17/2024",
        "AADT": "",
        "AADTYEAR": "1970",
        "STATENAME": "TEXAS",
        "STATEAB": "TX",
        "COUNTYNAME": "MCLENNAN",
        "CITYNAME": "CRAWFORD",
        "LATDD": 31.5895034,
        "LONGDD": -97.456989,
        "gridlyProductionCertified": true,
        "gridlyClassification": "PUBLIC_ROADWAY",
        "gridlyDisplayName": "PRIVATE",
        "gridlyId": "FRA-023078J"
      }
    },
    {
      "type": "Feature",
      "id": 204732,
      "geometry": {
        "type": "Point",
        "coordinates": [
          -97.4578440000872,
          31.5930721000499
        ]
      },
      "properties": {
        "OBJECTID": 204732,
        "CROSSING": "023079R",
        "EFFDATE": 1734393600000,
        "REASON": "14",
        "StateCode": "48",
        "CountyCode": "48309",
        "STCYFIPS": "48309",
        "CITYCD": "483091610",
        "RAILROAD": "BNSF",
        "RRDIV": "RED RIVER",
        "RRSUBDIV": "FT WORTH",
        "HIGHWAY": "Not Yet Reported by State",
        "STREET": "PRIVATE",
        "TTSTN": "669738",
        "MILEPOST": "0254.490",
        "TYPEXING": "Private",
        "POSXING": "At Grade",
        "PRVCAT": "14",
        "INIT": "1",
        "LATITUDE": 31.5930721,
        "LONGITUD": -97.457844,
        "LLSOURCE": "1",
        "WHISTBAN": "0",
        "RRCONT": "8173521549",
        "POLCONT": "8008325452",
        "INV_LINK": "https://safetydata.fra.dot.gov/OfficeofSafety/PublicSite/Crossing/Crossing.aspx?phasetype=C&rpttype=I&txtcrossingnum=023079R",
        "ACC_LINK": "https://safetydata.fra.dot.gov/OfficeofSafety/PublicSite/Crossing/Crossing.aspx?phasetype=C&rpttype=A&txtcrossingnum=023079R",
        "TTSTNNAM": "MANHATTAN",
        "XPURPOSE": "1",
        "OPERATINGR": "BNSF",
        "OPERATIN_1": "Primary",
        "DAYTHRU": 10,
        "NGHTTHRU": 10,
        "MAINTRK": 1,
        "SIDINGTRK": 1,
        "YARDTRK": 0,
        "TRANSITTRK": 0,
        "INDUSTRYTR": 0,
        "OTHRTRK": 1,
        "WDCODE": "",
        "REVISIONDA": "1996/01/01 00:00:00",
        "LASTUPDATE": "12/17/2024",
        "AADT": "",
        "AADTYEAR": "1970",
        "STATENAME": "TEXAS",
        "STATEAB": "TX",
        "COUNTYNAME": "MCLENNAN",
        "CITYNAME": "CRAWFORD",
        "LATDD": 31.5930721,
        "LONGDD": -97.457844,
        "gridlyProductionCertified": true,
        "gridlyClassification": "PUBLIC_ROADWAY",
        "gridlyDisplayName": "PRIVATE",
        "gridlyId": "FRA-023079R"
      }
    },
    {
      "type": "Feature",
      "id": 204910,
      "geometry": {
        "type": "Point",
        "coordinates": [
          -97.4161439997825,
          31.4664301002149
        ]
      },
      "properties": {
        "OBJECTID": 204910,
        "CROSSING": "023067W",
        "EFFDATE": 1734393600000,
        "REASON": "14",
        "StateCode": "48",
        "CountyCode": "48309",
        "STCYFIPS": "48309",
        "CITYCD": "483094220",
        "RAILROAD": "BNSF",
        "RRDIV": "RED RIVER",
        "RRSUBDIV": "FT WORTH",
        "HIGHWAY": "Not Yet Reported by State",
        "STREET": "PRIVATE",
        "TTSTN": "669793",
        "MILEPOST": "0245.140",
        "TYPEXING": "Private",
        "POSXING": "At Grade",
        "PRVCAT": "14",
        "INIT": "1",
        "LATITUDE": 31.4664301,
        "LONGITUD": -97.416144,
        "LLSOURCE": "1",
        "WHISTBAN": "0",
        "RRCONT": "8173521549",
        "POLCONT": "8008325452",
        "INV_LINK": "https://safetydata.fra.dot.gov/OfficeofSafety/PublicSite/Crossing/Crossing.aspx?phasetype=C&rpttype=I&txtcrossingnum=023067W",
        "ACC_LINK": "https://safetydata.fra.dot.gov/OfficeofSafety/PublicSite/Crossing/Crossing.aspx?phasetype=C&rpttype=A&txtcrossingnum=023067W",
        "TTSTNNAM": "MC GREGOR",
        "XPURPOSE": "1",
        "OPERATINGR": "BNSF",
        "OPERATIN_1": "Primary",
        "DAYTHRU": 10,
        "NGHTTHRU": 10,
        "MAINTRK": 1,
        "SIDINGTRK": 0,
        "YARDTRK": 0,
        "TRANSITTRK": 0,
        "INDUSTRYTR": 0,
        "OTHRTRK": 0,
        "WDCODE": "",
        "REVISIONDA": "1996/01/01 00:00:00",
        "LASTUPDATE": "12/17/2024",
        "AADT": "",
        "AADTYEAR": "1970",
        "STATENAME": "TEXAS",
        "STATEAB": "TX",
        "COUNTYNAME": "MCLENNAN",
        "CITYNAME": "MCGREGOR",
        "LATDD": 31.4664301,
        "LONGDD": -97.416144,
        "gridlyProductionCertified": true,
        "gridlyClassification": "PUBLIC_ROADWAY",
        "gridlyDisplayName": "PRIVATE",
        "gridlyId": "FRA-023067W"
      }
    },
    {
      "type": "Feature",
      "id": 204911,
      "geometry": {
        "type": "Point",
        "coordinates": [
          -97.418904999656,
          31.4764810000376
        ]
      },
      "properties": {
        "OBJECTID": 204911,
        "CROSSING": "023068D",
        "EFFDATE": 1734393600000,
        "REASON": "14",
        "StateCode": "48",
        "CountyCode": "48309",
        "STCYFIPS": "48309",
        "CITYCD": "483094220",
        "RAILROAD": "BNSF",
        "RRDIV": "RED RIVER",
        "RRSUBDIV": "FT WORTH",
        "HIGHWAY": "Not Yet Reported by State",
        "STREET": "PRIVATE",
        "TTSTN": "669793",
        "MILEPOST": "0245.850",
        "TYPEXING": "Private",
        "POSXING": "At Grade",
        "PRVCAT": "14",
        "INIT": "1",
        "LATITUDE": 31.476481,
        "LONGITUD": -97.418905,
        "LLSOURCE": "1",
        "WHISTBAN": "0",
        "RRCONT": "8173521549",
        "POLCONT": "8008325452",
        "INV_LINK": "https://safetydata.fra.dot.gov/OfficeofSafety/PublicSite/Crossing/Crossing.aspx?phasetype=C&rpttype=I&txtcrossingnum=023068D",
        "ACC_LINK": "https://safetydata.fra.dot.gov/OfficeofSafety/PublicSite/Crossing/Crossing.aspx?phasetype=C&rpttype=A&txtcrossingnum=023068D",
        "TTSTNNAM": "MC GREGOR",
        "XPURPOSE": "1",
        "OPERATINGR": "BNSF",
        "OPERATIN_1": "Primary",
        "DAYTHRU": 10,
        "NGHTTHRU": 10,
        "MAINTRK": 1,
        "SIDINGTRK": 0,
        "YARDTRK": 0,
        "TRANSITTRK": 0,
        "INDUSTRYTR": 0,
        "OTHRTRK": 0,
        "WDCODE": "",
        "REVISIONDA": "1996/01/01 00:00:00",
        "LASTUPDATE": "12/17/2024",
        "AADT": "",
        "AADTYEAR": "1970",
        "STATENAME": "TEXAS",
        "STATEAB": "TX",
        "COUNTYNAME": "MCLENNAN",
        "CITYNAME": "MCGREGOR",
        "LATDD": 31.476481,
        "LONGDD": -97.418905,
        "gridlyProductionCertified": true,
        "gridlyClassification": "PUBLIC_ROADWAY",
        "gridlyDisplayName": "PRIVATE",
        "gridlyId": "FRA-023068D"
      }
    },
    {
      "type": "Feature",
      "id": 207062,
      "geometry": {
        "type": "Point",
        "coordinates": [
          -97.3607608996976,
          31.3093525001834
        ]
      },
      "properties": {
        "OBJECTID": 207062,
        "CROSSING": "023049Y",
        "EFFDATE": 1757548800000,
        "REASON": "19",
        "StateCode": "48",
        "CountyCode": "48309",
        "STCYFIPS": "48309",
        "CITYCD": "483094670",
        "RAILROAD": "BNSF",
        "RRDIV": "RED RIVER",
        "RRSUBDIV": "FT WORTH",
        "HIGHWAY": "ls0000",
        "STREET": "sixth street",
        "TTSTN": "669797",
        "MILEPOST": "0233.444",
        "TYPEXING": "Public",
        "POSXING": "At Grade",
        "PRVCAT": "19",
        "INIT": "1",
        "LATITUDE": 31.3093525,
        "LONGITUD": -97.3607609,
        "LLSOURCE": "1",
        "WHISTBAN": "0",
        "RRCONT": "8173521549",
        "POLCONT": "8008325452",
        "INV_LINK": "https://safetydata.fra.dot.gov/OfficeofSafety/PublicSite/Crossing/Crossing.aspx?phasetype=C&rpttype=I&txtcrossingnum=023049Y",
        "ACC_LINK": "https://safetydata.fra.dot.gov/OfficeofSafety/PublicSite/Crossing/Crossing.aspx?phasetype=C&rpttype=A&txtcrossingnum=023049Y",
        "TTSTNNAM": "MOODY",
        "XPURPOSE": "1",
        "OPERATINGR": "BNSF",
        "OPERATIN_1": "Primary",
        "DAYTHRU": 0,
        "NGHTTHRU": 0,
        "MAINTRK": 0,
        "SIDINGTRK": 0,
        "YARDTRK": 1,
        "TRANSITTRK": 0,
        "INDUSTRYTR": 0,
        "OTHRTRK": 1,
        "WDCODE": "Crossbucks",
        "REVISIONDA": "1996/01/01 00:00:00",
        "LASTUPDATE": "9/11/2025",
        "AADT": "392",
        "AADTYEAR": "2022",
        "STATENAME": "TEXAS",
        "STATEAB": "TX",
        "COUNTYNAME": "MCLENNAN",
        "CITYNAME": "MOODY",
        "LATDD": 31.3093525,
        "LONGDD": -97.3607609,
        "gridlyProductionCertified": true,
        "gridlyClassification": "PUBLIC_ROADWAY",
        "gridlyDisplayName": "sixth street",
        "gridlyId": "FRA-023049Y"
      }
    },
    {
      "type": "Feature",
      "id": 207116,
      "geometry": {
        "type": "Point",
        "coordinates": [
          -97.439660900384,
          31.5334570001493
        ]
      },
      "properties": {
        "OBJECTID": 207116,
        "CROSSING": "023175T",
        "EFFDATE": 1757462400000,
        "REASON": "14",
        "StateCode": "48",
        "CountyCode": "48309",
        "STCYFIPS": "48309",
        "CITYCD": "483091610",
        "RAILROAD": "BNSF",
        "RRDIV": "RED RIVER",
        "RRSUBDIV": "FT WORTH",
        "HIGHWAY": "ls0000",
        "STREET": "south AVEnue M",
        "TTSTN": "384172",
        "MILEPOST": "0250.095",
        "TYPEXING": "Public",
        "POSXING": "At Grade",
        "PRVCAT": "14",
        "INIT": "2",
        "LATITUDE": 31.533457,
        "LONGITUD": -97.4396609,
        "LLSOURCE": "1",
        "WHISTBAN": "0",
        "RRCONT": "8173521549",
        "POLCONT": "8008325452",
        "INV_LINK": "https://safetydata.fra.dot.gov/OfficeofSafety/PublicSite/Crossing/Crossing.aspx?phasetype=C&rpttype=I&txtcrossingnum=023175T",
        "ACC_LINK": "https://safetydata.fra.dot.gov/OfficeofSafety/PublicSite/Crossing/Crossing.aspx?phasetype=C&rpttype=A&txtcrossingnum=023175T",
        "TTSTNNAM": "",
        "XPURPOSE": "1",
        "OPERATINGR": "BNSF",
        "OPERATIN_1": "Primary",
        "DAYTHRU": 12,
        "NGHTTHRU": 12,
        "MAINTRK": 0,
        "SIDINGTRK": 0,
        "YARDTRK": 1,
        "TRANSITTRK": 0,
        "INDUSTRYTR": 0,
        "OTHRTRK": 1,
        "WDCODE": "Crossbucks",
        "REVISIONDA": "1996/01/01 00:00:00",
        "LASTUPDATE": "9/10/2025",
        "AADT": "74",
        "AADTYEAR": "2020",
        "STATENAME": "TEXAS",
        "STATEAB": "TX",
        "COUNTYNAME": "MCLENNAN",
        "CITYNAME": "CRAWFORD",
        "LATDD": 31.533457,
        "LONGDD": -97.4396609,
        "gridlyProductionCertified": true,
        "gridlyClassification": "PUBLIC_ROADWAY",
        "gridlyDisplayName": "south AVEnue M",
        "gridlyId": "FRA-023175T"
      }
    },
    {
      "type": "Feature",
      "id": 207254,
      "geometry": {
        "type": "Point",
        "coordinates": [
          -97.4385953996424,
          31.5334398002383
        ]
      },
      "properties": {
        "OBJECTID": 207254,
        "CROSSING": "023176A",
        "EFFDATE": 1757462400000,
        "REASON": "14",
        "StateCode": "48",
        "CountyCode": "48309",
        "STCYFIPS": "48309",
        "CITYCD": "483091610",
        "RAILROAD": "BNSF",
        "RRDIV": "RED RIVER",
        "RRSUBDIV": "FT WORTH",
        "HIGHWAY": "ls0000",
        "STREET": "south AVEnue M",
        "TTSTN": "384172",
        "MILEPOST": "0250.157",
        "TYPEXING": "Public",
        "POSXING": "At Grade",
        "PRVCAT": "14",
        "INIT": "2",
        "LATITUDE": 31.5334398,
        "LONGITUD": -97.4385954,
        "LLSOURCE": "1",
        "WHISTBAN": "0",
        "RRCONT": "8173521549",
        "POLCONT": "8008325452",
        "INV_LINK": "https://safetydata.fra.dot.gov/OfficeofSafety/PublicSite/Crossing/Crossing.aspx?phasetype=C&rpttype=I&txtcrossingnum=023176A",
        "ACC_LINK": "https://safetydata.fra.dot.gov/OfficeofSafety/PublicSite/Crossing/Crossing.aspx?phasetype=C&rpttype=A&txtcrossingnum=023176A",
        "TTSTNNAM": "",
        "XPURPOSE": "1",
        "OPERATINGR": "BNSF",
        "OPERATIN_1": "Primary",
        "DAYTHRU": 12,
        "NGHTTHRU": 12,
        "MAINTRK": 0,
        "SIDINGTRK": 0,
        "YARDTRK": 1,
        "TRANSITTRK": 0,
        "INDUSTRYTR": 0,
        "OTHRTRK": 1,
        "WDCODE": "Crossbucks",
        "REVISIONDA": "1996/01/01 00:00:00",
        "LASTUPDATE": "9/10/2025",
        "AADT": "100",
        "AADTYEAR": "2019",
        "STATENAME": "TEXAS",
        "STATEAB": "TX",
        "COUNTYNAME": "MCLENNAN",
        "CITYNAME": "CRAWFORD",
        "LATDD": 31.5334398,
        "LONGDD": -97.4385954,
        "gridlyProductionCertified": true,
        "gridlyClassification": "PUBLIC_ROADWAY",
        "gridlyDisplayName": "south AVEnue M",
        "gridlyId": "FRA-023176A"
      }
    },
    {
      "type": "Feature",
      "id": 207689,
      "geometry": {
        "type": "Point",
        "coordinates": [
          -97.2161306001403,
          31.3963262996642
        ]
      },
      "properties": {
        "OBJECTID": 207689,
        "CROSSING": "416153F",
        "EFFDATE": 1756684800000,
        "REASON": "14",
        "StateCode": "48",
        "CountyCode": "48309",
        "STCYFIPS": "48309",
        "CITYCD": "483094095",
        "RAILROAD": "UP",
        "RRDIV": "TEXOMA",
        "RRSUBDIV": "WACO SUB",
        "HIGHWAY": "NA",
        "STREET": "PRIVATE",
        "TTSTN": "669764",
        "MILEPOST": "0857.760",
        "TYPEXING": "Private",
        "POSXING": "At Grade",
        "PRVCAT": "14",
        "INIT": "1",
        "LATITUDE": 31.3963263,
        "LONGITUD": -97.2161306,
        "LLSOURCE": "1",
        "WHISTBAN": "0",
        "RRCONT": "4025443721",
        "POLCONT": "8008488715",
        "INV_LINK": "https://safetydata.fra.dot.gov/OfficeofSafety/PublicSite/Crossing/Crossing.aspx?phasetype=C&rpttype=I&txtcrossingnum=416153F",
        "ACC_LINK": "https://safetydata.fra.dot.gov/OfficeofSafety/PublicSite/Crossing/Crossing.aspx?phasetype=C&rpttype=A&txtcrossingnum=416153F",
        "TTSTNNAM": "",
        "XPURPOSE": "1",
        "OPERATINGR": "UP",
        "OPERATIN_1": "Primary",
        "DAYTHRU": 1,
        "NGHTTHRU": 1,
        "MAINTRK": 1,
        "SIDINGTRK": 0,
        "YARDTRK": 0,
        "TRANSITTRK": 0,
        "INDUSTRYTR": 0,
        "OTHRTRK": 0,
        "WDCODE": "",
        "REVISIONDA": "1975/01/01 00:00:00",
        "LASTUPDATE": "9/1/2025",
        "AADT": "1",
        "AADTYEAR": "1970",
        "STATENAME": "TEXAS",
        "STATEAB": "TX",
        "COUNTYNAME": "MCLENNAN",
        "CITYNAME": "LORENA",
        "LATDD": 31.3963263,
        "LONGDD": -97.2161306,
        "gridlyProductionCertified": true,
        "gridlyClassification": "PUBLIC_ROADWAY",
        "gridlyDisplayName": "PRIVATE",
        "gridlyId": "FRA-416153F"
      }
    },
    {
      "type": "Feature",
      "id": 208137,
      "geometry": {
        "type": "Point",
        "coordinates": [
          -96.9249682001955,
          31.4616095003826
        ]
      },
      "properties": {
        "OBJECTID": 208137,
        "CROSSING": "430305J",
        "EFFDATE": 1756425600000,
        "REASON": "14",
        "StateCode": "48",
        "CountyCode": "48309",
        "STCYFIPS": "48309",
        "CITYCD": "483095770",
        "RAILROAD": "UP",
        "RRDIV": "TEXOMA",
        "RRSUBDIV": "FT. WORTH SUB",
        "HIGHWAY": "CO 2289",
        "STREET": "Rice Road",
        "TTSTN": "682770",
        "MILEPOST": "0150.320",
        "TYPEXING": "Public",
        "POSXING": "At Grade",
        "PRVCAT": "14",
        "INIT": "1",
        "LATITUDE": 31.4616095,
        "LONGITUD": -96.9249682,
        "LLSOURCE": "1",
        "WHISTBAN": "0",
        "RRCONT": "4025443721",
        "POLCONT": "8008488715",
        "INV_LINK": "https://safetydata.fra.dot.gov/OfficeofSafety/PublicSite/Crossing/Crossing.aspx?phasetype=C&rpttype=I&txtcrossingnum=430305J",
        "ACC_LINK": "https://safetydata.fra.dot.gov/OfficeofSafety/PublicSite/Crossing/Crossing.aspx?phasetype=C&rpttype=A&txtcrossingnum=430305J",
        "TTSTNNAM": "",
        "XPURPOSE": "1",
        "OPERATINGR": "UP",
        "OPERATIN_1": "Primary",
        "DAYTHRU": 6,
        "NGHTTHRU": 5,
        "MAINTRK": 1,
        "SIDINGTRK": 0,
        "YARDTRK": 0,
        "TRANSITTRK": 0,
        "INDUSTRYTR": 0,
        "OTHRTRK": 0,
        "WDCODE": "All other Gates",
        "REVISIONDA": "1975/01/01 00:00:00",
        "LASTUPDATE": "8/29/2025",
        "AADT": "136",
        "AADTYEAR": "2019",
        "STATENAME": "TEXAS",
        "STATEAB": "TX",
        "COUNTYNAME": "MCLENNAN",
        "CITYNAME": "RIESEL",
        "LATDD": 31.4616095,
        "LONGDD": -96.9249682,
        "gridlyProductionCertified": true,
        "gridlyClassification": "PUBLIC_ROADWAY",
        "gridlyDisplayName": "Rice Road",
        "gridlyId": "FRA-430305J"
      }
    },
    {
      "type": "Feature",
      "id": 208141,
      "geometry": {
        "type": "Point",
        "coordinates": [
          -96.9266406000482,
          31.4745810002395
        ]
      },
      "properties": {
        "OBJECTID": 208141,
        "CROSSING": "430307X",
        "EFFDATE": 1756425600000,
        "REASON": "14",
        "StateCode": "48",
        "CountyCode": "48309",
        "STCYFIPS": "48309",
        "CITYCD": "483095770",
        "RAILROAD": "UP",
        "RRDIV": "TEXOMA",
        "RRSUBDIV": "FT. WORTH SUB",
        "HIGHWAY": "FM 1860",
        "STREET": "FM 1860/FREDRICKS Street",
        "TTSTN": "",
        "MILEPOST": "0151.230",
        "TYPEXING": "Public",
        "POSXING": "At Grade",
        "PRVCAT": "14",
        "INIT": "1",
        "LATITUDE": 31.474581,
        "LONGITUD": -96.9266406,
        "LLSOURCE": "1",
        "WHISTBAN": "0",
        "RRCONT": "4025443721",
        "POLCONT": "8008488715",
        "INV_LINK": "https://safetydata.fra.dot.gov/OfficeofSafety/PublicSite/Crossing/Crossing.aspx?phasetype=C&rpttype=I&txtcrossingnum=430307X",
        "ACC_LINK": "https://safetydata.fra.dot.gov/OfficeofSafety/PublicSite/Crossing/Crossing.aspx?phasetype=C&rpttype=A&txtcrossingnum=430307X",
        "TTSTNNAM": "",
        "XPURPOSE": "1",
        "OPERATINGR": "UP",
        "OPERATIN_1": "Primary",
        "DAYTHRU": 6,
        "NGHTTHRU": 5,
        "MAINTRK": 1,
        "SIDINGTRK": 0,
        "YARDTRK": 0,
        "TRANSITTRK": 0,
        "INDUSTRYTR": 0,
        "OTHRTRK": 0,
        "WDCODE": "All other Gates",
        "REVISIONDA": "1975/01/01 00:00:00",
        "LASTUPDATE": "8/29/2025",
        "AADT": "1968",
        "AADTYEAR": "2019",
        "STATENAME": "TEXAS",
        "STATEAB": "TX",
        "COUNTYNAME": "MCLENNAN",
        "CITYNAME": "RIESEL",
        "LATDD": 31.474581,
        "LONGDD": -96.9266406,
        "gridlyProductionCertified": true,
        "gridlyClassification": "PUBLIC_ROADWAY",
        "gridlyDisplayName": "FM 1860/FREDRICKS Street",
        "gridlyId": "FRA-430307X"
      }
    },
    {
      "type": "Feature",
      "id": 208142,
      "geometry": {
        "type": "Point",
        "coordinates": [
          -96.9296538001411,
          31.4858855996478
        ]
      },
      "properties": {
        "OBJECTID": 208142,
        "CROSSING": "430308E",
        "EFFDATE": 1756425600000,
        "REASON": "14",
        "StateCode": "48",
        "CountyCode": "48309",
        "STCYFIPS": "48309",
        "CITYCD": "483095770",
        "RAILROAD": "UP",
        "RRDIV": "TEXOMA",
        "RRSUBDIV": "FT. WORTH SUB",
        "HIGHWAY": "ST 0000",
        "STREET": "SANDERS LANE",
        "TTSTN": "669702",
        "MILEPOST": "0152.030",
        "TYPEXING": "Public",
        "POSXING": "At Grade",
        "PRVCAT": "14",
        "INIT": "1",
        "LATITUDE": 31.4858856,
        "LONGITUD": -96.9296538,
        "LLSOURCE": "1",
        "WHISTBAN": "0",
        "RRCONT": "4025443721",
        "POLCONT": "8008488715",
        "INV_LINK": "https://safetydata.fra.dot.gov/OfficeofSafety/PublicSite/Crossing/Crossing.aspx?phasetype=C&rpttype=I&txtcrossingnum=430308E",
        "ACC_LINK": "https://safetydata.fra.dot.gov/OfficeofSafety/PublicSite/Crossing/Crossing.aspx?phasetype=C&rpttype=A&txtcrossingnum=430308E",
        "TTSTNNAM": "",
        "XPURPOSE": "1",
        "OPERATINGR": "UP",
        "OPERATIN_1": "Primary",
        "DAYTHRU": 6,
        "NGHTTHRU": 5,
        "MAINTRK": 1,
        "SIDINGTRK": 0,
        "YARDTRK": 0,
        "TRANSITTRK": 0,
        "INDUSTRYTR": 0,
        "OTHRTRK": 0,
        "WDCODE": "All other Gates",
        "REVISIONDA": "1975/01/01 00:00:00",
        "LASTUPDATE": "8/29/2025",
        "AADT": "100",
        "AADTYEAR": "2019",
        "STATENAME": "TEXAS",
        "STATEAB": "TX",
        "COUNTYNAME": "MCLENNAN",
        "CITYNAME": "RIESEL",
        "LATDD": 31.4858856,
        "LONGDD": -96.9296538,
        "gridlyProductionCertified": true,
        "gridlyClassification": "PUBLIC_ROADWAY",
        "gridlyDisplayName": "SANDERS LANE",
        "gridlyId": "FRA-430308E"
      }
    },
    {
      "type": "Feature",
      "id": 208145,
      "geometry": {
        "type": "Point",
        "coordinates": [
          -96.9588140000025,
          31.5153463001866
        ]
      },
      "properties": {
        "OBJECTID": 208145,
        "CROSSING": "430313B",
        "EFFDATE": 1756425600000,
        "REASON": "14",
        "StateCode": "48",
        "CountyCode": "48309",
        "STCYFIPS": "48309",
        "CITYCD": "483097210",
        "RAILROAD": "UP",
        "RRDIV": "TEXOMA",
        "RRSUBDIV": "FT. WORTH SUB",
        "HIGHWAY": "LS0000",
        "STREET": "Michelle Lane",
        "TTSTN": "669702",
        "MILEPOST": "0154.740",
        "TYPEXING": "Public",
        "POSXING": "At Grade",
        "PRVCAT": "14",
        "INIT": "1",
        "LATITUDE": 31.5153463,
        "LONGITUD": -96.958814,
        "LLSOURCE": "1",
        "WHISTBAN": "0",
        "RRCONT": "4025443721",
        "POLCONT": "8008488715",
        "INV_LINK": "https://safetydata.fra.dot.gov/OfficeofSafety/PublicSite/Crossing/Crossing.aspx?phasetype=C&rpttype=I&txtcrossingnum=430313B",
        "ACC_LINK": "https://safetydata.fra.dot.gov/OfficeofSafety/PublicSite/Crossing/Crossing.aspx?phasetype=C&rpttype=A&txtcrossingnum=430313B",
        "TTSTNNAM": "",
        "XPURPOSE": "1",
        "OPERATINGR": "UP",
        "OPERATIN_1": "Primary",
        "DAYTHRU": 6,
        "NGHTTHRU": 5,
        "MAINTRK": 1,
        "SIDINGTRK": 1,
        "YARDTRK": 0,
        "TRANSITTRK": 0,
        "INDUSTRYTR": 0,
        "OTHRTRK": 1,
        "WDCODE": "Crossbucks",
        "REVISIONDA": "1975/01/01 00:00:00",
        "LASTUPDATE": "8/29/2025",
        "AADT": "31",
        "AADTYEAR": "1991",
        "STATENAME": "TEXAS",
        "STATEAB": "TX",
        "COUNTYNAME": "MCLENNAN",
        "CITYNAME": "WACO",
        "LATDD": 31.5153463,
        "LONGDD": -96.958814,
        "gridlyProductionCertified": true,
        "gridlyClassification": "PUBLIC_ROADWAY",
        "gridlyDisplayName": "Michelle Lane",
        "gridlyId": "FRA-430313B"
      }
    },
    {
      "type": "Feature",
      "id": 208146,
      "geometry": {
        "type": "Point",
        "coordinates": [
          -96.9628553003785,
          31.5167119003589
        ]
      },
      "properties": {
        "OBJECTID": 208146,
        "CROSSING": "430314H",
        "EFFDATE": 1756425600000,
        "REASON": "14",
        "StateCode": "48",
        "CountyCode": "48309",
        "STCYFIPS": "48309",
        "CITYCD": "483097210",
        "RAILROAD": "UP",
        "RRDIV": "TEXOMA",
        "RRSUBDIV": "FT. WORTH SUB",
        "HIGHWAY": "NA",
        "STREET": "PRIVATE",
        "TTSTN": "669702",
        "MILEPOST": "0154.990",
        "TYPEXING": "Private",
        "POSXING": "At Grade",
        "PRVCAT": "14",
        "INIT": "1",
        "LATITUDE": 31.5167119,
        "LONGITUD": -96.9628553,
        "LLSOURCE": "1",
        "WHISTBAN": "0",
        "RRCONT": "4025443721",
        "POLCONT": "8008488715",
        "INV_LINK": "https://safetydata.fra.dot.gov/OfficeofSafety/PublicSite/Crossing/Crossing.aspx?phasetype=C&rpttype=I&txtcrossingnum=430314H",
        "ACC_LINK": "https://safetydata.fra.dot.gov/OfficeofSafety/PublicSite/Crossing/Crossing.aspx?phasetype=C&rpttype=A&txtcrossingnum=430314H",
        "TTSTNNAM": "",
        "XPURPOSE": "1",
        "OPERATINGR": "UP",
        "OPERATIN_1": "Primary",
        "DAYTHRU": 6,
        "NGHTTHRU": 5,
        "MAINTRK": 1,
        "SIDINGTRK": 1,
        "YARDTRK": 0,
        "TRANSITTRK": 0,
        "INDUSTRYTR": 0,
        "OTHRTRK": 0,
        "WDCODE": "",
        "REVISIONDA": "1975/01/01 00:00:00",
        "LASTUPDATE": "8/29/2025",
        "AADT": "1",
        "AADTYEAR": "1970",
        "STATENAME": "TEXAS",
        "STATEAB": "TX",
        "COUNTYNAME": "MCLENNAN",
        "CITYNAME": "WACO",
        "LATDD": 31.5167119,
        "LONGDD": -96.9628553,
        "gridlyProductionCertified": true,
        "gridlyClassification": "PUBLIC_ROADWAY",
        "gridlyDisplayName": "PRIVATE",
        "gridlyId": "FRA-430314H"
      }
    },
    {
      "type": "Feature",
      "id": 208147,
      "geometry": {
        "type": "Point",
        "coordinates": [
          -96.9304576000809,
          31.4888967996344
        ]
      },
      "properties": {
        "OBJECTID": 208147,
        "CROSSING": "430309L",
        "EFFDATE": 1756425600000,
        "REASON": "14",
        "StateCode": "48",
        "CountyCode": "48309",
        "STCYFIPS": "48309",
        "CITYCD": "483095770",
        "RAILROAD": "UP",
        "RRDIV": "TEXOMA",
        "RRSUBDIV": "FT. WORTH SUB",
        "HIGHWAY": "NA",
        "STREET": "PRIVATE",
        "TTSTN": "669702",
        "MILEPOST": "0152.230",
        "TYPEXING": "Private",
        "POSXING": "At Grade",
        "PRVCAT": "14",
        "INIT": "1",
        "LATITUDE": 31.4888968,
        "LONGITUD": -96.9304576,
        "LLSOURCE": "1",
        "WHISTBAN": "0",
        "RRCONT": "4025443721",
        "POLCONT": "8008488715",
        "INV_LINK": "https://safetydata.fra.dot.gov/OfficeofSafety/PublicSite/Crossing/Crossing.aspx?phasetype=C&rpttype=I&txtcrossingnum=430309L",
        "ACC_LINK": "https://safetydata.fra.dot.gov/OfficeofSafety/PublicSite/Crossing/Crossing.aspx?phasetype=C&rpttype=A&txtcrossingnum=430309L",
        "TTSTNNAM": "",
        "XPURPOSE": "1",
        "OPERATINGR": "UP",
        "OPERATIN_1": "Primary",
        "DAYTHRU": 6,
        "NGHTTHRU": 5,
        "MAINTRK": 1,
        "SIDINGTRK": 0,
        "YARDTRK": 0,
        "TRANSITTRK": 0,
        "INDUSTRYTR": 0,
        "OTHRTRK": 0,
        "WDCODE": "",
        "REVISIONDA": "1975/01/01 00:00:00",
        "LASTUPDATE": "8/29/2025",
        "AADT": "1",
        "AADTYEAR": "1970",
        "STATENAME": "TEXAS",
        "STATEAB": "TX",
        "COUNTYNAME": "MCLENNAN",
        "CITYNAME": "RIESEL",
        "LATDD": 31.4888968,
        "LONGDD": -96.9304576,
        "gridlyProductionCertified": true,
        "gridlyClassification": "PUBLIC_ROADWAY",
        "gridlyDisplayName": "PRIVATE",
        "gridlyId": "FRA-430309L"
      }
    },
    {
      "type": "Feature",
      "id": 208148,
      "geometry": {
        "type": "Point",
        "coordinates": [
          -96.9426082000375,
          31.4990937998157
        ]
      },
      "properties": {
        "OBJECTID": 208148,
        "CROSSING": "430311M",
        "EFFDATE": 1756425600000,
        "REASON": "14",
        "StateCode": "48",
        "CountyCode": "48309",
        "STCYFIPS": "48309",
        "CITYCD": "483095770",
        "RAILROAD": "UP",
        "RRDIV": "TEXOMA",
        "RRSUBDIV": "FT. WORTH SUB",
        "HIGHWAY": "NA",
        "STREET": "PRIVATE",
        "TTSTN": "669702",
        "MILEPOST": "0153.240",
        "TYPEXING": "Private",
        "POSXING": "At Grade",
        "PRVCAT": "14",
        "INIT": "1",
        "LATITUDE": 31.4990938,
        "LONGITUD": -96.9426082,
        "LLSOURCE": "1",
        "WHISTBAN": "0",
        "RRCONT": "4025443721",
        "POLCONT": "8008488715",
        "INV_LINK": "https://safetydata.fra.dot.gov/OfficeofSafety/PublicSite/Crossing/Crossing.aspx?phasetype=C&rpttype=I&txtcrossingnum=430311M",
        "ACC_LINK": "https://safetydata.fra.dot.gov/OfficeofSafety/PublicSite/Crossing/Crossing.aspx?phasetype=C&rpttype=A&txtcrossingnum=430311M",
        "TTSTNNAM": "",
        "XPURPOSE": "1",
        "OPERATINGR": "UP",
        "OPERATIN_1": "Primary",
        "DAYTHRU": 6,
        "NGHTTHRU": 5,
        "MAINTRK": 1,
        "SIDINGTRK": 0,
        "YARDTRK": 0,
        "TRANSITTRK": 0,
        "INDUSTRYTR": 0,
        "OTHRTRK": 0,
        "WDCODE": "",
        "REVISIONDA": "1975/01/01 00:00:00",
        "LASTUPDATE": "8/29/2025",
        "AADT": "1",
        "AADTYEAR": "1970",
        "STATENAME": "TEXAS",
        "STATEAB": "TX",
        "COUNTYNAME": "MCLENNAN",
        "CITYNAME": "RIESEL",
        "LATDD": 31.4990938,
        "LONGDD": -96.9426082,
        "gridlyProductionCertified": true,
        "gridlyClassification": "PUBLIC_ROADWAY",
        "gridlyDisplayName": "PRIVATE",
        "gridlyId": "FRA-430311M"
      }
    },
    {
      "type": "Feature",
      "id": 208149,
      "geometry": {
        "type": "Point",
        "coordinates": [
          -96.951610699895,
          31.5097917998977
        ]
      },
      "properties": {
        "OBJECTID": 208149,
        "CROSSING": "430312U",
        "EFFDATE": 1756425600000,
        "REASON": "14",
        "StateCode": "48",
        "CountyCode": "48309",
        "STCYFIPS": "48309",
        "CITYCD": "483095770",
        "RAILROAD": "UP",
        "RRDIV": "TEXOMA",
        "RRSUBDIV": "FT. WORTH SUB",
        "HIGHWAY": "CO 2270",
        "STREET": "CR 221/Mt Moriah Road",
        "TTSTN": "669702",
        "MILEPOST": "0154.170",
        "TYPEXING": "Public",
        "POSXING": "At Grade",
        "PRVCAT": "14",
        "INIT": "1",
        "LATITUDE": 31.5097918,
        "LONGITUD": -96.9516107,
        "LLSOURCE": "1",
        "WHISTBAN": "0",
        "RRCONT": "4025443721",
        "POLCONT": "8008488715",
        "INV_LINK": "https://safetydata.fra.dot.gov/OfficeofSafety/PublicSite/Crossing/Crossing.aspx?phasetype=C&rpttype=I&txtcrossingnum=430312U",
        "ACC_LINK": "https://safetydata.fra.dot.gov/OfficeofSafety/PublicSite/Crossing/Crossing.aspx?phasetype=C&rpttype=A&txtcrossingnum=430312U",
        "TTSTNNAM": "",
        "XPURPOSE": "1",
        "OPERATINGR": "UP",
        "OPERATIN_1": "Primary",
        "DAYTHRU": 6,
        "NGHTTHRU": 5,
        "MAINTRK": 1,
        "SIDINGTRK": 0,
        "YARDTRK": 0,
        "TRANSITTRK": 0,
        "INDUSTRYTR": 0,
        "OTHRTRK": 1,
        "WDCODE": "All other Gates",
        "REVISIONDA": "1975/01/01 00:00:00",
        "LASTUPDATE": "8/29/2025",
        "AADT": "133",
        "AADTYEAR": "2019",
        "STATENAME": "TEXAS",
        "STATEAB": "TX",
        "COUNTYNAME": "MCLENNAN",
        "CITYNAME": "RIESEL",
        "LATDD": 31.5097918,
        "LONGDD": -96.9516107,
        "gridlyProductionCertified": true,
        "gridlyClassification": "PUBLIC_ROADWAY",
        "gridlyDisplayName": "CR 221/Mt Moriah Road",
        "gridlyId": "FRA-430312U"
      }
    },
    {
      "type": "Feature",
      "id": 208155,
      "geometry": {
        "type": "Point",
        "coordinates": [
          -96.9695122002144,
          31.5176980002174
        ]
      },
      "properties": {
        "OBJECTID": 208155,
        "CROSSING": "430315P",
        "EFFDATE": 1756425600000,
        "REASON": "14",
        "StateCode": "48",
        "CountyCode": "48309",
        "STCYFIPS": "48309",
        "CITYCD": "483097210",
        "RAILROAD": "UP",
        "RRDIV": "TEXOMA",
        "RRSUBDIV": "FT. WORTH SUB",
        "HIGHWAY": "PRIVATE",
        "STREET": "Circle P Lane",
        "TTSTN": "669702",
        "MILEPOST": "0155.340",
        "TYPEXING": "Public",
        "POSXING": "At Grade",
        "PRVCAT": "14",
        "INIT": "1",
        "LATITUDE": 31.517698,
        "LONGITUD": -96.9695122,
        "LLSOURCE": "1",
        "WHISTBAN": "0",
        "RRCONT": "4025443721",
        "POLCONT": "8008488715",
        "INV_LINK": "https://safetydata.fra.dot.gov/OfficeofSafety/PublicSite/Crossing/Crossing.aspx?phasetype=C&rpttype=I&txtcrossingnum=430315P",
        "ACC_LINK": "https://safetydata.fra.dot.gov/OfficeofSafety/PublicSite/Crossing/Crossing.aspx?phasetype=C&rpttype=A&txtcrossingnum=430315P",
        "TTSTNNAM": "",
        "XPURPOSE": "1",
        "OPERATINGR": "UP",
        "OPERATIN_1": "Primary",
        "DAYTHRU": 6,
        "NGHTTHRU": 6,
        "MAINTRK": 1,
        "SIDINGTRK": 0,
        "YARDTRK": 0,
        "TRANSITTRK": 0,
        "INDUSTRYTR": 0,
        "OTHRTRK": 1,
        "WDCODE": "Crossbucks",
        "REVISIONDA": "1975/01/01 00:00:00",
        "LASTUPDATE": "8/29/2025",
        "AADT": "10",
        "AADTYEAR": "1992",
        "STATENAME": "TEXAS",
        "STATEAB": "TX",
        "COUNTYNAME": "MCLENNAN",
        "CITYNAME": "WACO",
        "LATDD": 31.517698,
        "LONGDD": -96.9695122,
        "gridlyProductionCertified": true,
        "gridlyClassification": "PUBLIC_ROADWAY",
        "gridlyDisplayName": "Circle P Lane",
        "gridlyId": "FRA-430315P"
      }
    },
    {
      "type": "Feature",
      "id": 208156,
      "geometry": {
        "type": "Point",
        "coordinates": [
          -96.9722494998358,
          31.5181024997457
        ]
      },
      "properties": {
        "OBJECTID": 208156,
        "CROSSING": "430316W",
        "EFFDATE": 1756425600000,
        "REASON": "14",
        "StateCode": "48",
        "CountyCode": "48309",
        "STCYFIPS": "48309",
        "CITYCD": "483097210",
        "RAILROAD": "UP",
        "RRDIV": "TEXOMA",
        "RRSUBDIV": "FT. WORTH SUB",
        "HIGHWAY": "NA",
        "STREET": "PRIVATE CHATHAM",
        "TTSTN": "669702",
        "MILEPOST": "0155.480",
        "TYPEXING": "Private",
        "POSXING": "At Grade",
        "PRVCAT": "14",
        "INIT": "1",
        "LATITUDE": 31.5181025,
        "LONGITUD": -96.9722495,
        "LLSOURCE": "1",
        "WHISTBAN": "0",
        "RRCONT": "4025443721",
        "POLCONT": "8008488715",
        "INV_LINK": "https://safetydata.fra.dot.gov/OfficeofSafety/PublicSite/Crossing/Crossing.aspx?phasetype=C&rpttype=I&txtcrossingnum=430316W",
        "ACC_LINK": "https://safetydata.fra.dot.gov/OfficeofSafety/PublicSite/Crossing/Crossing.aspx?phasetype=C&rpttype=A&txtcrossingnum=430316W",
        "TTSTNNAM": "",
        "XPURPOSE": "1",
        "OPERATINGR": "UP",
        "OPERATIN_1": "Primary",
        "DAYTHRU": 6,
        "NGHTTHRU": 5,
        "MAINTRK": 1,
        "SIDINGTRK": 1,
        "YARDTRK": 0,
        "TRANSITTRK": 0,
        "INDUSTRYTR": 0,
        "OTHRTRK": 1,
        "WDCODE": "",
        "REVISIONDA": "1975/01/01 00:00:00",
        "LASTUPDATE": "8/29/2025",
        "AADT": "6",
        "AADTYEAR": "1991",
        "STATENAME": "TEXAS",
        "STATEAB": "TX",
        "COUNTYNAME": "MCLENNAN",
        "CITYNAME": "WACO",
        "LATDD": 31.5181025,
        "LONGDD": -96.9722495,
        "gridlyProductionCertified": true,
        "gridlyClassification": "PUBLIC_ROADWAY",
        "gridlyDisplayName": "PRIVATE CHATHAM",
        "gridlyId": "FRA-430316W"
      }
    },
    {
      "type": "Feature",
      "id": 208157,
      "geometry": {
        "type": "Point",
        "coordinates": [
          -96.9785032995526,
          31.518986600153
        ]
      },
      "properties": {
        "OBJECTID": 208157,
        "CROSSING": "430317D",
        "EFFDATE": 1756425600000,
        "REASON": "14",
        "StateCode": "48",
        "CountyCode": "48309",
        "STCYFIPS": "48309",
        "CITYCD": "483097210",
        "RAILROAD": "UP",
        "RRDIV": "TEXOMA",
        "RRSUBDIV": "FT. WORTH SUB",
        "HIGHWAY": "NA",
        "STREET": "PRIVATE",
        "TTSTN": "669702",
        "MILEPOST": "0155.810",
        "TYPEXING": "Private",
        "POSXING": "At Grade",
        "PRVCAT": "14",
        "INIT": "1",
        "LATITUDE": 31.5189866,
        "LONGITUD": -96.9785033,
        "LLSOURCE": "1",
        "WHISTBAN": "0",
        "RRCONT": "4025443721",
        "POLCONT": "8008488715",
        "INV_LINK": "https://safetydata.fra.dot.gov/OfficeofSafety/PublicSite/Crossing/Crossing.aspx?phasetype=C&rpttype=I&txtcrossingnum=430317D",
        "ACC_LINK": "https://safetydata.fra.dot.gov/OfficeofSafety/PublicSite/Crossing/Crossing.aspx?phasetype=C&rpttype=A&txtcrossingnum=430317D",
        "TTSTNNAM": "",
        "XPURPOSE": "1",
        "OPERATINGR": "UP",
        "OPERATIN_1": "Primary",
        "DAYTHRU": 6,
        "NGHTTHRU": 5,
        "MAINTRK": 1,
        "SIDINGTRK": 0,
        "YARDTRK": 0,
        "TRANSITTRK": 0,
        "INDUSTRYTR": 0,
        "OTHRTRK": 0,
        "WDCODE": "",
        "REVISIONDA": "1975/01/01 00:00:00",
        "LASTUPDATE": "8/29/2025",
        "AADT": "20",
        "AADTYEAR": "1992",
        "STATENAME": "TEXAS",
        "STATEAB": "TX",
        "COUNTYNAME": "MCLENNAN",
        "CITYNAME": "WACO",
        "LATDD": 31.5189866,
        "LONGDD": -96.9785033,
        "gridlyProductionCertified": true,
        "gridlyClassification": "PUBLIC_ROADWAY",
        "gridlyDisplayName": "PRIVATE",
        "gridlyId": "FRA-430317D"
      }
    },
    {
      "type": "Feature",
      "id": 208160,
      "geometry": {
        "type": "Point",
        "coordinates": [
          -97.024399699757,
          31.5227815997982
        ]
      },
      "properties": {
        "OBJECTID": 208160,
        "CROSSING": "430322A",
        "EFFDATE": 1756425600000,
        "REASON": "14",
        "StateCode": "48",
        "CountyCode": "48309",
        "STCYFIPS": "48309",
        "CITYCD": "483097210",
        "RAILROAD": "UP",
        "RRDIV": "TEXOMA",
        "RRSUBDIV": "FT. WORTH SUB",
        "HIGHWAY": "NA",
        "STREET": "PRIVATE",
        "TTSTN": "669702",
        "MILEPOST": "0158.670",
        "TYPEXING": "Private",
        "POSXING": "At Grade",
        "PRVCAT": "14",
        "INIT": "1",
        "LATITUDE": 31.5227816,
        "LONGITUD": -97.0243997,
        "LLSOURCE": "1",
        "WHISTBAN": "0",
        "RRCONT": "4025443721",
        "POLCONT": "8008488715",
        "INV_LINK": "https://safetydata.fra.dot.gov/OfficeofSafety/PublicSite/Crossing/Crossing.aspx?phasetype=C&rpttype=I&txtcrossingnum=430322A",
        "ACC_LINK": "https://safetydata.fra.dot.gov/OfficeofSafety/PublicSite/Crossing/Crossing.aspx?phasetype=C&rpttype=A&txtcrossingnum=430322A",
        "TTSTNNAM": "",
        "XPURPOSE": "1",
        "OPERATINGR": "UP",
        "OPERATIN_1": "Primary",
        "DAYTHRU": 6,
        "NGHTTHRU": 5,
        "MAINTRK": 1,
        "SIDINGTRK": 0,
        "YARDTRK": 0,
        "TRANSITTRK": 0,
        "INDUSTRYTR": 0,
        "OTHRTRK": 0,
        "WDCODE": "",
        "REVISIONDA": "1975/01/01 00:00:00",
        "LASTUPDATE": "8/29/2025",
        "AADT": "1",
        "AADTYEAR": "1970",
        "STATENAME": "TEXAS",
        "STATEAB": "TX",
        "COUNTYNAME": "MCLENNAN",
        "CITYNAME": "WACO",
        "LATDD": 31.5227816,
        "LONGDD": -97.0243997,
        "gridlyProductionCertified": true,
        "gridlyClassification": "PUBLIC_ROADWAY",
        "gridlyDisplayName": "PRIVATE",
        "gridlyId": "FRA-430322A"
      }
    },
    {
      "type": "Feature",
      "id": 208161,
      "geometry": {
        "type": "Point",
        "coordinates": [
          -97.0482504996581,
          31.5346929996284
        ]
      },
      "properties": {
        "OBJECTID": 208161,
        "CROSSING": "430325V",
        "EFFDATE": 1756425600000,
        "REASON": "14",
        "StateCode": "48",
        "CountyCode": "48309",
        "STCYFIPS": "48309",
        "CITYCD": "483097210",
        "RAILROAD": "UP",
        "RRDIV": "TEXOMA",
        "RRSUBDIV": "FT. WORTH SUB",
        "HIGHWAY": "NA",
        "STREET": "Private",
        "TTSTN": "669750",
        "MILEPOST": "0160.330",
        "TYPEXING": "Private",
        "POSXING": "At Grade",
        "PRVCAT": "14",
        "INIT": "1",
        "LATITUDE": 31.534693,
        "LONGITUD": -97.0482505,
        "LLSOURCE": "1",
        "WHISTBAN": "0",
        "RRCONT": "4025443721",
        "POLCONT": "8008488715",
        "INV_LINK": "https://safetydata.fra.dot.gov/OfficeofSafety/PublicSite/Crossing/Crossing.aspx?phasetype=C&rpttype=I&txtcrossingnum=430325V",
        "ACC_LINK": "https://safetydata.fra.dot.gov/OfficeofSafety/PublicSite/Crossing/Crossing.aspx?phasetype=C&rpttype=A&txtcrossingnum=430325V",
        "TTSTNNAM": "",
        "XPURPOSE": "1",
        "OPERATINGR": "UP",
        "OPERATIN_1": "Primary",
        "DAYTHRU": 6,
        "NGHTTHRU": 5,
        "MAINTRK": 1,
        "SIDINGTRK": 0,
        "YARDTRK": 0,
        "TRANSITTRK": 0,
        "INDUSTRYTR": 0,
        "OTHRTRK": 0,
        "WDCODE": "",
        "REVISIONDA": "1975/01/01 00:00:00",
        "LASTUPDATE": "8/29/2025",
        "AADT": "1",
        "AADTYEAR": "1970",
        "STATENAME": "TEXAS",
        "STATEAB": "TX",
        "COUNTYNAME": "MCLENNAN",
        "CITYNAME": "WACO",
        "LATDD": 31.534693,
        "LONGDD": -97.0482505,
        "gridlyProductionCertified": true,
        "gridlyClassification": "PUBLIC_ROADWAY",
        "gridlyDisplayName": "Private",
        "gridlyId": "FRA-430325V"
      }
    },
    {
      "type": "Feature",
      "id": 208208,
      "geometry": {
        "type": "Point",
        "coordinates": [
          -97.0962718997014,
          31.7889760996544
        ]
      },
      "properties": {
        "OBJECTID": 208208,
        "CROSSING": "430327J",
        "EFFDATE": 1756339200000,
        "REASON": "14",
        "StateCode": "48",
        "CountyCode": "48309",
        "STCYFIPS": "48309",
        "CITYCD": "483097340",
        "RAILROAD": "UP",
        "RRDIV": "TEXOMA",
        "RRSUBDIV": "FT. WORTH SUB",
        "HIGHWAY": "NA",
        "STREET": "Pedestrian",
        "TTSTN": "669750",
        "MILEPOST": "0179.720",
        "TYPEXING": "Public",
        "POSXING": "At Grade",
        "PRVCAT": "14",
        "INIT": "1",
        "LATITUDE": 31.7889761,
        "LONGITUD": -97.0962719,
        "LLSOURCE": "1",
        "WHISTBAN": "0",
        "RRCONT": "4025443721",
        "POLCONT": "8008488715",
        "INV_LINK": "https://safetydata.fra.dot.gov/OfficeofSafety/PublicSite/Crossing/Crossing.aspx?phasetype=C&rpttype=I&txtcrossingnum=430327J",
        "ACC_LINK": "https://safetydata.fra.dot.gov/OfficeofSafety/PublicSite/Crossing/Crossing.aspx?phasetype=C&rpttype=A&txtcrossingnum=430327J",
        "TTSTNNAM": "",
        "XPURPOSE": "2",
        "OPERATINGR": "UP",
        "OPERATIN_1": "Primary",
        "DAYTHRU": 10,
        "NGHTTHRU": 10,
        "MAINTRK": 1,
        "SIDINGTRK": 0,
        "YARDTRK": 0,
        "TRANSITTRK": 0,
        "INDUSTRYTR": 0,
        "OTHRTRK": 0,
        "WDCODE": "Crossbucks",
        "REVISIONDA": "1975/01/01 00:00:00",
        "LASTUPDATE": "8/28/2025",
        "AADT": "1",
        "AADTYEAR": "1970",
        "STATENAME": "TEXAS",
        "STATEAB": "TX",
        "COUNTYNAME": "MCLENNAN",
        "CITYNAME": "WEST",
        "LATDD": 31.7889761,
        "LONGDD": -97.0962719,
        "gridlyProductionCertified": true,
        "gridlyClassification": "PUBLIC_ROADWAY",
        "gridlyDisplayName": "Pedestrian",
        "gridlyId": "FRA-430327J"
      }
    },
    {
      "type": "Feature",
      "id": 208485,
      "geometry": {
        "type": "Point",
        "coordinates": [
          -97.1151755003647,
          31.5664095998747
        ]
      },
      "properties": {
        "OBJECTID": 208485,
        "CROSSING": "416115W",
        "EFFDATE": 1758240000000,
        "REASON": "14",
        "StateCode": "48",
        "CountyCode": "48309",
        "STCYFIPS": "48309",
        "CITYCD": "483097210",
        "RAILROAD": "UP",
        "RRDIV": "TEXOMA",
        "RRSUBDIV": "WACO SUB",
        "HIGHWAY": "lS0000",
        "STREET": "CHERRY STREET",
        "TTSTN": "669750",
        "MILEPOST": "0844.120",
        "TYPEXING": "Public",
        "POSXING": "At Grade",
        "PRVCAT": "14",
        "INIT": "2",
        "LATITUDE": 31.5664096,
        "LONGITUD": -97.1151755,
        "LLSOURCE": "1",
        "WHISTBAN": "0",
        "RRCONT": "4025443721",
        "POLCONT": "8008488715",
        "INV_LINK": "https://safetydata.fra.dot.gov/OfficeofSafety/PublicSite/Crossing/Crossing.aspx?phasetype=C&rpttype=I&txtcrossingnum=416115W",
        "ACC_LINK": "https://safetydata.fra.dot.gov/OfficeofSafety/PublicSite/Crossing/Crossing.aspx?phasetype=C&rpttype=A&txtcrossingnum=416115W",
        "TTSTNNAM": "",
        "XPURPOSE": "1",
        "OPERATINGR": "UP",
        "OPERATIN_1": "Primary",
        "DAYTHRU": 2,
        "NGHTTHRU": 1,
        "MAINTRK": 1,
        "SIDINGTRK": 0,
        "YARDTRK": 0,
        "TRANSITTRK": 0,
        "INDUSTRYTR": 0,
        "OTHRTRK": 2,
        "WDCODE": "Crossbucks",
        "REVISIONDA": "1975/01/01 00:00:00",
        "LASTUPDATE": "9/19/2025",
        "AADT": "138",
        "AADTYEAR": "2022",
        "STATENAME": "TEXAS",
        "STATEAB": "TX",
        "COUNTYNAME": "MCLENNAN",
        "CITYNAME": "WACO",
        "LATDD": 31.5664096,
        "LONGDD": -97.1151755,
        "gridlyProductionCertified": true,
        "gridlyClassification": "PUBLIC_ROADWAY",
        "gridlyDisplayName": "CHERRY STREET",
        "gridlyId": "FRA-416115W"
      }
    },
    {
      "type": "Feature",
      "id": 209504,
      "geometry": {
        "type": "Point",
        "coordinates": [
          -97.2421514997991,
          31.3074299997609
        ]
      },
      "properties": {
        "OBJECTID": 209504,
        "CROSSING": "416162E",
        "EFFDATE": 1756252800000,
        "REASON": "14",
        "StateCode": "48",
        "CountyCode": "48309",
        "STCYFIPS": "48309",
        "CITYCD": "483090957",
        "RAILROAD": "UP",
        "RRDIV": "TEXOMA",
        "RRSUBDIV": "WACO SUB",
        "HIGHWAY": "NA",
        "STREET": "Private",
        "TTSTN": "669789",
        "MILEPOST": "0864.160",
        "TYPEXING": "Private",
        "POSXING": "At Grade",
        "PRVCAT": "14",
        "INIT": "1",
        "LATITUDE": 31.30743,
        "LONGITUD": -97.2421515,
        "LLSOURCE": "1",
        "WHISTBAN": "0",
        "RRCONT": "4025443721",
        "POLCONT": "8008488715",
        "INV_LINK": "https://safetydata.fra.dot.gov/OfficeofSafety/PublicSite/Crossing/Crossing.aspx?phasetype=C&rpttype=I&txtcrossingnum=416162E",
        "ACC_LINK": "https://safetydata.fra.dot.gov/OfficeofSafety/PublicSite/Crossing/Crossing.aspx?phasetype=C&rpttype=A&txtcrossingnum=416162E",
        "TTSTNNAM": "",
        "XPURPOSE": "1",
        "OPERATINGR": "UP",
        "OPERATIN_1": "Primary",
        "DAYTHRU": 2,
        "NGHTTHRU": 1,
        "MAINTRK": 1,
        "SIDINGTRK": 0,
        "YARDTRK": 0,
        "TRANSITTRK": 0,
        "INDUSTRYTR": 0,
        "OTHRTRK": 0,
        "WDCODE": "",
        "REVISIONDA": "1975/01/01 00:00:00",
        "LASTUPDATE": "8/27/2025",
        "AADT": "1",
        "AADTYEAR": "1970",
        "STATENAME": "TEXAS",
        "STATEAB": "TX",
        "COUNTYNAME": "MCLENNAN",
        "CITYNAME": "BRUCEVILLE EDDY",
        "LATDD": 31.30743,
        "LONGDD": -97.2421515,
        "gridlyProductionCertified": true,
        "gridlyClassification": "PUBLIC_ROADWAY",
        "gridlyDisplayName": "Private",
        "gridlyId": "FRA-416162E"
      }
    },
    {
      "type": "Feature",
      "id": 209673,
      "geometry": {
        "type": "Point",
        "coordinates": [
          -97.2269690004187,
          31.3409839999107
        ]
      },
      "properties": {
        "OBJECTID": 209673,
        "CROSSING": "416157H",
        "EFFDATE": 1756252800000,
        "REASON": "14",
        "StateCode": "48",
        "CountyCode": "48309",
        "STCYFIPS": "48309",
        "CITYCD": "483094095",
        "RAILROAD": "UP",
        "RRDIV": "TEXOMA",
        "RRSUBDIV": "WACO SUB",
        "HIGHWAY": "NA",
        "STREET": "PRIVATE",
        "TTSTN": "669789",
        "MILEPOST": "0861.630",
        "TYPEXING": "Private",
        "POSXING": "RR Over",
        "PRVCAT": "14",
        "INIT": "1",
        "LATITUDE": 31.340984,
        "LONGITUD": -97.226969,
        "LLSOURCE": "1",
        "WHISTBAN": "0",
        "RRCONT": "4025443721",
        "POLCONT": "8008488715",
        "INV_LINK": "https://safetydata.fra.dot.gov/OfficeofSafety/PublicSite/Crossing/Crossing.aspx?phasetype=C&rpttype=I&txtcrossingnum=416157H",
        "ACC_LINK": "https://safetydata.fra.dot.gov/OfficeofSafety/PublicSite/Crossing/Crossing.aspx?phasetype=C&rpttype=A&txtcrossingnum=416157H",
        "TTSTNNAM": "",
        "XPURPOSE": "1",
        "OPERATINGR": "UP",
        "OPERATIN_1": "Primary",
        "DAYTHRU": 1,
        "NGHTTHRU": 1,
        "MAINTRK": 1,
        "SIDINGTRK": 0,
        "YARDTRK": 0,
        "TRANSITTRK": 0,
        "INDUSTRYTR": 0,
        "OTHRTRK": 0,
        "WDCODE": "",
        "REVISIONDA": "1975/01/01 00:00:00",
        "LASTUPDATE": "8/27/2025",
        "AADT": "1",
        "AADTYEAR": "1970",
        "STATENAME": "TEXAS",
        "STATEAB": "TX",
        "COUNTYNAME": "MCLENNAN",
        "CITYNAME": "LORENA",
        "LATDD": 31.340984,
        "LONGDD": -97.226969,
        "gridlyProductionCertified": true,
        "gridlyClassification": "PUBLIC_ROADWAY",
        "gridlyDisplayName": "PRIVATE",
        "gridlyId": "FRA-416157H"
      }
    },
    {
      "type": "Feature",
      "id": 209992,
      "geometry": {
        "type": "Point",
        "coordinates": [
          -97.1226729996261,
          31.5598319998344
        ]
      },
      "properties": {
        "OBJECTID": 209992,
        "CROSSING": "450432P",
        "EFFDATE": 1756252800000,
        "REASON": "14",
        "StateCode": "48",
        "CountyCode": "48309",
        "STCYFIPS": "48309",
        "CITYCD": "483097210",
        "RAILROAD": "UP",
        "RRDIV": "TEXOMA",
        "RRSUBDIV": "Waco Sub",
        "HIGHWAY": "TBD",
        "STREET": "Pedestrian",
        "TTSTN": "",
        "MILEPOST": "0844.730",
        "TYPEXING": "Public",
        "POSXING": "RR Over",
        "PRVCAT": "14",
        "INIT": "1",
        "LATITUDE": 31.559832,
        "LONGITUD": -97.122673,
        "LLSOURCE": "1",
        "WHISTBAN": "",
        "RRCONT": "4025443721",
        "POLCONT": "8008488715",
        "INV_LINK": "https://safetydata.fra.dot.gov/OfficeofSafety/PublicSite/Crossing/Crossing.aspx?phasetype=C&rpttype=I&txtcrossingnum=450432P",
        "ACC_LINK": "https://safetydata.fra.dot.gov/OfficeofSafety/PublicSite/Crossing/Crossing.aspx?phasetype=C&rpttype=A&txtcrossingnum=450432P",
        "TTSTNNAM": "",
        "XPURPOSE": "2",
        "OPERATINGR": "UP",
        "OPERATIN_1": "Primary",
        "DAYTHRU": 2,
        "NGHTTHRU": 2,
        "MAINTRK": 1,
        "SIDINGTRK": 0,
        "YARDTRK": 0,
        "TRANSITTRK": 0,
        "INDUSTRYTR": 0,
        "OTHRTRK": 0,
        "WDCODE": "",
        "REVISIONDA": "1975/01/01 00:00:00",
        "LASTUPDATE": "8/27/2025",
        "AADT": "",
        "AADTYEAR": "",
        "STATENAME": "TEXAS",
        "STATEAB": "TX",
        "COUNTYNAME": "MCLENNAN",
        "CITYNAME": "WACO",
        "LATDD": 31.559832,
        "LONGDD": -97.122673,
        "gridlyProductionCertified": true,
        "gridlyClassification": "PUBLIC_ROADWAY",
        "gridlyDisplayName": "Pedestrian",
        "gridlyId": "FRA-450432P"
      }
    },
    {
      "type": "Feature",
      "id": 210003,
      "geometry": {
        "type": "Point",
        "coordinates": [
          -97.0953627004293,
          31.5839573003701
        ]
      },
      "properties": {
        "OBJECTID": 210003,
        "CROSSING": "416110M",
        "EFFDATE": 1756252800000,
        "REASON": "14",
        "StateCode": "48",
        "CountyCode": "48309",
        "STCYFIPS": "48309",
        "CITYCD": "483090545",
        "RAILROAD": "UP",
        "RRDIV": "TEXOMA",
        "RRSUBDIV": "WACO SUB",
        "HIGHWAY": "NA",
        "STREET": "PRIVATE UPRR",
        "TTSTN": "669742",
        "MILEPOST": "0842.440",
        "TYPEXING": "Private",
        "POSXING": "At Grade",
        "PRVCAT": "14",
        "INIT": "1",
        "LATITUDE": 31.5839573,
        "LONGITUD": -97.0953627,
        "LLSOURCE": "1",
        "WHISTBAN": "0",
        "RRCONT": "4025443721",
        "POLCONT": "8008488715",
        "INV_LINK": "https://safetydata.fra.dot.gov/OfficeofSafety/PublicSite/Crossing/Crossing.aspx?phasetype=C&rpttype=I&txtcrossingnum=416110M",
        "ACC_LINK": "https://safetydata.fra.dot.gov/OfficeofSafety/PublicSite/Crossing/Crossing.aspx?phasetype=C&rpttype=A&txtcrossingnum=416110M",
        "TTSTNNAM": "",
        "XPURPOSE": "1",
        "OPERATINGR": "UP",
        "OPERATIN_1": "Primary",
        "DAYTHRU": 2,
        "NGHTTHRU": 1,
        "MAINTRK": 1,
        "SIDINGTRK": 0,
        "YARDTRK": 0,
        "TRANSITTRK": 0,
        "INDUSTRYTR": 0,
        "OTHRTRK": 0,
        "WDCODE": "",
        "REVISIONDA": "1975/01/01 00:00:00",
        "LASTUPDATE": "8/27/2025",
        "AADT": "1",
        "AADTYEAR": "1970",
        "STATENAME": "TEXAS",
        "STATEAB": "TX",
        "COUNTYNAME": "MCLENNAN",
        "CITYNAME": "BELLMEAD",
        "LATDD": 31.5839573,
        "LONGDD": -97.0953627,
        "gridlyProductionCertified": true,
        "gridlyClassification": "PUBLIC_ROADWAY",
        "gridlyDisplayName": "PRIVATE UPRR",
        "gridlyId": "FRA-416110M"
      }
    },
    {
      "type": "Feature",
      "id": 210771,
      "geometry": {
        "type": "Point",
        "coordinates": [
          -97.1238929998168,
          31.558769000029
        ]
      },
      "properties": {
        "OBJECTID": 210771,
        "CROSSING": "975285G",
        "EFFDATE": 1756252800000,
        "REASON": "14",
        "StateCode": "48",
        "CountyCode": "48309",
        "STCYFIPS": "48309",
        "CITYCD": "483097210",
        "RAILROAD": "UP",
        "RRDIV": "Texoma",
        "RRSUBDIV": "Waco Sub",
        "HIGHWAY": "TBD",
        "STREET": "Pedestrian",
        "TTSTN": "",
        "MILEPOST": "0844.830",
        "TYPEXING": "Public",
        "POSXING": "RR Over",
        "PRVCAT": "14",
        "INIT": "1",
        "LATITUDE": 31.558769,
        "LONGITUD": -97.123893,
        "LLSOURCE": "1",
        "WHISTBAN": "",
        "RRCONT": "4025443721",
        "POLCONT": "8008488715",
        "INV_LINK": "https://safetydata.fra.dot.gov/OfficeofSafety/PublicSite/Crossing/Crossing.aspx?phasetype=C&rpttype=I&txtcrossingnum=975285G",
        "ACC_LINK": "https://safetydata.fra.dot.gov/OfficeofSafety/PublicSite/Crossing/Crossing.aspx?phasetype=C&rpttype=A&txtcrossingnum=975285G",
        "TTSTNNAM": "",
        "XPURPOSE": "2",
        "OPERATINGR": "UP",
        "OPERATIN_1": "Primary",
        "DAYTHRU": 2,
        "NGHTTHRU": 2,
        "MAINTRK": 1,
        "SIDINGTRK": 0,
        "YARDTRK": 0,
        "TRANSITTRK": 0,
        "INDUSTRYTR": 0,
        "OTHRTRK": 0,
        "WDCODE": "",
        "REVISIONDA": "1975/01/01 00:00:00",
        "LASTUPDATE": "8/27/2025",
        "AADT": "",
        "AADTYEAR": "",
        "STATENAME": "TEXAS",
        "STATEAB": "TX",
        "COUNTYNAME": "MCLENNAN",
        "CITYNAME": "WACO",
        "LATDD": 31.558769,
        "LONGDD": -97.123893,
        "gridlyProductionCertified": true,
        "gridlyClassification": "PUBLIC_ROADWAY",
        "gridlyDisplayName": "Pedestrian",
        "gridlyId": "FRA-975285G"
      }
    },
    {
      "type": "Feature",
      "id": 210984,
      "geometry": {
        "type": "Point",
        "coordinates": [
          -97.0962798003844,
          31.6717615001451
        ]
      },
      "properties": {
        "OBJECTID": 210984,
        "CROSSING": "416087V",
        "EFFDATE": 1770681600000,
        "REASON": "22",
        "StateCode": "48",
        "CountyCode": "48309",
        "STCYFIPS": "48309",
        "CITYCD": "483092186",
        "RAILROAD": "UP",
        "RRDIV": "TEXOMA",
        "RRSUBDIV": "FT. WORTH SUB",
        "HIGHWAY": "FM0308",
        "STREET": "FM 308 / Leroy Parkway",
        "TTSTN": "669722",
        "MILEPOST": "0171.640",
        "TYPEXING": "Public",
        "POSXING": "At Grade",
        "PRVCAT": "22",
        "INIT": "1",
        "LATITUDE": 31.6717615,
        "LONGITUD": -97.0962798,
        "LLSOURCE": "1",
        "WHISTBAN": "0",
        "RRCONT": "4025443721",
        "POLCONT": "8008488715",
        "INV_LINK": "https://safetydata.fra.dot.gov/OfficeofSafety/PublicSite/Crossing/Crossing.aspx?phasetype=C&rpttype=I&txtcrossingnum=416087V",
        "ACC_LINK": "https://safetydata.fra.dot.gov/OfficeofSafety/PublicSite/Crossing/Crossing.aspx?phasetype=C&rpttype=A&txtcrossingnum=416087V",
        "TTSTNNAM": "",
        "XPURPOSE": "1",
        "OPERATINGR": "UP",
        "OPERATIN_1": "Primary",
        "DAYTHRU": 9,
        "NGHTTHRU": 8,
        "MAINTRK": 1,
        "SIDINGTRK": 1,
        "YARDTRK": 0,
        "TRANSITTRK": 0,
        "INDUSTRYTR": 0,
        "OTHRTRK": 1,
        "WDCODE": "All other Gates",
        "REVISIONDA": "1975/01/01 00:00:00",
        "LASTUPDATE": "2/10/2026",
        "AADT": "4815",
        "AADTYEAR": "2024",
        "STATENAME": "TEXAS",
        "STATEAB": "TX",
        "COUNTYNAME": "MCLENNAN",
        "CITYNAME": "ELM MOTT",
        "LATDD": 31.6717615,
        "LONGDD": -97.0962798,
        "gridlyProductionCertified": true,
        "gridlyClassification": "PUBLIC_ROADWAY",
        "gridlyDisplayName": "FM 308 / Leroy Parkway",
        "gridlyId": "FRA-416087V"
      }
    },
    {
      "type": "Feature",
      "id": 210995,
      "geometry": {
        "type": "Point",
        "coordinates": [
          -97.4117929998224,
          31.4396865998772
        ]
      },
      "properties": {
        "OBJECTID": 210995,
        "CROSSING": "790656A",
        "EFFDATE": 1759795200000,
        "REASON": "14",
        "StateCode": "48",
        "CountyCode": "48309",
        "STCYFIPS": "48309",
        "CITYCD": "483094220",
        "RAILROAD": "BNSF",
        "RRDIV": "RED RIVER",
        "RRSUBDIV": "FT WORTH",
        "HIGHWAY": "ls0000",
        "STREET": "JACKSON street",
        "TTSTN": "669793",
        "MILEPOST": "0243.787",
        "TYPEXING": "Public",
        "POSXING": "At Grade",
        "PRVCAT": "14",
        "INIT": "2",
        "LATITUDE": 31.4396866,
        "LONGITUD": -97.411793,
        "LLSOURCE": "1",
        "WHISTBAN": "0",
        "RRCONT": "8173521549",
        "POLCONT": "8008325452",
        "INV_LINK": "https://safetydata.fra.dot.gov/OfficeofSafety/PublicSite/Crossing/Crossing.aspx?phasetype=C&rpttype=I&txtcrossingnum=790656A",
        "ACC_LINK": "https://safetydata.fra.dot.gov/OfficeofSafety/PublicSite/Crossing/Crossing.aspx?phasetype=C&rpttype=A&txtcrossingnum=790656A",
        "TTSTNNAM": "669793",
        "XPURPOSE": "1",
        "OPERATINGR": "BNSF",
        "OPERATIN_1": "Primary",
        "DAYTHRU": 12,
        "NGHTTHRU": 12,
        "MAINTRK": 0,
        "SIDINGTRK": 0,
        "YARDTRK": 1,
        "TRANSITTRK": 0,
        "INDUSTRYTR": 0,
        "OTHRTRK": 0,
        "WDCODE": "Crossbucks",
        "REVISIONDA": "1996/01/01 00:00:00",
        "LASTUPDATE": "10/7/2025",
        "AADT": "149",
        "AADTYEAR": "2020",
        "STATENAME": "TEXAS",
        "STATEAB": "TX",
        "COUNTYNAME": "MCLENNAN",
        "CITYNAME": "MCGREGOR",
        "LATDD": 31.4396866,
        "LONGDD": -97.411793,
        "gridlyProductionCertified": true,
        "gridlyClassification": "PUBLIC_ROADWAY",
        "gridlyDisplayName": "JACKSON street",
        "gridlyId": "FRA-790656A"
      }
    },
    {
      "type": "Feature",
      "id": 210996,
      "geometry": {
        "type": "Point",
        "coordinates": [
          -97.4027191997825,
          31.4447464003456
        ]
      },
      "properties": {
        "OBJECTID": 210996,
        "CROSSING": "790623M",
        "EFFDATE": 1759795200000,
        "REASON": "14",
        "StateCode": "48",
        "CountyCode": "48309",
        "STCYFIPS": "48309",
        "CITYCD": "483094220",
        "RAILROAD": "BNSF",
        "RRDIV": "RED RIVER",
        "RRSUBDIV": "FT WORTH",
        "HIGHWAY": "ls0000",
        "STREET": "north GARFIELD street",
        "TTSTN": "669793",
        "MILEPOST": "0243.442",
        "TYPEXING": "Public",
        "POSXING": "At Grade",
        "PRVCAT": "14",
        "INIT": "2",
        "LATITUDE": 31.4447464,
        "LONGITUD": -97.4027192,
        "LLSOURCE": "1",
        "WHISTBAN": "0",
        "RRCONT": "8173521549",
        "POLCONT": "8008325452",
        "INV_LINK": "https://safetydata.fra.dot.gov/OfficeofSafety/PublicSite/Crossing/Crossing.aspx?phasetype=C&rpttype=I&txtcrossingnum=790623M",
        "ACC_LINK": "https://safetydata.fra.dot.gov/OfficeofSafety/PublicSite/Crossing/Crossing.aspx?phasetype=C&rpttype=A&txtcrossingnum=790623M",
        "TTSTNNAM": "669793",
        "XPURPOSE": "1",
        "OPERATINGR": "BNSF",
        "OPERATIN_1": "Primary",
        "DAYTHRU": 12,
        "NGHTTHRU": 12,
        "MAINTRK": 0,
        "SIDINGTRK": 0,
        "YARDTRK": 1,
        "TRANSITTRK": 0,
        "INDUSTRYTR": 0,
        "OTHRTRK": 0,
        "WDCODE": "Crossbucks",
        "REVISIONDA": "1996/01/01 00:00:00",
        "LASTUPDATE": "10/7/2025",
        "AADT": "795",
        "AADTYEAR": "2022",
        "STATENAME": "TEXAS",
        "STATEAB": "TX",
        "COUNTYNAME": "MCLENNAN",
        "CITYNAME": "MCGREGOR",
        "LATDD": 31.4447464,
        "LONGDD": -97.4027192,
        "gridlyProductionCertified": true,
        "gridlyClassification": "PUBLIC_ROADWAY",
        "gridlyDisplayName": "north GARFIELD street",
        "gridlyId": "FRA-790623M"
      }
    },
    {
      "type": "Feature",
      "id": 211051,
      "geometry": {
        "type": "Point",
        "coordinates": [
          -97.4017720996902,
          31.445190499684
        ]
      },
      "properties": {
        "OBJECTID": 211051,
        "CROSSING": "790622F",
        "EFFDATE": 1759795200000,
        "REASON": "14",
        "StateCode": "48",
        "CountyCode": "48309",
        "STCYFIPS": "48309",
        "CITYCD": "483094220",
        "RAILROAD": "BNSF",
        "RRDIV": "RED RIVER",
        "RRSUBDIV": "FT WORTH",
        "HIGHWAY": "ls0000",
        "STREET": "north arthur street",
        "TTSTN": "669793",
        "MILEPOST": "0243.450",
        "TYPEXING": "Public",
        "POSXING": "At Grade",
        "PRVCAT": "14",
        "INIT": "2",
        "LATITUDE": 31.4451905,
        "LONGITUD": -97.4017721,
        "LLSOURCE": "1",
        "WHISTBAN": "0",
        "RRCONT": "8173521549",
        "POLCONT": "8008325452",
        "INV_LINK": "https://safetydata.fra.dot.gov/OfficeofSafety/PublicSite/Crossing/Crossing.aspx?phasetype=C&rpttype=I&txtcrossingnum=790622F",
        "ACC_LINK": "https://safetydata.fra.dot.gov/OfficeofSafety/PublicSite/Crossing/Crossing.aspx?phasetype=C&rpttype=A&txtcrossingnum=790622F",
        "TTSTNNAM": "669793",
        "XPURPOSE": "1",
        "OPERATINGR": "BNSF",
        "OPERATIN_1": "Primary",
        "DAYTHRU": 12,
        "NGHTTHRU": 12,
        "MAINTRK": 0,
        "SIDINGTRK": 0,
        "YARDTRK": 1,
        "TRANSITTRK": 0,
        "INDUSTRYTR": 0,
        "OTHRTRK": 0,
        "WDCODE": "Crossbucks",
        "REVISIONDA": "1996/01/01 00:00:00",
        "LASTUPDATE": "10/7/2025",
        "AADT": "511",
        "AADTYEAR": "2020",
        "STATENAME": "TEXAS",
        "STATEAB": "TX",
        "COUNTYNAME": "MCLENNAN",
        "CITYNAME": "MCGREGOR",
        "LATDD": 31.4451905,
        "LONGDD": -97.4017721,
        "gridlyProductionCertified": true,
        "gridlyClassification": "PUBLIC_ROADWAY",
        "gridlyDisplayName": "north arthur street",
        "gridlyId": "FRA-790622F"
      }
    },
    {
      "type": "Feature",
      "id": 211052,
      "geometry": {
        "type": "Point",
        "coordinates": [
          -97.4056504995726,
          31.445362199638
        ]
      },
      "properties": {
        "OBJECTID": 211052,
        "CROSSING": "023063U",
        "EFFDATE": 1759968000000,
        "REASON": "14",
        "StateCode": "48",
        "CountyCode": "48309",
        "STCYFIPS": "48309",
        "CITYCD": "483094220",
        "RAILROAD": "BNSF",
        "RRDIV": "RED RIVER",
        "RRSUBDIV": "FT WORTH",
        "HIGHWAY": "US0084",
        "STREET": "US0084 / e mcgregor drive",
        "TTSTN": "669793",
        "MILEPOST": "0243.550",
        "TYPEXING": "Public",
        "POSXING": "RR Over",
        "PRVCAT": "14",
        "INIT": "2",
        "LATITUDE": 31.4453622,
        "LONGITUD": -97.4056505,
        "LLSOURCE": "1",
        "WHISTBAN": "0",
        "RRCONT": "8173521549",
        "POLCONT": "8008325452",
        "INV_LINK": "https://safetydata.fra.dot.gov/OfficeofSafety/PublicSite/Crossing/Crossing.aspx?phasetype=C&rpttype=I&txtcrossingnum=023063U",
        "ACC_LINK": "https://safetydata.fra.dot.gov/OfficeofSafety/PublicSite/Crossing/Crossing.aspx?phasetype=C&rpttype=A&txtcrossingnum=023063U",
        "TTSTNNAM": "MC GREGOR",
        "XPURPOSE": "1",
        "OPERATINGR": "BNSF",
        "OPERATIN_1": "Primary",
        "DAYTHRU": 10,
        "NGHTTHRU": 10,
        "MAINTRK": 1,
        "SIDINGTRK": 0,
        "YARDTRK": 0,
        "TRANSITTRK": 0,
        "INDUSTRYTR": 0,
        "OTHRTRK": 0,
        "WDCODE": "",
        "REVISIONDA": "1996/01/01 00:00:00",
        "LASTUPDATE": "10/9/2025",
        "AADT": "17398",
        "AADTYEAR": "2024",
        "STATENAME": "TEXAS",
        "STATEAB": "TX",
        "COUNTYNAME": "MCLENNAN",
        "CITYNAME": "MCGREGOR",
        "LATDD": 31.4453622,
        "LONGDD": -97.4056505,
        "gridlyProductionCertified": true,
        "gridlyClassification": "PUBLIC_ROADWAY",
        "gridlyDisplayName": "US0084 / e mcgregor drive",
        "gridlyId": "FRA-023063U"
      }
    },
    {
      "type": "Feature",
      "id": 211153,
      "geometry": {
        "type": "Point",
        "coordinates": [
          -97.3685446004119,
          31.3466110999151
        ]
      },
      "properties": {
        "OBJECTID": 211153,
        "CROSSING": "023053N",
        "EFFDATE": 1759968000000,
        "REASON": "14",
        "StateCode": "48",
        "CountyCode": "48309",
        "STCYFIPS": "48309",
        "CITYCD": "483094670",
        "RAILROAD": "BNSF",
        "RRDIV": "RED RIVER",
        "RRSUBDIV": "FT WORTH",
        "HIGHWAY": "C0793",
        "STREET": "BLUE CUT RoaD",
        "TTSTN": "669797",
        "MILEPOST": "0236.200",
        "TYPEXING": "Public",
        "POSXING": "RR Under",
        "PRVCAT": "14",
        "INIT": "2",
        "LATITUDE": 31.3466111,
        "LONGITUD": -97.3685446,
        "LLSOURCE": "1",
        "WHISTBAN": "0",
        "RRCONT": "8173521549",
        "POLCONT": "8008325452",
        "INV_LINK": "https://safetydata.fra.dot.gov/OfficeofSafety/PublicSite/Crossing/Crossing.aspx?phasetype=C&rpttype=I&txtcrossingnum=023053N",
        "ACC_LINK": "https://safetydata.fra.dot.gov/OfficeofSafety/PublicSite/Crossing/Crossing.aspx?phasetype=C&rpttype=A&txtcrossingnum=023053N",
        "TTSTNNAM": "MOODY",
        "XPURPOSE": "1",
        "OPERATINGR": "BNSF",
        "OPERATIN_1": "Primary",
        "DAYTHRU": 11,
        "NGHTTHRU": 10,
        "MAINTRK": 1,
        "SIDINGTRK": 0,
        "YARDTRK": 0,
        "TRANSITTRK": 0,
        "INDUSTRYTR": 0,
        "OTHRTRK": 0,
        "WDCODE": "",
        "REVISIONDA": "1996/01/01 00:00:00",
        "LASTUPDATE": "10/9/2025",
        "AADT": "000100",
        "AADTYEAR": "2010",
        "STATENAME": "TEXAS",
        "STATEAB": "TX",
        "COUNTYNAME": "MCLENNAN",
        "CITYNAME": "MOODY",
        "LATDD": 31.3466111,
        "LONGDD": -97.3685446,
        "gridlyProductionCertified": true,
        "gridlyClassification": "PUBLIC_ROADWAY",
        "gridlyDisplayName": "BLUE CUT RoaD",
        "gridlyId": "FRA-023053N"
      }
    },
    {
      "type": "Feature",
      "id": 211173,
      "geometry": {
        "type": "Point",
        "coordinates": [
          -97.4593702997387,
          31.6151552002051
        ]
      },
      "properties": {
        "OBJECTID": 211173,
        "CROSSING": "023080K",
        "EFFDATE": 1759968000000,
        "REASON": "14",
        "StateCode": "48",
        "CountyCode": "48309",
        "STCYFIPS": "48309",
        "CITYCD": "480357110",
        "RAILROAD": "BNSF",
        "RRDIV": "RED RIVER",
        "RRSUBDIV": "FT WORTH",
        "HIGHWAY": "Cr0678",
        "STREET": "PATTON RoaD",
        "TTSTN": "669738",
        "MILEPOST": "0256.010",
        "TYPEXING": "Public",
        "POSXING": "RR Over",
        "PRVCAT": "14",
        "INIT": "2",
        "LATITUDE": 31.6151552,
        "LONGITUD": -97.4593703,
        "LLSOURCE": "1",
        "WHISTBAN": "0",
        "RRCONT": "8173521549",
        "POLCONT": "8008325452",
        "INV_LINK": "https://safetydata.fra.dot.gov/OfficeofSafety/PublicSite/Crossing/Crossing.aspx?phasetype=C&rpttype=I&txtcrossingnum=023080K",
        "ACC_LINK": "https://safetydata.fra.dot.gov/OfficeofSafety/PublicSite/Crossing/Crossing.aspx?phasetype=C&rpttype=A&txtcrossingnum=023080K",
        "TTSTNNAM": "MANHATTAN",
        "XPURPOSE": "1",
        "OPERATINGR": "BNSF",
        "OPERATIN_1": "Primary",
        "DAYTHRU": 11,
        "NGHTTHRU": 11,
        "MAINTRK": 1,
        "SIDINGTRK": 0,
        "YARDTRK": 0,
        "TRANSITTRK": 0,
        "INDUSTRYTR": 0,
        "OTHRTRK": 0,
        "WDCODE": "",
        "REVISIONDA": "1996/01/01 00:00:00",
        "LASTUPDATE": "10/9/2025",
        "AADT": "000060",
        "AADTYEAR": "2022",
        "STATENAME": "TEXAS",
        "STATEAB": "TX",
        "COUNTYNAME": "MCLENNAN",
        "CITYNAME": "VALLEY MILLS",
        "LATDD": 31.6151552,
        "LONGDD": -97.4593703,
        "gridlyProductionCertified": true,
        "gridlyClassification": "PUBLIC_ROADWAY",
        "gridlyDisplayName": "PATTON RoaD",
        "gridlyId": "FRA-023080K"
      }
    },
    {
      "type": "Feature",
      "id": 212043,
      "geometry": {
        "type": "Point",
        "coordinates": [
          -97.1570438000379,
          31.526919200145
        ]
      },
      "properties": {
        "OBJECTID": 212043,
        "CROSSING": "416140E",
        "EFFDATE": 1759363200000,
        "REASON": "14",
        "StateCode": "48",
        "CountyCode": "48309",
        "STCYFIPS": "48309",
        "CITYCD": "483097210",
        "RAILROAD": "UP",
        "RRDIV": "TEXOMA",
        "RRSUBDIV": "WACO SUB",
        "HIGHWAY": "SL0396",
        "STREET": "sl0396 / south valley mills drive",
        "TTSTN": "669750",
        "MILEPOST": "0847.790",
        "TYPEXING": "Public",
        "POSXING": "RR Under",
        "PRVCAT": "14",
        "INIT": "2",
        "LATITUDE": 31.5269192,
        "LONGITUD": -97.1570438,
        "LLSOURCE": "1",
        "WHISTBAN": "0",
        "RRCONT": "4025443721",
        "POLCONT": "8008488715",
        "INV_LINK": "https://safetydata.fra.dot.gov/OfficeofSafety/PublicSite/Crossing/Crossing.aspx?phasetype=C&rpttype=I&txtcrossingnum=416140E",
        "ACC_LINK": "https://safetydata.fra.dot.gov/OfficeofSafety/PublicSite/Crossing/Crossing.aspx?phasetype=C&rpttype=A&txtcrossingnum=416140E",
        "TTSTNNAM": "",
        "XPURPOSE": "1",
        "OPERATINGR": "UP",
        "OPERATIN_1": "Primary",
        "DAYTHRU": 1,
        "NGHTTHRU": 1,
        "MAINTRK": 1,
        "SIDINGTRK": 1,
        "YARDTRK": 0,
        "TRANSITTRK": 0,
        "INDUSTRYTR": 1,
        "OTHRTRK": 0,
        "WDCODE": "",
        "REVISIONDA": "1975/01/01 00:00:00",
        "LASTUPDATE": "10/2/2025",
        "AADT": "21120",
        "AADTYEAR": "2011",
        "STATENAME": "TEXAS",
        "STATEAB": "TX",
        "COUNTYNAME": "MCLENNAN",
        "CITYNAME": "WACO",
        "LATDD": 31.5269192,
        "LONGDD": -97.1570438,
        "gridlyProductionCertified": true,
        "gridlyClassification": "PUBLIC_ROADWAY",
        "gridlyDisplayName": "sl0396 / south valley mills drive",
        "gridlyId": "FRA-416140E"
      }
    },
    {
      "type": "Feature",
      "id": 212044,
      "geometry": {
        "type": "Point",
        "coordinates": [
          -97.1765298000595,
          31.5032943999383
        ]
      },
      "properties": {
        "OBJECTID": 212044,
        "CROSSING": "416143A",
        "EFFDATE": 1759363200000,
        "REASON": "14",
        "StateCode": "48",
        "CountyCode": "48309",
        "STCYFIPS": "48309",
        "CITYCD": "483097210",
        "RAILROAD": "UP",
        "RRDIV": "TEXOMA",
        "RRSUBDIV": "WACO SUB",
        "HIGHWAY": "SH0006",
        "STREET": "SH0006 / SL0340",
        "TTSTN": "669750",
        "MILEPOST": "0849.880",
        "TYPEXING": "Public",
        "POSXING": "RR Under",
        "PRVCAT": "14",
        "INIT": "2",
        "LATITUDE": 31.5032944,
        "LONGITUD": -97.1765298,
        "LLSOURCE": "1",
        "WHISTBAN": "0",
        "RRCONT": "4025443721",
        "POLCONT": "8008488715",
        "INV_LINK": "https://safetydata.fra.dot.gov/OfficeofSafety/PublicSite/Crossing/Crossing.aspx?phasetype=C&rpttype=I&txtcrossingnum=416143A",
        "ACC_LINK": "https://safetydata.fra.dot.gov/OfficeofSafety/PublicSite/Crossing/Crossing.aspx?phasetype=C&rpttype=A&txtcrossingnum=416143A",
        "TTSTNNAM": "",
        "XPURPOSE": "1",
        "OPERATINGR": "UP",
        "OPERATIN_1": "Primary",
        "DAYTHRU": 1,
        "NGHTTHRU": 1,
        "MAINTRK": 1,
        "SIDINGTRK": 0,
        "YARDTRK": 0,
        "TRANSITTRK": 0,
        "INDUSTRYTR": 0,
        "OTHRTRK": 0,
        "WDCODE": "",
        "REVISIONDA": "1975/01/01 00:00:00",
        "LASTUPDATE": "10/2/2025",
        "AADT": "28520",
        "AADTYEAR": "2011",
        "STATENAME": "TEXAS",
        "STATEAB": "TX",
        "COUNTYNAME": "MCLENNAN",
        "CITYNAME": "WACO",
        "LATDD": 31.5032944,
        "LONGDD": -97.1765298,
        "gridlyProductionCertified": true,
        "gridlyClassification": "PUBLIC_ROADWAY",
        "gridlyDisplayName": "SH0006 / SL0340",
        "gridlyId": "FRA-416143A"
      }
    },
    {
      "type": "Feature",
      "id": 212053,
      "geometry": {
        "type": "Point",
        "coordinates": [
          -97.2303736997871,
          31.3330185001468
        ]
      },
      "properties": {
        "OBJECTID": 212053,
        "CROSSING": "416158P",
        "EFFDATE": 1759363200000,
        "REASON": "14",
        "StateCode": "48",
        "CountyCode": "48309",
        "STCYFIPS": "48309",
        "CITYCD": "483090957",
        "RAILROAD": "UP",
        "RRDIV": "TEXOMA",
        "RRSUBDIV": "WACO SUB",
        "HIGHWAY": "CR2501",
        "STREET": "FIRST STREET",
        "TTSTN": "669789",
        "MILEPOST": "0862.214",
        "TYPEXING": "Public",
        "POSXING": "RR Over",
        "PRVCAT": "14",
        "INIT": "2",
        "LATITUDE": 31.3330185,
        "LONGITUD": -97.2303737,
        "LLSOURCE": "1",
        "WHISTBAN": "0",
        "RRCONT": "4025443721",
        "POLCONT": "8008488715",
        "INV_LINK": "https://safetydata.fra.dot.gov/OfficeofSafety/PublicSite/Crossing/Crossing.aspx?phasetype=C&rpttype=I&txtcrossingnum=416158P",
        "ACC_LINK": "https://safetydata.fra.dot.gov/OfficeofSafety/PublicSite/Crossing/Crossing.aspx?phasetype=C&rpttype=A&txtcrossingnum=416158P",
        "TTSTNNAM": "",
        "XPURPOSE": "1",
        "OPERATINGR": "UP",
        "OPERATIN_1": "Primary",
        "DAYTHRU": 1,
        "NGHTTHRU": 1,
        "MAINTRK": 1,
        "SIDINGTRK": 0,
        "YARDTRK": 0,
        "TRANSITTRK": 0,
        "INDUSTRYTR": 0,
        "OTHRTRK": 0,
        "WDCODE": "",
        "REVISIONDA": "1975/01/01 00:00:00",
        "LASTUPDATE": "10/2/2025",
        "AADT": "119",
        "AADTYEAR": "2010",
        "STATENAME": "TEXAS",
        "STATEAB": "TX",
        "COUNTYNAME": "MCLENNAN",
        "CITYNAME": "BRUCEVILLE EDDY",
        "LATDD": 31.3330185,
        "LONGDD": -97.2303737,
        "gridlyProductionCertified": true,
        "gridlyClassification": "PUBLIC_ROADWAY",
        "gridlyDisplayName": "FIRST STREET",
        "gridlyId": "FRA-416158P"
      }
    },
    {
      "type": "Feature",
      "id": 212057,
      "geometry": {
        "type": "Point",
        "coordinates": [
          -97.2355784002027,
          31.3200593000611
        ]
      },
      "properties": {
        "OBJECTID": 212057,
        "CROSSING": "416160R",
        "EFFDATE": 1759363200000,
        "REASON": "14",
        "StateCode": "48",
        "CountyCode": "48309",
        "STCYFIPS": "48309",
        "CITYCD": "483090957",
        "RAILROAD": "UP",
        "RRDIV": "TEXOMA",
        "RRSUBDIV": "WACO SUB",
        "HIGHWAY": "ih0035",
        "STREET": "ih0035 purple heart trail",
        "TTSTN": "669789",
        "MILEPOST": "0863.176",
        "TYPEXING": "Public",
        "POSXING": "RR Under",
        "PRVCAT": "14",
        "INIT": "2",
        "LATITUDE": 31.3200593,
        "LONGITUD": -97.2355784,
        "LLSOURCE": "1",
        "WHISTBAN": "0",
        "RRCONT": "4025443721",
        "POLCONT": "8008488715",
        "INV_LINK": "https://safetydata.fra.dot.gov/OfficeofSafety/PublicSite/Crossing/Crossing.aspx?phasetype=C&rpttype=I&txtcrossingnum=416160R",
        "ACC_LINK": "https://safetydata.fra.dot.gov/OfficeofSafety/PublicSite/Crossing/Crossing.aspx?phasetype=C&rpttype=A&txtcrossingnum=416160R",
        "TTSTNNAM": "",
        "XPURPOSE": "1",
        "OPERATINGR": "UP",
        "OPERATIN_1": "Primary",
        "DAYTHRU": 1,
        "NGHTTHRU": 1,
        "MAINTRK": 1,
        "SIDINGTRK": 0,
        "YARDTRK": 0,
        "TRANSITTRK": 0,
        "INDUSTRYTR": 0,
        "OTHRTRK": 0,
        "WDCODE": "",
        "REVISIONDA": "1975/01/01 00:00:00",
        "LASTUPDATE": "10/2/2025",
        "AADT": "62040",
        "AADTYEAR": "2011",
        "STATENAME": "TEXAS",
        "STATEAB": "TX",
        "COUNTYNAME": "MCLENNAN",
        "CITYNAME": "BRUCEVILLE EDDY",
        "LATDD": 31.3200593,
        "LONGDD": -97.2355784,
        "gridlyProductionCertified": true,
        "gridlyClassification": "PUBLIC_ROADWAY",
        "gridlyDisplayName": "ih0035 purple heart trail",
        "gridlyId": "FRA-416160R"
      }
    },
    {
      "type": "Feature",
      "id": 212136,
      "geometry": {
        "type": "Point",
        "coordinates": [
          -97.1199343004295,
          31.5645466002913
        ]
      },
      "properties": {
        "OBJECTID": 212136,
        "CROSSING": "788795V",
        "EFFDATE": 1759363200000,
        "REASON": "14",
        "StateCode": "48",
        "CountyCode": "48309",
        "STCYFIPS": "48309",
        "CITYCD": "483097210",
        "RAILROAD": "UP",
        "RRDIV": "TEXOMA",
        "RRSUBDIV": "WACO SUB",
        "HIGHWAY": "lS0000",
        "STREET": "PEACH STREET",
        "TTSTN": "669750",
        "MILEPOST": "0844.440",
        "TYPEXING": "Public",
        "POSXING": "At Grade",
        "PRVCAT": "14",
        "INIT": "2",
        "LATITUDE": 31.5645466,
        "LONGITUD": -97.1199343,
        "LLSOURCE": "1",
        "WHISTBAN": "0",
        "RRCONT": "4025443721",
        "POLCONT": "8008488715",
        "INV_LINK": "https://safetydata.fra.dot.gov/OfficeofSafety/PublicSite/Crossing/Crossing.aspx?phasetype=C&rpttype=I&txtcrossingnum=788795V",
        "ACC_LINK": "https://safetydata.fra.dot.gov/OfficeofSafety/PublicSite/Crossing/Crossing.aspx?phasetype=C&rpttype=A&txtcrossingnum=788795V",
        "TTSTNNAM": "",
        "XPURPOSE": "1",
        "OPERATINGR": "UP",
        "OPERATIN_1": "Primary",
        "DAYTHRU": 0,
        "NGHTTHRU": 0,
        "MAINTRK": 0,
        "SIDINGTRK": 0,
        "YARDTRK": 0,
        "TRANSITTRK": 0,
        "INDUSTRYTR": 1,
        "OTHRTRK": 1,
        "WDCODE": "No signs or signals",
        "REVISIONDA": "1975/01/01 00:00:00",
        "LASTUPDATE": "10/2/2025",
        "AADT": "355",
        "AADTYEAR": "2019",
        "STATENAME": "TEXAS",
        "STATEAB": "TX",
        "COUNTYNAME": "MCLENNAN",
        "CITYNAME": "WACO",
        "LATDD": 31.5645466,
        "LONGDD": -97.1199343,
        "gridlyProductionCertified": true,
        "gridlyClassification": "PUBLIC_ROADWAY",
        "gridlyDisplayName": "PEACH STREET",
        "gridlyId": "FRA-788795V"
      }
    },
    {
      "type": "Feature",
      "id": 212137,
      "geometry": {
        "type": "Point",
        "coordinates": [
          -97.2303984995772,
          31.4766970000631
        ]
      },
      "properties": {
        "OBJECTID": 212137,
        "CROSSING": "790617J",
        "EFFDATE": 1759363200000,
        "REASON": "14",
        "StateCode": "48",
        "CountyCode": "48309",
        "STCYFIPS": "48309",
        "CITYCD": "483097210",
        "RAILROAD": "UP",
        "RRDIV": "TEXOMA",
        "RRSUBDIV": "Gatesville Ind Ld",
        "HIGHWAY": "ls0000",
        "STREET": "RITCHIE ROAD",
        "TTSTN": "669765",
        "MILEPOST": "0685.180",
        "TYPEXING": "Public",
        "POSXING": "RR Under",
        "PRVCAT": "14",
        "INIT": "2",
        "LATITUDE": 31.476697,
        "LONGITUD": -97.2303985,
        "LLSOURCE": "1",
        "WHISTBAN": "0",
        "RRCONT": "4025443721",
        "POLCONT": "8008488715",
        "INV_LINK": "https://safetydata.fra.dot.gov/OfficeofSafety/PublicSite/Crossing/Crossing.aspx?phasetype=C&rpttype=I&txtcrossingnum=790617J",
        "ACC_LINK": "https://safetydata.fra.dot.gov/OfficeofSafety/PublicSite/Crossing/Crossing.aspx?phasetype=C&rpttype=A&txtcrossingnum=790617J",
        "TTSTNNAM": "",
        "XPURPOSE": "1",
        "OPERATINGR": "UP",
        "OPERATIN_1": "Primary",
        "DAYTHRU": 15,
        "NGHTTHRU": 15,
        "MAINTRK": 0,
        "SIDINGTRK": 0,
        "YARDTRK": 0,
        "TRANSITTRK": 0,
        "INDUSTRYTR": 1,
        "OTHRTRK": 0,
        "WDCODE": "",
        "REVISIONDA": "1975/01/01 00:00:00",
        "LASTUPDATE": "10/2/2025",
        "AADT": "2730",
        "AADTYEAR": "2005",
        "STATENAME": "TEXAS",
        "STATEAB": "TX",
        "COUNTYNAME": "MCLENNAN",
        "CITYNAME": "WACO",
        "LATDD": 31.476697,
        "LONGDD": -97.2303985,
        "gridlyProductionCertified": true,
        "gridlyClassification": "PUBLIC_ROADWAY",
        "gridlyDisplayName": "RITCHIE ROAD",
        "gridlyId": "FRA-790617J"
      }
    },
    {
      "type": "Feature",
      "id": 212144,
      "geometry": {
        "type": "Point",
        "coordinates": [
          -97.0932063996927,
          31.8003329002169
        ]
      },
      "properties": {
        "OBJECTID": 212144,
        "CROSSING": "415363S",
        "EFFDATE": 1758499200000,
        "REASON": "14",
        "StateCode": "48",
        "CountyCode": "48309",
        "STCYFIPS": "48309",
        "CITYCD": "483097340",
        "RAILROAD": "UP",
        "RRDIV": "TEXOMA",
        "RRSUBDIV": "Ft. Worth Sub",
        "HIGHWAY": "lS0000",
        "STREET": "Spruce Street",
        "TTSTN": "669711",
        "MILEPOST": "0180.520",
        "TYPEXING": "Public",
        "POSXING": "At Grade",
        "PRVCAT": "14",
        "INIT": "1",
        "LATITUDE": 31.8003329,
        "LONGITUD": -97.0932064,
        "LLSOURCE": "1",
        "WHISTBAN": "0",
        "RRCONT": "4025443721",
        "POLCONT": "8008488715",
        "INV_LINK": "https://safetydata.fra.dot.gov/OfficeofSafety/PublicSite/Crossing/Crossing.aspx?phasetype=C&rpttype=I&txtcrossingnum=415363S",
        "ACC_LINK": "https://safetydata.fra.dot.gov/OfficeofSafety/PublicSite/Crossing/Crossing.aspx?phasetype=C&rpttype=A&txtcrossingnum=415363S",
        "TTSTNNAM": "",
        "XPURPOSE": "1",
        "OPERATINGR": "UP",
        "OPERATIN_1": "Primary",
        "DAYTHRU": 0,
        "NGHTTHRU": 0,
        "MAINTRK": 0,
        "SIDINGTRK": 0,
        "YARDTRK": 0,
        "TRANSITTRK": 0,
        "INDUSTRYTR": 1,
        "OTHRTRK": 1,
        "WDCODE": "Crossbucks",
        "REVISIONDA": "1975/01/01 00:00:00",
        "LASTUPDATE": "9/22/2025",
        "AADT": "732",
        "AADTYEAR": "2020",
        "STATENAME": "TEXAS",
        "STATEAB": "TX",
        "COUNTYNAME": "MCLENNAN",
        "CITYNAME": "WEST",
        "LATDD": 31.8003329,
        "LONGDD": -97.0932064,
        "gridlyProductionCertified": true,
        "gridlyClassification": "PUBLIC_ROADWAY",
        "gridlyDisplayName": "Spruce Street",
        "gridlyId": "FRA-415363S"
      }
    },
    {
      "type": "Feature",
      "id": 212148,
      "geometry": {
        "type": "Point",
        "coordinates": [
          -97.1668187001228,
          31.5196362003033
        ]
      },
      "properties": {
        "OBJECTID": 212148,
        "CROSSING": "790176N",
        "EFFDATE": 1759363200000,
        "REASON": "14",
        "StateCode": "48",
        "CountyCode": "48309",
        "STCYFIPS": "48309",
        "CITYCD": "483097210",
        "RAILROAD": "UP",
        "RRDIV": "TEXOMA",
        "RRSUBDIV": "Gatesville Ind Ld",
        "HIGHWAY": "ls0000",
        "STREET": "SOUTH NEW ROAD",
        "TTSTN": "669750",
        "MILEPOST": "0680.240",
        "TYPEXING": "Public",
        "POSXING": "RR Under",
        "PRVCAT": "14",
        "INIT": "2",
        "LATITUDE": 31.5196362,
        "LONGITUD": -97.1668187,
        "LLSOURCE": "1",
        "WHISTBAN": "0",
        "RRCONT": "4025443721",
        "POLCONT": "8008488715",
        "INV_LINK": "https://safetydata.fra.dot.gov/OfficeofSafety/PublicSite/Crossing/Crossing.aspx?phasetype=C&rpttype=I&txtcrossingnum=790176N",
        "ACC_LINK": "https://safetydata.fra.dot.gov/OfficeofSafety/PublicSite/Crossing/Crossing.aspx?phasetype=C&rpttype=A&txtcrossingnum=790176N",
        "TTSTNNAM": "",
        "XPURPOSE": "1",
        "OPERATINGR": "UP",
        "OPERATIN_1": "Primary",
        "DAYTHRU": 15,
        "NGHTTHRU": 15,
        "MAINTRK": 0,
        "SIDINGTRK": 0,
        "YARDTRK": 0,
        "TRANSITTRK": 0,
        "INDUSTRYTR": 1,
        "OTHRTRK": 0,
        "WDCODE": "",
        "REVISIONDA": "1975/01/01 00:00:00",
        "LASTUPDATE": "10/2/2025",
        "AADT": "",
        "AADTYEAR": "",
        "STATENAME": "TEXAS",
        "STATEAB": "TX",
        "COUNTYNAME": "MCLENNAN",
        "CITYNAME": "WACO",
        "LATDD": 31.5196362,
        "LONGDD": -97.1668187,
        "gridlyProductionCertified": true,
        "gridlyClassification": "PUBLIC_ROADWAY",
        "gridlyDisplayName": "SOUTH NEW ROAD",
        "gridlyId": "FRA-790176N"
      }
    },
    {
      "type": "Feature",
      "id": 212149,
      "geometry": {
        "type": "Point",
        "coordinates": [
          -97.1573602998687,
          31.5269524997307
        ]
      },
      "properties": {
        "OBJECTID": 212149,
        "CROSSING": "790610L",
        "EFFDATE": 1759363200000,
        "REASON": "14",
        "StateCode": "48",
        "CountyCode": "48309",
        "STCYFIPS": "48309",
        "CITYCD": "483097210",
        "RAILROAD": "UP",
        "RRDIV": "TEXOMA",
        "RRSUBDIV": "Gatesville Ind Ld",
        "HIGHWAY": "SL0396",
        "STREET": "sl0396 / south valley mills drive",
        "TTSTN": "669750",
        "MILEPOST": "0679.467",
        "TYPEXING": "Public",
        "POSXING": "RR Under",
        "PRVCAT": "14",
        "INIT": "2",
        "LATITUDE": 31.5269525,
        "LONGITUD": -97.1573603,
        "LLSOURCE": "1",
        "WHISTBAN": "0",
        "RRCONT": "4025443721",
        "POLCONT": "8008488715",
        "INV_LINK": "https://safetydata.fra.dot.gov/OfficeofSafety/PublicSite/Crossing/Crossing.aspx?phasetype=C&rpttype=I&txtcrossingnum=790610L",
        "ACC_LINK": "https://safetydata.fra.dot.gov/OfficeofSafety/PublicSite/Crossing/Crossing.aspx?phasetype=C&rpttype=A&txtcrossingnum=790610L",
        "TTSTNNAM": "",
        "XPURPOSE": "1",
        "OPERATINGR": "UP",
        "OPERATIN_1": "Primary",
        "DAYTHRU": 15,
        "NGHTTHRU": 15,
        "MAINTRK": 0,
        "SIDINGTRK": 0,
        "YARDTRK": 0,
        "TRANSITTRK": 0,
        "INDUSTRYTR": 1,
        "OTHRTRK": 0,
        "WDCODE": "",
        "REVISIONDA": "1975/01/01 00:00:00",
        "LASTUPDATE": "10/2/2025",
        "AADT": "21120",
        "AADTYEAR": "2011",
        "STATENAME": "TEXAS",
        "STATEAB": "TX",
        "COUNTYNAME": "MCLENNAN",
        "CITYNAME": "WACO",
        "LATDD": 31.5269525,
        "LONGDD": -97.1573603,
        "gridlyProductionCertified": true,
        "gridlyClassification": "PUBLIC_ROADWAY",
        "gridlyDisplayName": "sl0396 / south valley mills drive",
        "gridlyId": "FRA-790610L"
      }
    },
    {
      "type": "Feature",
      "id": 212150,
      "geometry": {
        "type": "Point",
        "coordinates": [
          -97.1848467003023,
          31.5093112999655
        ]
      },
      "properties": {
        "OBJECTID": 212150,
        "CROSSING": "790613G",
        "EFFDATE": 1759363200000,
        "REASON": "14",
        "StateCode": "48",
        "CountyCode": "48309",
        "STCYFIPS": "48309",
        "CITYCD": "483097210",
        "RAILROAD": "UP",
        "RRDIV": "TEXOMA",
        "RRSUBDIV": "Gatesville Ind Ld",
        "HIGHWAY": "sh0006",
        "STREET": "sh0006 / sl0340",
        "TTSTN": "669765",
        "MILEPOST": "0681.560",
        "TYPEXING": "Public",
        "POSXING": "RR Under",
        "PRVCAT": "14",
        "INIT": "2",
        "LATITUDE": 31.5093113,
        "LONGITUD": -97.1848467,
        "LLSOURCE": "1",
        "WHISTBAN": "0",
        "RRCONT": "4025443721",
        "POLCONT": "8008488715",
        "INV_LINK": "https://safetydata.fra.dot.gov/OfficeofSafety/PublicSite/Crossing/Crossing.aspx?phasetype=C&rpttype=I&txtcrossingnum=790613G",
        "ACC_LINK": "https://safetydata.fra.dot.gov/OfficeofSafety/PublicSite/Crossing/Crossing.aspx?phasetype=C&rpttype=A&txtcrossingnum=790613G",
        "TTSTNNAM": "",
        "XPURPOSE": "1",
        "OPERATINGR": "UP",
        "OPERATIN_1": "Primary",
        "DAYTHRU": 15,
        "NGHTTHRU": 15,
        "MAINTRK": 0,
        "SIDINGTRK": 0,
        "YARDTRK": 0,
        "TRANSITTRK": 0,
        "INDUSTRYTR": 1,
        "OTHRTRK": 0,
        "WDCODE": "",
        "REVISIONDA": "1975/01/01 00:00:00",
        "LASTUPDATE": "10/2/2025",
        "AADT": "25730",
        "AADTYEAR": "2011",
        "STATENAME": "TEXAS",
        "STATEAB": "TX",
        "COUNTYNAME": "MCLENNAN",
        "CITYNAME": "WACO",
        "LATDD": 31.5093113,
        "LONGDD": -97.1848467,
        "gridlyProductionCertified": true,
        "gridlyClassification": "PUBLIC_ROADWAY",
        "gridlyDisplayName": "sh0006 / sl0340",
        "gridlyId": "FRA-790613G"
      }
    },
    {
      "type": "Feature",
      "id": 212164,
      "geometry": {
        "type": "Point",
        "coordinates": [
          -97.1103068004081,
          31.6219472003561
        ]
      },
      "properties": {
        "OBJECTID": 212164,
        "CROSSING": "416097B",
        "EFFDATE": 1758499200000,
        "REASON": "14",
        "StateCode": "48",
        "CountyCode": "48309",
        "STCYFIPS": "48309",
        "CITYCD": "483093769",
        "RAILROAD": "UP",
        "RRDIV": "TEXOMA",
        "RRSUBDIV": "FT. WORTH SUB",
        "HIGHWAY": "lS0000",
        "STREET": "WEST CRAVEN AVENUE",
        "TTSTN": "669742",
        "MILEPOST": "0168.855",
        "TYPEXING": "Public",
        "POSXING": "At Grade",
        "PRVCAT": "14",
        "INIT": "1",
        "LATITUDE": 31.6219472,
        "LONGITUD": -97.1103068,
        "LLSOURCE": "1",
        "WHISTBAN": "0",
        "RRCONT": "4025443721",
        "POLCONT": "8008488715",
        "INV_LINK": "https://safetydata.fra.dot.gov/OfficeofSafety/PublicSite/Crossing/Crossing.aspx?phasetype=C&rpttype=I&txtcrossingnum=416097B",
        "ACC_LINK": "https://safetydata.fra.dot.gov/OfficeofSafety/PublicSite/Crossing/Crossing.aspx?phasetype=C&rpttype=A&txtcrossingnum=416097B",
        "TTSTNNAM": "",
        "XPURPOSE": "1",
        "OPERATINGR": "UP",
        "OPERATIN_1": "Primary",
        "DAYTHRU": 2,
        "NGHTTHRU": 0,
        "MAINTRK": 0,
        "SIDINGTRK": 0,
        "YARDTRK": 0,
        "TRANSITTRK": 0,
        "INDUSTRYTR": 1,
        "OTHRTRK": 1,
        "WDCODE": "Crossbucks",
        "REVISIONDA": "1975/01/01 00:00:00",
        "LASTUPDATE": "9/22/2025",
        "AADT": "789",
        "AADTYEAR": "2020",
        "STATENAME": "TEXAS",
        "STATEAB": "TX",
        "COUNTYNAME": "MCLENNAN",
        "CITYNAME": "LACY LAKEVIEW",
        "LATDD": 31.6219472,
        "LONGDD": -97.1103068,
        "gridlyProductionCertified": true,
        "gridlyClassification": "PUBLIC_ROADWAY",
        "gridlyDisplayName": "WEST CRAVEN AVENUE",
        "gridlyId": "FRA-416097B"
      }
    },
    {
      "type": "Feature",
      "id": 212165,
      "geometry": {
        "type": "Point",
        "coordinates": [
          -97.1107748999262,
          31.6114609999489
        ]
      },
      "properties": {
        "OBJECTID": 212165,
        "CROSSING": "416100G",
        "EFFDATE": 1758499200000,
        "REASON": "14",
        "StateCode": "48",
        "CountyCode": "48309",
        "STCYFIPS": "48309",
        "CITYCD": "483093769",
        "RAILROAD": "UP",
        "RRDIV": "TEXOMA",
        "RRSUBDIV": "FT. WORTH SUB",
        "HIGHWAY": "lS0000",
        "STREET": "OLD DALLAS ROAD",
        "TTSTN": "669742",
        "MILEPOST": "0168.066",
        "TYPEXING": "Public",
        "POSXING": "At Grade",
        "PRVCAT": "14",
        "INIT": "1",
        "LATITUDE": 31.611461,
        "LONGITUD": -97.1107749,
        "LLSOURCE": "1",
        "WHISTBAN": "0",
        "RRCONT": "4025443721",
        "POLCONT": "8008488715",
        "INV_LINK": "https://safetydata.fra.dot.gov/OfficeofSafety/PublicSite/Crossing/Crossing.aspx?phasetype=C&rpttype=I&txtcrossingnum=416100G",
        "ACC_LINK": "https://safetydata.fra.dot.gov/OfficeofSafety/PublicSite/Crossing/Crossing.aspx?phasetype=C&rpttype=A&txtcrossingnum=416100G",
        "TTSTNNAM": "",
        "XPURPOSE": "1",
        "OPERATINGR": "UP",
        "OPERATIN_1": "Primary",
        "DAYTHRU": 2,
        "NGHTTHRU": 0,
        "MAINTRK": 0,
        "SIDINGTRK": 0,
        "YARDTRK": 0,
        "TRANSITTRK": 0,
        "INDUSTRYTR": 1,
        "OTHRTRK": 1,
        "WDCODE": "Crossbucks",
        "REVISIONDA": "1975/01/01 00:00:00",
        "LASTUPDATE": "9/22/2025",
        "AADT": "236",
        "AADTYEAR": "2020",
        "STATENAME": "TEXAS",
        "STATEAB": "TX",
        "COUNTYNAME": "MCLENNAN",
        "CITYNAME": "LACY LAKEVIEW",
        "LATDD": 31.611461,
        "LONGDD": -97.1107749,
        "gridlyProductionCertified": true,
        "gridlyClassification": "PUBLIC_ROADWAY",
        "gridlyDisplayName": "OLD DALLAS ROAD",
        "gridlyId": "FRA-416100G"
      }
    },
    {
      "type": "Feature",
      "id": 212243,
      "geometry": {
        "type": "Point",
        "coordinates": [
          -97.0986320003283,
          31.5835579999141
        ]
      },
      "properties": {
        "OBJECTID": 212243,
        "CROSSING": "416108L",
        "EFFDATE": 1758499200000,
        "REASON": "14",
        "StateCode": "48",
        "CountyCode": "48309",
        "STCYFIPS": "48309",
        "CITYCD": "483090545",
        "RAILROAD": "UP",
        "RRDIV": "TEXOMA",
        "RRSUBDIV": "WACO SUB",
        "HIGHWAY": "ST 0000",
        "STREET": "ALL PRIVATE IN Yard - BELLMEAD",
        "TTSTN": "669748",
        "MILEPOST": "0842.582",
        "TYPEXING": "Private",
        "POSXING": "At Grade",
        "PRVCAT": "14",
        "INIT": "1",
        "LATITUDE": 31.583558,
        "LONGITUD": -97.098632,
        "LLSOURCE": "1",
        "WHISTBAN": "0",
        "RRCONT": "4025443721",
        "POLCONT": "8008488715",
        "INV_LINK": "https://safetydata.fra.dot.gov/OfficeofSafety/PublicSite/Crossing/Crossing.aspx?phasetype=C&rpttype=I&txtcrossingnum=416108L",
        "ACC_LINK": "https://safetydata.fra.dot.gov/OfficeofSafety/PublicSite/Crossing/Crossing.aspx?phasetype=C&rpttype=A&txtcrossingnum=416108L",
        "TTSTNNAM": "",
        "XPURPOSE": "1",
        "OPERATINGR": "UP",
        "OPERATIN_1": "Primary",
        "DAYTHRU": 0,
        "NGHTTHRU": 0,
        "MAINTRK": 0,
        "SIDINGTRK": 0,
        "YARDTRK": 1,
        "TRANSITTRK": 0,
        "INDUSTRYTR": 0,
        "OTHRTRK": 2,
        "WDCODE": "",
        "REVISIONDA": "1975/01/01 00:00:00",
        "LASTUPDATE": "9/22/2025",
        "AADT": "000370",
        "AADTYEAR": "2013",
        "STATENAME": "TEXAS",
        "STATEAB": "TX",
        "COUNTYNAME": "MCLENNAN",
        "CITYNAME": "BELLMEAD",
        "LATDD": 31.583558,
        "LONGDD": -97.098632,
        "gridlyProductionCertified": true,
        "gridlyClassification": "PUBLIC_ROADWAY",
        "gridlyDisplayName": "ALL PRIVATE IN Yard - BELLMEAD",
        "gridlyId": "FRA-416108L"
      }
    },
    {
      "type": "Feature",
      "id": 212244,
      "geometry": {
        "type": "Point",
        "coordinates": [
          -97.0938185000492,
          31.5846022999667
        ]
      },
      "properties": {
        "OBJECTID": 212244,
        "CROSSING": "430340X",
        "EFFDATE": 1758844800000,
        "REASON": "14",
        "StateCode": "48",
        "CountyCode": "48309",
        "STCYFIPS": "48309",
        "CITYCD": "483090545",
        "RAILROAD": "UP",
        "RRDIV": "TEXOMA",
        "RRSUBDIV": "FT. WORTH SUB",
        "HIGHWAY": "lS0000",
        "STREET": "Katy Lane",
        "TTSTN": "669750",
        "MILEPOST": "0165.590",
        "TYPEXING": "Public",
        "POSXING": "At Grade",
        "PRVCAT": "14",
        "INIT": "2",
        "LATITUDE": 31.5846023,
        "LONGITUD": -97.0938185,
        "LLSOURCE": "1",
        "WHISTBAN": "0",
        "RRCONT": "4025443721",
        "POLCONT": "8008488715",
        "INV_LINK": "https://safetydata.fra.dot.gov/OfficeofSafety/PublicSite/Crossing/Crossing.aspx?phasetype=C&rpttype=I&txtcrossingnum=430340X",
        "ACC_LINK": "https://safetydata.fra.dot.gov/OfficeofSafety/PublicSite/Crossing/Crossing.aspx?phasetype=C&rpttype=A&txtcrossingnum=430340X",
        "TTSTNNAM": "",
        "XPURPOSE": "1",
        "OPERATINGR": "UP",
        "OPERATIN_1": "Primary",
        "DAYTHRU": 6,
        "NGHTTHRU": 5,
        "MAINTRK": 1,
        "SIDINGTRK": 0,
        "YARDTRK": 0,
        "TRANSITTRK": 0,
        "INDUSTRYTR": 0,
        "OTHRTRK": 0,
        "WDCODE": "All other Gates",
        "REVISIONDA": "1975/01/01 00:00:00",
        "LASTUPDATE": "9/26/2025",
        "AADT": "750",
        "AADTYEAR": "2022",
        "STATENAME": "TEXAS",
        "STATEAB": "TX",
        "COUNTYNAME": "MCLENNAN",
        "CITYNAME": "BELLMEAD",
        "LATDD": 31.5846023,
        "LONGDD": -97.0938185,
        "gridlyProductionCertified": true,
        "gridlyClassification": "PUBLIC_ROADWAY",
        "gridlyDisplayName": "Katy Lane",
        "gridlyId": "FRA-430340X"
      }
    },
    {
      "type": "Feature",
      "id": 212245,
      "geometry": {
        "type": "Point",
        "coordinates": [
          -97.087355799808,
          31.5532395000832
        ]
      },
      "properties": {
        "OBJECTID": 212245,
        "CROSSING": "430343T",
        "EFFDATE": 1758844800000,
        "REASON": "14",
        "StateCode": "48",
        "CountyCode": "48309",
        "STCYFIPS": "48309",
        "CITYCD": "483097210",
        "RAILROAD": "UP",
        "RRDIV": "TEXOMA",
        "RRSUBDIV": "FT. WORTH SUB",
        "HIGHWAY": "FM0742",
        "STREET": "fm0742 / CHAPPEL HILL ROAD",
        "TTSTN": "669750",
        "MILEPOST": "0163.000",
        "TYPEXING": "Public",
        "POSXING": "At Grade",
        "PRVCAT": "14",
        "INIT": "2",
        "LATITUDE": 31.5532395,
        "LONGITUD": -97.0873558,
        "LLSOURCE": "1",
        "WHISTBAN": "0",
        "RRCONT": "4025443721",
        "POLCONT": "8008488715",
        "INV_LINK": "https://safetydata.fra.dot.gov/OfficeofSafety/PublicSite/Crossing/Crossing.aspx?phasetype=C&rpttype=I&txtcrossingnum=430343T",
        "ACC_LINK": "https://safetydata.fra.dot.gov/OfficeofSafety/PublicSite/Crossing/Crossing.aspx?phasetype=C&rpttype=A&txtcrossingnum=430343T",
        "TTSTNNAM": "",
        "XPURPOSE": "1",
        "OPERATINGR": "UP",
        "OPERATIN_1": "Primary",
        "DAYTHRU": 0,
        "NGHTTHRU": 0,
        "MAINTRK": 0,
        "SIDINGTRK": 0,
        "YARDTRK": 0,
        "TRANSITTRK": 0,
        "INDUSTRYTR": 1,
        "OTHRTRK": 1,
        "WDCODE": "Crossbucks",
        "REVISIONDA": "1975/01/01 00:00:00",
        "LASTUPDATE": "9/26/2025",
        "AADT": "119",
        "AADTYEAR": "2023",
        "STATENAME": "TEXAS",
        "STATEAB": "TX",
        "COUNTYNAME": "MCLENNAN",
        "CITYNAME": "WACO",
        "LATDD": 31.5532395,
        "LONGDD": -97.0873558,
        "gridlyProductionCertified": true,
        "gridlyClassification": "PUBLIC_ROADWAY",
        "gridlyDisplayName": "fm0742 / CHAPPEL HILL ROAD",
        "gridlyId": "FRA-430343T"
      }
    },
    {
      "type": "Feature",
      "id": 212413,
      "geometry": {
        "type": "Point",
        "coordinates": [
          -97.1086489002624,
          31.6099544000112
        ]
      },
      "properties": {
        "OBJECTID": 212413,
        "CROSSING": "416102V",
        "EFFDATE": 1758499200000,
        "REASON": "14",
        "StateCode": "48",
        "CountyCode": "48309",
        "STCYFIPS": "48309",
        "CITYCD": "483093769",
        "RAILROAD": "UP",
        "RRDIV": "TEXOMA",
        "RRSUBDIV": "FT. WORTH SUB",
        "HIGHWAY": "lS0000",
        "STREET": "MEYERS LANE",
        "TTSTN": "669742",
        "MILEPOST": "0167.903",
        "TYPEXING": "Public",
        "POSXING": "At Grade",
        "PRVCAT": "14",
        "INIT": "1",
        "LATITUDE": 31.6099544,
        "LONGITUD": -97.1086489,
        "LLSOURCE": "1",
        "WHISTBAN": "0",
        "RRCONT": "4025443721",
        "POLCONT": "8008488715",
        "INV_LINK": "https://safetydata.fra.dot.gov/OfficeofSafety/PublicSite/Crossing/Crossing.aspx?phasetype=C&rpttype=I&txtcrossingnum=416102V",
        "ACC_LINK": "https://safetydata.fra.dot.gov/OfficeofSafety/PublicSite/Crossing/Crossing.aspx?phasetype=C&rpttype=A&txtcrossingnum=416102V",
        "TTSTNNAM": "",
        "XPURPOSE": "1",
        "OPERATINGR": "UP",
        "OPERATIN_1": "Primary",
        "DAYTHRU": 2,
        "NGHTTHRU": 0,
        "MAINTRK": 0,
        "SIDINGTRK": 0,
        "YARDTRK": 0,
        "TRANSITTRK": 0,
        "INDUSTRYTR": 1,
        "OTHRTRK": 1,
        "WDCODE": "Crossbucks",
        "REVISIONDA": "1975/01/01 00:00:00",
        "LASTUPDATE": "9/22/2025",
        "AADT": "1106",
        "AADTYEAR": "2022",
        "STATENAME": "TEXAS",
        "STATEAB": "TX",
        "COUNTYNAME": "MCLENNAN",
        "CITYNAME": "LACY LAKEVIEW",
        "LATDD": 31.6099544,
        "LONGDD": -97.1086489,
        "gridlyProductionCertified": true,
        "gridlyClassification": "PUBLIC_ROADWAY",
        "gridlyDisplayName": "MEYERS LANE",
        "gridlyId": "FRA-416102V"
      }
    },
    {
      "type": "Feature",
      "id": 212532,
      "geometry": {
        "type": "Point",
        "coordinates": [
          -97.109365199802,
          31.5715054997967
        ]
      },
      "properties": {
        "OBJECTID": 212532,
        "CROSSING": "416113H",
        "EFFDATE": 1759708800000,
        "REASON": "14",
        "StateCode": "48",
        "CountyCode": "48309",
        "STCYFIPS": "48309",
        "CITYCD": "483097210",
        "RAILROAD": "UP",
        "RRDIV": "TEXOMA",
        "RRSUBDIV": "WACO SUB",
        "HIGHWAY": "BU0077",
        "STREET": "bu0077 / lp0484 marlin highway",
        "TTSTN": "669742",
        "MILEPOST": "0843.630",
        "TYPEXING": "Public",
        "POSXING": "RR Under",
        "PRVCAT": "14",
        "INIT": "2",
        "LATITUDE": 31.5715055,
        "LONGITUD": -97.1093652,
        "LLSOURCE": "1",
        "WHISTBAN": "0",
        "RRCONT": "4025443721",
        "POLCONT": "8008488715",
        "INV_LINK": "https://safetydata.fra.dot.gov/OfficeofSafety/PublicSite/Crossing/Crossing.aspx?phasetype=C&rpttype=I&txtcrossingnum=416113H",
        "ACC_LINK": "https://safetydata.fra.dot.gov/OfficeofSafety/PublicSite/Crossing/Crossing.aspx?phasetype=C&rpttype=A&txtcrossingnum=416113H",
        "TTSTNNAM": "",
        "XPURPOSE": "1",
        "OPERATINGR": "UP",
        "OPERATIN_1": "Primary",
        "DAYTHRU": 7,
        "NGHTTHRU": 7,
        "MAINTRK": 1,
        "SIDINGTRK": 0,
        "YARDTRK": 0,
        "TRANSITTRK": 0,
        "INDUSTRYTR": 0,
        "OTHRTRK": 0,
        "WDCODE": "",
        "REVISIONDA": "1975/01/01 00:00:00",
        "LASTUPDATE": "10/6/2025",
        "AADT": "10943",
        "AADTYEAR": "2024",
        "STATENAME": "TEXAS",
        "STATEAB": "TX",
        "COUNTYNAME": "MCLENNAN",
        "CITYNAME": "WACO",
        "LATDD": 31.5715055,
        "LONGDD": -97.1093652,
        "gridlyProductionCertified": true,
        "gridlyClassification": "PUBLIC_ROADWAY",
        "gridlyDisplayName": "bu0077 / lp0484 marlin highway",
        "gridlyId": "FRA-416113H"
      }
    },
    {
      "type": "Feature",
      "id": 212533,
      "geometry": {
        "type": "Point",
        "coordinates": [
          -97.1165719000329,
          31.5652058000474
        ]
      },
      "properties": {
        "OBJECTID": 212533,
        "CROSSING": "416116D",
        "EFFDATE": 1759708800000,
        "REASON": "14",
        "StateCode": "48",
        "CountyCode": "48309",
        "STCYFIPS": "48309",
        "CITYCD": "483097210",
        "RAILROAD": "UP",
        "RRDIV": "TEXOMA",
        "RRSUBDIV": "WACO SUB",
        "HIGHWAY": "IH0035",
        "STREET": "Ih0035",
        "TTSTN": "669750",
        "MILEPOST": "0844.232",
        "TYPEXING": "Public",
        "POSXING": "RR Under",
        "PRVCAT": "14",
        "INIT": "2",
        "LATITUDE": 31.5652058,
        "LONGITUD": -97.1165719,
        "LLSOURCE": "1",
        "WHISTBAN": "0",
        "RRCONT": "4025443721",
        "POLCONT": "8008488715",
        "INV_LINK": "https://safetydata.fra.dot.gov/OfficeofSafety/PublicSite/Crossing/Crossing.aspx?phasetype=C&rpttype=I&txtcrossingnum=416116D",
        "ACC_LINK": "https://safetydata.fra.dot.gov/OfficeofSafety/PublicSite/Crossing/Crossing.aspx?phasetype=C&rpttype=A&txtcrossingnum=416116D",
        "TTSTNNAM": "",
        "XPURPOSE": "1",
        "OPERATINGR": "UP",
        "OPERATIN_1": "Primary",
        "DAYTHRU": 1,
        "NGHTTHRU": 1,
        "MAINTRK": 1,
        "SIDINGTRK": 0,
        "YARDTRK": 0,
        "TRANSITTRK": 0,
        "INDUSTRYTR": 0,
        "OTHRTRK": 0,
        "WDCODE": "",
        "REVISIONDA": "1975/01/01 00:00:00",
        "LASTUPDATE": "10/6/2025",
        "AADT": "114677",
        "AADTYEAR": "2024",
        "STATENAME": "TEXAS",
        "STATEAB": "TX",
        "COUNTYNAME": "MCLENNAN",
        "CITYNAME": "WACO",
        "LATDD": 31.5652058,
        "LONGDD": -97.1165719,
        "gridlyProductionCertified": true,
        "gridlyClassification": "PUBLIC_ROADWAY",
        "gridlyDisplayName": "Ih0035",
        "gridlyId": "FRA-416116D"
      }
    },
    {
      "type": "Feature",
      "id": 212534,
      "geometry": {
        "type": "Point",
        "coordinates": [
          -97.1213591003354,
          31.5609730999214
        ]
      },
      "properties": {
        "OBJECTID": 212534,
        "CROSSING": "416118S",
        "EFFDATE": 1759708800000,
        "REASON": "14",
        "StateCode": "48",
        "CountyCode": "48309",
        "STCYFIPS": "48309",
        "CITYCD": "483097210",
        "RAILROAD": "UP",
        "RRDIV": "TEXOMA",
        "RRSUBDIV": "WACO SUB",
        "HIGHWAY": "US0084",
        "STREET": "us0084 / MARTIN LUTHER KING JR BOULEVARD",
        "TTSTN": "669750",
        "MILEPOST": "0844.625",
        "TYPEXING": "Public",
        "POSXING": "RR Under",
        "PRVCAT": "14",
        "INIT": "2",
        "LATITUDE": 31.5609731,
        "LONGITUD": -97.1213591,
        "LLSOURCE": "1",
        "WHISTBAN": "0",
        "RRCONT": "4025443721",
        "POLCONT": "8008488715",
        "INV_LINK": "https://safetydata.fra.dot.gov/OfficeofSafety/PublicSite/Crossing/Crossing.aspx?phasetype=C&rpttype=I&txtcrossingnum=416118S",
        "ACC_LINK": "https://safetydata.fra.dot.gov/OfficeofSafety/PublicSite/Crossing/Crossing.aspx?phasetype=C&rpttype=A&txtcrossingnum=416118S",
        "TTSTNNAM": "",
        "XPURPOSE": "1",
        "OPERATINGR": "UP",
        "OPERATIN_1": "Primary",
        "DAYTHRU": 2,
        "NGHTTHRU": 2,
        "MAINTRK": 1,
        "SIDINGTRK": 0,
        "YARDTRK": 0,
        "TRANSITTRK": 0,
        "INDUSTRYTR": 0,
        "OTHRTRK": 0,
        "WDCODE": "",
        "REVISIONDA": "1975/01/01 00:00:00",
        "LASTUPDATE": "10/6/2025",
        "AADT": "15084",
        "AADTYEAR": "2024",
        "STATENAME": "TEXAS",
        "STATEAB": "TX",
        "COUNTYNAME": "MCLENNAN",
        "CITYNAME": "WACO",
        "LATDD": 31.5609731,
        "LONGDD": -97.1213591,
        "gridlyProductionCertified": true,
        "gridlyClassification": "PUBLIC_ROADWAY",
        "gridlyDisplayName": "us0084 / MARTIN LUTHER KING JR BOULEVARD",
        "gridlyId": "FRA-416118S"
      }
    },
    {
      "type": "Feature",
      "id": 212623,
      "geometry": {
        "type": "Point",
        "coordinates": [
          -97.0930106001984,
          31.5963052999358
        ]
      },
      "properties": {
        "OBJECTID": 212623,
        "CROSSING": "416093Y",
        "EFFDATE": 1759708800000,
        "REASON": "14",
        "StateCode": "48",
        "CountyCode": "48309",
        "STCYFIPS": "48309",
        "CITYCD": "483090545",
        "RAILROAD": "UP",
        "RRDIV": "TEXOMA",
        "RRSUBDIV": "FT. WORTH SUB",
        "HIGHWAY": "US0084",
        "STREET": "US0084 / bellmead drive",
        "TTSTN": "669742",
        "MILEPOST": "0166.406",
        "TYPEXING": "Public",
        "POSXING": "RR Under",
        "PRVCAT": "14",
        "INIT": "2",
        "LATITUDE": 31.5963053,
        "LONGITUD": -97.0930106,
        "LLSOURCE": "1",
        "WHISTBAN": "0",
        "RRCONT": "4025443721",
        "POLCONT": "8008488715",
        "INV_LINK": "https://safetydata.fra.dot.gov/OfficeofSafety/PublicSite/Crossing/Crossing.aspx?phasetype=C&rpttype=I&txtcrossingnum=416093Y",
        "ACC_LINK": "https://safetydata.fra.dot.gov/OfficeofSafety/PublicSite/Crossing/Crossing.aspx?phasetype=C&rpttype=A&txtcrossingnum=416093Y",
        "TTSTNNAM": "",
        "XPURPOSE": "1",
        "OPERATINGR": "UP",
        "OPERATIN_1": "Primary",
        "DAYTHRU": 12,
        "NGHTTHRU": 12,
        "MAINTRK": 1,
        "SIDINGTRK": 0,
        "YARDTRK": 0,
        "TRANSITTRK": 0,
        "INDUSTRYTR": 1,
        "OTHRTRK": 0,
        "WDCODE": "",
        "REVISIONDA": "1975/01/01 00:00:00",
        "LASTUPDATE": "10/6/2025",
        "AADT": "19501",
        "AADTYEAR": "2024",
        "STATENAME": "TEXAS",
        "STATEAB": "TX",
        "COUNTYNAME": "MCLENNAN",
        "CITYNAME": "BELLMEAD",
        "LATDD": 31.5963053,
        "LONGDD": -97.0930106,
        "gridlyProductionCertified": true,
        "gridlyClassification": "PUBLIC_ROADWAY",
        "gridlyDisplayName": "US0084 / bellmead drive",
        "gridlyId": "FRA-416093Y"
      }
    },
    {
      "type": "Feature",
      "id": 212624,
      "geometry": {
        "type": "Point",
        "coordinates": [
          -97.1050103999683,
          31.6073804996987
        ]
      },
      "properties": {
        "OBJECTID": 212624,
        "CROSSING": "416105R",
        "EFFDATE": 1759708800000,
        "REASON": "14",
        "StateCode": "48",
        "CountyCode": "48309",
        "STCYFIPS": "48309",
        "CITYCD": "483090545",
        "RAILROAD": "UP",
        "RRDIV": "TEXOMA",
        "RRSUBDIV": "FT. WORTH SUB",
        "HIGHWAY": "IH0035",
        "STREET": "Ih0035",
        "TTSTN": "669742",
        "MILEPOST": "0167.626",
        "TYPEXING": "Public",
        "POSXING": "RR Under",
        "PRVCAT": "14",
        "INIT": "2",
        "LATITUDE": 31.6073805,
        "LONGITUD": -97.1050104,
        "LLSOURCE": "1",
        "WHISTBAN": "0",
        "RRCONT": "4025443721",
        "POLCONT": "8008488715",
        "INV_LINK": "https://safetydata.fra.dot.gov/OfficeofSafety/PublicSite/Crossing/Crossing.aspx?phasetype=C&rpttype=I&txtcrossingnum=416105R",
        "ACC_LINK": "https://safetydata.fra.dot.gov/OfficeofSafety/PublicSite/Crossing/Crossing.aspx?phasetype=C&rpttype=A&txtcrossingnum=416105R",
        "TTSTNNAM": "",
        "XPURPOSE": "1",
        "OPERATINGR": "UP",
        "OPERATIN_1": "Primary",
        "DAYTHRU": 2,
        "NGHTTHRU": 0,
        "MAINTRK": 0,
        "SIDINGTRK": 0,
        "YARDTRK": 0,
        "TRANSITTRK": 0,
        "INDUSTRYTR": 1,
        "OTHRTRK": 0,
        "WDCODE": "",
        "REVISIONDA": "1975/01/01 00:00:00",
        "LASTUPDATE": "10/6/2025",
        "AADT": "99539",
        "AADTYEAR": "2024",
        "STATENAME": "TEXAS",
        "STATEAB": "TX",
        "COUNTYNAME": "MCLENNAN",
        "CITYNAME": "BELLMEAD",
        "LATDD": 31.6073805,
        "LONGDD": -97.1050104,
        "gridlyProductionCertified": true,
        "gridlyClassification": "PUBLIC_ROADWAY",
        "gridlyDisplayName": "Ih0035",
        "gridlyId": "FRA-416105R"
      }
    },
    {
      "type": "Feature",
      "id": 212632,
      "geometry": {
        "type": "Point",
        "coordinates": [
          -97.1398633001419,
          31.5446788997971
        ]
      },
      "properties": {
        "OBJECTID": 212632,
        "CROSSING": "416133U",
        "EFFDATE": 1759708800000,
        "REASON": "14",
        "StateCode": "48",
        "CountyCode": "48309",
        "STCYFIPS": "48309",
        "CITYCD": "483097210",
        "RAILROAD": "UP",
        "RRDIV": "TEXOMA",
        "RRSUBDIV": "WACO SUB",
        "HIGHWAY": "ls0000",
        "STREET": "south seventeenth STREET",
        "TTSTN": "669750",
        "MILEPOST": "0846.180",
        "TYPEXING": "Public",
        "POSXING": "RR Under",
        "PRVCAT": "14",
        "INIT": "2",
        "LATITUDE": 31.5446789,
        "LONGITUD": -97.1398633,
        "LLSOURCE": "1",
        "WHISTBAN": "0",
        "RRCONT": "4025443721",
        "POLCONT": "8008488715",
        "INV_LINK": "https://safetydata.fra.dot.gov/OfficeofSafety/PublicSite/Crossing/Crossing.aspx?phasetype=C&rpttype=I&txtcrossingnum=416133U",
        "ACC_LINK": "https://safetydata.fra.dot.gov/OfficeofSafety/PublicSite/Crossing/Crossing.aspx?phasetype=C&rpttype=A&txtcrossingnum=416133U",
        "TTSTNNAM": "",
        "XPURPOSE": "1",
        "OPERATINGR": "UP",
        "OPERATIN_1": "Primary",
        "DAYTHRU": 1,
        "NGHTTHRU": 1,
        "MAINTRK": 1,
        "SIDINGTRK": 0,
        "YARDTRK": 0,
        "TRANSITTRK": 0,
        "INDUSTRYTR": 0,
        "OTHRTRK": 0,
        "WDCODE": "",
        "REVISIONDA": "1975/01/01 00:00:00",
        "LASTUPDATE": "10/6/2025",
        "AADT": "7392",
        "AADTYEAR": "2022",
        "STATENAME": "TEXAS",
        "STATEAB": "TX",
        "COUNTYNAME": "MCLENNAN",
        "CITYNAME": "WACO",
        "LATDD": 31.5446789,
        "LONGDD": -97.1398633,
        "gridlyProductionCertified": true,
        "gridlyClassification": "PUBLIC_ROADWAY",
        "gridlyDisplayName": "south seventeenth STREET",
        "gridlyId": "FRA-416133U"
      }
    },
    {
      "type": "Feature",
      "id": 212633,
      "geometry": {
        "type": "Point",
        "coordinates": [
          -97.1407991003262,
          31.5438364000233
        ]
      },
      "properties": {
        "OBJECTID": 212633,
        "CROSSING": "416135H",
        "EFFDATE": 1759708800000,
        "REASON": "14",
        "StateCode": "48",
        "CountyCode": "48309",
        "STCYFIPS": "48309",
        "CITYCD": "483097210",
        "RAILROAD": "UP",
        "RRDIV": "TEXOMA",
        "RRSUBDIV": "WACO SUB",
        "HIGHWAY": "SL0002",
        "STREET": "sl0002 / eighteenTH STREET",
        "TTSTN": "669750",
        "MILEPOST": "0846.260",
        "TYPEXING": "Public",
        "POSXING": "RR Under",
        "PRVCAT": "14",
        "INIT": "2",
        "LATITUDE": 31.5438364,
        "LONGITUD": -97.1407991,
        "LLSOURCE": "1",
        "WHISTBAN": "0",
        "RRCONT": "4025443721",
        "POLCONT": "8008488715",
        "INV_LINK": "https://safetydata.fra.dot.gov/OfficeofSafety/PublicSite/Crossing/Crossing.aspx?phasetype=C&rpttype=I&txtcrossingnum=416135H",
        "ACC_LINK": "https://safetydata.fra.dot.gov/OfficeofSafety/PublicSite/Crossing/Crossing.aspx?phasetype=C&rpttype=A&txtcrossingnum=416135H",
        "TTSTNNAM": "",
        "XPURPOSE": "1",
        "OPERATINGR": "UP",
        "OPERATIN_1": "Primary",
        "DAYTHRU": 1,
        "NGHTTHRU": 1,
        "MAINTRK": 1,
        "SIDINGTRK": 0,
        "YARDTRK": 0,
        "TRANSITTRK": 0,
        "INDUSTRYTR": 0,
        "OTHRTRK": 0,
        "WDCODE": "",
        "REVISIONDA": "1975/01/01 00:00:00",
        "LASTUPDATE": "10/6/2025",
        "AADT": "16878",
        "AADTYEAR": "2024",
        "STATENAME": "TEXAS",
        "STATEAB": "TX",
        "COUNTYNAME": "MCLENNAN",
        "CITYNAME": "WACO",
        "LATDD": 31.5438364,
        "LONGDD": -97.1407991,
        "gridlyProductionCertified": true,
        "gridlyClassification": "PUBLIC_ROADWAY",
        "gridlyDisplayName": "sl0002 / eighteenTH STREET",
        "gridlyId": "FRA-416135H"
      }
    },
    {
      "type": "Feature",
      "id": 212669,
      "geometry": {
        "type": "Point",
        "coordinates": [
          -97.2068309995706,
          31.4361660003108
        ]
      },
      "properties": {
        "OBJECTID": 212669,
        "CROSSING": "922563Y",
        "EFFDATE": 1761004800000,
        "REASON": "14",
        "StateCode": "48",
        "CountyCode": "48309",
        "STCYFIPS": "48309",
        "CITYCD": "483093153",
        "RAILROAD": "UP",
        "RRDIV": "TEXOMA",
        "RRSUBDIV": "WACO SUB",
        "HIGHWAY": "fm1695",
        "STREET": "FM1695 / s hewitt drive",
        "TTSTN": "669762",
        "MILEPOST": "0854.888",
        "TYPEXING": "Public",
        "POSXING": "RR Under",
        "PRVCAT": "14",
        "INIT": "2",
        "LATITUDE": 31.436166,
        "LONGITUD": -97.206831,
        "LLSOURCE": "1",
        "WHISTBAN": "0",
        "RRCONT": "4025443721",
        "POLCONT": "8008488715",
        "INV_LINK": "https://safetydata.fra.dot.gov/OfficeofSafety/PublicSite/Crossing/Crossing.aspx?phasetype=C&rpttype=I&txtcrossingnum=922563Y",
        "ACC_LINK": "https://safetydata.fra.dot.gov/OfficeofSafety/PublicSite/Crossing/Crossing.aspx?phasetype=C&rpttype=A&txtcrossingnum=922563Y",
        "TTSTNNAM": "",
        "XPURPOSE": "1",
        "OPERATINGR": "UP",
        "OPERATIN_1": "Primary",
        "DAYTHRU": 1,
        "NGHTTHRU": 1,
        "MAINTRK": 1,
        "SIDINGTRK": 0,
        "YARDTRK": 0,
        "TRANSITTRK": 0,
        "INDUSTRYTR": 0,
        "OTHRTRK": 0,
        "WDCODE": "",
        "REVISIONDA": "1975/01/01 00:00:00",
        "LASTUPDATE": "10/21/2025",
        "AADT": "10949",
        "AADTYEAR": "2024",
        "STATENAME": "TEXAS",
        "STATEAB": "TX",
        "COUNTYNAME": "MCLENNAN",
        "CITYNAME": "HEWITT",
        "LATDD": 31.436166,
        "LONGDD": -97.206831,
        "gridlyProductionCertified": true,
        "gridlyClassification": "PUBLIC_ROADWAY",
        "gridlyDisplayName": "FM1695 / s hewitt drive",
        "gridlyId": "FRA-922563Y"
      }
    },
    {
      "type": "Feature",
      "id": 212706,
      "geometry": {
        "type": "Point",
        "coordinates": [
          -97.0907783999051,
          31.5534192002605
        ]
      },
      "properties": {
        "OBJECTID": 212706,
        "CROSSING": "430334U",
        "EFFDATE": 1759708800000,
        "REASON": "14",
        "StateCode": "48",
        "CountyCode": "48309",
        "STCYFIPS": "48309",
        "CITYCD": "483097210",
        "RAILROAD": "UP",
        "RRDIV": "TEXOMA",
        "RRSUBDIV": "FT. WORTH SUB",
        "HIGHWAY": "SL0484",
        "STREET": "sl0484 marlin highway",
        "TTSTN": "669750",
        "MILEPOST": "0163.177",
        "TYPEXING": "Public",
        "POSXING": "RR Under",
        "PRVCAT": "14",
        "INIT": "2",
        "LATITUDE": 31.5534192,
        "LONGITUD": -97.0907784,
        "LLSOURCE": "1",
        "WHISTBAN": "0",
        "RRCONT": "4025443721",
        "POLCONT": "8008488715",
        "INV_LINK": "https://safetydata.fra.dot.gov/OfficeofSafety/PublicSite/Crossing/Crossing.aspx?phasetype=C&rpttype=I&txtcrossingnum=430334U",
        "ACC_LINK": "https://safetydata.fra.dot.gov/OfficeofSafety/PublicSite/Crossing/Crossing.aspx?phasetype=C&rpttype=A&txtcrossingnum=430334U",
        "TTSTNNAM": "",
        "XPURPOSE": "1",
        "OPERATINGR": "UP",
        "OPERATIN_1": "Primary",
        "DAYTHRU": 7,
        "NGHTTHRU": 7,
        "MAINTRK": 1,
        "SIDINGTRK": 0,
        "YARDTRK": 0,
        "TRANSITTRK": 0,
        "INDUSTRYTR": 0,
        "OTHRTRK": 0,
        "WDCODE": "",
        "REVISIONDA": "1975/01/01 00:00:00",
        "LASTUPDATE": "10/6/2025",
        "AADT": "10543",
        "AADTYEAR": "2024",
        "STATENAME": "TEXAS",
        "STATEAB": "TX",
        "COUNTYNAME": "MCLENNAN",
        "CITYNAME": "WACO",
        "LATDD": 31.5534192,
        "LONGDD": -97.0907784,
        "gridlyProductionCertified": true,
        "gridlyClassification": "PUBLIC_ROADWAY",
        "gridlyDisplayName": "sl0484 marlin highway",
        "gridlyId": "FRA-430334U"
      }
    },
    {
      "type": "Feature",
      "id": 212707,
      "geometry": {
        "type": "Point",
        "coordinates": [
          -97.0701624998175,
          31.5435357002448
        ]
      },
      "properties": {
        "OBJECTID": 212707,
        "CROSSING": "440583C",
        "EFFDATE": 1759708800000,
        "REASON": "14",
        "StateCode": "48",
        "CountyCode": "48309",
        "STCYFIPS": "48309",
        "CITYCD": "483097210",
        "RAILROAD": "UP",
        "RRDIV": "TEXOMA",
        "RRSUBDIV": "FT. WORTH SUB",
        "HIGHWAY": "SH0006 ",
        "STREET": "sh0006 / LP0340",
        "TTSTN": "669750",
        "MILEPOST": "0161.750",
        "TYPEXING": "Public",
        "POSXING": "RR Under",
        "PRVCAT": "14",
        "INIT": "2",
        "LATITUDE": 31.5435357,
        "LONGITUD": -97.0701625,
        "LLSOURCE": "1",
        "WHISTBAN": "0",
        "RRCONT": "4025443721",
        "POLCONT": "8008488715",
        "INV_LINK": "https://safetydata.fra.dot.gov/OfficeofSafety/PublicSite/Crossing/Crossing.aspx?phasetype=C&rpttype=I&txtcrossingnum=440583C",
        "ACC_LINK": "https://safetydata.fra.dot.gov/OfficeofSafety/PublicSite/Crossing/Crossing.aspx?phasetype=C&rpttype=A&txtcrossingnum=440583C",
        "TTSTNNAM": "",
        "XPURPOSE": "1",
        "OPERATINGR": "UP",
        "OPERATIN_1": "Primary",
        "DAYTHRU": 14,
        "NGHTTHRU": 14,
        "MAINTRK": 1,
        "SIDINGTRK": 1,
        "YARDTRK": 0,
        "TRANSITTRK": 0,
        "INDUSTRYTR": 0,
        "OTHRTRK": 0,
        "WDCODE": "",
        "REVISIONDA": "1975/01/01 00:00:00",
        "LASTUPDATE": "10/6/2025",
        "AADT": "19134",
        "AADTYEAR": "2024",
        "STATENAME": "TEXAS",
        "STATEAB": "TX",
        "COUNTYNAME": "MCLENNAN",
        "CITYNAME": "WACO",
        "LATDD": 31.5435357,
        "LONGDD": -97.0701625,
        "gridlyProductionCertified": true,
        "gridlyClassification": "PUBLIC_ROADWAY",
        "gridlyDisplayName": "sh0006 / LP0340",
        "gridlyId": "FRA-440583C"
      }
    },
    {
      "type": "Feature",
      "id": 212708,
      "geometry": {
        "type": "Point",
        "coordinates": [
          -97.1661507003011,
          31.5188888998335
        ]
      },
      "properties": {
        "OBJECTID": 212708,
        "CROSSING": "415370C",
        "EFFDATE": 1759968000000,
        "REASON": "14",
        "StateCode": "48",
        "CountyCode": "48309",
        "STCYFIPS": "48309",
        "CITYCD": "483097210",
        "RAILROAD": "UP",
        "RRDIV": "TEXOMA",
        "RRSUBDIV": "WACO SUB",
        "HIGHWAY": "ls0000",
        "STREET": "SOUTH NEW ROAD",
        "TTSTN": "669750",
        "MILEPOST": "0848.580",
        "TYPEXING": "Public",
        "POSXING": "RR Under",
        "PRVCAT": "14",
        "INIT": "2",
        "LATITUDE": 31.5188889,
        "LONGITUD": -97.1661507,
        "LLSOURCE": "1",
        "WHISTBAN": "0",
        "RRCONT": "4025443721",
        "POLCONT": "8008488715",
        "INV_LINK": "https://safetydata.fra.dot.gov/OfficeofSafety/PublicSite/Crossing/Crossing.aspx?phasetype=C&rpttype=I&txtcrossingnum=415370C",
        "ACC_LINK": "https://safetydata.fra.dot.gov/OfficeofSafety/PublicSite/Crossing/Crossing.aspx?phasetype=C&rpttype=A&txtcrossingnum=415370C",
        "TTSTNNAM": "",
        "XPURPOSE": "1",
        "OPERATINGR": "UP",
        "OPERATIN_1": "Primary",
        "DAYTHRU": 1,
        "NGHTTHRU": 1,
        "MAINTRK": 1,
        "SIDINGTRK": 0,
        "YARDTRK": 0,
        "TRANSITTRK": 0,
        "INDUSTRYTR": 0,
        "OTHRTRK": 0,
        "WDCODE": "",
        "REVISIONDA": "1975/01/01 00:00:00",
        "LASTUPDATE": "10/9/2025",
        "AADT": "29920",
        "AADTYEAR": "2024",
        "STATENAME": "TEXAS",
        "STATEAB": "TX",
        "COUNTYNAME": "MCLENNAN",
        "CITYNAME": "WACO",
        "LATDD": 31.5188889,
        "LONGDD": -97.1661507,
        "gridlyProductionCertified": true,
        "gridlyClassification": "PUBLIC_ROADWAY",
        "gridlyDisplayName": "SOUTH NEW ROAD",
        "gridlyId": "FRA-415370C"
      }
    },
    {
      "type": "Feature",
      "id": 212760,
      "geometry": {
        "type": "Point",
        "coordinates": [
          -97.0902490002503,
          31.5542290003761
        ]
      },
      "properties": {
        "OBJECTID": 212760,
        "CROSSING": "430341E",
        "EFFDATE": 1758499200000,
        "REASON": "14",
        "StateCode": "48",
        "CountyCode": "48309",
        "STCYFIPS": "48309",
        "CITYCD": "483097210",
        "RAILROAD": "UP",
        "RRDIV": "TEXOMA",
        "RRSUBDIV": "FT. WORTH SUB",
        "HIGHWAY": "NA",
        "STREET": "PRIVATE INDUSTRY",
        "TTSTN": "669750",
        "MILEPOST": "0163.180",
        "TYPEXING": "Private",
        "POSXING": "At Grade",
        "PRVCAT": "14",
        "INIT": "1",
        "LATITUDE": 31.554229,
        "LONGITUD": -97.090249,
        "LLSOURCE": "1",
        "WHISTBAN": "0",
        "RRCONT": "4025443721",
        "POLCONT": "8008488715",
        "INV_LINK": "https://safetydata.fra.dot.gov/OfficeofSafety/PublicSite/Crossing/Crossing.aspx?phasetype=C&rpttype=I&txtcrossingnum=430341E",
        "ACC_LINK": "https://safetydata.fra.dot.gov/OfficeofSafety/PublicSite/Crossing/Crossing.aspx?phasetype=C&rpttype=A&txtcrossingnum=430341E",
        "TTSTNNAM": "",
        "XPURPOSE": "1",
        "OPERATINGR": "UP",
        "OPERATIN_1": "Primary",
        "DAYTHRU": 0,
        "NGHTTHRU": 0,
        "MAINTRK": 0,
        "SIDINGTRK": 0,
        "YARDTRK": 0,
        "TRANSITTRK": 0,
        "INDUSTRYTR": 1,
        "OTHRTRK": 0,
        "WDCODE": "",
        "REVISIONDA": "1975/01/01 00:00:00",
        "LASTUPDATE": "9/22/2025",
        "AADT": "",
        "AADTYEAR": "1970",
        "STATENAME": "TEXAS",
        "STATEAB": "TX",
        "COUNTYNAME": "MCLENNAN",
        "CITYNAME": "WACO",
        "LATDD": 31.554229,
        "LONGDD": -97.090249,
        "gridlyProductionCertified": true,
        "gridlyClassification": "PUBLIC_ROADWAY",
        "gridlyDisplayName": "PRIVATE INDUSTRY",
        "gridlyId": "FRA-430341E"
      }
    },
    {
      "type": "Feature",
      "id": 212761,
      "geometry": {
        "type": "Point",
        "coordinates": [
          -97.0749809004064,
          31.5494949996236
        ]
      },
      "properties": {
        "OBJECTID": 212761,
        "CROSSING": "430344A",
        "EFFDATE": 1758499200000,
        "REASON": "24",
        "StateCode": "48",
        "CountyCode": "48309",
        "STCYFIPS": "48309",
        "CITYCD": "483097210",
        "RAILROAD": "UP",
        "RRDIV": "Texoma",
        "RRSUBDIV": "FT. WORTH SUB",
        "HIGHWAY": "ST 0000",
        "STREET": "OLD MARLIN ROAD",
        "TTSTN": "669750",
        "MILEPOST": "0162.220",
        "TYPEXING": "Public",
        "POSXING": "At Grade",
        "PRVCAT": "24",
        "INIT": "1",
        "LATITUDE": 31.549495,
        "LONGITUD": -97.0749809,
        "LLSOURCE": "1",
        "WHISTBAN": "0",
        "RRCONT": "4025443721",
        "POLCONT": "8008488715",
        "INV_LINK": "https://safetydata.fra.dot.gov/OfficeofSafety/PublicSite/Crossing/Crossing.aspx?phasetype=C&rpttype=I&txtcrossingnum=430344A",
        "ACC_LINK": "https://safetydata.fra.dot.gov/OfficeofSafety/PublicSite/Crossing/Crossing.aspx?phasetype=C&rpttype=A&txtcrossingnum=430344A",
        "TTSTNNAM": "",
        "XPURPOSE": "1",
        "OPERATINGR": "UP",
        "OPERATIN_1": "Primary",
        "DAYTHRU": 0,
        "NGHTTHRU": 0,
        "MAINTRK": 0,
        "SIDINGTRK": 0,
        "YARDTRK": 0,
        "TRANSITTRK": 0,
        "INDUSTRYTR": 1,
        "OTHRTRK": 1,
        "WDCODE": "Crossbucks",
        "REVISIONDA": "1975/01/01 00:00:00",
        "LASTUPDATE": "9/22/2025",
        "AADT": "270",
        "AADTYEAR": "2019",
        "STATENAME": "TEXAS",
        "STATEAB": "TX",
        "COUNTYNAME": "MCLENNAN",
        "CITYNAME": "WACO",
        "LATDD": 31.549495,
        "LONGDD": -97.0749809,
        "gridlyProductionCertified": true,
        "gridlyClassification": "PUBLIC_ROADWAY",
        "gridlyDisplayName": "OLD MARLIN ROAD",
        "gridlyId": "FRA-430344A"
      }
    },
    {
      "type": "Feature",
      "id": 212896,
      "geometry": {
        "type": "Point",
        "coordinates": [
          -97.0931959001836,
          31.6013289000236
        ]
      },
      "properties": {
        "OBJECTID": 212896,
        "CROSSING": "414012P",
        "EFFDATE": 1760054400000,
        "REASON": "14",
        "StateCode": "48",
        "CountyCode": "48309",
        "STCYFIPS": "48309",
        "CITYCD": "483090545",
        "RAILROAD": "UP",
        "RRDIV": "TEXOMA",
        "RRSUBDIV": "FT. WORTH SUB",
        "HIGHWAY": "sl0340",
        "STREET": "sl0340 / fm2418",
        "TTSTN": "669742",
        "MILEPOST": "0166.760",
        "TYPEXING": "Public",
        "POSXING": "RR Under",
        "PRVCAT": "14",
        "INIT": "2",
        "LATITUDE": 31.6013289,
        "LONGITUD": -97.0931959,
        "LLSOURCE": "1",
        "WHISTBAN": "0",
        "RRCONT": "4025443721",
        "POLCONT": "8008488715",
        "INV_LINK": "https://safetydata.fra.dot.gov/OfficeofSafety/PublicSite/Crossing/Crossing.aspx?phasetype=C&rpttype=I&txtcrossingnum=414012P",
        "ACC_LINK": "https://safetydata.fra.dot.gov/OfficeofSafety/PublicSite/Crossing/Crossing.aspx?phasetype=C&rpttype=A&txtcrossingnum=414012P",
        "TTSTNNAM": "",
        "XPURPOSE": "1",
        "OPERATINGR": "UP",
        "OPERATIN_1": "Primary",
        "DAYTHRU": 12,
        "NGHTTHRU": 12,
        "MAINTRK": 1,
        "SIDINGTRK": 0,
        "YARDTRK": 0,
        "TRANSITTRK": 0,
        "INDUSTRYTR": 1,
        "OTHRTRK": 0,
        "WDCODE": "",
        "REVISIONDA": "1975/01/01 00:00:00",
        "LASTUPDATE": "10/10/2025",
        "AADT": "24456",
        "AADTYEAR": "2024",
        "STATENAME": "TEXAS",
        "STATEAB": "TX",
        "COUNTYNAME": "MCLENNAN",
        "CITYNAME": "BELLMEAD",
        "LATDD": 31.6013289,
        "LONGDD": -97.0931959,
        "gridlyProductionCertified": true,
        "gridlyClassification": "PUBLIC_ROADWAY",
        "gridlyDisplayName": "sl0340 / fm2418",
        "gridlyId": "FRA-414012P"
      }
    },
    {
      "type": "Feature",
      "id": 212908,
      "geometry": {
        "type": "Point",
        "coordinates": [
          -97.097475299924,
          31.698860199774
        ]
      },
      "properties": {
        "OBJECTID": 212908,
        "CROSSING": "416084A",
        "EFFDATE": 1759708800000,
        "REASON": "14",
        "StateCode": "48",
        "CountyCode": "48309",
        "STCYFIPS": "48309",
        "CITYCD": "483092186",
        "RAILROAD": "UP",
        "RRDIV": "TEXOMA",
        "RRSUBDIV": "FT. WORTH SUB",
        "HIGHWAY": "CR0610",
        "STREET": "OLD DALLAS ROAD",
        "TTSTN": "669722",
        "MILEPOST": "0173.470",
        "TYPEXING": "Public",
        "POSXING": "RR Over",
        "PRVCAT": "14",
        "INIT": "2",
        "LATITUDE": 31.6988602,
        "LONGITUD": -97.0974753,
        "LLSOURCE": "1",
        "WHISTBAN": "0",
        "RRCONT": "4025443721",
        "POLCONT": "8008488715",
        "INV_LINK": "https://safetydata.fra.dot.gov/OfficeofSafety/PublicSite/Crossing/Crossing.aspx?phasetype=C&rpttype=I&txtcrossingnum=416084A",
        "ACC_LINK": "https://safetydata.fra.dot.gov/OfficeofSafety/PublicSite/Crossing/Crossing.aspx?phasetype=C&rpttype=A&txtcrossingnum=416084A",
        "TTSTNNAM": "",
        "XPURPOSE": "1",
        "OPERATINGR": "UP",
        "OPERATIN_1": "Primary",
        "DAYTHRU": 12,
        "NGHTTHRU": 12,
        "MAINTRK": 1,
        "SIDINGTRK": 0,
        "YARDTRK": 0,
        "TRANSITTRK": 0,
        "INDUSTRYTR": 0,
        "OTHRTRK": 0,
        "WDCODE": "",
        "REVISIONDA": "1975/01/01 00:00:00",
        "LASTUPDATE": "10/6/2025",
        "AADT": "117",
        "AADTYEAR": "2022",
        "STATENAME": "TEXAS",
        "STATEAB": "TX",
        "COUNTYNAME": "MCLENNAN",
        "CITYNAME": "ELM MOTT",
        "LATDD": 31.6988602,
        "LONGDD": -97.0974753,
        "gridlyProductionCertified": true,
        "gridlyClassification": "PUBLIC_ROADWAY",
        "gridlyDisplayName": "OLD DALLAS ROAD",
        "gridlyId": "FRA-416084A"
      }
    },
    {
      "type": "Feature",
      "id": 212935,
      "geometry": {
        "type": "Point",
        "coordinates": [
          -97.0948649996259,
          31.6400735002501
        ]
      },
      "properties": {
        "OBJECTID": 212935,
        "CROSSING": "416089J",
        "EFFDATE": 1759708800000,
        "REASON": "14",
        "StateCode": "48",
        "CountyCode": "48309",
        "STCYFIPS": "48309",
        "CITYCD": "483093769",
        "RAILROAD": "UP",
        "RRDIV": "TEXOMA",
        "RRSUBDIV": "FT. WORTH SUB",
        "HIGHWAY": "FM2417",
        "STREET": "FM2417 / east crest drive",
        "TTSTN": "669722",
        "MILEPOST": "0169.440",
        "TYPEXING": "Public",
        "POSXING": "RR Over",
        "PRVCAT": "14",
        "INIT": "2",
        "LATITUDE": 31.6400735,
        "LONGITUD": -97.094865,
        "LLSOURCE": "1",
        "WHISTBAN": "0",
        "RRCONT": "4025443721",
        "POLCONT": "8008488715",
        "INV_LINK": "https://safetydata.fra.dot.gov/OfficeofSafety/PublicSite/Crossing/Crossing.aspx?phasetype=C&rpttype=I&txtcrossingnum=416089J",
        "ACC_LINK": "https://safetydata.fra.dot.gov/OfficeofSafety/PublicSite/Crossing/Crossing.aspx?phasetype=C&rpttype=A&txtcrossingnum=416089J",
        "TTSTNNAM": "",
        "XPURPOSE": "1",
        "OPERATINGR": "UP",
        "OPERATIN_1": "Primary",
        "DAYTHRU": 12,
        "NGHTTHRU": 12,
        "MAINTRK": 1,
        "SIDINGTRK": 0,
        "YARDTRK": 0,
        "TRANSITTRK": 0,
        "INDUSTRYTR": 0,
        "OTHRTRK": 0,
        "WDCODE": "",
        "REVISIONDA": "1975/01/01 00:00:00",
        "LASTUPDATE": "10/6/2025",
        "AADT": "7157",
        "AADTYEAR": "2024",
        "STATENAME": "TEXAS",
        "STATEAB": "TX",
        "COUNTYNAME": "MCLENNAN",
        "CITYNAME": "LACY LAKEVIEW",
        "LATDD": 31.6400735,
        "LONGDD": -97.094865,
        "gridlyProductionCertified": true,
        "gridlyClassification": "PUBLIC_ROADWAY",
        "gridlyDisplayName": "FM2417 / east crest drive",
        "gridlyId": "FRA-416089J"
      }
    },
    {
      "type": "Feature",
      "id": 212950,
      "geometry": {
        "type": "Point",
        "coordinates": [
          -97.1107294999701,
          31.6208411998994
        ]
      },
      "properties": {
        "OBJECTID": 212950,
        "CROSSING": "416098H",
        "EFFDATE": 1759104000000,
        "REASON": "14",
        "StateCode": "48",
        "CountyCode": "48309",
        "STCYFIPS": "48309",
        "CITYCD": "483093769",
        "RAILROAD": "UP",
        "RRDIV": "TEXOMA",
        "RRSUBDIV": "FT. WORTH SUB",
        "HIGHWAY": "lS0000",
        "STREET": "EAST FROST STREET",
        "TTSTN": "669742",
        "MILEPOST": "0168.774",
        "TYPEXING": "Public",
        "POSXING": "At Grade",
        "PRVCAT": "14",
        "INIT": "1",
        "LATITUDE": 31.6208412,
        "LONGITUD": -97.1107295,
        "LLSOURCE": "1",
        "WHISTBAN": "0",
        "RRCONT": "4025443721",
        "POLCONT": "8008488715",
        "INV_LINK": "https://safetydata.fra.dot.gov/OfficeofSafety/PublicSite/Crossing/Crossing.aspx?phasetype=C&rpttype=I&txtcrossingnum=416098H",
        "ACC_LINK": "https://safetydata.fra.dot.gov/OfficeofSafety/PublicSite/Crossing/Crossing.aspx?phasetype=C&rpttype=A&txtcrossingnum=416098H",
        "TTSTNNAM": "",
        "XPURPOSE": "1",
        "OPERATINGR": "UP",
        "OPERATIN_1": "Primary",
        "DAYTHRU": 2,
        "NGHTTHRU": 0,
        "MAINTRK": 0,
        "SIDINGTRK": 0,
        "YARDTRK": 0,
        "TRANSITTRK": 0,
        "INDUSTRYTR": 1,
        "OTHRTRK": 1,
        "WDCODE": "Crossbucks",
        "REVISIONDA": "1975/01/01 00:00:00",
        "LASTUPDATE": "9/29/2025",
        "AADT": "670",
        "AADTYEAR": "2022",
        "STATENAME": "TEXAS",
        "STATEAB": "TX",
        "COUNTYNAME": "MCLENNAN",
        "CITYNAME": "LACY LAKEVIEW",
        "LATDD": 31.6208412,
        "LONGDD": -97.1107295,
        "gridlyProductionCertified": true,
        "gridlyClassification": "PUBLIC_ROADWAY",
        "gridlyDisplayName": "EAST FROST STREET",
        "gridlyId": "FRA-416098H"
      }
    },
    {
      "type": "Feature",
      "id": 213092,
      "geometry": {
        "type": "Point",
        "coordinates": [
          -97.0894159996738,
          31.554491999627
        ]
      },
      "properties": {
        "OBJECTID": 213092,
        "CROSSING": "972491J",
        "EFFDATE": 1758585600000,
        "REASON": "14",
        "StateCode": "48",
        "CountyCode": "48309",
        "STCYFIPS": "48309",
        "CITYCD": "483097210",
        "RAILROAD": "UP",
        "RRDIV": "TEXOMA",
        "RRSUBDIV": "FT. WORTH SUB",
        "HIGHWAY": "NA",
        "STREET": "ALL PRIVATE IN Industry - JEBRO INCORP",
        "TTSTN": "",
        "MILEPOST": "0163.128",
        "TYPEXING": "Private",
        "POSXING": "At Grade",
        "PRVCAT": "14",
        "INIT": "1",
        "LATITUDE": 31.554492,
        "LONGITUD": -97.089416,
        "LLSOURCE": "1",
        "WHISTBAN": "",
        "RRCONT": "4025443721",
        "POLCONT": "8008488715",
        "INV_LINK": "https://safetydata.fra.dot.gov/OfficeofSafety/PublicSite/Crossing/Crossing.aspx?phasetype=C&rpttype=I&txtcrossingnum=972491J",
        "ACC_LINK": "https://safetydata.fra.dot.gov/OfficeofSafety/PublicSite/Crossing/Crossing.aspx?phasetype=C&rpttype=A&txtcrossingnum=972491J",
        "TTSTNNAM": "",
        "XPURPOSE": "1",
        "OPERATINGR": "UP",
        "OPERATIN_1": "Primary",
        "DAYTHRU": 0,
        "NGHTTHRU": 0,
        "MAINTRK": 0,
        "SIDINGTRK": 0,
        "YARDTRK": 0,
        "TRANSITTRK": 0,
        "INDUSTRYTR": 1,
        "OTHRTRK": 0,
        "WDCODE": "",
        "REVISIONDA": "1975/01/01 00:00:00",
        "LASTUPDATE": "9/23/2025",
        "AADT": "",
        "AADTYEAR": "",
        "STATENAME": "TEXAS",
        "STATEAB": "TX",
        "COUNTYNAME": "MCLENNAN",
        "CITYNAME": "WACO",
        "LATDD": 31.554492,
        "LONGDD": -97.089416,
        "gridlyProductionCertified": true,
        "gridlyClassification": "PUBLIC_ROADWAY",
        "gridlyDisplayName": "ALL PRIVATE IN Industry - JEBRO INCORP",
        "gridlyId": "FRA-972491J"
      }
    },
    {
      "type": "Feature",
      "id": 213211,
      "geometry": {
        "type": "Point",
        "coordinates": [
          -97.0892130001826,
          31.5538140000618
        ]
      },
      "properties": {
        "OBJECTID": 213211,
        "CROSSING": "430346N",
        "EFFDATE": 1758585600000,
        "REASON": "24",
        "StateCode": "48",
        "CountyCode": "48309",
        "STCYFIPS": "48309",
        "CITYCD": "483097210",
        "RAILROAD": "UP",
        "RRDIV": "TEXOMA",
        "RRSUBDIV": "FT. WORTH SUB",
        "HIGHWAY": "NA",
        "STREET": "PRIVATE INDUSTRY",
        "TTSTN": "669750",
        "MILEPOST": "0163.118",
        "TYPEXING": "Private",
        "POSXING": "At Grade",
        "PRVCAT": "24",
        "INIT": "1",
        "LATITUDE": 31.553814,
        "LONGITUD": -97.089213,
        "LLSOURCE": "1",
        "WHISTBAN": "0",
        "RRCONT": "4025443721",
        "POLCONT": "8008488715",
        "INV_LINK": "https://safetydata.fra.dot.gov/OfficeofSafety/PublicSite/Crossing/Crossing.aspx?phasetype=C&rpttype=I&txtcrossingnum=430346N",
        "ACC_LINK": "https://safetydata.fra.dot.gov/OfficeofSafety/PublicSite/Crossing/Crossing.aspx?phasetype=C&rpttype=A&txtcrossingnum=430346N",
        "TTSTNNAM": "",
        "XPURPOSE": "1",
        "OPERATINGR": "UP",
        "OPERATIN_1": "Primary",
        "DAYTHRU": 0,
        "NGHTTHRU": 0,
        "MAINTRK": 0,
        "SIDINGTRK": 0,
        "YARDTRK": 0,
        "TRANSITTRK": 0,
        "INDUSTRYTR": 1,
        "OTHRTRK": 0,
        "WDCODE": "",
        "REVISIONDA": "1975/01/01 00:00:00",
        "LASTUPDATE": "9/23/2025",
        "AADT": "1",
        "AADTYEAR": "1970",
        "STATENAME": "TEXAS",
        "STATEAB": "TX",
        "COUNTYNAME": "MCLENNAN",
        "CITYNAME": "WACO",
        "LATDD": 31.553814,
        "LONGDD": -97.089213,
        "gridlyProductionCertified": true,
        "gridlyClassification": "PUBLIC_ROADWAY",
        "gridlyDisplayName": "PRIVATE INDUSTRY",
        "gridlyId": "FRA-430346N"
      }
    },
    {
      "type": "Feature",
      "id": 213712,
      "geometry": {
        "type": "Point",
        "coordinates": [
          -97.1979150002885,
          31.4894299998663
        ]
      },
      "properties": {
        "OBJECTID": 213712,
        "CROSSING": "978403S",
        "EFFDATE": 1758585600000,
        "REASON": "14",
        "StateCode": "48",
        "CountyCode": "48309",
        "STCYFIPS": "48309",
        "CITYCD": "483093153",
        "RAILROAD": "UP",
        "RRDIV": "TEXOMA",
        "RRSUBDIV": "Waco Sub",
        "HIGHWAY": "NA",
        "STREET": "All Private in Industry - Mars Inc",
        "TTSTN": "",
        "MILEPOST": "0851.016",
        "TYPEXING": "Private",
        "POSXING": "At Grade",
        "PRVCAT": "14",
        "INIT": "1",
        "LATITUDE": 31.48943,
        "LONGITUD": -97.197915,
        "LLSOURCE": "1",
        "WHISTBAN": "",
        "RRCONT": "4025443721",
        "POLCONT": "5555555555",
        "INV_LINK": "https://safetydata.fra.dot.gov/OfficeofSafety/PublicSite/Crossing/Crossing.aspx?phasetype=C&rpttype=I&txtcrossingnum=978403S",
        "ACC_LINK": "https://safetydata.fra.dot.gov/OfficeofSafety/PublicSite/Crossing/Crossing.aspx?phasetype=C&rpttype=A&txtcrossingnum=978403S",
        "TTSTNNAM": "",
        "XPURPOSE": "1",
        "OPERATINGR": "UP",
        "OPERATIN_1": "Primary",
        "DAYTHRU": 1,
        "NGHTTHRU": 1,
        "MAINTRK": 0,
        "SIDINGTRK": 0,
        "YARDTRK": 0,
        "TRANSITTRK": 0,
        "INDUSTRYTR": 7,
        "OTHRTRK": 0,
        "WDCODE": "",
        "REVISIONDA": "1975/01/01 00:00:00",
        "LASTUPDATE": "9/23/2025",
        "AADT": "",
        "AADTYEAR": "",
        "STATENAME": "TEXAS",
        "STATEAB": "TX",
        "COUNTYNAME": "MCLENNAN",
        "CITYNAME": "HEWITT",
        "LATDD": 31.48943,
        "LONGDD": -97.197915,
        "gridlyProductionCertified": true,
        "gridlyClassification": "PUBLIC_ROADWAY",
        "gridlyDisplayName": "All Private in Industry - Mars Inc",
        "gridlyId": "FRA-978403S"
      }
    },
    {
      "type": "Feature",
      "id": 213732,
      "geometry": {
        "type": "Point",
        "coordinates": [
          -97.0925620004101,
          31.8026280003059
        ]
      },
      "properties": {
        "OBJECTID": 213732,
        "CROSSING": "975239F",
        "EFFDATE": 1758585600000,
        "REASON": "14",
        "StateCode": "48",
        "CountyCode": "48309",
        "STCYFIPS": "48309",
        "CITYCD": "483097340",
        "RAILROAD": "UP",
        "RRDIV": "TEXOMA",
        "RRSUBDIV": "FT. WORTH SUB",
        "HIGHWAY": "TBD",
        "STREET": "Oak Street",
        "TTSTN": "",
        "MILEPOST": "0180.685",
        "TYPEXING": "Public",
        "POSXING": "At Grade",
        "PRVCAT": "14",
        "INIT": "1",
        "LATITUDE": 31.802628,
        "LONGITUD": -97.092562,
        "LLSOURCE": "1",
        "WHISTBAN": "",
        "RRCONT": "4025443721",
        "POLCONT": "8008488715",
        "INV_LINK": "https://safetydata.fra.dot.gov/OfficeofSafety/PublicSite/Crossing/Crossing.aspx?phasetype=C&rpttype=I&txtcrossingnum=975239F",
        "ACC_LINK": "https://safetydata.fra.dot.gov/OfficeofSafety/PublicSite/Crossing/Crossing.aspx?phasetype=C&rpttype=A&txtcrossingnum=975239F",
        "TTSTNNAM": "",
        "XPURPOSE": "1",
        "OPERATINGR": "UP",
        "OPERATIN_1": "Primary",
        "DAYTHRU": 9,
        "NGHTTHRU": 9,
        "MAINTRK": 0,
        "SIDINGTRK": 0,
        "YARDTRK": 0,
        "TRANSITTRK": 0,
        "INDUSTRYTR": 1,
        "OTHRTRK": 0,
        "WDCODE": "Crossbucks",
        "REVISIONDA": "1975/01/01 00:00:00",
        "LASTUPDATE": "9/23/2025",
        "AADT": "7300",
        "AADTYEAR": "2011",
        "STATENAME": "TEXAS",
        "STATEAB": "TX",
        "COUNTYNAME": "MCLENNAN",
        "CITYNAME": "WEST",
        "LATDD": 31.802628,
        "LONGDD": -97.092562,
        "gridlyProductionCertified": true,
        "gridlyClassification": "PUBLIC_ROADWAY",
        "gridlyDisplayName": "Oak Street",
        "gridlyId": "FRA-975239F"
      }
    },
    {
      "type": "Feature",
      "id": 213733,
      "geometry": {
        "type": "Point",
        "coordinates": [
          -97.0922290003242,
          31.8036229999443
        ]
      },
      "properties": {
        "OBJECTID": 213733,
        "CROSSING": "975240A",
        "EFFDATE": 1758585600000,
        "REASON": "14",
        "StateCode": "48",
        "CountyCode": "48309",
        "STCYFIPS": "48309",
        "CITYCD": "483097340",
        "RAILROAD": "UP",
        "RRDIV": "TEXOMA",
        "RRSUBDIV": "Ft. Worth Sub",
        "HIGHWAY": "TBD",
        "STREET": "COLUMBUS STREET",
        "TTSTN": "",
        "MILEPOST": "0180.753",
        "TYPEXING": "Public",
        "POSXING": "At Grade",
        "PRVCAT": "14",
        "INIT": "1",
        "LATITUDE": 31.803623,
        "LONGITUD": -97.092229,
        "LLSOURCE": "1",
        "WHISTBAN": "",
        "RRCONT": "4025443721",
        "POLCONT": "8008488715",
        "INV_LINK": "https://safetydata.fra.dot.gov/OfficeofSafety/PublicSite/Crossing/Crossing.aspx?phasetype=C&rpttype=I&txtcrossingnum=975240A",
        "ACC_LINK": "https://safetydata.fra.dot.gov/OfficeofSafety/PublicSite/Crossing/Crossing.aspx?phasetype=C&rpttype=A&txtcrossingnum=975240A",
        "TTSTNNAM": "",
        "XPURPOSE": "1",
        "OPERATINGR": "UP",
        "OPERATIN_1": "Primary",
        "DAYTHRU": 9,
        "NGHTTHRU": 9,
        "MAINTRK": 0,
        "SIDINGTRK": 0,
        "YARDTRK": 0,
        "TRANSITTRK": 0,
        "INDUSTRYTR": 1,
        "OTHRTRK": 0,
        "WDCODE": "Crossbucks",
        "REVISIONDA": "1975/01/01 00:00:00",
        "LASTUPDATE": "9/23/2025",
        "AADT": "135",
        "AADTYEAR": "2002",
        "STATENAME": "TEXAS",
        "STATEAB": "TX",
        "COUNTYNAME": "MCLENNAN",
        "CITYNAME": "WEST",
        "LATDD": 31.803623,
        "LONGDD": -97.092229,
        "gridlyProductionCertified": true,
        "gridlyClassification": "PUBLIC_ROADWAY",
        "gridlyDisplayName": "COLUMBUS STREET",
        "gridlyId": "FRA-975240A"
      }
    },
    {
      "type": "Feature",
      "id": 213907,
      "geometry": {
        "type": "Point",
        "coordinates": [
          -97.4416134003322,
          31.5626259996324
        ]
      },
      "properties": {
        "OBJECTID": 213907,
        "CROSSING": "023076V",
        "EFFDATE": 1767830400000,
        "REASON": "14",
        "StateCode": "48",
        "CountyCode": "48309",
        "STCYFIPS": "48309",
        "CITYCD": "483091610",
        "RAILROAD": "BNSF",
        "RRDIV": "RED RIVER",
        "RRSUBDIV": "FT WORTH",
        "HIGHWAY": "LS0000",
        "STREET": "SIMPSON RoaD",
        "TTSTN": "669738",
        "MILEPOST": "0252.120",
        "TYPEXING": "Public",
        "POSXING": "At Grade",
        "PRVCAT": "14",
        "INIT": "2",
        "LATITUDE": 31.562626,
        "LONGITUD": -97.4416134,
        "LLSOURCE": "1",
        "WHISTBAN": "0",
        "RRCONT": "8173521549",
        "POLCONT": "8008325452",
        "INV_LINK": "https://safetydata.fra.dot.gov/OfficeofSafety/PublicSite/Crossing/Crossing.aspx?phasetype=C&rpttype=I&txtcrossingnum=023076V",
        "ACC_LINK": "https://safetydata.fra.dot.gov/OfficeofSafety/PublicSite/Crossing/Crossing.aspx?phasetype=C&rpttype=A&txtcrossingnum=023076V",
        "TTSTNNAM": "MANHATTAN",
        "XPURPOSE": "1",
        "OPERATINGR": "BNSF",
        "OPERATIN_1": "Primary",
        "DAYTHRU": 10,
        "NGHTTHRU": 10,
        "MAINTRK": 1,
        "SIDINGTRK": 0,
        "YARDTRK": 0,
        "TRANSITTRK": 0,
        "INDUSTRYTR": 0,
        "OTHRTRK": 0,
        "WDCODE": "All other Gates",
        "REVISIONDA": "1996/01/01 00:00:00",
        "LASTUPDATE": "1/8/2026",
        "AADT": "47",
        "AADTYEAR": "2020",
        "STATENAME": "TEXAS",
        "STATEAB": "TX",
        "COUNTYNAME": "MCLENNAN",
        "CITYNAME": "CRAWFORD",
        "LATDD": 31.562626,
        "LONGDD": -97.4416134,
        "gridlyProductionCertified": true,
        "gridlyClassification": "PUBLIC_ROADWAY",
        "gridlyDisplayName": "SIMPSON RoaD",
        "gridlyId": "FRA-023076V"
      }
    },
    {
      "type": "Feature",
      "id": 213908,
      "geometry": {
        "type": "Point",
        "coordinates": [
          -97.4421362000646,
          31.5352175999305
        ]
      },
      "properties": {
        "OBJECTID": 213908,
        "CROSSING": "023074G",
        "EFFDATE": 1767830400000,
        "REASON": "14",
        "StateCode": "48",
        "CountyCode": "48309",
        "STCYFIPS": "48309",
        "CITYCD": "483091610",
        "RAILROAD": "BNSF",
        "RRDIV": "RED RIVER",
        "RRSUBDIV": "FT WORTH",
        "HIGHWAY": "ls0000",
        "STREET": "east fourth street",
        "TTSTN": "669738",
        "MILEPOST": "0250.149",
        "TYPEXING": "Public",
        "POSXING": "At Grade",
        "PRVCAT": "14",
        "INIT": "2",
        "LATITUDE": 31.5352176,
        "LONGITUD": -97.4421362,
        "LLSOURCE": "1",
        "WHISTBAN": "0",
        "RRCONT": "8173521549",
        "POLCONT": "8008325452",
        "INV_LINK": "https://safetydata.fra.dot.gov/OfficeofSafety/PublicSite/Crossing/Crossing.aspx?phasetype=C&rpttype=I&txtcrossingnum=023074G",
        "ACC_LINK": "https://safetydata.fra.dot.gov/OfficeofSafety/PublicSite/Crossing/Crossing.aspx?phasetype=C&rpttype=A&txtcrossingnum=023074G",
        "TTSTNNAM": "MANHATTAN",
        "XPURPOSE": "1",
        "OPERATINGR": "BNSF",
        "OPERATIN_1": "Primary",
        "DAYTHRU": 10,
        "NGHTTHRU": 10,
        "MAINTRK": 1,
        "SIDINGTRK": 0,
        "YARDTRK": 1,
        "TRANSITTRK": 0,
        "INDUSTRYTR": 0,
        "OTHRTRK": 1,
        "WDCODE": "All other Gates",
        "REVISIONDA": "1996/01/01 00:00:00",
        "LASTUPDATE": "1/8/2026",
        "AADT": "143",
        "AADTYEAR": "2019",
        "STATENAME": "TEXAS",
        "STATEAB": "TX",
        "COUNTYNAME": "MCLENNAN",
        "CITYNAME": "CRAWFORD",
        "LATDD": 31.5352176,
        "LONGDD": -97.4421362,
        "gridlyProductionCertified": true,
        "gridlyClassification": "PUBLIC_ROADWAY",
        "gridlyDisplayName": "east fourth street",
        "gridlyId": "FRA-023074G"
      }
    },
    {
      "type": "Feature",
      "id": 213909,
      "geometry": {
        "type": "Point",
        "coordinates": [
          -97.442049200026,
          31.5341811002027
        ]
      },
      "properties": {
        "OBJECTID": 213909,
        "CROSSING": "023073A",
        "EFFDATE": 1767830400000,
        "REASON": "14",
        "StateCode": "48",
        "CountyCode": "48309",
        "STCYFIPS": "48309",
        "CITYCD": "483091610",
        "RAILROAD": "BNSF",
        "RRDIV": "RED RIVER",
        "RRSUBDIV": "FT WORTH",
        "HIGHWAY": "FM0185",
        "STREET": "FM0185 / cedar rock parkway",
        "TTSTN": "669738",
        "MILEPOST": "0250.080",
        "TYPEXING": "Public",
        "POSXING": "At Grade",
        "PRVCAT": "14",
        "INIT": "2",
        "LATITUDE": 31.5341811,
        "LONGITUD": -97.4420492,
        "LLSOURCE": "1",
        "WHISTBAN": "0",
        "RRCONT": "8173521549",
        "POLCONT": "8008325452",
        "INV_LINK": "https://safetydata.fra.dot.gov/OfficeofSafety/PublicSite/Crossing/Crossing.aspx?phasetype=C&rpttype=I&txtcrossingnum=023073A",
        "ACC_LINK": "https://safetydata.fra.dot.gov/OfficeofSafety/PublicSite/Crossing/Crossing.aspx?phasetype=C&rpttype=A&txtcrossingnum=023073A",
        "TTSTNNAM": "MANHATTAN",
        "XPURPOSE": "1",
        "OPERATINGR": "BNSF",
        "OPERATIN_1": "Primary",
        "DAYTHRU": 10,
        "NGHTTHRU": 10,
        "MAINTRK": 1,
        "SIDINGTRK": 0,
        "YARDTRK": 0,
        "TRANSITTRK": 0,
        "INDUSTRYTR": 0,
        "OTHRTRK": 0,
        "WDCODE": "All other Gates",
        "REVISIONDA": "1996/01/01 00:00:00",
        "LASTUPDATE": "1/8/2026",
        "AADT": "2158",
        "AADTYEAR": "2023",
        "STATENAME": "TEXAS",
        "STATEAB": "TX",
        "COUNTYNAME": "MCLENNAN",
        "CITYNAME": "CRAWFORD",
        "LATDD": 31.5341811,
        "LONGDD": -97.4420492,
        "gridlyProductionCertified": true,
        "gridlyClassification": "PUBLIC_ROADWAY",
        "gridlyDisplayName": "FM0185 / cedar rock parkway",
        "gridlyId": "FRA-023073A"
      }
    },
    {
      "type": "Feature",
      "id": 213910,
      "geometry": {
        "type": "Point",
        "coordinates": [
          -97.4271454999805,
          31.4964377998778
        ]
      },
      "properties": {
        "OBJECTID": 213910,
        "CROSSING": "023069K",
        "EFFDATE": 1767830400000,
        "REASON": "14",
        "StateCode": "48",
        "CountyCode": "48309",
        "STCYFIPS": "48309",
        "CITYCD": "483094220",
        "RAILROAD": "BNSF",
        "RRDIV": "RED RIVER",
        "RRSUBDIV": "FT WORTH",
        "HIGHWAY": "cr0000",
        "STREET": "RATTLER HILL RoaD",
        "TTSTN": "669793",
        "MILEPOST": "0247.310",
        "TYPEXING": "Public",
        "POSXING": "At Grade",
        "PRVCAT": "14",
        "INIT": "2",
        "LATITUDE": 31.4964378,
        "LONGITUD": -97.4271455,
        "LLSOURCE": "1",
        "WHISTBAN": "0",
        "RRCONT": "8173521549",
        "POLCONT": "8008325452",
        "INV_LINK": "https://safetydata.fra.dot.gov/OfficeofSafety/PublicSite/Crossing/Crossing.aspx?phasetype=C&rpttype=I&txtcrossingnum=023069K",
        "ACC_LINK": "https://safetydata.fra.dot.gov/OfficeofSafety/PublicSite/Crossing/Crossing.aspx?phasetype=C&rpttype=A&txtcrossingnum=023069K",
        "TTSTNNAM": "MC GREGOR",
        "XPURPOSE": "1",
        "OPERATINGR": "BNSF",
        "OPERATIN_1": "Primary",
        "DAYTHRU": 10,
        "NGHTTHRU": 10,
        "MAINTRK": 1,
        "SIDINGTRK": 0,
        "YARDTRK": 0,
        "TRANSITTRK": 0,
        "INDUSTRYTR": 0,
        "OTHRTRK": 0,
        "WDCODE": "All other Gates",
        "REVISIONDA": "1996/01/01 00:00:00",
        "LASTUPDATE": "1/8/2026",
        "AADT": "68",
        "AADTYEAR": "2022",
        "STATENAME": "TEXAS",
        "STATEAB": "TX",
        "COUNTYNAME": "MCLENNAN",
        "CITYNAME": "MCGREGOR",
        "LATDD": 31.4964378,
        "LONGDD": -97.4271455,
        "gridlyProductionCertified": true,
        "gridlyClassification": "PUBLIC_ROADWAY",
        "gridlyDisplayName": "RATTLER HILL RoaD",
        "gridlyId": "FRA-023069K"
      }
    },
    {
      "type": "Feature",
      "id": 213911,
      "geometry": {
        "type": "Point",
        "coordinates": [
          -97.4119366997251,
          31.4565620997325
        ]
      },
      "properties": {
        "OBJECTID": 213911,
        "CROSSING": "023065H",
        "EFFDATE": 1767830400000,
        "REASON": "14",
        "StateCode": "48",
        "CountyCode": "48309",
        "STCYFIPS": "48309",
        "CITYCD": "483094220",
        "RAILROAD": "BNSF",
        "RRDIV": "RED RIVER",
        "RRSUBDIV": "FT WORTH",
        "HIGHWAY": "FM3047",
        "STREET": "FM3047 / new winsor parkway",
        "TTSTN": "669793",
        "MILEPOST": "0244.410",
        "TYPEXING": "Public",
        "POSXING": "At Grade",
        "PRVCAT": "14",
        "INIT": "2",
        "LATITUDE": 31.4565621,
        "LONGITUD": -97.4119367,
        "LLSOURCE": "1",
        "WHISTBAN": "0",
        "RRCONT": "8173521549",
        "POLCONT": "8008325452",
        "INV_LINK": "https://safetydata.fra.dot.gov/OfficeofSafety/PublicSite/Crossing/Crossing.aspx?phasetype=C&rpttype=I&txtcrossingnum=023065H",
        "ACC_LINK": "https://safetydata.fra.dot.gov/OfficeofSafety/PublicSite/Crossing/Crossing.aspx?phasetype=C&rpttype=A&txtcrossingnum=023065H",
        "TTSTNNAM": "MC GREGOR",
        "XPURPOSE": "1",
        "OPERATINGR": "BNSF",
        "OPERATIN_1": "Primary",
        "DAYTHRU": 10,
        "NGHTTHRU": 10,
        "MAINTRK": 1,
        "SIDINGTRK": 0,
        "YARDTRK": 0,
        "TRANSITTRK": 0,
        "INDUSTRYTR": 0,
        "OTHRTRK": 0,
        "WDCODE": "All other Gates",
        "REVISIONDA": "1996/01/01 00:00:00",
        "LASTUPDATE": "1/8/2026",
        "AADT": "1310",
        "AADTYEAR": "2023",
        "STATENAME": "TEXAS",
        "STATEAB": "TX",
        "COUNTYNAME": "MCLENNAN",
        "CITYNAME": "MCGREGOR",
        "LATDD": 31.4565621,
        "LONGDD": -97.4119367,
        "gridlyProductionCertified": true,
        "gridlyClassification": "PUBLIC_ROADWAY",
        "gridlyDisplayName": "FM3047 / new winsor parkway",
        "gridlyId": "FRA-023065H"
      }
    },
    {
      "type": "Feature",
      "id": 213912,
      "geometry": {
        "type": "Point",
        "coordinates": [
          -97.4081866996396,
          31.4498959001834
        ]
      },
      "properties": {
        "OBJECTID": 213912,
        "CROSSING": "023064B",
        "EFFDATE": 1767830400000,
        "REASON": "14",
        "StateCode": "48",
        "CountyCode": "48309",
        "STCYFIPS": "48309",
        "CITYCD": "483094220",
        "RAILROAD": "BNSF",
        "RRDIV": "RED RIVER",
        "RRSUBDIV": "FT WORTH",
        "HIGHWAY": "lS0000",
        "STREET": "e WINDSOR RoaD",
        "TTSTN": "669793",
        "MILEPOST": "0243.900",
        "TYPEXING": "Public",
        "POSXING": "At Grade",
        "PRVCAT": "14",
        "INIT": "2",
        "LATITUDE": 31.4498959,
        "LONGITUD": -97.4081867,
        "LLSOURCE": "1",
        "WHISTBAN": "0",
        "RRCONT": "8173521549",
        "POLCONT": "8008325452",
        "INV_LINK": "https://safetydata.fra.dot.gov/OfficeofSafety/PublicSite/Crossing/Crossing.aspx?phasetype=C&rpttype=I&txtcrossingnum=023064B",
        "ACC_LINK": "https://safetydata.fra.dot.gov/OfficeofSafety/PublicSite/Crossing/Crossing.aspx?phasetype=C&rpttype=A&txtcrossingnum=023064B",
        "TTSTNNAM": "MC GREGOR",
        "XPURPOSE": "1",
        "OPERATINGR": "BNSF",
        "OPERATIN_1": "Primary",
        "DAYTHRU": 10,
        "NGHTTHRU": 10,
        "MAINTRK": 1,
        "SIDINGTRK": 0,
        "YARDTRK": 0,
        "TRANSITTRK": 0,
        "INDUSTRYTR": 0,
        "OTHRTRK": 0,
        "WDCODE": "All other Gates",
        "REVISIONDA": "1996/01/01 00:00:00",
        "LASTUPDATE": "1/8/2026",
        "AADT": "227",
        "AADTYEAR": "2022",
        "STATENAME": "TEXAS",
        "STATEAB": "TX",
        "COUNTYNAME": "MCLENNAN",
        "CITYNAME": "MCGREGOR",
        "LATDD": 31.4498959,
        "LONGDD": -97.4081867,
        "gridlyProductionCertified": true,
        "gridlyClassification": "PUBLIC_ROADWAY",
        "gridlyDisplayName": "e WINDSOR RoaD",
        "gridlyId": "FRA-023064B"
      }
    },
    {
      "type": "Feature",
      "id": 213913,
      "geometry": {
        "type": "Point",
        "coordinates": [
          -97.4020891995957,
          31.4390484001453
        ]
      },
      "properties": {
        "OBJECTID": 213913,
        "CROSSING": "023059E",
        "EFFDATE": 1767830400000,
        "REASON": "14",
        "StateCode": "48",
        "CountyCode": "48309",
        "STCYFIPS": "48309",
        "CITYCD": "483094220",
        "RAILROAD": "BNSF",
        "RRDIV": "RED RIVER",
        "RRSUBDIV": "FT WORTH",
        "HIGHWAY": "ls0000",
        "STREET": "east fifth street",
        "TTSTN": "669793",
        "MILEPOST": "0243.070",
        "TYPEXING": "Public",
        "POSXING": "At Grade",
        "PRVCAT": "14",
        "INIT": "2",
        "LATITUDE": 31.4390484,
        "LONGITUD": -97.4020892,
        "LLSOURCE": "1",
        "WHISTBAN": "0",
        "RRCONT": "8173521549",
        "POLCONT": "8008325452",
        "INV_LINK": "https://safetydata.fra.dot.gov/OfficeofSafety/PublicSite/Crossing/Crossing.aspx?phasetype=C&rpttype=I&txtcrossingnum=023059E",
        "ACC_LINK": "https://safetydata.fra.dot.gov/OfficeofSafety/PublicSite/Crossing/Crossing.aspx?phasetype=C&rpttype=A&txtcrossingnum=023059E",
        "TTSTNNAM": "MC GREGOR",
        "XPURPOSE": "1",
        "OPERATINGR": "BNSF",
        "OPERATIN_1": "Primary",
        "DAYTHRU": 10,
        "NGHTTHRU": 10,
        "MAINTRK": 1,
        "SIDINGTRK": 1,
        "YARDTRK": 0,
        "TRANSITTRK": 0,
        "INDUSTRYTR": 0,
        "OTHRTRK": 1,
        "WDCODE": "All other Gates",
        "REVISIONDA": "1996/01/01 00:00:00",
        "LASTUPDATE": "1/8/2026",
        "AADT": "262",
        "AADTYEAR": "2022",
        "STATENAME": "TEXAS",
        "STATEAB": "TX",
        "COUNTYNAME": "MCLENNAN",
        "CITYNAME": "MCGREGOR",
        "LATDD": 31.4390484,
        "LONGDD": -97.4020892,
        "gridlyProductionCertified": true,
        "gridlyClassification": "PUBLIC_ROADWAY",
        "gridlyDisplayName": "east fifth street",
        "gridlyId": "FRA-023059E"
      }
    },
    {
      "type": "Feature",
      "id": 213914,
      "geometry": {
        "type": "Point",
        "coordinates": [
          -97.401030400286,
          31.4371956001185
        ]
      },
      "properties": {
        "OBJECTID": 213914,
        "CROSSING": "023058X",
        "EFFDATE": 1767830400000,
        "REASON": "14",
        "StateCode": "48",
        "CountyCode": "48309",
        "STCYFIPS": "48309",
        "CITYCD": "483094220",
        "RAILROAD": "BNSF",
        "RRDIV": "RED RIVER",
        "RRSUBDIV": "FT WORTH",
        "HIGHWAY": "FM 2416",
        "STREET": "FM2416 / seventh street",
        "TTSTN": "669793",
        "MILEPOST": "0242.929",
        "TYPEXING": "Public",
        "POSXING": "At Grade",
        "PRVCAT": "14",
        "INIT": "2",
        "LATITUDE": 31.4371956,
        "LONGITUD": -97.4010304,
        "LLSOURCE": "1",
        "WHISTBAN": "0",
        "RRCONT": "8173521549",
        "POLCONT": "8008325452",
        "INV_LINK": "https://safetydata.fra.dot.gov/OfficeofSafety/PublicSite/Crossing/Crossing.aspx?phasetype=C&rpttype=I&txtcrossingnum=023058X",
        "ACC_LINK": "https://safetydata.fra.dot.gov/OfficeofSafety/PublicSite/Crossing/Crossing.aspx?phasetype=C&rpttype=A&txtcrossingnum=023058X",
        "TTSTNNAM": "MC GREGOR",
        "XPURPOSE": "1",
        "OPERATINGR": "BNSF",
        "OPERATIN_1": "Primary",
        "DAYTHRU": 10,
        "NGHTTHRU": 10,
        "MAINTRK": 1,
        "SIDINGTRK": 1,
        "YARDTRK": 0,
        "TRANSITTRK": 0,
        "INDUSTRYTR": 0,
        "OTHRTRK": 1,
        "WDCODE": "All other Gates",
        "REVISIONDA": "1996/01/01 00:00:00",
        "LASTUPDATE": "1/8/2026",
        "AADT": "1302",
        "AADTYEAR": "2020",
        "STATENAME": "TEXAS",
        "STATEAB": "TX",
        "COUNTYNAME": "MCLENNAN",
        "CITYNAME": "MCGREGOR",
        "LATDD": 31.4371956,
        "LONGDD": -97.4010304,
        "gridlyProductionCertified": true,
        "gridlyClassification": "PUBLIC_ROADWAY",
        "gridlyDisplayName": "FM2416 / seventh street",
        "gridlyId": "FRA-023058X"
      }
    },
    {
      "type": "Feature",
      "id": 213915,
      "geometry": {
        "type": "Point",
        "coordinates": [
          -97.3920399998371,
          31.4142499997026
        ]
      },
      "properties": {
        "OBJECTID": 213915,
        "CROSSING": "023001W",
        "EFFDATE": 1767830400000,
        "REASON": "14",
        "StateCode": "48",
        "CountyCode": "48309",
        "STCYFIPS": "48309",
        "CITYCD": "483094220",
        "RAILROAD": "BNSF",
        "RRDIV": "RED RIVER",
        "RRSUBDIV": "FT WORTH",
        "HIGHWAY": "SH0317",
        "STREET": "SH0317 / SOUTH MAIN STREET",
        "TTSTN": "",
        "MILEPOST": "0241.097",
        "TYPEXING": "Public",
        "POSXING": "At Grade",
        "PRVCAT": "14",
        "INIT": "2",
        "LATITUDE": 31.41425,
        "LONGITUD": -97.39204,
        "LLSOURCE": "1",
        "WHISTBAN": "",
        "RRCONT": "8173521549",
        "POLCONT": "8008325452",
        "INV_LINK": "https://safetydata.fra.dot.gov/OfficeofSafety/PublicSite/Crossing/Crossing.aspx?phasetype=C&rpttype=I&txtcrossingnum=023001W",
        "ACC_LINK": "https://safetydata.fra.dot.gov/OfficeofSafety/PublicSite/Crossing/Crossing.aspx?phasetype=C&rpttype=A&txtcrossingnum=023001W",
        "TTSTNNAM": "",
        "XPURPOSE": "1",
        "OPERATINGR": "BNSF",
        "OPERATIN_1": "Primary",
        "DAYTHRU": 0,
        "NGHTTHRU": 0,
        "MAINTRK": 0,
        "SIDINGTRK": 0,
        "YARDTRK": 1,
        "TRANSITTRK": 0,
        "INDUSTRYTR": 0,
        "OTHRTRK": 0,
        "WDCODE": "All other Gates",
        "REVISIONDA": "1996/01/01 00:00:00",
        "LASTUPDATE": "1/8/2026",
        "AADT": "5630",
        "AADTYEAR": "2023",
        "STATENAME": "TEXAS",
        "STATEAB": "TX",
        "COUNTYNAME": "MCLENNAN",
        "CITYNAME": "MCGREGOR",
        "LATDD": 31.41425,
        "LONGDD": -97.39204,
        "gridlyProductionCertified": true,
        "gridlyClassification": "PUBLIC_ROADWAY",
        "gridlyDisplayName": "SH0317 / SOUTH MAIN STREET",
        "gridlyId": "FRA-023001W"
      }
    },
    {
      "type": "Feature",
      "id": 213916,
      "geometry": {
        "type": "Point",
        "coordinates": [
          -97.3823548001267,
          31.3979125001773
        ]
      },
      "properties": {
        "OBJECTID": 213916,
        "CROSSING": "023056J",
        "EFFDATE": 1767830400000,
        "REASON": "14",
        "StateCode": "48",
        "CountyCode": "48309",
        "STCYFIPS": "48309",
        "CITYCD": "483094220",
        "RAILROAD": "BNSF",
        "RRDIV": "RED RIVER",
        "RRSUBDIV": "FT WORTH",
        "HIGHWAY": "Cr0000",
        "STREET": "MCGREGOR SOUTH LOOP",
        "TTSTN": "669793",
        "MILEPOST": "0239.981",
        "TYPEXING": "Public",
        "POSXING": "At Grade",
        "PRVCAT": "14",
        "INIT": "2",
        "LATITUDE": 31.3979125,
        "LONGITUD": -97.3823548,
        "LLSOURCE": "1",
        "WHISTBAN": "0",
        "RRCONT": "8173521549",
        "POLCONT": "8008325452",
        "INV_LINK": "https://safetydata.fra.dot.gov/OfficeofSafety/PublicSite/Crossing/Crossing.aspx?phasetype=C&rpttype=I&txtcrossingnum=023056J",
        "ACC_LINK": "https://safetydata.fra.dot.gov/OfficeofSafety/PublicSite/Crossing/Crossing.aspx?phasetype=C&rpttype=A&txtcrossingnum=023056J",
        "TTSTNNAM": "MC GREGOR",
        "XPURPOSE": "1",
        "OPERATINGR": "BNSF",
        "OPERATIN_1": "Primary",
        "DAYTHRU": 11,
        "NGHTTHRU": 10,
        "MAINTRK": 1,
        "SIDINGTRK": 0,
        "YARDTRK": 0,
        "TRANSITTRK": 0,
        "INDUSTRYTR": 0,
        "OTHRTRK": 0,
        "WDCODE": "All other Gates",
        "REVISIONDA": "1996/01/01 00:00:00",
        "LASTUPDATE": "1/8/2026",
        "AADT": "198",
        "AADTYEAR": "2022",
        "STATENAME": "TEXAS",
        "STATEAB": "TX",
        "COUNTYNAME": "MCLENNAN",
        "CITYNAME": "MCGREGOR",
        "LATDD": 31.3979125,
        "LONGDD": -97.3823548,
        "gridlyProductionCertified": true,
        "gridlyClassification": "PUBLIC_ROADWAY",
        "gridlyDisplayName": "MCGREGOR SOUTH LOOP",
        "gridlyId": "FRA-023056J"
      }
    },
    {
      "type": "Feature",
      "id": 213917,
      "geometry": {
        "type": "Point",
        "coordinates": [
          -97.4032001002934,
          31.4409309000023
        ]
      },
      "properties": {
        "OBJECTID": 213917,
        "CROSSING": "023061F",
        "EFFDATE": 1767830400000,
        "REASON": "14",
        "StateCode": "48",
        "CountyCode": "48309",
        "STCYFIPS": "48309",
        "CITYCD": "483094220",
        "RAILROAD": "BNSF",
        "RRDIV": "RED RIVER",
        "RRSUBDIV": "FT WORTH",
        "HIGHWAY": "ls0000",
        "STREET": "west third street",
        "TTSTN": "669793",
        "MILEPOST": "0243.200",
        "TYPEXING": "Public",
        "POSXING": "At Grade",
        "PRVCAT": "14",
        "INIT": "2",
        "LATITUDE": 31.4409309,
        "LONGITUD": -97.4032001,
        "LLSOURCE": "1",
        "WHISTBAN": "0",
        "RRCONT": "8173521549",
        "POLCONT": "8008325452",
        "INV_LINK": "https://safetydata.fra.dot.gov/OfficeofSafety/PublicSite/Crossing/Crossing.aspx?phasetype=C&rpttype=I&txtcrossingnum=023061F",
        "ACC_LINK": "https://safetydata.fra.dot.gov/OfficeofSafety/PublicSite/Crossing/Crossing.aspx?phasetype=C&rpttype=A&txtcrossingnum=023061F",
        "TTSTNNAM": "MC GREGOR",
        "XPURPOSE": "1",
        "OPERATINGR": "BNSF",
        "OPERATIN_1": "Primary",
        "DAYTHRU": 10,
        "NGHTTHRU": 10,
        "MAINTRK": 1,
        "SIDINGTRK": 1,
        "YARDTRK": 1,
        "TRANSITTRK": 0,
        "INDUSTRYTR": 0,
        "OTHRTRK": 2,
        "WDCODE": "All other Gates",
        "REVISIONDA": "1996/01/01 00:00:00",
        "LASTUPDATE": "1/8/2026",
        "AADT": "382",
        "AADTYEAR": "2022",
        "STATENAME": "TEXAS",
        "STATEAB": "TX",
        "COUNTYNAME": "MCLENNAN",
        "CITYNAME": "MCGREGOR",
        "LATDD": 31.4409309,
        "LONGDD": -97.4032001,
        "gridlyProductionCertified": true,
        "gridlyClassification": "PUBLIC_ROADWAY",
        "gridlyDisplayName": "west third street",
        "gridlyId": "FRA-023061F"
      }
    },
    {
      "type": "Feature",
      "id": 213918,
      "geometry": {
        "type": "Point",
        "coordinates": [
          -97.3618359001234,
          31.3049336002764
        ]
      },
      "properties": {
        "OBJECTID": 213918,
        "CROSSING": "023045W",
        "EFFDATE": 1767830400000,
        "REASON": "14",
        "StateCode": "48",
        "CountyCode": "48309",
        "STCYFIPS": "48309",
        "CITYCD": "483094670",
        "RAILROAD": "BNSF",
        "RRDIV": "RED RIVER",
        "RRSUBDIV": "FT WORTH",
        "HIGHWAY": "LS0000",
        "STREET": "AVENUE C",
        "TTSTN": "669797",
        "MILEPOST": "0233.130",
        "TYPEXING": "Public",
        "POSXING": "At Grade",
        "PRVCAT": "14",
        "INIT": "2",
        "LATITUDE": 31.3049336,
        "LONGITUD": -97.3618359,
        "LLSOURCE": "1",
        "WHISTBAN": "0",
        "RRCONT": "8173521549",
        "POLCONT": "8008325452",
        "INV_LINK": "https://safetydata.fra.dot.gov/OfficeofSafety/PublicSite/Crossing/Crossing.aspx?phasetype=C&rpttype=I&txtcrossingnum=023045W",
        "ACC_LINK": "https://safetydata.fra.dot.gov/OfficeofSafety/PublicSite/Crossing/Crossing.aspx?phasetype=C&rpttype=A&txtcrossingnum=023045W",
        "TTSTNNAM": "MOODY",
        "XPURPOSE": "1",
        "OPERATINGR": "BNSF",
        "OPERATIN_1": "Primary",
        "DAYTHRU": 11,
        "NGHTTHRU": 10,
        "MAINTRK": 1,
        "SIDINGTRK": 0,
        "YARDTRK": 0,
        "TRANSITTRK": 0,
        "INDUSTRYTR": 0,
        "OTHRTRK": 0,
        "WDCODE": "All other Gates",
        "REVISIONDA": "1996/01/01 00:00:00",
        "LASTUPDATE": "1/8/2026",
        "AADT": "94",
        "AADTYEAR": "2022",
        "STATENAME": "TEXAS",
        "STATEAB": "TX",
        "COUNTYNAME": "MCLENNAN",
        "CITYNAME": "MOODY",
        "LATDD": 31.3049336,
        "LONGDD": -97.3618359,
        "gridlyProductionCertified": true,
        "gridlyClassification": "PUBLIC_ROADWAY",
        "gridlyDisplayName": "AVENUE C",
        "gridlyId": "FRA-023045W"
      }
    },
    {
      "type": "Feature",
      "id": 213919,
      "geometry": {
        "type": "Point",
        "coordinates": [
          -97.3608772000859,
          31.3083051000905
        ]
      },
      "properties": {
        "OBJECTID": 213919,
        "CROSSING": "023047K",
        "EFFDATE": 1767830400000,
        "REASON": "14",
        "StateCode": "48",
        "CountyCode": "48309",
        "STCYFIPS": "48309",
        "CITYCD": "483094670",
        "RAILROAD": "BNSF",
        "RRDIV": "RED RIVER",
        "RRSUBDIV": "FT WORTH",
        "HIGHWAY": "FM0107",
        "STREET": "FM0107 / EDDY GATESVILLE PARKWAY",
        "TTSTN": "669797",
        "MILEPOST": "0233.370",
        "TYPEXING": "Public",
        "POSXING": "At Grade",
        "PRVCAT": "14",
        "INIT": "2",
        "LATITUDE": 31.3083051,
        "LONGITUD": -97.3608772,
        "LLSOURCE": "1",
        "WHISTBAN": "0",
        "RRCONT": "8173521549",
        "POLCONT": "8008325452",
        "INV_LINK": "https://safetydata.fra.dot.gov/OfficeofSafety/PublicSite/Crossing/Crossing.aspx?phasetype=C&rpttype=I&txtcrossingnum=023047K",
        "ACC_LINK": "https://safetydata.fra.dot.gov/OfficeofSafety/PublicSite/Crossing/Crossing.aspx?phasetype=C&rpttype=A&txtcrossingnum=023047K",
        "TTSTNNAM": "MOODY",
        "XPURPOSE": "1",
        "OPERATINGR": "BNSF",
        "OPERATIN_1": "Primary",
        "DAYTHRU": 10,
        "NGHTTHRU": 10,
        "MAINTRK": 1,
        "SIDINGTRK": 1,
        "YARDTRK": 1,
        "TRANSITTRK": 0,
        "INDUSTRYTR": 0,
        "OTHRTRK": 2,
        "WDCODE": "All other Gates",
        "REVISIONDA": "1996/01/01 00:00:00",
        "LASTUPDATE": "1/8/2026",
        "AADT": "5101",
        "AADTYEAR": "2023",
        "STATENAME": "TEXAS",
        "STATEAB": "TX",
        "COUNTYNAME": "MCLENNAN",
        "CITYNAME": "MOODY",
        "LATDD": 31.3083051,
        "LONGDD": -97.3608772,
        "gridlyProductionCertified": true,
        "gridlyClassification": "PUBLIC_ROADWAY",
        "gridlyDisplayName": "FM0107 / EDDY GATESVILLE PARKWAY",
        "gridlyId": "FRA-023047K"
      }
    },
    {
      "type": "Feature",
      "id": 213920,
      "geometry": {
        "type": "Point",
        "coordinates": [
          -97.3599776999239,
          31.3113538998878
        ]
      },
      "properties": {
        "OBJECTID": 213920,
        "CROSSING": "023050T",
        "EFFDATE": 1767830400000,
        "REASON": "14",
        "StateCode": "48",
        "CountyCode": "48309",
        "STCYFIPS": "48309",
        "CITYCD": "483094670",
        "RAILROAD": "BNSF",
        "RRDIV": "RED RIVER",
        "RRSUBDIV": "FT WORTH",
        "HIGHWAY": "lS0000",
        "STREET": "second street",
        "TTSTN": "669797",
        "MILEPOST": "0233.590",
        "TYPEXING": "Public",
        "POSXING": "At Grade",
        "PRVCAT": "14",
        "INIT": "2",
        "LATITUDE": 31.3113539,
        "LONGITUD": -97.3599777,
        "LLSOURCE": "1",
        "WHISTBAN": "0",
        "RRCONT": "8173521549",
        "POLCONT": "8008325452",
        "INV_LINK": "https://safetydata.fra.dot.gov/OfficeofSafety/PublicSite/Crossing/Crossing.aspx?phasetype=C&rpttype=I&txtcrossingnum=023050T",
        "ACC_LINK": "https://safetydata.fra.dot.gov/OfficeofSafety/PublicSite/Crossing/Crossing.aspx?phasetype=C&rpttype=A&txtcrossingnum=023050T",
        "TTSTNNAM": "MOODY",
        "XPURPOSE": "1",
        "OPERATINGR": "BNSF",
        "OPERATIN_1": "Primary",
        "DAYTHRU": 10,
        "NGHTTHRU": 10,
        "MAINTRK": 1,
        "SIDINGTRK": 1,
        "YARDTRK": 2,
        "TRANSITTRK": 0,
        "INDUSTRYTR": 0,
        "OTHRTRK": 3,
        "WDCODE": "All other Gates",
        "REVISIONDA": "1996/01/01 00:00:00",
        "LASTUPDATE": "1/8/2026",
        "AADT": "335",
        "AADTYEAR": "2022",
        "STATENAME": "TEXAS",
        "STATEAB": "TX",
        "COUNTYNAME": "MCLENNAN",
        "CITYNAME": "MOODY",
        "LATDD": 31.3113539,
        "LONGDD": -97.3599777,
        "gridlyProductionCertified": true,
        "gridlyClassification": "PUBLIC_ROADWAY",
        "gridlyDisplayName": "second street",
        "gridlyId": "FRA-023050T"
      }
    },
    {
      "type": "Feature",
      "id": 213921,
      "geometry": {
        "type": "Point",
        "coordinates": [
          -97.3629324996419,
          31.3010865000845
        ]
      },
      "properties": {
        "OBJECTID": 213921,
        "CROSSING": "023044P",
        "EFFDATE": 1767830400000,
        "REASON": "14",
        "StateCode": "48",
        "CountyCode": "48309",
        "STCYFIPS": "48309",
        "CITYCD": "483094670",
        "RAILROAD": "BNSF",
        "RRDIV": "RED RIVER",
        "RRSUBDIV": "FT WORTH",
        "HIGHWAY": "lS0000",
        "STREET": "JOHNSON STreet",
        "TTSTN": "669797",
        "MILEPOST": "0232.890",
        "TYPEXING": "Public",
        "POSXING": "At Grade",
        "PRVCAT": "14",
        "INIT": "2",
        "LATITUDE": 31.3010865,
        "LONGITUD": -97.3629325,
        "LLSOURCE": "1",
        "WHISTBAN": "0",
        "RRCONT": "8173521549",
        "POLCONT": "8008325452",
        "INV_LINK": "https://safetydata.fra.dot.gov/OfficeofSafety/PublicSite/Crossing/Crossing.aspx?phasetype=C&rpttype=I&txtcrossingnum=023044P",
        "ACC_LINK": "https://safetydata.fra.dot.gov/OfficeofSafety/PublicSite/Crossing/Crossing.aspx?phasetype=C&rpttype=A&txtcrossingnum=023044P",
        "TTSTNNAM": "MOODY",
        "XPURPOSE": "1",
        "OPERATINGR": "BNSF",
        "OPERATIN_1": "Primary",
        "DAYTHRU": 11,
        "NGHTTHRU": 10,
        "MAINTRK": 1,
        "SIDINGTRK": 0,
        "YARDTRK": 0,
        "TRANSITTRK": 0,
        "INDUSTRYTR": 0,
        "OTHRTRK": 0,
        "WDCODE": "All other Gates",
        "REVISIONDA": "1996/01/01 00:00:00",
        "LASTUPDATE": "1/8/2026",
        "AADT": "240",
        "AADTYEAR": "2019",
        "STATENAME": "TEXAS",
        "STATEAB": "TX",
        "COUNTYNAME": "MCLENNAN",
        "CITYNAME": "MOODY",
        "LATDD": 31.3010865,
        "LONGDD": -97.3629325,
        "gridlyProductionCertified": true,
        "gridlyClassification": "PUBLIC_ROADWAY",
        "gridlyDisplayName": "JOHNSON STreet",
        "gridlyId": "FRA-023044P"
      }
    },
    {
      "type": "Feature",
      "id": 213924,
      "geometry": {
        "type": "Point",
        "coordinates": [
          -97.3611917999798,
          31.3333009997011
        ]
      },
      "properties": {
        "OBJECTID": 213924,
        "CROSSING": "023052G",
        "EFFDATE": 1767830400000,
        "REASON": "14",
        "StateCode": "48",
        "CountyCode": "48309",
        "STCYFIPS": "48309",
        "CITYCD": "483094670",
        "RAILROAD": "BNSF",
        "RRDIV": "RED RIVER",
        "RRSUBDIV": "FT WORTH",
        "HIGHWAY": "Cr0000",
        "STREET": "JOY LYNN RoaD",
        "TTSTN": "669793",
        "MILEPOST": "0235.140",
        "TYPEXING": "Public",
        "POSXING": "At Grade",
        "PRVCAT": "14",
        "INIT": "2",
        "LATITUDE": 31.333301,
        "LONGITUD": -97.3611918,
        "LLSOURCE": "1",
        "WHISTBAN": "0",
        "RRCONT": "8173521549",
        "POLCONT": "8008325452",
        "INV_LINK": "https://safetydata.fra.dot.gov/OfficeofSafety/PublicSite/Crossing/Crossing.aspx?phasetype=C&rpttype=I&txtcrossingnum=023052G",
        "ACC_LINK": "https://safetydata.fra.dot.gov/OfficeofSafety/PublicSite/Crossing/Crossing.aspx?phasetype=C&rpttype=A&txtcrossingnum=023052G",
        "TTSTNNAM": "MC GREGOR",
        "XPURPOSE": "1",
        "OPERATINGR": "BNSF",
        "OPERATIN_1": "Primary",
        "DAYTHRU": 10,
        "NGHTTHRU": 10,
        "MAINTRK": 1,
        "SIDINGTRK": 1,
        "YARDTRK": 0,
        "TRANSITTRK": 0,
        "INDUSTRYTR": 0,
        "OTHRTRK": 1,
        "WDCODE": "All other Gates",
        "REVISIONDA": "1996/01/01 00:00:00",
        "LASTUPDATE": "1/8/2026",
        "AADT": "354",
        "AADTYEAR": "2022",
        "STATENAME": "TEXAS",
        "STATEAB": "TX",
        "COUNTYNAME": "MCLENNAN",
        "CITYNAME": "MOODY",
        "LATDD": 31.333301,
        "LONGDD": -97.3611918,
        "gridlyProductionCertified": true,
        "gridlyClassification": "PUBLIC_ROADWAY",
        "gridlyDisplayName": "JOY LYNN RoaD",
        "gridlyId": "FRA-023052G"
      }
    },
    {
      "type": "Feature",
      "id": 213925,
      "geometry": {
        "type": "Point",
        "coordinates": [
          -97.3666026996858,
          31.2722336001412
        ]
      },
      "properties": {
        "OBJECTID": 213925,
        "CROSSING": "023041U",
        "EFFDATE": 1767830400000,
        "REASON": "14",
        "StateCode": "48",
        "CountyCode": "48309",
        "STCYFIPS": "48309",
        "CITYCD": "483094670",
        "RAILROAD": "BNSF",
        "RRDIV": "RED RIVER",
        "RRSUBDIV": "FT WORTH",
        "HIGHWAY": "CR0000",
        "STREET": "STAMPEDE ROAD",
        "TTSTN": "669797",
        "MILEPOST": "0230.840",
        "TYPEXING": "Public",
        "POSXING": "At Grade",
        "PRVCAT": "14",
        "INIT": "2",
        "LATITUDE": 31.2722336,
        "LONGITUD": -97.3666027,
        "LLSOURCE": "1",
        "WHISTBAN": "0",
        "RRCONT": "8173521549",
        "POLCONT": "8008325452",
        "INV_LINK": "https://safetydata.fra.dot.gov/OfficeofSafety/PublicSite/Crossing/Crossing.aspx?phasetype=C&rpttype=I&txtcrossingnum=023041U",
        "ACC_LINK": "https://safetydata.fra.dot.gov/OfficeofSafety/PublicSite/Crossing/Crossing.aspx?phasetype=C&rpttype=A&txtcrossingnum=023041U",
        "TTSTNNAM": "MOODY",
        "XPURPOSE": "1",
        "OPERATINGR": "BNSF",
        "OPERATIN_1": "Primary",
        "DAYTHRU": 11,
        "NGHTTHRU": 10,
        "MAINTRK": 1,
        "SIDINGTRK": 0,
        "YARDTRK": 0,
        "TRANSITTRK": 0,
        "INDUSTRYTR": 0,
        "OTHRTRK": 0,
        "WDCODE": "All other Gates",
        "REVISIONDA": "1996/01/01 00:00:00",
        "LASTUPDATE": "1/8/2026",
        "AADT": "228",
        "AADTYEAR": "2022",
        "STATENAME": "TEXAS",
        "STATEAB": "TX",
        "COUNTYNAME": "MCLENNAN",
        "CITYNAME": "MOODY",
        "LATDD": 31.2722336,
        "LONGDD": -97.3666027,
        "gridlyProductionCertified": true,
        "gridlyClassification": "PUBLIC_ROADWAY",
        "gridlyDisplayName": "STAMPEDE ROAD",
        "gridlyId": "FRA-023041U"
      }
    },
    {
      "type": "Feature",
      "id": 213926,
      "geometry": {
        "type": "Point",
        "coordinates": [
          -97.3605857003695,
          31.3093249002112
        ]
      },
      "properties": {
        "OBJECTID": 213926,
        "CROSSING": "023048S",
        "EFFDATE": 1767830400000,
        "REASON": "14",
        "StateCode": "48",
        "CountyCode": "48309",
        "STCYFIPS": "48309",
        "CITYCD": "483094670",
        "RAILROAD": "BNSF",
        "RRDIV": "RED RIVER",
        "RRSUBDIV": "FT WORTH",
        "HIGHWAY": "ls0000",
        "STREET": "sixth street",
        "TTSTN": "669797",
        "MILEPOST": "0233.444",
        "TYPEXING": "Public",
        "POSXING": "At Grade",
        "PRVCAT": "14",
        "INIT": "2",
        "LATITUDE": 31.3093249,
        "LONGITUD": -97.3605857,
        "LLSOURCE": "1",
        "WHISTBAN": "0",
        "RRCONT": "8173521549",
        "POLCONT": "8008325452",
        "INV_LINK": "https://safetydata.fra.dot.gov/OfficeofSafety/PublicSite/Crossing/Crossing.aspx?phasetype=C&rpttype=I&txtcrossingnum=023048S",
        "ACC_LINK": "https://safetydata.fra.dot.gov/OfficeofSafety/PublicSite/Crossing/Crossing.aspx?phasetype=C&rpttype=A&txtcrossingnum=023048S",
        "TTSTNNAM": "MOODY",
        "XPURPOSE": "1",
        "OPERATINGR": "BNSF",
        "OPERATIN_1": "Primary",
        "DAYTHRU": 10,
        "NGHTTHRU": 10,
        "MAINTRK": 1,
        "SIDINGTRK": 1,
        "YARDTRK": 2,
        "TRANSITTRK": 0,
        "INDUSTRYTR": 0,
        "OTHRTRK": 3,
        "WDCODE": "All other Gates",
        "REVISIONDA": "1996/01/01 00:00:00",
        "LASTUPDATE": "1/8/2026",
        "AADT": "456",
        "AADTYEAR": "2019",
        "STATENAME": "TEXAS",
        "STATEAB": "TX",
        "COUNTYNAME": "MCLENNAN",
        "CITYNAME": "MOODY",
        "LATDD": 31.3093249,
        "LONGDD": -97.3605857,
        "gridlyProductionCertified": true,
        "gridlyClassification": "PUBLIC_ROADWAY",
        "gridlyDisplayName": "sixth street",
        "gridlyId": "FRA-023048S"
      }
    },
    {
      "type": "Feature",
      "id": 213927,
      "geometry": {
        "type": "Point",
        "coordinates": [
          -97.3638726000614,
          31.2978028000791
        ]
      },
      "properties": {
        "OBJECTID": 213927,
        "CROSSING": "023043H",
        "EFFDATE": 1767830400000,
        "REASON": "14",
        "StateCode": "48",
        "CountyCode": "48309",
        "STCYFIPS": "48309",
        "CITYCD": "483094670",
        "RAILROAD": "BNSF",
        "RRDIV": "RED RIVER",
        "RRSUBDIV": "FT WORTH",
        "HIGHWAY": "LS0000",
        "STREET": "TEAGUE DRIVE",
        "TTSTN": "669797",
        "MILEPOST": "0232.627",
        "TYPEXING": "Public",
        "POSXING": "At Grade",
        "PRVCAT": "14",
        "INIT": "2",
        "LATITUDE": 31.2978028,
        "LONGITUD": -97.3638726,
        "LLSOURCE": "1",
        "WHISTBAN": "0",
        "RRCONT": "8173521549",
        "POLCONT": "8008325452",
        "INV_LINK": "https://safetydata.fra.dot.gov/OfficeofSafety/PublicSite/Crossing/Crossing.aspx?phasetype=C&rpttype=I&txtcrossingnum=023043H",
        "ACC_LINK": "https://safetydata.fra.dot.gov/OfficeofSafety/PublicSite/Crossing/Crossing.aspx?phasetype=C&rpttype=A&txtcrossingnum=023043H",
        "TTSTNNAM": "MOODY",
        "XPURPOSE": "1",
        "OPERATINGR": "BNSF",
        "OPERATIN_1": "Primary",
        "DAYTHRU": 11,
        "NGHTTHRU": 10,
        "MAINTRK": 1,
        "SIDINGTRK": 0,
        "YARDTRK": 0,
        "TRANSITTRK": 0,
        "INDUSTRYTR": 0,
        "OTHRTRK": 0,
        "WDCODE": "All other Gates",
        "REVISIONDA": "1996/01/01 00:00:00",
        "LASTUPDATE": "1/8/2026",
        "AADT": "514",
        "AADTYEAR": "2020",
        "STATENAME": "TEXAS",
        "STATEAB": "TX",
        "COUNTYNAME": "MCLENNAN",
        "CITYNAME": "MOODY",
        "LATDD": 31.2978028,
        "LONGDD": -97.3638726,
        "gridlyProductionCertified": true,
        "gridlyClassification": "PUBLIC_ROADWAY",
        "gridlyDisplayName": "TEAGUE DRIVE",
        "gridlyId": "FRA-023043H"
      }
    },
    {
      "type": "Feature",
      "id": 215206,
      "geometry": {
        "type": "Point",
        "coordinates": [
          -97.1343117000079,
          31.5495627998781
        ]
      },
      "properties": {
        "OBJECTID": 215206,
        "CROSSING": "416129E",
        "EFFDATE": 1768176000000,
        "REASON": "14",
        "StateCode": "48",
        "CountyCode": "48309",
        "STCYFIPS": "48309",
        "CITYCD": "483097210",
        "RAILROAD": "UP",
        "RRDIV": "TEXOMA",
        "RRSUBDIV": "WACO SUB",
        "HIGHWAY": "lS0000",
        "STREET": "South eleventh Street",
        "TTSTN": "669750",
        "MILEPOST": "0845.710",
        "TYPEXING": "Public",
        "POSXING": "At Grade",
        "PRVCAT": "14",
        "INIT": "2",
        "LATITUDE": 31.5495628,
        "LONGITUD": -97.1343117,
        "LLSOURCE": "1",
        "WHISTBAN": "0",
        "RRCONT": "4025443721",
        "POLCONT": "8008488715",
        "INV_LINK": "https://safetydata.fra.dot.gov/OfficeofSafety/PublicSite/Crossing/Crossing.aspx?phasetype=C&rpttype=I&txtcrossingnum=416129E",
        "ACC_LINK": "https://safetydata.fra.dot.gov/OfficeofSafety/PublicSite/Crossing/Crossing.aspx?phasetype=C&rpttype=A&txtcrossingnum=416129E",
        "TTSTNNAM": "",
        "XPURPOSE": "1",
        "OPERATINGR": "UP",
        "OPERATIN_1": "Primary",
        "DAYTHRU": 2,
        "NGHTTHRU": 1,
        "MAINTRK": 1,
        "SIDINGTRK": 0,
        "YARDTRK": 0,
        "TRANSITTRK": 0,
        "INDUSTRYTR": 0,
        "OTHRTRK": 2,
        "WDCODE": "All other Gates",
        "REVISIONDA": "1975/01/01 00:00:00",
        "LASTUPDATE": "1/12/2026",
        "AADT": "3064",
        "AADTYEAR": "2020",
        "STATENAME": "TEXAS",
        "STATEAB": "TX",
        "COUNTYNAME": "MCLENNAN",
        "CITYNAME": "WACO",
        "LATDD": 31.5495628,
        "LONGDD": -97.1343117,
        "gridlyProductionCertified": true,
        "gridlyClassification": "PUBLIC_ROADWAY",
        "gridlyDisplayName": "South eleventh Street",
        "gridlyId": "FRA-416129E"
      }
    },
    {
      "type": "Feature",
      "id": 215207,
      "geometry": {
        "type": "Point",
        "coordinates": [
          -96.9885162999002,
          31.5204695997655
        ]
      },
      "properties": {
        "OBJECTID": 215207,
        "CROSSING": "430318K",
        "EFFDATE": 1768176000000,
        "REASON": "14",
        "StateCode": "48",
        "CountyCode": "48309",
        "STCYFIPS": "48309",
        "CITYCD": "483092972",
        "RAILROAD": "UP",
        "RRDIV": "TEXOMA",
        "RRSUBDIV": "FT. WORTH SUB",
        "HIGHWAY": "ls0000",
        "STREET": "Hallsburg Road",
        "TTSTN": "669702",
        "MILEPOST": "0156.390",
        "TYPEXING": "Public",
        "POSXING": "At Grade",
        "PRVCAT": "14",
        "INIT": "2",
        "LATITUDE": 31.5204696,
        "LONGITUD": -96.9885163,
        "LLSOURCE": "1",
        "WHISTBAN": "0",
        "RRCONT": "4025443721",
        "POLCONT": "8008488715",
        "INV_LINK": "https://safetydata.fra.dot.gov/OfficeofSafety/PublicSite/Crossing/Crossing.aspx?phasetype=C&rpttype=I&txtcrossingnum=430318K",
        "ACC_LINK": "https://safetydata.fra.dot.gov/OfficeofSafety/PublicSite/Crossing/Crossing.aspx?phasetype=C&rpttype=A&txtcrossingnum=430318K",
        "TTSTNNAM": "",
        "XPURPOSE": "1",
        "OPERATINGR": "UP",
        "OPERATIN_1": "Primary",
        "DAYTHRU": 6,
        "NGHTTHRU": 5,
        "MAINTRK": 1,
        "SIDINGTRK": 0,
        "YARDTRK": 0,
        "TRANSITTRK": 0,
        "INDUSTRYTR": 0,
        "OTHRTRK": 0,
        "WDCODE": "All other Gates",
        "REVISIONDA": "1975/01/01 00:00:00",
        "LASTUPDATE": "1/12/2026",
        "AADT": "406",
        "AADTYEAR": "2020",
        "STATENAME": "TEXAS",
        "STATEAB": "TX",
        "COUNTYNAME": "MCLENNAN",
        "CITYNAME": "HALLSBURG",
        "LATDD": 31.5204696,
        "LONGDD": -96.9885163,
        "gridlyProductionCertified": true,
        "gridlyClassification": "PUBLIC_ROADWAY",
        "gridlyDisplayName": "Hallsburg Road",
        "gridlyId": "FRA-430318K"
      }
    },
    {
      "type": "Feature",
      "id": 215209,
      "geometry": {
        "type": "Point",
        "coordinates": [
          -97.4084554001141,
          31.4415535999058
        ]
      },
      "properties": {
        "OBJECTID": 215209,
        "CROSSING": "790655T",
        "EFFDATE": 1768176000000,
        "REASON": "14",
        "StateCode": "48",
        "CountyCode": "48309",
        "STCYFIPS": "48309",
        "CITYCD": "483094220",
        "RAILROAD": "BNSF",
        "RRDIV": "RED RIVER",
        "RRSUBDIV": "FT WORTH",
        "HIGHWAY": "LS0000",
        "STREET": "MADISON AVENUE",
        "TTSTN": "669793",
        "MILEPOST": "0243.554",
        "TYPEXING": "Public",
        "POSXING": "At Grade",
        "PRVCAT": "14",
        "INIT": "2",
        "LATITUDE": 31.4415536,
        "LONGITUD": -97.4084554,
        "LLSOURCE": "1",
        "WHISTBAN": "0",
        "RRCONT": "8173521549",
        "POLCONT": "8008325452",
        "INV_LINK": "https://safetydata.fra.dot.gov/OfficeofSafety/PublicSite/Crossing/Crossing.aspx?phasetype=C&rpttype=I&txtcrossingnum=790655T",
        "ACC_LINK": "https://safetydata.fra.dot.gov/OfficeofSafety/PublicSite/Crossing/Crossing.aspx?phasetype=C&rpttype=A&txtcrossingnum=790655T",
        "TTSTNNAM": "669793",
        "XPURPOSE": "1",
        "OPERATINGR": "BNSF",
        "OPERATIN_1": "Primary",
        "DAYTHRU": 12,
        "NGHTTHRU": 12,
        "MAINTRK": 0,
        "SIDINGTRK": 0,
        "YARDTRK": 1,
        "TRANSITTRK": 0,
        "INDUSTRYTR": 0,
        "OTHRTRK": 0,
        "WDCODE": "Crossbucks",
        "REVISIONDA": "1996/01/01 00:00:00",
        "LASTUPDATE": "1/12/2026",
        "AADT": "246",
        "AADTYEAR": "2020",
        "STATENAME": "TEXAS",
        "STATEAB": "TX",
        "COUNTYNAME": "MCLENNAN",
        "CITYNAME": "MCGREGOR",
        "LATDD": 31.4415536,
        "LONGDD": -97.4084554,
        "gridlyProductionCertified": true,
        "gridlyClassification": "PUBLIC_ROADWAY",
        "gridlyDisplayName": "MADISON AVENUE",
        "gridlyId": "FRA-790655T"
      }
    },
    {
      "type": "Feature",
      "id": 215210,
      "geometry": {
        "type": "Point",
        "coordinates": [
          -97.0914353998561,
          31.5541269996288
        ]
      },
      "properties": {
        "OBJECTID": 215210,
        "CROSSING": "430335B",
        "EFFDATE": 1768176000000,
        "REASON": "14",
        "StateCode": "48",
        "CountyCode": "48309",
        "STCYFIPS": "48309",
        "CITYCD": "483097210",
        "RAILROAD": "UP",
        "RRDIV": "TEXOMA",
        "RRSUBDIV": "FT. WORTH SUB",
        "HIGHWAY": "sl0484",
        "STREET": "sl0484 northbound frontage",
        "TTSTN": "669750",
        "MILEPOST": "0163.240",
        "TYPEXING": "Public",
        "POSXING": "At Grade",
        "PRVCAT": "14",
        "INIT": "2",
        "LATITUDE": 31.554127,
        "LONGITUD": -97.0914354,
        "LLSOURCE": "1",
        "WHISTBAN": "0",
        "RRCONT": "4025443721",
        "POLCONT": "8008488715",
        "INV_LINK": "https://safetydata.fra.dot.gov/OfficeofSafety/PublicSite/Crossing/Crossing.aspx?phasetype=C&rpttype=I&txtcrossingnum=430335B",
        "ACC_LINK": "https://safetydata.fra.dot.gov/OfficeofSafety/PublicSite/Crossing/Crossing.aspx?phasetype=C&rpttype=A&txtcrossingnum=430335B",
        "TTSTNNAM": "",
        "XPURPOSE": "1",
        "OPERATINGR": "UP",
        "OPERATIN_1": "Primary",
        "DAYTHRU": 6,
        "NGHTTHRU": 5,
        "MAINTRK": 1,
        "SIDINGTRK": 0,
        "YARDTRK": 0,
        "TRANSITTRK": 0,
        "INDUSTRYTR": 0,
        "OTHRTRK": 0,
        "WDCODE": "All other Gates",
        "REVISIONDA": "1975/01/01 00:00:00",
        "LASTUPDATE": "1/12/2026",
        "AADT": "251",
        "AADTYEAR": "2023",
        "STATENAME": "TEXAS",
        "STATEAB": "TX",
        "COUNTYNAME": "MCLENNAN",
        "CITYNAME": "WACO",
        "LATDD": 31.554127,
        "LONGDD": -97.0914354,
        "gridlyProductionCertified": true,
        "gridlyClassification": "PUBLIC_ROADWAY",
        "gridlyDisplayName": "sl0484 northbound frontage",
        "gridlyId": "FRA-430335B"
      }
    },
    {
      "type": "Feature",
      "id": 215213,
      "geometry": {
        "type": "Point",
        "coordinates": [
          -97.2112021002335,
          31.4963102001003
        ]
      },
      "properties": {
        "OBJECTID": 215213,
        "CROSSING": "790615V",
        "EFFDATE": 1768176000000,
        "REASON": "14",
        "StateCode": "48",
        "CountyCode": "48309",
        "STCYFIPS": "48309",
        "CITYCD": "483097210",
        "RAILROAD": "UP",
        "RRDIV": "TEXOMA",
        "RRSUBDIV": "Gatesville Ind Ld",
        "HIGHWAY": "ls0000",
        "STREET": "OLD HEWITT ROAD",
        "TTSTN": "669765",
        "MILEPOST": "0683.370",
        "TYPEXING": "Public",
        "POSXING": "At Grade",
        "PRVCAT": "14",
        "INIT": "2",
        "LATITUDE": 31.4963102,
        "LONGITUD": -97.2112021,
        "LLSOURCE": "1",
        "WHISTBAN": "0",
        "RRCONT": "4025443721",
        "POLCONT": "8008488715",
        "INV_LINK": "https://safetydata.fra.dot.gov/OfficeofSafety/PublicSite/Crossing/Crossing.aspx?phasetype=C&rpttype=I&txtcrossingnum=790615V",
        "ACC_LINK": "https://safetydata.fra.dot.gov/OfficeofSafety/PublicSite/Crossing/Crossing.aspx?phasetype=C&rpttype=A&txtcrossingnum=790615V",
        "TTSTNNAM": "",
        "XPURPOSE": "1",
        "OPERATINGR": "UP",
        "OPERATIN_1": "Primary",
        "DAYTHRU": 2,
        "NGHTTHRU": 2,
        "MAINTRK": 0,
        "SIDINGTRK": 0,
        "YARDTRK": 0,
        "TRANSITTRK": 0,
        "INDUSTRYTR": 1,
        "OTHRTRK": 1,
        "WDCODE": "All other Gates",
        "REVISIONDA": "1975/01/01 00:00:00",
        "LASTUPDATE": "1/12/2026",
        "AADT": "2600",
        "AADTYEAR": "2022",
        "STATENAME": "TEXAS",
        "STATEAB": "TX",
        "COUNTYNAME": "MCLENNAN",
        "CITYNAME": "WACO",
        "LATDD": 31.4963102,
        "LONGDD": -97.2112021,
        "gridlyProductionCertified": true,
        "gridlyClassification": "PUBLIC_ROADWAY",
        "gridlyDisplayName": "OLD HEWITT ROAD",
        "gridlyId": "FRA-790615V"
      }
    },
    {
      "type": "Feature",
      "id": 215215,
      "geometry": {
        "type": "Point",
        "coordinates": [
          -97.1000437001023,
          31.7556136001316
        ]
      },
      "properties": {
        "OBJECTID": 215215,
        "CROSSING": "416080X",
        "EFFDATE": 1768176000000,
        "REASON": "14",
        "StateCode": "48",
        "CountyCode": "48309",
        "STCYFIPS": "48309",
        "CITYCD": "483095975",
        "RAILROAD": "UP",
        "RRDIV": "TEXOMA",
        "RRSUBDIV": "FT. WORTH SUB",
        "HIGHWAY": "cr0000",
        "STREET": "WIGGINS ROAD",
        "TTSTN": "669711",
        "MILEPOST": "0177.380",
        "TYPEXING": "Public",
        "POSXING": "At Grade",
        "PRVCAT": "14",
        "INIT": "2",
        "LATITUDE": 31.7556136,
        "LONGITUD": -97.1000437,
        "LLSOURCE": "1",
        "WHISTBAN": "0",
        "RRCONT": "4025443721",
        "POLCONT": "8008488715",
        "INV_LINK": "https://safetydata.fra.dot.gov/OfficeofSafety/PublicSite/Crossing/Crossing.aspx?phasetype=C&rpttype=I&txtcrossingnum=416080X",
        "ACC_LINK": "https://safetydata.fra.dot.gov/OfficeofSafety/PublicSite/Crossing/Crossing.aspx?phasetype=C&rpttype=A&txtcrossingnum=416080X",
        "TTSTNNAM": "",
        "XPURPOSE": "1",
        "OPERATINGR": "UP",
        "OPERATIN_1": "Primary",
        "DAYTHRU": 9,
        "NGHTTHRU": 8,
        "MAINTRK": 1,
        "SIDINGTRK": 0,
        "YARDTRK": 0,
        "TRANSITTRK": 0,
        "INDUSTRYTR": 0,
        "OTHRTRK": 0,
        "WDCODE": "All other Gates",
        "REVISIONDA": "1975/01/01 00:00:00",
        "LASTUPDATE": "1/12/2026",
        "AADT": "273",
        "AADTYEAR": "2022",
        "STATENAME": "TEXAS",
        "STATEAB": "TX",
        "COUNTYNAME": "MCLENNAN",
        "CITYNAME": "ROSS",
        "LATDD": 31.7556136,
        "LONGDD": -97.1000437,
        "gridlyProductionCertified": true,
        "gridlyClassification": "PUBLIC_ROADWAY",
        "gridlyDisplayName": "WIGGINS ROAD",
        "gridlyId": "FRA-416080X"
      }
    },
    {
      "type": "Feature",
      "id": 215217,
      "geometry": {
        "type": "Point",
        "coordinates": [
          -97.1315288998191,
          31.5520241999226
        ]
      },
      "properties": {
        "OBJECTID": 215217,
        "CROSSING": "416127R",
        "EFFDATE": 1768176000000,
        "REASON": "14",
        "StateCode": "48",
        "CountyCode": "48309",
        "STCYFIPS": "48309",
        "CITYCD": "483097210",
        "RAILROAD": "UP",
        "RRDIV": "TEXOMA",
        "RRSUBDIV": "WACO SUB",
        "HIGHWAY": "lS0000",
        "STREET": "South eighth Street",
        "TTSTN": "669750",
        "MILEPOST": "0845.470",
        "TYPEXING": "Public",
        "POSXING": "At Grade",
        "PRVCAT": "14",
        "INIT": "2",
        "LATITUDE": 31.5520242,
        "LONGITUD": -97.1315289,
        "LLSOURCE": "1",
        "WHISTBAN": "0",
        "RRCONT": "4025443721",
        "POLCONT": "8008488715",
        "INV_LINK": "https://safetydata.fra.dot.gov/OfficeofSafety/PublicSite/Crossing/Crossing.aspx?phasetype=C&rpttype=I&txtcrossingnum=416127R",
        "ACC_LINK": "https://safetydata.fra.dot.gov/OfficeofSafety/PublicSite/Crossing/Crossing.aspx?phasetype=C&rpttype=A&txtcrossingnum=416127R",
        "TTSTNNAM": "",
        "XPURPOSE": "1",
        "OPERATINGR": "UP",
        "OPERATIN_1": "Primary",
        "DAYTHRU": 2,
        "NGHTTHRU": 1,
        "MAINTRK": 1,
        "SIDINGTRK": 0,
        "YARDTRK": 0,
        "TRANSITTRK": 0,
        "INDUSTRYTR": 0,
        "OTHRTRK": 0,
        "WDCODE": "All other Gates",
        "REVISIONDA": "1975/01/01 00:00:00",
        "LASTUPDATE": "1/12/2026",
        "AADT": "1572",
        "AADTYEAR": "2020",
        "STATENAME": "TEXAS",
        "STATEAB": "TX",
        "COUNTYNAME": "MCLENNAN",
        "CITYNAME": "WACO",
        "LATDD": 31.5520242,
        "LONGDD": -97.1315289,
        "gridlyProductionCertified": true,
        "gridlyClassification": "PUBLIC_ROADWAY",
        "gridlyDisplayName": "South eighth Street",
        "gridlyId": "FRA-416127R"
      }
    },
    {
      "type": "Feature",
      "id": 215224,
      "geometry": {
        "type": "Point",
        "coordinates": [
          -97.2354811000811,
          31.3222739003011
        ]
      },
      "properties": {
        "OBJECTID": 215224,
        "CROSSING": "416159W",
        "EFFDATE": 1768176000000,
        "REASON": "14",
        "StateCode": "48",
        "CountyCode": "48309",
        "STCYFIPS": "48309",
        "CITYCD": "483090957",
        "RAILROAD": "UP",
        "RRDIV": "TEXOMA",
        "RRSUBDIV": "WACO SUB",
        "HIGHWAY": "ls0000",
        "STREET": "BRUCE STREET",
        "TTSTN": "669789",
        "MILEPOST": "0863.040",
        "TYPEXING": "Public",
        "POSXING": "At Grade",
        "PRVCAT": "14",
        "INIT": "2",
        "LATITUDE": 31.3222739,
        "LONGITUD": -97.2354811,
        "LLSOURCE": "1",
        "WHISTBAN": "0",
        "RRCONT": "4025443721",
        "POLCONT": "8008488715",
        "INV_LINK": "https://safetydata.fra.dot.gov/OfficeofSafety/PublicSite/Crossing/Crossing.aspx?phasetype=C&rpttype=I&txtcrossingnum=416159W",
        "ACC_LINK": "https://safetydata.fra.dot.gov/OfficeofSafety/PublicSite/Crossing/Crossing.aspx?phasetype=C&rpttype=A&txtcrossingnum=416159W",
        "TTSTNNAM": "",
        "XPURPOSE": "1",
        "OPERATINGR": "UP",
        "OPERATIN_1": "Primary",
        "DAYTHRU": 1,
        "NGHTTHRU": 1,
        "MAINTRK": 1,
        "SIDINGTRK": 0,
        "YARDTRK": 0,
        "TRANSITTRK": 0,
        "INDUSTRYTR": 0,
        "OTHRTRK": 0,
        "WDCODE": "All other Gates",
        "REVISIONDA": "1975/01/01 00:00:00",
        "LASTUPDATE": "1/12/2026",
        "AADT": "1031",
        "AADTYEAR": "2022",
        "STATENAME": "TEXAS",
        "STATEAB": "TX",
        "COUNTYNAME": "MCLENNAN",
        "CITYNAME": "BRUCEVILLE EDDY",
        "LATDD": 31.3222739,
        "LONGDD": -97.2354811,
        "gridlyProductionCertified": true,
        "gridlyClassification": "PUBLIC_ROADWAY",
        "gridlyDisplayName": "BRUCE STREET",
        "gridlyId": "FRA-416159W"
      }
    },
    {
      "type": "Feature",
      "id": 215227,
      "geometry": {
        "type": "Point",
        "coordinates": [
          -97.2185441002209,
          31.365138899773
        ]
      },
      "properties": {
        "OBJECTID": 215227,
        "CROSSING": "416156B",
        "EFFDATE": 1768176000000,
        "REASON": "14",
        "StateCode": "48",
        "CountyCode": "48309",
        "STCYFIPS": "48309",
        "CITYCD": "483094095",
        "RAILROAD": "UP",
        "RRDIV": "TEXOMA",
        "RRSUBDIV": "WACO SUB",
        "HIGHWAY": "Cr9535",
        "STREET": "Old Bethany Road",
        "TTSTN": "669789",
        "MILEPOST": "0859.880",
        "TYPEXING": "Public",
        "POSXING": "At Grade",
        "PRVCAT": "14",
        "INIT": "2",
        "LATITUDE": 31.3651389,
        "LONGITUD": -97.2185441,
        "LLSOURCE": "1",
        "WHISTBAN": "0",
        "RRCONT": "4025443721",
        "POLCONT": "8008488715",
        "INV_LINK": "https://safetydata.fra.dot.gov/OfficeofSafety/PublicSite/Crossing/Crossing.aspx?phasetype=C&rpttype=I&txtcrossingnum=416156B",
        "ACC_LINK": "https://safetydata.fra.dot.gov/OfficeofSafety/PublicSite/Crossing/Crossing.aspx?phasetype=C&rpttype=A&txtcrossingnum=416156B",
        "TTSTNNAM": "",
        "XPURPOSE": "1",
        "OPERATINGR": "UP",
        "OPERATIN_1": "Primary",
        "DAYTHRU": 1,
        "NGHTTHRU": 1,
        "MAINTRK": 1,
        "SIDINGTRK": 0,
        "YARDTRK": 0,
        "TRANSITTRK": 0,
        "INDUSTRYTR": 0,
        "OTHRTRK": 0,
        "WDCODE": "All other Gates",
        "REVISIONDA": "1975/01/01 00:00:00",
        "LASTUPDATE": "1/12/2026",
        "AADT": "1756",
        "AADTYEAR": "2022",
        "STATENAME": "TEXAS",
        "STATEAB": "TX",
        "COUNTYNAME": "MCLENNAN",
        "CITYNAME": "LORENA",
        "LATDD": 31.3651389,
        "LONGDD": -97.2185441,
        "gridlyProductionCertified": true,
        "gridlyClassification": "PUBLIC_ROADWAY",
        "gridlyDisplayName": "Old Bethany Road",
        "gridlyId": "FRA-416156B"
      }
    },
    {
      "type": "Feature",
      "id": 215228,
      "geometry": {
        "type": "Point",
        "coordinates": [
          -97.0923953000429,
          31.8026320000197
        ]
      },
      "properties": {
        "OBJECTID": 215228,
        "CROSSING": "416073M",
        "EFFDATE": 1768176000000,
        "REASON": "14",
        "StateCode": "48",
        "CountyCode": "48309",
        "STCYFIPS": "48309",
        "CITYCD": "483097340",
        "RAILROAD": "UP",
        "RRDIV": "TEXOMA",
        "RRSUBDIV": "FT. WORTH SUB",
        "HIGHWAY": "FM2114",
        "STREET": "FM2114 / OAK Street",
        "TTSTN": "669711",
        "MILEPOST": "0180.680",
        "TYPEXING": "Public",
        "POSXING": "At Grade",
        "PRVCAT": "14",
        "INIT": "2",
        "LATITUDE": 31.802632,
        "LONGITUD": -97.0923953,
        "LLSOURCE": "1",
        "WHISTBAN": "0",
        "RRCONT": "4025443721",
        "POLCONT": "8008488715",
        "INV_LINK": "https://safetydata.fra.dot.gov/OfficeofSafety/PublicSite/Crossing/Crossing.aspx?phasetype=C&rpttype=I&txtcrossingnum=416073M",
        "ACC_LINK": "https://safetydata.fra.dot.gov/OfficeofSafety/PublicSite/Crossing/Crossing.aspx?phasetype=C&rpttype=A&txtcrossingnum=416073M",
        "TTSTNNAM": "",
        "XPURPOSE": "1",
        "OPERATINGR": "UP",
        "OPERATIN_1": "Primary",
        "DAYTHRU": 9,
        "NGHTTHRU": 8,
        "MAINTRK": 1,
        "SIDINGTRK": 1,
        "YARDTRK": 0,
        "TRANSITTRK": 0,
        "INDUSTRYTR": 0,
        "OTHRTRK": 3,
        "WDCODE": "All other Gates",
        "REVISIONDA": "1975/01/01 00:00:00",
        "LASTUPDATE": "1/12/2026",
        "AADT": "8370",
        "AADTYEAR": "2024",
        "STATENAME": "TEXAS",
        "STATEAB": "TX",
        "COUNTYNAME": "MCLENNAN",
        "CITYNAME": "WEST",
        "LATDD": 31.802632,
        "LONGDD": -97.0923953,
        "gridlyProductionCertified": true,
        "gridlyClassification": "PUBLIC_ROADWAY",
        "gridlyDisplayName": "FM2114 / OAK Street",
        "gridlyId": "FRA-416073M"
      }
    },
    {
      "type": "Feature",
      "id": 215231,
      "geometry": {
        "type": "Point",
        "coordinates": [
          -97.1361790001413,
          31.5479319997137
        ]
      },
      "properties": {
        "OBJECTID": 215231,
        "CROSSING": "416130Y",
        "EFFDATE": 1768176000000,
        "REASON": "14",
        "StateCode": "48",
        "CountyCode": "48309",
        "STCYFIPS": "48309",
        "CITYCD": "483097210",
        "RAILROAD": "UP",
        "RRDIV": "TEXOMA",
        "RRSUBDIV": "WACO SUB",
        "HIGHWAY": "lS0000",
        "STREET": "south thirteenTH STREET",
        "TTSTN": "669750",
        "MILEPOST": "0845.870",
        "TYPEXING": "Public",
        "POSXING": "At Grade",
        "PRVCAT": "14",
        "INIT": "2",
        "LATITUDE": 31.547932,
        "LONGITUD": -97.136179,
        "LLSOURCE": "1",
        "WHISTBAN": "0",
        "RRCONT": "4025443721",
        "POLCONT": "8008488715",
        "INV_LINK": "https://safetydata.fra.dot.gov/OfficeofSafety/PublicSite/Crossing/Crossing.aspx?phasetype=C&rpttype=I&txtcrossingnum=416130Y",
        "ACC_LINK": "https://safetydata.fra.dot.gov/OfficeofSafety/PublicSite/Crossing/Crossing.aspx?phasetype=C&rpttype=A&txtcrossingnum=416130Y",
        "TTSTNNAM": "",
        "XPURPOSE": "1",
        "OPERATINGR": "UP",
        "OPERATIN_1": "Primary",
        "DAYTHRU": 2,
        "NGHTTHRU": 1,
        "MAINTRK": 1,
        "SIDINGTRK": 0,
        "YARDTRK": 0,
        "TRANSITTRK": 0,
        "INDUSTRYTR": 0,
        "OTHRTRK": 0,
        "WDCODE": "All other Gates",
        "REVISIONDA": "1975/01/01 00:00:00",
        "LASTUPDATE": "1/12/2026",
        "AADT": "448",
        "AADTYEAR": "2020",
        "STATENAME": "TEXAS",
        "STATEAB": "TX",
        "COUNTYNAME": "MCLENNAN",
        "CITYNAME": "WACO",
        "LATDD": 31.547932,
        "LONGDD": -97.136179,
        "gridlyProductionCertified": true,
        "gridlyClassification": "PUBLIC_ROADWAY",
        "gridlyDisplayName": "south thirteenTH STREET",
        "gridlyId": "FRA-416130Y"
      }
    },
    {
      "type": "Feature",
      "id": 215237,
      "geometry": {
        "type": "Point",
        "coordinates": [
          -97.092917600312,
          31.5942936002494
        ]
      },
      "properties": {
        "OBJECTID": 215237,
        "CROSSING": "416109T",
        "EFFDATE": 1768176000000,
        "REASON": "14",
        "StateCode": "48",
        "CountyCode": "48309",
        "STCYFIPS": "48309",
        "CITYCD": "483090545",
        "RAILROAD": "UP",
        "RRDIV": "TEXOMA",
        "RRSUBDIV": "FT. WORTH SUB",
        "HIGHWAY": "lS0000",
        "STREET": "HARRISON STREET",
        "TTSTN": "669742",
        "MILEPOST": "0166.262",
        "TYPEXING": "Public",
        "POSXING": "At Grade",
        "PRVCAT": "14",
        "INIT": "2",
        "LATITUDE": 31.5942936,
        "LONGITUD": -97.0929176,
        "LLSOURCE": "1",
        "WHISTBAN": "0",
        "RRCONT": "4025443721",
        "POLCONT": "8008488715",
        "INV_LINK": "https://safetydata.fra.dot.gov/OfficeofSafety/PublicSite/Crossing/Crossing.aspx?phasetype=C&rpttype=I&txtcrossingnum=416109T",
        "ACC_LINK": "https://safetydata.fra.dot.gov/OfficeofSafety/PublicSite/Crossing/Crossing.aspx?phasetype=C&rpttype=A&txtcrossingnum=416109T",
        "TTSTNNAM": "",
        "XPURPOSE": "1",
        "OPERATINGR": "UP",
        "OPERATIN_1": "Primary",
        "DAYTHRU": 9,
        "NGHTTHRU": 8,
        "MAINTRK": 1,
        "SIDINGTRK": 0,
        "YARDTRK": 0,
        "TRANSITTRK": 0,
        "INDUSTRYTR": 1,
        "OTHRTRK": 1,
        "WDCODE": "All other Gates",
        "REVISIONDA": "1975/01/01 00:00:00",
        "LASTUPDATE": "1/12/2026",
        "AADT": "1216",
        "AADTYEAR": "2022",
        "STATENAME": "TEXAS",
        "STATEAB": "TX",
        "COUNTYNAME": "MCLENNAN",
        "CITYNAME": "BELLMEAD",
        "LATDD": 31.5942936,
        "LONGDD": -97.0929176,
        "gridlyProductionCertified": true,
        "gridlyClassification": "PUBLIC_ROADWAY",
        "gridlyDisplayName": "HARRISON STREET",
        "gridlyId": "FRA-416109T"
      }
    },
    {
      "type": "Feature",
      "id": 215239,
      "geometry": {
        "type": "Point",
        "coordinates": [
          -97.065627099984,
          31.5416813001209
        ]
      },
      "properties": {
        "OBJECTID": 215239,
        "CROSSING": "430326C",
        "EFFDATE": 1768176000000,
        "REASON": "14",
        "StateCode": "48",
        "CountyCode": "48309",
        "STCYFIPS": "48309",
        "CITYCD": "483097210",
        "RAILROAD": "UP",
        "RRDIV": "TEXOMA",
        "RRSUBDIV": "FT. WORTH SUB",
        "HIGHWAY": "Cr0000",
        "STREET": "OLD MARLIN ROAD",
        "TTSTN": "669750",
        "MILEPOST": "0161.470",
        "TYPEXING": "Public",
        "POSXING": "At Grade",
        "PRVCAT": "14",
        "INIT": "2",
        "LATITUDE": 31.5416813,
        "LONGITUD": -97.0656271,
        "LLSOURCE": "1",
        "WHISTBAN": "0",
        "RRCONT": "4025443721",
        "POLCONT": "8008488715",
        "INV_LINK": "https://safetydata.fra.dot.gov/OfficeofSafety/PublicSite/Crossing/Crossing.aspx?phasetype=C&rpttype=I&txtcrossingnum=430326C",
        "ACC_LINK": "https://safetydata.fra.dot.gov/OfficeofSafety/PublicSite/Crossing/Crossing.aspx?phasetype=C&rpttype=A&txtcrossingnum=430326C",
        "TTSTNNAM": "",
        "XPURPOSE": "1",
        "OPERATINGR": "UP",
        "OPERATIN_1": "Primary",
        "DAYTHRU": 6,
        "NGHTTHRU": 5,
        "MAINTRK": 1,
        "SIDINGTRK": 1,
        "YARDTRK": 0,
        "TRANSITTRK": 0,
        "INDUSTRYTR": 0,
        "OTHRTRK": 1,
        "WDCODE": "All other Gates",
        "REVISIONDA": "1975/01/01 00:00:00",
        "LASTUPDATE": "1/12/2026",
        "AADT": "204",
        "AADTYEAR": "2020",
        "STATENAME": "TEXAS",
        "STATEAB": "TX",
        "COUNTYNAME": "MCLENNAN",
        "CITYNAME": "WACO",
        "LATDD": 31.5416813,
        "LONGDD": -97.0656271,
        "gridlyProductionCertified": true,
        "gridlyClassification": "PUBLIC_ROADWAY",
        "gridlyDisplayName": "OLD MARLIN ROAD",
        "gridlyId": "FRA-430326C"
      }
    },
    {
      "type": "Feature",
      "id": 215241,
      "geometry": {
        "type": "Point",
        "coordinates": [
          -97.2174324997355,
          31.3915718001099
        ]
      },
      "properties": {
        "OBJECTID": 215241,
        "CROSSING": "415886W",
        "EFFDATE": 1768176000000,
        "REASON": "14",
        "StateCode": "48",
        "CountyCode": "48309",
        "STCYFIPS": "48309",
        "CITYCD": "483094095",
        "RAILROAD": "UP",
        "RRDIV": "TEXOMA",
        "RRSUBDIV": "WACO SUB",
        "HIGHWAY": "FM2837",
        "STREET": "FM 2837 / OLD LORENA ROAD",
        "TTSTN": "669764",
        "MILEPOST": "0858.100",
        "TYPEXING": "Public",
        "POSXING": "At Grade",
        "PRVCAT": "14",
        "INIT": "2",
        "LATITUDE": 31.3915718,
        "LONGITUD": -97.2174325,
        "LLSOURCE": "1",
        "WHISTBAN": "0",
        "RRCONT": "4025443721",
        "POLCONT": "8008488715",
        "INV_LINK": "https://safetydata.fra.dot.gov/OfficeofSafety/PublicSite/Crossing/Crossing.aspx?phasetype=C&rpttype=I&txtcrossingnum=415886W",
        "ACC_LINK": "https://safetydata.fra.dot.gov/OfficeofSafety/PublicSite/Crossing/Crossing.aspx?phasetype=C&rpttype=A&txtcrossingnum=415886W",
        "TTSTNNAM": "",
        "XPURPOSE": "1",
        "OPERATINGR": "UP",
        "OPERATIN_1": "Primary",
        "DAYTHRU": 1,
        "NGHTTHRU": 1,
        "MAINTRK": 1,
        "SIDINGTRK": 0,
        "YARDTRK": 0,
        "TRANSITTRK": 0,
        "INDUSTRYTR": 0,
        "OTHRTRK": 0,
        "WDCODE": "All other Gates",
        "REVISIONDA": "1975/01/01 00:00:00",
        "LASTUPDATE": "1/12/2026",
        "AADT": "5297",
        "AADTYEAR": "2022",
        "STATENAME": "TEXAS",
        "STATEAB": "TX",
        "COUNTYNAME": "MCLENNAN",
        "CITYNAME": "LORENA",
        "LATDD": 31.3915718,
        "LONGDD": -97.2174325,
        "gridlyProductionCertified": true,
        "gridlyClassification": "PUBLIC_ROADWAY",
        "gridlyDisplayName": "FM 2837 / OLD LORENA ROAD",
        "gridlyId": "FRA-415886W"
      }
    },
    {
      "type": "Feature",
      "id": 215242,
      "geometry": {
        "type": "Point",
        "coordinates": [
          -97.4407505999428,
          31.5332126997106
        ]
      },
      "properties": {
        "OBJECTID": 215242,
        "CROSSING": "023174L",
        "EFFDATE": 1768176000000,
        "REASON": "14",
        "StateCode": "48",
        "CountyCode": "48309",
        "STCYFIPS": "48309",
        "CITYCD": "483091610",
        "RAILROAD": "BNSF",
        "RRDIV": "RED RIVER",
        "RRSUBDIV": "FT WORTH",
        "HIGHWAY": "ls0000",
        "STREET": "AVEnue L",
        "TTSTN": "384172",
        "MILEPOST": "0250.029",
        "TYPEXING": "Public",
        "POSXING": "At Grade",
        "PRVCAT": "14",
        "INIT": "2",
        "LATITUDE": 31.5332127,
        "LONGITUD": -97.4407506,
        "LLSOURCE": "1",
        "WHISTBAN": "0",
        "RRCONT": "8173521549",
        "POLCONT": "8008325452",
        "INV_LINK": "https://safetydata.fra.dot.gov/OfficeofSafety/PublicSite/Crossing/Crossing.aspx?phasetype=C&rpttype=I&txtcrossingnum=023174L",
        "ACC_LINK": "https://safetydata.fra.dot.gov/OfficeofSafety/PublicSite/Crossing/Crossing.aspx?phasetype=C&rpttype=A&txtcrossingnum=023174L",
        "TTSTNNAM": "",
        "XPURPOSE": "1",
        "OPERATINGR": "BNSF",
        "OPERATIN_1": "Primary",
        "DAYTHRU": 12,
        "NGHTTHRU": 12,
        "MAINTRK": 0,
        "SIDINGTRK": 0,
        "YARDTRK": 1,
        "TRANSITTRK": 0,
        "INDUSTRYTR": 0,
        "OTHRTRK": 1,
        "WDCODE": "Crossbucks",
        "REVISIONDA": "1996/01/01 00:00:00",
        "LASTUPDATE": "1/12/2026",
        "AADT": "54",
        "AADTYEAR": "2020",
        "STATENAME": "TEXAS",
        "STATEAB": "TX",
        "COUNTYNAME": "MCLENNAN",
        "CITYNAME": "CRAWFORD",
        "LATDD": 31.5332127,
        "LONGDD": -97.4407506,
        "gridlyProductionCertified": true,
        "gridlyClassification": "PUBLIC_ROADWAY",
        "gridlyDisplayName": "AVEnue L",
        "gridlyId": "FRA-023174L"
      }
    },
    {
      "type": "Feature",
      "id": 215247,
      "geometry": {
        "type": "Point",
        "coordinates": [
          -97.2133077000555,
          31.4105235997303
        ]
      },
      "properties": {
        "OBJECTID": 215247,
        "CROSSING": "416152Y",
        "EFFDATE": 1768176000000,
        "REASON": "14",
        "StateCode": "48",
        "CountyCode": "48309",
        "STCYFIPS": "48309",
        "CITYCD": "483094095",
        "RAILROAD": "UP",
        "RRDIV": "TEXOMA",
        "RRSUBDIV": "WACO SUB",
        "HIGHWAY": "Cr0000",
        "STREET": "PILGRIM LANE",
        "TTSTN": "669764",
        "MILEPOST": "0856.730",
        "TYPEXING": "Public",
        "POSXING": "At Grade",
        "PRVCAT": "14",
        "INIT": "2",
        "LATITUDE": 31.4105236,
        "LONGITUD": -97.2133077,
        "LLSOURCE": "1",
        "WHISTBAN": "0",
        "RRCONT": "4025443721",
        "POLCONT": "8008488715",
        "INV_LINK": "https://safetydata.fra.dot.gov/OfficeofSafety/PublicSite/Crossing/Crossing.aspx?phasetype=C&rpttype=I&txtcrossingnum=416152Y",
        "ACC_LINK": "https://safetydata.fra.dot.gov/OfficeofSafety/PublicSite/Crossing/Crossing.aspx?phasetype=C&rpttype=A&txtcrossingnum=416152Y",
        "TTSTNNAM": "",
        "XPURPOSE": "1",
        "OPERATINGR": "UP",
        "OPERATIN_1": "Primary",
        "DAYTHRU": 1,
        "NGHTTHRU": 1,
        "MAINTRK": 1,
        "SIDINGTRK": 0,
        "YARDTRK": 0,
        "TRANSITTRK": 0,
        "INDUSTRYTR": 0,
        "OTHRTRK": 0,
        "WDCODE": "All other Gates",
        "REVISIONDA": "1975/01/01 00:00:00",
        "LASTUPDATE": "1/12/2026",
        "AADT": "1140",
        "AADTYEAR": "2022",
        "STATENAME": "TEXAS",
        "STATEAB": "TX",
        "COUNTYNAME": "MCLENNAN",
        "CITYNAME": "LORENA",
        "LATDD": 31.4105236,
        "LONGDD": -97.2133077,
        "gridlyProductionCertified": true,
        "gridlyClassification": "PUBLIC_ROADWAY",
        "gridlyDisplayName": "PILGRIM LANE",
        "gridlyId": "FRA-416152Y"
      }
    },
    {
      "type": "Feature",
      "id": 215254,
      "geometry": {
        "type": "Point",
        "coordinates": [
          -97.1541835003929,
          31.5318261000579
        ]
      },
      "properties": {
        "OBJECTID": 215254,
        "CROSSING": "416139K",
        "EFFDATE": 1768176000000,
        "REASON": "14",
        "StateCode": "48",
        "CountyCode": "48309",
        "STCYFIPS": "48309",
        "CITYCD": "483097210",
        "RAILROAD": "UP",
        "RRDIV": "TEXOMA",
        "RRSUBDIV": "WACO SUB",
        "HIGHWAY": "ls0000",
        "STREET": "SOUTH thirty secoND STREET",
        "TTSTN": "669750",
        "MILEPOST": "0847.410",
        "TYPEXING": "Public",
        "POSXING": "At Grade",
        "PRVCAT": "14",
        "INIT": "2",
        "LATITUDE": 31.5318261,
        "LONGITUD": -97.1541835,
        "LLSOURCE": "1",
        "WHISTBAN": "0",
        "RRCONT": "4025443721",
        "POLCONT": "8008488715",
        "INV_LINK": "https://safetydata.fra.dot.gov/OfficeofSafety/PublicSite/Crossing/Crossing.aspx?phasetype=C&rpttype=I&txtcrossingnum=416139K",
        "ACC_LINK": "https://safetydata.fra.dot.gov/OfficeofSafety/PublicSite/Crossing/Crossing.aspx?phasetype=C&rpttype=A&txtcrossingnum=416139K",
        "TTSTNNAM": "",
        "XPURPOSE": "1",
        "OPERATINGR": "UP",
        "OPERATIN_1": "Primary",
        "DAYTHRU": 2,
        "NGHTTHRU": 1,
        "MAINTRK": 1,
        "SIDINGTRK": 0,
        "YARDTRK": 0,
        "TRANSITTRK": 0,
        "INDUSTRYTR": 0,
        "OTHRTRK": 0,
        "WDCODE": "All other Gates",
        "REVISIONDA": "1975/01/01 00:00:00",
        "LASTUPDATE": "1/12/2026",
        "AADT": "1181",
        "AADTYEAR": "2022",
        "STATENAME": "TEXAS",
        "STATEAB": "TX",
        "COUNTYNAME": "MCLENNAN",
        "CITYNAME": "WACO",
        "LATDD": 31.5318261,
        "LONGDD": -97.1541835,
        "gridlyProductionCertified": true,
        "gridlyClassification": "PUBLIC_ROADWAY",
        "gridlyDisplayName": "SOUTH thirty secoND STREET",
        "gridlyId": "FRA-416139K"
      }
    },
    {
      "type": "Feature",
      "id": 215256,
      "geometry": {
        "type": "Point",
        "coordinates": [
          -97.1482360001368,
          31.5372788996665
        ]
      },
      "properties": {
        "OBJECTID": 215256,
        "CROSSING": "416138D",
        "EFFDATE": 1768176000000,
        "REASON": "14",
        "StateCode": "48",
        "CountyCode": "48309",
        "STCYFIPS": "48309",
        "CITYCD": "483097210",
        "RAILROAD": "UP",
        "RRDIV": "TEXOMA",
        "RRSUBDIV": "WACO SUB",
        "HIGHWAY": "ls0000",
        "STREET": "south twenty sixTH STREET",
        "TTSTN": "669750",
        "MILEPOST": "0846.890",
        "TYPEXING": "Public",
        "POSXING": "At Grade",
        "PRVCAT": "14",
        "INIT": "2",
        "LATITUDE": 31.5372789,
        "LONGITUD": -97.148236,
        "LLSOURCE": "1",
        "WHISTBAN": "0",
        "RRCONT": "4025443721",
        "POLCONT": "8008488715",
        "INV_LINK": "https://safetydata.fra.dot.gov/OfficeofSafety/PublicSite/Crossing/Crossing.aspx?phasetype=C&rpttype=I&txtcrossingnum=416138D",
        "ACC_LINK": "https://safetydata.fra.dot.gov/OfficeofSafety/PublicSite/Crossing/Crossing.aspx?phasetype=C&rpttype=A&txtcrossingnum=416138D",
        "TTSTNNAM": "",
        "XPURPOSE": "1",
        "OPERATINGR": "UP",
        "OPERATIN_1": "Primary",
        "DAYTHRU": 2,
        "NGHTTHRU": 1,
        "MAINTRK": 1,
        "SIDINGTRK": 0,
        "YARDTRK": 0,
        "TRANSITTRK": 0,
        "INDUSTRYTR": 0,
        "OTHRTRK": 3,
        "WDCODE": "All other Gates",
        "REVISIONDA": "1975/01/01 00:00:00",
        "LASTUPDATE": "1/12/2026",
        "AADT": "4083",
        "AADTYEAR": "2020",
        "STATENAME": "TEXAS",
        "STATEAB": "TX",
        "COUNTYNAME": "MCLENNAN",
        "CITYNAME": "WACO",
        "LATDD": 31.5372789,
        "LONGDD": -97.148236,
        "gridlyProductionCertified": true,
        "gridlyClassification": "PUBLIC_ROADWAY",
        "gridlyDisplayName": "south twenty sixTH STREET",
        "gridlyId": "FRA-416138D"
      }
    },
    {
      "type": "Feature",
      "id": 215258,
      "geometry": {
        "type": "Point",
        "coordinates": [
          -97.0975663001606,
          31.5666030999867
        ]
      },
      "properties": {
        "OBJECTID": 215258,
        "CROSSING": "430338W",
        "EFFDATE": 1768176000000,
        "REASON": "14",
        "StateCode": "48",
        "CountyCode": "48309",
        "STCYFIPS": "48309",
        "CITYCD": "483097210",
        "RAILROAD": "UP",
        "RRDIV": "TEXOMA",
        "RRSUBDIV": "FT. WORTH SUB",
        "HIGHWAY": "lS0000",
        "STREET": "KENDALL LANE",
        "TTSTN": "669750",
        "MILEPOST": "0164.290",
        "TYPEXING": "Public",
        "POSXING": "At Grade",
        "PRVCAT": "14",
        "INIT": "2",
        "LATITUDE": 31.5666031,
        "LONGITUD": -97.0975663,
        "LLSOURCE": "1",
        "WHISTBAN": "0",
        "RRCONT": "4025443721",
        "POLCONT": "8008488715",
        "INV_LINK": "https://safetydata.fra.dot.gov/OfficeofSafety/PublicSite/Crossing/Crossing.aspx?phasetype=C&rpttype=I&txtcrossingnum=430338W",
        "ACC_LINK": "https://safetydata.fra.dot.gov/OfficeofSafety/PublicSite/Crossing/Crossing.aspx?phasetype=C&rpttype=A&txtcrossingnum=430338W",
        "TTSTNNAM": "",
        "XPURPOSE": "1",
        "OPERATINGR": "UP",
        "OPERATIN_1": "Primary",
        "DAYTHRU": 6,
        "NGHTTHRU": 5,
        "MAINTRK": 1,
        "SIDINGTRK": 0,
        "YARDTRK": 0,
        "TRANSITTRK": 0,
        "INDUSTRYTR": 0,
        "OTHRTRK": 0,
        "WDCODE": "All other Gates",
        "REVISIONDA": "1975/01/01 00:00:00",
        "LASTUPDATE": "1/12/2026",
        "AADT": "692",
        "AADTYEAR": "2023",
        "STATENAME": "TEXAS",
        "STATEAB": "TX",
        "COUNTYNAME": "MCLENNAN",
        "CITYNAME": "WACO",
        "LATDD": 31.5666031,
        "LONGDD": -97.0975663,
        "gridlyProductionCertified": true,
        "gridlyClassification": "PUBLIC_ROADWAY",
        "gridlyDisplayName": "KENDALL LANE",
        "gridlyId": "FRA-430338W"
      }
    },
    {
      "type": "Feature",
      "id": 215260,
      "geometry": {
        "type": "Point",
        "coordinates": [
          -97.4701564998142,
          31.6525774999401
        ]
      },
      "properties": {
        "OBJECTID": 215260,
        "CROSSING": "023082Y",
        "EFFDATE": 1768176000000,
        "REASON": "14",
        "StateCode": "48",
        "CountyCode": "48309",
        "STCYFIPS": "48309",
        "CITYCD": "480357110",
        "RAILROAD": "BNSF",
        "RRDIV": "RED RIVER",
        "RRSUBDIV": "FT WORTH",
        "HIGHWAY": "SH0317",
        "STREET": "SH0317 / north star parkway",
        "TTSTN": "669393",
        "MILEPOST": "0258.840",
        "TYPEXING": "Public",
        "POSXING": "RR Under",
        "PRVCAT": "14",
        "INIT": "2",
        "LATITUDE": 31.6525775,
        "LONGITUD": -97.4701565,
        "LLSOURCE": "1",
        "WHISTBAN": "0",
        "RRCONT": "8173521549",
        "POLCONT": "8008325452",
        "INV_LINK": "https://safetydata.fra.dot.gov/OfficeofSafety/PublicSite/Crossing/Crossing.aspx?phasetype=C&rpttype=I&txtcrossingnum=023082Y",
        "ACC_LINK": "https://safetydata.fra.dot.gov/OfficeofSafety/PublicSite/Crossing/Crossing.aspx?phasetype=C&rpttype=A&txtcrossingnum=023082Y",
        "TTSTNNAM": "VALLEY MILLS",
        "XPURPOSE": "1",
        "OPERATINGR": "BNSF",
        "OPERATIN_1": "Primary",
        "DAYTHRU": 11,
        "NGHTTHRU": 11,
        "MAINTRK": 1,
        "SIDINGTRK": 0,
        "YARDTRK": 0,
        "TRANSITTRK": 0,
        "INDUSTRYTR": 0,
        "OTHRTRK": 0,
        "WDCODE": "",
        "REVISIONDA": "1996/01/01 00:00:00",
        "LASTUPDATE": "1/12/2026",
        "AADT": "1953",
        "AADTYEAR": "2024",
        "STATENAME": "TEXAS",
        "STATEAB": "TX",
        "COUNTYNAME": "MCLENNAN",
        "CITYNAME": "VALLEY MILLS",
        "LATDD": 31.6525775,
        "LONGDD": -97.4701565,
        "gridlyProductionCertified": true,
        "gridlyClassification": "PUBLIC_ROADWAY",
        "gridlyDisplayName": "SH0317 / north star parkway",
        "gridlyId": "FRA-023082Y"
      }
    },
    {
      "type": "Feature",
      "id": 215267,
      "geometry": {
        "type": "Point",
        "coordinates": [
          -97.0956244003328,
          31.7913234997006
        ]
      },
      "properties": {
        "OBJECTID": 215267,
        "CROSSING": "416077P",
        "EFFDATE": 1768176000000,
        "REASON": "14",
        "StateCode": "48",
        "CountyCode": "48309",
        "STCYFIPS": "48309",
        "CITYCD": "483097340",
        "RAILROAD": "UP",
        "RRDIV": "TEXOMA",
        "RRSUBDIV": "FT. WORTH SUB",
        "HIGHWAY": "lS0000",
        "STREET": "TOKIO ROAD",
        "TTSTN": "669711",
        "MILEPOST": "0179.890",
        "TYPEXING": "Public",
        "POSXING": "At Grade",
        "PRVCAT": "14",
        "INIT": "2",
        "LATITUDE": 31.7913235,
        "LONGITUD": -97.0956244,
        "LLSOURCE": "1",
        "WHISTBAN": "0",
        "RRCONT": "4025443721",
        "POLCONT": "8008488715",
        "INV_LINK": "https://safetydata.fra.dot.gov/OfficeofSafety/PublicSite/Crossing/Crossing.aspx?phasetype=C&rpttype=I&txtcrossingnum=416077P",
        "ACC_LINK": "https://safetydata.fra.dot.gov/OfficeofSafety/PublicSite/Crossing/Crossing.aspx?phasetype=C&rpttype=A&txtcrossingnum=416077P",
        "TTSTNNAM": "",
        "XPURPOSE": "1",
        "OPERATINGR": "UP",
        "OPERATIN_1": "Primary",
        "DAYTHRU": 9,
        "NGHTTHRU": 8,
        "MAINTRK": 1,
        "SIDINGTRK": 0,
        "YARDTRK": 0,
        "TRANSITTRK": 0,
        "INDUSTRYTR": 0,
        "OTHRTRK": 1,
        "WDCODE": "All other Gates",
        "REVISIONDA": "1975/01/01 00:00:00",
        "LASTUPDATE": "1/12/2026",
        "AADT": "755",
        "AADTYEAR": "2022",
        "STATENAME": "TEXAS",
        "STATEAB": "TX",
        "COUNTYNAME": "MCLENNAN",
        "CITYNAME": "WEST",
        "LATDD": 31.7913235,
        "LONGDD": -97.0956244,
        "gridlyProductionCertified": true,
        "gridlyClassification": "PUBLIC_ROADWAY",
        "gridlyDisplayName": "TOKIO ROAD",
        "gridlyId": "FRA-416077P"
      }
    },
    {
      "type": "Feature",
      "id": 215269,
      "geometry": {
        "type": "Point",
        "coordinates": [
          -97.1098759001259,
          31.6108270000263
        ]
      },
      "properties": {
        "OBJECTID": 215269,
        "CROSSING": "416101N",
        "EFFDATE": 1768176000000,
        "REASON": "14",
        "StateCode": "48",
        "CountyCode": "48309",
        "STCYFIPS": "48309",
        "CITYCD": "483090545",
        "RAILROAD": "UP",
        "RRDIV": "TEXOMA",
        "RRSUBDIV": "FT. WORTH SUB",
        "HIGHWAY": "BU0077",
        "STREET": "bu077 / new dallas highway",
        "TTSTN": "669742",
        "MILEPOST": "0167.996",
        "TYPEXING": "Public",
        "POSXING": "At Grade",
        "PRVCAT": "14",
        "INIT": "2",
        "LATITUDE": 31.610827,
        "LONGITUD": -97.1098759,
        "LLSOURCE": "1",
        "WHISTBAN": "0",
        "RRCONT": "4025443721",
        "POLCONT": "8008488715",
        "INV_LINK": "https://safetydata.fra.dot.gov/OfficeofSafety/PublicSite/Crossing/Crossing.aspx?phasetype=C&rpttype=I&txtcrossingnum=416101N",
        "ACC_LINK": "https://safetydata.fra.dot.gov/OfficeofSafety/PublicSite/Crossing/Crossing.aspx?phasetype=C&rpttype=A&txtcrossingnum=416101N",
        "TTSTNNAM": "",
        "XPURPOSE": "1",
        "OPERATINGR": "UP",
        "OPERATIN_1": "Primary",
        "DAYTHRU": 2,
        "NGHTTHRU": 0,
        "MAINTRK": 0,
        "SIDINGTRK": 0,
        "YARDTRK": 0,
        "TRANSITTRK": 0,
        "INDUSTRYTR": 1,
        "OTHRTRK": 1,
        "WDCODE": "All other Gates",
        "REVISIONDA": "1975/01/01 00:00:00",
        "LASTUPDATE": "1/12/2026",
        "AADT": "8983",
        "AADTYEAR": "2023",
        "STATENAME": "TEXAS",
        "STATEAB": "TX",
        "COUNTYNAME": "MCLENNAN",
        "CITYNAME": "BELLMEAD",
        "LATDD": 31.610827,
        "LONGDD": -97.1098759,
        "gridlyProductionCertified": true,
        "gridlyClassification": "PUBLIC_ROADWAY",
        "gridlyDisplayName": "bu077 / new dallas highway",
        "gridlyId": "FRA-416101N"
      }
    },
    {
      "type": "Feature",
      "id": 215277,
      "geometry": {
        "type": "Point",
        "coordinates": [
          -97.0921120001483,
          31.8035753000969
        ]
      },
      "properties": {
        "OBJECTID": 215277,
        "CROSSING": "416072F",
        "EFFDATE": 1768176000000,
        "REASON": "14",
        "StateCode": "48",
        "CountyCode": "48309",
        "STCYFIPS": "48309",
        "CITYCD": "483097340",
        "RAILROAD": "UP",
        "RRDIV": "TEXOMA",
        "RRSUBDIV": "FT. WORTH SUB",
        "HIGHWAY": "lS0000",
        "STREET": "west COLUMBUS STREET",
        "TTSTN": "669711",
        "MILEPOST": "0180.750",
        "TYPEXING": "Public",
        "POSXING": "At Grade",
        "PRVCAT": "14",
        "INIT": "2",
        "LATITUDE": 31.8035753,
        "LONGITUD": -97.092112,
        "LLSOURCE": "1",
        "WHISTBAN": "0",
        "RRCONT": "4025443721",
        "POLCONT": "8008488715",
        "INV_LINK": "https://safetydata.fra.dot.gov/OfficeofSafety/PublicSite/Crossing/Crossing.aspx?phasetype=C&rpttype=I&txtcrossingnum=416072F",
        "ACC_LINK": "https://safetydata.fra.dot.gov/OfficeofSafety/PublicSite/Crossing/Crossing.aspx?phasetype=C&rpttype=A&txtcrossingnum=416072F",
        "TTSTNNAM": "",
        "XPURPOSE": "1",
        "OPERATINGR": "UP",
        "OPERATIN_1": "Primary",
        "DAYTHRU": 9,
        "NGHTTHRU": 8,
        "MAINTRK": 1,
        "SIDINGTRK": 1,
        "YARDTRK": 0,
        "TRANSITTRK": 0,
        "INDUSTRYTR": 1,
        "OTHRTRK": 2,
        "WDCODE": "All other Gates",
        "REVISIONDA": "1975/01/01 00:00:00",
        "LASTUPDATE": "1/12/2026",
        "AADT": "483",
        "AADTYEAR": "2022",
        "STATENAME": "TEXAS",
        "STATEAB": "TX",
        "COUNTYNAME": "MCLENNAN",
        "CITYNAME": "WEST",
        "LATDD": 31.8035753,
        "LONGDD": -97.092112,
        "gridlyProductionCertified": true,
        "gridlyClassification": "PUBLIC_ROADWAY",
        "gridlyDisplayName": "west COLUMBUS STREET",
        "gridlyId": "FRA-416072F"
      }
    },
    {
      "type": "Feature",
      "id": 215278,
      "geometry": {
        "type": "Point",
        "coordinates": [
          -97.0937408999817,
          31.6140322002025
        ]
      },
      "properties": {
        "OBJECTID": 215278,
        "CROSSING": "416092S",
        "EFFDATE": 1768176000000,
        "REASON": "14",
        "StateCode": "48",
        "CountyCode": "48309",
        "STCYFIPS": "48309",
        "CITYCD": "483090545",
        "RAILROAD": "UP",
        "RRDIV": "TEXOMA",
        "RRSUBDIV": "FT. WORTH SUB",
        "HIGHWAY": "ls0000",
        "STREET": "Pecan Lane",
        "TTSTN": "669742",
        "MILEPOST": "0167.630",
        "TYPEXING": "Public",
        "POSXING": "At Grade",
        "PRVCAT": "14",
        "INIT": "2",
        "LATITUDE": 31.6140322,
        "LONGITUD": -97.0937409,
        "LLSOURCE": "1",
        "WHISTBAN": "0",
        "RRCONT": "4025443721",
        "POLCONT": "8008488715",
        "INV_LINK": "https://safetydata.fra.dot.gov/OfficeofSafety/PublicSite/Crossing/Crossing.aspx?phasetype=C&rpttype=I&txtcrossingnum=416092S",
        "ACC_LINK": "https://safetydata.fra.dot.gov/OfficeofSafety/PublicSite/Crossing/Crossing.aspx?phasetype=C&rpttype=A&txtcrossingnum=416092S",
        "TTSTNNAM": "",
        "XPURPOSE": "1",
        "OPERATINGR": "UP",
        "OPERATIN_1": "Primary",
        "DAYTHRU": 9,
        "NGHTTHRU": 8,
        "MAINTRK": 1,
        "SIDINGTRK": 0,
        "YARDTRK": 0,
        "TRANSITTRK": 0,
        "INDUSTRYTR": 0,
        "OTHRTRK": 0,
        "WDCODE": "All other Gates",
        "REVISIONDA": "1975/01/01 00:00:00",
        "LASTUPDATE": "1/12/2026",
        "AADT": "907",
        "AADTYEAR": "2022",
        "STATENAME": "TEXAS",
        "STATEAB": "TX",
        "COUNTYNAME": "MCLENNAN",
        "CITYNAME": "BELLMEAD",
        "LATDD": 31.6140322,
        "LONGDD": -97.0937409,
        "gridlyProductionCertified": true,
        "gridlyClassification": "PUBLIC_ROADWAY",
        "gridlyDisplayName": "Pecan Lane",
        "gridlyId": "FRA-416092S"
      }
    },
    {
      "type": "Feature",
      "id": 215280,
      "geometry": {
        "type": "Point",
        "coordinates": [
          -97.0970458998283,
          31.6893929002198
        ]
      },
      "properties": {
        "OBJECTID": 215280,
        "CROSSING": "416086N",
        "EFFDATE": 1768176000000,
        "REASON": "14",
        "StateCode": "48",
        "CountyCode": "48309",
        "STCYFIPS": "48309",
        "CITYCD": "483095975",
        "RAILROAD": "UP",
        "RRDIV": "TEXOMA",
        "RRSUBDIV": "FT. WORTH SUB",
        "HIGHWAY": "cr0000",
        "STREET": "east HILLTOP LANE",
        "TTSTN": "669722",
        "MILEPOST": "0172.840",
        "TYPEXING": "Public",
        "POSXING": "At Grade",
        "PRVCAT": "14",
        "INIT": "2",
        "LATITUDE": 31.6893929,
        "LONGITUD": -97.0970459,
        "LLSOURCE": "1",
        "WHISTBAN": "0",
        "RRCONT": "4025443721",
        "POLCONT": "8008488715",
        "INV_LINK": "https://safetydata.fra.dot.gov/OfficeofSafety/PublicSite/Crossing/Crossing.aspx?phasetype=C&rpttype=I&txtcrossingnum=416086N",
        "ACC_LINK": "https://safetydata.fra.dot.gov/OfficeofSafety/PublicSite/Crossing/Crossing.aspx?phasetype=C&rpttype=A&txtcrossingnum=416086N",
        "TTSTNNAM": "",
        "XPURPOSE": "1",
        "OPERATINGR": "UP",
        "OPERATIN_1": "Primary",
        "DAYTHRU": 9,
        "NGHTTHRU": 8,
        "MAINTRK": 1,
        "SIDINGTRK": 0,
        "YARDTRK": 0,
        "TRANSITTRK": 0,
        "INDUSTRYTR": 0,
        "OTHRTRK": 0,
        "WDCODE": "All other Gates",
        "REVISIONDA": "1975/01/01 00:00:00",
        "LASTUPDATE": "1/12/2026",
        "AADT": "300",
        "AADTYEAR": "2022",
        "STATENAME": "TEXAS",
        "STATEAB": "TX",
        "COUNTYNAME": "MCLENNAN",
        "CITYNAME": "ROSS",
        "LATDD": 31.6893929,
        "LONGDD": -97.0970459,
        "gridlyProductionCertified": true,
        "gridlyClassification": "PUBLIC_ROADWAY",
        "gridlyDisplayName": "east HILLTOP LANE",
        "gridlyId": "FRA-416086N"
      }
    },
    {
      "type": "Feature",
      "id": 215287,
      "geometry": {
        "type": "Point",
        "coordinates": [
          -97.20197560007,
          31.5004822999678
        ]
      },
      "properties": {
        "OBJECTID": 215287,
        "CROSSING": "790614N",
        "EFFDATE": 1768176000000,
        "REASON": "14",
        "StateCode": "48",
        "CountyCode": "48309",
        "STCYFIPS": "48309",
        "CITYCD": "483097210",
        "RAILROAD": "UP",
        "RRDIV": "TEXOMA",
        "RRSUBDIV": "Gatesville Ind Ld",
        "HIGHWAY": "CO 0000",
        "STREET": "TEXAS CENTRAL PARKWAY",
        "TTSTN": "669765",
        "MILEPOST": "0682.753",
        "TYPEXING": "Public",
        "POSXING": "At Grade",
        "PRVCAT": "14",
        "INIT": "2",
        "LATITUDE": 31.5004823,
        "LONGITUD": -97.2019756,
        "LLSOURCE": "1",
        "WHISTBAN": "0",
        "RRCONT": "4025443721",
        "POLCONT": "8008488715",
        "INV_LINK": "https://safetydata.fra.dot.gov/OfficeofSafety/PublicSite/Crossing/Crossing.aspx?phasetype=C&rpttype=I&txtcrossingnum=790614N",
        "ACC_LINK": "https://safetydata.fra.dot.gov/OfficeofSafety/PublicSite/Crossing/Crossing.aspx?phasetype=C&rpttype=A&txtcrossingnum=790614N",
        "TTSTNNAM": "",
        "XPURPOSE": "1",
        "OPERATINGR": "UP",
        "OPERATIN_1": "Primary",
        "DAYTHRU": 2,
        "NGHTTHRU": 2,
        "MAINTRK": 0,
        "SIDINGTRK": 0,
        "YARDTRK": 0,
        "TRANSITTRK": 0,
        "INDUSTRYTR": 1,
        "OTHRTRK": 0,
        "WDCODE": "All other Gates",
        "REVISIONDA": "1975/01/01 00:00:00",
        "LASTUPDATE": "1/12/2026",
        "AADT": "10065",
        "AADTYEAR": "2020",
        "STATENAME": "TEXAS",
        "STATEAB": "TX",
        "COUNTYNAME": "MCLENNAN",
        "CITYNAME": "WACO",
        "LATDD": 31.5004823,
        "LONGDD": -97.2019756,
        "gridlyProductionCertified": true,
        "gridlyClassification": "PUBLIC_ROADWAY",
        "gridlyDisplayName": "TEXAS CENTRAL PARKWAY",
        "gridlyId": "FRA-790614N"
      }
    },
    {
      "type": "Feature",
      "id": 215291,
      "geometry": {
        "type": "Point",
        "coordinates": [
          -97.2162708999197,
          31.493070399918
        ]
      },
      "properties": {
        "OBJECTID": 215291,
        "CROSSING": "790616C",
        "EFFDATE": 1768176000000,
        "REASON": "14",
        "StateCode": "48",
        "CountyCode": "48309",
        "STCYFIPS": "48309",
        "CITYCD": "483097210",
        "RAILROAD": "UP",
        "RRDIV": "TEXOMA",
        "RRSUBDIV": "Gatesville Ind Ld",
        "HIGHWAY": "FM1695",
        "STREET": "FM1695 / hewitt drive",
        "TTSTN": "669765",
        "MILEPOST": "0683.752",
        "TYPEXING": "Public",
        "POSXING": "At Grade",
        "PRVCAT": "14",
        "INIT": "2",
        "LATITUDE": 31.4930704,
        "LONGITUD": -97.2162709,
        "LLSOURCE": "1",
        "WHISTBAN": "0",
        "RRCONT": "4025443721",
        "POLCONT": "8008488715",
        "INV_LINK": "https://safetydata.fra.dot.gov/OfficeofSafety/PublicSite/Crossing/Crossing.aspx?phasetype=C&rpttype=I&txtcrossingnum=790616C",
        "ACC_LINK": "https://safetydata.fra.dot.gov/OfficeofSafety/PublicSite/Crossing/Crossing.aspx?phasetype=C&rpttype=A&txtcrossingnum=790616C",
        "TTSTNNAM": "",
        "XPURPOSE": "1",
        "OPERATINGR": "UP",
        "OPERATIN_1": "Primary",
        "DAYTHRU": 2,
        "NGHTTHRU": 2,
        "MAINTRK": 0,
        "SIDINGTRK": 0,
        "YARDTRK": 0,
        "TRANSITTRK": 0,
        "INDUSTRYTR": 1,
        "OTHRTRK": 0,
        "WDCODE": "All other Gates",
        "REVISIONDA": "1975/01/01 00:00:00",
        "LASTUPDATE": "1/12/2026",
        "AADT": "28205",
        "AADTYEAR": "2020",
        "STATENAME": "TEXAS",
        "STATEAB": "TX",
        "COUNTYNAME": "MCLENNAN",
        "CITYNAME": "WACO",
        "LATDD": 31.4930704,
        "LONGDD": -97.2162709,
        "gridlyProductionCertified": true,
        "gridlyClassification": "PUBLIC_ROADWAY",
        "gridlyDisplayName": "FM1695 / hewitt drive",
        "gridlyId": "FRA-790616C"
      }
    },
    {
      "type": "Feature",
      "id": 215293,
      "geometry": {
        "type": "Point",
        "coordinates": [
          -97.1964987002419,
          31.4875315997499
        ]
      },
      "properties": {
        "OBJECTID": 215293,
        "CROSSING": "416145N",
        "EFFDATE": 1768176000000,
        "REASON": "14",
        "StateCode": "48",
        "CountyCode": "48309",
        "STCYFIPS": "48309",
        "CITYCD": "483097210",
        "RAILROAD": "UP",
        "RRDIV": "TEXOMA",
        "RRSUBDIV": "WACO SUB",
        "HIGHWAY": "ls0000",
        "STREET": "MARS DRIVE",
        "TTSTN": "669764",
        "MILEPOST": "0851.185",
        "TYPEXING": "Public",
        "POSXING": "At Grade",
        "PRVCAT": "14",
        "INIT": "2",
        "LATITUDE": 31.4875316,
        "LONGITUD": -97.1964987,
        "LLSOURCE": "1",
        "WHISTBAN": "0",
        "RRCONT": "4025443721",
        "POLCONT": "8008488715",
        "INV_LINK": "https://safetydata.fra.dot.gov/OfficeofSafety/PublicSite/Crossing/Crossing.aspx?phasetype=C&rpttype=I&txtcrossingnum=416145N",
        "ACC_LINK": "https://safetydata.fra.dot.gov/OfficeofSafety/PublicSite/Crossing/Crossing.aspx?phasetype=C&rpttype=A&txtcrossingnum=416145N",
        "TTSTNNAM": "",
        "XPURPOSE": "1",
        "OPERATINGR": "UP",
        "OPERATIN_1": "Primary",
        "DAYTHRU": 0,
        "NGHTTHRU": 4,
        "MAINTRK": 0,
        "SIDINGTRK": 0,
        "YARDTRK": 0,
        "TRANSITTRK": 0,
        "INDUSTRYTR": 1,
        "OTHRTRK": 1,
        "WDCODE": "All other Gates",
        "REVISIONDA": "1975/01/01 00:00:00",
        "LASTUPDATE": "1/12/2026",
        "AADT": "5530",
        "AADTYEAR": "2022",
        "STATENAME": "TEXAS",
        "STATEAB": "TX",
        "COUNTYNAME": "MCLENNAN",
        "CITYNAME": "WACO",
        "LATDD": 31.4875316,
        "LONGDD": -97.1964987,
        "gridlyProductionCertified": true,
        "gridlyClassification": "PUBLIC_ROADWAY",
        "gridlyDisplayName": "MARS DRIVE",
        "gridlyId": "FRA-416145N"
      }
    },
    {
      "type": "Feature",
      "id": 215294,
      "geometry": {
        "type": "Point",
        "coordinates": [
          -97.4074864997065,
          31.4419375998726
        ]
      },
      "properties": {
        "OBJECTID": 215294,
        "CROSSING": "790654L",
        "EFFDATE": 1768176000000,
        "REASON": "14",
        "StateCode": "48",
        "CountyCode": "48309",
        "STCYFIPS": "48309",
        "CITYCD": "483094220",
        "RAILROAD": "BNSF",
        "RRDIV": "RED RIVER",
        "RRSUBDIV": "FT WORTH",
        "HIGHWAY": "sh0317",
        "STREET": "sh0317 / north lone star parkway",
        "TTSTN": "669793",
        "MILEPOST": "0243.489",
        "TYPEXING": "Public",
        "POSXING": "At Grade",
        "PRVCAT": "14",
        "INIT": "2",
        "LATITUDE": 31.4419376,
        "LONGITUD": -97.4074865,
        "LLSOURCE": "1",
        "WHISTBAN": "0",
        "RRCONT": "8173521549",
        "POLCONT": "8008325452",
        "INV_LINK": "https://safetydata.fra.dot.gov/OfficeofSafety/PublicSite/Crossing/Crossing.aspx?phasetype=C&rpttype=I&txtcrossingnum=790654L",
        "ACC_LINK": "https://safetydata.fra.dot.gov/OfficeofSafety/PublicSite/Crossing/Crossing.aspx?phasetype=C&rpttype=A&txtcrossingnum=790654L",
        "TTSTNNAM": "669793",
        "XPURPOSE": "1",
        "OPERATINGR": "BNSF",
        "OPERATIN_1": "Primary",
        "DAYTHRU": 12,
        "NGHTTHRU": 12,
        "MAINTRK": 0,
        "SIDINGTRK": 0,
        "YARDTRK": 1,
        "TRANSITTRK": 0,
        "INDUSTRYTR": 0,
        "OTHRTRK": 2,
        "WDCODE": "Flashing lights",
        "REVISIONDA": "1996/01/01 00:00:00",
        "LASTUPDATE": "1/12/2026",
        "AADT": "9697",
        "AADTYEAR": "2024",
        "STATENAME": "TEXAS",
        "STATEAB": "TX",
        "COUNTYNAME": "MCLENNAN",
        "CITYNAME": "MCGREGOR",
        "LATDD": 31.4419376,
        "LONGDD": -97.4074865,
        "gridlyProductionCertified": true,
        "gridlyClassification": "PUBLIC_ROADWAY",
        "gridlyDisplayName": "sh0317 / north lone star parkway",
        "gridlyId": "FRA-790654L"
      }
    },
    {
      "type": "Feature",
      "id": 215296,
      "geometry": {
        "type": "Point",
        "coordinates": [
          -97.1905111000898,
          31.4850653002126
        ]
      },
      "properties": {
        "OBJECTID": 215296,
        "CROSSING": "416655S",
        "EFFDATE": 1768176000000,
        "REASON": "14",
        "StateCode": "48",
        "CountyCode": "48309",
        "STCYFIPS": "48309",
        "CITYCD": "483097210",
        "RAILROAD": "UP",
        "RRDIV": "TEXOMA",
        "RRSUBDIV": "WACO SUB",
        "HIGHWAY": "Cr0000",
        "STREET": "Texas Central Parkway",
        "TTSTN": "",
        "MILEPOST": "0851.430",
        "TYPEXING": "Public",
        "POSXING": "At Grade",
        "PRVCAT": "14",
        "INIT": "2",
        "LATITUDE": 31.4850653,
        "LONGITUD": -97.1905111,
        "LLSOURCE": "1",
        "WHISTBAN": "0",
        "RRCONT": "4025443721",
        "POLCONT": "8008488715",
        "INV_LINK": "https://safetydata.fra.dot.gov/OfficeofSafety/PublicSite/Crossing/Crossing.aspx?phasetype=C&rpttype=I&txtcrossingnum=416655S",
        "ACC_LINK": "https://safetydata.fra.dot.gov/OfficeofSafety/PublicSite/Crossing/Crossing.aspx?phasetype=C&rpttype=A&txtcrossingnum=416655S",
        "TTSTNNAM": "",
        "XPURPOSE": "1",
        "OPERATINGR": "UP",
        "OPERATIN_1": "Primary",
        "DAYTHRU": 1,
        "NGHTTHRU": 1,
        "MAINTRK": 1,
        "SIDINGTRK": 0,
        "YARDTRK": 0,
        "TRANSITTRK": 0,
        "INDUSTRYTR": 0,
        "OTHRTRK": 0,
        "WDCODE": "All other Gates",
        "REVISIONDA": "1975/01/01 00:00:00",
        "LASTUPDATE": "1/12/2026",
        "AADT": "8203",
        "AADTYEAR": "2022",
        "STATENAME": "TEXAS",
        "STATEAB": "TX",
        "COUNTYNAME": "MCLENNAN",
        "CITYNAME": "WACO",
        "LATDD": 31.4850653,
        "LONGDD": -97.1905111,
        "gridlyProductionCertified": true,
        "gridlyClassification": "PUBLIC_ROADWAY",
        "gridlyDisplayName": "Texas Central Parkway",
        "gridlyId": "FRA-416655S"
      }
    },
    {
      "type": "Feature",
      "id": 215297,
      "geometry": {
        "type": "Point",
        "coordinates": [
          -97.1279992995919,
          31.5551255003004
        ]
      },
      "properties": {
        "OBJECTID": 215297,
        "CROSSING": "416123N",
        "EFFDATE": 1768176000000,
        "REASON": "14",
        "StateCode": "48",
        "CountyCode": "48309",
        "STCYFIPS": "48309",
        "CITYCD": "483097210",
        "RAILROAD": "UP",
        "RRDIV": "TEXOMA",
        "RRSUBDIV": "Waco SUB",
        "HIGHWAY": "lS0000",
        "STREET": "South fourth Street",
        "TTSTN": "669750",
        "MILEPOST": "0845.180",
        "TYPEXING": "Public",
        "POSXING": "At Grade",
        "PRVCAT": "14",
        "INIT": "2",
        "LATITUDE": 31.5551255,
        "LONGITUD": -97.1279993,
        "LLSOURCE": "1",
        "WHISTBAN": "0",
        "RRCONT": "4025443721",
        "POLCONT": "8008488715",
        "INV_LINK": "https://safetydata.fra.dot.gov/OfficeofSafety/PublicSite/Crossing/Crossing.aspx?phasetype=C&rpttype=I&txtcrossingnum=416123N",
        "ACC_LINK": "https://safetydata.fra.dot.gov/OfficeofSafety/PublicSite/Crossing/Crossing.aspx?phasetype=C&rpttype=A&txtcrossingnum=416123N",
        "TTSTNNAM": "",
        "XPURPOSE": "1",
        "OPERATINGR": "UP",
        "OPERATIN_1": "Primary",
        "DAYTHRU": 2,
        "NGHTTHRU": 1,
        "MAINTRK": 1,
        "SIDINGTRK": 0,
        "YARDTRK": 0,
        "TRANSITTRK": 0,
        "INDUSTRYTR": 0,
        "OTHRTRK": 0,
        "WDCODE": "All other Gates",
        "REVISIONDA": "1975/01/01 00:00:00",
        "LASTUPDATE": "1/12/2026",
        "AADT": "2447",
        "AADTYEAR": "2020",
        "STATENAME": "TEXAS",
        "STATEAB": "TX",
        "COUNTYNAME": "MCLENNAN",
        "CITYNAME": "WACO",
        "LATDD": 31.5551255,
        "LONGDD": -97.1279993,
        "gridlyProductionCertified": true,
        "gridlyClassification": "PUBLIC_ROADWAY",
        "gridlyDisplayName": "South fourth Street",
        "gridlyId": "FRA-416123N"
      }
    },
    {
      "type": "Feature",
      "id": 215299,
      "geometry": {
        "type": "Point",
        "coordinates": [
          -97.0939143996973,
          31.6178440002476
        ]
      },
      "properties": {
        "OBJECTID": 215299,
        "CROSSING": "416091K",
        "EFFDATE": 1768176000000,
        "REASON": "14",
        "StateCode": "48",
        "CountyCode": "48309",
        "STCYFIPS": "48309",
        "CITYCD": "483090545",
        "RAILROAD": "UP",
        "RRDIV": "TEXOMA",
        "RRSUBDIV": "FT. WORTH SUB",
        "HIGHWAY": "lS0000",
        "STREET": "MEYERS LANE",
        "TTSTN": "669742",
        "MILEPOST": "0167.900",
        "TYPEXING": "Public",
        "POSXING": "At Grade",
        "PRVCAT": "14",
        "INIT": "2",
        "LATITUDE": 31.617844,
        "LONGITUD": -97.0939144,
        "LLSOURCE": "1",
        "WHISTBAN": "0",
        "RRCONT": "4025443721",
        "POLCONT": "8008488715",
        "INV_LINK": "https://safetydata.fra.dot.gov/OfficeofSafety/PublicSite/Crossing/Crossing.aspx?phasetype=C&rpttype=I&txtcrossingnum=416091K",
        "ACC_LINK": "https://safetydata.fra.dot.gov/OfficeofSafety/PublicSite/Crossing/Crossing.aspx?phasetype=C&rpttype=A&txtcrossingnum=416091K",
        "TTSTNNAM": "",
        "XPURPOSE": "1",
        "OPERATINGR": "UP",
        "OPERATIN_1": "Primary",
        "DAYTHRU": 9,
        "NGHTTHRU": 8,
        "MAINTRK": 1,
        "SIDINGTRK": 0,
        "YARDTRK": 0,
        "TRANSITTRK": 0,
        "INDUSTRYTR": 0,
        "OTHRTRK": 0,
        "WDCODE": "All other Gates",
        "REVISIONDA": "1975/01/01 00:00:00",
        "LASTUPDATE": "1/12/2026",
        "AADT": "023",
        "AADTYEAR": "2022",
        "STATENAME": "TEXAS",
        "STATEAB": "TX",
        "COUNTYNAME": "MCLENNAN",
        "CITYNAME": "BELLMEAD",
        "LATDD": 31.617844,
        "LONGDD": -97.0939144,
        "gridlyProductionCertified": true,
        "gridlyClassification": "PUBLIC_ROADWAY",
        "gridlyDisplayName": "MEYERS LANE",
        "gridlyId": "FRA-416091K"
      }
    },
    {
      "type": "Feature",
      "id": 215302,
      "geometry": {
        "type": "Point",
        "coordinates": [
          -96.9988580000984,
          31.5219996003688
        ]
      },
      "properties": {
        "OBJECTID": 215302,
        "CROSSING": "430319S",
        "EFFDATE": 1768176000000,
        "REASON": "14",
        "StateCode": "48",
        "CountyCode": "48309",
        "STCYFIPS": "48309",
        "CITYCD": "483095770",
        "RAILROAD": "UP",
        "RRDIV": "TEXOMA",
        "RRSUBDIV": "FT. WORTH SUB",
        "HIGHWAY": "Cr2269",
        "STREET": "Elm Lake Road",
        "TTSTN": "669702",
        "MILEPOST": "0157.020",
        "TYPEXING": "Public",
        "POSXING": "At Grade",
        "PRVCAT": "14",
        "INIT": "2",
        "LATITUDE": 31.5219996,
        "LONGITUD": -96.998858,
        "LLSOURCE": "1",
        "WHISTBAN": "0",
        "RRCONT": "4025443721",
        "POLCONT": "8008488715",
        "INV_LINK": "https://safetydata.fra.dot.gov/OfficeofSafety/PublicSite/Crossing/Crossing.aspx?phasetype=C&rpttype=I&txtcrossingnum=430319S",
        "ACC_LINK": "https://safetydata.fra.dot.gov/OfficeofSafety/PublicSite/Crossing/Crossing.aspx?phasetype=C&rpttype=A&txtcrossingnum=430319S",
        "TTSTNNAM": "",
        "XPURPOSE": "1",
        "OPERATINGR": "UP",
        "OPERATIN_1": "Primary",
        "DAYTHRU": 6,
        "NGHTTHRU": 5,
        "MAINTRK": 1,
        "SIDINGTRK": 0,
        "YARDTRK": 0,
        "TRANSITTRK": 0,
        "INDUSTRYTR": 0,
        "OTHRTRK": 0,
        "WDCODE": "All other Gates",
        "REVISIONDA": "1975/01/01 00:00:00",
        "LASTUPDATE": "1/12/2026",
        "AADT": "240",
        "AADTYEAR": "2022",
        "STATENAME": "TEXAS",
        "STATEAB": "TX",
        "COUNTYNAME": "MCLENNAN",
        "CITYNAME": "RIESEL",
        "LATDD": 31.5219996,
        "LONGDD": -96.998858,
        "gridlyProductionCertified": true,
        "gridlyClassification": "PUBLIC_ROADWAY",
        "gridlyDisplayName": "Elm Lake Road",
        "gridlyId": "FRA-430319S"
      }
    },
    {
      "type": "Feature",
      "id": 215305,
      "geometry": {
        "type": "Point",
        "coordinates": [
          -97.0184345997079,
          31.5227827997331
        ]
      },
      "properties": {
        "OBJECTID": 215305,
        "CROSSING": "430321T",
        "EFFDATE": 1768176000000,
        "REASON": "14",
        "StateCode": "48",
        "CountyCode": "48309",
        "STCYFIPS": "48309",
        "CITYCD": "483095770",
        "RAILROAD": "UP",
        "RRDIV": "TEXOMA",
        "RRSUBDIV": "FT. WORTH SUB",
        "HIGHWAY": "FM1860",
        "STREET": "FM1860 / west lake creek road",
        "TTSTN": "669702",
        "MILEPOST": "0158.300",
        "TYPEXING": "Public",
        "POSXING": "At Grade",
        "PRVCAT": "14",
        "INIT": "2",
        "LATITUDE": 31.5227828,
        "LONGITUD": -97.0184346,
        "LLSOURCE": "1",
        "WHISTBAN": "0",
        "RRCONT": "4025443721",
        "POLCONT": "8008488715",
        "INV_LINK": "https://safetydata.fra.dot.gov/OfficeofSafety/PublicSite/Crossing/Crossing.aspx?phasetype=C&rpttype=I&txtcrossingnum=430321T",
        "ACC_LINK": "https://safetydata.fra.dot.gov/OfficeofSafety/PublicSite/Crossing/Crossing.aspx?phasetype=C&rpttype=A&txtcrossingnum=430321T",
        "TTSTNNAM": "",
        "XPURPOSE": "1",
        "OPERATINGR": "UP",
        "OPERATIN_1": "Primary",
        "DAYTHRU": 6,
        "NGHTTHRU": 5,
        "MAINTRK": 1,
        "SIDINGTRK": 0,
        "YARDTRK": 0,
        "TRANSITTRK": 0,
        "INDUSTRYTR": 0,
        "OTHRTRK": 0,
        "WDCODE": "All other Gates",
        "REVISIONDA": "1975/01/01 00:00:00",
        "LASTUPDATE": "1/12/2026",
        "AADT": "1201",
        "AADTYEAR": "2023",
        "STATENAME": "TEXAS",
        "STATEAB": "TX",
        "COUNTYNAME": "MCLENNAN",
        "CITYNAME": "RIESEL",
        "LATDD": 31.5227828,
        "LONGDD": -97.0184346,
        "gridlyProductionCertified": true,
        "gridlyClassification": "PUBLIC_ROADWAY",
        "gridlyDisplayName": "FM1860 / west lake creek road",
        "gridlyId": "FRA-430321T"
      }
    },
    {
      "type": "Feature",
      "id": 215310,
      "geometry": {
        "type": "Point",
        "coordinates": [
          -97.1789382004042,
          31.5147716997917
        ]
      },
      "properties": {
        "OBJECTID": 215310,
        "CROSSING": "790208S",
        "EFFDATE": 1768176000000,
        "REASON": "14",
        "StateCode": "48",
        "CountyCode": "48309",
        "STCYFIPS": "48309",
        "CITYCD": "483097210",
        "RAILROAD": "UP",
        "RRDIV": "TEXOMA",
        "RRSUBDIV": "GATESVILLE IND LD",
        "HIGHWAY": "lS0000",
        "STREET": "SCHROEDER DRIVE",
        "TTSTN": "669750",
        "MILEPOST": "0681.032",
        "TYPEXING": "Public",
        "POSXING": "At Grade",
        "PRVCAT": "14",
        "INIT": "2",
        "LATITUDE": 31.5147717,
        "LONGITUD": -97.1789382,
        "LLSOURCE": "1",
        "WHISTBAN": "0",
        "RRCONT": "4025773721",
        "POLCONT": "8008488715",
        "INV_LINK": "https://safetydata.fra.dot.gov/OfficeofSafety/PublicSite/Crossing/Crossing.aspx?phasetype=C&rpttype=I&txtcrossingnum=790208S",
        "ACC_LINK": "https://safetydata.fra.dot.gov/OfficeofSafety/PublicSite/Crossing/Crossing.aspx?phasetype=C&rpttype=A&txtcrossingnum=790208S",
        "TTSTNNAM": "",
        "XPURPOSE": "1",
        "OPERATINGR": "UP",
        "OPERATIN_1": "Primary",
        "DAYTHRU": 2,
        "NGHTTHRU": 2,
        "MAINTRK": 0,
        "SIDINGTRK": 0,
        "YARDTRK": 0,
        "TRANSITTRK": 0,
        "INDUSTRYTR": 1,
        "OTHRTRK": 1,
        "WDCODE": "All other Gates",
        "REVISIONDA": "1975/01/01 00:00:00",
        "LASTUPDATE": "1/12/2026",
        "AADT": "899",
        "AADTYEAR": "2022",
        "STATENAME": "TEXAS",
        "STATEAB": "TX",
        "COUNTYNAME": "MCLENNAN",
        "CITYNAME": "WACO",
        "LATDD": 31.5147717,
        "LONGDD": -97.1789382,
        "gridlyProductionCertified": true,
        "gridlyClassification": "PUBLIC_ROADWAY",
        "gridlyDisplayName": "SCHROEDER DRIVE",
        "gridlyId": "FRA-790208S"
      }
    },
    {
      "type": "Feature",
      "id": 215319,
      "geometry": {
        "type": "Point",
        "coordinates": [
          -97.1960540000402,
          31.5031613003
        ]
      },
      "properties": {
        "OBJECTID": 215319,
        "CROSSING": "790611T",
        "EFFDATE": 1768176000000,
        "REASON": "14",
        "StateCode": "48",
        "CountyCode": "48309",
        "STCYFIPS": "48309",
        "CITYCD": "483097210",
        "RAILROAD": "UP",
        "RRDIV": "TEXOMA",
        "RRSUBDIV": "Gatesville Ind Ld",
        "HIGHWAY": "ls0000",
        "STREET": "JEWELL drive",
        "TTSTN": "669765",
        "MILEPOST": "0682.357",
        "TYPEXING": "Public",
        "POSXING": "At Grade",
        "PRVCAT": "14",
        "INIT": "2",
        "LATITUDE": 31.5031613,
        "LONGITUD": -97.196054,
        "LLSOURCE": "1",
        "WHISTBAN": "0",
        "RRCONT": "4025443721",
        "POLCONT": "8008488715",
        "INV_LINK": "https://safetydata.fra.dot.gov/OfficeofSafety/PublicSite/Crossing/Crossing.aspx?phasetype=C&rpttype=I&txtcrossingnum=790611T",
        "ACC_LINK": "https://safetydata.fra.dot.gov/OfficeofSafety/PublicSite/Crossing/Crossing.aspx?phasetype=C&rpttype=A&txtcrossingnum=790611T",
        "TTSTNNAM": "",
        "XPURPOSE": "1",
        "OPERATINGR": "UP",
        "OPERATIN_1": "Primary",
        "DAYTHRU": 2,
        "NGHTTHRU": 2,
        "MAINTRK": 0,
        "SIDINGTRK": 0,
        "YARDTRK": 0,
        "TRANSITTRK": 0,
        "INDUSTRYTR": 1,
        "OTHRTRK": 1,
        "WDCODE": "Crossbucks",
        "REVISIONDA": "1975/01/01 00:00:00",
        "LASTUPDATE": "1/12/2026",
        "AADT": "1910",
        "AADTYEAR": "2022",
        "STATENAME": "TEXAS",
        "STATEAB": "TX",
        "COUNTYNAME": "MCLENNAN",
        "CITYNAME": "WACO",
        "LATDD": 31.5031613,
        "LONGDD": -97.196054,
        "gridlyProductionCertified": true,
        "gridlyClassification": "PUBLIC_ROADWAY",
        "gridlyDisplayName": "JEWELL drive",
        "gridlyId": "FRA-790611T"
      }
    },
    {
      "type": "Feature",
      "id": 215320,
      "geometry": {
        "type": "Point",
        "coordinates": [
          -97.1270704002656,
          31.5559389002078
        ]
      },
      "properties": {
        "OBJECTID": 215320,
        "CROSSING": "416122G",
        "EFFDATE": 1768176000000,
        "REASON": "14",
        "StateCode": "48",
        "CountyCode": "48309",
        "STCYFIPS": "48309",
        "CITYCD": "483097210",
        "RAILROAD": "UP",
        "RRDIV": "TEXOMA",
        "RRSUBDIV": "WACO SUB",
        "HIGHWAY": "ls0000",
        "STREET": "South third Street",
        "TTSTN": "669750",
        "MILEPOST": "0845.090",
        "TYPEXING": "Public",
        "POSXING": "At Grade",
        "PRVCAT": "14",
        "INIT": "2",
        "LATITUDE": 31.5559389,
        "LONGITUD": -97.1270704,
        "LLSOURCE": "1",
        "WHISTBAN": "0",
        "RRCONT": "4025443721",
        "POLCONT": "8008488715",
        "INV_LINK": "https://safetydata.fra.dot.gov/OfficeofSafety/PublicSite/Crossing/Crossing.aspx?phasetype=C&rpttype=I&txtcrossingnum=416122G",
        "ACC_LINK": "https://safetydata.fra.dot.gov/OfficeofSafety/PublicSite/Crossing/Crossing.aspx?phasetype=C&rpttype=A&txtcrossingnum=416122G",
        "TTSTNNAM": "",
        "XPURPOSE": "1",
        "OPERATINGR": "UP",
        "OPERATIN_1": "Primary",
        "DAYTHRU": 2,
        "NGHTTHRU": 1,
        "MAINTRK": 1,
        "SIDINGTRK": 0,
        "YARDTRK": 0,
        "TRANSITTRK": 0,
        "INDUSTRYTR": 0,
        "OTHRTRK": 1,
        "WDCODE": "Flashing lights",
        "REVISIONDA": "1975/01/01 00:00:00",
        "LASTUPDATE": "1/12/2026",
        "AADT": "811",
        "AADTYEAR": "2022",
        "STATENAME": "TEXAS",
        "STATEAB": "TX",
        "COUNTYNAME": "MCLENNAN",
        "CITYNAME": "WACO",
        "LATDD": 31.5559389,
        "LONGDD": -97.1270704,
        "gridlyProductionCertified": true,
        "gridlyClassification": "PUBLIC_ROADWAY",
        "gridlyDisplayName": "South third Street",
        "gridlyId": "FRA-416122G"
      }
    },
    {
      "type": "Feature",
      "id": 215322,
      "geometry": {
        "type": "Point",
        "coordinates": [
          -97.0896218998252,
          31.8123518001419
        ]
      },
      "properties": {
        "OBJECTID": 215322,
        "CROSSING": "416070S",
        "EFFDATE": 1768176000000,
        "REASON": "14",
        "StateCode": "48",
        "CountyCode": "48309",
        "STCYFIPS": "48309",
        "CITYCD": "483097340",
        "RAILROAD": "UP",
        "RRDIV": "TEXOMA",
        "RRSUBDIV": "FT. WORTH SUB",
        "HIGHWAY": "lS0000",
        "STREET": "west SPRING STREET",
        "TTSTN": "686152",
        "MILEPOST": "0181.390",
        "TYPEXING": "Public",
        "POSXING": "At Grade",
        "PRVCAT": "14",
        "INIT": "2",
        "LATITUDE": 31.8123518,
        "LONGITUD": -97.0896219,
        "LLSOURCE": "1",
        "WHISTBAN": "0",
        "RRCONT": "4025443721",
        "POLCONT": "8008488715",
        "INV_LINK": "https://safetydata.fra.dot.gov/OfficeofSafety/PublicSite/Crossing/Crossing.aspx?phasetype=C&rpttype=I&txtcrossingnum=416070S",
        "ACC_LINK": "https://safetydata.fra.dot.gov/OfficeofSafety/PublicSite/Crossing/Crossing.aspx?phasetype=C&rpttype=A&txtcrossingnum=416070S",
        "TTSTNNAM": "",
        "XPURPOSE": "1",
        "OPERATINGR": "UP",
        "OPERATIN_1": "Primary",
        "DAYTHRU": 9,
        "NGHTTHRU": 8,
        "MAINTRK": 1,
        "SIDINGTRK": 0,
        "YARDTRK": 0,
        "TRANSITTRK": 0,
        "INDUSTRYTR": 0,
        "OTHRTRK": 0,
        "WDCODE": "All other Gates",
        "REVISIONDA": "1975/01/01 00:00:00",
        "LASTUPDATE": "1/12/2026",
        "AADT": "341",
        "AADTYEAR": "2022",
        "STATENAME": "TEXAS",
        "STATEAB": "TX",
        "COUNTYNAME": "MCLENNAN",
        "CITYNAME": "WEST",
        "LATDD": 31.8123518,
        "LONGDD": -97.0896219,
        "gridlyProductionCertified": true,
        "gridlyClassification": "PUBLIC_ROADWAY",
        "gridlyDisplayName": "west SPRING STREET",
        "gridlyId": "FRA-416070S"
      }
    },
    {
      "type": "Feature",
      "id": 215323,
      "geometry": {
        "type": "Point",
        "coordinates": [
          -97.0930428003098,
          31.8003012002215
        ]
      },
      "properties": {
        "OBJECTID": 215323,
        "CROSSING": "416075B",
        "EFFDATE": 1768176000000,
        "REASON": "14",
        "StateCode": "48",
        "CountyCode": "48309",
        "STCYFIPS": "48309",
        "CITYCD": "483097340",
        "RAILROAD": "UP",
        "RRDIV": "TEXOMA",
        "RRSUBDIV": "FT. WORTH SUB",
        "HIGHWAY": "lS0000",
        "STREET": "west SPRUCE STREET",
        "TTSTN": "669711",
        "MILEPOST": "0180.520",
        "TYPEXING": "Public",
        "POSXING": "At Grade",
        "PRVCAT": "14",
        "INIT": "2",
        "LATITUDE": 31.8003012,
        "LONGITUD": -97.0930428,
        "LLSOURCE": "1",
        "WHISTBAN": "0",
        "RRCONT": "4025443721",
        "POLCONT": "8008488715",
        "INV_LINK": "https://safetydata.fra.dot.gov/OfficeofSafety/PublicSite/Crossing/Crossing.aspx?phasetype=C&rpttype=I&txtcrossingnum=416075B",
        "ACC_LINK": "https://safetydata.fra.dot.gov/OfficeofSafety/PublicSite/Crossing/Crossing.aspx?phasetype=C&rpttype=A&txtcrossingnum=416075B",
        "TTSTNNAM": "",
        "XPURPOSE": "1",
        "OPERATINGR": "UP",
        "OPERATIN_1": "Primary",
        "DAYTHRU": 9,
        "NGHTTHRU": 8,
        "MAINTRK": 1,
        "SIDINGTRK": 1,
        "YARDTRK": 0,
        "TRANSITTRK": 0,
        "INDUSTRYTR": 0,
        "OTHRTRK": 0,
        "WDCODE": "All other Gates",
        "REVISIONDA": "1975/01/01 00:00:00",
        "LASTUPDATE": "1/12/2026",
        "AADT": "774",
        "AADTYEAR": "2022",
        "STATENAME": "TEXAS",
        "STATEAB": "TX",
        "COUNTYNAME": "MCLENNAN",
        "CITYNAME": "WEST",
        "LATDD": 31.8003012,
        "LONGDD": -97.0930428,
        "gridlyProductionCertified": true,
        "gridlyClassification": "PUBLIC_ROADWAY",
        "gridlyDisplayName": "west SPRUCE STREET",
        "gridlyId": "FRA-416075B"
      }
    },
    {
      "type": "Feature",
      "id": 215330,
      "geometry": {
        "type": "Point",
        "coordinates": [
          -97.0943672000079,
          31.6284039997457
        ]
      },
      "properties": {
        "OBJECTID": 215330,
        "CROSSING": "416090D",
        "EFFDATE": 1768176000000,
        "REASON": "14",
        "StateCode": "48",
        "CountyCode": "48309",
        "STCYFIPS": "48309",
        "CITYCD": "483093769",
        "RAILROAD": "UP",
        "RRDIV": "TEXOMA",
        "RRSUBDIV": "FT. WORTH SUB",
        "HIGHWAY": "lS0000",
        "STREET": "east CRAVEN AVENUE",
        "TTSTN": "669722",
        "MILEPOST": "0168.630",
        "TYPEXING": "Public",
        "POSXING": "At Grade",
        "PRVCAT": "14",
        "INIT": "2",
        "LATITUDE": 31.628404,
        "LONGITUD": -97.0943672,
        "LLSOURCE": "1",
        "WHISTBAN": "0",
        "RRCONT": "4025443721",
        "POLCONT": "8008488715",
        "INV_LINK": "https://safetydata.fra.dot.gov/OfficeofSafety/PublicSite/Crossing/Crossing.aspx?phasetype=C&rpttype=I&txtcrossingnum=416090D",
        "ACC_LINK": "https://safetydata.fra.dot.gov/OfficeofSafety/PublicSite/Crossing/Crossing.aspx?phasetype=C&rpttype=A&txtcrossingnum=416090D",
        "TTSTNNAM": "",
        "XPURPOSE": "1",
        "OPERATINGR": "UP",
        "OPERATIN_1": "Primary",
        "DAYTHRU": 9,
        "NGHTTHRU": 8,
        "MAINTRK": 1,
        "SIDINGTRK": 0,
        "YARDTRK": 0,
        "TRANSITTRK": 0,
        "INDUSTRYTR": 0,
        "OTHRTRK": 0,
        "WDCODE": "All other Gates",
        "REVISIONDA": "1975/01/01 00:00:00",
        "LASTUPDATE": "1/12/2026",
        "AADT": "2476",
        "AADTYEAR": "2022",
        "STATENAME": "TEXAS",
        "STATEAB": "TX",
        "COUNTYNAME": "MCLENNAN",
        "CITYNAME": "LACY LAKEVIEW",
        "LATDD": 31.628404,
        "LONGDD": -97.0943672,
        "gridlyProductionCertified": true,
        "gridlyClassification": "PUBLIC_ROADWAY",
        "gridlyDisplayName": "east CRAVEN AVENUE",
        "gridlyId": "FRA-416090D"
      }
    },
    {
      "type": "Feature",
      "id": 215331,
      "geometry": {
        "type": "Point",
        "coordinates": [
          -97.095521700438,
          31.5724013997206
        ]
      },
      "properties": {
        "OBJECTID": 215331,
        "CROSSING": "430339D",
        "EFFDATE": 1768176000000,
        "REASON": "14",
        "StateCode": "48",
        "CountyCode": "48309",
        "STCYFIPS": "48309",
        "CITYCD": "483097210",
        "RAILROAD": "UP",
        "RRDIV": "TEXOMA",
        "RRSUBDIV": "FT. WORTH SUB",
        "HIGHWAY": "lS0000",
        "STREET": "Orchard Lane",
        "TTSTN": "669750",
        "MILEPOST": "0164.700",
        "TYPEXING": "Public",
        "POSXING": "At Grade",
        "PRVCAT": "14",
        "INIT": "2",
        "LATITUDE": 31.5724014,
        "LONGITUD": -97.0955217,
        "LLSOURCE": "1",
        "WHISTBAN": "0",
        "RRCONT": "4025443721",
        "POLCONT": "8008488715",
        "INV_LINK": "https://safetydata.fra.dot.gov/OfficeofSafety/PublicSite/Crossing/Crossing.aspx?phasetype=C&rpttype=I&txtcrossingnum=430339D",
        "ACC_LINK": "https://safetydata.fra.dot.gov/OfficeofSafety/PublicSite/Crossing/Crossing.aspx?phasetype=C&rpttype=A&txtcrossingnum=430339D",
        "TTSTNNAM": "",
        "XPURPOSE": "1",
        "OPERATINGR": "UP",
        "OPERATIN_1": "Primary",
        "DAYTHRU": 6,
        "NGHTTHRU": 5,
        "MAINTRK": 1,
        "SIDINGTRK": 0,
        "YARDTRK": 0,
        "TRANSITTRK": 0,
        "INDUSTRYTR": 0,
        "OTHRTRK": 1,
        "WDCODE": "All other Gates",
        "REVISIONDA": "1975/01/01 00:00:00",
        "LASTUPDATE": "1/12/2026",
        "AADT": "4032",
        "AADTYEAR": "2020",
        "STATENAME": "TEXAS",
        "STATEAB": "TX",
        "COUNTYNAME": "MCLENNAN",
        "CITYNAME": "WACO",
        "LATDD": 31.5724014,
        "LONGDD": -97.0955217,
        "gridlyProductionCertified": true,
        "gridlyClassification": "PUBLIC_ROADWAY",
        "gridlyDisplayName": "Orchard Lane",
        "gridlyId": "FRA-430339D"
      }
    },
    {
      "type": "Feature",
      "id": 215333,
      "geometry": {
        "type": "Point",
        "coordinates": [
          -97.0967945000078,
          31.6039346001504
        ]
      },
      "properties": {
        "OBJECTID": 215333,
        "CROSSING": "924321K",
        "EFFDATE": 1768176000000,
        "REASON": "14",
        "StateCode": "48",
        "CountyCode": "48309",
        "STCYFIPS": "48309",
        "CITYCD": "483090545",
        "RAILROAD": "UP",
        "RRDIV": "TEXOMA",
        "RRSUBDIV": "FT. WORTH SUB",
        "HIGHWAY": "ls0000",
        "STREET": "RESEARCH AVENUE",
        "TTSTN": "669748",
        "MILEPOST": "0167.073",
        "TYPEXING": "Public",
        "POSXING": "At Grade",
        "PRVCAT": "14",
        "INIT": "2",
        "LATITUDE": 31.6039346,
        "LONGITUD": -97.0967945,
        "LLSOURCE": "1",
        "WHISTBAN": "0",
        "RRCONT": "4025443721",
        "POLCONT": "8008488715",
        "INV_LINK": "https://safetydata.fra.dot.gov/OfficeofSafety/PublicSite/Crossing/Crossing.aspx?phasetype=C&rpttype=I&txtcrossingnum=924321K",
        "ACC_LINK": "https://safetydata.fra.dot.gov/OfficeofSafety/PublicSite/Crossing/Crossing.aspx?phasetype=C&rpttype=A&txtcrossingnum=924321K",
        "TTSTNNAM": "",
        "XPURPOSE": "1",
        "OPERATINGR": "UP",
        "OPERATIN_1": "Primary",
        "DAYTHRU": 2,
        "NGHTTHRU": 0,
        "MAINTRK": 0,
        "SIDINGTRK": 0,
        "YARDTRK": 0,
        "TRANSITTRK": 0,
        "INDUSTRYTR": 1,
        "OTHRTRK": 1,
        "WDCODE": "All other Gates",
        "REVISIONDA": "1975/01/01 00:00:00",
        "LASTUPDATE": "1/12/2026",
        "AADT": "3324",
        "AADTYEAR": "2020",
        "STATENAME": "TEXAS",
        "STATEAB": "TX",
        "COUNTYNAME": "MCLENNAN",
        "CITYNAME": "BELLMEAD",
        "LATDD": 31.6039346,
        "LONGDD": -97.0967945,
        "gridlyProductionCertified": true,
        "gridlyClassification": "PUBLIC_ROADWAY",
        "gridlyDisplayName": "RESEARCH AVENUE",
        "gridlyId": "FRA-924321K"
      }
    },
    {
      "type": "Feature",
      "id": 215335,
      "geometry": {
        "type": "Point",
        "coordinates": [
          -97.1252229996124,
          31.5575835998758
        ]
      },
      "properties": {
        "OBJECTID": 215335,
        "CROSSING": "416120T",
        "EFFDATE": 1768176000000,
        "REASON": "14",
        "StateCode": "48",
        "CountyCode": "48309",
        "STCYFIPS": "48309",
        "CITYCD": "483097210",
        "RAILROAD": "UP",
        "RRDIV": "TEXOMA",
        "RRSUBDIV": "WACO SUB",
        "HIGHWAY": "lS0000",
        "STREET": "south University Parks Drive",
        "TTSTN": "669750",
        "MILEPOST": "0844.940",
        "TYPEXING": "Public",
        "POSXING": "At Grade",
        "PRVCAT": "14",
        "INIT": "2",
        "LATITUDE": 31.5575836,
        "LONGITUD": -97.125223,
        "LLSOURCE": "1",
        "WHISTBAN": "0",
        "RRCONT": "4025443721",
        "POLCONT": "8008488715",
        "INV_LINK": "https://safetydata.fra.dot.gov/OfficeofSafety/PublicSite/Crossing/Crossing.aspx?phasetype=C&rpttype=I&txtcrossingnum=416120T",
        "ACC_LINK": "https://safetydata.fra.dot.gov/OfficeofSafety/PublicSite/Crossing/Crossing.aspx?phasetype=C&rpttype=A&txtcrossingnum=416120T",
        "TTSTNNAM": "",
        "XPURPOSE": "1",
        "OPERATINGR": "UP",
        "OPERATIN_1": "Primary",
        "DAYTHRU": 2,
        "NGHTTHRU": 1,
        "MAINTRK": 1,
        "SIDINGTRK": 0,
        "YARDTRK": 0,
        "TRANSITTRK": 0,
        "INDUSTRYTR": 0,
        "OTHRTRK": 0,
        "WDCODE": "All other Gates",
        "REVISIONDA": "1975/01/01 00:00:00",
        "LASTUPDATE": "1/12/2026",
        "AADT": "5673",
        "AADTYEAR": "2020",
        "STATENAME": "TEXAS",
        "STATEAB": "TX",
        "COUNTYNAME": "MCLENNAN",
        "CITYNAME": "WACO",
        "LATDD": 31.5575836,
        "LONGDD": -97.125223,
        "gridlyProductionCertified": true,
        "gridlyClassification": "PUBLIC_ROADWAY",
        "gridlyDisplayName": "south University Parks Drive",
        "gridlyId": "FRA-416120T"
      }
    },
    {
      "type": "Feature",
      "id": 215336,
      "geometry": {
        "type": "Point",
        "coordinates": [
          -97.4599407002997,
          31.6239758996374
        ]
      },
      "properties": {
        "OBJECTID": 215336,
        "CROSSING": "023081S",
        "EFFDATE": 1768176000000,
        "REASON": "14",
        "StateCode": "48",
        "CountyCode": "48035",
        "STCYFIPS": "48035",
        "CITYCD": "480357110",
        "RAILROAD": "BNSF",
        "RRDIV": "RED RIVER",
        "RRSUBDIV": "FT WORTH",
        "HIGHWAY": "CR0178",
        "STREET": "OLD PATTON ROAD",
        "TTSTN": "669738",
        "MILEPOST": "0256.620",
        "TYPEXING": "Public",
        "POSXING": "At Grade",
        "PRVCAT": "14",
        "INIT": "2",
        "LATITUDE": 31.6239759,
        "LONGITUD": -97.4599407,
        "LLSOURCE": "1",
        "WHISTBAN": "0",
        "RRCONT": "8173521549",
        "POLCONT": "8008325452",
        "INV_LINK": "https://safetydata.fra.dot.gov/OfficeofSafety/PublicSite/Crossing/Crossing.aspx?phasetype=C&rpttype=I&txtcrossingnum=023081S",
        "ACC_LINK": "https://safetydata.fra.dot.gov/OfficeofSafety/PublicSite/Crossing/Crossing.aspx?phasetype=C&rpttype=A&txtcrossingnum=023081S",
        "TTSTNNAM": "MANHATTAN",
        "XPURPOSE": "1",
        "OPERATINGR": "BNSF",
        "OPERATIN_1": "Primary",
        "DAYTHRU": 10,
        "NGHTTHRU": 10,
        "MAINTRK": 1,
        "SIDINGTRK": 0,
        "YARDTRK": 0,
        "TRANSITTRK": 0,
        "INDUSTRYTR": 0,
        "OTHRTRK": 0,
        "WDCODE": "All other Gates",
        "REVISIONDA": "1996/01/01 00:00:00",
        "LASTUPDATE": "1/12/2026",
        "AADT": "118",
        "AADTYEAR": "2020",
        "STATENAME": "TEXAS",
        "STATEAB": "TX",
        "COUNTYNAME": "BOSQUE",
        "CITYNAME": "VALLEY MILLS",
        "LATDD": 31.6239759,
        "LONGDD": -97.4599407,
        "gridlyProductionCertified": true,
        "gridlyClassification": "PUBLIC_ROADWAY",
        "gridlyDisplayName": "OLD PATTON ROAD",
        "gridlyId": "FRA-023081S"
      }
    },
    {
      "type": "Feature",
      "id": 215340,
      "geometry": {
        "type": "Point",
        "coordinates": [
          -97.1966590998257,
          31.4660260000797
        ]
      },
      "properties": {
        "OBJECTID": 215340,
        "CROSSING": "416148J",
        "EFFDATE": 1768176000000,
        "REASON": "14",
        "StateCode": "48",
        "CountyCode": "48309",
        "STCYFIPS": "48309",
        "CITYCD": "483093153",
        "RAILROAD": "UP",
        "RRDIV": "TEXOMA",
        "RRSUBDIV": "WACO SUB",
        "HIGHWAY": "FM 2063",
        "STREET": "FM2063 / sun valley boulevard",
        "TTSTN": "669764",
        "MILEPOST": "0852.750",
        "TYPEXING": "Public",
        "POSXING": "At Grade",
        "PRVCAT": "14",
        "INIT": "2",
        "LATITUDE": 31.466026,
        "LONGITUD": -97.1966591,
        "LLSOURCE": "1",
        "WHISTBAN": "0",
        "RRCONT": "4025443721",
        "POLCONT": "8008488715",
        "INV_LINK": "https://safetydata.fra.dot.gov/OfficeofSafety/PublicSite/Crossing/Crossing.aspx?phasetype=C&rpttype=I&txtcrossingnum=416148J",
        "ACC_LINK": "https://safetydata.fra.dot.gov/OfficeofSafety/PublicSite/Crossing/Crossing.aspx?phasetype=C&rpttype=A&txtcrossingnum=416148J",
        "TTSTNNAM": "",
        "XPURPOSE": "1",
        "OPERATINGR": "UP",
        "OPERATIN_1": "Primary",
        "DAYTHRU": 1,
        "NGHTTHRU": 1,
        "MAINTRK": 1,
        "SIDINGTRK": 0,
        "YARDTRK": 0,
        "TRANSITTRK": 0,
        "INDUSTRYTR": 0,
        "OTHRTRK": 0,
        "WDCODE": "All other Gates",
        "REVISIONDA": "1975/01/01 00:00:00",
        "LASTUPDATE": "1/12/2026",
        "AADT": "17308",
        "AADTYEAR": "2023",
        "STATENAME": "TEXAS",
        "STATEAB": "TX",
        "COUNTYNAME": "MCLENNAN",
        "CITYNAME": "HEWITT",
        "LATDD": 31.466026,
        "LONGDD": -97.1966591,
        "gridlyProductionCertified": true,
        "gridlyClassification": "PUBLIC_ROADWAY",
        "gridlyDisplayName": "FM2063 / sun valley boulevard",
        "gridlyId": "FRA-416148J"
      }
    },
    {
      "type": "Feature",
      "id": 215353,
      "geometry": {
        "type": "Point",
        "coordinates": [
          -97.217199400394,
          31.3862060002915
        ]
      },
      "properties": {
        "OBJECTID": 215353,
        "CROSSING": "416154M",
        "EFFDATE": 1768176000000,
        "REASON": "14",
        "StateCode": "48",
        "CountyCode": "48309",
        "STCYFIPS": "48309",
        "CITYCD": "483094095",
        "RAILROAD": "UP",
        "RRDIV": "TEXOMA",
        "RRSUBDIV": "WACO SUB",
        "HIGHWAY": "lS0000",
        "STREET": "CENTER STREET",
        "TTSTN": "669764",
        "MILEPOST": "0858.450",
        "TYPEXING": "Public",
        "POSXING": "At Grade",
        "PRVCAT": "14",
        "INIT": "2",
        "LATITUDE": 31.386206,
        "LONGITUD": -97.2171994,
        "LLSOURCE": "1",
        "WHISTBAN": "0",
        "RRCONT": "4025443721",
        "POLCONT": "8008488715",
        "INV_LINK": "https://safetydata.fra.dot.gov/OfficeofSafety/PublicSite/Crossing/Crossing.aspx?phasetype=C&rpttype=I&txtcrossingnum=416154M",
        "ACC_LINK": "https://safetydata.fra.dot.gov/OfficeofSafety/PublicSite/Crossing/Crossing.aspx?phasetype=C&rpttype=A&txtcrossingnum=416154M",
        "TTSTNNAM": "",
        "XPURPOSE": "1",
        "OPERATINGR": "UP",
        "OPERATIN_1": "Primary",
        "DAYTHRU": 1,
        "NGHTTHRU": 1,
        "MAINTRK": 1,
        "SIDINGTRK": 0,
        "YARDTRK": 0,
        "TRANSITTRK": 0,
        "INDUSTRYTR": 0,
        "OTHRTRK": 0,
        "WDCODE": "All other Gates",
        "REVISIONDA": "1975/01/01 00:00:00",
        "LASTUPDATE": "1/12/2026",
        "AADT": "931",
        "AADTYEAR": "2022",
        "STATENAME": "TEXAS",
        "STATEAB": "TX",
        "COUNTYNAME": "MCLENNAN",
        "CITYNAME": "LORENA",
        "LATDD": 31.386206,
        "LONGDD": -97.2171994,
        "gridlyProductionCertified": true,
        "gridlyClassification": "PUBLIC_ROADWAY",
        "gridlyDisplayName": "CENTER STREET",
        "gridlyId": "FRA-416154M"
      }
    },
    {
      "type": "Feature",
      "id": 215355,
      "geometry": {
        "type": "Point",
        "coordinates": [
          -97.197053000298,
          31.464187899683
        ]
      },
      "properties": {
        "OBJECTID": 215355,
        "CROSSING": "416149R",
        "EFFDATE": 1768176000000,
        "REASON": "14",
        "StateCode": "48",
        "CountyCode": "48309",
        "STCYFIPS": "48309",
        "CITYCD": "483093153",
        "RAILROAD": "UP",
        "RRDIV": "TEXOMA",
        "RRSUBDIV": "WACO SUB",
        "HIGHWAY": "lS0000",
        "STREET": "north FIRST STREET",
        "TTSTN": "669764",
        "MILEPOST": "0852.870",
        "TYPEXING": "Public",
        "POSXING": "At Grade",
        "PRVCAT": "14",
        "INIT": "2",
        "LATITUDE": 31.4641879,
        "LONGITUD": -97.197053,
        "LLSOURCE": "1",
        "WHISTBAN": "0",
        "RRCONT": "4025443721",
        "POLCONT": "8008488715",
        "INV_LINK": "https://safetydata.fra.dot.gov/OfficeofSafety/PublicSite/Crossing/Crossing.aspx?phasetype=C&rpttype=I&txtcrossingnum=416149R",
        "ACC_LINK": "https://safetydata.fra.dot.gov/OfficeofSafety/PublicSite/Crossing/Crossing.aspx?phasetype=C&rpttype=A&txtcrossingnum=416149R",
        "TTSTNNAM": "",
        "XPURPOSE": "1",
        "OPERATINGR": "UP",
        "OPERATIN_1": "Primary",
        "DAYTHRU": 1,
        "NGHTTHRU": 1,
        "MAINTRK": 1,
        "SIDINGTRK": 0,
        "YARDTRK": 0,
        "TRANSITTRK": 0,
        "INDUSTRYTR": 0,
        "OTHRTRK": 0,
        "WDCODE": "All other Gates",
        "REVISIONDA": "1975/01/01 00:00:00",
        "LASTUPDATE": "1/12/2026",
        "AADT": "2218",
        "AADTYEAR": "2022",
        "STATENAME": "TEXAS",
        "STATEAB": "TX",
        "COUNTYNAME": "MCLENNAN",
        "CITYNAME": "HEWITT",
        "LATDD": 31.4641879,
        "LONGDD": -97.197053,
        "gridlyProductionCertified": true,
        "gridlyClassification": "PUBLIC_ROADWAY",
        "gridlyDisplayName": "north FIRST STREET",
        "gridlyId": "FRA-416149R"
      }
    },
    {
      "type": "Feature",
      "id": 215373,
      "geometry": {
        "type": "Point",
        "coordinates": [
          -97.1141079999733,
          31.5673601997303
        ]
      },
      "properties": {
        "OBJECTID": 215373,
        "CROSSING": "416114P",
        "EFFDATE": 1768176000000,
        "REASON": "14",
        "StateCode": "48",
        "CountyCode": "48309",
        "STCYFIPS": "48309",
        "CITYCD": "483097210",
        "RAILROAD": "UP",
        "RRDIV": "TEXOMA",
        "RRSUBDIV": "WACO SUB",
        "HIGHWAY": "lS0000",
        "STREET": "Forrest street",
        "TTSTN": "669750",
        "MILEPOST": "0844.030",
        "TYPEXING": "Public",
        "POSXING": "At Grade",
        "PRVCAT": "14",
        "INIT": "2",
        "LATITUDE": 31.5673602,
        "LONGITUD": -97.114108,
        "LLSOURCE": "1",
        "WHISTBAN": "0",
        "RRCONT": "4025443721",
        "POLCONT": "8008488715",
        "INV_LINK": "https://safetydata.fra.dot.gov/OfficeofSafety/PublicSite/Crossing/Crossing.aspx?phasetype=C&rpttype=I&txtcrossingnum=416114P",
        "ACC_LINK": "https://safetydata.fra.dot.gov/OfficeofSafety/PublicSite/Crossing/Crossing.aspx?phasetype=C&rpttype=A&txtcrossingnum=416114P",
        "TTSTNNAM": "",
        "XPURPOSE": "1",
        "OPERATINGR": "UP",
        "OPERATIN_1": "Primary",
        "DAYTHRU": 2,
        "NGHTTHRU": 1,
        "MAINTRK": 1,
        "SIDINGTRK": 0,
        "YARDTRK": 0,
        "TRANSITTRK": 0,
        "INDUSTRYTR": 0,
        "OTHRTRK": 2,
        "WDCODE": "All other Gates",
        "REVISIONDA": "1975/01/01 00:00:00",
        "LASTUPDATE": "1/12/2026",
        "AADT": "2781",
        "AADTYEAR": "2022",
        "STATENAME": "TEXAS",
        "STATEAB": "TX",
        "COUNTYNAME": "MCLENNAN",
        "CITYNAME": "WACO",
        "LATDD": 31.5673602,
        "LONGDD": -97.114108,
        "gridlyProductionCertified": true,
        "gridlyClassification": "PUBLIC_ROADWAY",
        "gridlyDisplayName": "Forrest street",
        "gridlyId": "FRA-416114P"
      }
    },
    {
      "type": "Feature",
      "id": 215374,
      "geometry": {
        "type": "Point",
        "coordinates": [
          -97.1043425995725,
          31.6069189998561
        ]
      },
      "properties": {
        "OBJECTID": 215374,
        "CROSSING": "416106X",
        "EFFDATE": 1768176000000,
        "REASON": "14",
        "StateCode": "48",
        "CountyCode": "48309",
        "STCYFIPS": "48309",
        "CITYCD": "483090545",
        "RAILROAD": "UP",
        "RRDIV": "TEXOMA",
        "RRSUBDIV": "FT. WORTH SUB",
        "HIGHWAY": "IH0035",
        "STREET": "Ih0035 northbound FRONTAGE ",
        "TTSTN": "669742",
        "MILEPOST": "0167.574",
        "TYPEXING": "Public",
        "POSXING": "At Grade",
        "PRVCAT": "14",
        "INIT": "2",
        "LATITUDE": 31.606919,
        "LONGITUD": -97.1043426,
        "LLSOURCE": "1",
        "WHISTBAN": "0",
        "RRCONT": "4025443721",
        "POLCONT": "8008488715",
        "INV_LINK": "https://safetydata.fra.dot.gov/OfficeofSafety/PublicSite/Crossing/Crossing.aspx?phasetype=C&rpttype=I&txtcrossingnum=416106X",
        "ACC_LINK": "https://safetydata.fra.dot.gov/OfficeofSafety/PublicSite/Crossing/Crossing.aspx?phasetype=C&rpttype=A&txtcrossingnum=416106X",
        "TTSTNNAM": "",
        "XPURPOSE": "1",
        "OPERATINGR": "UP",
        "OPERATIN_1": "Primary",
        "DAYTHRU": 1,
        "NGHTTHRU": 0,
        "MAINTRK": 0,
        "SIDINGTRK": 0,
        "YARDTRK": 0,
        "TRANSITTRK": 0,
        "INDUSTRYTR": 1,
        "OTHRTRK": 1,
        "WDCODE": "Flashing lights",
        "REVISIONDA": "1975/01/01 00:00:00",
        "LASTUPDATE": "1/12/2026",
        "AADT": "4021",
        "AADTYEAR": "2019",
        "STATENAME": "TEXAS",
        "STATEAB": "TX",
        "COUNTYNAME": "MCLENNAN",
        "CITYNAME": "BELLMEAD",
        "LATDD": 31.606919,
        "LONGDD": -97.1043426,
        "gridlyProductionCertified": true,
        "gridlyClassification": "PUBLIC_ROADWAY",
        "gridlyDisplayName": "Ih0035 northbound FRONTAGE",
        "gridlyId": "FRA-416106X"
      }
    },
    {
      "type": "Feature",
      "id": 215381,
      "geometry": {
        "type": "Point",
        "coordinates": [
          -97.0876023999299,
          31.8193782997378
        ]
      },
      "properties": {
        "OBJECTID": 215381,
        "CROSSING": "416069X",
        "EFFDATE": 1768176000000,
        "REASON": "14",
        "StateCode": "48",
        "CountyCode": "48309",
        "STCYFIPS": "48309",
        "CITYCD": "483097340",
        "RAILROAD": "UP",
        "RRDIV": "TEXOMA",
        "RRSUBDIV": "FT. WORTH SUB",
        "HIGHWAY": "Cr0000",
        "STREET": "Grady Calvery Drive",
        "TTSTN": "669711",
        "MILEPOST": "0181.910",
        "TYPEXING": "Public",
        "POSXING": "At Grade",
        "PRVCAT": "14",
        "INIT": "2",
        "LATITUDE": 31.8193783,
        "LONGITUD": -97.0876024,
        "LLSOURCE": "1",
        "WHISTBAN": "0",
        "RRCONT": "4025443721",
        "POLCONT": "8008488715",
        "INV_LINK": "https://safetydata.fra.dot.gov/OfficeofSafety/PublicSite/Crossing/Crossing.aspx?phasetype=C&rpttype=I&txtcrossingnum=416069X",
        "ACC_LINK": "https://safetydata.fra.dot.gov/OfficeofSafety/PublicSite/Crossing/Crossing.aspx?phasetype=C&rpttype=A&txtcrossingnum=416069X",
        "TTSTNNAM": "",
        "XPURPOSE": "1",
        "OPERATINGR": "UP",
        "OPERATIN_1": "Primary",
        "DAYTHRU": 9,
        "NGHTTHRU": 8,
        "MAINTRK": 1,
        "SIDINGTRK": 0,
        "YARDTRK": 0,
        "TRANSITTRK": 0,
        "INDUSTRYTR": 0,
        "OTHRTRK": 0,
        "WDCODE": "All other Gates",
        "REVISIONDA": "1975/01/01 00:00:00",
        "LASTUPDATE": "1/12/2026",
        "AADT": "205",
        "AADTYEAR": "2022",
        "STATENAME": "TEXAS",
        "STATEAB": "TX",
        "COUNTYNAME": "MCLENNAN",
        "CITYNAME": "WEST",
        "LATDD": 31.8193783,
        "LONGDD": -97.0876024,
        "gridlyProductionCertified": true,
        "gridlyClassification": "PUBLIC_ROADWAY",
        "gridlyDisplayName": "Grady Calvery Drive",
        "gridlyId": "FRA-416069X"
      }
    },
    {
      "type": "Feature",
      "id": 215384,
      "geometry": {
        "type": "Point",
        "coordinates": [
          -97.0988960996319,
          31.7304008003747
        ]
      },
      "properties": {
        "OBJECTID": 215384,
        "CROSSING": "416082L",
        "EFFDATE": 1768176000000,
        "REASON": "14",
        "StateCode": "48",
        "CountyCode": "48309",
        "STCYFIPS": "48309",
        "CITYCD": "483095975",
        "RAILROAD": "UP",
        "RRDIV": "TEXOMA",
        "RRSUBDIV": "FT. WORTH SUB",
        "HIGHWAY": "FM3149",
        "STREET": "FM3149",
        "TTSTN": "669722",
        "MILEPOST": "0175.650",
        "TYPEXING": "Public",
        "POSXING": "At Grade",
        "PRVCAT": "14",
        "INIT": "2",
        "LATITUDE": 31.7304008,
        "LONGITUD": -97.0988961,
        "LLSOURCE": "1",
        "WHISTBAN": "0",
        "RRCONT": "4025443721",
        "POLCONT": "8008488715",
        "INV_LINK": "https://safetydata.fra.dot.gov/OfficeofSafety/PublicSite/Crossing/Crossing.aspx?phasetype=C&rpttype=I&txtcrossingnum=416082L",
        "ACC_LINK": "https://safetydata.fra.dot.gov/OfficeofSafety/PublicSite/Crossing/Crossing.aspx?phasetype=C&rpttype=A&txtcrossingnum=416082L",
        "TTSTNNAM": "",
        "XPURPOSE": "1",
        "OPERATINGR": "UP",
        "OPERATIN_1": "Primary",
        "DAYTHRU": 9,
        "NGHTTHRU": 8,
        "MAINTRK": 1,
        "SIDINGTRK": 0,
        "YARDTRK": 0,
        "TRANSITTRK": 0,
        "INDUSTRYTR": 0,
        "OTHRTRK": 0,
        "WDCODE": "All other Gates",
        "REVISIONDA": "1975/01/01 00:00:00",
        "LASTUPDATE": "1/12/2026",
        "AADT": "899",
        "AADTYEAR": "2023",
        "STATENAME": "TEXAS",
        "STATEAB": "TX",
        "COUNTYNAME": "MCLENNAN",
        "CITYNAME": "ROSS",
        "LATDD": 31.7304008,
        "LONGDD": -97.0988961,
        "gridlyProductionCertified": true,
        "gridlyClassification": "PUBLIC_ROADWAY",
        "gridlyDisplayName": "FM3149",
        "gridlyId": "FRA-416082L"
      }
    },
    {
      "type": "Feature",
      "id": 215388,
      "geometry": {
        "type": "Point",
        "coordinates": [
          -97.1389650998421,
          31.5454841999706
        ]
      },
      "properties": {
        "OBJECTID": 215388,
        "CROSSING": "416132M",
        "EFFDATE": 1768176000000,
        "REASON": "14",
        "StateCode": "48",
        "CountyCode": "48309",
        "STCYFIPS": "48309",
        "CITYCD": "483097210",
        "RAILROAD": "UP",
        "RRDIV": "TEXOMA",
        "RRSUBDIV": "WACO SUB",
        "HIGHWAY": "ls0000",
        "STREET": "south sixteenTH STREET",
        "TTSTN": "669750",
        "MILEPOST": "0846.100",
        "TYPEXING": "Public",
        "POSXING": "At Grade",
        "PRVCAT": "14",
        "INIT": "2",
        "LATITUDE": 31.5454842,
        "LONGITUD": -97.1389651,
        "LLSOURCE": "1",
        "WHISTBAN": "0",
        "RRCONT": "4025443721",
        "POLCONT": "8008488715",
        "INV_LINK": "https://safetydata.fra.dot.gov/OfficeofSafety/PublicSite/Crossing/Crossing.aspx?phasetype=C&rpttype=I&txtcrossingnum=416132M",
        "ACC_LINK": "https://safetydata.fra.dot.gov/OfficeofSafety/PublicSite/Crossing/Crossing.aspx?phasetype=C&rpttype=A&txtcrossingnum=416132M",
        "TTSTNNAM": "",
        "XPURPOSE": "1",
        "OPERATINGR": "UP",
        "OPERATIN_1": "Primary",
        "DAYTHRU": 2,
        "NGHTTHRU": 1,
        "MAINTRK": 1,
        "SIDINGTRK": 0,
        "YARDTRK": 0,
        "TRANSITTRK": 0,
        "INDUSTRYTR": 0,
        "OTHRTRK": 0,
        "WDCODE": "All other Gates",
        "REVISIONDA": "1975/01/01 00:00:00",
        "LASTUPDATE": "1/12/2026",
        "AADT": "343",
        "AADTYEAR": "2022",
        "STATENAME": "TEXAS",
        "STATEAB": "TX",
        "COUNTYNAME": "MCLENNAN",
        "CITYNAME": "WACO",
        "LATDD": 31.5454842,
        "LONGDD": -97.1389651,
        "gridlyProductionCertified": true,
        "gridlyClassification": "PUBLIC_ROADWAY",
        "gridlyDisplayName": "south sixteenTH STREET",
        "gridlyId": "FRA-416132M"
      }
    },
    {
      "type": "Feature",
      "id": 215390,
      "geometry": {
        "type": "Point",
        "coordinates": [
          -97.1289562003039,
          31.5542903999525
        ]
      },
      "properties": {
        "OBJECTID": 215390,
        "CROSSING": "416124V",
        "EFFDATE": 1768176000000,
        "REASON": "14",
        "StateCode": "48",
        "CountyCode": "48309",
        "STCYFIPS": "48309",
        "CITYCD": "483097210",
        "RAILROAD": "UP",
        "RRDIV": "TEXOMA",
        "RRSUBDIV": "WACO SUB",
        "HIGHWAY": "lS0000",
        "STREET": "South fifth Street",
        "TTSTN": "669750",
        "MILEPOST": "0845.250",
        "TYPEXING": "Public",
        "POSXING": "At Grade",
        "PRVCAT": "14",
        "INIT": "2",
        "LATITUDE": 31.5542904,
        "LONGITUD": -97.1289562,
        "LLSOURCE": "1",
        "WHISTBAN": "0",
        "RRCONT": "4025443721",
        "POLCONT": "8008488715",
        "INV_LINK": "https://safetydata.fra.dot.gov/OfficeofSafety/PublicSite/Crossing/Crossing.aspx?phasetype=C&rpttype=I&txtcrossingnum=416124V",
        "ACC_LINK": "https://safetydata.fra.dot.gov/OfficeofSafety/PublicSite/Crossing/Crossing.aspx?phasetype=C&rpttype=A&txtcrossingnum=416124V",
        "TTSTNNAM": "",
        "XPURPOSE": "1",
        "OPERATINGR": "UP",
        "OPERATIN_1": "Primary",
        "DAYTHRU": 2,
        "NGHTTHRU": 1,
        "MAINTRK": 1,
        "SIDINGTRK": 0,
        "YARDTRK": 0,
        "TRANSITTRK": 0,
        "INDUSTRYTR": 0,
        "OTHRTRK": 1,
        "WDCODE": "All other Gates",
        "REVISIONDA": "1975/01/01 00:00:00",
        "LASTUPDATE": "1/12/2026",
        "AADT": "2944",
        "AADTYEAR": "2020",
        "STATENAME": "TEXAS",
        "STATEAB": "TX",
        "COUNTYNAME": "MCLENNAN",
        "CITYNAME": "WACO",
        "LATDD": 31.5542904,
        "LONGDD": -97.1289562,
        "gridlyProductionCertified": true,
        "gridlyClassification": "PUBLIC_ROADWAY",
        "gridlyDisplayName": "South fifth Street",
        "gridlyId": "FRA-416124V"
      }
    },
    {
      "type": "Feature",
      "id": 215391,
      "geometry": {
        "type": "Point",
        "coordinates": [
          -97.1078029998785,
          31.5728898001429
        ]
      },
      "properties": {
        "OBJECTID": 215391,
        "CROSSING": "416112B",
        "EFFDATE": 1768176000000,
        "REASON": "14",
        "StateCode": "48",
        "CountyCode": "48309",
        "STCYFIPS": "48309",
        "CITYCD": "483090545",
        "RAILROAD": "UP",
        "RRDIV": "TEXOMA",
        "RRSUBDIV": "WACO SUB",
        "HIGHWAY": "LS0000",
        "STREET": "KATY LANE",
        "TTSTN": "669742",
        "MILEPOST": "0843.500",
        "TYPEXING": "Public",
        "POSXING": "At Grade",
        "PRVCAT": "14",
        "INIT": "2",
        "LATITUDE": 31.5728898,
        "LONGITUD": -97.107803,
        "LLSOURCE": "1",
        "WHISTBAN": "0",
        "RRCONT": "4025443721",
        "POLCONT": "8008488715",
        "INV_LINK": "https://safetydata.fra.dot.gov/OfficeofSafety/PublicSite/Crossing/Crossing.aspx?phasetype=C&rpttype=I&txtcrossingnum=416112B",
        "ACC_LINK": "https://safetydata.fra.dot.gov/OfficeofSafety/PublicSite/Crossing/Crossing.aspx?phasetype=C&rpttype=A&txtcrossingnum=416112B",
        "TTSTNNAM": "",
        "XPURPOSE": "1",
        "OPERATINGR": "UP",
        "OPERATIN_1": "Primary",
        "DAYTHRU": 2,
        "NGHTTHRU": 1,
        "MAINTRK": 1,
        "SIDINGTRK": 0,
        "YARDTRK": 0,
        "TRANSITTRK": 0,
        "INDUSTRYTR": 0,
        "OTHRTRK": 0,
        "WDCODE": "All other Gates",
        "REVISIONDA": "1975/01/01 00:00:00",
        "LASTUPDATE": "1/12/2026",
        "AADT": "559",
        "AADTYEAR": "2022",
        "STATENAME": "TEXAS",
        "STATEAB": "TX",
        "COUNTYNAME": "MCLENNAN",
        "CITYNAME": "BELLMEAD",
        "LATDD": 31.5728898,
        "LONGDD": -97.107803,
        "gridlyProductionCertified": true,
        "gridlyClassification": "PUBLIC_ROADWAY",
        "gridlyDisplayName": "KATY LANE",
        "gridlyId": "FRA-416112B"
      }
    },
    {
      "type": "Feature",
      "id": 215394,
      "geometry": {
        "type": "Point",
        "coordinates": [
          -97.0981316998004,
          31.7135221998004
        ]
      },
      "properties": {
        "OBJECTID": 215394,
        "CROSSING": "416083T",
        "EFFDATE": 1768176000000,
        "REASON": "14",
        "StateCode": "48",
        "CountyCode": "48309",
        "STCYFIPS": "48309",
        "CITYCD": "483095975",
        "RAILROAD": "UP",
        "RRDIV": "TEXOMA",
        "RRSUBDIV": "FT. WORTH SUB",
        "HIGHWAY": "ST0000",
        "STREET": "BLUHM ROAD",
        "TTSTN": "669722",
        "MILEPOST": "0174.480",
        "TYPEXING": "Public",
        "POSXING": "At Grade",
        "PRVCAT": "14",
        "INIT": "2",
        "LATITUDE": 31.7135222,
        "LONGITUD": -97.0981317,
        "LLSOURCE": "1",
        "WHISTBAN": "0",
        "RRCONT": "4025443721",
        "POLCONT": "8008488715",
        "INV_LINK": "https://safetydata.fra.dot.gov/OfficeofSafety/PublicSite/Crossing/Crossing.aspx?phasetype=C&rpttype=I&txtcrossingnum=416083T",
        "ACC_LINK": "https://safetydata.fra.dot.gov/OfficeofSafety/PublicSite/Crossing/Crossing.aspx?phasetype=C&rpttype=A&txtcrossingnum=416083T",
        "TTSTNNAM": "",
        "XPURPOSE": "1",
        "OPERATINGR": "UP",
        "OPERATIN_1": "Primary",
        "DAYTHRU": 9,
        "NGHTTHRU": 8,
        "MAINTRK": 1,
        "SIDINGTRK": 0,
        "YARDTRK": 0,
        "TRANSITTRK": 0,
        "INDUSTRYTR": 0,
        "OTHRTRK": 0,
        "WDCODE": "All other Gates",
        "REVISIONDA": "1975/01/01 00:00:00",
        "LASTUPDATE": "1/12/2026",
        "AADT": "357",
        "AADTYEAR": "2022",
        "STATENAME": "TEXAS",
        "STATEAB": "TX",
        "COUNTYNAME": "MCLENNAN",
        "CITYNAME": "ROSS",
        "LATDD": 31.7135222,
        "LONGDD": -97.0981317,
        "gridlyProductionCertified": true,
        "gridlyClassification": "PUBLIC_ROADWAY",
        "gridlyDisplayName": "BLUHM ROAD",
        "gridlyId": "FRA-416083T"
      }
    },
    {
      "type": "Feature",
      "id": 215395,
      "geometry": {
        "type": "Point",
        "coordinates": [
          -97.0865851998044,
          31.8229212998655
        ]
      },
      "properties": {
        "OBJECTID": 215395,
        "CROSSING": "416068R",
        "EFFDATE": 1768176000000,
        "REASON": "14",
        "StateCode": "48",
        "CountyCode": "48309",
        "STCYFIPS": "48309",
        "CITYCD": "483097340",
        "RAILROAD": "UP",
        "RRDIV": "TEXOMA",
        "RRSUBDIV": "FT. WORTH SUB",
        "HIGHWAY": "cr0000",
        "STREET": "Jerry Mashek Drive",
        "TTSTN": "669711",
        "MILEPOST": "0182.160",
        "TYPEXING": "Public",
        "POSXING": "At Grade",
        "PRVCAT": "14",
        "INIT": "2",
        "LATITUDE": 31.8229213,
        "LONGITUD": -97.0865852,
        "LLSOURCE": "1",
        "WHISTBAN": "0",
        "RRCONT": "4025443721",
        "POLCONT": "8008488715",
        "INV_LINK": "https://safetydata.fra.dot.gov/OfficeofSafety/PublicSite/Crossing/Crossing.aspx?phasetype=C&rpttype=I&txtcrossingnum=416068R",
        "ACC_LINK": "https://safetydata.fra.dot.gov/OfficeofSafety/PublicSite/Crossing/Crossing.aspx?phasetype=C&rpttype=A&txtcrossingnum=416068R",
        "TTSTNNAM": "",
        "XPURPOSE": "1",
        "OPERATINGR": "UP",
        "OPERATIN_1": "Primary",
        "DAYTHRU": 9,
        "NGHTTHRU": 8,
        "MAINTRK": 1,
        "SIDINGTRK": 0,
        "YARDTRK": 0,
        "TRANSITTRK": 0,
        "INDUSTRYTR": 0,
        "OTHRTRK": 0,
        "WDCODE": "All other Gates",
        "REVISIONDA": "1975/01/01 00:00:00",
        "LASTUPDATE": "1/12/2026",
        "AADT": "437",
        "AADTYEAR": "2019",
        "STATENAME": "TEXAS",
        "STATEAB": "TX",
        "COUNTYNAME": "MCLENNAN",
        "CITYNAME": "WEST",
        "LATDD": 31.8229213,
        "LONGDD": -97.0865852,
        "gridlyProductionCertified": true,
        "gridlyClassification": "PUBLIC_ROADWAY",
        "gridlyDisplayName": "Jerry Mashek Drive",
        "gridlyId": "FRA-416068R"
      }
    },
    {
      "type": "Feature",
      "id": 215396,
      "geometry": {
        "type": "Point",
        "coordinates": [
          -97.2519705996909,
          31.2949075001558
        ]
      },
      "properties": {
        "OBJECTID": 215396,
        "CROSSING": "416163L",
        "EFFDATE": 1768176000000,
        "REASON": "14",
        "StateCode": "48",
        "CountyCode": "48309",
        "STCYFIPS": "48309",
        "CITYCD": "483090957",
        "RAILROAD": "UP",
        "RRDIV": "TEXOMA",
        "RRSUBDIV": "WACO SUB",
        "HIGHWAY": "sh0007",
        "STREET": "sh0007 / third street",
        "TTSTN": "669789",
        "MILEPOST": "0865.190",
        "TYPEXING": "Public",
        "POSXING": "At Grade",
        "PRVCAT": "14",
        "INIT": "2",
        "LATITUDE": 31.2949075,
        "LONGITUD": -97.2519706,
        "LLSOURCE": "1",
        "WHISTBAN": "0",
        "RRCONT": "4025443721",
        "POLCONT": "8008488715",
        "INV_LINK": "https://safetydata.fra.dot.gov/OfficeofSafety/PublicSite/Crossing/Crossing.aspx?phasetype=C&rpttype=I&txtcrossingnum=416163L",
        "ACC_LINK": "https://safetydata.fra.dot.gov/OfficeofSafety/PublicSite/Crossing/Crossing.aspx?phasetype=C&rpttype=A&txtcrossingnum=416163L",
        "TTSTNNAM": "",
        "XPURPOSE": "1",
        "OPERATINGR": "UP",
        "OPERATIN_1": "Primary",
        "DAYTHRU": 1,
        "NGHTTHRU": 1,
        "MAINTRK": 1,
        "SIDINGTRK": 0,
        "YARDTRK": 0,
        "TRANSITTRK": 0,
        "INDUSTRYTR": 0,
        "OTHRTRK": 1,
        "WDCODE": "All other Gates",
        "REVISIONDA": "1975/01/01 00:00:00",
        "LASTUPDATE": "1/12/2026",
        "AADT": "4016",
        "AADTYEAR": "2023",
        "STATENAME": "TEXAS",
        "STATEAB": "TX",
        "COUNTYNAME": "MCLENNAN",
        "CITYNAME": "BRUCEVILLE EDDY",
        "LATDD": 31.2949075,
        "LONGDD": -97.2519706,
        "gridlyProductionCertified": true,
        "gridlyClassification": "PUBLIC_ROADWAY",
        "gridlyDisplayName": "sh0007 / third street",
        "gridlyId": "FRA-416163L"
      }
    },
    {
      "type": "Feature",
      "id": 215401,
      "geometry": {
        "type": "Point",
        "coordinates": [
          -97.1978522996783,
          31.4612989003348
        ]
      },
      "properties": {
        "OBJECTID": 215401,
        "CROSSING": "416150K",
        "EFFDATE": 1768176000000,
        "REASON": "14",
        "StateCode": "48",
        "CountyCode": "48309",
        "STCYFIPS": "48309",
        "CITYCD": "483093153",
        "RAILROAD": "UP",
        "RRDIV": "TEXOMA",
        "RRSUBDIV": "WACO SUB",
        "HIGHWAY": "lS0000",
        "STREET": "west WARREN STREET",
        "TTSTN": "669764",
        "MILEPOST": "0853.060",
        "TYPEXING": "Public",
        "POSXING": "At Grade",
        "PRVCAT": "14",
        "INIT": "2",
        "LATITUDE": 31.4612989,
        "LONGITUD": -97.1978523,
        "LLSOURCE": "1",
        "WHISTBAN": "0",
        "RRCONT": "4025443721",
        "POLCONT": "8008488715",
        "INV_LINK": "https://safetydata.fra.dot.gov/OfficeofSafety/PublicSite/Crossing/Crossing.aspx?phasetype=C&rpttype=I&txtcrossingnum=416150K",
        "ACC_LINK": "https://safetydata.fra.dot.gov/OfficeofSafety/PublicSite/Crossing/Crossing.aspx?phasetype=C&rpttype=A&txtcrossingnum=416150K",
        "TTSTNNAM": "",
        "XPURPOSE": "1",
        "OPERATINGR": "UP",
        "OPERATIN_1": "Primary",
        "DAYTHRU": 1,
        "NGHTTHRU": 1,
        "MAINTRK": 1,
        "SIDINGTRK": 0,
        "YARDTRK": 0,
        "TRANSITTRK": 0,
        "INDUSTRYTR": 0,
        "OTHRTRK": 1,
        "WDCODE": "All other Gates",
        "REVISIONDA": "1975/01/01 00:00:00",
        "LASTUPDATE": "1/12/2026",
        "AADT": "2527",
        "AADTYEAR": "2022",
        "STATENAME": "TEXAS",
        "STATEAB": "TX",
        "COUNTYNAME": "MCLENNAN",
        "CITYNAME": "HEWITT",
        "LATDD": 31.4612989,
        "LONGDD": -97.1978523,
        "gridlyProductionCertified": true,
        "gridlyClassification": "PUBLIC_ROADWAY",
        "gridlyDisplayName": "west WARREN STREET",
        "gridlyId": "FRA-416150K"
      }
    },
    {
      "type": "Feature",
      "id": 215403,
      "geometry": {
        "type": "Point",
        "coordinates": [
          -97.1379906002354,
          31.5463387003326
        ]
      },
      "properties": {
        "OBJECTID": 215403,
        "CROSSING": "416131F",
        "EFFDATE": 1768176000000,
        "REASON": "14",
        "StateCode": "48",
        "CountyCode": "48309",
        "STCYFIPS": "48309",
        "CITYCD": "483097210",
        "RAILROAD": "UP",
        "RRDIV": "TEXOMA",
        "RRSUBDIV": "WACO SUB",
        "HIGHWAY": "lS0000",
        "STREET": "south fifteenTH STREET",
        "TTSTN": "669750",
        "MILEPOST": "0846.020",
        "TYPEXING": "Public",
        "POSXING": "At Grade",
        "PRVCAT": "14",
        "INIT": "2",
        "LATITUDE": 31.5463387,
        "LONGITUD": -97.1379906,
        "LLSOURCE": "1",
        "WHISTBAN": "0",
        "RRCONT": "4025443721",
        "POLCONT": "8008488715",
        "INV_LINK": "https://safetydata.fra.dot.gov/OfficeofSafety/PublicSite/Crossing/Crossing.aspx?phasetype=C&rpttype=I&txtcrossingnum=416131F",
        "ACC_LINK": "https://safetydata.fra.dot.gov/OfficeofSafety/PublicSite/Crossing/Crossing.aspx?phasetype=C&rpttype=A&txtcrossingnum=416131F",
        "TTSTNNAM": "",
        "XPURPOSE": "1",
        "OPERATINGR": "UP",
        "OPERATIN_1": "Primary",
        "DAYTHRU": 2,
        "NGHTTHRU": 1,
        "MAINTRK": 1,
        "SIDINGTRK": 0,
        "YARDTRK": 0,
        "TRANSITTRK": 0,
        "INDUSTRYTR": 0,
        "OTHRTRK": 0,
        "WDCODE": "Flashing lights",
        "REVISIONDA": "1975/01/01 00:00:00",
        "LASTUPDATE": "1/12/2026",
        "AADT": "363",
        "AADTYEAR": "2020",
        "STATENAME": "TEXAS",
        "STATEAB": "TX",
        "COUNTYNAME": "MCLENNAN",
        "CITYNAME": "WACO",
        "LATDD": 31.5463387,
        "LONGDD": -97.1379906,
        "gridlyProductionCertified": true,
        "gridlyClassification": "PUBLIC_ROADWAY",
        "gridlyDisplayName": "south fifteenTH STREET",
        "gridlyId": "FRA-416131F"
      }
    },
    {
      "type": "Feature",
      "id": 215404,
      "geometry": {
        "type": "Point",
        "coordinates": [
          -97.1427047998447,
          31.5422103000679
        ]
      },
      "properties": {
        "OBJECTID": 215404,
        "CROSSING": "416137W",
        "EFFDATE": 1768176000000,
        "REASON": "14",
        "StateCode": "48",
        "CountyCode": "48309",
        "STCYFIPS": "48309",
        "CITYCD": "483097210",
        "RAILROAD": "UP",
        "RRDIV": "TEXOMA",
        "RRSUBDIV": "WACO SUB",
        "HIGHWAY": "ls0000",
        "STREET": "SOUTH twentieTH STREET",
        "TTSTN": "669750",
        "MILEPOST": "0846.420",
        "TYPEXING": "Public",
        "POSXING": "At Grade",
        "PRVCAT": "14",
        "INIT": "2",
        "LATITUDE": 31.5422103,
        "LONGITUD": -97.1427048,
        "LLSOURCE": "1",
        "WHISTBAN": "0",
        "RRCONT": "4025443721",
        "POLCONT": "8008488715",
        "INV_LINK": "https://safetydata.fra.dot.gov/OfficeofSafety/PublicSite/Crossing/Crossing.aspx?phasetype=C&rpttype=I&txtcrossingnum=416137W",
        "ACC_LINK": "https://safetydata.fra.dot.gov/OfficeofSafety/PublicSite/Crossing/Crossing.aspx?phasetype=C&rpttype=A&txtcrossingnum=416137W",
        "TTSTNNAM": "",
        "XPURPOSE": "1",
        "OPERATINGR": "UP",
        "OPERATIN_1": "Primary",
        "DAYTHRU": 2,
        "NGHTTHRU": 1,
        "MAINTRK": 1,
        "SIDINGTRK": 0,
        "YARDTRK": 0,
        "TRANSITTRK": 0,
        "INDUSTRYTR": 0,
        "OTHRTRK": 0,
        "WDCODE": "All other Gates",
        "REVISIONDA": "1975/01/01 00:00:00",
        "LASTUPDATE": "1/12/2026",
        "AADT": "963",
        "AADTYEAR": "2020",
        "STATENAME": "TEXAS",
        "STATEAB": "TX",
        "COUNTYNAME": "MCLENNAN",
        "CITYNAME": "WACO",
        "LATDD": 31.5422103,
        "LONGDD": -97.1427048,
        "gridlyProductionCertified": true,
        "gridlyClassification": "PUBLIC_ROADWAY",
        "gridlyDisplayName": "SOUTH twentieTH STREET",
        "gridlyId": "FRA-416137W"
      }
    },
    {
      "type": "Feature",
      "id": 215407,
      "geometry": {
        "type": "Point",
        "coordinates": [
          -97.0964729004412,
          31.5570545998072
        ]
      },
      "properties": {
        "OBJECTID": 215407,
        "CROSSING": "430337P",
        "EFFDATE": 1768176000000,
        "REASON": "14",
        "StateCode": "48",
        "CountyCode": "48309",
        "STCYFIPS": "48309",
        "CITYCD": "483097210",
        "RAILROAD": "UP",
        "RRDIV": "TEXOMA",
        "RRSUBDIV": "FT. WORTH SUB",
        "HIGHWAY": "lS0000",
        "STREET": "OLD MARLIN ROAD",
        "TTSTN": "669750",
        "MILEPOST": "0163.610",
        "TYPEXING": "Public",
        "POSXING": "At Grade",
        "PRVCAT": "14",
        "INIT": "2",
        "LATITUDE": 31.5570546,
        "LONGITUD": -97.0964729,
        "LLSOURCE": "1",
        "WHISTBAN": "0",
        "RRCONT": "4025443721",
        "POLCONT": "8008488715",
        "INV_LINK": "https://safetydata.fra.dot.gov/OfficeofSafety/PublicSite/Crossing/Crossing.aspx?phasetype=C&rpttype=I&txtcrossingnum=430337P",
        "ACC_LINK": "https://safetydata.fra.dot.gov/OfficeofSafety/PublicSite/Crossing/Crossing.aspx?phasetype=C&rpttype=A&txtcrossingnum=430337P",
        "TTSTNNAM": "",
        "XPURPOSE": "1",
        "OPERATINGR": "UP",
        "OPERATIN_1": "Primary",
        "DAYTHRU": 6,
        "NGHTTHRU": 5,
        "MAINTRK": 1,
        "SIDINGTRK": 0,
        "YARDTRK": 0,
        "TRANSITTRK": 0,
        "INDUSTRYTR": 0,
        "OTHRTRK": 1,
        "WDCODE": "All other Gates",
        "REVISIONDA": "1975/01/01 00:00:00",
        "LASTUPDATE": "1/12/2026",
        "AADT": "315",
        "AADTYEAR": "2020",
        "STATENAME": "TEXAS",
        "STATEAB": "TX",
        "COUNTYNAME": "MCLENNAN",
        "CITYNAME": "WACO",
        "LATDD": 31.5570546,
        "LONGDD": -97.0964729,
        "gridlyProductionCertified": true,
        "gridlyClassification": "PUBLIC_ROADWAY",
        "gridlyDisplayName": "OLD MARLIN ROAD",
        "gridlyId": "FRA-430337P"
      }
    },
    {
      "type": "Feature",
      "id": 215413,
      "geometry": {
        "type": "Point",
        "coordinates": [
          -97.1184286000458,
          31.5635683998559
        ]
      },
      "properties": {
        "OBJECTID": 215413,
        "CROSSING": "416117K",
        "EFFDATE": 1768176000000,
        "REASON": "14",
        "StateCode": "48",
        "CountyCode": "48309",
        "STCYFIPS": "48309",
        "CITYCD": "483097210",
        "RAILROAD": "UP",
        "RRDIV": "TEXOMA",
        "RRSUBDIV": "WACO SUB",
        "HIGHWAY": "lS0000",
        "STREET": "PEACH STREET",
        "TTSTN": "669750",
        "MILEPOST": "0844.380",
        "TYPEXING": "Public",
        "POSXING": "At Grade",
        "PRVCAT": "14",
        "INIT": "2",
        "LATITUDE": 31.5635684,
        "LONGITUD": -97.1184286,
        "LLSOURCE": "1",
        "WHISTBAN": "0",
        "RRCONT": "4025443721",
        "POLCONT": "8008488715",
        "INV_LINK": "https://safetydata.fra.dot.gov/OfficeofSafety/PublicSite/Crossing/Crossing.aspx?phasetype=C&rpttype=I&txtcrossingnum=416117K",
        "ACC_LINK": "https://safetydata.fra.dot.gov/OfficeofSafety/PublicSite/Crossing/Crossing.aspx?phasetype=C&rpttype=A&txtcrossingnum=416117K",
        "TTSTNNAM": "",
        "XPURPOSE": "1",
        "OPERATINGR": "UP",
        "OPERATIN_1": "Primary",
        "DAYTHRU": 2,
        "NGHTTHRU": 1,
        "MAINTRK": 1,
        "SIDINGTRK": 0,
        "YARDTRK": 0,
        "TRANSITTRK": 0,
        "INDUSTRYTR": 0,
        "OTHRTRK": 0,
        "WDCODE": "All other Gates",
        "REVISIONDA": "1975/01/01 00:00:00",
        "LASTUPDATE": "1/12/2026",
        "AADT": "292",
        "AADTYEAR": "2022",
        "STATENAME": "TEXAS",
        "STATEAB": "TX",
        "COUNTYNAME": "MCLENNAN",
        "CITYNAME": "WACO",
        "LATDD": 31.5635684,
        "LONGDD": -97.1184286,
        "gridlyProductionCertified": true,
        "gridlyClassification": "PUBLIC_ROADWAY",
        "gridlyDisplayName": "PEACH STREET",
        "gridlyId": "FRA-416117K"
      }
    },
    {
      "type": "Feature",
      "id": 215416,
      "geometry": {
        "type": "Point",
        "coordinates": [
          -97.090266200293,
          31.5527085998891
        ]
      },
      "properties": {
        "OBJECTID": 215416,
        "CROSSING": "430332F",
        "EFFDATE": 1768176000000,
        "REASON": "14",
        "StateCode": "48",
        "CountyCode": "48309",
        "STCYFIPS": "48309",
        "CITYCD": "483097210",
        "RAILROAD": "UP",
        "RRDIV": "TEXOMA",
        "RRSUBDIV": "FT. WORTH SUB",
        "HIGHWAY": "SL0484",
        "STREET": "sl0484 southbound frontage",
        "TTSTN": "669750",
        "MILEPOST": "0163.120",
        "TYPEXING": "Public",
        "POSXING": "At Grade",
        "PRVCAT": "14",
        "INIT": "2",
        "LATITUDE": 31.5527086,
        "LONGITUD": -97.0902662,
        "LLSOURCE": "1",
        "WHISTBAN": "0",
        "RRCONT": "4025443721",
        "POLCONT": "8008488715",
        "INV_LINK": "https://safetydata.fra.dot.gov/OfficeofSafety/PublicSite/Crossing/Crossing.aspx?phasetype=C&rpttype=I&txtcrossingnum=430332F",
        "ACC_LINK": "https://safetydata.fra.dot.gov/OfficeofSafety/PublicSite/Crossing/Crossing.aspx?phasetype=C&rpttype=A&txtcrossingnum=430332F",
        "TTSTNNAM": "",
        "XPURPOSE": "1",
        "OPERATINGR": "UP",
        "OPERATIN_1": "Primary",
        "DAYTHRU": 6,
        "NGHTTHRU": 5,
        "MAINTRK": 1,
        "SIDINGTRK": 0,
        "YARDTRK": 0,
        "TRANSITTRK": 0,
        "INDUSTRYTR": 0,
        "OTHRTRK": 0,
        "WDCODE": "All other Gates",
        "REVISIONDA": "1975/01/01 00:00:00",
        "LASTUPDATE": "1/12/2026",
        "AADT": "3385",
        "AADTYEAR": "2023",
        "STATENAME": "TEXAS",
        "STATEAB": "TX",
        "COUNTYNAME": "MCLENNAN",
        "CITYNAME": "WACO",
        "LATDD": 31.5527086,
        "LONGDD": -97.0902662,
        "gridlyProductionCertified": true,
        "gridlyClassification": "PUBLIC_ROADWAY",
        "gridlyDisplayName": "sl0484 southbound frontage",
        "gridlyId": "FRA-430332F"
      }
    },
    {
      "type": "Feature",
      "id": 215417,
      "geometry": {
        "type": "Point",
        "coordinates": [
          -97.2360839001794,
          31.3177709001726
        ]
      },
      "properties": {
        "OBJECTID": 215417,
        "CROSSING": "416161X",
        "EFFDATE": 1768176000000,
        "REASON": "14",
        "StateCode": "48",
        "CountyCode": "48309",
        "STCYFIPS": "48309",
        "CITYCD": "483090957",
        "RAILROAD": "UP",
        "RRDIV": "TEXOMA",
        "RRSUBDIV": "WACO SUB",
        "HIGHWAY": "ls0000",
        "STREET": "Bruceville Lane",
        "TTSTN": "669789",
        "MILEPOST": "0863.350",
        "TYPEXING": "Public",
        "POSXING": "At Grade",
        "PRVCAT": "14",
        "INIT": "2",
        "LATITUDE": 31.3177709,
        "LONGITUD": -97.2360839,
        "LLSOURCE": "1",
        "WHISTBAN": "0",
        "RRCONT": "4025443721",
        "POLCONT": "8008488715",
        "INV_LINK": "https://safetydata.fra.dot.gov/OfficeofSafety/PublicSite/Crossing/Crossing.aspx?phasetype=C&rpttype=I&txtcrossingnum=416161X",
        "ACC_LINK": "https://safetydata.fra.dot.gov/OfficeofSafety/PublicSite/Crossing/Crossing.aspx?phasetype=C&rpttype=A&txtcrossingnum=416161X",
        "TTSTNNAM": "",
        "XPURPOSE": "1",
        "OPERATINGR": "UP",
        "OPERATIN_1": "Primary",
        "DAYTHRU": 1,
        "NGHTTHRU": 1,
        "MAINTRK": 1,
        "SIDINGTRK": 0,
        "YARDTRK": 0,
        "TRANSITTRK": 0,
        "INDUSTRYTR": 0,
        "OTHRTRK": 0,
        "WDCODE": "All other Gates",
        "REVISIONDA": "1975/01/01 00:00:00",
        "LASTUPDATE": "1/12/2026",
        "AADT": "26",
        "AADTYEAR": "2020",
        "STATENAME": "TEXAS",
        "STATEAB": "TX",
        "COUNTYNAME": "MCLENNAN",
        "CITYNAME": "BRUCEVILLE EDDY",
        "LATDD": 31.3177709,
        "LONGDD": -97.2360839,
        "gridlyProductionCertified": true,
        "gridlyClassification": "PUBLIC_ROADWAY",
        "gridlyDisplayName": "Bruceville Lane",
        "gridlyId": "FRA-416161X"
      }
    },
    {
      "type": "Feature",
      "id": 215418,
      "geometry": {
        "type": "Point",
        "coordinates": [
          -97.0958295997983,
          31.661390699887
        ]
      },
      "properties": {
        "OBJECTID": 215418,
        "CROSSING": "416088C",
        "EFFDATE": 1768176000000,
        "REASON": "14",
        "StateCode": "48",
        "CountyCode": "48309",
        "STCYFIPS": "48309",
        "CITYCD": "483092186",
        "RAILROAD": "UP",
        "RRDIV": "TEXOMA",
        "RRSUBDIV": "FT. WORTH SUB",
        "HIGHWAY": "cr0000",
        "STREET": "Lincoln City Road",
        "TTSTN": "669722",
        "MILEPOST": "0170.920",
        "TYPEXING": "Public",
        "POSXING": "At Grade",
        "PRVCAT": "14",
        "INIT": "2",
        "LATITUDE": 31.6613907,
        "LONGITUD": -97.0958296,
        "LLSOURCE": "1",
        "WHISTBAN": "0",
        "RRCONT": "4025443721",
        "POLCONT": "8008488715",
        "INV_LINK": "https://safetydata.fra.dot.gov/OfficeofSafety/PublicSite/Crossing/Crossing.aspx?phasetype=C&rpttype=I&txtcrossingnum=416088C",
        "ACC_LINK": "https://safetydata.fra.dot.gov/OfficeofSafety/PublicSite/Crossing/Crossing.aspx?phasetype=C&rpttype=A&txtcrossingnum=416088C",
        "TTSTNNAM": "",
        "XPURPOSE": "1",
        "OPERATINGR": "UP",
        "OPERATIN_1": "Primary",
        "DAYTHRU": 9,
        "NGHTTHRU": 8,
        "MAINTRK": 1,
        "SIDINGTRK": 0,
        "YARDTRK": 0,
        "TRANSITTRK": 0,
        "INDUSTRYTR": 0,
        "OTHRTRK": 1,
        "WDCODE": "All other Gates",
        "REVISIONDA": "1975/01/01 00:00:00",
        "LASTUPDATE": "1/12/2026",
        "AADT": "945",
        "AADTYEAR": "2020",
        "STATENAME": "TEXAS",
        "STATEAB": "TX",
        "COUNTYNAME": "MCLENNAN",
        "CITYNAME": "ELM MOTT",
        "LATDD": 31.6613907,
        "LONGDD": -97.0958296,
        "gridlyProductionCertified": true,
        "gridlyClassification": "PUBLIC_ROADWAY",
        "gridlyDisplayName": "Lincoln City Road",
        "gridlyId": "FRA-416088C"
      }
    },
    {
      "type": "Feature",
      "id": 215421,
      "geometry": {
        "type": "Point",
        "coordinates": [
          -97.2066171996347,
          31.4368717000463
        ]
      },
      "properties": {
        "OBJECTID": 215421,
        "CROSSING": "416151S",
        "EFFDATE": 1768176000000,
        "REASON": "14",
        "StateCode": "48",
        "CountyCode": "48309",
        "STCYFIPS": "48309",
        "CITYCD": "483093153",
        "RAILROAD": "UP",
        "RRDIV": "TEXOMA",
        "RRSUBDIV": "WACO SUB",
        "HIGHWAY": "FM2113",
        "STREET": "FM2113 / west valley road",
        "TTSTN": "669764",
        "MILEPOST": "0854.830",
        "TYPEXING": "Public",
        "POSXING": "At Grade",
        "PRVCAT": "14",
        "INIT": "2",
        "LATITUDE": 31.4368717,
        "LONGITUD": -97.2066172,
        "LLSOURCE": "1",
        "WHISTBAN": "0",
        "RRCONT": "4025443721",
        "POLCONT": "8008488715",
        "INV_LINK": "https://safetydata.fra.dot.gov/OfficeofSafety/PublicSite/Crossing/Crossing.aspx?phasetype=C&rpttype=I&txtcrossingnum=416151S",
        "ACC_LINK": "https://safetydata.fra.dot.gov/OfficeofSafety/PublicSite/Crossing/Crossing.aspx?phasetype=C&rpttype=A&txtcrossingnum=416151S",
        "TTSTNNAM": "",
        "XPURPOSE": "1",
        "OPERATINGR": "UP",
        "OPERATIN_1": "Primary",
        "DAYTHRU": 1,
        "NGHTTHRU": 1,
        "MAINTRK": 1,
        "SIDINGTRK": 0,
        "YARDTRK": 0,
        "TRANSITTRK": 0,
        "INDUSTRYTR": 0,
        "OTHRTRK": 0,
        "WDCODE": "All other Gates",
        "REVISIONDA": "1975/01/01 00:00:00",
        "LASTUPDATE": "1/12/2026",
        "AADT": "6768",
        "AADTYEAR": "2023",
        "STATENAME": "TEXAS",
        "STATEAB": "TX",
        "COUNTYNAME": "MCLENNAN",
        "CITYNAME": "HEWITT",
        "LATDD": 31.4368717,
        "LONGDD": -97.2066172,
        "gridlyProductionCertified": true,
        "gridlyClassification": "PUBLIC_ROADWAY",
        "gridlyDisplayName": "FM2113 / west valley road",
        "gridlyId": "FRA-416151S"
      }
    },
    {
      "type": "Feature",
      "id": 215422,
      "geometry": {
        "type": "Point",
        "coordinates": [
          -97.1261286002335,
          31.5567765003826
        ]
      },
      "properties": {
        "OBJECTID": 215422,
        "CROSSING": "416121A",
        "EFFDATE": 1768176000000,
        "REASON": "14",
        "StateCode": "48",
        "CountyCode": "48309",
        "STCYFIPS": "48309",
        "CITYCD": "483097210",
        "RAILROAD": "UP",
        "RRDIV": "TEXOMA",
        "RRSUBDIV": "WACO SUB",
        "HIGHWAY": "ls0000",
        "STREET": "South second Street",
        "TTSTN": "669750",
        "MILEPOST": "0845.010",
        "TYPEXING": "Public",
        "POSXING": "At Grade",
        "PRVCAT": "14",
        "INIT": "2",
        "LATITUDE": 31.5567765,
        "LONGITUD": -97.1261286,
        "LLSOURCE": "1",
        "WHISTBAN": "0",
        "RRCONT": "4025443721",
        "POLCONT": "8008488715",
        "INV_LINK": "https://safetydata.fra.dot.gov/OfficeofSafety/PublicSite/Crossing/Crossing.aspx?phasetype=C&rpttype=I&txtcrossingnum=416121A",
        "ACC_LINK": "https://safetydata.fra.dot.gov/OfficeofSafety/PublicSite/Crossing/Crossing.aspx?phasetype=C&rpttype=A&txtcrossingnum=416121A",
        "TTSTNNAM": "",
        "XPURPOSE": "1",
        "OPERATINGR": "UP",
        "OPERATIN_1": "Primary",
        "DAYTHRU": 2,
        "NGHTTHRU": 1,
        "MAINTRK": 1,
        "SIDINGTRK": 0,
        "YARDTRK": 0,
        "TRANSITTRK": 0,
        "INDUSTRYTR": 0,
        "OTHRTRK": 1,
        "WDCODE": "Flashing lights",
        "REVISIONDA": "1975/01/01 00:00:00",
        "LASTUPDATE": "1/12/2026",
        "AADT": "587",
        "AADTYEAR": "2022",
        "STATENAME": "TEXAS",
        "STATEAB": "TX",
        "COUNTYNAME": "MCLENNAN",
        "CITYNAME": "WACO",
        "LATDD": 31.5567765,
        "LONGDD": -97.1261286,
        "gridlyProductionCertified": true,
        "gridlyClassification": "PUBLIC_ROADWAY",
        "gridlyDisplayName": "South second Street",
        "gridlyId": "FRA-416121A"
      }
    },
    {
      "type": "Feature",
      "id": 215427,
      "geometry": {
        "type": "Point",
        "coordinates": [
          -97.1298479003943,
          31.5535160997178
        ]
      },
      "properties": {
        "OBJECTID": 215427,
        "CROSSING": "416125C",
        "EFFDATE": 1768176000000,
        "REASON": "14",
        "StateCode": "48",
        "CountyCode": "48309",
        "STCYFIPS": "48309",
        "CITYCD": "483097210",
        "RAILROAD": "UP",
        "RRDIV": "TEXOMA",
        "RRSUBDIV": "WACO SUB",
        "HIGHWAY": "lS0000",
        "STREET": "South sixth Street",
        "TTSTN": "669750",
        "MILEPOST": "0845.330",
        "TYPEXING": "Public",
        "POSXING": "At Grade",
        "PRVCAT": "14",
        "INIT": "2",
        "LATITUDE": 31.5535161,
        "LONGITUD": -97.1298479,
        "LLSOURCE": "1",
        "WHISTBAN": "0",
        "RRCONT": "4025443721",
        "POLCONT": "8008488715",
        "INV_LINK": "https://safetydata.fra.dot.gov/OfficeofSafety/PublicSite/Crossing/Crossing.aspx?phasetype=C&rpttype=I&txtcrossingnum=416125C",
        "ACC_LINK": "https://safetydata.fra.dot.gov/OfficeofSafety/PublicSite/Crossing/Crossing.aspx?phasetype=C&rpttype=A&txtcrossingnum=416125C",
        "TTSTNNAM": "",
        "XPURPOSE": "1",
        "OPERATINGR": "UP",
        "OPERATIN_1": "Primary",
        "DAYTHRU": 2,
        "NGHTTHRU": 1,
        "MAINTRK": 1,
        "SIDINGTRK": 0,
        "YARDTRK": 0,
        "TRANSITTRK": 0,
        "INDUSTRYTR": 0,
        "OTHRTRK": 0,
        "WDCODE": "All other Gates",
        "REVISIONDA": "1975/01/01 00:00:00",
        "LASTUPDATE": "1/12/2026",
        "AADT": "1554",
        "AADTYEAR": "2020",
        "STATENAME": "TEXAS",
        "STATEAB": "TX",
        "COUNTYNAME": "MCLENNAN",
        "CITYNAME": "WACO",
        "LATDD": 31.5535161,
        "LONGDD": -97.1298479,
        "gridlyProductionCertified": true,
        "gridlyClassification": "PUBLIC_ROADWAY",
        "gridlyDisplayName": "South sixth Street",
        "gridlyId": "FRA-416125C"
      }
    },
    {
      "type": "Feature",
      "id": 215431,
      "geometry": {
        "type": "Point",
        "coordinates": [
          -97.0918037001395,
          31.8046787001287
        ]
      },
      "properties": {
        "OBJECTID": 215431,
        "CROSSING": "416071Y",
        "EFFDATE": 1768176000000,
        "REASON": "14",
        "StateCode": "48",
        "CountyCode": "48309",
        "STCYFIPS": "48309",
        "CITYCD": "483097340",
        "RAILROAD": "UP",
        "RRDIV": "TEXOMA",
        "RRSUBDIV": "FT. WORTH SUB",
        "HIGHWAY": "lS0000",
        "STREET": "BROADWAY STREET",
        "TTSTN": "669711",
        "MILEPOST": "0180.830",
        "TYPEXING": "Public",
        "POSXING": "At Grade",
        "PRVCAT": "14",
        "INIT": "2",
        "LATITUDE": 31.8046787,
        "LONGITUD": -97.0918037,
        "LLSOURCE": "1",
        "WHISTBAN": "0",
        "RRCONT": "4025443721",
        "POLCONT": "8008488715",
        "INV_LINK": "https://safetydata.fra.dot.gov/OfficeofSafety/PublicSite/Crossing/Crossing.aspx?phasetype=C&rpttype=I&txtcrossingnum=416071Y",
        "ACC_LINK": "https://safetydata.fra.dot.gov/OfficeofSafety/PublicSite/Crossing/Crossing.aspx?phasetype=C&rpttype=A&txtcrossingnum=416071Y",
        "TTSTNNAM": "",
        "XPURPOSE": "1",
        "OPERATINGR": "UP",
        "OPERATIN_1": "Primary",
        "DAYTHRU": 9,
        "NGHTTHRU": 8,
        "MAINTRK": 1,
        "SIDINGTRK": 1,
        "YARDTRK": 0,
        "TRANSITTRK": 0,
        "INDUSTRYTR": 0,
        "OTHRTRK": 1,
        "WDCODE": "All other Gates",
        "REVISIONDA": "1975/01/01 00:00:00",
        "LASTUPDATE": "1/12/2026",
        "AADT": "410",
        "AADTYEAR": "2022",
        "STATENAME": "TEXAS",
        "STATEAB": "TX",
        "COUNTYNAME": "MCLENNAN",
        "CITYNAME": "WEST",
        "LATDD": 31.8046787,
        "LONGDD": -97.0918037,
        "gridlyProductionCertified": true,
        "gridlyClassification": "PUBLIC_ROADWAY",
        "gridlyDisplayName": "BROADWAY STREET",
        "gridlyId": "FRA-416071Y"
      }
    }
  ]
}
