{
  "type": "FeatureCollection",
  "features": [
    {
      "type": "Feature",
      "id": 201168,
      "geometry": {
        "type": "Point",
        "coordinates": [
          -96.5725850000887,
          32.2974759996616
        ]
      },
      "properties": {
        "OBJECTID": 201168,
        "CROSSING": "975142J",
        "EFFDATE": 1557792000000,
        "REASON": "22",
        "StateCode": "48",
        "CountyCode": "48139",
        "STCYFIPS": "48139",
        "CITYCD": "481392240",
        "RAILROAD": "UP",
        "RRDIV": "TEXOMA",
        "RRSUBDIV": "ENNIS SUB",
        "HIGHWAY": "TBD",
        "STREET": "US 287 RAMP",
        "TTSTN": "",
        "MILEPOST": "0226.944",
        "TYPEXING": "Public",
        "POSXING": "RR Under",
        "PRVCAT": "22",
        "INIT": "1",
        "LATITUDE": 32.297476,
        "LONGITUD": -96.572585,
        "LLSOURCE": "1",
        "WHISTBAN": "",
        "RRCONT": "4025443721",
        "POLCONT": "8008488715",
        "INV_LINK": "https://safetydata.fra.dot.gov/OfficeofSafety/PublicSite/Crossing/Crossing.aspx?phasetype=C&rpttype=I&txtcrossingnum=975142J",
        "ACC_LINK": "https://safetydata.fra.dot.gov/OfficeofSafety/PublicSite/Crossing/Crossing.aspx?phasetype=C&rpttype=A&txtcrossingnum=975142J",
        "TTSTNNAM": "",
        "XPURPOSE": "1",
        "OPERATINGR": "UP",
        "OPERATIN_1": "Primary",
        "DAYTHRU": 0,
        "NGHTTHRU": 0,
        "MAINTRK": 1,
        "SIDINGTRK": 0,
        "YARDTRK": 0,
        "TRANSITTRK": 0,
        "INDUSTRYTR": 0,
        "OTHRTRK": 0,
        "WDCODE": "",
        "REVISIONDA": "1975/01/01 00:00:00",
        "LASTUPDATE": "5/14/2019",
        "AADT": "",
        "AADTYEAR": "",
        "STATENAME": "TEXAS",
        "STATEAB": "TX",
        "COUNTYNAME": "ELLIS",
        "CITYNAME": "ENNIS",
        "LATDD": 32.297476,
        "LONGDD": -96.572585,
        "gridlyProductionCertified": true,
        "gridlyClassification": "PUBLIC_ROADWAY",
        "gridlyDisplayName": "US 287 RAMP",
        "gridlyId": "FRA-975142J"
      }
    },
    {
      "type": "Feature",
      "id": 201283,
      "geometry": {
        "type": "Point",
        "coordinates": [
          -97.048985200288,
          32.446881300069
        ]
      },
      "properties": {
        "OBJECTID": 201283,
        "CROSSING": "929146N",
        "EFFDATE": 1599177600000,
        "REASON": "14",
        "StateCode": "48",
        "CountyCode": "48139",
        "STCYFIPS": "48139",
        "CITYCD": "481394570",
        "RAILROAD": "BNSF",
        "RRDIV": "RED RIVER",
        "RRSUBDIV": "WARD IND SPUR",
        "HIGHWAY": "LS",
        "STREET": "KEMP RANCH CROSSING",
        "TTSTN": "",
        "MILEPOST": "0025.683",
        "TYPEXING": "Public",
        "POSXING": "At Grade",
        "PRVCAT": "14",
        "INIT": "1",
        "LATITUDE": 32.4468813,
        "LONGITUD": -97.0489852,
        "LLSOURCE": "1",
        "WHISTBAN": "",
        "RRCONT": "8173521549",
        "POLCONT": "8008325452",
        "INV_LINK": "https://safetydata.fra.dot.gov/OfficeofSafety/PublicSite/Crossing/Crossing.aspx?phasetype=C&rpttype=I&txtcrossingnum=929146N",
        "ACC_LINK": "https://safetydata.fra.dot.gov/OfficeofSafety/PublicSite/Crossing/Crossing.aspx?phasetype=C&rpttype=A&txtcrossingnum=929146N",
        "TTSTNNAM": "MIDLOTHIAN",
        "XPURPOSE": "1",
        "OPERATINGR": "BNSF",
        "OPERATIN_1": "Primary",
        "DAYTHRU": 1,
        "NGHTTHRU": 1,
        "MAINTRK": 0,
        "SIDINGTRK": 0,
        "YARDTRK": 0,
        "TRANSITTRK": 0,
        "INDUSTRYTR": 1,
        "OTHRTRK": 0,
        "WDCODE": "All other Gates",
        "REVISIONDA": "1996/01/01 00:00:00",
        "LASTUPDATE": "9/4/2020",
        "AADT": "100",
        "AADTYEAR": "2010",
        "STATENAME": "TEXAS",
        "STATEAB": "TX",
        "COUNTYNAME": "ELLIS",
        "CITYNAME": "MIDLOTHIAN",
        "LATDD": 32.4468813,
        "LONGDD": -97.0489852,
        "gridlyProductionCertified": true,
        "gridlyClassification": "PUBLIC_ROADWAY",
        "gridlyDisplayName": "KEMP RANCH CROSSING",
        "gridlyId": "FRA-929146N"
      }
    },
    {
      "type": "Feature",
      "id": 202578,
      "geometry": {
        "type": "Point",
        "coordinates": [
          -97.0585449996764,
          32.4518820002488
        ]
      },
      "properties": {
        "OBJECTID": 202578,
        "CROSSING": "021779R",
        "EFFDATE": 1702339200000,
        "REASON": "20",
        "StateCode": "48",
        "CountyCode": "48139",
        "STCYFIPS": "48139",
        "CITYCD": "482517170",
        "RAILROAD": "BNSF",
        "RRDIV": "RED RIVER",
        "RRSUBDIV": "WARD IND SPUR",
        "HIGHWAY": "ST 0000",
        "STREET": "RAILPORT PKWY",
        "TTSTN": "668543",
        "MILEPOST": "0022.580",
        "TYPEXING": "Public",
        "POSXING": "At Grade",
        "PRVCAT": "20",
        "INIT": "1",
        "LATITUDE": 32.451882,
        "LONGITUD": -97.058545,
        "LLSOURCE": "1",
        "WHISTBAN": "0",
        "RRCONT": "8173521549",
        "POLCONT": "8008325452",
        "INV_LINK": "https://safetydata.fra.dot.gov/OfficeofSafety/PublicSite/Crossing/Crossing.aspx?phasetype=C&rpttype=I&txtcrossingnum=021779R",
        "ACC_LINK": "https://safetydata.fra.dot.gov/OfficeofSafety/PublicSite/Crossing/Crossing.aspx?phasetype=C&rpttype=A&txtcrossingnum=021779R",
        "TTSTNNAM": "VENUS",
        "XPURPOSE": "1",
        "OPERATINGR": "BNSF",
        "OPERATIN_1": "Primary",
        "DAYTHRU": 0,
        "NGHTTHRU": 0,
        "MAINTRK": 0,
        "SIDINGTRK": 0,
        "YARDTRK": 1,
        "TRANSITTRK": 0,
        "INDUSTRYTR": 0,
        "OTHRTRK": 1,
        "WDCODE": "All other Gates",
        "REVISIONDA": "1996/01/01 00:00:00",
        "LASTUPDATE": "12/12/2023",
        "AADT": "66",
        "AADTYEAR": "2019",
        "STATENAME": "TEXAS",
        "STATEAB": "TX",
        "COUNTYNAME": "ELLIS",
        "CITYNAME": "VENUS",
        "LATDD": 32.451882,
        "LONGDD": -97.058545,
        "gridlyProductionCertified": true,
        "gridlyClassification": "PUBLIC_ROADWAY",
        "gridlyDisplayName": "RAILPORT PKWY",
        "gridlyId": "FRA-021779R"
      }
    },
    {
      "type": "Feature",
      "id": 202579,
      "geometry": {
        "type": "Point",
        "coordinates": [
          -97.0716319998918,
          32.4466041999389
        ]
      },
      "properties": {
        "OBJECTID": 202579,
        "CROSSING": "021894X",
        "EFFDATE": 1702339200000,
        "REASON": "20",
        "StateCode": "48",
        "CountyCode": "48139",
        "STCYFIPS": "48139",
        "CITYCD": "482517170",
        "RAILROAD": "BNSF",
        "RRDIV": "RED RIVER",
        "RRSUBDIV": "WARD IND SPUR",
        "HIGHWAY": "CO 0000",
        "STREET": "VV JONES RD",
        "TTSTN": "668543",
        "MILEPOST": "0021.665",
        "TYPEXING": "Public",
        "POSXING": "At Grade",
        "PRVCAT": "20",
        "INIT": "1",
        "LATITUDE": 32.4466042,
        "LONGITUD": -97.071632,
        "LLSOURCE": "1",
        "WHISTBAN": "0",
        "RRCONT": "8173521549",
        "POLCONT": "8008325452",
        "INV_LINK": "https://safetydata.fra.dot.gov/OfficeofSafety/PublicSite/Crossing/Crossing.aspx?phasetype=C&rpttype=I&txtcrossingnum=021894X",
        "ACC_LINK": "https://safetydata.fra.dot.gov/OfficeofSafety/PublicSite/Crossing/Crossing.aspx?phasetype=C&rpttype=A&txtcrossingnum=021894X",
        "TTSTNNAM": "VENUS",
        "XPURPOSE": "1",
        "OPERATINGR": "BNSF",
        "OPERATIN_1": "Primary",
        "DAYTHRU": 0,
        "NGHTTHRU": 0,
        "MAINTRK": 0,
        "SIDINGTRK": 0,
        "YARDTRK": 1,
        "TRANSITTRK": 0,
        "INDUSTRYTR": 0,
        "OTHRTRK": 1,
        "WDCODE": "Crossbucks",
        "REVISIONDA": "1996/01/01 00:00:00",
        "LASTUPDATE": "12/12/2023",
        "AADT": "66",
        "AADTYEAR": "2019",
        "STATENAME": "TEXAS",
        "STATEAB": "TX",
        "COUNTYNAME": "ELLIS",
        "CITYNAME": "VENUS",
        "LATDD": 32.4466042,
        "LONGDD": -97.071632,
        "gridlyProductionCertified": true,
        "gridlyClassification": "PUBLIC_ROADWAY",
        "gridlyDisplayName": "VV JONES RD",
        "gridlyId": "FRA-021894X"
      }
    },
    {
      "type": "Feature",
      "id": 202687,
      "geometry": {
        "type": "Point",
        "coordinates": [
          -96.7875220001549,
          32.5387693003433
        ]
      },
      "properties": {
        "OBJECTID": 202687,
        "CROSSING": "415330E",
        "EFFDATE": 1702857600000,
        "REASON": "20",
        "StateCode": "48",
        "CountyCode": "48139",
        "STCYFIPS": "48139",
        "CITYCD": "481133880",
        "RAILROAD": "BNSF",
        "RRDIV": "RED RIVER",
        "RRSUBDIV": "DFW",
        "HIGHWAY": "Not Yet Reported by State",
        "STREET": "PVT XING",
        "TTSTN": "667522",
        "MILEPOST": "0786.150",
        "TYPEXING": "Private",
        "POSXING": "At Grade",
        "PRVCAT": "20",
        "INIT": "1",
        "LATITUDE": 32.5387693,
        "LONGITUD": -96.787522,
        "LLSOURCE": "1",
        "WHISTBAN": "0",
        "RRCONT": "8173521549",
        "POLCONT": "8008325452",
        "INV_LINK": "https://safetydata.fra.dot.gov/OfficeofSafety/PublicSite/Crossing/Crossing.aspx?phasetype=C&rpttype=I&txtcrossingnum=415330E",
        "ACC_LINK": "https://safetydata.fra.dot.gov/OfficeofSafety/PublicSite/Crossing/Crossing.aspx?phasetype=C&rpttype=A&txtcrossingnum=415330E",
        "TTSTNNAM": "RED OAK",
        "XPURPOSE": "1",
        "OPERATINGR": "BNSF",
        "OPERATIN_1": "Primary",
        "DAYTHRU": 2,
        "NGHTTHRU": 2,
        "MAINTRK": 1,
        "SIDINGTRK": 0,
        "YARDTRK": 0,
        "TRANSITTRK": 0,
        "INDUSTRYTR": 0,
        "OTHRTRK": 0,
        "WDCODE": "",
        "REVISIONDA": "1996/01/01 00:00:00",
        "LASTUPDATE": "12/18/2023",
        "AADT": "",
        "AADTYEAR": "1970",
        "STATENAME": "TEXAS",
        "STATEAB": "TX",
        "COUNTYNAME": "ELLIS",
        "CITYNAME": "LANCASTER",
        "LATDD": 32.5387693,
        "LONGDD": -96.787522,
        "gridlyProductionCertified": true,
        "gridlyClassification": "PUBLIC_ROADWAY",
        "gridlyDisplayName": "PVT XING",
        "gridlyId": "FRA-415330E"
      }
    },
    {
      "type": "Feature",
      "id": 204173,
      "geometry": {
        "type": "Point",
        "coordinates": [
          -97.0576469997009,
          32.4273169996468
        ]
      },
      "properties": {
        "OBJECTID": 204173,
        "CROSSING": "021075G",
        "EFFDATE": 1734393600000,
        "REASON": "14",
        "StateCode": "48",
        "CountyCode": "48139",
        "STCYFIPS": "48139",
        "CITYCD": "481394570",
        "RAILROAD": "BNSF",
        "RRDIV": "RED RIVER",
        "RRSUBDIV": "WARD IND SPUR",
        "HIGHWAY": "PRIVATE",
        "STREET": "PRIVATE",
        "TTSTN": "",
        "MILEPOST": "0021.850",
        "TYPEXING": "Private",
        "POSXING": "At Grade",
        "PRVCAT": "14",
        "INIT": "1",
        "LATITUDE": 32.427317,
        "LONGITUD": -97.057647,
        "LLSOURCE": "1",
        "WHISTBAN": "",
        "RRCONT": "8173521549",
        "POLCONT": "8008325452",
        "INV_LINK": "https://safetydata.fra.dot.gov/OfficeofSafety/PublicSite/Crossing/Crossing.aspx?phasetype=C&rpttype=I&txtcrossingnum=021075G",
        "ACC_LINK": "https://safetydata.fra.dot.gov/OfficeofSafety/PublicSite/Crossing/Crossing.aspx?phasetype=C&rpttype=A&txtcrossingnum=021075G",
        "TTSTNNAM": "",
        "XPURPOSE": "1",
        "OPERATINGR": "BNSF",
        "OPERATIN_1": "Primary",
        "DAYTHRU": 0,
        "NGHTTHRU": 0,
        "MAINTRK": 0,
        "SIDINGTRK": 0,
        "YARDTRK": 0,
        "TRANSITTRK": 0,
        "INDUSTRYTR": 1,
        "OTHRTRK": 0,
        "WDCODE": "",
        "REVISIONDA": "1996/01/01 00:00:00",
        "LASTUPDATE": "12/17/2024",
        "AADT": "",
        "AADTYEAR": "",
        "STATENAME": "TEXAS",
        "STATEAB": "TX",
        "COUNTYNAME": "ELLIS",
        "CITYNAME": "MIDLOTHIAN",
        "LATDD": 32.427317,
        "LONGDD": -97.057647,
        "gridlyProductionCertified": true,
        "gridlyClassification": "PUBLIC_ROADWAY",
        "gridlyDisplayName": "PRIVATE",
        "gridlyId": "FRA-021075G"
      }
    },
    {
      "type": "Feature",
      "id": 204174,
      "geometry": {
        "type": "Point",
        "coordinates": [
          -96.9902139999045,
          32.490756000147
        ]
      },
      "properties": {
        "OBJECTID": 204174,
        "CROSSING": "021761F",
        "EFFDATE": 1734393600000,
        "REASON": "14",
        "StateCode": "48",
        "CountyCode": "48139",
        "STCYFIPS": "48139",
        "CITYCD": "481394570",
        "RAILROAD": "BNSF",
        "RRDIV": "RED RIVER",
        "RRSUBDIV": "WARD IND SPUR",
        "HIGHWAY": "Not Yet Reported by State",
        "STREET": "PRIVATE",
        "TTSTN": "667538",
        "MILEPOST": "0027.520",
        "TYPEXING": "Private",
        "POSXING": "At Grade",
        "PRVCAT": "14",
        "INIT": "1",
        "LATITUDE": 32.490756,
        "LONGITUD": -96.990214,
        "LLSOURCE": "1",
        "WHISTBAN": "0",
        "RRCONT": "8173521549",
        "POLCONT": "8008325452",
        "INV_LINK": "https://safetydata.fra.dot.gov/OfficeofSafety/PublicSite/Crossing/Crossing.aspx?phasetype=C&rpttype=I&txtcrossingnum=021761F",
        "ACC_LINK": "https://safetydata.fra.dot.gov/OfficeofSafety/PublicSite/Crossing/Crossing.aspx?phasetype=C&rpttype=A&txtcrossingnum=021761F",
        "TTSTNNAM": "MIDLOTHIAN",
        "XPURPOSE": "1",
        "OPERATINGR": "BNSF",
        "OPERATIN_1": "Primary",
        "DAYTHRU": 1,
        "NGHTTHRU": 0,
        "MAINTRK": 0,
        "SIDINGTRK": 0,
        "YARDTRK": 1,
        "TRANSITTRK": 0,
        "INDUSTRYTR": 0,
        "OTHRTRK": 2,
        "WDCODE": "",
        "REVISIONDA": "1996/01/01 00:00:00",
        "LASTUPDATE": "12/17/2024",
        "AADT": "",
        "AADTYEAR": "1982",
        "STATENAME": "TEXAS",
        "STATEAB": "TX",
        "COUNTYNAME": "ELLIS",
        "CITYNAME": "MIDLOTHIAN",
        "LATDD": 32.490756,
        "LONGDD": -96.990214,
        "gridlyProductionCertified": true,
        "gridlyClassification": "PUBLIC_ROADWAY",
        "gridlyDisplayName": "PRIVATE",
        "gridlyId": "FRA-021761F"
      }
    },
    {
      "type": "Feature",
      "id": 204175,
      "geometry": {
        "type": "Point",
        "coordinates": [
          -97.0284560002017,
          32.4656250998594
        ]
      },
      "properties": {
        "OBJECTID": 204175,
        "CROSSING": "021896L",
        "EFFDATE": 1734393600000,
        "REASON": "14",
        "StateCode": "48",
        "CountyCode": "48139",
        "STCYFIPS": "48139",
        "CITYCD": "481394570",
        "RAILROAD": "BNSF",
        "RRDIV": "RED RIVER",
        "RRSUBDIV": "WARD IND SPUR",
        "HIGHWAY": "CO 0000",
        "STREET": "WARD ROAD",
        "TTSTN": "667538",
        "MILEPOST": "0024.522",
        "TYPEXING": "Public",
        "POSXING": "At Grade",
        "PRVCAT": "14",
        "INIT": "1",
        "LATITUDE": 32.4656251,
        "LONGITUD": -97.028456,
        "LLSOURCE": "1",
        "WHISTBAN": "0",
        "RRCONT": "8173521549",
        "POLCONT": "8008325452",
        "INV_LINK": "https://safetydata.fra.dot.gov/OfficeofSafety/PublicSite/Crossing/Crossing.aspx?phasetype=C&rpttype=I&txtcrossingnum=021896L",
        "ACC_LINK": "https://safetydata.fra.dot.gov/OfficeofSafety/PublicSite/Crossing/Crossing.aspx?phasetype=C&rpttype=A&txtcrossingnum=021896L",
        "TTSTNNAM": "MIDLOTHIAN",
        "XPURPOSE": "1",
        "OPERATINGR": "BNSF",
        "OPERATIN_1": "Primary",
        "DAYTHRU": 1,
        "NGHTTHRU": 0,
        "MAINTRK": 0,
        "SIDINGTRK": 0,
        "YARDTRK": 1,
        "TRANSITTRK": 0,
        "INDUSTRYTR": 0,
        "OTHRTRK": 1,
        "WDCODE": "Flashing lights",
        "REVISIONDA": "1996/01/01 00:00:00",
        "LASTUPDATE": "12/17/2024",
        "AADT": "158",
        "AADTYEAR": "2019",
        "STATENAME": "TEXAS",
        "STATEAB": "TX",
        "COUNTYNAME": "ELLIS",
        "CITYNAME": "MIDLOTHIAN",
        "LATDD": 32.4656251,
        "LONGDD": -97.028456,
        "gridlyProductionCertified": true,
        "gridlyClassification": "PUBLIC_ROADWAY",
        "gridlyDisplayName": "WARD ROAD",
        "gridlyId": "FRA-021896L"
      }
    },
    {
      "type": "Feature",
      "id": 204176,
      "geometry": {
        "type": "Point",
        "coordinates": [
          -97.0184250003108,
          32.4702640002646
        ]
      },
      "properties": {
        "OBJECTID": 204176,
        "CROSSING": "021897T",
        "EFFDATE": 1734393600000,
        "REASON": "14",
        "StateCode": "48",
        "CountyCode": "48139",
        "STCYFIPS": "48139",
        "CITYCD": "481394570",
        "RAILROAD": "BNSF",
        "RRDIV": "RED RIVER",
        "RRSUBDIV": "WARD IND SPUR",
        "HIGHWAY": "Not Yet Reported by State",
        "STREET": "PRIVATE",
        "TTSTN": "667538",
        "MILEPOST": "0025.180",
        "TYPEXING": "Private",
        "POSXING": "At Grade",
        "PRVCAT": "14",
        "INIT": "1",
        "LATITUDE": 32.470264,
        "LONGITUD": -97.018425,
        "LLSOURCE": "1",
        "WHISTBAN": "0",
        "RRCONT": "8173521549",
        "POLCONT": "8008325452",
        "INV_LINK": "https://safetydata.fra.dot.gov/OfficeofSafety/PublicSite/Crossing/Crossing.aspx?phasetype=C&rpttype=I&txtcrossingnum=021897T",
        "ACC_LINK": "https://safetydata.fra.dot.gov/OfficeofSafety/PublicSite/Crossing/Crossing.aspx?phasetype=C&rpttype=A&txtcrossingnum=021897T",
        "TTSTNNAM": "MIDLOTHIAN",
        "XPURPOSE": "1",
        "OPERATINGR": "BNSF",
        "OPERATIN_1": "Primary",
        "DAYTHRU": 1,
        "NGHTTHRU": 0,
        "MAINTRK": 0,
        "SIDINGTRK": 0,
        "YARDTRK": 1,
        "TRANSITTRK": 0,
        "INDUSTRYTR": 1,
        "OTHRTRK": 2,
        "WDCODE": "",
        "REVISIONDA": "1996/01/01 00:00:00",
        "LASTUPDATE": "12/17/2024",
        "AADT": "",
        "AADTYEAR": "1970",
        "STATENAME": "TEXAS",
        "STATEAB": "TX",
        "COUNTYNAME": "ELLIS",
        "CITYNAME": "MIDLOTHIAN",
        "LATDD": 32.470264,
        "LONGDD": -97.018425,
        "gridlyProductionCertified": true,
        "gridlyClassification": "PUBLIC_ROADWAY",
        "gridlyDisplayName": "PRIVATE",
        "gridlyId": "FRA-021897T"
      }
    },
    {
      "type": "Feature",
      "id": 204177,
      "geometry": {
        "type": "Point",
        "coordinates": [
          -96.9977240001214,
          32.4786596002115
        ]
      },
      "properties": {
        "OBJECTID": 204177,
        "CROSSING": "021899G",
        "EFFDATE": 1734393600000,
        "REASON": "14",
        "StateCode": "48",
        "CountyCode": "48139",
        "STCYFIPS": "48139",
        "CITYCD": "481394570",
        "RAILROAD": "BNSF",
        "RRDIV": "RED RIVER",
        "RRSUBDIV": "WARD IND SPUR",
        "HIGHWAY": "ST 0000",
        "STREET": "5TH STREET",
        "TTSTN": "667538",
        "MILEPOST": "0026.522",
        "TYPEXING": "Public",
        "POSXING": "At Grade",
        "PRVCAT": "14",
        "INIT": "1",
        "LATITUDE": 32.4786596,
        "LONGITUD": -96.997724,
        "LLSOURCE": "1",
        "WHISTBAN": "0",
        "RRCONT": "8173521549",
        "POLCONT": "8008325452",
        "INV_LINK": "https://safetydata.fra.dot.gov/OfficeofSafety/PublicSite/Crossing/Crossing.aspx?phasetype=C&rpttype=I&txtcrossingnum=021899G",
        "ACC_LINK": "https://safetydata.fra.dot.gov/OfficeofSafety/PublicSite/Crossing/Crossing.aspx?phasetype=C&rpttype=A&txtcrossingnum=021899G",
        "TTSTNNAM": "MIDLOTHIAN",
        "XPURPOSE": "1",
        "OPERATINGR": "BNSF",
        "OPERATIN_1": "Primary",
        "DAYTHRU": 1,
        "NGHTTHRU": 0,
        "MAINTRK": 0,
        "SIDINGTRK": 0,
        "YARDTRK": 1,
        "TRANSITTRK": 0,
        "INDUSTRYTR": 0,
        "OTHRTRK": 1,
        "WDCODE": "All other Gates",
        "REVISIONDA": "1996/01/01 00:00:00",
        "LASTUPDATE": "12/17/2024",
        "AADT": "3126",
        "AADTYEAR": "2019",
        "STATENAME": "TEXAS",
        "STATEAB": "TX",
        "COUNTYNAME": "ELLIS",
        "CITYNAME": "MIDLOTHIAN",
        "LATDD": 32.4786596,
        "LONGDD": -96.997724,
        "gridlyProductionCertified": true,
        "gridlyClassification": "PUBLIC_ROADWAY",
        "gridlyDisplayName": "5TH STREET",
        "gridlyId": "FRA-021899G"
      }
    },
    {
      "type": "Feature",
      "id": 204178,
      "geometry": {
        "type": "Point",
        "coordinates": [
          -96.9965929996191,
          32.4792382000454
        ]
      },
      "properties": {
        "OBJECTID": 204178,
        "CROSSING": "021900Y",
        "EFFDATE": 1734393600000,
        "REASON": "14",
        "StateCode": "48",
        "CountyCode": "48139",
        "STCYFIPS": "48139",
        "CITYCD": "481394570",
        "RAILROAD": "BNSF",
        "RRDIV": "RED RIVER",
        "RRSUBDIV": "WARD IND SPUR",
        "HIGHWAY": "ST 0000",
        "STREET": "SIXTH ST",
        "TTSTN": "667538",
        "MILEPOST": "0026.600",
        "TYPEXING": "Public",
        "POSXING": "At Grade",
        "PRVCAT": "14",
        "INIT": "1",
        "LATITUDE": 32.4792382,
        "LONGITUD": -96.996593,
        "LLSOURCE": "1",
        "WHISTBAN": "0",
        "RRCONT": "8173521549",
        "POLCONT": "8008325452",
        "INV_LINK": "https://safetydata.fra.dot.gov/OfficeofSafety/PublicSite/Crossing/Crossing.aspx?phasetype=C&rpttype=I&txtcrossingnum=021900Y",
        "ACC_LINK": "https://safetydata.fra.dot.gov/OfficeofSafety/PublicSite/Crossing/Crossing.aspx?phasetype=C&rpttype=A&txtcrossingnum=021900Y",
        "TTSTNNAM": "MIDLOTHIAN",
        "XPURPOSE": "1",
        "OPERATINGR": "BNSF",
        "OPERATIN_1": "Primary",
        "DAYTHRU": 1,
        "NGHTTHRU": 0,
        "MAINTRK": 0,
        "SIDINGTRK": 0,
        "YARDTRK": 1,
        "TRANSITTRK": 0,
        "INDUSTRYTR": 0,
        "OTHRTRK": 1,
        "WDCODE": "Crossbucks",
        "REVISIONDA": "1996/01/01 00:00:00",
        "LASTUPDATE": "12/17/2024",
        "AADT": "234",
        "AADTYEAR": "2019",
        "STATENAME": "TEXAS",
        "STATEAB": "TX",
        "COUNTYNAME": "ELLIS",
        "CITYNAME": "MIDLOTHIAN",
        "LATDD": 32.4792382,
        "LONGDD": -96.996593,
        "gridlyProductionCertified": true,
        "gridlyClassification": "PUBLIC_ROADWAY",
        "gridlyDisplayName": "SIXTH ST",
        "gridlyId": "FRA-021900Y"
      }
    },
    {
      "type": "Feature",
      "id": 204183,
      "geometry": {
        "type": "Point",
        "coordinates": [
          -96.9936219996833,
          32.4821973000337
        ]
      },
      "properties": {
        "OBJECTID": 204183,
        "CROSSING": "021901F",
        "EFFDATE": 1734393600000,
        "REASON": "14",
        "StateCode": "48",
        "CountyCode": "48139",
        "STCYFIPS": "48139",
        "CITYCD": "481394570",
        "RAILROAD": "BNSF",
        "RRDIV": "RED RIVER",
        "RRSUBDIV": "WARD IND SPUR",
        "HIGHWAY": "US 287",
        "STREET": "E MAIN ST",
        "TTSTN": "381436",
        "MILEPOST": "0026.913",
        "TYPEXING": "Public",
        "POSXING": "At Grade",
        "PRVCAT": "14",
        "INIT": "1",
        "LATITUDE": 32.4821973,
        "LONGITUD": -96.993622,
        "LLSOURCE": "1",
        "WHISTBAN": "0",
        "RRCONT": "8173521549",
        "POLCONT": "8008325452",
        "INV_LINK": "https://safetydata.fra.dot.gov/OfficeofSafety/PublicSite/Crossing/Crossing.aspx?phasetype=C&rpttype=I&txtcrossingnum=021901F",
        "ACC_LINK": "https://safetydata.fra.dot.gov/OfficeofSafety/PublicSite/Crossing/Crossing.aspx?phasetype=C&rpttype=A&txtcrossingnum=021901F",
        "TTSTNNAM": "",
        "XPURPOSE": "1",
        "OPERATINGR": "BNSF",
        "OPERATIN_1": "Primary",
        "DAYTHRU": 1,
        "NGHTTHRU": 0,
        "MAINTRK": 0,
        "SIDINGTRK": 0,
        "YARDTRK": 3,
        "TRANSITTRK": 0,
        "INDUSTRYTR": 0,
        "OTHRTRK": 3,
        "WDCODE": "All other Gates",
        "REVISIONDA": "1996/01/01 00:00:00",
        "LASTUPDATE": "12/17/2024",
        "AADT": "12033",
        "AADTYEAR": "2019",
        "STATENAME": "TEXAS",
        "STATEAB": "TX",
        "COUNTYNAME": "ELLIS",
        "CITYNAME": "MIDLOTHIAN",
        "LATDD": 32.4821973,
        "LONGDD": -96.993622,
        "gridlyProductionCertified": true,
        "gridlyClassification": "PUBLIC_ROADWAY",
        "gridlyDisplayName": "E MAIN ST",
        "gridlyId": "FRA-021901F"
      }
    },
    {
      "type": "Feature",
      "id": 204184,
      "geometry": {
        "type": "Point",
        "coordinates": [
          -96.9930779997102,
          32.4833603997623
        ]
      },
      "properties": {
        "OBJECTID": 204184,
        "CROSSING": "021902M",
        "EFFDATE": 1734393600000,
        "REASON": "14",
        "StateCode": "48",
        "CountyCode": "48139",
        "STCYFIPS": "48139",
        "CITYCD": "481394570",
        "RAILROAD": "BNSF",
        "RRDIV": "RED RIVER",
        "RRSUBDIV": "WARD IND SPUR",
        "HIGHWAY": "ST 0000",
        "STREET": "EAST AVE F",
        "TTSTN": "667538",
        "MILEPOST": "0027.001",
        "TYPEXING": "Public",
        "POSXING": "At Grade",
        "PRVCAT": "14",
        "INIT": "1",
        "LATITUDE": 32.4833604,
        "LONGITUD": -96.993078,
        "LLSOURCE": "1",
        "WHISTBAN": "0",
        "RRCONT": "8173521549",
        "POLCONT": "8008325452",
        "INV_LINK": "https://safetydata.fra.dot.gov/OfficeofSafety/PublicSite/Crossing/Crossing.aspx?phasetype=C&rpttype=I&txtcrossingnum=021902M",
        "ACC_LINK": "https://safetydata.fra.dot.gov/OfficeofSafety/PublicSite/Crossing/Crossing.aspx?phasetype=C&rpttype=A&txtcrossingnum=021902M",
        "TTSTNNAM": "MIDLOTHIAN",
        "XPURPOSE": "1",
        "OPERATINGR": "BNSF",
        "OPERATIN_1": "Primary",
        "DAYTHRU": 1,
        "NGHTTHRU": 0,
        "MAINTRK": 0,
        "SIDINGTRK": 0,
        "YARDTRK": 3,
        "TRANSITTRK": 0,
        "INDUSTRYTR": 1,
        "OTHRTRK": 4,
        "WDCODE": "All other Gates",
        "REVISIONDA": "1996/01/01 00:00:00",
        "LASTUPDATE": "12/17/2024",
        "AADT": "755",
        "AADTYEAR": "2019",
        "STATENAME": "TEXAS",
        "STATEAB": "TX",
        "COUNTYNAME": "ELLIS",
        "CITYNAME": "MIDLOTHIAN",
        "LATDD": 32.4833604,
        "LONGDD": -96.993078,
        "gridlyProductionCertified": true,
        "gridlyClassification": "PUBLIC_ROADWAY",
        "gridlyDisplayName": "EAST AVE F",
        "gridlyId": "FRA-021902M"
      }
    },
    {
      "type": "Feature",
      "id": 204206,
      "geometry": {
        "type": "Point",
        "coordinates": [
          -96.9926939995706,
          32.4843546996854
        ]
      },
      "properties": {
        "OBJECTID": 204206,
        "CROSSING": "021903U",
        "EFFDATE": 1734393600000,
        "REASON": "14",
        "StateCode": "48",
        "CountyCode": "48139",
        "STCYFIPS": "48139",
        "CITYCD": "481394570",
        "RAILROAD": "BNSF",
        "RRDIV": "RED RIVER",
        "RRSUBDIV": "WARD IND SPUR",
        "HIGHWAY": "FM 1387",
        "STREET": "AVE E",
        "TTSTN": "667538",
        "MILEPOST": "0027.030",
        "TYPEXING": "Public",
        "POSXING": "At Grade",
        "PRVCAT": "14",
        "INIT": "1",
        "LATITUDE": 32.4843547,
        "LONGITUD": -96.992694,
        "LLSOURCE": "1",
        "WHISTBAN": "0",
        "RRCONT": "8173521549",
        "POLCONT": "8008325452",
        "INV_LINK": "https://safetydata.fra.dot.gov/OfficeofSafety/PublicSite/Crossing/Crossing.aspx?phasetype=C&rpttype=I&txtcrossingnum=021903U",
        "ACC_LINK": "https://safetydata.fra.dot.gov/OfficeofSafety/PublicSite/Crossing/Crossing.aspx?phasetype=C&rpttype=A&txtcrossingnum=021903U",
        "TTSTNNAM": "MIDLOTHIAN",
        "XPURPOSE": "1",
        "OPERATINGR": "BNSF",
        "OPERATIN_1": "Primary",
        "DAYTHRU": 1,
        "NGHTTHRU": 0,
        "MAINTRK": 0,
        "SIDINGTRK": 0,
        "YARDTRK": 3,
        "TRANSITTRK": 0,
        "INDUSTRYTR": 0,
        "OTHRTRK": 3,
        "WDCODE": "All other Gates",
        "REVISIONDA": "1996/01/01 00:00:00",
        "LASTUPDATE": "12/17/2024",
        "AADT": "5428",
        "AADTYEAR": "2019",
        "STATENAME": "TEXAS",
        "STATEAB": "TX",
        "COUNTYNAME": "ELLIS",
        "CITYNAME": "MIDLOTHIAN",
        "LATDD": 32.4843547,
        "LONGDD": -96.992694,
        "gridlyProductionCertified": true,
        "gridlyClassification": "PUBLIC_ROADWAY",
        "gridlyDisplayName": "AVE E",
        "gridlyId": "FRA-021903U"
      }
    },
    {
      "type": "Feature",
      "id": 204207,
      "geometry": {
        "type": "Point",
        "coordinates": [
          -96.9813970003566,
          32.5109334998517
        ]
      },
      "properties": {
        "OBJECTID": 204207,
        "CROSSING": "021906P",
        "EFFDATE": 1734393600000,
        "REASON": "14",
        "StateCode": "48",
        "CountyCode": "48139",
        "STCYFIPS": "48139",
        "CITYCD": "481394570",
        "RAILROAD": "BNSF",
        "RRDIV": "RED RIVER",
        "RRSUBDIV": "WARD IND SPUR",
        "HIGHWAY": "CO 0000",
        "STREET": "DOVE LANE",
        "TTSTN": "667538",
        "MILEPOST": "0029.013",
        "TYPEXING": "Public",
        "POSXING": "At Grade",
        "PRVCAT": "14",
        "INIT": "1",
        "LATITUDE": 32.5109335,
        "LONGITUD": -96.981397,
        "LLSOURCE": "1",
        "WHISTBAN": "0",
        "RRCONT": "8173521549",
        "POLCONT": "8008325452",
        "INV_LINK": "https://safetydata.fra.dot.gov/OfficeofSafety/PublicSite/Crossing/Crossing.aspx?phasetype=C&rpttype=I&txtcrossingnum=021906P",
        "ACC_LINK": "https://safetydata.fra.dot.gov/OfficeofSafety/PublicSite/Crossing/Crossing.aspx?phasetype=C&rpttype=A&txtcrossingnum=021906P",
        "TTSTNNAM": "MIDLOTHIAN",
        "XPURPOSE": "1",
        "OPERATINGR": "BNSF",
        "OPERATIN_1": "Primary",
        "DAYTHRU": 1,
        "NGHTTHRU": 0,
        "MAINTRK": 0,
        "SIDINGTRK": 0,
        "YARDTRK": 1,
        "TRANSITTRK": 0,
        "INDUSTRYTR": 0,
        "OTHRTRK": 1,
        "WDCODE": "All other Gates",
        "REVISIONDA": "1996/01/01 00:00:00",
        "LASTUPDATE": "12/17/2024",
        "AADT": "8938",
        "AADTYEAR": "2019",
        "STATENAME": "TEXAS",
        "STATEAB": "TX",
        "COUNTYNAME": "ELLIS",
        "CITYNAME": "MIDLOTHIAN",
        "LATDD": 32.5109335,
        "LONGDD": -96.981397,
        "gridlyProductionCertified": true,
        "gridlyClassification": "PUBLIC_ROADWAY",
        "gridlyDisplayName": "DOVE LANE",
        "gridlyId": "FRA-021906P"
      }
    },
    {
      "type": "Feature",
      "id": 204549,
      "geometry": {
        "type": "Point",
        "coordinates": [
          -96.9743149997618,
          32.5325868998997
        ]
      },
      "properties": {
        "OBJECTID": 204549,
        "CROSSING": "021907W",
        "EFFDATE": 1734393600000,
        "REASON": "14",
        "StateCode": "48",
        "CountyCode": "48139",
        "STCYFIPS": "48139",
        "CITYCD": "481394570",
        "RAILROAD": "BNSF",
        "RRDIV": "RED RIVER",
        "RRSUBDIV": "WARD IND SPUR",
        "HIGHWAY": "CO 0000",
        "STREET": "SHILOH",
        "TTSTN": "667538",
        "MILEPOST": "0030.540",
        "TYPEXING": "Public",
        "POSXING": "At Grade",
        "PRVCAT": "14",
        "INIT": "1",
        "LATITUDE": 32.5325869,
        "LONGITUD": -96.974315,
        "LLSOURCE": "1",
        "WHISTBAN": "0",
        "RRCONT": "8173521549",
        "POLCONT": "8008325452",
        "INV_LINK": "https://safetydata.fra.dot.gov/OfficeofSafety/PublicSite/Crossing/Crossing.aspx?phasetype=C&rpttype=I&txtcrossingnum=021907W",
        "ACC_LINK": "https://safetydata.fra.dot.gov/OfficeofSafety/PublicSite/Crossing/Crossing.aspx?phasetype=C&rpttype=A&txtcrossingnum=021907W",
        "TTSTNNAM": "MIDLOTHIAN",
        "XPURPOSE": "1",
        "OPERATINGR": "BNSF",
        "OPERATIN_1": "Primary",
        "DAYTHRU": 1,
        "NGHTTHRU": 0,
        "MAINTRK": 0,
        "SIDINGTRK": 0,
        "YARDTRK": 1,
        "TRANSITTRK": 0,
        "INDUSTRYTR": 0,
        "OTHRTRK": 1,
        "WDCODE": "Crossbucks",
        "REVISIONDA": "1996/01/01 00:00:00",
        "LASTUPDATE": "12/17/2024",
        "AADT": "1445",
        "AADTYEAR": "2019",
        "STATENAME": "TEXAS",
        "STATEAB": "TX",
        "COUNTYNAME": "ELLIS",
        "CITYNAME": "MIDLOTHIAN",
        "LATDD": 32.5325869,
        "LONGDD": -96.974315,
        "gridlyProductionCertified": true,
        "gridlyClassification": "PUBLIC_ROADWAY",
        "gridlyDisplayName": "SHILOH",
        "gridlyId": "FRA-021907W"
      }
    },
    {
      "type": "Feature",
      "id": 204570,
      "geometry": {
        "type": "Point",
        "coordinates": [
          -97.0495769996174,
          32.4485693001017
        ]
      },
      "properties": {
        "OBJECTID": 204570,
        "CROSSING": "022578D",
        "EFFDATE": 1734393600000,
        "REASON": "14",
        "StateCode": "48",
        "CountyCode": "48139",
        "STCYFIPS": "48139",
        "CITYCD": "481394570",
        "RAILROAD": "BNSF",
        "RRDIV": "RED RIVER",
        "RRSUBDIV": "WARD IND SPUR",
        "HIGHWAY": "LS",
        "STREET": "KEMP RANCH ROAD",
        "TTSTN": "667538",
        "MILEPOST": "0025.802",
        "TYPEXING": "Private",
        "POSXING": "At Grade",
        "PRVCAT": "14",
        "INIT": "1",
        "LATITUDE": 32.4485693,
        "LONGITUD": -97.049577,
        "LLSOURCE": "1",
        "WHISTBAN": "0",
        "RRCONT": "8173521549",
        "POLCONT": "8008325452",
        "INV_LINK": "https://safetydata.fra.dot.gov/OfficeofSafety/PublicSite/Crossing/Crossing.aspx?phasetype=C&rpttype=I&txtcrossingnum=022578D",
        "ACC_LINK": "https://safetydata.fra.dot.gov/OfficeofSafety/PublicSite/Crossing/Crossing.aspx?phasetype=C&rpttype=A&txtcrossingnum=022578D",
        "TTSTNNAM": "MIDLOTHIAN",
        "XPURPOSE": "1",
        "OPERATINGR": "BNSF",
        "OPERATIN_1": "Primary",
        "DAYTHRU": 0,
        "NGHTTHRU": 0,
        "MAINTRK": 0,
        "SIDINGTRK": 0,
        "YARDTRK": 0,
        "TRANSITTRK": 0,
        "INDUSTRYTR": 1,
        "OTHRTRK": 1,
        "WDCODE": "",
        "REVISIONDA": "1996/01/01 00:00:00",
        "LASTUPDATE": "12/17/2024",
        "AADT": "",
        "AADTYEAR": "",
        "STATENAME": "TEXAS",
        "STATEAB": "TX",
        "COUNTYNAME": "ELLIS",
        "CITYNAME": "MIDLOTHIAN",
        "LATDD": 32.4485693,
        "LONGDD": -97.049577,
        "gridlyProductionCertified": true,
        "gridlyClassification": "PUBLIC_ROADWAY",
        "gridlyDisplayName": "KEMP RANCH ROAD",
        "gridlyId": "FRA-022578D"
      }
    },
    {
      "type": "Feature",
      "id": 204942,
      "geometry": {
        "type": "Point",
        "coordinates": [
          -96.7713300001092,
          32.3375548999294
        ]
      },
      "properties": {
        "OBJECTID": 204942,
        "CROSSING": "598265F",
        "EFFDATE": 1736899200000,
        "REASON": "14",
        "StateCode": "48",
        "CountyCode": "48139",
        "STCYFIPS": "48139",
        "CITYCD": "481397270",
        "RAILROAD": "BNSF",
        "RRDIV": "RED RIVER",
        "RRSUBDIV": "DFW",
        "HIGHWAY": "PRIVATE",
        "STREET": "PRIVATE ROAD",
        "TTSTN": "667550",
        "MILEPOST": "0265.260",
        "TYPEXING": "Private",
        "POSXING": "At Grade",
        "PRVCAT": "14",
        "INIT": "1",
        "LATITUDE": 32.3375549,
        "LONGITUD": -96.77133,
        "LLSOURCE": "1",
        "WHISTBAN": "0",
        "RRCONT": "8173521549",
        "POLCONT": "8008325452",
        "INV_LINK": "https://safetydata.fra.dot.gov/OfficeofSafety/PublicSite/Crossing/Crossing.aspx?phasetype=C&rpttype=I&txtcrossingnum=598265F",
        "ACC_LINK": "https://safetydata.fra.dot.gov/OfficeofSafety/PublicSite/Crossing/Crossing.aspx?phasetype=C&rpttype=A&txtcrossingnum=598265F",
        "TTSTNNAM": "WAXAHACHIE",
        "XPURPOSE": "1",
        "OPERATINGR": "BNSF",
        "OPERATIN_1": "Primary",
        "DAYTHRU": 2,
        "NGHTTHRU": 2,
        "MAINTRK": 1,
        "SIDINGTRK": 0,
        "YARDTRK": 0,
        "TRANSITTRK": 0,
        "INDUSTRYTR": 0,
        "OTHRTRK": 0,
        "WDCODE": "",
        "REVISIONDA": "1996/01/01 00:00:00",
        "LASTUPDATE": "1/15/2025",
        "AADT": "",
        "AADTYEAR": "1970",
        "STATENAME": "TEXAS",
        "STATEAB": "TX",
        "COUNTYNAME": "ELLIS",
        "CITYNAME": "WAXAHACHIE",
        "LATDD": 32.3375549,
        "LONGDD": -96.77133,
        "gridlyProductionCertified": true,
        "gridlyClassification": "PUBLIC_ROADWAY",
        "gridlyDisplayName": "PRIVATE ROAD",
        "gridlyId": "FRA-598265F"
      }
    },
    {
      "type": "Feature",
      "id": 204943,
      "geometry": {
        "type": "Point",
        "coordinates": [
          -96.7814790000009,
          32.3430765996309
        ]
      },
      "properties": {
        "OBJECTID": 204943,
        "CROSSING": "598267U",
        "EFFDATE": 1736899200000,
        "REASON": "14",
        "StateCode": "48",
        "CountyCode": "48139",
        "STCYFIPS": "48139",
        "CITYCD": "481397270",
        "RAILROAD": "BNSF",
        "RRDIV": "RED RIVER",
        "RRSUBDIV": "DFW",
        "HIGHWAY": "PRIVATE",
        "STREET": "PRIVATE ROAD",
        "TTSTN": "667550",
        "MILEPOST": "0265.970",
        "TYPEXING": "Private",
        "POSXING": "At Grade",
        "PRVCAT": "14",
        "INIT": "1",
        "LATITUDE": 32.3430766,
        "LONGITUD": -96.781479,
        "LLSOURCE": "1",
        "WHISTBAN": "0",
        "RRCONT": "8173521549",
        "POLCONT": "8008325452",
        "INV_LINK": "https://safetydata.fra.dot.gov/OfficeofSafety/PublicSite/Crossing/Crossing.aspx?phasetype=C&rpttype=I&txtcrossingnum=598267U",
        "ACC_LINK": "https://safetydata.fra.dot.gov/OfficeofSafety/PublicSite/Crossing/Crossing.aspx?phasetype=C&rpttype=A&txtcrossingnum=598267U",
        "TTSTNNAM": "WAXAHACHIE",
        "XPURPOSE": "1",
        "OPERATINGR": "BNSF",
        "OPERATIN_1": "Primary",
        "DAYTHRU": 2,
        "NGHTTHRU": 2,
        "MAINTRK": 1,
        "SIDINGTRK": 0,
        "YARDTRK": 0,
        "TRANSITTRK": 0,
        "INDUSTRYTR": 0,
        "OTHRTRK": 0,
        "WDCODE": "",
        "REVISIONDA": "1996/01/01 00:00:00",
        "LASTUPDATE": "1/15/2025",
        "AADT": "",
        "AADTYEAR": "1970",
        "STATENAME": "TEXAS",
        "STATEAB": "TX",
        "COUNTYNAME": "ELLIS",
        "CITYNAME": "WAXAHACHIE",
        "LATDD": 32.3430766,
        "LONGDD": -96.781479,
        "gridlyProductionCertified": true,
        "gridlyClassification": "PUBLIC_ROADWAY",
        "gridlyDisplayName": "PRIVATE ROAD",
        "gridlyId": "FRA-598267U"
      }
    },
    {
      "type": "Feature",
      "id": 204944,
      "geometry": {
        "type": "Point",
        "coordinates": [
          -96.7851239996062,
          32.345053399756
        ]
      },
      "properties": {
        "OBJECTID": 204944,
        "CROSSING": "598268B",
        "EFFDATE": 1736899200000,
        "REASON": "14",
        "StateCode": "48",
        "CountyCode": "48139",
        "STCYFIPS": "48139",
        "CITYCD": "481397270",
        "RAILROAD": "BNSF",
        "RRDIV": "RED RIVER",
        "RRSUBDIV": "DFW",
        "HIGHWAY": "PRIVATE",
        "STREET": "PRIVATE ROAD",
        "TTSTN": "667550",
        "MILEPOST": "0266.210",
        "TYPEXING": "Private",
        "POSXING": "At Grade",
        "PRVCAT": "14",
        "INIT": "1",
        "LATITUDE": 32.3450534,
        "LONGITUD": -96.785124,
        "LLSOURCE": "1",
        "WHISTBAN": "0",
        "RRCONT": "8173521549",
        "POLCONT": "8008325452",
        "INV_LINK": "https://safetydata.fra.dot.gov/OfficeofSafety/PublicSite/Crossing/Crossing.aspx?phasetype=C&rpttype=I&txtcrossingnum=598268B",
        "ACC_LINK": "https://safetydata.fra.dot.gov/OfficeofSafety/PublicSite/Crossing/Crossing.aspx?phasetype=C&rpttype=A&txtcrossingnum=598268B",
        "TTSTNNAM": "WAXAHACHIE",
        "XPURPOSE": "1",
        "OPERATINGR": "BNSF",
        "OPERATIN_1": "Primary",
        "DAYTHRU": 2,
        "NGHTTHRU": 2,
        "MAINTRK": 1,
        "SIDINGTRK": 0,
        "YARDTRK": 0,
        "TRANSITTRK": 0,
        "INDUSTRYTR": 0,
        "OTHRTRK": 0,
        "WDCODE": "",
        "REVISIONDA": "1996/01/01 00:00:00",
        "LASTUPDATE": "1/15/2025",
        "AADT": "",
        "AADTYEAR": "1970",
        "STATENAME": "TEXAS",
        "STATEAB": "TX",
        "COUNTYNAME": "ELLIS",
        "CITYNAME": "WAXAHACHIE",
        "LATDD": 32.3450534,
        "LONGDD": -96.785124,
        "gridlyProductionCertified": true,
        "gridlyClassification": "PUBLIC_ROADWAY",
        "gridlyDisplayName": "PRIVATE ROAD",
        "gridlyId": "FRA-598268B"
      }
    },
    {
      "type": "Feature",
      "id": 204947,
      "geometry": {
        "type": "Point",
        "coordinates": [
          -96.7894050001444,
          32.3473744001893
        ]
      },
      "properties": {
        "OBJECTID": 204947,
        "CROSSING": "598270C",
        "EFFDATE": 1736899200000,
        "REASON": "14",
        "StateCode": "48",
        "CountyCode": "48139",
        "STCYFIPS": "48139",
        "CITYCD": "481397270",
        "RAILROAD": "BNSF",
        "RRDIV": "RED RIVER",
        "RRSUBDIV": "DFW",
        "HIGHWAY": "PRIVATE",
        "STREET": "PRIVATE ROAD",
        "TTSTN": "667550",
        "MILEPOST": "0266.480",
        "TYPEXING": "Private",
        "POSXING": "At Grade",
        "PRVCAT": "14",
        "INIT": "1",
        "LATITUDE": 32.3473744,
        "LONGITUD": -96.789405,
        "LLSOURCE": "1",
        "WHISTBAN": "0",
        "RRCONT": "8173521549",
        "POLCONT": "8008325452",
        "INV_LINK": "https://safetydata.fra.dot.gov/OfficeofSafety/PublicSite/Crossing/Crossing.aspx?phasetype=C&rpttype=I&txtcrossingnum=598270C",
        "ACC_LINK": "https://safetydata.fra.dot.gov/OfficeofSafety/PublicSite/Crossing/Crossing.aspx?phasetype=C&rpttype=A&txtcrossingnum=598270C",
        "TTSTNNAM": "WAXAHACHIE",
        "XPURPOSE": "1",
        "OPERATINGR": "BNSF",
        "OPERATIN_1": "Primary",
        "DAYTHRU": 2,
        "NGHTTHRU": 2,
        "MAINTRK": 1,
        "SIDINGTRK": 0,
        "YARDTRK": 0,
        "TRANSITTRK": 0,
        "INDUSTRYTR": 0,
        "OTHRTRK": 0,
        "WDCODE": "",
        "REVISIONDA": "1996/01/01 00:00:00",
        "LASTUPDATE": "1/15/2025",
        "AADT": "",
        "AADTYEAR": "1970",
        "STATENAME": "TEXAS",
        "STATEAB": "TX",
        "COUNTYNAME": "ELLIS",
        "CITYNAME": "WAXAHACHIE",
        "LATDD": 32.3473744,
        "LONGDD": -96.789405,
        "gridlyProductionCertified": true,
        "gridlyClassification": "PUBLIC_ROADWAY",
        "gridlyDisplayName": "PRIVATE ROAD",
        "gridlyId": "FRA-598270C"
      }
    },
    {
      "type": "Feature",
      "id": 204959,
      "geometry": {
        "type": "Point",
        "coordinates": [
          -96.6539400003268,
          32.2388078002403
        ]
      },
      "properties": {
        "OBJECTID": 204959,
        "CROSSING": "598259C",
        "EFFDATE": 1736899200000,
        "REASON": "14",
        "StateCode": "48",
        "CountyCode": "48139",
        "STCYFIPS": "48139",
        "CITYCD": "481390430",
        "RAILROAD": "BNSF",
        "RRDIV": "RED RIVER",
        "RRSUBDIV": "DFW",
        "HIGHWAY": "CO 0000",
        "STREET": "PVT",
        "TTSTN": "667574",
        "MILEPOST": "0255.620",
        "TYPEXING": "Public",
        "POSXING": "At Grade",
        "PRVCAT": "14",
        "INIT": "1",
        "LATITUDE": 32.2388078,
        "LONGITUD": -96.65394,
        "LLSOURCE": "1",
        "WHISTBAN": "0",
        "RRCONT": "8173521549",
        "POLCONT": "8008325452",
        "INV_LINK": "https://safetydata.fra.dot.gov/OfficeofSafety/PublicSite/Crossing/Crossing.aspx?phasetype=C&rpttype=I&txtcrossingnum=598259C",
        "ACC_LINK": "https://safetydata.fra.dot.gov/OfficeofSafety/PublicSite/Crossing/Crossing.aspx?phasetype=C&rpttype=A&txtcrossingnum=598259C",
        "TTSTNNAM": "BARDWELL",
        "XPURPOSE": "1",
        "OPERATINGR": "BNSF",
        "OPERATIN_1": "Primary",
        "DAYTHRU": 2,
        "NGHTTHRU": 2,
        "MAINTRK": 1,
        "SIDINGTRK": 0,
        "YARDTRK": 0,
        "TRANSITTRK": 0,
        "INDUSTRYTR": 0,
        "OTHRTRK": 0,
        "WDCODE": "Crossbucks",
        "REVISIONDA": "1996/01/01 00:00:00",
        "LASTUPDATE": "1/15/2025",
        "AADT": "000010",
        "AADTYEAR": "1992",
        "STATENAME": "TEXAS",
        "STATEAB": "TX",
        "COUNTYNAME": "ELLIS",
        "CITYNAME": "BARDWELL",
        "LATDD": 32.2388078,
        "LONGDD": -96.65394,
        "gridlyProductionCertified": true,
        "gridlyClassification": "PUBLIC_ROADWAY",
        "gridlyDisplayName": "PVT",
        "gridlyId": "FRA-598259C"
      }
    },
    {
      "type": "Feature",
      "id": 204962,
      "geometry": {
        "type": "Point",
        "coordinates": [
          -96.8080290001755,
          32.3589611997516
        ]
      },
      "properties": {
        "OBJECTID": 204962,
        "CROSSING": "598272R",
        "EFFDATE": 1736899200000,
        "REASON": "14",
        "StateCode": "48",
        "CountyCode": "48139",
        "STCYFIPS": "48139",
        "CITYCD": "481397270",
        "RAILROAD": "BNSF",
        "RRDIV": "RED RIVER",
        "RRSUBDIV": "DFW",
        "HIGHWAY": "PRIVATE",
        "STREET": "PRIVATE ROAD",
        "TTSTN": "667550",
        "MILEPOST": "0267.800",
        "TYPEXING": "Private",
        "POSXING": "At Grade",
        "PRVCAT": "14",
        "INIT": "1",
        "LATITUDE": 32.3589612,
        "LONGITUD": -96.808029,
        "LLSOURCE": "1",
        "WHISTBAN": "0",
        "RRCONT": "8173521549",
        "POLCONT": "8008325452",
        "INV_LINK": "https://safetydata.fra.dot.gov/OfficeofSafety/PublicSite/Crossing/Crossing.aspx?phasetype=C&rpttype=I&txtcrossingnum=598272R",
        "ACC_LINK": "https://safetydata.fra.dot.gov/OfficeofSafety/PublicSite/Crossing/Crossing.aspx?phasetype=C&rpttype=A&txtcrossingnum=598272R",
        "TTSTNNAM": "WAXAHACHIE",
        "XPURPOSE": "1",
        "OPERATINGR": "BNSF",
        "OPERATIN_1": "Primary",
        "DAYTHRU": 2,
        "NGHTTHRU": 2,
        "MAINTRK": 1,
        "SIDINGTRK": 0,
        "YARDTRK": 0,
        "TRANSITTRK": 0,
        "INDUSTRYTR": 0,
        "OTHRTRK": 0,
        "WDCODE": "",
        "REVISIONDA": "1996/01/01 00:00:00",
        "LASTUPDATE": "1/15/2025",
        "AADT": "",
        "AADTYEAR": "1970",
        "STATENAME": "TEXAS",
        "STATEAB": "TX",
        "COUNTYNAME": "ELLIS",
        "CITYNAME": "WAXAHACHIE",
        "LATDD": 32.3589612,
        "LONGDD": -96.808029,
        "gridlyProductionCertified": true,
        "gridlyClassification": "PUBLIC_ROADWAY",
        "gridlyDisplayName": "PRIVATE ROAD",
        "gridlyId": "FRA-598272R"
      }
    },
    {
      "type": "Feature",
      "id": 204963,
      "geometry": {
        "type": "Point",
        "coordinates": [
          -96.8397549995924,
          32.3760828997415
        ]
      },
      "properties": {
        "OBJECTID": 204963,
        "CROSSING": "598273X",
        "EFFDATE": 1736899200000,
        "REASON": "14",
        "StateCode": "48",
        "CountyCode": "48139",
        "STCYFIPS": "48139",
        "CITYCD": "481397270",
        "RAILROAD": "BNSF",
        "RRDIV": "RED RIVER",
        "RRSUBDIV": "DFW",
        "HIGHWAY": "PRIVATE",
        "STREET": "PRIVATE ROAD",
        "TTSTN": "667550",
        "MILEPOST": "0270.090",
        "TYPEXING": "Private",
        "POSXING": "At Grade",
        "PRVCAT": "14",
        "INIT": "1",
        "LATITUDE": 32.3760829,
        "LONGITUD": -96.839755,
        "LLSOURCE": "1",
        "WHISTBAN": "0",
        "RRCONT": "8173521549",
        "POLCONT": "8008325452",
        "INV_LINK": "https://safetydata.fra.dot.gov/OfficeofSafety/PublicSite/Crossing/Crossing.aspx?phasetype=C&rpttype=I&txtcrossingnum=598273X",
        "ACC_LINK": "https://safetydata.fra.dot.gov/OfficeofSafety/PublicSite/Crossing/Crossing.aspx?phasetype=C&rpttype=A&txtcrossingnum=598273X",
        "TTSTNNAM": "WAXAHACHIE",
        "XPURPOSE": "1",
        "OPERATINGR": "BNSF",
        "OPERATIN_1": "Primary",
        "DAYTHRU": 2,
        "NGHTTHRU": 2,
        "MAINTRK": 1,
        "SIDINGTRK": 1,
        "YARDTRK": 0,
        "TRANSITTRK": 0,
        "INDUSTRYTR": 0,
        "OTHRTRK": 1,
        "WDCODE": "",
        "REVISIONDA": "1996/01/01 00:00:00",
        "LASTUPDATE": "1/15/2025",
        "AADT": "",
        "AADTYEAR": "1970",
        "STATENAME": "TEXAS",
        "STATEAB": "TX",
        "COUNTYNAME": "ELLIS",
        "CITYNAME": "WAXAHACHIE",
        "LATDD": 32.3760829,
        "LONGDD": -96.839755,
        "gridlyProductionCertified": true,
        "gridlyClassification": "PUBLIC_ROADWAY",
        "gridlyDisplayName": "PRIVATE ROAD",
        "gridlyId": "FRA-598273X"
      }
    },
    {
      "type": "Feature",
      "id": 205047,
      "geometry": {
        "type": "Point",
        "coordinates": [
          -96.7512499998858,
          32.3184926997447
        ]
      },
      "properties": {
        "OBJECTID": 205047,
        "CROSSING": "673435C",
        "EFFDATE": 1736985600000,
        "REASON": "14",
        "StateCode": "48",
        "CountyCode": "48139",
        "STCYFIPS": "48139",
        "CITYCD": "481390430",
        "RAILROAD": "BNSF",
        "RRDIV": "RED RIVER",
        "RRSUBDIV": "DFW",
        "HIGHWAY": "Not Yet Reported by State",
        "STREET": "PRIVATE",
        "TTSTN": "667574",
        "MILEPOST": "0263.450",
        "TYPEXING": "Private",
        "POSXING": "At Grade",
        "PRVCAT": "14",
        "INIT": "1",
        "LATITUDE": 32.3184927,
        "LONGITUD": -96.75125,
        "LLSOURCE": "1",
        "WHISTBAN": "0",
        "RRCONT": "8173521549",
        "POLCONT": "8008325452",
        "INV_LINK": "https://safetydata.fra.dot.gov/OfficeofSafety/PublicSite/Crossing/Crossing.aspx?phasetype=C&rpttype=I&txtcrossingnum=673435C",
        "ACC_LINK": "https://safetydata.fra.dot.gov/OfficeofSafety/PublicSite/Crossing/Crossing.aspx?phasetype=C&rpttype=A&txtcrossingnum=673435C",
        "TTSTNNAM": "BARDWELL",
        "XPURPOSE": "1",
        "OPERATINGR": "BNSF",
        "OPERATIN_1": "Primary",
        "DAYTHRU": 2,
        "NGHTTHRU": 2,
        "MAINTRK": 1,
        "SIDINGTRK": 0,
        "YARDTRK": 0,
        "TRANSITTRK": 0,
        "INDUSTRYTR": 0,
        "OTHRTRK": 0,
        "WDCODE": "",
        "REVISIONDA": "1996/01/01 00:00:00",
        "LASTUPDATE": "1/16/2025",
        "AADT": "000010",
        "AADTYEAR": "1988",
        "STATENAME": "TEXAS",
        "STATEAB": "TX",
        "COUNTYNAME": "ELLIS",
        "CITYNAME": "BARDWELL",
        "LATDD": 32.3184927,
        "LONGDD": -96.75125,
        "gridlyProductionCertified": true,
        "gridlyClassification": "PUBLIC_ROADWAY",
        "gridlyDisplayName": "PRIVATE",
        "gridlyId": "FRA-673435C"
      }
    },
    {
      "type": "Feature",
      "id": 205056,
      "geometry": {
        "type": "Point",
        "coordinates": [
          -96.7963189996113,
          32.351120899677
        ]
      },
      "properties": {
        "OBJECTID": 205056,
        "CROSSING": "673429Y",
        "EFFDATE": 1736985600000,
        "REASON": "14",
        "StateCode": "48",
        "CountyCode": "48139",
        "STCYFIPS": "48139",
        "CITYCD": "481397270",
        "RAILROAD": "BNSF",
        "RRDIV": "RED RIVER",
        "RRSUBDIV": "DFW",
        "HIGHWAY": "Not Yet Reported by State",
        "STREET": "PRIVATE ROAD",
        "TTSTN": "667550",
        "MILEPOST": "0266.890",
        "TYPEXING": "Private",
        "POSXING": "At Grade",
        "PRVCAT": "14",
        "INIT": "1",
        "LATITUDE": 32.3511209,
        "LONGITUD": -96.796319,
        "LLSOURCE": "1",
        "WHISTBAN": "0",
        "RRCONT": "8173521549",
        "POLCONT": "8008325452",
        "INV_LINK": "https://safetydata.fra.dot.gov/OfficeofSafety/PublicSite/Crossing/Crossing.aspx?phasetype=C&rpttype=I&txtcrossingnum=673429Y",
        "ACC_LINK": "https://safetydata.fra.dot.gov/OfficeofSafety/PublicSite/Crossing/Crossing.aspx?phasetype=C&rpttype=A&txtcrossingnum=673429Y",
        "TTSTNNAM": "WAXAHACHIE",
        "XPURPOSE": "1",
        "OPERATINGR": "BNSF",
        "OPERATIN_1": "Primary",
        "DAYTHRU": 2,
        "NGHTTHRU": 2,
        "MAINTRK": 1,
        "SIDINGTRK": 0,
        "YARDTRK": 0,
        "TRANSITTRK": 0,
        "INDUSTRYTR": 0,
        "OTHRTRK": 0,
        "WDCODE": "",
        "REVISIONDA": "1996/01/01 00:00:00",
        "LASTUPDATE": "1/16/2025",
        "AADT": "",
        "AADTYEAR": "1988",
        "STATENAME": "TEXAS",
        "STATEAB": "TX",
        "COUNTYNAME": "ELLIS",
        "CITYNAME": "WAXAHACHIE",
        "LATDD": 32.3511209,
        "LONGDD": -96.796319,
        "gridlyProductionCertified": true,
        "gridlyClassification": "PUBLIC_ROADWAY",
        "gridlyDisplayName": "PRIVATE ROAD",
        "gridlyId": "FRA-673429Y"
      }
    },
    {
      "type": "Feature",
      "id": 205501,
      "geometry": {
        "type": "Point",
        "coordinates": [
          -96.9836429996709,
          32.5069410002705
        ]
      },
      "properties": {
        "OBJECTID": 205501,
        "CROSSING": "929145G",
        "EFFDATE": 1736985600000,
        "REASON": "14",
        "StateCode": "48",
        "CountyCode": "48139",
        "STCYFIPS": "48139",
        "CITYCD": "481394570",
        "RAILROAD": "BNSF",
        "RRDIV": "RED RIVER",
        "RRSUBDIV": "WARD IND SPUR",
        "HIGHWAY": "PRIVATE",
        "STREET": "PRIVATE",
        "TTSTN": "",
        "MILEPOST": "0028.709",
        "TYPEXING": "Private",
        "POSXING": "At Grade",
        "PRVCAT": "14",
        "INIT": "1",
        "LATITUDE": 32.506941,
        "LONGITUD": -96.983643,
        "LLSOURCE": "1",
        "WHISTBAN": "",
        "RRCONT": "8173521549",
        "POLCONT": "8008325452",
        "INV_LINK": "https://safetydata.fra.dot.gov/OfficeofSafety/PublicSite/Crossing/Crossing.aspx?phasetype=C&rpttype=I&txtcrossingnum=929145G",
        "ACC_LINK": "https://safetydata.fra.dot.gov/OfficeofSafety/PublicSite/Crossing/Crossing.aspx?phasetype=C&rpttype=A&txtcrossingnum=929145G",
        "TTSTNNAM": "",
        "XPURPOSE": "1",
        "OPERATINGR": "BNSF",
        "OPERATIN_1": "Primary",
        "DAYTHRU": 1,
        "NGHTTHRU": 0,
        "MAINTRK": 1,
        "SIDINGTRK": 0,
        "YARDTRK": 0,
        "TRANSITTRK": 0,
        "INDUSTRYTR": 0,
        "OTHRTRK": 0,
        "WDCODE": "",
        "REVISIONDA": "1996/01/01 00:00:00",
        "LASTUPDATE": "1/16/2025",
        "AADT": "",
        "AADTYEAR": "",
        "STATENAME": "TEXAS",
        "STATEAB": "TX",
        "COUNTYNAME": "ELLIS",
        "CITYNAME": "MIDLOTHIAN",
        "LATDD": 32.506941,
        "LONGDD": -96.983643,
        "gridlyProductionCertified": true,
        "gridlyClassification": "PUBLIC_ROADWAY",
        "gridlyDisplayName": "PRIVATE",
        "gridlyId": "FRA-929145G"
      }
    },
    {
      "type": "Feature",
      "id": 205699,
      "geometry": {
        "type": "Point",
        "coordinates": [
          -97.0088499996312,
          32.4741599999813
        ]
      },
      "properties": {
        "OBJECTID": 205699,
        "CROSSING": "966507P",
        "EFFDATE": 1736985600000,
        "REASON": "14",
        "StateCode": "48",
        "CountyCode": "48139",
        "STCYFIPS": "48139",
        "CITYCD": "481394570",
        "RAILROAD": "BNSF",
        "RRDIV": "RED RIVER",
        "RRSUBDIV": "WARD IND SPUR",
        "HIGHWAY": "US-287",
        "STREET": "US HWY 287 NB",
        "TTSTN": "",
        "MILEPOST": "0025.750",
        "TYPEXING": "Public",
        "POSXING": "RR Under",
        "PRVCAT": "14",
        "INIT": "1",
        "LATITUDE": 32.47416,
        "LONGITUD": -97.00885,
        "LLSOURCE": "1",
        "WHISTBAN": "",
        "RRCONT": "8173521549",
        "POLCONT": "8008325452",
        "INV_LINK": "https://safetydata.fra.dot.gov/OfficeofSafety/PublicSite/Crossing/Crossing.aspx?phasetype=C&rpttype=I&txtcrossingnum=966507P",
        "ACC_LINK": "https://safetydata.fra.dot.gov/OfficeofSafety/PublicSite/Crossing/Crossing.aspx?phasetype=C&rpttype=A&txtcrossingnum=966507P",
        "TTSTNNAM": "",
        "XPURPOSE": "1",
        "OPERATINGR": "BNSF",
        "OPERATIN_1": "Primary",
        "DAYTHRU": 1,
        "NGHTTHRU": 0,
        "MAINTRK": 1,
        "SIDINGTRK": 0,
        "YARDTRK": 0,
        "TRANSITTRK": 0,
        "INDUSTRYTR": 0,
        "OTHRTRK": 0,
        "WDCODE": "",
        "REVISIONDA": "1996/01/01 00:00:00",
        "LASTUPDATE": "1/16/2025",
        "AADT": "",
        "AADTYEAR": "",
        "STATENAME": "TEXAS",
        "STATEAB": "TX",
        "COUNTYNAME": "ELLIS",
        "CITYNAME": "MIDLOTHIAN",
        "LATDD": 32.47416,
        "LONGDD": -97.00885,
        "gridlyProductionCertified": true,
        "gridlyClassification": "PUBLIC_ROADWAY",
        "gridlyDisplayName": "US HWY 287 NB",
        "gridlyId": "FRA-966507P"
      }
    },
    {
      "type": "Feature",
      "id": 206069,
      "geometry": {
        "type": "Point",
        "coordinates": [
          -96.7922470002088,
          32.5313134999482
        ]
      },
      "properties": {
        "OBJECTID": 206069,
        "CROSSING": "415331L",
        "EFFDATE": 1736812800000,
        "REASON": "14",
        "StateCode": "48",
        "CountyCode": "48139",
        "STCYFIPS": "48139",
        "CITYCD": "481395685",
        "RAILROAD": "BNSF",
        "RRDIV": "RED RIVER",
        "RRSUBDIV": "DFW",
        "HIGHWAY": "FM 0664",
        "STREET": "OVILLA",
        "TTSTN": "667522",
        "MILEPOST": "0786.613",
        "TYPEXING": "Public",
        "POSXING": "At Grade",
        "PRVCAT": "14",
        "INIT": "1",
        "LATITUDE": 32.5313135,
        "LONGITUD": -96.792247,
        "LLSOURCE": "1",
        "WHISTBAN": "0",
        "RRCONT": "8173521549",
        "POLCONT": "8008325452",
        "INV_LINK": "https://safetydata.fra.dot.gov/OfficeofSafety/PublicSite/Crossing/Crossing.aspx?phasetype=C&rpttype=I&txtcrossingnum=415331L",
        "ACC_LINK": "https://safetydata.fra.dot.gov/OfficeofSafety/PublicSite/Crossing/Crossing.aspx?phasetype=C&rpttype=A&txtcrossingnum=415331L",
        "TTSTNNAM": "RED OAK",
        "XPURPOSE": "1",
        "OPERATINGR": "BNSF",
        "OPERATIN_1": "Primary",
        "DAYTHRU": 2,
        "NGHTTHRU": 1,
        "MAINTRK": 1,
        "SIDINGTRK": 0,
        "YARDTRK": 0,
        "TRANSITTRK": 0,
        "INDUSTRYTR": 0,
        "OTHRTRK": 0,
        "WDCODE": "All other Gates",
        "REVISIONDA": "1996/01/01 00:00:00",
        "LASTUPDATE": "1/14/2025",
        "AADT": "18650",
        "AADTYEAR": "2019",
        "STATENAME": "TEXAS",
        "STATEAB": "TX",
        "COUNTYNAME": "ELLIS",
        "CITYNAME": "RED OAK",
        "LATDD": 32.5313135,
        "LONGDD": -96.792247,
        "gridlyProductionCertified": true,
        "gridlyClassification": "PUBLIC_ROADWAY",
        "gridlyDisplayName": "OVILLA",
        "gridlyId": "FRA-415331L"
      }
    },
    {
      "type": "Feature",
      "id": 206070,
      "geometry": {
        "type": "Point",
        "coordinates": [
          -96.801096000442,
          32.5173505998979
        ]
      },
      "properties": {
        "OBJECTID": 206070,
        "CROSSING": "415332T",
        "EFFDATE": 1736812800000,
        "REASON": "14",
        "StateCode": "48",
        "CountyCode": "48139",
        "STCYFIPS": "48139",
        "CITYCD": "481395685",
        "RAILROAD": "BNSF",
        "RRDIV": "RED RIVER",
        "RRSUBDIV": "DFW",
        "HIGHWAY": "ST 0000",
        "STREET": "RED OAK RD",
        "TTSTN": "667522",
        "MILEPOST": "0787.752",
        "TYPEXING": "Public",
        "POSXING": "At Grade",
        "PRVCAT": "14",
        "INIT": "1",
        "LATITUDE": 32.5173506,
        "LONGITUD": -96.801096,
        "LLSOURCE": "1",
        "WHISTBAN": "0",
        "RRCONT": "8173521549",
        "POLCONT": "8008325452",
        "INV_LINK": "https://safetydata.fra.dot.gov/OfficeofSafety/PublicSite/Crossing/Crossing.aspx?phasetype=C&rpttype=I&txtcrossingnum=415332T",
        "ACC_LINK": "https://safetydata.fra.dot.gov/OfficeofSafety/PublicSite/Crossing/Crossing.aspx?phasetype=C&rpttype=A&txtcrossingnum=415332T",
        "TTSTNNAM": "RED OAK",
        "XPURPOSE": "1",
        "OPERATINGR": "BNSF",
        "OPERATIN_1": "Primary",
        "DAYTHRU": 2,
        "NGHTTHRU": 1,
        "MAINTRK": 1,
        "SIDINGTRK": 0,
        "YARDTRK": 0,
        "TRANSITTRK": 0,
        "INDUSTRYTR": 0,
        "OTHRTRK": 0,
        "WDCODE": "All other Gates",
        "REVISIONDA": "1996/01/01 00:00:00",
        "LASTUPDATE": "1/14/2025",
        "AADT": "9198",
        "AADTYEAR": "2019",
        "STATENAME": "TEXAS",
        "STATEAB": "TX",
        "COUNTYNAME": "ELLIS",
        "CITYNAME": "RED OAK",
        "LATDD": 32.5173506,
        "LONGDD": -96.801096,
        "gridlyProductionCertified": true,
        "gridlyClassification": "PUBLIC_ROADWAY",
        "gridlyDisplayName": "RED OAK RD",
        "gridlyId": "FRA-415332T"
      }
    },
    {
      "type": "Feature",
      "id": 206071,
      "geometry": {
        "type": "Point",
        "coordinates": [
          -96.8036630001468,
          32.5139017996864
        ]
      },
      "properties": {
        "OBJECTID": 206071,
        "CROSSING": "415334G",
        "EFFDATE": 1736812800000,
        "REASON": "14",
        "StateCode": "48",
        "CountyCode": "48139",
        "STCYFIPS": "48139",
        "CITYCD": "481395685",
        "RAILROAD": "BNSF",
        "RRDIV": "RED RIVER",
        "RRSUBDIV": "DFW",
        "HIGHWAY": "ST 0000",
        "STREET": "PIERCE RD",
        "TTSTN": "667522",
        "MILEPOST": "0788.050",
        "TYPEXING": "Public",
        "POSXING": "At Grade",
        "PRVCAT": "14",
        "INIT": "1",
        "LATITUDE": 32.5139018,
        "LONGITUD": -96.803663,
        "LLSOURCE": "1",
        "WHISTBAN": "0",
        "RRCONT": "8173521549",
        "POLCONT": "8008325452",
        "INV_LINK": "https://safetydata.fra.dot.gov/OfficeofSafety/PublicSite/Crossing/Crossing.aspx?phasetype=C&rpttype=I&txtcrossingnum=415334G",
        "ACC_LINK": "https://safetydata.fra.dot.gov/OfficeofSafety/PublicSite/Crossing/Crossing.aspx?phasetype=C&rpttype=A&txtcrossingnum=415334G",
        "TTSTNNAM": "RED OAK",
        "XPURPOSE": "1",
        "OPERATINGR": "BNSF",
        "OPERATIN_1": "Primary",
        "DAYTHRU": 2,
        "NGHTTHRU": 1,
        "MAINTRK": 1,
        "SIDINGTRK": 0,
        "YARDTRK": 0,
        "TRANSITTRK": 0,
        "INDUSTRYTR": 0,
        "OTHRTRK": 0,
        "WDCODE": "All other Gates",
        "REVISIONDA": "1996/01/01 00:00:00",
        "LASTUPDATE": "1/14/2025",
        "AADT": "492",
        "AADTYEAR": "2019",
        "STATENAME": "TEXAS",
        "STATEAB": "TX",
        "COUNTYNAME": "ELLIS",
        "CITYNAME": "RED OAK",
        "LATDD": 32.5139018,
        "LONGDD": -96.803663,
        "gridlyProductionCertified": true,
        "gridlyClassification": "PUBLIC_ROADWAY",
        "gridlyDisplayName": "PIERCE RD",
        "gridlyId": "FRA-415334G"
      }
    },
    {
      "type": "Feature",
      "id": 206072,
      "geometry": {
        "type": "Point",
        "coordinates": [
          -96.8227409997394,
          32.4922744996362
        ]
      },
      "properties": {
        "OBJECTID": 206072,
        "CROSSING": "415337C",
        "EFFDATE": 1736812800000,
        "REASON": "14",
        "StateCode": "48",
        "CountyCode": "48139",
        "STCYFIPS": "48139",
        "CITYCD": "481397270",
        "RAILROAD": "BNSF",
        "RRDIV": "RED RIVER",
        "RRSUBDIV": "DFW",
        "HIGHWAY": "US-77",
        "STREET": "US 0077",
        "TTSTN": "667522",
        "MILEPOST": "0789.980",
        "TYPEXING": "Public",
        "POSXING": "RR Over",
        "PRVCAT": "14",
        "INIT": "1",
        "LATITUDE": 32.4922745,
        "LONGITUD": -96.822741,
        "LLSOURCE": "1",
        "WHISTBAN": "0",
        "RRCONT": "8173521549",
        "POLCONT": "8008325452",
        "INV_LINK": "https://safetydata.fra.dot.gov/OfficeofSafety/PublicSite/Crossing/Crossing.aspx?phasetype=C&rpttype=I&txtcrossingnum=415337C",
        "ACC_LINK": "https://safetydata.fra.dot.gov/OfficeofSafety/PublicSite/Crossing/Crossing.aspx?phasetype=C&rpttype=A&txtcrossingnum=415337C",
        "TTSTNNAM": "RED OAK",
        "XPURPOSE": "1",
        "OPERATINGR": "BNSF",
        "OPERATIN_1": "Primary",
        "DAYTHRU": 2,
        "NGHTTHRU": 1,
        "MAINTRK": 1,
        "SIDINGTRK": 0,
        "YARDTRK": 0,
        "TRANSITTRK": 0,
        "INDUSTRYTR": 0,
        "OTHRTRK": 0,
        "WDCODE": "",
        "REVISIONDA": "1996/01/01 00:00:00",
        "LASTUPDATE": "1/14/2025",
        "AADT": "010700",
        "AADTYEAR": "2009",
        "STATENAME": "TEXAS",
        "STATEAB": "TX",
        "COUNTYNAME": "ELLIS",
        "CITYNAME": "WAXAHACHIE",
        "LATDD": 32.4922745,
        "LONGDD": -96.822741,
        "gridlyProductionCertified": true,
        "gridlyClassification": "PUBLIC_ROADWAY",
        "gridlyDisplayName": "US 0077",
        "gridlyId": "FRA-415337C"
      }
    },
    {
      "type": "Feature",
      "id": 206073,
      "geometry": {
        "type": "Point",
        "coordinates": [
          -96.8338760003683,
          32.4736919997078
        ]
      },
      "properties": {
        "OBJECTID": 206073,
        "CROSSING": "415338J",
        "EFFDATE": 1736812800000,
        "REASON": "14",
        "StateCode": "48",
        "CountyCode": "48139",
        "STCYFIPS": "48139",
        "CITYCD": "481397270",
        "RAILROAD": "BNSF",
        "RRDIV": "RED RIVER",
        "RRSUBDIV": "DFW",
        "HIGHWAY": "CO 0000",
        "STREET": "STERRET RD",
        "TTSTN": "667524",
        "MILEPOST": "0791.281",
        "TYPEXING": "Public",
        "POSXING": "At Grade",
        "PRVCAT": "14",
        "INIT": "1",
        "LATITUDE": 32.473692,
        "LONGITUD": -96.833876,
        "LLSOURCE": "1",
        "WHISTBAN": "0",
        "RRCONT": "8173521549",
        "POLCONT": "8008325452",
        "INV_LINK": "https://safetydata.fra.dot.gov/OfficeofSafety/PublicSite/Crossing/Crossing.aspx?phasetype=C&rpttype=I&txtcrossingnum=415338J",
        "ACC_LINK": "https://safetydata.fra.dot.gov/OfficeofSafety/PublicSite/Crossing/Crossing.aspx?phasetype=C&rpttype=A&txtcrossingnum=415338J",
        "TTSTNNAM": "STERRETT",
        "XPURPOSE": "1",
        "OPERATINGR": "BNSF",
        "OPERATIN_1": "Primary",
        "DAYTHRU": 2,
        "NGHTTHRU": 1,
        "MAINTRK": 1,
        "SIDINGTRK": 1,
        "YARDTRK": 0,
        "TRANSITTRK": 0,
        "INDUSTRYTR": 0,
        "OTHRTRK": 1,
        "WDCODE": "All other Gates",
        "REVISIONDA": "1996/01/01 00:00:00",
        "LASTUPDATE": "1/14/2025",
        "AADT": "1115",
        "AADTYEAR": "2019",
        "STATENAME": "TEXAS",
        "STATEAB": "TX",
        "COUNTYNAME": "ELLIS",
        "CITYNAME": "WAXAHACHIE",
        "LATDD": 32.473692,
        "LONGDD": -96.833876,
        "gridlyProductionCertified": true,
        "gridlyClassification": "PUBLIC_ROADWAY",
        "gridlyDisplayName": "STERRET RD",
        "gridlyId": "FRA-415338J"
      }
    },
    {
      "type": "Feature",
      "id": 206074,
      "geometry": {
        "type": "Point",
        "coordinates": [
          -96.851811999588,
          32.4264389999025
        ]
      },
      "properties": {
        "OBJECTID": 206074,
        "CROSSING": "415343F",
        "EFFDATE": 1736812800000,
        "REASON": "14",
        "StateCode": "48",
        "CountyCode": "48139",
        "STCYFIPS": "48139",
        "CITYCD": "481397270",
        "RAILROAD": "BNSF",
        "RRDIV": "RED RIVER",
        "RRSUBDIV": "DFW",
        "HIGHWAY": "CO 0000",
        "STREET": "SOLON RD",
        "TTSTN": "667551",
        "MILEPOST": "0794.739",
        "TYPEXING": "Public",
        "POSXING": "At Grade",
        "PRVCAT": "14",
        "INIT": "1",
        "LATITUDE": 32.426439,
        "LONGITUD": -96.851812,
        "LLSOURCE": "1",
        "WHISTBAN": "0",
        "RRCONT": "8173521549",
        "POLCONT": "8008325452",
        "INV_LINK": "https://safetydata.fra.dot.gov/OfficeofSafety/PublicSite/Crossing/Crossing.aspx?phasetype=C&rpttype=I&txtcrossingnum=415343F",
        "ACC_LINK": "https://safetydata.fra.dot.gov/OfficeofSafety/PublicSite/Crossing/Crossing.aspx?phasetype=C&rpttype=A&txtcrossingnum=415343F",
        "TTSTNNAM": "ARMAGLASS",
        "XPURPOSE": "1",
        "OPERATINGR": "BNSF",
        "OPERATIN_1": "Primary",
        "DAYTHRU": 2,
        "NGHTTHRU": 1,
        "MAINTRK": 1,
        "SIDINGTRK": 0,
        "YARDTRK": 1,
        "TRANSITTRK": 0,
        "INDUSTRYTR": 0,
        "OTHRTRK": 1,
        "WDCODE": "All other Gates",
        "REVISIONDA": "1996/01/01 00:00:00",
        "LASTUPDATE": "1/14/2025",
        "AADT": "1145",
        "AADTYEAR": "2019",
        "STATENAME": "TEXAS",
        "STATEAB": "TX",
        "COUNTYNAME": "ELLIS",
        "CITYNAME": "WAXAHACHIE",
        "LATDD": 32.426439,
        "LONGDD": -96.851812,
        "gridlyProductionCertified": true,
        "gridlyClassification": "PUBLIC_ROADWAY",
        "gridlyDisplayName": "SOLON RD",
        "gridlyId": "FRA-415343F"
      }
    },
    {
      "type": "Feature",
      "id": 206078,
      "geometry": {
        "type": "Point",
        "coordinates": [
          -96.852913999778,
          32.4234462000347
        ]
      },
      "properties": {
        "OBJECTID": 206078,
        "CROSSING": "415344M",
        "EFFDATE": 1736812800000,
        "REASON": "14",
        "StateCode": "48",
        "CountyCode": "48139",
        "STCYFIPS": "48139",
        "CITYCD": "481397270",
        "RAILROAD": "BNSF",
        "RRDIV": "RED RIVER",
        "RRSUBDIV": "DFW",
        "HIGHWAY": "US 287",
        "STREET": "US 0287",
        "TTSTN": "667551",
        "MILEPOST": "0794.992",
        "TYPEXING": "Public",
        "POSXING": "RR Under",
        "PRVCAT": "14",
        "INIT": "1",
        "LATITUDE": 32.4234462,
        "LONGITUD": -96.852914,
        "LLSOURCE": "1",
        "WHISTBAN": "0",
        "RRCONT": "8173521549",
        "POLCONT": "8008325452",
        "INV_LINK": "https://safetydata.fra.dot.gov/OfficeofSafety/PublicSite/Crossing/Crossing.aspx?phasetype=C&rpttype=I&txtcrossingnum=415344M",
        "ACC_LINK": "https://safetydata.fra.dot.gov/OfficeofSafety/PublicSite/Crossing/Crossing.aspx?phasetype=C&rpttype=A&txtcrossingnum=415344M",
        "TTSTNNAM": "ARMAGLASS",
        "XPURPOSE": "1",
        "OPERATINGR": "BNSF",
        "OPERATIN_1": "Primary",
        "DAYTHRU": 2,
        "NGHTTHRU": 1,
        "MAINTRK": 1,
        "SIDINGTRK": 0,
        "YARDTRK": 0,
        "TRANSITTRK": 0,
        "INDUSTRYTR": 0,
        "OTHRTRK": 0,
        "WDCODE": "",
        "REVISIONDA": "1996/01/01 00:00:00",
        "LASTUPDATE": "1/14/2025",
        "AADT": "017210",
        "AADTYEAR": "2009",
        "STATENAME": "TEXAS",
        "STATEAB": "TX",
        "COUNTYNAME": "ELLIS",
        "CITYNAME": "WAXAHACHIE",
        "LATDD": 32.4234462,
        "LONGDD": -96.852914,
        "gridlyProductionCertified": true,
        "gridlyClassification": "PUBLIC_ROADWAY",
        "gridlyDisplayName": "US 0287",
        "gridlyId": "FRA-415344M"
      }
    },
    {
      "type": "Feature",
      "id": 206079,
      "geometry": {
        "type": "Point",
        "coordinates": [
          -96.8588599998475,
          32.394215800025
        ]
      },
      "properties": {
        "OBJECTID": 206079,
        "CROSSING": "415349W",
        "EFFDATE": 1736899200000,
        "REASON": "14",
        "StateCode": "48",
        "CountyCode": "48139",
        "STCYFIPS": "48139",
        "CITYCD": "481397270",
        "RAILROAD": "BNSF",
        "RRDIV": "RED RIVER",
        "RRSUBDIV": "DFW",
        "HIGHWAY": "BU 0287",
        "STREET": "W MAIN",
        "TTSTN": "667550",
        "MILEPOST": "0797.150",
        "TYPEXING": "Public",
        "POSXING": "At Grade",
        "PRVCAT": "14",
        "INIT": "1",
        "LATITUDE": 32.3942158,
        "LONGITUD": -96.85886,
        "LLSOURCE": "1",
        "WHISTBAN": "0",
        "RRCONT": "8173521549",
        "POLCONT": "8008325452",
        "INV_LINK": "https://safetydata.fra.dot.gov/OfficeofSafety/PublicSite/Crossing/Crossing.aspx?phasetype=C&rpttype=I&txtcrossingnum=415349W",
        "ACC_LINK": "https://safetydata.fra.dot.gov/OfficeofSafety/PublicSite/Crossing/Crossing.aspx?phasetype=C&rpttype=A&txtcrossingnum=415349W",
        "TTSTNNAM": "WAXAHACHIE",
        "XPURPOSE": "1",
        "OPERATINGR": "BNSF",
        "OPERATIN_1": "Primary",
        "DAYTHRU": 2,
        "NGHTTHRU": 1,
        "MAINTRK": 1,
        "SIDINGTRK": 0,
        "YARDTRK": 0,
        "TRANSITTRK": 0,
        "INDUSTRYTR": 0,
        "OTHRTRK": 0,
        "WDCODE": "All other Gates",
        "REVISIONDA": "1996/01/01 00:00:00",
        "LASTUPDATE": "1/15/2025",
        "AADT": "004300",
        "AADTYEAR": "2009",
        "STATENAME": "TEXAS",
        "STATEAB": "TX",
        "COUNTYNAME": "ELLIS",
        "CITYNAME": "WAXAHACHIE",
        "LATDD": 32.3942158,
        "LONGDD": -96.85886,
        "gridlyProductionCertified": true,
        "gridlyClassification": "PUBLIC_ROADWAY",
        "gridlyDisplayName": "W MAIN",
        "gridlyId": "FRA-415349W"
      }
    },
    {
      "type": "Feature",
      "id": 206086,
      "geometry": {
        "type": "Point",
        "coordinates": [
          -96.8581839996299,
          32.3919738996281
        ]
      },
      "properties": {
        "OBJECTID": 206086,
        "CROSSING": "415350R",
        "EFFDATE": 1736899200000,
        "REASON": "14",
        "StateCode": "48",
        "CountyCode": "48139",
        "STCYFIPS": "48139",
        "CITYCD": "481397270",
        "RAILROAD": "BNSF",
        "RRDIV": "RED RIVER",
        "RRSUBDIV": "DFW",
        "HIGHWAY": "ST 0000",
        "STREET": "W JEFFERSON",
        "TTSTN": "667550",
        "MILEPOST": "0797.233",
        "TYPEXING": "Public",
        "POSXING": "At Grade",
        "PRVCAT": "14",
        "INIT": "1",
        "LATITUDE": 32.3919739,
        "LONGITUD": -96.858184,
        "LLSOURCE": "1",
        "WHISTBAN": "0",
        "RRCONT": "8173521549",
        "POLCONT": "8008325452",
        "INV_LINK": "https://safetydata.fra.dot.gov/OfficeofSafety/PublicSite/Crossing/Crossing.aspx?phasetype=C&rpttype=I&txtcrossingnum=415350R",
        "ACC_LINK": "https://safetydata.fra.dot.gov/OfficeofSafety/PublicSite/Crossing/Crossing.aspx?phasetype=C&rpttype=A&txtcrossingnum=415350R",
        "TTSTNNAM": "WAXAHACHIE",
        "XPURPOSE": "1",
        "OPERATINGR": "BNSF",
        "OPERATIN_1": "Primary",
        "DAYTHRU": 2,
        "NGHTTHRU": 1,
        "MAINTRK": 1,
        "SIDINGTRK": 0,
        "YARDTRK": 0,
        "TRANSITTRK": 0,
        "INDUSTRYTR": 0,
        "OTHRTRK": 0,
        "WDCODE": "All other Gates",
        "REVISIONDA": "1996/01/01 00:00:00",
        "LASTUPDATE": "1/15/2025",
        "AADT": "486",
        "AADTYEAR": "2019",
        "STATENAME": "TEXAS",
        "STATEAB": "TX",
        "COUNTYNAME": "ELLIS",
        "CITYNAME": "WAXAHACHIE",
        "LATDD": 32.3919739,
        "LONGDD": -96.858184,
        "gridlyProductionCertified": true,
        "gridlyClassification": "PUBLIC_ROADWAY",
        "gridlyDisplayName": "W JEFFERSON",
        "gridlyId": "FRA-415350R"
      }
    },
    {
      "type": "Feature",
      "id": 206087,
      "geometry": {
        "type": "Point",
        "coordinates": [
          -96.8557950002004,
          32.3870883998424
        ]
      },
      "properties": {
        "OBJECTID": 206087,
        "CROSSING": "415351X",
        "EFFDATE": 1736899200000,
        "REASON": "14",
        "StateCode": "48",
        "CountyCode": "48139",
        "STCYFIPS": "48139",
        "CITYCD": "481397270",
        "RAILROAD": "BNSF",
        "RRDIV": "RED RIVER",
        "RRSUBDIV": "DFW",
        "HIGHWAY": "ST 0000",
        "STREET": "S HAWKINS",
        "TTSTN": "667550",
        "MILEPOST": "0797.600",
        "TYPEXING": "Public",
        "POSXING": "At Grade",
        "PRVCAT": "14",
        "INIT": "1",
        "LATITUDE": 32.3870884,
        "LONGITUD": -96.855795,
        "LLSOURCE": "1",
        "WHISTBAN": "0",
        "RRCONT": "8173521549",
        "POLCONT": "8008325452",
        "INV_LINK": "https://safetydata.fra.dot.gov/OfficeofSafety/PublicSite/Crossing/Crossing.aspx?phasetype=C&rpttype=I&txtcrossingnum=415351X",
        "ACC_LINK": "https://safetydata.fra.dot.gov/OfficeofSafety/PublicSite/Crossing/Crossing.aspx?phasetype=C&rpttype=A&txtcrossingnum=415351X",
        "TTSTNNAM": "WAXAHACHIE",
        "XPURPOSE": "1",
        "OPERATINGR": "BNSF",
        "OPERATIN_1": "Primary",
        "DAYTHRU": 2,
        "NGHTTHRU": 1,
        "MAINTRK": 1,
        "SIDINGTRK": 0,
        "YARDTRK": 0,
        "TRANSITTRK": 0,
        "INDUSTRYTR": 0,
        "OTHRTRK": 0,
        "WDCODE": "All other Gates",
        "REVISIONDA": "1996/01/01 00:00:00",
        "LASTUPDATE": "1/15/2025",
        "AADT": "91",
        "AADTYEAR": "2019",
        "STATENAME": "TEXAS",
        "STATEAB": "TX",
        "COUNTYNAME": "ELLIS",
        "CITYNAME": "WAXAHACHIE",
        "LATDD": 32.3870884,
        "LONGDD": -96.855795,
        "gridlyProductionCertified": true,
        "gridlyClassification": "PUBLIC_ROADWAY",
        "gridlyDisplayName": "S HAWKINS",
        "gridlyId": "FRA-415351X"
      }
    },
    {
      "type": "Feature",
      "id": 206093,
      "geometry": {
        "type": "Point",
        "coordinates": [
          -96.8050859998288,
          32.5121762996437
        ]
      },
      "properties": {
        "OBJECTID": 206093,
        "CROSSING": "415335N",
        "EFFDATE": 1736812800000,
        "REASON": "14",
        "StateCode": "48",
        "CountyCode": "48139",
        "STCYFIPS": "48139",
        "CITYCD": "481395685",
        "RAILROAD": "BNSF",
        "RRDIV": "RED RIVER",
        "RRSUBDIV": "DFW",
        "HIGHWAY": "ST 0000",
        "STREET": "WATER ST",
        "TTSTN": "667522",
        "MILEPOST": "0788.200",
        "TYPEXING": "Public",
        "POSXING": "At Grade",
        "PRVCAT": "14",
        "INIT": "1",
        "LATITUDE": 32.5121763,
        "LONGITUD": -96.805086,
        "LLSOURCE": "1",
        "WHISTBAN": "0",
        "RRCONT": "8173521549",
        "POLCONT": "8008325452",
        "INV_LINK": "https://safetydata.fra.dot.gov/OfficeofSafety/PublicSite/Crossing/Crossing.aspx?phasetype=C&rpttype=I&txtcrossingnum=415335N",
        "ACC_LINK": "https://safetydata.fra.dot.gov/OfficeofSafety/PublicSite/Crossing/Crossing.aspx?phasetype=C&rpttype=A&txtcrossingnum=415335N",
        "TTSTNNAM": "RED OAK",
        "XPURPOSE": "1",
        "OPERATINGR": "BNSF",
        "OPERATIN_1": "Primary",
        "DAYTHRU": 2,
        "NGHTTHRU": 1,
        "MAINTRK": 1,
        "SIDINGTRK": 0,
        "YARDTRK": 0,
        "TRANSITTRK": 0,
        "INDUSTRYTR": 0,
        "OTHRTRK": 0,
        "WDCODE": "All other Gates",
        "REVISIONDA": "1996/01/01 00:00:00",
        "LASTUPDATE": "1/14/2025",
        "AADT": "622",
        "AADTYEAR": "2019",
        "STATENAME": "TEXAS",
        "STATEAB": "TX",
        "COUNTYNAME": "ELLIS",
        "CITYNAME": "RED OAK",
        "LATDD": 32.5121763,
        "LONGDD": -96.805086,
        "gridlyProductionCertified": true,
        "gridlyClassification": "PUBLIC_ROADWAY",
        "gridlyDisplayName": "WATER ST",
        "gridlyId": "FRA-415335N"
      }
    },
    {
      "type": "Feature",
      "id": 206094,
      "geometry": {
        "type": "Point",
        "coordinates": [
          -96.8173649995822,
          32.4973037999016
        ]
      },
      "properties": {
        "OBJECTID": 206094,
        "CROSSING": "415336V",
        "EFFDATE": 1736812800000,
        "REASON": "14",
        "StateCode": "48",
        "CountyCode": "48139",
        "STCYFIPS": "48139",
        "CITYCD": "481395685",
        "RAILROAD": "BNSF",
        "RRDIV": "RED RIVER",
        "RRSUBDIV": "DFW",
        "HIGHWAY": "Not Yet Reported by State",
        "STREET": "GOLF COURSE",
        "TTSTN": "667522",
        "MILEPOST": "0789.425",
        "TYPEXING": "Private",
        "POSXING": "At Grade",
        "PRVCAT": "14",
        "INIT": "1",
        "LATITUDE": 32.4973038,
        "LONGITUD": -96.817365,
        "LLSOURCE": "1",
        "WHISTBAN": "0",
        "RRCONT": "8173521549",
        "POLCONT": "8008325452",
        "INV_LINK": "https://safetydata.fra.dot.gov/OfficeofSafety/PublicSite/Crossing/Crossing.aspx?phasetype=C&rpttype=I&txtcrossingnum=415336V",
        "ACC_LINK": "https://safetydata.fra.dot.gov/OfficeofSafety/PublicSite/Crossing/Crossing.aspx?phasetype=C&rpttype=A&txtcrossingnum=415336V",
        "TTSTNNAM": "RED OAK",
        "XPURPOSE": "1",
        "OPERATINGR": "BNSF",
        "OPERATIN_1": "Primary",
        "DAYTHRU": 2,
        "NGHTTHRU": 1,
        "MAINTRK": 1,
        "SIDINGTRK": 0,
        "YARDTRK": 0,
        "TRANSITTRK": 0,
        "INDUSTRYTR": 0,
        "OTHRTRK": 0,
        "WDCODE": "",
        "REVISIONDA": "1996/01/01 00:00:00",
        "LASTUPDATE": "1/14/2025",
        "AADT": "",
        "AADTYEAR": "1970",
        "STATENAME": "TEXAS",
        "STATEAB": "TX",
        "COUNTYNAME": "ELLIS",
        "CITYNAME": "RED OAK",
        "LATDD": 32.4973038,
        "LONGDD": -96.817365,
        "gridlyProductionCertified": true,
        "gridlyClassification": "PUBLIC_ROADWAY",
        "gridlyDisplayName": "GOLF COURSE",
        "gridlyId": "FRA-415336V"
      }
    },
    {
      "type": "Feature",
      "id": 206095,
      "geometry": {
        "type": "Point",
        "coordinates": [
          -96.8396600000562,
          32.4594472000465
        ]
      },
      "properties": {
        "OBJECTID": 206095,
        "CROSSING": "415379N",
        "EFFDATE": 1736899200000,
        "REASON": "14",
        "StateCode": "48",
        "CountyCode": "48139",
        "STCYFIPS": "48139",
        "CITYCD": "481397270",
        "RAILROAD": "BNSF",
        "RRDIV": "RED RIVER",
        "RRSUBDIV": "DFW",
        "HIGHWAY": "FM 0387",
        "STREET": "FM-387",
        "TTSTN": "667524",
        "MILEPOST": "0792.390",
        "TYPEXING": "Public",
        "POSXING": "At Grade",
        "PRVCAT": "14",
        "INIT": "1",
        "LATITUDE": 32.4594472,
        "LONGITUD": -96.83966,
        "LLSOURCE": "1",
        "WHISTBAN": "0",
        "RRCONT": "8173521549",
        "POLCONT": "8008325452",
        "INV_LINK": "https://safetydata.fra.dot.gov/OfficeofSafety/PublicSite/Crossing/Crossing.aspx?phasetype=C&rpttype=I&txtcrossingnum=415379N",
        "ACC_LINK": "https://safetydata.fra.dot.gov/OfficeofSafety/PublicSite/Crossing/Crossing.aspx?phasetype=C&rpttype=A&txtcrossingnum=415379N",
        "TTSTNNAM": "STERRETT",
        "XPURPOSE": "1",
        "OPERATINGR": "BNSF",
        "OPERATIN_1": "Primary",
        "DAYTHRU": 2,
        "NGHTTHRU": 1,
        "MAINTRK": 1,
        "SIDINGTRK": 0,
        "YARDTRK": 0,
        "TRANSITTRK": 0,
        "INDUSTRYTR": 0,
        "OTHRTRK": 0,
        "WDCODE": "All other Gates",
        "REVISIONDA": "1996/01/01 00:00:00",
        "LASTUPDATE": "1/15/2025",
        "AADT": "6827",
        "AADTYEAR": "2019",
        "STATENAME": "TEXAS",
        "STATEAB": "TX",
        "COUNTYNAME": "ELLIS",
        "CITYNAME": "WAXAHACHIE",
        "LATDD": 32.4594472,
        "LONGDD": -96.83966,
        "gridlyProductionCertified": true,
        "gridlyClassification": "PUBLIC_ROADWAY",
        "gridlyDisplayName": "FM-387",
        "gridlyId": "FRA-415379N"
      }
    },
    {
      "type": "Feature",
      "id": 206100,
      "geometry": {
        "type": "Point",
        "coordinates": [
          -96.8527439998986,
          32.4239074996354
        ]
      },
      "properties": {
        "OBJECTID": 206100,
        "CROSSING": "415871G",
        "EFFDATE": 1736899200000,
        "REASON": "14",
        "StateCode": "48",
        "CountyCode": "48139",
        "STCYFIPS": "48139",
        "CITYCD": "481397270",
        "RAILROAD": "BNSF",
        "RRDIV": "RED RIVER",
        "RRSUBDIV": "DFW",
        "HIGHWAY": "US 0287",
        "STREET": "US 287 FRTG RD",
        "TTSTN": "667551",
        "MILEPOST": "0794.929",
        "TYPEXING": "Public",
        "POSXING": "At Grade",
        "PRVCAT": "14",
        "INIT": "1",
        "LATITUDE": 32.4239075,
        "LONGITUD": -96.852744,
        "LLSOURCE": "1",
        "WHISTBAN": "0",
        "RRCONT": "8173521549",
        "POLCONT": "8008325452",
        "INV_LINK": "https://safetydata.fra.dot.gov/OfficeofSafety/PublicSite/Crossing/Crossing.aspx?phasetype=C&rpttype=I&txtcrossingnum=415871G",
        "ACC_LINK": "https://safetydata.fra.dot.gov/OfficeofSafety/PublicSite/Crossing/Crossing.aspx?phasetype=C&rpttype=A&txtcrossingnum=415871G",
        "TTSTNNAM": "ARMAGLASS",
        "XPURPOSE": "1",
        "OPERATINGR": "BNSF",
        "OPERATIN_1": "Primary",
        "DAYTHRU": 2,
        "NGHTTHRU": 1,
        "MAINTRK": 1,
        "SIDINGTRK": 0,
        "YARDTRK": 1,
        "TRANSITTRK": 0,
        "INDUSTRYTR": 0,
        "OTHRTRK": 1,
        "WDCODE": "All other Gates",
        "REVISIONDA": "1996/01/01 00:00:00",
        "LASTUPDATE": "1/15/2025",
        "AADT": "6836",
        "AADTYEAR": "2019",
        "STATENAME": "TEXAS",
        "STATEAB": "TX",
        "COUNTYNAME": "ELLIS",
        "CITYNAME": "WAXAHACHIE",
        "LATDD": 32.4239075,
        "LONGDD": -96.852744,
        "gridlyProductionCertified": true,
        "gridlyClassification": "PUBLIC_ROADWAY",
        "gridlyDisplayName": "US 287 FRTG RD",
        "gridlyId": "FRA-415871G"
      }
    },
    {
      "type": "Feature",
      "id": 206101,
      "geometry": {
        "type": "Point",
        "coordinates": [
          -96.8532259999475,
          32.4225825002244
        ]
      },
      "properties": {
        "OBJECTID": 206101,
        "CROSSING": "415872N",
        "EFFDATE": 1736899200000,
        "REASON": "14",
        "StateCode": "48",
        "CountyCode": "48139",
        "STCYFIPS": "48139",
        "CITYCD": "481397270",
        "RAILROAD": "BNSF",
        "RRDIV": "RED RIVER",
        "RRSUBDIV": "DFW",
        "HIGHWAY": "US 0287",
        "STREET": "US 287 FRTG RD",
        "TTSTN": "667551",
        "MILEPOST": "0795.043",
        "TYPEXING": "Public",
        "POSXING": "At Grade",
        "PRVCAT": "14",
        "INIT": "1",
        "LATITUDE": 32.4225825,
        "LONGITUD": -96.853226,
        "LLSOURCE": "1",
        "WHISTBAN": "0",
        "RRCONT": "8173521549",
        "POLCONT": "8008325452",
        "INV_LINK": "https://safetydata.fra.dot.gov/OfficeofSafety/PublicSite/Crossing/Crossing.aspx?phasetype=C&rpttype=I&txtcrossingnum=415872N",
        "ACC_LINK": "https://safetydata.fra.dot.gov/OfficeofSafety/PublicSite/Crossing/Crossing.aspx?phasetype=C&rpttype=A&txtcrossingnum=415872N",
        "TTSTNNAM": "ARMAGLASS",
        "XPURPOSE": "1",
        "OPERATINGR": "BNSF",
        "OPERATIN_1": "Primary",
        "DAYTHRU": 2,
        "NGHTTHRU": 1,
        "MAINTRK": 1,
        "SIDINGTRK": 0,
        "YARDTRK": 0,
        "TRANSITTRK": 0,
        "INDUSTRYTR": 0,
        "OTHRTRK": 0,
        "WDCODE": "All other Gates",
        "REVISIONDA": "1996/01/01 00:00:00",
        "LASTUPDATE": "1/15/2025",
        "AADT": "8144",
        "AADTYEAR": "2019",
        "STATENAME": "TEXAS",
        "STATEAB": "TX",
        "COUNTYNAME": "ELLIS",
        "CITYNAME": "WAXAHACHIE",
        "LATDD": 32.4225825,
        "LONGDD": -96.853226,
        "gridlyProductionCertified": true,
        "gridlyClassification": "PUBLIC_ROADWAY",
        "gridlyDisplayName": "US 287 FRTG RD",
        "gridlyId": "FRA-415872N"
      }
    },
    {
      "type": "Feature",
      "id": 206144,
      "geometry": {
        "type": "Point",
        "coordinates": [
          -96.6214700000219,
          32.2240380002133
        ]
      },
      "properties": {
        "OBJECTID": 206144,
        "CROSSING": "597276P",
        "EFFDATE": 1736899200000,
        "REASON": "14",
        "StateCode": "48",
        "CountyCode": "48139",
        "STCYFIPS": "48139",
        "CITYCD": "481390430",
        "RAILROAD": "BNSF",
        "RRDIV": "RED RIVER",
        "RRSUBDIV": "DFW",
        "HIGHWAY": "CO 0000",
        "STREET": "CR 0257",
        "TTSTN": "667574",
        "MILEPOST": "0253.380",
        "TYPEXING": "Public",
        "POSXING": "At Grade",
        "PRVCAT": "14",
        "INIT": "1",
        "LATITUDE": 32.224038,
        "LONGITUD": -96.62147,
        "LLSOURCE": "1",
        "WHISTBAN": "0",
        "RRCONT": "8173521549",
        "POLCONT": "8008325452",
        "INV_LINK": "https://safetydata.fra.dot.gov/OfficeofSafety/PublicSite/Crossing/Crossing.aspx?phasetype=C&rpttype=I&txtcrossingnum=597276P",
        "ACC_LINK": "https://safetydata.fra.dot.gov/OfficeofSafety/PublicSite/Crossing/Crossing.aspx?phasetype=C&rpttype=A&txtcrossingnum=597276P",
        "TTSTNNAM": "BARDWELL",
        "XPURPOSE": "1",
        "OPERATINGR": "BNSF",
        "OPERATIN_1": "Primary",
        "DAYTHRU": 2,
        "NGHTTHRU": 2,
        "MAINTRK": 1,
        "SIDINGTRK": 0,
        "YARDTRK": 0,
        "TRANSITTRK": 0,
        "INDUSTRYTR": 0,
        "OTHRTRK": 0,
        "WDCODE": "Crossbucks",
        "REVISIONDA": "1996/01/01 00:00:00",
        "LASTUPDATE": "1/15/2025",
        "AADT": "21",
        "AADTYEAR": "2019",
        "STATENAME": "TEXAS",
        "STATEAB": "TX",
        "COUNTYNAME": "ELLIS",
        "CITYNAME": "BARDWELL",
        "LATDD": 32.224038,
        "LONGDD": -96.62147,
        "gridlyProductionCertified": true,
        "gridlyClassification": "PUBLIC_ROADWAY",
        "gridlyDisplayName": "CR 0257",
        "gridlyId": "FRA-597276P"
      }
    },
    {
      "type": "Feature",
      "id": 206145,
      "geometry": {
        "type": "Point",
        "coordinates": [
          -96.6428509997286,
          32.2335009997681
        ]
      },
      "properties": {
        "OBJECTID": 206145,
        "CROSSING": "597277W",
        "EFFDATE": 1736899200000,
        "REASON": "14",
        "StateCode": "48",
        "CountyCode": "48139",
        "STCYFIPS": "48139",
        "CITYCD": "481390430",
        "RAILROAD": "BNSF",
        "RRDIV": "RED RIVER",
        "RRSUBDIV": "DFW",
        "HIGHWAY": "CO 0000",
        "STREET": "PRIVATE",
        "TTSTN": "667574",
        "MILEPOST": "0254.750",
        "TYPEXING": "Public",
        "POSXING": "At Grade",
        "PRVCAT": "14",
        "INIT": "1",
        "LATITUDE": 32.233501,
        "LONGITUD": -96.642851,
        "LLSOURCE": "1",
        "WHISTBAN": "0",
        "RRCONT": "8173521549",
        "POLCONT": "8008325452",
        "INV_LINK": "https://safetydata.fra.dot.gov/OfficeofSafety/PublicSite/Crossing/Crossing.aspx?phasetype=C&rpttype=I&txtcrossingnum=597277W",
        "ACC_LINK": "https://safetydata.fra.dot.gov/OfficeofSafety/PublicSite/Crossing/Crossing.aspx?phasetype=C&rpttype=A&txtcrossingnum=597277W",
        "TTSTNNAM": "BARDWELL",
        "XPURPOSE": "1",
        "OPERATINGR": "BNSF",
        "OPERATIN_1": "Primary",
        "DAYTHRU": 2,
        "NGHTTHRU": 2,
        "MAINTRK": 1,
        "SIDINGTRK": 0,
        "YARDTRK": 0,
        "TRANSITTRK": 0,
        "INDUSTRYTR": 0,
        "OTHRTRK": 0,
        "WDCODE": "Crossbucks",
        "REVISIONDA": "1996/01/01 00:00:00",
        "LASTUPDATE": "1/15/2025",
        "AADT": "000020",
        "AADTYEAR": "",
        "STATENAME": "TEXAS",
        "STATEAB": "TX",
        "COUNTYNAME": "ELLIS",
        "CITYNAME": "BARDWELL",
        "LATDD": 32.233501,
        "LONGDD": -96.642851,
        "gridlyProductionCertified": true,
        "gridlyClassification": "PUBLIC_ROADWAY",
        "gridlyDisplayName": "PRIVATE",
        "gridlyId": "FRA-597277W"
      }
    },
    {
      "type": "Feature",
      "id": 206146,
      "geometry": {
        "type": "Point",
        "coordinates": [
          -96.659633999603,
          32.2424670002192
        ]
      },
      "properties": {
        "OBJECTID": 206146,
        "CROSSING": "597278D",
        "EFFDATE": 1736899200000,
        "REASON": "14",
        "StateCode": "48",
        "CountyCode": "48139",
        "STCYFIPS": "48139",
        "CITYCD": "481390430",
        "RAILROAD": "BNSF",
        "RRDIV": "RED RIVER",
        "RRSUBDIV": "DFW",
        "HIGHWAY": "FM 0985",
        "STREET": "FM 0985",
        "TTSTN": "667574",
        "MILEPOST": "0255.950",
        "TYPEXING": "Public",
        "POSXING": "At Grade",
        "PRVCAT": "14",
        "INIT": "1",
        "LATITUDE": 32.242467,
        "LONGITUD": -96.659634,
        "LLSOURCE": "1",
        "WHISTBAN": "0",
        "RRCONT": "8173521549",
        "POLCONT": "8008325452",
        "INV_LINK": "https://safetydata.fra.dot.gov/OfficeofSafety/PublicSite/Crossing/Crossing.aspx?phasetype=C&rpttype=I&txtcrossingnum=597278D",
        "ACC_LINK": "https://safetydata.fra.dot.gov/OfficeofSafety/PublicSite/Crossing/Crossing.aspx?phasetype=C&rpttype=A&txtcrossingnum=597278D",
        "TTSTNNAM": "BARDWELL",
        "XPURPOSE": "1",
        "OPERATINGR": "BNSF",
        "OPERATIN_1": "Primary",
        "DAYTHRU": 2,
        "NGHTTHRU": 2,
        "MAINTRK": 1,
        "SIDINGTRK": 0,
        "YARDTRK": 0,
        "TRANSITTRK": 0,
        "INDUSTRYTR": 0,
        "OTHRTRK": 0,
        "WDCODE": "All other Gates",
        "REVISIONDA": "1996/01/01 00:00:00",
        "LASTUPDATE": "1/15/2025",
        "AADT": "221",
        "AADTYEAR": "2019",
        "STATENAME": "TEXAS",
        "STATEAB": "TX",
        "COUNTYNAME": "ELLIS",
        "CITYNAME": "BARDWELL",
        "LATDD": 32.242467,
        "LONGDD": -96.659634,
        "gridlyProductionCertified": true,
        "gridlyClassification": "PUBLIC_ROADWAY",
        "gridlyDisplayName": "FM 0985",
        "gridlyId": "FRA-597278D"
      }
    },
    {
      "type": "Feature",
      "id": 206147,
      "geometry": {
        "type": "Point",
        "coordinates": [
          -96.6648409997058,
          32.2458046999837
        ]
      },
      "properties": {
        "OBJECTID": 206147,
        "CROSSING": "597279K",
        "EFFDATE": 1736899200000,
        "REASON": "14",
        "StateCode": "48",
        "CountyCode": "48139",
        "STCYFIPS": "48139",
        "CITYCD": "481390430",
        "RAILROAD": "BNSF",
        "RRDIV": "RED RIVER",
        "RRSUBDIV": "DFW",
        "HIGHWAY": "CO 0000",
        "STREET": "CR 0268",
        "TTSTN": "667574",
        "MILEPOST": "0256.260",
        "TYPEXING": "Public",
        "POSXING": "At Grade",
        "PRVCAT": "14",
        "INIT": "1",
        "LATITUDE": 32.2458047,
        "LONGITUD": -96.664841,
        "LLSOURCE": "1",
        "WHISTBAN": "0",
        "RRCONT": "8173521549",
        "POLCONT": "8008325452",
        "INV_LINK": "https://safetydata.fra.dot.gov/OfficeofSafety/PublicSite/Crossing/Crossing.aspx?phasetype=C&rpttype=I&txtcrossingnum=597279K",
        "ACC_LINK": "https://safetydata.fra.dot.gov/OfficeofSafety/PublicSite/Crossing/Crossing.aspx?phasetype=C&rpttype=A&txtcrossingnum=597279K",
        "TTSTNNAM": "BARDWELL",
        "XPURPOSE": "1",
        "OPERATINGR": "BNSF",
        "OPERATIN_1": "Primary",
        "DAYTHRU": 2,
        "NGHTTHRU": 2,
        "MAINTRK": 1,
        "SIDINGTRK": 0,
        "YARDTRK": 0,
        "TRANSITTRK": 0,
        "INDUSTRYTR": 0,
        "OTHRTRK": 0,
        "WDCODE": "Crossbucks",
        "REVISIONDA": "1996/01/01 00:00:00",
        "LASTUPDATE": "1/15/2025",
        "AADT": "2",
        "AADTYEAR": "2019",
        "STATENAME": "TEXAS",
        "STATEAB": "TX",
        "COUNTYNAME": "ELLIS",
        "CITYNAME": "BARDWELL",
        "LATDD": 32.2458047,
        "LONGDD": -96.664841,
        "gridlyProductionCertified": true,
        "gridlyClassification": "PUBLIC_ROADWAY",
        "gridlyDisplayName": "CR 0268",
        "gridlyId": "FRA-597279K"
      }
    },
    {
      "type": "Feature",
      "id": 206148,
      "geometry": {
        "type": "Point",
        "coordinates": [
          -96.6757110000209,
          32.2527916001066
        ]
      },
      "properties": {
        "OBJECTID": 206148,
        "CROSSING": "597280E",
        "EFFDATE": 1736899200000,
        "REASON": "14",
        "StateCode": "48",
        "CountyCode": "48139",
        "STCYFIPS": "48139",
        "CITYCD": "481390430",
        "RAILROAD": "BNSF",
        "RRDIV": "RED RIVER",
        "RRSUBDIV": "DFW",
        "HIGHWAY": "CO 0000",
        "STREET": "CR 0269",
        "TTSTN": "667574",
        "MILEPOST": "0257.120",
        "TYPEXING": "Public",
        "POSXING": "At Grade",
        "PRVCAT": "14",
        "INIT": "1",
        "LATITUDE": 32.2527916,
        "LONGITUD": -96.675711,
        "LLSOURCE": "1",
        "WHISTBAN": "0",
        "RRCONT": "8173521549",
        "POLCONT": "8008325452",
        "INV_LINK": "https://safetydata.fra.dot.gov/OfficeofSafety/PublicSite/Crossing/Crossing.aspx?phasetype=C&rpttype=I&txtcrossingnum=597280E",
        "ACC_LINK": "https://safetydata.fra.dot.gov/OfficeofSafety/PublicSite/Crossing/Crossing.aspx?phasetype=C&rpttype=A&txtcrossingnum=597280E",
        "TTSTNNAM": "BARDWELL",
        "XPURPOSE": "1",
        "OPERATINGR": "BNSF",
        "OPERATIN_1": "Primary",
        "DAYTHRU": 2,
        "NGHTTHRU": 2,
        "MAINTRK": 1,
        "SIDINGTRK": 0,
        "YARDTRK": 0,
        "TRANSITTRK": 0,
        "INDUSTRYTR": 0,
        "OTHRTRK": 0,
        "WDCODE": "Crossbucks",
        "REVISIONDA": "1996/01/01 00:00:00",
        "LASTUPDATE": "1/15/2025",
        "AADT": "63",
        "AADTYEAR": "2019",
        "STATENAME": "TEXAS",
        "STATEAB": "TX",
        "COUNTYNAME": "ELLIS",
        "CITYNAME": "BARDWELL",
        "LATDD": 32.2527916,
        "LONGDD": -96.675711,
        "gridlyProductionCertified": true,
        "gridlyClassification": "PUBLIC_ROADWAY",
        "gridlyDisplayName": "CR 0269",
        "gridlyId": "FRA-597280E"
      }
    },
    {
      "type": "Feature",
      "id": 206149,
      "geometry": {
        "type": "Point",
        "coordinates": [
          -96.6951910001947,
          32.2662067002443
        ]
      },
      "properties": {
        "OBJECTID": 206149,
        "CROSSING": "597281L",
        "EFFDATE": 1736899200000,
        "REASON": "14",
        "StateCode": "48",
        "CountyCode": "48139",
        "STCYFIPS": "48139",
        "CITYCD": "481390430",
        "RAILROAD": "BNSF",
        "RRDIV": "RED RIVER",
        "RRSUBDIV": "DFW",
        "HIGHWAY": "SH 0034",
        "STREET": "SH 0034",
        "TTSTN": "667574",
        "MILEPOST": "0258.560",
        "TYPEXING": "Public",
        "POSXING": "At Grade",
        "PRVCAT": "14",
        "INIT": "1",
        "LATITUDE": 32.2662067,
        "LONGITUD": -96.695191,
        "LLSOURCE": "1",
        "WHISTBAN": "0",
        "RRCONT": "8173521549",
        "POLCONT": "8008325452",
        "INV_LINK": "https://safetydata.fra.dot.gov/OfficeofSafety/PublicSite/Crossing/Crossing.aspx?phasetype=C&rpttype=I&txtcrossingnum=597281L",
        "ACC_LINK": "https://safetydata.fra.dot.gov/OfficeofSafety/PublicSite/Crossing/Crossing.aspx?phasetype=C&rpttype=A&txtcrossingnum=597281L",
        "TTSTNNAM": "BARDWELL",
        "XPURPOSE": "1",
        "OPERATINGR": "BNSF",
        "OPERATIN_1": "Primary",
        "DAYTHRU": 2,
        "NGHTTHRU": 2,
        "MAINTRK": 1,
        "SIDINGTRK": 1,
        "YARDTRK": 0,
        "TRANSITTRK": 0,
        "INDUSTRYTR": 0,
        "OTHRTRK": 1,
        "WDCODE": "All other Gates",
        "REVISIONDA": "1996/01/01 00:00:00",
        "LASTUPDATE": "1/15/2025",
        "AADT": "3375",
        "AADTYEAR": "2019",
        "STATENAME": "TEXAS",
        "STATEAB": "TX",
        "COUNTYNAME": "ELLIS",
        "CITYNAME": "BARDWELL",
        "LATDD": 32.2662067,
        "LONGDD": -96.695191,
        "gridlyProductionCertified": true,
        "gridlyClassification": "PUBLIC_ROADWAY",
        "gridlyDisplayName": "SH 0034",
        "gridlyId": "FRA-597281L"
      }
    },
    {
      "type": "Feature",
      "id": 206150,
      "geometry": {
        "type": "Point",
        "coordinates": [
          -96.6967939998017,
          32.2677230002075
        ]
      },
      "properties": {
        "OBJECTID": 206150,
        "CROSSING": "597282T",
        "EFFDATE": 1736899200000,
        "REASON": "14",
        "StateCode": "48",
        "CountyCode": "48139",
        "STCYFIPS": "48139",
        "CITYCD": "481390430",
        "RAILROAD": "BNSF",
        "RRDIV": "RED RIVER",
        "RRSUBDIV": "DFW",
        "HIGHWAY": "ST 0000",
        "STREET": "COMMERCE",
        "TTSTN": "667574",
        "MILEPOST": "0258.704",
        "TYPEXING": "Public",
        "POSXING": "At Grade",
        "PRVCAT": "14",
        "INIT": "1",
        "LATITUDE": 32.267723,
        "LONGITUD": -96.696794,
        "LLSOURCE": "1",
        "WHISTBAN": "0",
        "RRCONT": "8173521549",
        "POLCONT": "8008325452",
        "INV_LINK": "https://safetydata.fra.dot.gov/OfficeofSafety/PublicSite/Crossing/Crossing.aspx?phasetype=C&rpttype=I&txtcrossingnum=597282T",
        "ACC_LINK": "https://safetydata.fra.dot.gov/OfficeofSafety/PublicSite/Crossing/Crossing.aspx?phasetype=C&rpttype=A&txtcrossingnum=597282T",
        "TTSTNNAM": "BARDWELL",
        "XPURPOSE": "1",
        "OPERATINGR": "BNSF",
        "OPERATIN_1": "Primary",
        "DAYTHRU": 2,
        "NGHTTHRU": 2,
        "MAINTRK": 1,
        "SIDINGTRK": 1,
        "YARDTRK": 1,
        "TRANSITTRK": 0,
        "INDUSTRYTR": 0,
        "OTHRTRK": 2,
        "WDCODE": "All other Gates",
        "REVISIONDA": "1996/01/01 00:00:00",
        "LASTUPDATE": "1/15/2025",
        "AADT": "28",
        "AADTYEAR": "2019",
        "STATENAME": "TEXAS",
        "STATEAB": "TX",
        "COUNTYNAME": "ELLIS",
        "CITYNAME": "BARDWELL",
        "LATDD": 32.267723,
        "LONGDD": -96.696794,
        "gridlyProductionCertified": true,
        "gridlyClassification": "PUBLIC_ROADWAY",
        "gridlyDisplayName": "COMMERCE",
        "gridlyId": "FRA-597282T"
      }
    },
    {
      "type": "Feature",
      "id": 206151,
      "geometry": {
        "type": "Point",
        "coordinates": [
          -96.7109630001157,
          32.2811295997037
        ]
      },
      "properties": {
        "OBJECTID": 206151,
        "CROSSING": "597283A",
        "EFFDATE": 1736899200000,
        "REASON": "14",
        "StateCode": "48",
        "CountyCode": "48139",
        "STCYFIPS": "48139",
        "CITYCD": "481390430",
        "RAILROAD": "BNSF",
        "RRDIV": "RED RIVER",
        "RRSUBDIV": "DFW",
        "HIGHWAY": "FM 0984",
        "STREET": "FM 0984",
        "TTSTN": "667574",
        "MILEPOST": "0259.980",
        "TYPEXING": "Public",
        "POSXING": "At Grade",
        "PRVCAT": "14",
        "INIT": "1",
        "LATITUDE": 32.2811296,
        "LONGITUD": -96.710963,
        "LLSOURCE": "1",
        "WHISTBAN": "0",
        "RRCONT": "8173521549",
        "POLCONT": "8008325452",
        "INV_LINK": "https://safetydata.fra.dot.gov/OfficeofSafety/PublicSite/Crossing/Crossing.aspx?phasetype=C&rpttype=I&txtcrossingnum=597283A",
        "ACC_LINK": "https://safetydata.fra.dot.gov/OfficeofSafety/PublicSite/Crossing/Crossing.aspx?phasetype=C&rpttype=A&txtcrossingnum=597283A",
        "TTSTNNAM": "BARDWELL",
        "XPURPOSE": "1",
        "OPERATINGR": "BNSF",
        "OPERATIN_1": "Primary",
        "DAYTHRU": 2,
        "NGHTTHRU": 2,
        "MAINTRK": 1,
        "SIDINGTRK": 0,
        "YARDTRK": 0,
        "TRANSITTRK": 0,
        "INDUSTRYTR": 0,
        "OTHRTRK": 0,
        "WDCODE": "All other Gates",
        "REVISIONDA": "1996/01/01 00:00:00",
        "LASTUPDATE": "1/15/2025",
        "AADT": "119",
        "AADTYEAR": "2019",
        "STATENAME": "TEXAS",
        "STATEAB": "TX",
        "COUNTYNAME": "ELLIS",
        "CITYNAME": "BARDWELL",
        "LATDD": 32.2811296,
        "LONGDD": -96.710963,
        "gridlyProductionCertified": true,
        "gridlyClassification": "PUBLIC_ROADWAY",
        "gridlyDisplayName": "FM 0984",
        "gridlyId": "FRA-597283A"
      }
    },
    {
      "type": "Feature",
      "id": 206152,
      "geometry": {
        "type": "Point",
        "coordinates": [
          -96.7281450001982,
          32.2967299999844
        ]
      },
      "properties": {
        "OBJECTID": 206152,
        "CROSSING": "597284G",
        "EFFDATE": 1736899200000,
        "REASON": "14",
        "StateCode": "48",
        "CountyCode": "48139",
        "STCYFIPS": "48139",
        "CITYCD": "481390430",
        "RAILROAD": "BNSF",
        "RRDIV": "RED RIVER",
        "RRSUBDIV": "DFW",
        "HIGHWAY": "CO 0728",
        "STREET": "WALKER RD",
        "TTSTN": "667574",
        "MILEPOST": "0261.410",
        "TYPEXING": "Public",
        "POSXING": "At Grade",
        "PRVCAT": "14",
        "INIT": "1",
        "LATITUDE": 32.29673,
        "LONGITUD": -96.728145,
        "LLSOURCE": "1",
        "WHISTBAN": "0",
        "RRCONT": "8173521549",
        "POLCONT": "8008325452",
        "INV_LINK": "https://safetydata.fra.dot.gov/OfficeofSafety/PublicSite/Crossing/Crossing.aspx?phasetype=C&rpttype=I&txtcrossingnum=597284G",
        "ACC_LINK": "https://safetydata.fra.dot.gov/OfficeofSafety/PublicSite/Crossing/Crossing.aspx?phasetype=C&rpttype=A&txtcrossingnum=597284G",
        "TTSTNNAM": "BARDWELL",
        "XPURPOSE": "1",
        "OPERATINGR": "BNSF",
        "OPERATIN_1": "Primary",
        "DAYTHRU": 2,
        "NGHTTHRU": 2,
        "MAINTRK": 1,
        "SIDINGTRK": 0,
        "YARDTRK": 0,
        "TRANSITTRK": 0,
        "INDUSTRYTR": 0,
        "OTHRTRK": 0,
        "WDCODE": "Crossbucks",
        "REVISIONDA": "1996/01/01 00:00:00",
        "LASTUPDATE": "1/15/2025",
        "AADT": "1",
        "AADTYEAR": "2019",
        "STATENAME": "TEXAS",
        "STATEAB": "TX",
        "COUNTYNAME": "ELLIS",
        "CITYNAME": "BARDWELL",
        "LATDD": 32.29673,
        "LONGDD": -96.728145,
        "gridlyProductionCertified": true,
        "gridlyClassification": "PUBLIC_ROADWAY",
        "gridlyDisplayName": "WALKER RD",
        "gridlyId": "FRA-597284G"
      }
    },
    {
      "type": "Feature",
      "id": 206153,
      "geometry": {
        "type": "Point",
        "coordinates": [
          -96.7416380002946,
          32.3048945996724
        ]
      },
      "properties": {
        "OBJECTID": 206153,
        "CROSSING": "597285N",
        "EFFDATE": 1736899200000,
        "REASON": "14",
        "StateCode": "48",
        "CountyCode": "48139",
        "STCYFIPS": "48139",
        "CITYCD": "481390430",
        "RAILROAD": "BNSF",
        "RRDIV": "RED RIVER",
        "RRSUBDIV": "DFW",
        "HIGHWAY": "CO 0000",
        "STREET": "GETZENDANER RD",
        "TTSTN": "667574",
        "MILEPOST": "0262.390",
        "TYPEXING": "Public",
        "POSXING": "At Grade",
        "PRVCAT": "14",
        "INIT": "1",
        "LATITUDE": 32.3048946,
        "LONGITUD": -96.741638,
        "LLSOURCE": "1",
        "WHISTBAN": "0",
        "RRCONT": "8173521549",
        "POLCONT": "8008325452",
        "INV_LINK": "https://safetydata.fra.dot.gov/OfficeofSafety/PublicSite/Crossing/Crossing.aspx?phasetype=C&rpttype=I&txtcrossingnum=597285N",
        "ACC_LINK": "https://safetydata.fra.dot.gov/OfficeofSafety/PublicSite/Crossing/Crossing.aspx?phasetype=C&rpttype=A&txtcrossingnum=597285N",
        "TTSTNNAM": "BARDWELL",
        "XPURPOSE": "1",
        "OPERATINGR": "BNSF",
        "OPERATIN_1": "Primary",
        "DAYTHRU": 2,
        "NGHTTHRU": 2,
        "MAINTRK": 1,
        "SIDINGTRK": 0,
        "YARDTRK": 0,
        "TRANSITTRK": 0,
        "INDUSTRYTR": 0,
        "OTHRTRK": 0,
        "WDCODE": "All other Gates",
        "REVISIONDA": "1996/01/01 00:00:00",
        "LASTUPDATE": "1/15/2025",
        "AADT": "133",
        "AADTYEAR": "2019",
        "STATENAME": "TEXAS",
        "STATEAB": "TX",
        "COUNTYNAME": "ELLIS",
        "CITYNAME": "BARDWELL",
        "LATDD": 32.3048946,
        "LONGDD": -96.741638,
        "gridlyProductionCertified": true,
        "gridlyClassification": "PUBLIC_ROADWAY",
        "gridlyDisplayName": "GETZENDANER RD",
        "gridlyId": "FRA-597285N"
      }
    },
    {
      "type": "Feature",
      "id": 206155,
      "geometry": {
        "type": "Point",
        "coordinates": [
          -96.7663969996429,
          32.3334335003606
        ]
      },
      "properties": {
        "OBJECTID": 206155,
        "CROSSING": "597288J",
        "EFFDATE": 1736899200000,
        "REASON": "14",
        "StateCode": "48",
        "CountyCode": "48139",
        "STCYFIPS": "48139",
        "CITYCD": "481397270",
        "RAILROAD": "BNSF",
        "RRDIV": "RED RIVER",
        "RRSUBDIV": "DFW",
        "HIGHWAY": "CO 0000",
        "STREET": "PIGG ROAD",
        "TTSTN": "667574",
        "MILEPOST": "0264.860",
        "TYPEXING": "Public",
        "POSXING": "At Grade",
        "PRVCAT": "14",
        "INIT": "1",
        "LATITUDE": 32.3334335,
        "LONGITUD": -96.766397,
        "LLSOURCE": "1",
        "WHISTBAN": "0",
        "RRCONT": "8173521549",
        "POLCONT": "8008325452",
        "INV_LINK": "https://safetydata.fra.dot.gov/OfficeofSafety/PublicSite/Crossing/Crossing.aspx?phasetype=C&rpttype=I&txtcrossingnum=597288J",
        "ACC_LINK": "https://safetydata.fra.dot.gov/OfficeofSafety/PublicSite/Crossing/Crossing.aspx?phasetype=C&rpttype=A&txtcrossingnum=597288J",
        "TTSTNNAM": "BARDWELL",
        "XPURPOSE": "1",
        "OPERATINGR": "BNSF",
        "OPERATIN_1": "Primary",
        "DAYTHRU": 2,
        "NGHTTHRU": 2,
        "MAINTRK": 1,
        "SIDINGTRK": 0,
        "YARDTRK": 0,
        "TRANSITTRK": 0,
        "INDUSTRYTR": 0,
        "OTHRTRK": 0,
        "WDCODE": "All other Gates",
        "REVISIONDA": "1996/01/01 00:00:00",
        "LASTUPDATE": "1/15/2025",
        "AADT": "690",
        "AADTYEAR": "2019",
        "STATENAME": "TEXAS",
        "STATEAB": "TX",
        "COUNTYNAME": "ELLIS",
        "CITYNAME": "WAXAHACHIE",
        "LATDD": 32.3334335,
        "LONGDD": -96.766397,
        "gridlyProductionCertified": true,
        "gridlyClassification": "PUBLIC_ROADWAY",
        "gridlyDisplayName": "PIGG ROAD",
        "gridlyId": "FRA-597288J"
      }
    },
    {
      "type": "Feature",
      "id": 206156,
      "geometry": {
        "type": "Point",
        "coordinates": [
          -96.8024410003062,
          32.3544906001179
        ]
      },
      "properties": {
        "OBJECTID": 206156,
        "CROSSING": "597289R",
        "EFFDATE": 1736899200000,
        "REASON": "14",
        "StateCode": "48",
        "CountyCode": "48139",
        "STCYFIPS": "48139",
        "CITYCD": "481397270",
        "RAILROAD": "BNSF",
        "RRDIV": "RED RIVER",
        "RRSUBDIV": "DFW",
        "HIGHWAY": "CO 0000",
        "STREET": "ADAYS DR",
        "TTSTN": "667574",
        "MILEPOST": "0267.360",
        "TYPEXING": "Public",
        "POSXING": "At Grade",
        "PRVCAT": "14",
        "INIT": "1",
        "LATITUDE": 32.3544906,
        "LONGITUD": -96.802441,
        "LLSOURCE": "1",
        "WHISTBAN": "0",
        "RRCONT": "8173521549",
        "POLCONT": "8008325452",
        "INV_LINK": "https://safetydata.fra.dot.gov/OfficeofSafety/PublicSite/Crossing/Crossing.aspx?phasetype=C&rpttype=I&txtcrossingnum=597289R",
        "ACC_LINK": "https://safetydata.fra.dot.gov/OfficeofSafety/PublicSite/Crossing/Crossing.aspx?phasetype=C&rpttype=A&txtcrossingnum=597289R",
        "TTSTNNAM": "BARDWELL",
        "XPURPOSE": "1",
        "OPERATINGR": "BNSF",
        "OPERATIN_1": "Primary",
        "DAYTHRU": 2,
        "NGHTTHRU": 2,
        "MAINTRK": 1,
        "SIDINGTRK": 0,
        "YARDTRK": 0,
        "TRANSITTRK": 0,
        "INDUSTRYTR": 0,
        "OTHRTRK": 0,
        "WDCODE": "Crossbucks",
        "REVISIONDA": "1996/01/01 00:00:00",
        "LASTUPDATE": "1/15/2025",
        "AADT": "158",
        "AADTYEAR": "2019",
        "STATENAME": "TEXAS",
        "STATEAB": "TX",
        "COUNTYNAME": "ELLIS",
        "CITYNAME": "WAXAHACHIE",
        "LATDD": 32.3544906,
        "LONGDD": -96.802441,
        "gridlyProductionCertified": true,
        "gridlyClassification": "PUBLIC_ROADWAY",
        "gridlyDisplayName": "ADAYS DR",
        "gridlyId": "FRA-597289R"
      }
    },
    {
      "type": "Feature",
      "id": 206157,
      "geometry": {
        "type": "Point",
        "coordinates": [
          -96.8128050002831,
          32.3629868003272
        ]
      },
      "properties": {
        "OBJECTID": 206157,
        "CROSSING": "597290K",
        "EFFDATE": 1736899200000,
        "REASON": "14",
        "StateCode": "48",
        "CountyCode": "48139",
        "STCYFIPS": "48139",
        "CITYCD": "481397270",
        "RAILROAD": "BNSF",
        "RRDIV": "RED RIVER",
        "RRSUBDIV": "DFW",
        "HIGHWAY": "CO 0000",
        "STREET": "PRIVATE",
        "TTSTN": "667550",
        "MILEPOST": "0268.230",
        "TYPEXING": "Private",
        "POSXING": "At Grade",
        "PRVCAT": "14",
        "INIT": "1",
        "LATITUDE": 32.3629868,
        "LONGITUD": -96.812805,
        "LLSOURCE": "1",
        "WHISTBAN": "0",
        "RRCONT": "8173521549",
        "POLCONT": "8008325452",
        "INV_LINK": "https://safetydata.fra.dot.gov/OfficeofSafety/PublicSite/Crossing/Crossing.aspx?phasetype=C&rpttype=I&txtcrossingnum=597290K",
        "ACC_LINK": "https://safetydata.fra.dot.gov/OfficeofSafety/PublicSite/Crossing/Crossing.aspx?phasetype=C&rpttype=A&txtcrossingnum=597290K",
        "TTSTNNAM": "WAXAHACHIE",
        "XPURPOSE": "1",
        "OPERATINGR": "BNSF",
        "OPERATIN_1": "Primary",
        "DAYTHRU": 2,
        "NGHTTHRU": 2,
        "MAINTRK": 1,
        "SIDINGTRK": 0,
        "YARDTRK": 0,
        "TRANSITTRK": 0,
        "INDUSTRYTR": 0,
        "OTHRTRK": 0,
        "WDCODE": "",
        "REVISIONDA": "1996/01/01 00:00:00",
        "LASTUPDATE": "1/15/2025",
        "AADT": "000010",
        "AADTYEAR": "1992",
        "STATENAME": "TEXAS",
        "STATEAB": "TX",
        "COUNTYNAME": "ELLIS",
        "CITYNAME": "WAXAHACHIE",
        "LATDD": 32.3629868,
        "LONGDD": -96.812805,
        "gridlyProductionCertified": true,
        "gridlyClassification": "PUBLIC_ROADWAY",
        "gridlyDisplayName": "PRIVATE",
        "gridlyId": "FRA-597290K"
      }
    },
    {
      "type": "Feature",
      "id": 206158,
      "geometry": {
        "type": "Point",
        "coordinates": [
          -96.8473440003504,
          32.3823912002506
        ]
      },
      "properties": {
        "OBJECTID": 206158,
        "CROSSING": "597291S",
        "EFFDATE": 1736899200000,
        "REASON": "14",
        "StateCode": "48",
        "CountyCode": "48139",
        "STCYFIPS": "48139",
        "CITYCD": "481397270",
        "RAILROAD": "BNSF",
        "RRDIV": "RED RIVER",
        "RRSUBDIV": "DFW",
        "HIGHWAY": "ST 0000",
        "STREET": "FLAT ST",
        "TTSTN": "667550",
        "MILEPOST": "0270.770",
        "TYPEXING": "Public",
        "POSXING": "At Grade",
        "PRVCAT": "14",
        "INIT": "1",
        "LATITUDE": 32.3823912,
        "LONGITUD": -96.847344,
        "LLSOURCE": "1",
        "WHISTBAN": "0",
        "RRCONT": "8173521549",
        "POLCONT": "8008325452",
        "INV_LINK": "https://safetydata.fra.dot.gov/OfficeofSafety/PublicSite/Crossing/Crossing.aspx?phasetype=C&rpttype=I&txtcrossingnum=597291S",
        "ACC_LINK": "https://safetydata.fra.dot.gov/OfficeofSafety/PublicSite/Crossing/Crossing.aspx?phasetype=C&rpttype=A&txtcrossingnum=597291S",
        "TTSTNNAM": "WAXAHACHIE",
        "XPURPOSE": "1",
        "OPERATINGR": "BNSF",
        "OPERATIN_1": "Primary",
        "DAYTHRU": 2,
        "NGHTTHRU": 1,
        "MAINTRK": 1,
        "SIDINGTRK": 0,
        "YARDTRK": 0,
        "TRANSITTRK": 0,
        "INDUSTRYTR": 0,
        "OTHRTRK": 1,
        "WDCODE": "All other Gates",
        "REVISIONDA": "1996/01/01 00:00:00",
        "LASTUPDATE": "1/15/2025",
        "AADT": "403",
        "AADTYEAR": "2019",
        "STATENAME": "TEXAS",
        "STATEAB": "TX",
        "COUNTYNAME": "ELLIS",
        "CITYNAME": "WAXAHACHIE",
        "LATDD": 32.3823912,
        "LONGDD": -96.847344,
        "gridlyProductionCertified": true,
        "gridlyClassification": "PUBLIC_ROADWAY",
        "gridlyDisplayName": "FLAT ST",
        "gridlyId": "FRA-597291S"
      }
    },
    {
      "type": "Feature",
      "id": 206159,
      "geometry": {
        "type": "Point",
        "coordinates": [
          -96.8490790002019,
          32.382670499639
        ]
      },
      "properties": {
        "OBJECTID": 206159,
        "CROSSING": "597292Y",
        "EFFDATE": 1736899200000,
        "REASON": "14",
        "StateCode": "48",
        "CountyCode": "48139",
        "STCYFIPS": "48139",
        "CITYCD": "481397270",
        "RAILROAD": "BNSF",
        "RRDIV": "RED RIVER",
        "RRSUBDIV": "DFW",
        "HIGHWAY": "ST 0000",
        "STREET": "COLLEGE ST",
        "TTSTN": "667550",
        "MILEPOST": "0270.870",
        "TYPEXING": "Public",
        "POSXING": "At Grade",
        "PRVCAT": "14",
        "INIT": "1",
        "LATITUDE": 32.3826705,
        "LONGITUD": -96.849079,
        "LLSOURCE": "1",
        "WHISTBAN": "0",
        "RRCONT": "8173521549",
        "POLCONT": "8008325452",
        "INV_LINK": "https://safetydata.fra.dot.gov/OfficeofSafety/PublicSite/Crossing/Crossing.aspx?phasetype=C&rpttype=I&txtcrossingnum=597292Y",
        "ACC_LINK": "https://safetydata.fra.dot.gov/OfficeofSafety/PublicSite/Crossing/Crossing.aspx?phasetype=C&rpttype=A&txtcrossingnum=597292Y",
        "TTSTNNAM": "WAXAHACHIE",
        "XPURPOSE": "1",
        "OPERATINGR": "BNSF",
        "OPERATIN_1": "Primary",
        "DAYTHRU": 2,
        "NGHTTHRU": 1,
        "MAINTRK": 1,
        "SIDINGTRK": 0,
        "YARDTRK": 0,
        "TRANSITTRK": 0,
        "INDUSTRYTR": 0,
        "OTHRTRK": 0,
        "WDCODE": "All other Gates",
        "REVISIONDA": "1996/01/01 00:00:00",
        "LASTUPDATE": "1/15/2025",
        "AADT": "4499",
        "AADTYEAR": "2019",
        "STATENAME": "TEXAS",
        "STATEAB": "TX",
        "COUNTYNAME": "ELLIS",
        "CITYNAME": "WAXAHACHIE",
        "LATDD": 32.3826705,
        "LONGDD": -96.849079,
        "gridlyProductionCertified": true,
        "gridlyClassification": "PUBLIC_ROADWAY",
        "gridlyDisplayName": "COLLEGE ST",
        "gridlyId": "FRA-597292Y"
      }
    },
    {
      "type": "Feature",
      "id": 206162,
      "geometry": {
        "type": "Point",
        "coordinates": [
          -96.8499250002988,
          32.3828444999419
        ]
      },
      "properties": {
        "OBJECTID": 206162,
        "CROSSING": "597293F",
        "EFFDATE": 1736899200000,
        "REASON": "14",
        "StateCode": "48",
        "CountyCode": "48139",
        "STCYFIPS": "48139",
        "CITYCD": "481397270",
        "RAILROAD": "BNSF",
        "RRDIV": "RED RIVER",
        "RRSUBDIV": "DFW",
        "HIGHWAY": "ST 0000",
        "STREET": "ROGERS ST",
        "TTSTN": "667550",
        "MILEPOST": "0270.930",
        "TYPEXING": "Public",
        "POSXING": "At Grade",
        "PRVCAT": "14",
        "INIT": "1",
        "LATITUDE": 32.3828445,
        "LONGITUD": -96.849925,
        "LLSOURCE": "1",
        "WHISTBAN": "0",
        "RRCONT": "8173521549",
        "POLCONT": "8008325452",
        "INV_LINK": "https://safetydata.fra.dot.gov/OfficeofSafety/PublicSite/Crossing/Crossing.aspx?phasetype=C&rpttype=I&txtcrossingnum=597293F",
        "ACC_LINK": "https://safetydata.fra.dot.gov/OfficeofSafety/PublicSite/Crossing/Crossing.aspx?phasetype=C&rpttype=A&txtcrossingnum=597293F",
        "TTSTNNAM": "WAXAHACHIE",
        "XPURPOSE": "1",
        "OPERATINGR": "BNSF",
        "OPERATIN_1": "Primary",
        "DAYTHRU": 2,
        "NGHTTHRU": 1,
        "MAINTRK": 1,
        "SIDINGTRK": 0,
        "YARDTRK": 0,
        "TRANSITTRK": 0,
        "INDUSTRYTR": 0,
        "OTHRTRK": 0,
        "WDCODE": "All other Gates",
        "REVISIONDA": "1996/01/01 00:00:00",
        "LASTUPDATE": "1/15/2025",
        "AADT": "158",
        "AADTYEAR": "2019",
        "STATENAME": "TEXAS",
        "STATEAB": "TX",
        "COUNTYNAME": "ELLIS",
        "CITYNAME": "WAXAHACHIE",
        "LATDD": 32.3828445,
        "LONGDD": -96.849925,
        "gridlyProductionCertified": true,
        "gridlyClassification": "PUBLIC_ROADWAY",
        "gridlyDisplayName": "ROGERS ST",
        "gridlyId": "FRA-597293F"
      }
    },
    {
      "type": "Feature",
      "id": 206163,
      "geometry": {
        "type": "Point",
        "coordinates": [
          -96.8506719997632,
          32.3831370000948
        ]
      },
      "properties": {
        "OBJECTID": 206163,
        "CROSSING": "597294M",
        "EFFDATE": 1736899200000,
        "REASON": "14",
        "StateCode": "48",
        "CountyCode": "48139",
        "STCYFIPS": "48139",
        "CITYCD": "481397270",
        "RAILROAD": "BNSF",
        "RRDIV": "RED RIVER",
        "RRSUBDIV": "DFW",
        "HIGHWAY": "US 77",
        "STREET": "US 0077",
        "TTSTN": "667550",
        "MILEPOST": "0271.000",
        "TYPEXING": "Public",
        "POSXING": "RR Under",
        "PRVCAT": "14",
        "INIT": "1",
        "LATITUDE": 32.383137,
        "LONGITUD": -96.850672,
        "LLSOURCE": "1",
        "WHISTBAN": "0",
        "RRCONT": "8173521549",
        "POLCONT": "8008325452",
        "INV_LINK": "https://safetydata.fra.dot.gov/OfficeofSafety/PublicSite/Crossing/Crossing.aspx?phasetype=C&rpttype=I&txtcrossingnum=597294M",
        "ACC_LINK": "https://safetydata.fra.dot.gov/OfficeofSafety/PublicSite/Crossing/Crossing.aspx?phasetype=C&rpttype=A&txtcrossingnum=597294M",
        "TTSTNNAM": "WAXAHACHIE",
        "XPURPOSE": "1",
        "OPERATINGR": "BNSF",
        "OPERATIN_1": "Primary",
        "DAYTHRU": 2,
        "NGHTTHRU": 1,
        "MAINTRK": 1,
        "SIDINGTRK": 0,
        "YARDTRK": 0,
        "TRANSITTRK": 0,
        "INDUSTRYTR": 0,
        "OTHRTRK": 0,
        "WDCODE": "",
        "REVISIONDA": "1996/01/01 00:00:00",
        "LASTUPDATE": "1/15/2025",
        "AADT": "017400",
        "AADTYEAR": "2009",
        "STATENAME": "TEXAS",
        "STATEAB": "TX",
        "COUNTYNAME": "ELLIS",
        "CITYNAME": "WAXAHACHIE",
        "LATDD": 32.383137,
        "LONGDD": -96.850672,
        "gridlyProductionCertified": true,
        "gridlyClassification": "PUBLIC_ROADWAY",
        "gridlyDisplayName": "US 0077",
        "gridlyId": "FRA-597294M"
      }
    },
    {
      "type": "Feature",
      "id": 206416,
      "geometry": {
        "type": "Point",
        "coordinates": [
          -96.6634966996292,
          32.4643042000859
        ]
      },
      "properties": {
        "OBJECTID": 206416,
        "CROSSING": "765451S",
        "EFFDATE": 1756684800000,
        "REASON": "14",
        "StateCode": "48",
        "CountyCode": "48139",
        "STCYFIPS": "48139",
        "CITYCD": "481392360",
        "RAILROAD": "UP",
        "RRDIV": "TEXOMA",
        "RRSUBDIV": "ENNIS SUB",
        "HIGHWAY": "CO 0292",
        "STREET": "PACE STREET",
        "TTSTN": "667512",
        "MILEPOST": "0240.970",
        "TYPEXING": "Public",
        "POSXING": "At Grade",
        "PRVCAT": "14",
        "INIT": "1",
        "LATITUDE": 32.4643042,
        "LONGITUD": -96.6634967,
        "LLSOURCE": "1",
        "WHISTBAN": "0",
        "RRCONT": "4025443721",
        "POLCONT": "8008488715",
        "INV_LINK": "https://safetydata.fra.dot.gov/OfficeofSafety/PublicSite/Crossing/Crossing.aspx?phasetype=C&rpttype=I&txtcrossingnum=765451S",
        "ACC_LINK": "https://safetydata.fra.dot.gov/OfficeofSafety/PublicSite/Crossing/Crossing.aspx?phasetype=C&rpttype=A&txtcrossingnum=765451S",
        "TTSTNNAM": "",
        "XPURPOSE": "1",
        "OPERATINGR": "UP",
        "OPERATIN_1": "Primary",
        "DAYTHRU": 1,
        "NGHTTHRU": 1,
        "MAINTRK": 1,
        "SIDINGTRK": 0,
        "YARDTRK": 0,
        "TRANSITTRK": 0,
        "INDUSTRYTR": 0,
        "OTHRTRK": 0,
        "WDCODE": "All other Gates",
        "REVISIONDA": "1975/01/01 00:00:00",
        "LASTUPDATE": "9/1/2025",
        "AADT": "120",
        "AADTYEAR": "2019",
        "STATENAME": "TEXAS",
        "STATEAB": "TX",
        "COUNTYNAME": "ELLIS",
        "CITYNAME": "FERRIS",
        "LATDD": 32.4643042,
        "LONGDD": -96.6634967,
        "gridlyProductionCertified": true,
        "gridlyClassification": "PUBLIC_ROADWAY",
        "gridlyDisplayName": "PACE STREET",
        "gridlyId": "FRA-765451S"
      }
    },
    {
      "type": "Feature",
      "id": 206422,
      "geometry": {
        "type": "Point",
        "coordinates": [
          -96.6707627003469,
          32.442942299868
        ]
      },
      "properties": {
        "OBJECTID": 206422,
        "CROSSING": "765450K",
        "EFFDATE": 1756684800000,
        "REASON": "14",
        "StateCode": "48",
        "CountyCode": "48139",
        "STCYFIPS": "48139",
        "CITYCD": "481395180",
        "RAILROAD": "UP",
        "RRDIV": "TEXOMA",
        "RRSUBDIV": "ENNIS SUB",
        "HIGHWAY": "CO 0291",
        "STREET": "PALMYRA STREET",
        "TTSTN": "667543",
        "MILEPOST": "0239.430",
        "TYPEXING": "Public",
        "POSXING": "At Grade",
        "PRVCAT": "14",
        "INIT": "1",
        "LATITUDE": 32.4429423,
        "LONGITUD": -96.6707627,
        "LLSOURCE": "1",
        "WHISTBAN": "0",
        "RRCONT": "4025443721",
        "POLCONT": "8008488715",
        "INV_LINK": "https://safetydata.fra.dot.gov/OfficeofSafety/PublicSite/Crossing/Crossing.aspx?phasetype=C&rpttype=I&txtcrossingnum=765450K",
        "ACC_LINK": "https://safetydata.fra.dot.gov/OfficeofSafety/PublicSite/Crossing/Crossing.aspx?phasetype=C&rpttype=A&txtcrossingnum=765450K",
        "TTSTNNAM": "",
        "XPURPOSE": "1",
        "OPERATINGR": "UP",
        "OPERATIN_1": "Primary",
        "DAYTHRU": 1,
        "NGHTTHRU": 1,
        "MAINTRK": 1,
        "SIDINGTRK": 0,
        "YARDTRK": 0,
        "TRANSITTRK": 0,
        "INDUSTRYTR": 0,
        "OTHRTRK": 0,
        "WDCODE": "All other Gates",
        "REVISIONDA": "1975/01/01 00:00:00",
        "LASTUPDATE": "9/1/2025",
        "AADT": "615",
        "AADTYEAR": "2019",
        "STATENAME": "TEXAS",
        "STATEAB": "TX",
        "COUNTYNAME": "ELLIS",
        "CITYNAME": "PALMER",
        "LATDD": 32.4429423,
        "LONGDD": -96.6707627,
        "gridlyProductionCertified": true,
        "gridlyClassification": "PUBLIC_ROADWAY",
        "gridlyDisplayName": "PALMYRA STREET",
        "gridlyId": "FRA-765450K"
      }
    },
    {
      "type": "Feature",
      "id": 206449,
      "geometry": {
        "type": "Point",
        "coordinates": [
          -96.6626803996322,
          32.3830949000251
        ]
      },
      "properties": {
        "OBJECTID": 206449,
        "CROSSING": "765546A",
        "EFFDATE": 1756684800000,
        "REASON": "14",
        "StateCode": "48",
        "CountyCode": "48139",
        "STCYFIPS": "48139",
        "CITYCD": "481392598",
        "RAILROAD": "UP",
        "RRDIV": "TEXOMA",
        "RRSUBDIV": "ENNIS SUB",
        "HIGHWAY": "CO 3524",
        "STREET": "CR 3524",
        "TTSTN": "667543",
        "MILEPOST": "0235.250",
        "TYPEXING": "Public",
        "POSXING": "At Grade",
        "PRVCAT": "14",
        "INIT": "1",
        "LATITUDE": 32.3830949,
        "LONGITUD": -96.6626804,
        "LLSOURCE": "1",
        "WHISTBAN": "0",
        "RRCONT": "4025443721",
        "POLCONT": "8008488715",
        "INV_LINK": "https://safetydata.fra.dot.gov/OfficeofSafety/PublicSite/Crossing/Crossing.aspx?phasetype=C&rpttype=I&txtcrossingnum=765546A",
        "ACC_LINK": "https://safetydata.fra.dot.gov/OfficeofSafety/PublicSite/Crossing/Crossing.aspx?phasetype=C&rpttype=A&txtcrossingnum=765546A",
        "TTSTNNAM": "",
        "XPURPOSE": "1",
        "OPERATINGR": "UP",
        "OPERATIN_1": "Primary",
        "DAYTHRU": 1,
        "NGHTTHRU": 1,
        "MAINTRK": 1,
        "SIDINGTRK": 0,
        "YARDTRK": 0,
        "TRANSITTRK": 0,
        "INDUSTRYTR": 0,
        "OTHRTRK": 0,
        "WDCODE": "Crossbucks",
        "REVISIONDA": "1975/01/01 00:00:00",
        "LASTUPDATE": "9/1/2025",
        "AADT": "41",
        "AADTYEAR": "2017",
        "STATENAME": "TEXAS",
        "STATEAB": "TX",
        "COUNTYNAME": "ELLIS",
        "CITYNAME": "GARRETT",
        "LATDD": 32.3830949,
        "LONGDD": -96.6626804,
        "gridlyProductionCertified": true,
        "gridlyClassification": "PUBLIC_ROADWAY",
        "gridlyDisplayName": "CR 3524",
        "gridlyId": "FRA-765546A"
      }
    },
    {
      "type": "Feature",
      "id": 206681,
      "geometry": {
        "type": "Point",
        "coordinates": [
          -96.6655217996219,
          32.5392811997245
        ]
      },
      "properties": {
        "OBJECTID": 206681,
        "CROSSING": "765899M",
        "EFFDATE": 1756684800000,
        "REASON": "14",
        "StateCode": "48",
        "CountyCode": "48139",
        "STCYFIPS": "48139",
        "CITYCD": "481392360",
        "RAILROAD": "UP",
        "RRDIV": "TEXOMA",
        "RRSUBDIV": "Ennis SUB",
        "HIGHWAY": "ST 0000",
        "STREET": "AVENUE A",
        "TTSTN": "667512",
        "MILEPOST": "0246.230",
        "TYPEXING": "Public",
        "POSXING": "At Grade",
        "PRVCAT": "14",
        "INIT": "1",
        "LATITUDE": 32.5392812,
        "LONGITUD": -96.6655218,
        "LLSOURCE": "1",
        "WHISTBAN": "0",
        "RRCONT": "4025443721",
        "POLCONT": "8008488715",
        "INV_LINK": "https://safetydata.fra.dot.gov/OfficeofSafety/PublicSite/Crossing/Crossing.aspx?phasetype=C&rpttype=I&txtcrossingnum=765899M",
        "ACC_LINK": "https://safetydata.fra.dot.gov/OfficeofSafety/PublicSite/Crossing/Crossing.aspx?phasetype=C&rpttype=A&txtcrossingnum=765899M",
        "TTSTNNAM": "",
        "XPURPOSE": "1",
        "OPERATINGR": "UP",
        "OPERATIN_1": "Primary",
        "DAYTHRU": 1,
        "NGHTTHRU": 1,
        "MAINTRK": 1,
        "SIDINGTRK": 1,
        "YARDTRK": 0,
        "TRANSITTRK": 0,
        "INDUSTRYTR": 0,
        "OTHRTRK": 1,
        "WDCODE": "All other Gates",
        "REVISIONDA": "1975/01/01 00:00:00",
        "LASTUPDATE": "9/1/2025",
        "AADT": "585",
        "AADTYEAR": "2019",
        "STATENAME": "TEXAS",
        "STATEAB": "TX",
        "COUNTYNAME": "ELLIS",
        "CITYNAME": "FERRIS",
        "LATDD": 32.5392812,
        "LONGDD": -96.6655218,
        "gridlyProductionCertified": true,
        "gridlyClassification": "PUBLIC_ROADWAY",
        "gridlyDisplayName": "AVENUE A",
        "gridlyId": "FRA-765899M"
      }
    },
    {
      "type": "Feature",
      "id": 206833,
      "geometry": {
        "type": "Point",
        "coordinates": [
          -96.6457711999351,
          32.3558010000045
        ]
      },
      "properties": {
        "OBJECTID": 206833,
        "CROSSING": "765542X",
        "EFFDATE": 1756425600000,
        "REASON": "14",
        "StateCode": "48",
        "CountyCode": "48139",
        "STCYFIPS": "48139",
        "CITYCD": "481392598",
        "RAILROAD": "UP",
        "RRDIV": "TEXOMA",
        "RRSUBDIV": "ENNIS SUB",
        "HIGHWAY": "ST 0000",
        "STREET": "CEDAR STREET",
        "TTSTN": "667543",
        "MILEPOST": "0233.080",
        "TYPEXING": "Public",
        "POSXING": "At Grade",
        "PRVCAT": "14",
        "INIT": "1",
        "LATITUDE": 32.355801,
        "LONGITUD": -96.6457712,
        "LLSOURCE": "1",
        "WHISTBAN": "0",
        "RRCONT": "4025443721",
        "POLCONT": "8008488715",
        "INV_LINK": "https://safetydata.fra.dot.gov/OfficeofSafety/PublicSite/Crossing/Crossing.aspx?phasetype=C&rpttype=I&txtcrossingnum=765542X",
        "ACC_LINK": "https://safetydata.fra.dot.gov/OfficeofSafety/PublicSite/Crossing/Crossing.aspx?phasetype=C&rpttype=A&txtcrossingnum=765542X",
        "TTSTNNAM": "",
        "XPURPOSE": "1",
        "OPERATINGR": "UP",
        "OPERATIN_1": "Primary",
        "DAYTHRU": 4,
        "NGHTTHRU": 4,
        "MAINTRK": 1,
        "SIDINGTRK": 0,
        "YARDTRK": 0,
        "TRANSITTRK": 0,
        "INDUSTRYTR": 0,
        "OTHRTRK": 0,
        "WDCODE": "All other Gates",
        "REVISIONDA": "1975/01/01 00:00:00",
        "LASTUPDATE": "8/29/2025",
        "AADT": "307",
        "AADTYEAR": "2019",
        "STATENAME": "TEXAS",
        "STATEAB": "TX",
        "COUNTYNAME": "ELLIS",
        "CITYNAME": "GARRETT",
        "LATDD": 32.355801,
        "LONGDD": -96.6457712,
        "gridlyProductionCertified": true,
        "gridlyClassification": "PUBLIC_ROADWAY",
        "gridlyDisplayName": "CEDAR STREET",
        "gridlyId": "FRA-765542X"
      }
    },
    {
      "type": "Feature",
      "id": 206834,
      "geometry": {
        "type": "Point",
        "coordinates": [
          -96.6498833998449,
          32.3611467999815
        ]
      },
      "properties": {
        "OBJECTID": 206834,
        "CROSSING": "765543E",
        "EFFDATE": 1756425600000,
        "REASON": "14",
        "StateCode": "48",
        "CountyCode": "48139",
        "STCYFIPS": "48139",
        "CITYCD": "481392598",
        "RAILROAD": "UP",
        "RRDIV": "TEXOMA",
        "RRSUBDIV": "ENNIS SUB",
        "HIGHWAY": "ST 0000",
        "STREET": "HART STREET",
        "TTSTN": "667543",
        "MILEPOST": "0233.520",
        "TYPEXING": "Public",
        "POSXING": "At Grade",
        "PRVCAT": "14",
        "INIT": "1",
        "LATITUDE": 32.3611468,
        "LONGITUD": -96.6498834,
        "LLSOURCE": "1",
        "WHISTBAN": "0",
        "RRCONT": "4025443721",
        "POLCONT": "8008488715",
        "INV_LINK": "https://safetydata.fra.dot.gov/OfficeofSafety/PublicSite/Crossing/Crossing.aspx?phasetype=C&rpttype=I&txtcrossingnum=765543E",
        "ACC_LINK": "https://safetydata.fra.dot.gov/OfficeofSafety/PublicSite/Crossing/Crossing.aspx?phasetype=C&rpttype=A&txtcrossingnum=765543E",
        "TTSTNNAM": "",
        "XPURPOSE": "1",
        "OPERATINGR": "UP",
        "OPERATIN_1": "Primary",
        "DAYTHRU": 4,
        "NGHTTHRU": 4,
        "MAINTRK": 1,
        "SIDINGTRK": 0,
        "YARDTRK": 0,
        "TRANSITTRK": 0,
        "INDUSTRYTR": 0,
        "OTHRTRK": 0,
        "WDCODE": "All other Gates",
        "REVISIONDA": "1975/01/01 00:00:00",
        "LASTUPDATE": "8/29/2025",
        "AADT": "215",
        "AADTYEAR": "2019",
        "STATENAME": "TEXAS",
        "STATEAB": "TX",
        "COUNTYNAME": "ELLIS",
        "CITYNAME": "GARRETT",
        "LATDD": 32.3611468,
        "LONGDD": -96.6498834,
        "gridlyProductionCertified": true,
        "gridlyClassification": "PUBLIC_ROADWAY",
        "gridlyDisplayName": "HART STREET",
        "gridlyId": "FRA-765543E"
      }
    },
    {
      "type": "Feature",
      "id": 206835,
      "geometry": {
        "type": "Point",
        "coordinates": [
          -96.6278489997365,
          32.3296070002938
        ]
      },
      "properties": {
        "OBJECTID": 206835,
        "CROSSING": "765535M",
        "EFFDATE": 1756425600000,
        "REASON": "14",
        "StateCode": "48",
        "CountyCode": "48139",
        "STCYFIPS": "48139",
        "CITYCD": "481392240",
        "RAILROAD": "UP",
        "RRDIV": "TEXOMA",
        "RRSUBDIV": "ENNIS SUB",
        "HIGHWAY": "CITY",
        "STREET": "Baylor Street",
        "TTSTN": "667545",
        "MILEPOST": "0230.990",
        "TYPEXING": "Public",
        "POSXING": "RR Over",
        "PRVCAT": "14",
        "INIT": "1",
        "LATITUDE": 32.329607,
        "LONGITUD": -96.627849,
        "LLSOURCE": "1",
        "WHISTBAN": "0",
        "RRCONT": "4025443721",
        "POLCONT": "8008488715",
        "INV_LINK": "https://safetydata.fra.dot.gov/OfficeofSafety/PublicSite/Crossing/Crossing.aspx?phasetype=C&rpttype=I&txtcrossingnum=765535M",
        "ACC_LINK": "https://safetydata.fra.dot.gov/OfficeofSafety/PublicSite/Crossing/Crossing.aspx?phasetype=C&rpttype=A&txtcrossingnum=765535M",
        "TTSTNNAM": "",
        "XPURPOSE": "1",
        "OPERATINGR": "UP",
        "OPERATIN_1": "Primary",
        "DAYTHRU": 5,
        "NGHTTHRU": 4,
        "MAINTRK": 0,
        "SIDINGTRK": 0,
        "YARDTRK": 1,
        "TRANSITTRK": 0,
        "INDUSTRYTR": 0,
        "OTHRTRK": 0,
        "WDCODE": "",
        "REVISIONDA": "1975/01/01 00:00:00",
        "LASTUPDATE": "8/29/2025",
        "AADT": "1",
        "AADTYEAR": "1970",
        "STATENAME": "TEXAS",
        "STATEAB": "TX",
        "COUNTYNAME": "ELLIS",
        "CITYNAME": "ENNIS",
        "LATDD": 32.329607,
        "LONGDD": -96.627849,
        "gridlyProductionCertified": true,
        "gridlyClassification": "PUBLIC_ROADWAY",
        "gridlyDisplayName": "Baylor Street",
        "gridlyId": "FRA-765535M"
      }
    },
    {
      "type": "Feature",
      "id": 206862,
      "geometry": {
        "type": "Point",
        "coordinates": [
          -96.628381999839,
          32.3303810003512
        ]
      },
      "properties": {
        "OBJECTID": 206862,
        "CROSSING": "765536U",
        "EFFDATE": 1756425600000,
        "REASON": "14",
        "StateCode": "48",
        "CountyCode": "48139",
        "STCYFIPS": "48139",
        "CITYCD": "481392240",
        "RAILROAD": "UP",
        "RRDIV": "TEXOMA",
        "RRSUBDIV": "ENNIS SUB",
        "HIGHWAY": "CITY",
        "STREET": "Belknap Street",
        "TTSTN": "667545",
        "MILEPOST": "0231.050",
        "TYPEXING": "Public",
        "POSXING": "RR Over",
        "PRVCAT": "14",
        "INIT": "1",
        "LATITUDE": 32.330381,
        "LONGITUD": -96.628382,
        "LLSOURCE": "1",
        "WHISTBAN": "0",
        "RRCONT": "4025443721",
        "POLCONT": "8008488715",
        "INV_LINK": "https://safetydata.fra.dot.gov/OfficeofSafety/PublicSite/Crossing/Crossing.aspx?phasetype=C&rpttype=I&txtcrossingnum=765536U",
        "ACC_LINK": "https://safetydata.fra.dot.gov/OfficeofSafety/PublicSite/Crossing/Crossing.aspx?phasetype=C&rpttype=A&txtcrossingnum=765536U",
        "TTSTNNAM": "",
        "XPURPOSE": "1",
        "OPERATINGR": "UP",
        "OPERATIN_1": "Primary",
        "DAYTHRU": 5,
        "NGHTTHRU": 4,
        "MAINTRK": 0,
        "SIDINGTRK": 0,
        "YARDTRK": 1,
        "TRANSITTRK": 0,
        "INDUSTRYTR": 0,
        "OTHRTRK": 0,
        "WDCODE": "",
        "REVISIONDA": "1975/01/01 00:00:00",
        "LASTUPDATE": "8/29/2025",
        "AADT": "1",
        "AADTYEAR": "1970",
        "STATENAME": "TEXAS",
        "STATEAB": "TX",
        "COUNTYNAME": "ELLIS",
        "CITYNAME": "ENNIS",
        "LATDD": 32.330381,
        "LONGDD": -96.628382,
        "gridlyProductionCertified": true,
        "gridlyClassification": "PUBLIC_ROADWAY",
        "gridlyDisplayName": "Belknap Street",
        "gridlyId": "FRA-765536U"
      }
    },
    {
      "type": "Feature",
      "id": 206863,
      "geometry": {
        "type": "Point",
        "coordinates": [
          -96.6316017998709,
          32.3351050003305
        ]
      },
      "properties": {
        "OBJECTID": 206863,
        "CROSSING": "765537B",
        "EFFDATE": 1756425600000,
        "REASON": "14",
        "StateCode": "48",
        "CountyCode": "48139",
        "STCYFIPS": "48139",
        "CITYCD": "481392240",
        "RAILROAD": "UP",
        "RRDIV": "TEXOMA",
        "RRSUBDIV": "ENNIS SUB",
        "HIGHWAY": "TBD",
        "STREET": "EAST MARTIN LUTHER KING DRIVE",
        "TTSTN": "667545",
        "MILEPOST": "0231.430",
        "TYPEXING": "Public",
        "POSXING": "At Grade",
        "PRVCAT": "14",
        "INIT": "1",
        "LATITUDE": 32.335105,
        "LONGITUD": -96.6316018,
        "LLSOURCE": "1",
        "WHISTBAN": "0",
        "RRCONT": "4025443721",
        "POLCONT": "8008488715",
        "INV_LINK": "https://safetydata.fra.dot.gov/OfficeofSafety/PublicSite/Crossing/Crossing.aspx?phasetype=C&rpttype=I&txtcrossingnum=765537B",
        "ACC_LINK": "https://safetydata.fra.dot.gov/OfficeofSafety/PublicSite/Crossing/Crossing.aspx?phasetype=C&rpttype=A&txtcrossingnum=765537B",
        "TTSTNNAM": "",
        "XPURPOSE": "1",
        "OPERATINGR": "UP",
        "OPERATIN_1": "Primary",
        "DAYTHRU": 4,
        "NGHTTHRU": 4,
        "MAINTRK": 1,
        "SIDINGTRK": 0,
        "YARDTRK": 1,
        "TRANSITTRK": 0,
        "INDUSTRYTR": 0,
        "OTHRTRK": 1,
        "WDCODE": "All other Gates",
        "REVISIONDA": "1975/01/01 00:00:00",
        "LASTUPDATE": "8/29/2025",
        "AADT": "3448",
        "AADTYEAR": "2019",
        "STATENAME": "TEXAS",
        "STATEAB": "TX",
        "COUNTYNAME": "ELLIS",
        "CITYNAME": "ENNIS",
        "LATDD": 32.335105,
        "LONGDD": -96.6316018,
        "gridlyProductionCertified": true,
        "gridlyClassification": "PUBLIC_ROADWAY",
        "gridlyDisplayName": "EAST MARTIN LUTHER KING DRIVE",
        "gridlyId": "FRA-765537B"
      }
    },
    {
      "type": "Feature",
      "id": 206864,
      "geometry": {
        "type": "Point",
        "coordinates": [
          -96.6305159001857,
          32.3335185998843
        ]
      },
      "properties": {
        "OBJECTID": 206864,
        "CROSSING": "765540J",
        "EFFDATE": 1756425600000,
        "REASON": "14",
        "StateCode": "48",
        "CountyCode": "48139",
        "STCYFIPS": "48139",
        "CITYCD": "481392240",
        "RAILROAD": "UP",
        "RRDIV": "Texoma",
        "RRSUBDIV": "Ennis Sub",
        "HIGHWAY": "ST 0000",
        "STREET": "East Tyler Street",
        "TTSTN": "667545",
        "MILEPOST": "0231.300",
        "TYPEXING": "Public",
        "POSXING": "At Grade",
        "PRVCAT": "14",
        "INIT": "1",
        "LATITUDE": 32.3335186,
        "LONGITUD": -96.6305159,
        "LLSOURCE": "1",
        "WHISTBAN": "0",
        "RRCONT": "4025443721",
        "POLCONT": "8008488715",
        "INV_LINK": "https://safetydata.fra.dot.gov/OfficeofSafety/PublicSite/Crossing/Crossing.aspx?phasetype=C&rpttype=I&txtcrossingnum=765540J",
        "ACC_LINK": "https://safetydata.fra.dot.gov/OfficeofSafety/PublicSite/Crossing/Crossing.aspx?phasetype=C&rpttype=A&txtcrossingnum=765540J",
        "TTSTNNAM": "",
        "XPURPOSE": "1",
        "OPERATINGR": "UP",
        "OPERATIN_1": "Primary",
        "DAYTHRU": 4,
        "NGHTTHRU": 4,
        "MAINTRK": 1,
        "SIDINGTRK": 0,
        "YARDTRK": 1,
        "TRANSITTRK": 0,
        "INDUSTRYTR": 0,
        "OTHRTRK": 1,
        "WDCODE": "All other Gates",
        "REVISIONDA": "1975/01/01 00:00:00",
        "LASTUPDATE": "8/29/2025",
        "AADT": "539",
        "AADTYEAR": "2019",
        "STATENAME": "TEXAS",
        "STATEAB": "TX",
        "COUNTYNAME": "ELLIS",
        "CITYNAME": "ENNIS",
        "LATDD": 32.3335186,
        "LONGDD": -96.6305159,
        "gridlyProductionCertified": true,
        "gridlyClassification": "PUBLIC_ROADWAY",
        "gridlyDisplayName": "East Tyler Street",
        "gridlyId": "FRA-765540J"
      }
    },
    {
      "type": "Feature",
      "id": 206868,
      "geometry": {
        "type": "Point",
        "coordinates": [
          -96.6426459996892,
          32.3512352002912
        ]
      },
      "properties": {
        "OBJECTID": 206868,
        "CROSSING": "765541R",
        "EFFDATE": 1756425600000,
        "REASON": "14",
        "StateCode": "48",
        "CountyCode": "48139",
        "STCYFIPS": "48139",
        "CITYCD": "481392240",
        "RAILROAD": "UP",
        "RRDIV": "TEXOMA",
        "RRSUBDIV": "ENNIS SUB",
        "HIGHWAY": "ST 0000",
        "STREET": "CASA LINDA DRIVE",
        "TTSTN": "667545",
        "MILEPOST": "0232.720",
        "TYPEXING": "Public",
        "POSXING": "At Grade",
        "PRVCAT": "14",
        "INIT": "1",
        "LATITUDE": 32.3512352,
        "LONGITUD": -96.642646,
        "LLSOURCE": "1",
        "WHISTBAN": "0",
        "RRCONT": "4025443721",
        "POLCONT": "8008488715",
        "INV_LINK": "https://safetydata.fra.dot.gov/OfficeofSafety/PublicSite/Crossing/Crossing.aspx?phasetype=C&rpttype=I&txtcrossingnum=765541R",
        "ACC_LINK": "https://safetydata.fra.dot.gov/OfficeofSafety/PublicSite/Crossing/Crossing.aspx?phasetype=C&rpttype=A&txtcrossingnum=765541R",
        "TTSTNNAM": "",
        "XPURPOSE": "1",
        "OPERATINGR": "UP",
        "OPERATIN_1": "Primary",
        "DAYTHRU": 4,
        "NGHTTHRU": 4,
        "MAINTRK": 1,
        "SIDINGTRK": 0,
        "YARDTRK": 0,
        "TRANSITTRK": 0,
        "INDUSTRYTR": 0,
        "OTHRTRK": 0,
        "WDCODE": "All other Gates",
        "REVISIONDA": "1975/01/01 00:00:00",
        "LASTUPDATE": "8/29/2025",
        "AADT": "1930",
        "AADTYEAR": "2019",
        "STATENAME": "TEXAS",
        "STATEAB": "TX",
        "COUNTYNAME": "ELLIS",
        "CITYNAME": "ENNIS",
        "LATDD": 32.3512352,
        "LONGDD": -96.642646,
        "gridlyProductionCertified": true,
        "gridlyClassification": "PUBLIC_ROADWAY",
        "gridlyDisplayName": "CASA LINDA DRIVE",
        "gridlyId": "FRA-765541R"
      }
    },
    {
      "type": "Feature",
      "id": 207756,
      "geometry": {
        "type": "Point",
        "coordinates": [
          -96.8463472997797,
          32.3872262999252
        ]
      },
      "properties": {
        "OBJECTID": 207756,
        "CROSSING": "765874S",
        "EFFDATE": 1757289600000,
        "REASON": "14",
        "StateCode": "48",
        "CountyCode": "48139",
        "STCYFIPS": "48139",
        "CITYCD": "481397270",
        "RAILROAD": "UP",
        "RRDIV": "TEXOMA",
        "RRSUBDIV": "MIDLOTHIAN SUB",
        "HIGHWAY": "ST 0000",
        "STREET": "COLLEGE STREET",
        "TTSTN": "667550",
        "MILEPOST": "0011.550",
        "TYPEXING": "Public",
        "POSXING": "At Grade",
        "PRVCAT": "14",
        "INIT": "1",
        "LATITUDE": 32.3872263,
        "LONGITUD": -96.8463473,
        "LLSOURCE": "1",
        "WHISTBAN": "0",
        "RRCONT": "4025443721",
        "POLCONT": "8008488715",
        "INV_LINK": "https://safetydata.fra.dot.gov/OfficeofSafety/PublicSite/Crossing/Crossing.aspx?phasetype=C&rpttype=I&txtcrossingnum=765874S",
        "ACC_LINK": "https://safetydata.fra.dot.gov/OfficeofSafety/PublicSite/Crossing/Crossing.aspx?phasetype=C&rpttype=A&txtcrossingnum=765874S",
        "TTSTNNAM": "",
        "XPURPOSE": "1",
        "OPERATINGR": "UP",
        "OPERATIN_1": "Primary",
        "DAYTHRU": 4,
        "NGHTTHRU": 4,
        "MAINTRK": 1,
        "SIDINGTRK": 0,
        "YARDTRK": 0,
        "TRANSITTRK": 0,
        "INDUSTRYTR": 0,
        "OTHRTRK": 1,
        "WDCODE": "All other Gates",
        "REVISIONDA": "1975/01/01 00:00:00",
        "LASTUPDATE": "9/8/2025",
        "AADT": "4499",
        "AADTYEAR": "2019",
        "STATENAME": "TEXAS",
        "STATEAB": "TX",
        "COUNTYNAME": "ELLIS",
        "CITYNAME": "WAXAHACHIE",
        "LATDD": 32.3872263,
        "LONGDD": -96.8463473,
        "gridlyProductionCertified": true,
        "gridlyClassification": "PUBLIC_ROADWAY",
        "gridlyDisplayName": "COLLEGE STREET",
        "gridlyId": "FRA-765874S"
      }
    },
    {
      "type": "Feature",
      "id": 207768,
      "geometry": {
        "type": "Point",
        "coordinates": [
          -96.8060499999265,
          32.386384800207
        ]
      },
      "properties": {
        "OBJECTID": 207768,
        "CROSSING": "765914M",
        "EFFDATE": 1757289600000,
        "REASON": "14",
        "StateCode": "48",
        "CountyCode": "48139",
        "STCYFIPS": "48139",
        "CITYCD": "481397270",
        "RAILROAD": "UP",
        "RRDIV": "TEXOMA",
        "RRSUBDIV": "MIDLOTHIAN SUB",
        "HIGHWAY": "PRIVATE",
        "STREET": "PRIVATE",
        "TTSTN": "667550",
        "MILEPOST": "0009.120",
        "TYPEXING": "Private",
        "POSXING": "At Grade",
        "PRVCAT": "14",
        "INIT": "1",
        "LATITUDE": 32.3863848,
        "LONGITUD": -96.80605,
        "LLSOURCE": "1",
        "WHISTBAN": "0",
        "RRCONT": "4025443721",
        "POLCONT": "8008488715",
        "INV_LINK": "https://safetydata.fra.dot.gov/OfficeofSafety/PublicSite/Crossing/Crossing.aspx?phasetype=C&rpttype=I&txtcrossingnum=765914M",
        "ACC_LINK": "https://safetydata.fra.dot.gov/OfficeofSafety/PublicSite/Crossing/Crossing.aspx?phasetype=C&rpttype=A&txtcrossingnum=765914M",
        "TTSTNNAM": "",
        "XPURPOSE": "1",
        "OPERATINGR": "UP",
        "OPERATIN_1": "Primary",
        "DAYTHRU": 4,
        "NGHTTHRU": 4,
        "MAINTRK": 1,
        "SIDINGTRK": 0,
        "YARDTRK": 0,
        "TRANSITTRK": 0,
        "INDUSTRYTR": 0,
        "OTHRTRK": 0,
        "WDCODE": "",
        "REVISIONDA": "1975/01/01 00:00:00",
        "LASTUPDATE": "9/8/2025",
        "AADT": "1",
        "AADTYEAR": "1970",
        "STATENAME": "TEXAS",
        "STATEAB": "TX",
        "COUNTYNAME": "ELLIS",
        "CITYNAME": "WAXAHACHIE",
        "LATDD": 32.3863848,
        "LONGDD": -96.80605,
        "gridlyProductionCertified": true,
        "gridlyClassification": "PUBLIC_ROADWAY",
        "gridlyDisplayName": "PRIVATE",
        "gridlyId": "FRA-765914M"
      }
    },
    {
      "type": "Feature",
      "id": 207769,
      "geometry": {
        "type": "Point",
        "coordinates": [
          -96.8101295999747,
          32.3869537000077
        ]
      },
      "properties": {
        "OBJECTID": 207769,
        "CROSSING": "765915U",
        "EFFDATE": 1757289600000,
        "REASON": "14",
        "StateCode": "48",
        "CountyCode": "48139",
        "STCYFIPS": "48139",
        "CITYCD": "481397270",
        "RAILROAD": "UP",
        "RRDIV": "TEXOMA",
        "RRSUBDIV": "MIDLOTHIAN SUB",
        "HIGHWAY": "PRIVATE",
        "STREET": "PRIVATE",
        "TTSTN": "667550",
        "MILEPOST": "0009.350",
        "TYPEXING": "Private",
        "POSXING": "At Grade",
        "PRVCAT": "14",
        "INIT": "1",
        "LATITUDE": 32.3869537,
        "LONGITUD": -96.8101296,
        "LLSOURCE": "1",
        "WHISTBAN": "0",
        "RRCONT": "4025443721",
        "POLCONT": "8008488715",
        "INV_LINK": "https://safetydata.fra.dot.gov/OfficeofSafety/PublicSite/Crossing/Crossing.aspx?phasetype=C&rpttype=I&txtcrossingnum=765915U",
        "ACC_LINK": "https://safetydata.fra.dot.gov/OfficeofSafety/PublicSite/Crossing/Crossing.aspx?phasetype=C&rpttype=A&txtcrossingnum=765915U",
        "TTSTNNAM": "",
        "XPURPOSE": "1",
        "OPERATINGR": "UP",
        "OPERATIN_1": "Primary",
        "DAYTHRU": 4,
        "NGHTTHRU": 4,
        "MAINTRK": 1,
        "SIDINGTRK": 0,
        "YARDTRK": 0,
        "TRANSITTRK": 0,
        "INDUSTRYTR": 0,
        "OTHRTRK": 0,
        "WDCODE": "",
        "REVISIONDA": "1975/01/01 00:00:00",
        "LASTUPDATE": "9/8/2025",
        "AADT": "1",
        "AADTYEAR": "1970",
        "STATENAME": "TEXAS",
        "STATEAB": "TX",
        "COUNTYNAME": "ELLIS",
        "CITYNAME": "WAXAHACHIE",
        "LATDD": 32.3869537,
        "LONGDD": -96.8101296,
        "gridlyProductionCertified": true,
        "gridlyClassification": "PUBLIC_ROADWAY",
        "gridlyDisplayName": "PRIVATE",
        "gridlyId": "FRA-765915U"
      }
    },
    {
      "type": "Feature",
      "id": 207770,
      "geometry": {
        "type": "Point",
        "coordinates": [
          -96.6911908004379,
          32.3704239002852
        ]
      },
      "properties": {
        "OBJECTID": 207770,
        "CROSSING": "765903A",
        "EFFDATE": 1757289600000,
        "REASON": "14",
        "StateCode": "48",
        "CountyCode": "48139",
        "STCYFIPS": "48139",
        "CITYCD": "481392598",
        "RAILROAD": "UP",
        "RRDIV": "TEXOMA",
        "RRSUBDIV": "MIDLOTHIAN SUB",
        "HIGHWAY": "FM 1722",
        "STREET": "FM 1722",
        "TTSTN": "667543",
        "MILEPOST": "0002.310",
        "TYPEXING": "Public",
        "POSXING": "At Grade",
        "PRVCAT": "14",
        "INIT": "1",
        "LATITUDE": 32.3704239,
        "LONGITUD": -96.6911908,
        "LLSOURCE": "1",
        "WHISTBAN": "0",
        "RRCONT": "4025443721",
        "POLCONT": "8008488715",
        "INV_LINK": "https://safetydata.fra.dot.gov/OfficeofSafety/PublicSite/Crossing/Crossing.aspx?phasetype=C&rpttype=I&txtcrossingnum=765903A",
        "ACC_LINK": "https://safetydata.fra.dot.gov/OfficeofSafety/PublicSite/Crossing/Crossing.aspx?phasetype=C&rpttype=A&txtcrossingnum=765903A",
        "TTSTNNAM": "",
        "XPURPOSE": "1",
        "OPERATINGR": "UP",
        "OPERATIN_1": "Primary",
        "DAYTHRU": 4,
        "NGHTTHRU": 4,
        "MAINTRK": 1,
        "SIDINGTRK": 0,
        "YARDTRK": 0,
        "TRANSITTRK": 0,
        "INDUSTRYTR": 0,
        "OTHRTRK": 0,
        "WDCODE": "All other Gates",
        "REVISIONDA": "1975/01/01 00:00:00",
        "LASTUPDATE": "9/8/2025",
        "AADT": "884",
        "AADTYEAR": "2019",
        "STATENAME": "TEXAS",
        "STATEAB": "TX",
        "COUNTYNAME": "ELLIS",
        "CITYNAME": "GARRETT",
        "LATDD": 32.3704239,
        "LONGDD": -96.6911908,
        "gridlyProductionCertified": true,
        "gridlyClassification": "PUBLIC_ROADWAY",
        "gridlyDisplayName": "FM 1722",
        "gridlyId": "FRA-765903A"
      }
    },
    {
      "type": "Feature",
      "id": 207771,
      "geometry": {
        "type": "Point",
        "coordinates": [
          -96.9422964001923,
          32.4563060997005
        ]
      },
      "properties": {
        "OBJECTID": 207771,
        "CROSSING": "765213Y",
        "EFFDATE": 1757289600000,
        "REASON": "14",
        "StateCode": "48",
        "CountyCode": "48139",
        "STCYFIPS": "48139",
        "CITYCD": "481394570",
        "RAILROAD": "UP",
        "RRDIV": "TEXOMA",
        "RRSUBDIV": "MIDLOTHIAN SUB",
        "HIGHWAY": "CO 0825",
        "STREET": "CR/Plainview Road",
        "TTSTN": "667538",
        "MILEPOST": "0019.230",
        "TYPEXING": "Public",
        "POSXING": "At Grade",
        "PRVCAT": "14",
        "INIT": "1",
        "LATITUDE": 32.4563061,
        "LONGITUD": -96.9422964,
        "LLSOURCE": "1",
        "WHISTBAN": "0",
        "RRCONT": "4025443721",
        "POLCONT": "8008488715",
        "INV_LINK": "https://safetydata.fra.dot.gov/OfficeofSafety/PublicSite/Crossing/Crossing.aspx?phasetype=C&rpttype=I&txtcrossingnum=765213Y",
        "ACC_LINK": "https://safetydata.fra.dot.gov/OfficeofSafety/PublicSite/Crossing/Crossing.aspx?phasetype=C&rpttype=A&txtcrossingnum=765213Y",
        "TTSTNNAM": "",
        "XPURPOSE": "1",
        "OPERATINGR": "UP",
        "OPERATIN_1": "Primary",
        "DAYTHRU": 5,
        "NGHTTHRU": 5,
        "MAINTRK": 1,
        "SIDINGTRK": 0,
        "YARDTRK": 0,
        "TRANSITTRK": 0,
        "INDUSTRYTR": 0,
        "OTHRTRK": 0,
        "WDCODE": "All other Gates",
        "REVISIONDA": "1975/01/01 00:00:00",
        "LASTUPDATE": "9/8/2025",
        "AADT": "2567",
        "AADTYEAR": "2019",
        "STATENAME": "TEXAS",
        "STATEAB": "TX",
        "COUNTYNAME": "ELLIS",
        "CITYNAME": "MIDLOTHIAN",
        "LATDD": 32.4563061,
        "LONGDD": -96.9422964,
        "gridlyProductionCertified": true,
        "gridlyClassification": "PUBLIC_ROADWAY",
        "gridlyDisplayName": "CR/Plainview Road",
        "gridlyId": "FRA-765213Y"
      }
    },
    {
      "type": "Feature",
      "id": 207773,
      "geometry": {
        "type": "Point",
        "coordinates": [
          -96.8916561002787,
          32.4154247998537
        ]
      },
      "properties": {
        "OBJECTID": 207773,
        "CROSSING": "765210D",
        "EFFDATE": 1757289600000,
        "REASON": "14",
        "StateCode": "48",
        "CountyCode": "48139",
        "STCYFIPS": "48139",
        "CITYCD": "481397270",
        "RAILROAD": "UP",
        "RRDIV": "TEXOMA",
        "RRSUBDIV": "MIDLOTHIAN SUB",
        "HIGHWAY": "FM 0875",
        "STREET": "FM 875",
        "TTSTN": "667550",
        "MILEPOST": "0015.040",
        "TYPEXING": "Public",
        "POSXING": "At Grade",
        "PRVCAT": "14",
        "INIT": "1",
        "LATITUDE": 32.4154248,
        "LONGITUD": -96.8916561,
        "LLSOURCE": "1",
        "WHISTBAN": "0",
        "RRCONT": "4025443721",
        "POLCONT": "8008488715",
        "INV_LINK": "https://safetydata.fra.dot.gov/OfficeofSafety/PublicSite/Crossing/Crossing.aspx?phasetype=C&rpttype=I&txtcrossingnum=765210D",
        "ACC_LINK": "https://safetydata.fra.dot.gov/OfficeofSafety/PublicSite/Crossing/Crossing.aspx?phasetype=C&rpttype=A&txtcrossingnum=765210D",
        "TTSTNNAM": "",
        "XPURPOSE": "1",
        "OPERATINGR": "UP",
        "OPERATIN_1": "Primary",
        "DAYTHRU": 5,
        "NGHTTHRU": 5,
        "MAINTRK": 1,
        "SIDINGTRK": 0,
        "YARDTRK": 0,
        "TRANSITTRK": 0,
        "INDUSTRYTR": 0,
        "OTHRTRK": 0,
        "WDCODE": "All other Gates",
        "REVISIONDA": "1975/01/01 00:00:00",
        "LASTUPDATE": "9/8/2025",
        "AADT": "3066",
        "AADTYEAR": "2019",
        "STATENAME": "TEXAS",
        "STATEAB": "TX",
        "COUNTYNAME": "ELLIS",
        "CITYNAME": "WAXAHACHIE",
        "LATDD": 32.4154248,
        "LONGDD": -96.8916561,
        "gridlyProductionCertified": true,
        "gridlyClassification": "PUBLIC_ROADWAY",
        "gridlyDisplayName": "FM 875",
        "gridlyId": "FRA-765210D"
      }
    },
    {
      "type": "Feature",
      "id": 207781,
      "geometry": {
        "type": "Point",
        "coordinates": [
          -96.9684470004084,
          32.4723260002955
        ]
      },
      "properties": {
        "OBJECTID": 207781,
        "CROSSING": "765215M",
        "EFFDATE": 1757289600000,
        "REASON": "14",
        "StateCode": "48",
        "CountyCode": "48139",
        "STCYFIPS": "48139",
        "CITYCD": "481394570",
        "RAILROAD": "UP",
        "RRDIV": "TEXOMA",
        "RRSUBDIV": "MIDLOTHIAN SUB",
        "HIGHWAY": "US 0287",
        "STREET": "US 287",
        "TTSTN": "667538",
        "MILEPOST": "0021.230",
        "TYPEXING": "Public",
        "POSXING": "RR Under",
        "PRVCAT": "14",
        "INIT": "1",
        "LATITUDE": 32.472326,
        "LONGITUD": -96.968447,
        "LLSOURCE": "1",
        "WHISTBAN": "0",
        "RRCONT": "4025443721",
        "POLCONT": "8008488715",
        "INV_LINK": "https://safetydata.fra.dot.gov/OfficeofSafety/PublicSite/Crossing/Crossing.aspx?phasetype=C&rpttype=I&txtcrossingnum=765215M",
        "ACC_LINK": "https://safetydata.fra.dot.gov/OfficeofSafety/PublicSite/Crossing/Crossing.aspx?phasetype=C&rpttype=A&txtcrossingnum=765215M",
        "TTSTNNAM": "",
        "XPURPOSE": "1",
        "OPERATINGR": "UP",
        "OPERATIN_1": "Primary",
        "DAYTHRU": 4,
        "NGHTTHRU": 4,
        "MAINTRK": 1,
        "SIDINGTRK": 0,
        "YARDTRK": 0,
        "TRANSITTRK": 0,
        "INDUSTRYTR": 0,
        "OTHRTRK": 0,
        "WDCODE": "",
        "REVISIONDA": "1975/01/01 00:00:00",
        "LASTUPDATE": "9/8/2025",
        "AADT": "22440",
        "AADTYEAR": "2011",
        "STATENAME": "TEXAS",
        "STATEAB": "TX",
        "COUNTYNAME": "ELLIS",
        "CITYNAME": "MIDLOTHIAN",
        "LATDD": 32.472326,
        "LONGDD": -96.968447,
        "gridlyProductionCertified": true,
        "gridlyClassification": "PUBLIC_ROADWAY",
        "gridlyDisplayName": "US 287",
        "gridlyId": "FRA-765215M"
      }
    },
    {
      "type": "Feature",
      "id": 207782,
      "geometry": {
        "type": "Point",
        "coordinates": [
          -96.9731549998456,
          32.4786230001991
        ]
      },
      "properties": {
        "OBJECTID": 207782,
        "CROSSING": "922140Y",
        "EFFDATE": 1757289600000,
        "REASON": "14",
        "StateCode": "48",
        "CountyCode": "48139",
        "STCYFIPS": "48139",
        "CITYCD": "481394570",
        "RAILROAD": "UP",
        "RRDIV": "TEXOMA",
        "RRSUBDIV": "MIDLOTHIAN SUB",
        "HIGHWAY": "NA",
        "STREET": "North Midlothian Pkwy",
        "TTSTN": "667538",
        "MILEPOST": "0021.755",
        "TYPEXING": "Public",
        "POSXING": "RR Under",
        "PRVCAT": "14",
        "INIT": "1",
        "LATITUDE": 32.478623,
        "LONGITUD": -96.973155,
        "LLSOURCE": "1",
        "WHISTBAN": "0",
        "RRCONT": "4025443721",
        "POLCONT": "8008488715",
        "INV_LINK": "https://safetydata.fra.dot.gov/OfficeofSafety/PublicSite/Crossing/Crossing.aspx?phasetype=C&rpttype=I&txtcrossingnum=922140Y",
        "ACC_LINK": "https://safetydata.fra.dot.gov/OfficeofSafety/PublicSite/Crossing/Crossing.aspx?phasetype=C&rpttype=A&txtcrossingnum=922140Y",
        "TTSTNNAM": "",
        "XPURPOSE": "1",
        "OPERATINGR": "UP",
        "OPERATIN_1": "Primary",
        "DAYTHRU": 4,
        "NGHTTHRU": 4,
        "MAINTRK": 1,
        "SIDINGTRK": 0,
        "YARDTRK": 0,
        "TRANSITTRK": 0,
        "INDUSTRYTR": 0,
        "OTHRTRK": 0,
        "WDCODE": "",
        "REVISIONDA": "1975/01/01 00:00:00",
        "LASTUPDATE": "9/8/2025",
        "AADT": "1",
        "AADTYEAR": "",
        "STATENAME": "TEXAS",
        "STATEAB": "TX",
        "COUNTYNAME": "ELLIS",
        "CITYNAME": "MIDLOTHIAN",
        "LATDD": 32.478623,
        "LONGDD": -96.973155,
        "gridlyProductionCertified": true,
        "gridlyClassification": "PUBLIC_ROADWAY",
        "gridlyDisplayName": "North Midlothian Pkwy",
        "gridlyId": "FRA-922140Y"
      }
    },
    {
      "type": "Feature",
      "id": 207810,
      "geometry": {
        "type": "Point",
        "coordinates": [
          -96.8727789999162,
          32.4079390002002
        ]
      },
      "properties": {
        "OBJECTID": 207810,
        "CROSSING": "765207V",
        "EFFDATE": 1757289600000,
        "REASON": "14",
        "StateCode": "48",
        "CountyCode": "48139",
        "STCYFIPS": "48139",
        "CITYCD": "481397270",
        "RAILROAD": "UP",
        "RRDIV": "TEXOMA",
        "RRSUBDIV": "MIDLOTHIAN SUB",
        "HIGHWAY": "IH0035E",
        "STREET": "US 35",
        "TTSTN": "667550",
        "MILEPOST": "0013.710",
        "TYPEXING": "Public",
        "POSXING": "RR Under",
        "PRVCAT": "14",
        "INIT": "1",
        "LATITUDE": 32.407939,
        "LONGITUD": -96.872779,
        "LLSOURCE": "1",
        "WHISTBAN": "0",
        "RRCONT": "4025443721",
        "POLCONT": "8008488715",
        "INV_LINK": "https://safetydata.fra.dot.gov/OfficeofSafety/PublicSite/Crossing/Crossing.aspx?phasetype=C&rpttype=I&txtcrossingnum=765207V",
        "ACC_LINK": "https://safetydata.fra.dot.gov/OfficeofSafety/PublicSite/Crossing/Crossing.aspx?phasetype=C&rpttype=A&txtcrossingnum=765207V",
        "TTSTNNAM": "",
        "XPURPOSE": "1",
        "OPERATINGR": "UP",
        "OPERATIN_1": "Primary",
        "DAYTHRU": 4,
        "NGHTTHRU": 4,
        "MAINTRK": 1,
        "SIDINGTRK": 0,
        "YARDTRK": 0,
        "TRANSITTRK": 0,
        "INDUSTRYTR": 0,
        "OTHRTRK": 0,
        "WDCODE": "",
        "REVISIONDA": "1975/01/01 00:00:00",
        "LASTUPDATE": "9/8/2025",
        "AADT": "37370",
        "AADTYEAR": "2011",
        "STATENAME": "TEXAS",
        "STATEAB": "TX",
        "COUNTYNAME": "ELLIS",
        "CITYNAME": "WAXAHACHIE",
        "LATDD": 32.407939,
        "LONGDD": -96.872779,
        "gridlyProductionCertified": true,
        "gridlyClassification": "PUBLIC_ROADWAY",
        "gridlyDisplayName": "US 35",
        "gridlyId": "FRA-765207V"
      }
    },
    {
      "type": "Feature",
      "id": 209983,
      "geometry": {
        "type": "Point",
        "coordinates": [
          -96.9988980002813,
          32.4930000002016
        ]
      },
      "properties": {
        "OBJECTID": 209983,
        "CROSSING": "765218H",
        "EFFDATE": 1756425600000,
        "REASON": "14",
        "StateCode": "48",
        "CountyCode": "48139",
        "STCYFIPS": "48139",
        "CITYCD": "481394570",
        "RAILROAD": "UP",
        "RRDIV": "TEXOMA",
        "RRSUBDIV": "MIDLOTHIAN SUB",
        "HIGHWAY": "US 0067",
        "STREET": "US 67",
        "TTSTN": "667538",
        "MILEPOST": "0023.560",
        "TYPEXING": "Public",
        "POSXING": "RR Under",
        "PRVCAT": "14",
        "INIT": "1",
        "LATITUDE": 32.493,
        "LONGITUD": -96.998898,
        "LLSOURCE": "1",
        "WHISTBAN": "0",
        "RRCONT": "4025443721",
        "POLCONT": "8008488715",
        "INV_LINK": "https://safetydata.fra.dot.gov/OfficeofSafety/PublicSite/Crossing/Crossing.aspx?phasetype=C&rpttype=I&txtcrossingnum=765218H",
        "ACC_LINK": "https://safetydata.fra.dot.gov/OfficeofSafety/PublicSite/Crossing/Crossing.aspx?phasetype=C&rpttype=A&txtcrossingnum=765218H",
        "TTSTNNAM": "",
        "XPURPOSE": "1",
        "OPERATINGR": "UP",
        "OPERATIN_1": "Primary",
        "DAYTHRU": 5,
        "NGHTTHRU": 4,
        "MAINTRK": 1,
        "SIDINGTRK": 0,
        "YARDTRK": 0,
        "TRANSITTRK": 0,
        "INDUSTRYTR": 0,
        "OTHRTRK": 0,
        "WDCODE": "",
        "REVISIONDA": "1975/01/01 00:00:00",
        "LASTUPDATE": "8/29/2025",
        "AADT": "26090",
        "AADTYEAR": "2011",
        "STATENAME": "TEXAS",
        "STATEAB": "TX",
        "COUNTYNAME": "ELLIS",
        "CITYNAME": "MIDLOTHIAN",
        "LATDD": 32.493,
        "LONGDD": -96.998898,
        "gridlyProductionCertified": true,
        "gridlyClassification": "PUBLIC_ROADWAY",
        "gridlyDisplayName": "US 67",
        "gridlyId": "FRA-765218H"
      }
    },
    {
      "type": "Feature",
      "id": 209984,
      "geometry": {
        "type": "Point",
        "coordinates": [
          -97.0125989998918,
          32.5184129999811
        ]
      },
      "properties": {
        "OBJECTID": 209984,
        "CROSSING": "765221R",
        "EFFDATE": 1756425600000,
        "REASON": "14",
        "StateCode": "48",
        "CountyCode": "48139",
        "STCYFIPS": "48139",
        "CITYCD": "481394570",
        "RAILROAD": "UP",
        "RRDIV": "Texoma",
        "RRSUBDIV": "Midlothian Sub",
        "HIGHWAY": "ST 0000",
        "STREET": "Gifco Road",
        "TTSTN": "667538",
        "MILEPOST": "0025.510",
        "TYPEXING": "Public",
        "POSXING": "At Grade",
        "PRVCAT": "14",
        "INIT": "1",
        "LATITUDE": 32.518413,
        "LONGITUD": -97.012599,
        "LLSOURCE": "1",
        "WHISTBAN": "0",
        "RRCONT": "4025443721",
        "POLCONT": "8008488715",
        "INV_LINK": "https://safetydata.fra.dot.gov/OfficeofSafety/PublicSite/Crossing/Crossing.aspx?phasetype=C&rpttype=I&txtcrossingnum=765221R",
        "ACC_LINK": "https://safetydata.fra.dot.gov/OfficeofSafety/PublicSite/Crossing/Crossing.aspx?phasetype=C&rpttype=A&txtcrossingnum=765221R",
        "TTSTNNAM": "",
        "XPURPOSE": "1",
        "OPERATINGR": "UP",
        "OPERATIN_1": "Primary",
        "DAYTHRU": 5,
        "NGHTTHRU": 4,
        "MAINTRK": 1,
        "SIDINGTRK": 0,
        "YARDTRK": 0,
        "TRANSITTRK": 0,
        "INDUSTRYTR": 0,
        "OTHRTRK": 0,
        "WDCODE": "Crossbucks",
        "REVISIONDA": "1975/01/01 00:00:00",
        "LASTUPDATE": "8/29/2025",
        "AADT": "1357",
        "AADTYEAR": "2019",
        "STATENAME": "TEXAS",
        "STATEAB": "TX",
        "COUNTYNAME": "ELLIS",
        "CITYNAME": "MIDLOTHIAN",
        "LATDD": 32.518413,
        "LONGDD": -97.012599,
        "gridlyProductionCertified": true,
        "gridlyClassification": "PUBLIC_ROADWAY",
        "gridlyDisplayName": "Gifco Road",
        "gridlyId": "FRA-765221R"
      }
    },
    {
      "type": "Feature",
      "id": 209989,
      "geometry": {
        "type": "Point",
        "coordinates": [
          -96.9945420002984,
          32.4894419998962
        ]
      },
      "properties": {
        "OBJECTID": 209989,
        "CROSSING": "924229K",
        "EFFDATE": 1756425600000,
        "REASON": "14",
        "StateCode": "48",
        "CountyCode": "48139",
        "STCYFIPS": "48139",
        "CITYCD": "481394570",
        "RAILROAD": "UP",
        "RRDIV": "TEXOMA",
        "RRSUBDIV": "MIDLOTHIAN SUB",
        "HIGHWAY": "BU 0067",
        "STREET": "North 8th Street",
        "TTSTN": "667538",
        "MILEPOST": "0023.214",
        "TYPEXING": "Public",
        "POSXING": "RR Under",
        "PRVCAT": "14",
        "INIT": "1",
        "LATITUDE": 32.489442,
        "LONGITUD": -96.994542,
        "LLSOURCE": "1",
        "WHISTBAN": "0",
        "RRCONT": "4025443721",
        "POLCONT": "8008488715",
        "INV_LINK": "https://safetydata.fra.dot.gov/OfficeofSafety/PublicSite/Crossing/Crossing.aspx?phasetype=C&rpttype=I&txtcrossingnum=924229K",
        "ACC_LINK": "https://safetydata.fra.dot.gov/OfficeofSafety/PublicSite/Crossing/Crossing.aspx?phasetype=C&rpttype=A&txtcrossingnum=924229K",
        "TTSTNNAM": "",
        "XPURPOSE": "1",
        "OPERATINGR": "UP",
        "OPERATIN_1": "Primary",
        "DAYTHRU": 4,
        "NGHTTHRU": 3,
        "MAINTRK": 1,
        "SIDINGTRK": 0,
        "YARDTRK": 0,
        "TRANSITTRK": 0,
        "INDUSTRYTR": 0,
        "OTHRTRK": 0,
        "WDCODE": "",
        "REVISIONDA": "1975/01/01 00:00:00",
        "LASTUPDATE": "8/29/2025",
        "AADT": "20",
        "AADTYEAR": "2013",
        "STATENAME": "TEXAS",
        "STATEAB": "TX",
        "COUNTYNAME": "ELLIS",
        "CITYNAME": "MIDLOTHIAN",
        "LATDD": 32.489442,
        "LONGDD": -96.994542,
        "gridlyProductionCertified": true,
        "gridlyClassification": "PUBLIC_ROADWAY",
        "gridlyDisplayName": "North 8th Street",
        "gridlyId": "FRA-924229K"
      }
    },
    {
      "type": "Feature",
      "id": 209990,
      "geometry": {
        "type": "Point",
        "coordinates": [
          -96.9517283001454,
          32.4595807001909
        ]
      },
      "properties": {
        "OBJECTID": 209990,
        "CROSSING": "765214F",
        "EFFDATE": 1756425600000,
        "REASON": "14",
        "StateCode": "48",
        "CountyCode": "48139",
        "STCYFIPS": "48139",
        "CITYCD": "481394570",
        "RAILROAD": "UP",
        "RRDIV": "TEXOMA",
        "RRSUBDIV": "MIDLOTHIAN SUB",
        "HIGHWAY": "CO 0846",
        "STREET": "CR/Mt Zion Road",
        "TTSTN": "667538",
        "MILEPOST": "0019.840",
        "TYPEXING": "Public",
        "POSXING": "At Grade",
        "PRVCAT": "14",
        "INIT": "1",
        "LATITUDE": 32.4595807,
        "LONGITUD": -96.9517283,
        "LLSOURCE": "1",
        "WHISTBAN": "0",
        "RRCONT": "4025443721",
        "POLCONT": "8008488715",
        "INV_LINK": "https://safetydata.fra.dot.gov/OfficeofSafety/PublicSite/Crossing/Crossing.aspx?phasetype=C&rpttype=I&txtcrossingnum=765214F",
        "ACC_LINK": "https://safetydata.fra.dot.gov/OfficeofSafety/PublicSite/Crossing/Crossing.aspx?phasetype=C&rpttype=A&txtcrossingnum=765214F",
        "TTSTNNAM": "",
        "XPURPOSE": "1",
        "OPERATINGR": "UP",
        "OPERATIN_1": "Primary",
        "DAYTHRU": 5,
        "NGHTTHRU": 5,
        "MAINTRK": 1,
        "SIDINGTRK": 0,
        "YARDTRK": 0,
        "TRANSITTRK": 0,
        "INDUSTRYTR": 0,
        "OTHRTRK": 0,
        "WDCODE": "All other Gates",
        "REVISIONDA": "1975/01/01 00:00:00",
        "LASTUPDATE": "8/29/2025",
        "AADT": "54",
        "AADTYEAR": "2019",
        "STATENAME": "TEXAS",
        "STATEAB": "TX",
        "COUNTYNAME": "ELLIS",
        "CITYNAME": "MIDLOTHIAN",
        "LATDD": 32.4595807,
        "LONGDD": -96.9517283,
        "gridlyProductionCertified": true,
        "gridlyClassification": "PUBLIC_ROADWAY",
        "gridlyDisplayName": "CR/Mt Zion Road",
        "gridlyId": "FRA-765214F"
      }
    },
    {
      "type": "Feature",
      "id": 210066,
      "geometry": {
        "type": "Point",
        "coordinates": [
          -96.8744660000872,
          32.4088902000993
        ]
      },
      "properties": {
        "OBJECTID": 210066,
        "CROSSING": "765208C",
        "EFFDATE": 1756425600000,
        "REASON": "14",
        "StateCode": "48",
        "CountyCode": "48139",
        "STCYFIPS": "48139",
        "CITYCD": "481397270",
        "RAILROAD": "UP",
        "RRDIV": "TEXOMA",
        "RRSUBDIV": "MIDLOTHIAN SUB",
        "HIGHWAY": "PRIVATE",
        "STREET": "PRIVATE",
        "TTSTN": "667550",
        "MILEPOST": "0013.830",
        "TYPEXING": "Private",
        "POSXING": "At Grade",
        "PRVCAT": "14",
        "INIT": "1",
        "LATITUDE": 32.4088902,
        "LONGITUD": -96.874466,
        "LLSOURCE": "1",
        "WHISTBAN": "0",
        "RRCONT": "4025443721",
        "POLCONT": "8008488715",
        "INV_LINK": "https://safetydata.fra.dot.gov/OfficeofSafety/PublicSite/Crossing/Crossing.aspx?phasetype=C&rpttype=I&txtcrossingnum=765208C",
        "ACC_LINK": "https://safetydata.fra.dot.gov/OfficeofSafety/PublicSite/Crossing/Crossing.aspx?phasetype=C&rpttype=A&txtcrossingnum=765208C",
        "TTSTNNAM": "",
        "XPURPOSE": "1",
        "OPERATINGR": "UP",
        "OPERATIN_1": "Primary",
        "DAYTHRU": 9,
        "NGHTTHRU": 8,
        "MAINTRK": 1,
        "SIDINGTRK": 0,
        "YARDTRK": 0,
        "TRANSITTRK": 0,
        "INDUSTRYTR": 0,
        "OTHRTRK": 0,
        "WDCODE": "",
        "REVISIONDA": "1975/01/01 00:00:00",
        "LASTUPDATE": "8/29/2025",
        "AADT": "",
        "AADTYEAR": "1970",
        "STATENAME": "TEXAS",
        "STATEAB": "TX",
        "COUNTYNAME": "ELLIS",
        "CITYNAME": "WAXAHACHIE",
        "LATDD": 32.4088902,
        "LONGDD": -96.874466,
        "gridlyProductionCertified": true,
        "gridlyClassification": "PUBLIC_ROADWAY",
        "gridlyDisplayName": "PRIVATE",
        "gridlyId": "FRA-765208C"
      }
    },
    {
      "type": "Feature",
      "id": 210067,
      "geometry": {
        "type": "Point",
        "coordinates": [
          -96.9061448002225,
          32.4285963999419
        ]
      },
      "properties": {
        "OBJECTID": 210067,
        "CROSSING": "765211K",
        "EFFDATE": 1756425600000,
        "REASON": "14",
        "StateCode": "48",
        "CountyCode": "48139",
        "STCYFIPS": "48139",
        "CITYCD": "481397270",
        "RAILROAD": "UP",
        "RRDIV": "TEXOMA",
        "RRSUBDIV": "MIDLOTHIAN SUB",
        "HIGHWAY": "CO 0818",
        "STREET": "CR/Saralvo Road",
        "TTSTN": "667550",
        "MILEPOST": "0016.270",
        "TYPEXING": "Public",
        "POSXING": "At Grade",
        "PRVCAT": "14",
        "INIT": "1",
        "LATITUDE": 32.4285964,
        "LONGITUD": -96.9061448,
        "LLSOURCE": "1",
        "WHISTBAN": "0",
        "RRCONT": "4025443721",
        "POLCONT": "8008488715",
        "INV_LINK": "https://safetydata.fra.dot.gov/OfficeofSafety/PublicSite/Crossing/Crossing.aspx?phasetype=C&rpttype=I&txtcrossingnum=765211K",
        "ACC_LINK": "https://safetydata.fra.dot.gov/OfficeofSafety/PublicSite/Crossing/Crossing.aspx?phasetype=C&rpttype=A&txtcrossingnum=765211K",
        "TTSTNNAM": "",
        "XPURPOSE": "1",
        "OPERATINGR": "UP",
        "OPERATIN_1": "Primary",
        "DAYTHRU": 5,
        "NGHTTHRU": 5,
        "MAINTRK": 1,
        "SIDINGTRK": 0,
        "YARDTRK": 0,
        "TRANSITTRK": 0,
        "INDUSTRYTR": 0,
        "OTHRTRK": 0,
        "WDCODE": "All other Gates",
        "REVISIONDA": "1975/01/01 00:00:00",
        "LASTUPDATE": "8/29/2025",
        "AADT": "1164",
        "AADTYEAR": "2019",
        "STATENAME": "TEXAS",
        "STATEAB": "TX",
        "COUNTYNAME": "ELLIS",
        "CITYNAME": "WAXAHACHIE",
        "LATDD": 32.4285964,
        "LONGDD": -96.9061448,
        "gridlyProductionCertified": true,
        "gridlyClassification": "PUBLIC_ROADWAY",
        "gridlyDisplayName": "CR/Saralvo Road",
        "gridlyId": "FRA-765211K"
      }
    },
    {
      "type": "Feature",
      "id": 210071,
      "geometry": {
        "type": "Point",
        "coordinates": [
          -96.8676320000879,
          32.4047799997309
        ]
      },
      "properties": {
        "OBJECTID": 210071,
        "CROSSING": "765206N",
        "EFFDATE": 1756425600000,
        "REASON": "14",
        "StateCode": "48",
        "CountyCode": "48139",
        "STCYFIPS": "48139",
        "CITYCD": "481397270",
        "RAILROAD": "UP",
        "RRDIV": "TEXOMA",
        "RRSUBDIV": "MIDLOTHIAN SUB",
        "HIGHWAY": "BU0287R",
        "STREET": "TX 287",
        "TTSTN": "667550",
        "MILEPOST": "0013.337",
        "TYPEXING": "Public",
        "POSXING": "RR Over",
        "PRVCAT": "14",
        "INIT": "1",
        "LATITUDE": 32.40478,
        "LONGITUD": -96.867632,
        "LLSOURCE": "1",
        "WHISTBAN": "0",
        "RRCONT": "4025443721",
        "POLCONT": "8008488715",
        "INV_LINK": "https://safetydata.fra.dot.gov/OfficeofSafety/PublicSite/Crossing/Crossing.aspx?phasetype=C&rpttype=I&txtcrossingnum=765206N",
        "ACC_LINK": "https://safetydata.fra.dot.gov/OfficeofSafety/PublicSite/Crossing/Crossing.aspx?phasetype=C&rpttype=A&txtcrossingnum=765206N",
        "TTSTNNAM": "",
        "XPURPOSE": "1",
        "OPERATINGR": "UP",
        "OPERATIN_1": "Primary",
        "DAYTHRU": 4,
        "NGHTTHRU": 4,
        "MAINTRK": 1,
        "SIDINGTRK": 0,
        "YARDTRK": 0,
        "TRANSITTRK": 0,
        "INDUSTRYTR": 0,
        "OTHRTRK": 0,
        "WDCODE": "",
        "REVISIONDA": "1975/01/01 00:00:00",
        "LASTUPDATE": "8/29/2025",
        "AADT": "5100",
        "AADTYEAR": "2011",
        "STATENAME": "TEXAS",
        "STATEAB": "TX",
        "COUNTYNAME": "ELLIS",
        "CITYNAME": "WAXAHACHIE",
        "LATDD": 32.40478,
        "LONGDD": -96.867632,
        "gridlyProductionCertified": true,
        "gridlyClassification": "PUBLIC_ROADWAY",
        "gridlyDisplayName": "TX 287",
        "gridlyId": "FRA-765206N"
      }
    },
    {
      "type": "Feature",
      "id": 210072,
      "geometry": {
        "type": "Point",
        "coordinates": [
          -96.7856293998699,
          32.3835407997295
        ]
      },
      "properties": {
        "OBJECTID": 210072,
        "CROSSING": "765275W",
        "EFFDATE": 1756425600000,
        "REASON": "14",
        "StateCode": "48",
        "CountyCode": "48139",
        "STCYFIPS": "48139",
        "CITYCD": "481397270",
        "RAILROAD": "UP",
        "RRDIV": "TEXOMA",
        "RRSUBDIV": "MIDLOTHIAN SUB",
        "HIGHWAY": "PRIVATE",
        "STREET": "PRIVATE",
        "TTSTN": "667550",
        "MILEPOST": "0007.910",
        "TYPEXING": "Private",
        "POSXING": "At Grade",
        "PRVCAT": "14",
        "INIT": "1",
        "LATITUDE": 32.3835408,
        "LONGITUD": -96.7856294,
        "LLSOURCE": "1",
        "WHISTBAN": "0",
        "RRCONT": "4025443721",
        "POLCONT": "8008488715",
        "INV_LINK": "https://safetydata.fra.dot.gov/OfficeofSafety/PublicSite/Crossing/Crossing.aspx?phasetype=C&rpttype=I&txtcrossingnum=765275W",
        "ACC_LINK": "https://safetydata.fra.dot.gov/OfficeofSafety/PublicSite/Crossing/Crossing.aspx?phasetype=C&rpttype=A&txtcrossingnum=765275W",
        "TTSTNNAM": "",
        "XPURPOSE": "1",
        "OPERATINGR": "UP",
        "OPERATIN_1": "Primary",
        "DAYTHRU": 4,
        "NGHTTHRU": 4,
        "MAINTRK": 1,
        "SIDINGTRK": 0,
        "YARDTRK": 0,
        "TRANSITTRK": 0,
        "INDUSTRYTR": 0,
        "OTHRTRK": 0,
        "WDCODE": "",
        "REVISIONDA": "1975/01/01 00:00:00",
        "LASTUPDATE": "8/29/2025",
        "AADT": "1",
        "AADTYEAR": "1970",
        "STATENAME": "TEXAS",
        "STATEAB": "TX",
        "COUNTYNAME": "ELLIS",
        "CITYNAME": "WAXAHACHIE",
        "LATDD": 32.3835408,
        "LONGDD": -96.7856294,
        "gridlyProductionCertified": true,
        "gridlyClassification": "PUBLIC_ROADWAY",
        "gridlyDisplayName": "PRIVATE",
        "gridlyId": "FRA-765275W"
      }
    },
    {
      "type": "Feature",
      "id": 210073,
      "geometry": {
        "type": "Point",
        "coordinates": [
          -96.8287307998656,
          32.3852059998393
        ]
      },
      "properties": {
        "OBJECTID": 210073,
        "CROSSING": "765868N",
        "EFFDATE": 1756425600000,
        "REASON": "14",
        "StateCode": "48",
        "CountyCode": "48139",
        "STCYFIPS": "48139",
        "CITYCD": "481397270",
        "RAILROAD": "UP",
        "RRDIV": "TEXOMA",
        "RRSUBDIV": "MIDLOTHIAN SUB",
        "HIGHWAY": "ST 0000",
        "STREET": "PETERS STREET",
        "TTSTN": "667550",
        "MILEPOST": "0010.450",
        "TYPEXING": "Public",
        "POSXING": "At Grade",
        "PRVCAT": "14",
        "INIT": "1",
        "LATITUDE": 32.385206,
        "LONGITUD": -96.8287308,
        "LLSOURCE": "1",
        "WHISTBAN": "0",
        "RRCONT": "4025443721",
        "POLCONT": "8008488715",
        "INV_LINK": "https://safetydata.fra.dot.gov/OfficeofSafety/PublicSite/Crossing/Crossing.aspx?phasetype=C&rpttype=I&txtcrossingnum=765868N",
        "ACC_LINK": "https://safetydata.fra.dot.gov/OfficeofSafety/PublicSite/Crossing/Crossing.aspx?phasetype=C&rpttype=A&txtcrossingnum=765868N",
        "TTSTNNAM": "",
        "XPURPOSE": "1",
        "OPERATINGR": "UP",
        "OPERATIN_1": "Primary",
        "DAYTHRU": 4,
        "NGHTTHRU": 4,
        "MAINTRK": 1,
        "SIDINGTRK": 0,
        "YARDTRK": 0,
        "TRANSITTRK": 0,
        "INDUSTRYTR": 0,
        "OTHRTRK": 0,
        "WDCODE": "All other Gates",
        "REVISIONDA": "1975/01/01 00:00:00",
        "LASTUPDATE": "8/29/2025",
        "AADT": "3594",
        "AADTYEAR": "2019",
        "STATENAME": "TEXAS",
        "STATEAB": "TX",
        "COUNTYNAME": "ELLIS",
        "CITYNAME": "WAXAHACHIE",
        "LATDD": 32.385206,
        "LONGDD": -96.8287308,
        "gridlyProductionCertified": true,
        "gridlyClassification": "PUBLIC_ROADWAY",
        "gridlyDisplayName": "PETERS STREET",
        "gridlyId": "FRA-765868N"
      }
    },
    {
      "type": "Feature",
      "id": 210080,
      "geometry": {
        "type": "Point",
        "coordinates": [
          -96.8323326003871,
          32.383954300149
        ]
      },
      "properties": {
        "OBJECTID": 210080,
        "CROSSING": "765869V",
        "EFFDATE": 1756425600000,
        "REASON": "14",
        "StateCode": "48",
        "CountyCode": "48139",
        "STCYFIPS": "48139",
        "CITYCD": "481397270",
        "RAILROAD": "UP",
        "RRDIV": "TEXOMA",
        "RRSUBDIV": "MIDLOTHIAN SUB",
        "HIGHWAY": "ST 0000",
        "STREET": "MUNCHUS STREET",
        "TTSTN": "667550",
        "MILEPOST": "0010.680",
        "TYPEXING": "Public",
        "POSXING": "At Grade",
        "PRVCAT": "14",
        "INIT": "1",
        "LATITUDE": 32.3839543,
        "LONGITUD": -96.8323326,
        "LLSOURCE": "1",
        "WHISTBAN": "0",
        "RRCONT": "4025443721",
        "POLCONT": "8008488715",
        "INV_LINK": "https://safetydata.fra.dot.gov/OfficeofSafety/PublicSite/Crossing/Crossing.aspx?phasetype=C&rpttype=I&txtcrossingnum=765869V",
        "ACC_LINK": "https://safetydata.fra.dot.gov/OfficeofSafety/PublicSite/Crossing/Crossing.aspx?phasetype=C&rpttype=A&txtcrossingnum=765869V",
        "TTSTNNAM": "",
        "XPURPOSE": "1",
        "OPERATINGR": "UP",
        "OPERATIN_1": "Primary",
        "DAYTHRU": 4,
        "NGHTTHRU": 4,
        "MAINTRK": 1,
        "SIDINGTRK": 0,
        "YARDTRK": 0,
        "TRANSITTRK": 0,
        "INDUSTRYTR": 0,
        "OTHRTRK": 0,
        "WDCODE": "All other Gates",
        "REVISIONDA": "1975/01/01 00:00:00",
        "LASTUPDATE": "8/29/2025",
        "AADT": "158",
        "AADTYEAR": "2019",
        "STATENAME": "TEXAS",
        "STATEAB": "TX",
        "COUNTYNAME": "ELLIS",
        "CITYNAME": "WAXAHACHIE",
        "LATDD": 32.3839543,
        "LONGDD": -96.8323326,
        "gridlyProductionCertified": true,
        "gridlyClassification": "PUBLIC_ROADWAY",
        "gridlyDisplayName": "MUNCHUS STREET",
        "gridlyId": "FRA-765869V"
      }
    },
    {
      "type": "Feature",
      "id": 210081,
      "geometry": {
        "type": "Point",
        "coordinates": [
          -96.8395739998425,
          32.3846807002754
        ]
      },
      "properties": {
        "OBJECTID": 210081,
        "CROSSING": "765870P",
        "EFFDATE": 1756425600000,
        "REASON": "14",
        "StateCode": "48",
        "CountyCode": "48139",
        "STCYFIPS": "48139",
        "CITYCD": "481397270",
        "RAILROAD": "UP",
        "RRDIV": "TEXOMA",
        "RRSUBDIV": "MIDLOTHIAN SUB",
        "HIGHWAY": "ST 0000",
        "STREET": "AIKEN STREET",
        "TTSTN": "667550",
        "MILEPOST": "0011.120",
        "TYPEXING": "Public",
        "POSXING": "At Grade",
        "PRVCAT": "14",
        "INIT": "1",
        "LATITUDE": 32.3846807,
        "LONGITUD": -96.839574,
        "LLSOURCE": "1",
        "WHISTBAN": "0",
        "RRCONT": "4025443721",
        "POLCONT": "8008488715",
        "INV_LINK": "https://safetydata.fra.dot.gov/OfficeofSafety/PublicSite/Crossing/Crossing.aspx?phasetype=C&rpttype=I&txtcrossingnum=765870P",
        "ACC_LINK": "https://safetydata.fra.dot.gov/OfficeofSafety/PublicSite/Crossing/Crossing.aspx?phasetype=C&rpttype=A&txtcrossingnum=765870P",
        "TTSTNNAM": "",
        "XPURPOSE": "1",
        "OPERATINGR": "UP",
        "OPERATIN_1": "Primary",
        "DAYTHRU": 4,
        "NGHTTHRU": 4,
        "MAINTRK": 1,
        "SIDINGTRK": 0,
        "YARDTRK": 0,
        "TRANSITTRK": 0,
        "INDUSTRYTR": 0,
        "OTHRTRK": 0,
        "WDCODE": "All other Gates",
        "REVISIONDA": "1975/01/01 00:00:00",
        "LASTUPDATE": "8/29/2025",
        "AADT": "374",
        "AADTYEAR": "2019",
        "STATENAME": "TEXAS",
        "STATEAB": "TX",
        "COUNTYNAME": "ELLIS",
        "CITYNAME": "WAXAHACHIE",
        "LATDD": 32.3846807,
        "LONGDD": -96.839574,
        "gridlyProductionCertified": true,
        "gridlyClassification": "PUBLIC_ROADWAY",
        "gridlyDisplayName": "AIKEN STREET",
        "gridlyId": "FRA-765870P"
      }
    },
    {
      "type": "Feature",
      "id": 210082,
      "geometry": {
        "type": "Point",
        "coordinates": [
          -96.8401648002453,
          32.3848344003643
        ]
      },
      "properties": {
        "OBJECTID": 210082,
        "CROSSING": "765871W",
        "EFFDATE": 1756425600000,
        "REASON": "14",
        "StateCode": "48",
        "CountyCode": "48139",
        "STCYFIPS": "48139",
        "CITYCD": "481397270",
        "RAILROAD": "UP",
        "RRDIV": "TEXOMA",
        "RRSUBDIV": "MIDLOTHIAN SUB",
        "HIGHWAY": "ST 0000",
        "STREET": "WYATT STREET",
        "TTSTN": "667550",
        "MILEPOST": "0011.150",
        "TYPEXING": "Public",
        "POSXING": "At Grade",
        "PRVCAT": "14",
        "INIT": "1",
        "LATITUDE": 32.3848344,
        "LONGITUD": -96.8401648,
        "LLSOURCE": "1",
        "WHISTBAN": "0",
        "RRCONT": "4025443721",
        "POLCONT": "8008488715",
        "INV_LINK": "https://safetydata.fra.dot.gov/OfficeofSafety/PublicSite/Crossing/Crossing.aspx?phasetype=C&rpttype=I&txtcrossingnum=765871W",
        "ACC_LINK": "https://safetydata.fra.dot.gov/OfficeofSafety/PublicSite/Crossing/Crossing.aspx?phasetype=C&rpttype=A&txtcrossingnum=765871W",
        "TTSTNNAM": "",
        "XPURPOSE": "1",
        "OPERATINGR": "UP",
        "OPERATIN_1": "Primary",
        "DAYTHRU": 4,
        "NGHTTHRU": 4,
        "MAINTRK": 1,
        "SIDINGTRK": 0,
        "YARDTRK": 0,
        "TRANSITTRK": 0,
        "INDUSTRYTR": 0,
        "OTHRTRK": 0,
        "WDCODE": "All other Gates",
        "REVISIONDA": "1975/01/01 00:00:00",
        "LASTUPDATE": "8/29/2025",
        "AADT": "1236",
        "AADTYEAR": "2019",
        "STATENAME": "TEXAS",
        "STATEAB": "TX",
        "COUNTYNAME": "ELLIS",
        "CITYNAME": "WAXAHACHIE",
        "LATDD": 32.3848344,
        "LONGDD": -96.8401648,
        "gridlyProductionCertified": true,
        "gridlyClassification": "PUBLIC_ROADWAY",
        "gridlyDisplayName": "WYATT STREET",
        "gridlyId": "FRA-765871W"
      }
    },
    {
      "type": "Feature",
      "id": 210083,
      "geometry": {
        "type": "Point",
        "coordinates": [
          -96.9845574999015,
          32.484383700036
        ]
      },
      "properties": {
        "OBJECTID": 210083,
        "CROSSING": "765217B",
        "EFFDATE": 1756425600000,
        "REASON": "14",
        "StateCode": "48",
        "CountyCode": "48139",
        "STCYFIPS": "48139",
        "CITYCD": "481394570",
        "RAILROAD": "UP",
        "RRDIV": "TEXOMA",
        "RRSUBDIV": "MIDLOTHIAN SUB",
        "HIGHWAY": "FM 1387",
        "STREET": "FM 1387",
        "TTSTN": "667538",
        "MILEPOST": "0022.540",
        "TYPEXING": "Public",
        "POSXING": "At Grade",
        "PRVCAT": "14",
        "INIT": "1",
        "LATITUDE": 32.4843837,
        "LONGITUD": -96.9845575,
        "LLSOURCE": "1",
        "WHISTBAN": "0",
        "RRCONT": "4025443721",
        "POLCONT": "8008488715",
        "INV_LINK": "https://safetydata.fra.dot.gov/OfficeofSafety/PublicSite/Crossing/Crossing.aspx?phasetype=C&rpttype=I&txtcrossingnum=765217B",
        "ACC_LINK": "https://safetydata.fra.dot.gov/OfficeofSafety/PublicSite/Crossing/Crossing.aspx?phasetype=C&rpttype=A&txtcrossingnum=765217B",
        "TTSTNNAM": "",
        "XPURPOSE": "1",
        "OPERATINGR": "UP",
        "OPERATIN_1": "Primary",
        "DAYTHRU": 5,
        "NGHTTHRU": 5,
        "MAINTRK": 1,
        "SIDINGTRK": 0,
        "YARDTRK": 0,
        "TRANSITTRK": 0,
        "INDUSTRYTR": 0,
        "OTHRTRK": 0,
        "WDCODE": "All other Gates",
        "REVISIONDA": "1975/01/01 00:00:00",
        "LASTUPDATE": "8/29/2025",
        "AADT": "3934",
        "AADTYEAR": "2019",
        "STATENAME": "TEXAS",
        "STATEAB": "TX",
        "COUNTYNAME": "ELLIS",
        "CITYNAME": "MIDLOTHIAN",
        "LATDD": 32.4843837,
        "LONGDD": -96.9845575,
        "gridlyProductionCertified": true,
        "gridlyClassification": "PUBLIC_ROADWAY",
        "gridlyDisplayName": "FM 1387",
        "gridlyId": "FRA-765217B"
      }
    },
    {
      "type": "Feature",
      "id": 210084,
      "geometry": {
        "type": "Point",
        "coordinates": [
          -96.9934741001566,
          32.4889002001755
        ]
      },
      "properties": {
        "OBJECTID": 210084,
        "CROSSING": "765219P",
        "EFFDATE": 1756425600000,
        "REASON": "14",
        "StateCode": "48",
        "CountyCode": "48139",
        "STCYFIPS": "48139",
        "CITYCD": "481394570",
        "RAILROAD": "UP",
        "RRDIV": "TEXOMA",
        "RRSUBDIV": "MIDLOTHIAN SUB",
        "HIGHWAY": "BU 0067",
        "STREET": "North 9th Street",
        "TTSTN": "667538",
        "MILEPOST": "0023.150",
        "TYPEXING": "Public",
        "POSXING": "At Grade",
        "PRVCAT": "14",
        "INIT": "1",
        "LATITUDE": 32.4889002,
        "LONGITUD": -96.9934741,
        "LLSOURCE": "1",
        "WHISTBAN": "0",
        "RRCONT": "4025443721",
        "POLCONT": "8008488715",
        "INV_LINK": "https://safetydata.fra.dot.gov/OfficeofSafety/PublicSite/Crossing/Crossing.aspx?phasetype=C&rpttype=I&txtcrossingnum=765219P",
        "ACC_LINK": "https://safetydata.fra.dot.gov/OfficeofSafety/PublicSite/Crossing/Crossing.aspx?phasetype=C&rpttype=A&txtcrossingnum=765219P",
        "TTSTNNAM": "",
        "XPURPOSE": "1",
        "OPERATINGR": "UP",
        "OPERATIN_1": "Primary",
        "DAYTHRU": 5,
        "NGHTTHRU": 5,
        "MAINTRK": 1,
        "SIDINGTRK": 0,
        "YARDTRK": 0,
        "TRANSITTRK": 0,
        "INDUSTRYTR": 0,
        "OTHRTRK": 0,
        "WDCODE": "All other Gates",
        "REVISIONDA": "1975/01/01 00:00:00",
        "LASTUPDATE": "8/29/2025",
        "AADT": "2781",
        "AADTYEAR": "2019",
        "STATENAME": "TEXAS",
        "STATEAB": "TX",
        "COUNTYNAME": "ELLIS",
        "CITYNAME": "MIDLOTHIAN",
        "LATDD": 32.4889002,
        "LONGDD": -96.9934741,
        "gridlyProductionCertified": true,
        "gridlyClassification": "PUBLIC_ROADWAY",
        "gridlyDisplayName": "North 9th Street",
        "gridlyId": "FRA-765219P"
      }
    },
    {
      "type": "Feature",
      "id": 210085,
      "geometry": {
        "type": "Point",
        "coordinates": [
          -96.7159976997537,
          32.373861399681
        ]
      },
      "properties": {
        "OBJECTID": 210085,
        "CROSSING": "765906V",
        "EFFDATE": 1756425600000,
        "REASON": "14",
        "StateCode": "48",
        "CountyCode": "48139",
        "STCYFIPS": "48139",
        "CITYCD": "481392598",
        "RAILROAD": "UP",
        "RRDIV": "TEXOMA",
        "RRSUBDIV": "MIDLOTHIAN SUB",
        "HIGHWAY": "CO 3740",
        "STREET": "MOSELEY ROAD",
        "TTSTN": "667543",
        "MILEPOST": "0003.780",
        "TYPEXING": "Public",
        "POSXING": "At Grade",
        "PRVCAT": "14",
        "INIT": "1",
        "LATITUDE": 32.3738614,
        "LONGITUD": -96.7159977,
        "LLSOURCE": "1",
        "WHISTBAN": "0",
        "RRCONT": "4025443721",
        "POLCONT": "8008488715",
        "INV_LINK": "https://safetydata.fra.dot.gov/OfficeofSafety/PublicSite/Crossing/Crossing.aspx?phasetype=C&rpttype=I&txtcrossingnum=765906V",
        "ACC_LINK": "https://safetydata.fra.dot.gov/OfficeofSafety/PublicSite/Crossing/Crossing.aspx?phasetype=C&rpttype=A&txtcrossingnum=765906V",
        "TTSTNNAM": "",
        "XPURPOSE": "1",
        "OPERATINGR": "UP",
        "OPERATIN_1": "Primary",
        "DAYTHRU": 4,
        "NGHTTHRU": 4,
        "MAINTRK": 1,
        "SIDINGTRK": 0,
        "YARDTRK": 0,
        "TRANSITTRK": 0,
        "INDUSTRYTR": 0,
        "OTHRTRK": 0,
        "WDCODE": "All other Gates",
        "REVISIONDA": "1975/01/01 00:00:00",
        "LASTUPDATE": "8/29/2025",
        "AADT": "152",
        "AADTYEAR": "2019",
        "STATENAME": "TEXAS",
        "STATEAB": "TX",
        "COUNTYNAME": "ELLIS",
        "CITYNAME": "GARRETT",
        "LATDD": 32.3738614,
        "LONGDD": -96.7159977,
        "gridlyProductionCertified": true,
        "gridlyClassification": "PUBLIC_ROADWAY",
        "gridlyDisplayName": "MOSELEY ROAD",
        "gridlyId": "FRA-765906V"
      }
    },
    {
      "type": "Feature",
      "id": 210087,
      "geometry": {
        "type": "Point",
        "coordinates": [
          -96.7300278995765,
          32.3758082003254
        ]
      },
      "properties": {
        "OBJECTID": 210087,
        "CROSSING": "765908J",
        "EFFDATE": 1756425600000,
        "REASON": "14",
        "StateCode": "48",
        "CountyCode": "48139",
        "STCYFIPS": "48139",
        "CITYCD": "481392598",
        "RAILROAD": "UP",
        "RRDIV": "TEXOMA",
        "RRSUBDIV": "MIDLOTHIAN SUB",
        "HIGHWAY": "PRIVATE",
        "STREET": "PRIVATE",
        "TTSTN": "667543",
        "MILEPOST": "0004.620",
        "TYPEXING": "Private",
        "POSXING": "At Grade",
        "PRVCAT": "14",
        "INIT": "1",
        "LATITUDE": 32.3758082,
        "LONGITUD": -96.7300279,
        "LLSOURCE": "1",
        "WHISTBAN": "0",
        "RRCONT": "4025443721",
        "POLCONT": "8008488715",
        "INV_LINK": "https://safetydata.fra.dot.gov/OfficeofSafety/PublicSite/Crossing/Crossing.aspx?phasetype=C&rpttype=I&txtcrossingnum=765908J",
        "ACC_LINK": "https://safetydata.fra.dot.gov/OfficeofSafety/PublicSite/Crossing/Crossing.aspx?phasetype=C&rpttype=A&txtcrossingnum=765908J",
        "TTSTNNAM": "",
        "XPURPOSE": "1",
        "OPERATINGR": "UP",
        "OPERATIN_1": "Primary",
        "DAYTHRU": 4,
        "NGHTTHRU": 4,
        "MAINTRK": 1,
        "SIDINGTRK": 0,
        "YARDTRK": 0,
        "TRANSITTRK": 0,
        "INDUSTRYTR": 0,
        "OTHRTRK": 0,
        "WDCODE": "",
        "REVISIONDA": "1975/01/01 00:00:00",
        "LASTUPDATE": "8/29/2025",
        "AADT": "1",
        "AADTYEAR": "1970",
        "STATENAME": "TEXAS",
        "STATEAB": "TX",
        "COUNTYNAME": "ELLIS",
        "CITYNAME": "GARRETT",
        "LATDD": 32.3758082,
        "LONGDD": -96.7300279,
        "gridlyProductionCertified": true,
        "gridlyClassification": "PUBLIC_ROADWAY",
        "gridlyDisplayName": "PRIVATE",
        "gridlyId": "FRA-765908J"
      }
    },
    {
      "type": "Feature",
      "id": 210088,
      "geometry": {
        "type": "Point",
        "coordinates": [
          -96.7358704999636,
          32.3766173002172
        ]
      },
      "properties": {
        "OBJECTID": 210088,
        "CROSSING": "765909R",
        "EFFDATE": 1756425600000,
        "REASON": "14",
        "StateCode": "48",
        "CountyCode": "48139",
        "STCYFIPS": "48139",
        "CITYCD": "481392598",
        "RAILROAD": "UP",
        "RRDIV": "TEXOMA",
        "RRSUBDIV": "MIDLOTHIAN SUB",
        "HIGHWAY": "CO 0457",
        "STREET": "BOYCE 3RD STREET",
        "TTSTN": "667543",
        "MILEPOST": "0004.960",
        "TYPEXING": "Public",
        "POSXING": "At Grade",
        "PRVCAT": "14",
        "INIT": "1",
        "LATITUDE": 32.3766173,
        "LONGITUD": -96.7358705,
        "LLSOURCE": "1",
        "WHISTBAN": "0",
        "RRCONT": "4025443721",
        "POLCONT": "8008488715",
        "INV_LINK": "https://safetydata.fra.dot.gov/OfficeofSafety/PublicSite/Crossing/Crossing.aspx?phasetype=C&rpttype=I&txtcrossingnum=765909R",
        "ACC_LINK": "https://safetydata.fra.dot.gov/OfficeofSafety/PublicSite/Crossing/Crossing.aspx?phasetype=C&rpttype=A&txtcrossingnum=765909R",
        "TTSTNNAM": "",
        "XPURPOSE": "1",
        "OPERATINGR": "UP",
        "OPERATIN_1": "Primary",
        "DAYTHRU": 4,
        "NGHTTHRU": 4,
        "MAINTRK": 1,
        "SIDINGTRK": 0,
        "YARDTRK": 0,
        "TRANSITTRK": 0,
        "INDUSTRYTR": 0,
        "OTHRTRK": 0,
        "WDCODE": "Crossbucks",
        "REVISIONDA": "1975/01/01 00:00:00",
        "LASTUPDATE": "8/29/2025",
        "AADT": "18",
        "AADTYEAR": "2019",
        "STATENAME": "TEXAS",
        "STATEAB": "TX",
        "COUNTYNAME": "ELLIS",
        "CITYNAME": "GARRETT",
        "LATDD": 32.3766173,
        "LONGDD": -96.7358705,
        "gridlyProductionCertified": true,
        "gridlyClassification": "PUBLIC_ROADWAY",
        "gridlyDisplayName": "BOYCE 3RD STREET",
        "gridlyId": "FRA-765909R"
      }
    },
    {
      "type": "Feature",
      "id": 210089,
      "geometry": {
        "type": "Point",
        "coordinates": [
          -96.7383078997223,
          32.3769548003441
        ]
      },
      "properties": {
        "OBJECTID": 210089,
        "CROSSING": "765910K",
        "EFFDATE": 1756425600000,
        "REASON": "14",
        "StateCode": "48",
        "CountyCode": "48139",
        "STCYFIPS": "48139",
        "CITYCD": "481392598",
        "RAILROAD": "UP",
        "RRDIV": "TEXOMA",
        "RRSUBDIV": "MIDLOTHIAN SUB",
        "HIGHWAY": "CO 0331",
        "STREET": "BOYCE DRIVE",
        "TTSTN": "667543",
        "MILEPOST": "0005.110",
        "TYPEXING": "Public",
        "POSXING": "At Grade",
        "PRVCAT": "14",
        "INIT": "1",
        "LATITUDE": 32.3769548,
        "LONGITUD": -96.7383079,
        "LLSOURCE": "1",
        "WHISTBAN": "0",
        "RRCONT": "4025443721",
        "POLCONT": "8008488715",
        "INV_LINK": "https://safetydata.fra.dot.gov/OfficeofSafety/PublicSite/Crossing/Crossing.aspx?phasetype=C&rpttype=I&txtcrossingnum=765910K",
        "ACC_LINK": "https://safetydata.fra.dot.gov/OfficeofSafety/PublicSite/Crossing/Crossing.aspx?phasetype=C&rpttype=A&txtcrossingnum=765910K",
        "TTSTNNAM": "",
        "XPURPOSE": "1",
        "OPERATINGR": "UP",
        "OPERATIN_1": "Primary",
        "DAYTHRU": 4,
        "NGHTTHRU": 4,
        "MAINTRK": 1,
        "SIDINGTRK": 0,
        "YARDTRK": 0,
        "TRANSITTRK": 0,
        "INDUSTRYTR": 0,
        "OTHRTRK": 0,
        "WDCODE": "All other Gates",
        "REVISIONDA": "1975/01/01 00:00:00",
        "LASTUPDATE": "8/29/2025",
        "AADT": "57",
        "AADTYEAR": "2019",
        "STATENAME": "TEXAS",
        "STATEAB": "TX",
        "COUNTYNAME": "ELLIS",
        "CITYNAME": "GARRETT",
        "LATDD": 32.3769548,
        "LONGDD": -96.7383079,
        "gridlyProductionCertified": true,
        "gridlyClassification": "PUBLIC_ROADWAY",
        "gridlyDisplayName": "BOYCE DRIVE",
        "gridlyId": "FRA-765910K"
      }
    },
    {
      "type": "Feature",
      "id": 210093,
      "geometry": {
        "type": "Point",
        "coordinates": [
          -96.8430124004071,
          32.3858269001971
        ]
      },
      "properties": {
        "OBJECTID": 210093,
        "CROSSING": "765872D",
        "EFFDATE": 1756425600000,
        "REASON": "14",
        "StateCode": "48",
        "CountyCode": "48139",
        "STCYFIPS": "48139",
        "CITYCD": "481397270",
        "RAILROAD": "UP",
        "RRDIV": "TEXOMA",
        "RRSUBDIV": "MIDLOTHIAN SUB",
        "HIGHWAY": "ST 0000",
        "STREET": "KAUFMAN STREET",
        "TTSTN": "667550",
        "MILEPOST": "0011.330",
        "TYPEXING": "Public",
        "POSXING": "At Grade",
        "PRVCAT": "14",
        "INIT": "1",
        "LATITUDE": 32.3858269,
        "LONGITUD": -96.8430124,
        "LLSOURCE": "1",
        "WHISTBAN": "0",
        "RRCONT": "4025443721",
        "POLCONT": "8008488715",
        "INV_LINK": "https://safetydata.fra.dot.gov/OfficeofSafety/PublicSite/Crossing/Crossing.aspx?phasetype=C&rpttype=I&txtcrossingnum=765872D",
        "ACC_LINK": "https://safetydata.fra.dot.gov/OfficeofSafety/PublicSite/Crossing/Crossing.aspx?phasetype=C&rpttype=A&txtcrossingnum=765872D",
        "TTSTNNAM": "",
        "XPURPOSE": "1",
        "OPERATINGR": "UP",
        "OPERATIN_1": "Primary",
        "DAYTHRU": 4,
        "NGHTTHRU": 4,
        "MAINTRK": 1,
        "SIDINGTRK": 0,
        "YARDTRK": 0,
        "TRANSITTRK": 0,
        "INDUSTRYTR": 0,
        "OTHRTRK": 0,
        "WDCODE": "All other Gates",
        "REVISIONDA": "1975/01/01 00:00:00",
        "LASTUPDATE": "8/29/2025",
        "AADT": "54",
        "AADTYEAR": "2019",
        "STATENAME": "TEXAS",
        "STATEAB": "TX",
        "COUNTYNAME": "ELLIS",
        "CITYNAME": "WAXAHACHIE",
        "LATDD": 32.3858269,
        "LONGDD": -96.8430124,
        "gridlyProductionCertified": true,
        "gridlyClassification": "PUBLIC_ROADWAY",
        "gridlyDisplayName": "KAUFMAN STREET",
        "gridlyId": "FRA-765872D"
      }
    },
    {
      "type": "Feature",
      "id": 210094,
      "geometry": {
        "type": "Point",
        "coordinates": [
          -96.8455992995921,
          32.3869122002383
        ]
      },
      "properties": {
        "OBJECTID": 210094,
        "CROSSING": "765873K",
        "EFFDATE": 1756425600000,
        "REASON": "14",
        "StateCode": "48",
        "CountyCode": "48139",
        "STCYFIPS": "48139",
        "CITYCD": "481397270",
        "RAILROAD": "UP",
        "RRDIV": "TEXOMA",
        "RRSUBDIV": "MIDLOTHIAN SUB",
        "HIGHWAY": "ST 0000",
        "STREET": "JACKSON STREET",
        "TTSTN": "667550",
        "MILEPOST": "0011.500",
        "TYPEXING": "Public",
        "POSXING": "At Grade",
        "PRVCAT": "14",
        "INIT": "1",
        "LATITUDE": 32.3869122,
        "LONGITUD": -96.8455993,
        "LLSOURCE": "1",
        "WHISTBAN": "0",
        "RRCONT": "4025443721",
        "POLCONT": "8008488715",
        "INV_LINK": "https://safetydata.fra.dot.gov/OfficeofSafety/PublicSite/Crossing/Crossing.aspx?phasetype=C&rpttype=I&txtcrossingnum=765873K",
        "ACC_LINK": "https://safetydata.fra.dot.gov/OfficeofSafety/PublicSite/Crossing/Crossing.aspx?phasetype=C&rpttype=A&txtcrossingnum=765873K",
        "TTSTNNAM": "",
        "XPURPOSE": "1",
        "OPERATINGR": "UP",
        "OPERATIN_1": "Primary",
        "DAYTHRU": 4,
        "NGHTTHRU": 4,
        "MAINTRK": 1,
        "SIDINGTRK": 0,
        "YARDTRK": 0,
        "TRANSITTRK": 0,
        "INDUSTRYTR": 0,
        "OTHRTRK": 1,
        "WDCODE": "All other Gates",
        "REVISIONDA": "1975/01/01 00:00:00",
        "LASTUPDATE": "8/29/2025",
        "AADT": "574",
        "AADTYEAR": "2019",
        "STATENAME": "TEXAS",
        "STATEAB": "TX",
        "COUNTYNAME": "ELLIS",
        "CITYNAME": "WAXAHACHIE",
        "LATDD": 32.3869122,
        "LONGDD": -96.8455993,
        "gridlyProductionCertified": true,
        "gridlyClassification": "PUBLIC_ROADWAY",
        "gridlyDisplayName": "JACKSON STREET",
        "gridlyId": "FRA-765873K"
      }
    },
    {
      "type": "Feature",
      "id": 210095,
      "geometry": {
        "type": "Point",
        "coordinates": [
          -96.7635439997078,
          32.3804660002345
        ]
      },
      "properties": {
        "OBJECTID": 210095,
        "CROSSING": "765912Y",
        "EFFDATE": 1756425600000,
        "REASON": "14",
        "StateCode": "48",
        "CountyCode": "48139",
        "STCYFIPS": "48139",
        "CITYCD": "481397270",
        "RAILROAD": "UP",
        "RRDIV": "TEXOMA",
        "RRSUBDIV": "MIDLOTHIAN SUB",
        "HIGHWAY": "CO 0000",
        "STREET": "PRIVATE",
        "TTSTN": "667550",
        "MILEPOST": "0006.600",
        "TYPEXING": "Private",
        "POSXING": "At Grade",
        "PRVCAT": "14",
        "INIT": "1",
        "LATITUDE": 32.380466,
        "LONGITUD": -96.763544,
        "LLSOURCE": "1",
        "WHISTBAN": "0",
        "RRCONT": "4025443721",
        "POLCONT": "8008488715",
        "INV_LINK": "https://safetydata.fra.dot.gov/OfficeofSafety/PublicSite/Crossing/Crossing.aspx?phasetype=C&rpttype=I&txtcrossingnum=765912Y",
        "ACC_LINK": "https://safetydata.fra.dot.gov/OfficeofSafety/PublicSite/Crossing/Crossing.aspx?phasetype=C&rpttype=A&txtcrossingnum=765912Y",
        "TTSTNNAM": "",
        "XPURPOSE": "1",
        "OPERATINGR": "UP",
        "OPERATIN_1": "Primary",
        "DAYTHRU": 4,
        "NGHTTHRU": 4,
        "MAINTRK": 1,
        "SIDINGTRK": 0,
        "YARDTRK": 0,
        "TRANSITTRK": 0,
        "INDUSTRYTR": 0,
        "OTHRTRK": 0,
        "WDCODE": "",
        "REVISIONDA": "1975/01/01 00:00:00",
        "LASTUPDATE": "8/29/2025",
        "AADT": "5",
        "AADTYEAR": "1988",
        "STATENAME": "TEXAS",
        "STATEAB": "TX",
        "COUNTYNAME": "ELLIS",
        "CITYNAME": "WAXAHACHIE",
        "LATDD": 32.380466,
        "LONGDD": -96.763544,
        "gridlyProductionCertified": true,
        "gridlyClassification": "PUBLIC_ROADWAY",
        "gridlyDisplayName": "PRIVATE",
        "gridlyId": "FRA-765912Y"
      }
    },
    {
      "type": "Feature",
      "id": 210096,
      "geometry": {
        "type": "Point",
        "coordinates": [
          -96.8224007996564,
          32.3874104996437
        ]
      },
      "properties": {
        "OBJECTID": 210096,
        "CROSSING": "765917H",
        "EFFDATE": 1756425600000,
        "REASON": "14",
        "StateCode": "48",
        "CountyCode": "48139",
        "STCYFIPS": "48139",
        "CITYCD": "481397270",
        "RAILROAD": "UP",
        "RRDIV": "TEXOMA",
        "RRSUBDIV": "MIDLOTHIAN SUB",
        "HIGHWAY": "PRIVATE",
        "STREET": "Private",
        "TTSTN": "667550",
        "MILEPOST": "0010.050",
        "TYPEXING": "Private",
        "POSXING": "At Grade",
        "PRVCAT": "14",
        "INIT": "1",
        "LATITUDE": 32.3874105,
        "LONGITUD": -96.8224008,
        "LLSOURCE": "1",
        "WHISTBAN": "0",
        "RRCONT": "4025443721",
        "POLCONT": "8008488715",
        "INV_LINK": "https://safetydata.fra.dot.gov/OfficeofSafety/PublicSite/Crossing/Crossing.aspx?phasetype=C&rpttype=I&txtcrossingnum=765917H",
        "ACC_LINK": "https://safetydata.fra.dot.gov/OfficeofSafety/PublicSite/Crossing/Crossing.aspx?phasetype=C&rpttype=A&txtcrossingnum=765917H",
        "TTSTNNAM": "",
        "XPURPOSE": "1",
        "OPERATINGR": "UP",
        "OPERATIN_1": "Primary",
        "DAYTHRU": 4,
        "NGHTTHRU": 4,
        "MAINTRK": 1,
        "SIDINGTRK": 0,
        "YARDTRK": 0,
        "TRANSITTRK": 0,
        "INDUSTRYTR": 0,
        "OTHRTRK": 0,
        "WDCODE": "",
        "REVISIONDA": "1975/01/01 00:00:00",
        "LASTUPDATE": "8/29/2025",
        "AADT": "1",
        "AADTYEAR": "1970",
        "STATENAME": "TEXAS",
        "STATEAB": "TX",
        "COUNTYNAME": "ELLIS",
        "CITYNAME": "WAXAHACHIE",
        "LATDD": 32.3874105,
        "LONGDD": -96.8224008,
        "gridlyProductionCertified": true,
        "gridlyClassification": "PUBLIC_ROADWAY",
        "gridlyDisplayName": "Private",
        "gridlyId": "FRA-765917H"
      }
    },
    {
      "type": "Feature",
      "id": 210097,
      "geometry": {
        "type": "Point",
        "coordinates": [
          -96.8581460997081,
          32.3984882998287
        ]
      },
      "properties": {
        "OBJECTID": 210097,
        "CROSSING": "765203T",
        "EFFDATE": 1756425600000,
        "REASON": "14",
        "StateCode": "48",
        "CountyCode": "48139",
        "STCYFIPS": "48139",
        "CITYCD": "481397270",
        "RAILROAD": "UP",
        "RRDIV": "TEXOMA",
        "RRSUBDIV": "MIDLOTHIAN SUB",
        "HIGHWAY": "ST 0000",
        "STREET": "HIGHLAND AVENUE",
        "TTSTN": "667550",
        "MILEPOST": "0012.630",
        "TYPEXING": "Public",
        "POSXING": "At Grade",
        "PRVCAT": "14",
        "INIT": "1",
        "LATITUDE": 32.3984883,
        "LONGITUD": -96.8581461,
        "LLSOURCE": "1",
        "WHISTBAN": "0",
        "RRCONT": "4025443721",
        "POLCONT": "8008488715",
        "INV_LINK": "https://safetydata.fra.dot.gov/OfficeofSafety/PublicSite/Crossing/Crossing.aspx?phasetype=C&rpttype=I&txtcrossingnum=765203T",
        "ACC_LINK": "https://safetydata.fra.dot.gov/OfficeofSafety/PublicSite/Crossing/Crossing.aspx?phasetype=C&rpttype=A&txtcrossingnum=765203T",
        "TTSTNNAM": "",
        "XPURPOSE": "1",
        "OPERATINGR": "UP",
        "OPERATIN_1": "Primary",
        "DAYTHRU": 5,
        "NGHTTHRU": 5,
        "MAINTRK": 1,
        "SIDINGTRK": 0,
        "YARDTRK": 0,
        "TRANSITTRK": 0,
        "INDUSTRYTR": 0,
        "OTHRTRK": 1,
        "WDCODE": "All other Gates",
        "REVISIONDA": "1975/01/01 00:00:00",
        "LASTUPDATE": "8/29/2025",
        "AADT": "1620",
        "AADTYEAR": "2019",
        "STATENAME": "TEXAS",
        "STATEAB": "TX",
        "COUNTYNAME": "ELLIS",
        "CITYNAME": "WAXAHACHIE",
        "LATDD": 32.3984883,
        "LONGDD": -96.8581461,
        "gridlyProductionCertified": true,
        "gridlyClassification": "PUBLIC_ROADWAY",
        "gridlyDisplayName": "HIGHLAND AVENUE",
        "gridlyId": "FRA-765203T"
      }
    },
    {
      "type": "Feature",
      "id": 210098,
      "geometry": {
        "type": "Point",
        "coordinates": [
          -96.8602928001493,
          32.3999131996984
        ]
      },
      "properties": {
        "OBJECTID": 210098,
        "CROSSING": "765204A",
        "EFFDATE": 1756425600000,
        "REASON": "14",
        "StateCode": "48",
        "CountyCode": "48139",
        "STCYFIPS": "48139",
        "CITYCD": "481397270",
        "RAILROAD": "UP",
        "RRDIV": "TEXOMA",
        "RRSUBDIV": "MIDLOTHIAN SUB",
        "HIGHWAY": "ST 0000",
        "STREET": "GRAND AVENUE",
        "TTSTN": "667550",
        "MILEPOST": "0012.790",
        "TYPEXING": "Public",
        "POSXING": "At Grade",
        "PRVCAT": "14",
        "INIT": "1",
        "LATITUDE": 32.3999132,
        "LONGITUD": -96.8602928,
        "LLSOURCE": "1",
        "WHISTBAN": "0",
        "RRCONT": "4025443721",
        "POLCONT": "8008488715",
        "INV_LINK": "https://safetydata.fra.dot.gov/OfficeofSafety/PublicSite/Crossing/Crossing.aspx?phasetype=C&rpttype=I&txtcrossingnum=765204A",
        "ACC_LINK": "https://safetydata.fra.dot.gov/OfficeofSafety/PublicSite/Crossing/Crossing.aspx?phasetype=C&rpttype=A&txtcrossingnum=765204A",
        "TTSTNNAM": "",
        "XPURPOSE": "1",
        "OPERATINGR": "UP",
        "OPERATIN_1": "Primary",
        "DAYTHRU": 5,
        "NGHTTHRU": 5,
        "MAINTRK": 1,
        "SIDINGTRK": 0,
        "YARDTRK": 0,
        "TRANSITTRK": 0,
        "INDUSTRYTR": 0,
        "OTHRTRK": 0,
        "WDCODE": "All other Gates",
        "REVISIONDA": "1975/01/01 00:00:00",
        "LASTUPDATE": "8/29/2025",
        "AADT": "5415",
        "AADTYEAR": "2019",
        "STATENAME": "TEXAS",
        "STATEAB": "TX",
        "COUNTYNAME": "ELLIS",
        "CITYNAME": "WAXAHACHIE",
        "LATDD": 32.3999132,
        "LONGDD": -96.8602928,
        "gridlyProductionCertified": true,
        "gridlyClassification": "PUBLIC_ROADWAY",
        "gridlyDisplayName": "GRAND AVENUE",
        "gridlyId": "FRA-765204A"
      }
    },
    {
      "type": "Feature",
      "id": 210105,
      "geometry": {
        "type": "Point",
        "coordinates": [
          -96.7406314002895,
          32.3772762997569
        ]
      },
      "properties": {
        "OBJECTID": 210105,
        "CROSSING": "765911S",
        "EFFDATE": 1756425600000,
        "REASON": "14",
        "StateCode": "48",
        "CountyCode": "48139",
        "STCYFIPS": "48139",
        "CITYCD": "481392598",
        "RAILROAD": "UP",
        "RRDIV": "TEXOMA",
        "RRSUBDIV": "MIDLOTHIAN SUB",
        "HIGHWAY": "PRIVATE",
        "STREET": "PRIVATE",
        "TTSTN": "667543",
        "MILEPOST": "0005.240",
        "TYPEXING": "Private",
        "POSXING": "At Grade",
        "PRVCAT": "14",
        "INIT": "1",
        "LATITUDE": 32.3772763,
        "LONGITUD": -96.7406314,
        "LLSOURCE": "1",
        "WHISTBAN": "0",
        "RRCONT": "4025443721",
        "POLCONT": "8008488715",
        "INV_LINK": "https://safetydata.fra.dot.gov/OfficeofSafety/PublicSite/Crossing/Crossing.aspx?phasetype=C&rpttype=I&txtcrossingnum=765911S",
        "ACC_LINK": "https://safetydata.fra.dot.gov/OfficeofSafety/PublicSite/Crossing/Crossing.aspx?phasetype=C&rpttype=A&txtcrossingnum=765911S",
        "TTSTNNAM": "",
        "XPURPOSE": "1",
        "OPERATINGR": "UP",
        "OPERATIN_1": "Primary",
        "DAYTHRU": 4,
        "NGHTTHRU": 4,
        "MAINTRK": 1,
        "SIDINGTRK": 0,
        "YARDTRK": 0,
        "TRANSITTRK": 0,
        "INDUSTRYTR": 0,
        "OTHRTRK": 0,
        "WDCODE": "",
        "REVISIONDA": "1975/01/01 00:00:00",
        "LASTUPDATE": "8/29/2025",
        "AADT": "1",
        "AADTYEAR": "1970",
        "STATENAME": "TEXAS",
        "STATEAB": "TX",
        "COUNTYNAME": "ELLIS",
        "CITYNAME": "GARRETT",
        "LATDD": 32.3772763,
        "LONGDD": -96.7406314,
        "gridlyProductionCertified": true,
        "gridlyClassification": "PUBLIC_ROADWAY",
        "gridlyDisplayName": "PRIVATE",
        "gridlyId": "FRA-765911S"
      }
    },
    {
      "type": "Feature",
      "id": 210106,
      "geometry": {
        "type": "Point",
        "coordinates": [
          -96.7492886003282,
          32.378480500134
        ]
      },
      "properties": {
        "OBJECTID": 210106,
        "CROSSING": "765913F",
        "EFFDATE": 1756425600000,
        "REASON": "14",
        "StateCode": "48",
        "CountyCode": "48139",
        "STCYFIPS": "48139",
        "CITYCD": "481392598",
        "RAILROAD": "UP",
        "RRDIV": "TEXOMA",
        "RRSUBDIV": "MIDLOTHIAN SUB",
        "HIGHWAY": "CO 0000",
        "STREET": "PONY ROAD",
        "TTSTN": "667543",
        "MILEPOST": "0005.760",
        "TYPEXING": "Public",
        "POSXING": "At Grade",
        "PRVCAT": "14",
        "INIT": "1",
        "LATITUDE": 32.3784805,
        "LONGITUD": -96.7492886,
        "LLSOURCE": "1",
        "WHISTBAN": "0",
        "RRCONT": "4025443721",
        "POLCONT": "8008488715",
        "INV_LINK": "https://safetydata.fra.dot.gov/OfficeofSafety/PublicSite/Crossing/Crossing.aspx?phasetype=C&rpttype=I&txtcrossingnum=765913F",
        "ACC_LINK": "https://safetydata.fra.dot.gov/OfficeofSafety/PublicSite/Crossing/Crossing.aspx?phasetype=C&rpttype=A&txtcrossingnum=765913F",
        "TTSTNNAM": "",
        "XPURPOSE": "1",
        "OPERATINGR": "UP",
        "OPERATIN_1": "Primary",
        "DAYTHRU": 4,
        "NGHTTHRU": 4,
        "MAINTRK": 1,
        "SIDINGTRK": 0,
        "YARDTRK": 0,
        "TRANSITTRK": 0,
        "INDUSTRYTR": 0,
        "OTHRTRK": 0,
        "WDCODE": "Crossbucks",
        "REVISIONDA": "1975/01/01 00:00:00",
        "LASTUPDATE": "8/29/2025",
        "AADT": "10",
        "AADTYEAR": "1988",
        "STATENAME": "TEXAS",
        "STATEAB": "TX",
        "COUNTYNAME": "ELLIS",
        "CITYNAME": "GARRETT",
        "LATDD": 32.3784805,
        "LONGDD": -96.7492886,
        "gridlyProductionCertified": true,
        "gridlyClassification": "PUBLIC_ROADWAY",
        "gridlyDisplayName": "PONY ROAD",
        "gridlyId": "FRA-765913F"
      }
    },
    {
      "type": "Feature",
      "id": 210107,
      "geometry": {
        "type": "Point",
        "coordinates": [
          -96.6551282001565,
          32.3652880998402
        ]
      },
      "properties": {
        "OBJECTID": 210107,
        "CROSSING": "765544L",
        "EFFDATE": 1756425600000,
        "REASON": "14",
        "StateCode": "48",
        "CountyCode": "48139",
        "STCYFIPS": "48139",
        "CITYCD": "481392598",
        "RAILROAD": "UP",
        "RRDIV": "TEXOMA",
        "RRSUBDIV": "MIDLOTHIAN SUB",
        "HIGHWAY": "ST 0000",
        "STREET": "BOYCE DRIVE",
        "TTSTN": "667543",
        "MILEPOST": "0000.300",
        "TYPEXING": "Public",
        "POSXING": "At Grade",
        "PRVCAT": "14",
        "INIT": "1",
        "LATITUDE": 32.3652881,
        "LONGITUD": -96.6551282,
        "LLSOURCE": "1",
        "WHISTBAN": "0",
        "RRCONT": "4025443721",
        "POLCONT": "8008488715",
        "INV_LINK": "https://safetydata.fra.dot.gov/OfficeofSafety/PublicSite/Crossing/Crossing.aspx?phasetype=C&rpttype=I&txtcrossingnum=765544L",
        "ACC_LINK": "https://safetydata.fra.dot.gov/OfficeofSafety/PublicSite/Crossing/Crossing.aspx?phasetype=C&rpttype=A&txtcrossingnum=765544L",
        "TTSTNNAM": "",
        "XPURPOSE": "1",
        "OPERATINGR": "UP",
        "OPERATIN_1": "Primary",
        "DAYTHRU": 9,
        "NGHTTHRU": 9,
        "MAINTRK": 1,
        "SIDINGTRK": 0,
        "YARDTRK": 0,
        "TRANSITTRK": 0,
        "INDUSTRYTR": 0,
        "OTHRTRK": 0,
        "WDCODE": "All other Gates",
        "REVISIONDA": "1975/01/01 00:00:00",
        "LASTUPDATE": "8/29/2025",
        "AADT": "1218",
        "AADTYEAR": "2019",
        "STATENAME": "TEXAS",
        "STATEAB": "TX",
        "COUNTYNAME": "ELLIS",
        "CITYNAME": "GARRETT",
        "LATDD": 32.3652881,
        "LONGDD": -96.6551282,
        "gridlyProductionCertified": true,
        "gridlyClassification": "PUBLIC_ROADWAY",
        "gridlyDisplayName": "BOYCE DRIVE",
        "gridlyId": "FRA-765544L"
      }
    },
    {
      "type": "Feature",
      "id": 210110,
      "geometry": {
        "type": "Point",
        "coordinates": [
          -96.8471425001473,
          32.3875600001562
        ]
      },
      "properties": {
        "OBJECTID": 210110,
        "CROSSING": "765875Y",
        "EFFDATE": 1756425600000,
        "REASON": "14",
        "StateCode": "48",
        "CountyCode": "48139",
        "STCYFIPS": "48139",
        "CITYCD": "481397270",
        "RAILROAD": "UP",
        "RRDIV": "TEXOMA",
        "RRSUBDIV": "MIDLOTHIAN SUB",
        "HIGHWAY": "ST 0000",
        "STREET": "ROGERS STREET",
        "TTSTN": "667550",
        "MILEPOST": "0011.610",
        "TYPEXING": "Public",
        "POSXING": "At Grade",
        "PRVCAT": "14",
        "INIT": "1",
        "LATITUDE": 32.38756,
        "LONGITUD": -96.8471425,
        "LLSOURCE": "1",
        "WHISTBAN": "0",
        "RRCONT": "4025443721",
        "POLCONT": "8008488715",
        "INV_LINK": "https://safetydata.fra.dot.gov/OfficeofSafety/PublicSite/Crossing/Crossing.aspx?phasetype=C&rpttype=I&txtcrossingnum=765875Y",
        "ACC_LINK": "https://safetydata.fra.dot.gov/OfficeofSafety/PublicSite/Crossing/Crossing.aspx?phasetype=C&rpttype=A&txtcrossingnum=765875Y",
        "TTSTNNAM": "",
        "XPURPOSE": "1",
        "OPERATINGR": "UP",
        "OPERATIN_1": "Primary",
        "DAYTHRU": 5,
        "NGHTTHRU": 5,
        "MAINTRK": 1,
        "SIDINGTRK": 0,
        "YARDTRK": 0,
        "TRANSITTRK": 0,
        "INDUSTRYTR": 0,
        "OTHRTRK": 1,
        "WDCODE": "All other Gates",
        "REVISIONDA": "1975/01/01 00:00:00",
        "LASTUPDATE": "8/29/2025",
        "AADT": "857",
        "AADTYEAR": "2019",
        "STATENAME": "TEXAS",
        "STATEAB": "TX",
        "COUNTYNAME": "ELLIS",
        "CITYNAME": "WAXAHACHIE",
        "LATDD": 32.38756,
        "LONGDD": -96.8471425,
        "gridlyProductionCertified": true,
        "gridlyClassification": "PUBLIC_ROADWAY",
        "gridlyDisplayName": "ROGERS STREET",
        "gridlyId": "FRA-765875Y"
      }
    },
    {
      "type": "Feature",
      "id": 210111,
      "geometry": {
        "type": "Point",
        "coordinates": [
          -96.848228999907,
          32.3880149996659
        ]
      },
      "properties": {
        "OBJECTID": 210111,
        "CROSSING": "765876F",
        "EFFDATE": 1756425600000,
        "REASON": "14",
        "StateCode": "48",
        "CountyCode": "48139",
        "STCYFIPS": "48139",
        "CITYCD": "481397270",
        "RAILROAD": "UP",
        "RRDIV": "TEXOMA",
        "RRSUBDIV": "MIDLOTHIAN SUB",
        "HIGHWAY": "US 0077",
        "STREET": "US 77 ELM STREET",
        "TTSTN": "667550",
        "MILEPOST": "0011.670",
        "TYPEXING": "Public",
        "POSXING": "At Grade",
        "PRVCAT": "14",
        "INIT": "1",
        "LATITUDE": 32.388015,
        "LONGITUD": -96.848229,
        "LLSOURCE": "1",
        "WHISTBAN": "0",
        "RRCONT": "4025443721",
        "POLCONT": "8008488715",
        "INV_LINK": "https://safetydata.fra.dot.gov/OfficeofSafety/PublicSite/Crossing/Crossing.aspx?phasetype=C&rpttype=I&txtcrossingnum=765876F",
        "ACC_LINK": "https://safetydata.fra.dot.gov/OfficeofSafety/PublicSite/Crossing/Crossing.aspx?phasetype=C&rpttype=A&txtcrossingnum=765876F",
        "TTSTNNAM": "",
        "XPURPOSE": "1",
        "OPERATINGR": "UP",
        "OPERATIN_1": "Primary",
        "DAYTHRU": 5,
        "NGHTTHRU": 5,
        "MAINTRK": 1,
        "SIDINGTRK": 0,
        "YARDTRK": 0,
        "TRANSITTRK": 0,
        "INDUSTRYTR": 0,
        "OTHRTRK": 0,
        "WDCODE": "All other Gates",
        "REVISIONDA": "1975/01/01 00:00:00",
        "LASTUPDATE": "8/29/2025",
        "AADT": "17830",
        "AADTYEAR": "2019",
        "STATENAME": "TEXAS",
        "STATEAB": "TX",
        "COUNTYNAME": "ELLIS",
        "CITYNAME": "WAXAHACHIE",
        "LATDD": 32.388015,
        "LONGDD": -96.848229,
        "gridlyProductionCertified": true,
        "gridlyClassification": "PUBLIC_ROADWAY",
        "gridlyDisplayName": "US 77 ELM STREET",
        "gridlyId": "FRA-765876F"
      }
    },
    {
      "type": "Feature",
      "id": 210112,
      "geometry": {
        "type": "Point",
        "coordinates": [
          -96.8486039998258,
          32.3881719999384
        ]
      },
      "properties": {
        "OBJECTID": 210112,
        "CROSSING": "765883R",
        "EFFDATE": 1756425600000,
        "REASON": "14",
        "StateCode": "48",
        "CountyCode": "48139",
        "STCYFIPS": "48139",
        "CITYCD": "481397270",
        "RAILROAD": "UP",
        "RRDIV": "TEXOMA",
        "RRSUBDIV": "MIDLOTHIAN SUB",
        "HIGHWAY": "TBD",
        "STREET": "MONROE STREET",
        "TTSTN": "667550",
        "MILEPOST": "0011.714",
        "TYPEXING": "Public",
        "POSXING": "At Grade",
        "PRVCAT": "14",
        "INIT": "1",
        "LATITUDE": 32.388172,
        "LONGITUD": -96.848604,
        "LLSOURCE": "1",
        "WHISTBAN": "0",
        "RRCONT": "4025443721",
        "POLCONT": "8008488715",
        "INV_LINK": "https://safetydata.fra.dot.gov/OfficeofSafety/PublicSite/Crossing/Crossing.aspx?phasetype=C&rpttype=I&txtcrossingnum=765883R",
        "ACC_LINK": "https://safetydata.fra.dot.gov/OfficeofSafety/PublicSite/Crossing/Crossing.aspx?phasetype=C&rpttype=A&txtcrossingnum=765883R",
        "TTSTNNAM": "",
        "XPURPOSE": "1",
        "OPERATINGR": "UP",
        "OPERATIN_1": "Primary",
        "DAYTHRU": 5,
        "NGHTTHRU": 5,
        "MAINTRK": 1,
        "SIDINGTRK": 0,
        "YARDTRK": 0,
        "TRANSITTRK": 0,
        "INDUSTRYTR": 0,
        "OTHRTRK": 2,
        "WDCODE": "All other Gates",
        "REVISIONDA": "1975/01/01 00:00:00",
        "LASTUPDATE": "8/29/2025",
        "AADT": "834",
        "AADTYEAR": "2019",
        "STATENAME": "TEXAS",
        "STATEAB": "TX",
        "COUNTYNAME": "ELLIS",
        "CITYNAME": "WAXAHACHIE",
        "LATDD": 32.388172,
        "LONGDD": -96.848604,
        "gridlyProductionCertified": true,
        "gridlyClassification": "PUBLIC_ROADWAY",
        "gridlyDisplayName": "MONROE STREET",
        "gridlyId": "FRA-765883R"
      }
    },
    {
      "type": "Feature",
      "id": 210114,
      "geometry": {
        "type": "Point",
        "coordinates": [
          -96.849479000235,
          32.3885902998621
        ]
      },
      "properties": {
        "OBJECTID": 210114,
        "CROSSING": "765884X",
        "EFFDATE": 1756425600000,
        "REASON": "14",
        "StateCode": "48",
        "CountyCode": "48139",
        "STCYFIPS": "48139",
        "CITYCD": "481397270",
        "RAILROAD": "UP",
        "RRDIV": "TEXOMA",
        "RRSUBDIV": "MIDLOTHIAN SUB",
        "HIGHWAY": "ST 0000",
        "STREET": "FERRIS AVENUE",
        "TTSTN": "667550",
        "MILEPOST": "0011.760",
        "TYPEXING": "Public",
        "POSXING": "At Grade",
        "PRVCAT": "14",
        "INIT": "1",
        "LATITUDE": 32.3885903,
        "LONGITUD": -96.849479,
        "LLSOURCE": "1",
        "WHISTBAN": "0",
        "RRCONT": "4025443721",
        "POLCONT": "8008488715",
        "INV_LINK": "https://safetydata.fra.dot.gov/OfficeofSafety/PublicSite/Crossing/Crossing.aspx?phasetype=C&rpttype=I&txtcrossingnum=765884X",
        "ACC_LINK": "https://safetydata.fra.dot.gov/OfficeofSafety/PublicSite/Crossing/Crossing.aspx?phasetype=C&rpttype=A&txtcrossingnum=765884X",
        "TTSTNNAM": "",
        "XPURPOSE": "1",
        "OPERATINGR": "UP",
        "OPERATIN_1": "Primary",
        "DAYTHRU": 5,
        "NGHTTHRU": 5,
        "MAINTRK": 1,
        "SIDINGTRK": 0,
        "YARDTRK": 0,
        "TRANSITTRK": 0,
        "INDUSTRYTR": 0,
        "OTHRTRK": 1,
        "WDCODE": "All other Gates",
        "REVISIONDA": "1975/01/01 00:00:00",
        "LASTUPDATE": "8/29/2025",
        "AADT": "767",
        "AADTYEAR": "2019",
        "STATENAME": "TEXAS",
        "STATEAB": "TX",
        "COUNTYNAME": "ELLIS",
        "CITYNAME": "WAXAHACHIE",
        "LATDD": 32.3885903,
        "LONGDD": -96.849479,
        "gridlyProductionCertified": true,
        "gridlyClassification": "PUBLIC_ROADWAY",
        "gridlyDisplayName": "FERRIS AVENUE",
        "gridlyId": "FRA-765884X"
      }
    },
    {
      "type": "Feature",
      "id": 210119,
      "geometry": {
        "type": "Point",
        "coordinates": [
          -96.8519301999131,
          32.3919375003155
        ]
      },
      "properties": {
        "OBJECTID": 210119,
        "CROSSING": "765886L",
        "EFFDATE": 1756425600000,
        "REASON": "14",
        "StateCode": "48",
        "CountyCode": "48139",
        "STCYFIPS": "48139",
        "CITYCD": "481397270",
        "RAILROAD": "UP",
        "RRDIV": "TEXOMA",
        "RRSUBDIV": "MIDLOTHIAN SUB",
        "HIGHWAY": "ST 0000",
        "STREET": "GIBSON STREET",
        "TTSTN": "667550",
        "MILEPOST": "0012.040",
        "TYPEXING": "Public",
        "POSXING": "At Grade",
        "PRVCAT": "14",
        "INIT": "1",
        "LATITUDE": 32.3919375,
        "LONGITUD": -96.8519302,
        "LLSOURCE": "1",
        "WHISTBAN": "0",
        "RRCONT": "4025443721",
        "POLCONT": "8008488715",
        "INV_LINK": "https://safetydata.fra.dot.gov/OfficeofSafety/PublicSite/Crossing/Crossing.aspx?phasetype=C&rpttype=I&txtcrossingnum=765886L",
        "ACC_LINK": "https://safetydata.fra.dot.gov/OfficeofSafety/PublicSite/Crossing/Crossing.aspx?phasetype=C&rpttype=A&txtcrossingnum=765886L",
        "TTSTNNAM": "",
        "XPURPOSE": "1",
        "OPERATINGR": "UP",
        "OPERATIN_1": "Primary",
        "DAYTHRU": 5,
        "NGHTTHRU": 5,
        "MAINTRK": 1,
        "SIDINGTRK": 0,
        "YARDTRK": 0,
        "TRANSITTRK": 0,
        "INDUSTRYTR": 0,
        "OTHRTRK": 0,
        "WDCODE": "All other Gates",
        "REVISIONDA": "1975/01/01 00:00:00",
        "LASTUPDATE": "8/29/2025",
        "AADT": "892",
        "AADTYEAR": "2019",
        "STATENAME": "TEXAS",
        "STATEAB": "TX",
        "COUNTYNAME": "ELLIS",
        "CITYNAME": "WAXAHACHIE",
        "LATDD": 32.3919375,
        "LONGDD": -96.8519302,
        "gridlyProductionCertified": true,
        "gridlyClassification": "PUBLIC_ROADWAY",
        "gridlyDisplayName": "GIBSON STREET",
        "gridlyId": "FRA-765886L"
      }
    },
    {
      "type": "Feature",
      "id": 210120,
      "geometry": {
        "type": "Point",
        "coordinates": [
          -96.854647200304,
          32.3961599002106
        ]
      },
      "properties": {
        "OBJECTID": 210120,
        "CROSSING": "765889G",
        "EFFDATE": 1756425600000,
        "REASON": "14",
        "StateCode": "48",
        "CountyCode": "48139",
        "STCYFIPS": "48139",
        "CITYCD": "481397270",
        "RAILROAD": "UP",
        "RRDIV": "TEXOMA",
        "RRSUBDIV": "MIDLOTHIAN SUB",
        "HIGHWAY": "ST 0000",
        "STREET": "PATRICK STREET",
        "TTSTN": "667550",
        "MILEPOST": "0012.370",
        "TYPEXING": "Public",
        "POSXING": "At Grade",
        "PRVCAT": "14",
        "INIT": "1",
        "LATITUDE": 32.3961599,
        "LONGITUD": -96.8546472,
        "LLSOURCE": "1",
        "WHISTBAN": "0",
        "RRCONT": "4025443721",
        "POLCONT": "8008488715",
        "INV_LINK": "https://safetydata.fra.dot.gov/OfficeofSafety/PublicSite/Crossing/Crossing.aspx?phasetype=C&rpttype=I&txtcrossingnum=765889G",
        "ACC_LINK": "https://safetydata.fra.dot.gov/OfficeofSafety/PublicSite/Crossing/Crossing.aspx?phasetype=C&rpttype=A&txtcrossingnum=765889G",
        "TTSTNNAM": "",
        "XPURPOSE": "1",
        "OPERATINGR": "UP",
        "OPERATIN_1": "Primary",
        "DAYTHRU": 5,
        "NGHTTHRU": 5,
        "MAINTRK": 1,
        "SIDINGTRK": 0,
        "YARDTRK": 0,
        "TRANSITTRK": 0,
        "INDUSTRYTR": 0,
        "OTHRTRK": 0,
        "WDCODE": "All other Gates",
        "REVISIONDA": "1975/01/01 00:00:00",
        "LASTUPDATE": "8/29/2025",
        "AADT": "782",
        "AADTYEAR": "2019",
        "STATENAME": "TEXAS",
        "STATEAB": "TX",
        "COUNTYNAME": "ELLIS",
        "CITYNAME": "WAXAHACHIE",
        "LATDD": 32.3961599,
        "LONGDD": -96.8546472,
        "gridlyProductionCertified": true,
        "gridlyClassification": "PUBLIC_ROADWAY",
        "gridlyDisplayName": "PATRICK STREET",
        "gridlyId": "FRA-765889G"
      }
    },
    {
      "type": "Feature",
      "id": 210130,
      "geometry": {
        "type": "Point",
        "coordinates": [
          -96.8112329997398,
          32.3871139996762
        ]
      },
      "properties": {
        "OBJECTID": 210130,
        "CROSSING": "765916B",
        "EFFDATE": 1756425600000,
        "REASON": "14",
        "StateCode": "48",
        "CountyCode": "48139",
        "STCYFIPS": "48139",
        "CITYCD": "481397270",
        "RAILROAD": "UP",
        "RRDIV": "TEXOMA",
        "RRSUBDIV": "MIDLOTHIAN SUB",
        "HIGHWAY": "US 0287",
        "STREET": "US 287",
        "TTSTN": "667550",
        "MILEPOST": "0009.414",
        "TYPEXING": "Public",
        "POSXING": "RR Under",
        "PRVCAT": "14",
        "INIT": "1",
        "LATITUDE": 32.387114,
        "LONGITUD": -96.811233,
        "LLSOURCE": "1",
        "WHISTBAN": "0",
        "RRCONT": "4025443721",
        "POLCONT": "8008488715",
        "INV_LINK": "https://safetydata.fra.dot.gov/OfficeofSafety/PublicSite/Crossing/Crossing.aspx?phasetype=C&rpttype=I&txtcrossingnum=765916B",
        "ACC_LINK": "https://safetydata.fra.dot.gov/OfficeofSafety/PublicSite/Crossing/Crossing.aspx?phasetype=C&rpttype=A&txtcrossingnum=765916B",
        "TTSTNNAM": "",
        "XPURPOSE": "1",
        "OPERATINGR": "UP",
        "OPERATIN_1": "Primary",
        "DAYTHRU": 4,
        "NGHTTHRU": 4,
        "MAINTRK": 1,
        "SIDINGTRK": 0,
        "YARDTRK": 0,
        "TRANSITTRK": 0,
        "INDUSTRYTR": 0,
        "OTHRTRK": 0,
        "WDCODE": "",
        "REVISIONDA": "1975/01/01 00:00:00",
        "LASTUPDATE": "8/29/2025",
        "AADT": "14700",
        "AADTYEAR": "2011",
        "STATENAME": "TEXAS",
        "STATEAB": "TX",
        "COUNTYNAME": "ELLIS",
        "CITYNAME": "WAXAHACHIE",
        "LATDD": 32.387114,
        "LONGDD": -96.811233,
        "gridlyProductionCertified": true,
        "gridlyClassification": "PUBLIC_ROADWAY",
        "gridlyDisplayName": "US 287",
        "gridlyId": "FRA-765916B"
      }
    },
    {
      "type": "Feature",
      "id": 210220,
      "geometry": {
        "type": "Point",
        "coordinates": [
          -96.666969200242,
          32.4825023997215
        ]
      },
      "properties": {
        "OBJECTID": 210220,
        "CROSSING": "765452Y",
        "EFFDATE": 1756339200000,
        "REASON": "14",
        "StateCode": "48",
        "CountyCode": "48139",
        "STCYFIPS": "48139",
        "CITYCD": "481392360",
        "RAILROAD": "UP",
        "RRDIV": "TEXOMA",
        "RRSUBDIV": "ENNIS SUB",
        "HIGHWAY": "CO 0301",
        "STREET": "RISINGER STREET",
        "TTSTN": "389446",
        "MILEPOST": "0242.300",
        "TYPEXING": "Public",
        "POSXING": "At Grade",
        "PRVCAT": "14",
        "INIT": "1",
        "LATITUDE": 32.4825024,
        "LONGITUD": -96.6669692,
        "LLSOURCE": "1",
        "WHISTBAN": "0",
        "RRCONT": "4025443721",
        "POLCONT": "8008488715",
        "INV_LINK": "https://safetydata.fra.dot.gov/OfficeofSafety/PublicSite/Crossing/Crossing.aspx?phasetype=C&rpttype=I&txtcrossingnum=765452Y",
        "ACC_LINK": "https://safetydata.fra.dot.gov/OfficeofSafety/PublicSite/Crossing/Crossing.aspx?phasetype=C&rpttype=A&txtcrossingnum=765452Y",
        "TTSTNNAM": "",
        "XPURPOSE": "1",
        "OPERATINGR": "UP",
        "OPERATIN_1": "Primary",
        "DAYTHRU": 1,
        "NGHTTHRU": 1,
        "MAINTRK": 1,
        "SIDINGTRK": 0,
        "YARDTRK": 0,
        "TRANSITTRK": 0,
        "INDUSTRYTR": 0,
        "OTHRTRK": 0,
        "WDCODE": "All other Gates",
        "REVISIONDA": "1975/01/01 00:00:00",
        "LASTUPDATE": "8/28/2025",
        "AADT": "314",
        "AADTYEAR": "2019",
        "STATENAME": "TEXAS",
        "STATEAB": "TX",
        "COUNTYNAME": "ELLIS",
        "CITYNAME": "FERRIS",
        "LATDD": 32.4825024,
        "LONGDD": -96.6669692,
        "gridlyProductionCertified": true,
        "gridlyClassification": "PUBLIC_ROADWAY",
        "gridlyDisplayName": "RISINGER STREET",
        "gridlyId": "FRA-765452Y"
      }
    },
    {
      "type": "Feature",
      "id": 210224,
      "geometry": {
        "type": "Point",
        "coordinates": [
          -96.6674954998108,
          32.4888303000247
        ]
      },
      "properties": {
        "OBJECTID": 210224,
        "CROSSING": "765453F",
        "EFFDATE": 1756339200000,
        "REASON": "14",
        "StateCode": "48",
        "CountyCode": "48139",
        "STCYFIPS": "48139",
        "CITYCD": "481392360",
        "RAILROAD": "UP",
        "RRDIV": "TEXOMA",
        "RRSUBDIV": "ENNIS SUB",
        "HIGHWAY": "CO 0488",
        "STREET": "WOOD STREET",
        "TTSTN": "667512",
        "MILEPOST": "0242.730",
        "TYPEXING": "Public",
        "POSXING": "At Grade",
        "PRVCAT": "14",
        "INIT": "1",
        "LATITUDE": 32.4888303,
        "LONGITUD": -96.6674955,
        "LLSOURCE": "1",
        "WHISTBAN": "0",
        "RRCONT": "4025443721",
        "POLCONT": "8008488715",
        "INV_LINK": "https://safetydata.fra.dot.gov/OfficeofSafety/PublicSite/Crossing/Crossing.aspx?phasetype=C&rpttype=I&txtcrossingnum=765453F",
        "ACC_LINK": "https://safetydata.fra.dot.gov/OfficeofSafety/PublicSite/Crossing/Crossing.aspx?phasetype=C&rpttype=A&txtcrossingnum=765453F",
        "TTSTNNAM": "",
        "XPURPOSE": "1",
        "OPERATINGR": "UP",
        "OPERATIN_1": "Primary",
        "DAYTHRU": 1,
        "NGHTTHRU": 1,
        "MAINTRK": 1,
        "SIDINGTRK": 0,
        "YARDTRK": 0,
        "TRANSITTRK": 0,
        "INDUSTRYTR": 0,
        "OTHRTRK": 0,
        "WDCODE": "Crossbucks",
        "REVISIONDA": "1975/01/01 00:00:00",
        "LASTUPDATE": "8/28/2025",
        "AADT": "120",
        "AADTYEAR": "1999",
        "STATENAME": "TEXAS",
        "STATEAB": "TX",
        "COUNTYNAME": "ELLIS",
        "CITYNAME": "FERRIS",
        "LATDD": 32.4888303,
        "LONGDD": -96.6674955,
        "gridlyProductionCertified": true,
        "gridlyClassification": "PUBLIC_ROADWAY",
        "gridlyDisplayName": "WOOD STREET",
        "gridlyId": "FRA-765453F"
      }
    },
    {
      "type": "Feature",
      "id": 210225,
      "geometry": {
        "type": "Point",
        "coordinates": [
          -96.667634300302,
          32.490994200143
        ]
      },
      "properties": {
        "OBJECTID": 210225,
        "CROSSING": "765454M",
        "EFFDATE": 1756339200000,
        "REASON": "14",
        "StateCode": "48",
        "CountyCode": "48139",
        "STCYFIPS": "48139",
        "CITYCD": "481392360",
        "RAILROAD": "UP",
        "RRDIV": "TEXOMA",
        "RRSUBDIV": "ENNIS SUB",
        "HIGHWAY": "CO 0384",
        "STREET": "TRUMBULL ROAD",
        "TTSTN": "667512",
        "MILEPOST": "0242.880",
        "TYPEXING": "Public",
        "POSXING": "At Grade",
        "PRVCAT": "14",
        "INIT": "1",
        "LATITUDE": 32.4909942,
        "LONGITUD": -96.6676343,
        "LLSOURCE": "1",
        "WHISTBAN": "0",
        "RRCONT": "4025443721",
        "POLCONT": "8008488715",
        "INV_LINK": "https://safetydata.fra.dot.gov/OfficeofSafety/PublicSite/Crossing/Crossing.aspx?phasetype=C&rpttype=I&txtcrossingnum=765454M",
        "ACC_LINK": "https://safetydata.fra.dot.gov/OfficeofSafety/PublicSite/Crossing/Crossing.aspx?phasetype=C&rpttype=A&txtcrossingnum=765454M",
        "TTSTNNAM": "",
        "XPURPOSE": "1",
        "OPERATINGR": "UP",
        "OPERATIN_1": "Primary",
        "DAYTHRU": 1,
        "NGHTTHRU": 1,
        "MAINTRK": 1,
        "SIDINGTRK": 0,
        "YARDTRK": 0,
        "TRANSITTRK": 0,
        "INDUSTRYTR": 0,
        "OTHRTRK": 0,
        "WDCODE": "All other Gates",
        "REVISIONDA": "1975/01/01 00:00:00",
        "LASTUPDATE": "8/28/2025",
        "AADT": "67",
        "AADTYEAR": "2019",
        "STATENAME": "TEXAS",
        "STATEAB": "TX",
        "COUNTYNAME": "ELLIS",
        "CITYNAME": "FERRIS",
        "LATDD": 32.4909942,
        "LONGDD": -96.6676343,
        "gridlyProductionCertified": true,
        "gridlyClassification": "PUBLIC_ROADWAY",
        "gridlyDisplayName": "TRUMBULL ROAD",
        "gridlyId": "FRA-765454M"
      }
    },
    {
      "type": "Feature",
      "id": 210229,
      "geometry": {
        "type": "Point",
        "coordinates": [
          -96.6629437003335,
          32.4740281000507
        ]
      },
      "properties": {
        "OBJECTID": 210229,
        "CROSSING": "765455U",
        "EFFDATE": 1756339200000,
        "REASON": "14",
        "StateCode": "48",
        "CountyCode": "48139",
        "STCYFIPS": "48139",
        "CITYCD": "481392360",
        "RAILROAD": "UP",
        "RRDIV": "TEXOMA",
        "RRSUBDIV": "ENNIS SUB",
        "HIGHWAY": "PRIVATE",
        "STREET": "PRIVATE",
        "TTSTN": "667512",
        "MILEPOST": "0241.660",
        "TYPEXING": "Private",
        "POSXING": "At Grade",
        "PRVCAT": "14",
        "INIT": "1",
        "LATITUDE": 32.4740281,
        "LONGITUD": -96.6629437,
        "LLSOURCE": "1",
        "WHISTBAN": "0",
        "RRCONT": "4025443721",
        "POLCONT": "8008488715",
        "INV_LINK": "https://safetydata.fra.dot.gov/OfficeofSafety/PublicSite/Crossing/Crossing.aspx?phasetype=C&rpttype=I&txtcrossingnum=765455U",
        "ACC_LINK": "https://safetydata.fra.dot.gov/OfficeofSafety/PublicSite/Crossing/Crossing.aspx?phasetype=C&rpttype=A&txtcrossingnum=765455U",
        "TTSTNNAM": "",
        "XPURPOSE": "1",
        "OPERATINGR": "UP",
        "OPERATIN_1": "Primary",
        "DAYTHRU": 1,
        "NGHTTHRU": 1,
        "MAINTRK": 1,
        "SIDINGTRK": 0,
        "YARDTRK": 0,
        "TRANSITTRK": 0,
        "INDUSTRYTR": 0,
        "OTHRTRK": 0,
        "WDCODE": "",
        "REVISIONDA": "1975/01/01 00:00:00",
        "LASTUPDATE": "8/28/2025",
        "AADT": "1",
        "AADTYEAR": "1970",
        "STATENAME": "TEXAS",
        "STATEAB": "TX",
        "COUNTYNAME": "ELLIS",
        "CITYNAME": "FERRIS",
        "LATDD": 32.4740281,
        "LONGDD": -96.6629437,
        "gridlyProductionCertified": true,
        "gridlyClassification": "PUBLIC_ROADWAY",
        "gridlyDisplayName": "PRIVATE",
        "gridlyId": "FRA-765455U"
      }
    },
    {
      "type": "Feature",
      "id": 210240,
      "geometry": {
        "type": "Point",
        "coordinates": [
          -96.6653037003491,
          32.5029461998258
        ]
      },
      "properties": {
        "OBJECTID": 210240,
        "CROSSING": "765890B",
        "EFFDATE": 1756339200000,
        "REASON": "14",
        "StateCode": "48",
        "CountyCode": "48139",
        "STCYFIPS": "48139",
        "CITYCD": "481392360",
        "RAILROAD": "UP",
        "RRDIV": "TEXOMA",
        "RRSUBDIV": "ENNIS SUB",
        "HIGHWAY": "CO 0303",
        "STREET": "WESTER STREET",
        "TTSTN": "667512",
        "MILEPOST": "0243.720",
        "TYPEXING": "Public",
        "POSXING": "At Grade",
        "PRVCAT": "14",
        "INIT": "1",
        "LATITUDE": 32.5029462,
        "LONGITUD": -96.6653037,
        "LLSOURCE": "1",
        "WHISTBAN": "0",
        "RRCONT": "4025443721",
        "POLCONT": "8008488715",
        "INV_LINK": "https://safetydata.fra.dot.gov/OfficeofSafety/PublicSite/Crossing/Crossing.aspx?phasetype=C&rpttype=I&txtcrossingnum=765890B",
        "ACC_LINK": "https://safetydata.fra.dot.gov/OfficeofSafety/PublicSite/Crossing/Crossing.aspx?phasetype=C&rpttype=A&txtcrossingnum=765890B",
        "TTSTNNAM": "",
        "XPURPOSE": "1",
        "OPERATINGR": "UP",
        "OPERATIN_1": "Primary",
        "DAYTHRU": 1,
        "NGHTTHRU": 1,
        "MAINTRK": 1,
        "SIDINGTRK": 0,
        "YARDTRK": 0,
        "TRANSITTRK": 0,
        "INDUSTRYTR": 0,
        "OTHRTRK": 0,
        "WDCODE": "All other Gates",
        "REVISIONDA": "1975/01/01 00:00:00",
        "LASTUPDATE": "8/28/2025",
        "AADT": "526",
        "AADTYEAR": "2019",
        "STATENAME": "TEXAS",
        "STATEAB": "TX",
        "COUNTYNAME": "ELLIS",
        "CITYNAME": "FERRIS",
        "LATDD": 32.5029462,
        "LONGDD": -96.6653037,
        "gridlyProductionCertified": true,
        "gridlyClassification": "PUBLIC_ROADWAY",
        "gridlyDisplayName": "WESTER STREET",
        "gridlyId": "FRA-765890B"
      }
    },
    {
      "type": "Feature",
      "id": 210241,
      "geometry": {
        "type": "Point",
        "coordinates": [
          -96.6643165003608,
          32.5147012002087
        ]
      },
      "properties": {
        "OBJECTID": 210241,
        "CROSSING": "765891H",
        "EFFDATE": 1756339200000,
        "REASON": "14",
        "StateCode": "48",
        "CountyCode": "48139",
        "STCYFIPS": "48139",
        "CITYCD": "481392360",
        "RAILROAD": "UP",
        "RRDIV": "TEXOMA",
        "RRSUBDIV": "ENNIS SUB",
        "HIGHWAY": "CO 0461",
        "STREET": "CR 4450",
        "TTSTN": "667512",
        "MILEPOST": "0244.530",
        "TYPEXING": "Public",
        "POSXING": "At Grade",
        "PRVCAT": "14",
        "INIT": "1",
        "LATITUDE": 32.5147012,
        "LONGITUD": -96.6643165,
        "LLSOURCE": "1",
        "WHISTBAN": "0",
        "RRCONT": "4025443721",
        "POLCONT": "8008488715",
        "INV_LINK": "https://safetydata.fra.dot.gov/OfficeofSafety/PublicSite/Crossing/Crossing.aspx?phasetype=C&rpttype=I&txtcrossingnum=765891H",
        "ACC_LINK": "https://safetydata.fra.dot.gov/OfficeofSafety/PublicSite/Crossing/Crossing.aspx?phasetype=C&rpttype=A&txtcrossingnum=765891H",
        "TTSTNNAM": "",
        "XPURPOSE": "1",
        "OPERATINGR": "UP",
        "OPERATIN_1": "Primary",
        "DAYTHRU": 1,
        "NGHTTHRU": 1,
        "MAINTRK": 1,
        "SIDINGTRK": 0,
        "YARDTRK": 0,
        "TRANSITTRK": 0,
        "INDUSTRYTR": 0,
        "OTHRTRK": 0,
        "WDCODE": "All other Gates",
        "REVISIONDA": "1975/01/01 00:00:00",
        "LASTUPDATE": "8/28/2025",
        "AADT": "138",
        "AADTYEAR": "2019",
        "STATENAME": "TEXAS",
        "STATEAB": "TX",
        "COUNTYNAME": "ELLIS",
        "CITYNAME": "FERRIS",
        "LATDD": 32.5147012,
        "LONGDD": -96.6643165,
        "gridlyProductionCertified": true,
        "gridlyClassification": "PUBLIC_ROADWAY",
        "gridlyDisplayName": "CR 4450",
        "gridlyId": "FRA-765891H"
      }
    },
    {
      "type": "Feature",
      "id": 210245,
      "geometry": {
        "type": "Point",
        "coordinates": [
          -96.6651316002086,
          32.5320816998461
        ]
      },
      "properties": {
        "OBJECTID": 210245,
        "CROSSING": "765894D",
        "EFFDATE": 1756339200000,
        "REASON": "14",
        "StateCode": "48",
        "CountyCode": "48139",
        "STCYFIPS": "48139",
        "CITYCD": "481392360",
        "RAILROAD": "UP",
        "RRDIV": "TEXOMA",
        "RRSUBDIV": "ENNIS SUB",
        "HIGHWAY": "ST 0000",
        "STREET": "8TH STREET",
        "TTSTN": "667512",
        "MILEPOST": "0245.740",
        "TYPEXING": "Public",
        "POSXING": "At Grade",
        "PRVCAT": "14",
        "INIT": "1",
        "LATITUDE": 32.5320817,
        "LONGITUD": -96.6651316,
        "LLSOURCE": "1",
        "WHISTBAN": "0",
        "RRCONT": "4025443721",
        "POLCONT": "8008488715",
        "INV_LINK": "https://safetydata.fra.dot.gov/OfficeofSafety/PublicSite/Crossing/Crossing.aspx?phasetype=C&rpttype=I&txtcrossingnum=765894D",
        "ACC_LINK": "https://safetydata.fra.dot.gov/OfficeofSafety/PublicSite/Crossing/Crossing.aspx?phasetype=C&rpttype=A&txtcrossingnum=765894D",
        "TTSTNNAM": "",
        "XPURPOSE": "1",
        "OPERATINGR": "UP",
        "OPERATIN_1": "Primary",
        "DAYTHRU": 1,
        "NGHTTHRU": 1,
        "MAINTRK": 1,
        "SIDINGTRK": 0,
        "YARDTRK": 1,
        "TRANSITTRK": 0,
        "INDUSTRYTR": 0,
        "OTHRTRK": 1,
        "WDCODE": "All other Gates",
        "REVISIONDA": "1975/01/01 00:00:00",
        "LASTUPDATE": "8/28/2025",
        "AADT": "1114",
        "AADTYEAR": "2019",
        "STATENAME": "TEXAS",
        "STATEAB": "TX",
        "COUNTYNAME": "ELLIS",
        "CITYNAME": "FERRIS",
        "LATDD": 32.5320817,
        "LONGDD": -96.6651316,
        "gridlyProductionCertified": true,
        "gridlyClassification": "PUBLIC_ROADWAY",
        "gridlyDisplayName": "8TH STREET",
        "gridlyId": "FRA-765894D"
      }
    },
    {
      "type": "Feature",
      "id": 210260,
      "geometry": {
        "type": "Point",
        "coordinates": [
          -96.6547748999418,
          32.3657263002532
        ]
      },
      "properties": {
        "OBJECTID": 210260,
        "CROSSING": "765545T",
        "EFFDATE": 1756339200000,
        "REASON": "14",
        "StateCode": "48",
        "CountyCode": "48139",
        "STCYFIPS": "48139",
        "CITYCD": "481392598",
        "RAILROAD": "UP",
        "RRDIV": "TEXOMA",
        "RRSUBDIV": "ENNIS SUB",
        "HIGHWAY": "FM 0879",
        "STREET": "FM 879",
        "TTSTN": "667543",
        "MILEPOST": "0233.950",
        "TYPEXING": "Public",
        "POSXING": "At Grade",
        "PRVCAT": "14",
        "INIT": "1",
        "LATITUDE": 32.3657263,
        "LONGITUD": -96.6547749,
        "LLSOURCE": "1",
        "WHISTBAN": "0",
        "RRCONT": "4025443721",
        "POLCONT": "8008488715",
        "INV_LINK": "https://safetydata.fra.dot.gov/OfficeofSafety/PublicSite/Crossing/Crossing.aspx?phasetype=C&rpttype=I&txtcrossingnum=765545T",
        "ACC_LINK": "https://safetydata.fra.dot.gov/OfficeofSafety/PublicSite/Crossing/Crossing.aspx?phasetype=C&rpttype=A&txtcrossingnum=765545T",
        "TTSTNNAM": "",
        "XPURPOSE": "1",
        "OPERATINGR": "UP",
        "OPERATIN_1": "Primary",
        "DAYTHRU": 1,
        "NGHTTHRU": 1,
        "MAINTRK": 1,
        "SIDINGTRK": 0,
        "YARDTRK": 0,
        "TRANSITTRK": 0,
        "INDUSTRYTR": 0,
        "OTHRTRK": 0,
        "WDCODE": "All other Gates",
        "REVISIONDA": "1975/01/01 00:00:00",
        "LASTUPDATE": "8/28/2025",
        "AADT": "2645",
        "AADTYEAR": "2019",
        "STATENAME": "TEXAS",
        "STATEAB": "TX",
        "COUNTYNAME": "ELLIS",
        "CITYNAME": "GARRETT",
        "LATDD": 32.3657263,
        "LONGDD": -96.6547749,
        "gridlyProductionCertified": true,
        "gridlyClassification": "PUBLIC_ROADWAY",
        "gridlyDisplayName": "FM 879",
        "gridlyId": "FRA-765545T"
      }
    },
    {
      "type": "Feature",
      "id": 210261,
      "geometry": {
        "type": "Point",
        "coordinates": [
          -96.6640111001137,
          32.4057461003162
        ]
      },
      "properties": {
        "OBJECTID": 210261,
        "CROSSING": "765549V",
        "EFFDATE": 1756339200000,
        "REASON": "14",
        "StateCode": "48",
        "CountyCode": "48139",
        "STCYFIPS": "48139",
        "CITYCD": "481392598",
        "RAILROAD": "UP",
        "RRDIV": "TEXOMA",
        "RRSUBDIV": "ENNIS SUB",
        "HIGHWAY": "CO 0343",
        "STREET": "Wilson Road",
        "TTSTN": "667543",
        "MILEPOST": "0236.820",
        "TYPEXING": "Public",
        "POSXING": "At Grade",
        "PRVCAT": "14",
        "INIT": "1",
        "LATITUDE": 32.4057461,
        "LONGITUD": -96.6640111,
        "LLSOURCE": "1",
        "WHISTBAN": "0",
        "RRCONT": "4025443721",
        "POLCONT": "8008488715",
        "INV_LINK": "https://safetydata.fra.dot.gov/OfficeofSafety/PublicSite/Crossing/Crossing.aspx?phasetype=C&rpttype=I&txtcrossingnum=765549V",
        "ACC_LINK": "https://safetydata.fra.dot.gov/OfficeofSafety/PublicSite/Crossing/Crossing.aspx?phasetype=C&rpttype=A&txtcrossingnum=765549V",
        "TTSTNNAM": "",
        "XPURPOSE": "1",
        "OPERATINGR": "UP",
        "OPERATIN_1": "Primary",
        "DAYTHRU": 1,
        "NGHTTHRU": 1,
        "MAINTRK": 1,
        "SIDINGTRK": 0,
        "YARDTRK": 0,
        "TRANSITTRK": 0,
        "INDUSTRYTR": 0,
        "OTHRTRK": 0,
        "WDCODE": "Crossbucks",
        "REVISIONDA": "1975/01/01 00:00:00",
        "LASTUPDATE": "8/28/2025",
        "AADT": "9",
        "AADTYEAR": "2019",
        "STATENAME": "TEXAS",
        "STATEAB": "TX",
        "COUNTYNAME": "ELLIS",
        "CITYNAME": "GARRETT",
        "LATDD": 32.4057461,
        "LONGDD": -96.6640111,
        "gridlyProductionCertified": true,
        "gridlyClassification": "PUBLIC_ROADWAY",
        "gridlyDisplayName": "Wilson Road",
        "gridlyId": "FRA-765549V"
      }
    },
    {
      "type": "Feature",
      "id": 210262,
      "geometry": {
        "type": "Point",
        "coordinates": [
          -96.6634762000744,
          32.39660370036
        ]
      },
      "properties": {
        "OBJECTID": 210262,
        "CROSSING": "920011C",
        "EFFDATE": 1756339200000,
        "REASON": "14",
        "StateCode": "48",
        "CountyCode": "48139",
        "STCYFIPS": "48139",
        "CITYCD": "481392598",
        "RAILROAD": "UP",
        "RRDIV": "TEXOMA",
        "RRSUBDIV": "ENNIS SUB",
        "HIGHWAY": "NA",
        "STREET": "PRIVATE",
        "TTSTN": "667543",
        "MILEPOST": "0236.190",
        "TYPEXING": "Private",
        "POSXING": "At Grade",
        "PRVCAT": "14",
        "INIT": "1",
        "LATITUDE": 32.3966037,
        "LONGITUD": -96.6634762,
        "LLSOURCE": "1",
        "WHISTBAN": "0",
        "RRCONT": "4025443721",
        "POLCONT": "8008488715",
        "INV_LINK": "https://safetydata.fra.dot.gov/OfficeofSafety/PublicSite/Crossing/Crossing.aspx?phasetype=C&rpttype=I&txtcrossingnum=920011C",
        "ACC_LINK": "https://safetydata.fra.dot.gov/OfficeofSafety/PublicSite/Crossing/Crossing.aspx?phasetype=C&rpttype=A&txtcrossingnum=920011C",
        "TTSTNNAM": "",
        "XPURPOSE": "1",
        "OPERATINGR": "UP",
        "OPERATIN_1": "Primary",
        "DAYTHRU": 1,
        "NGHTTHRU": 1,
        "MAINTRK": 1,
        "SIDINGTRK": 0,
        "YARDTRK": 0,
        "TRANSITTRK": 0,
        "INDUSTRYTR": 0,
        "OTHRTRK": 0,
        "WDCODE": "",
        "REVISIONDA": "1975/01/01 00:00:00",
        "LASTUPDATE": "8/28/2025",
        "AADT": "",
        "AADTYEAR": "",
        "STATENAME": "TEXAS",
        "STATEAB": "TX",
        "COUNTYNAME": "ELLIS",
        "CITYNAME": "GARRETT",
        "LATDD": 32.3966037,
        "LONGDD": -96.6634762,
        "gridlyProductionCertified": true,
        "gridlyClassification": "PUBLIC_ROADWAY",
        "gridlyDisplayName": "PRIVATE",
        "gridlyId": "FRA-920011C"
      }
    },
    {
      "type": "Feature",
      "id": 210263,
      "geometry": {
        "type": "Point",
        "coordinates": [
          -96.6651733997171,
          32.5329761001662
        ]
      },
      "properties": {
        "OBJECTID": 210263,
        "CROSSING": "765895K",
        "EFFDATE": 1756339200000,
        "REASON": "14",
        "StateCode": "48",
        "CountyCode": "48139",
        "STCYFIPS": "48139",
        "CITYCD": "481392360",
        "RAILROAD": "UP",
        "RRDIV": "TEXOMA",
        "RRSUBDIV": "ENNIS SUB",
        "HIGHWAY": "ST 0000",
        "STREET": "7TH STREET",
        "TTSTN": "667512",
        "MILEPOST": "0245.800",
        "TYPEXING": "Public",
        "POSXING": "At Grade",
        "PRVCAT": "14",
        "INIT": "1",
        "LATITUDE": 32.5329761,
        "LONGITUD": -96.6651734,
        "LLSOURCE": "1",
        "WHISTBAN": "0",
        "RRCONT": "4025443721",
        "POLCONT": "8008488715",
        "INV_LINK": "https://safetydata.fra.dot.gov/OfficeofSafety/PublicSite/Crossing/Crossing.aspx?phasetype=C&rpttype=I&txtcrossingnum=765895K",
        "ACC_LINK": "https://safetydata.fra.dot.gov/OfficeofSafety/PublicSite/Crossing/Crossing.aspx?phasetype=C&rpttype=A&txtcrossingnum=765895K",
        "TTSTNNAM": "",
        "XPURPOSE": "1",
        "OPERATINGR": "UP",
        "OPERATIN_1": "Primary",
        "DAYTHRU": 1,
        "NGHTTHRU": 1,
        "MAINTRK": 1,
        "SIDINGTRK": 0,
        "YARDTRK": 0,
        "TRANSITTRK": 0,
        "INDUSTRYTR": 0,
        "OTHRTRK": 1,
        "WDCODE": "Stop signs",
        "REVISIONDA": "1975/01/01 00:00:00",
        "LASTUPDATE": "8/28/2025",
        "AADT": "144",
        "AADTYEAR": "2019",
        "STATENAME": "TEXAS",
        "STATEAB": "TX",
        "COUNTYNAME": "ELLIS",
        "CITYNAME": "FERRIS",
        "LATDD": 32.5329761,
        "LONGDD": -96.6651734,
        "gridlyProductionCertified": true,
        "gridlyClassification": "PUBLIC_ROADWAY",
        "gridlyDisplayName": "7TH STREET",
        "gridlyId": "FRA-765895K"
      }
    },
    {
      "type": "Feature",
      "id": 210264,
      "geometry": {
        "type": "Point",
        "coordinates": [
          -96.6653902000261,
          32.5366838999278
        ]
      },
      "properties": {
        "OBJECTID": 210264,
        "CROSSING": "765898F",
        "EFFDATE": 1756339200000,
        "REASON": "14",
        "StateCode": "48",
        "CountyCode": "48139",
        "STCYFIPS": "48139",
        "CITYCD": "481392360",
        "RAILROAD": "UP",
        "RRDIV": "TEXOMA",
        "RRSUBDIV": "ENNIS SUB",
        "HIGHWAY": "ST 0000",
        "STREET": "THIRD STREET",
        "TTSTN": "667512",
        "MILEPOST": "0246.050",
        "TYPEXING": "Public",
        "POSXING": "At Grade",
        "PRVCAT": "14",
        "INIT": "1",
        "LATITUDE": 32.5366839,
        "LONGITUD": -96.6653902,
        "LLSOURCE": "1",
        "WHISTBAN": "0",
        "RRCONT": "4025443721",
        "POLCONT": "8008488715",
        "INV_LINK": "https://safetydata.fra.dot.gov/OfficeofSafety/PublicSite/Crossing/Crossing.aspx?phasetype=C&rpttype=I&txtcrossingnum=765898F",
        "ACC_LINK": "https://safetydata.fra.dot.gov/OfficeofSafety/PublicSite/Crossing/Crossing.aspx?phasetype=C&rpttype=A&txtcrossingnum=765898F",
        "TTSTNNAM": "",
        "XPURPOSE": "1",
        "OPERATINGR": "UP",
        "OPERATIN_1": "Primary",
        "DAYTHRU": 1,
        "NGHTTHRU": 1,
        "MAINTRK": 1,
        "SIDINGTRK": 1,
        "YARDTRK": 0,
        "TRANSITTRK": 0,
        "INDUSTRYTR": 0,
        "OTHRTRK": 1,
        "WDCODE": "Stop signs",
        "REVISIONDA": "1975/01/01 00:00:00",
        "LASTUPDATE": "8/28/2025",
        "AADT": "183",
        "AADTYEAR": "2019",
        "STATENAME": "TEXAS",
        "STATEAB": "TX",
        "COUNTYNAME": "ELLIS",
        "CITYNAME": "FERRIS",
        "LATDD": 32.5366839,
        "LONGDD": -96.6653902,
        "gridlyProductionCertified": true,
        "gridlyClassification": "PUBLIC_ROADWAY",
        "gridlyDisplayName": "THIRD STREET",
        "gridlyId": "FRA-765898F"
      }
    },
    {
      "type": "Feature",
      "id": 210266,
      "geometry": {
        "type": "Point",
        "coordinates": [
          -96.6675301002206,
          32.4304881000513
        ]
      },
      "properties": {
        "OBJECTID": 210266,
        "CROSSING": "765562J",
        "EFFDATE": 1756339200000,
        "REASON": "14",
        "StateCode": "48",
        "CountyCode": "48139",
        "STCYFIPS": "48139",
        "CITYCD": "481395180",
        "RAILROAD": "UP",
        "RRDIV": "TEXOMA",
        "RRSUBDIV": "ENNIS SUB",
        "HIGHWAY": "ST 0000",
        "STREET": "MARSHALL STREET",
        "TTSTN": "668141",
        "MILEPOST": "0238.550",
        "TYPEXING": "Public",
        "POSXING": "At Grade",
        "PRVCAT": "14",
        "INIT": "1",
        "LATITUDE": 32.4304881,
        "LONGITUD": -96.6675301,
        "LLSOURCE": "1",
        "WHISTBAN": "0",
        "RRCONT": "4025443721",
        "POLCONT": "8008488715",
        "INV_LINK": "https://safetydata.fra.dot.gov/OfficeofSafety/PublicSite/Crossing/Crossing.aspx?phasetype=C&rpttype=I&txtcrossingnum=765562J",
        "ACC_LINK": "https://safetydata.fra.dot.gov/OfficeofSafety/PublicSite/Crossing/Crossing.aspx?phasetype=C&rpttype=A&txtcrossingnum=765562J",
        "TTSTNNAM": "",
        "XPURPOSE": "1",
        "OPERATINGR": "UP",
        "OPERATIN_1": "Primary",
        "DAYTHRU": 1,
        "NGHTTHRU": 1,
        "MAINTRK": 1,
        "SIDINGTRK": 0,
        "YARDTRK": 0,
        "TRANSITTRK": 0,
        "INDUSTRYTR": 0,
        "OTHRTRK": 0,
        "WDCODE": "All other Gates",
        "REVISIONDA": "1975/01/01 00:00:00",
        "LASTUPDATE": "8/28/2025",
        "AADT": "393",
        "AADTYEAR": "2019",
        "STATENAME": "TEXAS",
        "STATEAB": "TX",
        "COUNTYNAME": "ELLIS",
        "CITYNAME": "PALMER",
        "LATDD": 32.4304881,
        "LONGDD": -96.6675301,
        "gridlyProductionCertified": true,
        "gridlyClassification": "PUBLIC_ROADWAY",
        "gridlyDisplayName": "MARSHALL STREET",
        "gridlyId": "FRA-765562J"
      }
    },
    {
      "type": "Feature",
      "id": 210300,
      "geometry": {
        "type": "Point",
        "coordinates": [
          -96.665217499811,
          32.5339200000299
        ]
      },
      "properties": {
        "OBJECTID": 210300,
        "CROSSING": "765896S",
        "EFFDATE": 1756339200000,
        "REASON": "14",
        "StateCode": "48",
        "CountyCode": "48139",
        "STCYFIPS": "48139",
        "CITYCD": "481392360",
        "RAILROAD": "UP",
        "RRDIV": "TEXOMA",
        "RRSUBDIV": "ENNIS SUB",
        "HIGHWAY": "FM 0983",
        "STREET": "FM 983",
        "TTSTN": "667512",
        "MILEPOST": "0245.860",
        "TYPEXING": "Public",
        "POSXING": "At Grade",
        "PRVCAT": "14",
        "INIT": "1",
        "LATITUDE": 32.53392,
        "LONGITUD": -96.6652175,
        "LLSOURCE": "1",
        "WHISTBAN": "0",
        "RRCONT": "4025443721",
        "POLCONT": "8008488715",
        "INV_LINK": "https://safetydata.fra.dot.gov/OfficeofSafety/PublicSite/Crossing/Crossing.aspx?phasetype=C&rpttype=I&txtcrossingnum=765896S",
        "ACC_LINK": "https://safetydata.fra.dot.gov/OfficeofSafety/PublicSite/Crossing/Crossing.aspx?phasetype=C&rpttype=A&txtcrossingnum=765896S",
        "TTSTNNAM": "",
        "XPURPOSE": "1",
        "OPERATINGR": "UP",
        "OPERATIN_1": "Primary",
        "DAYTHRU": 1,
        "NGHTTHRU": 1,
        "MAINTRK": 1,
        "SIDINGTRK": 0,
        "YARDTRK": 0,
        "TRANSITTRK": 0,
        "INDUSTRYTR": 0,
        "OTHRTRK": 1,
        "WDCODE": "All other Gates",
        "REVISIONDA": "1975/01/01 00:00:00",
        "LASTUPDATE": "8/28/2025",
        "AADT": "8296",
        "AADTYEAR": "2019",
        "STATENAME": "TEXAS",
        "STATEAB": "TX",
        "COUNTYNAME": "ELLIS",
        "CITYNAME": "FERRIS",
        "LATDD": 32.53392,
        "LONGDD": -96.6652175,
        "gridlyProductionCertified": true,
        "gridlyClassification": "PUBLIC_ROADWAY",
        "gridlyDisplayName": "FM 983",
        "gridlyId": "FRA-765896S"
      }
    },
    {
      "type": "Feature",
      "id": 210340,
      "geometry": {
        "type": "Point",
        "coordinates": [
          -96.6678352004304,
          32.4313551997884
        ]
      },
      "properties": {
        "OBJECTID": 210340,
        "CROSSING": "765563R",
        "EFFDATE": 1756339200000,
        "REASON": "14",
        "StateCode": "48",
        "CountyCode": "48139",
        "STCYFIPS": "48139",
        "CITYCD": "481395180",
        "RAILROAD": "UP",
        "RRDIV": "TEXOMA",
        "RRSUBDIV": "ENNIS SUB",
        "HIGHWAY": "FM 0813",
        "STREET": "Jefferson Street",
        "TTSTN": "667543",
        "MILEPOST": "0238.604",
        "TYPEXING": "Public",
        "POSXING": "At Grade",
        "PRVCAT": "14",
        "INIT": "1",
        "LATITUDE": 32.4313552,
        "LONGITUD": -96.6678352,
        "LLSOURCE": "1",
        "WHISTBAN": "0",
        "RRCONT": "4025443721",
        "POLCONT": "8008488715",
        "INV_LINK": "https://safetydata.fra.dot.gov/OfficeofSafety/PublicSite/Crossing/Crossing.aspx?phasetype=C&rpttype=I&txtcrossingnum=765563R",
        "ACC_LINK": "https://safetydata.fra.dot.gov/OfficeofSafety/PublicSite/Crossing/Crossing.aspx?phasetype=C&rpttype=A&txtcrossingnum=765563R",
        "TTSTNNAM": "",
        "XPURPOSE": "1",
        "OPERATINGR": "UP",
        "OPERATIN_1": "Primary",
        "DAYTHRU": 1,
        "NGHTTHRU": 1,
        "MAINTRK": 1,
        "SIDINGTRK": 0,
        "YARDTRK": 0,
        "TRANSITTRK": 0,
        "INDUSTRYTR": 0,
        "OTHRTRK": 0,
        "WDCODE": "All other Gates",
        "REVISIONDA": "1975/01/01 00:00:00",
        "LASTUPDATE": "8/28/2025",
        "AADT": "3973",
        "AADTYEAR": "2019",
        "STATENAME": "TEXAS",
        "STATEAB": "TX",
        "COUNTYNAME": "ELLIS",
        "CITYNAME": "PALMER",
        "LATDD": 32.4313552,
        "LONGDD": -96.6678352,
        "gridlyProductionCertified": true,
        "gridlyClassification": "PUBLIC_ROADWAY",
        "gridlyDisplayName": "Jefferson Street",
        "gridlyId": "FRA-765563R"
      }
    },
    {
      "type": "Feature",
      "id": 210341,
      "geometry": {
        "type": "Point",
        "coordinates": [
          -96.6681429003647,
          32.4322286001852
        ]
      },
      "properties": {
        "OBJECTID": 210341,
        "CROSSING": "765564X",
        "EFFDATE": 1756339200000,
        "REASON": "14",
        "StateCode": "48",
        "CountyCode": "48139",
        "STCYFIPS": "48139",
        "CITYCD": "481395180",
        "RAILROAD": "UP",
        "RRDIV": "TEXOMA",
        "RRSUBDIV": "ENNIS SUB",
        "HIGHWAY": "ST 0000",
        "STREET": "DENTON STREET",
        "TTSTN": "667543",
        "MILEPOST": "0238.670",
        "TYPEXING": "Public",
        "POSXING": "At Grade",
        "PRVCAT": "14",
        "INIT": "1",
        "LATITUDE": 32.4322286,
        "LONGITUD": -96.6681429,
        "LLSOURCE": "1",
        "WHISTBAN": "0",
        "RRCONT": "4025443721",
        "POLCONT": "8008488715",
        "INV_LINK": "https://safetydata.fra.dot.gov/OfficeofSafety/PublicSite/Crossing/Crossing.aspx?phasetype=C&rpttype=I&txtcrossingnum=765564X",
        "ACC_LINK": "https://safetydata.fra.dot.gov/OfficeofSafety/PublicSite/Crossing/Crossing.aspx?phasetype=C&rpttype=A&txtcrossingnum=765564X",
        "TTSTNNAM": "",
        "XPURPOSE": "1",
        "OPERATINGR": "UP",
        "OPERATIN_1": "Primary",
        "DAYTHRU": 1,
        "NGHTTHRU": 1,
        "MAINTRK": 1,
        "SIDINGTRK": 0,
        "YARDTRK": 0,
        "TRANSITTRK": 0,
        "INDUSTRYTR": 0,
        "OTHRTRK": 0,
        "WDCODE": "All other Gates",
        "REVISIONDA": "1975/01/01 00:00:00",
        "LASTUPDATE": "8/28/2025",
        "AADT": "247",
        "AADTYEAR": "2019",
        "STATENAME": "TEXAS",
        "STATEAB": "TX",
        "COUNTYNAME": "ELLIS",
        "CITYNAME": "PALMER",
        "LATDD": 32.4322286,
        "LONGDD": -96.6681429,
        "gridlyProductionCertified": true,
        "gridlyClassification": "PUBLIC_ROADWAY",
        "gridlyDisplayName": "DENTON STREET",
        "gridlyId": "FRA-765564X"
      }
    },
    {
      "type": "Feature",
      "id": 210424,
      "geometry": {
        "type": "Point",
        "coordinates": [
          -96.6652600000054,
          32.5348327997463
        ]
      },
      "properties": {
        "OBJECTID": 210424,
        "CROSSING": "765897Y",
        "EFFDATE": 1756339200000,
        "REASON": "14",
        "StateCode": "48",
        "CountyCode": "48139",
        "STCYFIPS": "48139",
        "CITYCD": "481392360",
        "RAILROAD": "UP",
        "RRDIV": "TEXOMA",
        "RRSUBDIV": "ENNIS SUB",
        "HIGHWAY": "ST 0000",
        "STREET": "5TH STREET",
        "TTSTN": "667512",
        "MILEPOST": "0245.920",
        "TYPEXING": "Public",
        "POSXING": "At Grade",
        "PRVCAT": "14",
        "INIT": "1",
        "LATITUDE": 32.5348328,
        "LONGITUD": -96.66526,
        "LLSOURCE": "1",
        "WHISTBAN": "0",
        "RRCONT": "4025443721",
        "POLCONT": "8008488715",
        "INV_LINK": "https://safetydata.fra.dot.gov/OfficeofSafety/PublicSite/Crossing/Crossing.aspx?phasetype=C&rpttype=I&txtcrossingnum=765897Y",
        "ACC_LINK": "https://safetydata.fra.dot.gov/OfficeofSafety/PublicSite/Crossing/Crossing.aspx?phasetype=C&rpttype=A&txtcrossingnum=765897Y",
        "TTSTNNAM": "",
        "XPURPOSE": "1",
        "OPERATINGR": "UP",
        "OPERATIN_1": "Primary",
        "DAYTHRU": 1,
        "NGHTTHRU": 1,
        "MAINTRK": 1,
        "SIDINGTRK": 0,
        "YARDTRK": 0,
        "TRANSITTRK": 0,
        "INDUSTRYTR": 0,
        "OTHRTRK": 1,
        "WDCODE": "All other Gates",
        "REVISIONDA": "1975/01/01 00:00:00",
        "LASTUPDATE": "8/28/2025",
        "AADT": "1704",
        "AADTYEAR": "2019",
        "STATENAME": "TEXAS",
        "STATEAB": "TX",
        "COUNTYNAME": "ELLIS",
        "CITYNAME": "FERRIS",
        "LATDD": 32.5348328,
        "LONGDD": -96.66526,
        "gridlyProductionCertified": true,
        "gridlyClassification": "PUBLIC_ROADWAY",
        "gridlyDisplayName": "5TH STREET",
        "gridlyId": "FRA-765897Y"
      }
    },
    {
      "type": "Feature",
      "id": 210972,
      "geometry": {
        "type": "Point",
        "coordinates": [
          -96.6648468998406,
          32.4199705000683
        ]
      },
      "properties": {
        "OBJECTID": 210972,
        "CROSSING": "920012J",
        "EFFDATE": 1756339200000,
        "REASON": "14",
        "StateCode": "48",
        "CountyCode": "48139",
        "STCYFIPS": "48139",
        "CITYCD": "481392598",
        "RAILROAD": "UP",
        "RRDIV": "TEXOMA",
        "RRSUBDIV": "ENNIS SUB",
        "HIGHWAY": "CO 3779",
        "STREET": "CR 3779",
        "TTSTN": "667543",
        "MILEPOST": "0237.800",
        "TYPEXING": "Public",
        "POSXING": "At Grade",
        "PRVCAT": "14",
        "INIT": "1",
        "LATITUDE": 32.4199705,
        "LONGITUD": -96.6648469,
        "LLSOURCE": "1",
        "WHISTBAN": "0",
        "RRCONT": "4025443721",
        "POLCONT": "8008488715",
        "INV_LINK": "https://safetydata.fra.dot.gov/OfficeofSafety/PublicSite/Crossing/Crossing.aspx?phasetype=C&rpttype=I&txtcrossingnum=920012J",
        "ACC_LINK": "https://safetydata.fra.dot.gov/OfficeofSafety/PublicSite/Crossing/Crossing.aspx?phasetype=C&rpttype=A&txtcrossingnum=920012J",
        "TTSTNNAM": "",
        "XPURPOSE": "1",
        "OPERATINGR": "UP",
        "OPERATIN_1": "Primary",
        "DAYTHRU": 1,
        "NGHTTHRU": 1,
        "MAINTRK": 1,
        "SIDINGTRK": 0,
        "YARDTRK": 0,
        "TRANSITTRK": 0,
        "INDUSTRYTR": 0,
        "OTHRTRK": 0,
        "WDCODE": "Crossbucks",
        "REVISIONDA": "1975/01/01 00:00:00",
        "LASTUPDATE": "8/28/2025",
        "AADT": "85",
        "AADTYEAR": "1978",
        "STATENAME": "TEXAS",
        "STATEAB": "TX",
        "COUNTYNAME": "ELLIS",
        "CITYNAME": "GARRETT",
        "LATDD": 32.4199705,
        "LONGDD": -96.6648469,
        "gridlyProductionCertified": true,
        "gridlyClassification": "PUBLIC_ROADWAY",
        "gridlyDisplayName": "CR 3779",
        "gridlyId": "FRA-920012J"
      }
    },
    {
      "type": "Feature",
      "id": 211160,
      "geometry": {
        "type": "Point",
        "coordinates": [
          -97.0836029996737,
          32.442104000301
        ]
      },
      "properties": {
        "OBJECTID": 211160,
        "CROSSING": "020874H",
        "EFFDATE": 1761609600000,
        "REASON": "20",
        "StateCode": "48",
        "CountyCode": "48221",
        "STCYFIPS": "48221",
        "CITYCD": "482212780",
        "RAILROAD": "FWWR",
        "RRDIV": "SOUTHERN",
        "RRSUBDIV": "DUBLIN",
        "HIGHWAY": "private",
        "STREET": "PRIVATE ROAD",
        "TTSTN": "668610",
        "MILEPOST": "0023.77",
        "TYPEXING": "Private",
        "POSXING": "At Grade",
        "PRVCAT": "20",
        "INIT": "1",
        "LATITUDE": 32.442104,
        "LONGITUD": -97.083603,
        "LLSOURCE": "2",
        "WHISTBAN": "0",
        "RRCONT": "8008613657",
        "POLCONT": "8008613657",
        "INV_LINK": "https://safetydata.fra.dot.gov/OfficeofSafety/PublicSite/Crossing/Crossing.aspx?phasetype=C&rpttype=I&txtcrossingnum=020874H",
        "ACC_LINK": "https://safetydata.fra.dot.gov/OfficeofSafety/PublicSite/Crossing/Crossing.aspx?phasetype=C&rpttype=A&txtcrossingnum=020874H",
        "TTSTNNAM": "CRESSON",
        "XPURPOSE": "1",
        "OPERATINGR": "FWWR",
        "OPERATIN_1": "Primary",
        "DAYTHRU": 4,
        "NGHTTHRU": 4,
        "MAINTRK": 1,
        "SIDINGTRK": 0,
        "YARDTRK": 0,
        "TRANSITTRK": 0,
        "INDUSTRYTR": 0,
        "OTHRTRK": 0,
        "WDCODE": "",
        "REVISIONDA": "1989/01/01 00:00:00",
        "LASTUPDATE": "10/28/2025",
        "AADT": "",
        "AADTYEAR": "1970",
        "STATENAME": "TEXAS",
        "STATEAB": "TX",
        "COUNTYNAME": "HOOD",
        "CITYNAME": "GRANBURY",
        "LATDD": 32.442104,
        "LONGDD": -97.083603,
        "gridlyProductionCertified": true,
        "gridlyClassification": "PUBLIC_ROADWAY",
        "gridlyDisplayName": "PRIVATE ROAD",
        "gridlyId": "FRA-020874H"
      }
    },
    {
      "type": "Feature",
      "id": 211314,
      "geometry": {
        "type": "Point",
        "coordinates": [
          -97.0106242998781,
          32.4734373001223
        ]
      },
      "properties": {
        "OBJECTID": 211314,
        "CROSSING": "022581L",
        "EFFDATE": 1758672000000,
        "REASON": "15",
        "StateCode": "48",
        "CountyCode": "48139",
        "STCYFIPS": "48139",
        "CITYCD": "481394570",
        "RAILROAD": "BNSF",
        "RRDIV": "RED RIVER",
        "RRSUBDIV": "VENUS",
        "HIGHWAY": "US HWY 287",
        "STREET": "US HWY 287",
        "TTSTN": "",
        "MILEPOST": "0025.811",
        "TYPEXING": "Public",
        "POSXING": "RR Under",
        "PRVCAT": "15",
        "INIT": "1",
        "LATITUDE": 32.4734373,
        "LONGITUD": -97.0106243,
        "LLSOURCE": "1",
        "WHISTBAN": "",
        "RRCONT": "8173521549",
        "POLCONT": "8008325452",
        "INV_LINK": "https://safetydata.fra.dot.gov/OfficeofSafety/PublicSite/Crossing/Crossing.aspx?phasetype=C&rpttype=I&txtcrossingnum=022581L",
        "ACC_LINK": "https://safetydata.fra.dot.gov/OfficeofSafety/PublicSite/Crossing/Crossing.aspx?phasetype=C&rpttype=A&txtcrossingnum=022581L",
        "TTSTNNAM": "",
        "XPURPOSE": "1",
        "OPERATINGR": "BNSF",
        "OPERATIN_1": "Primary",
        "DAYTHRU": 1,
        "NGHTTHRU": 0,
        "MAINTRK": 1,
        "SIDINGTRK": 0,
        "YARDTRK": 0,
        "TRANSITTRK": 0,
        "INDUSTRYTR": 0,
        "OTHRTRK": 0,
        "WDCODE": "",
        "REVISIONDA": "1996/01/01 00:00:00",
        "LASTUPDATE": "9/24/2025",
        "AADT": "",
        "AADTYEAR": "",
        "STATENAME": "TEXAS",
        "STATEAB": "TX",
        "COUNTYNAME": "ELLIS",
        "CITYNAME": "MIDLOTHIAN",
        "LATDD": 32.4734373,
        "LONGDD": -97.0106243,
        "gridlyProductionCertified": true,
        "gridlyClassification": "PUBLIC_ROADWAY",
        "gridlyDisplayName": "US HWY 287",
        "gridlyId": "FRA-022581L"
      }
    },
    {
      "type": "Feature",
      "id": 211372,
      "geometry": {
        "type": "Point",
        "coordinates": [
          -97.0109323995627,
          32.4733120000603
        ]
      },
      "properties": {
        "OBJECTID": 211372,
        "CROSSING": "022582T",
        "EFFDATE": 1758672000000,
        "REASON": "15",
        "StateCode": "48",
        "CountyCode": "48139",
        "STCYFIPS": "48139",
        "CITYCD": "481394570",
        "RAILROAD": "BNSF",
        "RRDIV": "RED RIVER",
        "RRSUBDIV": "VENUS",
        "HIGHWAY": "US 287",
        "STREET": "US 287 RAMP D",
        "TTSTN": "",
        "MILEPOST": "0025.766",
        "TYPEXING": "Public",
        "POSXING": "RR Under",
        "PRVCAT": "15",
        "INIT": "1",
        "LATITUDE": 32.473312,
        "LONGITUD": -97.0109324,
        "LLSOURCE": "1",
        "WHISTBAN": "",
        "RRCONT": "8173521549",
        "POLCONT": "8008325452",
        "INV_LINK": "https://safetydata.fra.dot.gov/OfficeofSafety/PublicSite/Crossing/Crossing.aspx?phasetype=C&rpttype=I&txtcrossingnum=022582T",
        "ACC_LINK": "https://safetydata.fra.dot.gov/OfficeofSafety/PublicSite/Crossing/Crossing.aspx?phasetype=C&rpttype=A&txtcrossingnum=022582T",
        "TTSTNNAM": "",
        "XPURPOSE": "1",
        "OPERATINGR": "BNSF",
        "OPERATIN_1": "Primary",
        "DAYTHRU": 1,
        "NGHTTHRU": 0,
        "MAINTRK": 1,
        "SIDINGTRK": 0,
        "YARDTRK": 0,
        "TRANSITTRK": 0,
        "INDUSTRYTR": 0,
        "OTHRTRK": 0,
        "WDCODE": "",
        "REVISIONDA": "1996/01/01 00:00:00",
        "LASTUPDATE": "9/24/2025",
        "AADT": "",
        "AADTYEAR": "",
        "STATENAME": "TEXAS",
        "STATEAB": "TX",
        "COUNTYNAME": "ELLIS",
        "CITYNAME": "MIDLOTHIAN",
        "LATDD": 32.473312,
        "LONGDD": -97.0109324,
        "gridlyProductionCertified": true,
        "gridlyClassification": "PUBLIC_ROADWAY",
        "gridlyDisplayName": "US 287 RAMP D",
        "gridlyId": "FRA-022582T"
      }
    },
    {
      "type": "Feature",
      "id": 211375,
      "geometry": {
        "type": "Point",
        "coordinates": [
          -97.0093919002415,
          32.4739386001784
        ]
      },
      "properties": {
        "OBJECTID": 211375,
        "CROSSING": "022580E",
        "EFFDATE": 1758672000000,
        "REASON": "14",
        "StateCode": "48",
        "CountyCode": "48139",
        "STCYFIPS": "48139",
        "CITYCD": "481394570",
        "RAILROAD": "BNSF",
        "RRDIV": "RED RIVER",
        "RRSUBDIV": "VENUS",
        "HIGHWAY": "US HWY 287",
        "STREET": "US 287 RAMP B",
        "TTSTN": "",
        "MILEPOST": "0025.922",
        "TYPEXING": "Public",
        "POSXING": "RR Under",
        "PRVCAT": "14",
        "INIT": "2",
        "LATITUDE": 32.4739386,
        "LONGITUD": -97.0093919,
        "LLSOURCE": "1",
        "WHISTBAN": "",
        "RRCONT": "8173521549",
        "POLCONT": "8008325452",
        "INV_LINK": "https://safetydata.fra.dot.gov/OfficeofSafety/PublicSite/Crossing/Crossing.aspx?phasetype=C&rpttype=I&txtcrossingnum=022580E",
        "ACC_LINK": "https://safetydata.fra.dot.gov/OfficeofSafety/PublicSite/Crossing/Crossing.aspx?phasetype=C&rpttype=A&txtcrossingnum=022580E",
        "TTSTNNAM": "",
        "XPURPOSE": "1",
        "OPERATINGR": "BNSF",
        "OPERATIN_1": "Primary",
        "DAYTHRU": 0,
        "NGHTTHRU": 0,
        "MAINTRK": 0,
        "SIDINGTRK": 0,
        "YARDTRK": 1,
        "TRANSITTRK": 0,
        "INDUSTRYTR": 0,
        "OTHRTRK": 0,
        "WDCODE": "",
        "REVISIONDA": "1996/01/01 00:00:00",
        "LASTUPDATE": "9/24/2025",
        "AADT": "",
        "AADTYEAR": "",
        "STATENAME": "TEXAS",
        "STATEAB": "TX",
        "COUNTYNAME": "ELLIS",
        "CITYNAME": "MIDLOTHIAN",
        "LATDD": 32.4739386,
        "LONGDD": -97.0093919,
        "gridlyProductionCertified": true,
        "gridlyClassification": "PUBLIC_ROADWAY",
        "gridlyDisplayName": "US 287 RAMP B",
        "gridlyId": "FRA-022580E"
      }
    },
    {
      "type": "Feature",
      "id": 211405,
      "geometry": {
        "type": "Point",
        "coordinates": [
          -96.8553750000758,
          32.4167540001445
        ]
      },
      "properties": {
        "OBJECTID": 211405,
        "CROSSING": "415345U",
        "EFFDATE": 1763596800000,
        "REASON": "14",
        "StateCode": "48",
        "CountyCode": "48139",
        "STCYFIPS": "48139",
        "CITYCD": "481397270",
        "RAILROAD": "BNSF",
        "RRDIV": "RED RIVER",
        "RRSUBDIV": "DFW",
        "HIGHWAY": "ST 0000",
        "STREET": "JOHN ARDEN DR",
        "TTSTN": "667551",
        "MILEPOST": "0795.455",
        "TYPEXING": "Public",
        "POSXING": "At Grade",
        "PRVCAT": "14",
        "INIT": "1",
        "LATITUDE": 32.416754,
        "LONGITUD": -96.855375,
        "LLSOURCE": "1",
        "WHISTBAN": "0",
        "RRCONT": "8173521549",
        "POLCONT": "8008325452",
        "INV_LINK": "https://safetydata.fra.dot.gov/OfficeofSafety/PublicSite/Crossing/Crossing.aspx?phasetype=C&rpttype=I&txtcrossingnum=415345U",
        "ACC_LINK": "https://safetydata.fra.dot.gov/OfficeofSafety/PublicSite/Crossing/Crossing.aspx?phasetype=C&rpttype=A&txtcrossingnum=415345U",
        "TTSTNNAM": "ARMAGLASS",
        "XPURPOSE": "1",
        "OPERATINGR": "BNSF",
        "OPERATIN_1": "Primary",
        "DAYTHRU": 2,
        "NGHTTHRU": 2,
        "MAINTRK": 1,
        "SIDINGTRK": 0,
        "YARDTRK": 0,
        "TRANSITTRK": 0,
        "INDUSTRYTR": 0,
        "OTHRTRK": 0,
        "WDCODE": "All other Gates",
        "REVISIONDA": "1996/01/01 00:00:00",
        "LASTUPDATE": "11/20/2025",
        "AADT": "3551",
        "AADTYEAR": "2019",
        "STATENAME": "TEXAS",
        "STATEAB": "TX",
        "COUNTYNAME": "ELLIS",
        "CITYNAME": "WAXAHACHIE",
        "LATDD": 32.416754,
        "LONGDD": -96.855375,
        "gridlyProductionCertified": true,
        "gridlyClassification": "PUBLIC_ROADWAY",
        "gridlyDisplayName": "JOHN ARDEN DR",
        "gridlyId": "FRA-415345U"
      }
    },
    {
      "type": "Feature",
      "id": 211410,
      "geometry": {
        "type": "Point",
        "coordinates": [
          -96.8605200002543,
          32.3997097996551
        ]
      },
      "properties": {
        "OBJECTID": 211410,
        "CROSSING": "415348P",
        "EFFDATE": 1763596800000,
        "REASON": "14",
        "StateCode": "48",
        "CountyCode": "48139",
        "STCYFIPS": "48139",
        "CITYCD": "481397270",
        "RAILROAD": "BNSF",
        "RRDIV": "RED RIVER",
        "RRSUBDIV": "DFW",
        "HIGHWAY": "ST 0000",
        "STREET": "N GRAND",
        "TTSTN": "667550",
        "MILEPOST": "0796.675",
        "TYPEXING": "Public",
        "POSXING": "At Grade",
        "PRVCAT": "14",
        "INIT": "1",
        "LATITUDE": 32.3997098,
        "LONGITUD": -96.86052,
        "LLSOURCE": "1",
        "WHISTBAN": "0",
        "RRCONT": "8173521549",
        "POLCONT": "8008325452",
        "INV_LINK": "https://safetydata.fra.dot.gov/OfficeofSafety/PublicSite/Crossing/Crossing.aspx?phasetype=C&rpttype=I&txtcrossingnum=415348P",
        "ACC_LINK": "https://safetydata.fra.dot.gov/OfficeofSafety/PublicSite/Crossing/Crossing.aspx?phasetype=C&rpttype=A&txtcrossingnum=415348P",
        "TTSTNNAM": "WAXAHACHIE",
        "XPURPOSE": "1",
        "OPERATINGR": "BNSF",
        "OPERATIN_1": "Primary",
        "DAYTHRU": 2,
        "NGHTTHRU": 2,
        "MAINTRK": 1,
        "SIDINGTRK": 0,
        "YARDTRK": 1,
        "TRANSITTRK": 0,
        "INDUSTRYTR": 0,
        "OTHRTRK": 1,
        "WDCODE": "All other Gates",
        "REVISIONDA": "1996/01/01 00:00:00",
        "LASTUPDATE": "11/20/2025",
        "AADT": "5415",
        "AADTYEAR": "2019",
        "STATENAME": "TEXAS",
        "STATEAB": "TX",
        "COUNTYNAME": "ELLIS",
        "CITYNAME": "WAXAHACHIE",
        "LATDD": 32.3997098,
        "LONGDD": -96.86052,
        "gridlyProductionCertified": true,
        "gridlyClassification": "PUBLIC_ROADWAY",
        "gridlyDisplayName": "N GRAND",
        "gridlyId": "FRA-415348P"
      }
    },
    {
      "type": "Feature",
      "id": 211415,
      "geometry": {
        "type": "Point",
        "coordinates": [
          -97.0805659996156,
          32.4432330003666
        ]
      },
      "properties": {
        "OBJECTID": 211415,
        "CROSSING": "020876W",
        "EFFDATE": 1761609600000,
        "REASON": "20",
        "StateCode": "48",
        "CountyCode": "48221",
        "STCYFIPS": "48221",
        "CITYCD": "482212780",
        "RAILROAD": "FWWR",
        "RRDIV": "SOUTHERN",
        "RRSUBDIV": "DUBLIN",
        "HIGHWAY": "",
        "STREET": "PRIVATE ROAD",
        "TTSTN": "668610",
        "MILEPOST": "0024.18",
        "TYPEXING": "Private",
        "POSXING": "At Grade",
        "PRVCAT": "20",
        "INIT": "1",
        "LATITUDE": 32.443233,
        "LONGITUD": -97.080566,
        "LLSOURCE": "",
        "WHISTBAN": "0",
        "RRCONT": "",
        "POLCONT": "",
        "INV_LINK": "https://safetydata.fra.dot.gov/OfficeofSafety/PublicSite/Crossing/Crossing.aspx?phasetype=C&rpttype=I&txtcrossingnum=020876W",
        "ACC_LINK": "https://safetydata.fra.dot.gov/OfficeofSafety/PublicSite/Crossing/Crossing.aspx?phasetype=C&rpttype=A&txtcrossingnum=020876W",
        "TTSTNNAM": "CRESSON",
        "XPURPOSE": "1",
        "OPERATINGR": "FWWR",
        "OPERATIN_1": "Primary",
        "DAYTHRU": 0,
        "NGHTTHRU": 0,
        "MAINTRK": 0,
        "SIDINGTRK": 0,
        "YARDTRK": 0,
        "TRANSITTRK": 0,
        "INDUSTRYTR": 0,
        "OTHRTRK": 0,
        "WDCODE": "",
        "REVISIONDA": "1989/01/01 00:00:00",
        "LASTUPDATE": "10/28/2025",
        "AADT": "",
        "AADTYEAR": "1970",
        "STATENAME": "TEXAS",
        "STATEAB": "TX",
        "COUNTYNAME": "HOOD",
        "CITYNAME": "GRANBURY",
        "LATDD": 32.443233,
        "LONGDD": -97.080566,
        "gridlyProductionCertified": true,
        "gridlyClassification": "PUBLIC_ROADWAY",
        "gridlyDisplayName": "PRIVATE ROAD",
        "gridlyId": "FRA-020876W"
      }
    },
    {
      "type": "Feature",
      "id": 211417,
      "geometry": {
        "type": "Point",
        "coordinates": [
          -97.0787279998319,
          32.4439200001542
        ]
      },
      "properties": {
        "OBJECTID": 211417,
        "CROSSING": "020877D",
        "EFFDATE": 1761609600000,
        "REASON": "20",
        "StateCode": "48",
        "CountyCode": "48221",
        "STCYFIPS": "48221",
        "CITYCD": "482212780",
        "RAILROAD": "FWWR",
        "RRDIV": "SOUTHERN",
        "RRSUBDIV": "DUBLIN",
        "HIGHWAY": "",
        "STREET": "PRIVATE ROAD",
        "TTSTN": "668610",
        "MILEPOST": "0024.91",
        "TYPEXING": "Private",
        "POSXING": "At Grade",
        "PRVCAT": "20",
        "INIT": "1",
        "LATITUDE": 32.44392,
        "LONGITUD": -97.078728,
        "LLSOURCE": "",
        "WHISTBAN": "0",
        "RRCONT": "",
        "POLCONT": "",
        "INV_LINK": "https://safetydata.fra.dot.gov/OfficeofSafety/PublicSite/Crossing/Crossing.aspx?phasetype=C&rpttype=I&txtcrossingnum=020877D",
        "ACC_LINK": "https://safetydata.fra.dot.gov/OfficeofSafety/PublicSite/Crossing/Crossing.aspx?phasetype=C&rpttype=A&txtcrossingnum=020877D",
        "TTSTNNAM": "CRESSON",
        "XPURPOSE": "1",
        "OPERATINGR": "FWWR",
        "OPERATIN_1": "Primary",
        "DAYTHRU": 0,
        "NGHTTHRU": 0,
        "MAINTRK": 0,
        "SIDINGTRK": 0,
        "YARDTRK": 0,
        "TRANSITTRK": 0,
        "INDUSTRYTR": 0,
        "OTHRTRK": 0,
        "WDCODE": "",
        "REVISIONDA": "1989/01/01 00:00:00",
        "LASTUPDATE": "10/28/2025",
        "AADT": "",
        "AADTYEAR": "1970",
        "STATENAME": "TEXAS",
        "STATEAB": "TX",
        "COUNTYNAME": "HOOD",
        "CITYNAME": "GRANBURY",
        "LATDD": 32.44392,
        "LONGDD": -97.078728,
        "gridlyProductionCertified": true,
        "gridlyClassification": "PUBLIC_ROADWAY",
        "gridlyDisplayName": "PRIVATE ROAD",
        "gridlyId": "FRA-020877D"
      }
    },
    {
      "type": "Feature",
      "id": 212512,
      "geometry": {
        "type": "Point",
        "coordinates": [
          -96.5707220001906,
          32.2966150002951
        ]
      },
      "properties": {
        "OBJECTID": 212512,
        "CROSSING": "748814N",
        "EFFDATE": 1759104000000,
        "REASON": "14",
        "StateCode": "48",
        "CountyCode": "48139",
        "STCYFIPS": "48139",
        "CITYCD": "481392240",
        "RAILROAD": "UP",
        "RRDIV": "TEXOMA",
        "RRSUBDIV": "ENNIS SUB",
        "HIGHWAY": "US 0287",
        "STREET": "I 45 RAMP",
        "TTSTN": "667615",
        "MILEPOST": "0226.827",
        "TYPEXING": "Public",
        "POSXING": "RR Under",
        "PRVCAT": "14",
        "INIT": "1",
        "LATITUDE": 32.296615,
        "LONGITUD": -96.570722,
        "LLSOURCE": "1",
        "WHISTBAN": "0",
        "RRCONT": "4025443721",
        "POLCONT": "8008488715",
        "INV_LINK": "https://safetydata.fra.dot.gov/OfficeofSafety/PublicSite/Crossing/Crossing.aspx?phasetype=C&rpttype=I&txtcrossingnum=748814N",
        "ACC_LINK": "https://safetydata.fra.dot.gov/OfficeofSafety/PublicSite/Crossing/Crossing.aspx?phasetype=C&rpttype=A&txtcrossingnum=748814N",
        "TTSTNNAM": "",
        "XPURPOSE": "1",
        "OPERATINGR": "UP",
        "OPERATIN_1": "Primary",
        "DAYTHRU": 0,
        "NGHTTHRU": 0,
        "MAINTRK": 1,
        "SIDINGTRK": 0,
        "YARDTRK": 0,
        "TRANSITTRK": 0,
        "INDUSTRYTR": 0,
        "OTHRTRK": 0,
        "WDCODE": "",
        "REVISIONDA": "1975/01/01 00:00:00",
        "LASTUPDATE": "9/29/2025",
        "AADT": "1",
        "AADTYEAR": "",
        "STATENAME": "TEXAS",
        "STATEAB": "TX",
        "COUNTYNAME": "ELLIS",
        "CITYNAME": "ENNIS",
        "LATDD": 32.296615,
        "LONGDD": -96.570722,
        "gridlyProductionCertified": true,
        "gridlyClassification": "PUBLIC_ROADWAY",
        "gridlyDisplayName": "I 45 RAMP",
        "gridlyId": "FRA-748814N"
      }
    },
    {
      "type": "Feature",
      "id": 212586,
      "geometry": {
        "type": "Point",
        "coordinates": [
          -96.6197312002967,
          32.3192907998968
        ]
      },
      "properties": {
        "OBJECTID": 212586,
        "CROSSING": "765515B",
        "EFFDATE": 1759104000000,
        "REASON": "14",
        "StateCode": "48",
        "CountyCode": "48139",
        "STCYFIPS": "48139",
        "CITYCD": "481392240",
        "RAILROAD": "UP",
        "RRDIV": "TEXOMA",
        "RRSUBDIV": "ENNIS SUB",
        "HIGHWAY": "ST 0000",
        "STREET": "TX 34",
        "TTSTN": "667545",
        "MILEPOST": "0230.140",
        "TYPEXING": "Public",
        "POSXING": "At Grade",
        "PRVCAT": "14",
        "INIT": "1",
        "LATITUDE": 32.3192908,
        "LONGITUD": -96.6197312,
        "LLSOURCE": "1",
        "WHISTBAN": "0",
        "RRCONT": "4025443721",
        "POLCONT": "8008488715",
        "INV_LINK": "https://safetydata.fra.dot.gov/OfficeofSafety/PublicSite/Crossing/Crossing.aspx?phasetype=C&rpttype=I&txtcrossingnum=765515B",
        "ACC_LINK": "https://safetydata.fra.dot.gov/OfficeofSafety/PublicSite/Crossing/Crossing.aspx?phasetype=C&rpttype=A&txtcrossingnum=765515B",
        "TTSTNNAM": "",
        "XPURPOSE": "1",
        "OPERATINGR": "UP",
        "OPERATIN_1": "Primary",
        "DAYTHRU": 4,
        "NGHTTHRU": 4,
        "MAINTRK": 1,
        "SIDINGTRK": 0,
        "YARDTRK": 0,
        "TRANSITTRK": 0,
        "INDUSTRYTR": 0,
        "OTHRTRK": 1,
        "WDCODE": "All other Gates",
        "REVISIONDA": "1975/01/01 00:00:00",
        "LASTUPDATE": "9/29/2025",
        "AADT": "5562",
        "AADTYEAR": "2021",
        "STATENAME": "TEXAS",
        "STATEAB": "TX",
        "COUNTYNAME": "ELLIS",
        "CITYNAME": "ENNIS",
        "LATDD": 32.3192908,
        "LONGDD": -96.6197312,
        "gridlyProductionCertified": true,
        "gridlyClassification": "PUBLIC_ROADWAY",
        "gridlyDisplayName": "TX 34",
        "gridlyId": "FRA-765515B"
      }
    },
    {
      "type": "Feature",
      "id": 212587,
      "geometry": {
        "type": "Point",
        "coordinates": [
          -96.6240429995745,
          32.3240564001065
        ]
      },
      "properties": {
        "OBJECTID": 212587,
        "CROSSING": "765516H",
        "EFFDATE": 1759104000000,
        "REASON": "14",
        "StateCode": "48",
        "CountyCode": "48139",
        "STCYFIPS": "48139",
        "CITYCD": "481392240",
        "RAILROAD": "UP",
        "RRDIV": "TEXOMA",
        "RRSUBDIV": "ENNIS SUB",
        "HIGHWAY": "ST 0000",
        "STREET": "LAMPASAS STREET",
        "TTSTN": "667545",
        "MILEPOST": "0230.550",
        "TYPEXING": "Public",
        "POSXING": "At Grade",
        "PRVCAT": "14",
        "INIT": "1",
        "LATITUDE": 32.3240564,
        "LONGITUD": -96.624043,
        "LLSOURCE": "1",
        "WHISTBAN": "0",
        "RRCONT": "4025443721",
        "POLCONT": "8008488715",
        "INV_LINK": "https://safetydata.fra.dot.gov/OfficeofSafety/PublicSite/Crossing/Crossing.aspx?phasetype=C&rpttype=I&txtcrossingnum=765516H",
        "ACC_LINK": "https://safetydata.fra.dot.gov/OfficeofSafety/PublicSite/Crossing/Crossing.aspx?phasetype=C&rpttype=A&txtcrossingnum=765516H",
        "TTSTNNAM": "",
        "XPURPOSE": "1",
        "OPERATINGR": "UP",
        "OPERATIN_1": "Primary",
        "DAYTHRU": 4,
        "NGHTTHRU": 4,
        "MAINTRK": 1,
        "SIDINGTRK": 0,
        "YARDTRK": 0,
        "TRANSITTRK": 0,
        "INDUSTRYTR": 0,
        "OTHRTRK": 0,
        "WDCODE": "All other Gates",
        "REVISIONDA": "1975/01/01 00:00:00",
        "LASTUPDATE": "9/29/2025",
        "AADT": "3953",
        "AADTYEAR": "2019",
        "STATENAME": "TEXAS",
        "STATEAB": "TX",
        "COUNTYNAME": "ELLIS",
        "CITYNAME": "ENNIS",
        "LATDD": 32.3240564,
        "LONGDD": -96.624043,
        "gridlyProductionCertified": true,
        "gridlyClassification": "PUBLIC_ROADWAY",
        "gridlyDisplayName": "LAMPASAS STREET",
        "gridlyId": "FRA-765516H"
      }
    },
    {
      "type": "Feature",
      "id": 212592,
      "geometry": {
        "type": "Point",
        "coordinates": [
          -96.6261937999266,
          32.3272001996571
        ]
      },
      "properties": {
        "OBJECTID": 212592,
        "CROSSING": "765531K",
        "EFFDATE": 1759104000000,
        "REASON": "14",
        "StateCode": "48",
        "CountyCode": "48139",
        "STCYFIPS": "48139",
        "CITYCD": "481392240",
        "RAILROAD": "UP",
        "RRDIV": "TEXOMA",
        "RRSUBDIV": "ENNIS SUB",
        "HIGHWAY": "ST 0000",
        "STREET": "EAST BROWN STREET",
        "TTSTN": "667545",
        "MILEPOST": "0230.800",
        "TYPEXING": "Public",
        "POSXING": "At Grade",
        "PRVCAT": "14",
        "INIT": "1",
        "LATITUDE": 32.3272002,
        "LONGITUD": -96.6261938,
        "LLSOURCE": "1",
        "WHISTBAN": "0",
        "RRCONT": "4025443721",
        "POLCONT": "8008488715",
        "INV_LINK": "https://safetydata.fra.dot.gov/OfficeofSafety/PublicSite/Crossing/Crossing.aspx?phasetype=C&rpttype=I&txtcrossingnum=765531K",
        "ACC_LINK": "https://safetydata.fra.dot.gov/OfficeofSafety/PublicSite/Crossing/Crossing.aspx?phasetype=C&rpttype=A&txtcrossingnum=765531K",
        "TTSTNNAM": "",
        "XPURPOSE": "1",
        "OPERATINGR": "UP",
        "OPERATIN_1": "Primary",
        "DAYTHRU": 4,
        "NGHTTHRU": 4,
        "MAINTRK": 1,
        "SIDINGTRK": 0,
        "YARDTRK": 0,
        "TRANSITTRK": 0,
        "INDUSTRYTR": 0,
        "OTHRTRK": 0,
        "WDCODE": "All other Gates",
        "REVISIONDA": "1975/01/01 00:00:00",
        "LASTUPDATE": "9/29/2025",
        "AADT": "973",
        "AADTYEAR": "2019",
        "STATENAME": "TEXAS",
        "STATEAB": "TX",
        "COUNTYNAME": "ELLIS",
        "CITYNAME": "ENNIS",
        "LATDD": 32.3272002,
        "LONGDD": -96.6261938,
        "gridlyProductionCertified": true,
        "gridlyClassification": "PUBLIC_ROADWAY",
        "gridlyDisplayName": "EAST BROWN STREET",
        "gridlyId": "FRA-765531K"
      }
    },
    {
      "type": "Feature",
      "id": 212605,
      "geometry": {
        "type": "Point",
        "coordinates": [
          -96.5464409997949,
          32.2853919000711
        ]
      },
      "properties": {
        "OBJECTID": 212605,
        "CROSSING": "765509X",
        "EFFDATE": 1759104000000,
        "REASON": "14",
        "StateCode": "48",
        "CountyCode": "48139",
        "STCYFIPS": "48139",
        "CITYCD": "481390096",
        "RAILROAD": "UP",
        "RRDIV": "TEXOMA",
        "RRSUBDIV": "ENNIS SUB",
        "HIGHWAY": "FM 1183",
        "STREET": "FM 1183",
        "TTSTN": "667615",
        "MILEPOST": "0225.270",
        "TYPEXING": "Public",
        "POSXING": "At Grade",
        "PRVCAT": "14",
        "INIT": "1",
        "LATITUDE": 32.2853919,
        "LONGITUD": -96.546441,
        "LLSOURCE": "1",
        "WHISTBAN": "0",
        "RRCONT": "4025443721",
        "POLCONT": "8008488715",
        "INV_LINK": "https://safetydata.fra.dot.gov/OfficeofSafety/PublicSite/Crossing/Crossing.aspx?phasetype=C&rpttype=I&txtcrossingnum=765509X",
        "ACC_LINK": "https://safetydata.fra.dot.gov/OfficeofSafety/PublicSite/Crossing/Crossing.aspx?phasetype=C&rpttype=A&txtcrossingnum=765509X",
        "TTSTNNAM": "",
        "XPURPOSE": "1",
        "OPERATINGR": "UP",
        "OPERATIN_1": "Primary",
        "DAYTHRU": 4,
        "NGHTTHRU": 4,
        "MAINTRK": 1,
        "SIDINGTRK": 0,
        "YARDTRK": 0,
        "TRANSITTRK": 0,
        "INDUSTRYTR": 0,
        "OTHRTRK": 0,
        "WDCODE": "All other Gates",
        "REVISIONDA": "1975/01/01 00:00:00",
        "LASTUPDATE": "9/29/2025",
        "AADT": "1178",
        "AADTYEAR": "2019",
        "STATENAME": "TEXAS",
        "STATEAB": "TX",
        "COUNTYNAME": "ELLIS",
        "CITYNAME": "ALMA",
        "LATDD": 32.2853919,
        "LONGDD": -96.546441,
        "gridlyProductionCertified": true,
        "gridlyClassification": "PUBLIC_ROADWAY",
        "gridlyDisplayName": "FM 1183",
        "gridlyId": "FRA-765509X"
      }
    },
    {
      "type": "Feature",
      "id": 212887,
      "geometry": {
        "type": "Point",
        "coordinates": [
          -96.5494243003619,
          32.2867725002945
        ]
      },
      "properties": {
        "OBJECTID": 212887,
        "CROSSING": "765510S",
        "EFFDATE": 1759104000000,
        "REASON": "14",
        "StateCode": "48",
        "CountyCode": "48139",
        "STCYFIPS": "48139",
        "CITYCD": "481390096",
        "RAILROAD": "UP",
        "RRDIV": "TEXOMA",
        "RRSUBDIV": "ENNIS SUB",
        "HIGHWAY": "PRIVATE",
        "STREET": "PRIVATE",
        "TTSTN": "667615",
        "MILEPOST": "0225.460",
        "TYPEXING": "Private",
        "POSXING": "At Grade",
        "PRVCAT": "14",
        "INIT": "1",
        "LATITUDE": 32.2867725,
        "LONGITUD": -96.5494243,
        "LLSOURCE": "1",
        "WHISTBAN": "0",
        "RRCONT": "4025443721",
        "POLCONT": "8008488715",
        "INV_LINK": "https://safetydata.fra.dot.gov/OfficeofSafety/PublicSite/Crossing/Crossing.aspx?phasetype=C&rpttype=I&txtcrossingnum=765510S",
        "ACC_LINK": "https://safetydata.fra.dot.gov/OfficeofSafety/PublicSite/Crossing/Crossing.aspx?phasetype=C&rpttype=A&txtcrossingnum=765510S",
        "TTSTNNAM": "",
        "XPURPOSE": "1",
        "OPERATINGR": "UP",
        "OPERATIN_1": "Primary",
        "DAYTHRU": 4,
        "NGHTTHRU": 4,
        "MAINTRK": 1,
        "SIDINGTRK": 0,
        "YARDTRK": 0,
        "TRANSITTRK": 0,
        "INDUSTRYTR": 0,
        "OTHRTRK": 0,
        "WDCODE": "",
        "REVISIONDA": "1975/01/01 00:00:00",
        "LASTUPDATE": "9/29/2025",
        "AADT": "1",
        "AADTYEAR": "1970",
        "STATENAME": "TEXAS",
        "STATEAB": "TX",
        "COUNTYNAME": "ELLIS",
        "CITYNAME": "ALMA",
        "LATDD": 32.2867725,
        "LONGDD": -96.5494243,
        "gridlyProductionCertified": true,
        "gridlyClassification": "PUBLIC_ROADWAY",
        "gridlyDisplayName": "PRIVATE",
        "gridlyId": "FRA-765510S"
      }
    },
    {
      "type": "Feature",
      "id": 212984,
      "geometry": {
        "type": "Point",
        "coordinates": [
          -96.6464450001786,
          32.3571899997396
        ]
      },
      "properties": {
        "OBJECTID": 212984,
        "CROSSING": "924233A",
        "EFFDATE": 1758585600000,
        "REASON": "14",
        "StateCode": "48",
        "CountyCode": "48139",
        "STCYFIPS": "48139",
        "CITYCD": "481392598",
        "RAILROAD": "UP",
        "RRDIV": "TEXOMA",
        "RRSUBDIV": "ENNIS SUB",
        "HIGHWAY": "TBD",
        "STREET": "MAIN STREET",
        "TTSTN": "667545",
        "MILEPOST": "0233.180",
        "TYPEXING": "Public",
        "POSXING": "At Grade",
        "PRVCAT": "14",
        "INIT": "1",
        "LATITUDE": 32.35719,
        "LONGITUD": -96.646445,
        "LLSOURCE": "1",
        "WHISTBAN": "0",
        "RRCONT": "4025443721",
        "POLCONT": "8008488715",
        "INV_LINK": "https://safetydata.fra.dot.gov/OfficeofSafety/PublicSite/Crossing/Crossing.aspx?phasetype=C&rpttype=I&txtcrossingnum=924233A",
        "ACC_LINK": "https://safetydata.fra.dot.gov/OfficeofSafety/PublicSite/Crossing/Crossing.aspx?phasetype=C&rpttype=A&txtcrossingnum=924233A",
        "TTSTNNAM": "",
        "XPURPOSE": "1",
        "OPERATINGR": "UP",
        "OPERATIN_1": "Primary",
        "DAYTHRU": 0,
        "NGHTTHRU": 0,
        "MAINTRK": 0,
        "SIDINGTRK": 0,
        "YARDTRK": 0,
        "TRANSITTRK": 0,
        "INDUSTRYTR": 1,
        "OTHRTRK": 1,
        "WDCODE": "Crossbucks",
        "REVISIONDA": "1975/01/01 00:00:00",
        "LASTUPDATE": "9/23/2025",
        "AADT": "307",
        "AADTYEAR": "2019",
        "STATENAME": "TEXAS",
        "STATEAB": "TX",
        "COUNTYNAME": "ELLIS",
        "CITYNAME": "GARRETT",
        "LATDD": 32.35719,
        "LONGDD": -96.646445,
        "gridlyProductionCertified": true,
        "gridlyClassification": "PUBLIC_ROADWAY",
        "gridlyDisplayName": "MAIN STREET",
        "gridlyId": "FRA-924233A"
      }
    },
    {
      "type": "Feature",
      "id": 213000,
      "geometry": {
        "type": "Point",
        "coordinates": [
          -96.9849590001211,
          32.4879939998008
        ]
      },
      "properties": {
        "OBJECTID": 213000,
        "CROSSING": "440517P",
        "EFFDATE": 1758499200000,
        "REASON": "14",
        "StateCode": "48",
        "CountyCode": "48139",
        "STCYFIPS": "48139",
        "CITYCD": "481394570",
        "RAILROAD": "UP",
        "RRDIV": "TEXOMA",
        "RRSUBDIV": "MIDLOTHIAN SUB",
        "HIGHWAY": "NA",
        "STREET": "ALL PRIVATE IN Industry - NISSAN",
        "TTSTN": "667538",
        "MILEPOST": "0022.829",
        "TYPEXING": "Private",
        "POSXING": "At Grade",
        "PRVCAT": "14",
        "INIT": "1",
        "LATITUDE": 32.487994,
        "LONGITUD": -96.984959,
        "LLSOURCE": "1",
        "WHISTBAN": "0",
        "RRCONT": "4025443721",
        "POLCONT": "8008488715",
        "INV_LINK": "https://safetydata.fra.dot.gov/OfficeofSafety/PublicSite/Crossing/Crossing.aspx?phasetype=C&rpttype=I&txtcrossingnum=440517P",
        "ACC_LINK": "https://safetydata.fra.dot.gov/OfficeofSafety/PublicSite/Crossing/Crossing.aspx?phasetype=C&rpttype=A&txtcrossingnum=440517P",
        "TTSTNNAM": "",
        "XPURPOSE": "1",
        "OPERATINGR": "UP",
        "OPERATIN_1": "Primary",
        "DAYTHRU": 0,
        "NGHTTHRU": 0,
        "MAINTRK": 0,
        "SIDINGTRK": 0,
        "YARDTRK": 1,
        "TRANSITTRK": 0,
        "INDUSTRYTR": 2,
        "OTHRTRK": 0,
        "WDCODE": "",
        "REVISIONDA": "1975/01/01 00:00:00",
        "LASTUPDATE": "9/22/2025",
        "AADT": "1",
        "AADTYEAR": "",
        "STATENAME": "TEXAS",
        "STATEAB": "TX",
        "COUNTYNAME": "ELLIS",
        "CITYNAME": "MIDLOTHIAN",
        "LATDD": 32.487994,
        "LONGDD": -96.984959,
        "gridlyProductionCertified": true,
        "gridlyClassification": "PUBLIC_ROADWAY",
        "gridlyDisplayName": "ALL PRIVATE IN Industry - NISSAN",
        "gridlyId": "FRA-440517P"
      }
    },
    {
      "type": "Feature",
      "id": 213134,
      "geometry": {
        "type": "Point",
        "coordinates": [
          -96.6420370003171,
          32.3560770001686
        ]
      },
      "properties": {
        "OBJECTID": 213134,
        "CROSSING": "848219W",
        "EFFDATE": 1758585600000,
        "REASON": "14",
        "StateCode": "48",
        "CountyCode": "48139",
        "STCYFIPS": "48139",
        "CITYCD": "481392240",
        "RAILROAD": "UP",
        "RRDIV": "TEXOMA",
        "RRSUBDIV": "ENNIS SUB",
        "HIGHWAY": "TBD",
        "STREET": "Cedar Road",
        "TTSTN": "",
        "MILEPOST": "0232.306",
        "TYPEXING": "Public",
        "POSXING": "At Grade",
        "PRVCAT": "14",
        "INIT": "1",
        "LATITUDE": 32.356077,
        "LONGITUD": -96.642037,
        "LLSOURCE": "1",
        "WHISTBAN": "",
        "RRCONT": "4025443721",
        "POLCONT": "8008488715",
        "INV_LINK": "https://safetydata.fra.dot.gov/OfficeofSafety/PublicSite/Crossing/Crossing.aspx?phasetype=C&rpttype=I&txtcrossingnum=848219W",
        "ACC_LINK": "https://safetydata.fra.dot.gov/OfficeofSafety/PublicSite/Crossing/Crossing.aspx?phasetype=C&rpttype=A&txtcrossingnum=848219W",
        "TTSTNNAM": "",
        "XPURPOSE": "1",
        "OPERATINGR": "UP",
        "OPERATIN_1": "Primary",
        "DAYTHRU": 0,
        "NGHTTHRU": 0,
        "MAINTRK": 0,
        "SIDINGTRK": 0,
        "YARDTRK": 2,
        "TRANSITTRK": 0,
        "INDUSTRYTR": 0,
        "OTHRTRK": 0,
        "WDCODE": "Crossbucks",
        "REVISIONDA": "1975/01/01 00:00:00",
        "LASTUPDATE": "9/23/2025",
        "AADT": "001098",
        "AADTYEAR": "2019",
        "STATENAME": "TEXAS",
        "STATEAB": "TX",
        "COUNTYNAME": "ELLIS",
        "CITYNAME": "ENNIS",
        "LATDD": 32.356077,
        "LONGDD": -96.642037,
        "gridlyProductionCertified": true,
        "gridlyClassification": "PUBLIC_ROADWAY",
        "gridlyDisplayName": "Cedar Road",
        "gridlyId": "FRA-848219W"
      }
    },
    {
      "type": "Feature",
      "id": 213140,
      "geometry": {
        "type": "Point",
        "coordinates": [
          -96.6401099999466,
          32.3522330002639
        ]
      },
      "properties": {
        "OBJECTID": 213140,
        "CROSSING": "975143R",
        "EFFDATE": 1758585600000,
        "REASON": "14",
        "StateCode": "48",
        "CountyCode": "48139",
        "STCYFIPS": "48139",
        "CITYCD": "481392240",
        "RAILROAD": "UP",
        "RRDIV": "TEXOMA",
        "RRSUBDIV": "ENNIS SUB",
        "HIGHWAY": "NA",
        "STREET": "ALL PRIVATE IN Industry - GARDNER GIBSON",
        "TTSTN": "",
        "MILEPOST": "0232.600",
        "TYPEXING": "Private",
        "POSXING": "At Grade",
        "PRVCAT": "14",
        "INIT": "1",
        "LATITUDE": 32.352233,
        "LONGITUD": -96.64011,
        "LLSOURCE": "1",
        "WHISTBAN": "",
        "RRCONT": "4025443721",
        "POLCONT": "8008488715",
        "INV_LINK": "https://safetydata.fra.dot.gov/OfficeofSafety/PublicSite/Crossing/Crossing.aspx?phasetype=C&rpttype=I&txtcrossingnum=975143R",
        "ACC_LINK": "https://safetydata.fra.dot.gov/OfficeofSafety/PublicSite/Crossing/Crossing.aspx?phasetype=C&rpttype=A&txtcrossingnum=975143R",
        "TTSTNNAM": "",
        "XPURPOSE": "1",
        "OPERATINGR": "UP",
        "OPERATIN_1": "Primary",
        "DAYTHRU": 0,
        "NGHTTHRU": 0,
        "MAINTRK": 0,
        "SIDINGTRK": 0,
        "YARDTRK": 1,
        "TRANSITTRK": 0,
        "INDUSTRYTR": 1,
        "OTHRTRK": 0,
        "WDCODE": "",
        "REVISIONDA": "1975/01/01 00:00:00",
        "LASTUPDATE": "9/23/2025",
        "AADT": "",
        "AADTYEAR": "",
        "STATENAME": "TEXAS",
        "STATEAB": "TX",
        "COUNTYNAME": "ELLIS",
        "CITYNAME": "ENNIS",
        "LATDD": 32.352233,
        "LONGDD": -96.64011,
        "gridlyProductionCertified": true,
        "gridlyClassification": "PUBLIC_ROADWAY",
        "gridlyDisplayName": "ALL PRIVATE IN Industry - GARDNER GIBSON",
        "gridlyId": "FRA-975143R"
      }
    },
    {
      "type": "Feature",
      "id": 213141,
      "geometry": {
        "type": "Point",
        "coordinates": [
          -96.6424869996805,
          32.3568439997101
        ]
      },
      "properties": {
        "OBJECTID": 213141,
        "CROSSING": "975144X",
        "EFFDATE": 1758585600000,
        "REASON": "14",
        "StateCode": "48",
        "CountyCode": "48139",
        "STCYFIPS": "48139",
        "CITYCD": "481392240",
        "RAILROAD": "UP",
        "RRDIV": "TEXOMA",
        "RRSUBDIV": "ENNIS SUB",
        "HIGHWAY": "NA",
        "STREET": "ALL PRIVATE IN Industry - ELK MATERIALS",
        "TTSTN": "",
        "MILEPOST": "0232.250",
        "TYPEXING": "Private",
        "POSXING": "At Grade",
        "PRVCAT": "14",
        "INIT": "1",
        "LATITUDE": 32.356844,
        "LONGITUD": -96.642487,
        "LLSOURCE": "1",
        "WHISTBAN": "",
        "RRCONT": "4025443721",
        "POLCONT": "8008488715",
        "INV_LINK": "https://safetydata.fra.dot.gov/OfficeofSafety/PublicSite/Crossing/Crossing.aspx?phasetype=C&rpttype=I&txtcrossingnum=975144X",
        "ACC_LINK": "https://safetydata.fra.dot.gov/OfficeofSafety/PublicSite/Crossing/Crossing.aspx?phasetype=C&rpttype=A&txtcrossingnum=975144X",
        "TTSTNNAM": "",
        "XPURPOSE": "1",
        "OPERATINGR": "UP",
        "OPERATIN_1": "Primary",
        "DAYTHRU": 0,
        "NGHTTHRU": 0,
        "MAINTRK": 0,
        "SIDINGTRK": 0,
        "YARDTRK": 2,
        "TRANSITTRK": 0,
        "INDUSTRYTR": 0,
        "OTHRTRK": 0,
        "WDCODE": "",
        "REVISIONDA": "1975/01/01 00:00:00",
        "LASTUPDATE": "9/23/2025",
        "AADT": "",
        "AADTYEAR": "",
        "STATENAME": "TEXAS",
        "STATEAB": "TX",
        "COUNTYNAME": "ELLIS",
        "CITYNAME": "ENNIS",
        "LATDD": 32.356844,
        "LONGDD": -96.642487,
        "gridlyProductionCertified": true,
        "gridlyClassification": "PUBLIC_ROADWAY",
        "gridlyDisplayName": "ALL PRIVATE IN Industry - ELK MATERIALS",
        "gridlyId": "FRA-975144X"
      }
    },
    {
      "type": "Feature",
      "id": 213158,
      "geometry": {
        "type": "Point",
        "coordinates": [
          -96.6364300001812,
          32.3551569996342
        ]
      },
      "properties": {
        "OBJECTID": 213158,
        "CROSSING": "975145E",
        "EFFDATE": 1758585600000,
        "REASON": "14",
        "StateCode": "48",
        "CountyCode": "48139",
        "STCYFIPS": "48139",
        "CITYCD": "481392240",
        "RAILROAD": "UP",
        "RRDIV": "TEXOMA",
        "RRSUBDIV": "ENNIS SUB",
        "HIGHWAY": "NA",
        "STREET": "ALL PRIVATE IN INDUSTRY",
        "TTSTN": "",
        "MILEPOST": "0232.954",
        "TYPEXING": "Private",
        "POSXING": "At Grade",
        "PRVCAT": "14",
        "INIT": "1",
        "LATITUDE": 32.355157,
        "LONGITUD": -96.63643,
        "LLSOURCE": "1",
        "WHISTBAN": "",
        "RRCONT": "4025443721",
        "POLCONT": "8008488715",
        "INV_LINK": "https://safetydata.fra.dot.gov/OfficeofSafety/PublicSite/Crossing/Crossing.aspx?phasetype=C&rpttype=I&txtcrossingnum=975145E",
        "ACC_LINK": "https://safetydata.fra.dot.gov/OfficeofSafety/PublicSite/Crossing/Crossing.aspx?phasetype=C&rpttype=A&txtcrossingnum=975145E",
        "TTSTNNAM": "",
        "XPURPOSE": "1",
        "OPERATINGR": "UP",
        "OPERATIN_1": "Primary",
        "DAYTHRU": 0,
        "NGHTTHRU": 0,
        "MAINTRK": 0,
        "SIDINGTRK": 0,
        "YARDTRK": 0,
        "TRANSITTRK": 0,
        "INDUSTRYTR": 4,
        "OTHRTRK": 0,
        "WDCODE": "",
        "REVISIONDA": "1975/01/01 00:00:00",
        "LASTUPDATE": "9/23/2025",
        "AADT": "",
        "AADTYEAR": "",
        "STATENAME": "TEXAS",
        "STATEAB": "TX",
        "COUNTYNAME": "ELLIS",
        "CITYNAME": "ENNIS",
        "LATDD": 32.355157,
        "LONGDD": -96.63643,
        "gridlyProductionCertified": true,
        "gridlyClassification": "PUBLIC_ROADWAY",
        "gridlyDisplayName": "ALL PRIVATE IN INDUSTRY",
        "gridlyId": "FRA-975145E"
      }
    },
    {
      "type": "Feature",
      "id": 213636,
      "geometry": {
        "type": "Point",
        "coordinates": [
          -96.5713549998522,
          32.2969080002656
        ]
      },
      "properties": {
        "OBJECTID": 213636,
        "CROSSING": "748812A",
        "EFFDATE": 1758499200000,
        "REASON": "14",
        "StateCode": "48",
        "CountyCode": "48139",
        "STCYFIPS": "48139",
        "CITYCD": "481392240",
        "RAILROAD": "UP",
        "RRDIV": "TEXOMA",
        "RRSUBDIV": "ENNIS SUB",
        "HIGHWAY": "US 0287",
        "STREET": "US 287 NORTH",
        "TTSTN": "667615",
        "MILEPOST": "0226.867",
        "TYPEXING": "Public",
        "POSXING": "RR Under",
        "PRVCAT": "14",
        "INIT": "1",
        "LATITUDE": 32.296908,
        "LONGITUD": -96.571355,
        "LLSOURCE": "1",
        "WHISTBAN": "0",
        "RRCONT": "4025443721",
        "POLCONT": "8008488715",
        "INV_LINK": "https://safetydata.fra.dot.gov/OfficeofSafety/PublicSite/Crossing/Crossing.aspx?phasetype=C&rpttype=I&txtcrossingnum=748812A",
        "ACC_LINK": "https://safetydata.fra.dot.gov/OfficeofSafety/PublicSite/Crossing/Crossing.aspx?phasetype=C&rpttype=A&txtcrossingnum=748812A",
        "TTSTNNAM": "",
        "XPURPOSE": "1",
        "OPERATINGR": "UP",
        "OPERATIN_1": "Primary",
        "DAYTHRU": 0,
        "NGHTTHRU": 0,
        "MAINTRK": 1,
        "SIDINGTRK": 0,
        "YARDTRK": 0,
        "TRANSITTRK": 0,
        "INDUSTRYTR": 0,
        "OTHRTRK": 0,
        "WDCODE": "",
        "REVISIONDA": "1975/01/01 00:00:00",
        "LASTUPDATE": "9/22/2025",
        "AADT": "1",
        "AADTYEAR": "",
        "STATENAME": "TEXAS",
        "STATEAB": "TX",
        "COUNTYNAME": "ELLIS",
        "CITYNAME": "ENNIS",
        "LATDD": 32.296908,
        "LONGDD": -96.571355,
        "gridlyProductionCertified": true,
        "gridlyClassification": "PUBLIC_ROADWAY",
        "gridlyDisplayName": "US 287 NORTH",
        "gridlyId": "FRA-748812A"
      }
    },
    {
      "type": "Feature",
      "id": 213637,
      "geometry": {
        "type": "Point",
        "coordinates": [
          -96.5710789996677,
          32.2967810002158
        ]
      },
      "properties": {
        "OBJECTID": 213637,
        "CROSSING": "748813G",
        "EFFDATE": 1758499200000,
        "REASON": "14",
        "StateCode": "48",
        "CountyCode": "48139",
        "STCYFIPS": "48139",
        "CITYCD": "481392240",
        "RAILROAD": "UP",
        "RRDIV": "TEXOMA",
        "RRSUBDIV": "ENNIS SUB",
        "HIGHWAY": "US 0287",
        "STREET": "US 287 SOUTH",
        "TTSTN": "667615",
        "MILEPOST": "0226.850",
        "TYPEXING": "Public",
        "POSXING": "RR Under",
        "PRVCAT": "14",
        "INIT": "1",
        "LATITUDE": 32.296781,
        "LONGITUD": -96.571079,
        "LLSOURCE": "1",
        "WHISTBAN": "0",
        "RRCONT": "4025443721",
        "POLCONT": "8008488715",
        "INV_LINK": "https://safetydata.fra.dot.gov/OfficeofSafety/PublicSite/Crossing/Crossing.aspx?phasetype=C&rpttype=I&txtcrossingnum=748813G",
        "ACC_LINK": "https://safetydata.fra.dot.gov/OfficeofSafety/PublicSite/Crossing/Crossing.aspx?phasetype=C&rpttype=A&txtcrossingnum=748813G",
        "TTSTNNAM": "",
        "XPURPOSE": "1",
        "OPERATINGR": "UP",
        "OPERATIN_1": "Primary",
        "DAYTHRU": 0,
        "NGHTTHRU": 0,
        "MAINTRK": 1,
        "SIDINGTRK": 0,
        "YARDTRK": 0,
        "TRANSITTRK": 0,
        "INDUSTRYTR": 0,
        "OTHRTRK": 0,
        "WDCODE": "",
        "REVISIONDA": "1975/01/01 00:00:00",
        "LASTUPDATE": "9/22/2025",
        "AADT": "1",
        "AADTYEAR": "",
        "STATENAME": "TEXAS",
        "STATEAB": "TX",
        "COUNTYNAME": "ELLIS",
        "CITYNAME": "ENNIS",
        "LATDD": 32.296781,
        "LONGDD": -96.571079,
        "gridlyProductionCertified": true,
        "gridlyClassification": "PUBLIC_ROADWAY",
        "gridlyDisplayName": "US 287 SOUTH",
        "gridlyId": "FRA-748813G"
      }
    },
    {
      "type": "Feature",
      "id": 213641,
      "geometry": {
        "type": "Point",
        "coordinates": [
          -96.5369057998723,
          32.280979800262
        ]
      },
      "properties": {
        "OBJECTID": 213641,
        "CROSSING": "765507J",
        "EFFDATE": 1758499200000,
        "REASON": "14",
        "StateCode": "48",
        "CountyCode": "48139",
        "STCYFIPS": "48139",
        "CITYCD": "481390096",
        "RAILROAD": "UP",
        "RRDIV": "TEXOMA",
        "RRSUBDIV": "ENNIS SUB",
        "HIGHWAY": "PRIVATE",
        "STREET": "PRIVATE",
        "TTSTN": "667615",
        "MILEPOST": "0224.630",
        "TYPEXING": "Private",
        "POSXING": "At Grade",
        "PRVCAT": "14",
        "INIT": "1",
        "LATITUDE": 32.2809798,
        "LONGITUD": -96.5369058,
        "LLSOURCE": "1",
        "WHISTBAN": "0",
        "RRCONT": "4025443721",
        "POLCONT": "8008488715",
        "INV_LINK": "https://safetydata.fra.dot.gov/OfficeofSafety/PublicSite/Crossing/Crossing.aspx?phasetype=C&rpttype=I&txtcrossingnum=765507J",
        "ACC_LINK": "https://safetydata.fra.dot.gov/OfficeofSafety/PublicSite/Crossing/Crossing.aspx?phasetype=C&rpttype=A&txtcrossingnum=765507J",
        "TTSTNNAM": "",
        "XPURPOSE": "1",
        "OPERATINGR": "UP",
        "OPERATIN_1": "Primary",
        "DAYTHRU": 4,
        "NGHTTHRU": 4,
        "MAINTRK": 1,
        "SIDINGTRK": 0,
        "YARDTRK": 0,
        "TRANSITTRK": 0,
        "INDUSTRYTR": 0,
        "OTHRTRK": 0,
        "WDCODE": "",
        "REVISIONDA": "1975/01/01 00:00:00",
        "LASTUPDATE": "9/22/2025",
        "AADT": "1",
        "AADTYEAR": "1970",
        "STATENAME": "TEXAS",
        "STATEAB": "TX",
        "COUNTYNAME": "ELLIS",
        "CITYNAME": "ALMA",
        "LATDD": 32.2809798,
        "LONGDD": -96.5369058,
        "gridlyProductionCertified": true,
        "gridlyClassification": "PUBLIC_ROADWAY",
        "gridlyDisplayName": "PRIVATE",
        "gridlyId": "FRA-765507J"
      }
    },
    {
      "type": "Feature",
      "id": 213642,
      "geometry": {
        "type": "Point",
        "coordinates": [
          -96.541206900215,
          32.2829704998218
        ]
      },
      "properties": {
        "OBJECTID": 213642,
        "CROSSING": "765508R",
        "EFFDATE": 1758499200000,
        "REASON": "14",
        "StateCode": "48",
        "CountyCode": "48139",
        "STCYFIPS": "48139",
        "CITYCD": "481390096",
        "RAILROAD": "UP",
        "RRDIV": "TEXOMA",
        "RRSUBDIV": "ENNIS SUB",
        "HIGHWAY": "PRIVATE",
        "STREET": "PRIVATE",
        "TTSTN": "667615",
        "MILEPOST": "0224.920",
        "TYPEXING": "Private",
        "POSXING": "At Grade",
        "PRVCAT": "14",
        "INIT": "1",
        "LATITUDE": 32.2829705,
        "LONGITUD": -96.5412069,
        "LLSOURCE": "1",
        "WHISTBAN": "0",
        "RRCONT": "4025443721",
        "POLCONT": "8008488715",
        "INV_LINK": "https://safetydata.fra.dot.gov/OfficeofSafety/PublicSite/Crossing/Crossing.aspx?phasetype=C&rpttype=I&txtcrossingnum=765508R",
        "ACC_LINK": "https://safetydata.fra.dot.gov/OfficeofSafety/PublicSite/Crossing/Crossing.aspx?phasetype=C&rpttype=A&txtcrossingnum=765508R",
        "TTSTNNAM": "",
        "XPURPOSE": "1",
        "OPERATINGR": "UP",
        "OPERATIN_1": "Primary",
        "DAYTHRU": 4,
        "NGHTTHRU": 4,
        "MAINTRK": 1,
        "SIDINGTRK": 0,
        "YARDTRK": 0,
        "TRANSITTRK": 0,
        "INDUSTRYTR": 0,
        "OTHRTRK": 0,
        "WDCODE": "",
        "REVISIONDA": "1975/01/01 00:00:00",
        "LASTUPDATE": "9/22/2025",
        "AADT": "1",
        "AADTYEAR": "1970",
        "STATENAME": "TEXAS",
        "STATEAB": "TX",
        "COUNTYNAME": "ELLIS",
        "CITYNAME": "ALMA",
        "LATDD": 32.2829705,
        "LONGDD": -96.5412069,
        "gridlyProductionCertified": true,
        "gridlyClassification": "PUBLIC_ROADWAY",
        "gridlyDisplayName": "PRIVATE",
        "gridlyId": "FRA-765508R"
      }
    },
    {
      "type": "Feature",
      "id": 213643,
      "geometry": {
        "type": "Point",
        "coordinates": [
          -96.5637657996683,
          32.2934042998471
        ]
      },
      "properties": {
        "OBJECTID": 213643,
        "CROSSING": "765523T",
        "EFFDATE": 1758499200000,
        "REASON": "14",
        "StateCode": "48",
        "CountyCode": "48139",
        "STCYFIPS": "48139",
        "CITYCD": "481390096",
        "RAILROAD": "UP",
        "RRDIV": "TEXOMA",
        "RRSUBDIV": "ENNIS SUB",
        "HIGHWAY": "ST 0000",
        "STREET": "Zerwer Road",
        "TTSTN": "667545",
        "MILEPOST": "0226.390",
        "TYPEXING": "Public",
        "POSXING": "At Grade",
        "PRVCAT": "14",
        "INIT": "1",
        "LATITUDE": 32.2934043,
        "LONGITUD": -96.5637658,
        "LLSOURCE": "1",
        "WHISTBAN": "0",
        "RRCONT": "4025443721",
        "POLCONT": "8008488715",
        "INV_LINK": "https://safetydata.fra.dot.gov/OfficeofSafety/PublicSite/Crossing/Crossing.aspx?phasetype=C&rpttype=I&txtcrossingnum=765523T",
        "ACC_LINK": "https://safetydata.fra.dot.gov/OfficeofSafety/PublicSite/Crossing/Crossing.aspx?phasetype=C&rpttype=A&txtcrossingnum=765523T",
        "TTSTNNAM": "",
        "XPURPOSE": "1",
        "OPERATINGR": "UP",
        "OPERATIN_1": "Primary",
        "DAYTHRU": 4,
        "NGHTTHRU": 4,
        "MAINTRK": 1,
        "SIDINGTRK": 0,
        "YARDTRK": 0,
        "TRANSITTRK": 0,
        "INDUSTRYTR": 0,
        "OTHRTRK": 0,
        "WDCODE": "Stop signs",
        "REVISIONDA": "1975/01/01 00:00:00",
        "LASTUPDATE": "9/22/2025",
        "AADT": "147",
        "AADTYEAR": "1999",
        "STATENAME": "TEXAS",
        "STATEAB": "TX",
        "COUNTYNAME": "ELLIS",
        "CITYNAME": "ALMA",
        "LATDD": 32.2934043,
        "LONGDD": -96.5637658,
        "gridlyProductionCertified": true,
        "gridlyClassification": "PUBLIC_ROADWAY",
        "gridlyDisplayName": "Zerwer Road",
        "gridlyId": "FRA-765523T"
      }
    },
    {
      "type": "Feature",
      "id": 213644,
      "geometry": {
        "type": "Point",
        "coordinates": [
          -96.5891350003346,
          32.3051230001337
        ]
      },
      "properties": {
        "OBJECTID": 213644,
        "CROSSING": "765512F",
        "EFFDATE": 1758499200000,
        "REASON": "14",
        "StateCode": "48",
        "CountyCode": "48139",
        "STCYFIPS": "48139",
        "CITYCD": "481392240",
        "RAILROAD": "UP",
        "RRDIV": "TEXOMA",
        "RRSUBDIV": "ENNIS SUB",
        "HIGHWAY": "CO 0241",
        "STREET": "NATIONAL ROAD",
        "TTSTN": "",
        "MILEPOST": "0228.100",
        "TYPEXING": "Public",
        "POSXING": "At Grade",
        "PRVCAT": "14",
        "INIT": "1",
        "LATITUDE": 32.305123,
        "LONGITUD": -96.589135,
        "LLSOURCE": "1",
        "WHISTBAN": "0",
        "RRCONT": "4025443721",
        "POLCONT": "8008488715",
        "INV_LINK": "https://safetydata.fra.dot.gov/OfficeofSafety/PublicSite/Crossing/Crossing.aspx?phasetype=C&rpttype=I&txtcrossingnum=765512F",
        "ACC_LINK": "https://safetydata.fra.dot.gov/OfficeofSafety/PublicSite/Crossing/Crossing.aspx?phasetype=C&rpttype=A&txtcrossingnum=765512F",
        "TTSTNNAM": "",
        "XPURPOSE": "1",
        "OPERATINGR": "UP",
        "OPERATIN_1": "Primary",
        "DAYTHRU": 4,
        "NGHTTHRU": 4,
        "MAINTRK": 1,
        "SIDINGTRK": 0,
        "YARDTRK": 0,
        "TRANSITTRK": 0,
        "INDUSTRYTR": 0,
        "OTHRTRK": 0,
        "WDCODE": "All other Gates",
        "REVISIONDA": "1975/01/01 00:00:00",
        "LASTUPDATE": "9/22/2025",
        "AADT": "307",
        "AADTYEAR": "2019",
        "STATENAME": "TEXAS",
        "STATEAB": "TX",
        "COUNTYNAME": "ELLIS",
        "CITYNAME": "ENNIS",
        "LATDD": 32.305123,
        "LONGDD": -96.589135,
        "gridlyProductionCertified": true,
        "gridlyClassification": "PUBLIC_ROADWAY",
        "gridlyDisplayName": "NATIONAL ROAD",
        "gridlyId": "FRA-765512F"
      }
    },
    {
      "type": "Feature",
      "id": 213645,
      "geometry": {
        "type": "Point",
        "coordinates": [
          -96.6156739000272,
          32.3173667002075
        ]
      },
      "properties": {
        "OBJECTID": 213645,
        "CROSSING": "765514U",
        "EFFDATE": 1758499200000,
        "REASON": "14",
        "StateCode": "48",
        "CountyCode": "48139",
        "STCYFIPS": "48139",
        "CITYCD": "481392240",
        "RAILROAD": "UP",
        "RRDIV": "TEXOMA",
        "RRSUBDIV": "ENNIS SUB",
        "HIGHWAY": "ST 0000",
        "STREET": "INDUSTRIAL BOULEVARD",
        "TTSTN": "797161",
        "MILEPOST": "0229.850",
        "TYPEXING": "Public",
        "POSXING": "At Grade",
        "PRVCAT": "14",
        "INIT": "1",
        "LATITUDE": 32.3173667,
        "LONGITUD": -96.6156739,
        "LLSOURCE": "1",
        "WHISTBAN": "0",
        "RRCONT": "4025443721",
        "POLCONT": "8008488715",
        "INV_LINK": "https://safetydata.fra.dot.gov/OfficeofSafety/PublicSite/Crossing/Crossing.aspx?phasetype=C&rpttype=I&txtcrossingnum=765514U",
        "ACC_LINK": "https://safetydata.fra.dot.gov/OfficeofSafety/PublicSite/Crossing/Crossing.aspx?phasetype=C&rpttype=A&txtcrossingnum=765514U",
        "TTSTNNAM": "",
        "XPURPOSE": "1",
        "OPERATINGR": "UP",
        "OPERATIN_1": "Primary",
        "DAYTHRU": 4,
        "NGHTTHRU": 4,
        "MAINTRK": 1,
        "SIDINGTRK": 0,
        "YARDTRK": 0,
        "TRANSITTRK": 0,
        "INDUSTRYTR": 0,
        "OTHRTRK": 0,
        "WDCODE": "All other Gates",
        "REVISIONDA": "1975/01/01 00:00:00",
        "LASTUPDATE": "9/22/2025",
        "AADT": "1237",
        "AADTYEAR": "2019",
        "STATENAME": "TEXAS",
        "STATEAB": "TX",
        "COUNTYNAME": "ELLIS",
        "CITYNAME": "ENNIS",
        "LATDD": 32.3173667,
        "LONGDD": -96.6156739,
        "gridlyProductionCertified": true,
        "gridlyClassification": "PUBLIC_ROADWAY",
        "gridlyDisplayName": "INDUSTRIAL BOULEVARD",
        "gridlyId": "FRA-765514U"
      }
    },
    {
      "type": "Feature",
      "id": 213646,
      "geometry": {
        "type": "Point",
        "coordinates": [
          -96.6251121995785,
          32.3256188999661
        ]
      },
      "properties": {
        "OBJECTID": 213646,
        "CROSSING": "765528C",
        "EFFDATE": 1758499200000,
        "REASON": "14",
        "StateCode": "48",
        "CountyCode": "48139",
        "STCYFIPS": "48139",
        "CITYCD": "481392240",
        "RAILROAD": "UP",
        "RRDIV": "TEXOMA",
        "RRSUBDIV": "ENNIS SUB",
        "HIGHWAY": "ST 0000",
        "STREET": "MILAM STREET",
        "TTSTN": "667545",
        "MILEPOST": "0230.680",
        "TYPEXING": "Public",
        "POSXING": "At Grade",
        "PRVCAT": "14",
        "INIT": "1",
        "LATITUDE": 32.3256189,
        "LONGITUD": -96.6251122,
        "LLSOURCE": "1",
        "WHISTBAN": "0",
        "RRCONT": "4025443721",
        "POLCONT": "8008488715",
        "INV_LINK": "https://safetydata.fra.dot.gov/OfficeofSafety/PublicSite/Crossing/Crossing.aspx?phasetype=C&rpttype=I&txtcrossingnum=765528C",
        "ACC_LINK": "https://safetydata.fra.dot.gov/OfficeofSafety/PublicSite/Crossing/Crossing.aspx?phasetype=C&rpttype=A&txtcrossingnum=765528C",
        "TTSTNNAM": "",
        "XPURPOSE": "1",
        "OPERATINGR": "UP",
        "OPERATIN_1": "Primary",
        "DAYTHRU": 4,
        "NGHTTHRU": 4,
        "MAINTRK": 1,
        "SIDINGTRK": 0,
        "YARDTRK": 0,
        "TRANSITTRK": 0,
        "INDUSTRYTR": 0,
        "OTHRTRK": 2,
        "WDCODE": "All other Gates",
        "REVISIONDA": "1975/01/01 00:00:00",
        "LASTUPDATE": "9/22/2025",
        "AADT": "1221",
        "AADTYEAR": "2019",
        "STATENAME": "TEXAS",
        "STATEAB": "TX",
        "COUNTYNAME": "ELLIS",
        "CITYNAME": "ENNIS",
        "LATDD": 32.3256189,
        "LONGDD": -96.6251122,
        "gridlyProductionCertified": true,
        "gridlyClassification": "PUBLIC_ROADWAY",
        "gridlyDisplayName": "MILAM STREET",
        "gridlyId": "FRA-765528C"
      }
    },
    {
      "type": "Feature",
      "id": 213647,
      "geometry": {
        "type": "Point",
        "coordinates": [
          -96.6267512000688,
          32.328014200118
        ]
      },
      "properties": {
        "OBJECTID": 213647,
        "CROSSING": "765532S",
        "EFFDATE": 1758499200000,
        "REASON": "14",
        "StateCode": "48",
        "CountyCode": "48139",
        "STCYFIPS": "48139",
        "CITYCD": "481392240",
        "RAILROAD": "UP",
        "RRDIV": "TEXOMA",
        "RRSUBDIV": "ENNIS SUB",
        "HIGHWAY": "BU0287S",
        "STREET": "US 287 BUSINESS ENNIS STREET",
        "TTSTN": "667545",
        "MILEPOST": "0230.870",
        "TYPEXING": "Public",
        "POSXING": "At Grade",
        "PRVCAT": "14",
        "INIT": "1",
        "LATITUDE": 32.3280142,
        "LONGITUD": -96.6267512,
        "LLSOURCE": "1",
        "WHISTBAN": "0",
        "RRCONT": "4025443721",
        "POLCONT": "8008488715",
        "INV_LINK": "https://safetydata.fra.dot.gov/OfficeofSafety/PublicSite/Crossing/Crossing.aspx?phasetype=C&rpttype=I&txtcrossingnum=765532S",
        "ACC_LINK": "https://safetydata.fra.dot.gov/OfficeofSafety/PublicSite/Crossing/Crossing.aspx?phasetype=C&rpttype=A&txtcrossingnum=765532S",
        "TTSTNNAM": "",
        "XPURPOSE": "1",
        "OPERATINGR": "UP",
        "OPERATIN_1": "Primary",
        "DAYTHRU": 4,
        "NGHTTHRU": 4,
        "MAINTRK": 1,
        "SIDINGTRK": 0,
        "YARDTRK": 0,
        "TRANSITTRK": 0,
        "INDUSTRYTR": 0,
        "OTHRTRK": 0,
        "WDCODE": "All other Gates",
        "REVISIONDA": "1975/01/01 00:00:00",
        "LASTUPDATE": "9/22/2025",
        "AADT": "14711",
        "AADTYEAR": "2019",
        "STATENAME": "TEXAS",
        "STATEAB": "TX",
        "COUNTYNAME": "ELLIS",
        "CITYNAME": "ENNIS",
        "LATDD": 32.3280142,
        "LONGDD": -96.6267512,
        "gridlyProductionCertified": true,
        "gridlyClassification": "PUBLIC_ROADWAY",
        "gridlyDisplayName": "US 287 BUSINESS ENNIS STREET",
        "gridlyId": "FRA-765532S"
      }
    },
    {
      "type": "Feature",
      "id": 213650,
      "geometry": {
        "type": "Point",
        "coordinates": [
          -96.5293612998569,
          32.2774880001322
        ]
      },
      "properties": {
        "OBJECTID": 213650,
        "CROSSING": "765526N",
        "EFFDATE": 1758499200000,
        "REASON": "14",
        "StateCode": "48",
        "CountyCode": "48139",
        "STCYFIPS": "48139",
        "CITYCD": "481390096",
        "RAILROAD": "UP",
        "RRDIV": "TEXOMA",
        "RRSUBDIV": "ENNIS SUB",
        "HIGHWAY": "ST 0000",
        "STREET": "Tom Sawyer Road",
        "TTSTN": "667615",
        "MILEPOST": "0224.130",
        "TYPEXING": "Public",
        "POSXING": "At Grade",
        "PRVCAT": "14",
        "INIT": "1",
        "LATITUDE": 32.277488,
        "LONGITUD": -96.5293613,
        "LLSOURCE": "1",
        "WHISTBAN": "0",
        "RRCONT": "4025443721",
        "POLCONT": "8008488715",
        "INV_LINK": "https://safetydata.fra.dot.gov/OfficeofSafety/PublicSite/Crossing/Crossing.aspx?phasetype=C&rpttype=I&txtcrossingnum=765526N",
        "ACC_LINK": "https://safetydata.fra.dot.gov/OfficeofSafety/PublicSite/Crossing/Crossing.aspx?phasetype=C&rpttype=A&txtcrossingnum=765526N",
        "TTSTNNAM": "",
        "XPURPOSE": "1",
        "OPERATINGR": "UP",
        "OPERATIN_1": "Primary",
        "DAYTHRU": 4,
        "NGHTTHRU": 4,
        "MAINTRK": 1,
        "SIDINGTRK": 0,
        "YARDTRK": 0,
        "TRANSITTRK": 0,
        "INDUSTRYTR": 0,
        "OTHRTRK": 0,
        "WDCODE": "All other Gates",
        "REVISIONDA": "1975/01/01 00:00:00",
        "LASTUPDATE": "9/22/2025",
        "AADT": "66",
        "AADTYEAR": "2019",
        "STATENAME": "TEXAS",
        "STATEAB": "TX",
        "COUNTYNAME": "ELLIS",
        "CITYNAME": "ALMA",
        "LATDD": 32.277488,
        "LONGDD": -96.5293613,
        "gridlyProductionCertified": true,
        "gridlyClassification": "PUBLIC_ROADWAY",
        "gridlyDisplayName": "Tom Sawyer Road",
        "gridlyId": "FRA-765526N"
      }
    },
    {
      "type": "Feature",
      "id": 213709,
      "geometry": {
        "type": "Point",
        "coordinates": [
          -96.6389149998702,
          32.3463359996438
        ]
      },
      "properties": {
        "OBJECTID": 213709,
        "CROSSING": "765538H",
        "EFFDATE": 1758499200000,
        "REASON": "14",
        "StateCode": "48",
        "CountyCode": "48139",
        "STCYFIPS": "48139",
        "CITYCD": "481392240",
        "RAILROAD": "UP",
        "RRDIV": "TEXOMA",
        "RRSUBDIV": "ENNIS SUB",
        "HIGHWAY": "NA",
        "STREET": "NORTHEAST MAIN STREET",
        "TTSTN": "667545",
        "MILEPOST": "0232.310",
        "TYPEXING": "Public",
        "POSXING": "At Grade",
        "PRVCAT": "14",
        "INIT": "1",
        "LATITUDE": 32.346336,
        "LONGITUD": -96.638915,
        "LLSOURCE": "1",
        "WHISTBAN": "0",
        "RRCONT": "4025443721",
        "POLCONT": "8008488715",
        "INV_LINK": "https://safetydata.fra.dot.gov/OfficeofSafety/PublicSite/Crossing/Crossing.aspx?phasetype=C&rpttype=I&txtcrossingnum=765538H",
        "ACC_LINK": "https://safetydata.fra.dot.gov/OfficeofSafety/PublicSite/Crossing/Crossing.aspx?phasetype=C&rpttype=A&txtcrossingnum=765538H",
        "TTSTNNAM": "",
        "XPURPOSE": "1",
        "OPERATINGR": "UP",
        "OPERATIN_1": "Primary",
        "DAYTHRU": 8,
        "NGHTTHRU": 8,
        "MAINTRK": 0,
        "SIDINGTRK": 0,
        "YARDTRK": 1,
        "TRANSITTRK": 0,
        "INDUSTRYTR": 0,
        "OTHRTRK": 1,
        "WDCODE": "All other Gates",
        "REVISIONDA": "1975/01/01 00:00:00",
        "LASTUPDATE": "9/22/2025",
        "AADT": "1343",
        "AADTYEAR": "2000",
        "STATENAME": "TEXAS",
        "STATEAB": "TX",
        "COUNTYNAME": "ELLIS",
        "CITYNAME": "ENNIS",
        "LATDD": 32.346336,
        "LONGDD": -96.638915,
        "gridlyProductionCertified": true,
        "gridlyClassification": "PUBLIC_ROADWAY",
        "gridlyDisplayName": "NORTHEAST MAIN STREET",
        "gridlyId": "FRA-765538H"
      }
    },
    {
      "type": "Feature",
      "id": 213710,
      "geometry": {
        "type": "Point",
        "coordinates": [
          -96.6377490001062,
          32.3531259997314
        ]
      },
      "properties": {
        "OBJECTID": 213710,
        "CROSSING": "765539P",
        "EFFDATE": 1758499200000,
        "REASON": "14",
        "StateCode": "48",
        "CountyCode": "48139",
        "STCYFIPS": "48139",
        "CITYCD": "481392240",
        "RAILROAD": "UP",
        "RRDIV": "TEXOMA",
        "RRSUBDIV": "ENNIS SUB",
        "HIGHWAY": "TBD",
        "STREET": "SPUR 469",
        "TTSTN": "667545",
        "MILEPOST": "0232.787",
        "TYPEXING": "Public",
        "POSXING": "RR Under",
        "PRVCAT": "14",
        "INIT": "1",
        "LATITUDE": 32.353126,
        "LONGITUD": -96.637749,
        "LLSOURCE": "1",
        "WHISTBAN": "0",
        "RRCONT": "4025443721",
        "POLCONT": "8008488715",
        "INV_LINK": "https://safetydata.fra.dot.gov/OfficeofSafety/PublicSite/Crossing/Crossing.aspx?phasetype=C&rpttype=I&txtcrossingnum=765539P",
        "ACC_LINK": "https://safetydata.fra.dot.gov/OfficeofSafety/PublicSite/Crossing/Crossing.aspx?phasetype=C&rpttype=A&txtcrossingnum=765539P",
        "TTSTNNAM": "",
        "XPURPOSE": "1",
        "OPERATINGR": "UP",
        "OPERATIN_1": "Primary",
        "DAYTHRU": 0,
        "NGHTTHRU": 0,
        "MAINTRK": 0,
        "SIDINGTRK": 0,
        "YARDTRK": 1,
        "TRANSITTRK": 0,
        "INDUSTRYTR": 0,
        "OTHRTRK": 0,
        "WDCODE": "",
        "REVISIONDA": "1975/01/01 00:00:00",
        "LASTUPDATE": "9/22/2025",
        "AADT": "1700",
        "AADTYEAR": "2011",
        "STATENAME": "TEXAS",
        "STATEAB": "TX",
        "COUNTYNAME": "ELLIS",
        "CITYNAME": "ENNIS",
        "LATDD": 32.353126,
        "LONGDD": -96.637749,
        "gridlyProductionCertified": true,
        "gridlyClassification": "PUBLIC_ROADWAY",
        "gridlyDisplayName": "SPUR 469",
        "gridlyId": "FRA-765539P"
      }
    }
  ]
}
