{"type":"FeatureCollection","bbox":[-94.95,30.015,-94.85,30.085],"attribution":"© OpenStreetMap contributors","license":"https://opendatacommons.org/licenses/odbl/1-0/","sourceTimestamp":"2026-05-09T22:50:58Z","features":[{"type":"Feature","properties":{"osmId":"way/15450963","name":"Wolf Island Road","ref":"CR 602","highway":"tertiary"},"geometry":{"type":"LineString","coordinates":[[-94.9488587,30.0167606],[-94.9485777,30.0167598],[-94.945174,30.0167738],[-94.944672,30.0167759],[-94.944404,30.0167751],[-94.9428951,30.0167832],[-94.9421215,30.0167864],[-94.9407935,30.0167919],[-94.9404439,30.0167933],[-94.9388488,30.0167999],[-94.9377331,30.0168045],[-94.9371587,30.0168068],[-94.9367264,30.0168086],[-94.9365899,30.0168091],[-94.93609,30.0168112],[-94.9356557,30.0168142],[-94.9346687,30.016821],[-94.9328179,30.0168338],[-94.9323062,30.0168373],[-94.9316948,30.0168415],[-94.931515,30.0168409],[-94.9289196,30.0168326],[-94.9287781,30.0168173],[-94.9286687,30.0167865],[-94.9286352,30.0167687],[-94.9286098,30.0167495],[-94.9285696,30.0167175],[-94.9284418,30.0166089],[-94.9283251,30.0165067],[-94.9282439,30.0164356]]}},{"type":"Feature","properties":{"osmId":"way/21070166","name":"Holbrook Street","ref":"","highway":"residential"},"geometry":{"type":"LineString","coordinates":[[-94.890525,30.061227],[-94.8916138,30.0628424],[-94.8922092,30.0636956],[-94.8928087,30.0645737]]}},{"type":"Feature","properties":{"osmId":"way/21070169","name":"Norcross Lane","ref":"CR 661","highway":"tertiary"},"geometry":{"type":"LineString","coordinates":[[-94.9406007,30.0599466],[-94.9393692,30.0599619],[-94.9370133,30.0599913],[-94.9315803,30.0599982],[-94.9287749,30.0600017],[-94.9263634,30.0600047],[-94.9252971,30.0600016],[-94.9237256,30.0599971],[-94.9234016,30.0599962],[-94.9210299,30.0599894],[-94.9191395,30.059984],[-94.9177795,30.0599909],[-94.915481,30.0600026],[-94.9146071,30.0600025],[-94.9137494,30.0600024],[-94.9136138,30.0600029],[-94.9128545,30.0600059],[-94.9095613,30.0600191],[-94.9087056,30.0600225],[-94.9074268,30.0600276],[-94.9065246,30.0600312],[-94.9063466,30.0600374],[-94.9056956,30.0600602],[-94.9037724,30.0600581],[-94.9035527,30.0600525],[-94.9031762,30.0600857],[-94.9026242,30.0600437],[-94.9007171,30.0599084]]}},{"type":"Feature","properties":{"osmId":"way/21070180","name":"Lisa Lane","ref":"","highway":"residential"},"geometry":{"type":"LineString","coordinates":[[-94.8951479,30.0599275],[-94.8938992,30.0605448],[-94.8938143,30.0606032],[-94.8937972,30.0606302],[-94.8937844,30.060659],[-94.8937769,30.0606951],[-94.893782,30.0607312],[-94.8938534,30.060877],[-94.8939576,30.0610448],[-94.8939695,30.0610852],[-94.8939721,30.0611208],[-94.8939603,30.0611542],[-94.8939355,30.0611836],[-94.893875,30.0612323],[-94.8935936,30.0613692],[-94.8933123,30.0615009],[-94.8924868,30.0619013]]}},{"type":"Feature","properties":{"osmId":"way/21072214","name":"Glendale Circle","ref":"","highway":"residential"},"geometry":{"type":"LineString","coordinates":[[-94.900269,30.0445704],[-94.9002337,30.0436263],[-94.8993089,30.0436277],[-94.8992767,30.0445801]]}},{"type":"Feature","properties":{"osmId":"way/21074271","name":"County Road 667","ref":"CR 667","highway":"residential"},"geometry":{"type":"LineString","coordinates":[[-94.9094161,30.0751463],[-94.9091452,30.075195],[-94.9086476,30.0752844],[-94.9073481,30.0755548],[-94.9072187,30.0755638],[-94.9065863,30.0755734],[-94.9062488,30.0755787],[-94.9058434,30.075585],[-94.9053177,30.0756221],[-94.9049988,30.0756661],[-94.9049475,30.0756732],[-94.9048896,30.0756819],[-94.9045452,30.0757335],[-94.9043306,30.0757567],[-94.9041153,30.0757602]]}},{"type":"Feature","properties":{"osmId":"way/21076058","name":"County Road 6681","ref":"","highway":"residential"},"geometry":{"type":"LineString","coordinates":[[-94.910927,30.075052],[-94.91108,30.075094],[-94.920495,30.075094]]}},{"type":"Feature","properties":{"osmId":"way/21076532","name":"Meremar Lane","ref":"","highway":"residential"},"geometry":{"type":"LineString","coordinates":[[-94.8878366,30.0572066],[-94.8855646,30.0583246]]}},{"type":"Feature","properties":{"osmId":"way/21076554","name":"West Waring Street","ref":"","highway":"tertiary"},"geometry":{"type":"LineString","coordinates":[[-94.893985,30.0499487],[-94.8930965,30.0504004],[-94.8919957,30.0509587]]}},{"type":"Feature","properties":{"osmId":"way/21076595","name":"South Colbert Street","ref":"","highway":"tertiary"},"geometry":{"type":"LineString","coordinates":[[-94.8825369,30.0491746],[-94.8821437,30.0485277],[-94.8811893,30.0469576],[-94.8806387,30.0461883],[-94.8802996,30.0456668],[-94.8800444,30.0452744],[-94.8800043,30.0452128],[-94.8795157,30.0445102],[-94.8788261,30.0434664],[-94.876492,30.0399716]]}},{"type":"Feature","properties":{"osmId":"way/21076659","name":"Kerr Street","ref":"","highway":"residential"},"geometry":{"type":"LineString","coordinates":[[-94.8982002,30.0478136],[-94.8971924,30.0482659],[-94.896844,30.0484637],[-94.8960337,30.0488881],[-94.8956249,30.0490718]]}},{"type":"Feature","properties":{"osmId":"way/21076772","name":"Juanita Street","ref":"","highway":"residential"},"geometry":{"type":"LineString","coordinates":[[-94.888908,30.062013],[-94.889961,30.063666],[-94.8902542,30.0640308],[-94.8905977,30.0645112],[-94.8912066,30.0653836]]}},{"type":"Feature","properties":{"osmId":"way/21076825","name":"County Road 6052","ref":"CR 6052","highway":"residential"},"geometry":{"type":"LineString","coordinates":[[-94.9418548,30.0294529],[-94.9418736,30.0312928],[-94.9418927,30.0320082],[-94.941916,30.0328842],[-94.9419225,30.0331254],[-94.9419246,30.0332054],[-94.9414873,30.0332072],[-94.9410084,30.0332092],[-94.940402,30.0332117],[-94.9393155,30.0332162],[-94.9387555,30.0332185],[-94.9385048,30.033224],[-94.9361593,30.0332342]]}},{"type":"Feature","properties":{"osmId":"way/21076834","name":"","ref":"CR 6054","highway":"residential"},"geometry":{"type":"LineString","coordinates":[[-94.9385226,30.0294942],[-94.9385048,30.033224]]}},{"type":"Feature","properties":{"osmId":"way/21076855","name":"Pearl Street","ref":"","highway":"residential"},"geometry":{"type":"LineString","coordinates":[[-94.8907808,30.063248],[-94.8905146,30.0628379],[-94.8904352,30.0627206],[-94.8902319,30.0624161],[-94.8900778,30.0621929],[-94.8899147,30.0619456],[-94.8897585,30.0617],[-94.8897348,30.0616639]]}},{"type":"Feature","properties":{"osmId":"way/21076859","name":"","ref":"CR 6055","highway":"residential"},"geometry":{"type":"LineString","coordinates":[[-94.9499926,30.0334456],[-94.9453712,30.0334284],[-94.9451567,30.0332797],[-94.9451547,30.0321093],[-94.9451539,30.0316671],[-94.9451568,30.0315199],[-94.945157,30.0303426],[-94.945157,30.0298462],[-94.9451571,30.0294379]]}},{"type":"Feature","properties":{"osmId":"way/21076906","name":"Slew Road","ref":"CR 605","highway":"tertiary"},"geometry":{"type":"LineString","coordinates":[[-94.9491263,30.0356575],[-94.9488688,30.0357504],[-94.9488711,30.0358712],[-94.948877,30.036188],[-94.9488765,30.0366943],[-94.9488756,30.0375353],[-94.9488745,30.0386257],[-94.9488732,30.039975],[-94.9488618,30.040072],[-94.9488047,30.0401488],[-94.9487259,30.0401919],[-94.9486319,30.0402059],[-94.9481273,30.0402089],[-94.9469747,30.0402157],[-94.9439743,30.0402335],[-94.9424644,30.0402425],[-94.9394572,30.0402602],[-94.9387623,30.0402643],[-94.9374552,30.0402562],[-94.9362121,30.0402485]]}},{"type":"Feature","properties":{"osmId":"way/21076957","name":"Shanks Avenue","ref":"","highway":"residential"},"geometry":{"type":"LineString","coordinates":[[-94.8685008,30.0441526],[-94.8660496,30.0404923],[-94.8637005,30.0369498]]}},{"type":"Feature","properties":{"osmId":"way/21076960","name":"Shipman Road","ref":"CR 607","highway":"tertiary"},"geometry":{"type":"LineString","coordinates":[[-94.9185078,30.0402918],[-94.9185029,30.0409181],[-94.9184851,30.043303],[-94.9184753,30.0444305],[-94.918461,30.046247],[-94.9184639,30.0463288]]}},{"type":"Feature","properties":{"osmId":"way/21076972","name":"","ref":"CR 608","highway":"residential"},"geometry":{"type":"LineString","coordinates":[[-94.9285355,30.0402811],[-94.9285069,30.0420265],[-94.9285197,30.0423942],[-94.9285539,30.0433788],[-94.9285588,30.0437926],[-94.9285689,30.0445626],[-94.9285921,30.046324]]}},{"type":"Feature","properties":{"osmId":"way/21076975","name":"County Road 608","ref":"CR 608","highway":"residential"},"geometry":{"type":"LineString","coordinates":[[-94.9285355,30.0402811],[-94.9285023,30.0373885],[-94.9288216,30.0372553],[-94.9290411,30.0371738],[-94.9291694,30.0370233],[-94.9292607,30.036853],[-94.9293262,30.036658],[-94.9293462,30.0365346]]}},{"type":"Feature","properties":{"osmId":"way/21077000","name":"Laird Street","ref":"","highway":"residential"},"geometry":{"type":"LineString","coordinates":[[-94.8922092,30.0636956],[-94.891456,30.0640671],[-94.8905977,30.0645112]]}},{"type":"Feature","properties":{"osmId":"way/21077001","name":"Tyler Street","ref":"","highway":"residential"},"geometry":{"type":"LineString","coordinates":[[-94.9005701,30.0653848],[-94.8999584,30.0656978],[-94.899285,30.066072]]}},{"type":"Feature","properties":{"osmId":"way/21077012","name":"Sawmill Road","ref":"CR 605","highway":"tertiary"},"geometry":{"type":"LineString","coordinates":[[-94.9362121,30.0402485],[-94.9358069,30.0402493],[-94.9346873,30.0402517],[-94.9342506,30.0402526],[-94.9332884,30.0402546],[-94.9324159,30.0402684],[-94.9313099,30.0402705],[-94.9312122,30.0402709],[-94.9305584,30.0402734],[-94.9285355,30.0402811],[-94.9263785,30.0402652],[-94.9242715,30.0402738],[-94.9227753,30.0402799],[-94.9199659,30.0402914],[-94.9190628,30.0402916],[-94.9185078,30.0402918],[-94.9171692,30.0402922],[-94.916784,30.0402923],[-94.9159238,30.0402925],[-94.9148566,30.0402922],[-94.9139154,30.0403139],[-94.912367,30.0403213],[-94.9116435,30.0403215],[-94.9112009,30.0403216],[-94.910505,30.0403219],[-94.9092176,30.0403223],[-94.9083579,30.0403225],[-94.9069342,30.0403531],[-94.9062125,30.040357],[-94.9053994,30.0403563],[-94.9052984,30.0403587],[-94.9048264,30.0403607],[-94.9045775,30.0403595],[-94.9043807,30.0403624],[-94.9041697,30.0403538],[-94.9040851,30.040353],[-94.9034929,30.0403471],[-94.9025399,30.0403456],[-94.901765,30.0403487],[-94.9009902,30.040362],[-94.8984079,30.0403537],[-94.8983015,30.0403775],[-94.8981745,30.040441],[-94.8981078,30.0405172],[-94.8980403,30.0405993]]}},{"type":"Feature","properties":{"osmId":"way/21077038","name":"South Prairie Street","ref":"","highway":"residential"},"geometry":{"type":"LineString","coordinates":[[-94.8852367,30.0473243],[-94.8854679,30.0475759],[-94.8857392,30.0478713],[-94.886284,30.048437],[-94.886375,30.048525],[-94.886482,30.048525]]}},{"type":"Feature","properties":{"osmId":"way/21077100","name":"West Austin Street","ref":"","highway":"tertiary"},"geometry":{"type":"LineString","coordinates":[[-94.905717,30.0673552],[-94.9049655,30.0677632],[-94.9042823,30.0680786],[-94.9035841,30.068454]]}},{"type":"Feature","properties":{"osmId":"way/21077126","name":"Glass Street","ref":"","highway":"residential"},"geometry":{"type":"LineString","coordinates":[[-94.8781704,30.0437951],[-94.8788316,30.0448455]]}},{"type":"Feature","properties":{"osmId":"way/21077128","name":"Aaron Street","ref":"","highway":"residential"},"geometry":{"type":"LineString","coordinates":[[-94.8927507,30.0628428],[-94.8932397,30.0625837],[-94.8936685,30.062371],[-94.8937572,30.0623254],[-94.8938224,30.062294]]}},{"type":"Feature","properties":{"osmId":"way/21077155","name":"North Colbert Street","ref":"","highway":"tertiary"},"geometry":{"type":"LineString","coordinates":[[-94.8881373,30.0576081],[-94.8878366,30.0572066],[-94.8875257,30.0567538],[-94.8870274,30.0558682],[-94.8869568,30.0557659],[-94.8863974,30.054907],[-94.8858735,30.0541072]]}},{"type":"Feature","properties":{"osmId":"way/21077175","name":"Crescent Street","ref":"","highway":"residential"},"geometry":{"type":"LineString","coordinates":[[-94.8941066,30.0627169],[-94.8940061,30.0627757],[-94.8930386,30.063265]]}},{"type":"Feature","properties":{"osmId":"way/21077176","name":"Edwards Street","ref":"","highway":"residential"},"geometry":{"type":"LineString","coordinates":[[-94.9028849,30.0687792],[-94.9040439,30.0705447],[-94.9036515,30.0707299]]}},{"type":"Feature","properties":{"osmId":"way/21077189","name":"Lowe Street","ref":"","highway":"residential"},"geometry":{"type":"LineString","coordinates":[[-94.8851806,30.0503027],[-94.8854551,30.0508198],[-94.8857994,30.0513455],[-94.8866377,30.0526258],[-94.8867538,30.052803],[-94.8871395,30.0533921]]}},{"type":"Feature","properties":{"osmId":"way/21077191","name":"Lowe Street","ref":"","highway":"residential"},"geometry":{"type":"LineString","coordinates":[[-94.8838497,30.0484074],[-94.8838826,30.0484501],[-94.8842137,30.04889],[-94.884628,30.0495643]]}},{"type":"Feature","properties":{"osmId":"way/21077216","name":"Stilson Road","ref":"CR 494","highway":"residential"},"geometry":{"type":"LineString","coordinates":[[-94.9198814,30.0162819],[-94.9199131,30.0182978],[-94.91991,30.01954],[-94.919878,30.020851],[-94.9198848,30.0220079],[-94.9198721,30.0223738],[-94.9198753,30.0225223]]}},{"type":"Feature","properties":{"osmId":"way/21077217","name":"Stilson Road","ref":"CR 601","highway":"tertiary"},"geometry":{"type":"LineString","coordinates":[[-94.9198753,30.0225223],[-94.9198779,30.0226396],[-94.9198798,30.0227255],[-94.919882,30.022825],[-94.9198868,30.023047],[-94.9199042,30.0233357],[-94.919908,30.0233986],[-94.9199109,30.0234509],[-94.9199219,30.0236474],[-94.919921,30.024111],[-94.9199182,30.0254797],[-94.9199453,30.0281029],[-94.9199457,30.0282693],[-94.9199471,30.0287857],[-94.919952,30.0306214],[-94.9199523,30.0307254],[-94.9199541,30.0314096],[-94.9199567,30.0323721],[-94.9199577,30.0327534],[-94.9199601,30.0336276],[-94.9199636,30.0349274],[-94.9199643,30.0365552],[-94.9199647,30.0374639],[-94.9199652,30.03853],[-94.9199659,30.0402914]]}},{"type":"Feature","properties":{"osmId":"way/21077231","name":"","ref":"US 90;TX 146","highway":"trunk"},"geometry":{"type":"LineString","coordinates":[[-94.8542773,30.0537749],[-94.8585393,30.0531622],[-94.8622849,30.0525908]]}},{"type":"Feature","properties":{"osmId":"way/21077238","name":"United States Highway 90 West","ref":"US 90","highway":"trunk"},"geometry":{"type":"LineString","coordinates":[[-94.9031018,30.035598],[-94.9032312,30.0355665],[-94.903348,30.0355092],[-94.9035088,30.0353881],[-94.9036557,30.035297],[-94.9048348,30.0344146],[-94.9092238,30.03104],[-94.9115264,30.0292855],[-94.9146678,30.0268432],[-94.9194101,30.0231834]]}},{"type":"Feature","properties":{"osmId":"way/21077287","name":"Egg Colony Road","ref":"CR 6021","highway":"tertiary"},"geometry":{"type":"LineString","coordinates":[[-94.93609,30.0168112],[-94.9360925,30.0188867],[-94.9360954,30.0212094],[-94.9360958,30.0215079],[-94.936097,30.022469],[-94.936096,30.023179],[-94.9361196,30.0249812],[-94.936092,30.026239],[-94.9361084,30.0275416],[-94.9361107,30.0277162],[-94.9361295,30.0291709],[-94.9361339,30.0295107],[-94.9361401,30.0304183],[-94.9361436,30.0309375],[-94.9361486,30.0316693],[-94.9361593,30.0332342],[-94.9361741,30.0352048],[-94.9361889,30.037161],[-94.9362121,30.0402485]]}},{"type":"Feature","properties":{"osmId":"way/21077326","name":"Clarence Street","ref":"","highway":"residential"},"geometry":{"type":"LineString","coordinates":[[-94.8810229,30.0447654],[-94.8814432,30.0454624],[-94.8820894,30.0465009]]}},{"type":"Feature","properties":{"osmId":"way/21077427","name":"County Road 6681","ref":"CR 666","highway":"residential"},"geometry":{"type":"LineString","coordinates":[[-94.9263283,30.0750881],[-94.9253291,30.0750709],[-94.9239068,30.0750777],[-94.920495,30.075094]]}},{"type":"Feature","properties":{"osmId":"way/21077442","name":"","ref":"TX 146","highway":"primary"},"geometry":{"type":"LineString","coordinates":[[-94.8934202,30.0420303],[-94.8933415,30.0418948],[-94.8932974,30.0417292],[-94.8932606,30.041433],[-94.8932504,30.0412392]]}},{"type":"Feature","properties":{"osmId":"way/21077467","name":"County Road 668","ref":"CR 668","highway":"residential"},"geometry":{"type":"LineString","coordinates":[[-94.9254783,30.0809966],[-94.9239601,30.0809038],[-94.9232586,30.0808861],[-94.9231501,30.0808898],[-94.9229623,30.0808898],[-94.9227746,30.0808852],[-94.9226795,30.080882],[-94.9218045,30.0808523],[-94.9211373,30.0808136],[-94.9207951,30.0808016],[-94.9204746,30.0808026],[-94.9203605,30.0808004],[-94.9197627,30.0807886],[-94.9184712,30.0807699],[-94.9178219,30.0807618],[-94.9176246,30.0807594],[-94.917118,30.0807459],[-94.9170815,30.0807466],[-94.9166112,30.0807552],[-94.9162536,30.0807428],[-94.9159013,30.0807305],[-94.9157418,30.080725],[-94.9153717,30.0806972],[-94.9151598,30.0806902],[-94.9146844,30.0806665],[-94.9141274,30.0806387],[-94.914044,30.0806345],[-94.9125314,30.0806542],[-94.9118795,30.0806693],[-94.9117216,30.0806987]]}},{"type":"Feature","properties":{"osmId":"way/21077537","name":"East Linney Street","ref":"","highway":"tertiary"},"geometry":{"type":"LineString","coordinates":[[-94.8943191,30.0544772],[-94.8938273,30.0547221],[-94.8934221,30.0549238],[-94.8922418,30.0555254],[-94.8915061,30.0558994],[-94.8881373,30.0576081]]}},{"type":"Feature","properties":{"osmId":"way/21077552","name":"North Prairie Street","ref":"","highway":"residential"},"geometry":{"type":"LineString","coordinates":[[-94.8866462,30.0490415],[-94.8871815,30.0498177],[-94.8872546,30.049936],[-94.8875731,30.0504021],[-94.8879642,30.0510078],[-94.8883733,30.0516079],[-94.8889044,30.0524554],[-94.8893105,30.0530468]]}},{"type":"Feature","properties":{"osmId":"way/21077553","name":"Pine Place","ref":"","highway":"residential"},"geometry":{"type":"LineString","coordinates":[[-94.897915,30.0719799],[-94.8982067,30.071783],[-94.8983314,30.0716681],[-94.898727,30.0709706],[-94.8988008,30.0708127],[-94.898836,30.0707919],[-94.8989416,30.0708127],[-94.8993312,30.0709662]]}},{"type":"Feature","properties":{"osmId":"way/21077582","name":"Merritt Street","ref":"","highway":"residential"},"geometry":{"type":"LineString","coordinates":[[-94.8893322,30.0511216],[-94.8887296,30.0514173],[-94.8883733,30.0516079],[-94.8876652,30.0519713],[-94.8874614,30.052092]]}},{"type":"Feature","properties":{"osmId":"way/21077583","name":"Merritt Street","ref":"","highway":"residential"},"geometry":{"type":"LineString","coordinates":[[-94.8912858,30.0499233],[-94.8903581,30.0503833],[-94.8891928,30.0509065]]}},{"type":"Feature","properties":{"osmId":"way/21077638","name":"Luke Street","ref":"","highway":"tertiary"},"geometry":{"type":"LineString","coordinates":[[-94.8806038,30.0379225],[-94.8784257,30.0390079],[-94.876492,30.0399716],[-94.8734712,30.0414815],[-94.8728795,30.0418212],[-94.8724431,30.0419953]]}},{"type":"Feature","properties":{"osmId":"way/21077654","name":"Coleman Street","ref":"","highway":"residential"},"geometry":{"type":"LineString","coordinates":[[-94.8915325,30.0480229],[-94.8930965,30.0504004]]}},{"type":"Feature","properties":{"osmId":"way/21077880","name":"Beauty Street","ref":"","highway":"residential"},"geometry":{"type":"LineString","coordinates":[[-94.8938467,30.0463021],[-94.8941742,30.0469233],[-94.8943962,30.0472546],[-94.8956249,30.0490718],[-94.8960888,30.0497909],[-94.8986208,30.0536361]]}},{"type":"Feature","properties":{"osmId":"way/21077893","name":"Hope Street","ref":"","highway":"residential"},"geometry":{"type":"LineString","coordinates":[[-94.8836019,30.0424627],[-94.8823064,30.0430756],[-94.8809328,30.0437863],[-94.8795157,30.0445102],[-94.8788316,30.0448455]]}},{"type":"Feature","properties":{"osmId":"way/21077914","name":"Hillcrest Street","ref":"","highway":"residential"},"geometry":{"type":"LineString","coordinates":[[-94.8804533,30.0590013],[-94.8816642,30.0607212],[-94.8819807,30.0611947],[-94.8822489,30.061652],[-94.8824903,30.0621488],[-94.8827478,30.0626735],[-94.8829034,30.062952],[-94.8835793,30.0639897],[-94.8838534,30.064373],[-94.883869,30.0643948],[-94.8839555,30.0644632],[-94.8840427,30.0645131],[-94.8843712,30.0646188]]}},{"type":"Feature","properties":{"osmId":"way/21078074","name":"Ranchwood Lane","ref":"","highway":"residential"},"geometry":{"type":"LineString","coordinates":[[-94.8832824,30.0740668],[-94.8859056,30.0727508],[-94.8859915,30.0726904],[-94.8860612,30.0725976]]}},{"type":"Feature","properties":{"osmId":"way/21078089","name":"Atascosita Trail","ref":"","highway":"residential"},"geometry":{"type":"LineString","coordinates":[[-94.8860612,30.0725976],[-94.8868498,30.0726359],[-94.8871099,30.0726591],[-94.8872709,30.072709],[-94.8874117,30.07281],[-94.8876115,30.0730305],[-94.8879495,30.0734494],[-94.8880407,30.073533],[-94.8880957,30.0735585],[-94.8882338,30.073555],[-94.8889566,30.0735597],[-94.8891296,30.0735806],[-94.8892597,30.0736224],[-94.8893536,30.0736897],[-94.8899169,30.074364],[-94.8901937,30.0747012]]}},{"type":"Feature","properties":{"osmId":"way/21078091","name":"Oakdale Street","ref":"","highway":"residential"},"geometry":{"type":"LineString","coordinates":[[-94.8907788,30.0533393],[-94.8896319,30.0539366]]}},{"type":"Feature","properties":{"osmId":"way/21078099","name":"County Road 470A","ref":"CR 470A","highway":"residential"},"geometry":{"type":"LineString","coordinates":[[-94.8753159,30.0150287],[-94.8733426,30.0150372],[-94.8714193,30.0150455],[-94.8706128,30.0150423],[-94.8698096,30.0150391],[-94.8683246,30.0150332],[-94.8682409,30.0150329],[-94.8671209,30.0150595],[-94.8660066,30.0150677],[-94.8656758,30.0150702],[-94.8656072,30.0150707],[-94.8643115,30.015069],[-94.8635918,30.0150799],[-94.8621732,30.0150906],[-94.8610074,30.0150993],[-94.8609105,30.0150961],[-94.8540477,30.0150889]]}},{"type":"Feature","properties":{"osmId":"way/21078109","name":"Boyce Lane","ref":"","highway":"residential"},"geometry":{"type":"LineString","coordinates":[[-94.9034929,30.0403471],[-94.9034942,30.0381638],[-94.9034943,30.0379459],[-94.9034945,30.0375433],[-94.9034947,30.0371945]]}},{"type":"Feature","properties":{"osmId":"way/21078170","name":"Lecour Avenue","ref":"","highway":"residential"},"geometry":{"type":"LineString","coordinates":[[-94.8810229,30.0447654],[-94.8800043,30.0452128]]}},{"type":"Feature","properties":{"osmId":"way/21078175","name":"Nancy Street","ref":"","highway":"residential"},"geometry":{"type":"LineString","coordinates":[[-94.8802704,30.0427797],[-94.8809328,30.0437863],[-94.8813078,30.0445054],[-94.881262,30.0445966],[-94.8811635,30.0446858],[-94.8810229,30.0447654]]}},{"type":"Feature","properties":{"osmId":"way/21078180","name":"South Winfree Street","ref":"FM 1409","highway":"secondary"},"geometry":{"type":"LineString","coordinates":[[-94.8862744,30.0465205],[-94.8860501,30.0461817],[-94.8858349,30.0458566],[-94.8855913,30.0454886],[-94.8852459,30.0449668],[-94.8843109,30.0435387],[-94.8836019,30.0424627],[-94.8829298,30.0414417],[-94.8828303,30.0412881],[-94.8823163,30.0404952],[-94.8820167,30.040033],[-94.8813823,30.0390854],[-94.8806038,30.0379225],[-94.8800457,30.0370668],[-94.8789123,30.0353291],[-94.8788994,30.0353093],[-94.8787211,30.0350225],[-94.8786201,30.03486],[-94.8785171,30.0346108],[-94.8784292,30.0344399],[-94.8782901,30.0340161]]}},{"type":"Feature","properties":{"osmId":"way/21078207","name":"Jamison Street","ref":"","highway":"residential"},"geometry":{"type":"LineString","coordinates":[[-94.891182,30.070154],[-94.89138,30.070447],[-94.893563,30.073598]]}},{"type":"Feature","properties":{"osmId":"way/21078209","name":"Jamison Street","ref":"","highway":"residential"},"geometry":{"type":"LineString","coordinates":[[-94.899285,30.066072],[-94.898238,30.06657],[-94.898171,30.066602],[-94.8971915,30.0671036],[-94.89518,30.068105],[-94.8939004,30.0687608],[-94.891182,30.070154]]}},{"type":"Feature","properties":{"osmId":"way/21078225","name":"Hickory Lane","ref":"","highway":"residential"},"geometry":{"type":"LineString","coordinates":[[-94.8798273,30.0706959],[-94.8795966,30.0708614],[-94.8794093,30.0709659],[-94.8792523,30.0710363],[-94.8790616,30.0711163],[-94.8788488,30.0711959],[-94.8786171,30.0713492],[-94.8785019,30.071461],[-94.8783572,30.0715857]]}},{"type":"Feature","properties":{"osmId":"way/21078322","name":"Fairfield Loop","ref":"CR 6053","highway":"residential"},"geometry":{"type":"LineString","coordinates":[[-94.9361339,30.0295107],[-94.9385226,30.0294942],[-94.9400555,30.0294752],[-94.9407388,30.0294667],[-94.9418548,30.0294529],[-94.9437872,30.0294441],[-94.9441385,30.0294425],[-94.9444202,30.0294412],[-94.944684,30.02944],[-94.9451571,30.0294379],[-94.945365,30.0294394],[-94.9471354,30.0294524],[-94.9477481,30.0294569]]}},{"type":"Feature","properties":{"osmId":"way/21078323","name":"Depot Street","ref":"","highway":"residential"},"geometry":{"type":"LineString","coordinates":[[-94.8891082,30.0467361],[-94.888084,30.0474084],[-94.8873854,30.0479325],[-94.8872206,30.0479533],[-94.8870609,30.0480531],[-94.886482,30.048525],[-94.885993,30.048943]]}},{"type":"Feature","properties":{"osmId":"way/21078342","name":"Ford Avenue","ref":"","highway":"tertiary"},"geometry":{"type":"LineString","coordinates":[[-94.8784292,30.0344399],[-94.8780941,30.0343888],[-94.8728573,30.0344232],[-94.8706077,30.034445],[-94.8694742,30.0344559],[-94.868814,30.0344623],[-94.8687065,30.0345043],[-94.8686029,30.0345448],[-94.8680014,30.0348516],[-94.8679088,30.0348979],[-94.8677246,30.0349928]]}},{"type":"Feature","properties":{"osmId":"way/21078350","name":"Hazel Street","ref":"","highway":"residential"},"geometry":{"type":"LineString","coordinates":[[-94.8824855,30.0453793],[-94.8822315,30.0450591],[-94.8820666,30.0447946]]}},{"type":"Feature","properties":{"osmId":"way/21078525","name":"West Linney Street","ref":"","highway":"tertiary"},"geometry":{"type":"LineString","coordinates":[[-94.9002896,30.053686],[-94.8989811,30.0536513],[-94.8986208,30.0536361],[-94.8977347,30.0536115],[-94.8970452,30.0535716],[-94.896842,30.0535598],[-94.8963829,30.0535333],[-94.8943191,30.0544772]]}},{"type":"Feature","properties":{"osmId":"way/21078551","name":"Harmon Street","ref":"","highway":"residential"},"geometry":{"type":"LineString","coordinates":[[-94.8866569,30.0429629],[-94.8874699,30.0425315],[-94.8878341,30.0423669]]}},{"type":"Feature","properties":{"osmId":"way/21078554","name":"County Road 6310","ref":"CR 6310","highway":"residential"},"geometry":{"type":"LineString","coordinates":[[-94.8633796,30.083811],[-94.863385,30.0836369],[-94.8633962,30.0834835],[-94.8633992,30.083442],[-94.8634086,30.0832832],[-94.863496,30.0830755],[-94.8637092,30.082836]]}},{"type":"Feature","properties":{"osmId":"way/21078560","name":"North Winfree Street","ref":"","highway":"tertiary"},"geometry":{"type":"LineString","coordinates":[[-94.8864824,30.0468472],[-94.8866819,30.0471605],[-94.8867825,30.0472946],[-94.8872206,30.0479533],[-94.8874288,30.0482734],[-94.8875057,30.0483916],[-94.8875175,30.0484097],[-94.887582,30.0484877],[-94.8876444,30.0485817],[-94.8878188,30.0488446],[-94.8881452,30.0493433],[-94.8882876,30.0495349],[-94.8885535,30.0499382],[-94.8887488,30.0502267],[-94.8889375,30.0505269],[-94.8891928,30.0509065],[-94.8893322,30.0511216],[-94.8896715,30.0516277],[-94.8899017,30.051997],[-94.8902897,30.052595],[-94.8907788,30.0533393],[-94.8912951,30.0540872],[-94.8916291,30.0546066],[-94.8922418,30.0555254],[-94.8924425,30.0558214],[-94.8926518,30.0561386],[-94.8932632,30.0570656],[-94.8939711,30.0581109],[-94.8940977,30.0583029],[-94.8941796,30.058427],[-94.8945892,30.059048],[-94.895027,30.059747],[-94.8951479,30.0599275],[-94.895485,30.060454],[-94.8957328,30.0608135],[-94.8958119,30.0609282],[-94.8964189,30.0618088],[-94.8968677,30.0624598],[-94.8971678,30.0629687],[-94.897339,30.063259],[-94.8978002,30.0639383],[-94.8982286,30.0645694],[-94.898324,30.06471],[-94.8985263,30.0650071],[-94.8988344,30.0654596],[-94.898934,30.065606],[-94.899285,30.066072],[-94.900097,30.067356],[-94.9008469,30.0684584],[-94.9015309,30.069447]]}},{"type":"Feature","properties":{"osmId":"way/21078643","name":"Maplewood Street","ref":"","highway":"residential"},"geometry":{"type":"LineString","coordinates":[[-94.8933141,30.0529765],[-94.8924614,30.0534443],[-94.8921604,30.0535991]]}},{"type":"Feature","properties":{"osmId":"way/21078653","name":"Smith Street","ref":"","highway":"residential"},"geometry":{"type":"LineString","coordinates":[[-94.8816405,30.0420962],[-94.8823064,30.0430756],[-94.882584,30.0434789]]}},{"type":"Feature","properties":{"osmId":"way/21078706","name":"Brooks Street","ref":"","highway":"residential"},"geometry":{"type":"LineString","coordinates":[[-94.9044931,30.0671069],[-94.9049655,30.0677632],[-94.9061351,30.0695419]]}},{"type":"Feature","properties":{"osmId":"way/21078838","name":"Cherry Creek","ref":"","highway":"residential"},"geometry":{"type":"LineString","coordinates":[[-94.8796775,30.0704297],[-94.8799244,30.0703162]]}},{"type":"Feature","properties":{"osmId":"way/21078877","name":"Westwood Street","ref":"","highway":"residential"},"geometry":{"type":"LineString","coordinates":[[-94.8978002,30.0639383],[-94.89578,30.0649377]]}},{"type":"Feature","properties":{"osmId":"way/21078918","name":"Fairfield Street","ref":"CR 6022","highway":"residential"},"geometry":{"type":"LineString","coordinates":[[-94.9361084,30.0275416],[-94.9369766,30.0274544],[-94.9374701,30.0273058],[-94.9382614,30.02712],[-94.9383664,30.0271193],[-94.9407542,30.0271283],[-94.941189,30.0271299],[-94.9417775,30.0271104],[-94.9442058,30.0271182],[-94.9443395,30.0271186],[-94.9454878,30.0271024],[-94.9457414,30.0270988],[-94.9457977,30.0270985],[-94.9467446,30.0270937],[-94.9474074,30.0270904],[-94.9498355,30.0270848],[-94.9498924,30.027084]]}},{"type":"Feature","properties":{"osmId":"way/21078920","name":"Tucker Street","ref":"","highway":"residential"},"geometry":{"type":"LineString","coordinates":[[-94.8972505,30.0708586],[-94.8974833,30.0712788],[-94.897587,30.0714844],[-94.897915,30.0719799],[-94.8981396,30.0723604],[-94.89837,30.072633]]}},{"type":"Feature","properties":{"osmId":"way/21078937","name":"Waco Street","ref":"","highway":"tertiary"},"geometry":{"type":"LineString","coordinates":[[-94.8976832,30.0463118],[-94.8980956,30.0475098],[-94.8982002,30.0478136],[-94.8984908,30.0485992],[-94.8995264,30.0514067],[-94.9002896,30.053686]]}},{"type":"Feature","properties":{"osmId":"way/21078939","name":"Waco Street","ref":"","highway":"tertiary"},"geometry":{"type":"LineString","coordinates":[[-94.8982153,30.046311],[-94.8982177,30.0460062],[-94.8982196,30.0457763],[-94.8982292,30.0445817],[-94.898158,30.0430558],[-94.8981813,30.0420015],[-94.8981904,30.0411538],[-94.8981904,30.0409998],[-94.8981666,30.0408696],[-94.8981332,30.040741],[-94.8980403,30.0405993],[-94.8978538,30.0404331],[-94.8977823,30.0403628],[-94.8977542,30.0403351],[-94.8974732,30.0400588],[-94.8973646,30.0399548]]}},{"type":"Feature","properties":{"osmId":"way/21078963","name":"Collins Street","ref":"","highway":"residential"},"geometry":{"type":"LineString","coordinates":[[-94.8954405,30.0463096],[-94.8960966,30.0473077],[-94.896844,30.0484637],[-94.897289,30.049241],[-94.8977396,30.0499282]]}},{"type":"Feature","properties":{"osmId":"way/21078974","name":"West Young Street","ref":"","highway":"tertiary"},"geometry":{"type":"LineString","coordinates":[[-94.8870035,30.0393786],[-94.8858118,30.0400058],[-94.8849492,30.0403817]]}},{"type":"Feature","properties":{"osmId":"way/21079009","name":"Paul Street","ref":"","highway":"residential"},"geometry":{"type":"LineString","coordinates":[[-94.9076482,30.0711249],[-94.9059965,30.071965]]}},{"type":"Feature","properties":{"osmId":"way/21079050","name":"Pruitt Street","ref":"","highway":"residential"},"geometry":{"type":"LineString","coordinates":[[-94.8701213,30.0384647],[-94.8660496,30.0404923]]}},{"type":"Feature","properties":{"osmId":"way/21079051","name":"South Main Street","ref":"","highway":"tertiary"},"geometry":{"type":"LineString","coordinates":[[-94.8873028,30.0439242],[-94.8866569,30.0429629],[-94.886018,30.0420344],[-94.885492,30.0412364],[-94.8849492,30.0403817]]}},{"type":"Feature","properties":{"osmId":"way/21079078","name":"Linney Creek Road","ref":"","highway":"residential"},"geometry":{"type":"LineString","coordinates":[[-94.8800953,30.0732433],[-94.8798557,30.0733491],[-94.8789359,30.0737576]]}},{"type":"Feature","properties":{"osmId":"way/21079079","name":"Linney Creek Road","ref":"","highway":"residential"},"geometry":{"type":"LineString","coordinates":[[-94.8818851,30.0723329],[-94.8839788,30.0712502]]}},{"type":"Feature","properties":{"osmId":"way/21079160","name":"Chester Street","ref":"","highway":"residential"},"geometry":{"type":"LineString","coordinates":[[-94.8924677,30.0624206],[-94.8927507,30.0628428],[-94.8930386,30.063265],[-94.8936458,30.0641517]]}},{"type":"Feature","properties":{"osmId":"way/21079161","name":"Chester Street","ref":"","highway":"residential"},"geometry":{"type":"LineString","coordinates":[[-94.8916737,30.0606374],[-94.8924868,30.0619013],[-94.8926469,30.0621517],[-94.8926713,30.0622172],[-94.8926694,30.0622475],[-94.8926577,30.0622744],[-94.8926166,30.062329],[-94.8925441,30.0623807],[-94.8924677,30.0624206]]}},{"type":"Feature","properties":{"osmId":"way/21079218","name":"Flowers Street","ref":"","highway":"residential"},"geometry":{"type":"LineString","coordinates":[[-94.8869678,30.0515441],[-94.8879642,30.0510078],[-94.8889375,30.0505269]]}},{"type":"Feature","properties":{"osmId":"way/21079219","name":"Flowers Street","ref":"","highway":"residential"},"geometry":{"type":"LineString","coordinates":[[-94.8908154,30.0491933],[-94.8898584,30.0496617],[-94.8887488,30.0502267]]}},{"type":"Feature","properties":{"osmId":"way/21079272","name":"Blonstein Road","ref":"CR 6051","highway":"residential"},"geometry":{"type":"LineString","coordinates":[[-94.9324159,30.0402684],[-94.9324184,30.041299],[-94.9324184,30.0431754]]}},{"type":"Feature","properties":{"osmId":"way/21079304","name":"Daisy Street","ref":"","highway":"residential"},"geometry":{"type":"LineString","coordinates":[[-94.8822315,30.0450591],[-94.8814432,30.0454624]]}},{"type":"Feature","properties":{"osmId":"way/21079393","name":"Sterling Avenue","ref":"","highway":"residential"},"geometry":{"type":"LineString","coordinates":[[-94.8904213,30.0446009],[-94.8902175,30.0447091],[-94.8897413,30.0449654],[-94.8892599,30.0452246],[-94.8889076,30.0454046],[-94.8887945,30.0454646],[-94.8884049,30.0456715]]}},{"type":"Feature","properties":{"osmId":"way/21079433","name":"Susan Street","ref":"","highway":"residential"},"geometry":{"type":"LineString","coordinates":[[-94.9018026,30.0453968],[-94.9005002,30.0454014],[-94.8990722,30.0453987]]}},{"type":"Feature","properties":{"osmId":"way/21079535","name":"Timber Lane","ref":"","highway":"residential"},"geometry":{"type":"LineString","coordinates":[[-94.898324,30.06471],[-94.897164,30.065229],[-94.897057,30.065328],[-94.897011,30.065503],[-94.89695,30.065553],[-94.897011,30.065667],[-94.897362,30.066186],[-94.897408,30.066205],[-94.897515,30.066221],[-94.897668,30.066213],[-94.89782,30.066125],[-94.898934,30.065606]]}},{"type":"Feature","properties":{"osmId":"way/21079596","name":"Ross Street","ref":"","highway":"residential"},"geometry":{"type":"LineString","coordinates":[[-94.8943875,30.0463075],[-94.8943842,30.0452246],[-94.8943913,30.0451867],[-94.8944018,30.0451507],[-94.8944192,30.0451141],[-94.894436,30.045089],[-94.8944578,30.0450638],[-94.8944841,30.0450443],[-94.8945145,30.0450284],[-94.8945509,30.0450154],[-94.8951631,30.0448581],[-94.8960554,30.0446145]]}},{"type":"Feature","properties":{"osmId":"way/21079657","name":"Elaine Street","ref":"","highway":"residential"},"geometry":{"type":"LineString","coordinates":[[-94.9004974,30.0463073],[-94.9005002,30.0454014],[-94.9005042,30.0445827]]}},{"type":"Feature","properties":{"osmId":"way/21079687","name":"Seacamp Street","ref":"","highway":"residential"},"geometry":{"type":"LineString","coordinates":[[-94.8889454,30.0482913],[-94.8878188,30.0488446]]}},{"type":"Feature","properties":{"osmId":"way/21079702","name":"Carl Street","ref":"","highway":"residential"},"geometry":{"type":"LineString","coordinates":[[-94.8870274,30.0558682],[-94.8878552,30.0554543],[-94.889075,30.0548444]]}},{"type":"Feature","properties":{"osmId":"way/21079720","name":"","ref":"CR 6022A","highway":"residential"},"geometry":{"type":"LineString","coordinates":[[-94.9443395,30.0271186],[-94.9443148,30.0256105],[-94.9442983,30.0246002],[-94.9442827,30.0236556],[-94.947319,30.023628],[-94.9473511,30.0236277],[-94.9473636,30.0246601],[-94.9473748,30.0255898],[-94.947385,30.0264294],[-94.9473887,30.0267349],[-94.9474074,30.0270904]]}},{"type":"Feature","properties":{"osmId":"way/21079735","name":"Holmes Street","ref":"","highway":"residential"},"geometry":{"type":"LineString","coordinates":[[-94.8971924,30.0482659],[-94.8967847,30.0476251]]}},{"type":"Feature","properties":{"osmId":"way/21079737","name":"Pauline Drive","ref":"CR 6025","highway":"residential"},"geometry":{"type":"LineString","coordinates":[[-94.941702,30.0232478],[-94.9416352,30.0249478]]}},{"type":"Feature","properties":{"osmId":"way/21079822","name":"Hunnicutt Street","ref":"","highway":"residential"},"geometry":{"type":"LineString","coordinates":[[-94.9035841,30.068454],[-94.9059965,30.071965],[-94.9060278,30.0720123],[-94.9063366,30.0724796]]}},{"type":"Feature","properties":{"osmId":"way/21079877","name":"Larson Street","ref":"","highway":"residential"},"geometry":{"type":"LineString","coordinates":[[-94.8843109,30.0435387],[-94.882879,30.0442634],[-94.8825102,30.0444538]]}},{"type":"Feature","properties":{"osmId":"way/21079886","name":"North Main Street","ref":"","highway":"tertiary"},"geometry":{"type":"LineString","coordinates":[[-94.8880804,30.0451366],[-94.8881756,30.0452935],[-94.8884049,30.0456715],[-94.8885618,30.0459186],[-94.8886792,30.0460869],[-94.8888082,30.0462718],[-94.8888248,30.0462956],[-94.8891082,30.0467361],[-94.8892145,30.0469049],[-94.88928,30.047009],[-94.8896564,30.0474696],[-94.8903381,30.0485022],[-94.8908154,30.0491933],[-94.8912858,30.0499233],[-94.8917506,30.0505731],[-94.8919957,30.0509587],[-94.8924311,30.0516251],[-94.8925938,30.0518729],[-94.8928802,30.0523125],[-94.8933141,30.0529765],[-94.8943191,30.0544772]]}},{"type":"Feature","properties":{"osmId":"way/21079911","name":"East Kay Street","ref":"","highway":"residential"},"geometry":{"type":"LineString","coordinates":[[-94.8885535,30.0499382],[-94.8875731,30.0504021],[-94.8863885,30.051012]]}},{"type":"Feature","properties":{"osmId":"way/21079913","name":"East Kay Street","ref":"","highway":"residential"},"geometry":{"type":"LineString","coordinates":[[-94.8903381,30.0485022],[-94.8894034,30.0489544],[-94.8882876,30.0495349]]}},{"type":"Feature","properties":{"osmId":"way/21079956","name":"","ref":"CR 492","highway":"residential"},"geometry":{"type":"LineString","coordinates":[[-94.8940053,30.0205717],[-94.8936628,30.0205789],[-94.8932618,30.0205764],[-94.8928819,30.0205809],[-94.8916917,30.0205606],[-94.8902568,30.0205626],[-94.8894524,30.0205565]]}},{"type":"Feature","properties":{"osmId":"way/21079962","name":"Perry Lane","ref":"","highway":"residential"},"geometry":{"type":"LineString","coordinates":[[-94.9052984,30.0403587],[-94.9052906,30.0406143],[-94.905242,30.0406809],[-94.9052196,30.0407651],[-94.9052311,30.0422708]]}},{"type":"Feature","properties":{"osmId":"way/21079976","name":"Willow Street","ref":"","highway":"residential"},"geometry":{"type":"LineString","coordinates":[[-94.8961839,30.0582488],[-94.896656,30.0589174],[-94.8969778,30.0594003],[-94.8970422,30.0595303]]}},{"type":"Feature","properties":{"osmId":"way/21079997","name":"County Road 495","ref":"CR 495","highway":"residential"},"geometry":{"type":"LineString","coordinates":[[-94.9280316,30.0162763],[-94.9278255,30.0162765],[-94.9276002,30.0162766],[-94.926025,30.0162774],[-94.9239746,30.0162849],[-94.9238515,30.0162854],[-94.9231736,30.0162879],[-94.9198814,30.0162819]]}},{"type":"Feature","properties":{"osmId":"way/21080008","name":"County Road 496","ref":"CR 496","highway":"residential"},"geometry":{"type":"LineString","coordinates":[[-94.9250791,30.018837],[-94.925029,30.0187731],[-94.9249882,30.0187211],[-94.9249307,30.0186476],[-94.9248155,30.0185306],[-94.9245842,30.0182955],[-94.9233721,30.0182961],[-94.9219827,30.0182968],[-94.9199131,30.0182978]]}},{"type":"Feature","properties":{"osmId":"way/21080018","name":"Tram Road","ref":"","highway":"tertiary"},"geometry":{"type":"LineString","coordinates":[[-94.9035214,30.0640642],[-94.9033789,30.064213],[-94.902987,30.0648837],[-94.9026675,30.0654305],[-94.9026533,30.0654549],[-94.9019893,30.0665914],[-94.9018557,30.06682],[-94.9018109,30.0668966],[-94.9015475,30.0673769],[-94.9008469,30.0684584]]}},{"type":"Feature","properties":{"osmId":"way/21080026","name":"East Lawrence Street","ref":"","highway":"residential"},"geometry":{"type":"LineString","coordinates":[[-94.8945892,30.059048],[-94.8924943,30.0602281],[-94.8916737,30.0606374],[-94.890525,30.061227],[-94.8897348,30.0616639],[-94.888908,30.062013]]}},{"type":"Feature","properties":{"osmId":"way/21080080","name":"Sherwood Street","ref":"","highway":"residential"},"geometry":{"type":"LineString","coordinates":[[-94.8811093,30.0583286],[-94.881508,30.058736],[-94.881614,30.058843],[-94.881813,30.058904],[-94.881965,30.058969],[-94.882225,30.059221],[-94.883394,30.0606084],[-94.8836901,30.0609598],[-94.884452,30.061864],[-94.884605,30.061876],[-94.884758,30.061933],[-94.88491,30.061979],[-94.885002,30.062089],[-94.885109,30.062211],[-94.885917,30.063463]]}},{"type":"Feature","properties":{"osmId":"way/21080095","name":"County Road 631","ref":"CR 631","highway":"residential"},"geometry":{"type":"LineString","coordinates":[[-94.8621201,30.0838149],[-94.8629477,30.0838123],[-94.8631116,30.0838118],[-94.8633796,30.083811],[-94.8637354,30.0838129],[-94.8638711,30.0838136],[-94.8643355,30.0838161]]}},{"type":"Feature","properties":{"osmId":"way/21080143","name":"Merriel Street","ref":"CR 6024","highway":"residential"},"geometry":{"type":"LineString","coordinates":[[-94.936096,30.023179],[-94.941702,30.0232478]]}},{"type":"Feature","properties":{"osmId":"way/21080212","name":"Rosewood Street","ref":"","highway":"residential"},"geometry":{"type":"LineString","coordinates":[[-94.8902897,30.052595],[-94.8893105,30.0530468],[-94.8888449,30.0532779]]}},{"type":"Feature","properties":{"osmId":"way/21080266","name":"West Barrow Street","ref":"","highway":"residential"},"geometry":{"type":"LineString","coordinates":[[-94.8880943,30.0410133],[-94.8868543,30.0416067],[-94.886018,30.0420344]]}},{"type":"Feature","properties":{"osmId":"way/21080268","name":"Lovers Lane","ref":"","highway":"tertiary"},"geometry":{"type":"LineString","coordinates":[[-94.8837302,30.0344767],[-94.8784292,30.0344399]]}},{"type":"Feature","properties":{"osmId":"way/21080270","name":"Linney Creek Drive","ref":"","highway":"residential"},"geometry":{"type":"LineString","coordinates":[[-94.8818851,30.0723329],[-94.8805296,30.0730034],[-94.8800953,30.0732433]]}},{"type":"Feature","properties":{"osmId":"way/21080281","name":"Kindt Drive","ref":"","highway":"residential"},"geometry":{"type":"LineString","coordinates":[[-94.8999584,30.0656978],[-94.9009076,30.0671223],[-94.901002,30.0672762],[-94.9010599,30.0673685],[-94.9011752,30.0674071],[-94.9012385,30.0674073],[-94.9013552,30.0673641],[-94.9015475,30.0673769]]}},{"type":"Feature","properties":{"osmId":"way/21080377","name":"East Clayton Avenue","ref":"FM 1008","highway":"secondary"},"geometry":{"type":"LineString","coordinates":[[-94.887582,30.0484877],[-94.8874628,30.0485512],[-94.8873018,30.048637],[-94.8869926,30.0488187],[-94.8866462,30.0490415],[-94.8856637,30.0498134],[-94.8851806,30.0503027],[-94.884884,30.0506589],[-94.8845874,30.051011],[-94.8843573,30.0513176],[-94.8841814,30.0515964],[-94.8840406,30.0518115],[-94.884024,30.0518422],[-94.883923,30.0520294],[-94.8838594,30.0521583],[-94.883776,30.0523271],[-94.8835671,30.0527728],[-94.883438,30.0531345],[-94.8832483,30.0536918],[-94.8832182,30.0538022],[-94.8831284,30.0541315],[-94.8830461,30.0543573],[-94.8829695,30.0546189],[-94.882847,30.0550373],[-94.8827172,30.0555043],[-94.8825698,30.0559132],[-94.882439,30.0563083],[-94.882287,30.0566173],[-94.8822233,30.0567542],[-94.8820431,30.057114],[-94.8817917,30.0575034],[-94.8816133,30.0577916],[-94.8814153,30.0580506],[-94.8812623,30.0581846],[-94.8811093,30.0583286],[-94.8808043,30.0586646],[-94.8804533,30.0590013],[-94.8797973,30.0597026],[-94.8795459,30.0600305],[-94.8792464,30.0605449],[-94.8791572,30.0606982],[-94.8789218,30.061113],[-94.8788027,30.0613492],[-94.8786909,30.0616143],[-94.878663,30.0618033],[-94.8786219,30.0621293],[-94.8786143,30.0624256],[-94.8786214,30.062733],[-94.8786356,30.0633543],[-94.8786466,30.0638356],[-94.8786624,30.0644373],[-94.8786685,30.0648812],[-94.8786424,30.0650415],[-94.8785807,30.06542],[-94.8784813,30.0658086],[-94.8783225,30.0663273],[-94.8782517,30.066545],[-94.8781705,30.0668931],[-94.8780799,30.0673035],[-94.8779756,30.0677607],[-94.8778797,30.0681039],[-94.877762,30.0684932],[-94.8775618,30.0689906],[-94.8773859,30.0693604],[-94.8772179,30.0697008],[-94.876974,30.0700595],[-94.8766029,30.0705039],[-94.8764879,30.0706772],[-94.875771,30.0716894],[-94.8755253,30.0719988],[-94.8751755,30.0723954],[-94.8746336,30.0729821],[-94.8742805,30.0733779],[-94.8741833,30.0734869],[-94.8740113,30.0736723],[-94.8736144,30.0740741],[-94.8735143,30.0741933],[-94.8732626,30.0744514],[-94.8730276,30.0746951],[-94.8725743,30.0751491],[-94.8721948,30.0754849]]}},{"type":"Feature","properties":{"osmId":"way/21080409","name":"Evelyn Street","ref":"","highway":"residential"},"geometry":{"type":"LineString","coordinates":[[-94.8924677,30.0624206],[-94.8916138,30.0628424],[-94.8907808,30.063248],[-94.889961,30.063666]]}},{"type":"Feature","properties":{"osmId":"way/21080417","name":"Mocking Bird Lane","ref":"","highway":"residential"},"geometry":{"type":"LineString","coordinates":[[-94.8797526,30.0705329],[-94.88034,30.0706385],[-94.8806512,30.0707151],[-94.8807432,30.0707665],[-94.8808175,30.0708079],[-94.8809704,30.0709472],[-94.881309,30.0714676],[-94.8818851,30.0723329],[-94.8826175,30.073424],[-94.8829107,30.0738636],[-94.8830169,30.0740227],[-94.8830839,30.0740645],[-94.8831751,30.0740808],[-94.8832824,30.0740668]]}},{"type":"Feature","properties":{"osmId":"way/21080506","name":"West Houston Street","ref":"","highway":"tertiary"},"geometry":{"type":"LineString","coordinates":[[-94.8873028,30.0439242],[-94.8876603,30.0437535],[-94.8885799,30.0433144],[-94.8886418,30.0432852],[-94.8888253,30.0431807],[-94.8892737,30.0429253],[-94.8896549,30.0426656],[-94.8902877,30.0423439],[-94.8908164,30.042065],[-94.8917659,30.0415896],[-94.8922308,30.0413457],[-94.8923105,30.0413055],[-94.89329,30.0408119]]}},{"type":"Feature","properties":{"osmId":"way/21080535","name":"Moller Street","ref":"","highway":"residential"},"geometry":{"type":"LineString","coordinates":[[-94.8946571,30.0390656],[-94.8935456,30.0390629]]}},{"type":"Feature","properties":{"osmId":"way/21080573","name":"Prater Street","ref":"","highway":"tertiary"},"geometry":{"type":"LineString","coordinates":[[-94.8724431,30.0419953],[-94.8718703,30.0411147],[-94.8703792,30.0388223],[-94.8701213,30.0384647],[-94.8677246,30.0349928]]}},{"type":"Feature","properties":{"osmId":"way/21080593","name":"Taylor Lane","ref":"","highway":"residential"},"geometry":{"type":"LineString","coordinates":[[-94.8778515,30.0314775],[-94.875163,30.0314661]]}},{"type":"Feature","properties":{"osmId":"way/21080667","name":"Ester Street","ref":"","highway":"residential"},"geometry":{"type":"LineString","coordinates":[[-94.8943875,30.0463075],[-94.8944317,30.0464057],[-94.8944543,30.0464548],[-94.89448,30.046499],[-94.8953309,30.0477145]]}},{"type":"Feature","properties":{"osmId":"way/21080741","name":"Oak Avenue","ref":"","highway":"residential"},"geometry":{"type":"LineString","coordinates":[[-94.896656,30.0589174],[-94.895027,30.059747]]}},{"type":"Feature","properties":{"osmId":"way/21080753","name":"North Church Street","ref":"","highway":"residential"},"geometry":{"type":"LineString","coordinates":[[-94.8887094,30.0479461],[-94.8889454,30.0482913],[-94.8894034,30.0489544],[-94.8898584,30.0496617],[-94.8903581,30.0503833],[-94.890798,30.0510519],[-94.8910454,30.0514368]]}},{"type":"Feature","properties":{"osmId":"way/21080754","name":"North Church Street","ref":"","highway":"residential"},"geometry":{"type":"LineString","coordinates":[[-94.8870484,30.0458756],[-94.8875937,30.046667],[-94.888084,30.0474084]]}},{"type":"Feature","properties":{"osmId":"way/21080755","name":"Park Place Street","ref":"","highway":"residential"},"geometry":{"type":"LineString","coordinates":[[-94.897339,30.063259],[-94.895814,30.064131]]}},{"type":"Feature","properties":{"osmId":"way/21080766","name":"Pine Street","ref":"","highway":"residential"},"geometry":{"type":"LineString","coordinates":[[-94.8970422,30.0595303],[-94.897059,30.059621],[-94.896955,30.059704],[-94.895485,30.060454]]}},{"type":"Feature","properties":{"osmId":"way/21080791","name":"Edgar Street","ref":"","highway":"residential"},"geometry":{"type":"LineString","coordinates":[[-94.8984908,30.0485992],[-94.897289,30.049241],[-94.8960888,30.0497909]]}},{"type":"Feature","properties":{"osmId":"way/21080811","name":"Dunlo Street","ref":"","highway":"residential"},"geometry":{"type":"LineString","coordinates":[[-94.8943962,30.0472546],[-94.8935698,30.0477246],[-94.8927691,30.0481458]]}},{"type":"Feature","properties":{"osmId":"way/21080832","name":"Stevens Street","ref":"","highway":"residential"},"geometry":{"type":"LineString","coordinates":[[-94.8875734,30.040182],[-94.8863313,30.0408075],[-94.885492,30.0412364]]}},{"type":"Feature","properties":{"osmId":"way/21080861","name":"Hill Street","ref":"","highway":"residential"},"geometry":{"type":"LineString","coordinates":[[-94.8874699,30.0425315],[-94.8868543,30.0416067],[-94.8863313,30.0408075],[-94.8858118,30.0400058],[-94.8849901,30.0385694]]}},{"type":"Feature","properties":{"osmId":"way/21080864","name":"Hill Street","ref":"","highway":"residential"},"geometry":{"type":"LineString","coordinates":[[-94.8886418,30.0432852],[-94.8880796,30.0423741],[-94.8880071,30.0423268],[-94.8878341,30.0423669]]}},{"type":"Feature","properties":{"osmId":"way/21080883","name":"Slover Drive","ref":"","highway":"residential"},"geometry":{"type":"LineString","coordinates":[[-94.877762,30.0684932],[-94.877968,30.068597],[-94.8781138,30.0686527],[-94.8781753,30.06868],[-94.8785269,30.068836],[-94.8786543,30.0689347],[-94.8787736,30.0690496],[-94.8789145,30.0692411],[-94.8795877,30.0703065],[-94.8796775,30.0704297],[-94.8797526,30.0705329],[-94.8798273,30.0706959],[-94.8799203,30.0709518],[-94.8799498,30.0711201],[-94.8799552,30.0713998],[-94.8799619,30.0714683],[-94.8800101,30.0715298],[-94.8801771,30.0716625]]}},{"type":"Feature","properties":{"osmId":"way/21081047","name":"Leona Lane","ref":"CR 6023","highway":"residential"},"geometry":{"type":"LineString","coordinates":[[-94.9361196,30.0249812],[-94.9367618,30.0249773],[-94.9416352,30.0249478],[-94.942397,30.0249395]]}},{"type":"Feature","properties":{"osmId":"way/21081072","name":"Private Road 6063","ref":"","highway":"service"},"geometry":{"type":"LineString","coordinates":[[-94.9120426,30.0463506],[-94.9120332,30.0462977],[-94.9120359,30.0451545],[-94.9120392,30.0437363]]}},{"type":"Feature","properties":{"osmId":"way/21081161","name":"Day Lake Road","ref":"","highway":"residential"},"geometry":{"type":"LineString","coordinates":[[-94.8540477,30.0150889],[-94.8531634,30.0150623],[-94.8527151,30.0150669],[-94.8524845,30.015262],[-94.8523021,30.0155779],[-94.8522055,30.0158101],[-94.8520338,30.0167205],[-94.8519641,30.01725],[-94.8517013,30.0177703],[-94.8514805,30.0178777]]}},{"type":"Feature","properties":{"osmId":"way/21081305","name":"Benton Street","ref":"","highway":"residential"},"geometry":{"type":"LineString","coordinates":[[-94.8924614,30.0534443],[-94.8934221,30.0549238]]}},{"type":"Feature","properties":{"osmId":"way/21081339","name":"Skylark Street","ref":"","highway":"residential"},"geometry":{"type":"LineString","coordinates":[[-94.898934,30.067674],[-94.8986895,30.0678439],[-94.8985969,30.0679356],[-94.8985178,30.0680319],[-94.8984454,30.0681305],[-94.8981436,30.0689476],[-94.8977413,30.0700966],[-94.8976461,30.0703642],[-94.8975267,30.0705835],[-94.89741,30.0707147],[-94.8972505,30.0708586],[-94.8971539,30.0708528],[-94.8970171,30.0707808],[-94.8968709,30.0707263],[-94.8967811,30.0707297],[-94.8966832,30.0707669],[-94.8961601,30.071093],[-94.8960207,30.0711464],[-94.895933,30.0711593]]}},{"type":"Feature","properties":{"osmId":"way/21081417","name":"Friery Street","ref":"","highway":"residential"},"geometry":{"type":"LineString","coordinates":[[-94.8965021,30.0463119],[-94.8964917,30.0460944],[-94.896479,30.0458285],[-94.8960554,30.0446145],[-94.8959183,30.044261]]}},{"type":"Feature","properties":{"osmId":"way/21081428","name":"Goosecreek","ref":"","highway":"residential"},"geometry":{"type":"LineString","coordinates":[[-94.8947379,30.038607],[-94.8946571,30.0390656],[-94.8946139,30.0394875]]}},{"type":"Feature","properties":{"osmId":"way/21081465","name":"West Kay Street","ref":"","highway":"residential"},"geometry":{"type":"LineString","coordinates":[[-94.8923703,30.047548],[-94.8915325,30.0480229],[-94.8904881,30.0485367],[-94.8903381,30.0485022]]}},{"type":"Feature","properties":{"osmId":"way/21081560","name":"Queens Court","ref":"","highway":"residential"},"geometry":{"type":"LineString","coordinates":[[-94.8835793,30.0639897],[-94.8828959,30.0643463]]}},{"type":"Feature","properties":{"osmId":"way/21081570","name":"Myra Lane","ref":"","highway":"residential"},"geometry":{"type":"LineString","coordinates":[[-94.8880407,30.073533],[-94.887865,30.0736456],[-94.8875552,30.0738104],[-94.8858265,30.0746536]]}},{"type":"Feature","properties":{"osmId":"way/21081613","name":"South Cleveland Street","ref":"","highway":"tertiary"},"geometry":{"type":"LineString","coordinates":[[-94.8900081,30.0440096],[-94.8897094,30.0435686],[-94.8894356,30.0431643],[-94.8892737,30.0429253],[-94.8880943,30.0410133],[-94.8878801,30.0406715],[-94.8875734,30.040182],[-94.8875294,30.04012],[-94.8870035,30.0393786],[-94.886613,30.0387777],[-94.8864628,30.038549],[-94.8862766,30.0382601],[-94.8861052,30.0379963],[-94.8857487,30.0376123],[-94.885472,30.037173],[-94.8853246,30.0369542],[-94.8846398,30.035938],[-94.884185,30.0352631],[-94.8840989,30.0351302],[-94.8837535,30.0345972],[-94.8837302,30.0344767]]}},{"type":"Feature","properties":{"osmId":"way/21081616","name":"Cook Street","ref":"","highway":"residential"},"geometry":{"type":"LineString","coordinates":[[-94.8885618,30.0459186],[-94.8875937,30.046667],[-94.8867825,30.0472946]]}},{"type":"Feature","properties":{"osmId":"way/21081621","name":"Cook Street","ref":"","highway":"residential"},"geometry":{"type":"LineString","coordinates":[[-94.8866819,30.0471605],[-94.8857392,30.0478713],[-94.8848478,30.0485489],[-94.8846397,30.0486694],[-94.8845022,30.0487435],[-94.8842137,30.04889]]}},{"type":"Feature","properties":{"osmId":"way/21081682","name":"Glendale Street","ref":"","highway":"residential"},"geometry":{"type":"LineString","coordinates":[[-94.9018941,30.0445744],[-94.9005042,30.0445827],[-94.900269,30.0445704],[-94.8992767,30.0445801],[-94.898437,30.0445975],[-94.8982292,30.0445817]]}},{"type":"Feature","properties":{"osmId":"way/21081721","name":"West Lawrence Street","ref":"","highway":"tertiary"},"geometry":{"type":"LineString","coordinates":[[-94.8986896,30.0569228],[-94.8961839,30.0582488]]}},{"type":"Feature","properties":{"osmId":"way/21081726","name":"East Waring Street","ref":"","highway":"tertiary"},"geometry":{"type":"LineString","coordinates":[[-94.8919957,30.0509587],[-94.8910454,30.0514368],[-94.8899017,30.051997],[-94.8889044,30.0524554],[-94.887633,30.0530857],[-94.8871395,30.0533921],[-94.8866856,30.0536485],[-94.8863581,30.0538335],[-94.8858735,30.0541072],[-94.8847863,30.0546342],[-94.8838873,30.05507],[-94.8829732,30.0555131],[-94.8827172,30.0555043]]}},{"type":"Feature","properties":{"osmId":"way/21081730","name":"South Church Street","ref":"","highway":"residential"},"geometry":{"type":"LineString","coordinates":[[-94.8870484,30.0458756],[-94.8866408,30.0452386],[-94.8865344,30.0450723],[-94.8861685,30.0445005],[-94.8849022,30.0425682],[-94.8838205,30.0409766],[-94.8831373,30.0398665],[-94.8829289,30.0395883]]}},{"type":"Feature","properties":{"osmId":"way/21081773","name":"Pecan Lane","ref":"","highway":"residential"},"geometry":{"type":"LineString","coordinates":[[-94.8789145,30.0692411],[-94.8785561,30.0694132],[-94.87831,30.0696143],[-94.878225,30.0697664],[-94.8780358,30.0701133],[-94.8778411,30.0704272],[-94.8776998,30.0706512],[-94.8772976,30.0710976],[-94.8771641,30.0712577],[-94.8771104,30.0713366],[-94.8771292,30.0714248]]}},{"type":"Feature","properties":{"osmId":"way/21081789","name":"Klemp Road","ref":"CR 606","highway":"residential"},"geometry":{"type":"LineString","coordinates":[[-94.9083726,30.0363036],[-94.9083714,30.0357852],[-94.9083697,30.0350959],[-94.9083576,30.0343577]]}},{"type":"Feature","properties":{"osmId":"way/21081811","name":"Dalhart Street","ref":"","highway":"residential"},"geometry":{"type":"LineString","coordinates":[[-94.8977347,30.0536115],[-94.8991315,30.0557504]]}},{"type":"Feature","properties":{"osmId":"way/21081813","name":"County Road 6681","ref":"CR 6681","highway":"residential"},"geometry":{"type":"LineString","coordinates":[[-94.920495,30.075094],[-94.9205002,30.0754958],[-94.9205058,30.075923],[-94.9205187,30.0769045],[-94.9205244,30.0773412],[-94.920531,30.0778488],[-94.9205324,30.0779532],[-94.92054,30.0785295],[-94.9205439,30.0788296],[-94.9205341,30.0800416],[-94.9205289,30.0806792],[-94.9204746,30.0808026]]}},{"type":"Feature","properties":{"osmId":"way/21081818","name":"County Road 6682","ref":"CR 6682","highway":"residential"},"geometry":{"type":"LineString","coordinates":[[-94.9232586,30.0808861],[-94.9232419,30.0813494],[-94.9231637,30.0842056],[-94.9231477,30.0846359]]}},{"type":"Feature","properties":{"osmId":"way/21081837","name":"Barneys","ref":"","highway":"residential"},"geometry":{"type":"LineString","coordinates":[[-94.8990007,30.0573685],[-94.8974698,30.058169]]}},{"type":"Feature","properties":{"osmId":"way/21081874","name":"Brown Road","ref":"CR 471","highway":"tertiary"},"geometry":{"type":"LineString","coordinates":[[-94.8939872,30.0323198],[-94.8934369,30.0323183],[-94.8929436,30.032317],[-94.8919429,30.0323143],[-94.8917406,30.0323138],[-94.8908041,30.0323159],[-94.890371,30.0323168],[-94.8899176,30.0323178],[-94.8896926,30.0323178],[-94.8896491,30.032318],[-94.8878095,30.0323253],[-94.8866456,30.03233],[-94.8864144,30.0323309],[-94.8862134,30.0323317],[-94.8845739,30.0323382],[-94.8839119,30.0323409],[-94.8835372,30.0323394],[-94.8819016,30.0323328],[-94.8806526,30.0323349],[-94.8801056,30.0323358],[-94.8782526,30.0323398],[-94.8781186,30.0323398],[-94.8779795,30.0323471]]}},{"type":"Feature","properties":{"osmId":"way/21081901","name":"Arcadia Street","ref":"","highway":"residential"},"geometry":{"type":"LineString","coordinates":[[-94.8926392,30.0463017],[-94.8928785,30.0466676],[-94.8931914,30.047146],[-94.8935698,30.0477246],[-94.8944253,30.0489646]]}},{"type":"Feature","properties":{"osmId":"way/21081908","name":"Little John Lane","ref":"","highway":"residential"},"geometry":{"type":"LineString","coordinates":[[-94.884452,30.061864],[-94.884346,30.061933],[-94.884254,30.061979],[-94.8839976,30.0621093],[-94.8839554,30.0621862],[-94.8839242,30.0622433],[-94.884102,30.062402],[-94.8841167,30.0625364],[-94.8842545,30.062827],[-94.8850024,30.0638911],[-94.8858816,30.0651712]]}},{"type":"Feature","properties":{"osmId":"way/21081918","name":"Klemp Road","ref":"","highway":"residential"},"geometry":{"type":"LineString","coordinates":[[-94.9083863,30.0462783],[-94.9083477,30.0451791],[-94.9083342,30.044018],[-94.9083289,30.0435666],[-94.9083536,30.0412587],[-94.9083579,30.0403225],[-94.908364,30.0389465],[-94.9083726,30.0363036]]}},{"type":"Feature","properties":{"osmId":"way/21081927","name":"Manor Street","ref":"","highway":"residential"},"geometry":{"type":"LineString","coordinates":[[-94.8924943,30.0602281],[-94.8933123,30.0615009]]}},{"type":"Feature","properties":{"osmId":"way/21082018","name":"Stone Street","ref":"","highway":"residential"},"geometry":{"type":"LineString","coordinates":[[-94.8915061,30.0558994],[-94.8918806,30.0564143],[-94.8917529,30.0565495],[-94.8905298,30.0571438]]}},{"type":"Feature","properties":{"osmId":"way/21082028","name":"Private Road 6056","ref":"","highway":"service"},"geometry":{"type":"LineString","coordinates":[[-94.9387623,30.0402643],[-94.9387623,30.035769],[-94.9431826,30.035769]]}},{"type":"Feature","properties":{"osmId":"way/21082052","name":"East Houston Street","ref":"","highway":"tertiary"},"geometry":{"type":"LineString","coordinates":[[-94.8873028,30.0439242],[-94.8861685,30.0445005],[-94.8855928,30.0447915],[-94.8852459,30.0449668],[-94.8845885,30.0452863],[-94.8844933,30.0453326],[-94.88388,30.0456307],[-94.8820894,30.0465009],[-94.8811893,30.0469576]]}},{"type":"Feature","properties":{"osmId":"way/21082063","name":"West Clayton Street","ref":"FM 1960","highway":"primary"},"geometry":{"type":"LineString","coordinates":[[-94.9033325,30.0463088],[-94.9029646,30.0463068],[-94.9021034,30.0463021],[-94.9016631,30.0462997],[-94.9004974,30.0463073],[-94.8997171,30.0463086],[-94.8986862,30.0463102],[-94.8982153,30.046311],[-94.8976832,30.0463118],[-94.8969111,30.0463119],[-94.8966983,30.0463119],[-94.8965021,30.0463119],[-94.8955163,30.0463115],[-94.8954405,30.0463096],[-94.8943875,30.0463075],[-94.8938467,30.0463021],[-94.8932512,30.046299],[-94.8926392,30.0463017],[-94.8925591,30.0463033],[-94.8920364,30.0463136],[-94.8916629,30.0464407]]}},{"type":"Feature","properties":{"osmId":"way/21082064","name":"West Clayton Street","ref":"FM 1008","highway":"secondary"},"geometry":{"type":"LineString","coordinates":[[-94.8896564,30.0474696],[-94.8901886,30.0471967],[-94.8905218,30.0470237],[-94.8909027,30.0468291],[-94.8913378,30.0466064],[-94.8916629,30.0464407]]}},{"type":"Feature","properties":{"osmId":"way/21082070","name":"","ref":"CR 614","highway":"tertiary"},"geometry":{"type":"LineString","coordinates":[[-94.9405862,30.0462825],[-94.9406269,30.0465418],[-94.9406548,30.0493544],[-94.9406499,30.0499831],[-94.9406473,30.0503311],[-94.9406339,30.0520676],[-94.9406323,30.0522681],[-94.9405936,30.0525096],[-94.940532,30.0528938],[-94.9405376,30.0534286],[-94.940542,30.0538428],[-94.940568,30.056306],[-94.9405612,30.0571882],[-94.9405867,30.0583852],[-94.9406007,30.0599466]]}},{"type":"Feature","properties":{"osmId":"way/21082118","name":"Atascocita Trail","ref":"","highway":"residential"},"geometry":{"type":"LineString","coordinates":[[-94.8860612,30.0725976],[-94.8855382,30.072449],[-94.8851962,30.0723689],[-94.8848783,30.0722993],[-94.8847241,30.0722355],[-94.8846141,30.07216],[-94.8845297,30.072073],[-94.8839788,30.0712502],[-94.8832688,30.0701895],[-94.8830763,30.0699049],[-94.8829494,30.0697172]]}},{"type":"Feature","properties":{"osmId":"way/21082159","name":"Marblehead Street","ref":"","highway":"residential"},"geometry":{"type":"LineString","coordinates":[[-94.8916291,30.0546066],[-94.8897425,30.0555937],[-94.8875257,30.0567538]]}},{"type":"Feature","properties":{"osmId":"way/21082162","name":"East Austin Street","ref":"","highway":"tertiary"},"geometry":{"type":"LineString","coordinates":[[-94.9035841,30.068454],[-94.9028849,30.0687792],[-94.9015309,30.069447]]}},{"type":"Feature","properties":{"osmId":"way/21082178","name":"McBride Street","ref":"","highway":"residential"},"geometry":{"type":"LineString","coordinates":[[-94.9054627,30.0698293],[-94.9042823,30.0680786],[-94.903329,30.066903]]}},{"type":"Feature","properties":{"osmId":"way/21082186","name":"Martha Road","ref":"","highway":"residential"},"geometry":{"type":"LineString","coordinates":[[-94.9071278,30.0698389],[-94.9073311,30.0698498],[-94.9126292,30.0705506],[-94.9157479,30.0709718],[-94.9173859,30.0710147]]}},{"type":"Feature","properties":{"osmId":"way/21082242","name":"Mitchell Road","ref":"","highway":"residential"},"geometry":{"type":"LineString","coordinates":[[-94.9041697,30.0403538],[-94.904184,30.0399112]]}},{"type":"Feature","properties":{"osmId":"way/21082250","name":"Holitzke Street","ref":"","highway":"residential"},"geometry":{"type":"LineString","coordinates":[[-94.8917506,30.0505731],[-94.890798,30.0510519],[-94.8896715,30.0516277]]}},{"type":"Feature","properties":{"osmId":"way/21082302","name":"","ref":"CR 6610","highway":"residential"},"geometry":{"type":"LineString","coordinates":[[-94.915481,30.0600026],[-94.9154341,30.0590995],[-94.9154019,30.058345],[-94.9153321,30.0576222]]}},{"type":"Feature","properties":{"osmId":"way/21082326","name":"","ref":"CR 6612","highway":"residential"},"geometry":{"type":"LineString","coordinates":[[-94.9185307,30.0561071],[-94.9185468,30.0562905],[-94.9189786,30.0577856],[-94.9191932,30.0585888],[-94.9191959,30.0587954],[-94.9191395,30.059984]]}},{"type":"Feature","properties":{"osmId":"way/21082363","name":"River Oaks Street","ref":"","highway":"residential"},"geometry":{"type":"LineString","coordinates":[[-94.8971915,30.0671036],[-94.8972395,30.0673158],[-94.897256,30.067449],[-94.8972779,30.0675964],[-94.8972726,30.0677705],[-94.8972109,30.0680003],[-94.8970634,30.0684065],[-94.8967925,30.0691446],[-94.896661,30.0694441],[-94.89659,30.0695839],[-94.8965001,30.069693],[-94.896366,30.0697754],[-94.895847,30.0700412],[-94.8953924,30.0702646],[-94.8952663,30.070325],[-94.8952073,30.0703656],[-94.8951496,30.0704312],[-94.8951248,30.0704991],[-94.8951214,30.0705269],[-94.8951362,30.0705826],[-94.895157,30.070618],[-94.8952006,30.0706674],[-94.895331,30.070808],[-94.8957235,30.0710877],[-94.895933,30.0711593]]}},{"type":"Feature","properties":{"osmId":"way/21082368","name":"Whitewing Street","ref":"","highway":"residential"},"geometry":{"type":"LineString","coordinates":[[-94.898238,30.06657],[-94.898934,30.067674],[-94.899483,30.068387],[-94.89959,30.068612],[-94.899697,30.068776],[-94.899895,30.069139],[-94.900048,30.069269],[-94.90014,30.069402]]}},{"type":"Feature","properties":{"osmId":"way/21082388","name":"Entzminger Street","ref":"","highway":"residential"},"geometry":{"type":"LineString","coordinates":[[-94.8861052,30.0379963],[-94.8849901,30.0385694],[-94.8840563,30.0390482],[-94.8829289,30.0395883],[-94.8820167,30.040033]]}},{"type":"Feature","properties":{"osmId":"way/21082415","name":"North Cleveland Street","ref":"TX 321","highway":"primary"},"geometry":{"type":"LineString","coordinates":[[-94.9095901,30.075535],[-94.9094161,30.0751463],[-94.9093087,30.0749021],[-94.9076482,30.0711249],[-94.9074926,30.0707535],[-94.907395,30.0704755],[-94.9073638,30.0703867],[-94.907219,30.0700432],[-94.9071278,30.0698389],[-94.9070751,30.0697276],[-94.9069412,30.0694449],[-94.9069079,30.0693747],[-94.9066665,30.0689151],[-94.9064143,30.0684415],[-94.9061461,30.0680144],[-94.9059584,30.067708],[-94.905717,30.0673552],[-94.9054166,30.0668677],[-94.9050267,30.066294],[-94.9042821,30.0651982],[-94.9036453,30.0642611],[-94.9035214,30.0640642],[-94.9013324,30.0608102],[-94.9009319,30.0602147],[-94.9007171,30.0599084],[-94.90038,30.0594096],[-94.8991312,30.0575616],[-94.8990007,30.0573685],[-94.8986896,30.0569228],[-94.8979878,30.0558916],[-94.8968736,30.0542544],[-94.8963829,30.0535333],[-94.8959565,30.0528959],[-94.8950824,30.0515892],[-94.8945942,30.0508593],[-94.8942238,30.0503056],[-94.893985,30.0499487],[-94.8927691,30.0481458],[-94.8924092,30.0476063],[-94.8923703,30.047548],[-94.8920485,30.0470444]]}},{"type":"Feature","properties":{"osmId":"way/21082497","name":"Ladd Street","ref":"","highway":"residential"},"geometry":{"type":"LineString","coordinates":[[-94.8955163,30.0463115],[-94.8955093,30.0460954],[-94.8955011,30.0458415],[-94.8954188,30.0455489],[-94.8951631,30.0448581],[-94.8950496,30.0445719]]}},{"type":"Feature","properties":{"osmId":"way/21082511","name":"","ref":"CR 6055A","highway":"residential"},"geometry":{"type":"LineString","coordinates":[[-94.9451539,30.0316671],[-94.9455163,30.0316638],[-94.9477603,30.0316589],[-94.948094,30.0316582],[-94.9487272,30.0316568],[-94.9490099,30.0316584],[-94.9490592,30.0316576]]}},{"type":"Feature","properties":{"osmId":"way/21082527","name":"Cherry Creek Road","ref":"","highway":"tertiary"},"geometry":{"type":"LineString","coordinates":[[-94.9009319,30.0602147],[-94.9007814,30.0602999],[-94.9005135,30.0604514],[-94.9001433,30.0607625],[-94.8999542,30.0608605],[-94.8992912,30.0612041],[-94.8987207,30.0614997],[-94.8969542,30.062415],[-94.8968677,30.0624598],[-94.8967779,30.0626124],[-94.895332,30.063323],[-94.8950988,30.0634376],[-94.8949558,30.0635079],[-94.8936458,30.0641517],[-94.8928087,30.0645737],[-94.892401,30.0647896],[-94.8914083,30.0652912],[-94.8912066,30.0653836]]}},{"type":"Feature","properties":{"osmId":"way/21082541","name":"","ref":"CR 6330","highway":"residential"},"geometry":{"type":"LineString","coordinates":[[-94.8560016,30.0848744],[-94.8558294,30.0844748],[-94.8555655,30.0841294],[-94.8552603,30.0838565],[-94.8548233,30.0836184],[-94.8544446,30.0834995],[-94.8539935,30.083416],[-94.853344,30.0833074],[-94.8522778,30.0831291],[-94.8511639,30.0829429],[-94.8508716,30.082894],[-94.8505249,30.0828499],[-94.8501598,30.0828035]]}},{"type":"Feature","properties":{"osmId":"way/21082543","name":"Brown Trail","ref":"","highway":"track"},"geometry":{"type":"LineString","coordinates":[[-94.8839119,30.0323409],[-94.8838827,30.034254]]}},{"type":"Feature","properties":{"osmId":"way/21082550","name":"","ref":"CR 6331","highway":"residential"},"geometry":{"type":"LineString","coordinates":[[-94.8539935,30.083416],[-94.8539658,30.0831205],[-94.8539168,30.0828608],[-94.853727,30.082303],[-94.8535646,30.0819527],[-94.8535458,30.0819122],[-94.8533787,30.081624],[-94.8532838,30.0814604],[-94.8530082,30.0811936],[-94.8525426,30.0809255],[-94.8524603,30.0809005],[-94.8523165,30.0808569],[-94.8520536,30.0808104],[-94.8514686,30.0807851],[-94.8514621,30.0807852],[-94.8508383,30.0807967]]}},{"type":"Feature","properties":{"osmId":"way/21082557","name":"Bell Street","ref":"","highway":"residential"},"geometry":{"type":"LineString","coordinates":[[-94.8989811,30.0536513],[-94.8992797,30.0541501],[-94.89959,30.054732],[-94.899834,30.055075],[-94.9001595,30.0555338],[-94.9003848,30.0558402],[-94.900535,30.056091],[-94.9006637,30.056286]]}},{"type":"Feature","properties":{"osmId":"way/38850756","name":"United States Highway 90 West","ref":"US 90;TX 146","highway":"trunk"},"geometry":{"type":"LineString","coordinates":[[-94.8934202,30.0420303],[-94.8929251,30.0423227],[-94.8924846,30.0425829],[-94.8924382,30.0426103],[-94.8923261,30.0426765],[-94.8906993,30.0436122],[-94.8906217,30.0436568],[-94.8903786,30.0437966],[-94.8901243,30.0439428],[-94.8900081,30.0440096],[-94.8899197,30.0440613],[-94.8894945,30.0443099],[-94.8893979,30.0443664],[-94.889362,30.0443874],[-94.8891623,30.0445041],[-94.8889436,30.0446319],[-94.888842,30.0446913],[-94.888539,30.0448685],[-94.8880804,30.0451366]]}},{"type":"Feature","properties":{"osmId":"way/59520557","name":"","ref":"TX 321","highway":"primary"},"geometry":{"type":"LineString","coordinates":[[-94.9132218,30.0843316],[-94.9120362,30.0814722],[-94.9117216,30.0806987],[-94.9116983,30.0806413],[-94.9103465,30.0773083],[-94.9097994,30.0760257],[-94.9095901,30.075535]]}},{"type":"Feature","properties":{"osmId":"way/72711236","name":"","ref":"CR 6022B","highway":"residential"},"geometry":{"type":"LineString","coordinates":[[-94.9498188,30.0235487],[-94.9498355,30.0270848]]}},{"type":"Feature","properties":{"osmId":"way/73301373","name":"Cypress Lane","ref":"","highway":"residential"},"geometry":{"type":"LineString","coordinates":[[-94.9080399,30.055148],[-94.9074419,30.0551489],[-94.9066265,30.0551501],[-94.9055579,30.0551517],[-94.9048748,30.0551252],[-94.9048265,30.0551206],[-94.9047729,30.0551113],[-94.9047299,30.0550927],[-94.9047031,30.0550648],[-94.904687,30.0550231],[-94.9046763,30.0549813],[-94.9046763,30.0540108]]}},{"type":"Feature","properties":{"osmId":"way/73301377","name":"Maple Lane","ref":"","highway":"residential"},"geometry":{"type":"LineString","coordinates":[[-94.9055569,30.0555027],[-94.9055579,30.0551517]]}},{"type":"Feature","properties":{"osmId":"way/73301378","name":"Holly Circle","ref":"","highway":"residential"},"geometry":{"type":"LineString","coordinates":[[-94.9029586,30.054458],[-94.9028242,30.0541308]]}},{"type":"Feature","properties":{"osmId":"way/73301380","name":"Cedar Lane","ref":"","highway":"residential"},"geometry":{"type":"LineString","coordinates":[[-94.9018975,30.0540062],[-94.9020163,30.0543428],[-94.9022945,30.0551484],[-94.902316,30.0551809],[-94.9023535,30.0552274],[-94.9024286,30.0552366],[-94.9024876,30.055232],[-94.9027183,30.0551902],[-94.9028953,30.0551716],[-94.903067,30.0551531],[-94.9032601,30.0551484],[-94.903421,30.0551391],[-94.9035498,30.0551345],[-94.9036732,30.0551252],[-94.9037375,30.0551113],[-94.9037804,30.0550881],[-94.9038073,30.0550556],[-94.9038234,30.0549859],[-94.9038287,30.0549302],[-94.903818,30.0540201]]}},{"type":"Feature","properties":{"osmId":"way/73301381","name":"Redwood Lane","ref":"","highway":"residential"},"geometry":{"type":"LineString","coordinates":[[-94.9016508,30.0557985],[-94.9011959,30.054557],[-94.901007,30.054048]]}},{"type":"Feature","properties":{"osmId":"way/73301388","name":"Mulberry Lane","ref":"","highway":"residential"},"geometry":{"type":"LineString","coordinates":[[-94.9074419,30.0551489],[-94.9074482,30.0541192],[-94.907411,30.0540661],[-94.9073302,30.0540359],[-94.9070262,30.0540292],[-94.9066035,30.054038],[-94.9056006,30.0540397],[-94.9046763,30.0540108],[-94.9041935,30.0540108],[-94.903818,30.0540201],[-94.9034747,30.0540387],[-94.9031099,30.0540759],[-94.9028242,30.0541308],[-94.9027237,30.0541501],[-94.9021658,30.054308],[-94.9020163,30.0543428],[-94.9016079,30.054438],[-94.9011959,30.054557],[-94.9006833,30.0547052]]}},{"type":"Feature","properties":{"osmId":"way/73301390","name":"Magnolia Circle","ref":"","highway":"residential"},"geometry":{"type":"LineString","coordinates":[[-94.905599,30.0543452],[-94.9056006,30.0540397]]}},{"type":"Feature","properties":{"osmId":"way/144722873","name":"","ref":"TX 146","highway":"primary"},"geometry":{"type":"LineString","coordinates":[[-94.8932504,30.0412392],[-94.89329,30.0408119],[-94.893303,30.040656],[-94.8933263,30.0404873],[-94.8933931,30.0400026],[-94.8934838,30.0393446],[-94.8935456,30.0390629],[-94.8935958,30.0385877],[-94.893599,30.0385581],[-94.8937061,30.0375759],[-94.8937128,30.0375144],[-94.8937964,30.0366533],[-94.8938392,30.0361772],[-94.8938716,30.0358163],[-94.8938808,30.0357036],[-94.8939029,30.0354325],[-94.8939088,30.03536],[-94.8939274,30.0351313],[-94.8939524,30.0347839],[-94.8939634,30.0345449],[-94.8939747,30.0342991],[-94.8939842,30.0340625],[-94.89399,30.0339173],[-94.8939953,30.0337862],[-94.893997,30.0337443],[-94.893997,30.0336806],[-94.893997,30.0334138],[-94.8940067,30.0332282],[-94.894002,30.0330851],[-94.8939937,30.0328312],[-94.8939917,30.0327652],[-94.8939872,30.0323198],[-94.893993,30.0321175],[-94.8940054,30.0316843],[-94.8940052,30.0316204],[-94.8940037,30.0311772],[-94.894003,30.030978],[-94.8940026,30.0308642],[-94.8940021,30.0307482],[-94.894001,30.0305087],[-94.8939975,30.029726],[-94.893997,30.0296098],[-94.8940026,30.0293493],[-94.8940026,30.0289465],[-94.8940026,30.0286176],[-94.8940026,30.0283598],[-94.8940026,30.0280298],[-94.8939879,30.0252545],[-94.8940186,30.0247191],[-94.8940164,30.0244484],[-94.8940098,30.0236456],[-94.8939993,30.0223676],[-94.8939986,30.0222825],[-94.8939992,30.022138],[-94.8940053,30.0205717],[-94.894012,30.0199591],[-94.894012,30.0198274],[-94.894012,30.0194236],[-94.894012,30.0191096],[-94.8940167,30.0182968],[-94.8940437,30.0177346],[-94.8941199,30.0169898],[-94.8941246,30.0169434],[-94.8942362,30.016243],[-94.8944005,30.0154685]]}},{"type":"Feature","properties":{"osmId":"way/185973272","name":"Seacamp Street","ref":"","highway":"residential"},"geometry":{"type":"LineString","coordinates":[[-94.8881452,30.0493433],[-94.8871815,30.0498177],[-94.886348,30.050225]]}},{"type":"Feature","properties":{"osmId":"way/208141662","name":"Rosewood Street","ref":"","highway":"residential"},"geometry":{"type":"LineString","coordinates":[[-94.891371,30.0521647],[-94.8924311,30.0516251]]}},{"type":"Feature","properties":{"osmId":"way/208141663","name":"West Waring Street","ref":"","highway":"residential"},"geometry":{"type":"LineString","coordinates":[[-94.8905093,30.0451545],[-94.8899701,30.0455214],[-94.8891813,30.0460309],[-94.8888082,30.0462718]]}},{"type":"Feature","properties":{"osmId":"way/208141664","name":"Oakdale Street","ref":"","highway":"residential"},"geometry":{"type":"LineString","coordinates":[[-94.8919917,30.0527459],[-94.8928802,30.0523125]]}},{"type":"Feature","properties":{"osmId":"way/208141665","name":"Coleman Street","ref":"","highway":"residential"},"geometry":{"type":"LineString","coordinates":[[-94.8905093,30.0451545],[-94.8904277,30.0450082],[-94.8902175,30.0447091]]}},{"type":"Feature","properties":{"osmId":"way/222899203","name":"Farm-to-Market Road 1008","ref":"FM 1008","highway":"tertiary"},"geometry":{"type":"LineString","coordinates":[[-94.8619965,30.0848479],[-94.862016,30.084641],[-94.8621201,30.0838149],[-94.8622118,30.0828946],[-94.8622745,30.0825315],[-94.8623505,30.0822473],[-94.8624525,30.0819928],[-94.8626068,30.0817846],[-94.8627961,30.0815674],[-94.8631833,30.0812244],[-94.86372,30.0807481],[-94.8639805,30.0805408],[-94.8642113,30.0803472],[-94.8644604,30.0801593],[-94.8646578,30.0800248],[-94.8649095,30.0798756],[-94.8654532,30.0795571],[-94.8663571,30.0791693],[-94.8675178,30.0787261],[-94.867609,30.0786801],[-94.8676776,30.0786406],[-94.8683541,30.0782978],[-94.8696239,30.07757],[-94.8698538,30.0774345],[-94.8699918,30.0773466],[-94.8701755,30.0772187],[-94.8704436,30.0770173],[-94.8709962,30.0765939],[-94.8714322,30.0761906],[-94.8720852,30.0755993],[-94.8721948,30.0754849]]}},{"type":"Feature","properties":{"osmId":"way/230590766","name":"Park Road","ref":"","highway":"service"},"geometry":{"type":"LineString","coordinates":[[-94.8676776,30.0786406],[-94.8678571,30.0789084],[-94.8680535,30.0790682],[-94.8682818,30.0791852],[-94.8685922,30.0793463],[-94.8688106,30.0795396],[-94.8690264,30.0799297],[-94.8692201,30.080311],[-94.869414,30.0805526],[-94.8698267,30.0806582],[-94.8702323,30.0805286],[-94.8704438,30.0803335],[-94.8705203,30.0802451],[-94.8705761,30.0800302],[-94.8705411,30.0797729],[-94.8703215,30.0794487],[-94.8699364,30.0792425],[-94.8694635,30.079294],[-94.8691808,30.0794048],[-94.8688106,30.0795396]]}},{"type":"Feature","properties":{"osmId":"way/255700036","name":"Sunset Heights Avenue","ref":"","highway":"residential"},"geometry":{"type":"LineString","coordinates":[[-94.9004074,30.0335945],[-94.9020452,30.0335932],[-94.9028869,30.0335971],[-94.9029991,30.0335984],[-94.9030674,30.0336168],[-94.903122,30.0336431],[-94.9031644,30.0336812],[-94.9031856,30.0337245],[-94.9032084,30.0337901],[-94.9032129,30.0339753],[-94.9032151,30.0344459],[-94.903216,30.0346343],[-94.9032145,30.0348194],[-94.9032751,30.0351004],[-94.90331,30.0351831],[-94.9033612,30.0352344],[-94.9035088,30.0353881]]}},{"type":"Feature","properties":{"osmId":"way/255700038","name":"Sunset Heights Avenue","ref":"","highway":"residential"},"geometry":{"type":"LineString","coordinates":[[-94.8984618,30.034459],[-94.8994627,30.0344564],[-94.9004244,30.0344537],[-94.9032151,30.0344459]]}},{"type":"Feature","properties":{"osmId":"way/255700040","name":"United States Highway 90 West","ref":"US 90","highway":"trunk"},"geometry":{"type":"LineString","coordinates":[[-94.8942189,30.0416512],[-94.8936777,30.0418912],[-94.8934202,30.0420303]]}},{"type":"Feature","properties":{"osmId":"way/255700044","name":"United States Highway 90 West","ref":"US 90","highway":"trunk"},"geometry":{"type":"LineString","coordinates":[[-94.9031018,30.035598],[-94.9026155,30.0359674],[-94.9018847,30.0365226],[-94.9018261,30.036567],[-94.8985242,30.0390752],[-94.8979087,30.0395421],[-94.8975439,30.0398188],[-94.8973646,30.0399548],[-94.8972017,30.0400634],[-94.8967442,30.0404331],[-94.8961005,30.040866],[-94.8957502,30.0410617],[-94.8954104,30.0412102],[-94.8947628,30.0414499],[-94.8942189,30.0416512]]}},{"type":"Feature","properties":{"osmId":"way/255700049","name":"","ref":"US 90;TX 146","highway":"trunk"},"geometry":{"type":"LineString","coordinates":[[-94.8622488,30.0523962],[-94.858501,30.0529295],[-94.8558223,30.0533292]]}},{"type":"Feature","properties":{"osmId":"way/318391678","name":"Calvin Road","ref":"","highway":"residential"},"geometry":{"type":"LineString","coordinates":[[-94.9048264,30.0403607],[-94.9048341,30.0394233],[-94.9048207,30.0382182],[-94.9048057,30.0376889]]}},{"type":"Feature","properties":{"osmId":"way/318391680","name":"Ligons","ref":"","highway":"residential"},"geometry":{"type":"LineString","coordinates":[[-94.9053994,30.0403563],[-94.9054081,30.0382701]]}},{"type":"Feature","properties":{"osmId":"way/318391681","name":"Maysville Road","ref":"","highway":"residential"},"geometry":{"type":"LineString","coordinates":[[-94.9062125,30.040357],[-94.906221,30.040271],[-94.906233,30.039353]]}},{"type":"Feature","properties":{"osmId":"way/318391683","name":"Seaberg Lane","ref":"","highway":"residential"},"geometry":{"type":"LineString","coordinates":[[-94.901765,30.0403487],[-94.901739,30.038172],[-94.901744,30.037988],[-94.901753,30.037839],[-94.901775,30.037741],[-94.901812,30.037666],[-94.90187,30.037596],[-94.901965,30.037514]]}},{"type":"Feature","properties":{"osmId":"way/318391837","name":"Robbins Road","ref":"","highway":"residential"},"geometry":{"type":"LineString","coordinates":[[-94.9045718,30.0417009],[-94.9045775,30.0403595]]}},{"type":"Feature","properties":{"osmId":"way/348755247","name":"Sterling Street","ref":"","highway":"residential"},"geometry":{"type":"LineString","coordinates":[[-94.8912291,30.0444602],[-94.8910663,30.0445746],[-94.8909472,30.0446159],[-94.8908736,30.0446371],[-94.89083,30.0446442],[-94.890781,30.0446223],[-94.8907599,30.0445375],[-94.8907354,30.0445151],[-94.8906939,30.0445039],[-94.8906448,30.0445033],[-94.8905216,30.0445498],[-94.8904213,30.0446009]]}},{"type":"Feature","properties":{"osmId":"way/372154383","name":"North Cleveland Street","ref":"TX 321","highway":"primary"},"geometry":{"type":"LineString","coordinates":[[-94.8915124,30.046217],[-94.891174,30.0457138]]}},{"type":"Feature","properties":{"osmId":"way/372154384","name":"North Cleveland Street","ref":"TX 321","highway":"primary"},"geometry":{"type":"LineString","coordinates":[[-94.8906985,30.0450108],[-94.8904213,30.0446009],[-94.8903393,30.0444835],[-94.8900806,30.0441133],[-94.8900081,30.0440096]]}},{"type":"Feature","properties":{"osmId":"way/377031552","name":"County Road 6610","ref":"","highway":"residential"},"geometry":{"type":"LineString","coordinates":[[-94.9263634,30.0600047],[-94.9263666,30.0609814],[-94.9263742,30.0633128],[-94.9263756,30.0637256],[-94.9263852,30.0666421],[-94.9288183,30.0662536]]}},{"type":"Feature","properties":{"osmId":"way/377031554","name":"County Road 6610","ref":"","highway":"residential"},"geometry":{"type":"LineString","coordinates":[[-94.9288183,30.0662536],[-94.9288196,30.0662062],[-94.9288105,30.0642566],[-94.9288022,30.0624793],[-94.9287749,30.0600017],[-94.9287972,30.0594839],[-94.928833,30.0591489],[-94.928958,30.0588764],[-94.9290384,30.0585994],[-94.9290608,30.0582689],[-94.9290608,30.0578803],[-94.9290518,30.0574158],[-94.9290027,30.0554147],[-94.9289536,30.0548787],[-94.9289708,30.0547926],[-94.9289804,30.0547447],[-94.9290474,30.0546509],[-94.9291367,30.054633],[-94.9292975,30.0546152],[-94.9305153,30.0546067],[-94.9314394,30.0546002],[-94.9318525,30.0545973],[-94.9319909,30.0546286],[-94.9320758,30.0546956],[-94.9321115,30.0547626],[-94.9321294,30.0548162],[-94.9321339,30.0549412],[-94.9321171,30.0555418],[-94.932113,30.0556875],[-94.9320873,30.0566034],[-94.9320791,30.056895],[-94.9320756,30.0571083]]}},{"type":"Feature","properties":{"osmId":"way/377031555","name":"County Road 661","ref":"","highway":"residential"},"geometry":{"type":"LineString","coordinates":[[-94.9406291,30.0624465],[-94.9399907,30.0624564],[-94.9388681,30.0624493],[-94.9375604,30.0624784],[-94.9375212,30.0624793],[-94.936128,30.0624793],[-94.9357754,30.0624793],[-94.9356261,30.0624793],[-94.93439,30.0624793],[-94.9333051,30.0624793],[-94.9327836,30.0624793],[-94.9317455,30.0624793],[-94.9308337,30.0624793],[-94.9288022,30.0624793]]}},{"type":"Feature","properties":{"osmId":"way/393949636","name":"Milo Street","ref":"","highway":"residential"},"geometry":{"type":"LineString","coordinates":[[-94.8775362,30.0365195],[-94.8769234,30.0355881],[-94.8768281,30.0354997],[-94.8766919,30.0354408],[-94.8764808,30.0354113],[-94.8728692,30.0353904],[-94.8693451,30.0353877],[-94.8691204,30.0354054],[-94.8688957,30.0354997]]}},{"type":"Feature","properties":{"osmId":"way/393949637","name":"Fordland Estate Road","ref":"","highway":"residential"},"geometry":{"type":"LineString","coordinates":[[-94.8728573,30.0344232],[-94.8728692,30.0353904],[-94.8728708,30.0358086],[-94.8728692,30.0363555],[-94.8728808,30.0375537],[-94.8718889,30.0380335],[-94.8709198,30.0385365],[-94.8703792,30.0388223]]}},{"type":"Feature","properties":{"osmId":"way/393950663","name":"","ref":"CR 4711","highway":"residential"},"geometry":{"type":"LineString","coordinates":[[-94.8835372,30.0323394],[-94.8835596,30.02912]]}},{"type":"Feature","properties":{"osmId":"way/393950665","name":"Brown Trail","ref":"","highway":"residential"},"geometry":{"type":"LineString","coordinates":[[-94.8864145,30.0343646],[-94.8864144,30.0323309]]}},{"type":"Feature","properties":{"osmId":"way/437904219","name":"","ref":"CR 470A","highway":"residential"},"geometry":{"type":"LineString","coordinates":[[-94.8540477,30.0150889],[-94.8537152,30.0175513],[-94.8536834,30.0178585]]}},{"type":"Feature","properties":{"osmId":"way/437904221","name":"","ref":"CR 470B","highway":"residential"},"geometry":{"type":"LineString","coordinates":[[-94.8514805,30.0178777],[-94.8514089,30.0181419]]}},{"type":"Feature","properties":{"osmId":"way/463957592","name":"Private Road 6063","ref":"","highway":"residential"},"geometry":{"type":"LineString","coordinates":[[-94.9120359,30.0451545],[-94.9111827,30.0451579],[-94.9111854,30.0445937]]}},{"type":"Feature","properties":{"osmId":"way/465283894","name":"South Prairie Street","ref":"","highway":"residential"},"geometry":{"type":"LineString","coordinates":[[-94.8844741,30.0479198],[-94.8843359,30.0476612],[-94.8841344,30.0473965],[-94.8838075,30.046967]]}},{"type":"Feature","properties":{"osmId":"way/465431597","name":"Martin Lane","ref":"","highway":"residential"},"geometry":{"type":"LineString","coordinates":[[-94.912478,30.046349],[-94.9124968,30.0465183],[-94.9124968,30.0469467],[-94.9124927,30.0474052],[-94.9125263,30.0476931],[-94.9125303,30.0477454],[-94.912533,30.0480205]]}},{"type":"Feature","properties":{"osmId":"way/465436868","name":"County Road 63131","ref":"","highway":"residential"},"geometry":{"type":"LineString","coordinates":[[-94.8586846,30.0846953],[-94.859403,30.0846902],[-94.8604356,30.0846914],[-94.8608339,30.0846508],[-94.862016,30.084641]]}},{"type":"Feature","properties":{"osmId":"way/465650947","name":"","ref":"CR 6610","highway":"residential"},"geometry":{"type":"LineString","coordinates":[[-94.9234016,30.0599962],[-94.9233908,30.0570009],[-94.9234168,30.0556823]]}},{"type":"Feature","properties":{"osmId":"way/466463429","name":"T-Bird Lane","ref":"","highway":"service"},"geometry":{"type":"LineString","coordinates":[[-94.9445275,30.0462691],[-94.9445517,30.0464192],[-94.9445731,30.0491693],[-94.9445919,30.0492065],[-94.9446335,30.0492308],[-94.9446911,30.0492506],[-94.9449607,30.0492401]]}},{"type":"Feature","properties":{"osmId":"way/466517576","name":"Enchanted Lane","ref":"","highway":"residential"},"geometry":{"type":"LineString","coordinates":[[-94.8816883,30.0746909],[-94.8805296,30.0730034]]}},{"type":"Feature","properties":{"osmId":"way/467209080","name":"Private Road 6065","ref":"","highway":"residential"},"geometry":{"type":"LineString","coordinates":[[-94.9129544,30.0463473],[-94.9129651,30.0455371],[-94.9129329,30.0436588]]}},{"type":"Feature","properties":{"osmId":"way/468108214","name":"Meadow Lane","ref":"","highway":"residential"},"geometry":{"type":"LineString","coordinates":[[-94.8878552,30.0554543],[-94.8866856,30.0536485]]}},{"type":"Feature","properties":{"osmId":"way/610614385","name":"Ryan Drive","ref":"","highway":"residential"},"geometry":{"type":"LineString","coordinates":[[-94.8725062,30.03903],[-94.8718889,30.0380335]]}},{"type":"Feature","properties":{"osmId":"way/610614386","name":"Dorothy Drive","ref":"","highway":"residential"},"geometry":{"type":"LineString","coordinates":[[-94.8715583,30.0395186],[-94.8709198,30.0385365]]}},{"type":"Feature","properties":{"osmId":"way/633032047","name":"Farm-to-Market Road 1409","ref":"FM 1409","highway":"secondary"},"geometry":{"type":"LineString","coordinates":[[-94.8782901,30.0340161],[-94.8781976,30.0336757],[-94.8781783,30.0335806],[-94.8781053,30.0332202],[-94.878014,30.0325866],[-94.8779795,30.0323471],[-94.8778515,30.0314775],[-94.8778012,30.0311403],[-94.8777014,30.0304709],[-94.8775778,30.029642],[-94.877534,30.0293483],[-94.8775093,30.0291823],[-94.8773953,30.028418],[-94.8773576,30.0281654],[-94.8773413,30.0280562]]}},{"type":"Feature","properties":{"osmId":"way/633471058","name":"East Barrow Street","ref":"","highway":"residential"},"geometry":{"type":"LineString","coordinates":[[-94.886018,30.0420344],[-94.8849022,30.0425682]]}},{"type":"Feature","properties":{"osmId":"way/633471059","name":"East Young Street","ref":"","highway":"tertiary"},"geometry":{"type":"LineString","coordinates":[[-94.8849492,30.0403817],[-94.8838205,30.0409766],[-94.8829298,30.0414417],[-94.882314,30.0417543],[-94.8816405,30.0420962],[-94.8802704,30.0427797],[-94.8788261,30.0434664],[-94.8781704,30.0437951],[-94.8768878,30.0444445],[-94.8767757,30.0444355],[-94.8757843,30.0435072]]}},{"type":"Feature","properties":{"osmId":"way/633471060","name":"South Main Street","ref":"","highway":"residential"},"geometry":{"type":"LineString","coordinates":[[-94.8849492,30.0403817],[-94.8840563,30.0390482]]}},{"type":"Feature","properties":{"osmId":"way/633471061","name":"South Main Street","ref":"","highway":"tertiary"},"geometry":{"type":"LineString","coordinates":[[-94.8880804,30.0451366],[-94.8876925,30.0445319],[-94.8875333,30.0442836],[-94.8873028,30.0439242]]}},{"type":"Feature","properties":{"osmId":"way/633471062","name":"East Lawrence Street","ref":"","highway":"tertiary"},"geometry":{"type":"LineString","coordinates":[[-94.8961839,30.0582488],[-94.8945892,30.059048]]}},{"type":"Feature","properties":{"osmId":"way/633471063","name":"Cherry Creek Road","ref":"","highway":"residential"},"geometry":{"type":"LineString","coordinates":[[-94.8912066,30.0653836],[-94.8887972,30.0665998],[-94.8870623,30.0675261],[-94.8867864,30.0675793],[-94.8846704,30.0686102]]}},{"type":"Feature","properties":{"osmId":"way/633471064","name":"South Colbert Street","ref":"","highway":"residential"},"geometry":{"type":"LineString","coordinates":[[-94.876492,30.0399716],[-94.875465,30.0383876]]}},{"type":"Feature","properties":{"osmId":"way/633471065","name":"Ford Avenue","ref":"","highway":"residential"},"geometry":{"type":"LineString","coordinates":[[-94.8677246,30.0349928],[-94.8637005,30.0369498],[-94.8633432,30.0371285],[-94.8631356,30.0372323],[-94.8623482,30.0376218]]}},{"type":"Feature","properties":{"osmId":"way/633471066","name":"Luke Street","ref":"","highway":"residential"},"geometry":{"type":"LineString","coordinates":[[-94.8724431,30.0419953],[-94.8713763,30.0424953]]}},{"type":"Feature","properties":{"osmId":"way/633471067","name":"Ripkowski Drive","ref":"","highway":"tertiary"},"geometry":{"type":"LineString","coordinates":[[-94.8846398,30.035938],[-94.8829299,30.0368126],[-94.8817967,30.0373922],[-94.8807567,30.0379241],[-94.8806038,30.0379225]]}},{"type":"Feature","properties":{"osmId":"way/633471068","name":"East Houston Street","ref":"","highway":"residential"},"geometry":{"type":"LineString","coordinates":[[-94.8811893,30.0469576],[-94.8798166,30.0476697],[-94.8794975,30.0478352]]}},{"type":"Feature","properties":{"osmId":"way/633471069","name":"Waco Street","ref":"","highway":"residential"},"geometry":{"type":"LineString","coordinates":[[-94.9002896,30.053686],[-94.900637,30.054563],[-94.9006833,30.0547052],[-94.9012564,30.0564209]]}},{"type":"Feature","properties":{"osmId":"way/633471070","name":"Tram Road","ref":"","highway":"residential"},"geometry":{"type":"LineString","coordinates":[[-94.9008469,30.0684584],[-94.90014,30.069402],[-94.8993312,30.0709662]]}},{"type":"Feature","properties":{"osmId":"way/633471071","name":"North Winfree Street","ref":"","highway":"residential"},"geometry":{"type":"LineString","coordinates":[[-94.9015309,30.069447],[-94.9024506,30.0708537]]}},{"type":"Feature","properties":{"osmId":"way/633471072","name":"","ref":"CR 614","highway":"residential"},"geometry":{"type":"LineString","coordinates":[[-94.9406007,30.0599466],[-94.9406215,30.0617759],[-94.9406291,30.0624465],[-94.94063,30.0625239],[-94.9406074,30.0650004],[-94.9406059,30.0657412],[-94.940595,30.066359],[-94.9405988,30.0668582],[-94.9405998,30.0669879],[-94.9406129,30.0686801],[-94.9406198,30.0695775],[-94.9406344,30.0714611],[-94.9406403,30.0722266],[-94.9406535,30.0730517]]}},{"type":"Feature","properties":{"osmId":"way/721649139","name":"Rosewood Street","ref":"","highway":"residential"},"geometry":{"type":"LineString","coordinates":[[-94.8863974,30.054907],[-94.8854253,30.0553786]]}},{"type":"Feature","properties":{"osmId":"way/722200293","name":"Ella Drive","ref":"","highway":"residential"},"geometry":{"type":"LineString","coordinates":[[-94.8728692,30.0363555],[-94.8735564,30.0363376],[-94.8739656,30.0363326],[-94.8750546,30.0363194],[-94.8761104,30.0363236]]}},{"type":"Feature","properties":{"osmId":"way/722200294","name":"Minnie Drive","ref":"","highway":"residential"},"geometry":{"type":"LineString","coordinates":[[-94.8750546,30.0363194],[-94.8750255,30.0369106],[-94.8750836,30.0370951],[-94.8752798,30.037399],[-94.8753936,30.0374515]]}},{"type":"Feature","properties":{"osmId":"way/722200295","name":"Jessica Drive","ref":"","highway":"residential"},"geometry":{"type":"LineString","coordinates":[[-94.8739656,30.0363326],[-94.8739594,30.0371707],[-94.8740036,30.0373362],[-94.8744294,30.0379971]]}},{"type":"Feature","properties":{"osmId":"way/722469076","name":"Farm-to-Market Road 1409","ref":"FM 1409","highway":"secondary"},"geometry":{"type":"LineString","coordinates":[[-94.8772599,30.0275105],[-94.8771506,30.0267775],[-94.8770994,30.0264341],[-94.8770505,30.0261065],[-94.8769915,30.0257107],[-94.8768524,30.0247774],[-94.8766682,30.0235422],[-94.8766425,30.02337],[-94.8765333,30.0226378],[-94.8763571,30.021226],[-94.8763185,30.0209611],[-94.8763153,30.0209386],[-94.8762692,30.020618],[-94.8761722,30.0200756],[-94.8761437,30.0199164],[-94.876107,30.0197112],[-94.8760537,30.0193455],[-94.8758841,30.0181817],[-94.87573,30.0171238],[-94.8756939,30.0168761],[-94.8755372,30.0159117],[-94.8753978,30.0153633],[-94.8753159,30.0150287]]}},{"type":"Feature","properties":{"osmId":"way/722469077","name":"Farm-to-Market Road 1409","ref":"FM 1409","highway":"secondary"},"geometry":{"type":"LineString","coordinates":[[-94.8772722,30.0275927],[-94.8772599,30.0275105]]}},{"type":"Feature","properties":{"osmId":"way/724815824","name":"Mason Drive","ref":"","highway":"residential"},"geometry":{"type":"LineString","coordinates":[[-94.8728808,30.0375537],[-94.8734413,30.0384414]]}},{"type":"Feature","properties":{"osmId":"way/751881385","name":"","ref":"FM 1960","highway":"primary"},"geometry":{"type":"LineString","coordinates":[[-94.9491256,30.0462205],[-94.9461071,30.0462638],[-94.9450745,30.0462673],[-94.9445967,30.0462689],[-94.9445275,30.0462691],[-94.9444647,30.0462693],[-94.9410444,30.0462809],[-94.9405862,30.0462825],[-94.9391136,30.046289],[-94.9358677,30.0462991],[-94.9350781,30.0463016],[-94.9346429,30.0463031],[-94.9342878,30.0463043],[-94.9334181,30.0463073],[-94.9330324,30.0463086],[-94.9324543,30.0463106],[-94.932119,30.0463118],[-94.9285921,30.046324],[-94.9261536,30.0463198],[-94.9256731,30.046319],[-94.9250198,30.0463179],[-94.9246331,30.0463172],[-94.9243821,30.0463191],[-94.9242091,30.0463205],[-94.9240275,30.0463219],[-94.923786,30.0463237],[-94.9223793,30.0463345],[-94.9223065,30.0463351],[-94.9185918,30.046329],[-94.9184639,30.0463288],[-94.9175567,30.046334],[-94.9169099,30.0463367],[-94.916154,30.0463398],[-94.9157053,30.0463416],[-94.9152159,30.0463436],[-94.9143644,30.0463521],[-94.914278,30.0463509],[-94.9137932,30.0463443],[-94.9132586,30.0463462],[-94.9129544,30.0463473],[-94.912478,30.046349],[-94.9120426,30.0463506],[-94.9105251,30.0463059],[-94.9104641,30.0463041],[-94.9099076,30.0462972],[-94.9083863,30.0462783],[-94.9072079,30.0462735],[-94.9066053,30.0462711],[-94.9056883,30.0462851],[-94.9054031,30.0462895],[-94.9050172,30.0462954],[-94.90461,30.0463003],[-94.90444,30.0463042],[-94.9042735,30.0463049],[-94.9039475,30.0463063],[-94.9033325,30.0463088]]}},{"type":"Feature","properties":{"osmId":"way/756885673","name":"Georgia Drive","ref":"","highway":"residential"},"geometry":{"type":"LineString","coordinates":[[-94.8728692,30.0363555],[-94.8710526,30.0363504],[-94.8694242,30.0363245]]}},{"type":"Feature","properties":{"osmId":"way/756885674","name":"Sam Drive","ref":"","highway":"residential"},"geometry":{"type":"LineString","coordinates":[[-94.8718889,30.0380335],[-94.8715834,30.0375806],[-94.8711614,30.0369557],[-94.8710926,30.036797],[-94.8710697,30.0366548],[-94.8710526,30.0363504]]}},{"type":"Feature","properties":{"osmId":"way/756885675","name":"Tracie Drive","ref":"","highway":"residential"},"geometry":{"type":"LineString","coordinates":[[-94.8709198,30.0385365],[-94.8700421,30.0372372]]}},{"type":"Feature","properties":{"osmId":"way/761661967","name":"County Road 6022A","ref":"","highway":"service"},"geometry":{"type":"LineString","coordinates":[[-94.9442827,30.0236556],[-94.9443072,30.0226944]]}},{"type":"Feature","properties":{"osmId":"way/765861675","name":"North Cleveland Street","ref":"TX 321","highway":"primary"},"geometry":{"type":"LineString","coordinates":[[-94.8920485,30.0470444],[-94.8918534,30.0467389],[-94.8916629,30.0464407],[-94.8915124,30.046217]]}},{"type":"Feature","properties":{"osmId":"way/827705439","name":"Aline Drive","ref":"","highway":"residential"},"geometry":{"type":"LineString","coordinates":[[-94.8753936,30.0374515],[-94.8755195,30.03742],[-94.8765705,30.0368812]]}},{"type":"Feature","properties":{"osmId":"way/827705440","name":"Vrana","ref":"","highway":"residential"},"geometry":{"type":"LineString","coordinates":[[-94.9263852,30.0666421],[-94.9251747,30.0668431]]}},{"type":"Feature","properties":{"osmId":"way/859502341","name":"Pebble Drive","ref":"","highway":"residential"},"geometry":{"type":"LineString","coordinates":[[-94.8840989,30.0351302],[-94.8838521,30.0351662],[-94.8835713,30.0351591],[-94.8834125,30.0351552],[-94.8830601,30.0351583],[-94.8829111,30.035174],[-94.8822444,30.0355027],[-94.881787,30.0357147],[-94.8816249,30.0357898],[-94.8810788,30.0360908],[-94.8810505,30.03613],[-94.8810359,30.0361832],[-94.8810464,30.0362484],[-94.8811508,30.0364102],[-94.8813353,30.0366926],[-94.8817967,30.0373922]]}},{"type":"Feature","properties":{"osmId":"way/859502342","name":"Flagstone Court","ref":"","highway":"residential"},"geometry":{"type":"LineString","coordinates":[[-94.8835713,30.0351591],[-94.8835485,30.0353823],[-94.8835156,30.0354698],[-94.883364,30.0355594],[-94.8832337,30.0356235],[-94.882937,30.0357694]]}},{"type":"Feature","properties":{"osmId":"way/864052521","name":"Moss Rock Court","ref":"","highway":"residential"},"geometry":{"type":"LineString","coordinates":[[-94.881787,30.0357147],[-94.882133,30.0362329]]}},{"type":"Feature","properties":{"osmId":"way/962498042","name":"North Prairie Street","ref":"","highway":"residential"},"geometry":{"type":"LineString","coordinates":[[-94.8888449,30.0532779],[-94.8888966,30.0533664],[-94.8890074,30.0535724],[-94.8891295,30.0537038],[-94.8893677,30.0538163],[-94.8896319,30.0539366]]}},{"type":"Feature","properties":{"osmId":"way/995764667","name":"East Grand Parkway North","ref":"TX 99 Toll","highway":"trunk"},"geometry":{"type":"LineString","coordinates":[[-94.9472667,30.0163688],[-94.9480051,30.0171703]]}},{"type":"Feature","properties":{"osmId":"way/995764668","name":"East Grand Parkway North","ref":"TX 99 Toll","highway":"trunk"},"geometry":{"type":"LineString","coordinates":[[-94.9480051,30.0171703],[-94.9482114,30.0173962],[-94.9487533,30.0179091]]}},{"type":"Feature","properties":{"osmId":"way/1015198500","name":"United States Highway 90 West","ref":"US 90","highway":"trunk"},"geometry":{"type":"LineString","coordinates":[[-94.9249307,30.0186476],[-94.9233539,30.0198329],[-94.9205326,30.0220089]]}},{"type":"Feature","properties":{"osmId":"way/1015198501","name":"United States Highway 90 West","ref":"US 90","highway":"trunk"},"geometry":{"type":"LineString","coordinates":[[-94.9205326,30.0220089],[-94.9202477,30.0222286],[-94.9200644,30.0223754],[-94.9198753,30.0225223]]}},{"type":"Feature","properties":{"osmId":"way/1015198502","name":"United States Highway 90 West","ref":"US 90","highway":"trunk"},"geometry":{"type":"LineString","coordinates":[[-94.9194101,30.0231834],[-94.919882,30.022825]]}},{"type":"Feature","properties":{"osmId":"way/1015198503","name":"United States Highway 90 West","ref":"US 90","highway":"trunk"},"geometry":{"type":"LineString","coordinates":[[-94.919882,30.022825],[-94.922417,30.020843],[-94.9230964,30.0203382],[-94.9241521,30.0195208],[-94.9245699,30.0192126]]}},{"type":"Feature","properties":{"osmId":"way/1015198505","name":"United States Highway 90 West","ref":"US 90","highway":"trunk"},"geometry":{"type":"LineString","coordinates":[[-94.9245699,30.0192126],[-94.9250791,30.018837]]}},{"type":"Feature","properties":{"osmId":"way/1015198506","name":"United States Highway 90 West","ref":"US 90","highway":"trunk"},"geometry":{"type":"LineString","coordinates":[[-94.9250791,30.018837],[-94.926141,30.0180186],[-94.9267244,30.0175908],[-94.9276477,30.0168844]]}},{"type":"Feature","properties":{"osmId":"way/1015198507","name":"United States Highway 90 West","ref":"US 90","highway":"trunk"},"geometry":{"type":"LineString","coordinates":[[-94.9256931,30.0180785],[-94.9249307,30.0186476]]}},{"type":"Feature","properties":{"osmId":"way/1015198508","name":"United States Highway 90 West","ref":"US 90","highway":"trunk"},"geometry":{"type":"LineString","coordinates":[[-94.9280316,30.0162763],[-94.9276896,30.0165373],[-94.9256931,30.0180785]]}},{"type":"Feature","properties":{"osmId":"way/1015198510","name":"United States Highway 90 West","ref":"US 90","highway":"trunk"},"geometry":{"type":"LineString","coordinates":[[-94.9276477,30.0168844],[-94.9282439,30.0164356]]}},{"type":"Feature","properties":{"osmId":"way/1015198511","name":"United States Highway 90 West","ref":"US 90","highway":"trunk"},"geometry":{"type":"LineString","coordinates":[[-94.928766,30.0157251],[-94.9280316,30.0162763]]}},{"type":"Feature","properties":{"osmId":"way/1015198513","name":"Wolf Island Road","ref":"CR 602","highway":"tertiary"},"geometry":{"type":"LineString","coordinates":[[-94.9282439,30.0164356],[-94.9281598,30.0163726],[-94.9281091,30.0163345],[-94.9280316,30.0162763]]}},{"type":"Feature","properties":{"osmId":"way/1015198521","name":"United States Highway 90 West","ref":"US 90","highway":"trunk"},"geometry":{"type":"LineString","coordinates":[[-94.9198753,30.0225223],[-94.9182126,30.0237419],[-94.9145012,30.0266397],[-94.9111316,30.0292707],[-94.9090662,30.0308457],[-94.9068747,30.0325497],[-94.9051138,30.0338939],[-94.9046587,30.0342413],[-94.9033612,30.0352344],[-94.9031111,30.0354783],[-94.9031018,30.035598]]}},{"type":"Feature","properties":{"osmId":"way/1035391157","name":"East Grand Parkway North","ref":"TX 99 Toll","highway":"trunk"},"geometry":{"type":"LineString","coordinates":[[-94.9472667,30.0163688],[-94.9469777,30.0160265],[-94.9466978,30.0156786],[-94.9464928,30.0154126],[-94.9462931,30.0151437]]}},{"type":"Feature","properties":{"osmId":"way/1153117659","name":"Farm-to-Market Road 1409","ref":"FM 1409","highway":"secondary"},"geometry":{"type":"LineString","coordinates":[[-94.8773413,30.0280562],[-94.8772722,30.0275927]]}},{"type":"Feature","properties":{"osmId":"way/1228008764","name":"Burkett Street","ref":"","highway":"residential"},"geometry":{"type":"LineString","coordinates":[[-94.8896491,30.032318],[-94.8896384,30.0338719],[-94.8895743,30.0339389]]}},{"type":"Feature","properties":{"osmId":"way/1228008765","name":"Danielle Street","ref":"","highway":"residential"},"geometry":{"type":"LineString","coordinates":[[-94.8878343,30.0339056],[-94.8878298,30.0338385],[-94.8878206,30.0331515],[-94.8878095,30.0323253]]}},{"type":"Feature","properties":{"osmId":"way/1228008766","name":"Fay Court","ref":"","highway":"residential"},"geometry":{"type":"LineString","coordinates":[[-94.8886723,30.033148],[-94.8878206,30.0331515]]}},{"type":"Feature","properties":{"osmId":"way/1228008767","name":"Johnson Street","ref":"","highway":"residential"},"geometry":{"type":"LineString","coordinates":[[-94.8895743,30.0339389],[-94.8894988,30.033966],[-94.8879373,30.0339586],[-94.8878343,30.0339056]]}},{"type":"Feature","properties":{"osmId":"way/1272058648","name":"North Cleveland Street","ref":"TX 321","highway":"primary"},"geometry":{"type":"LineString","coordinates":[[-94.891174,30.0457138],[-94.8906985,30.0450108]]}},{"type":"Feature","properties":{"osmId":"way/1283547542","name":"Westpointe Drive","ref":"","highway":"residential"},"geometry":{"type":"LineString","coordinates":[[-94.900308,30.0513369],[-94.9027394,30.0513233],[-94.903564,30.0513198],[-94.9052317,30.0513127],[-94.9053799,30.0513127]]}},{"type":"Feature","properties":{"osmId":"way/1283547543","name":"Stoney Point","ref":"","highway":"residential"},"geometry":{"type":"LineString","coordinates":[[-94.9056183,30.0519967],[-94.9055245,30.0520323],[-94.9054252,30.0520489],[-94.9035707,30.0520459]]}},{"type":"Feature","properties":{"osmId":"way/1283547544","name":"Point Lookout Drive","ref":"","highway":"residential"},"geometry":{"type":"LineString","coordinates":[[-94.903564,30.0513198],[-94.9035707,30.0520459],[-94.9035732,30.0532476],[-94.9069815,30.0532496],[-94.9070367,30.0532755],[-94.9070436,30.0533651],[-94.9070262,30.0540292]]}},{"type":"Feature","properties":{"osmId":"way/1283547545","name":"Millpointe Lane","ref":"","highway":"residential"},"geometry":{"type":"LineString","coordinates":[[-94.900308,30.0513369],[-94.9003163,30.051814],[-94.9003031,30.0520358],[-94.900348,30.0522507],[-94.9004519,30.0525434],[-94.9007097,30.0532684]]}},{"type":"Feature","properties":{"osmId":"way/1283547546","name":"Brookside","ref":"","highway":"residential"},"geometry":{"type":"LineString","coordinates":[[-94.9027422,30.0518278],[-94.9003163,30.051814]]}},{"type":"Feature","properties":{"osmId":"way/1283547547","name":"Timmons Lane","ref":"","highway":"residential"},"geometry":{"type":"LineString","coordinates":[[-94.9027462,30.0525343],[-94.9004519,30.0525434]]}},{"type":"Feature","properties":{"osmId":"way/1283547549","name":"Westpointe Drive","ref":"","highway":"residential"},"geometry":{"type":"LineString","coordinates":[[-94.900308,30.0513369],[-94.9000388,30.0513346],[-94.8998802,30.051332],[-94.8997497,30.0513497]]}},{"type":"Feature","properties":{"osmId":"way/1283547550","name":"Westpointe Drive","ref":"","highway":"residential"},"geometry":{"type":"LineString","coordinates":[[-94.8997497,30.0513497],[-94.8997209,30.0513268],[-94.899598,30.0513556],[-94.8995828,30.0513918],[-94.8996185,30.0514075],[-94.8997368,30.0513819],[-94.8997497,30.0513497]]}},{"type":"Feature","properties":{"osmId":"way/1283547551","name":"Westpointe Drive","ref":"","highway":"residential"},"geometry":{"type":"LineString","coordinates":[[-94.8995828,30.0513918],[-94.8995264,30.0514067]]}},{"type":"Feature","properties":{"osmId":"way/1315244822","name":"","ref":"US 90;TX 146","highway":"trunk"},"geometry":{"type":"LineString","coordinates":[[-94.8815444,30.049563],[-94.8810095,30.0496135],[-94.8806073,30.0496747],[-94.8803207,30.0497203],[-94.8784244,30.0500053],[-94.8760354,30.0504021],[-94.870978,30.0511059],[-94.866841,30.0517166]]}},{"type":"Feature","properties":{"osmId":"way/1315244823","name":"","ref":"US 90;TX 146","highway":"trunk"},"geometry":{"type":"LineString","coordinates":[[-94.866841,30.0517166],[-94.8624734,30.0523629],[-94.8622488,30.0523962]]}},{"type":"Feature","properties":{"osmId":"way/1315244824","name":"","ref":"US 90;TX 146","highway":"trunk"},"geometry":{"type":"LineString","coordinates":[[-94.8668709,30.0519134],[-94.8710106,30.0513241],[-94.8778653,30.0502853],[-94.8792211,30.0500869],[-94.8800652,30.0499656],[-94.8804118,30.0499133],[-94.8807075,30.049861],[-94.881036,30.0497879],[-94.8815444,30.049563]]}},{"type":"Feature","properties":{"osmId":"way/1315244825","name":"","ref":"US 90;TX 146","highway":"trunk"},"geometry":{"type":"LineString","coordinates":[[-94.8622849,30.0525908],[-94.8668709,30.0519134]]}},{"type":"Feature","properties":{"osmId":"way/1315631790","name":"North Winfree Street","ref":"","highway":"tertiary"},"geometry":{"type":"LineString","coordinates":[[-94.8862744,30.0465205],[-94.8864824,30.0468472]]}},{"type":"Feature","properties":{"osmId":"way/1347909125","name":"United States Highway 90 East","ref":"US 90;TX 146","highway":"trunk"},"geometry":{"type":"LineString","coordinates":[[-94.8880804,30.0451366],[-94.8875658,30.0454782],[-94.8870484,30.0458756],[-94.8862744,30.0465205],[-94.8856585,30.0469874],[-94.885391,30.047201],[-94.8852367,30.0473243],[-94.8850943,30.0474355],[-94.88493,30.0475638],[-94.884592,30.0478277],[-94.8844741,30.0479198],[-94.8838497,30.0484074],[-94.8835131,30.0486437],[-94.8833579,30.0487526],[-94.8833423,30.0487636],[-94.8829448,30.048996],[-94.8825369,30.0491746],[-94.8819488,30.0494362],[-94.8815444,30.049563]]}},{"type":"Feature","properties":{"osmId":"way/1383283761","name":"Graywood Grove Lane","ref":"","highway":"residential"},"geometry":{"type":"LineString","coordinates":[[-94.90871,30.0573113],[-94.908526,30.0573347],[-94.9072795,30.0573319],[-94.9035368,30.0573418],[-94.9024633,30.0573449],[-94.9023569,30.0573418],[-94.9022788,30.0573378],[-94.9022091,30.0573175]]}},{"type":"Feature","properties":{"osmId":"way/1383283762","name":"Redwood Lane","ref":"","highway":"residential"},"geometry":{"type":"LineString","coordinates":[[-94.9022091,30.0573175],[-94.9021607,30.0572695],[-94.9021383,30.0572081],[-94.9020192,30.0568622],[-94.9018411,30.0563678],[-94.9016508,30.0557985]]}},{"type":"Feature","properties":{"osmId":"way/1383283763","name":"Quiet Springs Avenue","ref":"","highway":"residential"},"geometry":{"type":"LineString","coordinates":[[-94.9083461,30.056112],[-94.9081804,30.0560981],[-94.9072706,30.0560975],[-94.9037177,30.0561007],[-94.903294,30.0561201],[-94.9028961,30.0561517],[-94.9022782,30.0562623],[-94.9018411,30.0563678],[-94.901429,30.0564838]]}},{"type":"Feature","properties":{"osmId":"way/1383283765","name":"San Felipe Drive","ref":"","highway":"residential"},"geometry":{"type":"LineString","coordinates":[[-94.9035368,30.0573418],[-94.9035469,30.0580488],[-94.9035435,30.0587932],[-94.9035397,30.0595688],[-94.9035527,30.0600525]]}},{"type":"Feature","properties":{"osmId":"way/1383283766","name":"Pecan Chase Court","ref":"","highway":"residential"},"geometry":{"type":"LineString","coordinates":[[-94.9035397,30.0595688],[-94.9030945,30.0595827]]}},{"type":"Feature","properties":{"osmId":"way/1383283767","name":"Cedar Chase Court","ref":"","highway":"residential"},"geometry":{"type":"LineString","coordinates":[[-94.9035435,30.0587932],[-94.9028002,30.058805]]}},{"type":"Feature","properties":{"osmId":"way/1383283768","name":"Oak Chase Avenue","ref":"","highway":"residential"},"geometry":{"type":"LineString","coordinates":[[-94.9035469,30.0580488],[-94.9020627,30.0580628]]}},{"type":"Feature","properties":{"osmId":"way/1383300656","name":"Haverford Lane","ref":"","highway":"residential"},"geometry":{"type":"LineString","coordinates":[[-94.9027506,30.0532547],[-94.9027494,30.0531036],[-94.9027462,30.0525343],[-94.9027422,30.0518278],[-94.9027394,30.0513233]]}},{"type":"Feature","properties":{"osmId":"way/1383300657","name":"Clear Valley Lane","ref":"","highway":"residential"},"geometry":{"type":"LineString","coordinates":[[-94.9007097,30.0532684],[-94.9027506,30.0532547]]}},{"type":"Feature","properties":{"osmId":"way/1383300658","name":"Westpointe Drive","ref":"","highway":"residential"},"geometry":{"type":"LineString","coordinates":[[-94.9053799,30.0513127],[-94.9056183,30.0519967],[-94.9057511,30.0523778]]}},{"type":"Feature","properties":{"osmId":"way/1419279394","name":"East Clayton Avenue","ref":"FM 1008","highway":"secondary"},"geometry":{"type":"LineString","coordinates":[[-94.8896564,30.0474696],[-94.8887094,30.0479461],[-94.8881414,30.048219]]}},{"type":"Feature","properties":{"osmId":"way/1419279396","name":"East Clayton Avenue","ref":"FM 1008","highway":"secondary"},"geometry":{"type":"LineString","coordinates":[[-94.8881414,30.048219],[-94.8876842,30.0484386],[-94.887582,30.0484877]]}},{"type":"Feature","properties":{"osmId":"way/1472854830","name":"","ref":"CR 493","highway":"residential"},"geometry":{"type":"LineString","coordinates":[[-94.9045452,30.0150261],[-94.9045174,30.0276816],[-94.9045169,30.0278752],[-94.9045127,30.0298116],[-94.904512,30.030103],[-94.9045109,30.0305942],[-94.9045097,30.0311674],[-94.9045082,30.0318369],[-94.9045039,30.0338143],[-94.9045039,30.0338873],[-94.9045131,30.0339598],[-94.9045273,30.0340182],[-94.9045475,30.0340752],[-94.9045734,30.0341305],[-94.9046082,30.034184],[-94.9046505,30.0342332],[-94.9046587,30.0342413],[-94.9048348,30.0344146]]}}]}
