{
  "type": "FeatureCollection",
  "features": [
    {
      "type": "Feature",
      "id": 200604,
      "geometry": {
        "type": "Point",
        "coordinates": [
          -101.624191000015,
          35.38538699989
        ]
      },
      "properties": {
        "OBJECTID": 200604,
        "CROSSING": "016938K",
        "EFFDATE": 713664000000,
        "REASON": "14",
        "StateCode": "48",
        "CountyCode": "48065",
        "STCYFIPS": "48065",
        "CITYCD": "480655200",
        "RAILROAD": "PNR",
        "RRDIV": "EASTERN",
        "RRSUBDIV": "BORGER",
        "HIGHWAY": "",
        "STREET": "PRIVATE ROAD",
        "TTSTN": "671967",
        "MILEPOST": "0003.86",
        "TYPEXING": "Private",
        "POSXING": "At Grade",
        "PRVCAT": "14",
        "INIT": "1",
        "LATITUDE": 35.385387,
        "LONGITUD": -101.624191,
        "LLSOURCE": "",
        "WHISTBAN": "0",
        "RRCONT": "",
        "POLCONT": "",
        "INV_LINK": "https://safetydata.fra.dot.gov/OfficeofSafety/PublicSite/Crossing/Crossing.aspx?phasetype=C&rpttype=I&txtcrossingnum=016938K",
        "ACC_LINK": "https://safetydata.fra.dot.gov/OfficeofSafety/PublicSite/Crossing/Crossing.aspx?phasetype=C&rpttype=A&txtcrossingnum=016938K",
        "TTSTNNAM": "ABELL",
        "XPURPOSE": "1",
        "OPERATINGR": "PNR",
        "OPERATIN_1": "Primary",
        "DAYTHRU": 0,
        "NGHTTHRU": 0,
        "MAINTRK": 0,
        "SIDINGTRK": 0,
        "YARDTRK": 0,
        "TRANSITTRK": 0,
        "INDUSTRYTR": 0,
        "OTHRTRK": 0,
        "WDCODE": "",
        "REVISIONDA": "1994/01/01 00:00:00",
        "LASTUPDATE": "8/13/1992",
        "AADT": "",
        "AADTYEAR": "1970",
        "STATENAME": "TEXAS",
        "STATEAB": "TX",
        "COUNTYNAME": "CARSON",
        "CITYNAME": "PANHANDLE",
        "LATDD": 35.385387,
        "LONGDD": -101.624191,
        "gridlyProductionCertified": true,
        "gridlyClassification": "PUBLIC_ROADWAY",
        "gridlyDisplayName": "PRIVATE ROAD",
        "gridlyId": "FRA-016938K"
      }
    },
    {
      "type": "Feature",
      "id": 200610,
      "geometry": {
        "type": "Point",
        "coordinates": [
          -101.634108999928,
          35.3739510001589
        ]
      },
      "properties": {
        "OBJECTID": 200610,
        "CROSSING": "016939S",
        "EFFDATE": 713664000000,
        "REASON": "14",
        "StateCode": "48",
        "CountyCode": "48065",
        "STCYFIPS": "48065",
        "CITYCD": "480655200",
        "RAILROAD": "PNR",
        "RRDIV": "EASTERN",
        "RRSUBDIV": "BORGER",
        "HIGHWAY": "",
        "STREET": "PRIVATE ROAD",
        "TTSTN": "671967",
        "MILEPOST": "0004.06",
        "TYPEXING": "Private",
        "POSXING": "At Grade",
        "PRVCAT": "14",
        "INIT": "1",
        "LATITUDE": 35.373951,
        "LONGITUD": -101.634109,
        "LLSOURCE": "",
        "WHISTBAN": "0",
        "RRCONT": "",
        "POLCONT": "",
        "INV_LINK": "https://safetydata.fra.dot.gov/OfficeofSafety/PublicSite/Crossing/Crossing.aspx?phasetype=C&rpttype=I&txtcrossingnum=016939S",
        "ACC_LINK": "https://safetydata.fra.dot.gov/OfficeofSafety/PublicSite/Crossing/Crossing.aspx?phasetype=C&rpttype=A&txtcrossingnum=016939S",
        "TTSTNNAM": "ABELL",
        "XPURPOSE": "1",
        "OPERATINGR": "PNR",
        "OPERATIN_1": "Primary",
        "DAYTHRU": 0,
        "NGHTTHRU": 0,
        "MAINTRK": 0,
        "SIDINGTRK": 0,
        "YARDTRK": 0,
        "TRANSITTRK": 0,
        "INDUSTRYTR": 0,
        "OTHRTRK": 0,
        "WDCODE": "",
        "REVISIONDA": "1994/01/01 00:00:00",
        "LASTUPDATE": "8/13/1992",
        "AADT": "",
        "AADTYEAR": "1970",
        "STATENAME": "TEXAS",
        "STATEAB": "TX",
        "COUNTYNAME": "CARSON",
        "CITYNAME": "PANHANDLE",
        "LATDD": 35.373951,
        "LONGDD": -101.634109,
        "gridlyProductionCertified": true,
        "gridlyClassification": "PUBLIC_ROADWAY",
        "gridlyDisplayName": "PRIVATE ROAD",
        "gridlyId": "FRA-016939S"
      }
    },
    {
      "type": "Feature",
      "id": 200611,
      "geometry": {
        "type": "Point",
        "coordinates": [
          -101.950851000351,
          35.1892430001799
        ]
      },
      "properties": {
        "OBJECTID": 200611,
        "CROSSING": "602250B",
        "EFFDATE": 849052800000,
        "REASON": "14",
        "StateCode": "48",
        "CountyCode": "48375",
        "STCYFIPS": "48375",
        "CITYCD": "483751045",
        "RAILROAD": "TTI",
        "RRDIV": "AMARILLO",
        "RRSUBDIV": "AMARILLO-BUSHL",
        "HIGHWAY": "",
        "STREET": "CEMENT PLANT ROAD",
        "TTSTN": "672690",
        "MILEPOST": "0775.01",
        "TYPEXING": "Private",
        "POSXING": "At Grade",
        "PRVCAT": "14",
        "INIT": "1",
        "LATITUDE": 35.189243,
        "LONGITUD": -101.950851,
        "LLSOURCE": "",
        "WHISTBAN": "0",
        "RRCONT": "",
        "POLCONT": "",
        "INV_LINK": "https://safetydata.fra.dot.gov/OfficeofSafety/PublicSite/Crossing/Crossing.aspx?phasetype=C&rpttype=I&txtcrossingnum=602250B",
        "ACC_LINK": "https://safetydata.fra.dot.gov/OfficeofSafety/PublicSite/Crossing/Crossing.aspx?phasetype=C&rpttype=A&txtcrossingnum=602250B",
        "TTSTNNAM": "BUSHLAND",
        "XPURPOSE": "1",
        "OPERATINGR": "TTI",
        "OPERATIN_1": "Primary",
        "DAYTHRU": 0,
        "NGHTTHRU": 0,
        "MAINTRK": 0,
        "SIDINGTRK": 0,
        "YARDTRK": 0,
        "TRANSITTRK": 0,
        "INDUSTRYTR": 0,
        "OTHRTRK": 0,
        "WDCODE": "",
        "REVISIONDA": "1975/01/01 00:00:00",
        "LASTUPDATE": "11/27/1996",
        "AADT": "",
        "AADTYEAR": "1970",
        "STATENAME": "TEXAS",
        "STATEAB": "TX",
        "COUNTYNAME": "POTTER",
        "CITYNAME": "BUSHLAND",
        "LATDD": 35.189243,
        "LONGDD": -101.950851,
        "gridlyProductionCertified": true,
        "gridlyClassification": "PUBLIC_ROADWAY",
        "gridlyDisplayName": "CEMENT PLANT ROAD",
        "gridlyId": "FRA-602250B"
      }
    },
    {
      "type": "Feature",
      "id": 201424,
      "geometry": {
        "type": "Point",
        "coordinates": [
          -102.116818000095,
          35.4699188001113
        ]
      },
      "properties": {
        "OBJECTID": 201424,
        "CROSSING": "967566V",
        "EFFDATE": 1631750400000,
        "REASON": "14",
        "StateCode": "48",
        "CountyCode": "48375",
        "STCYFIPS": "48375",
        "CITYCD": "483750150",
        "RAILROAD": "BNSF",
        "RRDIV": "KANSAS",
        "RRSUBDIV": "DALHART",
        "HIGHWAY": "PRIVATE",
        "STREET": "PRIVATE",
        "TTSTN": "",
        "MILEPOST": "0363.736",
        "TYPEXING": "Private",
        "POSXING": "RR Over",
        "PRVCAT": "14",
        "INIT": "1",
        "LATITUDE": 35.4699188,
        "LONGITUD": -102.116818,
        "LLSOURCE": "1",
        "WHISTBAN": "",
        "RRCONT": "8173521549",
        "POLCONT": "8008325452",
        "INV_LINK": "https://safetydata.fra.dot.gov/OfficeofSafety/PublicSite/Crossing/Crossing.aspx?phasetype=C&rpttype=I&txtcrossingnum=967566V",
        "ACC_LINK": "https://safetydata.fra.dot.gov/OfficeofSafety/PublicSite/Crossing/Crossing.aspx?phasetype=C&rpttype=A&txtcrossingnum=967566V",
        "TTSTNNAM": "",
        "XPURPOSE": "1",
        "OPERATINGR": "BNSF",
        "OPERATIN_1": "Primary",
        "DAYTHRU": 6,
        "NGHTTHRU": 6,
        "MAINTRK": 1,
        "SIDINGTRK": 0,
        "YARDTRK": 0,
        "TRANSITTRK": 0,
        "INDUSTRYTR": 0,
        "OTHRTRK": 0,
        "WDCODE": "",
        "REVISIONDA": "1996/01/01 00:00:00",
        "LASTUPDATE": "9/16/2021",
        "AADT": "",
        "AADTYEAR": "",
        "STATENAME": "TEXAS",
        "STATEAB": "TX",
        "COUNTYNAME": "POTTER",
        "CITYNAME": "AMARILLO",
        "LATDD": 35.4699188,
        "LONGDD": -102.116818,
        "gridlyProductionCertified": true,
        "gridlyClassification": "PUBLIC_ROADWAY",
        "gridlyDisplayName": "PRIVATE",
        "gridlyId": "FRA-967566V"
      }
    },
    {
      "type": "Feature",
      "id": 203602,
      "geometry": {
        "type": "Point",
        "coordinates": [
          -101.839231999838,
          35.3977940001913
        ]
      },
      "properties": {
        "OBJECTID": 203602,
        "CROSSING": "017021U",
        "EFFDATE": 1734393600000,
        "REASON": "14",
        "StateCode": "48",
        "CountyCode": "48375",
        "STCYFIPS": "48375",
        "CITYCD": "483750150",
        "RAILROAD": "BNSF",
        "RRDIV": "KANSAS",
        "RRSUBDIV": "BOISE CITY",
        "HIGHWAY": "Not Yet Reported by State",
        "STREET": "PRIVATE ROAD",
        "TTSTN": "672657",
        "MILEPOST": "0014.427",
        "TYPEXING": "Private",
        "POSXING": "At Grade",
        "PRVCAT": "14",
        "INIT": "1",
        "LATITUDE": 35.397794,
        "LONGITUD": -101.839232,
        "LLSOURCE": "1",
        "WHISTBAN": "0",
        "RRCONT": "8173521549",
        "POLCONT": "8008325452",
        "INV_LINK": "https://safetydata.fra.dot.gov/OfficeofSafety/PublicSite/Crossing/Crossing.aspx?phasetype=C&rpttype=I&txtcrossingnum=017021U",
        "ACC_LINK": "https://safetydata.fra.dot.gov/OfficeofSafety/PublicSite/Crossing/Crossing.aspx?phasetype=C&rpttype=A&txtcrossingnum=017021U",
        "TTSTNNAM": "GLUCK",
        "XPURPOSE": "1",
        "OPERATINGR": "BNSF",
        "OPERATIN_1": "Primary",
        "DAYTHRU": 5,
        "NGHTTHRU": 4,
        "MAINTRK": 1,
        "SIDINGTRK": 0,
        "YARDTRK": 0,
        "TRANSITTRK": 0,
        "INDUSTRYTR": 0,
        "OTHRTRK": 0,
        "WDCODE": "",
        "REVISIONDA": "1996/01/01 00:00:00",
        "LASTUPDATE": "12/17/2024",
        "AADT": "",
        "AADTYEAR": "1970",
        "STATENAME": "TEXAS",
        "STATEAB": "TX",
        "COUNTYNAME": "POTTER",
        "CITYNAME": "AMARILLO",
        "LATDD": 35.397794,
        "LONGDD": -101.839232,
        "gridlyProductionCertified": true,
        "gridlyClassification": "PUBLIC_ROADWAY",
        "gridlyDisplayName": "PRIVATE ROAD",
        "gridlyId": "FRA-017021U"
      }
    },
    {
      "type": "Feature",
      "id": 203604,
      "geometry": {
        "type": "Point",
        "coordinates": [
          -101.895772999578,
          35.4669160003301
        ]
      },
      "properties": {
        "OBJECTID": 203604,
        "CROSSING": "017026D",
        "EFFDATE": 1734393600000,
        "REASON": "14",
        "StateCode": "48",
        "CountyCode": "48375",
        "STCYFIPS": "48375",
        "CITYCD": "483750150",
        "RAILROAD": "BNSF",
        "RRDIV": "KANSAS",
        "RRSUBDIV": "BOISE CITY",
        "HIGHWAY": "Not Yet Reported by State",
        "STREET": "PRIVATE ROAD",
        "TTSTN": "672653",
        "MILEPOST": "0020.477",
        "TYPEXING": "Private",
        "POSXING": "At Grade",
        "PRVCAT": "14",
        "INIT": "1",
        "LATITUDE": 35.466916,
        "LONGITUD": -101.895773,
        "LLSOURCE": "1",
        "WHISTBAN": "0",
        "RRCONT": "8173521549",
        "POLCONT": "8008325452",
        "INV_LINK": "https://safetydata.fra.dot.gov/OfficeofSafety/PublicSite/Crossing/Crossing.aspx?phasetype=C&rpttype=I&txtcrossingnum=017026D",
        "ACC_LINK": "https://safetydata.fra.dot.gov/OfficeofSafety/PublicSite/Crossing/Crossing.aspx?phasetype=C&rpttype=A&txtcrossingnum=017026D",
        "TTSTNNAM": "PUENTE",
        "XPURPOSE": "1",
        "OPERATINGR": "BNSF",
        "OPERATIN_1": "Primary",
        "DAYTHRU": 5,
        "NGHTTHRU": 4,
        "MAINTRK": 1,
        "SIDINGTRK": 0,
        "YARDTRK": 0,
        "TRANSITTRK": 0,
        "INDUSTRYTR": 0,
        "OTHRTRK": 0,
        "WDCODE": "",
        "REVISIONDA": "1996/01/01 00:00:00",
        "LASTUPDATE": "12/17/2024",
        "AADT": "",
        "AADTYEAR": "1970",
        "STATENAME": "TEXAS",
        "STATEAB": "TX",
        "COUNTYNAME": "POTTER",
        "CITYNAME": "AMARILLO",
        "LATDD": 35.466916,
        "LONGDD": -101.895773,
        "gridlyProductionCertified": true,
        "gridlyClassification": "PUBLIC_ROADWAY",
        "gridlyDisplayName": "PRIVATE ROAD",
        "gridlyId": "FRA-017026D"
      }
    },
    {
      "type": "Feature",
      "id": 203605,
      "geometry": {
        "type": "Point",
        "coordinates": [
          -101.899264999921,
          35.4700207998499
        ]
      },
      "properties": {
        "OBJECTID": 203605,
        "CROSSING": "017027K",
        "EFFDATE": 1734393600000,
        "REASON": "14",
        "StateCode": "48",
        "CountyCode": "48375",
        "STCYFIPS": "48375",
        "CITYCD": "483750150",
        "RAILROAD": "BNSF",
        "RRDIV": "KANSAS",
        "RRSUBDIV": "BOISE CITY",
        "HIGHWAY": "Not Yet Reported by State",
        "STREET": "PRIVATE ROAD",
        "TTSTN": "672653",
        "MILEPOST": "0020.810",
        "TYPEXING": "Private",
        "POSXING": "RR Over",
        "PRVCAT": "14",
        "INIT": "1",
        "LATITUDE": 35.4700208,
        "LONGITUD": -101.899265,
        "LLSOURCE": "1",
        "WHISTBAN": "0",
        "RRCONT": "8173521549",
        "POLCONT": "8008325452",
        "INV_LINK": "https://safetydata.fra.dot.gov/OfficeofSafety/PublicSite/Crossing/Crossing.aspx?phasetype=C&rpttype=I&txtcrossingnum=017027K",
        "ACC_LINK": "https://safetydata.fra.dot.gov/OfficeofSafety/PublicSite/Crossing/Crossing.aspx?phasetype=C&rpttype=A&txtcrossingnum=017027K",
        "TTSTNNAM": "PUENTE",
        "XPURPOSE": "1",
        "OPERATINGR": "BNSF",
        "OPERATIN_1": "Primary",
        "DAYTHRU": 5,
        "NGHTTHRU": 4,
        "MAINTRK": 1,
        "SIDINGTRK": 0,
        "YARDTRK": 0,
        "TRANSITTRK": 0,
        "INDUSTRYTR": 0,
        "OTHRTRK": 0,
        "WDCODE": "",
        "REVISIONDA": "1996/01/01 00:00:00",
        "LASTUPDATE": "12/17/2024",
        "AADT": "",
        "AADTYEAR": "1970",
        "STATENAME": "TEXAS",
        "STATEAB": "TX",
        "COUNTYNAME": "POTTER",
        "CITYNAME": "AMARILLO",
        "LATDD": 35.4700208,
        "LONGDD": -101.899265,
        "gridlyProductionCertified": true,
        "gridlyClassification": "PUBLIC_ROADWAY",
        "gridlyDisplayName": "PRIVATE ROAD",
        "gridlyId": "FRA-017027K"
      }
    },
    {
      "type": "Feature",
      "id": 203620,
      "geometry": {
        "type": "Point",
        "coordinates": [
          -101.90342400026,
          35.4842916001804
        ]
      },
      "properties": {
        "OBJECTID": 203620,
        "CROSSING": "017028S",
        "EFFDATE": 1734393600000,
        "REASON": "14",
        "StateCode": "48",
        "CountyCode": "48375",
        "STCYFIPS": "48375",
        "CITYCD": "483750150",
        "RAILROAD": "BNSF",
        "RRDIV": "KANSAS",
        "RRSUBDIV": "BOISE CITY",
        "HIGHWAY": "Not Yet Reported by State",
        "STREET": "PRIVATE ROAD",
        "TTSTN": "672653",
        "MILEPOST": "0021.910",
        "TYPEXING": "Private",
        "POSXING": "RR Over",
        "PRVCAT": "14",
        "INIT": "1",
        "LATITUDE": 35.4842916,
        "LONGITUD": -101.903424,
        "LLSOURCE": "1",
        "WHISTBAN": "0",
        "RRCONT": "8173521549",
        "POLCONT": "8008325452",
        "INV_LINK": "https://safetydata.fra.dot.gov/OfficeofSafety/PublicSite/Crossing/Crossing.aspx?phasetype=C&rpttype=I&txtcrossingnum=017028S",
        "ACC_LINK": "https://safetydata.fra.dot.gov/OfficeofSafety/PublicSite/Crossing/Crossing.aspx?phasetype=C&rpttype=A&txtcrossingnum=017028S",
        "TTSTNNAM": "PUENTE",
        "XPURPOSE": "1",
        "OPERATINGR": "BNSF",
        "OPERATIN_1": "Primary",
        "DAYTHRU": 5,
        "NGHTTHRU": 4,
        "MAINTRK": 1,
        "SIDINGTRK": 0,
        "YARDTRK": 0,
        "TRANSITTRK": 0,
        "INDUSTRYTR": 0,
        "OTHRTRK": 0,
        "WDCODE": "",
        "REVISIONDA": "1996/01/01 00:00:00",
        "LASTUPDATE": "12/17/2024",
        "AADT": "",
        "AADTYEAR": "1970",
        "STATENAME": "TEXAS",
        "STATEAB": "TX",
        "COUNTYNAME": "POTTER",
        "CITYNAME": "AMARILLO",
        "LATDD": 35.4842916,
        "LONGDD": -101.903424,
        "gridlyProductionCertified": true,
        "gridlyClassification": "PUBLIC_ROADWAY",
        "gridlyDisplayName": "PRIVATE ROAD",
        "gridlyId": "FRA-017028S"
      }
    },
    {
      "type": "Feature",
      "id": 203627,
      "geometry": {
        "type": "Point",
        "coordinates": [
          -101.724472400158,
          35.2303013999976
        ]
      },
      "properties": {
        "OBJECTID": 203627,
        "CROSSING": "014599B",
        "EFFDATE": 1774396800000,
        "REASON": "14",
        "StateCode": "48",
        "CountyCode": "48375",
        "STCYFIPS": "48375",
        "CITYCD": "483750150",
        "RAILROAD": "BNSF",
        "RRDIV": "KANSAS",
        "RRSUBDIV": "PANHANDLE",
        "HIGHWAY": "ls0000",
        "STREET": "FOLSOM RoaD",
        "TTSTN": "672674",
        "MILEPOST": "0547.059",
        "TYPEXING": "Public",
        "POSXING": "At Grade",
        "PRVCAT": "14",
        "INIT": "1",
        "LATITUDE": 35.2303014,
        "LONGITUD": -101.7244724,
        "LLSOURCE": "1",
        "WHISTBAN": "0",
        "RRCONT": "8173521549",
        "POLCONT": "8008325452",
        "INV_LINK": "https://safetydata.fra.dot.gov/OfficeofSafety/PublicSite/Crossing/Crossing.aspx?phasetype=C&rpttype=I&txtcrossingnum=014599B",
        "ACC_LINK": "https://safetydata.fra.dot.gov/OfficeofSafety/PublicSite/Crossing/Crossing.aspx?phasetype=C&rpttype=A&txtcrossingnum=014599B",
        "TTSTNNAM": "FOLSOM",
        "XPURPOSE": "1",
        "OPERATINGR": "BNSF",
        "OPERATIN_1": "Primary",
        "DAYTHRU": 28,
        "NGHTTHRU": 27,
        "MAINTRK": 2,
        "SIDINGTRK": 0,
        "YARDTRK": 0,
        "TRANSITTRK": 0,
        "INDUSTRYTR": 0,
        "OTHRTRK": 0,
        "WDCODE": "All other Gates",
        "REVISIONDA": "1996/01/01 00:00:00",
        "LASTUPDATE": "3/25/2026",
        "AADT": "493",
        "AADTYEAR": "2023",
        "STATENAME": "TEXAS",
        "STATEAB": "TX",
        "COUNTYNAME": "POTTER",
        "CITYNAME": "AMARILLO",
        "LATDD": 35.2303014,
        "LONGDD": -101.7244724,
        "gridlyProductionCertified": true,
        "gridlyClassification": "PUBLIC_ROADWAY",
        "gridlyDisplayName": "FOLSOM RoaD",
        "gridlyId": "FRA-014599B"
      }
    },
    {
      "type": "Feature",
      "id": 203629,
      "geometry": {
        "type": "Point",
        "coordinates": [
          -101.699103999891,
          35.2379800003229
        ]
      },
      "properties": {
        "OBJECTID": 203629,
        "CROSSING": "017158N",
        "EFFDATE": 1734393600000,
        "REASON": "14",
        "StateCode": "48",
        "CountyCode": "48341",
        "STCYFIPS": "48341",
        "CITYCD": "483412000",
        "RAILROAD": "BNSF",
        "RRDIV": "POWDER RIVER",
        "RRSUBDIV": "MACHOVEC",
        "HIGHWAY": "Not Yet Reported by State",
        "STREET": "PRIVATE ROAD",
        "TTSTN": "672353",
        "MILEPOST": "0006.184",
        "TYPEXING": "Private",
        "POSXING": "At Grade",
        "PRVCAT": "14",
        "INIT": "1",
        "LATITUDE": 35.23798,
        "LONGITUD": -101.699104,
        "LLSOURCE": "1",
        "WHISTBAN": "0",
        "RRCONT": "8173521549",
        "POLCONT": "8008325452",
        "INV_LINK": "https://safetydata.fra.dot.gov/OfficeofSafety/PublicSite/Crossing/Crossing.aspx?phasetype=C&rpttype=I&txtcrossingnum=017158N",
        "ACC_LINK": "https://safetydata.fra.dot.gov/OfficeofSafety/PublicSite/Crossing/Crossing.aspx?phasetype=C&rpttype=A&txtcrossingnum=017158N",
        "TTSTNNAM": "MACHOVEC",
        "XPURPOSE": "1",
        "OPERATINGR": "BNSF",
        "OPERATIN_1": "Primary",
        "DAYTHRU": 0,
        "NGHTTHRU": 0,
        "MAINTRK": 0,
        "SIDINGTRK": 0,
        "YARDTRK": 0,
        "TRANSITTRK": 0,
        "INDUSTRYTR": 4,
        "OTHRTRK": 1,
        "WDCODE": "",
        "REVISIONDA": "1996/01/01 00:00:00",
        "LASTUPDATE": "12/17/2024",
        "AADT": "",
        "AADTYEAR": "1981",
        "STATENAME": "TEXAS",
        "STATEAB": "TX",
        "COUNTYNAME": "MOORE",
        "CITYNAME": "DUMAS",
        "LATDD": 35.23798,
        "LONGDD": -101.699104,
        "gridlyProductionCertified": true,
        "gridlyClassification": "PUBLIC_ROADWAY",
        "gridlyDisplayName": "PRIVATE ROAD",
        "gridlyId": "FRA-017158N"
      }
    },
    {
      "type": "Feature",
      "id": 203630,
      "geometry": {
        "type": "Point",
        "coordinates": [
          -101.685538999824,
          35.2421149998162
        ]
      },
      "properties": {
        "OBJECTID": 203630,
        "CROSSING": "017160P",
        "EFFDATE": 1734393600000,
        "REASON": "14",
        "StateCode": "48",
        "CountyCode": "48341",
        "STCYFIPS": "48341",
        "CITYCD": "483412000",
        "RAILROAD": "BNSF",
        "RRDIV": "POWDER RIVER",
        "RRSUBDIV": "MACHOVEC",
        "HIGHWAY": "Not Yet Reported by State",
        "STREET": "PRIVATE ROAD",
        "TTSTN": "672353",
        "MILEPOST": "0005.955",
        "TYPEXING": "Private",
        "POSXING": "At Grade",
        "PRVCAT": "14",
        "INIT": "1",
        "LATITUDE": 35.242115,
        "LONGITUD": -101.685539,
        "LLSOURCE": "1",
        "WHISTBAN": "0",
        "RRCONT": "8173521549",
        "POLCONT": "8008325452",
        "INV_LINK": "https://safetydata.fra.dot.gov/OfficeofSafety/PublicSite/Crossing/Crossing.aspx?phasetype=C&rpttype=I&txtcrossingnum=017160P",
        "ACC_LINK": "https://safetydata.fra.dot.gov/OfficeofSafety/PublicSite/Crossing/Crossing.aspx?phasetype=C&rpttype=A&txtcrossingnum=017160P",
        "TTSTNNAM": "MACHOVEC",
        "XPURPOSE": "1",
        "OPERATINGR": "BNSF",
        "OPERATIN_1": "Primary",
        "DAYTHRU": 0,
        "NGHTTHRU": 0,
        "MAINTRK": 0,
        "SIDINGTRK": 0,
        "YARDTRK": 0,
        "TRANSITTRK": 0,
        "INDUSTRYTR": 3,
        "OTHRTRK": 1,
        "WDCODE": "",
        "REVISIONDA": "1996/01/01 00:00:00",
        "LASTUPDATE": "12/17/2024",
        "AADT": "",
        "AADTYEAR": "1981",
        "STATENAME": "TEXAS",
        "STATEAB": "TX",
        "COUNTYNAME": "MOORE",
        "CITYNAME": "DUMAS",
        "LATDD": 35.242115,
        "LONGDD": -101.685539,
        "gridlyProductionCertified": true,
        "gridlyClassification": "PUBLIC_ROADWAY",
        "gridlyDisplayName": "PRIVATE ROAD",
        "gridlyId": "FRA-017160P"
      }
    },
    {
      "type": "Feature",
      "id": 203785,
      "geometry": {
        "type": "Point",
        "coordinates": [
          -101.802625999658,
          35.2127386998789
        ]
      },
      "properties": {
        "OBJECTID": 203785,
        "CROSSING": "014604V",
        "EFFDATE": 1734393600000,
        "REASON": "14",
        "StateCode": "48",
        "CountyCode": "48375",
        "STCYFIPS": "48375",
        "CITYCD": "483750150",
        "RAILROAD": "BNSF",
        "RRDIV": "KANSAS",
        "RRSUBDIV": "HEREFORD",
        "HIGHWAY": "PV 0000",
        "STREET": "BULL RD PVT",
        "TTSTN": "672700",
        "MILEPOST": "0551.647",
        "TYPEXING": "Private",
        "POSXING": "At Grade",
        "PRVCAT": "14",
        "INIT": "1",
        "LATITUDE": 35.2127387,
        "LONGITUD": -101.802626,
        "LLSOURCE": "1",
        "WHISTBAN": "0",
        "RRCONT": "8173521549",
        "POLCONT": "8008325452",
        "INV_LINK": "https://safetydata.fra.dot.gov/OfficeofSafety/PublicSite/Crossing/Crossing.aspx?phasetype=C&rpttype=I&txtcrossingnum=014604V",
        "ACC_LINK": "https://safetydata.fra.dot.gov/OfficeofSafety/PublicSite/Crossing/Crossing.aspx?phasetype=C&rpttype=A&txtcrossingnum=014604V",
        "TTSTNNAM": "AMARILLO YARD",
        "XPURPOSE": "1",
        "OPERATINGR": "BNSF",
        "OPERATIN_1": "Primary",
        "DAYTHRU": 30,
        "NGHTTHRU": 29,
        "MAINTRK": 2,
        "SIDINGTRK": 0,
        "YARDTRK": 1,
        "TRANSITTRK": 0,
        "INDUSTRYTR": 0,
        "OTHRTRK": 1,
        "WDCODE": "",
        "REVISIONDA": "1996/01/01 00:00:00",
        "LASTUPDATE": "12/17/2024",
        "AADT": "304",
        "AADTYEAR": "2019",
        "STATENAME": "TEXAS",
        "STATEAB": "TX",
        "COUNTYNAME": "POTTER",
        "CITYNAME": "AMARILLO",
        "LATDD": 35.2127387,
        "LONGDD": -101.802626,
        "gridlyProductionCertified": true,
        "gridlyClassification": "PUBLIC_ROADWAY",
        "gridlyDisplayName": "BULL RD PVT",
        "gridlyId": "FRA-014604V"
      }
    },
    {
      "type": "Feature",
      "id": 203786,
      "geometry": {
        "type": "Point",
        "coordinates": [
          -101.821899000143,
          35.2114980002128
        ]
      },
      "properties": {
        "OBJECTID": 203786,
        "CROSSING": "014614B",
        "EFFDATE": 1734393600000,
        "REASON": "14",
        "StateCode": "48",
        "CountyCode": "48375",
        "STCYFIPS": "48375",
        "CITYCD": "483750150",
        "RAILROAD": "BNSF",
        "RRDIV": "KANSAS",
        "RRSUBDIV": "AMARILLO YD, TX",
        "HIGHWAY": "Not Yet Reported by State",
        "STREET": "PRIVATE YARD",
        "TTSTN": "672700",
        "MILEPOST": "0334.766",
        "TYPEXING": "Private",
        "POSXING": "At Grade",
        "PRVCAT": "14",
        "INIT": "1",
        "LATITUDE": 35.211498,
        "LONGITUD": -101.821899,
        "LLSOURCE": "1",
        "WHISTBAN": "0",
        "RRCONT": "8173521549",
        "POLCONT": "8008325452",
        "INV_LINK": "https://safetydata.fra.dot.gov/OfficeofSafety/PublicSite/Crossing/Crossing.aspx?phasetype=C&rpttype=I&txtcrossingnum=014614B",
        "ACC_LINK": "https://safetydata.fra.dot.gov/OfficeofSafety/PublicSite/Crossing/Crossing.aspx?phasetype=C&rpttype=A&txtcrossingnum=014614B",
        "TTSTNNAM": "AMARILLO YARD",
        "XPURPOSE": "1",
        "OPERATINGR": "BNSF",
        "OPERATIN_1": "Primary",
        "DAYTHRU": 0,
        "NGHTTHRU": 0,
        "MAINTRK": 1,
        "SIDINGTRK": 0,
        "YARDTRK": 7,
        "TRANSITTRK": 0,
        "INDUSTRYTR": 0,
        "OTHRTRK": 1,
        "WDCODE": "",
        "REVISIONDA": "1996/01/01 00:00:00",
        "LASTUPDATE": "12/17/2024",
        "AADT": "",
        "AADTYEAR": "1970",
        "STATENAME": "TEXAS",
        "STATEAB": "TX",
        "COUNTYNAME": "POTTER",
        "CITYNAME": "AMARILLO",
        "LATDD": 35.211498,
        "LONGDD": -101.821899,
        "gridlyProductionCertified": true,
        "gridlyClassification": "PUBLIC_ROADWAY",
        "gridlyDisplayName": "PRIVATE YARD",
        "gridlyId": "FRA-014614B"
      }
    },
    {
      "type": "Feature",
      "id": 204117,
      "geometry": {
        "type": "Point",
        "coordinates": [
          -101.689041600287,
          35.2412184003136
        ]
      },
      "properties": {
        "OBJECTID": 204117,
        "CROSSING": "014597M",
        "EFFDATE": 1774396800000,
        "REASON": "14",
        "StateCode": "48",
        "CountyCode": "48375",
        "STCYFIPS": "48375",
        "CITYCD": "483750150",
        "RAILROAD": "BNSF",
        "RRDIV": "KANSAS",
        "RRSUBDIV": "PANHANDLE",
        "HIGHWAY": "cr0000",
        "STREET": "PARSLEY RoaD",
        "TTSTN": "672674",
        "MILEPOST": "0544.923",
        "TYPEXING": "Public",
        "POSXING": "At Grade",
        "PRVCAT": "14",
        "INIT": "1",
        "LATITUDE": 35.2412184,
        "LONGITUD": -101.6890416,
        "LLSOURCE": "1",
        "WHISTBAN": "0",
        "RRCONT": "8173521549",
        "POLCONT": "8008325452",
        "INV_LINK": "https://safetydata.fra.dot.gov/OfficeofSafety/PublicSite/Crossing/Crossing.aspx?phasetype=C&rpttype=I&txtcrossingnum=014597M",
        "ACC_LINK": "https://safetydata.fra.dot.gov/OfficeofSafety/PublicSite/Crossing/Crossing.aspx?phasetype=C&rpttype=A&txtcrossingnum=014597M",
        "TTSTNNAM": "FOLSOM",
        "XPURPOSE": "1",
        "OPERATINGR": "BNSF",
        "OPERATIN_1": "Primary",
        "DAYTHRU": 28,
        "NGHTTHRU": 27,
        "MAINTRK": 2,
        "SIDINGTRK": 0,
        "YARDTRK": 0,
        "TRANSITTRK": 0,
        "INDUSTRYTR": 0,
        "OTHRTRK": 0,
        "WDCODE": "All other Gates",
        "REVISIONDA": "1996/01/01 00:00:00",
        "LASTUPDATE": "3/25/2026",
        "AADT": "121",
        "AADTYEAR": "2020",
        "STATENAME": "TEXAS",
        "STATEAB": "TX",
        "COUNTYNAME": "POTTER",
        "CITYNAME": "AMARILLO",
        "LATDD": 35.2412184,
        "LONGDD": -101.6890416,
        "gridlyProductionCertified": true,
        "gridlyClassification": "PUBLIC_ROADWAY",
        "gridlyDisplayName": "PARSLEY RoaD",
        "gridlyId": "FRA-014597M"
      }
    },
    {
      "type": "Feature",
      "id": 204208,
      "geometry": {
        "type": "Point",
        "coordinates": [
          -101.763897000187,
          35.2619870002691
        ]
      },
      "properties": {
        "OBJECTID": 204208,
        "CROSSING": "017152X",
        "EFFDATE": 1734393600000,
        "REASON": "14",
        "StateCode": "48",
        "CountyCode": "48375",
        "STCYFIPS": "48375",
        "CITYCD": "483750150",
        "RAILROAD": "BNSF",
        "RRDIV": "KANSAS",
        "RRSUBDIV": "ASARCO-SWPS SPUR",
        "HIGHWAY": "Not Yet Reported by State",
        "STREET": "PRIVATE",
        "TTSTN": "672700",
        "MILEPOST": "0002.301",
        "TYPEXING": "Private",
        "POSXING": "At Grade",
        "PRVCAT": "14",
        "INIT": "1",
        "LATITUDE": 35.261987,
        "LONGITUD": -101.763897,
        "LLSOURCE": "1",
        "WHISTBAN": "0",
        "RRCONT": "8173521549",
        "POLCONT": "8008325452",
        "INV_LINK": "https://safetydata.fra.dot.gov/OfficeofSafety/PublicSite/Crossing/Crossing.aspx?phasetype=C&rpttype=I&txtcrossingnum=017152X",
        "ACC_LINK": "https://safetydata.fra.dot.gov/OfficeofSafety/PublicSite/Crossing/Crossing.aspx?phasetype=C&rpttype=A&txtcrossingnum=017152X",
        "TTSTNNAM": "AMARILLO YARD",
        "XPURPOSE": "1",
        "OPERATINGR": "BNSF",
        "OPERATIN_1": "Primary",
        "DAYTHRU": 0,
        "NGHTTHRU": 0,
        "MAINTRK": 0,
        "SIDINGTRK": 0,
        "YARDTRK": 1,
        "TRANSITTRK": 0,
        "INDUSTRYTR": 0,
        "OTHRTRK": 1,
        "WDCODE": "",
        "REVISIONDA": "1996/01/01 00:00:00",
        "LASTUPDATE": "12/17/2024",
        "AADT": "",
        "AADTYEAR": "1970",
        "STATENAME": "TEXAS",
        "STATEAB": "TX",
        "COUNTYNAME": "POTTER",
        "CITYNAME": "AMARILLO",
        "LATDD": 35.261987,
        "LONGDD": -101.763897,
        "gridlyProductionCertified": true,
        "gridlyClassification": "PUBLIC_ROADWAY",
        "gridlyDisplayName": "PRIVATE",
        "gridlyId": "FRA-017152X"
      }
    },
    {
      "type": "Feature",
      "id": 204447,
      "geometry": {
        "type": "Point",
        "coordinates": [
          -101.818703000076,
          35.2098010002132
        ]
      },
      "properties": {
        "OBJECTID": 204447,
        "CROSSING": "014737M",
        "EFFDATE": 1734393600000,
        "REASON": "14",
        "StateCode": "48",
        "CountyCode": "48117",
        "STCYFIPS": "48117",
        "CITYCD": "481173140",
        "RAILROAD": "BNSF",
        "RRDIV": "KANSAS",
        "RRSUBDIV": "HEREFORD YD, TX",
        "HIGHWAY": "Not Yet Reported by State",
        "STREET": "PRIVATE ROAD",
        "TTSTN": "674278",
        "MILEPOST": "0598.519",
        "TYPEXING": "Private",
        "POSXING": "At Grade",
        "PRVCAT": "14",
        "INIT": "1",
        "LATITUDE": 35.209801,
        "LONGITUD": -101.818703,
        "LLSOURCE": "1",
        "WHISTBAN": "0",
        "RRCONT": "8173521549",
        "POLCONT": "8008325452",
        "INV_LINK": "https://safetydata.fra.dot.gov/OfficeofSafety/PublicSite/Crossing/Crossing.aspx?phasetype=C&rpttype=I&txtcrossingnum=014737M",
        "ACC_LINK": "https://safetydata.fra.dot.gov/OfficeofSafety/PublicSite/Crossing/Crossing.aspx?phasetype=C&rpttype=A&txtcrossingnum=014737M",
        "TTSTNNAM": "HEREFORD YARD",
        "XPURPOSE": "1",
        "OPERATINGR": "BNSF",
        "OPERATIN_1": "Primary",
        "DAYTHRU": 0,
        "NGHTTHRU": 0,
        "MAINTRK": 0,
        "SIDINGTRK": 0,
        "YARDTRK": 0,
        "TRANSITTRK": 0,
        "INDUSTRYTR": 1,
        "OTHRTRK": 1,
        "WDCODE": "",
        "REVISIONDA": "1996/01/01 00:00:00",
        "LASTUPDATE": "12/17/2024",
        "AADT": "",
        "AADTYEAR": "1970",
        "STATENAME": "TEXAS",
        "STATEAB": "TX",
        "COUNTYNAME": "DEAF SMITH",
        "CITYNAME": "HEREFORD",
        "LATDD": 35.209801,
        "LONGDD": -101.818703,
        "gridlyProductionCertified": true,
        "gridlyClassification": "PUBLIC_ROADWAY",
        "gridlyDisplayName": "PRIVATE ROAD",
        "gridlyId": "FRA-014737M"
      }
    },
    {
      "type": "Feature",
      "id": 204448,
      "geometry": {
        "type": "Point",
        "coordinates": [
          -101.798781999861,
          35.2086489999551
        ]
      },
      "properties": {
        "OBJECTID": 204448,
        "CROSSING": "014738U",
        "EFFDATE": 1734393600000,
        "REASON": "14",
        "StateCode": "48",
        "CountyCode": "48117",
        "STCYFIPS": "48117",
        "CITYCD": "481173140",
        "RAILROAD": "BNSF",
        "RRDIV": "KANSAS",
        "RRSUBDIV": "HEREFORD YD, TX",
        "HIGHWAY": "Not Yet Reported by State",
        "STREET": "PRIVATE ROAD",
        "TTSTN": "674278",
        "MILEPOST": "0598.593",
        "TYPEXING": "Private",
        "POSXING": "At Grade",
        "PRVCAT": "14",
        "INIT": "1",
        "LATITUDE": 35.208649,
        "LONGITUD": -101.798782,
        "LLSOURCE": "1",
        "WHISTBAN": "0",
        "RRCONT": "8173521549",
        "POLCONT": "8008325452",
        "INV_LINK": "https://safetydata.fra.dot.gov/OfficeofSafety/PublicSite/Crossing/Crossing.aspx?phasetype=C&rpttype=I&txtcrossingnum=014738U",
        "ACC_LINK": "https://safetydata.fra.dot.gov/OfficeofSafety/PublicSite/Crossing/Crossing.aspx?phasetype=C&rpttype=A&txtcrossingnum=014738U",
        "TTSTNNAM": "HEREFORD YARD",
        "XPURPOSE": "1",
        "OPERATINGR": "BNSF",
        "OPERATIN_1": "Primary",
        "DAYTHRU": 0,
        "NGHTTHRU": 0,
        "MAINTRK": 0,
        "SIDINGTRK": 0,
        "YARDTRK": 0,
        "TRANSITTRK": 0,
        "INDUSTRYTR": 1,
        "OTHRTRK": 1,
        "WDCODE": "",
        "REVISIONDA": "1996/01/01 00:00:00",
        "LASTUPDATE": "12/17/2024",
        "AADT": "",
        "AADTYEAR": "1970",
        "STATENAME": "TEXAS",
        "STATEAB": "TX",
        "COUNTYNAME": "DEAF SMITH",
        "CITYNAME": "HEREFORD",
        "LATDD": 35.208649,
        "LONGDD": -101.798782,
        "gridlyProductionCertified": true,
        "gridlyClassification": "PUBLIC_ROADWAY",
        "gridlyDisplayName": "PRIVATE ROAD",
        "gridlyId": "FRA-014738U"
      }
    },
    {
      "type": "Feature",
      "id": 204945,
      "geometry": {
        "type": "Point",
        "coordinates": [
          -101.689361999705,
          35.2032521000392
        ]
      },
      "properties": {
        "OBJECTID": 204945,
        "CROSSING": "602155F",
        "EFFDATE": 1736899200000,
        "REASON": "14",
        "StateCode": "48",
        "CountyCode": "48375",
        "STCYFIPS": "48375",
        "CITYCD": "483750150",
        "RAILROAD": "BNSF",
        "RRDIV": "KANSAS",
        "RRSUBDIV": "PULLMAN",
        "HIGHWAY": "Not Yet Reported by State",
        "STREET": "PRIVATE",
        "TTSTN": "672700",
        "MILEPOST": "0752.248",
        "TYPEXING": "Private",
        "POSXING": "At Grade",
        "PRVCAT": "14",
        "INIT": "1",
        "LATITUDE": 35.2032521,
        "LONGITUD": -101.689362,
        "LLSOURCE": "1",
        "WHISTBAN": "0",
        "RRCONT": "8173521549",
        "POLCONT": "8008325452",
        "INV_LINK": "https://safetydata.fra.dot.gov/OfficeofSafety/PublicSite/Crossing/Crossing.aspx?phasetype=C&rpttype=I&txtcrossingnum=602155F",
        "ACC_LINK": "https://safetydata.fra.dot.gov/OfficeofSafety/PublicSite/Crossing/Crossing.aspx?phasetype=C&rpttype=A&txtcrossingnum=602155F",
        "TTSTNNAM": "AMARILLO YARD",
        "XPURPOSE": "1",
        "OPERATINGR": "BNSF",
        "OPERATIN_1": "Primary",
        "DAYTHRU": 0,
        "NGHTTHRU": 0,
        "MAINTRK": 0,
        "SIDINGTRK": 0,
        "YARDTRK": 1,
        "TRANSITTRK": 0,
        "INDUSTRYTR": 0,
        "OTHRTRK": 1,
        "WDCODE": "",
        "REVISIONDA": "1996/01/01 00:00:00",
        "LASTUPDATE": "1/15/2025",
        "AADT": "",
        "AADTYEAR": "1970",
        "STATENAME": "TEXAS",
        "STATEAB": "TX",
        "COUNTYNAME": "POTTER",
        "CITYNAME": "AMARILLO",
        "LATDD": 35.2032521,
        "LONGDD": -101.689362,
        "gridlyProductionCertified": true,
        "gridlyClassification": "PUBLIC_ROADWAY",
        "gridlyDisplayName": "PRIVATE",
        "gridlyId": "FRA-602155F"
      }
    },
    {
      "type": "Feature",
      "id": 204946,
      "geometry": {
        "type": "Point",
        "coordinates": [
          -101.710751999632,
          35.2002440000301
        ]
      },
      "properties": {
        "OBJECTID": 204946,
        "CROSSING": "602157U",
        "EFFDATE": 1736899200000,
        "REASON": "14",
        "StateCode": "48",
        "CountyCode": "48375",
        "STCYFIPS": "48375",
        "CITYCD": "483750150",
        "RAILROAD": "BNSF",
        "RRDIV": "KANSAS",
        "RRSUBDIV": "PULLMAN",
        "HIGHWAY": "Not Yet Reported by State",
        "STREET": "PRIVATE",
        "TTSTN": "672700",
        "MILEPOST": "0753.610",
        "TYPEXING": "Private",
        "POSXING": "At Grade",
        "PRVCAT": "14",
        "INIT": "1",
        "LATITUDE": 35.200244,
        "LONGITUD": -101.710752,
        "LLSOURCE": "1",
        "WHISTBAN": "0",
        "RRCONT": "8173521549",
        "POLCONT": "8008325452",
        "INV_LINK": "https://safetydata.fra.dot.gov/OfficeofSafety/PublicSite/Crossing/Crossing.aspx?phasetype=C&rpttype=I&txtcrossingnum=602157U",
        "ACC_LINK": "https://safetydata.fra.dot.gov/OfficeofSafety/PublicSite/Crossing/Crossing.aspx?phasetype=C&rpttype=A&txtcrossingnum=602157U",
        "TTSTNNAM": "AMARILLO YARD",
        "XPURPOSE": "1",
        "OPERATINGR": "BNSF",
        "OPERATIN_1": "Primary",
        "DAYTHRU": 0,
        "NGHTTHRU": 0,
        "MAINTRK": 0,
        "SIDINGTRK": 0,
        "YARDTRK": 1,
        "TRANSITTRK": 0,
        "INDUSTRYTR": 0,
        "OTHRTRK": 1,
        "WDCODE": "",
        "REVISIONDA": "1996/01/01 00:00:00",
        "LASTUPDATE": "1/15/2025",
        "AADT": "",
        "AADTYEAR": "1970",
        "STATENAME": "TEXAS",
        "STATEAB": "TX",
        "COUNTYNAME": "POTTER",
        "CITYNAME": "AMARILLO",
        "LATDD": 35.200244,
        "LONGDD": -101.710752,
        "gridlyProductionCertified": true,
        "gridlyClassification": "PUBLIC_ROADWAY",
        "gridlyDisplayName": "PRIVATE",
        "gridlyId": "FRA-602157U"
      }
    },
    {
      "type": "Feature",
      "id": 204950,
      "geometry": {
        "type": "Point",
        "coordinates": [
          -101.811504000204,
          35.2127970002711
        ]
      },
      "properties": {
        "OBJECTID": 204950,
        "CROSSING": "602168G",
        "EFFDATE": 1736899200000,
        "REASON": "14",
        "StateCode": "48",
        "CountyCode": "48375",
        "STCYFIPS": "48375",
        "CITYCD": "483750150",
        "RAILROAD": "BNSF",
        "RRDIV": "KANSAS",
        "RRSUBDIV": "AMARILLO YD TX",
        "HIGHWAY": "PRIVATE",
        "STREET": "PRIVATE",
        "TTSTN": "672700",
        "MILEPOST": "0334.564",
        "TYPEXING": "Private",
        "POSXING": "At Grade",
        "PRVCAT": "14",
        "INIT": "1",
        "LATITUDE": 35.212797,
        "LONGITUD": -101.811504,
        "LLSOURCE": "1",
        "WHISTBAN": "0",
        "RRCONT": "8173521549",
        "POLCONT": "8008325452",
        "INV_LINK": "https://safetydata.fra.dot.gov/OfficeofSafety/PublicSite/Crossing/Crossing.aspx?phasetype=C&rpttype=I&txtcrossingnum=602168G",
        "ACC_LINK": "https://safetydata.fra.dot.gov/OfficeofSafety/PublicSite/Crossing/Crossing.aspx?phasetype=C&rpttype=A&txtcrossingnum=602168G",
        "TTSTNNAM": "AMARILLO YARD",
        "XPURPOSE": "1",
        "OPERATINGR": "BNSF",
        "OPERATIN_1": "Primary",
        "DAYTHRU": 0,
        "NGHTTHRU": 0,
        "MAINTRK": 0,
        "SIDINGTRK": 0,
        "YARDTRK": 1,
        "TRANSITTRK": 0,
        "INDUSTRYTR": 0,
        "OTHRTRK": 1,
        "WDCODE": "",
        "REVISIONDA": "1996/01/01 00:00:00",
        "LASTUPDATE": "1/15/2025",
        "AADT": "",
        "AADTYEAR": "1970",
        "STATENAME": "TEXAS",
        "STATEAB": "TX",
        "COUNTYNAME": "POTTER",
        "CITYNAME": "AMARILLO",
        "LATDD": 35.212797,
        "LONGDD": -101.811504,
        "gridlyProductionCertified": true,
        "gridlyClassification": "PUBLIC_ROADWAY",
        "gridlyDisplayName": "PRIVATE",
        "gridlyId": "FRA-602168G"
      }
    },
    {
      "type": "Feature",
      "id": 205301,
      "geometry": {
        "type": "Point",
        "coordinates": [
          -101.741724399662,
          35.2261316001649
        ]
      },
      "properties": {
        "OBJECTID": 205301,
        "CROSSING": "014635U",
        "EFFDATE": 1774396800000,
        "REASON": "14",
        "StateCode": "48",
        "CountyCode": "48375",
        "STCYFIPS": "48375",
        "CITYCD": "483750150",
        "RAILROAD": "BNSF",
        "RRDIV": "KANSAS",
        "RRSUBDIV": "PANHANDLE",
        "HIGHWAY": "sl0335",
        "STREET": "sl0335 / north LAKESIDE DRive",
        "TTSTN": "672674",
        "MILEPOST": "0548.060",
        "TYPEXING": "Public",
        "POSXING": "RR Over",
        "PRVCAT": "14",
        "INIT": "1",
        "LATITUDE": 35.2261316,
        "LONGITUD": -101.7417244,
        "LLSOURCE": "1",
        "WHISTBAN": "0",
        "RRCONT": "8173521549",
        "POLCONT": "8008325452",
        "INV_LINK": "https://safetydata.fra.dot.gov/OfficeofSafety/PublicSite/Crossing/Crossing.aspx?phasetype=C&rpttype=I&txtcrossingnum=014635U",
        "ACC_LINK": "https://safetydata.fra.dot.gov/OfficeofSafety/PublicSite/Crossing/Crossing.aspx?phasetype=C&rpttype=A&txtcrossingnum=014635U",
        "TTSTNNAM": "FOLSOM",
        "XPURPOSE": "1",
        "OPERATINGR": "BNSF",
        "OPERATIN_1": "Primary",
        "DAYTHRU": 13,
        "NGHTTHRU": 13,
        "MAINTRK": 1,
        "SIDINGTRK": 0,
        "YARDTRK": 0,
        "TRANSITTRK": 0,
        "INDUSTRYTR": 0,
        "OTHRTRK": 0,
        "WDCODE": "",
        "REVISIONDA": "1996/01/01 00:00:00",
        "LASTUPDATE": "3/25/2026",
        "AADT": "13731",
        "AADTYEAR": "2024",
        "STATENAME": "TEXAS",
        "STATEAB": "TX",
        "COUNTYNAME": "POTTER",
        "CITYNAME": "AMARILLO",
        "LATDD": 35.2261316,
        "LONGDD": -101.7417244,
        "gridlyProductionCertified": true,
        "gridlyClassification": "PUBLIC_ROADWAY",
        "gridlyDisplayName": "sl0335 / north LAKESIDE DRive",
        "gridlyId": "FRA-014635U"
      }
    },
    {
      "type": "Feature",
      "id": 205305,
      "geometry": {
        "type": "Point",
        "coordinates": [
          -101.798929999999,
          35.2187600002552
        ]
      },
      "properties": {
        "OBJECTID": 205305,
        "CROSSING": "980597A",
        "EFFDATE": 1736985600000,
        "REASON": "14",
        "StateCode": "48",
        "CountyCode": "48375",
        "STCYFIPS": "48375",
        "CITYCD": "483750150",
        "RAILROAD": "BNSF",
        "RRDIV": "RED RIVER",
        "RRSUBDIV": "BOISE CITY",
        "HIGHWAY": "PRIVATE",
        "STREET": "PRIVATE",
        "TTSTN": "",
        "MILEPOST": "0000.904",
        "TYPEXING": "Private",
        "POSXING": "At Grade",
        "PRVCAT": "14",
        "INIT": "1",
        "LATITUDE": 35.21876,
        "LONGITUD": -101.79893,
        "LLSOURCE": "1",
        "WHISTBAN": "",
        "RRCONT": "8173521549",
        "POLCONT": "8008325452",
        "INV_LINK": "https://safetydata.fra.dot.gov/OfficeofSafety/PublicSite/Crossing/Crossing.aspx?phasetype=C&rpttype=I&txtcrossingnum=980597A",
        "ACC_LINK": "https://safetydata.fra.dot.gov/OfficeofSafety/PublicSite/Crossing/Crossing.aspx?phasetype=C&rpttype=A&txtcrossingnum=980597A",
        "TTSTNNAM": "",
        "XPURPOSE": "1",
        "OPERATINGR": "BNSF",
        "OPERATIN_1": "Primary",
        "DAYTHRU": 0,
        "NGHTTHRU": 0,
        "MAINTRK": 0,
        "SIDINGTRK": 0,
        "YARDTRK": 0,
        "TRANSITTRK": 0,
        "INDUSTRYTR": 1,
        "OTHRTRK": 0,
        "WDCODE": "",
        "REVISIONDA": "1996/01/01 00:00:00",
        "LASTUPDATE": "1/16/2025",
        "AADT": "",
        "AADTYEAR": "",
        "STATENAME": "TEXAS",
        "STATEAB": "TX",
        "COUNTYNAME": "POTTER",
        "CITYNAME": "AMARILLO",
        "LATDD": 35.21876,
        "LONGDD": -101.79893,
        "gridlyProductionCertified": true,
        "gridlyClassification": "PUBLIC_ROADWAY",
        "gridlyDisplayName": "PRIVATE",
        "gridlyId": "FRA-980597A"
      }
    },
    {
      "type": "Feature",
      "id": 205306,
      "geometry": {
        "type": "Point",
        "coordinates": [
          -101.740640000164,
          35.2006100002427
        ]
      },
      "properties": {
        "OBJECTID": 205306,
        "CROSSING": "980851A",
        "EFFDATE": 1736985600000,
        "REASON": "14",
        "StateCode": "48",
        "CountyCode": "48375",
        "STCYFIPS": "48375",
        "CITYCD": "483750150",
        "RAILROAD": "BNSF",
        "RRDIV": "RED RIVER",
        "RRSUBDIV": "RED RIVER VALLEY",
        "HIGHWAY": "PRIVATE",
        "STREET": "PRIVATE",
        "TTSTN": "",
        "MILEPOST": "0330.515",
        "TYPEXING": "Private",
        "POSXING": "At Grade",
        "PRVCAT": "14",
        "INIT": "1",
        "LATITUDE": 35.20061,
        "LONGITUD": -101.74064,
        "LLSOURCE": "1",
        "WHISTBAN": "",
        "RRCONT": "8173521549",
        "POLCONT": "8008325452",
        "INV_LINK": "https://safetydata.fra.dot.gov/OfficeofSafety/PublicSite/Crossing/Crossing.aspx?phasetype=C&rpttype=I&txtcrossingnum=980851A",
        "ACC_LINK": "https://safetydata.fra.dot.gov/OfficeofSafety/PublicSite/Crossing/Crossing.aspx?phasetype=C&rpttype=A&txtcrossingnum=980851A",
        "TTSTNNAM": "",
        "XPURPOSE": "1",
        "OPERATINGR": "BNSF",
        "OPERATIN_1": "Primary",
        "DAYTHRU": 6,
        "NGHTTHRU": 6,
        "MAINTRK": 2,
        "SIDINGTRK": 0,
        "YARDTRK": 0,
        "TRANSITTRK": 0,
        "INDUSTRYTR": 0,
        "OTHRTRK": 0,
        "WDCODE": "",
        "REVISIONDA": "1996/01/01 00:00:00",
        "LASTUPDATE": "1/16/2025",
        "AADT": "",
        "AADTYEAR": "",
        "STATENAME": "TEXAS",
        "STATEAB": "TX",
        "COUNTYNAME": "POTTER",
        "CITYNAME": "AMARILLO",
        "LATDD": 35.20061,
        "LONGDD": -101.74064,
        "gridlyProductionCertified": true,
        "gridlyClassification": "PUBLIC_ROADWAY",
        "gridlyDisplayName": "PRIVATE",
        "gridlyId": "FRA-980851A"
      }
    },
    {
      "type": "Feature",
      "id": 205307,
      "geometry": {
        "type": "Point",
        "coordinates": [
          -101.742699999705,
          35.2008800003531
        ]
      },
      "properties": {
        "OBJECTID": 205307,
        "CROSSING": "980861F",
        "EFFDATE": 1736985600000,
        "REASON": "14",
        "StateCode": "48",
        "CountyCode": "48375",
        "STCYFIPS": "48375",
        "CITYCD": "483750150",
        "RAILROAD": "BNSF",
        "RRDIV": "RED RIVER",
        "RRSUBDIV": "RED RIVER VALLEY",
        "HIGHWAY": "PRIVATE",
        "STREET": "PRIVATE",
        "TTSTN": "",
        "MILEPOST": "0330.633",
        "TYPEXING": "Private",
        "POSXING": "At Grade",
        "PRVCAT": "14",
        "INIT": "1",
        "LATITUDE": 35.20088,
        "LONGITUD": -101.7427,
        "LLSOURCE": "1",
        "WHISTBAN": "",
        "RRCONT": "8173521549",
        "POLCONT": "8008325452",
        "INV_LINK": "https://safetydata.fra.dot.gov/OfficeofSafety/PublicSite/Crossing/Crossing.aspx?phasetype=C&rpttype=I&txtcrossingnum=980861F",
        "ACC_LINK": "https://safetydata.fra.dot.gov/OfficeofSafety/PublicSite/Crossing/Crossing.aspx?phasetype=C&rpttype=A&txtcrossingnum=980861F",
        "TTSTNNAM": "",
        "XPURPOSE": "1",
        "OPERATINGR": "BNSF",
        "OPERATIN_1": "Primary",
        "DAYTHRU": 5,
        "NGHTTHRU": 5,
        "MAINTRK": 1,
        "SIDINGTRK": 0,
        "YARDTRK": 0,
        "TRANSITTRK": 0,
        "INDUSTRYTR": 0,
        "OTHRTRK": 0,
        "WDCODE": "",
        "REVISIONDA": "1996/01/01 00:00:00",
        "LASTUPDATE": "1/16/2025",
        "AADT": "",
        "AADTYEAR": "",
        "STATENAME": "TEXAS",
        "STATEAB": "TX",
        "COUNTYNAME": "POTTER",
        "CITYNAME": "AMARILLO",
        "LATDD": 35.20088,
        "LONGDD": -101.7427,
        "gridlyProductionCertified": true,
        "gridlyClassification": "PUBLIC_ROADWAY",
        "gridlyDisplayName": "PRIVATE",
        "gridlyId": "FRA-980861F"
      }
    },
    {
      "type": "Feature",
      "id": 205359,
      "geometry": {
        "type": "Point",
        "coordinates": [
          -102.011035999872,
          35.2874677000146
        ]
      },
      "properties": {
        "OBJECTID": 205359,
        "CROSSING": "276488G",
        "EFFDATE": 1736812800000,
        "REASON": "14",
        "StateCode": "48",
        "CountyCode": "48375",
        "STCYFIPS": "48375",
        "CITYCD": "483750150",
        "RAILROAD": "BNSF",
        "RRDIV": "KANSAS",
        "RRSUBDIV": "DALHART",
        "HIGHWAY": "Not Yet Reported by State",
        "STREET": "PRIVATE",
        "TTSTN": "672681",
        "MILEPOST": "0348.690",
        "TYPEXING": "Private",
        "POSXING": "At Grade",
        "PRVCAT": "14",
        "INIT": "1",
        "LATITUDE": 35.2874677,
        "LONGITUD": -102.011036,
        "LLSOURCE": "1",
        "WHISTBAN": "0",
        "RRCONT": "8173521549",
        "POLCONT": "8008325452",
        "INV_LINK": "https://safetydata.fra.dot.gov/OfficeofSafety/PublicSite/Crossing/Crossing.aspx?phasetype=C&rpttype=I&txtcrossingnum=276488G",
        "ACC_LINK": "https://safetydata.fra.dot.gov/OfficeofSafety/PublicSite/Crossing/Crossing.aspx?phasetype=C&rpttype=A&txtcrossingnum=276488G",
        "TTSTNNAM": "GENTRY",
        "XPURPOSE": "1",
        "OPERATINGR": "BNSF",
        "OPERATIN_1": "Primary",
        "DAYTHRU": 4,
        "NGHTTHRU": 3,
        "MAINTRK": 1,
        "SIDINGTRK": 0,
        "YARDTRK": 0,
        "TRANSITTRK": 0,
        "INDUSTRYTR": 0,
        "OTHRTRK": 0,
        "WDCODE": "",
        "REVISIONDA": "1996/01/01 00:00:00",
        "LASTUPDATE": "1/14/2025",
        "AADT": "",
        "AADTYEAR": "1978",
        "STATENAME": "TEXAS",
        "STATEAB": "TX",
        "COUNTYNAME": "POTTER",
        "CITYNAME": "AMARILLO",
        "LATDD": 35.2874677,
        "LONGDD": -102.011036,
        "gridlyProductionCertified": true,
        "gridlyClassification": "PUBLIC_ROADWAY",
        "gridlyDisplayName": "PRIVATE",
        "gridlyId": "FRA-276488G"
      }
    },
    {
      "type": "Feature",
      "id": 205368,
      "geometry": {
        "type": "Point",
        "coordinates": [
          -101.970606999811,
          35.2997391002223
        ]
      },
      "properties": {
        "OBJECTID": 205368,
        "CROSSING": "276489N",
        "EFFDATE": 1736812800000,
        "REASON": "14",
        "StateCode": "48",
        "CountyCode": "48375",
        "STCYFIPS": "48375",
        "CITYCD": "483750150",
        "RAILROAD": "BNSF",
        "RRDIV": "KANSAS",
        "RRSUBDIV": "DALHART",
        "HIGHWAY": "Not Yet Reported by State",
        "STREET": "PRIVATE",
        "TTSTN": "672681",
        "MILEPOST": "0346.207",
        "TYPEXING": "Private",
        "POSXING": "At Grade",
        "PRVCAT": "14",
        "INIT": "1",
        "LATITUDE": 35.2997391,
        "LONGITUD": -101.970607,
        "LLSOURCE": "1",
        "WHISTBAN": "0",
        "RRCONT": "8173521549",
        "POLCONT": "8008325452",
        "INV_LINK": "https://safetydata.fra.dot.gov/OfficeofSafety/PublicSite/Crossing/Crossing.aspx?phasetype=C&rpttype=I&txtcrossingnum=276489N",
        "ACC_LINK": "https://safetydata.fra.dot.gov/OfficeofSafety/PublicSite/Crossing/Crossing.aspx?phasetype=C&rpttype=A&txtcrossingnum=276489N",
        "TTSTNNAM": "GENTRY",
        "XPURPOSE": "1",
        "OPERATINGR": "BNSF",
        "OPERATIN_1": "Primary",
        "DAYTHRU": 4,
        "NGHTTHRU": 3,
        "MAINTRK": 1,
        "SIDINGTRK": 0,
        "YARDTRK": 0,
        "TRANSITTRK": 0,
        "INDUSTRYTR": 0,
        "OTHRTRK": 0,
        "WDCODE": "",
        "REVISIONDA": "1996/01/01 00:00:00",
        "LASTUPDATE": "1/14/2025",
        "AADT": "",
        "AADTYEAR": "1978",
        "STATENAME": "TEXAS",
        "STATEAB": "TX",
        "COUNTYNAME": "POTTER",
        "CITYNAME": "AMARILLO",
        "LATDD": 35.2997391,
        "LONGDD": -101.970607,
        "gridlyProductionCertified": true,
        "gridlyClassification": "PUBLIC_ROADWAY",
        "gridlyDisplayName": "PRIVATE",
        "gridlyId": "FRA-276489N"
      }
    },
    {
      "type": "Feature",
      "id": 205369,
      "geometry": {
        "type": "Point",
        "coordinates": [
          -101.956911000224,
          35.2944368999712
        ]
      },
      "properties": {
        "OBJECTID": 205369,
        "CROSSING": "276490H",
        "EFFDATE": 1736812800000,
        "REASON": "14",
        "StateCode": "48",
        "CountyCode": "48375",
        "STCYFIPS": "48375",
        "CITYCD": "483750150",
        "RAILROAD": "BNSF",
        "RRDIV": "KANSAS",
        "RRSUBDIV": "DALHART",
        "HIGHWAY": "Not Yet Reported by State",
        "STREET": "PRIVATE",
        "TTSTN": "672681",
        "MILEPOST": "0345.325",
        "TYPEXING": "Private",
        "POSXING": "At Grade",
        "PRVCAT": "14",
        "INIT": "1",
        "LATITUDE": 35.2944369,
        "LONGITUD": -101.956911,
        "LLSOURCE": "1",
        "WHISTBAN": "0",
        "RRCONT": "8173521549",
        "POLCONT": "8008325452",
        "INV_LINK": "https://safetydata.fra.dot.gov/OfficeofSafety/PublicSite/Crossing/Crossing.aspx?phasetype=C&rpttype=I&txtcrossingnum=276490H",
        "ACC_LINK": "https://safetydata.fra.dot.gov/OfficeofSafety/PublicSite/Crossing/Crossing.aspx?phasetype=C&rpttype=A&txtcrossingnum=276490H",
        "TTSTNNAM": "GENTRY",
        "XPURPOSE": "1",
        "OPERATINGR": "BNSF",
        "OPERATIN_1": "Primary",
        "DAYTHRU": 4,
        "NGHTTHRU": 3,
        "MAINTRK": 1,
        "SIDINGTRK": 0,
        "YARDTRK": 0,
        "TRANSITTRK": 0,
        "INDUSTRYTR": 0,
        "OTHRTRK": 0,
        "WDCODE": "",
        "REVISIONDA": "1996/01/01 00:00:00",
        "LASTUPDATE": "1/14/2025",
        "AADT": "",
        "AADTYEAR": "1978",
        "STATENAME": "TEXAS",
        "STATEAB": "TX",
        "COUNTYNAME": "POTTER",
        "CITYNAME": "AMARILLO",
        "LATDD": 35.2944369,
        "LONGDD": -101.956911,
        "gridlyProductionCertified": true,
        "gridlyClassification": "PUBLIC_ROADWAY",
        "gridlyDisplayName": "PRIVATE",
        "gridlyId": "FRA-276490H"
      }
    },
    {
      "type": "Feature",
      "id": 205370,
      "geometry": {
        "type": "Point",
        "coordinates": [
          -101.942267000432,
          35.2873289996473
        ]
      },
      "properties": {
        "OBJECTID": 205370,
        "CROSSING": "276491P",
        "EFFDATE": 1736812800000,
        "REASON": "14",
        "StateCode": "48",
        "CountyCode": "48375",
        "STCYFIPS": "48375",
        "CITYCD": "483750150",
        "RAILROAD": "BNSF",
        "RRDIV": "KANSAS",
        "RRSUBDIV": "DALHART",
        "HIGHWAY": "Not Yet Reported by State",
        "STREET": "TEBO",
        "TTSTN": "672681",
        "MILEPOST": "0344.297",
        "TYPEXING": "Private",
        "POSXING": "At Grade",
        "PRVCAT": "14",
        "INIT": "1",
        "LATITUDE": 35.287329,
        "LONGITUD": -101.942267,
        "LLSOURCE": "1",
        "WHISTBAN": "0",
        "RRCONT": "8173521549",
        "POLCONT": "8008325452",
        "INV_LINK": "https://safetydata.fra.dot.gov/OfficeofSafety/PublicSite/Crossing/Crossing.aspx?phasetype=C&rpttype=I&txtcrossingnum=276491P",
        "ACC_LINK": "https://safetydata.fra.dot.gov/OfficeofSafety/PublicSite/Crossing/Crossing.aspx?phasetype=C&rpttype=A&txtcrossingnum=276491P",
        "TTSTNNAM": "GENTRY",
        "XPURPOSE": "1",
        "OPERATINGR": "BNSF",
        "OPERATIN_1": "Primary",
        "DAYTHRU": 4,
        "NGHTTHRU": 3,
        "MAINTRK": 1,
        "SIDINGTRK": 0,
        "YARDTRK": 0,
        "TRANSITTRK": 0,
        "INDUSTRYTR": 0,
        "OTHRTRK": 0,
        "WDCODE": "",
        "REVISIONDA": "1996/01/01 00:00:00",
        "LASTUPDATE": "1/14/2025",
        "AADT": "",
        "AADTYEAR": "1978",
        "STATENAME": "TEXAS",
        "STATEAB": "TX",
        "COUNTYNAME": "POTTER",
        "CITYNAME": "AMARILLO",
        "LATDD": 35.287329,
        "LONGDD": -101.942267,
        "gridlyProductionCertified": true,
        "gridlyClassification": "PUBLIC_ROADWAY",
        "gridlyDisplayName": "TEBO",
        "gridlyId": "FRA-276491P"
      }
    },
    {
      "type": "Feature",
      "id": 205443,
      "geometry": {
        "type": "Point",
        "coordinates": [
          -102.04979100018,
          35.3814559999523
        ]
      },
      "properties": {
        "OBJECTID": 205443,
        "CROSSING": "276486T",
        "EFFDATE": 1736812800000,
        "REASON": "14",
        "StateCode": "48",
        "CountyCode": "48375",
        "STCYFIPS": "48375",
        "CITYCD": "483750150",
        "RAILROAD": "BNSF",
        "RRDIV": "KANSAS",
        "RRSUBDIV": "DALHART",
        "HIGHWAY": "Not Yet Reported by State",
        "STREET": "PRIVATE",
        "TTSTN": "672667",
        "MILEPOST": "0356.337",
        "TYPEXING": "Private",
        "POSXING": "At Grade",
        "PRVCAT": "14",
        "INIT": "1",
        "LATITUDE": 35.381456,
        "LONGITUD": -102.049791,
        "LLSOURCE": "1",
        "WHISTBAN": "0",
        "RRCONT": "8173521549",
        "POLCONT": "8008325452",
        "INV_LINK": "https://safetydata.fra.dot.gov/OfficeofSafety/PublicSite/Crossing/Crossing.aspx?phasetype=C&rpttype=I&txtcrossingnum=276486T",
        "ACC_LINK": "https://safetydata.fra.dot.gov/OfficeofSafety/PublicSite/Crossing/Crossing.aspx?phasetype=C&rpttype=A&txtcrossingnum=276486T",
        "TTSTNNAM": "BODEN",
        "XPURPOSE": "1",
        "OPERATINGR": "BNSF",
        "OPERATIN_1": "Primary",
        "DAYTHRU": 4,
        "NGHTTHRU": 3,
        "MAINTRK": 1,
        "SIDINGTRK": 0,
        "YARDTRK": 0,
        "TRANSITTRK": 0,
        "INDUSTRYTR": 0,
        "OTHRTRK": 0,
        "WDCODE": "",
        "REVISIONDA": "1996/01/01 00:00:00",
        "LASTUPDATE": "1/14/2025",
        "AADT": "",
        "AADTYEAR": "1978",
        "STATENAME": "TEXAS",
        "STATEAB": "TX",
        "COUNTYNAME": "POTTER",
        "CITYNAME": "AMARILLO",
        "LATDD": 35.381456,
        "LONGDD": -102.049791,
        "gridlyProductionCertified": true,
        "gridlyClassification": "PUBLIC_ROADWAY",
        "gridlyDisplayName": "PRIVATE",
        "gridlyId": "FRA-276486T"
      }
    },
    {
      "type": "Feature",
      "id": 205444,
      "geometry": {
        "type": "Point",
        "coordinates": [
          -102.038259999716,
          35.3094669000517
        ]
      },
      "properties": {
        "OBJECTID": 205444,
        "CROSSING": "276487A",
        "EFFDATE": 1736812800000,
        "REASON": "14",
        "StateCode": "48",
        "CountyCode": "48375",
        "STCYFIPS": "48375",
        "CITYCD": "483750150",
        "RAILROAD": "BNSF",
        "RRDIV": "KANSAS",
        "RRSUBDIV": "DALHART",
        "HIGHWAY": "Not Yet Reported by State",
        "STREET": "PRIVATE",
        "TTSTN": "672681",
        "MILEPOST": "0351.256",
        "TYPEXING": "Private",
        "POSXING": "At Grade",
        "PRVCAT": "14",
        "INIT": "1",
        "LATITUDE": 35.3094669,
        "LONGITUD": -102.03826,
        "LLSOURCE": "1",
        "WHISTBAN": "0",
        "RRCONT": "8173521549",
        "POLCONT": "8008325452",
        "INV_LINK": "https://safetydata.fra.dot.gov/OfficeofSafety/PublicSite/Crossing/Crossing.aspx?phasetype=C&rpttype=I&txtcrossingnum=276487A",
        "ACC_LINK": "https://safetydata.fra.dot.gov/OfficeofSafety/PublicSite/Crossing/Crossing.aspx?phasetype=C&rpttype=A&txtcrossingnum=276487A",
        "TTSTNNAM": "GENTRY",
        "XPURPOSE": "1",
        "OPERATINGR": "BNSF",
        "OPERATIN_1": "Primary",
        "DAYTHRU": 4,
        "NGHTTHRU": 3,
        "MAINTRK": 1,
        "SIDINGTRK": 0,
        "YARDTRK": 0,
        "TRANSITTRK": 0,
        "INDUSTRYTR": 0,
        "OTHRTRK": 0,
        "WDCODE": "",
        "REVISIONDA": "1996/01/01 00:00:00",
        "LASTUPDATE": "1/14/2025",
        "AADT": "",
        "AADTYEAR": "1978",
        "STATENAME": "TEXAS",
        "STATEAB": "TX",
        "COUNTYNAME": "POTTER",
        "CITYNAME": "AMARILLO",
        "LATDD": 35.3094669,
        "LONGDD": -102.03826,
        "gridlyProductionCertified": true,
        "gridlyClassification": "PUBLIC_ROADWAY",
        "gridlyDisplayName": "PRIVATE",
        "gridlyId": "FRA-276487A"
      }
    },
    {
      "type": "Feature",
      "id": 205537,
      "geometry": {
        "type": "Point",
        "coordinates": [
          -101.826266999821,
          35.2127299997702
        ]
      },
      "properties": {
        "OBJECTID": 205537,
        "CROSSING": "930278V",
        "EFFDATE": 1736985600000,
        "REASON": "14",
        "StateCode": "48",
        "CountyCode": "48375",
        "STCYFIPS": "48375",
        "CITYCD": "483750150",
        "RAILROAD": "BNSF",
        "RRDIV": "KANSAS",
        "RRSUBDIV": "AMARILLO YD T",
        "HIGHWAY": "private",
        "STREET": "RRYARD",
        "TTSTN": "",
        "MILEPOST": "0000.00",
        "TYPEXING": "Private",
        "POSXING": "At Grade",
        "PRVCAT": "14",
        "INIT": "1",
        "LATITUDE": 35.21273,
        "LONGITUD": -101.826267,
        "LLSOURCE": "1",
        "WHISTBAN": "0",
        "RRCONT": "8173521549",
        "POLCONT": "8008325452",
        "INV_LINK": "https://safetydata.fra.dot.gov/OfficeofSafety/PublicSite/Crossing/Crossing.aspx?phasetype=C&rpttype=I&txtcrossingnum=930278V",
        "ACC_LINK": "https://safetydata.fra.dot.gov/OfficeofSafety/PublicSite/Crossing/Crossing.aspx?phasetype=C&rpttype=A&txtcrossingnum=930278V",
        "TTSTNNAM": "",
        "XPURPOSE": "1",
        "OPERATINGR": "BNSF",
        "OPERATIN_1": "Primary",
        "DAYTHRU": 0,
        "NGHTTHRU": 0,
        "MAINTRK": 0,
        "SIDINGTRK": 0,
        "YARDTRK": 1,
        "TRANSITTRK": 0,
        "INDUSTRYTR": 0,
        "OTHRTRK": 1,
        "WDCODE": "",
        "REVISIONDA": "1996/01/01 00:00:00",
        "LASTUPDATE": "1/16/2025",
        "AADT": "",
        "AADTYEAR": "",
        "STATENAME": "TEXAS",
        "STATEAB": "TX",
        "COUNTYNAME": "POTTER",
        "CITYNAME": "AMARILLO",
        "LATDD": 35.21273,
        "LONGDD": -101.826267,
        "gridlyProductionCertified": true,
        "gridlyClassification": "PUBLIC_ROADWAY",
        "gridlyDisplayName": "RRYARD",
        "gridlyId": "FRA-930278V"
      }
    },
    {
      "type": "Feature",
      "id": 205538,
      "geometry": {
        "type": "Point",
        "coordinates": [
          -101.746171000132,
          35.2065189998497
        ]
      },
      "properties": {
        "OBJECTID": 205538,
        "CROSSING": "930279C",
        "EFFDATE": 1736985600000,
        "REASON": "14",
        "StateCode": "48",
        "CountyCode": "48375",
        "STCYFIPS": "48375",
        "CITYCD": "483750150",
        "RAILROAD": "BNSF",
        "RRDIV": "KANSAS",
        "RRSUBDIV": "AMARILLO CRIP",
        "HIGHWAY": "private",
        "STREET": "RRYARD",
        "TTSTN": "",
        "MILEPOST": "0000.00",
        "TYPEXING": "Private",
        "POSXING": "At Grade",
        "PRVCAT": "14",
        "INIT": "1",
        "LATITUDE": 35.206519,
        "LONGITUD": -101.746171,
        "LLSOURCE": "1",
        "WHISTBAN": "0",
        "RRCONT": "8173521549",
        "POLCONT": "8008325452",
        "INV_LINK": "https://safetydata.fra.dot.gov/OfficeofSafety/PublicSite/Crossing/Crossing.aspx?phasetype=C&rpttype=I&txtcrossingnum=930279C",
        "ACC_LINK": "https://safetydata.fra.dot.gov/OfficeofSafety/PublicSite/Crossing/Crossing.aspx?phasetype=C&rpttype=A&txtcrossingnum=930279C",
        "TTSTNNAM": "",
        "XPURPOSE": "1",
        "OPERATINGR": "BNSF",
        "OPERATIN_1": "Primary",
        "DAYTHRU": 0,
        "NGHTTHRU": 0,
        "MAINTRK": 0,
        "SIDINGTRK": 0,
        "YARDTRK": 1,
        "TRANSITTRK": 0,
        "INDUSTRYTR": 0,
        "OTHRTRK": 1,
        "WDCODE": "",
        "REVISIONDA": "1996/01/01 00:00:00",
        "LASTUPDATE": "1/16/2025",
        "AADT": "",
        "AADTYEAR": "",
        "STATENAME": "TEXAS",
        "STATEAB": "TX",
        "COUNTYNAME": "POTTER",
        "CITYNAME": "AMARILLO",
        "LATDD": 35.206519,
        "LONGDD": -101.746171,
        "gridlyProductionCertified": true,
        "gridlyClassification": "PUBLIC_ROADWAY",
        "gridlyDisplayName": "RRYARD",
        "gridlyId": "FRA-930279C"
      }
    },
    {
      "type": "Feature",
      "id": 205598,
      "geometry": {
        "type": "Point",
        "coordinates": [
          -101.829903999929,
          35.1930300002668
        ]
      },
      "properties": {
        "OBJECTID": 205598,
        "CROSSING": "930280W",
        "EFFDATE": 1736985600000,
        "REASON": "14",
        "StateCode": "48",
        "CountyCode": "48375",
        "STCYFIPS": "48375",
        "CITYCD": "483750150",
        "RAILROAD": "BNSF",
        "RRDIV": "KANSAS",
        "RRSUBDIV": "AMARILLO FWD Y",
        "HIGHWAY": "private",
        "STREET": "RRYARD",
        "TTSTN": "",
        "MILEPOST": "0000.00",
        "TYPEXING": "Private",
        "POSXING": "At Grade",
        "PRVCAT": "14",
        "INIT": "1",
        "LATITUDE": 35.19303,
        "LONGITUD": -101.829904,
        "LLSOURCE": "1",
        "WHISTBAN": "0",
        "RRCONT": "8173521549",
        "POLCONT": "8008325452",
        "INV_LINK": "https://safetydata.fra.dot.gov/OfficeofSafety/PublicSite/Crossing/Crossing.aspx?phasetype=C&rpttype=I&txtcrossingnum=930280W",
        "ACC_LINK": "https://safetydata.fra.dot.gov/OfficeofSafety/PublicSite/Crossing/Crossing.aspx?phasetype=C&rpttype=A&txtcrossingnum=930280W",
        "TTSTNNAM": "",
        "XPURPOSE": "1",
        "OPERATINGR": "BNSF",
        "OPERATIN_1": "Primary",
        "DAYTHRU": 0,
        "NGHTTHRU": 0,
        "MAINTRK": 0,
        "SIDINGTRK": 0,
        "YARDTRK": 1,
        "TRANSITTRK": 0,
        "INDUSTRYTR": 0,
        "OTHRTRK": 1,
        "WDCODE": "",
        "REVISIONDA": "1996/01/01 00:00:00",
        "LASTUPDATE": "1/16/2025",
        "AADT": "",
        "AADTYEAR": "",
        "STATENAME": "TEXAS",
        "STATEAB": "TX",
        "COUNTYNAME": "POTTER",
        "CITYNAME": "AMARILLO",
        "LATDD": 35.19303,
        "LONGDD": -101.829904,
        "gridlyProductionCertified": true,
        "gridlyClassification": "PUBLIC_ROADWAY",
        "gridlyDisplayName": "RRYARD",
        "gridlyId": "FRA-930280W"
      }
    },
    {
      "type": "Feature",
      "id": 205680,
      "geometry": {
        "type": "Point",
        "coordinates": [
          -101.807179000183,
          35.2096869999301
        ]
      },
      "properties": {
        "OBJECTID": 205680,
        "CROSSING": "275207S",
        "EFFDATE": 1736812800000,
        "REASON": "14",
        "StateCode": "48",
        "CountyCode": "48375",
        "STCYFIPS": "48375",
        "CITYCD": "483750150",
        "RAILROAD": "BNSF",
        "RRDIV": "KANSAS",
        "RRSUBDIV": "RED RIVER VALLEY",
        "HIGHWAY": "Not Yet Reported by State",
        "STREET": "BROWNING ST",
        "TTSTN": "672700",
        "MILEPOST": "0334.275",
        "TYPEXING": "Private",
        "POSXING": "At Grade",
        "PRVCAT": "14",
        "INIT": "1",
        "LATITUDE": 35.209687,
        "LONGITUD": -101.807179,
        "LLSOURCE": "1",
        "WHISTBAN": "0",
        "RRCONT": "8173521549",
        "POLCONT": "8008325452",
        "INV_LINK": "https://safetydata.fra.dot.gov/OfficeofSafety/PublicSite/Crossing/Crossing.aspx?phasetype=C&rpttype=I&txtcrossingnum=275207S",
        "ACC_LINK": "https://safetydata.fra.dot.gov/OfficeofSafety/PublicSite/Crossing/Crossing.aspx?phasetype=C&rpttype=A&txtcrossingnum=275207S",
        "TTSTNNAM": "AMARILLO YARD",
        "XPURPOSE": "1",
        "OPERATINGR": "BNSF",
        "OPERATIN_1": "Primary",
        "DAYTHRU": 4,
        "NGHTTHRU": 4,
        "MAINTRK": 1,
        "SIDINGTRK": 0,
        "YARDTRK": 2,
        "TRANSITTRK": 0,
        "INDUSTRYTR": 0,
        "OTHRTRK": 0,
        "WDCODE": "",
        "REVISIONDA": "1996/01/01 00:00:00",
        "LASTUPDATE": "1/14/2025",
        "AADT": "",
        "AADTYEAR": "1978",
        "STATENAME": "TEXAS",
        "STATEAB": "TX",
        "COUNTYNAME": "POTTER",
        "CITYNAME": "AMARILLO",
        "LATDD": 35.209687,
        "LONGDD": -101.807179,
        "gridlyProductionCertified": true,
        "gridlyClassification": "PUBLIC_ROADWAY",
        "gridlyDisplayName": "BROWNING ST",
        "gridlyId": "FRA-275207S"
      }
    },
    {
      "type": "Feature",
      "id": 205681,
      "geometry": {
        "type": "Point",
        "coordinates": [
          -101.725352999766,
          35.1986919998374
        ]
      },
      "properties": {
        "OBJECTID": 205681,
        "CROSSING": "275213V",
        "EFFDATE": 1736812800000,
        "REASON": "14",
        "StateCode": "48",
        "CountyCode": "48375",
        "STCYFIPS": "48375",
        "CITYCD": "483750150",
        "RAILROAD": "BNSF",
        "RRDIV": "KANSAS",
        "RRSUBDIV": "RED RIVER VALLEY",
        "HIGHWAY": "CR 468",
        "STREET": "JUETT ATTEBURY",
        "TTSTN": "672678",
        "MILEPOST": "0329.630",
        "TYPEXING": "Private",
        "POSXING": "At Grade",
        "PRVCAT": "14",
        "INIT": "1",
        "LATITUDE": 35.198692,
        "LONGITUD": -101.725353,
        "LLSOURCE": "1",
        "WHISTBAN": "0",
        "RRCONT": "8173521549",
        "POLCONT": "8008325452",
        "INV_LINK": "https://safetydata.fra.dot.gov/OfficeofSafety/PublicSite/Crossing/Crossing.aspx?phasetype=C&rpttype=I&txtcrossingnum=275213V",
        "ACC_LINK": "https://safetydata.fra.dot.gov/OfficeofSafety/PublicSite/Crossing/Crossing.aspx?phasetype=C&rpttype=A&txtcrossingnum=275213V",
        "TTSTNNAM": "PULLMAN",
        "XPURPOSE": "1",
        "OPERATINGR": "BNSF",
        "OPERATIN_1": "Primary",
        "DAYTHRU": 6,
        "NGHTTHRU": 6,
        "MAINTRK": 2,
        "SIDINGTRK": 0,
        "YARDTRK": 1,
        "TRANSITTRK": 0,
        "INDUSTRYTR": 0,
        "OTHRTRK": 1,
        "WDCODE": "",
        "REVISIONDA": "1996/01/01 00:00:00",
        "LASTUPDATE": "1/14/2025",
        "AADT": "",
        "AADTYEAR": "1978",
        "STATENAME": "TEXAS",
        "STATEAB": "TX",
        "COUNTYNAME": "POTTER",
        "CITYNAME": "AMARILLO",
        "LATDD": 35.198692,
        "LONGDD": -101.725353,
        "gridlyProductionCertified": true,
        "gridlyClassification": "PUBLIC_ROADWAY",
        "gridlyDisplayName": "JUETT ATTEBURY",
        "gridlyId": "FRA-275213V"
      }
    },
    {
      "type": "Feature",
      "id": 205683,
      "geometry": {
        "type": "Point",
        "coordinates": [
          -101.681988999755,
          35.1927065000702
        ]
      },
      "properties": {
        "OBJECTID": 205683,
        "CROSSING": "275219L",
        "EFFDATE": 1736812800000,
        "REASON": "14",
        "StateCode": "48",
        "CountyCode": "48375",
        "STCYFIPS": "48375",
        "CITYCD": "483750150",
        "RAILROAD": "BNSF",
        "RRDIV": "RED RIVER",
        "RRSUBDIV": "RED RIVER VALLEY",
        "HIGHWAY": "Not Yet Reported by State",
        "STREET": "PRIVATE",
        "TTSTN": "672678",
        "MILEPOST": "0327.130",
        "TYPEXING": "Private",
        "POSXING": "At Grade",
        "PRVCAT": "14",
        "INIT": "1",
        "LATITUDE": 35.1927065,
        "LONGITUD": -101.681989,
        "LLSOURCE": "1",
        "WHISTBAN": "0",
        "RRCONT": "8173521549",
        "POLCONT": "8008325452",
        "INV_LINK": "https://safetydata.fra.dot.gov/OfficeofSafety/PublicSite/Crossing/Crossing.aspx?phasetype=C&rpttype=I&txtcrossingnum=275219L",
        "ACC_LINK": "https://safetydata.fra.dot.gov/OfficeofSafety/PublicSite/Crossing/Crossing.aspx?phasetype=C&rpttype=A&txtcrossingnum=275219L",
        "TTSTNNAM": "PULLMAN",
        "XPURPOSE": "1",
        "OPERATINGR": "BNSF",
        "OPERATIN_1": "Primary",
        "DAYTHRU": 7,
        "NGHTTHRU": 7,
        "MAINTRK": 1,
        "SIDINGTRK": 0,
        "YARDTRK": 0,
        "TRANSITTRK": 0,
        "INDUSTRYTR": 0,
        "OTHRTRK": 0,
        "WDCODE": "",
        "REVISIONDA": "1996/01/01 00:00:00",
        "LASTUPDATE": "1/14/2025",
        "AADT": "",
        "AADTYEAR": "1978",
        "STATENAME": "TEXAS",
        "STATEAB": "TX",
        "COUNTYNAME": "POTTER",
        "CITYNAME": "AMARILLO",
        "LATDD": 35.1927065,
        "LONGDD": -101.681989,
        "gridlyProductionCertified": true,
        "gridlyClassification": "PUBLIC_ROADWAY",
        "gridlyDisplayName": "PRIVATE",
        "gridlyId": "FRA-275219L"
      }
    },
    {
      "type": "Feature",
      "id": 205688,
      "geometry": {
        "type": "Point",
        "coordinates": [
          -101.629623000248,
          35.1856342002847
        ]
      },
      "properties": {
        "OBJECTID": 205688,
        "CROSSING": "275223B",
        "EFFDATE": 1736812800000,
        "REASON": "14",
        "StateCode": "48",
        "CountyCode": "48375",
        "STCYFIPS": "48375",
        "CITYCD": "483750150",
        "RAILROAD": "BNSF",
        "RRDIV": "RED RIVER",
        "RRSUBDIV": "RED RIVER VALLEY",
        "HIGHWAY": "Not Yet Reported by State",
        "STREET": "SWANNS FARM",
        "TTSTN": "673330",
        "MILEPOST": "0324.121",
        "TYPEXING": "Private",
        "POSXING": "At Grade",
        "PRVCAT": "14",
        "INIT": "1",
        "LATITUDE": 35.1856342,
        "LONGITUD": -101.629623,
        "LLSOURCE": "1",
        "WHISTBAN": "0",
        "RRCONT": "8173521549",
        "POLCONT": "8008325452",
        "INV_LINK": "https://safetydata.fra.dot.gov/OfficeofSafety/PublicSite/Crossing/Crossing.aspx?phasetype=C&rpttype=I&txtcrossingnum=275223B",
        "ACC_LINK": "https://safetydata.fra.dot.gov/OfficeofSafety/PublicSite/Crossing/Crossing.aspx?phasetype=C&rpttype=A&txtcrossingnum=275223B",
        "TTSTNNAM": "WASHBURN",
        "XPURPOSE": "1",
        "OPERATINGR": "BNSF",
        "OPERATIN_1": "Primary",
        "DAYTHRU": 7,
        "NGHTTHRU": 7,
        "MAINTRK": 1,
        "SIDINGTRK": 0,
        "YARDTRK": 0,
        "TRANSITTRK": 0,
        "INDUSTRYTR": 0,
        "OTHRTRK": 0,
        "WDCODE": "",
        "REVISIONDA": "1996/01/01 00:00:00",
        "LASTUPDATE": "1/14/2025",
        "AADT": "",
        "AADTYEAR": "1978",
        "STATENAME": "TEXAS",
        "STATEAB": "TX",
        "COUNTYNAME": "POTTER",
        "CITYNAME": "AMARILLO",
        "LATDD": 35.1856342,
        "LONGDD": -101.629623,
        "gridlyProductionCertified": true,
        "gridlyClassification": "PUBLIC_ROADWAY",
        "gridlyDisplayName": "SWANNS FARM",
        "gridlyId": "FRA-275223B"
      }
    },
    {
      "type": "Feature",
      "id": 205715,
      "geometry": {
        "type": "Point",
        "coordinates": [
          -101.746885999809,
          35.2025139999589
        ]
      },
      "properties": {
        "OBJECTID": 205715,
        "CROSSING": "967182L",
        "EFFDATE": 1736985600000,
        "REASON": "14",
        "StateCode": "48",
        "CountyCode": "48375",
        "STCYFIPS": "48375",
        "CITYCD": "483750150",
        "RAILROAD": "BNSF",
        "RRDIV": "KANSAS",
        "RRSUBDIV": "AMARILLO CRIP YD",
        "HIGHWAY": "pvt",
        "STREET": "RR USE ONLY",
        "TTSTN": "",
        "MILEPOST": "0330.906",
        "TYPEXING": "Private",
        "POSXING": "At Grade",
        "PRVCAT": "14",
        "INIT": "1",
        "LATITUDE": 35.202514,
        "LONGITUD": -101.746886,
        "LLSOURCE": "2",
        "WHISTBAN": "",
        "RRCONT": "8173521549",
        "POLCONT": "8008325452",
        "INV_LINK": "https://safetydata.fra.dot.gov/OfficeofSafety/PublicSite/Crossing/Crossing.aspx?phasetype=C&rpttype=I&txtcrossingnum=967182L",
        "ACC_LINK": "https://safetydata.fra.dot.gov/OfficeofSafety/PublicSite/Crossing/Crossing.aspx?phasetype=C&rpttype=A&txtcrossingnum=967182L",
        "TTSTNNAM": "",
        "XPURPOSE": "1",
        "OPERATINGR": "BNSF",
        "OPERATIN_1": "Primary",
        "DAYTHRU": 2,
        "NGHTTHRU": 2,
        "MAINTRK": 0,
        "SIDINGTRK": 0,
        "YARDTRK": 1,
        "TRANSITTRK": 0,
        "INDUSTRYTR": 0,
        "OTHRTRK": 0,
        "WDCODE": "",
        "REVISIONDA": "1996/01/01 00:00:00",
        "LASTUPDATE": "1/16/2025",
        "AADT": "",
        "AADTYEAR": "",
        "STATENAME": "TEXAS",
        "STATEAB": "TX",
        "COUNTYNAME": "POTTER",
        "CITYNAME": "AMARILLO",
        "LATDD": 35.202514,
        "LONGDD": -101.746886,
        "gridlyProductionCertified": true,
        "gridlyClassification": "PUBLIC_ROADWAY",
        "gridlyDisplayName": "RR USE ONLY",
        "gridlyId": "FRA-967182L"
      }
    },
    {
      "type": "Feature",
      "id": 205716,
      "geometry": {
        "type": "Point",
        "coordinates": [
          -101.745819999604,
          35.2012999997197
        ]
      },
      "properties": {
        "OBJECTID": 205716,
        "CROSSING": "967185G",
        "EFFDATE": 1736985600000,
        "REASON": "14",
        "StateCode": "48",
        "CountyCode": "48375",
        "STCYFIPS": "48375",
        "CITYCD": "483750150",
        "RAILROAD": "BNSF",
        "RRDIV": "KANSAS",
        "RRSUBDIV": "RED RIVER VALLEY",
        "HIGHWAY": "pvt",
        "STREET": "RR USE ONLY",
        "TTSTN": "",
        "MILEPOST": "0330.811",
        "TYPEXING": "Private",
        "POSXING": "At Grade",
        "PRVCAT": "14",
        "INIT": "1",
        "LATITUDE": 35.2013,
        "LONGITUD": -101.74582,
        "LLSOURCE": "2",
        "WHISTBAN": "",
        "RRCONT": "8173521549",
        "POLCONT": "8008325452",
        "INV_LINK": "https://safetydata.fra.dot.gov/OfficeofSafety/PublicSite/Crossing/Crossing.aspx?phasetype=C&rpttype=I&txtcrossingnum=967185G",
        "ACC_LINK": "https://safetydata.fra.dot.gov/OfficeofSafety/PublicSite/Crossing/Crossing.aspx?phasetype=C&rpttype=A&txtcrossingnum=967185G",
        "TTSTNNAM": "",
        "XPURPOSE": "1",
        "OPERATINGR": "BNSF",
        "OPERATIN_1": "Primary",
        "DAYTHRU": 5,
        "NGHTTHRU": 5,
        "MAINTRK": 2,
        "SIDINGTRK": 0,
        "YARDTRK": 3,
        "TRANSITTRK": 0,
        "INDUSTRYTR": 0,
        "OTHRTRK": 0,
        "WDCODE": "",
        "REVISIONDA": "1996/01/01 00:00:00",
        "LASTUPDATE": "1/16/2025",
        "AADT": "",
        "AADTYEAR": "",
        "STATENAME": "TEXAS",
        "STATEAB": "TX",
        "COUNTYNAME": "POTTER",
        "CITYNAME": "AMARILLO",
        "LATDD": 35.2013,
        "LONGDD": -101.74582,
        "gridlyProductionCertified": true,
        "gridlyClassification": "PUBLIC_ROADWAY",
        "gridlyDisplayName": "RR USE ONLY",
        "gridlyId": "FRA-967185G"
      }
    },
    {
      "type": "Feature",
      "id": 205717,
      "geometry": {
        "type": "Point",
        "coordinates": [
          -101.750710000413,
          35.2019590001368
        ]
      },
      "properties": {
        "OBJECTID": 205717,
        "CROSSING": "967186N",
        "EFFDATE": 1736985600000,
        "REASON": "14",
        "StateCode": "48",
        "CountyCode": "48375",
        "STCYFIPS": "48375",
        "CITYCD": "483750150",
        "RAILROAD": "BNSF",
        "RRDIV": "KANSAS",
        "RRSUBDIV": "RED RIVER VALLEY",
        "HIGHWAY": "pvt",
        "STREET": "PRIVATE",
        "TTSTN": "",
        "MILEPOST": "0331.091",
        "TYPEXING": "Private",
        "POSXING": "At Grade",
        "PRVCAT": "14",
        "INIT": "1",
        "LATITUDE": 35.201959,
        "LONGITUD": -101.75071,
        "LLSOURCE": "2",
        "WHISTBAN": "",
        "RRCONT": "8173521549",
        "POLCONT": "8008325452",
        "INV_LINK": "https://safetydata.fra.dot.gov/OfficeofSafety/PublicSite/Crossing/Crossing.aspx?phasetype=C&rpttype=I&txtcrossingnum=967186N",
        "ACC_LINK": "https://safetydata.fra.dot.gov/OfficeofSafety/PublicSite/Crossing/Crossing.aspx?phasetype=C&rpttype=A&txtcrossingnum=967186N",
        "TTSTNNAM": "",
        "XPURPOSE": "1",
        "OPERATINGR": "BNSF",
        "OPERATIN_1": "Primary",
        "DAYTHRU": 4,
        "NGHTTHRU": 3,
        "MAINTRK": 1,
        "SIDINGTRK": 0,
        "YARDTRK": 0,
        "TRANSITTRK": 0,
        "INDUSTRYTR": 0,
        "OTHRTRK": 0,
        "WDCODE": "",
        "REVISIONDA": "1996/01/01 00:00:00",
        "LASTUPDATE": "1/16/2025",
        "AADT": "",
        "AADTYEAR": "",
        "STATENAME": "TEXAS",
        "STATEAB": "TX",
        "COUNTYNAME": "POTTER",
        "CITYNAME": "AMARILLO",
        "LATDD": 35.201959,
        "LONGDD": -101.75071,
        "gridlyProductionCertified": true,
        "gridlyClassification": "PUBLIC_ROADWAY",
        "gridlyDisplayName": "PRIVATE",
        "gridlyId": "FRA-967186N"
      }
    },
    {
      "type": "Feature",
      "id": 205718,
      "geometry": {
        "type": "Point",
        "coordinates": [
          -101.771162000182,
          35.2047039997211
        ]
      },
      "properties": {
        "OBJECTID": 205718,
        "CROSSING": "967188C",
        "EFFDATE": 1736985600000,
        "REASON": "14",
        "StateCode": "48",
        "CountyCode": "48375",
        "STCYFIPS": "48375",
        "CITYCD": "483750150",
        "RAILROAD": "BNSF",
        "RRDIV": "KANSAS",
        "RRSUBDIV": "RED RIVER VALLEY",
        "HIGHWAY": "pvt",
        "STREET": "PRIVATE",
        "TTSTN": "",
        "MILEPOST": "0332.252",
        "TYPEXING": "Private",
        "POSXING": "At Grade",
        "PRVCAT": "14",
        "INIT": "1",
        "LATITUDE": 35.204704,
        "LONGITUD": -101.771162,
        "LLSOURCE": "2",
        "WHISTBAN": "",
        "RRCONT": "8173521549",
        "POLCONT": "8008325452",
        "INV_LINK": "https://safetydata.fra.dot.gov/OfficeofSafety/PublicSite/Crossing/Crossing.aspx?phasetype=C&rpttype=I&txtcrossingnum=967188C",
        "ACC_LINK": "https://safetydata.fra.dot.gov/OfficeofSafety/PublicSite/Crossing/Crossing.aspx?phasetype=C&rpttype=A&txtcrossingnum=967188C",
        "TTSTNNAM": "",
        "XPURPOSE": "1",
        "OPERATINGR": "BNSF",
        "OPERATIN_1": "Primary",
        "DAYTHRU": 4,
        "NGHTTHRU": 3,
        "MAINTRK": 1,
        "SIDINGTRK": 1,
        "YARDTRK": 0,
        "TRANSITTRK": 0,
        "INDUSTRYTR": 0,
        "OTHRTRK": 0,
        "WDCODE": "",
        "REVISIONDA": "1996/01/01 00:00:00",
        "LASTUPDATE": "1/16/2025",
        "AADT": "",
        "AADTYEAR": "",
        "STATENAME": "TEXAS",
        "STATEAB": "TX",
        "COUNTYNAME": "POTTER",
        "CITYNAME": "AMARILLO",
        "LATDD": 35.204704,
        "LONGDD": -101.771162,
        "gridlyProductionCertified": true,
        "gridlyClassification": "PUBLIC_ROADWAY",
        "gridlyDisplayName": "PRIVATE",
        "gridlyId": "FRA-967188C"
      }
    },
    {
      "type": "Feature",
      "id": 205719,
      "geometry": {
        "type": "Point",
        "coordinates": [
          -101.774440000264,
          35.2051429996446
        ]
      },
      "properties": {
        "OBJECTID": 205719,
        "CROSSING": "967189J",
        "EFFDATE": 1736985600000,
        "REASON": "14",
        "StateCode": "48",
        "CountyCode": "48375",
        "STCYFIPS": "48375",
        "CITYCD": "483750150",
        "RAILROAD": "BNSF",
        "RRDIV": "KANSAS",
        "RRSUBDIV": "RED RIVER VALLEY",
        "HIGHWAY": "pvt",
        "STREET": "RR USE ONLY",
        "TTSTN": "",
        "MILEPOST": "0332.435",
        "TYPEXING": "Private",
        "POSXING": "At Grade",
        "PRVCAT": "14",
        "INIT": "1",
        "LATITUDE": 35.205143,
        "LONGITUD": -101.77444,
        "LLSOURCE": "2",
        "WHISTBAN": "",
        "RRCONT": "8173521549",
        "POLCONT": "8008325452",
        "INV_LINK": "https://safetydata.fra.dot.gov/OfficeofSafety/PublicSite/Crossing/Crossing.aspx?phasetype=C&rpttype=I&txtcrossingnum=967189J",
        "ACC_LINK": "https://safetydata.fra.dot.gov/OfficeofSafety/PublicSite/Crossing/Crossing.aspx?phasetype=C&rpttype=A&txtcrossingnum=967189J",
        "TTSTNNAM": "",
        "XPURPOSE": "1",
        "OPERATINGR": "BNSF",
        "OPERATIN_1": "Primary",
        "DAYTHRU": 4,
        "NGHTTHRU": 3,
        "MAINTRK": 1,
        "SIDINGTRK": 2,
        "YARDTRK": 0,
        "TRANSITTRK": 0,
        "INDUSTRYTR": 0,
        "OTHRTRK": 0,
        "WDCODE": "",
        "REVISIONDA": "1996/01/01 00:00:00",
        "LASTUPDATE": "1/16/2025",
        "AADT": "",
        "AADTYEAR": "",
        "STATENAME": "TEXAS",
        "STATEAB": "TX",
        "COUNTYNAME": "POTTER",
        "CITYNAME": "AMARILLO",
        "LATDD": 35.205143,
        "LONGDD": -101.77444,
        "gridlyProductionCertified": true,
        "gridlyClassification": "PUBLIC_ROADWAY",
        "gridlyDisplayName": "RR USE ONLY",
        "gridlyId": "FRA-967189J"
      }
    },
    {
      "type": "Feature",
      "id": 205720,
      "geometry": {
        "type": "Point",
        "coordinates": [
          -101.747613999905,
          35.2016640000564
        ]
      },
      "properties": {
        "OBJECTID": 205720,
        "CROSSING": "967190D",
        "EFFDATE": 1736985600000,
        "REASON": "14",
        "StateCode": "48",
        "CountyCode": "48375",
        "STCYFIPS": "48375",
        "CITYCD": "483750150",
        "RAILROAD": "BNSF",
        "RRDIV": "KANSAS",
        "RRSUBDIV": "RED RIVER VALLEY",
        "HIGHWAY": "pvt",
        "STREET": "PRIVATE",
        "TTSTN": "",
        "MILEPOST": "0330.915",
        "TYPEXING": "Private",
        "POSXING": "At Grade",
        "PRVCAT": "14",
        "INIT": "1",
        "LATITUDE": 35.201664,
        "LONGITUD": -101.747614,
        "LLSOURCE": "2",
        "WHISTBAN": "",
        "RRCONT": "8173521549",
        "POLCONT": "8008325452",
        "INV_LINK": "https://safetydata.fra.dot.gov/OfficeofSafety/PublicSite/Crossing/Crossing.aspx?phasetype=C&rpttype=I&txtcrossingnum=967190D",
        "ACC_LINK": "https://safetydata.fra.dot.gov/OfficeofSafety/PublicSite/Crossing/Crossing.aspx?phasetype=C&rpttype=A&txtcrossingnum=967190D",
        "TTSTNNAM": "",
        "XPURPOSE": "1",
        "OPERATINGR": "BNSF",
        "OPERATIN_1": "Primary",
        "DAYTHRU": 5,
        "NGHTTHRU": 5,
        "MAINTRK": 1,
        "SIDINGTRK": 0,
        "YARDTRK": 2,
        "TRANSITTRK": 0,
        "INDUSTRYTR": 0,
        "OTHRTRK": 0,
        "WDCODE": "",
        "REVISIONDA": "1996/01/01 00:00:00",
        "LASTUPDATE": "1/16/2025",
        "AADT": "",
        "AADTYEAR": "",
        "STATENAME": "TEXAS",
        "STATEAB": "TX",
        "COUNTYNAME": "POTTER",
        "CITYNAME": "AMARILLO",
        "LATDD": 35.201664,
        "LONGDD": -101.747614,
        "gridlyProductionCertified": true,
        "gridlyClassification": "PUBLIC_ROADWAY",
        "gridlyDisplayName": "PRIVATE",
        "gridlyId": "FRA-967190D"
      }
    },
    {
      "type": "Feature",
      "id": 205721,
      "geometry": {
        "type": "Point",
        "coordinates": [
          -101.749522999834,
          35.2019209998158
        ]
      },
      "properties": {
        "OBJECTID": 205721,
        "CROSSING": "967191K",
        "EFFDATE": 1736985600000,
        "REASON": "14",
        "StateCode": "48",
        "CountyCode": "48375",
        "STCYFIPS": "48375",
        "CITYCD": "483750150",
        "RAILROAD": "BNSF",
        "RRDIV": "KANSAS",
        "RRSUBDIV": "RED RIVER VALLEY",
        "HIGHWAY": "pvt",
        "STREET": "RR USE ONLY",
        "TTSTN": "",
        "MILEPOST": "0331.024",
        "TYPEXING": "Private",
        "POSXING": "At Grade",
        "PRVCAT": "14",
        "INIT": "1",
        "LATITUDE": 35.201921,
        "LONGITUD": -101.749523,
        "LLSOURCE": "2",
        "WHISTBAN": "",
        "RRCONT": "8173521549",
        "POLCONT": "8008325452",
        "INV_LINK": "https://safetydata.fra.dot.gov/OfficeofSafety/PublicSite/Crossing/Crossing.aspx?phasetype=C&rpttype=I&txtcrossingnum=967191K",
        "ACC_LINK": "https://safetydata.fra.dot.gov/OfficeofSafety/PublicSite/Crossing/Crossing.aspx?phasetype=C&rpttype=A&txtcrossingnum=967191K",
        "TTSTNNAM": "",
        "XPURPOSE": "1",
        "OPERATINGR": "BNSF",
        "OPERATIN_1": "Primary",
        "DAYTHRU": 5,
        "NGHTTHRU": 5,
        "MAINTRK": 1,
        "SIDINGTRK": 0,
        "YARDTRK": 2,
        "TRANSITTRK": 0,
        "INDUSTRYTR": 0,
        "OTHRTRK": 0,
        "WDCODE": "",
        "REVISIONDA": "1996/01/01 00:00:00",
        "LASTUPDATE": "1/16/2025",
        "AADT": "",
        "AADTYEAR": "",
        "STATENAME": "TEXAS",
        "STATEAB": "TX",
        "COUNTYNAME": "POTTER",
        "CITYNAME": "AMARILLO",
        "LATDD": 35.201921,
        "LONGDD": -101.749523,
        "gridlyProductionCertified": true,
        "gridlyClassification": "PUBLIC_ROADWAY",
        "gridlyDisplayName": "RR USE ONLY",
        "gridlyId": "FRA-967191K"
      }
    },
    {
      "type": "Feature",
      "id": 205726,
      "geometry": {
        "type": "Point",
        "coordinates": [
          -101.774051999927,
          35.2098510001066
        ]
      },
      "properties": {
        "OBJECTID": 205726,
        "CROSSING": "967193Y",
        "EFFDATE": 1736985600000,
        "REASON": "14",
        "StateCode": "48",
        "CountyCode": "48375",
        "STCYFIPS": "48375",
        "CITYCD": "483750150",
        "RAILROAD": "BNSF",
        "RRDIV": "KANSAS",
        "RRSUBDIV": "RED RIVER VALLEY",
        "HIGHWAY": "pvt",
        "STREET": "PRIVATE",
        "TTSTN": "",
        "MILEPOST": "0332.522",
        "TYPEXING": "Private",
        "POSXING": "At Grade",
        "PRVCAT": "14",
        "INIT": "1",
        "LATITUDE": 35.209851,
        "LONGITUD": -101.774052,
        "LLSOURCE": "2",
        "WHISTBAN": "",
        "RRCONT": "8173521549",
        "POLCONT": "8008325452",
        "INV_LINK": "https://safetydata.fra.dot.gov/OfficeofSafety/PublicSite/Crossing/Crossing.aspx?phasetype=C&rpttype=I&txtcrossingnum=967193Y",
        "ACC_LINK": "https://safetydata.fra.dot.gov/OfficeofSafety/PublicSite/Crossing/Crossing.aspx?phasetype=C&rpttype=A&txtcrossingnum=967193Y",
        "TTSTNNAM": "",
        "XPURPOSE": "1",
        "OPERATINGR": "BNSF",
        "OPERATIN_1": "Primary",
        "DAYTHRU": 3,
        "NGHTTHRU": 2,
        "MAINTRK": 1,
        "SIDINGTRK": 0,
        "YARDTRK": 0,
        "TRANSITTRK": 0,
        "INDUSTRYTR": 0,
        "OTHRTRK": 0,
        "WDCODE": "",
        "REVISIONDA": "1996/01/01 00:00:00",
        "LASTUPDATE": "1/16/2025",
        "AADT": "",
        "AADTYEAR": "",
        "STATENAME": "TEXAS",
        "STATEAB": "TX",
        "COUNTYNAME": "POTTER",
        "CITYNAME": "AMARILLO",
        "LATDD": 35.209851,
        "LONGDD": -101.774052,
        "gridlyProductionCertified": true,
        "gridlyClassification": "PUBLIC_ROADWAY",
        "gridlyDisplayName": "PRIVATE",
        "gridlyId": "FRA-967193Y"
      }
    },
    {
      "type": "Feature",
      "id": 205738,
      "geometry": {
        "type": "Point",
        "coordinates": [
          -101.811572999801,
          35.2107530002938
        ]
      },
      "properties": {
        "OBJECTID": 205738,
        "CROSSING": "967194F",
        "EFFDATE": 1736985600000,
        "REASON": "14",
        "StateCode": "48",
        "CountyCode": "48375",
        "STCYFIPS": "48375",
        "CITYCD": "483750150",
        "RAILROAD": "BNSF",
        "RRDIV": "KANSAS",
        "RRSUBDIV": "NO TRACK",
        "HIGHWAY": "PRIVATE",
        "STREET": "RR USE ONLY",
        "TTSTN": "",
        "MILEPOST": "0334.784",
        "TYPEXING": "Private",
        "POSXING": "At Grade",
        "PRVCAT": "14",
        "INIT": "1",
        "LATITUDE": 35.210753,
        "LONGITUD": -101.811573,
        "LLSOURCE": "1",
        "WHISTBAN": "",
        "RRCONT": "8173521549",
        "POLCONT": "8008325452",
        "INV_LINK": "https://safetydata.fra.dot.gov/OfficeofSafety/PublicSite/Crossing/Crossing.aspx?phasetype=C&rpttype=I&txtcrossingnum=967194F",
        "ACC_LINK": "https://safetydata.fra.dot.gov/OfficeofSafety/PublicSite/Crossing/Crossing.aspx?phasetype=C&rpttype=A&txtcrossingnum=967194F",
        "TTSTNNAM": "",
        "XPURPOSE": "1",
        "OPERATINGR": "BNSF",
        "OPERATIN_1": "Primary",
        "DAYTHRU": 17,
        "NGHTTHRU": 16,
        "MAINTRK": 2,
        "SIDINGTRK": 0,
        "YARDTRK": 0,
        "TRANSITTRK": 0,
        "INDUSTRYTR": 1,
        "OTHRTRK": 0,
        "WDCODE": "",
        "REVISIONDA": "1996/01/01 00:00:00",
        "LASTUPDATE": "1/16/2025",
        "AADT": "",
        "AADTYEAR": "",
        "STATENAME": "TEXAS",
        "STATEAB": "TX",
        "COUNTYNAME": "POTTER",
        "CITYNAME": "AMARILLO",
        "LATDD": 35.210753,
        "LONGDD": -101.811573,
        "gridlyProductionCertified": true,
        "gridlyClassification": "PUBLIC_ROADWAY",
        "gridlyDisplayName": "RR USE ONLY",
        "gridlyId": "FRA-967194F"
      }
    },
    {
      "type": "Feature",
      "id": 205739,
      "geometry": {
        "type": "Point",
        "coordinates": [
          -101.748619000011,
          35.20179899994
        ]
      },
      "properties": {
        "OBJECTID": 205739,
        "CROSSING": "967195M",
        "EFFDATE": 1736985600000,
        "REASON": "14",
        "StateCode": "48",
        "CountyCode": "48375",
        "STCYFIPS": "48375",
        "CITYCD": "483750150",
        "RAILROAD": "BNSF",
        "RRDIV": "KANSAS",
        "RRSUBDIV": "RED RIVER VALLEY",
        "HIGHWAY": "NOT YET REPORTED BY STATE",
        "STREET": "PRIVATE",
        "TTSTN": "",
        "MILEPOST": "0330.973",
        "TYPEXING": "Private",
        "POSXING": "At Grade",
        "PRVCAT": "14",
        "INIT": "1",
        "LATITUDE": 35.201799,
        "LONGITUD": -101.748619,
        "LLSOURCE": "1",
        "WHISTBAN": "",
        "RRCONT": "8173521549",
        "POLCONT": "8008325452",
        "INV_LINK": "https://safetydata.fra.dot.gov/OfficeofSafety/PublicSite/Crossing/Crossing.aspx?phasetype=C&rpttype=I&txtcrossingnum=967195M",
        "ACC_LINK": "https://safetydata.fra.dot.gov/OfficeofSafety/PublicSite/Crossing/Crossing.aspx?phasetype=C&rpttype=A&txtcrossingnum=967195M",
        "TTSTNNAM": "",
        "XPURPOSE": "1",
        "OPERATINGR": "BNSF",
        "OPERATIN_1": "Primary",
        "DAYTHRU": 2,
        "NGHTTHRU": 1,
        "MAINTRK": 1,
        "SIDINGTRK": 0,
        "YARDTRK": 0,
        "TRANSITTRK": 0,
        "INDUSTRYTR": 0,
        "OTHRTRK": 0,
        "WDCODE": "",
        "REVISIONDA": "1996/01/01 00:00:00",
        "LASTUPDATE": "1/16/2025",
        "AADT": "",
        "AADTYEAR": "",
        "STATENAME": "TEXAS",
        "STATEAB": "TX",
        "COUNTYNAME": "POTTER",
        "CITYNAME": "AMARILLO",
        "LATDD": 35.201799,
        "LONGDD": -101.748619,
        "gridlyProductionCertified": true,
        "gridlyClassification": "PUBLIC_ROADWAY",
        "gridlyDisplayName": "PRIVATE",
        "gridlyId": "FRA-967195M"
      }
    },
    {
      "type": "Feature",
      "id": 205851,
      "geometry": {
        "type": "Point",
        "coordinates": [
          -102.067432999672,
          35.4065350003222
        ]
      },
      "properties": {
        "OBJECTID": 205851,
        "CROSSING": "276485L",
        "EFFDATE": 1736812800000,
        "REASON": "14",
        "StateCode": "48",
        "CountyCode": "48359",
        "STCYFIPS": "48359",
        "CITYCD": "483590814",
        "RAILROAD": "BNSF",
        "RRDIV": "KANSAS",
        "RRSUBDIV": "DALHART",
        "HIGHWAY": "pv 0000",
        "STREET": "DAVISON RD",
        "TTSTN": "672667",
        "MILEPOST": "0358.387",
        "TYPEXING": "Public",
        "POSXING": "At Grade",
        "PRVCAT": "14",
        "INIT": "1",
        "LATITUDE": 35.406535,
        "LONGITUD": -102.067433,
        "LLSOURCE": "1",
        "WHISTBAN": "0",
        "RRCONT": "8173521549",
        "POLCONT": "8008325452",
        "INV_LINK": "https://safetydata.fra.dot.gov/OfficeofSafety/PublicSite/Crossing/Crossing.aspx?phasetype=C&rpttype=I&txtcrossingnum=276485L",
        "ACC_LINK": "https://safetydata.fra.dot.gov/OfficeofSafety/PublicSite/Crossing/Crossing.aspx?phasetype=C&rpttype=A&txtcrossingnum=276485L",
        "TTSTNNAM": "BODEN",
        "XPURPOSE": "1",
        "OPERATINGR": "BNSF",
        "OPERATIN_1": "Primary",
        "DAYTHRU": 4,
        "NGHTTHRU": 3,
        "MAINTRK": 1,
        "SIDINGTRK": 1,
        "YARDTRK": 0,
        "TRANSITTRK": 0,
        "INDUSTRYTR": 0,
        "OTHRTRK": 1,
        "WDCODE": "No signs or signals",
        "REVISIONDA": "1996/01/01 00:00:00",
        "LASTUPDATE": "1/14/2025",
        "AADT": "000010",
        "AADTYEAR": "1985",
        "STATENAME": "TEXAS",
        "STATEAB": "TX",
        "COUNTYNAME": "OLDHAM",
        "CITYNAME": "BOYS RANCH",
        "LATDD": 35.406535,
        "LONGDD": -102.067433,
        "gridlyProductionCertified": true,
        "gridlyClassification": "PUBLIC_ROADWAY",
        "gridlyDisplayName": "DAVISON RD",
        "gridlyId": "FRA-276485L"
      }
    },
    {
      "type": "Feature",
      "id": 205879,
      "geometry": {
        "type": "Point",
        "coordinates": [
          -101.624888999974,
          35.1849945998088
        ]
      },
      "properties": {
        "OBJECTID": 205879,
        "CROSSING": "275224H",
        "EFFDATE": 1736812800000,
        "REASON": "14",
        "StateCode": "48",
        "CountyCode": "48375",
        "STCYFIPS": "48375",
        "CITYCD": "483750150",
        "RAILROAD": "BNSF",
        "RRDIV": "RED RIVER",
        "RRSUBDIV": "RED RIVER VALLEY",
        "HIGHWAY": "Not Yet Reported by State",
        "STREET": "PRIVATE",
        "TTSTN": "673330",
        "MILEPOST": "0323.849",
        "TYPEXING": "Private",
        "POSXING": "At Grade",
        "PRVCAT": "14",
        "INIT": "1",
        "LATITUDE": 35.1849946,
        "LONGITUD": -101.624889,
        "LLSOURCE": "1",
        "WHISTBAN": "0",
        "RRCONT": "8173521549",
        "POLCONT": "8008325452",
        "INV_LINK": "https://safetydata.fra.dot.gov/OfficeofSafety/PublicSite/Crossing/Crossing.aspx?phasetype=C&rpttype=I&txtcrossingnum=275224H",
        "ACC_LINK": "https://safetydata.fra.dot.gov/OfficeofSafety/PublicSite/Crossing/Crossing.aspx?phasetype=C&rpttype=A&txtcrossingnum=275224H",
        "TTSTNNAM": "WASHBURN",
        "XPURPOSE": "1",
        "OPERATINGR": "BNSF",
        "OPERATIN_1": "Primary",
        "DAYTHRU": 7,
        "NGHTTHRU": 7,
        "MAINTRK": 1,
        "SIDINGTRK": 0,
        "YARDTRK": 0,
        "TRANSITTRK": 0,
        "INDUSTRYTR": 0,
        "OTHRTRK": 0,
        "WDCODE": "",
        "REVISIONDA": "1996/01/01 00:00:00",
        "LASTUPDATE": "1/14/2025",
        "AADT": "",
        "AADTYEAR": "1978",
        "STATENAME": "TEXAS",
        "STATEAB": "TX",
        "COUNTYNAME": "POTTER",
        "CITYNAME": "AMARILLO",
        "LATDD": 35.1849946,
        "LONGDD": -101.624889,
        "gridlyProductionCertified": true,
        "gridlyClassification": "PUBLIC_ROADWAY",
        "gridlyDisplayName": "PRIVATE",
        "gridlyId": "FRA-275224H"
      }
    },
    {
      "type": "Feature",
      "id": 205880,
      "geometry": {
        "type": "Point",
        "coordinates": [
          -102.091709000044,
          35.4460031000237
        ]
      },
      "properties": {
        "OBJECTID": 205880,
        "CROSSING": "276484E",
        "EFFDATE": 1736812800000,
        "REASON": "14",
        "StateCode": "48",
        "CountyCode": "48375",
        "STCYFIPS": "48375",
        "CITYCD": "483750150",
        "RAILROAD": "BNSF",
        "RRDIV": "KANSAS",
        "RRSUBDIV": "DALHART",
        "HIGHWAY": "PV 0000",
        "STREET": "OLE MUDDY RD",
        "TTSTN": "672667",
        "MILEPOST": "0361.544",
        "TYPEXING": "Private",
        "POSXING": "At Grade",
        "PRVCAT": "14",
        "INIT": "1",
        "LATITUDE": 35.4460031,
        "LONGITUD": -102.091709,
        "LLSOURCE": "1",
        "WHISTBAN": "0",
        "RRCONT": "8173521549",
        "POLCONT": "8008325452",
        "INV_LINK": "https://safetydata.fra.dot.gov/OfficeofSafety/PublicSite/Crossing/Crossing.aspx?phasetype=C&rpttype=I&txtcrossingnum=276484E",
        "ACC_LINK": "https://safetydata.fra.dot.gov/OfficeofSafety/PublicSite/Crossing/Crossing.aspx?phasetype=C&rpttype=A&txtcrossingnum=276484E",
        "TTSTNNAM": "BODEN",
        "XPURPOSE": "1",
        "OPERATINGR": "BNSF",
        "OPERATIN_1": "Primary",
        "DAYTHRU": 4,
        "NGHTTHRU": 3,
        "MAINTRK": 1,
        "SIDINGTRK": 0,
        "YARDTRK": 0,
        "TRANSITTRK": 0,
        "INDUSTRYTR": 0,
        "OTHRTRK": 0,
        "WDCODE": "",
        "REVISIONDA": "1996/01/01 00:00:00",
        "LASTUPDATE": "1/14/2025",
        "AADT": "000010",
        "AADTYEAR": "1985",
        "STATENAME": "TEXAS",
        "STATEAB": "TX",
        "COUNTYNAME": "POTTER",
        "CITYNAME": "AMARILLO",
        "LATDD": 35.4460031,
        "LONGDD": -102.091709,
        "gridlyProductionCertified": true,
        "gridlyClassification": "PUBLIC_ROADWAY",
        "gridlyDisplayName": "OLE MUDDY RD",
        "gridlyId": "FRA-276484E"
      }
    },
    {
      "type": "Feature",
      "id": 208451,
      "geometry": {
        "type": "Point",
        "coordinates": [
          -101.79544669984,
          35.2157027001304
        ]
      },
      "properties": {
        "OBJECTID": 208451,
        "CROSSING": "014603N",
        "EFFDATE": 1765843200000,
        "REASON": "14",
        "StateCode": "48",
        "CountyCode": "48375",
        "STCYFIPS": "48375",
        "CITYCD": "483750150",
        "RAILROAD": "BNSF",
        "RRDIV": "KANSAS",
        "RRSUBDIV": "HEREFORD",
        "HIGHWAY": "sh0458",
        "STREET": "sh0458 / north GRAND STreet",
        "TTSTN": "672700",
        "MILEPOST": "0551.226",
        "TYPEXING": "Public",
        "POSXING": "RR Under",
        "PRVCAT": "14",
        "INIT": "2",
        "LATITUDE": 35.2157027,
        "LONGITUD": -101.7954467,
        "LLSOURCE": "1",
        "WHISTBAN": "0",
        "RRCONT": "8173521549",
        "POLCONT": "8008325452",
        "INV_LINK": "https://safetydata.fra.dot.gov/OfficeofSafety/PublicSite/Crossing/Crossing.aspx?phasetype=C&rpttype=I&txtcrossingnum=014603N",
        "ACC_LINK": "https://safetydata.fra.dot.gov/OfficeofSafety/PublicSite/Crossing/Crossing.aspx?phasetype=C&rpttype=A&txtcrossingnum=014603N",
        "TTSTNNAM": "AMARILLO YARD",
        "XPURPOSE": "1",
        "OPERATINGR": "BNSF",
        "OPERATIN_1": "Primary",
        "DAYTHRU": 13,
        "NGHTTHRU": 13,
        "MAINTRK": 1,
        "SIDINGTRK": 0,
        "YARDTRK": 0,
        "TRANSITTRK": 0,
        "INDUSTRYTR": 0,
        "OTHRTRK": 0,
        "WDCODE": "",
        "REVISIONDA": "1996/01/01 00:00:00",
        "LASTUPDATE": "12/16/2025",
        "AADT": "15040",
        "AADTYEAR": "2024",
        "STATENAME": "TEXAS",
        "STATEAB": "TX",
        "COUNTYNAME": "POTTER",
        "CITYNAME": "AMARILLO",
        "LATDD": 35.2157027,
        "LONGDD": -101.7954467,
        "gridlyProductionCertified": true,
        "gridlyClassification": "PUBLIC_ROADWAY",
        "gridlyDisplayName": "sh0458 / north GRAND STreet",
        "gridlyId": "FRA-014603N"
      }
    },
    {
      "type": "Feature",
      "id": 208468,
      "geometry": {
        "type": "Point",
        "coordinates": [
          -101.831564700123,
          35.1924131996489
        ]
      },
      "properties": {
        "OBJECTID": 208468,
        "CROSSING": "014688T",
        "EFFDATE": 1765843200000,
        "REASON": "14",
        "StateCode": "48",
        "CountyCode": "48375",
        "STCYFIPS": "48375",
        "CITYCD": "483750150",
        "RAILROAD": "BNSF",
        "RRDIV": "KANSAS",
        "RRSUBDIV": "HEREFORD",
        "HIGHWAY": "Ih0040",
        "STREET": "IH0040",
        "TTSTN": "672700",
        "MILEPOST": "0554.226",
        "TYPEXING": "Public",
        "POSXING": "RR Under",
        "PRVCAT": "14",
        "INIT": "2",
        "LATITUDE": 35.1924132,
        "LONGITUD": -101.8315647,
        "LLSOURCE": "1",
        "WHISTBAN": "0",
        "RRCONT": "8173521549",
        "POLCONT": "8008325452",
        "INV_LINK": "https://safetydata.fra.dot.gov/OfficeofSafety/PublicSite/Crossing/Crossing.aspx?phasetype=C&rpttype=I&txtcrossingnum=014688T",
        "ACC_LINK": "https://safetydata.fra.dot.gov/OfficeofSafety/PublicSite/Crossing/Crossing.aspx?phasetype=C&rpttype=A&txtcrossingnum=014688T",
        "TTSTNNAM": "AMARILLO YARD",
        "XPURPOSE": "1",
        "OPERATINGR": "BNSF",
        "OPERATIN_1": "Primary",
        "DAYTHRU": 1,
        "NGHTTHRU": 0,
        "MAINTRK": 1,
        "SIDINGTRK": 0,
        "YARDTRK": 0,
        "TRANSITTRK": 0,
        "INDUSTRYTR": 0,
        "OTHRTRK": 0,
        "WDCODE": "",
        "REVISIONDA": "1996/01/01 00:00:00",
        "LASTUPDATE": "12/16/2025",
        "AADT": "77618",
        "AADTYEAR": "2024",
        "STATENAME": "TEXAS",
        "STATEAB": "TX",
        "COUNTYNAME": "POTTER",
        "CITYNAME": "AMARILLO",
        "LATDD": 35.1924132,
        "LONGDD": -101.8315647,
        "gridlyProductionCertified": true,
        "gridlyClassification": "PUBLIC_ROADWAY",
        "gridlyDisplayName": "IH0040",
        "gridlyId": "FRA-014688T"
      }
    },
    {
      "type": "Feature",
      "id": 211008,
      "geometry": {
        "type": "Point",
        "coordinates": [
          -101.795306600385,
          35.2079263999864
        ]
      },
      "properties": {
        "OBJECTID": 211008,
        "CROSSING": "675240W",
        "EFFDATE": 1767657600000,
        "REASON": "14",
        "StateCode": "48",
        "CountyCode": "48375",
        "STCYFIPS": "48375",
        "CITYCD": "483750150",
        "RAILROAD": "BNSF",
        "RRDIV": "RED RIVER",
        "RRSUBDIV": "RED RIVER VALLEY",
        "HIGHWAY": "LS0000",
        "STREET": "South GRAND STreet",
        "TTSTN": "",
        "MILEPOST": "0333.611",
        "TYPEXING": "Public",
        "POSXING": "RR Under",
        "PRVCAT": "14",
        "INIT": "2",
        "LATITUDE": 35.2079264,
        "LONGITUD": -101.7953066,
        "LLSOURCE": "1",
        "WHISTBAN": "",
        "RRCONT": "8173521549",
        "POLCONT": "8008325452",
        "INV_LINK": "https://safetydata.fra.dot.gov/OfficeofSafety/PublicSite/Crossing/Crossing.aspx?phasetype=C&rpttype=I&txtcrossingnum=675240W",
        "ACC_LINK": "https://safetydata.fra.dot.gov/OfficeofSafety/PublicSite/Crossing/Crossing.aspx?phasetype=C&rpttype=A&txtcrossingnum=675240W",
        "TTSTNNAM": "",
        "XPURPOSE": "1",
        "OPERATINGR": "BNSF",
        "OPERATIN_1": "Primary",
        "DAYTHRU": 0,
        "NGHTTHRU": 0,
        "MAINTRK": 0,
        "SIDINGTRK": 0,
        "YARDTRK": 0,
        "TRANSITTRK": 0,
        "INDUSTRYTR": 0,
        "OTHRTRK": 0,
        "WDCODE": "",
        "REVISIONDA": "1996/01/01 00:00:00",
        "LASTUPDATE": "1/6/2026",
        "AADT": "15298",
        "AADTYEAR": "2024",
        "STATENAME": "TEXAS",
        "STATEAB": "TX",
        "COUNTYNAME": "POTTER",
        "CITYNAME": "AMARILLO",
        "LATDD": 35.2079264,
        "LONGDD": -101.7953066,
        "gridlyProductionCertified": true,
        "gridlyClassification": "PUBLIC_ROADWAY",
        "gridlyDisplayName": "South GRAND STreet",
        "gridlyId": "FRA-675240W"
      }
    },
    {
      "type": "Feature",
      "id": 211053,
      "geometry": {
        "type": "Point",
        "coordinates": [
          -101.746491699586,
          35.2045848997046
        ]
      },
      "properties": {
        "OBJECTID": 211053,
        "CROSSING": "276321V",
        "EFFDATE": 1760054400000,
        "REASON": "14",
        "StateCode": "48",
        "CountyCode": "48375",
        "STCYFIPS": "48375",
        "CITYCD": "483750150",
        "RAILROAD": "BNSF",
        "RRDIV": "KANSAS",
        "RRSUBDIV": "AMARILLO CRIP YD",
        "HIGHWAY": "ls0000",
        "STREET": "southeast FIRST avenue",
        "TTSTN": "672678",
        "MILEPOST": "0330.733",
        "TYPEXING": "Public",
        "POSXING": "At Grade",
        "PRVCAT": "14",
        "INIT": "2",
        "LATITUDE": 35.2045849,
        "LONGITUD": -101.7464917,
        "LLSOURCE": "1",
        "WHISTBAN": "0",
        "RRCONT": "8173521549",
        "POLCONT": "8008325452",
        "INV_LINK": "https://safetydata.fra.dot.gov/OfficeofSafety/PublicSite/Crossing/Crossing.aspx?phasetype=C&rpttype=I&txtcrossingnum=276321V",
        "ACC_LINK": "https://safetydata.fra.dot.gov/OfficeofSafety/PublicSite/Crossing/Crossing.aspx?phasetype=C&rpttype=A&txtcrossingnum=276321V",
        "TTSTNNAM": "PULLMAN",
        "XPURPOSE": "1",
        "OPERATINGR": "BNSF",
        "OPERATIN_1": "Primary",
        "DAYTHRU": 0,
        "NGHTTHRU": 0,
        "MAINTRK": 0,
        "SIDINGTRK": 0,
        "YARDTRK": 0,
        "TRANSITTRK": 0,
        "INDUSTRYTR": 3,
        "OTHRTRK": 3,
        "WDCODE": "Crossbucks",
        "REVISIONDA": "1996/01/01 00:00:00",
        "LASTUPDATE": "10/10/2025",
        "AADT": "494",
        "AADTYEAR": "2020",
        "STATENAME": "TEXAS",
        "STATEAB": "TX",
        "COUNTYNAME": "POTTER",
        "CITYNAME": "AMARILLO",
        "LATDD": 35.2045849,
        "LONGDD": -101.7464917,
        "gridlyProductionCertified": true,
        "gridlyClassification": "PUBLIC_ROADWAY",
        "gridlyDisplayName": "southeast FIRST avenue",
        "gridlyId": "FRA-276321V"
      }
    },
    {
      "type": "Feature",
      "id": 211063,
      "geometry": {
        "type": "Point",
        "coordinates": [
          -101.707031999684,
          35.2007729998948
        ]
      },
      "properties": {
        "OBJECTID": 211063,
        "CROSSING": "602156M",
        "EFFDATE": 1760054400000,
        "REASON": "14",
        "StateCode": "48",
        "CountyCode": "48375",
        "STCYFIPS": "48375",
        "CITYCD": "483750150",
        "RAILROAD": "BNSF",
        "RRDIV": "KANSAS",
        "RRSUBDIV": "PULLMAN",
        "HIGHWAY": "ls0000",
        "STREET": "south PULLMAN RoaD",
        "TTSTN": "672700",
        "MILEPOST": "0753.202",
        "TYPEXING": "Public",
        "POSXING": "At Grade",
        "PRVCAT": "14",
        "INIT": "2",
        "LATITUDE": 35.200773,
        "LONGITUD": -101.707032,
        "LLSOURCE": "1",
        "WHISTBAN": "0",
        "RRCONT": "8173521549",
        "POLCONT": "8008325452",
        "INV_LINK": "https://safetydata.fra.dot.gov/OfficeofSafety/PublicSite/Crossing/Crossing.aspx?phasetype=C&rpttype=I&txtcrossingnum=602156M",
        "ACC_LINK": "https://safetydata.fra.dot.gov/OfficeofSafety/PublicSite/Crossing/Crossing.aspx?phasetype=C&rpttype=A&txtcrossingnum=602156M",
        "TTSTNNAM": "AMARILLO YARD",
        "XPURPOSE": "1",
        "OPERATINGR": "BNSF",
        "OPERATIN_1": "Primary",
        "DAYTHRU": 0,
        "NGHTTHRU": 0,
        "MAINTRK": 0,
        "SIDINGTRK": 0,
        "YARDTRK": 1,
        "TRANSITTRK": 0,
        "INDUSTRYTR": 0,
        "OTHRTRK": 1,
        "WDCODE": "Crossbucks",
        "REVISIONDA": "1996/01/01 00:00:00",
        "LASTUPDATE": "10/10/2025",
        "AADT": "291",
        "AADTYEAR": "2020",
        "STATENAME": "TEXAS",
        "STATEAB": "TX",
        "COUNTYNAME": "POTTER",
        "CITYNAME": "AMARILLO",
        "LATDD": 35.200773,
        "LONGDD": -101.707032,
        "gridlyProductionCertified": true,
        "gridlyClassification": "PUBLIC_ROADWAY",
        "gridlyDisplayName": "south PULLMAN RoaD",
        "gridlyId": "FRA-602156M"
      }
    },
    {
      "type": "Feature",
      "id": 211064,
      "geometry": {
        "type": "Point",
        "coordinates": [
          -101.689381699759,
          35.1937047997726
        ]
      },
      "properties": {
        "OBJECTID": 211064,
        "CROSSING": "275218E",
        "EFFDATE": 1760054400000,
        "REASON": "14",
        "StateCode": "48",
        "CountyCode": "48375",
        "STCYFIPS": "48375",
        "CITYCD": "483750150",
        "RAILROAD": "BNSF",
        "RRDIV": "KANSAS",
        "RRSUBDIV": "RED RIVER VALLEY",
        "HIGHWAY": "ls0000",
        "STREET": "south PARSLEY RoaD",
        "TTSTN": "672678",
        "MILEPOST": "0327.546",
        "TYPEXING": "Public",
        "POSXING": "At Grade",
        "PRVCAT": "14",
        "INIT": "2",
        "LATITUDE": 35.1937048,
        "LONGITUD": -101.6893817,
        "LLSOURCE": "1",
        "WHISTBAN": "0",
        "RRCONT": "8173521549",
        "POLCONT": "8008325452",
        "INV_LINK": "https://safetydata.fra.dot.gov/OfficeofSafety/PublicSite/Crossing/Crossing.aspx?phasetype=C&rpttype=I&txtcrossingnum=275218E",
        "ACC_LINK": "https://safetydata.fra.dot.gov/OfficeofSafety/PublicSite/Crossing/Crossing.aspx?phasetype=C&rpttype=A&txtcrossingnum=275218E",
        "TTSTNNAM": "PULLMAN",
        "XPURPOSE": "1",
        "OPERATINGR": "BNSF",
        "OPERATIN_1": "Primary",
        "DAYTHRU": 7,
        "NGHTTHRU": 7,
        "MAINTRK": 1,
        "SIDINGTRK": 0,
        "YARDTRK": 0,
        "TRANSITTRK": 0,
        "INDUSTRYTR": 0,
        "OTHRTRK": 0,
        "WDCODE": "Crossbucks",
        "REVISIONDA": "1996/01/01 00:00:00",
        "LASTUPDATE": "10/10/2025",
        "AADT": "20",
        "AADTYEAR": "2020",
        "STATENAME": "TEXAS",
        "STATEAB": "TX",
        "COUNTYNAME": "POTTER",
        "CITYNAME": "AMARILLO",
        "LATDD": 35.1937048,
        "LONGDD": -101.6893817,
        "gridlyProductionCertified": true,
        "gridlyClassification": "PUBLIC_ROADWAY",
        "gridlyDisplayName": "south PARSLEY RoaD",
        "gridlyId": "FRA-275218E"
      }
    },
    {
      "type": "Feature",
      "id": 211111,
      "geometry": {
        "type": "Point",
        "coordinates": [
          -101.959936599762,
          35.6168293003525
        ]
      },
      "properties": {
        "OBJECTID": 211111,
        "CROSSING": "017035C",
        "EFFDATE": 1768521600000,
        "REASON": "14",
        "StateCode": "48",
        "CountyCode": "48375",
        "STCYFIPS": "48375",
        "CITYCD": "483412000",
        "RAILROAD": "BNSF",
        "RRDIV": "KANSAS",
        "RRSUBDIV": "BOISE CITY",
        "HIGHWAY": "us0087",
        "STREET": "US0087 / us0287",
        "TTSTN": "672397",
        "MILEPOST": "0033.150",
        "TYPEXING": "Public",
        "POSXING": "RR Over",
        "PRVCAT": "14",
        "INIT": "2",
        "LATITUDE": 35.6168293,
        "LONGITUD": -101.9599366,
        "LLSOURCE": "1",
        "WHISTBAN": "0",
        "RRCONT": "8173521549",
        "POLCONT": "8008325452",
        "INV_LINK": "https://safetydata.fra.dot.gov/OfficeofSafety/PublicSite/Crossing/Crossing.aspx?phasetype=C&rpttype=I&txtcrossingnum=017035C",
        "ACC_LINK": "https://safetydata.fra.dot.gov/OfficeofSafety/PublicSite/Crossing/Crossing.aspx?phasetype=C&rpttype=A&txtcrossingnum=017035C",
        "TTSTNNAM": "EXELL",
        "XPURPOSE": "1",
        "OPERATINGR": "BNSF",
        "OPERATIN_1": "Primary",
        "DAYTHRU": 6,
        "NGHTTHRU": 6,
        "MAINTRK": 1,
        "SIDINGTRK": 0,
        "YARDTRK": 0,
        "TRANSITTRK": 0,
        "INDUSTRYTR": 0,
        "OTHRTRK": 0,
        "WDCODE": "",
        "REVISIONDA": "1996/01/01 00:00:00",
        "LASTUPDATE": "1/16/2026",
        "AADT": "10792",
        "AADTYEAR": "2024",
        "STATENAME": "TEXAS",
        "STATEAB": "TX",
        "COUNTYNAME": "POTTER",
        "CITYNAME": "DUMAS",
        "LATDD": 35.6168293,
        "LONGDD": -101.9599366,
        "gridlyProductionCertified": true,
        "gridlyClassification": "PUBLIC_ROADWAY",
        "gridlyDisplayName": "US0087 / us0287",
        "gridlyId": "FRA-017035C"
      }
    },
    {
      "type": "Feature",
      "id": 211315,
      "geometry": {
        "type": "Point",
        "coordinates": [
          -101.715738800201,
          35.1969826000553
        ]
      },
      "properties": {
        "OBJECTID": 211315,
        "CROSSING": "675155G",
        "EFFDATE": 1760054400000,
        "REASON": "14",
        "StateCode": "48",
        "CountyCode": "48375",
        "STCYFIPS": "48375",
        "CITYCD": "483750150",
        "RAILROAD": "BNSF",
        "RRDIV": "KANSAS",
        "RRSUBDIV": "RED RIVER VALLEY",
        "HIGHWAY": "LS0000",
        "STREET": "Southeast thiRD AVEnUE",
        "TTSTN": "",
        "MILEPOST": "0329.054",
        "TYPEXING": "Public",
        "POSXING": "At Grade",
        "PRVCAT": "14",
        "INIT": "2",
        "LATITUDE": 35.1969826,
        "LONGITUD": -101.7157388,
        "LLSOURCE": "1",
        "WHISTBAN": "",
        "RRCONT": "8173521549",
        "POLCONT": "8008325452",
        "INV_LINK": "https://safetydata.fra.dot.gov/OfficeofSafety/PublicSite/Crossing/Crossing.aspx?phasetype=C&rpttype=I&txtcrossingnum=675155G",
        "ACC_LINK": "https://safetydata.fra.dot.gov/OfficeofSafety/PublicSite/Crossing/Crossing.aspx?phasetype=C&rpttype=A&txtcrossingnum=675155G",
        "TTSTNNAM": "",
        "XPURPOSE": "1",
        "OPERATINGR": "BNSF",
        "OPERATIN_1": "Primary",
        "DAYTHRU": 9,
        "NGHTTHRU": 9,
        "MAINTRK": 0,
        "SIDINGTRK": 0,
        "YARDTRK": 0,
        "TRANSITTRK": 0,
        "INDUSTRYTR": 1,
        "OTHRTRK": 0,
        "WDCODE": "Crossbucks",
        "REVISIONDA": "1996/01/01 00:00:00",
        "LASTUPDATE": "10/10/2025",
        "AADT": "4249",
        "AADTYEAR": "2022",
        "STATENAME": "TEXAS",
        "STATEAB": "TX",
        "COUNTYNAME": "POTTER",
        "CITYNAME": "AMARILLO",
        "LATDD": 35.1969826,
        "LONGDD": -101.7157388,
        "gridlyProductionCertified": true,
        "gridlyClassification": "PUBLIC_ROADWAY",
        "gridlyDisplayName": "Southeast thiRD AVEnUE",
        "gridlyId": "FRA-675155G"
      }
    },
    {
      "type": "Feature",
      "id": 211620,
      "geometry": {
        "type": "Point",
        "coordinates": [
          -101.809368700282,
          35.2084426997097
        ]
      },
      "properties": {
        "OBJECTID": 211620,
        "CROSSING": "276317F",
        "EFFDATE": 1760572800000,
        "REASON": "14",
        "StateCode": "48",
        "CountyCode": "48375",
        "STCYFIPS": "48375",
        "CITYCD": "483750150",
        "RAILROAD": "BNSF",
        "RRDIV": "KANSAS",
        "RRSUBDIV": "RED RIVER VALLEY",
        "HIGHWAY": "ls0000",
        "STREET": "BROWNING STreet",
        "TTSTN": "672700",
        "MILEPOST": "0334.475",
        "TYPEXING": "Public",
        "POSXING": "At Grade",
        "PRVCAT": "14",
        "INIT": "2",
        "LATITUDE": 35.2084427,
        "LONGITUD": -101.8093687,
        "LLSOURCE": "1",
        "WHISTBAN": "0",
        "RRCONT": "8173521549",
        "POLCONT": "8008325452",
        "INV_LINK": "https://safetydata.fra.dot.gov/OfficeofSafety/PublicSite/Crossing/Crossing.aspx?phasetype=C&rpttype=I&txtcrossingnum=276317F",
        "ACC_LINK": "https://safetydata.fra.dot.gov/OfficeofSafety/PublicSite/Crossing/Crossing.aspx?phasetype=C&rpttype=A&txtcrossingnum=276317F",
        "TTSTNNAM": "AMARILLO YARD",
        "XPURPOSE": "1",
        "OPERATINGR": "BNSF",
        "OPERATIN_1": "Primary",
        "DAYTHRU": 7,
        "NGHTTHRU": 7,
        "MAINTRK": 0,
        "SIDINGTRK": 0,
        "YARDTRK": 0,
        "TRANSITTRK": 0,
        "INDUSTRYTR": 2,
        "OTHRTRK": 1,
        "WDCODE": "Stop signs",
        "REVISIONDA": "1996/01/01 00:00:00",
        "LASTUPDATE": "10/16/2025",
        "AADT": "288",
        "AADTYEAR": "2015",
        "STATENAME": "TEXAS",
        "STATEAB": "TX",
        "COUNTYNAME": "POTTER",
        "CITYNAME": "AMARILLO",
        "LATDD": 35.2084427,
        "LONGDD": -101.8093687,
        "gridlyProductionCertified": true,
        "gridlyClassification": "PUBLIC_ROADWAY",
        "gridlyDisplayName": "BROWNING STreet",
        "gridlyId": "FRA-276317F"
      }
    },
    {
      "type": "Feature",
      "id": 211626,
      "geometry": {
        "type": "Point",
        "coordinates": [
          -101.830485700398,
          35.1983283003627
        ]
      },
      "properties": {
        "OBJECTID": 211626,
        "CROSSING": "014681V",
        "EFFDATE": 1760572800000,
        "REASON": "14",
        "StateCode": "48",
        "CountyCode": "48375",
        "STCYFIPS": "48375",
        "CITYCD": "483750150",
        "RAILROAD": "BNSF",
        "RRDIV": "KANSAS",
        "RRSUBDIV": "HEREFORD",
        "HIGHWAY": "ls000",
        "STREET": "east fourteenth street",
        "TTSTN": "672700",
        "MILEPOST": "0553.800",
        "TYPEXING": "Public",
        "POSXING": "At Grade",
        "PRVCAT": "14",
        "INIT": "2",
        "LATITUDE": 35.1983283,
        "LONGITUD": -101.8304857,
        "LLSOURCE": "1",
        "WHISTBAN": "0",
        "RRCONT": "8173521549",
        "POLCONT": "8008325452",
        "INV_LINK": "https://safetydata.fra.dot.gov/OfficeofSafety/PublicSite/Crossing/Crossing.aspx?phasetype=C&rpttype=I&txtcrossingnum=014681V",
        "ACC_LINK": "https://safetydata.fra.dot.gov/OfficeofSafety/PublicSite/Crossing/Crossing.aspx?phasetype=C&rpttype=A&txtcrossingnum=014681V",
        "TTSTNNAM": "AMARILLO YARD",
        "XPURPOSE": "1",
        "OPERATINGR": "BNSF",
        "OPERATIN_1": "Primary",
        "DAYTHRU": 28,
        "NGHTTHRU": 28,
        "MAINTRK": 0,
        "SIDINGTRK": 0,
        "YARDTRK": 0,
        "TRANSITTRK": 0,
        "INDUSTRYTR": 1,
        "OTHRTRK": 1,
        "WDCODE": "Crossbucks",
        "REVISIONDA": "1996/01/01 00:00:00",
        "LASTUPDATE": "10/16/2025",
        "AADT": "2001",
        "AADTYEAR": "2020",
        "STATENAME": "TEXAS",
        "STATEAB": "TX",
        "COUNTYNAME": "POTTER",
        "CITYNAME": "AMARILLO",
        "LATDD": 35.1983283,
        "LONGDD": -101.8304857,
        "gridlyProductionCertified": true,
        "gridlyClassification": "PUBLIC_ROADWAY",
        "gridlyDisplayName": "east fourteenth street",
        "gridlyId": "FRA-014681V"
      }
    },
    {
      "type": "Feature",
      "id": 211642,
      "geometry": {
        "type": "Point",
        "coordinates": [
          -101.797010300237,
          35.2188149997177
        ]
      },
      "properties": {
        "OBJECTID": 211642,
        "CROSSING": "014617W",
        "EFFDATE": 1760486400000,
        "REASON": "14",
        "StateCode": "48",
        "CountyCode": "48375",
        "STCYFIPS": "48375",
        "CITYCD": "483750150",
        "RAILROAD": "BNSF",
        "RRDIV": "KANSAS",
        "RRSUBDIV": "BOISE CITY",
        "HIGHWAY": "ls0000",
        "STREET": "SANBORN street",
        "TTSTN": "672700",
        "MILEPOST": "0000.968",
        "TYPEXING": "Public",
        "POSXING": "At Grade",
        "PRVCAT": "14",
        "INIT": "2",
        "LATITUDE": 35.218815,
        "LONGITUD": -101.7970103,
        "LLSOURCE": "1",
        "WHISTBAN": "0",
        "RRCONT": "8173521549",
        "POLCONT": "8008325452",
        "INV_LINK": "https://safetydata.fra.dot.gov/OfficeofSafety/PublicSite/Crossing/Crossing.aspx?phasetype=C&rpttype=I&txtcrossingnum=014617W",
        "ACC_LINK": "https://safetydata.fra.dot.gov/OfficeofSafety/PublicSite/Crossing/Crossing.aspx?phasetype=C&rpttype=A&txtcrossingnum=014617W",
        "TTSTNNAM": "AMARILLO YARD",
        "XPURPOSE": "1",
        "OPERATINGR": "BNSF",
        "OPERATIN_1": "Primary",
        "DAYTHRU": 6,
        "NGHTTHRU": 6,
        "MAINTRK": 0,
        "SIDINGTRK": 0,
        "YARDTRK": 0,
        "TRANSITTRK": 0,
        "INDUSTRYTR": 1,
        "OTHRTRK": 1,
        "WDCODE": "Crossbucks",
        "REVISIONDA": "1996/01/01 00:00:00",
        "LASTUPDATE": "10/15/2025",
        "AADT": "227",
        "AADTYEAR": "2020",
        "STATENAME": "TEXAS",
        "STATEAB": "TX",
        "COUNTYNAME": "POTTER",
        "CITYNAME": "AMARILLO",
        "LATDD": 35.218815,
        "LONGDD": -101.7970103,
        "gridlyProductionCertified": true,
        "gridlyClassification": "PUBLIC_ROADWAY",
        "gridlyDisplayName": "SANBORN street",
        "gridlyId": "FRA-014617W"
      }
    },
    {
      "type": "Feature",
      "id": 213769,
      "geometry": {
        "type": "Point",
        "coordinates": [
          -101.834652799948,
          35.1851059997494
        ]
      },
      "properties": {
        "OBJECTID": 213769,
        "CROSSING": "014689A",
        "EFFDATE": 1765843200000,
        "REASON": "14",
        "StateCode": "48",
        "CountyCode": "48375",
        "STCYFIPS": "48375",
        "CITYCD": "483750150",
        "RAILROAD": "BNSF",
        "RRDIV": "KANSAS",
        "RRSUBDIV": "HEREFORD",
        "HIGHWAY": "ls0000",
        "STREET": "southeast twenty seventh avenue",
        "TTSTN": "672700",
        "MILEPOST": "0554.739",
        "TYPEXING": "Public",
        "POSXING": "RR Over",
        "PRVCAT": "14",
        "INIT": "2",
        "LATITUDE": 35.185106,
        "LONGITUD": -101.8346528,
        "LLSOURCE": "1",
        "WHISTBAN": "0",
        "RRCONT": "8173521549",
        "POLCONT": "8008325452",
        "INV_LINK": "https://safetydata.fra.dot.gov/OfficeofSafety/PublicSite/Crossing/Crossing.aspx?phasetype=C&rpttype=I&txtcrossingnum=014689A",
        "ACC_LINK": "https://safetydata.fra.dot.gov/OfficeofSafety/PublicSite/Crossing/Crossing.aspx?phasetype=C&rpttype=A&txtcrossingnum=014689A",
        "TTSTNNAM": "AMARILLO YARD",
        "XPURPOSE": "1",
        "OPERATINGR": "BNSF",
        "OPERATIN_1": "Primary",
        "DAYTHRU": 7,
        "NGHTTHRU": 6,
        "MAINTRK": 1,
        "SIDINGTRK": 0,
        "YARDTRK": 0,
        "TRANSITTRK": 0,
        "INDUSTRYTR": 0,
        "OTHRTRK": 0,
        "WDCODE": "",
        "REVISIONDA": "1996/01/01 00:00:00",
        "LASTUPDATE": "12/16/2025",
        "AADT": "7853",
        "AADTYEAR": "2020",
        "STATENAME": "TEXAS",
        "STATEAB": "TX",
        "COUNTYNAME": "POTTER",
        "CITYNAME": "AMARILLO",
        "LATDD": 35.185106,
        "LONGDD": -101.8346528,
        "gridlyProductionCertified": true,
        "gridlyClassification": "PUBLIC_ROADWAY",
        "gridlyDisplayName": "southeast twenty seventh avenue",
        "gridlyId": "FRA-014689A"
      }
    },
    {
      "type": "Feature",
      "id": 213773,
      "geometry": {
        "type": "Point",
        "coordinates": [
          -101.724469800434,
          35.1985745999115
        ]
      },
      "properties": {
        "OBJECTID": 213773,
        "CROSSING": "275214C",
        "EFFDATE": 1765929600000,
        "REASON": "14",
        "StateCode": "48",
        "CountyCode": "48375",
        "STCYFIPS": "48375",
        "CITYCD": "483750150",
        "RAILROAD": "BNSF",
        "RRDIV": "KANSAS",
        "RRSUBDIV": "RED RIVER VALLEY",
        "HIGHWAY": "Ssp0468",
        "STREET": "sp0468 / AIRPORT BouLeVarD",
        "TTSTN": "672678",
        "MILEPOST": "0329.576",
        "TYPEXING": "Public",
        "POSXING": "RR Under",
        "PRVCAT": "14",
        "INIT": "2",
        "LATITUDE": 35.1985746,
        "LONGITUD": -101.7244698,
        "LLSOURCE": "1",
        "WHISTBAN": "0",
        "RRCONT": "8173521549",
        "POLCONT": "8008325452",
        "INV_LINK": "https://safetydata.fra.dot.gov/OfficeofSafety/PublicSite/Crossing/Crossing.aspx?phasetype=C&rpttype=I&txtcrossingnum=275214C",
        "ACC_LINK": "https://safetydata.fra.dot.gov/OfficeofSafety/PublicSite/Crossing/Crossing.aspx?phasetype=C&rpttype=A&txtcrossingnum=275214C",
        "TTSTNNAM": "PULLMAN",
        "XPURPOSE": "1",
        "OPERATINGR": "BNSF",
        "OPERATIN_1": "Primary",
        "DAYTHRU": 1,
        "NGHTTHRU": 1,
        "MAINTRK": 1,
        "SIDINGTRK": 0,
        "YARDTRK": 0,
        "TRANSITTRK": 0,
        "INDUSTRYTR": 0,
        "OTHRTRK": 0,
        "WDCODE": "",
        "REVISIONDA": "1996/01/01 00:00:00",
        "LASTUPDATE": "12/17/2025",
        "AADT": "6897",
        "AADTYEAR": "2024",
        "STATENAME": "TEXAS",
        "STATEAB": "TX",
        "COUNTYNAME": "POTTER",
        "CITYNAME": "AMARILLO",
        "LATDD": 35.1985746,
        "LONGDD": -101.7244698,
        "gridlyProductionCertified": true,
        "gridlyClassification": "PUBLIC_ROADWAY",
        "gridlyDisplayName": "sp0468 / AIRPORT BouLeVarD",
        "gridlyId": "FRA-275214C"
      }
    },
    {
      "type": "Feature",
      "id": 213774,
      "geometry": {
        "type": "Point",
        "coordinates": [
          -101.788415700197,
          35.2219706997906
        ]
      },
      "properties": {
        "OBJECTID": 213774,
        "CROSSING": "017009M",
        "EFFDATE": 1765929600000,
        "REASON": "14",
        "StateCode": "48",
        "CountyCode": "48375",
        "STCYFIPS": "48375",
        "CITYCD": "483750150",
        "RAILROAD": "BNSF",
        "RRDIV": "KANSAS",
        "RRSUBDIV": "BOISE CITY",
        "HIGHWAY": "US0060",
        "STREET": "us0060 / east AMARILLO BouLeVarD",
        "TTSTN": "672700",
        "MILEPOST": "0001.110",
        "TYPEXING": "Public",
        "POSXING": "RR Under",
        "PRVCAT": "14",
        "INIT": "2",
        "LATITUDE": 35.2219707,
        "LONGITUD": -101.7884157,
        "LLSOURCE": "1",
        "WHISTBAN": "0",
        "RRCONT": "8173521549",
        "POLCONT": "8008325452",
        "INV_LINK": "https://safetydata.fra.dot.gov/OfficeofSafety/PublicSite/Crossing/Crossing.aspx?phasetype=C&rpttype=I&txtcrossingnum=017009M",
        "ACC_LINK": "https://safetydata.fra.dot.gov/OfficeofSafety/PublicSite/Crossing/Crossing.aspx?phasetype=C&rpttype=A&txtcrossingnum=017009M",
        "TTSTNNAM": "AMARILLO YARD",
        "XPURPOSE": "1",
        "OPERATINGR": "BNSF",
        "OPERATIN_1": "Primary",
        "DAYTHRU": 5,
        "NGHTTHRU": 5,
        "MAINTRK": 1,
        "SIDINGTRK": 0,
        "YARDTRK": 0,
        "TRANSITTRK": 0,
        "INDUSTRYTR": 0,
        "OTHRTRK": 0,
        "WDCODE": "",
        "REVISIONDA": "1996/01/01 00:00:00",
        "LASTUPDATE": "12/17/2025",
        "AADT": "12740",
        "AADTYEAR": "2024",
        "STATENAME": "TEXAS",
        "STATEAB": "TX",
        "COUNTYNAME": "POTTER",
        "CITYNAME": "AMARILLO",
        "LATDD": 35.2219707,
        "LONGDD": -101.7884157,
        "gridlyProductionCertified": true,
        "gridlyClassification": "PUBLIC_ROADWAY",
        "gridlyDisplayName": "us0060 / east AMARILLO BouLeVarD",
        "gridlyId": "FRA-017009M"
      }
    },
    {
      "type": "Feature",
      "id": 213775,
      "geometry": {
        "type": "Point",
        "coordinates": [
          -101.834494600338,
          35.2137176998197
        ]
      },
      "properties": {
        "OBJECTID": 213775,
        "CROSSING": "276520X",
        "EFFDATE": 1765929600000,
        "REASON": "14",
        "StateCode": "48",
        "CountyCode": "48375",
        "STCYFIPS": "48375",
        "CITYCD": "483750150",
        "RAILROAD": "BNSF",
        "RRDIV": "KANSAS",
        "RRSUBDIV": "DALHART",
        "HIGHWAY": "us0060",
        "STREET": "us0060 / us0287 / North TAYLOR street",
        "TTSTN": "672700",
        "MILEPOST": "0335.880",
        "TYPEXING": "Public",
        "POSXING": "RR Under",
        "PRVCAT": "14",
        "INIT": "2",
        "LATITUDE": 35.2137177,
        "LONGITUD": -101.8344946,
        "LLSOURCE": "1",
        "WHISTBAN": "0",
        "RRCONT": "8173521549",
        "POLCONT": "8008325452",
        "INV_LINK": "https://safetydata.fra.dot.gov/OfficeofSafety/PublicSite/Crossing/Crossing.aspx?phasetype=C&rpttype=I&txtcrossingnum=276520X",
        "ACC_LINK": "https://safetydata.fra.dot.gov/OfficeofSafety/PublicSite/Crossing/Crossing.aspx?phasetype=C&rpttype=A&txtcrossingnum=276520X",
        "TTSTNNAM": "AMARILLO YARD",
        "XPURPOSE": "1",
        "OPERATINGR": "BNSF",
        "OPERATIN_1": "Primary",
        "DAYTHRU": 4,
        "NGHTTHRU": 3,
        "MAINTRK": 1,
        "SIDINGTRK": 0,
        "YARDTRK": 0,
        "TRANSITTRK": 0,
        "INDUSTRYTR": 0,
        "OTHRTRK": 0,
        "WDCODE": "",
        "REVISIONDA": "1996/01/01 00:00:00",
        "LASTUPDATE": "12/17/2025",
        "AADT": "34717",
        "AADTYEAR": "2024",
        "STATENAME": "TEXAS",
        "STATEAB": "TX",
        "COUNTYNAME": "POTTER",
        "CITYNAME": "AMARILLO",
        "LATDD": 35.2137177,
        "LONGDD": -101.8344946,
        "gridlyProductionCertified": true,
        "gridlyClassification": "PUBLIC_ROADWAY",
        "gridlyDisplayName": "us0060 / us0287 / North TAYLOR street",
        "gridlyId": "FRA-276520X"
      }
    },
    {
      "type": "Feature",
      "id": 213777,
      "geometry": {
        "type": "Point",
        "coordinates": [
          -101.846940100134,
          35.2129418002534
        ]
      },
      "properties": {
        "OBJECTID": 213777,
        "CROSSING": "089376T",
        "EFFDATE": 1765929600000,
        "REASON": "14",
        "StateCode": "48",
        "CountyCode": "48375",
        "STCYFIPS": "48375",
        "CITYCD": "483750150",
        "RAILROAD": "BNSF",
        "RRDIV": "KANSAS",
        "RRSUBDIV": "AMARILLO-BUSHLAND",
        "HIGHWAY": "ls0000",
        "STREET": "ADAMS street / HUGHES street",
        "TTSTN": "672700",
        "MILEPOST": "0761.335",
        "TYPEXING": "Public",
        "POSXING": "RR Over",
        "PRVCAT": "14",
        "INIT": "2",
        "LATITUDE": 35.2129418,
        "LONGITUD": -101.8469401,
        "LLSOURCE": "1",
        "WHISTBAN": "0",
        "RRCONT": "8173521549",
        "POLCONT": "8008325452",
        "INV_LINK": "https://safetydata.fra.dot.gov/OfficeofSafety/PublicSite/Crossing/Crossing.aspx?phasetype=C&rpttype=I&txtcrossingnum=089376T",
        "ACC_LINK": "https://safetydata.fra.dot.gov/OfficeofSafety/PublicSite/Crossing/Crossing.aspx?phasetype=C&rpttype=A&txtcrossingnum=089376T",
        "TTSTNNAM": "AMARILLO YARD",
        "XPURPOSE": "1",
        "OPERATINGR": "BNSF",
        "OPERATIN_1": "Primary",
        "DAYTHRU": 0,
        "NGHTTHRU": 0,
        "MAINTRK": 1,
        "SIDINGTRK": 0,
        "YARDTRK": 0,
        "TRANSITTRK": 0,
        "INDUSTRYTR": 0,
        "OTHRTRK": 0,
        "WDCODE": "",
        "REVISIONDA": "1996/01/01 00:00:00",
        "LASTUPDATE": "12/17/2025",
        "AADT": "6986",
        "AADTYEAR": "2020",
        "STATENAME": "TEXAS",
        "STATEAB": "TX",
        "COUNTYNAME": "POTTER",
        "CITYNAME": "AMARILLO",
        "LATDD": 35.2129418,
        "LONGDD": -101.8469401,
        "gridlyProductionCertified": true,
        "gridlyClassification": "PUBLIC_ROADWAY",
        "gridlyDisplayName": "ADAMS street / HUGHES street",
        "gridlyId": "FRA-089376T"
      }
    },
    {
      "type": "Feature",
      "id": 213778,
      "geometry": {
        "type": "Point",
        "coordinates": [
          -101.848509400342,
          35.2123958001024
        ]
      },
      "properties": {
        "OBJECTID": 213778,
        "CROSSING": "602210D",
        "EFFDATE": 1765929600000,
        "REASON": "14",
        "StateCode": "48",
        "CountyCode": "48375",
        "STCYFIPS": "48375",
        "CITYCD": "483750150",
        "RAILROAD": "BNSF",
        "RRDIV": "KANSAS",
        "RRSUBDIV": "AMARILLO-BUSHLAND",
        "HIGHWAY": "ls0000",
        "STREET": "third street",
        "TTSTN": "672700",
        "MILEPOST": "0761.475",
        "TYPEXING": "Public",
        "POSXING": "RR Over",
        "PRVCAT": "14",
        "INIT": "2",
        "LATITUDE": 35.2123958,
        "LONGITUD": -101.8485094,
        "LLSOURCE": "1",
        "WHISTBAN": "0",
        "RRCONT": "8173521549",
        "POLCONT": "8008325452",
        "INV_LINK": "https://safetydata.fra.dot.gov/OfficeofSafety/PublicSite/Crossing/Crossing.aspx?phasetype=C&rpttype=I&txtcrossingnum=602210D",
        "ACC_LINK": "https://safetydata.fra.dot.gov/OfficeofSafety/PublicSite/Crossing/Crossing.aspx?phasetype=C&rpttype=A&txtcrossingnum=602210D",
        "TTSTNNAM": "AMARILLO",
        "XPURPOSE": "1",
        "OPERATINGR": "BNSF",
        "OPERATIN_1": "Primary",
        "DAYTHRU": 0,
        "NGHTTHRU": 0,
        "MAINTRK": 1,
        "SIDINGTRK": 0,
        "YARDTRK": 0,
        "TRANSITTRK": 0,
        "INDUSTRYTR": 0,
        "OTHRTRK": 0,
        "WDCODE": "",
        "REVISIONDA": "1996/01/01 00:00:00",
        "LASTUPDATE": "12/17/2025",
        "AADT": "8924",
        "AADTYEAR": "2024",
        "STATENAME": "TEXAS",
        "STATEAB": "TX",
        "COUNTYNAME": "POTTER",
        "CITYNAME": "AMARILLO",
        "LATDD": 35.2123958,
        "LONGDD": -101.8485094,
        "gridlyProductionCertified": true,
        "gridlyClassification": "PUBLIC_ROADWAY",
        "gridlyDisplayName": "third street",
        "gridlyId": "FRA-602210D"
      }
    },
    {
      "type": "Feature",
      "id": 213779,
      "geometry": {
        "type": "Point",
        "coordinates": [
          -101.830782599887,
          35.2131113996528
        ]
      },
      "properties": {
        "OBJECTID": 213779,
        "CROSSING": "276517P",
        "EFFDATE": 1765929600000,
        "REASON": "14",
        "StateCode": "48",
        "CountyCode": "48375",
        "STCYFIPS": "48375",
        "CITYCD": "483750150",
        "RAILROAD": "BNSF",
        "RRDIV": "KANSAS",
        "RRSUBDIV": "DALHART",
        "HIGHWAY": "us0060",
        "STREET": "us0060 / us0287 / north BUCHANAN street",
        "TTSTN": "672700",
        "MILEPOST": "0335.634",
        "TYPEXING": "Public",
        "POSXING": "RR Over",
        "PRVCAT": "14",
        "INIT": "2",
        "LATITUDE": 35.2131114,
        "LONGITUD": -101.8307826,
        "LLSOURCE": "1",
        "WHISTBAN": "0",
        "RRCONT": "8173521549",
        "POLCONT": "8008325452",
        "INV_LINK": "https://safetydata.fra.dot.gov/OfficeofSafety/PublicSite/Crossing/Crossing.aspx?phasetype=C&rpttype=I&txtcrossingnum=276517P",
        "ACC_LINK": "https://safetydata.fra.dot.gov/OfficeofSafety/PublicSite/Crossing/Crossing.aspx?phasetype=C&rpttype=A&txtcrossingnum=276517P",
        "TTSTNNAM": "AMARILLO YARD",
        "XPURPOSE": "1",
        "OPERATINGR": "BNSF",
        "OPERATIN_1": "Primary",
        "DAYTHRU": 4,
        "NGHTTHRU": 3,
        "MAINTRK": 1,
        "SIDINGTRK": 0,
        "YARDTRK": 0,
        "TRANSITTRK": 0,
        "INDUSTRYTR": 0,
        "OTHRTRK": 0,
        "WDCODE": "",
        "REVISIONDA": "1996/01/01 00:00:00",
        "LASTUPDATE": "12/17/2025",
        "AADT": "34717",
        "AADTYEAR": "2024",
        "STATENAME": "TEXAS",
        "STATEAB": "TX",
        "COUNTYNAME": "POTTER",
        "CITYNAME": "AMARILLO",
        "LATDD": 35.2131114,
        "LONGDD": -101.8307826,
        "gridlyProductionCertified": true,
        "gridlyClassification": "PUBLIC_ROADWAY",
        "gridlyDisplayName": "us0060 / us0287 / north BUCHANAN street",
        "gridlyId": "FRA-276517P"
      }
    },
    {
      "type": "Feature",
      "id": 213787,
      "geometry": {
        "type": "Point",
        "coordinates": [
          -101.831955699935,
          35.2132918998145
        ]
      },
      "properties": {
        "OBJECTID": 213787,
        "CROSSING": "276519D",
        "EFFDATE": 1765929600000,
        "REASON": "14",
        "StateCode": "48",
        "CountyCode": "48375",
        "STCYFIPS": "48375",
        "CITYCD": "483750150",
        "RAILROAD": "BNSF",
        "RRDIV": "KANSAS",
        "RRSUBDIV": "DALHART",
        "HIGHWAY": "us0060",
        "STREET": "us0060 / us0087 / north PIERCE street",
        "TTSTN": "672700",
        "MILEPOST": "0335.708",
        "TYPEXING": "Public",
        "POSXING": "RR Under",
        "PRVCAT": "14",
        "INIT": "2",
        "LATITUDE": 35.2132919,
        "LONGITUD": -101.8319557,
        "LLSOURCE": "1",
        "WHISTBAN": "0",
        "RRCONT": "8173521549",
        "POLCONT": "8008325452",
        "INV_LINK": "https://safetydata.fra.dot.gov/OfficeofSafety/PublicSite/Crossing/Crossing.aspx?phasetype=C&rpttype=I&txtcrossingnum=276519D",
        "ACC_LINK": "https://safetydata.fra.dot.gov/OfficeofSafety/PublicSite/Crossing/Crossing.aspx?phasetype=C&rpttype=A&txtcrossingnum=276519D",
        "TTSTNNAM": "AMARILLO YARD",
        "XPURPOSE": "1",
        "OPERATINGR": "BNSF",
        "OPERATIN_1": "Primary",
        "DAYTHRU": 4,
        "NGHTTHRU": 3,
        "MAINTRK": 1,
        "SIDINGTRK": 0,
        "YARDTRK": 0,
        "TRANSITTRK": 0,
        "INDUSTRYTR": 0,
        "OTHRTRK": 0,
        "WDCODE": "",
        "REVISIONDA": "1996/01/01 00:00:00",
        "LASTUPDATE": "12/17/2025",
        "AADT": "28000",
        "AADTYEAR": "2024",
        "STATENAME": "TEXAS",
        "STATEAB": "TX",
        "COUNTYNAME": "POTTER",
        "CITYNAME": "AMARILLO",
        "LATDD": 35.2132919,
        "LONGDD": -101.8319557,
        "gridlyProductionCertified": true,
        "gridlyClassification": "PUBLIC_ROADWAY",
        "gridlyDisplayName": "us0060 / us0087 / north PIERCE street",
        "gridlyId": "FRA-276519D"
      }
    },
    {
      "type": "Feature",
      "id": 213788,
      "geometry": {
        "type": "Point",
        "coordinates": [
          -101.74210179988,
          35.2010892002001
        ]
      },
      "properties": {
        "OBJECTID": 213788,
        "CROSSING": "275212N",
        "EFFDATE": 1765929600000,
        "REASON": "14",
        "StateCode": "48",
        "CountyCode": "48375",
        "STCYFIPS": "48375",
        "CITYCD": "483750150",
        "RAILROAD": "BNSF",
        "RRDIV": "KANSAS",
        "RRSUBDIV": "RED RIVER VALLEY",
        "HIGHWAY": "sl0335",
        "STREET": "sl0335 / south LAKESIDE drive",
        "TTSTN": "672678",
        "MILEPOST": "0330.602",
        "TYPEXING": "Public",
        "POSXING": "RR Over",
        "PRVCAT": "14",
        "INIT": "2",
        "LATITUDE": 35.2010892,
        "LONGITUD": -101.7421018,
        "LLSOURCE": "1",
        "WHISTBAN": "0",
        "RRCONT": "8173521549",
        "POLCONT": "8008325452",
        "INV_LINK": "https://safetydata.fra.dot.gov/OfficeofSafety/PublicSite/Crossing/Crossing.aspx?phasetype=C&rpttype=I&txtcrossingnum=275212N",
        "ACC_LINK": "https://safetydata.fra.dot.gov/OfficeofSafety/PublicSite/Crossing/Crossing.aspx?phasetype=C&rpttype=A&txtcrossingnum=275212N",
        "TTSTNNAM": "PULLMAN",
        "XPURPOSE": "1",
        "OPERATINGR": "BNSF",
        "OPERATIN_1": "Primary",
        "DAYTHRU": 6,
        "NGHTTHRU": 6,
        "MAINTRK": 1,
        "SIDINGTRK": 0,
        "YARDTRK": 0,
        "TRANSITTRK": 0,
        "INDUSTRYTR": 0,
        "OTHRTRK": 0,
        "WDCODE": "",
        "REVISIONDA": "1996/01/01 00:00:00",
        "LASTUPDATE": "12/17/2025",
        "AADT": "19196",
        "AADTYEAR": "2024",
        "STATENAME": "TEXAS",
        "STATEAB": "TX",
        "COUNTYNAME": "POTTER",
        "CITYNAME": "AMARILLO",
        "LATDD": 35.2010892,
        "LONGDD": -101.7421018,
        "gridlyProductionCertified": true,
        "gridlyClassification": "PUBLIC_ROADWAY",
        "gridlyDisplayName": "sl0335 / south LAKESIDE drive",
        "gridlyId": "FRA-275212N"
      }
    },
    {
      "type": "Feature",
      "id": 213789,
      "geometry": {
        "type": "Point",
        "coordinates": [
          -101.777717800023,
          35.2113678003457
        ]
      },
      "properties": {
        "OBJECTID": 213789,
        "CROSSING": "602163X",
        "EFFDATE": 1765929600000,
        "REASON": "14",
        "StateCode": "48",
        "CountyCode": "48375",
        "STCYFIPS": "48375",
        "CITYCD": "483750150",
        "RAILROAD": "BNSF",
        "RRDIV": "KANSAS",
        "RRSUBDIV": "RED RIVER VALLEY",
        "HIGHWAY": "ls0000",
        "STREET": "EASTERN STreet",
        "TTSTN": "672700",
        "MILEPOST": "0332.752",
        "TYPEXING": "Public",
        "POSXING": "RR Over",
        "PRVCAT": "14",
        "INIT": "2",
        "LATITUDE": 35.2113678,
        "LONGITUD": -101.7777178,
        "LLSOURCE": "1",
        "WHISTBAN": "0",
        "RRCONT": "8173521549",
        "POLCONT": "8008325452",
        "INV_LINK": "https://safetydata.fra.dot.gov/OfficeofSafety/PublicSite/Crossing/Crossing.aspx?phasetype=C&rpttype=I&txtcrossingnum=602163X",
        "ACC_LINK": "https://safetydata.fra.dot.gov/OfficeofSafety/PublicSite/Crossing/Crossing.aspx?phasetype=C&rpttype=A&txtcrossingnum=602163X",
        "TTSTNNAM": "AMARILLO YARD",
        "XPURPOSE": "1",
        "OPERATINGR": "BNSF",
        "OPERATIN_1": "Primary",
        "DAYTHRU": 3,
        "NGHTTHRU": 2,
        "MAINTRK": 1,
        "SIDINGTRK": 0,
        "YARDTRK": 0,
        "TRANSITTRK": 0,
        "INDUSTRYTR": 0,
        "OTHRTRK": 0,
        "WDCODE": "",
        "REVISIONDA": "1996/01/01 00:00:00",
        "LASTUPDATE": "12/17/2025",
        "AADT": "3593",
        "AADTYEAR": "2020",
        "STATENAME": "TEXAS",
        "STATEAB": "TX",
        "COUNTYNAME": "POTTER",
        "CITYNAME": "AMARILLO",
        "LATDD": 35.2113678,
        "LONGDD": -101.7777178,
        "gridlyProductionCertified": true,
        "gridlyClassification": "PUBLIC_ROADWAY",
        "gridlyDisplayName": "EASTERN STreet",
        "gridlyId": "FRA-602163X"
      }
    },
    {
      "type": "Feature",
      "id": 213790,
      "geometry": {
        "type": "Point",
        "coordinates": [
          -101.833332800198,
          35.2134031002206
        ]
      },
      "properties": {
        "OBJECTID": 213790,
        "CROSSING": "276518W",
        "EFFDATE": 1765929600000,
        "REASON": "14",
        "StateCode": "48",
        "CountyCode": "48375",
        "STCYFIPS": "48375",
        "CITYCD": "483750150",
        "RAILROAD": "BNSF",
        "RRDIV": "KANSAS",
        "RRSUBDIV": "DALHART",
        "HIGHWAY": "us0087",
        "STREET": "us0087 / north FILLMORE street",
        "TTSTN": "672700",
        "MILEPOST": "0335.790",
        "TYPEXING": "Public",
        "POSXING": "RR Over",
        "PRVCAT": "14",
        "INIT": "2",
        "LATITUDE": 35.2134031,
        "LONGITUD": -101.8333328,
        "LLSOURCE": "1",
        "WHISTBAN": "0",
        "RRCONT": "8173521549",
        "POLCONT": "8008325452",
        "INV_LINK": "https://safetydata.fra.dot.gov/OfficeofSafety/PublicSite/Crossing/Crossing.aspx?phasetype=C&rpttype=I&txtcrossingnum=276518W",
        "ACC_LINK": "https://safetydata.fra.dot.gov/OfficeofSafety/PublicSite/Crossing/Crossing.aspx?phasetype=C&rpttype=A&txtcrossingnum=276518W",
        "TTSTNNAM": "AMARILLO YARD",
        "XPURPOSE": "1",
        "OPERATINGR": "BNSF",
        "OPERATIN_1": "Primary",
        "DAYTHRU": 4,
        "NGHTTHRU": 3,
        "MAINTRK": 1,
        "SIDINGTRK": 0,
        "YARDTRK": 0,
        "TRANSITTRK": 0,
        "INDUSTRYTR": 0,
        "OTHRTRK": 0,
        "WDCODE": "",
        "REVISIONDA": "1996/01/01 00:00:00",
        "LASTUPDATE": "12/17/2025",
        "AADT": "22751",
        "AADTYEAR": "2024",
        "STATENAME": "TEXAS",
        "STATEAB": "TX",
        "COUNTYNAME": "POTTER",
        "CITYNAME": "AMARILLO",
        "LATDD": 35.2134031,
        "LONGDD": -101.8333328,
        "gridlyProductionCertified": true,
        "gridlyClassification": "PUBLIC_ROADWAY",
        "gridlyDisplayName": "us0087 / north FILLMORE street",
        "gridlyId": "FRA-276518W"
      }
    },
    {
      "type": "Feature",
      "id": 213794,
      "geometry": {
        "type": "Point",
        "coordinates": [
          -101.795456399848,
          35.2143047996667
        ]
      },
      "properties": {
        "OBJECTID": 213794,
        "CROSSING": "017007Y",
        "EFFDATE": 1765929600000,
        "REASON": "14",
        "StateCode": "48",
        "CountyCode": "48375",
        "STCYFIPS": "48375",
        "CITYCD": "483750150",
        "RAILROAD": "BNSF",
        "RRDIV": "KANSAS",
        "RRSUBDIV": "HEREFORD",
        "HIGHWAY": "sh0458",
        "STREET": "sh0458 / north grant street",
        "TTSTN": "672700",
        "MILEPOST": "0551.226",
        "TYPEXING": "Public",
        "POSXING": "RR Under",
        "PRVCAT": "14",
        "INIT": "2",
        "LATITUDE": 35.2143048,
        "LONGITUD": -101.7954564,
        "LLSOURCE": "1",
        "WHISTBAN": "0",
        "RRCONT": "8173521549",
        "POLCONT": "8008325452",
        "INV_LINK": "https://safetydata.fra.dot.gov/OfficeofSafety/PublicSite/Crossing/Crossing.aspx?phasetype=C&rpttype=I&txtcrossingnum=017007Y",
        "ACC_LINK": "https://safetydata.fra.dot.gov/OfficeofSafety/PublicSite/Crossing/Crossing.aspx?phasetype=C&rpttype=A&txtcrossingnum=017007Y",
        "TTSTNNAM": "AMARILLO YARD",
        "XPURPOSE": "1",
        "OPERATINGR": "BNSF",
        "OPERATIN_1": "Primary",
        "DAYTHRU": 13,
        "NGHTTHRU": 13,
        "MAINTRK": 1,
        "SIDINGTRK": 0,
        "YARDTRK": 0,
        "TRANSITTRK": 0,
        "INDUSTRYTR": 0,
        "OTHRTRK": 1,
        "WDCODE": "",
        "REVISIONDA": "1996/01/01 00:00:00",
        "LASTUPDATE": "12/17/2025",
        "AADT": "15298",
        "AADTYEAR": "2020",
        "STATENAME": "TEXAS",
        "STATEAB": "TX",
        "COUNTYNAME": "POTTER",
        "CITYNAME": "AMARILLO",
        "LATDD": 35.2143048,
        "LONGDD": -101.7954564,
        "gridlyProductionCertified": true,
        "gridlyClassification": "PUBLIC_ROADWAY",
        "gridlyDisplayName": "sh0458 / north grant street",
        "gridlyId": "FRA-017007Y"
      }
    },
    {
      "type": "Feature",
      "id": 213795,
      "geometry": {
        "type": "Point",
        "coordinates": [
          -101.692294900293,
          35.1941084003204
        ]
      },
      "properties": {
        "OBJECTID": 213795,
        "CROSSING": "275217X",
        "EFFDATE": 1765929600000,
        "REASON": "14",
        "StateCode": "48",
        "CountyCode": "48375",
        "STCYFIPS": "48375",
        "CITYCD": "483750150",
        "RAILROAD": "BNSF",
        "RRDIV": "KANSAS",
        "RRSUBDIV": "RED RIVER VALLEY",
        "HIGHWAY": "ih0040",
        "STREET": "Ih0040",
        "TTSTN": "672678",
        "MILEPOST": "0327.702",
        "TYPEXING": "Public",
        "POSXING": "RR Under",
        "PRVCAT": "14",
        "INIT": "2",
        "LATITUDE": 35.1941084,
        "LONGITUD": -101.6922949,
        "LLSOURCE": "1",
        "WHISTBAN": "0",
        "RRCONT": "8173521549",
        "POLCONT": "8008325452",
        "INV_LINK": "https://safetydata.fra.dot.gov/OfficeofSafety/PublicSite/Crossing/Crossing.aspx?phasetype=C&rpttype=I&txtcrossingnum=275217X",
        "ACC_LINK": "https://safetydata.fra.dot.gov/OfficeofSafety/PublicSite/Crossing/Crossing.aspx?phasetype=C&rpttype=A&txtcrossingnum=275217X",
        "TTSTNNAM": "PULLMAN",
        "XPURPOSE": "1",
        "OPERATINGR": "BNSF",
        "OPERATIN_1": "Primary",
        "DAYTHRU": 7,
        "NGHTTHRU": 7,
        "MAINTRK": 1,
        "SIDINGTRK": 0,
        "YARDTRK": 0,
        "TRANSITTRK": 0,
        "INDUSTRYTR": 0,
        "OTHRTRK": 0,
        "WDCODE": "",
        "REVISIONDA": "1996/01/01 00:00:00",
        "LASTUPDATE": "12/17/2025",
        "AADT": "30735",
        "AADTYEAR": "2024",
        "STATENAME": "TEXAS",
        "STATEAB": "TX",
        "COUNTYNAME": "POTTER",
        "CITYNAME": "AMARILLO",
        "LATDD": 35.1941084,
        "LONGDD": -101.6922949,
        "gridlyProductionCertified": true,
        "gridlyClassification": "PUBLIC_ROADWAY",
        "gridlyDisplayName": "Ih0040",
        "gridlyId": "FRA-275217X"
      }
    },
    {
      "type": "Feature",
      "id": 213796,
      "geometry": {
        "type": "Point",
        "coordinates": [
          -101.742113999899,
          35.2008499000656
        ]
      },
      "properties": {
        "OBJECTID": 213796,
        "CROSSING": "602162R",
        "EFFDATE": 1765929600000,
        "REASON": "14",
        "StateCode": "48",
        "CountyCode": "48375",
        "STCYFIPS": "48375",
        "CITYCD": "483750150",
        "RAILROAD": "BNSF",
        "RRDIV": "KANSAS",
        "RRSUBDIV": "RED RIVER VALLEY",
        "HIGHWAY": "sl0335",
        "STREET": "sl0335 / LAKESIDE DRive",
        "TTSTN": "672700",
        "MILEPOST": "0330.603",
        "TYPEXING": "Public",
        "POSXING": "RR Over",
        "PRVCAT": "14",
        "INIT": "2",
        "LATITUDE": 35.2008499,
        "LONGITUD": -101.742114,
        "LLSOURCE": "1",
        "WHISTBAN": "0",
        "RRCONT": "8173521549",
        "POLCONT": "8008325452",
        "INV_LINK": "https://safetydata.fra.dot.gov/OfficeofSafety/PublicSite/Crossing/Crossing.aspx?phasetype=C&rpttype=I&txtcrossingnum=602162R",
        "ACC_LINK": "https://safetydata.fra.dot.gov/OfficeofSafety/PublicSite/Crossing/Crossing.aspx?phasetype=C&rpttype=A&txtcrossingnum=602162R",
        "TTSTNNAM": "AMARILLO YARD",
        "XPURPOSE": "1",
        "OPERATINGR": "BNSF",
        "OPERATIN_1": "Primary",
        "DAYTHRU": 1,
        "NGHTTHRU": 1,
        "MAINTRK": 1,
        "SIDINGTRK": 0,
        "YARDTRK": 0,
        "TRANSITTRK": 0,
        "INDUSTRYTR": 0,
        "OTHRTRK": 0,
        "WDCODE": "",
        "REVISIONDA": "1996/01/01 00:00:00",
        "LASTUPDATE": "12/17/2025",
        "AADT": "19196",
        "AADTYEAR": "2024",
        "STATENAME": "TEXAS",
        "STATEAB": "TX",
        "COUNTYNAME": "POTTER",
        "CITYNAME": "AMARILLO",
        "LATDD": 35.2008499,
        "LONGDD": -101.742114,
        "gridlyProductionCertified": true,
        "gridlyClassification": "PUBLIC_ROADWAY",
        "gridlyDisplayName": "sl0335 / LAKESIDE DRive",
        "gridlyId": "FRA-602162R"
      }
    },
    {
      "type": "Feature",
      "id": 213815,
      "geometry": {
        "type": "Point",
        "coordinates": [
          -101.828028800011,
          35.2022505998369
        ]
      },
      "properties": {
        "OBJECTID": 213815,
        "CROSSING": "014671P",
        "EFFDATE": 1765843200000,
        "REASON": "14",
        "StateCode": "48",
        "CountyCode": "48375",
        "STCYFIPS": "48375",
        "CITYCD": "483750150",
        "RAILROAD": "BNSF",
        "RRDIV": "KANSAS",
        "RRSUBDIV": "HEREFORD",
        "HIGHWAY": "bu0287",
        "STREET": "bu0287 / southest tenth avenue",
        "TTSTN": "672700",
        "MILEPOST": "0553.498",
        "TYPEXING": "Public",
        "POSXING": "RR Over",
        "PRVCAT": "14",
        "INIT": "2",
        "LATITUDE": 35.2022506,
        "LONGITUD": -101.8280288,
        "LLSOURCE": "1",
        "WHISTBAN": "0",
        "RRCONT": "8173521549",
        "POLCONT": "8008325452",
        "INV_LINK": "https://safetydata.fra.dot.gov/OfficeofSafety/PublicSite/Crossing/Crossing.aspx?phasetype=C&rpttype=I&txtcrossingnum=014671P",
        "ACC_LINK": "https://safetydata.fra.dot.gov/OfficeofSafety/PublicSite/Crossing/Crossing.aspx?phasetype=C&rpttype=A&txtcrossingnum=014671P",
        "TTSTNNAM": "AMARILLO YARD",
        "XPURPOSE": "1",
        "OPERATINGR": "BNSF",
        "OPERATIN_1": "Primary",
        "DAYTHRU": 10,
        "NGHTTHRU": 10,
        "MAINTRK": 1,
        "SIDINGTRK": 0,
        "YARDTRK": 0,
        "TRANSITTRK": 0,
        "INDUSTRYTR": 0,
        "OTHRTRK": 0,
        "WDCODE": "",
        "REVISIONDA": "1996/01/01 00:00:00",
        "LASTUPDATE": "12/16/2025",
        "AADT": "8500",
        "AADTYEAR": "2024",
        "STATENAME": "TEXAS",
        "STATEAB": "TX",
        "COUNTYNAME": "POTTER",
        "CITYNAME": "AMARILLO",
        "LATDD": 35.2022506,
        "LONGDD": -101.8280288,
        "gridlyProductionCertified": true,
        "gridlyClassification": "PUBLIC_ROADWAY",
        "gridlyDisplayName": "bu0287 / southest tenth avenue",
        "gridlyId": "FRA-014671P"
      }
    },
    {
      "type": "Feature",
      "id": 213831,
      "geometry": {
        "type": "Point",
        "coordinates": [
          -101.83358339962,
          35.3902924002765
        ]
      },
      "properties": {
        "OBJECTID": 213831,
        "CROSSING": "017020M",
        "EFFDATE": 1768521600000,
        "REASON": "14",
        "StateCode": "48",
        "CountyCode": "48375",
        "STCYFIPS": "48375",
        "CITYCD": "483750150",
        "RAILROAD": "BNSF",
        "RRDIV": "KANSAS",
        "RRSUBDIV": "BOISE CITY",
        "HIGHWAY": "US0087",
        "STREET": "US0087 / US0287",
        "TTSTN": "672658",
        "MILEPOST": "0013.810",
        "TYPEXING": "Public",
        "POSXING": "RR Under",
        "PRVCAT": "14",
        "INIT": "2",
        "LATITUDE": 35.3902924,
        "LONGITUD": -101.8335834,
        "LLSOURCE": "1",
        "WHISTBAN": "0",
        "RRCONT": "8173521549",
        "POLCONT": "8008325452",
        "INV_LINK": "https://safetydata.fra.dot.gov/OfficeofSafety/PublicSite/Crossing/Crossing.aspx?phasetype=C&rpttype=I&txtcrossingnum=017020M",
        "ACC_LINK": "https://safetydata.fra.dot.gov/OfficeofSafety/PublicSite/Crossing/Crossing.aspx?phasetype=C&rpttype=A&txtcrossingnum=017020M",
        "TTSTNNAM": "JUILLIARD",
        "XPURPOSE": "1",
        "OPERATINGR": "BNSF",
        "OPERATIN_1": "Primary",
        "DAYTHRU": 6,
        "NGHTTHRU": 6,
        "MAINTRK": 1,
        "SIDINGTRK": 0,
        "YARDTRK": 0,
        "TRANSITTRK": 0,
        "INDUSTRYTR": 0,
        "OTHRTRK": 0,
        "WDCODE": "",
        "REVISIONDA": "1996/01/01 00:00:00",
        "LASTUPDATE": "1/16/2026",
        "AADT": "13346",
        "AADTYEAR": "2024",
        "STATENAME": "TEXAS",
        "STATEAB": "TX",
        "COUNTYNAME": "POTTER",
        "CITYNAME": "AMARILLO",
        "LATDD": 35.3902924,
        "LONGDD": -101.8335834,
        "gridlyProductionCertified": true,
        "gridlyClassification": "PUBLIC_ROADWAY",
        "gridlyDisplayName": "US0087 / US0287",
        "gridlyId": "FRA-017020M"
      }
    },
    {
      "type": "Feature",
      "id": 213832,
      "geometry": {
        "type": "Point",
        "coordinates": [
          -101.832747699606,
          35.3894719998559
        ]
      },
      "properties": {
        "OBJECTID": 213832,
        "CROSSING": "017019T",
        "EFFDATE": 1768521600000,
        "REASON": "14",
        "StateCode": "48",
        "CountyCode": "48375",
        "STCYFIPS": "48375",
        "CITYCD": "483750150",
        "RAILROAD": "BNSF",
        "RRDIV": "KANSAS",
        "RRSUBDIV": "BOISE CITY",
        "HIGHWAY": "us0087",
        "STREET": "US0087 / us0287",
        "TTSTN": "672658",
        "MILEPOST": "0013.720",
        "TYPEXING": "Public",
        "POSXING": "RR Over",
        "PRVCAT": "14",
        "INIT": "2",
        "LATITUDE": 35.389472,
        "LONGITUD": -101.8327477,
        "LLSOURCE": "1",
        "WHISTBAN": "0",
        "RRCONT": "8173521549",
        "POLCONT": "8008325452",
        "INV_LINK": "https://safetydata.fra.dot.gov/OfficeofSafety/PublicSite/Crossing/Crossing.aspx?phasetype=C&rpttype=I&txtcrossingnum=017019T",
        "ACC_LINK": "https://safetydata.fra.dot.gov/OfficeofSafety/PublicSite/Crossing/Crossing.aspx?phasetype=C&rpttype=A&txtcrossingnum=017019T",
        "TTSTNNAM": "JUILLIARD",
        "XPURPOSE": "1",
        "OPERATINGR": "BNSF",
        "OPERATIN_1": "Primary",
        "DAYTHRU": 5,
        "NGHTTHRU": 4,
        "MAINTRK": 1,
        "SIDINGTRK": 0,
        "YARDTRK": 0,
        "TRANSITTRK": 0,
        "INDUSTRYTR": 0,
        "OTHRTRK": 0,
        "WDCODE": "",
        "REVISIONDA": "1996/01/01 00:00:00",
        "LASTUPDATE": "1/16/2026",
        "AADT": "13346",
        "AADTYEAR": "2024",
        "STATENAME": "TEXAS",
        "STATEAB": "TX",
        "COUNTYNAME": "POTTER",
        "CITYNAME": "AMARILLO",
        "LATDD": 35.389472,
        "LONGDD": -101.8327477,
        "gridlyProductionCertified": true,
        "gridlyClassification": "PUBLIC_ROADWAY",
        "gridlyDisplayName": "US0087 / us0287",
        "gridlyId": "FRA-017019T"
      }
    },
    {
      "type": "Feature",
      "id": 213833,
      "geometry": {
        "type": "Point",
        "coordinates": [
          -101.927069800122,
          35.5342964002209
        ]
      },
      "properties": {
        "OBJECTID": 213833,
        "CROSSING": "017030T",
        "EFFDATE": 1768521600000,
        "REASON": "14",
        "StateCode": "48",
        "CountyCode": "48375",
        "STCYFIPS": "48375",
        "CITYCD": "483750150",
        "RAILROAD": "BNSF",
        "RRDIV": "KANSAS",
        "RRSUBDIV": "BOISE CITY",
        "HIGHWAY": "us0087",
        "STREET": "US0087 / us0287",
        "TTSTN": "672620",
        "MILEPOST": "0026.460",
        "TYPEXING": "Public",
        "POSXING": "RR Over",
        "PRVCAT": "14",
        "INIT": "2",
        "LATITUDE": 35.5342964,
        "LONGITUD": -101.9270698,
        "LLSOURCE": "1",
        "WHISTBAN": "0",
        "RRCONT": "8173521549",
        "POLCONT": "8008325452",
        "INV_LINK": "https://safetydata.fra.dot.gov/OfficeofSafety/PublicSite/Crossing/Crossing.aspx?phasetype=C&rpttype=I&txtcrossingnum=017030T",
        "ACC_LINK": "https://safetydata.fra.dot.gov/OfficeofSafety/PublicSite/Crossing/Crossing.aspx?phasetype=C&rpttype=A&txtcrossingnum=017030T",
        "TTSTNNAM": "MARSH",
        "XPURPOSE": "1",
        "OPERATINGR": "BNSF",
        "OPERATIN_1": "Primary",
        "DAYTHRU": 6,
        "NGHTTHRU": 6,
        "MAINTRK": 1,
        "SIDINGTRK": 0,
        "YARDTRK": 0,
        "TRANSITTRK": 0,
        "INDUSTRYTR": 0,
        "OTHRTRK": 0,
        "WDCODE": "",
        "REVISIONDA": "1996/01/01 00:00:00",
        "LASTUPDATE": "1/16/2026",
        "AADT": "12998",
        "AADTYEAR": "2024",
        "STATENAME": "TEXAS",
        "STATEAB": "TX",
        "COUNTYNAME": "POTTER",
        "CITYNAME": "AMARILLO",
        "LATDD": 35.5342964,
        "LONGDD": -101.9270698,
        "gridlyProductionCertified": true,
        "gridlyClassification": "PUBLIC_ROADWAY",
        "gridlyDisplayName": "US0087 / us0287",
        "gridlyId": "FRA-017030T"
      }
    },
    {
      "type": "Feature",
      "id": 213834,
      "geometry": {
        "type": "Point",
        "coordinates": [
          -101.798853999831,
          35.2652675001211
        ]
      },
      "properties": {
        "OBJECTID": 213834,
        "CROSSING": "017011N",
        "EFFDATE": 1768521600000,
        "REASON": "14",
        "StateCode": "48",
        "CountyCode": "48375",
        "STCYFIPS": "48375",
        "CITYCD": "483750150",
        "RAILROAD": "BNSF",
        "RRDIV": "KANSAS",
        "RRSUBDIV": "BOISE CITY",
        "HIGHWAY": "LP0335",
        "STREET": "LP0335 / SAINT FRANCIS STREET",
        "TTSTN": "672658",
        "MILEPOST": "0004.520",
        "TYPEXING": "Public",
        "POSXING": "RR Over",
        "PRVCAT": "14",
        "INIT": "2",
        "LATITUDE": 35.2652675,
        "LONGITUD": -101.798854,
        "LLSOURCE": "1",
        "WHISTBAN": "0",
        "RRCONT": "8173521549",
        "POLCONT": "8008325452",
        "INV_LINK": "https://safetydata.fra.dot.gov/OfficeofSafety/PublicSite/Crossing/Crossing.aspx?phasetype=C&rpttype=I&txtcrossingnum=017011N",
        "ACC_LINK": "https://safetydata.fra.dot.gov/OfficeofSafety/PublicSite/Crossing/Crossing.aspx?phasetype=C&rpttype=A&txtcrossingnum=017011N",
        "TTSTNNAM": "JUILLIARD",
        "XPURPOSE": "1",
        "OPERATINGR": "BNSF",
        "OPERATIN_1": "Primary",
        "DAYTHRU": 5,
        "NGHTTHRU": 4,
        "MAINTRK": 1,
        "SIDINGTRK": 0,
        "YARDTRK": 0,
        "TRANSITTRK": 0,
        "INDUSTRYTR": 0,
        "OTHRTRK": 0,
        "WDCODE": "",
        "REVISIONDA": "1996/01/01 00:00:00",
        "LASTUPDATE": "1/16/2026",
        "AADT": "9433",
        "AADTYEAR": "2024",
        "STATENAME": "TEXAS",
        "STATEAB": "TX",
        "COUNTYNAME": "POTTER",
        "CITYNAME": "AMARILLO",
        "LATDD": 35.2652675,
        "LONGDD": -101.798854,
        "gridlyProductionCertified": true,
        "gridlyClassification": "PUBLIC_ROADWAY",
        "gridlyDisplayName": "LP0335 / SAINT FRANCIS STREET",
        "gridlyId": "FRA-017011N"
      }
    },
    {
      "type": "Feature",
      "id": 213835,
      "geometry": {
        "type": "Point",
        "coordinates": [
          -101.763918399854,
          35.2652642002691
        ]
      },
      "properties": {
        "OBJECTID": 213835,
        "CROSSING": "017143Y",
        "EFFDATE": 1768521600000,
        "REASON": "14",
        "StateCode": "48",
        "CountyCode": "48375",
        "STCYFIPS": "48375",
        "CITYCD": "483750150",
        "RAILROAD": "BNSF",
        "RRDIV": "KANSAS",
        "RRSUBDIV": "ASARCO-SWPS SPUR",
        "HIGHWAY": "LP0335",
        "STREET": "LP0335 / SAINT FRANCIS STREET",
        "TTSTN": "672700",
        "MILEPOST": "0002.522",
        "TYPEXING": "Public",
        "POSXING": "RR Over",
        "PRVCAT": "14",
        "INIT": "2",
        "LATITUDE": 35.2652642,
        "LONGITUD": -101.7639184,
        "LLSOURCE": "1",
        "WHISTBAN": "0",
        "RRCONT": "8173521549",
        "POLCONT": "8008325452",
        "INV_LINK": "https://safetydata.fra.dot.gov/OfficeofSafety/PublicSite/Crossing/Crossing.aspx?phasetype=C&rpttype=I&txtcrossingnum=017143Y",
        "ACC_LINK": "https://safetydata.fra.dot.gov/OfficeofSafety/PublicSite/Crossing/Crossing.aspx?phasetype=C&rpttype=A&txtcrossingnum=017143Y",
        "TTSTNNAM": "AMARILLO YARD",
        "XPURPOSE": "1",
        "OPERATINGR": "BNSF",
        "OPERATIN_1": "Primary",
        "DAYTHRU": 0,
        "NGHTTHRU": 0,
        "MAINTRK": 1,
        "SIDINGTRK": 0,
        "YARDTRK": 0,
        "TRANSITTRK": 0,
        "INDUSTRYTR": 0,
        "OTHRTRK": 1,
        "WDCODE": "",
        "REVISIONDA": "1996/01/01 00:00:00",
        "LASTUPDATE": "1/16/2026",
        "AADT": "9350",
        "AADTYEAR": "2024",
        "STATENAME": "TEXAS",
        "STATEAB": "TX",
        "COUNTYNAME": "POTTER",
        "CITYNAME": "AMARILLO",
        "LATDD": 35.2652642,
        "LONGDD": -101.7639184,
        "gridlyProductionCertified": true,
        "gridlyClassification": "PUBLIC_ROADWAY",
        "gridlyDisplayName": "LP0335 / SAINT FRANCIS STREET",
        "gridlyId": "FRA-017143Y"
      }
    },
    {
      "type": "Feature",
      "id": 213972,
      "geometry": {
        "type": "Point",
        "coordinates": [
          -101.803697299923,
          35.2090598997285
        ]
      },
      "properties": {
        "OBJECTID": 213972,
        "CROSSING": "275208Y",
        "EFFDATE": 1767830400000,
        "REASON": "14",
        "StateCode": "48",
        "CountyCode": "48375",
        "STCYFIPS": "48375",
        "CITYCD": "483750150",
        "RAILROAD": "BNSF",
        "RRDIV": "KANSAS",
        "RRSUBDIV": "RED RIVER VALLEY",
        "HIGHWAY": "ls0000",
        "STREET": "south manhatten street",
        "TTSTN": "672700",
        "MILEPOST": "0334.084",
        "TYPEXING": "Public",
        "POSXING": "At Grade",
        "PRVCAT": "14",
        "INIT": "2",
        "LATITUDE": 35.2090599,
        "LONGITUD": -101.8036973,
        "LLSOURCE": "1",
        "WHISTBAN": "0",
        "RRCONT": "8173521549",
        "POLCONT": "8008325452",
        "INV_LINK": "https://safetydata.fra.dot.gov/OfficeofSafety/PublicSite/Crossing/Crossing.aspx?phasetype=C&rpttype=I&txtcrossingnum=275208Y",
        "ACC_LINK": "https://safetydata.fra.dot.gov/OfficeofSafety/PublicSite/Crossing/Crossing.aspx?phasetype=C&rpttype=A&txtcrossingnum=275208Y",
        "TTSTNNAM": "AMARILLO YARD",
        "XPURPOSE": "1",
        "OPERATINGR": "BNSF",
        "OPERATIN_1": "Primary",
        "DAYTHRU": 4,
        "NGHTTHRU": 4,
        "MAINTRK": 1,
        "SIDINGTRK": 0,
        "YARDTRK": 2,
        "TRANSITTRK": 0,
        "INDUSTRYTR": 0,
        "OTHRTRK": 2,
        "WDCODE": "All other Gates",
        "REVISIONDA": "1996/01/01 00:00:00",
        "LASTUPDATE": "1/8/2026",
        "AADT": "378",
        "AADTYEAR": "2020",
        "STATENAME": "TEXAS",
        "STATEAB": "TX",
        "COUNTYNAME": "POTTER",
        "CITYNAME": "AMARILLO",
        "LATDD": 35.2090599,
        "LONGDD": -101.8036973,
        "gridlyProductionCertified": true,
        "gridlyClassification": "PUBLIC_ROADWAY",
        "gridlyDisplayName": "south manhatten street",
        "gridlyId": "FRA-275208Y"
      }
    },
    {
      "type": "Feature",
      "id": 213973,
      "geometry": {
        "type": "Point",
        "coordinates": [
          -101.834595899759,
          35.2138009002559
        ]
      },
      "properties": {
        "OBJECTID": 213973,
        "CROSSING": "602207V",
        "EFFDATE": 1767830400000,
        "REASON": "14",
        "StateCode": "48",
        "CountyCode": "48375",
        "STCYFIPS": "48375",
        "CITYCD": "483750150",
        "RAILROAD": "BNSF",
        "RRDIV": "KANSAS",
        "RRSUBDIV": "AMARILLO YD TX",
        "HIGHWAY": "ST 0000",
        "STREET": "TAYLOR STreet",
        "TTSTN": "672700",
        "MILEPOST": "0335.875",
        "TYPEXING": "Public",
        "POSXING": "At Grade",
        "PRVCAT": "14",
        "INIT": "2",
        "LATITUDE": 35.2138009,
        "LONGITUD": -101.8345959,
        "LLSOURCE": "1",
        "WHISTBAN": "0",
        "RRCONT": "8173521549",
        "POLCONT": "8008325452",
        "INV_LINK": "https://safetydata.fra.dot.gov/OfficeofSafety/PublicSite/Crossing/Crossing.aspx?phasetype=C&rpttype=I&txtcrossingnum=602207V",
        "ACC_LINK": "https://safetydata.fra.dot.gov/OfficeofSafety/PublicSite/Crossing/Crossing.aspx?phasetype=C&rpttype=A&txtcrossingnum=602207V",
        "TTSTNNAM": "AMARILLO YARD",
        "XPURPOSE": "1",
        "OPERATINGR": "BNSF",
        "OPERATIN_1": "Primary",
        "DAYTHRU": 0,
        "NGHTTHRU": 0,
        "MAINTRK": 0,
        "SIDINGTRK": 0,
        "YARDTRK": 2,
        "TRANSITTRK": 0,
        "INDUSTRYTR": 0,
        "OTHRTRK": 2,
        "WDCODE": "Flashing lights",
        "REVISIONDA": "1996/01/01 00:00:00",
        "LASTUPDATE": "1/8/2026",
        "AADT": "25367",
        "AADTYEAR": "2019",
        "STATENAME": "TEXAS",
        "STATEAB": "TX",
        "COUNTYNAME": "POTTER",
        "CITYNAME": "AMARILLO",
        "LATDD": 35.2138009,
        "LONGDD": -101.8345959,
        "gridlyProductionCertified": true,
        "gridlyClassification": "PUBLIC_ROADWAY",
        "gridlyDisplayName": "TAYLOR STreet",
        "gridlyId": "FRA-602207V"
      }
    },
    {
      "type": "Feature",
      "id": 213974,
      "geometry": {
        "type": "Point",
        "coordinates": [
          -101.742426699857,
          35.2797895998633
        ]
      },
      "properties": {
        "OBJECTID": 213974,
        "CROSSING": "017146U",
        "EFFDATE": 1767830400000,
        "REASON": "14",
        "StateCode": "48",
        "CountyCode": "48375",
        "STCYFIPS": "48375",
        "CITYCD": "483750150",
        "RAILROAD": "BNSF",
        "RRDIV": "KANSAS",
        "RRSUBDIV": "ASARCO-SWPS SPUR",
        "HIGHWAY": "Cr0000",
        "STREET": "WILLOW CREEK ROAD",
        "TTSTN": "672700",
        "MILEPOST": "0004.341",
        "TYPEXING": "Public",
        "POSXING": "At Grade",
        "PRVCAT": "14",
        "INIT": "2",
        "LATITUDE": 35.2797896,
        "LONGITUD": -101.7424267,
        "LLSOURCE": "1",
        "WHISTBAN": "0",
        "RRCONT": "8173521549",
        "POLCONT": "8008325452",
        "INV_LINK": "https://safetydata.fra.dot.gov/OfficeofSafety/PublicSite/Crossing/Crossing.aspx?phasetype=C&rpttype=I&txtcrossingnum=017146U",
        "ACC_LINK": "https://safetydata.fra.dot.gov/OfficeofSafety/PublicSite/Crossing/Crossing.aspx?phasetype=C&rpttype=A&txtcrossingnum=017146U",
        "TTSTNNAM": "AMARILLO YARD",
        "XPURPOSE": "1",
        "OPERATINGR": "BNSF",
        "OPERATIN_1": "Primary",
        "DAYTHRU": 0,
        "NGHTTHRU": 0,
        "MAINTRK": 0,
        "SIDINGTRK": 0,
        "YARDTRK": 0,
        "TRANSITTRK": 0,
        "INDUSTRYTR": 1,
        "OTHRTRK": 1,
        "WDCODE": "Flashing lights",
        "REVISIONDA": "1996/01/01 00:00:00",
        "LASTUPDATE": "1/8/2026",
        "AADT": "112",
        "AADTYEAR": "2020",
        "STATENAME": "TEXAS",
        "STATEAB": "TX",
        "COUNTYNAME": "POTTER",
        "CITYNAME": "AMARILLO",
        "LATDD": 35.2797896,
        "LONGDD": -101.7424267,
        "gridlyProductionCertified": true,
        "gridlyClassification": "PUBLIC_ROADWAY",
        "gridlyDisplayName": "WILLOW CREEK ROAD",
        "gridlyId": "FRA-017146U"
      }
    },
    {
      "type": "Feature",
      "id": 213975,
      "geometry": {
        "type": "Point",
        "coordinates": [
          -101.79531130037,
          35.2143392001661
        ]
      },
      "properties": {
        "OBJECTID": 213975,
        "CROSSING": "014638P",
        "EFFDATE": 1767830400000,
        "REASON": "14",
        "StateCode": "48",
        "CountyCode": "48375",
        "STCYFIPS": "48375",
        "CITYCD": "483750150",
        "RAILROAD": "BNSF",
        "RRDIV": "KANSAS",
        "RRSUBDIV": "HEREFORD",
        "HIGHWAY": "ls0000",
        "STREET": "north grand street",
        "TTSTN": "672700",
        "MILEPOST": "0551.220",
        "TYPEXING": "Public",
        "POSXING": "At Grade",
        "PRVCAT": "14",
        "INIT": "2",
        "LATITUDE": 35.2143392,
        "LONGITUD": -101.7953113,
        "LLSOURCE": "1",
        "WHISTBAN": "0",
        "RRCONT": "8173521549",
        "POLCONT": "8008325452",
        "INV_LINK": "https://safetydata.fra.dot.gov/OfficeofSafety/PublicSite/Crossing/Crossing.aspx?phasetype=C&rpttype=I&txtcrossingnum=014638P",
        "ACC_LINK": "https://safetydata.fra.dot.gov/OfficeofSafety/PublicSite/Crossing/Crossing.aspx?phasetype=C&rpttype=A&txtcrossingnum=014638P",
        "TTSTNNAM": "AMARILLO YARD",
        "XPURPOSE": "1",
        "OPERATINGR": "BNSF",
        "OPERATIN_1": "Primary",
        "DAYTHRU": 30,
        "NGHTTHRU": 29,
        "MAINTRK": 2,
        "SIDINGTRK": 0,
        "YARDTRK": 0,
        "TRANSITTRK": 0,
        "INDUSTRYTR": 0,
        "OTHRTRK": 0,
        "WDCODE": "All other Gates",
        "REVISIONDA": "1996/01/01 00:00:00",
        "LASTUPDATE": "1/8/2026",
        "AADT": "15298",
        "AADTYEAR": "2020",
        "STATENAME": "TEXAS",
        "STATEAB": "TX",
        "COUNTYNAME": "POTTER",
        "CITYNAME": "AMARILLO",
        "LATDD": 35.2143392,
        "LONGDD": -101.7953113,
        "gridlyProductionCertified": true,
        "gridlyClassification": "PUBLIC_ROADWAY",
        "gridlyDisplayName": "north grand street",
        "gridlyId": "FRA-014638P"
      }
    },
    {
      "type": "Feature",
      "id": 213976,
      "geometry": {
        "type": "Point",
        "coordinates": [
          -101.788497799926,
          35.2218292997262
        ]
      },
      "properties": {
        "OBJECTID": 213976,
        "CROSSING": "017163K",
        "EFFDATE": 1767830400000,
        "REASON": "14",
        "StateCode": "48",
        "CountyCode": "48375",
        "STCYFIPS": "48375",
        "CITYCD": "483750150",
        "RAILROAD": "BNSF",
        "RRDIV": "KANSAS",
        "RRSUBDIV": "BOISE CITY",
        "HIGHWAY": "US0060",
        "STREET": "us0060 Eastbound FRONTAGE",
        "TTSTN": "672700",
        "MILEPOST": "0001.100",
        "TYPEXING": "Public",
        "POSXING": "At Grade",
        "PRVCAT": "14",
        "INIT": "2",
        "LATITUDE": 35.2218293,
        "LONGITUD": -101.7884978,
        "LLSOURCE": "1",
        "WHISTBAN": "0",
        "RRCONT": "8173521549",
        "POLCONT": "8008325452",
        "INV_LINK": "https://safetydata.fra.dot.gov/OfficeofSafety/PublicSite/Crossing/Crossing.aspx?phasetype=C&rpttype=I&txtcrossingnum=017163K",
        "ACC_LINK": "https://safetydata.fra.dot.gov/OfficeofSafety/PublicSite/Crossing/Crossing.aspx?phasetype=C&rpttype=A&txtcrossingnum=017163K",
        "TTSTNNAM": "AMARILLO YARD",
        "XPURPOSE": "1",
        "OPERATINGR": "BNSF",
        "OPERATIN_1": "Primary",
        "DAYTHRU": 0,
        "NGHTTHRU": 0,
        "MAINTRK": 0,
        "SIDINGTRK": 0,
        "YARDTRK": 0,
        "TRANSITTRK": 0,
        "INDUSTRYTR": 0,
        "OTHRTRK": 0,
        "WDCODE": "All other Gates",
        "REVISIONDA": "1996/01/01 00:00:00",
        "LASTUPDATE": "1/8/2026",
        "AADT": "315",
        "AADTYEAR": "2023",
        "STATENAME": "TEXAS",
        "STATEAB": "TX",
        "COUNTYNAME": "POTTER",
        "CITYNAME": "AMARILLO",
        "LATDD": 35.2218293,
        "LONGDD": -101.7884978,
        "gridlyProductionCertified": true,
        "gridlyClassification": "PUBLIC_ROADWAY",
        "gridlyDisplayName": "us0060 Eastbound FRONTAGE",
        "gridlyId": "FRA-017163K"
      }
    },
    {
      "type": "Feature",
      "id": 213977,
      "geometry": {
        "type": "Point",
        "coordinates": [
          -101.777673199567,
          35.2461689997615
        ]
      },
      "properties": {
        "OBJECTID": 213977,
        "CROSSING": "017142S",
        "EFFDATE": 1767830400000,
        "REASON": "14",
        "StateCode": "48",
        "CountyCode": "48375",
        "STCYFIPS": "48375",
        "CITYCD": "483750150",
        "RAILROAD": "BNSF",
        "RRDIV": "KANSAS",
        "RRSUBDIV": "ASARCO-SWPS SPUR",
        "HIGHWAY": "LS0000",
        "STREET": "North EASTERN STreet",
        "TTSTN": "672700",
        "MILEPOST": "0000.528",
        "TYPEXING": "Public",
        "POSXING": "At Grade",
        "PRVCAT": "14",
        "INIT": "2",
        "LATITUDE": 35.246169,
        "LONGITUD": -101.7776732,
        "LLSOURCE": "1",
        "WHISTBAN": "0",
        "RRCONT": "8173521549",
        "POLCONT": "8008325452",
        "INV_LINK": "https://safetydata.fra.dot.gov/OfficeofSafety/PublicSite/Crossing/Crossing.aspx?phasetype=C&rpttype=I&txtcrossingnum=017142S",
        "ACC_LINK": "https://safetydata.fra.dot.gov/OfficeofSafety/PublicSite/Crossing/Crossing.aspx?phasetype=C&rpttype=A&txtcrossingnum=017142S",
        "TTSTNNAM": "AMARILLO YARD",
        "XPURPOSE": "1",
        "OPERATINGR": "BNSF",
        "OPERATIN_1": "Primary",
        "DAYTHRU": 0,
        "NGHTTHRU": 0,
        "MAINTRK": 0,
        "SIDINGTRK": 0,
        "YARDTRK": 1,
        "TRANSITTRK": 0,
        "INDUSTRYTR": 0,
        "OTHRTRK": 1,
        "WDCODE": "All other Gates",
        "REVISIONDA": "1996/01/01 00:00:00",
        "LASTUPDATE": "1/8/2026",
        "AADT": "1122",
        "AADTYEAR": "2020",
        "STATENAME": "TEXAS",
        "STATEAB": "TX",
        "COUNTYNAME": "POTTER",
        "CITYNAME": "AMARILLO",
        "LATDD": 35.246169,
        "LONGDD": -101.7776732,
        "gridlyProductionCertified": true,
        "gridlyClassification": "PUBLIC_ROADWAY",
        "gridlyDisplayName": "North EASTERN STreet",
        "gridlyId": "FRA-017142S"
      }
    },
    {
      "type": "Feature",
      "id": 213978,
      "geometry": {
        "type": "Point",
        "coordinates": [
          -101.77773400024,
          35.2055667996552
        ]
      },
      "properties": {
        "OBJECTID": 213978,
        "CROSSING": "275211G",
        "EFFDATE": 1767830400000,
        "REASON": "14",
        "StateCode": "48",
        "CountyCode": "48375",
        "STCYFIPS": "48375",
        "CITYCD": "483750150",
        "RAILROAD": "BNSF",
        "RRDIV": "KANSAS",
        "RRSUBDIV": "RED RIVER VALLEY",
        "HIGHWAY": "lS0000",
        "STREET": "EASTERN STreet",
        "TTSTN": "672700",
        "MILEPOST": "0332.621",
        "TYPEXING": "Public",
        "POSXING": "At Grade",
        "PRVCAT": "14",
        "INIT": "2",
        "LATITUDE": 35.2055668,
        "LONGITUD": -101.777734,
        "LLSOURCE": "1",
        "WHISTBAN": "0",
        "RRCONT": "8173521549",
        "POLCONT": "8008325452",
        "INV_LINK": "https://safetydata.fra.dot.gov/OfficeofSafety/PublicSite/Crossing/Crossing.aspx?phasetype=C&rpttype=I&txtcrossingnum=275211G",
        "ACC_LINK": "https://safetydata.fra.dot.gov/OfficeofSafety/PublicSite/Crossing/Crossing.aspx?phasetype=C&rpttype=A&txtcrossingnum=275211G",
        "TTSTNNAM": "AMARILLO YARD",
        "XPURPOSE": "1",
        "OPERATINGR": "BNSF",
        "OPERATIN_1": "Primary",
        "DAYTHRU": 4,
        "NGHTTHRU": 4,
        "MAINTRK": 1,
        "SIDINGTRK": 0,
        "YARDTRK": 1,
        "TRANSITTRK": 0,
        "INDUSTRYTR": 0,
        "OTHRTRK": 1,
        "WDCODE": "All other Gates",
        "REVISIONDA": "1996/01/01 00:00:00",
        "LASTUPDATE": "1/8/2026",
        "AADT": "3593",
        "AADTYEAR": "2020",
        "STATENAME": "TEXAS",
        "STATEAB": "TX",
        "COUNTYNAME": "POTTER",
        "CITYNAME": "AMARILLO",
        "LATDD": 35.2055668,
        "LONGDD": -101.777734,
        "gridlyProductionCertified": true,
        "gridlyClassification": "PUBLIC_ROADWAY",
        "gridlyDisplayName": "EASTERN STreet",
        "gridlyId": "FRA-275211G"
      }
    },
    {
      "type": "Feature",
      "id": 213980,
      "geometry": {
        "type": "Point",
        "coordinates": [
          -101.66460389957,
          35.2482444000859
        ]
      },
      "properties": {
        "OBJECTID": 213980,
        "CROSSING": "014595Y",
        "EFFDATE": 1767830400000,
        "REASON": "14",
        "StateCode": "48",
        "CountyCode": "48375",
        "STCYFIPS": "48375",
        "CITYCD": "483750150",
        "RAILROAD": "BNSF",
        "RRDIV": "KANSAS",
        "RRSUBDIV": "PANHANDLE",
        "HIGHWAY": "us0060",
        "STREET": "us0060",
        "TTSTN": "672672",
        "MILEPOST": "0543.660",
        "TYPEXING": "Public",
        "POSXING": "At Grade",
        "PRVCAT": "14",
        "INIT": "2",
        "LATITUDE": 35.2482444,
        "LONGITUD": -101.6646039,
        "LLSOURCE": "1",
        "WHISTBAN": "0",
        "RRCONT": "8173521549",
        "POLCONT": "8008325452",
        "INV_LINK": "https://safetydata.fra.dot.gov/OfficeofSafety/PublicSite/Crossing/Crossing.aspx?phasetype=C&rpttype=I&txtcrossingnum=014595Y",
        "ACC_LINK": "https://safetydata.fra.dot.gov/OfficeofSafety/PublicSite/Crossing/Crossing.aspx?phasetype=C&rpttype=A&txtcrossingnum=014595Y",
        "TTSTNNAM": "ST FRANCIS",
        "XPURPOSE": "1",
        "OPERATINGR": "BNSF",
        "OPERATIN_1": "Primary",
        "DAYTHRU": 33,
        "NGHTTHRU": 33,
        "MAINTRK": 0,
        "SIDINGTRK": 0,
        "YARDTRK": 0,
        "TRANSITTRK": 0,
        "INDUSTRYTR": 1,
        "OTHRTRK": 1,
        "WDCODE": "Flashing lights",
        "REVISIONDA": "1996/01/01 00:00:00",
        "LASTUPDATE": "1/8/2026",
        "AADT": "10296",
        "AADTYEAR": "2023",
        "STATENAME": "TEXAS",
        "STATEAB": "TX",
        "COUNTYNAME": "POTTER",
        "CITYNAME": "AMARILLO",
        "LATDD": 35.2482444,
        "LONGDD": -101.6646039,
        "gridlyProductionCertified": true,
        "gridlyClassification": "PUBLIC_ROADWAY",
        "gridlyDisplayName": "us0060",
        "gridlyId": "FRA-014595Y"
      }
    },
    {
      "type": "Feature",
      "id": 213981,
      "geometry": {
        "type": "Point",
        "coordinates": [
          -101.837000999694,
          35.2144680000802
        ]
      },
      "properties": {
        "OBJECTID": 213981,
        "CROSSING": "602209J",
        "EFFDATE": 1767830400000,
        "REASON": "14",
        "StateCode": "48",
        "CountyCode": "48375",
        "STCYFIPS": "48375",
        "CITYCD": "483750150",
        "RAILROAD": "BNSF",
        "RRDIV": "KANSAS",
        "RRSUBDIV": "AMARILLO-BUSHLAND",
        "HIGHWAY": "ls0000",
        "STREET": "NOrth TYLER STreet",
        "TTSTN": "672700",
        "MILEPOST": "0760.680",
        "TYPEXING": "Public",
        "POSXING": "At Grade",
        "PRVCAT": "14",
        "INIT": "2",
        "LATITUDE": 35.214468,
        "LONGITUD": -101.837001,
        "LLSOURCE": "1",
        "WHISTBAN": "0",
        "RRCONT": "8173521549",
        "POLCONT": "8008325452",
        "INV_LINK": "https://safetydata.fra.dot.gov/OfficeofSafety/PublicSite/Crossing/Crossing.aspx?phasetype=C&rpttype=I&txtcrossingnum=602209J",
        "ACC_LINK": "https://safetydata.fra.dot.gov/OfficeofSafety/PublicSite/Crossing/Crossing.aspx?phasetype=C&rpttype=A&txtcrossingnum=602209J",
        "TTSTNNAM": "AMARILLO YARD",
        "XPURPOSE": "1",
        "OPERATINGR": "BNSF",
        "OPERATIN_1": "Primary",
        "DAYTHRU": 0,
        "NGHTTHRU": 0,
        "MAINTRK": 0,
        "SIDINGTRK": 0,
        "YARDTRK": 1,
        "TRANSITTRK": 0,
        "INDUSTRYTR": 0,
        "OTHRTRK": 5,
        "WDCODE": "Flashing lights",
        "REVISIONDA": "1996/01/01 00:00:00",
        "LASTUPDATE": "1/8/2026",
        "AADT": "642",
        "AADTYEAR": "2020",
        "STATENAME": "TEXAS",
        "STATEAB": "TX",
        "COUNTYNAME": "POTTER",
        "CITYNAME": "AMARILLO",
        "LATDD": 35.214468,
        "LONGDD": -101.837001,
        "gridlyProductionCertified": true,
        "gridlyClassification": "PUBLIC_ROADWAY",
        "gridlyDisplayName": "NOrth TYLER STreet",
        "gridlyId": "FRA-602209J"
      }
    },
    {
      "type": "Feature",
      "id": 213982,
      "geometry": {
        "type": "Point",
        "coordinates": [
          -101.653774000049,
          35.1889048003575
        ]
      },
      "properties": {
        "OBJECTID": 213982,
        "CROSSING": "275221M",
        "EFFDATE": 1767830400000,
        "REASON": "14",
        "StateCode": "48",
        "CountyCode": "48375",
        "STCYFIPS": "48375",
        "CITYCD": "483750150",
        "RAILROAD": "BNSF",
        "RRDIV": "RED RIVER",
        "RRSUBDIV": "RED RIVER VALLEY",
        "HIGHWAY": "fm1912",
        "STREET": "fm1912",
        "TTSTN": "672678",
        "MILEPOST": "0325.507",
        "TYPEXING": "Public",
        "POSXING": "At Grade",
        "PRVCAT": "14",
        "INIT": "2",
        "LATITUDE": 35.1889048,
        "LONGITUD": -101.653774,
        "LLSOURCE": "1",
        "WHISTBAN": "0",
        "RRCONT": "8173521549",
        "POLCONT": "8008325452",
        "INV_LINK": "https://safetydata.fra.dot.gov/OfficeofSafety/PublicSite/Crossing/Crossing.aspx?phasetype=C&rpttype=I&txtcrossingnum=275221M",
        "ACC_LINK": "https://safetydata.fra.dot.gov/OfficeofSafety/PublicSite/Crossing/Crossing.aspx?phasetype=C&rpttype=A&txtcrossingnum=275221M",
        "TTSTNNAM": "PULLMAN",
        "XPURPOSE": "1",
        "OPERATINGR": "BNSF",
        "OPERATIN_1": "Primary",
        "DAYTHRU": 7,
        "NGHTTHRU": 7,
        "MAINTRK": 1,
        "SIDINGTRK": 0,
        "YARDTRK": 0,
        "TRANSITTRK": 0,
        "INDUSTRYTR": 0,
        "OTHRTRK": 0,
        "WDCODE": "All other Gates",
        "REVISIONDA": "1996/01/01 00:00:00",
        "LASTUPDATE": "1/8/2026",
        "AADT": "320",
        "AADTYEAR": "2020",
        "STATENAME": "TEXAS",
        "STATEAB": "TX",
        "COUNTYNAME": "POTTER",
        "CITYNAME": "AMARILLO",
        "LATDD": 35.1889048,
        "LONGDD": -101.653774,
        "gridlyProductionCertified": true,
        "gridlyClassification": "PUBLIC_ROADWAY",
        "gridlyDisplayName": "fm1912",
        "gridlyId": "FRA-275221M"
      }
    },
    {
      "type": "Feature",
      "id": 213984,
      "geometry": {
        "type": "Point",
        "coordinates": [
          -101.795314599882,
          35.2137832000881
        ]
      },
      "properties": {
        "OBJECTID": 213984,
        "CROSSING": "602166T",
        "EFFDATE": 1767830400000,
        "REASON": "14",
        "StateCode": "48",
        "CountyCode": "48375",
        "STCYFIPS": "48375",
        "CITYCD": "483750150",
        "RAILROAD": "BNSF",
        "RRDIV": "KANSAS",
        "RRSUBDIV": "RED RIVER VALLEY",
        "HIGHWAY": "ls0000",
        "STREET": "north GRAND street",
        "TTSTN": "672700",
        "MILEPOST": "0333.786",
        "TYPEXING": "Public",
        "POSXING": "At Grade",
        "PRVCAT": "14",
        "INIT": "2",
        "LATITUDE": 35.2137832,
        "LONGITUD": -101.7953146,
        "LLSOURCE": "1",
        "WHISTBAN": "0",
        "RRCONT": "8173521549",
        "POLCONT": "8008325452",
        "INV_LINK": "https://safetydata.fra.dot.gov/OfficeofSafety/PublicSite/Crossing/Crossing.aspx?phasetype=C&rpttype=I&txtcrossingnum=602166T",
        "ACC_LINK": "https://safetydata.fra.dot.gov/OfficeofSafety/PublicSite/Crossing/Crossing.aspx?phasetype=C&rpttype=A&txtcrossingnum=602166T",
        "TTSTNNAM": "AMARILLO YARD",
        "XPURPOSE": "1",
        "OPERATINGR": "BNSF",
        "OPERATIN_1": "Primary",
        "DAYTHRU": 1,
        "NGHTTHRU": 1,
        "MAINTRK": 1,
        "SIDINGTRK": 0,
        "YARDTRK": 0,
        "TRANSITTRK": 0,
        "INDUSTRYTR": 0,
        "OTHRTRK": 0,
        "WDCODE": "All other Gates",
        "REVISIONDA": "1996/01/01 00:00:00",
        "LASTUPDATE": "1/8/2026",
        "AADT": "14099",
        "AADTYEAR": "2020",
        "STATENAME": "TEXAS",
        "STATEAB": "TX",
        "COUNTYNAME": "POTTER",
        "CITYNAME": "AMARILLO",
        "LATDD": 35.2137832,
        "LONGDD": -101.7953146,
        "gridlyProductionCertified": true,
        "gridlyClassification": "PUBLIC_ROADWAY",
        "gridlyDisplayName": "north GRAND street",
        "gridlyId": "FRA-602166T"
      }
    },
    {
      "type": "Feature",
      "id": 213985,
      "geometry": {
        "type": "Point",
        "coordinates": [
          -101.777710299988,
          35.2182152002499
        ]
      },
      "properties": {
        "OBJECTID": 213985,
        "CROSSING": "014602G",
        "EFFDATE": 1767830400000,
        "REASON": "14",
        "StateCode": "48",
        "CountyCode": "48375",
        "STCYFIPS": "48375",
        "CITYCD": "483750150",
        "RAILROAD": "BNSF",
        "RRDIV": "KANSAS",
        "RRSUBDIV": "HEREFORD",
        "HIGHWAY": "ls0000",
        "STREET": "north EASTERN STreet",
        "TTSTN": "672700",
        "MILEPOST": "0550.190",
        "TYPEXING": "Public",
        "POSXING": "At Grade",
        "PRVCAT": "14",
        "INIT": "2",
        "LATITUDE": 35.2182152,
        "LONGITUD": -101.7777103,
        "LLSOURCE": "1",
        "WHISTBAN": "0",
        "RRCONT": "8173521549",
        "POLCONT": "8008325452",
        "INV_LINK": "https://safetydata.fra.dot.gov/OfficeofSafety/PublicSite/Crossing/Crossing.aspx?phasetype=C&rpttype=I&txtcrossingnum=014602G",
        "ACC_LINK": "https://safetydata.fra.dot.gov/OfficeofSafety/PublicSite/Crossing/Crossing.aspx?phasetype=C&rpttype=A&txtcrossingnum=014602G",
        "TTSTNNAM": "AMARILLO YARD",
        "XPURPOSE": "1",
        "OPERATINGR": "BNSF",
        "OPERATIN_1": "Primary",
        "DAYTHRU": 28,
        "NGHTTHRU": 27,
        "MAINTRK": 2,
        "SIDINGTRK": 0,
        "YARDTRK": 0,
        "TRANSITTRK": 0,
        "INDUSTRYTR": 0,
        "OTHRTRK": 0,
        "WDCODE": "All other Gates",
        "REVISIONDA": "1996/01/01 00:00:00",
        "LASTUPDATE": "1/8/2026",
        "AADT": "4248",
        "AADTYEAR": "2020",
        "STATENAME": "TEXAS",
        "STATEAB": "TX",
        "COUNTYNAME": "POTTER",
        "CITYNAME": "AMARILLO",
        "LATDD": 35.2182152,
        "LONGDD": -101.7777103,
        "gridlyProductionCertified": true,
        "gridlyClassification": "PUBLIC_ROADWAY",
        "gridlyDisplayName": "north EASTERN STreet",
        "gridlyId": "FRA-014602G"
      }
    },
    {
      "type": "Feature",
      "id": 213986,
      "geometry": {
        "type": "Point",
        "coordinates": [
          -101.803604099712,
          35.2130468001155
        ]
      },
      "properties": {
        "OBJECTID": 213986,
        "CROSSING": "602187L",
        "EFFDATE": 1767830400000,
        "REASON": "14",
        "StateCode": "48",
        "CountyCode": "48375",
        "STCYFIPS": "48375",
        "CITYCD": "483750150",
        "RAILROAD": "BNSF",
        "RRDIV": "KANSAS",
        "RRSUBDIV": "AMARILLO YD, TX",
        "HIGHWAY": "lS0000",
        "STREET": "northeast third avenue",
        "TTSTN": "672700",
        "MILEPOST": "0334.116",
        "TYPEXING": "Public",
        "POSXING": "At Grade",
        "PRVCAT": "14",
        "INIT": "2",
        "LATITUDE": 35.2130468,
        "LONGITUD": -101.8036041,
        "LLSOURCE": "1",
        "WHISTBAN": "0",
        "RRCONT": "8173521549",
        "POLCONT": "8008325452",
        "INV_LINK": "https://safetydata.fra.dot.gov/OfficeofSafety/PublicSite/Crossing/Crossing.aspx?phasetype=C&rpttype=I&txtcrossingnum=602187L",
        "ACC_LINK": "https://safetydata.fra.dot.gov/OfficeofSafety/PublicSite/Crossing/Crossing.aspx?phasetype=C&rpttype=A&txtcrossingnum=602187L",
        "TTSTNNAM": "AMARILLO YARD",
        "XPURPOSE": "1",
        "OPERATINGR": "BNSF",
        "OPERATIN_1": "Primary",
        "DAYTHRU": 0,
        "NGHTTHRU": 0,
        "MAINTRK": 0,
        "SIDINGTRK": 0,
        "YARDTRK": 1,
        "TRANSITTRK": 0,
        "INDUSTRYTR": 0,
        "OTHRTRK": 1,
        "WDCODE": "All other Gates",
        "REVISIONDA": "1996/01/01 00:00:00",
        "LASTUPDATE": "1/8/2026",
        "AADT": "652",
        "AADTYEAR": "2019",
        "STATENAME": "TEXAS",
        "STATEAB": "TX",
        "COUNTYNAME": "POTTER",
        "CITYNAME": "AMARILLO",
        "LATDD": 35.2130468,
        "LONGDD": -101.8036041,
        "gridlyProductionCertified": true,
        "gridlyClassification": "PUBLIC_ROADWAY",
        "gridlyDisplayName": "northeast third avenue",
        "gridlyId": "FRA-602187L"
      }
    },
    {
      "type": "Feature",
      "id": 213987,
      "geometry": {
        "type": "Point",
        "coordinates": [
          -101.671671500171,
          35.1913178002878
        ]
      },
      "properties": {
        "OBJECTID": 213987,
        "CROSSING": "275220F",
        "EFFDATE": 1767830400000,
        "REASON": "14",
        "StateCode": "48",
        "CountyCode": "48375",
        "STCYFIPS": "48375",
        "CITYCD": "483750150",
        "RAILROAD": "BNSF",
        "RRDIV": "RED RIVER",
        "RRSUBDIV": "RED RIVER VALLEY",
        "HIGHWAY": "ss0228",
        "STREET": "ss0228 / JACKRABBIT RoaD",
        "TTSTN": "672678",
        "MILEPOST": "0326.532",
        "TYPEXING": "Public",
        "POSXING": "At Grade",
        "PRVCAT": "14",
        "INIT": "2",
        "LATITUDE": 35.1913178,
        "LONGITUD": -101.6716715,
        "LLSOURCE": "1",
        "WHISTBAN": "0",
        "RRCONT": "8173521549",
        "POLCONT": "8008325452",
        "INV_LINK": "https://safetydata.fra.dot.gov/OfficeofSafety/PublicSite/Crossing/Crossing.aspx?phasetype=C&rpttype=I&txtcrossingnum=275220F",
        "ACC_LINK": "https://safetydata.fra.dot.gov/OfficeofSafety/PublicSite/Crossing/Crossing.aspx?phasetype=C&rpttype=A&txtcrossingnum=275220F",
        "TTSTNNAM": "PULLMAN",
        "XPURPOSE": "1",
        "OPERATINGR": "BNSF",
        "OPERATIN_1": "Primary",
        "DAYTHRU": 7,
        "NGHTTHRU": 7,
        "MAINTRK": 1,
        "SIDINGTRK": 0,
        "YARDTRK": 0,
        "TRANSITTRK": 0,
        "INDUSTRYTR": 0,
        "OTHRTRK": 0,
        "WDCODE": "All other Gates",
        "REVISIONDA": "1996/01/01 00:00:00",
        "LASTUPDATE": "1/8/2026",
        "AADT": "180",
        "AADTYEAR": "2023",
        "STATENAME": "TEXAS",
        "STATEAB": "TX",
        "COUNTYNAME": "POTTER",
        "CITYNAME": "AMARILLO",
        "LATDD": 35.1913178,
        "LONGDD": -101.6716715,
        "gridlyProductionCertified": true,
        "gridlyClassification": "PUBLIC_ROADWAY",
        "gridlyDisplayName": "ss0228 / JACKRABBIT RoaD",
        "gridlyId": "FRA-275220F"
      }
    },
    {
      "type": "Feature",
      "id": 213988,
      "geometry": {
        "type": "Point",
        "coordinates": [
          -101.834714600446,
          35.2132371997246
        ]
      },
      "properties": {
        "OBJECTID": 213988,
        "CROSSING": "276521E",
        "EFFDATE": 1767830400000,
        "REASON": "14",
        "StateCode": "48",
        "CountyCode": "48375",
        "STCYFIPS": "48375",
        "CITYCD": "483750150",
        "RAILROAD": "BNSF",
        "RRDIV": "KANSAS",
        "RRSUBDIV": "DALHART",
        "HIGHWAY": "ls0000",
        "STREET": "North TAYLOR street",
        "TTSTN": "672700",
        "MILEPOST": "0335.874",
        "TYPEXING": "Public",
        "POSXING": "At Grade",
        "PRVCAT": "14",
        "INIT": "2",
        "LATITUDE": 35.2132372,
        "LONGITUD": -101.8347146,
        "LLSOURCE": "1",
        "WHISTBAN": "0",
        "RRCONT": "8173521549",
        "POLCONT": "8008325452",
        "INV_LINK": "https://safetydata.fra.dot.gov/OfficeofSafety/PublicSite/Crossing/Crossing.aspx?phasetype=C&rpttype=I&txtcrossingnum=276521E",
        "ACC_LINK": "https://safetydata.fra.dot.gov/OfficeofSafety/PublicSite/Crossing/Crossing.aspx?phasetype=C&rpttype=A&txtcrossingnum=276521E",
        "TTSTNNAM": "AMARILLO YARD",
        "XPURPOSE": "1",
        "OPERATINGR": "BNSF",
        "OPERATIN_1": "Primary",
        "DAYTHRU": 4,
        "NGHTTHRU": 3,
        "MAINTRK": 1,
        "SIDINGTRK": 0,
        "YARDTRK": 1,
        "TRANSITTRK": 0,
        "INDUSTRYTR": 0,
        "OTHRTRK": 1,
        "WDCODE": "All other Gates",
        "REVISIONDA": "1996/01/01 00:00:00",
        "LASTUPDATE": "1/8/2026",
        "AADT": "25367",
        "AADTYEAR": "2019",
        "STATENAME": "TEXAS",
        "STATEAB": "TX",
        "COUNTYNAME": "POTTER",
        "CITYNAME": "AMARILLO",
        "LATDD": 35.2132372,
        "LONGDD": -101.8347146,
        "gridlyProductionCertified": true,
        "gridlyClassification": "PUBLIC_ROADWAY",
        "gridlyDisplayName": "North TAYLOR street",
        "gridlyId": "FRA-276521E"
      }
    },
    {
      "type": "Feature",
      "id": 213990,
      "geometry": {
        "type": "Point",
        "coordinates": [
          -101.837141499797,
          35.2135570996839
        ]
      },
      "properties": {
        "OBJECTID": 213990,
        "CROSSING": "276523T",
        "EFFDATE": 1767830400000,
        "REASON": "14",
        "StateCode": "48",
        "CountyCode": "48375",
        "STCYFIPS": "48375",
        "CITYCD": "483750150",
        "RAILROAD": "BNSF",
        "RRDIV": "KANSAS",
        "RRSUBDIV": "DALHART",
        "HIGHWAY": "ls0000",
        "STREET": "TYLER STreet",
        "TTSTN": "672700",
        "MILEPOST": "0336.023",
        "TYPEXING": "Public",
        "POSXING": "At Grade",
        "PRVCAT": "14",
        "INIT": "2",
        "LATITUDE": 35.2135571,
        "LONGITUD": -101.8371415,
        "LLSOURCE": "1",
        "WHISTBAN": "0",
        "RRCONT": "8173521549",
        "POLCONT": "8008325452",
        "INV_LINK": "https://safetydata.fra.dot.gov/OfficeofSafety/PublicSite/Crossing/Crossing.aspx?phasetype=C&rpttype=I&txtcrossingnum=276523T",
        "ACC_LINK": "https://safetydata.fra.dot.gov/OfficeofSafety/PublicSite/Crossing/Crossing.aspx?phasetype=C&rpttype=A&txtcrossingnum=276523T",
        "TTSTNNAM": "AMARILLO YARD",
        "XPURPOSE": "1",
        "OPERATINGR": "BNSF",
        "OPERATIN_1": "Primary",
        "DAYTHRU": 4,
        "NGHTTHRU": 3,
        "MAINTRK": 1,
        "SIDINGTRK": 0,
        "YARDTRK": 0,
        "TRANSITTRK": 0,
        "INDUSTRYTR": 0,
        "OTHRTRK": 0,
        "WDCODE": "All other Gates",
        "REVISIONDA": "1996/01/01 00:00:00",
        "LASTUPDATE": "1/8/2026",
        "AADT": "642",
        "AADTYEAR": "2020",
        "STATENAME": "TEXAS",
        "STATEAB": "TX",
        "COUNTYNAME": "POTTER",
        "CITYNAME": "AMARILLO",
        "LATDD": 35.2135571,
        "LONGDD": -101.8371415,
        "gridlyProductionCertified": true,
        "gridlyClassification": "PUBLIC_ROADWAY",
        "gridlyDisplayName": "TYLER STreet",
        "gridlyId": "FRA-276523T"
      }
    },
    {
      "type": "Feature",
      "id": 213991,
      "geometry": {
        "type": "Point",
        "coordinates": [
          -101.742056499636,
          35.2794851998065
        ]
      },
      "properties": {
        "OBJECTID": 213991,
        "CROSSING": "017145M",
        "EFFDATE": 1767830400000,
        "REASON": "14",
        "StateCode": "48",
        "CountyCode": "48375",
        "STCYFIPS": "48375",
        "CITYCD": "483750150",
        "RAILROAD": "BNSF",
        "RRDIV": "KANSAS",
        "RRSUBDIV": "ASARCO-SWPS SPUR",
        "HIGHWAY": "Cr0167",
        "STREET": "north LAKESIDE DRive",
        "TTSTN": "672700",
        "MILEPOST": "0004.339",
        "TYPEXING": "Public",
        "POSXING": "At Grade",
        "PRVCAT": "14",
        "INIT": "2",
        "LATITUDE": 35.2794852,
        "LONGITUD": -101.7420565,
        "LLSOURCE": "1",
        "WHISTBAN": "0",
        "RRCONT": "8173521549",
        "POLCONT": "8008325452",
        "INV_LINK": "https://safetydata.fra.dot.gov/OfficeofSafety/PublicSite/Crossing/Crossing.aspx?phasetype=C&rpttype=I&txtcrossingnum=017145M",
        "ACC_LINK": "https://safetydata.fra.dot.gov/OfficeofSafety/PublicSite/Crossing/Crossing.aspx?phasetype=C&rpttype=A&txtcrossingnum=017145M",
        "TTSTNNAM": "AMARILLO YARD",
        "XPURPOSE": "1",
        "OPERATINGR": "BNSF",
        "OPERATIN_1": "Primary",
        "DAYTHRU": 0,
        "NGHTTHRU": 0,
        "MAINTRK": 0,
        "SIDINGTRK": 0,
        "YARDTRK": 0,
        "TRANSITTRK": 0,
        "INDUSTRYTR": 1,
        "OTHRTRK": 1,
        "WDCODE": "Flashing lights",
        "REVISIONDA": "1996/01/01 00:00:00",
        "LASTUPDATE": "1/8/2026",
        "AADT": "596",
        "AADTYEAR": "2020",
        "STATENAME": "TEXAS",
        "STATEAB": "TX",
        "COUNTYNAME": "POTTER",
        "CITYNAME": "AMARILLO",
        "LATDD": 35.2794852,
        "LONGDD": -101.7420565,
        "gridlyProductionCertified": true,
        "gridlyClassification": "PUBLIC_ROADWAY",
        "gridlyDisplayName": "north LAKESIDE DRive",
        "gridlyId": "FRA-017145M"
      }
    },
    {
      "type": "Feature",
      "id": 213992,
      "geometry": {
        "type": "Point",
        "coordinates": [
          -101.795277200322,
          35.2157727996865
        ]
      },
      "properties": {
        "OBJECTID": 213992,
        "CROSSING": "017157G",
        "EFFDATE": 1767830400000,
        "REASON": "14",
        "StateCode": "48",
        "CountyCode": "48375",
        "STCYFIPS": "48375",
        "CITYCD": "483750150",
        "RAILROAD": "BNSF",
        "RRDIV": "KANSAS",
        "RRSUBDIV": "BOISE CITY",
        "HIGHWAY": "ls0000",
        "STREET": "north grand street",
        "TTSTN": "672700",
        "MILEPOST": "0000.683",
        "TYPEXING": "Public",
        "POSXING": "At Grade",
        "PRVCAT": "14",
        "INIT": "2",
        "LATITUDE": 35.2157728,
        "LONGITUD": -101.7952772,
        "LLSOURCE": "1",
        "WHISTBAN": "0",
        "RRCONT": "8173521549",
        "POLCONT": "8008325452",
        "INV_LINK": "https://safetydata.fra.dot.gov/OfficeofSafety/PublicSite/Crossing/Crossing.aspx?phasetype=C&rpttype=I&txtcrossingnum=017157G",
        "ACC_LINK": "https://safetydata.fra.dot.gov/OfficeofSafety/PublicSite/Crossing/Crossing.aspx?phasetype=C&rpttype=A&txtcrossingnum=017157G",
        "TTSTNNAM": "AMARILLO",
        "XPURPOSE": "1",
        "OPERATINGR": "BNSF",
        "OPERATIN_1": "Primary",
        "DAYTHRU": 6,
        "NGHTTHRU": 6,
        "MAINTRK": 0,
        "SIDINGTRK": 0,
        "YARDTRK": 1,
        "TRANSITTRK": 0,
        "INDUSTRYTR": 0,
        "OTHRTRK": 1,
        "WDCODE": "All other Gates",
        "REVISIONDA": "1996/01/01 00:00:00",
        "LASTUPDATE": "1/8/2026",
        "AADT": "15298",
        "AADTYEAR": "2020",
        "STATENAME": "TEXAS",
        "STATEAB": "TX",
        "COUNTYNAME": "POTTER",
        "CITYNAME": "AMARILLO",
        "LATDD": 35.2157728,
        "LONGDD": -101.7952772,
        "gridlyProductionCertified": true,
        "gridlyClassification": "PUBLIC_ROADWAY",
        "gridlyDisplayName": "north grand street",
        "gridlyId": "FRA-017157G"
      }
    },
    {
      "type": "Feature",
      "id": 213993,
      "geometry": {
        "type": "Point",
        "coordinates": [
          -101.707032100295,
          35.1961072998869
        ]
      },
      "properties": {
        "OBJECTID": 213993,
        "CROSSING": "275216R",
        "EFFDATE": 1767830400000,
        "REASON": "14",
        "StateCode": "48",
        "CountyCode": "48375",
        "STCYFIPS": "48375",
        "CITYCD": "483750150",
        "RAILROAD": "BNSF",
        "RRDIV": "KANSAS",
        "RRSUBDIV": "RED RIVER VALLEY",
        "HIGHWAY": "ls0000",
        "STREET": "south PULLMAN RoaD",
        "TTSTN": "672678",
        "MILEPOST": "0328.559",
        "TYPEXING": "Public",
        "POSXING": "At Grade",
        "PRVCAT": "14",
        "INIT": "2",
        "LATITUDE": 35.1961073,
        "LONGITUD": -101.7070321,
        "LLSOURCE": "1",
        "WHISTBAN": "0",
        "RRCONT": "8173521549",
        "POLCONT": "8008325452",
        "INV_LINK": "https://safetydata.fra.dot.gov/OfficeofSafety/PublicSite/Crossing/Crossing.aspx?phasetype=C&rpttype=I&txtcrossingnum=275216R",
        "ACC_LINK": "https://safetydata.fra.dot.gov/OfficeofSafety/PublicSite/Crossing/Crossing.aspx?phasetype=C&rpttype=A&txtcrossingnum=275216R",
        "TTSTNNAM": "PULLMAN",
        "XPURPOSE": "1",
        "OPERATINGR": "BNSF",
        "OPERATIN_1": "Primary",
        "DAYTHRU": 7,
        "NGHTTHRU": 7,
        "MAINTRK": 1,
        "SIDINGTRK": 0,
        "YARDTRK": 1,
        "TRANSITTRK": 0,
        "INDUSTRYTR": 0,
        "OTHRTRK": 1,
        "WDCODE": "All other Gates",
        "REVISIONDA": "1996/01/01 00:00:00",
        "LASTUPDATE": "1/8/2026",
        "AADT": "575",
        "AADTYEAR": "2020",
        "STATENAME": "TEXAS",
        "STATEAB": "TX",
        "COUNTYNAME": "POTTER",
        "CITYNAME": "AMARILLO",
        "LATDD": 35.1961073,
        "LONGDD": -101.7070321,
        "gridlyProductionCertified": true,
        "gridlyClassification": "PUBLIC_ROADWAY",
        "gridlyDisplayName": "south PULLMAN RoaD",
        "gridlyId": "FRA-275216R"
      }
    },
    {
      "type": "Feature",
      "id": 213994,
      "geometry": {
        "type": "Point",
        "coordinates": [
          -101.835886800382,
          35.2134044998301
        ]
      },
      "properties": {
        "OBJECTID": 213994,
        "CROSSING": "276522L",
        "EFFDATE": 1767830400000,
        "REASON": "14",
        "StateCode": "48",
        "CountyCode": "48375",
        "STCYFIPS": "48375",
        "CITYCD": "483750150",
        "RAILROAD": "BNSF",
        "RRDIV": "KANSAS",
        "RRSUBDIV": "DALHART",
        "HIGHWAY": "ls0000",
        "STREET": "North POLK STreet",
        "TTSTN": "672700",
        "MILEPOST": "0335.946",
        "TYPEXING": "Public",
        "POSXING": "At Grade",
        "PRVCAT": "14",
        "INIT": "2",
        "LATITUDE": 35.2134045,
        "LONGITUD": -101.8358868,
        "LLSOURCE": "1",
        "WHISTBAN": "0",
        "RRCONT": "8173521549",
        "POLCONT": "8008325452",
        "INV_LINK": "https://safetydata.fra.dot.gov/OfficeofSafety/PublicSite/Crossing/Crossing.aspx?phasetype=C&rpttype=I&txtcrossingnum=276522L",
        "ACC_LINK": "https://safetydata.fra.dot.gov/OfficeofSafety/PublicSite/Crossing/Crossing.aspx?phasetype=C&rpttype=A&txtcrossingnum=276522L",
        "TTSTNNAM": "AMARILLO YARD",
        "XPURPOSE": "1",
        "OPERATINGR": "BNSF",
        "OPERATIN_1": "Primary",
        "DAYTHRU": 4,
        "NGHTTHRU": 3,
        "MAINTRK": 1,
        "SIDINGTRK": 0,
        "YARDTRK": 1,
        "TRANSITTRK": 0,
        "INDUSTRYTR": 0,
        "OTHRTRK": 1,
        "WDCODE": "All other Gates",
        "REVISIONDA": "1996/01/01 00:00:00",
        "LASTUPDATE": "1/8/2026",
        "AADT": "1034",
        "AADTYEAR": "2020",
        "STATENAME": "TEXAS",
        "STATEAB": "TX",
        "COUNTYNAME": "POTTER",
        "CITYNAME": "AMARILLO",
        "LATDD": 35.2134045,
        "LONGDD": -101.8358868,
        "gridlyProductionCertified": true,
        "gridlyClassification": "PUBLIC_ROADWAY",
        "gridlyDisplayName": "North POLK STreet",
        "gridlyId": "FRA-276522L"
      }
    },
    {
      "type": "Feature",
      "id": 213996,
      "geometry": {
        "type": "Point",
        "coordinates": [
          -101.743541699567,
          35.2775506001934
        ]
      },
      "properties": {
        "OBJECTID": 213996,
        "CROSSING": "017144F",
        "EFFDATE": 1767830400000,
        "REASON": "14",
        "StateCode": "48",
        "CountyCode": "48375",
        "STCYFIPS": "48375",
        "CITYCD": "483750150",
        "RAILROAD": "BNSF",
        "RRDIV": "KANSAS",
        "RRSUBDIV": "ASARCO-SWPS SPUR",
        "HIGHWAY": "Cr0000",
        "STREET": "MONK drive",
        "TTSTN": "672700",
        "MILEPOST": "0004.182",
        "TYPEXING": "Public",
        "POSXING": "At Grade",
        "PRVCAT": "14",
        "INIT": "2",
        "LATITUDE": 35.2775506,
        "LONGITUD": -101.7435417,
        "LLSOURCE": "1",
        "WHISTBAN": "0",
        "RRCONT": "8173521549",
        "POLCONT": "8008325452",
        "INV_LINK": "https://safetydata.fra.dot.gov/OfficeofSafety/PublicSite/Crossing/Crossing.aspx?phasetype=C&rpttype=I&txtcrossingnum=017144F",
        "ACC_LINK": "https://safetydata.fra.dot.gov/OfficeofSafety/PublicSite/Crossing/Crossing.aspx?phasetype=C&rpttype=A&txtcrossingnum=017144F",
        "TTSTNNAM": "AMARILLO YARD",
        "XPURPOSE": "1",
        "OPERATINGR": "BNSF",
        "OPERATIN_1": "Primary",
        "DAYTHRU": 0,
        "NGHTTHRU": 0,
        "MAINTRK": 0,
        "SIDINGTRK": 0,
        "YARDTRK": 1,
        "TRANSITTRK": 0,
        "INDUSTRYTR": 0,
        "OTHRTRK": 1,
        "WDCODE": "Crossbucks",
        "REVISIONDA": "1996/01/01 00:00:00",
        "LASTUPDATE": "1/8/2026",
        "AADT": "82",
        "AADTYEAR": "2020",
        "STATENAME": "TEXAS",
        "STATEAB": "TX",
        "COUNTYNAME": "POTTER",
        "CITYNAME": "AMARILLO",
        "LATDD": 35.2775506,
        "LONGDD": -101.7435417,
        "gridlyProductionCertified": true,
        "gridlyClassification": "PUBLIC_ROADWAY",
        "gridlyDisplayName": "MONK drive",
        "gridlyId": "FRA-017144F"
      }
    },
    {
      "type": "Feature",
      "id": 213997,
      "geometry": {
        "type": "Point",
        "coordinates": [
          -101.801979100364,
          35.2131077997005
        ]
      },
      "properties": {
        "OBJECTID": 213997,
        "CROSSING": "017006S",
        "EFFDATE": 1767830400000,
        "REASON": "14",
        "StateCode": "48",
        "CountyCode": "48375",
        "STCYFIPS": "48375",
        "CITYCD": "483750150",
        "RAILROAD": "BNSF",
        "RRDIV": "KANSAS",
        "RRSUBDIV": "BOISE CITY",
        "HIGHWAY": "LS0000",
        "STREET": "NORTHEAST THIRD AVENUE",
        "TTSTN": "672700",
        "MILEPOST": "0000.443",
        "TYPEXING": "Public",
        "POSXING": "At Grade",
        "PRVCAT": "14",
        "INIT": "2",
        "LATITUDE": 35.2131078,
        "LONGITUD": -101.8019791,
        "LLSOURCE": "1",
        "WHISTBAN": "0",
        "RRCONT": "8173521549",
        "POLCONT": "8008325452",
        "INV_LINK": "https://safetydata.fra.dot.gov/OfficeofSafety/PublicSite/Crossing/Crossing.aspx?phasetype=C&rpttype=I&txtcrossingnum=017006S",
        "ACC_LINK": "https://safetydata.fra.dot.gov/OfficeofSafety/PublicSite/Crossing/Crossing.aspx?phasetype=C&rpttype=A&txtcrossingnum=017006S",
        "TTSTNNAM": "AMARILLO YARD",
        "XPURPOSE": "1",
        "OPERATINGR": "BNSF",
        "OPERATIN_1": "Primary",
        "DAYTHRU": 6,
        "NGHTTHRU": 6,
        "MAINTRK": 0,
        "SIDINGTRK": 0,
        "YARDTRK": 1,
        "TRANSITTRK": 0,
        "INDUSTRYTR": 0,
        "OTHRTRK": 1,
        "WDCODE": "All other Gates",
        "REVISIONDA": "1996/01/01 00:00:00",
        "LASTUPDATE": "1/8/2026",
        "AADT": "652",
        "AADTYEAR": "2019",
        "STATENAME": "TEXAS",
        "STATEAB": "TX",
        "COUNTYNAME": "POTTER",
        "CITYNAME": "AMARILLO",
        "LATDD": 35.2131078,
        "LONGDD": -101.8019791,
        "gridlyProductionCertified": true,
        "gridlyClassification": "PUBLIC_ROADWAY",
        "gridlyDisplayName": "NORTHEAST THIRD AVENUE",
        "gridlyId": "FRA-017006S"
      }
    },
    {
      "type": "Feature",
      "id": 213998,
      "geometry": {
        "type": "Point",
        "coordinates": [
          -101.835744800092,
          35.2140998003652
        ]
      },
      "properties": {
        "OBJECTID": 213998,
        "CROSSING": "602208C",
        "EFFDATE": 1767830400000,
        "REASON": "14",
        "StateCode": "48",
        "CountyCode": "48375",
        "STCYFIPS": "48375",
        "CITYCD": "483750150",
        "RAILROAD": "BNSF",
        "RRDIV": "KANSAS",
        "RRSUBDIV": "AMARILLO YD, TX",
        "HIGHWAY": "lS0000",
        "STREET": "north POLK STreet",
        "TTSTN": "672700",
        "MILEPOST": "0335.939",
        "TYPEXING": "Public",
        "POSXING": "At Grade",
        "PRVCAT": "14",
        "INIT": "2",
        "LATITUDE": 35.2140998,
        "LONGITUD": -101.8357448,
        "LLSOURCE": "1",
        "WHISTBAN": "0",
        "RRCONT": "8173521549",
        "POLCONT": "8008325452",
        "INV_LINK": "https://safetydata.fra.dot.gov/OfficeofSafety/PublicSite/Crossing/Crossing.aspx?phasetype=C&rpttype=I&txtcrossingnum=602208C",
        "ACC_LINK": "https://safetydata.fra.dot.gov/OfficeofSafety/PublicSite/Crossing/Crossing.aspx?phasetype=C&rpttype=A&txtcrossingnum=602208C",
        "TTSTNNAM": "AMARILLO YARD",
        "XPURPOSE": "1",
        "OPERATINGR": "BNSF",
        "OPERATIN_1": "Primary",
        "DAYTHRU": 0,
        "NGHTTHRU": 0,
        "MAINTRK": 0,
        "SIDINGTRK": 0,
        "YARDTRK": 1,
        "TRANSITTRK": 0,
        "INDUSTRYTR": 0,
        "OTHRTRK": 1,
        "WDCODE": "Flashing lights",
        "REVISIONDA": "1996/01/01 00:00:00",
        "LASTUPDATE": "1/8/2026",
        "AADT": "1034",
        "AADTYEAR": "2020",
        "STATENAME": "TEXAS",
        "STATEAB": "TX",
        "COUNTYNAME": "POTTER",
        "CITYNAME": "AMARILLO",
        "LATDD": 35.2140998,
        "LONGDD": -101.8357448,
        "gridlyProductionCertified": true,
        "gridlyClassification": "PUBLIC_ROADWAY",
        "gridlyDisplayName": "north POLK STreet",
        "gridlyId": "FRA-602208C"
      }
    },
    {
      "type": "Feature",
      "id": 213999,
      "geometry": {
        "type": "Point",
        "coordinates": [
          -101.802498100223,
          35.2122053999879
        ]
      },
      "properties": {
        "OBJECTID": 213999,
        "CROSSING": "602167A",
        "EFFDATE": 1767830400000,
        "REASON": "14",
        "StateCode": "48",
        "CountyCode": "48375",
        "STCYFIPS": "48375",
        "CITYCD": "483750150",
        "RAILROAD": "BNSF",
        "RRDIV": "KANSAS",
        "RRSUBDIV": "RED RIVER VALLEY",
        "HIGHWAY": "lS0000",
        "STREET": "BULL RoaD",
        "TTSTN": "672700",
        "MILEPOST": "0334.210",
        "TYPEXING": "Public",
        "POSXING": "At Grade",
        "PRVCAT": "14",
        "INIT": "2",
        "LATITUDE": 35.2122054,
        "LONGITUD": -101.8024981,
        "LLSOURCE": "1",
        "WHISTBAN": "0",
        "RRCONT": "8173521549",
        "POLCONT": "8008325452",
        "INV_LINK": "https://safetydata.fra.dot.gov/OfficeofSafety/PublicSite/Crossing/Crossing.aspx?phasetype=C&rpttype=I&txtcrossingnum=602167A",
        "ACC_LINK": "https://safetydata.fra.dot.gov/OfficeofSafety/PublicSite/Crossing/Crossing.aspx?phasetype=C&rpttype=A&txtcrossingnum=602167A",
        "TTSTNNAM": "AMARILLO YARD",
        "XPURPOSE": "1",
        "OPERATINGR": "BNSF",
        "OPERATIN_1": "Primary",
        "DAYTHRU": 1,
        "NGHTTHRU": 1,
        "MAINTRK": 1,
        "SIDINGTRK": 0,
        "YARDTRK": 0,
        "TRANSITTRK": 0,
        "INDUSTRYTR": 0,
        "OTHRTRK": 0,
        "WDCODE": "Flashing lights",
        "REVISIONDA": "1996/01/01 00:00:00",
        "LASTUPDATE": "1/8/2026",
        "AADT": "304",
        "AADTYEAR": "2019",
        "STATENAME": "TEXAS",
        "STATEAB": "TX",
        "COUNTYNAME": "POTTER",
        "CITYNAME": "AMARILLO",
        "LATDD": 35.2122054,
        "LONGDD": -101.8024981,
        "gridlyProductionCertified": true,
        "gridlyClassification": "PUBLIC_ROADWAY",
        "gridlyDisplayName": "BULL RoaD",
        "gridlyId": "FRA-602167A"
      }
    },
    {
      "type": "Feature",
      "id": 214342,
      "geometry": {
        "type": "Point",
        "coordinates": [
          -101.884087399952,
          35.2387244003424
        ]
      },
      "properties": {
        "OBJECTID": 214342,
        "CROSSING": "276496Y",
        "EFFDATE": 1768953600000,
        "REASON": "14",
        "StateCode": "48",
        "CountyCode": "48375",
        "STCYFIPS": "48375",
        "CITYCD": "483750150",
        "RAILROAD": "BNSF",
        "RRDIV": "KANSAS",
        "RRSUBDIV": "DALHART",
        "HIGHWAY": "fm1719",
        "STREET": "fm1719 / WESTERN STreet",
        "TTSTN": "672700",
        "MILEPOST": "0339.386",
        "TYPEXING": "Public",
        "POSXING": "RR Under",
        "PRVCAT": "14",
        "INIT": "2",
        "LATITUDE": 35.2387244,
        "LONGITUD": -101.8840874,
        "LLSOURCE": "1",
        "WHISTBAN": "0",
        "RRCONT": "8173521549",
        "POLCONT": "8008325452",
        "INV_LINK": "https://safetydata.fra.dot.gov/OfficeofSafety/PublicSite/Crossing/Crossing.aspx?phasetype=C&rpttype=I&txtcrossingnum=276496Y",
        "ACC_LINK": "https://safetydata.fra.dot.gov/OfficeofSafety/PublicSite/Crossing/Crossing.aspx?phasetype=C&rpttype=A&txtcrossingnum=276496Y",
        "TTSTNNAM": "AMARILLO YARD",
        "XPURPOSE": "1",
        "OPERATINGR": "BNSF",
        "OPERATIN_1": "Primary",
        "DAYTHRU": 4,
        "NGHTTHRU": 3,
        "MAINTRK": 1,
        "SIDINGTRK": 0,
        "YARDTRK": 0,
        "TRANSITTRK": 0,
        "INDUSTRYTR": 0,
        "OTHRTRK": 0,
        "WDCODE": "",
        "REVISIONDA": "1996/01/01 00:00:00",
        "LASTUPDATE": "1/21/2026",
        "AADT": "692",
        "AADTYEAR": "2020",
        "STATENAME": "TEXAS",
        "STATEAB": "TX",
        "COUNTYNAME": "POTTER",
        "CITYNAME": "AMARILLO",
        "LATDD": 35.2387244,
        "LONGDD": -101.8840874,
        "gridlyProductionCertified": true,
        "gridlyClassification": "PUBLIC_ROADWAY",
        "gridlyDisplayName": "fm1719 / WESTERN STreet",
        "gridlyId": "FRA-276496Y"
      }
    },
    {
      "type": "Feature",
      "id": 214602,
      "geometry": {
        "type": "Point",
        "coordinates": [
          -101.825526699992,
          35.2092998002792
        ]
      },
      "properties": {
        "OBJECTID": 214602,
        "CROSSING": "014616P",
        "EFFDATE": 1765843200000,
        "REASON": "14",
        "StateCode": "48",
        "CountyCode": "48375",
        "STCYFIPS": "48375",
        "CITYCD": "483750150",
        "RAILROAD": "BNSF",
        "RRDIV": "KANSAS",
        "RRSUBDIV": "HEREFORD",
        "HIGHWAY": "ls0000",
        "STREET": "southeast third avenue",
        "TTSTN": "672700",
        "MILEPOST": "0552.990",
        "TYPEXING": "Public",
        "POSXING": "RR Over",
        "PRVCAT": "14",
        "INIT": "2",
        "LATITUDE": 35.2092998,
        "LONGITUD": -101.8255267,
        "LLSOURCE": "1",
        "WHISTBAN": "0",
        "RRCONT": "8173521549",
        "POLCONT": "8008325452",
        "INV_LINK": "https://safetydata.fra.dot.gov/OfficeofSafety/PublicSite/Crossing/Crossing.aspx?phasetype=C&rpttype=I&txtcrossingnum=014616P",
        "ACC_LINK": "https://safetydata.fra.dot.gov/OfficeofSafety/PublicSite/Crossing/Crossing.aspx?phasetype=C&rpttype=A&txtcrossingnum=014616P",
        "TTSTNNAM": "AMARILLO YARD",
        "XPURPOSE": "1",
        "OPERATINGR": "BNSF",
        "OPERATIN_1": "Primary",
        "DAYTHRU": 24,
        "NGHTTHRU": 24,
        "MAINTRK": 1,
        "SIDINGTRK": 0,
        "YARDTRK": 0,
        "TRANSITTRK": 0,
        "INDUSTRYTR": 0,
        "OTHRTRK": 0,
        "WDCODE": "",
        "REVISIONDA": "1996/01/01 00:00:00",
        "LASTUPDATE": "12/16/2025",
        "AADT": "4198",
        "AADTYEAR": "2022",
        "STATENAME": "TEXAS",
        "STATEAB": "TX",
        "COUNTYNAME": "POTTER",
        "CITYNAME": "AMARILLO",
        "LATDD": 35.2092998,
        "LONGDD": -101.8255267,
        "gridlyProductionCertified": true,
        "gridlyClassification": "PUBLIC_ROADWAY",
        "gridlyDisplayName": "southeast third avenue",
        "gridlyId": "FRA-014616P"
      }
    },
    {
      "type": "Feature",
      "id": 214730,
      "geometry": {
        "type": "Point",
        "coordinates": [
          -101.898192500405,
          35.2432520000068
        ]
      },
      "properties": {
        "OBJECTID": 214730,
        "CROSSING": "276495S",
        "EFFDATE": 1768953600000,
        "REASON": "14",
        "StateCode": "48",
        "CountyCode": "48375",
        "STCYFIPS": "48375",
        "CITYCD": "483750150",
        "RAILROAD": "BNSF",
        "RRDIV": "KANSAS",
        "RRSUBDIV": "DALHART",
        "HIGHWAY": "CR0000",
        "STREET": "DUCK STREET",
        "TTSTN": "672700",
        "MILEPOST": "0340.250",
        "TYPEXING": "Public",
        "POSXING": "RR Over",
        "PRVCAT": "14",
        "INIT": "2",
        "LATITUDE": 35.243252,
        "LONGITUD": -101.8981925,
        "LLSOURCE": "1",
        "WHISTBAN": "0",
        "RRCONT": "8173521549",
        "POLCONT": "8008325452",
        "INV_LINK": "https://safetydata.fra.dot.gov/OfficeofSafety/PublicSite/Crossing/Crossing.aspx?phasetype=C&rpttype=I&txtcrossingnum=276495S",
        "ACC_LINK": "https://safetydata.fra.dot.gov/OfficeofSafety/PublicSite/Crossing/Crossing.aspx?phasetype=C&rpttype=A&txtcrossingnum=276495S",
        "TTSTNNAM": "AMARILLO YARD",
        "XPURPOSE": "1",
        "OPERATINGR": "BNSF",
        "OPERATIN_1": "Primary",
        "DAYTHRU": 4,
        "NGHTTHRU": 3,
        "MAINTRK": 1,
        "SIDINGTRK": 0,
        "YARDTRK": 0,
        "TRANSITTRK": 0,
        "INDUSTRYTR": 0,
        "OTHRTRK": 0,
        "WDCODE": "",
        "REVISIONDA": "1996/01/01 00:00:00",
        "LASTUPDATE": "1/21/2026",
        "AADT": "207",
        "AADTYEAR": "2020",
        "STATENAME": "TEXAS",
        "STATEAB": "TX",
        "COUNTYNAME": "POTTER",
        "CITYNAME": "AMARILLO",
        "LATDD": 35.243252,
        "LONGDD": -101.8981925,
        "gridlyProductionCertified": true,
        "gridlyClassification": "PUBLIC_ROADWAY",
        "gridlyDisplayName": "DUCK STREET",
        "gridlyId": "FRA-276495S"
      }
    },
    {
      "type": "Feature",
      "id": 214731,
      "geometry": {
        "type": "Point",
        "coordinates": [
          -101.848555899836,
          35.2150814003075
        ]
      },
      "properties": {
        "OBJECTID": 214731,
        "CROSSING": "276524A",
        "EFFDATE": 1768953600000,
        "REASON": "14",
        "StateCode": "48",
        "CountyCode": "48375",
        "STCYFIPS": "48375",
        "CITYCD": "483750150",
        "RAILROAD": "BNSF",
        "RRDIV": "KANSAS",
        "RRSUBDIV": "DALHART",
        "HIGHWAY": "LS0000",
        "STREET": "SOUTH HAYDEN STREET",
        "TTSTN": "672700",
        "MILEPOST": "0336.678",
        "TYPEXING": "Public",
        "POSXING": "At Grade",
        "PRVCAT": "14",
        "INIT": "2",
        "LATITUDE": 35.2150814,
        "LONGITUD": -101.8485559,
        "LLSOURCE": "1",
        "WHISTBAN": "0",
        "RRCONT": "8173521549",
        "POLCONT": "8008325452",
        "INV_LINK": "https://safetydata.fra.dot.gov/OfficeofSafety/PublicSite/Crossing/Crossing.aspx?phasetype=C&rpttype=I&txtcrossingnum=276524A",
        "ACC_LINK": "https://safetydata.fra.dot.gov/OfficeofSafety/PublicSite/Crossing/Crossing.aspx?phasetype=C&rpttype=A&txtcrossingnum=276524A",
        "TTSTNNAM": "AMARILLO YARD",
        "XPURPOSE": "1",
        "OPERATINGR": "BNSF",
        "OPERATIN_1": "Primary",
        "DAYTHRU": 4,
        "NGHTTHRU": 3,
        "MAINTRK": 1,
        "SIDINGTRK": 0,
        "YARDTRK": 1,
        "TRANSITTRK": 0,
        "INDUSTRYTR": 0,
        "OTHRTRK": 1,
        "WDCODE": "All other Gates",
        "REVISIONDA": "1996/01/01 00:00:00",
        "LASTUPDATE": "1/21/2026",
        "AADT": "6765",
        "AADTYEAR": "2019",
        "STATENAME": "TEXAS",
        "STATEAB": "TX",
        "COUNTYNAME": "POTTER",
        "CITYNAME": "AMARILLO",
        "LATDD": 35.2150814,
        "LONGDD": -101.8485559,
        "gridlyProductionCertified": true,
        "gridlyClassification": "PUBLIC_ROADWAY",
        "gridlyDisplayName": "SOUTH HAYDEN STREET",
        "gridlyId": "FRA-276524A"
      }
    },
    {
      "type": "Feature",
      "id": 214732,
      "geometry": {
        "type": "Point",
        "coordinates": [
          -101.915677000074,
          35.2649579002226
        ]
      },
      "properties": {
        "OBJECTID": 214732,
        "CROSSING": "276493D",
        "EFFDATE": 1768953600000,
        "REASON": "14",
        "StateCode": "48",
        "CountyCode": "48375",
        "STCYFIPS": "48375",
        "CITYCD": "483750150",
        "RAILROAD": "BNSF",
        "RRDIV": "KANSAS",
        "RRSUBDIV": "DALHART",
        "HIGHWAY": "CR0000",
        "STREET": "CLIFFSIDE ROAD",
        "TTSTN": "672681",
        "MILEPOST": "0342.135",
        "TYPEXING": "Public",
        "POSXING": "At Grade",
        "PRVCAT": "14",
        "INIT": "2",
        "LATITUDE": 35.2649579,
        "LONGITUD": -101.915677,
        "LLSOURCE": "1",
        "WHISTBAN": "0",
        "RRCONT": "8173521549",
        "POLCONT": "8008325452",
        "INV_LINK": "https://safetydata.fra.dot.gov/OfficeofSafety/PublicSite/Crossing/Crossing.aspx?phasetype=C&rpttype=I&txtcrossingnum=276493D",
        "ACC_LINK": "https://safetydata.fra.dot.gov/OfficeofSafety/PublicSite/Crossing/Crossing.aspx?phasetype=C&rpttype=A&txtcrossingnum=276493D",
        "TTSTNNAM": "GENTRY",
        "XPURPOSE": "1",
        "OPERATINGR": "BNSF",
        "OPERATIN_1": "Primary",
        "DAYTHRU": 4,
        "NGHTTHRU": 3,
        "MAINTRK": 1,
        "SIDINGTRK": 0,
        "YARDTRK": 0,
        "TRANSITTRK": 0,
        "INDUSTRYTR": 0,
        "OTHRTRK": 0,
        "WDCODE": "All other Gates",
        "REVISIONDA": "1996/01/01 00:00:00",
        "LASTUPDATE": "1/21/2026",
        "AADT": "395",
        "AADTYEAR": "2020",
        "STATENAME": "TEXAS",
        "STATEAB": "TX",
        "COUNTYNAME": "POTTER",
        "CITYNAME": "AMARILLO",
        "LATDD": 35.2649579,
        "LONGDD": -101.915677,
        "gridlyProductionCertified": true,
        "gridlyClassification": "PUBLIC_ROADWAY",
        "gridlyDisplayName": "CLIFFSIDE ROAD",
        "gridlyId": "FRA-276493D"
      }
    },
    {
      "type": "Feature",
      "id": 214735,
      "geometry": {
        "type": "Point",
        "coordinates": [
          -101.864249999652,
          35.2270223998297
        ]
      },
      "properties": {
        "OBJECTID": 214735,
        "CROSSING": "276525G",
        "EFFDATE": 1768953600000,
        "REASON": "14",
        "StateCode": "48",
        "CountyCode": "48375",
        "STCYFIPS": "48375",
        "CITYCD": "483750150",
        "RAILROAD": "BNSF",
        "RRDIV": "KANSAS",
        "RRSUBDIV": "DALHART",
        "HIGHWAY": "LS0000",
        "STREET": "N MCMASTERS STREET",
        "TTSTN": "672700",
        "MILEPOST": "0337.973",
        "TYPEXING": "Public",
        "POSXING": "At Grade",
        "PRVCAT": "14",
        "INIT": "2",
        "LATITUDE": 35.2270224,
        "LONGITUD": -101.86425,
        "LLSOURCE": "1",
        "WHISTBAN": "0",
        "RRCONT": "8173521549",
        "POLCONT": "8008325452",
        "INV_LINK": "https://safetydata.fra.dot.gov/OfficeofSafety/PublicSite/Crossing/Crossing.aspx?phasetype=C&rpttype=I&txtcrossingnum=276525G",
        "ACC_LINK": "https://safetydata.fra.dot.gov/OfficeofSafety/PublicSite/Crossing/Crossing.aspx?phasetype=C&rpttype=A&txtcrossingnum=276525G",
        "TTSTNNAM": "AMARILLO YARD",
        "XPURPOSE": "1",
        "OPERATINGR": "BNSF",
        "OPERATIN_1": "Primary",
        "DAYTHRU": 4,
        "NGHTTHRU": 3,
        "MAINTRK": 1,
        "SIDINGTRK": 0,
        "YARDTRK": 1,
        "TRANSITTRK": 0,
        "INDUSTRYTR": 0,
        "OTHRTRK": 1,
        "WDCODE": "All other Gates",
        "REVISIONDA": "1996/01/01 00:00:00",
        "LASTUPDATE": "1/21/2026",
        "AADT": "1504",
        "AADTYEAR": "2020",
        "STATENAME": "TEXAS",
        "STATEAB": "TX",
        "COUNTYNAME": "POTTER",
        "CITYNAME": "AMARILLO",
        "LATDD": 35.2270224,
        "LONGDD": -101.86425,
        "gridlyProductionCertified": true,
        "gridlyClassification": "PUBLIC_ROADWAY",
        "gridlyDisplayName": "N MCMASTERS STREET",
        "gridlyId": "FRA-276525G"
      }
    },
    {
      "type": "Feature",
      "id": 214736,
      "geometry": {
        "type": "Point",
        "coordinates": [
          -101.860191200094,
          35.2221404997479
        ]
      },
      "properties": {
        "OBJECTID": 214736,
        "CROSSING": "276515B",
        "EFFDATE": 1768953600000,
        "REASON": "14",
        "StateCode": "48",
        "CountyCode": "48375",
        "STCYFIPS": "48375",
        "CITYCD": "483750150",
        "RAILROAD": "BNSF",
        "RRDIV": "KANSAS",
        "RRSUBDIV": "DALHART",
        "HIGHWAY": "BI0040",
        "STREET": "BI0040 / AMARILLO BOULEVARD",
        "TTSTN": "672700",
        "MILEPOST": "0337.568",
        "TYPEXING": "Public",
        "POSXING": "RR Under",
        "PRVCAT": "14",
        "INIT": "2",
        "LATITUDE": 35.2221405,
        "LONGITUD": -101.8601912,
        "LLSOURCE": "1",
        "WHISTBAN": "0",
        "RRCONT": "8173521549",
        "POLCONT": "8008325452",
        "INV_LINK": "https://safetydata.fra.dot.gov/OfficeofSafety/PublicSite/Crossing/Crossing.aspx?phasetype=C&rpttype=I&txtcrossingnum=276515B",
        "ACC_LINK": "https://safetydata.fra.dot.gov/OfficeofSafety/PublicSite/Crossing/Crossing.aspx?phasetype=C&rpttype=A&txtcrossingnum=276515B",
        "TTSTNNAM": "AMARILLO YARD",
        "XPURPOSE": "1",
        "OPERATINGR": "BNSF",
        "OPERATIN_1": "Primary",
        "DAYTHRU": 4,
        "NGHTTHRU": 3,
        "MAINTRK": 1,
        "SIDINGTRK": 0,
        "YARDTRK": 0,
        "TRANSITTRK": 0,
        "INDUSTRYTR": 0,
        "OTHRTRK": 0,
        "WDCODE": "",
        "REVISIONDA": "1996/01/01 00:00:00",
        "LASTUPDATE": "1/21/2026",
        "AADT": "17400",
        "AADTYEAR": "2024",
        "STATENAME": "TEXAS",
        "STATEAB": "TX",
        "COUNTYNAME": "POTTER",
        "CITYNAME": "AMARILLO",
        "LATDD": 35.2221405,
        "LONGDD": -101.8601912,
        "gridlyProductionCertified": true,
        "gridlyClassification": "PUBLIC_ROADWAY",
        "gridlyDisplayName": "BI0040 / AMARILLO BOULEVARD",
        "gridlyId": "FRA-276515B"
      }
    },
    {
      "type": "Feature",
      "id": 214837,
      "geometry": {
        "type": "Point",
        "coordinates": [
          -101.814245099699,
          35.2104433001283
        ]
      },
      "properties": {
        "OBJECTID": 214837,
        "CROSSING": "014626V",
        "EFFDATE": 1765843200000,
        "REASON": "14",
        "StateCode": "48",
        "CountyCode": "48375",
        "STCYFIPS": "48375",
        "CITYCD": "483750150",
        "RAILROAD": "BNSF",
        "RRDIV": "KANSAS",
        "RRSUBDIV": "HEREFORD",
        "HIGHWAY": "ls0000",
        "STREET": "ROSS MIRROR connector",
        "TTSTN": "672700",
        "MILEPOST": "0552.330",
        "TYPEXING": "Public",
        "POSXING": "RR Under",
        "PRVCAT": "14",
        "INIT": "2",
        "LATITUDE": 35.2104433,
        "LONGITUD": -101.8142451,
        "LLSOURCE": "1",
        "WHISTBAN": "0",
        "RRCONT": "8173521549",
        "POLCONT": "8008325452",
        "INV_LINK": "https://safetydata.fra.dot.gov/OfficeofSafety/PublicSite/Crossing/Crossing.aspx?phasetype=C&rpttype=I&txtcrossingnum=014626V",
        "ACC_LINK": "https://safetydata.fra.dot.gov/OfficeofSafety/PublicSite/Crossing/Crossing.aspx?phasetype=C&rpttype=A&txtcrossingnum=014626V",
        "TTSTNNAM": "AMARILLO YARD",
        "XPURPOSE": "1",
        "OPERATINGR": "BNSF",
        "OPERATIN_1": "Primary",
        "DAYTHRU": 13,
        "NGHTTHRU": 13,
        "MAINTRK": 1,
        "SIDINGTRK": 0,
        "YARDTRK": 0,
        "TRANSITTRK": 0,
        "INDUSTRYTR": 0,
        "OTHRTRK": 0,
        "WDCODE": "",
        "REVISIONDA": "1996/01/01 00:00:00",
        "LASTUPDATE": "12/16/2025",
        "AADT": "13594",
        "AADTYEAR": "2020",
        "STATENAME": "TEXAS",
        "STATEAB": "TX",
        "COUNTYNAME": "POTTER",
        "CITYNAME": "AMARILLO",
        "LATDD": 35.2104433,
        "LONGDD": -101.8142451,
        "gridlyProductionCertified": true,
        "gridlyClassification": "PUBLIC_ROADWAY",
        "gridlyDisplayName": "ROSS MIRROR connector",
        "gridlyId": "FRA-014626V"
      }
    },
    {
      "type": "Feature",
      "id": 214901,
      "geometry": {
        "type": "Point",
        "coordinates": [
          -101.93188199964,
          35.5265677003312
        ]
      },
      "properties": {
        "OBJECTID": 214901,
        "CROSSING": "017029Y",
        "EFFDATE": 1770595200000,
        "REASON": "14",
        "StateCode": "48",
        "CountyCode": "48375",
        "STCYFIPS": "48375",
        "CITYCD": "483412000",
        "RAILROAD": "BNSF",
        "RRDIV": "KANSAS",
        "RRSUBDIV": "BOISE CITY",
        "HIGHWAY": "Not Yet Reported by State",
        "STREET": "PRIVATE ROAD",
        "TTSTN": "672620",
        "MILEPOST": "0025.885",
        "TYPEXING": "Private",
        "POSXING": "At Grade",
        "PRVCAT": "14",
        "INIT": "1",
        "LATITUDE": 35.5265677,
        "LONGITUD": -101.931882,
        "LLSOURCE": "1",
        "WHISTBAN": "0",
        "RRCONT": "8173521549",
        "POLCONT": "8008325452",
        "INV_LINK": "https://safetydata.fra.dot.gov/OfficeofSafety/PublicSite/Crossing/Crossing.aspx?phasetype=C&rpttype=I&txtcrossingnum=017029Y",
        "ACC_LINK": "https://safetydata.fra.dot.gov/OfficeofSafety/PublicSite/Crossing/Crossing.aspx?phasetype=C&rpttype=A&txtcrossingnum=017029Y",
        "TTSTNNAM": "MARSH",
        "XPURPOSE": "1",
        "OPERATINGR": "BNSF",
        "OPERATIN_1": "Primary",
        "DAYTHRU": 6,
        "NGHTTHRU": 6,
        "MAINTRK": 1,
        "SIDINGTRK": 0,
        "YARDTRK": 0,
        "TRANSITTRK": 0,
        "INDUSTRYTR": 0,
        "OTHRTRK": 0,
        "WDCODE": "",
        "REVISIONDA": "1996/01/01 00:00:00",
        "LASTUPDATE": "2/9/2026",
        "AADT": "",
        "AADTYEAR": "1970",
        "STATENAME": "TEXAS",
        "STATEAB": "TX",
        "COUNTYNAME": "POTTER",
        "CITYNAME": "DUMAS",
        "LATDD": 35.5265677,
        "LONGDD": -101.931882,
        "gridlyProductionCertified": true,
        "gridlyClassification": "PUBLIC_ROADWAY",
        "gridlyDisplayName": "PRIVATE ROAD",
        "gridlyId": "FRA-017029Y"
      }
    },
    {
      "type": "Feature",
      "id": 214903,
      "geometry": {
        "type": "Point",
        "coordinates": [
          -101.92267400028,
          35.5541397998131
        ]
      },
      "properties": {
        "OBJECTID": 214903,
        "CROSSING": "017031A",
        "EFFDATE": 1770595200000,
        "REASON": "14",
        "StateCode": "48",
        "CountyCode": "48375",
        "STCYFIPS": "48375",
        "CITYCD": "483412000",
        "RAILROAD": "BNSF",
        "RRDIV": "KANSAS",
        "RRSUBDIV": "BOISE CITY",
        "HIGHWAY": "CO 0000",
        "STREET": "PRIVATE",
        "TTSTN": "672620",
        "MILEPOST": "0028.066",
        "TYPEXING": "Private",
        "POSXING": "At Grade",
        "PRVCAT": "14",
        "INIT": "1",
        "LATITUDE": 35.5541398,
        "LONGITUD": -101.922674,
        "LLSOURCE": "1",
        "WHISTBAN": "0",
        "RRCONT": "8173521549",
        "POLCONT": "8008325452",
        "INV_LINK": "https://safetydata.fra.dot.gov/OfficeofSafety/PublicSite/Crossing/Crossing.aspx?phasetype=C&rpttype=I&txtcrossingnum=017031A",
        "ACC_LINK": "https://safetydata.fra.dot.gov/OfficeofSafety/PublicSite/Crossing/Crossing.aspx?phasetype=C&rpttype=A&txtcrossingnum=017031A",
        "TTSTNNAM": "MARSH",
        "XPURPOSE": "1",
        "OPERATINGR": "BNSF",
        "OPERATIN_1": "Primary",
        "DAYTHRU": 6,
        "NGHTTHRU": 6,
        "MAINTRK": 1,
        "SIDINGTRK": 0,
        "YARDTRK": 0,
        "TRANSITTRK": 0,
        "INDUSTRYTR": 0,
        "OTHRTRK": 0,
        "WDCODE": "",
        "REVISIONDA": "1996/01/01 00:00:00",
        "LASTUPDATE": "2/9/2026",
        "AADT": "000010",
        "AADTYEAR": "1987",
        "STATENAME": "TEXAS",
        "STATEAB": "TX",
        "COUNTYNAME": "POTTER",
        "CITYNAME": "DUMAS",
        "LATDD": 35.5541398,
        "LONGDD": -101.922674,
        "gridlyProductionCertified": true,
        "gridlyClassification": "PUBLIC_ROADWAY",
        "gridlyDisplayName": "PRIVATE",
        "gridlyId": "FRA-017031A"
      }
    },
    {
      "type": "Feature",
      "id": 214916,
      "geometry": {
        "type": "Point",
        "coordinates": [
          -101.863796999916,
          35.4194039997092
        ]
      },
      "properties": {
        "OBJECTID": 214916,
        "CROSSING": "017023H",
        "EFFDATE": 1770595200000,
        "REASON": "14",
        "StateCode": "48",
        "CountyCode": "48375",
        "STCYFIPS": "48375",
        "CITYCD": "483750150",
        "RAILROAD": "BNSF",
        "RRDIV": "KANSAS",
        "RRSUBDIV": "BOISE CITY",
        "HIGHWAY": "Not Yet Reported by State",
        "STREET": "PRIVATE ROAD",
        "TTSTN": "672653",
        "MILEPOST": "0016.460",
        "TYPEXING": "Private",
        "POSXING": "At Grade",
        "PRVCAT": "14",
        "INIT": "1",
        "LATITUDE": 35.419404,
        "LONGITUD": -101.863797,
        "LLSOURCE": "1",
        "WHISTBAN": "0",
        "RRCONT": "8173521549",
        "POLCONT": "8008325452",
        "INV_LINK": "https://safetydata.fra.dot.gov/OfficeofSafety/PublicSite/Crossing/Crossing.aspx?phasetype=C&rpttype=I&txtcrossingnum=017023H",
        "ACC_LINK": "https://safetydata.fra.dot.gov/OfficeofSafety/PublicSite/Crossing/Crossing.aspx?phasetype=C&rpttype=A&txtcrossingnum=017023H",
        "TTSTNNAM": "PUENTE",
        "XPURPOSE": "1",
        "OPERATINGR": "BNSF",
        "OPERATIN_1": "Primary",
        "DAYTHRU": 5,
        "NGHTTHRU": 4,
        "MAINTRK": 1,
        "SIDINGTRK": 0,
        "YARDTRK": 0,
        "TRANSITTRK": 0,
        "INDUSTRYTR": 0,
        "OTHRTRK": 0,
        "WDCODE": "",
        "REVISIONDA": "1996/01/01 00:00:00",
        "LASTUPDATE": "2/9/2026",
        "AADT": "",
        "AADTYEAR": "1970",
        "STATENAME": "TEXAS",
        "STATEAB": "TX",
        "COUNTYNAME": "POTTER",
        "CITYNAME": "AMARILLO",
        "LATDD": 35.419404,
        "LONGDD": -101.863797,
        "gridlyProductionCertified": true,
        "gridlyClassification": "PUBLIC_ROADWAY",
        "gridlyDisplayName": "PRIVATE ROAD",
        "gridlyId": "FRA-017023H"
      }
    },
    {
      "type": "Feature",
      "id": 214917,
      "geometry": {
        "type": "Point",
        "coordinates": [
          -101.808861000331,
          35.3380432002106
        ]
      },
      "properties": {
        "OBJECTID": 214917,
        "CROSSING": "017016X",
        "EFFDATE": 1770595200000,
        "REASON": "14",
        "StateCode": "48",
        "CountyCode": "48375",
        "STCYFIPS": "48375",
        "CITYCD": "483750150",
        "RAILROAD": "BNSF",
        "RRDIV": "KANSAS",
        "RRSUBDIV": "BOISE CITY",
        "HIGHWAY": "Not Yet Reported by State",
        "STREET": "PRIVATE ROAD",
        "TTSTN": "672658",
        "MILEPOST": "0009.761",
        "TYPEXING": "Private",
        "POSXING": "At Grade",
        "PRVCAT": "14",
        "INIT": "1",
        "LATITUDE": 35.3380432,
        "LONGITUD": -101.808861,
        "LLSOURCE": "1",
        "WHISTBAN": "0",
        "RRCONT": "8173521549",
        "POLCONT": "8008325452",
        "INV_LINK": "https://safetydata.fra.dot.gov/OfficeofSafety/PublicSite/Crossing/Crossing.aspx?phasetype=C&rpttype=I&txtcrossingnum=017016X",
        "ACC_LINK": "https://safetydata.fra.dot.gov/OfficeofSafety/PublicSite/Crossing/Crossing.aspx?phasetype=C&rpttype=A&txtcrossingnum=017016X",
        "TTSTNNAM": "JUILLIARD",
        "XPURPOSE": "1",
        "OPERATINGR": "BNSF",
        "OPERATIN_1": "Primary",
        "DAYTHRU": 5,
        "NGHTTHRU": 4,
        "MAINTRK": 1,
        "SIDINGTRK": 0,
        "YARDTRK": 0,
        "TRANSITTRK": 0,
        "INDUSTRYTR": 0,
        "OTHRTRK": 0,
        "WDCODE": "",
        "REVISIONDA": "1996/01/01 00:00:00",
        "LASTUPDATE": "2/9/2026",
        "AADT": "000010",
        "AADTYEAR": "1987",
        "STATENAME": "TEXAS",
        "STATEAB": "TX",
        "COUNTYNAME": "POTTER",
        "CITYNAME": "AMARILLO",
        "LATDD": 35.3380432,
        "LONGDD": -101.808861,
        "gridlyProductionCertified": true,
        "gridlyClassification": "PUBLIC_ROADWAY",
        "gridlyDisplayName": "PRIVATE ROAD",
        "gridlyId": "FRA-017016X"
      }
    },
    {
      "type": "Feature",
      "id": 214918,
      "geometry": {
        "type": "Point",
        "coordinates": [
          -101.812168999652,
          35.3106375002394
        ]
      },
      "properties": {
        "OBJECTID": 214918,
        "CROSSING": "017015R",
        "EFFDATE": 1770595200000,
        "REASON": "14",
        "StateCode": "48",
        "CountyCode": "48375",
        "STCYFIPS": "48375",
        "CITYCD": "483750150",
        "RAILROAD": "BNSF",
        "RRDIV": "KANSAS",
        "RRSUBDIV": "BOISE CITY",
        "HIGHWAY": "Not Yet Reported by State",
        "STREET": "PRIVATE ROAD",
        "TTSTN": "672658",
        "MILEPOST": "0007.848",
        "TYPEXING": "Private",
        "POSXING": "At Grade",
        "PRVCAT": "14",
        "INIT": "1",
        "LATITUDE": 35.3106375,
        "LONGITUD": -101.812169,
        "LLSOURCE": "1",
        "WHISTBAN": "0",
        "RRCONT": "8173521549",
        "POLCONT": "8008325452",
        "INV_LINK": "https://safetydata.fra.dot.gov/OfficeofSafety/PublicSite/Crossing/Crossing.aspx?phasetype=C&rpttype=I&txtcrossingnum=017015R",
        "ACC_LINK": "https://safetydata.fra.dot.gov/OfficeofSafety/PublicSite/Crossing/Crossing.aspx?phasetype=C&rpttype=A&txtcrossingnum=017015R",
        "TTSTNNAM": "JUILLIARD",
        "XPURPOSE": "1",
        "OPERATINGR": "BNSF",
        "OPERATIN_1": "Primary",
        "DAYTHRU": 5,
        "NGHTTHRU": 4,
        "MAINTRK": 1,
        "SIDINGTRK": 1,
        "YARDTRK": 0,
        "TRANSITTRK": 0,
        "INDUSTRYTR": 0,
        "OTHRTRK": 1,
        "WDCODE": "",
        "REVISIONDA": "1996/01/01 00:00:00",
        "LASTUPDATE": "2/9/2026",
        "AADT": "",
        "AADTYEAR": "1970",
        "STATENAME": "TEXAS",
        "STATEAB": "TX",
        "COUNTYNAME": "POTTER",
        "CITYNAME": "AMARILLO",
        "LATDD": 35.3106375,
        "LONGDD": -101.812169,
        "gridlyProductionCertified": true,
        "gridlyClassification": "PUBLIC_ROADWAY",
        "gridlyDisplayName": "PRIVATE ROAD",
        "gridlyId": "FRA-017015R"
      }
    },
    {
      "type": "Feature",
      "id": 214919,
      "geometry": {
        "type": "Point",
        "coordinates": [
          -101.782298999562,
          35.2365020997982
        ]
      },
      "properties": {
        "OBJECTID": 214919,
        "CROSSING": "017010G",
        "EFFDATE": 1770595200000,
        "REASON": "14",
        "StateCode": "48",
        "CountyCode": "48375",
        "STCYFIPS": "48375",
        "CITYCD": "483750150",
        "RAILROAD": "BNSF",
        "RRDIV": "KANSAS",
        "RRSUBDIV": "BOISE CITY",
        "HIGHWAY": "lS0000",
        "STREET": "northeast twenty fourth avenue",
        "TTSTN": "672700",
        "MILEPOST": "0002.173",
        "TYPEXING": "Public",
        "POSXING": "At Grade",
        "PRVCAT": "14",
        "INIT": "1",
        "LATITUDE": 35.2365021,
        "LONGITUD": -101.782299,
        "LLSOURCE": "1",
        "WHISTBAN": "0",
        "RRCONT": "8173521549",
        "POLCONT": "8008325452",
        "INV_LINK": "https://safetydata.fra.dot.gov/OfficeofSafety/PublicSite/Crossing/Crossing.aspx?phasetype=C&rpttype=I&txtcrossingnum=017010G",
        "ACC_LINK": "https://safetydata.fra.dot.gov/OfficeofSafety/PublicSite/Crossing/Crossing.aspx?phasetype=C&rpttype=A&txtcrossingnum=017010G",
        "TTSTNNAM": "AMARILLO YARD",
        "XPURPOSE": "1",
        "OPERATINGR": "BNSF",
        "OPERATIN_1": "Primary",
        "DAYTHRU": 5,
        "NGHTTHRU": 5,
        "MAINTRK": 1,
        "SIDINGTRK": 0,
        "YARDTRK": 0,
        "TRANSITTRK": 0,
        "INDUSTRYTR": 0,
        "OTHRTRK": 0,
        "WDCODE": "All other Gates",
        "REVISIONDA": "1996/01/01 00:00:00",
        "LASTUPDATE": "2/9/2026",
        "AADT": "5539",
        "AADTYEAR": "2020",
        "STATENAME": "TEXAS",
        "STATEAB": "TX",
        "COUNTYNAME": "POTTER",
        "CITYNAME": "AMARILLO",
        "LATDD": 35.2365021,
        "LONGDD": -101.782299,
        "gridlyProductionCertified": true,
        "gridlyClassification": "PUBLIC_ROADWAY",
        "gridlyDisplayName": "northeast twenty fourth avenue",
        "gridlyId": "FRA-017010G"
      }
    },
    {
      "type": "Feature",
      "id": 214920,
      "geometry": {
        "type": "Point",
        "coordinates": [
          -101.807778599584,
          35.2799488999354
        ]
      },
      "properties": {
        "OBJECTID": 214920,
        "CROSSING": "017012V",
        "EFFDATE": 1770595200000,
        "REASON": "14",
        "StateCode": "48",
        "CountyCode": "48375",
        "STCYFIPS": "48375",
        "CITYCD": "483750150",
        "RAILROAD": "BNSF",
        "RRDIV": "KANSAS",
        "RRSUBDIV": "BOISE CITY",
        "HIGHWAY": "lS0000",
        "STREET": "WILLOW CREEK RoaD",
        "TTSTN": "672658",
        "MILEPOST": "0005.706",
        "TYPEXING": "Public",
        "POSXING": "At Grade",
        "PRVCAT": "14",
        "INIT": "1",
        "LATITUDE": 35.2799489,
        "LONGITUD": -101.8077786,
        "LLSOURCE": "1",
        "WHISTBAN": "0",
        "RRCONT": "8173521549",
        "POLCONT": "8008325452",
        "INV_LINK": "https://safetydata.fra.dot.gov/OfficeofSafety/PublicSite/Crossing/Crossing.aspx?phasetype=C&rpttype=I&txtcrossingnum=017012V",
        "ACC_LINK": "https://safetydata.fra.dot.gov/OfficeofSafety/PublicSite/Crossing/Crossing.aspx?phasetype=C&rpttype=A&txtcrossingnum=017012V",
        "TTSTNNAM": "JUILLIARD",
        "XPURPOSE": "1",
        "OPERATINGR": "BNSF",
        "OPERATIN_1": "Primary",
        "DAYTHRU": 5,
        "NGHTTHRU": 4,
        "MAINTRK": 1,
        "SIDINGTRK": 0,
        "YARDTRK": 0,
        "TRANSITTRK": 0,
        "INDUSTRYTR": 0,
        "OTHRTRK": 0,
        "WDCODE": "All other Gates",
        "REVISIONDA": "1996/01/01 00:00:00",
        "LASTUPDATE": "2/9/2026",
        "AADT": "679",
        "AADTYEAR": "2020",
        "STATENAME": "TEXAS",
        "STATEAB": "TX",
        "COUNTYNAME": "POTTER",
        "CITYNAME": "AMARILLO",
        "LATDD": 35.2799489,
        "LONGDD": -101.8077786,
        "gridlyProductionCertified": true,
        "gridlyClassification": "PUBLIC_ROADWAY",
        "gridlyDisplayName": "WILLOW CREEK RoaD",
        "gridlyId": "FRA-017012V"
      }
    },
    {
      "type": "Feature",
      "id": 214921,
      "geometry": {
        "type": "Point",
        "coordinates": [
          -101.788316400426,
          35.2221241003199
        ]
      },
      "properties": {
        "OBJECTID": 214921,
        "CROSSING": "017164S",
        "EFFDATE": 1770595200000,
        "REASON": "14",
        "StateCode": "48",
        "CountyCode": "48375",
        "STCYFIPS": "48375",
        "CITYCD": "483750150",
        "RAILROAD": "BNSF",
        "RRDIV": "KANSAS",
        "RRSUBDIV": "BOISE CITY",
        "HIGHWAY": "US0060",
        "STREET": "us0060 Westbound FRONTAGE",
        "TTSTN": "672700",
        "MILEPOST": "0001.077",
        "TYPEXING": "Public",
        "POSXING": "At Grade",
        "PRVCAT": "14",
        "INIT": "1",
        "LATITUDE": 35.2221241,
        "LONGITUD": -101.7883164,
        "LLSOURCE": "1",
        "WHISTBAN": "0",
        "RRCONT": "8173521549",
        "POLCONT": "8008325452",
        "INV_LINK": "https://safetydata.fra.dot.gov/OfficeofSafety/PublicSite/Crossing/Crossing.aspx?phasetype=C&rpttype=I&txtcrossingnum=017164S",
        "ACC_LINK": "https://safetydata.fra.dot.gov/OfficeofSafety/PublicSite/Crossing/Crossing.aspx?phasetype=C&rpttype=A&txtcrossingnum=017164S",
        "TTSTNNAM": "AMARILLO YARD",
        "XPURPOSE": "1",
        "OPERATINGR": "BNSF",
        "OPERATIN_1": "Primary",
        "DAYTHRU": 5,
        "NGHTTHRU": 5,
        "MAINTRK": 1,
        "SIDINGTRK": 0,
        "YARDTRK": 0,
        "TRANSITTRK": 0,
        "INDUSTRYTR": 0,
        "OTHRTRK": 0,
        "WDCODE": "All other Gates",
        "REVISIONDA": "1996/01/01 00:00:00",
        "LASTUPDATE": "2/9/2026",
        "AADT": "487",
        "AADTYEAR": "2023",
        "STATENAME": "TEXAS",
        "STATEAB": "TX",
        "COUNTYNAME": "POTTER",
        "CITYNAME": "AMARILLO",
        "LATDD": 35.2221241,
        "LONGDD": -101.7883164,
        "gridlyProductionCertified": true,
        "gridlyClassification": "PUBLIC_ROADWAY",
        "gridlyDisplayName": "us0060 Westbound FRONTAGE",
        "gridlyId": "FRA-017164S"
      }
    },
    {
      "type": "Feature",
      "id": 214922,
      "geometry": {
        "type": "Point",
        "coordinates": [
          -101.811827000244,
          35.3639248998062
        ]
      },
      "properties": {
        "OBJECTID": 214922,
        "CROSSING": "017017E",
        "EFFDATE": 1770595200000,
        "REASON": "14",
        "StateCode": "48",
        "CountyCode": "48375",
        "STCYFIPS": "48375",
        "CITYCD": "483750150",
        "RAILROAD": "BNSF",
        "RRDIV": "KANSAS",
        "RRSUBDIV": "BOISE CITY",
        "HIGHWAY": "Not Yet Reported by State",
        "STREET": "PRIVATE ROAD",
        "TTSTN": "672658",
        "MILEPOST": "0011.596",
        "TYPEXING": "Private",
        "POSXING": "At Grade",
        "PRVCAT": "14",
        "INIT": "1",
        "LATITUDE": 35.3639249,
        "LONGITUD": -101.811827,
        "LLSOURCE": "1",
        "WHISTBAN": "0",
        "RRCONT": "8173521549",
        "POLCONT": "8008325452",
        "INV_LINK": "https://safetydata.fra.dot.gov/OfficeofSafety/PublicSite/Crossing/Crossing.aspx?phasetype=C&rpttype=I&txtcrossingnum=017017E",
        "ACC_LINK": "https://safetydata.fra.dot.gov/OfficeofSafety/PublicSite/Crossing/Crossing.aspx?phasetype=C&rpttype=A&txtcrossingnum=017017E",
        "TTSTNNAM": "JUILLIARD",
        "XPURPOSE": "1",
        "OPERATINGR": "BNSF",
        "OPERATIN_1": "Primary",
        "DAYTHRU": 5,
        "NGHTTHRU": 4,
        "MAINTRK": 1,
        "SIDINGTRK": 0,
        "YARDTRK": 0,
        "TRANSITTRK": 0,
        "INDUSTRYTR": 0,
        "OTHRTRK": 0,
        "WDCODE": "",
        "REVISIONDA": "1996/01/01 00:00:00",
        "LASTUPDATE": "2/9/2026",
        "AADT": "",
        "AADTYEAR": "1970",
        "STATENAME": "TEXAS",
        "STATEAB": "TX",
        "COUNTYNAME": "POTTER",
        "CITYNAME": "AMARILLO",
        "LATDD": 35.3639249,
        "LONGDD": -101.811827,
        "gridlyProductionCertified": true,
        "gridlyClassification": "PUBLIC_ROADWAY",
        "gridlyDisplayName": "PRIVATE ROAD",
        "gridlyId": "FRA-017017E"
      }
    },
    {
      "type": "Feature",
      "id": 214976,
      "geometry": {
        "type": "Point",
        "coordinates": [
          -102.130999699892,
          35.4840817001132
        ]
      },
      "properties": {
        "OBJECTID": 214976,
        "CROSSING": "276526N",
        "EFFDATE": 1768867200000,
        "REASON": "14",
        "StateCode": "48",
        "CountyCode": "48359",
        "STCYFIPS": "48359",
        "CITYCD": "483810150",
        "RAILROAD": "BNSF",
        "RRDIV": "KANSAS",
        "RRSUBDIV": "DALHART",
        "HIGHWAY": "CR0412",
        "STREET": "ADY ROAD",
        "TTSTN": "672667",
        "MILEPOST": "0365.045",
        "TYPEXING": "Public",
        "POSXING": "At Grade",
        "PRVCAT": "14",
        "INIT": "2",
        "LATITUDE": 35.4840817,
        "LONGITUD": -102.1309997,
        "LLSOURCE": "1",
        "WHISTBAN": "0",
        "RRCONT": "8173521549",
        "POLCONT": "8008325452",
        "INV_LINK": "https://safetydata.fra.dot.gov/OfficeofSafety/PublicSite/Crossing/Crossing.aspx?phasetype=C&rpttype=I&txtcrossingnum=276526N",
        "ACC_LINK": "https://safetydata.fra.dot.gov/OfficeofSafety/PublicSite/Crossing/Crossing.aspx?phasetype=C&rpttype=A&txtcrossingnum=276526N",
        "TTSTNNAM": "BODEN",
        "XPURPOSE": "1",
        "OPERATINGR": "BNSF",
        "OPERATIN_1": "Primary",
        "DAYTHRU": 4,
        "NGHTTHRU": 3,
        "MAINTRK": 1,
        "SIDINGTRK": 0,
        "YARDTRK": 0,
        "TRANSITTRK": 0,
        "INDUSTRYTR": 0,
        "OTHRTRK": 0,
        "WDCODE": "Crossbucks",
        "REVISIONDA": "1996/01/01 00:00:00",
        "LASTUPDATE": "1/20/2026",
        "AADT": "82",
        "AADTYEAR": "2020",
        "STATENAME": "TEXAS",
        "STATEAB": "TX",
        "COUNTYNAME": "OLDHAM",
        "CITYNAME": "AMARILLO",
        "LATDD": 35.4840817,
        "LONGDD": -102.1309997,
        "gridlyProductionCertified": true,
        "gridlyClassification": "PUBLIC_ROADWAY",
        "gridlyDisplayName": "ADY ROAD",
        "gridlyId": "FRA-276526N"
      }
    },
    {
      "type": "Feature",
      "id": 215592,
      "geometry": {
        "type": "Point",
        "coordinates": [
          -101.653431399668,
          35.2522324996936
        ]
      },
      "properties": {
        "OBJECTID": 215592,
        "CROSSING": "014103R",
        "EFFDATE": 1766448000000,
        "REASON": "14",
        "StateCode": "48",
        "CountyCode": "48375",
        "STCYFIPS": "48375",
        "CITYCD": "483810150",
        "RAILROAD": "BNSF",
        "RRDIV": "KANSAS",
        "RRSUBDIV": "PANHANDLE",
        "HIGHWAY": "FM1912",
        "STREET": "fm1912",
        "TTSTN": "",
        "MILEPOST": "0542.775",
        "TYPEXING": "Public",
        "POSXING": "RR Under",
        "PRVCAT": "14",
        "INIT": "2",
        "LATITUDE": 35.2522325,
        "LONGITUD": -101.6534314,
        "LLSOURCE": "1",
        "WHISTBAN": "",
        "RRCONT": "8173521549",
        "POLCONT": "8008325452",
        "INV_LINK": "https://safetydata.fra.dot.gov/OfficeofSafety/PublicSite/Crossing/Crossing.aspx?phasetype=C&rpttype=I&txtcrossingnum=014103R",
        "ACC_LINK": "https://safetydata.fra.dot.gov/OfficeofSafety/PublicSite/Crossing/Crossing.aspx?phasetype=C&rpttype=A&txtcrossingnum=014103R",
        "TTSTNNAM": "",
        "XPURPOSE": "1",
        "OPERATINGR": "BNSF",
        "OPERATIN_1": "Primary",
        "DAYTHRU": 33,
        "NGHTTHRU": 33,
        "MAINTRK": 2,
        "SIDINGTRK": 0,
        "YARDTRK": 0,
        "TRANSITTRK": 0,
        "INDUSTRYTR": 0,
        "OTHRTRK": 0,
        "WDCODE": "",
        "REVISIONDA": "1996/01/01 00:00:00",
        "LASTUPDATE": "12/23/2025",
        "AADT": "6525",
        "AADTYEAR": "2024",
        "STATENAME": "TEXAS",
        "STATEAB": "TX",
        "COUNTYNAME": "POTTER",
        "CITYNAME": "AMARILLO",
        "LATDD": 35.2522325,
        "LONGDD": -101.6534314,
        "gridlyProductionCertified": true,
        "gridlyClassification": "PUBLIC_ROADWAY",
        "gridlyDisplayName": "fm1912",
        "gridlyId": "FRA-014103R"
      }
    },
    {
      "type": "Feature",
      "id": 216345,
      "geometry": {
        "type": "Point",
        "coordinates": [
          -101.763066699947,
          35.2214378003288
        ]
      },
      "properties": {
        "OBJECTID": 216345,
        "CROSSING": "014601A",
        "EFFDATE": 1774396800000,
        "REASON": "14",
        "StateCode": "48",
        "CountyCode": "48375",
        "STCYFIPS": "48375",
        "CITYCD": "483750150",
        "RAILROAD": "BNSF",
        "RRDIV": "KANSAS",
        "RRSUBDIV": "PANHANDLE",
        "HIGHWAY": "US0060",
        "STREET": "US0060 / east amarillo boulevard",
        "TTSTN": "672674",
        "MILEPOST": "0549.310",
        "TYPEXING": "Public",
        "POSXING": "RR Over",
        "PRVCAT": "14",
        "INIT": "1",
        "LATITUDE": 35.2214378,
        "LONGITUD": -101.7630667,
        "LLSOURCE": "1",
        "WHISTBAN": "0",
        "RRCONT": "8173521549",
        "POLCONT": "8008325452",
        "INV_LINK": "https://safetydata.fra.dot.gov/OfficeofSafety/PublicSite/Crossing/Crossing.aspx?phasetype=C&rpttype=I&txtcrossingnum=014601A",
        "ACC_LINK": "https://safetydata.fra.dot.gov/OfficeofSafety/PublicSite/Crossing/Crossing.aspx?phasetype=C&rpttype=A&txtcrossingnum=014601A",
        "TTSTNNAM": "FOLSOM",
        "XPURPOSE": "1",
        "OPERATINGR": "BNSF",
        "OPERATIN_1": "Primary",
        "DAYTHRU": 13,
        "NGHTTHRU": 13,
        "MAINTRK": 1,
        "SIDINGTRK": 0,
        "YARDTRK": 0,
        "TRANSITTRK": 0,
        "INDUSTRYTR": 0,
        "OTHRTRK": 0,
        "WDCODE": "",
        "REVISIONDA": "1996/01/01 00:00:00",
        "LASTUPDATE": "3/25/2026",
        "AADT": "6400",
        "AADTYEAR": "2024",
        "STATENAME": "TEXAS",
        "STATEAB": "TX",
        "COUNTYNAME": "POTTER",
        "CITYNAME": "AMARILLO",
        "LATDD": 35.2214378,
        "LONGDD": -101.7630667,
        "gridlyProductionCertified": true,
        "gridlyClassification": "PUBLIC_ROADWAY",
        "gridlyDisplayName": "US0060 / east amarillo boulevard",
        "gridlyId": "FRA-014601A"
      }
    }
  ]
}
